solid OpenSCAD_Model
  facet normal 0.857727 -0.514106 0
    outer loop
      vertex 83.3147 -70.5557 37
      vertex 83.8192 -69.714 0
      vertex 83.8192 -69.714 37
    endloop
  endfacet
  facet normal 0.857727 -0.514106 0
    outer loop
      vertex 83.8192 -69.714 0
      vertex 83.3147 -70.5557 37
      vertex 83.3147 -70.5557 0
    endloop
  endfacet
  facet normal 0.0491143 -0.998793 0
    outer loop
      vertex 75 -75 0
      vertex 75.9802 -74.9518 37
      vertex 75 -75 37
    endloop
  endfacet
  facet normal 0.0491143 -0.998793 0
    outer loop
      vertex 75.9802 -74.9518 37
      vertex 75 -75 0
      vertex 75.9802 -74.9518 0
    endloop
  endfacet
  facet normal 0.0491143 0.998793 -0
    outer loop
      vertex 75.9802 74.9518 0
      vertex 75 75 37
      vertex 75.9802 74.9518 37
    endloop
  endfacet
  facet normal 0.0491143 0.998793 0
    outer loop
      vertex 75 75 37
      vertex 75.9802 74.9518 0
      vertex 75 75 0
    endloop
  endfacet
  facet normal 0.989175 -0.146741 0
    outer loop
      vertex 84.8078 -66.9509 37
      vertex 84.9518 -65.9802 0
      vertex 84.9518 -65.9802 37
    endloop
  endfacet
  facet normal 0.989175 -0.146741 0
    outer loop
      vertex 84.9518 -65.9802 0
      vertex 84.8078 -66.9509 37
      vertex 84.8078 -66.9509 0
    endloop
  endfacet
  facet normal 0.998793 0.0491143 0
    outer loop
      vertex 85 65 37
      vertex 84.9518 65.9802 0
      vertex 84.9518 65.9802 37
    endloop
  endfacet
  facet normal 0.998793 0.0491143 0
    outer loop
      vertex 84.9518 65.9802 0
      vertex 85 65 37
      vertex 85 65 0
    endloop
  endfacet
  facet normal -1 0 0
    outer loop
      vertex -85 34.4783 14.4411
      vertex -85 65 0
      vertex -85 34.5 14
    endloop
  endfacet
  facet normal -1 0 0
    outer loop
      vertex -85 65 0
      vertex -85 34.4783 13.5589
      vertex -85 34.5 14
    endloop
  endfacet
  facet normal -1 0 0
    outer loop
      vertex -85 65 0
      vertex -85 34.4135 13.1221
      vertex -85 34.4783 13.5589
    endloop
  endfacet
  facet normal -1 0 0
    outer loop
      vertex -85 65 0
      vertex -85 34.3062 12.6937
      vertex -85 34.4135 13.1221
    endloop
  endfacet
  facet normal -1 0 0
    outer loop
      vertex -85 65 0
      vertex -85 34.1575 12.2779
      vertex -85 34.3062 12.6937
    endloop
  endfacet
  facet normal -1 0 0
    outer loop
      vertex -85 65 0
      vertex -85 33.9686 11.8787
      vertex -85 34.1575 12.2779
    endloop
  endfacet
  facet normal -1 0 0
    outer loop
      vertex -85 65 0
      vertex -85 33.7416 11.4999
      vertex -85 33.9686 11.8787
    endloop
  endfacet
  facet normal -1 0 0
    outer loop
      vertex -85 65 0
      vertex -85 33.4785 11.1452
      vertex -85 33.7416 11.4999
    endloop
  endfacet
  facet normal -1 0 0
    outer loop
      vertex -85 65 0
      vertex -85 33.182 10.818
      vertex -85 33.4785 11.1452
    endloop
  endfacet
  facet normal -1 0 0
    outer loop
      vertex -85 65 0
      vertex -85 32.8548 10.5215
      vertex -85 33.182 10.818
    endloop
  endfacet
  facet normal -1 0 0
    outer loop
      vertex -85 65 0
      vertex -85 32.5001 10.2584
      vertex -85 32.8548 10.5215
    endloop
  endfacet
  facet normal -1 0 0
    outer loop
      vertex -85 65 0
      vertex -85 32.1213 10.0314
      vertex -85 32.5001 10.2584
    endloop
  endfacet
  facet normal -1 0 0
    outer loop
      vertex -85 65 0
      vertex -85 31.7221 9.84254
      vertex -85 32.1213 10.0314
    endloop
  endfacet
  facet normal -1 0 0
    outer loop
      vertex -85 65 0
      vertex -85 31.3063 9.69377
      vertex -85 31.7221 9.84254
    endloop
  endfacet
  facet normal -1 0 0
    outer loop
      vertex -85 65 0
      vertex -85 30.8779 9.58647
      vertex -85 31.3063 9.69377
    endloop
  endfacet
  facet normal -1 0 0
    outer loop
      vertex -85 65 0
      vertex -85 30.4411 9.52167
      vertex -85 30.8779 9.58647
    endloop
  endfacet
  facet normal -1 0 0
    outer loop
      vertex -85 65 0
      vertex -85 30 9.5
      vertex -85 30.4411 9.52167
    endloop
  endfacet
  facet normal -1 0 0
    outer loop
      vertex -85 65 0
      vertex -85 29.5589 9.52167
      vertex -85 30 9.5
    endloop
  endfacet
  facet normal -1 0 0
    outer loop
      vertex -85 65 0
      vertex -85 29.1221 9.58647
      vertex -85 29.5589 9.52167
    endloop
  endfacet
  facet normal -1 0 0
    outer loop
      vertex -85 -65 0
      vertex -85 29.1221 9.58647
      vertex -85 65 0
    endloop
  endfacet
  facet normal -1 0 0
    outer loop
      vertex -85 25.5217 13.5589
      vertex -85 -40.85 21
      vertex -85 25.5 14
    endloop
  endfacet
  facet normal -1 0 0
    outer loop
      vertex -85 25.5865 13.1221
      vertex -85 -40.85 21
      vertex -85 25.5217 13.5589
    endloop
  endfacet
  facet normal -1 0 0
    outer loop
      vertex -85 25.6938 12.6937
      vertex -85 -40.85 21
      vertex -85 25.5865 13.1221
    endloop
  endfacet
  facet normal -1 0 0
    outer loop
      vertex -85 25.8425 12.2779
      vertex -85 -40.85 21
      vertex -85 25.6938 12.6937
    endloop
  endfacet
  facet normal -1 0 0
    outer loop
      vertex -85 26.0314 11.8787
      vertex -85 -40.85 21
      vertex -85 25.8425 12.2779
    endloop
  endfacet
  facet normal -1 0 0
    outer loop
      vertex -85 26.2584 11.4999
      vertex -85 -40.85 21
      vertex -85 26.0314 11.8787
    endloop
  endfacet
  facet normal -1 0 0
    outer loop
      vertex -85 26.5215 11.1452
      vertex -85 -40.85 21
      vertex -85 26.2584 11.4999
    endloop
  endfacet
  facet normal -1 0 0
    outer loop
      vertex -85 26.818 10.818
      vertex -85 -40.85 21
      vertex -85 26.5215 11.1452
    endloop
  endfacet
  facet normal -1 0 0
    outer loop
      vertex -85 -65 0
      vertex -85 26.818 10.818
      vertex -85 27.1452 10.5215
    endloop
  endfacet
  facet normal -1 0 0
    outer loop
      vertex -85 -65 0
      vertex -85 27.1452 10.5215
      vertex -85 27.4999 10.2584
    endloop
  endfacet
  facet normal -1 0 0
    outer loop
      vertex -85 -65 0
      vertex -85 27.4999 10.2584
      vertex -85 27.8787 10.0314
    endloop
  endfacet
  facet normal -1 0 0
    outer loop
      vertex -85 -65 0
      vertex -85 27.8787 10.0314
      vertex -85 28.2779 9.84254
    endloop
  endfacet
  facet normal -1 0 0
    outer loop
      vertex -85 -65 0
      vertex -85 28.2779 9.84254
      vertex -85 28.6937 9.69377
    endloop
  endfacet
  facet normal -1 -0 0
    outer loop
      vertex -85 29.1221 9.58647
      vertex -85 -65 0
      vertex -85 28.6937 9.69377
    endloop
  endfacet
  facet normal -1 -0 0
    outer loop
      vertex -85 26.818 10.818
      vertex -85 -65 0
      vertex -85 -40.85 21
    endloop
  endfacet
  facet normal -1 0 0
    outer loop
      vertex -85 -65 37
      vertex -85 -52.85 21
      vertex -85 -65 0
    endloop
  endfacet
  facet normal -1 -0 0
    outer loop
      vertex -85 -40.85 21
      vertex -85 -65 0
      vertex -85 -52.85 21
    endloop
  endfacet
  facet normal -1 0 0
    outer loop
      vertex -85 34.4135 14.8779
      vertex -85 65 0
      vertex -85 34.4783 14.4411
    endloop
  endfacet
  facet normal -1 0 0
    outer loop
      vertex -85 65 0
      vertex -85 34.4135 14.8779
      vertex -85 65 37
    endloop
  endfacet
  facet normal -1 0 0
    outer loop
      vertex -85 34.3062 15.3063
      vertex -85 65 37
      vertex -85 34.4135 14.8779
    endloop
  endfacet
  facet normal -1 0 0
    outer loop
      vertex -85 34.1575 15.7221
      vertex -85 65 37
      vertex -85 34.3062 15.3063
    endloop
  endfacet
  facet normal -1 0 0
    outer loop
      vertex -85 33.9686 16.1213
      vertex -85 65 37
      vertex -85 34.1575 15.7221
    endloop
  endfacet
  facet normal -1 0 0
    outer loop
      vertex -85 33.7416 16.5001
      vertex -85 65 37
      vertex -85 33.9686 16.1213
    endloop
  endfacet
  facet normal -1 0 0
    outer loop
      vertex -85 33.4785 16.8548
      vertex -85 65 37
      vertex -85 33.7416 16.5001
    endloop
  endfacet
  facet normal -1 0 0
    outer loop
      vertex -85 33.182 17.182
      vertex -85 65 37
      vertex -85 33.4785 16.8548
    endloop
  endfacet
  facet normal -1 0 0
    outer loop
      vertex -85 32.8548 17.4785
      vertex -85 65 37
      vertex -85 33.182 17.182
    endloop
  endfacet
  facet normal -1 0 0
    outer loop
      vertex -85 32.5001 17.7416
      vertex -85 65 37
      vertex -85 32.8548 17.4785
    endloop
  endfacet
  facet normal -1 0 0
    outer loop
      vertex -85 32.1213 17.9686
      vertex -85 65 37
      vertex -85 32.5001 17.7416
    endloop
  endfacet
  facet normal -1 0 0
    outer loop
      vertex -85 31.7221 18.1575
      vertex -85 65 37
      vertex -85 32.1213 17.9686
    endloop
  endfacet
  facet normal -1 0 0
    outer loop
      vertex -85 31.3063 18.3062
      vertex -85 65 37
      vertex -85 31.7221 18.1575
    endloop
  endfacet
  facet normal -1 0 0
    outer loop
      vertex -85 30.8779 18.4135
      vertex -85 65 37
      vertex -85 31.3063 18.3062
    endloop
  endfacet
  facet normal -1 0 0
    outer loop
      vertex -85 30.4411 18.4783
      vertex -85 65 37
      vertex -85 30.8779 18.4135
    endloop
  endfacet
  facet normal -1 0 0
    outer loop
      vertex -85 30 18.5
      vertex -85 65 37
      vertex -85 30.4411 18.4783
    endloop
  endfacet
  facet normal -1 0 0
    outer loop
      vertex -85 29.5589 18.4783
      vertex -85 65 37
      vertex -85 30 18.5
    endloop
  endfacet
  facet normal -1 0 0
    outer loop
      vertex -85 29.1221 18.4135
      vertex -85 65 37
      vertex -85 29.5589 18.4783
    endloop
  endfacet
  facet normal -1 0 0
    outer loop
      vertex -85 28.6937 18.3062
      vertex -85 65 37
      vertex -85 29.1221 18.4135
    endloop
  endfacet
  facet normal -1 0 0
    outer loop
      vertex -85 -40.85 31
      vertex -85 28.6937 18.3062
      vertex -85 28.2779 18.1575
    endloop
  endfacet
  facet normal -1 0 0
    outer loop
      vertex -85 -40.85 31
      vertex -85 28.2779 18.1575
      vertex -85 27.8787 17.9686
    endloop
  endfacet
  facet normal -1 0 0
    outer loop
      vertex -85 -40.85 21
      vertex -85 25.5217 14.4411
      vertex -85 25.5 14
    endloop
  endfacet
  facet normal -1 0 0
    outer loop
      vertex -85 -40.85 21
      vertex -85 25.5865 14.8779
      vertex -85 25.5217 14.4411
    endloop
  endfacet
  facet normal -1 0 0
    outer loop
      vertex -85 -40.85 21
      vertex -85 25.6938 15.3063
      vertex -85 25.5865 14.8779
    endloop
  endfacet
  facet normal -1 0 0
    outer loop
      vertex -85 -40.85 31
      vertex -85 25.6938 15.3063
      vertex -85 -40.85 21
    endloop
  endfacet
  facet normal -1 0 0
    outer loop
      vertex -85 25.6938 15.3063
      vertex -85 -40.85 31
      vertex -85 25.8425 15.7221
    endloop
  endfacet
  facet normal -1 0 0
    outer loop
      vertex -85 25.8425 15.7221
      vertex -85 -40.85 31
      vertex -85 26.0314 16.1213
    endloop
  endfacet
  facet normal -1 0 0
    outer loop
      vertex -85 26.0314 16.1213
      vertex -85 -40.85 31
      vertex -85 26.2584 16.5001
    endloop
  endfacet
  facet normal -1 0 0
    outer loop
      vertex -85 26.2584 16.5001
      vertex -85 -40.85 31
      vertex -85 26.5215 16.8548
    endloop
  endfacet
  facet normal -1 0 0
    outer loop
      vertex -85 26.5215 16.8548
      vertex -85 -40.85 31
      vertex -85 26.818 17.182
    endloop
  endfacet
  facet normal -1 0 0
    outer loop
      vertex -85 26.818 17.182
      vertex -85 -40.85 31
      vertex -85 27.1452 17.4785
    endloop
  endfacet
  facet normal -1 0 0
    outer loop
      vertex -85 27.1452 17.4785
      vertex -85 -40.85 31
      vertex -85 27.4999 17.7416
    endloop
  endfacet
  facet normal -1 0 0
    outer loop
      vertex -85 27.4999 17.7416
      vertex -85 -40.85 31
      vertex -85 27.8787 17.9686
    endloop
  endfacet
  facet normal -1 0 0
    outer loop
      vertex -85 28.6937 18.3062
      vertex -85 -40.85 31
      vertex -85 65 37
    endloop
  endfacet
  facet normal -1 0 0
    outer loop
      vertex -85 -65 37
      vertex -85 -40.85 31
      vertex -85 -52.85 31
    endloop
  endfacet
  facet normal -1 0 0
    outer loop
      vertex -85 -40.85 31
      vertex -85 -65 37
      vertex -85 65 37
    endloop
  endfacet
  facet normal -1 0 0
    outer loop
      vertex -85 -52.85 21
      vertex -85 -65 37
      vertex -85 -52.85 31
    endloop
  endfacet
  facet normal -0.671505 -0.741 0
    outer loop
      vertex -82.0711 -72.0711 0
      vertex -81.3439 -72.7301 37
      vertex -82.0711 -72.0711 37
    endloop
  endfacet
  facet normal -0.671505 -0.741 -0
    outer loop
      vertex -81.3439 -72.7301 37
      vertex -82.0711 -72.0711 0
      vertex -81.3439 -72.7301 0
    endloop
  endfacet
  facet normal -0.242943 0.970041 0
    outer loop
      vertex -76.9509 74.8078 0
      vertex -77.9028 74.5694 37
      vertex -76.9509 74.8078 37
    endloop
  endfacet
  facet normal -0.242943 0.970041 0
    outer loop
      vertex -77.9028 74.5694 37
      vertex -76.9509 74.8078 0
      vertex -77.9028 74.5694 0
    endloop
  endfacet
  facet normal 0.803192 -0.59572 0
    outer loop
      vertex 82.7301 -71.3439 37
      vertex 83.3147 -70.5557 0
      vertex 83.3147 -70.5557 37
    endloop
  endfacet
  facet normal 0.803192 -0.59572 0
    outer loop
      vertex 83.3147 -70.5557 0
      vertex 82.7301 -71.3439 37
      vertex 82.7301 -71.3439 0
    endloop
  endfacet
  facet normal 0 -1 0
    outer loop
      vertex -75 -75 0
      vertex 75 -75 37
      vertex -75 -75 37
    endloop
  endfacet
  facet normal 0 -1 -0
    outer loop
      vertex 75 -75 37
      vertex -75 -75 0
      vertex 75 -75 0
    endloop
  endfacet
  facet normal -0.146741 0.989175 0
    outer loop
      vertex -75.9802 74.9518 0
      vertex -76.9509 74.8078 37
      vertex -75.9802 74.9518 37
    endloop
  endfacet
  facet normal -0.146741 0.989175 0
    outer loop
      vertex -76.9509 74.8078 37
      vertex -75.9802 74.9518 0
      vertex -76.9509 74.8078 0
    endloop
  endfacet
  facet normal 0 1 -0
    outer loop
      vertex 75 75 0
      vertex -75 75 37
      vertex 75 75 37
    endloop
  endfacet
  facet normal 0 1 0
    outer loop
      vertex -75 75 37
      vertex 75 75 0
      vertex -75 75 0
    endloop
  endfacet
  facet normal 0.427543 0.903995 -0
    outer loop
      vertex 79.714 73.8192 0
      vertex 78.8268 74.2388 37
      vertex 79.714 73.8192 37
    endloop
  endfacet
  facet normal 0.427543 0.903995 0
    outer loop
      vertex 78.8268 74.2388 37
      vertex 79.714 73.8192 0
      vertex 78.8268 74.2388 0
    endloop
  endfacet
  facet normal -0.989175 -0.146741 0
    outer loop
      vertex -84.8078 -66.9509 0
      vertex -84.9518 -65.9802 37
      vertex -84.9518 -65.9802 0
    endloop
  endfacet
  facet normal -0.989175 -0.146741 0
    outer loop
      vertex -84.9518 -65.9802 37
      vertex -84.8078 -66.9509 0
      vertex -84.8078 -66.9509 37
    endloop
  endfacet
  facet normal 0.857727 0.514106 0
    outer loop
      vertex 83.8192 69.714 37
      vertex 83.3147 70.5557 0
      vertex 83.3147 70.5557 37
    endloop
  endfacet
  facet normal 0.857727 0.514106 0
    outer loop
      vertex 83.3147 70.5557 0
      vertex 83.8192 69.714 37
      vertex 83.8192 69.714 0
    endloop
  endfacet
  facet normal -0.59572 -0.803192 0
    outer loop
      vertex -81.3439 -72.7301 0
      vertex -80.5557 -73.3147 37
      vertex -81.3439 -72.7301 37
    endloop
  endfacet
  facet normal -0.59572 -0.803192 -0
    outer loop
      vertex -80.5557 -73.3147 37
      vertex -81.3439 -72.7301 0
      vertex -80.5557 -73.3147 0
    endloop
  endfacet
  facet normal -0.336879 0.941548 0
    outer loop
      vertex -77.9028 74.5694 0
      vertex -78.8268 74.2388 37
      vertex -77.9028 74.5694 37
    endloop
  endfacet
  facet normal -0.336879 0.941548 0
    outer loop
      vertex -78.8268 74.2388 37
      vertex -77.9028 74.5694 0
      vertex -78.8268 74.2388 0
    endloop
  endfacet
  facet normal 1 -0 0
    outer loop
      vertex 85 -65 37
      vertex 85 65 0
      vertex 85 65 37
    endloop
  endfacet
  facet normal 1 0 0
    outer loop
      vertex 85 65 0
      vertex 85 -65 37
      vertex 85 -65 0
    endloop
  endfacet
  facet normal -0.0491143 0.998793 0
    outer loop
      vertex -75 75 0
      vertex -75.9802 74.9518 37
      vertex -75 75 37
    endloop
  endfacet
  facet normal -0.0491143 0.998793 0
    outer loop
      vertex -75.9802 74.9518 37
      vertex -75 75 0
      vertex -75.9802 74.9518 0
    endloop
  endfacet
  facet normal 0.146741 0.989175 -0
    outer loop
      vertex 76.9509 74.8078 0
      vertex 75.9802 74.9518 37
      vertex 76.9509 74.8078 37
    endloop
  endfacet
  facet normal 0.146741 0.989175 0
    outer loop
      vertex 75.9802 74.9518 37
      vertex 76.9509 74.8078 0
      vertex 75.9802 74.9518 0
    endloop
  endfacet
  facet normal 0.59572 0.803192 -0
    outer loop
      vertex 81.3439 72.7301 0
      vertex 80.5557 73.3147 37
      vertex 81.3439 72.7301 37
    endloop
  endfacet
  facet normal 0.59572 0.803192 0
    outer loop
      vertex 80.5557 73.3147 37
      vertex 81.3439 72.7301 0
      vertex 80.5557 73.3147 0
    endloop
  endfacet
  facet normal -0.0491143 -0.998793 0
    outer loop
      vertex -75.9802 -74.9518 0
      vertex -75 -75 37
      vertex -75.9802 -74.9518 37
    endloop
  endfacet
  facet normal -0.0491143 -0.998793 -0
    outer loop
      vertex -75 -75 37
      vertex -75.9802 -74.9518 0
      vertex -75 -75 0
    endloop
  endfacet
  facet normal -0.146741 -0.989175 0
    outer loop
      vertex -76.9509 -74.8078 0
      vertex -75.9802 -74.9518 37
      vertex -76.9509 -74.8078 37
    endloop
  endfacet
  facet normal -0.146741 -0.989175 -0
    outer loop
      vertex -75.9802 -74.9518 37
      vertex -76.9509 -74.8078 0
      vertex -75.9802 -74.9518 0
    endloop
  endfacet
  facet normal 0.242943 0.970041 -0
    outer loop
      vertex 77.9028 74.5694 0
      vertex 76.9509 74.8078 37
      vertex 77.9028 74.5694 37
    endloop
  endfacet
  facet normal 0.242943 0.970041 0
    outer loop
      vertex 76.9509 74.8078 37
      vertex 77.9028 74.5694 0
      vertex 76.9509 74.8078 0
    endloop
  endfacet
  facet normal -0.998793 -0.0491143 0
    outer loop
      vertex -84.9518 -65.9802 0
      vertex -85 -65 37
      vertex -85 -65 0
    endloop
  endfacet
  facet normal -0.998793 -0.0491143 0
    outer loop
      vertex -85 -65 37
      vertex -84.9518 -65.9802 0
      vertex -84.9518 -65.9802 37
    endloop
  endfacet
  facet normal -0.336879 -0.941548 0
    outer loop
      vertex -78.8268 -74.2388 0
      vertex -77.9028 -74.5694 37
      vertex -78.8268 -74.2388 37
    endloop
  endfacet
  facet normal -0.336879 -0.941548 -0
    outer loop
      vertex -77.9028 -74.5694 37
      vertex -78.8268 -74.2388 0
      vertex -77.9028 -74.5694 0
    endloop
  endfacet
  facet normal 0.741 -0.671505 0
    outer loop
      vertex 82.0711 -72.0711 37
      vertex 82.7301 -71.3439 0
      vertex 82.7301 -71.3439 37
    endloop
  endfacet
  facet normal 0.741 -0.671505 0
    outer loop
      vertex 82.7301 -71.3439 0
      vertex 82.0711 -72.0711 37
      vertex 82.0711 -72.0711 0
    endloop
  endfacet
  facet normal -0.514106 -0.857727 0
    outer loop
      vertex -80.5557 -73.3147 0
      vertex -79.714 -73.8192 37
      vertex -80.5557 -73.3147 37
    endloop
  endfacet
  facet normal -0.514106 -0.857727 -0
    outer loop
      vertex -79.714 -73.8192 37
      vertex -80.5557 -73.3147 0
      vertex -79.714 -73.8192 0
    endloop
  endfacet
  facet normal -0.998793 0.0491143 0
    outer loop
      vertex -85 65 0
      vertex -84.9518 65.9802 37
      vertex -84.9518 65.9802 0
    endloop
  endfacet
  facet normal -0.998793 0.0491143 0
    outer loop
      vertex -84.9518 65.9802 37
      vertex -85 65 0
      vertex -85 65 37
    endloop
  endfacet
  facet normal -0.671505 0.741 0
    outer loop
      vertex -81.3439 72.7301 0
      vertex -82.0711 72.0711 37
      vertex -81.3439 72.7301 37
    endloop
  endfacet
  facet normal -0.671505 0.741 0
    outer loop
      vertex -82.0711 72.0711 37
      vertex -81.3439 72.7301 0
      vertex -82.0711 72.0711 0
    endloop
  endfacet
  facet normal -0.242943 -0.970041 0
    outer loop
      vertex -77.9028 -74.5694 0
      vertex -76.9509 -74.8078 37
      vertex -77.9028 -74.5694 37
    endloop
  endfacet
  facet normal -0.242943 -0.970041 -0
    outer loop
      vertex -76.9509 -74.8078 37
      vertex -77.9028 -74.5694 0
      vertex -76.9509 -74.8078 0
    endloop
  endfacet
  facet normal -0.989175 0.146741 0
    outer loop
      vertex -84.9518 65.9802 0
      vertex -84.8078 66.9509 37
      vertex -84.8078 66.9509 0
    endloop
  endfacet
  facet normal -0.989175 0.146741 0
    outer loop
      vertex -84.8078 66.9509 37
      vertex -84.9518 65.9802 0
      vertex -84.9518 65.9802 37
    endloop
  endfacet
  facet normal 0.671505 0.741 -0
    outer loop
      vertex 82.0711 72.0711 0
      vertex 81.3439 72.7301 37
      vertex 82.0711 72.0711 37
    endloop
  endfacet
  facet normal 0.671505 0.741 0
    outer loop
      vertex 81.3439 72.7301 37
      vertex 82.0711 72.0711 0
      vertex 81.3439 72.7301 0
    endloop
  endfacet
  facet normal 0.514106 0.857727 -0
    outer loop
      vertex 80.5557 73.3147 0
      vertex 79.714 73.8192 37
      vertex 80.5557 73.3147 37
    endloop
  endfacet
  facet normal 0.514106 0.857727 0
    outer loop
      vertex 79.714 73.8192 37
      vertex 80.5557 73.3147 0
      vertex 79.714 73.8192 0
    endloop
  endfacet
  facet normal -0.427543 -0.903995 0
    outer loop
      vertex -79.714 -73.8192 0
      vertex -78.8268 -74.2388 37
      vertex -79.714 -73.8192 37
    endloop
  endfacet
  facet normal -0.427543 -0.903995 -0
    outer loop
      vertex -78.8268 -74.2388 37
      vertex -79.714 -73.8192 0
      vertex -78.8268 -74.2388 0
    endloop
  endfacet
  facet normal -0.970041 -0.242943 0
    outer loop
      vertex -84.5694 -67.9028 0
      vertex -84.8078 -66.9509 37
      vertex -84.8078 -66.9509 0
    endloop
  endfacet
  facet normal -0.970041 -0.242943 0
    outer loop
      vertex -84.8078 -66.9509 37
      vertex -84.5694 -67.9028 0
      vertex -84.5694 -67.9028 37
    endloop
  endfacet
  facet normal -0.903995 -0.427543 0
    outer loop
      vertex -83.8192 -69.714 0
      vertex -84.2388 -68.8268 37
      vertex -84.2388 -68.8268 0
    endloop
  endfacet
  facet normal -0.903995 -0.427543 0
    outer loop
      vertex -84.2388 -68.8268 37
      vertex -83.8192 -69.714 0
      vertex -83.8192 -69.714 37
    endloop
  endfacet
  facet normal -0.941548 0.336879 0
    outer loop
      vertex -84.5694 67.9028 0
      vertex -84.2388 68.8268 37
      vertex -84.2388 68.8268 0
    endloop
  endfacet
  facet normal -0.941548 0.336879 0
    outer loop
      vertex -84.2388 68.8268 37
      vertex -84.5694 67.9028 0
      vertex -84.5694 67.9028 37
    endloop
  endfacet
  facet normal -0.427543 0.903995 0
    outer loop
      vertex -78.8268 74.2388 0
      vertex -79.714 73.8192 37
      vertex -78.8268 74.2388 37
    endloop
  endfacet
  facet normal -0.427543 0.903995 0
    outer loop
      vertex -79.714 73.8192 37
      vertex -78.8268 74.2388 0
      vertex -79.714 73.8192 0
    endloop
  endfacet
  facet normal 0.941548 0.336879 0
    outer loop
      vertex 84.5694 67.9028 37
      vertex 84.2388 68.8268 0
      vertex 84.2388 68.8268 37
    endloop
  endfacet
  facet normal 0.941548 0.336879 0
    outer loop
      vertex 84.2388 68.8268 0
      vertex 84.5694 67.9028 37
      vertex 84.5694 67.9028 0
    endloop
  endfacet
  facet normal 0 0 1
    outer loop
      vertex -76.75 -68 37
      vertex -73.5 -68 37
      vertex -73.5217 -67.5589 37
    endloop
  endfacet
  facet normal 0 0 1
    outer loop
      vertex -76.756 -67.8775 37
      vertex -73.5217 -67.5589 37
      vertex -73.5865 -67.1221 37
    endloop
  endfacet
  facet normal 0 0 1
    outer loop
      vertex -73.5 -68 37
      vertex -76.75 -68 37
      vertex -73.5217 -68.4411 37
    endloop
  endfacet
  facet normal 0 0 1
    outer loop
      vertex -76.774 -67.7561 37
      vertex -73.5865 -67.1221 37
      vertex -73.6938 -66.6937 37
    endloop
  endfacet
  facet normal -0 0 1
    outer loop
      vertex -76.756 -68.1225 37
      vertex -73.5217 -68.4411 37
      vertex -76.75 -68 37
    endloop
  endfacet
  facet normal 0 0 1
    outer loop
      vertex -76.8038 -67.6371 37
      vertex -73.6938 -66.6937 37
      vertex -73.8425 -66.2779 37
    endloop
  endfacet
  facet normal 0 0 1
    outer loop
      vertex -73.5217 -68.4411 37
      vertex -76.756 -68.1225 37
      vertex -73.5865 -68.8779 37
    endloop
  endfacet
  facet normal 0 0 1
    outer loop
      vertex -76.8452 -67.5216 37
      vertex -73.8425 -66.2779 37
      vertex -74.0314 -65.8787 37
    endloop
  endfacet
  facet normal -0 0 1
    outer loop
      vertex -76.774 -68.2439 37
      vertex -73.5865 -68.8779 37
      vertex -76.756 -68.1225 37
    endloop
  endfacet
  facet normal 0 0 1
    outer loop
      vertex -76.8976 -67.4108 37
      vertex -74.0314 -65.8787 37
      vertex -74.2584 -65.4999 37
    endloop
  endfacet
  facet normal 0 0 1
    outer loop
      vertex -73.5865 -68.8779 37
      vertex -76.774 -68.2439 37
      vertex -73.6938 -69.3063 37
    endloop
  endfacet
  facet normal 0 0 1
    outer loop
      vertex -76.9607 -67.3055 37
      vertex -74.2584 -65.4999 37
      vertex -74.5215 -65.1452 37
    endloop
  endfacet
  facet normal -0 0 1
    outer loop
      vertex -76.8038 -68.3629 37
      vertex -73.6938 -69.3063 37
      vertex -76.774 -68.2439 37
    endloop
  endfacet
  facet normal 0 0 1
    outer loop
      vertex -77.0337 -67.207 37
      vertex -74.5215 -65.1452 37
      vertex -74.818 -64.818 37
    endloop
  endfacet
  facet normal 0 0 1
    outer loop
      vertex -73.6938 -69.3063 37
      vertex -76.8038 -68.3629 37
      vertex -73.8425 -69.7221 37
    endloop
  endfacet
  facet normal 0 0 1
    outer loop
      vertex -77.1161 -67.1161 37
      vertex -74.818 -64.818 37
      vertex -75.1452 -64.5215 37
    endloop
  endfacet
  facet normal -0 0 1
    outer loop
      vertex -76.8452 -68.4784 37
      vertex -73.8425 -69.7221 37
      vertex -76.8038 -68.3629 37
    endloop
  endfacet
  facet normal 0 0 1
    outer loop
      vertex -77.207 -67.0337 37
      vertex -75.1452 -64.5215 37
      vertex -75.4999 -64.2584 37
    endloop
  endfacet
  facet normal 0 0 1
    outer loop
      vertex -73.8425 -69.7221 37
      vertex -76.8452 -68.4784 37
      vertex -74.0314 -70.1213 37
    endloop
  endfacet
  facet normal 0 0 1
    outer loop
      vertex -77.3055 -66.9607 37
      vertex -75.4999 -64.2584 37
      vertex -75.8787 -64.0314 37
    endloop
  endfacet
  facet normal -0 0 1
    outer loop
      vertex -76.8976 -68.5892 37
      vertex -74.0314 -70.1213 37
      vertex -76.8452 -68.4784 37
    endloop
  endfacet
  facet normal 0 0 1
    outer loop
      vertex -77.4108 -66.8976 37
      vertex -75.8787 -64.0314 37
      vertex -76.2779 -63.8425 37
    endloop
  endfacet
  facet normal 0 0 1
    outer loop
      vertex -74.0314 -70.1213 37
      vertex -76.8976 -68.5892 37
      vertex -74.2584 -70.5001 37
    endloop
  endfacet
  facet normal 0 0 1
    outer loop
      vertex -77.5216 -66.8452 37
      vertex -76.2779 -63.8425 37
      vertex -76.6937 -63.6938 37
    endloop
  endfacet
  facet normal -0 0 1
    outer loop
      vertex -76.9607 -68.6945 37
      vertex -74.2584 -70.5001 37
      vertex -76.8976 -68.5892 37
    endloop
  endfacet
  facet normal 0 0 1
    outer loop
      vertex -74.2584 -70.5001 37
      vertex -76.9607 -68.6945 37
      vertex -74.5215 -70.8548 37
    endloop
  endfacet
  facet normal 0 0 1
    outer loop
      vertex -73.5217 -67.5589 37
      vertex -76.756 -67.8775 37
      vertex -76.75 -68 37
    endloop
  endfacet
  facet normal 0 0 1
    outer loop
      vertex -73.5865 -67.1221 37
      vertex -76.774 -67.7561 37
      vertex -76.756 -67.8775 37
    endloop
  endfacet
  facet normal 0 0 1
    outer loop
      vertex -73.6938 -66.6937 37
      vertex -76.8038 -67.6371 37
      vertex -76.774 -67.7561 37
    endloop
  endfacet
  facet normal 0 0 1
    outer loop
      vertex -73.8425 -66.2779 37
      vertex -76.8452 -67.5216 37
      vertex -76.8038 -67.6371 37
    endloop
  endfacet
  facet normal 0 0 1
    outer loop
      vertex -74.0314 -65.8787 37
      vertex -76.8976 -67.4108 37
      vertex -76.8452 -67.5216 37
    endloop
  endfacet
  facet normal 0 0 1
    outer loop
      vertex -74.2584 -65.4999 37
      vertex -76.9607 -67.3055 37
      vertex -76.8976 -67.4108 37
    endloop
  endfacet
  facet normal 0 0 1
    outer loop
      vertex -74.5215 -65.1452 37
      vertex -77.0337 -67.207 37
      vertex -76.9607 -67.3055 37
    endloop
  endfacet
  facet normal 0 0 1
    outer loop
      vertex -74.818 -64.818 37
      vertex -77.1161 -67.1161 37
      vertex -77.0337 -67.207 37
    endloop
  endfacet
  facet normal 0 0 1
    outer loop
      vertex -77.6371 -66.8038 37
      vertex -76.6937 -63.6938 37
      vertex -77.1221 -63.5865 37
    endloop
  endfacet
  facet normal 0 0 1
    outer loop
      vertex -75.1452 -64.5215 37
      vertex -77.207 -67.0337 37
      vertex -77.1161 -67.1161 37
    endloop
  endfacet
  facet normal 0 0 1
    outer loop
      vertex -75.4999 -64.2584 37
      vertex -77.3055 -66.9607 37
      vertex -77.207 -67.0337 37
    endloop
  endfacet
  facet normal 0 0 1
    outer loop
      vertex -75.8787 -64.0314 37
      vertex -77.4108 -66.8976 37
      vertex -77.3055 -66.9607 37
    endloop
  endfacet
  facet normal 0 0 1
    outer loop
      vertex -76.2779 -63.8425 37
      vertex -77.5216 -66.8452 37
      vertex -77.4108 -66.8976 37
    endloop
  endfacet
  facet normal 0 0 1
    outer loop
      vertex -77.7561 -66.774 37
      vertex -77.1221 -63.5865 37
      vertex -77.5589 -63.5217 37
    endloop
  endfacet
  facet normal 0 0 1
    outer loop
      vertex -76.6937 -63.6938 37
      vertex -77.6371 -66.8038 37
      vertex -77.5216 -66.8452 37
    endloop
  endfacet
  facet normal 0 0 1
    outer loop
      vertex -77.1221 -63.5865 37
      vertex -77.7561 -66.774 37
      vertex -77.6371 -66.8038 37
    endloop
  endfacet
  facet normal 0 0 1
    outer loop
      vertex -77.5589 -63.5217 37
      vertex -77.8775 -66.756 37
      vertex -77.7561 -66.774 37
    endloop
  endfacet
  facet normal 0 0 1
    outer loop
      vertex -78 -63.5 37
      vertex -77.8775 -66.756 37
      vertex -77.5589 -63.5217 37
    endloop
  endfacet
  facet normal 0 0 1
    outer loop
      vertex -78 -63.5 37
      vertex -78 -66.75 37
      vertex -77.8775 -66.756 37
    endloop
  endfacet
  facet normal 0 0 1
    outer loop
      vertex -78 -63.5 37
      vertex -78.1225 -66.756 37
      vertex -78 -66.75 37
    endloop
  endfacet
  facet normal -0 0 1
    outer loop
      vertex -78.4411 -63.5217 37
      vertex -78.1225 -66.756 37
      vertex -78 -63.5 37
    endloop
  endfacet
  facet normal 0 0 1
    outer loop
      vertex -78.1225 -66.756 37
      vertex -78.4411 -63.5217 37
      vertex -78.2439 -66.774 37
    endloop
  endfacet
  facet normal -0 0 1
    outer loop
      vertex -78.8779 -63.5865 37
      vertex -78.2439 -66.774 37
      vertex -78.4411 -63.5217 37
    endloop
  endfacet
  facet normal 0 0 1
    outer loop
      vertex -78.2439 -66.774 37
      vertex -78.8779 -63.5865 37
      vertex -78.3629 -66.8038 37
    endloop
  endfacet
  facet normal -0 0 1
    outer loop
      vertex -79.3063 -63.6938 37
      vertex -78.3629 -66.8038 37
      vertex -78.8779 -63.5865 37
    endloop
  endfacet
  facet normal 0 0 1
    outer loop
      vertex -78.3629 -66.8038 37
      vertex -79.3063 -63.6938 37
      vertex -78.4784 -66.8452 37
    endloop
  endfacet
  facet normal -0 0 1
    outer loop
      vertex -79.7221 -63.8425 37
      vertex -78.4784 -66.8452 37
      vertex -79.3063 -63.6938 37
    endloop
  endfacet
  facet normal 0 0 1
    outer loop
      vertex -78.4784 -66.8452 37
      vertex -79.7221 -63.8425 37
      vertex -78.5892 -66.8976 37
    endloop
  endfacet
  facet normal -0 0 1
    outer loop
      vertex -80.1213 -64.0314 37
      vertex -78.5892 -66.8976 37
      vertex -79.7221 -63.8425 37
    endloop
  endfacet
  facet normal 0 0 1
    outer loop
      vertex -78.5892 -66.8976 37
      vertex -80.1213 -64.0314 37
      vertex -78.6945 -66.9607 37
    endloop
  endfacet
  facet normal -0 0 1
    outer loop
      vertex -80.5001 -64.2584 37
      vertex -78.6945 -66.9607 37
      vertex -80.1213 -64.0314 37
    endloop
  endfacet
  facet normal 0 0 1
    outer loop
      vertex -78.6945 -66.9607 37
      vertex -80.5001 -64.2584 37
      vertex -78.793 -67.0337 37
    endloop
  endfacet
  facet normal -0 0 1
    outer loop
      vertex -80.8548 -64.5215 37
      vertex -78.793 -67.0337 37
      vertex -80.5001 -64.2584 37
    endloop
  endfacet
  facet normal 0 0 1
    outer loop
      vertex -78.793 -67.0337 37
      vertex -80.8548 -64.5215 37
      vertex -78.8839 -67.1161 37
    endloop
  endfacet
  facet normal -0 0 1
    outer loop
      vertex -81.182 -64.818 37
      vertex -78.8839 -67.1161 37
      vertex -80.8548 -64.5215 37
    endloop
  endfacet
  facet normal 0 0 1
    outer loop
      vertex -78.8839 -67.1161 37
      vertex -81.182 -64.818 37
      vertex -78.9663 -67.207 37
    endloop
  endfacet
  facet normal 0 0 1
    outer loop
      vertex -78.9663 -67.207 37
      vertex -81.4785 -65.1452 37
      vertex -79.0393 -67.3055 37
    endloop
  endfacet
  facet normal -0 0 1
    outer loop
      vertex -81.4785 -65.1452 37
      vertex -78.9663 -67.207 37
      vertex -81.182 -64.818 37
    endloop
  endfacet
  facet normal -0 0 1
    outer loop
      vertex -77.0337 -68.793 37
      vertex -74.5215 -70.8548 37
      vertex -76.9607 -68.6945 37
    endloop
  endfacet
  facet normal 0 0 1
    outer loop
      vertex -74.5215 -70.8548 37
      vertex -77.0337 -68.793 37
      vertex -74.818 -71.182 37
    endloop
  endfacet
  facet normal -0 0 1
    outer loop
      vertex -77.1161 -68.8839 37
      vertex -74.818 -71.182 37
      vertex -77.0337 -68.793 37
    endloop
  endfacet
  facet normal 0 0 1
    outer loop
      vertex -74.818 -71.182 37
      vertex -77.1161 -68.8839 37
      vertex -75.1452 -71.4785 37
    endloop
  endfacet
  facet normal -0 0 1
    outer loop
      vertex -77.207 -68.9663 37
      vertex -75.1452 -71.4785 37
      vertex -77.1161 -68.8839 37
    endloop
  endfacet
  facet normal 0 0 1
    outer loop
      vertex -75.1452 -71.4785 37
      vertex -77.207 -68.9663 37
      vertex -75.4999 -71.7416 37
    endloop
  endfacet
  facet normal 0 0 1
    outer loop
      vertex -76.75 68 37
      vertex -73.5 68 37
      vertex -73.5217 68.4411 37
    endloop
  endfacet
  facet normal 0 0 1
    outer loop
      vertex -76.756 68.1225 37
      vertex -73.5217 68.4411 37
      vertex -73.5865 68.8779 37
    endloop
  endfacet
  facet normal 0 0 1
    outer loop
      vertex -73.5 68 37
      vertex -76.75 68 37
      vertex -73.5217 67.5589 37
    endloop
  endfacet
  facet normal 0 0 1
    outer loop
      vertex -76.774 68.2439 37
      vertex -73.5865 68.8779 37
      vertex -73.6938 69.3063 37
    endloop
  endfacet
  facet normal -0 0 1
    outer loop
      vertex -76.756 67.8775 37
      vertex -73.5217 67.5589 37
      vertex -76.75 68 37
    endloop
  endfacet
  facet normal 0 0 1
    outer loop
      vertex -76.8038 68.3629 37
      vertex -73.6938 69.3063 37
      vertex -73.8425 69.7221 37
    endloop
  endfacet
  facet normal 0 0 1
    outer loop
      vertex -73.5217 67.5589 37
      vertex -76.756 67.8775 37
      vertex -73.5865 67.1221 37
    endloop
  endfacet
  facet normal 0 0 1
    outer loop
      vertex -76.8452 68.4784 37
      vertex -73.8425 69.7221 37
      vertex -74.0314 70.1213 37
    endloop
  endfacet
  facet normal -0 0 1
    outer loop
      vertex -76.774 67.7561 37
      vertex -73.5865 67.1221 37
      vertex -76.756 67.8775 37
    endloop
  endfacet
  facet normal 0 0 1
    outer loop
      vertex -76.8976 68.5892 37
      vertex -74.0314 70.1213 37
      vertex -74.2584 70.5001 37
    endloop
  endfacet
  facet normal 0 0 1
    outer loop
      vertex -73.5865 67.1221 37
      vertex -76.774 67.7561 37
      vertex -73.6938 66.6937 37
    endloop
  endfacet
  facet normal 0 0 1
    outer loop
      vertex -76.9607 68.6945 37
      vertex -74.2584 70.5001 37
      vertex -74.5215 70.8548 37
    endloop
  endfacet
  facet normal -0 0 1
    outer loop
      vertex -76.8038 67.6371 37
      vertex -73.6938 66.6937 37
      vertex -76.774 67.7561 37
    endloop
  endfacet
  facet normal 0 0 1
    outer loop
      vertex -77.0337 68.793 37
      vertex -74.5215 70.8548 37
      vertex -74.818 71.182 37
    endloop
  endfacet
  facet normal 0 0 1
    outer loop
      vertex -73.6938 66.6937 37
      vertex -76.8038 67.6371 37
      vertex -73.8425 66.2779 37
    endloop
  endfacet
  facet normal 0 0 1
    outer loop
      vertex -77.1161 68.8839 37
      vertex -74.818 71.182 37
      vertex -75.1452 71.4785 37
    endloop
  endfacet
  facet normal -0 0 1
    outer loop
      vertex -76.8452 67.5216 37
      vertex -73.8425 66.2779 37
      vertex -76.8038 67.6371 37
    endloop
  endfacet
  facet normal 0 0 1
    outer loop
      vertex -77.207 68.9663 37
      vertex -75.1452 71.4785 37
      vertex -75.4999 71.7416 37
    endloop
  endfacet
  facet normal 0 0 1
    outer loop
      vertex -73.8425 66.2779 37
      vertex -76.8452 67.5216 37
      vertex -74.0314 65.8787 37
    endloop
  endfacet
  facet normal 0 0 1
    outer loop
      vertex -77.3055 69.0393 37
      vertex -75.4999 71.7416 37
      vertex -75.8787 71.9686 37
    endloop
  endfacet
  facet normal -0 0 1
    outer loop
      vertex -76.8976 67.4108 37
      vertex -74.0314 65.8787 37
      vertex -76.8452 67.5216 37
    endloop
  endfacet
  facet normal 0 0 1
    outer loop
      vertex -77.4108 69.1024 37
      vertex -75.8787 71.9686 37
      vertex -76.2779 72.1575 37
    endloop
  endfacet
  facet normal 0 0 1
    outer loop
      vertex -74.0314 65.8787 37
      vertex -76.8976 67.4108 37
      vertex -74.2584 65.4999 37
    endloop
  endfacet
  facet normal 0 0 1
    outer loop
      vertex -77.5216 69.1548 37
      vertex -76.2779 72.1575 37
      vertex -76.6937 72.3062 37
    endloop
  endfacet
  facet normal -0 0 1
    outer loop
      vertex -76.9607 67.3055 37
      vertex -74.2584 65.4999 37
      vertex -76.8976 67.4108 37
    endloop
  endfacet
  facet normal 0 0 1
    outer loop
      vertex -74.2584 65.4999 37
      vertex -76.9607 67.3055 37
      vertex -74.5215 65.1452 37
    endloop
  endfacet
  facet normal 0 0 1
    outer loop
      vertex -73.5217 68.4411 37
      vertex -76.756 68.1225 37
      vertex -76.75 68 37
    endloop
  endfacet
  facet normal 0 0 1
    outer loop
      vertex -73.5865 68.8779 37
      vertex -76.774 68.2439 37
      vertex -76.756 68.1225 37
    endloop
  endfacet
  facet normal 0 0 1
    outer loop
      vertex -73.6938 69.3063 37
      vertex -76.8038 68.3629 37
      vertex -76.774 68.2439 37
    endloop
  endfacet
  facet normal 0 0 1
    outer loop
      vertex -73.8425 69.7221 37
      vertex -76.8452 68.4784 37
      vertex -76.8038 68.3629 37
    endloop
  endfacet
  facet normal 0 0 1
    outer loop
      vertex -77.6371 69.1962 37
      vertex -76.6937 72.3062 37
      vertex -76.8831 72.3537 37
    endloop
  endfacet
  facet normal 0 0 1
    outer loop
      vertex -74.0314 70.1213 37
      vertex -76.8976 68.5892 37
      vertex -76.8452 68.4784 37
    endloop
  endfacet
  facet normal -0 0 1
    outer loop
      vertex -77.0337 67.207 37
      vertex -74.5215 65.1452 37
      vertex -76.9607 67.3055 37
    endloop
  endfacet
  facet normal 0 0 1
    outer loop
      vertex -74.5215 65.1452 37
      vertex -77.0337 67.207 37
      vertex -74.818 64.818 37
    endloop
  endfacet
  facet normal -0 0 1
    outer loop
      vertex -77.1161 67.1161 37
      vertex -74.818 64.818 37
      vertex -77.0337 67.207 37
    endloop
  endfacet
  facet normal 0 0 1
    outer loop
      vertex -74.818 64.818 37
      vertex -77.1161 67.1161 37
      vertex -75.1452 64.5215 37
    endloop
  endfacet
  facet normal -0 0 1
    outer loop
      vertex -77.207 67.0337 37
      vertex -75.1452 64.5215 37
      vertex -77.1161 67.1161 37
    endloop
  endfacet
  facet normal 0 0 1
    outer loop
      vertex -75.1452 64.5215 37
      vertex -77.207 67.0337 37
      vertex -75.4999 64.2584 37
    endloop
  endfacet
  facet normal -0 0 1
    outer loop
      vertex -77.3055 66.9607 37
      vertex -75.4999 64.2584 37
      vertex -77.207 67.0337 37
    endloop
  endfacet
  facet normal 0 0 1
    outer loop
      vertex -75.4999 64.2584 37
      vertex -77.3055 66.9607 37
      vertex -75.8787 64.0314 37
    endloop
  endfacet
  facet normal -0 0 1
    outer loop
      vertex -77.4108 66.8976 37
      vertex -75.8787 64.0314 37
      vertex -77.3055 66.9607 37
    endloop
  endfacet
  facet normal 0 0 1
    outer loop
      vertex -75.8787 64.0314 37
      vertex -77.4108 66.8976 37
      vertex -76.2779 63.8425 37
    endloop
  endfacet
  facet normal -0 0 1
    outer loop
      vertex -77.5216 66.8452 37
      vertex -76.2779 63.8425 37
      vertex -77.4108 66.8976 37
    endloop
  endfacet
  facet normal 0 0 1
    outer loop
      vertex -76.2779 63.8425 37
      vertex -77.5216 66.8452 37
      vertex -76.6937 63.6938 37
    endloop
  endfacet
  facet normal -0 0 1
    outer loop
      vertex -77.6371 66.8038 37
      vertex -76.6937 63.6938 37
      vertex -77.5216 66.8452 37
    endloop
  endfacet
  facet normal 0 0 1
    outer loop
      vertex -76.6937 63.6938 37
      vertex -77.6371 66.8038 37
      vertex -77.1221 63.5865 37
    endloop
  endfacet
  facet normal -0 0 1
    outer loop
      vertex -77.7561 66.774 37
      vertex -77.1221 63.5865 37
      vertex -77.6371 66.8038 37
    endloop
  endfacet
  facet normal 0 0 1
    outer loop
      vertex -77.1221 63.5865 37
      vertex -77.7561 66.774 37
      vertex -77.5589 63.5217 37
    endloop
  endfacet
  facet normal -0 0 1
    outer loop
      vertex -77.8775 66.756 37
      vertex -77.5589 63.5217 37
      vertex -77.7561 66.774 37
    endloop
  endfacet
  facet normal -0 0 1
    outer loop
      vertex -78 66.75 37
      vertex -77.5589 63.5217 37
      vertex -77.8775 66.756 37
    endloop
  endfacet
  facet normal 0 0 1
    outer loop
      vertex -78 66.75 37
      vertex -78 63.5 37
      vertex -77.5589 63.5217 37
    endloop
  endfacet
  facet normal 0 0 1
    outer loop
      vertex -78.1225 66.756 37
      vertex -78 63.5 37
      vertex -78 66.75 37
    endloop
  endfacet
  facet normal 0 0 1
    outer loop
      vertex -78.4411 63.5217 37
      vertex -78.1225 66.756 37
      vertex -78.2439 66.774 37
    endloop
  endfacet
  facet normal 0 0 1
    outer loop
      vertex -78.8779 63.5865 37
      vertex -78.2439 66.774 37
      vertex -78.3629 66.8038 37
    endloop
  endfacet
  facet normal 0 0 1
    outer loop
      vertex -78.1225 66.756 37
      vertex -78.4411 63.5217 37
      vertex -78 63.5 37
    endloop
  endfacet
  facet normal 0 0 1
    outer loop
      vertex -79.3063 63.6938 37
      vertex -78.3629 66.8038 37
      vertex -78.4784 66.8452 37
    endloop
  endfacet
  facet normal 0 0 1
    outer loop
      vertex -79.7221 63.8425 37
      vertex -78.4784 66.8452 37
      vertex -78.5892 66.8976 37
    endloop
  endfacet
  facet normal 0 0 1
    outer loop
      vertex -80.1213 64.0314 37
      vertex -78.5892 66.8976 37
      vertex -78.6945 66.9607 37
    endloop
  endfacet
  facet normal 0 0 1
    outer loop
      vertex -80.5001 64.2584 37
      vertex -78.6945 66.9607 37
      vertex -78.793 67.0337 37
    endloop
  endfacet
  facet normal 0 0 1
    outer loop
      vertex -78.2439 66.774 37
      vertex -78.8779 63.5865 37
      vertex -78.4411 63.5217 37
    endloop
  endfacet
  facet normal 0 0 1
    outer loop
      vertex -80.8548 64.5215 37
      vertex -78.793 67.0337 37
      vertex -78.8839 67.1161 37
    endloop
  endfacet
  facet normal 0 0 1
    outer loop
      vertex -81.182 64.818 37
      vertex -78.8839 67.1161 37
      vertex -78.9663 67.207 37
    endloop
  endfacet
  facet normal 0 0 1
    outer loop
      vertex -81.4785 65.1452 37
      vertex -78.9663 67.207 37
      vertex -79.0393 67.3055 37
    endloop
  endfacet
  facet normal 0 0 1
    outer loop
      vertex -81.7416 65.4999 37
      vertex -79.0393 67.3055 37
      vertex -79.1024 67.4108 37
    endloop
  endfacet
  facet normal 0 0 1
    outer loop
      vertex -81.9686 65.8787 37
      vertex -79.1024 67.4108 37
      vertex -79.1548 67.5216 37
    endloop
  endfacet
  facet normal 0 0 1
    outer loop
      vertex -82.1575 66.2779 37
      vertex -79.1548 67.5216 37
      vertex -79.1962 67.6371 37
    endloop
  endfacet
  facet normal 0 0 1
    outer loop
      vertex -82.3537 66.8831 37
      vertex -79.1962 67.6371 37
      vertex -79.226 67.7561 37
    endloop
  endfacet
  facet normal 0 0 1
    outer loop
      vertex -82.3537 66.8831 37
      vertex -79.226 67.7561 37
      vertex -79.244 67.8775 37
    endloop
  endfacet
  facet normal 0 0 1
    outer loop
      vertex -78.3629 66.8038 37
      vertex -79.3063 63.6938 37
      vertex -78.8779 63.5865 37
    endloop
  endfacet
  facet normal 0 0 1
    outer loop
      vertex -82.3537 66.8831 37
      vertex -79.244 67.8775 37
      vertex -79.25 68 37
    endloop
  endfacet
  facet normal 0 0 1
    outer loop
      vertex 74.0314 -70.1213 37
      vertex 76.8976 -68.5892 37
      vertex 76.8452 -68.4784 37
    endloop
  endfacet
  facet normal 0 0 1
    outer loop
      vertex 73.8425 -69.7221 37
      vertex 76.8452 -68.4784 37
      vertex 76.8038 -68.3629 37
    endloop
  endfacet
  facet normal 0 0 1
    outer loop
      vertex 73.6938 -69.3063 37
      vertex 76.8038 -68.3629 37
      vertex 76.774 -68.2439 37
    endloop
  endfacet
  facet normal 0 0 1
    outer loop
      vertex 73.5865 -68.8779 37
      vertex 76.774 -68.2439 37
      vertex 76.756 -68.1225 37
    endloop
  endfacet
  facet normal 0 0 1
    outer loop
      vertex 73.5217 -68.4411 37
      vertex 76.756 -68.1225 37
      vertex 76.75 -68 37
    endloop
  endfacet
  facet normal 0 0 1
    outer loop
      vertex 76.8976 -68.5892 37
      vertex 76.6937 -72.3062 37
      vertex 76.8831 -72.3537 37
    endloop
  endfacet
  facet normal -0 0 1
    outer loop
      vertex 74.2584 -65.4999 37
      vertex 76.9607 -67.3055 37
      vertex 74.5215 -65.1452 37
    endloop
  endfacet
  facet normal 0 0 1
    outer loop
      vertex 76.9607 -67.3055 37
      vertex 74.2584 -65.4999 37
      vertex 76.8976 -67.4108 37
    endloop
  endfacet
  facet normal 0 0 1
    outer loop
      vertex 76.8976 -68.5892 37
      vertex 76.2779 -72.1575 37
      vertex 76.6937 -72.3062 37
    endloop
  endfacet
  facet normal -0 0 1
    outer loop
      vertex 74.0314 -65.8787 37
      vertex 76.8976 -67.4108 37
      vertex 74.2584 -65.4999 37
    endloop
  endfacet
  facet normal 0 0 1
    outer loop
      vertex 76.8976 -68.5892 37
      vertex 75.8787 -71.9686 37
      vertex 76.2779 -72.1575 37
    endloop
  endfacet
  facet normal 0 0 1
    outer loop
      vertex 76.8976 -67.4108 37
      vertex 74.0314 -65.8787 37
      vertex 76.8452 -67.5216 37
    endloop
  endfacet
  facet normal 0 0 1
    outer loop
      vertex 76.8976 -68.5892 37
      vertex 75.4999 -71.7416 37
      vertex 75.8787 -71.9686 37
    endloop
  endfacet
  facet normal -0 0 1
    outer loop
      vertex 73.8425 -66.2779 37
      vertex 76.8452 -67.5216 37
      vertex 74.0314 -65.8787 37
    endloop
  endfacet
  facet normal 0 0 1
    outer loop
      vertex 76.8976 -68.5892 37
      vertex 75.1452 -71.4785 37
      vertex 75.4999 -71.7416 37
    endloop
  endfacet
  facet normal 0 0 1
    outer loop
      vertex 76.8452 -67.5216 37
      vertex 73.8425 -66.2779 37
      vertex 76.8038 -67.6371 37
    endloop
  endfacet
  facet normal 0 0 1
    outer loop
      vertex 76.8976 -68.5892 37
      vertex 74.818 -71.182 37
      vertex 75.1452 -71.4785 37
    endloop
  endfacet
  facet normal -0 0 1
    outer loop
      vertex 73.6938 -66.6937 37
      vertex 76.8038 -67.6371 37
      vertex 73.8425 -66.2779 37
    endloop
  endfacet
  facet normal 0 0 1
    outer loop
      vertex 76.8976 -68.5892 37
      vertex 74.5215 -70.8548 37
      vertex 74.818 -71.182 37
    endloop
  endfacet
  facet normal 0 0 1
    outer loop
      vertex 76.8038 -67.6371 37
      vertex 73.6938 -66.6937 37
      vertex 76.774 -67.7561 37
    endloop
  endfacet
  facet normal 0 0 1
    outer loop
      vertex 76.8976 -68.5892 37
      vertex 74.2584 -70.5001 37
      vertex 74.5215 -70.8548 37
    endloop
  endfacet
  facet normal -0 0 1
    outer loop
      vertex 73.5865 -67.1221 37
      vertex 76.774 -67.7561 37
      vertex 73.6938 -66.6937 37
    endloop
  endfacet
  facet normal 0 0 1
    outer loop
      vertex 76.8976 -68.5892 37
      vertex 74.0314 -70.1213 37
      vertex 74.2584 -70.5001 37
    endloop
  endfacet
  facet normal 0 0 1
    outer loop
      vertex 76.774 -67.7561 37
      vertex 73.5865 -67.1221 37
      vertex 76.756 -67.8775 37
    endloop
  endfacet
  facet normal 0 0 1
    outer loop
      vertex 76.8452 -68.4784 37
      vertex 73.8425 -69.7221 37
      vertex 74.0314 -70.1213 37
    endloop
  endfacet
  facet normal -0 0 1
    outer loop
      vertex 73.5217 -67.5589 37
      vertex 76.756 -67.8775 37
      vertex 73.5865 -67.1221 37
    endloop
  endfacet
  facet normal 0 0 1
    outer loop
      vertex 76.8038 -68.3629 37
      vertex 73.6938 -69.3063 37
      vertex 73.8425 -69.7221 37
    endloop
  endfacet
  facet normal 0 0 1
    outer loop
      vertex 76.756 -67.8775 37
      vertex 73.5217 -67.5589 37
      vertex 76.75 -68 37
    endloop
  endfacet
  facet normal 0 0 1
    outer loop
      vertex 76.774 -68.2439 37
      vertex 73.5865 -68.8779 37
      vertex 73.6938 -69.3063 37
    endloop
  endfacet
  facet normal 0 0 1
    outer loop
      vertex 73.5 -68 37
      vertex 76.75 -68 37
      vertex 73.5217 -67.5589 37
    endloop
  endfacet
  facet normal 0 0 1
    outer loop
      vertex 76.756 -68.1225 37
      vertex 73.5217 -68.4411 37
      vertex 73.5865 -68.8779 37
    endloop
  endfacet
  facet normal 0 0 1
    outer loop
      vertex 76.75 -68 37
      vertex 73.5 -68 37
      vertex 73.5217 -68.4411 37
    endloop
  endfacet
  facet normal 0 0 1
    outer loop
      vertex 82.3537 -66.8831 37
      vertex 79.244 -67.8775 37
      vertex 79.25 -68 37
    endloop
  endfacet
  facet normal 0 0 1
    outer loop
      vertex 79.7221 -63.8425 37
      vertex 79.226 -67.7561 37
      vertex 79.244 -67.8775 37
    endloop
  endfacet
  facet normal 0 0 1
    outer loop
      vertex 79.7221 -63.8425 37
      vertex 79.1962 -67.6371 37
      vertex 79.226 -67.7561 37
    endloop
  endfacet
  facet normal 0 0 1
    outer loop
      vertex 79.7221 -63.8425 37
      vertex 79.1548 -67.5216 37
      vertex 79.1962 -67.6371 37
    endloop
  endfacet
  facet normal 0 0 1
    outer loop
      vertex 79.7221 -63.8425 37
      vertex 79.1024 -67.4108 37
      vertex 79.1548 -67.5216 37
    endloop
  endfacet
  facet normal 0 0 1
    outer loop
      vertex 79.7221 -63.8425 37
      vertex 79.0393 -67.3055 37
      vertex 79.1024 -67.4108 37
    endloop
  endfacet
  facet normal 0 0 1
    outer loop
      vertex 79.7221 -63.8425 37
      vertex 78.9663 -67.207 37
      vertex 79.0393 -67.3055 37
    endloop
  endfacet
  facet normal 0 0 1
    outer loop
      vertex 79.7221 -63.8425 37
      vertex 78.8839 -67.1161 37
      vertex 78.9663 -67.207 37
    endloop
  endfacet
  facet normal 0 0 1
    outer loop
      vertex 78.3629 -66.8038 37
      vertex 79.3063 -63.6938 37
      vertex 78.8779 -63.5865 37
    endloop
  endfacet
  facet normal 0 0 1
    outer loop
      vertex 79.7221 -63.8425 37
      vertex 78.793 -67.0337 37
      vertex 78.8839 -67.1161 37
    endloop
  endfacet
  facet normal 0 0 1
    outer loop
      vertex 79.7221 -63.8425 37
      vertex 78.6945 -66.9607 37
      vertex 78.793 -67.0337 37
    endloop
  endfacet
  facet normal 0 0 1
    outer loop
      vertex 79.7221 -63.8425 37
      vertex 78.5892 -66.8976 37
      vertex 78.6945 -66.9607 37
    endloop
  endfacet
  facet normal 0 0 1
    outer loop
      vertex 79.7221 -63.8425 37
      vertex 78.4784 -66.8452 37
      vertex 78.5892 -66.8976 37
    endloop
  endfacet
  facet normal 0 0 1
    outer loop
      vertex 78.2439 -66.774 37
      vertex 78.8779 -63.5865 37
      vertex 78.4411 -63.5217 37
    endloop
  endfacet
  facet normal 0 0 1
    outer loop
      vertex 79.3063 -63.6938 37
      vertex 78.3629 -66.8038 37
      vertex 78.4784 -66.8452 37
    endloop
  endfacet
  facet normal 0 0 1
    outer loop
      vertex 78.8779 -63.5865 37
      vertex 78.2439 -66.774 37
      vertex 78.3629 -66.8038 37
    endloop
  endfacet
  facet normal 0 0 1
    outer loop
      vertex 78.4411 -63.5217 37
      vertex 78.1225 -66.756 37
      vertex 78.2439 -66.774 37
    endloop
  endfacet
  facet normal 0 0 1
    outer loop
      vertex 78 -63.5 37
      vertex 78.1225 -66.756 37
      vertex 78.4411 -63.5217 37
    endloop
  endfacet
  facet normal 0 0 1
    outer loop
      vertex 78 -63.5 37
      vertex 78 -66.75 37
      vertex 78.1225 -66.756 37
    endloop
  endfacet
  facet normal 0 0 1
    outer loop
      vertex 78 -63.5 37
      vertex 77.8775 -66.756 37
      vertex 78 -66.75 37
    endloop
  endfacet
  facet normal -0 0 1
    outer loop
      vertex 77.5589 -63.5217 37
      vertex 77.8775 -66.756 37
      vertex 78 -63.5 37
    endloop
  endfacet
  facet normal 0 0 1
    outer loop
      vertex 77.8775 -66.756 37
      vertex 77.5589 -63.5217 37
      vertex 77.7561 -66.774 37
    endloop
  endfacet
  facet normal -0 0 1
    outer loop
      vertex 77.1221 -63.5865 37
      vertex 77.7561 -66.774 37
      vertex 77.5589 -63.5217 37
    endloop
  endfacet
  facet normal 0 0 1
    outer loop
      vertex 77.7561 -66.774 37
      vertex 77.1221 -63.5865 37
      vertex 77.6371 -66.8038 37
    endloop
  endfacet
  facet normal -0 0 1
    outer loop
      vertex 76.6937 -63.6938 37
      vertex 77.6371 -66.8038 37
      vertex 77.1221 -63.5865 37
    endloop
  endfacet
  facet normal 0 0 1
    outer loop
      vertex 77.6371 -66.8038 37
      vertex 76.6937 -63.6938 37
      vertex 77.5216 -66.8452 37
    endloop
  endfacet
  facet normal -0 0 1
    outer loop
      vertex 76.2779 -63.8425 37
      vertex 77.5216 -66.8452 37
      vertex 76.6937 -63.6938 37
    endloop
  endfacet
  facet normal 0 0 1
    outer loop
      vertex 77.5216 -66.8452 37
      vertex 76.2779 -63.8425 37
      vertex 77.4108 -66.8976 37
    endloop
  endfacet
  facet normal -0 0 1
    outer loop
      vertex 75.8787 -64.0314 37
      vertex 77.4108 -66.8976 37
      vertex 76.2779 -63.8425 37
    endloop
  endfacet
  facet normal 0 0 1
    outer loop
      vertex 77.4108 -66.8976 37
      vertex 75.8787 -64.0314 37
      vertex 77.3055 -66.9607 37
    endloop
  endfacet
  facet normal -0 0 1
    outer loop
      vertex 75.4999 -64.2584 37
      vertex 77.3055 -66.9607 37
      vertex 75.8787 -64.0314 37
    endloop
  endfacet
  facet normal 0 0 1
    outer loop
      vertex 77.3055 -66.9607 37
      vertex 75.4999 -64.2584 37
      vertex 77.207 -67.0337 37
    endloop
  endfacet
  facet normal -0 0 1
    outer loop
      vertex 75.1452 -64.5215 37
      vertex 77.207 -67.0337 37
      vertex 75.4999 -64.2584 37
    endloop
  endfacet
  facet normal 0 0 1
    outer loop
      vertex 77.207 -67.0337 37
      vertex 75.1452 -64.5215 37
      vertex 77.1161 -67.1161 37
    endloop
  endfacet
  facet normal -0 0 1
    outer loop
      vertex 74.818 -64.818 37
      vertex 77.1161 -67.1161 37
      vertex 75.1452 -64.5215 37
    endloop
  endfacet
  facet normal 0 0 1
    outer loop
      vertex 77.1161 -67.1161 37
      vertex 74.818 -64.818 37
      vertex 77.0337 -67.207 37
    endloop
  endfacet
  facet normal 0 0 1
    outer loop
      vertex 77.0337 -67.207 37
      vertex 74.5215 -65.1452 37
      vertex 76.9607 -67.3055 37
    endloop
  endfacet
  facet normal -0 0 1
    outer loop
      vertex 74.5215 -65.1452 37
      vertex 77.0337 -67.207 37
      vertex 74.818 -64.818 37
    endloop
  endfacet
  facet normal 0 0 1
    outer loop
      vertex 82.6 65 37
      vertex 85 65 37
      vertex 84.9518 65.9802 37
    endloop
  endfacet
  facet normal 0 0 1
    outer loop
      vertex 85 65 37
      vertex 82.6 65 37
      vertex 85 -65 37
    endloop
  endfacet
  facet normal 0 0 1
    outer loop
      vertex 82.5634 65.7449 37
      vertex 84.9518 65.9802 37
      vertex 84.8078 66.9509 37
    endloop
  endfacet
  facet normal 0 0 1
    outer loop
      vertex 82.6 -65 37
      vertex 85 -65 37
      vertex 82.6 65 37
    endloop
  endfacet
  facet normal 0 0 1
    outer loop
      vertex 82.3537 66.8831 37
      vertex 84.8078 66.9509 37
      vertex 84.5694 67.9028 37
    endloop
  endfacet
  facet normal 0 0 1
    outer loop
      vertex 85 -65 37
      vertex 82.6 -65 37
      vertex 84.9518 -65.9802 37
    endloop
  endfacet
  facet normal 0 0 1
    outer loop
      vertex 82.3537 66.8831 37
      vertex 84.5694 67.9028 37
      vertex 84.2388 68.8268 37
    endloop
  endfacet
  facet normal -0 0 1
    outer loop
      vertex 82.5634 -65.7449 37
      vertex 84.9518 -65.9802 37
      vertex 82.6 -65 37
    endloop
  endfacet
  facet normal 0 0 1
    outer loop
      vertex 82.3537 66.8831 37
      vertex 84.2388 68.8268 37
      vertex 83.8192 69.714 37
    endloop
  endfacet
  facet normal 0 0 1
    outer loop
      vertex 84.9518 -65.9802 37
      vertex 82.5634 -65.7449 37
      vertex 84.8078 -66.9509 37
    endloop
  endfacet
  facet normal 0 0 1
    outer loop
      vertex 82.3537 66.8831 37
      vertex 83.8192 69.714 37
      vertex 83.3147 70.5557 37
    endloop
  endfacet
  facet normal -0 0 1
    outer loop
      vertex 82.454 -66.4827 37
      vertex 84.8078 -66.9509 37
      vertex 82.5634 -65.7449 37
    endloop
  endfacet
  facet normal 0 0 1
    outer loop
      vertex 79.1024 68.5892 37
      vertex 83.3147 70.5557 37
      vertex 82.7301 71.3439 37
    endloop
  endfacet
  facet normal -0 0 1
    outer loop
      vertex 82.3537 -66.8831 37
      vertex 84.8078 -66.9509 37
      vertex 82.454 -66.4827 37
    endloop
  endfacet
  facet normal 0 0 1
    outer loop
      vertex 84.8078 -66.9509 37
      vertex 82.3537 -66.8831 37
      vertex 84.5694 -67.9028 37
    endloop
  endfacet
  facet normal 0 0 1
    outer loop
      vertex 84.9518 65.9802 37
      vertex 82.5634 65.7449 37
      vertex 82.6 65 37
    endloop
  endfacet
  facet normal 0 0 1
    outer loop
      vertex 84.8078 66.9509 37
      vertex 82.454 66.4827 37
      vertex 82.5634 65.7449 37
    endloop
  endfacet
  facet normal 0 0 1
    outer loop
      vertex 84.8078 66.9509 37
      vertex 82.3537 66.8831 37
      vertex 82.454 66.4827 37
    endloop
  endfacet
  facet normal 0 0 1
    outer loop
      vertex 83.3147 70.5557 37
      vertex 79.1962 68.3629 37
      vertex 82.3537 66.8831 37
    endloop
  endfacet
  facet normal -0 -0 1
    outer loop
      vertex 79.226 68.2439 37
      vertex 82.3537 66.8831 37
      vertex 79.1962 68.3629 37
    endloop
  endfacet
  facet normal 0 0 1
    outer loop
      vertex 78.9663 68.793 37
      vertex 82.7301 71.3439 37
      vertex 82.0711 72.0711 37
    endloop
  endfacet
  facet normal -0 -0 1
    outer loop
      vertex 79.244 68.1225 37
      vertex 82.3537 66.8831 37
      vertex 79.226 68.2439 37
    endloop
  endfacet
  facet normal -0 0 1
    outer loop
      vertex 79.244 67.8775 37
      vertex 82.3537 66.8831 37
      vertex 79.25 68 37
    endloop
  endfacet
  facet normal -0 0 1
    outer loop
      vertex 79.226 67.7561 37
      vertex 82.3537 66.8831 37
      vertex 79.244 67.8775 37
    endloop
  endfacet
  facet normal 0 0 1
    outer loop
      vertex 78.793 68.9663 37
      vertex 82.0711 72.0711 37
      vertex 81.3439 72.7301 37
    endloop
  endfacet
  facet normal -0 0 1
    outer loop
      vertex 79.1962 67.6371 37
      vertex 82.3537 66.8831 37
      vertex 79.226 67.7561 37
    endloop
  endfacet
  facet normal 0 0 1
    outer loop
      vertex 82.3062 66.6937 37
      vertex 79.1962 67.6371 37
      vertex 82.1575 66.2779 37
    endloop
  endfacet
  facet normal 0 0 1
    outer loop
      vertex 78.5892 69.1024 37
      vertex 81.3439 72.7301 37
      vertex 80.5557 73.3147 37
    endloop
  endfacet
  facet normal -0 0 1
    outer loop
      vertex 79.1548 67.5216 37
      vertex 82.1575 66.2779 37
      vertex 79.1962 67.6371 37
    endloop
  endfacet
  facet normal 0 0 1
    outer loop
      vertex 82.1575 66.2779 37
      vertex 79.1548 67.5216 37
      vertex 81.9686 65.8787 37
    endloop
  endfacet
  facet normal 0 0 1
    outer loop
      vertex 81.9686 65.8787 37
      vertex 79.1024 67.4108 37
      vertex 81.7416 65.4999 37
    endloop
  endfacet
  facet normal 0 0 1
    outer loop
      vertex 76.8831 72.3537 37
      vertex 80.5557 73.3147 37
      vertex 79.714 73.8192 37
    endloop
  endfacet
  facet normal -0 0 1
    outer loop
      vertex 79.0393 67.3055 37
      vertex 81.7416 65.4999 37
      vertex 79.1024 67.4108 37
    endloop
  endfacet
  facet normal 0 0 1
    outer loop
      vertex 81.7416 65.4999 37
      vertex 79.0393 67.3055 37
      vertex 81.4785 65.1452 37
    endloop
  endfacet
  facet normal -0 0 1
    outer loop
      vertex 79.1024 67.4108 37
      vertex 81.9686 65.8787 37
      vertex 79.1548 67.5216 37
    endloop
  endfacet
  facet normal 0 0 1
    outer loop
      vertex 82.3537 66.8831 37
      vertex 79.1962 67.6371 37
      vertex 82.3062 66.6937 37
    endloop
  endfacet
  facet normal -0 -0 1
    outer loop
      vertex 79.25 68 37
      vertex 82.3537 66.8831 37
      vertex 79.244 68.1225 37
    endloop
  endfacet
  facet normal 0 0 1
    outer loop
      vertex 83.3147 70.5557 37
      vertex 79.1548 68.4784 37
      vertex 79.1962 68.3629 37
    endloop
  endfacet
  facet normal 0 0 1
    outer loop
      vertex 83.3147 70.5557 37
      vertex 79.1024 68.5892 37
      vertex 79.1548 68.4784 37
    endloop
  endfacet
  facet normal 0 0 1
    outer loop
      vertex 82.7301 71.3439 37
      vertex 79.0393 68.6945 37
      vertex 79.1024 68.5892 37
    endloop
  endfacet
  facet normal 0 0 1
    outer loop
      vertex 82.7301 71.3439 37
      vertex 78.9663 68.793 37
      vertex 79.0393 68.6945 37
    endloop
  endfacet
  facet normal 0 0 1
    outer loop
      vertex 82.0711 72.0711 37
      vertex 78.8839 68.8839 37
      vertex 78.9663 68.793 37
    endloop
  endfacet
  facet normal 0 0 1
    outer loop
      vertex 76.8831 72.3537 37
      vertex 79.714 73.8192 37
      vertex 78.8268 74.2388 37
    endloop
  endfacet
  facet normal 0 0 1
    outer loop
      vertex 82.0711 72.0711 37
      vertex 78.793 68.9663 37
      vertex 78.8839 68.8839 37
    endloop
  endfacet
  facet normal 0 0 1
    outer loop
      vertex 81.3439 72.7301 37
      vertex 78.6945 69.0393 37
      vertex 78.793 68.9663 37
    endloop
  endfacet
  facet normal 0 0 1
    outer loop
      vertex 81.3439 72.7301 37
      vertex 78.5892 69.1024 37
      vertex 78.6945 69.0393 37
    endloop
  endfacet
  facet normal 0 0 1
    outer loop
      vertex 80.5557 73.3147 37
      vertex 78.4784 69.1548 37
      vertex 78.5892 69.1024 37
    endloop
  endfacet
  facet normal 0 0 1
    outer loop
      vertex 80.5557 73.3147 37
      vertex 76.8831 72.3537 37
      vertex 78.3629 69.1962 37
    endloop
  endfacet
  facet normal 0 0 1
    outer loop
      vertex 80.5557 73.3147 37
      vertex 78.3629 69.1962 37
      vertex 78.4784 69.1548 37
    endloop
  endfacet
  facet normal 0 0 1
    outer loop
      vertex 78.3629 69.1962 37
      vertex 76.8831 72.3537 37
      vertex 78.2439 69.226 37
    endloop
  endfacet
  facet normal 0 0 1
    outer loop
      vertex 78.2439 69.226 37
      vertex 76.8831 72.3537 37
      vertex 78.1225 69.244 37
    endloop
  endfacet
  facet normal 0 0 1
    outer loop
      vertex 76.8831 72.3537 37
      vertex 78.8268 74.2388 37
      vertex 77.9028 74.5694 37
    endloop
  endfacet
  facet normal 0 0 1
    outer loop
      vertex 78.1225 69.244 37
      vertex 76.8831 72.3537 37
      vertex 78 69.25 37
    endloop
  endfacet
  facet normal 0 0 1
    outer loop
      vertex 78 69.25 37
      vertex 76.8831 72.3537 37
      vertex 77.8775 69.244 37
    endloop
  endfacet
  facet normal 0 0 1
    outer loop
      vertex 77.8775 69.244 37
      vertex 76.8831 72.3537 37
      vertex 77.7561 69.226 37
    endloop
  endfacet
  facet normal 0 0 1
    outer loop
      vertex 77.7561 69.226 37
      vertex 76.8831 72.3537 37
      vertex 77.6371 69.1962 37
    endloop
  endfacet
  facet normal -0 0 1
    outer loop
      vertex 76.6937 72.3062 37
      vertex 77.6371 69.1962 37
      vertex 76.8831 72.3537 37
    endloop
  endfacet
  facet normal 0 0 1
    outer loop
      vertex 77.6371 69.1962 37
      vertex 76.6937 72.3062 37
      vertex 77.5216 69.1548 37
    endloop
  endfacet
  facet normal -0 0 1
    outer loop
      vertex 76.2779 72.1575 37
      vertex 77.5216 69.1548 37
      vertex 76.6937 72.3062 37
    endloop
  endfacet
  facet normal 0 0 1
    outer loop
      vertex 77.5216 69.1548 37
      vertex 76.2779 72.1575 37
      vertex 77.4108 69.1024 37
    endloop
  endfacet
  facet normal -0 0 1
    outer loop
      vertex 75.8787 71.9686 37
      vertex 77.4108 69.1024 37
      vertex 76.2779 72.1575 37
    endloop
  endfacet
  facet normal 0 0 1
    outer loop
      vertex 77.4108 69.1024 37
      vertex 75.8787 71.9686 37
      vertex 77.3055 69.0393 37
    endloop
  endfacet
  facet normal 0 0 1
    outer loop
      vertex 76.8831 72.3537 37
      vertex 77.9028 74.5694 37
      vertex 76.9509 74.8078 37
    endloop
  endfacet
  facet normal -0 0 1
    outer loop
      vertex 75.4999 71.7416 37
      vertex 77.3055 69.0393 37
      vertex 75.8787 71.9686 37
    endloop
  endfacet
  facet normal 0 0 1
    outer loop
      vertex 77.3055 69.0393 37
      vertex 75.4999 71.7416 37
      vertex 77.207 68.9663 37
    endloop
  endfacet
  facet normal 0 0 1
    outer loop
      vertex 76.9509 74.8078 37
      vertex 76.4827 72.454 37
      vertex 76.8831 72.3537 37
    endloop
  endfacet
  facet normal 0 0 1
    outer loop
      vertex 75.9802 74.9518 37
      vertex 76.4827 72.454 37
      vertex 76.9509 74.8078 37
    endloop
  endfacet
  facet normal 0 0 1
    outer loop
      vertex 75.9802 74.9518 37
      vertex 75.7449 72.5634 37
      vertex 76.4827 72.454 37
    endloop
  endfacet
  facet normal 0 0 1
    outer loop
      vertex 75 75 37
      vertex 75.7449 72.5634 37
      vertex 75.9802 74.9518 37
    endloop
  endfacet
  facet normal 0 0 1
    outer loop
      vertex 75 75 37
      vertex 75 72.6 37
      vertex 75.7449 72.5634 37
    endloop
  endfacet
  facet normal -0 0 1
    outer loop
      vertex -75 75 37
      vertex 75 72.6 37
      vertex 75 75 37
    endloop
  endfacet
  facet normal 0 0 1
    outer loop
      vertex -75 75 37
      vertex -75 72.6 37
      vertex 75 72.6 37
    endloop
  endfacet
  facet normal 0 0 1
    outer loop
      vertex -75 75 37
      vertex -75.7449 72.5634 37
      vertex -75 72.6 37
    endloop
  endfacet
  facet normal -0 0 1
    outer loop
      vertex -75.9802 74.9518 37
      vertex -75.7449 72.5634 37
      vertex -75 75 37
    endloop
  endfacet
  facet normal 0 0 1
    outer loop
      vertex -75.9802 74.9518 37
      vertex -76.4827 72.454 37
      vertex -75.7449 72.5634 37
    endloop
  endfacet
  facet normal -0 0 1
    outer loop
      vertex -76.9509 74.8078 37
      vertex -76.4827 72.454 37
      vertex -75.9802 74.9518 37
    endloop
  endfacet
  facet normal 0 0 1
    outer loop
      vertex -76.4827 72.454 37
      vertex -76.9509 74.8078 37
      vertex -76.8831 72.3537 37
    endloop
  endfacet
  facet normal -0 0 1
    outer loop
      vertex -77.9028 74.5694 37
      vertex -76.8831 72.3537 37
      vertex -76.9509 74.8078 37
    endloop
  endfacet
  facet normal 0 0 1
    outer loop
      vertex -74.2584 70.5001 37
      vertex -76.9607 68.6945 37
      vertex -76.8976 68.5892 37
    endloop
  endfacet
  facet normal 0 0 1
    outer loop
      vertex -74.5215 70.8548 37
      vertex -77.0337 68.793 37
      vertex -76.9607 68.6945 37
    endloop
  endfacet
  facet normal 0 0 1
    outer loop
      vertex -74.818 71.182 37
      vertex -77.1161 68.8839 37
      vertex -77.0337 68.793 37
    endloop
  endfacet
  facet normal 0 0 1
    outer loop
      vertex -75.1452 71.4785 37
      vertex -77.207 68.9663 37
      vertex -77.1161 68.8839 37
    endloop
  endfacet
  facet normal 0 0 1
    outer loop
      vertex -75.4999 71.7416 37
      vertex -77.3055 69.0393 37
      vertex -77.207 68.9663 37
    endloop
  endfacet
  facet normal 0 0 1
    outer loop
      vertex -75.8787 71.9686 37
      vertex -77.4108 69.1024 37
      vertex -77.3055 69.0393 37
    endloop
  endfacet
  facet normal 0 0 1
    outer loop
      vertex -76.2779 72.1575 37
      vertex -77.5216 69.1548 37
      vertex -77.4108 69.1024 37
    endloop
  endfacet
  facet normal 0 0 1
    outer loop
      vertex -76.6937 72.3062 37
      vertex -77.6371 69.1962 37
      vertex -77.5216 69.1548 37
    endloop
  endfacet
  facet normal -0 0 1
    outer loop
      vertex -78.8268 74.2388 37
      vertex -76.8831 72.3537 37
      vertex -77.9028 74.5694 37
    endloop
  endfacet
  facet normal 0 0 1
    outer loop
      vertex -76.8831 72.3537 37
      vertex -77.7561 69.226 37
      vertex -77.6371 69.1962 37
    endloop
  endfacet
  facet normal 0 0 1
    outer loop
      vertex -76.8831 72.3537 37
      vertex -77.8775 69.244 37
      vertex -77.7561 69.226 37
    endloop
  endfacet
  facet normal -0 0 1
    outer loop
      vertex -79.714 73.8192 37
      vertex -76.8831 72.3537 37
      vertex -78.8268 74.2388 37
    endloop
  endfacet
  facet normal 0 0 1
    outer loop
      vertex -76.8831 72.3537 37
      vertex -78 69.25 37
      vertex -77.8775 69.244 37
    endloop
  endfacet
  facet normal 0 0 1
    outer loop
      vertex -76.8831 72.3537 37
      vertex -78.1225 69.244 37
      vertex -78 69.25 37
    endloop
  endfacet
  facet normal -0 0 1
    outer loop
      vertex -80.5557 73.3147 37
      vertex -76.8831 72.3537 37
      vertex -79.714 73.8192 37
    endloop
  endfacet
  facet normal 0 0 1
    outer loop
      vertex -76.8831 72.3537 37
      vertex -78.2439 69.226 37
      vertex -78.1225 69.244 37
    endloop
  endfacet
  facet normal 0 0 1
    outer loop
      vertex -76.8831 72.3537 37
      vertex -78.3629 69.1962 37
      vertex -78.2439 69.226 37
    endloop
  endfacet
  facet normal 0 0 1
    outer loop
      vertex -76.8831 72.3537 37
      vertex -80.5557 73.3147 37
      vertex -78.3629 69.1962 37
    endloop
  endfacet
  facet normal 0 0 1
    outer loop
      vertex -78.3629 69.1962 37
      vertex -80.5557 73.3147 37
      vertex -78.4784 69.1548 37
    endloop
  endfacet
  facet normal 0 0 1
    outer loop
      vertex -78.4784 69.1548 37
      vertex -80.5557 73.3147 37
      vertex -78.5892 69.1024 37
    endloop
  endfacet
  facet normal -0 0 1
    outer loop
      vertex -81.3439 72.7301 37
      vertex -78.5892 69.1024 37
      vertex -80.5557 73.3147 37
    endloop
  endfacet
  facet normal 0 0 1
    outer loop
      vertex -78.5892 69.1024 37
      vertex -81.3439 72.7301 37
      vertex -78.6945 69.0393 37
    endloop
  endfacet
  facet normal 0 0 1
    outer loop
      vertex -78.6945 69.0393 37
      vertex -81.3439 72.7301 37
      vertex -78.793 68.9663 37
    endloop
  endfacet
  facet normal -0 0 1
    outer loop
      vertex -82.0711 72.0711 37
      vertex -78.793 68.9663 37
      vertex -81.3439 72.7301 37
    endloop
  endfacet
  facet normal 0 0 1
    outer loop
      vertex -78.793 68.9663 37
      vertex -82.0711 72.0711 37
      vertex -78.8839 68.8839 37
    endloop
  endfacet
  facet normal 0 0 1
    outer loop
      vertex -78.8839 68.8839 37
      vertex -82.0711 72.0711 37
      vertex -78.9663 68.793 37
    endloop
  endfacet
  facet normal -0 0 1
    outer loop
      vertex -82.7301 71.3439 37
      vertex -78.9663 68.793 37
      vertex -82.0711 72.0711 37
    endloop
  endfacet
  facet normal 0 0 1
    outer loop
      vertex -78.9663 68.793 37
      vertex -82.7301 71.3439 37
      vertex -79.0393 68.6945 37
    endloop
  endfacet
  facet normal 0 0 1
    outer loop
      vertex -79.0393 68.6945 37
      vertex -82.7301 71.3439 37
      vertex -79.1024 68.5892 37
    endloop
  endfacet
  facet normal -0 0 1
    outer loop
      vertex -83.3147 70.5557 37
      vertex -79.1024 68.5892 37
      vertex -82.7301 71.3439 37
    endloop
  endfacet
  facet normal 0 0 1
    outer loop
      vertex -79.1024 68.5892 37
      vertex -83.3147 70.5557 37
      vertex -79.1548 68.4784 37
    endloop
  endfacet
  facet normal 0 0 1
    outer loop
      vertex -79.1962 67.6371 37
      vertex -82.3537 66.8831 37
      vertex -82.3062 66.6937 37
    endloop
  endfacet
  facet normal 0 0 1
    outer loop
      vertex -78.4784 66.8452 37
      vertex -79.7221 63.8425 37
      vertex -79.3063 63.6938 37
    endloop
  endfacet
  facet normal 0 0 1
    outer loop
      vertex -78.5892 66.8976 37
      vertex -80.1213 64.0314 37
      vertex -79.7221 63.8425 37
    endloop
  endfacet
  facet normal 0 0 1
    outer loop
      vertex -79.1548 68.4784 37
      vertex -83.3147 70.5557 37
      vertex -79.1962 68.3629 37
    endloop
  endfacet
  facet normal 0 0 1
    outer loop
      vertex -78.6945 66.9607 37
      vertex -80.5001 64.2584 37
      vertex -80.1213 64.0314 37
    endloop
  endfacet
  facet normal 0 0 1
    outer loop
      vertex -78.793 67.0337 37
      vertex -80.8548 64.5215 37
      vertex -80.5001 64.2584 37
    endloop
  endfacet
  facet normal 0 -0 1
    outer loop
      vertex -82.3537 66.8831 37
      vertex -79.1962 68.3629 37
      vertex -83.3147 70.5557 37
    endloop
  endfacet
  facet normal 0 0 1
    outer loop
      vertex -78.8839 67.1161 37
      vertex -81.182 64.818 37
      vertex -80.8548 64.5215 37
    endloop
  endfacet
  facet normal 0 0 1
    outer loop
      vertex -78.9663 67.207 37
      vertex -81.4785 65.1452 37
      vertex -81.182 64.818 37
    endloop
  endfacet
  facet normal 0 0 1
    outer loop
      vertex -79.0393 67.3055 37
      vertex -81.7416 65.4999 37
      vertex -81.4785 65.1452 37
    endloop
  endfacet
  facet normal 0 0 1
    outer loop
      vertex -79.1962 68.3629 37
      vertex -82.3537 66.8831 37
      vertex -79.226 68.2439 37
    endloop
  endfacet
  facet normal 0 0 1
    outer loop
      vertex -79.1024 67.4108 37
      vertex -81.9686 65.8787 37
      vertex -81.7416 65.4999 37
    endloop
  endfacet
  facet normal 0 0 1
    outer loop
      vertex -79.1548 67.5216 37
      vertex -82.1575 66.2779 37
      vertex -81.9686 65.8787 37
    endloop
  endfacet
  facet normal 0 0 1
    outer loop
      vertex -79.1962 67.6371 37
      vertex -82.3062 66.6937 37
      vertex -82.1575 66.2779 37
    endloop
  endfacet
  facet normal 0 0 1
    outer loop
      vertex -79.226 68.2439 37
      vertex -82.3537 66.8831 37
      vertex -79.244 68.1225 37
    endloop
  endfacet
  facet normal 0 0 1
    outer loop
      vertex -79.244 68.1225 37
      vertex -82.3537 66.8831 37
      vertex -79.25 68 37
    endloop
  endfacet
  facet normal -0 0 1
    outer loop
      vertex -84.5694 67.9028 37
      vertex -82.3537 66.8831 37
      vertex -84.2388 68.8268 37
    endloop
  endfacet
  facet normal -0 0 1
    outer loop
      vertex -84.2388 68.8268 37
      vertex -82.3537 66.8831 37
      vertex -83.8192 69.714 37
    endloop
  endfacet
  facet normal -0 0 1
    outer loop
      vertex -83.8192 69.714 37
      vertex -82.3537 66.8831 37
      vertex -83.3147 70.5557 37
    endloop
  endfacet
  facet normal 0 0 1
    outer loop
      vertex 84.5694 -67.9028 37
      vertex 82.3537 -66.8831 37
      vertex 84.2388 -68.8268 37
    endloop
  endfacet
  facet normal 0 0 1
    outer loop
      vertex 84.2388 -68.8268 37
      vertex 82.3537 -66.8831 37
      vertex 83.8192 -69.714 37
    endloop
  endfacet
  facet normal 0 0 1
    outer loop
      vertex 83.8192 -69.714 37
      vertex 82.3537 -66.8831 37
      vertex 83.3147 -70.5557 37
    endloop
  endfacet
  facet normal -0 0 1
    outer loop
      vertex 79.1962 -68.3629 37
      vertex 83.3147 -70.5557 37
      vertex 82.3537 -66.8831 37
    endloop
  endfacet
  facet normal 0 0 1
    outer loop
      vertex 79.244 -67.8775 37
      vertex 82.3537 -66.8831 37
      vertex 82.3062 -66.6937 37
    endloop
  endfacet
  facet normal 0 0 1
    outer loop
      vertex 79.244 -67.8775 37
      vertex 82.3062 -66.6937 37
      vertex 82.1575 -66.2779 37
    endloop
  endfacet
  facet normal 0 0 1
    outer loop
      vertex 82.3537 -66.8831 37
      vertex 79.226 -68.2439 37
      vertex 79.1962 -68.3629 37
    endloop
  endfacet
  facet normal 0 0 1
    outer loop
      vertex 79.244 -67.8775 37
      vertex 82.1575 -66.2779 37
      vertex 81.9686 -65.8787 37
    endloop
  endfacet
  facet normal 0 0 1
    outer loop
      vertex 79.244 -67.8775 37
      vertex 81.9686 -65.8787 37
      vertex 81.7416 -65.4999 37
    endloop
  endfacet
  facet normal 0 0 1
    outer loop
      vertex 79.244 -67.8775 37
      vertex 81.7416 -65.4999 37
      vertex 81.4785 -65.1452 37
    endloop
  endfacet
  facet normal 0 0 1
    outer loop
      vertex 82.3537 -66.8831 37
      vertex 79.244 -68.1225 37
      vertex 79.226 -68.2439 37
    endloop
  endfacet
  facet normal 0 0 1
    outer loop
      vertex 79.244 -67.8775 37
      vertex 81.4785 -65.1452 37
      vertex 81.182 -64.818 37
    endloop
  endfacet
  facet normal 0 0 1
    outer loop
      vertex 79.244 -67.8775 37
      vertex 81.182 -64.818 37
      vertex 80.8548 -64.5215 37
    endloop
  endfacet
  facet normal -0 0 1
    outer loop
      vertex 79.1548 -68.4784 37
      vertex 83.3147 -70.5557 37
      vertex 79.1962 -68.3629 37
    endloop
  endfacet
  facet normal 0 0 1
    outer loop
      vertex 79.244 -67.8775 37
      vertex 80.8548 -64.5215 37
      vertex 80.5001 -64.2584 37
    endloop
  endfacet
  facet normal 0 0 1
    outer loop
      vertex 79.244 -67.8775 37
      vertex 80.5001 -64.2584 37
      vertex 80.1213 -64.0314 37
    endloop
  endfacet
  facet normal 0 0 1
    outer loop
      vertex 79.244 -67.8775 37
      vertex 80.1213 -64.0314 37
      vertex 79.7221 -63.8425 37
    endloop
  endfacet
  facet normal 0 0 1
    outer loop
      vertex 82.3537 -66.8831 37
      vertex 79.25 -68 37
      vertex 79.244 -68.1225 37
    endloop
  endfacet
  facet normal 0 0 1
    outer loop
      vertex 78.4784 -66.8452 37
      vertex 79.7221 -63.8425 37
      vertex 79.3063 -63.6938 37
    endloop
  endfacet
  facet normal -0 0 1
    outer loop
      vertex 79.1024 -68.5892 37
      vertex 83.3147 -70.5557 37
      vertex 79.1548 -68.4784 37
    endloop
  endfacet
  facet normal 0 0 1
    outer loop
      vertex 83.3147 -70.5557 37
      vertex 79.1024 -68.5892 37
      vertex 82.7301 -71.3439 37
    endloop
  endfacet
  facet normal -0 0 1
    outer loop
      vertex 79.0393 -68.6945 37
      vertex 82.7301 -71.3439 37
      vertex 79.1024 -68.5892 37
    endloop
  endfacet
  facet normal -0 0 1
    outer loop
      vertex 78.9663 -68.793 37
      vertex 82.7301 -71.3439 37
      vertex 79.0393 -68.6945 37
    endloop
  endfacet
  facet normal 0 0 1
    outer loop
      vertex 82.7301 -71.3439 37
      vertex 78.9663 -68.793 37
      vertex 82.0711 -72.0711 37
    endloop
  endfacet
  facet normal -0 0 1
    outer loop
      vertex 78.8839 -68.8839 37
      vertex 82.0711 -72.0711 37
      vertex 78.9663 -68.793 37
    endloop
  endfacet
  facet normal -0 0 1
    outer loop
      vertex 78.793 -68.9663 37
      vertex 82.0711 -72.0711 37
      vertex 78.8839 -68.8839 37
    endloop
  endfacet
  facet normal 0 0 1
    outer loop
      vertex 82.0711 -72.0711 37
      vertex 78.793 -68.9663 37
      vertex 81.3439 -72.7301 37
    endloop
  endfacet
  facet normal -0 0 1
    outer loop
      vertex 78.6945 -69.0393 37
      vertex 81.3439 -72.7301 37
      vertex 78.793 -68.9663 37
    endloop
  endfacet
  facet normal -0 0 1
    outer loop
      vertex 78.5892 -69.1024 37
      vertex 81.3439 -72.7301 37
      vertex 78.6945 -69.0393 37
    endloop
  endfacet
  facet normal 0 0 1
    outer loop
      vertex 81.3439 -72.7301 37
      vertex 78.5892 -69.1024 37
      vertex 80.5557 -73.3147 37
    endloop
  endfacet
  facet normal -0 0 1
    outer loop
      vertex 78.4784 -69.1548 37
      vertex 80.5557 -73.3147 37
      vertex 78.5892 -69.1024 37
    endloop
  endfacet
  facet normal -0 0 1
    outer loop
      vertex 78.3629 -69.1962 37
      vertex 80.5557 -73.3147 37
      vertex 78.4784 -69.1548 37
    endloop
  endfacet
  facet normal -0 0 1
    outer loop
      vertex 76.8831 -72.3537 37
      vertex 80.5557 -73.3147 37
      vertex 78.3629 -69.1962 37
    endloop
  endfacet
  facet normal 0 0 1
    outer loop
      vertex 80.5557 -73.3147 37
      vertex 76.8831 -72.3537 37
      vertex 79.714 -73.8192 37
    endloop
  endfacet
  facet normal 0 0 1
    outer loop
      vertex 76.8831 -72.3537 37
      vertex 78.3629 -69.1962 37
      vertex 78.2439 -69.226 37
    endloop
  endfacet
  facet normal 0 0 1
    outer loop
      vertex 76.8831 -72.3537 37
      vertex 78.2439 -69.226 37
      vertex 78.1225 -69.244 37
    endloop
  endfacet
  facet normal 0 0 1
    outer loop
      vertex 76.8831 -72.3537 37
      vertex 78.1225 -69.244 37
      vertex 78 -69.25 37
    endloop
  endfacet
  facet normal 0 0 1
    outer loop
      vertex 79.714 -73.8192 37
      vertex 76.8831 -72.3537 37
      vertex 78.8268 -74.2388 37
    endloop
  endfacet
  facet normal 0 0 1
    outer loop
      vertex 76.8831 -72.3537 37
      vertex 78 -69.25 37
      vertex 77.8775 -69.244 37
    endloop
  endfacet
  facet normal 0 0 1
    outer loop
      vertex 76.8831 -72.3537 37
      vertex 77.8775 -69.244 37
      vertex 77.7561 -69.226 37
    endloop
  endfacet
  facet normal 0 0 1
    outer loop
      vertex 76.8831 -72.3537 37
      vertex 77.7561 -69.226 37
      vertex 77.6371 -69.1962 37
    endloop
  endfacet
  facet normal 0 0 1
    outer loop
      vertex 76.8831 -72.3537 37
      vertex 77.6371 -69.1962 37
      vertex 77.5216 -69.1548 37
    endloop
  endfacet
  facet normal 0 0 1
    outer loop
      vertex 76.8831 -72.3537 37
      vertex 77.5216 -69.1548 37
      vertex 77.4108 -69.1024 37
    endloop
  endfacet
  facet normal 0 0 1
    outer loop
      vertex 76.8831 -72.3537 37
      vertex 77.4108 -69.1024 37
      vertex 77.3055 -69.0393 37
    endloop
  endfacet
  facet normal 0 0 1
    outer loop
      vertex 76.8831 -72.3537 37
      vertex 77.3055 -69.0393 37
      vertex 77.207 -68.9663 37
    endloop
  endfacet
  facet normal 0 0 1
    outer loop
      vertex 76.8831 -72.3537 37
      vertex 77.207 -68.9663 37
      vertex 77.1161 -68.8839 37
    endloop
  endfacet
  facet normal 0 0 1
    outer loop
      vertex 76.8831 -72.3537 37
      vertex 77.1161 -68.8839 37
      vertex 77.0337 -68.793 37
    endloop
  endfacet
  facet normal 0 0 1
    outer loop
      vertex 76.8831 -72.3537 37
      vertex 77.0337 -68.793 37
      vertex 76.9607 -68.6945 37
    endloop
  endfacet
  facet normal 0 0 1
    outer loop
      vertex 78.8268 -74.2388 37
      vertex 76.8831 -72.3537 37
      vertex 77.9028 -74.5694 37
    endloop
  endfacet
  facet normal 0 0 1
    outer loop
      vertex 76.8831 -72.3537 37
      vertex 76.9607 -68.6945 37
      vertex 76.8976 -68.5892 37
    endloop
  endfacet
  facet normal 0 0 1
    outer loop
      vertex 77.9028 -74.5694 37
      vertex 76.8831 -72.3537 37
      vertex 76.9509 -74.8078 37
    endloop
  endfacet
  facet normal -0 0 1
    outer loop
      vertex 76.4827 -72.454 37
      vertex 76.9509 -74.8078 37
      vertex 76.8831 -72.3537 37
    endloop
  endfacet
  facet normal 0 0 1
    outer loop
      vertex 76.4827 -72.454 37
      vertex 75.9802 -74.9518 37
      vertex 76.9509 -74.8078 37
    endloop
  endfacet
  facet normal -0 0 1
    outer loop
      vertex 75.7449 -72.5634 37
      vertex 75.9802 -74.9518 37
      vertex 76.4827 -72.454 37
    endloop
  endfacet
  facet normal -0 0 1
    outer loop
      vertex 75 -72.6 37
      vertex 75.9802 -74.9518 37
      vertex 75.7449 -72.5634 37
    endloop
  endfacet
  facet normal 0 0 1
    outer loop
      vertex 75 -72.6 37
      vertex 75 -75 37
      vertex 75.9802 -74.9518 37
    endloop
  endfacet
  facet normal -0 0 1
    outer loop
      vertex -75 -72.6 37
      vertex 75 -75 37
      vertex 75 -72.6 37
    endloop
  endfacet
  facet normal 0 0 1
    outer loop
      vertex -75 -72.6 37
      vertex -75 -75 37
      vertex 75 -75 37
    endloop
  endfacet
  facet normal 0 0 1
    outer loop
      vertex -75.7449 -72.5634 37
      vertex -75 -75 37
      vertex -75 -72.6 37
    endloop
  endfacet
  facet normal 0 0 1
    outer loop
      vertex -75.7449 -72.5634 37
      vertex -75.9802 -74.9518 37
      vertex -75 -75 37
    endloop
  endfacet
  facet normal 0 0 1
    outer loop
      vertex -76.4827 -72.454 37
      vertex -75.9802 -74.9518 37
      vertex -75.7449 -72.5634 37
    endloop
  endfacet
  facet normal 0 0 1
    outer loop
      vertex -76.9509 -74.8078 37
      vertex -76.4827 -72.454 37
      vertex -76.8831 -72.3537 37
    endloop
  endfacet
  facet normal 0 0 1
    outer loop
      vertex -76.4827 -72.454 37
      vertex -76.9509 -74.8078 37
      vertex -75.9802 -74.9518 37
    endloop
  endfacet
  facet normal -0 0 1
    outer loop
      vertex -77.3055 -69.0393 37
      vertex -75.4999 -71.7416 37
      vertex -77.207 -68.9663 37
    endloop
  endfacet
  facet normal 0 0 1
    outer loop
      vertex -75.4999 -71.7416 37
      vertex -77.3055 -69.0393 37
      vertex -75.8787 -71.9686 37
    endloop
  endfacet
  facet normal -0 0 1
    outer loop
      vertex -77.4108 -69.1024 37
      vertex -75.8787 -71.9686 37
      vertex -77.3055 -69.0393 37
    endloop
  endfacet
  facet normal 0 0 1
    outer loop
      vertex -75.8787 -71.9686 37
      vertex -77.4108 -69.1024 37
      vertex -76.2779 -72.1575 37
    endloop
  endfacet
  facet normal -0 0 1
    outer loop
      vertex -77.5216 -69.1548 37
      vertex -76.2779 -72.1575 37
      vertex -77.4108 -69.1024 37
    endloop
  endfacet
  facet normal 0 0 1
    outer loop
      vertex -76.2779 -72.1575 37
      vertex -77.5216 -69.1548 37
      vertex -76.6937 -72.3062 37
    endloop
  endfacet
  facet normal -0 0 1
    outer loop
      vertex -77.6371 -69.1962 37
      vertex -76.6937 -72.3062 37
      vertex -77.5216 -69.1548 37
    endloop
  endfacet
  facet normal 0 0 1
    outer loop
      vertex -76.6937 -72.3062 37
      vertex -77.6371 -69.1962 37
      vertex -76.8831 -72.3537 37
    endloop
  endfacet
  facet normal -0 0 1
    outer loop
      vertex -77.7561 -69.226 37
      vertex -76.8831 -72.3537 37
      vertex -77.6371 -69.1962 37
    endloop
  endfacet
  facet normal -0 0 1
    outer loop
      vertex -77.8775 -69.244 37
      vertex -76.8831 -72.3537 37
      vertex -77.7561 -69.226 37
    endloop
  endfacet
  facet normal -0 0 1
    outer loop
      vertex -78 -69.25 37
      vertex -76.8831 -72.3537 37
      vertex -77.8775 -69.244 37
    endloop
  endfacet
  facet normal 0 0 1
    outer loop
      vertex -76.8831 -72.3537 37
      vertex -77.9028 -74.5694 37
      vertex -76.9509 -74.8078 37
    endloop
  endfacet
  facet normal 0 0 1
    outer loop
      vertex -78.1225 -69.244 37
      vertex -76.8831 -72.3537 37
      vertex -78 -69.25 37
    endloop
  endfacet
  facet normal 0 0 1
    outer loop
      vertex -78.2439 -69.226 37
      vertex -76.8831 -72.3537 37
      vertex -78.1225 -69.244 37
    endloop
  endfacet
  facet normal 0 0 1
    outer loop
      vertex -78.3629 -69.1962 37
      vertex -76.8831 -72.3537 37
      vertex -78.2439 -69.226 37
    endloop
  endfacet
  facet normal 0 0 1
    outer loop
      vertex -80.5557 -73.3147 37
      vertex -76.8831 -72.3537 37
      vertex -78.3629 -69.1962 37
    endloop
  endfacet
  facet normal 0 0 1
    outer loop
      vertex -80.5557 -73.3147 37
      vertex -78.3629 -69.1962 37
      vertex -78.4784 -69.1548 37
    endloop
  endfacet
  facet normal 0 0 1
    outer loop
      vertex -80.5557 -73.3147 37
      vertex -78.4784 -69.1548 37
      vertex -78.5892 -69.1024 37
    endloop
  endfacet
  facet normal 0 0 1
    outer loop
      vertex -81.3439 -72.7301 37
      vertex -78.5892 -69.1024 37
      vertex -78.6945 -69.0393 37
    endloop
  endfacet
  facet normal 0 0 1
    outer loop
      vertex -81.3439 -72.7301 37
      vertex -78.6945 -69.0393 37
      vertex -78.793 -68.9663 37
    endloop
  endfacet
  facet normal 0 0 1
    outer loop
      vertex -76.8831 -72.3537 37
      vertex -78.8268 -74.2388 37
      vertex -77.9028 -74.5694 37
    endloop
  endfacet
  facet normal 0 0 1
    outer loop
      vertex -82.0711 -72.0711 37
      vertex -78.793 -68.9663 37
      vertex -78.8839 -68.8839 37
    endloop
  endfacet
  facet normal 0 0 1
    outer loop
      vertex -82.0711 -72.0711 37
      vertex -78.8839 -68.8839 37
      vertex -78.9663 -68.793 37
    endloop
  endfacet
  facet normal 0 0 1
    outer loop
      vertex -82.7301 -71.3439 37
      vertex -78.9663 -68.793 37
      vertex -79.0393 -68.6945 37
    endloop
  endfacet
  facet normal 0 0 1
    outer loop
      vertex -82.7301 -71.3439 37
      vertex -79.0393 -68.6945 37
      vertex -79.1024 -68.5892 37
    endloop
  endfacet
  facet normal 0 0 1
    outer loop
      vertex -83.3147 -70.5557 37
      vertex -79.1024 -68.5892 37
      vertex -79.1548 -68.4784 37
    endloop
  endfacet
  facet normal 0 0 1
    outer loop
      vertex -83.3147 -70.5557 37
      vertex -79.1548 -68.4784 37
      vertex -79.1962 -68.3629 37
    endloop
  endfacet
  facet normal 0 0 1
    outer loop
      vertex -82.3537 -66.8831 37
      vertex -79.1962 -68.3629 37
      vertex -79.226 -68.2439 37
    endloop
  endfacet
  facet normal 0 0 1
    outer loop
      vertex -82.3537 -66.8831 37
      vertex -79.226 -68.2439 37
      vertex -79.244 -68.1225 37
    endloop
  endfacet
  facet normal 0 0 1
    outer loop
      vertex -76.8831 -72.3537 37
      vertex -79.714 -73.8192 37
      vertex -78.8268 -74.2388 37
    endloop
  endfacet
  facet normal 0 0 1
    outer loop
      vertex -82.3537 -66.8831 37
      vertex -79.244 -68.1225 37
      vertex -79.25 -68 37
    endloop
  endfacet
  facet normal -0 0 1
    outer loop
      vertex -81.7416 -65.4999 37
      vertex -79.0393 -67.3055 37
      vertex -81.4785 -65.1452 37
    endloop
  endfacet
  facet normal 0 0 1
    outer loop
      vertex -79.0393 -67.3055 37
      vertex -81.7416 -65.4999 37
      vertex -79.1024 -67.4108 37
    endloop
  endfacet
  facet normal -0 0 1
    outer loop
      vertex -81.9686 -65.8787 37
      vertex -79.1024 -67.4108 37
      vertex -81.7416 -65.4999 37
    endloop
  endfacet
  facet normal 0 0 1
    outer loop
      vertex -79.1024 -67.4108 37
      vertex -81.9686 -65.8787 37
      vertex -79.1548 -67.5216 37
    endloop
  endfacet
  facet normal 0 0 1
    outer loop
      vertex -79.1962 -68.3629 37
      vertex -82.3537 -66.8831 37
      vertex -83.3147 -70.5557 37
    endloop
  endfacet
  facet normal -0 0 1
    outer loop
      vertex -82.1575 -66.2779 37
      vertex -79.1548 -67.5216 37
      vertex -81.9686 -65.8787 37
    endloop
  endfacet
  facet normal 0 0 1
    outer loop
      vertex -79.1548 -67.5216 37
      vertex -82.1575 -66.2779 37
      vertex -79.1962 -67.6371 37
    endloop
  endfacet
  facet normal 0 0 1
    outer loop
      vertex -76.8831 -72.3537 37
      vertex -80.5557 -73.3147 37
      vertex -79.714 -73.8192 37
    endloop
  endfacet
  facet normal -0 0 1
    outer loop
      vertex -82.3062 -66.6937 37
      vertex -79.1962 -67.6371 37
      vertex -82.1575 -66.2779 37
    endloop
  endfacet
  facet normal -0 0 1
    outer loop
      vertex -82.3537 -66.8831 37
      vertex -79.1962 -67.6371 37
      vertex -82.3062 -66.6937 37
    endloop
  endfacet
  facet normal 0 0 1
    outer loop
      vertex -79.1962 -67.6371 37
      vertex -82.3537 -66.8831 37
      vertex -79.226 -67.7561 37
    endloop
  endfacet
  facet normal 0 0 1
    outer loop
      vertex -78.5892 -69.1024 37
      vertex -81.3439 -72.7301 37
      vertex -80.5557 -73.3147 37
    endloop
  endfacet
  facet normal 0 0 1
    outer loop
      vertex -79.226 -67.7561 37
      vertex -82.3537 -66.8831 37
      vertex -79.244 -67.8775 37
    endloop
  endfacet
  facet normal 0 0 1
    outer loop
      vertex -79.244 -67.8775 37
      vertex -82.3537 -66.8831 37
      vertex -79.25 -68 37
    endloop
  endfacet
  facet normal 0 0 1
    outer loop
      vertex -78.793 -68.9663 37
      vertex -82.0711 -72.0711 37
      vertex -81.3439 -72.7301 37
    endloop
  endfacet
  facet normal 0 0 1
    outer loop
      vertex -84.8078 -66.9509 37
      vertex -82.3537 -66.8831 37
      vertex -82.454 -66.4827 37
    endloop
  endfacet
  facet normal 0 0 1
    outer loop
      vertex -84.8078 -66.9509 37
      vertex -82.454 -66.4827 37
      vertex -82.5634 -65.7449 37
    endloop
  endfacet
  facet normal 0 0 1
    outer loop
      vertex -78.9663 -68.793 37
      vertex -82.7301 -71.3439 37
      vertex -82.0711 -72.0711 37
    endloop
  endfacet
  facet normal 0 0 1
    outer loop
      vertex -84.9518 -65.9802 37
      vertex -82.5634 -65.7449 37
      vertex -82.6 -65 37
    endloop
  endfacet
  facet normal 0 0 1
    outer loop
      vertex -82.6 65 37
      vertex -85 65 37
      vertex -82.6 -65 37
    endloop
  endfacet
  facet normal -0 0 1
    outer loop
      vertex -84.8078 66.9509 37
      vertex -82.3537 66.8831 37
      vertex -84.5694 67.9028 37
    endloop
  endfacet
  facet normal 0 0 1
    outer loop
      vertex -85 -65 37
      vertex -82.6 -65 37
      vertex -85 65 37
    endloop
  endfacet
  facet normal 0 0 1
    outer loop
      vertex -82.3537 66.8831 37
      vertex -84.8078 66.9509 37
      vertex -82.454 66.4827 37
    endloop
  endfacet
  facet normal 0 -0 1
    outer loop
      vertex -84.9518 -65.9802 37
      vertex -82.6 -65 37
      vertex -85 -65 37
    endloop
  endfacet
  facet normal 0 0 1
    outer loop
      vertex -82.454 66.4827 37
      vertex -84.8078 66.9509 37
      vertex -82.5634 65.7449 37
    endloop
  endfacet
  facet normal 0 0 1
    outer loop
      vertex -79.1024 -68.5892 37
      vertex -83.3147 -70.5557 37
      vertex -82.7301 -71.3439 37
    endloop
  endfacet
  facet normal -0 0 1
    outer loop
      vertex -84.9518 65.9802 37
      vertex -82.5634 65.7449 37
      vertex -84.8078 66.9509 37
    endloop
  endfacet
  facet normal 0 0 1
    outer loop
      vertex -82.3537 -66.8831 37
      vertex -83.8192 -69.714 37
      vertex -83.3147 -70.5557 37
    endloop
  endfacet
  facet normal 0 0 1
    outer loop
      vertex -82.5634 65.7449 37
      vertex -84.9518 65.9802 37
      vertex -82.6 65 37
    endloop
  endfacet
  facet normal 0 0 1
    outer loop
      vertex -82.3537 -66.8831 37
      vertex -84.2388 -68.8268 37
      vertex -83.8192 -69.714 37
    endloop
  endfacet
  facet normal 0 0 1
    outer loop
      vertex -82.6 65 37
      vertex -84.9518 65.9802 37
      vertex -85 65 37
    endloop
  endfacet
  facet normal 0 0 1
    outer loop
      vertex -82.3537 -66.8831 37
      vertex -84.5694 -67.9028 37
      vertex -84.2388 -68.8268 37
    endloop
  endfacet
  facet normal 0 0 1
    outer loop
      vertex -82.3537 -66.8831 37
      vertex -84.8078 -66.9509 37
      vertex -84.5694 -67.9028 37
    endloop
  endfacet
  facet normal 0 0 1
    outer loop
      vertex -82.5634 -65.7449 37
      vertex -84.9518 -65.9802 37
      vertex -84.8078 -66.9509 37
    endloop
  endfacet
  facet normal -0 0 1
    outer loop
      vertex 78.9663 67.207 37
      vertex 81.4785 65.1452 37
      vertex 79.0393 67.3055 37
    endloop
  endfacet
  facet normal 0 0 1
    outer loop
      vertex 81.4785 65.1452 37
      vertex 78.9663 67.207 37
      vertex 81.182 64.818 37
    endloop
  endfacet
  facet normal -0 0 1
    outer loop
      vertex 78.8839 67.1161 37
      vertex 81.182 64.818 37
      vertex 78.9663 67.207 37
    endloop
  endfacet
  facet normal 0 0 1
    outer loop
      vertex 81.182 64.818 37
      vertex 78.8839 67.1161 37
      vertex 80.8548 64.5215 37
    endloop
  endfacet
  facet normal -0 0 1
    outer loop
      vertex 78.793 67.0337 37
      vertex 80.8548 64.5215 37
      vertex 78.8839 67.1161 37
    endloop
  endfacet
  facet normal 0 0 1
    outer loop
      vertex 80.8548 64.5215 37
      vertex 78.793 67.0337 37
      vertex 80.5001 64.2584 37
    endloop
  endfacet
  facet normal -0 0 1
    outer loop
      vertex 78.6945 66.9607 37
      vertex 80.5001 64.2584 37
      vertex 78.793 67.0337 37
    endloop
  endfacet
  facet normal 0 0 1
    outer loop
      vertex 80.5001 64.2584 37
      vertex 78.6945 66.9607 37
      vertex 80.1213 64.0314 37
    endloop
  endfacet
  facet normal -0 0 1
    outer loop
      vertex 78.5892 66.8976 37
      vertex 80.1213 64.0314 37
      vertex 78.6945 66.9607 37
    endloop
  endfacet
  facet normal 0 0 1
    outer loop
      vertex 80.1213 64.0314 37
      vertex 78.5892 66.8976 37
      vertex 79.7221 63.8425 37
    endloop
  endfacet
  facet normal -0 0 1
    outer loop
      vertex 78.4784 66.8452 37
      vertex 79.7221 63.8425 37
      vertex 78.5892 66.8976 37
    endloop
  endfacet
  facet normal 0 0 1
    outer loop
      vertex 79.7221 63.8425 37
      vertex 78.4784 66.8452 37
      vertex 79.3063 63.6938 37
    endloop
  endfacet
  facet normal -0 0 1
    outer loop
      vertex 78.3629 66.8038 37
      vertex 79.3063 63.6938 37
      vertex 78.4784 66.8452 37
    endloop
  endfacet
  facet normal 0 0 1
    outer loop
      vertex 79.3063 63.6938 37
      vertex 78.3629 66.8038 37
      vertex 78.8779 63.5865 37
    endloop
  endfacet
  facet normal -0 0 1
    outer loop
      vertex 78.2439 66.774 37
      vertex 78.8779 63.5865 37
      vertex 78.3629 66.8038 37
    endloop
  endfacet
  facet normal 0 0 1
    outer loop
      vertex 78.8779 63.5865 37
      vertex 78.2439 66.774 37
      vertex 78.4411 63.5217 37
    endloop
  endfacet
  facet normal -0 0 1
    outer loop
      vertex 78.1225 66.756 37
      vertex 78.4411 63.5217 37
      vertex 78.2439 66.774 37
    endloop
  endfacet
  facet normal -0 0 1
    outer loop
      vertex 78 66.75 37
      vertex 78.4411 63.5217 37
      vertex 78.1225 66.756 37
    endloop
  endfacet
  facet normal 0 0 1
    outer loop
      vertex 78 66.75 37
      vertex 78 63.5 37
      vertex 78.4411 63.5217 37
    endloop
  endfacet
  facet normal 0 0 1
    outer loop
      vertex 77.8775 66.756 37
      vertex 78 63.5 37
      vertex 78 66.75 37
    endloop
  endfacet
  facet normal 0 0 1
    outer loop
      vertex 77.5589 63.5217 37
      vertex 77.8775 66.756 37
      vertex 77.7561 66.774 37
    endloop
  endfacet
  facet normal 0 0 1
    outer loop
      vertex 77.1221 63.5865 37
      vertex 77.7561 66.774 37
      vertex 77.6371 66.8038 37
    endloop
  endfacet
  facet normal 0 0 1
    outer loop
      vertex 77.8775 66.756 37
      vertex 77.5589 63.5217 37
      vertex 78 63.5 37
    endloop
  endfacet
  facet normal 0 0 1
    outer loop
      vertex 76.6937 63.6938 37
      vertex 77.6371 66.8038 37
      vertex 77.5216 66.8452 37
    endloop
  endfacet
  facet normal 0 0 1
    outer loop
      vertex 76.2779 63.8425 37
      vertex 77.5216 66.8452 37
      vertex 77.4108 66.8976 37
    endloop
  endfacet
  facet normal 0 0 1
    outer loop
      vertex 75.8787 64.0314 37
      vertex 77.4108 66.8976 37
      vertex 77.3055 66.9607 37
    endloop
  endfacet
  facet normal 0 0 1
    outer loop
      vertex 75.4999 64.2584 37
      vertex 77.3055 66.9607 37
      vertex 77.207 67.0337 37
    endloop
  endfacet
  facet normal 0 0 1
    outer loop
      vertex 77.7561 66.774 37
      vertex 77.1221 63.5865 37
      vertex 77.5589 63.5217 37
    endloop
  endfacet
  facet normal 0 0 1
    outer loop
      vertex 75.1452 64.5215 37
      vertex 77.207 67.0337 37
      vertex 77.1161 67.1161 37
    endloop
  endfacet
  facet normal 0 0 1
    outer loop
      vertex 74.818 64.818 37
      vertex 77.1161 67.1161 37
      vertex 77.0337 67.207 37
    endloop
  endfacet
  facet normal 0 0 1
    outer loop
      vertex 74.5215 65.1452 37
      vertex 77.0337 67.207 37
      vertex 76.9607 67.3055 37
    endloop
  endfacet
  facet normal 0 0 1
    outer loop
      vertex 74.2584 65.4999 37
      vertex 76.9607 67.3055 37
      vertex 76.8976 67.4108 37
    endloop
  endfacet
  facet normal 0 0 1
    outer loop
      vertex 74.0314 65.8787 37
      vertex 76.8976 67.4108 37
      vertex 76.8452 67.5216 37
    endloop
  endfacet
  facet normal 0 0 1
    outer loop
      vertex 73.8425 66.2779 37
      vertex 76.8452 67.5216 37
      vertex 76.8038 67.6371 37
    endloop
  endfacet
  facet normal 0 0 1
    outer loop
      vertex 73.6938 66.6937 37
      vertex 76.8038 67.6371 37
      vertex 76.774 67.7561 37
    endloop
  endfacet
  facet normal 0 0 1
    outer loop
      vertex 73.5865 67.1221 37
      vertex 76.774 67.7561 37
      vertex 76.756 67.8775 37
    endloop
  endfacet
  facet normal 0 0 1
    outer loop
      vertex 77.6371 66.8038 37
      vertex 76.6937 63.6938 37
      vertex 77.1221 63.5865 37
    endloop
  endfacet
  facet normal 0 0 1
    outer loop
      vertex 73.5217 67.5589 37
      vertex 76.756 67.8775 37
      vertex 76.75 68 37
    endloop
  endfacet
  facet normal -0 0 1
    outer loop
      vertex 74.2584 70.5001 37
      vertex 76.9607 68.6945 37
      vertex 74.5215 70.8548 37
    endloop
  endfacet
  facet normal 0 0 1
    outer loop
      vertex 76.9607 68.6945 37
      vertex 74.2584 70.5001 37
      vertex 76.8976 68.5892 37
    endloop
  endfacet
  facet normal 0 0 1
    outer loop
      vertex 77.5216 66.8452 37
      vertex 76.2779 63.8425 37
      vertex 76.6937 63.6938 37
    endloop
  endfacet
  facet normal -0 0 1
    outer loop
      vertex 74.0314 70.1213 37
      vertex 76.8976 68.5892 37
      vertex 74.2584 70.5001 37
    endloop
  endfacet
  facet normal 0 0 1
    outer loop
      vertex 77.4108 66.8976 37
      vertex 75.8787 64.0314 37
      vertex 76.2779 63.8425 37
    endloop
  endfacet
  facet normal 0 0 1
    outer loop
      vertex 76.8976 68.5892 37
      vertex 74.0314 70.1213 37
      vertex 76.8452 68.4784 37
    endloop
  endfacet
  facet normal 0 0 1
    outer loop
      vertex 77.3055 66.9607 37
      vertex 75.4999 64.2584 37
      vertex 75.8787 64.0314 37
    endloop
  endfacet
  facet normal -0 0 1
    outer loop
      vertex 73.8425 69.7221 37
      vertex 76.8452 68.4784 37
      vertex 74.0314 70.1213 37
    endloop
  endfacet
  facet normal 0 0 1
    outer loop
      vertex 77.207 67.0337 37
      vertex 75.1452 64.5215 37
      vertex 75.4999 64.2584 37
    endloop
  endfacet
  facet normal 0 0 1
    outer loop
      vertex 76.8452 68.4784 37
      vertex 73.8425 69.7221 37
      vertex 76.8038 68.3629 37
    endloop
  endfacet
  facet normal 0 0 1
    outer loop
      vertex 77.1161 67.1161 37
      vertex 74.818 64.818 37
      vertex 75.1452 64.5215 37
    endloop
  endfacet
  facet normal -0 0 1
    outer loop
      vertex 73.6938 69.3063 37
      vertex 76.8038 68.3629 37
      vertex 73.8425 69.7221 37
    endloop
  endfacet
  facet normal 0 0 1
    outer loop
      vertex 77.0337 67.207 37
      vertex 74.5215 65.1452 37
      vertex 74.818 64.818 37
    endloop
  endfacet
  facet normal 0 0 1
    outer loop
      vertex 76.8038 68.3629 37
      vertex 73.6938 69.3063 37
      vertex 76.774 68.2439 37
    endloop
  endfacet
  facet normal 0 0 1
    outer loop
      vertex 76.9607 67.3055 37
      vertex 74.2584 65.4999 37
      vertex 74.5215 65.1452 37
    endloop
  endfacet
  facet normal -0 0 1
    outer loop
      vertex 73.5865 68.8779 37
      vertex 76.774 68.2439 37
      vertex 73.6938 69.3063 37
    endloop
  endfacet
  facet normal 0 0 1
    outer loop
      vertex 76.8976 67.4108 37
      vertex 74.0314 65.8787 37
      vertex 74.2584 65.4999 37
    endloop
  endfacet
  facet normal 0 0 1
    outer loop
      vertex 76.774 68.2439 37
      vertex 73.5865 68.8779 37
      vertex 76.756 68.1225 37
    endloop
  endfacet
  facet normal 0 0 1
    outer loop
      vertex 76.8452 67.5216 37
      vertex 73.8425 66.2779 37
      vertex 74.0314 65.8787 37
    endloop
  endfacet
  facet normal -0 0 1
    outer loop
      vertex 73.5217 68.4411 37
      vertex 76.756 68.1225 37
      vertex 73.5865 68.8779 37
    endloop
  endfacet
  facet normal 0 0 1
    outer loop
      vertex 76.8038 67.6371 37
      vertex 73.6938 66.6937 37
      vertex 73.8425 66.2779 37
    endloop
  endfacet
  facet normal 0 0 1
    outer loop
      vertex 76.756 68.1225 37
      vertex 73.5217 68.4411 37
      vertex 76.75 68 37
    endloop
  endfacet
  facet normal 0 0 1
    outer loop
      vertex 76.774 67.7561 37
      vertex 73.5865 67.1221 37
      vertex 73.6938 66.6937 37
    endloop
  endfacet
  facet normal 0 0 1
    outer loop
      vertex 73.5 68 37
      vertex 76.75 68 37
      vertex 73.5217 68.4411 37
    endloop
  endfacet
  facet normal 0 0 1
    outer loop
      vertex 76.756 67.8775 37
      vertex 73.5217 67.5589 37
      vertex 73.5865 67.1221 37
    endloop
  endfacet
  facet normal 0 0 1
    outer loop
      vertex 76.75 68 37
      vertex 73.5 68 37
      vertex 73.5217 67.5589 37
    endloop
  endfacet
  facet normal -0 0 1
    outer loop
      vertex 75.1452 71.4785 37
      vertex 77.207 68.9663 37
      vertex 75.4999 71.7416 37
    endloop
  endfacet
  facet normal 0 0 1
    outer loop
      vertex 77.207 68.9663 37
      vertex 75.1452 71.4785 37
      vertex 77.1161 68.8839 37
    endloop
  endfacet
  facet normal -0 0 1
    outer loop
      vertex 74.818 71.182 37
      vertex 77.1161 68.8839 37
      vertex 75.1452 71.4785 37
    endloop
  endfacet
  facet normal 0 0 1
    outer loop
      vertex 77.1161 68.8839 37
      vertex 74.818 71.182 37
      vertex 77.0337 68.793 37
    endloop
  endfacet
  facet normal -0 0 1
    outer loop
      vertex 74.5215 70.8548 37
      vertex 77.0337 68.793 37
      vertex 74.818 71.182 37
    endloop
  endfacet
  facet normal 0 0 1
    outer loop
      vertex 77.0337 68.793 37
      vertex 74.5215 70.8548 37
      vertex 76.9607 68.6945 37
    endloop
  endfacet
  facet normal -0.970041 0.242943 0
    outer loop
      vertex -84.8078 66.9509 0
      vertex -84.5694 67.9028 37
      vertex -84.5694 67.9028 0
    endloop
  endfacet
  facet normal -0.970041 0.242943 0
    outer loop
      vertex -84.5694 67.9028 37
      vertex -84.8078 66.9509 0
      vertex -84.8078 66.9509 37
    endloop
  endfacet
  facet normal 0.336879 0.941548 -0
    outer loop
      vertex 78.8268 74.2388 0
      vertex 77.9028 74.5694 37
      vertex 78.8268 74.2388 37
    endloop
  endfacet
  facet normal 0.336879 0.941548 0
    outer loop
      vertex 77.9028 74.5694 37
      vertex 78.8268 74.2388 0
      vertex 77.9028 74.5694 0
    endloop
  endfacet
  facet normal 0.903995 -0.427543 0
    outer loop
      vertex 83.8192 -69.714 37
      vertex 84.2388 -68.8268 0
      vertex 84.2388 -68.8268 37
    endloop
  endfacet
  facet normal 0.903995 -0.427543 0
    outer loop
      vertex 84.2388 -68.8268 0
      vertex 83.8192 -69.714 37
      vertex 83.8192 -69.714 0
    endloop
  endfacet
  facet normal 0.59572 -0.803192 0
    outer loop
      vertex 80.5557 -73.3147 0
      vertex 81.3439 -72.7301 37
      vertex 80.5557 -73.3147 37
    endloop
  endfacet
  facet normal 0.59572 -0.803192 0
    outer loop
      vertex 81.3439 -72.7301 37
      vertex 80.5557 -73.3147 0
      vertex 81.3439 -72.7301 0
    endloop
  endfacet
  facet normal 0.336879 -0.941548 0
    outer loop
      vertex 77.9028 -74.5694 0
      vertex 78.8268 -74.2388 37
      vertex 77.9028 -74.5694 37
    endloop
  endfacet
  facet normal 0.336879 -0.941548 0
    outer loop
      vertex 78.8268 -74.2388 37
      vertex 77.9028 -74.5694 0
      vertex 78.8268 -74.2388 0
    endloop
  endfacet
  facet normal -0.903995 0.427543 0
    outer loop
      vertex -84.2388 68.8268 0
      vertex -83.8192 69.714 37
      vertex -83.8192 69.714 0
    endloop
  endfacet
  facet normal -0.903995 0.427543 0
    outer loop
      vertex -83.8192 69.714 37
      vertex -84.2388 68.8268 0
      vertex -84.2388 68.8268 37
    endloop
  endfacet
  facet normal -0.857727 -0.514106 0
    outer loop
      vertex -83.3147 -70.5557 0
      vertex -83.8192 -69.714 37
      vertex -83.8192 -69.714 0
    endloop
  endfacet
  facet normal -0.857727 -0.514106 0
    outer loop
      vertex -83.8192 -69.714 37
      vertex -83.3147 -70.5557 0
      vertex -83.3147 -70.5557 37
    endloop
  endfacet
  facet normal 0.998793 -0.0491143 0
    outer loop
      vertex 84.9518 -65.9802 37
      vertex 85 -65 0
      vertex 85 -65 37
    endloop
  endfacet
  facet normal 0.998793 -0.0491143 0
    outer loop
      vertex 85 -65 0
      vertex 84.9518 -65.9802 37
      vertex 84.9518 -65.9802 0
    endloop
  endfacet
  facet normal -0.857727 0.514106 0
    outer loop
      vertex -83.8192 69.714 0
      vertex -83.3147 70.5557 37
      vertex -83.3147 70.5557 0
    endloop
  endfacet
  facet normal -0.857727 0.514106 0
    outer loop
      vertex -83.3147 70.5557 37
      vertex -83.8192 69.714 0
      vertex -83.8192 69.714 37
    endloop
  endfacet
  facet normal 0.427543 -0.903995 0
    outer loop
      vertex 78.8268 -74.2388 0
      vertex 79.714 -73.8192 37
      vertex 78.8268 -74.2388 37
    endloop
  endfacet
  facet normal 0.427543 -0.903995 0
    outer loop
      vertex 79.714 -73.8192 37
      vertex 78.8268 -74.2388 0
      vertex 79.714 -73.8192 0
    endloop
  endfacet
  facet normal 0.146741 -0.989175 0
    outer loop
      vertex 75.9802 -74.9518 0
      vertex 76.9509 -74.8078 37
      vertex 75.9802 -74.9518 37
    endloop
  endfacet
  facet normal 0.146741 -0.989175 0
    outer loop
      vertex 76.9509 -74.8078 37
      vertex 75.9802 -74.9518 0
      vertex 76.9509 -74.8078 0
    endloop
  endfacet
  facet normal -0.941548 -0.336879 0
    outer loop
      vertex -84.2388 -68.8268 0
      vertex -84.5694 -67.9028 37
      vertex -84.5694 -67.9028 0
    endloop
  endfacet
  facet normal -0.941548 -0.336879 0
    outer loop
      vertex -84.5694 -67.9028 37
      vertex -84.2388 -68.8268 0
      vertex -84.2388 -68.8268 37
    endloop
  endfacet
  facet normal 0.514106 -0.857727 0
    outer loop
      vertex 79.714 -73.8192 0
      vertex 80.5557 -73.3147 37
      vertex 79.714 -73.8192 37
    endloop
  endfacet
  facet normal 0.514106 -0.857727 0
    outer loop
      vertex 80.5557 -73.3147 37
      vertex 79.714 -73.8192 0
      vertex 80.5557 -73.3147 0
    endloop
  endfacet
  facet normal 0.741 0.671505 0
    outer loop
      vertex 82.7301 71.3439 37
      vertex 82.0711 72.0711 0
      vertex 82.0711 72.0711 37
    endloop
  endfacet
  facet normal 0.741 0.671505 0
    outer loop
      vertex 82.0711 72.0711 0
      vertex 82.7301 71.3439 37
      vertex 82.7301 71.3439 0
    endloop
  endfacet
  facet normal 0.803192 0.59572 0
    outer loop
      vertex 83.3147 70.5557 37
      vertex 82.7301 71.3439 0
      vertex 82.7301 71.3439 37
    endloop
  endfacet
  facet normal 0.803192 0.59572 0
    outer loop
      vertex 82.7301 71.3439 0
      vertex 83.3147 70.5557 37
      vertex 83.3147 70.5557 0
    endloop
  endfacet
  facet normal 0.970041 0.242943 0
    outer loop
      vertex 84.8078 66.9509 37
      vertex 84.5694 67.9028 0
      vertex 84.5694 67.9028 37
    endloop
  endfacet
  facet normal 0.970041 0.242943 0
    outer loop
      vertex 84.5694 67.9028 0
      vertex 84.8078 66.9509 37
      vertex 84.8078 66.9509 0
    endloop
  endfacet
  facet normal -0.803192 -0.59572 0
    outer loop
      vertex -82.7301 -71.3439 0
      vertex -83.3147 -70.5557 37
      vertex -83.3147 -70.5557 0
    endloop
  endfacet
  facet normal -0.803192 -0.59572 0
    outer loop
      vertex -83.3147 -70.5557 37
      vertex -82.7301 -71.3439 0
      vertex -82.7301 -71.3439 37
    endloop
  endfacet
  facet normal -0.59572 0.803192 0
    outer loop
      vertex -80.5557 73.3147 0
      vertex -81.3439 72.7301 37
      vertex -80.5557 73.3147 37
    endloop
  endfacet
  facet normal -0.59572 0.803192 0
    outer loop
      vertex -81.3439 72.7301 37
      vertex -80.5557 73.3147 0
      vertex -81.3439 72.7301 0
    endloop
  endfacet
  facet normal -0.741 -0.671505 0
    outer loop
      vertex -82.0711 -72.0711 0
      vertex -82.7301 -71.3439 37
      vertex -82.7301 -71.3439 0
    endloop
  endfacet
  facet normal -0.741 -0.671505 0
    outer loop
      vertex -82.7301 -71.3439 37
      vertex -82.0711 -72.0711 0
      vertex -82.0711 -72.0711 37
    endloop
  endfacet
  facet normal 0.903995 0.427543 0
    outer loop
      vertex 84.2388 68.8268 37
      vertex 83.8192 69.714 0
      vertex 83.8192 69.714 37
    endloop
  endfacet
  facet normal 0.903995 0.427543 0
    outer loop
      vertex 83.8192 69.714 0
      vertex 84.2388 68.8268 37
      vertex 84.2388 68.8268 0
    endloop
  endfacet
  facet normal -0.803192 0.59572 0
    outer loop
      vertex -83.3147 70.5557 0
      vertex -82.7301 71.3439 37
      vertex -82.7301 71.3439 0
    endloop
  endfacet
  facet normal -0.803192 0.59572 0
    outer loop
      vertex -82.7301 71.3439 37
      vertex -83.3147 70.5557 0
      vertex -83.3147 70.5557 37
    endloop
  endfacet
  facet normal -0.741 0.671505 0
    outer loop
      vertex -82.7301 71.3439 0
      vertex -82.0711 72.0711 37
      vertex -82.0711 72.0711 0
    endloop
  endfacet
  facet normal -0.741 0.671505 0
    outer loop
      vertex -82.0711 72.0711 37
      vertex -82.7301 71.3439 0
      vertex -82.7301 71.3439 37
    endloop
  endfacet
  facet normal 0.242943 -0.970041 0
    outer loop
      vertex 76.9509 -74.8078 0
      vertex 77.9028 -74.5694 37
      vertex 76.9509 -74.8078 37
    endloop
  endfacet
  facet normal 0.242943 -0.970041 0
    outer loop
      vertex 77.9028 -74.5694 37
      vertex 76.9509 -74.8078 0
      vertex 77.9028 -74.5694 0
    endloop
  endfacet
  facet normal -0.514106 0.857727 0
    outer loop
      vertex -79.714 73.8192 0
      vertex -80.5557 73.3147 37
      vertex -79.714 73.8192 37
    endloop
  endfacet
  facet normal -0.514106 0.857727 0
    outer loop
      vertex -80.5557 73.3147 37
      vertex -79.714 73.8192 0
      vertex -80.5557 73.3147 0
    endloop
  endfacet
  facet normal 0.671505 -0.741 0
    outer loop
      vertex 81.3439 -72.7301 0
      vertex 82.0711 -72.0711 37
      vertex 81.3439 -72.7301 37
    endloop
  endfacet
  facet normal 0.671505 -0.741 0
    outer loop
      vertex 82.0711 -72.0711 37
      vertex 81.3439 -72.7301 0
      vertex 82.0711 -72.0711 0
    endloop
  endfacet
  facet normal 0.989175 0.146741 0
    outer loop
      vertex 84.9518 65.9802 37
      vertex 84.8078 66.9509 0
      vertex 84.8078 66.9509 37
    endloop
  endfacet
  facet normal 0.989175 0.146741 0
    outer loop
      vertex 84.8078 66.9509 0
      vertex 84.9518 65.9802 37
      vertex 84.9518 65.9802 0
    endloop
  endfacet
  facet normal 0 0 -1
    outer loop
      vertex -78.6 25 0
      vertex -74.6 35 0
      vertex -74.6 25 0
    endloop
  endfacet
  facet normal -0 0 -1
    outer loop
      vertex -74.6 35 0
      vertex -78.6 25 0
      vertex -78.6 35 0
    endloop
  endfacet
  facet normal -0 0 -1
    outer loop
      vertex 23 -34 0
      vertex -60.3404 -41.7503 0
      vertex 23 -32 0
    endloop
  endfacet
  facet normal 0 0 -1
    outer loop
      vertex 23 -32 0
      vertex -60.3101 41.9542 0
      vertex -60.3 42.16 0
    endloop
  endfacet
  facet normal 0 0 -1
    outer loop
      vertex -60.3904 -41.5504 0
      vertex 23 -32 0
      vertex -60.3404 -41.7503 0
    endloop
  endfacet
  facet normal 0 0 -1
    outer loop
      vertex 23 -32 0
      vertex -60.3404 41.7503 0
      vertex -60.3101 41.9542 0
    endloop
  endfacet
  facet normal 0 0 -1
    outer loop
      vertex -60.4599 -41.3564 0
      vertex 23 -32 0
      vertex -60.3904 -41.5504 0
    endloop
  endfacet
  facet normal 0 0 -1
    outer loop
      vertex 23 -32 0
      vertex -60.3904 41.5504 0
      vertex -60.3404 41.7503 0
    endloop
  endfacet
  facet normal 0 0 -1
    outer loop
      vertex -60.548 -41.1701 0
      vertex 23 -32 0
      vertex -60.4599 -41.3564 0
    endloop
  endfacet
  facet normal 0 0 -1
    outer loop
      vertex 23 -32 0
      vertex -60.4599 41.3564 0
      vertex -60.3904 41.5504 0
    endloop
  endfacet
  facet normal 0 0 -1
    outer loop
      vertex -60.6539 -40.9933 0
      vertex 23 -32 0
      vertex -60.548 -41.1701 0
    endloop
  endfacet
  facet normal 0 0 -1
    outer loop
      vertex 23 -32 0
      vertex -60.548 41.1701 0
      vertex -60.4599 41.3564 0
    endloop
  endfacet
  facet normal 0 0 -1
    outer loop
      vertex -60.7767 -40.8278 0
      vertex 23 -32 0
      vertex -60.6539 -40.9933 0
    endloop
  endfacet
  facet normal 0 0 -1
    outer loop
      vertex 23 -32 0
      vertex -60.6539 40.9933 0
      vertex -60.548 41.1701 0
    endloop
  endfacet
  facet normal 0 0 -1
    outer loop
      vertex -60.9151 -40.6751 0
      vertex 23 -32 0
      vertex -60.7767 -40.8278 0
    endloop
  endfacet
  facet normal 0 0 -1
    outer loop
      vertex 23 -32 0
      vertex -60.7767 40.8278 0
      vertex -60.6539 40.9933 0
    endloop
  endfacet
  facet normal 0 0 -1
    outer loop
      vertex -60.9151 40.6751 0
      vertex 23 -32 0
      vertex -60.9151 -40.6751 0
    endloop
  endfacet
  facet normal 0 0 -1
    outer loop
      vertex 23 -32 0
      vertex -60.9151 40.6751 0
      vertex -60.7767 40.8278 0
    endloop
  endfacet
  facet normal 0 0 -1
    outer loop
      vertex -61.0678 -40.5367 0
      vertex -60.9151 40.6751 0
      vertex -60.9151 -40.6751 0
    endloop
  endfacet
  facet normal 0 0 -1
    outer loop
      vertex -61.0678 -40.5367 0
      vertex -61.0678 40.5367 0
      vertex -60.9151 40.6751 0
    endloop
  endfacet
  facet normal 0 0 -1
    outer loop
      vertex -74.6 23 0
      vertex -61.0678 -40.5367 0
      vertex -61.2333 -40.4139 0
    endloop
  endfacet
  facet normal 0 0 -1
    outer loop
      vertex -61.0678 -40.5367 0
      vertex -74.6 23 0
      vertex -61.0678 40.5367 0
    endloop
  endfacet
  facet normal 0 0 -1
    outer loop
      vertex -74.6 23 0
      vertex -61.2333 -40.4139 0
      vertex -61.4101 -40.308 0
    endloop
  endfacet
  facet normal 0 0 -1
    outer loop
      vertex -61.0678 40.5367 0
      vertex -74.6 23 0
      vertex -61.2333 40.4139 0
    endloop
  endfacet
  facet normal 0 0 -1
    outer loop
      vertex -74.6 23 0
      vertex -61.4101 -40.308 0
      vertex -61.5964 -40.2199 0
    endloop
  endfacet
  facet normal 0 0 -1
    outer loop
      vertex -61.2333 40.4139 0
      vertex -74.6 23 0
      vertex -61.4101 40.308 0
    endloop
  endfacet
  facet normal 0 0 -1
    outer loop
      vertex -74.6 23 0
      vertex -61.5964 -40.2199 0
      vertex -61.7904 -40.1504 0
    endloop
  endfacet
  facet normal 0 0 -1
    outer loop
      vertex -61.4101 40.308 0
      vertex -74.6 23 0
      vertex -61.5964 40.2199 0
    endloop
  endfacet
  facet normal 0 0 -1
    outer loop
      vertex -74.6 23 0
      vertex -61.7904 -40.1504 0
      vertex -61.9903 -40.1003 0
    endloop
  endfacet
  facet normal 0 0 -1
    outer loop
      vertex -61.5964 40.2199 0
      vertex -74.6 23 0
      vertex -61.7904 40.1504 0
    endloop
  endfacet
  facet normal 0 0 -1
    outer loop
      vertex -74.6 23 0
      vertex -61.9903 -40.1003 0
      vertex -62.1942 -40.0701 0
    endloop
  endfacet
  facet normal 0 0 -1
    outer loop
      vertex -61.7904 40.1504 0
      vertex -74.6 23 0
      vertex -61.9903 40.1003 0
    endloop
  endfacet
  facet normal 0 0 -1
    outer loop
      vertex -74.6 23 0
      vertex -62.1942 -40.0701 0
      vertex -62.4 -40.06 0
    endloop
  endfacet
  facet normal 0 0 -1
    outer loop
      vertex -74.6 25 0
      vertex -61.9903 40.1003 0
      vertex -74.6 23 0
    endloop
  endfacet
  facet normal 0 0 -1
    outer loop
      vertex -74.6 23 0
      vertex -62.4 -40.06 0
      vertex -62.6058 -40.0701 0
    endloop
  endfacet
  facet normal 0 0 -1
    outer loop
      vertex -61.9903 40.1003 0
      vertex -74.6 25 0
      vertex -62.1942 40.0701 0
    endloop
  endfacet
  facet normal 0 0 -1
    outer loop
      vertex -74.6 23 0
      vertex -62.6058 -40.0701 0
      vertex -62.8097 -40.1003 0
    endloop
  endfacet
  facet normal 0 0 -1
    outer loop
      vertex -62.1942 40.0701 0
      vertex -74.6 25 0
      vertex -62.4 40.06 0
    endloop
  endfacet
  facet normal 0 0 -1
    outer loop
      vertex -74.6 23 0
      vertex -62.8097 -40.1003 0
      vertex -63.0096 -40.1504 0
    endloop
  endfacet
  facet normal -0 0 -1
    outer loop
      vertex -62.4 40.06 0
      vertex -74.6 25 0
      vertex -62.6058 40.0701 0
    endloop
  endfacet
  facet normal 0 0 -1
    outer loop
      vertex -74.6 23 0
      vertex -63.0096 -40.1504 0
      vertex -63.2036 -40.2199 0
    endloop
  endfacet
  facet normal -0 0 -1
    outer loop
      vertex -62.6058 40.0701 0
      vertex -74.6 25 0
      vertex -62.8097 40.1003 0
    endloop
  endfacet
  facet normal 0 0 -1
    outer loop
      vertex -78.6 23 0
      vertex -63.2036 -40.2199 0
      vertex -63.3899 -40.308 0
    endloop
  endfacet
  facet normal -0 0 -1
    outer loop
      vertex -62.8097 40.1003 0
      vertex -74.6 25 0
      vertex -63.0096 40.1504 0
    endloop
  endfacet
  facet normal 0 0 -1
    outer loop
      vertex -78.6 23 0
      vertex -63.3899 -40.308 0
      vertex -63.5667 -40.4139 0
    endloop
  endfacet
  facet normal 0 0 -1
    outer loop
      vertex -74.6 35 0
      vertex -63.0096 40.1504 0
      vertex -74.6 25 0
    endloop
  endfacet
  facet normal 0 0 -1
    outer loop
      vertex -78.6 23 0
      vertex -63.5667 -40.4139 0
      vertex -63.7322 -40.5367 0
    endloop
  endfacet
  facet normal -0 0 -1
    outer loop
      vertex -63.0096 40.1504 0
      vertex -74.6 35 0
      vertex -63.2036 40.2199 0
    endloop
  endfacet
  facet normal 0 0 -1
    outer loop
      vertex -78.6 23 0
      vertex -63.7322 -40.5367 0
      vertex -63.8849 -40.6751 0
    endloop
  endfacet
  facet normal -0 0 -1
    outer loop
      vertex -63.2036 40.2199 0
      vertex -74.6 35 0
      vertex -63.3899 40.308 0
    endloop
  endfacet
  facet normal 0 0 -1
    outer loop
      vertex -78.6 23 0
      vertex -63.8849 -40.6751 0
      vertex -64.0233 -40.8278 0
    endloop
  endfacet
  facet normal -0 0 -1
    outer loop
      vertex -63.3899 40.308 0
      vertex -74.6 35 0
      vertex -63.5667 40.4139 0
    endloop
  endfacet
  facet normal 0 0 -1
    outer loop
      vertex -78.6 23 0
      vertex -64.0233 -40.8278 0
      vertex -64.1461 -40.9933 0
    endloop
  endfacet
  facet normal -0 0 -1
    outer loop
      vertex -63.5667 40.4139 0
      vertex -74.6 35 0
      vertex -63.7322 40.5367 0
    endloop
  endfacet
  facet normal 0 0 -1
    outer loop
      vertex -78.6 23 0
      vertex -64.1461 -40.9933 0
      vertex -64.252 -41.1701 0
    endloop
  endfacet
  facet normal -0 0 -1
    outer loop
      vertex -63.7322 40.5367 0
      vertex -74.6 35 0
      vertex -63.8849 40.6751 0
    endloop
  endfacet
  facet normal 0 0 -1
    outer loop
      vertex -78.6 23 0
      vertex -64.252 -41.1701 0
      vertex -64.3401 -41.3564 0
    endloop
  endfacet
  facet normal 0 0 -1
    outer loop
      vertex -74.6 37 0
      vertex -63.8849 40.6751 0
      vertex -74.6 35 0
    endloop
  endfacet
  facet normal 0 0 -1
    outer loop
      vertex -85 -65 0
      vertex -64.3401 -41.3564 0
      vertex -64.4096 -41.5504 0
    endloop
  endfacet
  facet normal -0 0 -1
    outer loop
      vertex -63.8849 40.6751 0
      vertex -74.6 37 0
      vertex -64.0233 40.8278 0
    endloop
  endfacet
  facet normal 0 0 -1
    outer loop
      vertex -85 -65 0
      vertex -64.4096 -41.5504 0
      vertex -64.4596 -41.7503 0
    endloop
  endfacet
  facet normal -0 0 -1
    outer loop
      vertex -64.0233 40.8278 0
      vertex -74.6 37 0
      vertex -64.1461 40.9933 0
    endloop
  endfacet
  facet normal 0 0 -1
    outer loop
      vertex -85 -65 0
      vertex -64.4596 -41.7503 0
      vertex -64.4899 -41.9542 0
    endloop
  endfacet
  facet normal -0 0 -1
    outer loop
      vertex -64.1461 40.9933 0
      vertex -74.6 37 0
      vertex -64.252 41.1701 0
    endloop
  endfacet
  facet normal 0 0 -1
    outer loop
      vertex -85 -65 0
      vertex -64.4899 -41.9542 0
      vertex -64.5 -42.16 0
    endloop
  endfacet
  facet normal -0 0 -1
    outer loop
      vertex -64.252 41.1701 0
      vertex -74.6 37 0
      vertex -64.3401 41.3564 0
    endloop
  endfacet
  facet normal 0 0 -1
    outer loop
      vertex 23 -56 0
      vertex 27 -34 0
      vertex 27 -56 0
    endloop
  endfacet
  facet normal -0 0 -1
    outer loop
      vertex 27 -34 0
      vertex 23 -56 0
      vertex 23 -34 0
    endloop
  endfacet
  facet normal 0 0 -1
    outer loop
      vertex 43 -56 0
      vertex 47 -34 0
      vertex 47 -56 0
    endloop
  endfacet
  facet normal -0 0 -1
    outer loop
      vertex 47 -34 0
      vertex 43 -56 0
      vertex 43 -34 0
    endloop
  endfacet
  facet normal 0 0 -1
    outer loop
      vertex 85 65 0
      vertex 64.4899 41.9542 0
      vertex 64.5 42.16 0
    endloop
  endfacet
  facet normal 0 0 -1
    outer loop
      vertex 85 65 0
      vertex 64.4596 41.7503 0
      vertex 64.4899 41.9542 0
    endloop
  endfacet
  facet normal 0 0 -1
    outer loop
      vertex 85 65 0
      vertex 64.4096 41.5504 0
      vertex 64.4596 41.7503 0
    endloop
  endfacet
  facet normal 0 0 -1
    outer loop
      vertex 85 65 0
      vertex 64.3401 41.3564 0
      vertex 64.4096 41.5504 0
    endloop
  endfacet
  facet normal 0 0 -1
    outer loop
      vertex 85 65 0
      vertex 64.252 41.1701 0
      vertex 64.3401 41.3564 0
    endloop
  endfacet
  facet normal 0 0 -1
    outer loop
      vertex 67 -32 0
      vertex 64.1461 40.9933 0
      vertex 64.252 41.1701 0
    endloop
  endfacet
  facet normal 0 0 -1
    outer loop
      vertex 67 -32 0
      vertex 64.0233 40.8278 0
      vertex 64.1461 40.9933 0
    endloop
  endfacet
  facet normal 0 0 -1
    outer loop
      vertex 67 -32 0
      vertex 63.8849 40.6751 0
      vertex 64.0233 40.8278 0
    endloop
  endfacet
  facet normal 0 0 -1
    outer loop
      vertex 67 -32 0
      vertex 63.7322 40.5367 0
      vertex 63.8849 40.6751 0
    endloop
  endfacet
  facet normal 0 0 -1
    outer loop
      vertex 67 -32 0
      vertex 63.5667 40.4139 0
      vertex 63.7322 40.5367 0
    endloop
  endfacet
  facet normal 0 0 -1
    outer loop
      vertex 67 -32 0
      vertex 63.3899 40.308 0
      vertex 63.5667 40.4139 0
    endloop
  endfacet
  facet normal 0 0 -1
    outer loop
      vertex 67 -32 0
      vertex 63.2036 40.2199 0
      vertex 63.3899 40.308 0
    endloop
  endfacet
  facet normal 0 0 -1
    outer loop
      vertex 67 -32 0
      vertex 63.0096 40.1504 0
      vertex 63.2036 40.2199 0
    endloop
  endfacet
  facet normal 0 0 -1
    outer loop
      vertex 62.6058 40.0701 0
      vertex 67 -32 0
      vertex 63 -32 0
    endloop
  endfacet
  facet normal 0 0 -1
    outer loop
      vertex 62.4 -40.06 0
      vertex 63 -34 0
      vertex 62.6058 -40.0701 0
    endloop
  endfacet
  facet normal 0 0 -1
    outer loop
      vertex 67 -32 0
      vertex 62.8097 40.1003 0
      vertex 63.0096 40.1504 0
    endloop
  endfacet
  facet normal 0 0 -1
    outer loop
      vertex 62.1942 -40.0701 0
      vertex 63 -34 0
      vertex 62.4 -40.06 0
    endloop
  endfacet
  facet normal 0 -0 -1
    outer loop
      vertex 61.9903 40.1003 0
      vertex 63 -32 0
      vertex 47 -32 0
    endloop
  endfacet
  facet normal 0 0 -1
    outer loop
      vertex 61.9903 -40.1003 0
      vertex 63 -34 0
      vertex 62.1942 -40.0701 0
    endloop
  endfacet
  facet normal 0 0 -1
    outer loop
      vertex 67 -32 0
      vertex 62.6058 40.0701 0
      vertex 62.8097 40.1003 0
    endloop
  endfacet
  facet normal 0 0 -1
    outer loop
      vertex 61.7904 -40.1504 0
      vertex 63 -34 0
      vertex 61.9903 -40.1003 0
    endloop
  endfacet
  facet normal 0 0 -1
    outer loop
      vertex 63 -32 0
      vertex 62.4 40.06 0
      vertex 62.6058 40.0701 0
    endloop
  endfacet
  facet normal 0 0 -1
    outer loop
      vertex 61.5964 -40.2199 0
      vertex 63 -34 0
      vertex 61.7904 -40.1504 0
    endloop
  endfacet
  facet normal 0 0 -1
    outer loop
      vertex 63 -32 0
      vertex 62.1942 40.0701 0
      vertex 62.4 40.06 0
    endloop
  endfacet
  facet normal 0 0 -1
    outer loop
      vertex 61.4101 -40.308 0
      vertex 63 -34 0
      vertex 61.5964 -40.2199 0
    endloop
  endfacet
  facet normal 0 0 -1
    outer loop
      vertex 63 -32 0
      vertex 61.9903 40.1003 0
      vertex 62.1942 40.0701 0
    endloop
  endfacet
  facet normal 0 0 -1
    outer loop
      vertex 61.2333 -40.4139 0
      vertex 63 -34 0
      vertex 61.4101 -40.308 0
    endloop
  endfacet
  facet normal -0 0 -1
    outer loop
      vertex 61.9903 40.1003 0
      vertex 47 -32 0
      vertex 61.7904 40.1504 0
    endloop
  endfacet
  facet normal 0 0 -1
    outer loop
      vertex 61.0678 -40.5367 0
      vertex 63 -34 0
      vertex 61.2333 -40.4139 0
    endloop
  endfacet
  facet normal -0 0 -1
    outer loop
      vertex 61.7904 40.1504 0
      vertex 47 -32 0
      vertex 61.5964 40.2199 0
    endloop
  endfacet
  facet normal 0 0 -1
    outer loop
      vertex 60.9151 -40.6751 0
      vertex 63 -34 0
      vertex 61.0678 -40.5367 0
    endloop
  endfacet
  facet normal -0 0 -1
    outer loop
      vertex 61.5964 40.2199 0
      vertex 47 -32 0
      vertex 61.4101 40.308 0
    endloop
  endfacet
  facet normal 0 0 -1
    outer loop
      vertex 47 -34 0
      vertex 63 -34 0
      vertex 60.9151 -40.6751 0
    endloop
  endfacet
  facet normal 0 0 -1
    outer loop
      vertex 43 -32 0
      vertex 61.4101 40.308 0
      vertex 47 -32 0
    endloop
  endfacet
  facet normal 0 0 -1
    outer loop
      vertex 63 -34 0
      vertex 47 -34 0
      vertex 63 -32 0
    endloop
  endfacet
  facet normal -0 0 -1
    outer loop
      vertex 61.4101 40.308 0
      vertex 43 -32 0
      vertex 61.2333 40.4139 0
    endloop
  endfacet
  facet normal 0 0 -1
    outer loop
      vertex 47 -34 0
      vertex 60.9151 -40.6751 0
      vertex 60.7767 -40.8278 0
    endloop
  endfacet
  facet normal -0 0 -1
    outer loop
      vertex 61.2333 40.4139 0
      vertex 43 -32 0
      vertex 61.0678 40.5367 0
    endloop
  endfacet
  facet normal 0 0 -1
    outer loop
      vertex 47 -34 0
      vertex 60.7767 -40.8278 0
      vertex 60.6539 -40.9933 0
    endloop
  endfacet
  facet normal 0 0 -1
    outer loop
      vertex 27 -32 0
      vertex 61.0678 40.5367 0
      vertex 43 -32 0
    endloop
  endfacet
  facet normal 0 0 -1
    outer loop
      vertex 47 -34 0
      vertex 60.6539 -40.9933 0
      vertex 60.548 -41.1701 0
    endloop
  endfacet
  facet normal -0 0 -1
    outer loop
      vertex 61.0678 40.5367 0
      vertex 27 -32 0
      vertex 60.9151 40.6751 0
    endloop
  endfacet
  facet normal 0 0 -1
    outer loop
      vertex 47 -34 0
      vertex 60.548 -41.1701 0
      vertex 60.4599 -41.3564 0
    endloop
  endfacet
  facet normal -0 0 -1
    outer loop
      vertex 60.9151 40.6751 0
      vertex 27 -32 0
      vertex 60.7767 40.8278 0
    endloop
  endfacet
  facet normal 0 0 -1
    outer loop
      vertex 47 -34 0
      vertex 60.4599 -41.3564 0
      vertex 60.3904 -41.5504 0
    endloop
  endfacet
  facet normal 0 0 -1
    outer loop
      vertex 23 -32 0
      vertex 60.7767 40.8278 0
      vertex 27 -32 0
    endloop
  endfacet
  facet normal 0 0 -1
    outer loop
      vertex 47 -34 0
      vertex 60.3904 -41.5504 0
      vertex 60.3404 -41.7503 0
    endloop
  endfacet
  facet normal -0 0 -1
    outer loop
      vertex 60.7767 40.8278 0
      vertex 23 -32 0
      vertex 60.6539 40.9933 0
    endloop
  endfacet
  facet normal 0 0 -1
    outer loop
      vertex 47 -34 0
      vertex 60.3404 -41.7503 0
      vertex 60.3101 -41.9542 0
    endloop
  endfacet
  facet normal -0 0 -1
    outer loop
      vertex 60.6539 40.9933 0
      vertex 23 -32 0
      vertex 60.548 41.1701 0
    endloop
  endfacet
  facet normal 0 0 -1
    outer loop
      vertex 47 -34 0
      vertex 60.3101 -41.9542 0
      vertex 60.3 -42.16 0
    endloop
  endfacet
  facet normal -0 0 -1
    outer loop
      vertex 60.548 41.1701 0
      vertex 23 -32 0
      vertex 60.4599 41.3564 0
    endloop
  endfacet
  facet normal 0 0 -1
    outer loop
      vertex 85 -65 0
      vertex 64.5 -42.16 0
      vertex 67 -34 0
    endloop
  endfacet
  facet normal 0 0 -1
    outer loop
      vertex 85 -65 0
      vertex 64.4899 -42.3658 0
      vertex 64.5 -42.16 0
    endloop
  endfacet
  facet normal 0 0 -1
    outer loop
      vertex 85 -65 0
      vertex 64.4596 -42.5697 0
      vertex 64.4899 -42.3658 0
    endloop
  endfacet
  facet normal 0 0 -1
    outer loop
      vertex 67 -56 0
      vertex 64.4096 -42.7696 0
      vertex 64.4596 -42.5697 0
    endloop
  endfacet
  facet normal 0 0 -1
    outer loop
      vertex 67 -56 0
      vertex 64.3401 -42.9636 0
      vertex 64.4096 -42.7696 0
    endloop
  endfacet
  facet normal 0 0 -1
    outer loop
      vertex 67 -56 0
      vertex 64.252 -43.1499 0
      vertex 64.3401 -42.9636 0
    endloop
  endfacet
  facet normal 0 0 -1
    outer loop
      vertex 67 -56 0
      vertex 64.1461 -43.3267 0
      vertex 64.252 -43.1499 0
    endloop
  endfacet
  facet normal 0 0 -1
    outer loop
      vertex 67 -56 0
      vertex 64.0233 -43.4922 0
      vertex 64.1461 -43.3267 0
    endloop
  endfacet
  facet normal 0 0 -1
    outer loop
      vertex 67 -56 0
      vertex 63.8849 -43.6449 0
      vertex 64.0233 -43.4922 0
    endloop
  endfacet
  facet normal 0 0 -1
    outer loop
      vertex 67 -56 0
      vertex 63.7322 -43.7833 0
      vertex 63.8849 -43.6449 0
    endloop
  endfacet
  facet normal 0 0 -1
    outer loop
      vertex 67 -56 0
      vertex 63.5667 -43.9061 0
      vertex 63.7322 -43.7833 0
    endloop
  endfacet
  facet normal 0 0 -1
    outer loop
      vertex 67 -56 0
      vertex 63.3899 -44.012 0
      vertex 63.5667 -43.9061 0
    endloop
  endfacet
  facet normal 0 0 -1
    outer loop
      vertex 67 -56 0
      vertex 63.2036 -44.1001 0
      vertex 63.3899 -44.012 0
    endloop
  endfacet
  facet normal 0 0 -1
    outer loop
      vertex 67 -56 0
      vertex 63.0096 -44.1696 0
      vertex 63.2036 -44.1001 0
    endloop
  endfacet
  facet normal 0 0 -1
    outer loop
      vertex 63 -56 0
      vertex 63.0096 -44.1696 0
      vertex 67 -56 0
    endloop
  endfacet
  facet normal 0 0 -1
    outer loop
      vertex 63.0096 -44.1696 0
      vertex 63 -56 0
      vertex 62.8097 -44.2197 0
    endloop
  endfacet
  facet normal 0 0 -1
    outer loop
      vertex 67 -58 0
      vertex 85 -65 0
      vertex 84.9518 -65.9802 0
    endloop
  endfacet
  facet normal 0 0 -1
    outer loop
      vertex 85 -65 0
      vertex 67 -32 0
      vertex 85 65 0
    endloop
  endfacet
  facet normal 0 0 -1
    outer loop
      vertex 67 -58 0
      vertex 84.9518 -65.9802 0
      vertex 84.8078 -66.9509 0
    endloop
  endfacet
  facet normal 0 0 -1
    outer loop
      vertex 64.252 41.1701 0
      vertex 85 65 0
      vertex 67 -32 0
    endloop
  endfacet
  facet normal 0 0 -1
    outer loop
      vertex 67 -58 0
      vertex 84.8078 -66.9509 0
      vertex 84.5694 -67.9028 0
    endloop
  endfacet
  facet normal 0 0 -1
    outer loop
      vertex 64.4899 42.3658 0
      vertex 85 65 0
      vertex 64.5 42.16 0
    endloop
  endfacet
  facet normal 0 0 -1
    outer loop
      vertex 67 -58 0
      vertex 84.5694 -67.9028 0
      vertex 84.2388 -68.8268 0
    endloop
  endfacet
  facet normal 0 0 -1
    outer loop
      vertex 64.4596 42.5697 0
      vertex 85 65 0
      vertex 64.4899 42.3658 0
    endloop
  endfacet
  facet normal 0 0 -1
    outer loop
      vertex 67 -58 0
      vertex 84.2388 -68.8268 0
      vertex 83.8192 -69.714 0
    endloop
  endfacet
  facet normal 0 0 -1
    outer loop
      vertex 64.4096 42.7696 0
      vertex 85 65 0
      vertex 64.4596 42.5697 0
    endloop
  endfacet
  facet normal 0 0 -1
    outer loop
      vertex 67 -58 0
      vertex 83.8192 -69.714 0
      vertex 83.3147 -70.5557 0
    endloop
  endfacet
  facet normal 0 0 -1
    outer loop
      vertex 64.3401 42.9636 0
      vertex 85 65 0
      vertex 64.4096 42.7696 0
    endloop
  endfacet
  facet normal 0 0 -1
    outer loop
      vertex 67 -58 0
      vertex 83.3147 -70.5557 0
      vertex 82.7301 -71.3439 0
    endloop
  endfacet
  facet normal 0 0 -1
    outer loop
      vertex 64.252 43.1499 0
      vertex 85 65 0
      vertex 64.3401 42.9636 0
    endloop
  endfacet
  facet normal 0 0 -1
    outer loop
      vertex 67 -58 0
      vertex 82.7301 -71.3439 0
      vertex 82.0711 -72.0711 0
    endloop
  endfacet
  facet normal 0 0 -1
    outer loop
      vertex 64.1461 43.3267 0
      vertex 85 65 0
      vertex 64.252 43.1499 0
    endloop
  endfacet
  facet normal 0 0 -1
    outer loop
      vertex 67 -58 0
      vertex 82.0711 -72.0711 0
      vertex 81.3439 -72.7301 0
    endloop
  endfacet
  facet normal 0 0 -1
    outer loop
      vertex 64.0233 43.4922 0
      vertex 85 65 0
      vertex 64.1461 43.3267 0
    endloop
  endfacet
  facet normal 0 0 -1
    outer loop
      vertex 67 -58 0
      vertex 81.3439 -72.7301 0
      vertex 80.5557 -73.3147 0
    endloop
  endfacet
  facet normal 0 0 -1
    outer loop
      vertex 63.8849 43.6449 0
      vertex 85 65 0
      vertex 64.0233 43.4922 0
    endloop
  endfacet
  facet normal 0 0 -1
    outer loop
      vertex 67 -58 0
      vertex 80.5557 -73.3147 0
      vertex 79.714 -73.8192 0
    endloop
  endfacet
  facet normal 0 0 -1
    outer loop
      vertex 63.7322 43.7833 0
      vertex 85 65 0
      vertex 63.8849 43.6449 0
    endloop
  endfacet
  facet normal 0 0 -1
    outer loop
      vertex 67 -58 0
      vertex 79.714 -73.8192 0
      vertex 78.8268 -74.2388 0
    endloop
  endfacet
  facet normal 0 0 -1
    outer loop
      vertex 63.5667 43.9061 0
      vertex 85 65 0
      vertex 63.7322 43.7833 0
    endloop
  endfacet
  facet normal 0 0 -1
    outer loop
      vertex 67 -58 0
      vertex 78.8268 -74.2388 0
      vertex 77.9028 -74.5694 0
    endloop
  endfacet
  facet normal 0 0 -1
    outer loop
      vertex 63.3899 44.012 0
      vertex 85 65 0
      vertex 63.5667 43.9061 0
    endloop
  endfacet
  facet normal 0 0 -1
    outer loop
      vertex 67 -58 0
      vertex 77.9028 -74.5694 0
      vertex 76.9509 -74.8078 0
    endloop
  endfacet
  facet normal 0 0 -1
    outer loop
      vertex 63.2036 44.1001 0
      vertex 85 65 0
      vertex 63.3899 44.012 0
    endloop
  endfacet
  facet normal 0 0 -1
    outer loop
      vertex 67 -58 0
      vertex 76.9509 -74.8078 0
      vertex 75.9802 -74.9518 0
    endloop
  endfacet
  facet normal 0 -0 -1
    outer loop
      vertex 75 75 0
      vertex 85 65 0
      vertex 63.2036 44.1001 0
    endloop
  endfacet
  facet normal 0 0 -1
    outer loop
      vertex 67 -58 0
      vertex 75.9802 -74.9518 0
      vertex 75 -75 0
    endloop
  endfacet
  facet normal 0 0 -1
    outer loop
      vertex 85 65 0
      vertex 75 75 0
      vertex 84.9518 65.9802 0
    endloop
  endfacet
  facet normal 0 0 -1
    outer loop
      vertex 85 -65 0
      vertex 67 -58 0
      vertex 67 -56 0
    endloop
  endfacet
  facet normal 0 0 -1
    outer loop
      vertex 75 -75 0
      vertex 63 -58 0
      vertex 67 -58 0
    endloop
  endfacet
  facet normal 0 0 -1
    outer loop
      vertex 47 -56 0
      vertex 63 -56 0
      vertex 63 -58 0
    endloop
  endfacet
  facet normal 0 0 -1
    outer loop
      vertex 63 -56 0
      vertex 62.6058 -44.2499 0
      vertex 62.8097 -44.2197 0
    endloop
  endfacet
  facet normal 0 0 -1
    outer loop
      vertex 63 -56 0
      vertex 62.4 -44.26 0
      vertex 62.6058 -44.2499 0
    endloop
  endfacet
  facet normal 0 0 -1
    outer loop
      vertex 63 -56 0
      vertex 62.1942 -44.2499 0
      vertex 62.4 -44.26 0
    endloop
  endfacet
  facet normal 0 0 -1
    outer loop
      vertex 63 -56 0
      vertex 61.9903 -44.2197 0
      vertex 62.1942 -44.2499 0
    endloop
  endfacet
  facet normal 0 0 -1
    outer loop
      vertex 63 -56 0
      vertex 61.7904 -44.1696 0
      vertex 61.9903 -44.2197 0
    endloop
  endfacet
  facet normal 0 0 -1
    outer loop
      vertex 63 -56 0
      vertex 61.5964 -44.1001 0
      vertex 61.7904 -44.1696 0
    endloop
  endfacet
  facet normal 0 0 -1
    outer loop
      vertex 63 -56 0
      vertex 61.4101 -44.012 0
      vertex 61.5964 -44.1001 0
    endloop
  endfacet
  facet normal 0 0 -1
    outer loop
      vertex 63 -56 0
      vertex 61.2333 -43.9061 0
      vertex 61.4101 -44.012 0
    endloop
  endfacet
  facet normal 0 -0 -1
    outer loop
      vertex 61.0678 -43.7833 0
      vertex 63 -56 0
      vertex 47 -56 0
    endloop
  endfacet
  facet normal 0 0 -1
    outer loop
      vertex 63 -56 0
      vertex 61.0678 -43.7833 0
      vertex 61.2333 -43.9061 0
    endloop
  endfacet
  facet normal -0 0 -1
    outer loop
      vertex 61.0678 -43.7833 0
      vertex 47 -56 0
      vertex 60.9151 -43.6449 0
    endloop
  endfacet
  facet normal -0 0 -1
    outer loop
      vertex 60.9151 -43.6449 0
      vertex 47 -56 0
      vertex 60.7767 -43.4922 0
    endloop
  endfacet
  facet normal -0 0 -1
    outer loop
      vertex 60.7767 -43.4922 0
      vertex 47 -56 0
      vertex 60.6539 -43.3267 0
    endloop
  endfacet
  facet normal -0 0 -1
    outer loop
      vertex 60.6539 -43.3267 0
      vertex 47 -56 0
      vertex 60.548 -43.1499 0
    endloop
  endfacet
  facet normal -0 0 -1
    outer loop
      vertex 60.548 -43.1499 0
      vertex 47 -56 0
      vertex 60.4599 -42.9636 0
    endloop
  endfacet
  facet normal -0 0 -1
    outer loop
      vertex 60.4599 -42.9636 0
      vertex 47 -56 0
      vertex 60.3904 -42.7696 0
    endloop
  endfacet
  facet normal 0 0 -1
    outer loop
      vertex 60.3404 -42.5697 0
      vertex 47 -34 0
      vertex 60.3101 -42.3658 0
    endloop
  endfacet
  facet normal 0 0 -1
    outer loop
      vertex 47 -34 0
      vertex 60.3404 -42.5697 0
      vertex 47 -56 0
    endloop
  endfacet
  facet normal -0 0 -1
    outer loop
      vertex 60.3904 -42.7696 0
      vertex 47 -56 0
      vertex 60.3404 -42.5697 0
    endloop
  endfacet
  facet normal 0 0 -1
    outer loop
      vertex 47 -56 0
      vertex 63 -58 0
      vertex 47 -58 0
    endloop
  endfacet
  facet normal 0 0 -1
    outer loop
      vertex 75 -75 0
      vertex 47 -58 0
      vertex 63 -58 0
    endloop
  endfacet
  facet normal 0 0 -1
    outer loop
      vertex 75 -75 0
      vertex 43 -58 0
      vertex 47 -58 0
    endloop
  endfacet
  facet normal 0 0 -1
    outer loop
      vertex 27 -56 0
      vertex 43 -56 0
      vertex 43 -58 0
    endloop
  endfacet
  facet normal 0 0 -1
    outer loop
      vertex 43 -56 0
      vertex 27 -56 0
      vertex 43 -34 0
    endloop
  endfacet
  facet normal 0 0 -1
    outer loop
      vertex 27 -56 0
      vertex 43 -58 0
      vertex 27 -58 0
    endloop
  endfacet
  facet normal 0 0 -1
    outer loop
      vertex 75 -75 0
      vertex 27 -58 0
      vertex 43 -58 0
    endloop
  endfacet
  facet normal 0 0 -1
    outer loop
      vertex 75 -75 0
      vertex 23 -58 0
      vertex 27 -58 0
    endloop
  endfacet
  facet normal 0 0 -1
    outer loop
      vertex -60.3904 -42.7696 0
      vertex 23 -56 0
      vertex 23 -58 0
    endloop
  endfacet
  facet normal 0 0 -1
    outer loop
      vertex 23 -56 0
      vertex -60.3101 -42.3658 0
      vertex 23 -34 0
    endloop
  endfacet
  facet normal 0 -0 -1
    outer loop
      vertex -60.3 -42.16 0
      vertex 23 -34 0
      vertex -60.3101 -42.3658 0
    endloop
  endfacet
  facet normal 0 0 -1
    outer loop
      vertex -75 -75 0
      vertex 23 -58 0
      vertex 75 -75 0
    endloop
  endfacet
  facet normal 0 0 -1
    outer loop
      vertex -60.3101 -41.9542 0
      vertex 23 -34 0
      vertex -60.3 -42.16 0
    endloop
  endfacet
  facet normal 0 0 -1
    outer loop
      vertex 23 -56 0
      vertex -60.3404 -42.5697 0
      vertex -60.3101 -42.3658 0
    endloop
  endfacet
  facet normal 0 0 -1
    outer loop
      vertex 23 -56 0
      vertex -60.3904 -42.7696 0
      vertex -60.3404 -42.5697 0
    endloop
  endfacet
  facet normal 0 0 -1
    outer loop
      vertex 23 -58 0
      vertex -60.4599 -42.9636 0
      vertex -60.3904 -42.7696 0
    endloop
  endfacet
  facet normal 0 0 -1
    outer loop
      vertex 23 -58 0
      vertex -60.548 -43.1499 0
      vertex -60.4599 -42.9636 0
    endloop
  endfacet
  facet normal 0 0 -1
    outer loop
      vertex 23 -58 0
      vertex -60.6539 -43.3267 0
      vertex -60.548 -43.1499 0
    endloop
  endfacet
  facet normal 0 0 -1
    outer loop
      vertex 23 -58 0
      vertex -60.7767 -43.4922 0
      vertex -60.6539 -43.3267 0
    endloop
  endfacet
  facet normal 0 -0 -1
    outer loop
      vertex -60.9151 -43.6449 0
      vertex 23 -58 0
      vertex -75 -75 0
    endloop
  endfacet
  facet normal 0 0 -1
    outer loop
      vertex 23 -58 0
      vertex -60.9151 -43.6449 0
      vertex -60.7767 -43.4922 0
    endloop
  endfacet
  facet normal 0 0 -1
    outer loop
      vertex -60.9151 -43.6449 0
      vertex -75 -75 0
      vertex -61.0678 -43.7833 0
    endloop
  endfacet
  facet normal 0 0 -1
    outer loop
      vertex -61.0678 -43.7833 0
      vertex -75 -75 0
      vertex -61.2333 -43.9061 0
    endloop
  endfacet
  facet normal 0 0 -1
    outer loop
      vertex -61.2333 -43.9061 0
      vertex -75 -75 0
      vertex -61.4101 -44.012 0
    endloop
  endfacet
  facet normal 0 0 -1
    outer loop
      vertex -61.4101 -44.012 0
      vertex -75 -75 0
      vertex -61.5964 -44.1001 0
    endloop
  endfacet
  facet normal 0 0 -1
    outer loop
      vertex -61.5964 -44.1001 0
      vertex -75 -75 0
      vertex -61.7904 -44.1696 0
    endloop
  endfacet
  facet normal 0 0 -1
    outer loop
      vertex -61.7904 -44.1696 0
      vertex -75 -75 0
      vertex -61.9903 -44.2197 0
    endloop
  endfacet
  facet normal 0 0 -1
    outer loop
      vertex -61.9903 -44.2197 0
      vertex -75 -75 0
      vertex -62.1942 -44.2499 0
    endloop
  endfacet
  facet normal 0 0 -1
    outer loop
      vertex -62.1942 -44.2499 0
      vertex -75 -75 0
      vertex -62.4 -44.26 0
    endloop
  endfacet
  facet normal -0 0 -1
    outer loop
      vertex -62.4 -44.26 0
      vertex -75 -75 0
      vertex -62.6058 -44.2499 0
    endloop
  endfacet
  facet normal -0 0 -1
    outer loop
      vertex -64.3401 41.3564 0
      vertex -74.6 37 0
      vertex -64.4096 41.5504 0
    endloop
  endfacet
  facet normal 0 0 -1
    outer loop
      vertex -85 -65 0
      vertex -64.5 -42.16 0
      vertex -64.4899 -42.3658 0
    endloop
  endfacet
  facet normal 0 0 -1
    outer loop
      vertex -85 -65 0
      vertex -64.4899 -42.3658 0
      vertex -64.4596 -42.5697 0
    endloop
  endfacet
  facet normal -0 0 -1
    outer loop
      vertex -62.6058 -44.2499 0
      vertex -75 -75 0
      vertex -62.8097 -44.2197 0
    endloop
  endfacet
  facet normal 0 0 -1
    outer loop
      vertex -75 -75 0
      vertex -63.0096 -44.1696 0
      vertex -62.8097 -44.2197 0
    endloop
  endfacet
  facet normal 0 0 -1
    outer loop
      vertex -75 -75 0
      vertex -63.2036 -44.1001 0
      vertex -63.0096 -44.1696 0
    endloop
  endfacet
  facet normal 0 0 -1
    outer loop
      vertex -85 -65 0
      vertex -63.2036 -44.1001 0
      vertex -75 -75 0
    endloop
  endfacet
  facet normal -0 0 -1
    outer loop
      vertex -63.2036 -44.1001 0
      vertex -85 -65 0
      vertex -63.3899 -44.012 0
    endloop
  endfacet
  facet normal -0 0 -1
    outer loop
      vertex -63.3899 -44.012 0
      vertex -85 -65 0
      vertex -63.5667 -43.9061 0
    endloop
  endfacet
  facet normal -0 0 -1
    outer loop
      vertex -63.5667 -43.9061 0
      vertex -85 -65 0
      vertex -63.7322 -43.7833 0
    endloop
  endfacet
  facet normal -0 0 -1
    outer loop
      vertex -63.7322 -43.7833 0
      vertex -85 -65 0
      vertex -63.8849 -43.6449 0
    endloop
  endfacet
  facet normal -0 0 -1
    outer loop
      vertex -63.8849 -43.6449 0
      vertex -85 -65 0
      vertex -64.0233 -43.4922 0
    endloop
  endfacet
  facet normal -0 0 -1
    outer loop
      vertex -64.0233 -43.4922 0
      vertex -85 -65 0
      vertex -64.1461 -43.3267 0
    endloop
  endfacet
  facet normal -0 0 -1
    outer loop
      vertex -64.1461 -43.3267 0
      vertex -85 -65 0
      vertex -64.252 -43.1499 0
    endloop
  endfacet
  facet normal -0 0 -1
    outer loop
      vertex -64.252 -43.1499 0
      vertex -85 -65 0
      vertex -64.3401 -42.9636 0
    endloop
  endfacet
  facet normal -0 0 -1
    outer loop
      vertex -64.3401 -42.9636 0
      vertex -85 -65 0
      vertex -64.4096 -42.7696 0
    endloop
  endfacet
  facet normal -0 0 -1
    outer loop
      vertex -64.4096 -42.7696 0
      vertex -85 -65 0
      vertex -64.4596 -42.5697 0
    endloop
  endfacet
  facet normal 0 0 -1
    outer loop
      vertex -85 -65 0
      vertex -75 -75 0
      vertex -75.9802 -74.9518 0
    endloop
  endfacet
  facet normal 0 0 -1
    outer loop
      vertex -85 -65 0
      vertex -75.9802 -74.9518 0
      vertex -76.9509 -74.8078 0
    endloop
  endfacet
  facet normal 0 0 -1
    outer loop
      vertex -85 -65 0
      vertex -76.9509 -74.8078 0
      vertex -77.9028 -74.5694 0
    endloop
  endfacet
  facet normal -0 0 -1
    outer loop
      vertex -64.3401 -41.3564 0
      vertex -85 -65 0
      vertex -78.6 23 0
    endloop
  endfacet
  facet normal 0 0 -1
    outer loop
      vertex -85 65 0
      vertex -78.6 25 0
      vertex -78.6 23 0
    endloop
  endfacet
  facet normal 0 0 -1
    outer loop
      vertex -78.6 25 0
      vertex -85 65 0
      vertex -78.6 35 0
    endloop
  endfacet
  facet normal 0 0 -1
    outer loop
      vertex -63.2036 -40.2199 0
      vertex -78.6 23 0
      vertex -74.6 23 0
    endloop
  endfacet
  facet normal 0 0 -1
    outer loop
      vertex -85 -65 0
      vertex -77.9028 -74.5694 0
      vertex -78.8268 -74.2388 0
    endloop
  endfacet
  facet normal 0 0 -1
    outer loop
      vertex 64.4596 -42.5697 0
      vertex 85 -65 0
      vertex 67 -56 0
    endloop
  endfacet
  facet normal 0 0 -1
    outer loop
      vertex 85 -65 0
      vertex 67 -34 0
      vertex 67 -32 0
    endloop
  endfacet
  facet normal 0 0 -1
    outer loop
      vertex 84.8078 66.9509 0
      vertex 75 75 0
      vertex 84.5694 67.9028 0
    endloop
  endfacet
  facet normal 0 0 -1
    outer loop
      vertex 84.5694 67.9028 0
      vertex 75 75 0
      vertex 84.2388 68.8268 0
    endloop
  endfacet
  facet normal 0 0 -1
    outer loop
      vertex 84.2388 68.8268 0
      vertex 75 75 0
      vertex 83.8192 69.714 0
    endloop
  endfacet
  facet normal 0 0 -1
    outer loop
      vertex 83.8192 69.714 0
      vertex 75 75 0
      vertex 83.3147 70.5557 0
    endloop
  endfacet
  facet normal 0 0 -1
    outer loop
      vertex 82.7301 71.3439 0
      vertex 75 75 0
      vertex 82.0711 72.0711 0
    endloop
  endfacet
  facet normal 0 0 -1
    outer loop
      vertex 82.0711 72.0711 0
      vertex 75 75 0
      vertex 81.3439 72.7301 0
    endloop
  endfacet
  facet normal 0 0 -1
    outer loop
      vertex 81.3439 72.7301 0
      vertex 75 75 0
      vertex 80.5557 73.3147 0
    endloop
  endfacet
  facet normal 0 0 -1
    outer loop
      vertex 80.5557 73.3147 0
      vertex 75 75 0
      vertex 79.714 73.8192 0
    endloop
  endfacet
  facet normal 0 0 -1
    outer loop
      vertex 78.8268 74.2388 0
      vertex 75 75 0
      vertex 77.9028 74.5694 0
    endloop
  endfacet
  facet normal 0 0 -1
    outer loop
      vertex 77.9028 74.5694 0
      vertex 75 75 0
      vertex 76.9509 74.8078 0
    endloop
  endfacet
  facet normal 0 0 -1
    outer loop
      vertex 76.9509 74.8078 0
      vertex 75 75 0
      vertex 75.9802 74.9518 0
    endloop
  endfacet
  facet normal 0 0 -1
    outer loop
      vertex 79.714 73.8192 0
      vertex 75 75 0
      vertex 78.8268 74.2388 0
    endloop
  endfacet
  facet normal 0 0 -1
    outer loop
      vertex 83.3147 70.5557 0
      vertex 75 75 0
      vertex 82.7301 71.3439 0
    endloop
  endfacet
  facet normal 0 0 -1
    outer loop
      vertex 84.9518 65.9802 0
      vertex 75 75 0
      vertex 84.8078 66.9509 0
    endloop
  endfacet
  facet normal 0 0 -1
    outer loop
      vertex 63.0096 44.1696 0
      vertex 75 75 0
      vertex 63.2036 44.1001 0
    endloop
  endfacet
  facet normal 0 0 -1
    outer loop
      vertex 62.8097 44.2197 0
      vertex 75 75 0
      vertex 63.0096 44.1696 0
    endloop
  endfacet
  facet normal 0 0 -1
    outer loop
      vertex 62.6058 44.2499 0
      vertex 75 75 0
      vertex 62.8097 44.2197 0
    endloop
  endfacet
  facet normal 0 0 -1
    outer loop
      vertex 62.4 44.26 0
      vertex 75 75 0
      vertex 62.6058 44.2499 0
    endloop
  endfacet
  facet normal 0 0 -1
    outer loop
      vertex 62.1942 44.2499 0
      vertex 75 75 0
      vertex 62.4 44.26 0
    endloop
  endfacet
  facet normal 0 0 -1
    outer loop
      vertex 61.9903 44.2197 0
      vertex 75 75 0
      vertex 62.1942 44.2499 0
    endloop
  endfacet
  facet normal 0 0 -1
    outer loop
      vertex 61.7904 44.1696 0
      vertex 75 75 0
      vertex 61.9903 44.2197 0
    endloop
  endfacet
  facet normal 0 0 -1
    outer loop
      vertex 61.5964 44.1001 0
      vertex 75 75 0
      vertex 61.7904 44.1696 0
    endloop
  endfacet
  facet normal 0 0 -1
    outer loop
      vertex 61.4101 44.012 0
      vertex 75 75 0
      vertex 61.5964 44.1001 0
    endloop
  endfacet
  facet normal 0 0 -1
    outer loop
      vertex 61.2333 43.9061 0
      vertex 75 75 0
      vertex 61.4101 44.012 0
    endloop
  endfacet
  facet normal 0 0 -1
    outer loop
      vertex 61.0678 43.7833 0
      vertex 75 75 0
      vertex 61.2333 43.9061 0
    endloop
  endfacet
  facet normal 0 0 -1
    outer loop
      vertex 60.9151 43.6449 0
      vertex 75 75 0
      vertex 61.0678 43.7833 0
    endloop
  endfacet
  facet normal 0 0 -1
    outer loop
      vertex 60.7767 43.4922 0
      vertex 75 75 0
      vertex 60.9151 43.6449 0
    endloop
  endfacet
  facet normal 0 0 -1
    outer loop
      vertex -60.7767 43.4922 0
      vertex 60.7767 43.4922 0
      vertex 60.6539 43.3267 0
    endloop
  endfacet
  facet normal 0 0 -1
    outer loop
      vertex -60.6539 43.3267 0
      vertex 60.6539 43.3267 0
      vertex 60.548 43.1499 0
    endloop
  endfacet
  facet normal 0 0 -1
    outer loop
      vertex -60.548 43.1499 0
      vertex 60.548 43.1499 0
      vertex 60.4599 42.9636 0
    endloop
  endfacet
  facet normal 0 0 -1
    outer loop
      vertex 60.3101 -42.3658 0
      vertex 47 -34 0
      vertex 60.3 -42.16 0
    endloop
  endfacet
  facet normal -0 0 -1
    outer loop
      vertex 63 -32 0
      vertex 47 -34 0
      vertex 47 -32 0
    endloop
  endfacet
  facet normal -0 0 -1
    outer loop
      vertex 60.4599 41.3564 0
      vertex 23 -32 0
      vertex 60.3904 41.5504 0
    endloop
  endfacet
  facet normal -0 0 -1
    outer loop
      vertex 60.3904 41.5504 0
      vertex 23 -32 0
      vertex 60.3404 41.7503 0
    endloop
  endfacet
  facet normal 0 0 -1
    outer loop
      vertex -60.3 42.16 0
      vertex 60.3404 41.7503 0
      vertex 23 -32 0
    endloop
  endfacet
  facet normal 0 0 -1
    outer loop
      vertex 60.3404 41.7503 0
      vertex -60.3 42.16 0
      vertex 60.3101 41.9542 0
    endloop
  endfacet
  facet normal 0 0 -1
    outer loop
      vertex 27 -34 0
      vertex 43 -34 0
      vertex 27 -56 0
    endloop
  endfacet
  facet normal 0 0 -1
    outer loop
      vertex 43 -34 0
      vertex 27 -34 0
      vertex 43 -32 0
    endloop
  endfacet
  facet normal 0 0 -1
    outer loop
      vertex 27 -32 0
      vertex 43 -32 0
      vertex 27 -34 0
    endloop
  endfacet
  facet normal 0 0 -1
    outer loop
      vertex 60.3101 41.9542 0
      vertex -60.3 42.16 0
      vertex 60.3 42.16 0
    endloop
  endfacet
  facet normal 0 0 -1
    outer loop
      vertex 60.3 42.16 0
      vertex -60.3 42.16 0
      vertex 60.3101 42.3658 0
    endloop
  endfacet
  facet normal 0 0 -1
    outer loop
      vertex -60.3101 42.3658 0
      vertex 60.3101 42.3658 0
      vertex -60.3 42.16 0
    endloop
  endfacet
  facet normal 0 0 -1
    outer loop
      vertex 60.3101 42.3658 0
      vertex -60.3101 42.3658 0
      vertex 60.3404 42.5697 0
    endloop
  endfacet
  facet normal 0 0 -1
    outer loop
      vertex -60.3404 42.5697 0
      vertex 60.3404 42.5697 0
      vertex -60.3101 42.3658 0
    endloop
  endfacet
  facet normal 0 0 -1
    outer loop
      vertex -60.3404 -41.7503 0
      vertex 23 -34 0
      vertex -60.3101 -41.9542 0
    endloop
  endfacet
  facet normal 0 0 -1
    outer loop
      vertex 60.3404 42.5697 0
      vertex -60.3404 42.5697 0
      vertex 60.3904 42.7696 0
    endloop
  endfacet
  facet normal 0 0 -1
    outer loop
      vertex -60.3904 42.7696 0
      vertex 60.3904 42.7696 0
      vertex -60.3404 42.5697 0
    endloop
  endfacet
  facet normal 0 0 -1
    outer loop
      vertex 60.3904 42.7696 0
      vertex -60.3904 42.7696 0
      vertex 60.4599 42.9636 0
    endloop
  endfacet
  facet normal 0 0 -1
    outer loop
      vertex -60.4599 42.9636 0
      vertex 60.4599 42.9636 0
      vertex -60.3904 42.7696 0
    endloop
  endfacet
  facet normal 0 0 -1
    outer loop
      vertex -60.548 43.1499 0
      vertex 60.4599 42.9636 0
      vertex -60.4599 42.9636 0
    endloop
  endfacet
  facet normal 0 0 -1
    outer loop
      vertex 60.548 43.1499 0
      vertex -60.548 43.1499 0
      vertex -60.6539 43.3267 0
    endloop
  endfacet
  facet normal 0 0 -1
    outer loop
      vertex 60.6539 43.3267 0
      vertex -60.6539 43.3267 0
      vertex -60.7767 43.4922 0
    endloop
  endfacet
  facet normal 0 0 -1
    outer loop
      vertex 60.7767 43.4922 0
      vertex -60.7767 43.4922 0
      vertex 75 75 0
    endloop
  endfacet
  facet normal 0 0 -1
    outer loop
      vertex -75 75 0
      vertex -60.7767 43.4922 0
      vertex -60.9151 43.6449 0
    endloop
  endfacet
  facet normal 0 0 -1
    outer loop
      vertex -75 75 0
      vertex -60.9151 43.6449 0
      vertex -61.0678 43.7833 0
    endloop
  endfacet
  facet normal 0 0 -1
    outer loop
      vertex -75 75 0
      vertex -61.0678 43.7833 0
      vertex -61.2333 43.9061 0
    endloop
  endfacet
  facet normal 0 0 -1
    outer loop
      vertex -75 75 0
      vertex -61.2333 43.9061 0
      vertex -61.4101 44.012 0
    endloop
  endfacet
  facet normal 0 0 -1
    outer loop
      vertex -75 75 0
      vertex -61.4101 44.012 0
      vertex -61.5964 44.1001 0
    endloop
  endfacet
  facet normal 0 0 -1
    outer loop
      vertex -75 75 0
      vertex -61.5964 44.1001 0
      vertex -61.7904 44.1696 0
    endloop
  endfacet
  facet normal 0 0 -1
    outer loop
      vertex -75 75 0
      vertex -61.7904 44.1696 0
      vertex -61.9903 44.2197 0
    endloop
  endfacet
  facet normal 0 0 -1
    outer loop
      vertex -75 75 0
      vertex -61.9903 44.2197 0
      vertex -62.1942 44.2499 0
    endloop
  endfacet
  facet normal 0 0 -1
    outer loop
      vertex -75 75 0
      vertex -62.1942 44.2499 0
      vertex -62.4 44.26 0
    endloop
  endfacet
  facet normal 0 0 -1
    outer loop
      vertex -75 75 0
      vertex -62.4 44.26 0
      vertex -62.6058 44.2499 0
    endloop
  endfacet
  facet normal 0 0 -1
    outer loop
      vertex -75 75 0
      vertex -62.6058 44.2499 0
      vertex -62.8097 44.2197 0
    endloop
  endfacet
  facet normal -0 0 -1
    outer loop
      vertex -64.4096 41.5504 0
      vertex -74.6 37 0
      vertex -64.4596 41.7503 0
    endloop
  endfacet
  facet normal -0 0 -1
    outer loop
      vertex -64.4596 41.7503 0
      vertex -74.6 37 0
      vertex -64.4899 41.9542 0
    endloop
  endfacet
  facet normal -0 0 -1
    outer loop
      vertex -64.4899 41.9542 0
      vertex -74.6 37 0
      vertex -64.5 42.16 0
    endloop
  endfacet
  facet normal -0 0 -1
    outer loop
      vertex -64.5 42.16 0
      vertex -74.6 37 0
      vertex -64.4899 42.3658 0
    endloop
  endfacet
  facet normal -0 0 -1
    outer loop
      vertex -64.4899 42.3658 0
      vertex -74.6 37 0
      vertex -64.4596 42.5697 0
    endloop
  endfacet
  facet normal -0 0 -1
    outer loop
      vertex -64.4596 42.5697 0
      vertex -74.6 37 0
      vertex -64.4096 42.7696 0
    endloop
  endfacet
  facet normal -0 0 -1
    outer loop
      vertex -64.4096 42.7696 0
      vertex -74.6 37 0
      vertex -64.3401 42.9636 0
    endloop
  endfacet
  facet normal -0 0 -1
    outer loop
      vertex -64.3401 42.9636 0
      vertex -74.6 37 0
      vertex -64.252 43.1499 0
    endloop
  endfacet
  facet normal -0 0 -1
    outer loop
      vertex -64.252 43.1499 0
      vertex -74.6 37 0
      vertex -64.1461 43.3267 0
    endloop
  endfacet
  facet normal 0 0 -1
    outer loop
      vertex -85 65 0
      vertex -64.1461 43.3267 0
      vertex -74.6 37 0
    endloop
  endfacet
  facet normal 0 0 -1
    outer loop
      vertex -64.1461 43.3267 0
      vertex -85 65 0
      vertex -64.0233 43.4922 0
    endloop
  endfacet
  facet normal 0 0 -1
    outer loop
      vertex -64.0233 43.4922 0
      vertex -85 65 0
      vertex -63.8849 43.6449 0
    endloop
  endfacet
  facet normal 0 0 -1
    outer loop
      vertex -63.8849 43.6449 0
      vertex -85 65 0
      vertex -63.7322 43.7833 0
    endloop
  endfacet
  facet normal 0 0 -1
    outer loop
      vertex -60.7767 43.4922 0
      vertex -75 75 0
      vertex 75 75 0
    endloop
  endfacet
  facet normal 0 0 -1
    outer loop
      vertex -63.0096 44.1696 0
      vertex -75 75 0
      vertex -62.8097 44.2197 0
    endloop
  endfacet
  facet normal 0 0 -1
    outer loop
      vertex -63.2036 44.1001 0
      vertex -75 75 0
      vertex -63.0096 44.1696 0
    endloop
  endfacet
  facet normal 0 0 -1
    outer loop
      vertex -85 65 0
      vertex -63.2036 44.1001 0
      vertex -63.3899 44.012 0
    endloop
  endfacet
  facet normal 0 0 -1
    outer loop
      vertex -85 65 0
      vertex -63.3899 44.012 0
      vertex -63.5667 43.9061 0
    endloop
  endfacet
  facet normal 0 0 -1
    outer loop
      vertex -63.7322 43.7833 0
      vertex -85 65 0
      vertex -63.5667 43.9061 0
    endloop
  endfacet
  facet normal 0 0 -1
    outer loop
      vertex -63.2036 44.1001 0
      vertex -85 65 0
      vertex -75 75 0
    endloop
  endfacet
  facet normal 0 0 -1
    outer loop
      vertex -75 75 0
      vertex -85 65 0
      vertex -75.9802 74.9518 0
    endloop
  endfacet
  facet normal 0 0 -1
    outer loop
      vertex -75.9802 74.9518 0
      vertex -85 65 0
      vertex -76.9509 74.8078 0
    endloop
  endfacet
  facet normal 0 0 -1
    outer loop
      vertex -85 65 0
      vertex -74.6 37 0
      vertex -78.6 37 0
    endloop
  endfacet
  facet normal 0 0 -1
    outer loop
      vertex -76.9509 74.8078 0
      vertex -85 65 0
      vertex -77.9028 74.5694 0
    endloop
  endfacet
  facet normal 0 0 -1
    outer loop
      vertex -85 65 0
      vertex -78.6 23 0
      vertex -85 -65 0
    endloop
  endfacet
  facet normal 0 0 -1
    outer loop
      vertex -85 -65 0
      vertex -78.8268 -74.2388 0
      vertex -79.714 -73.8192 0
    endloop
  endfacet
  facet normal 0 0 -1
    outer loop
      vertex -78.6 35 0
      vertex -85 65 0
      vertex -78.6 37 0
    endloop
  endfacet
  facet normal 0 0 -1
    outer loop
      vertex -85 -65 0
      vertex -79.714 -73.8192 0
      vertex -80.5557 -73.3147 0
    endloop
  endfacet
  facet normal 0 0 -1
    outer loop
      vertex -77.9028 74.5694 0
      vertex -85 65 0
      vertex -78.8268 74.2388 0
    endloop
  endfacet
  facet normal 0 0 -1
    outer loop
      vertex -85 -65 0
      vertex -80.5557 -73.3147 0
      vertex -81.3439 -72.7301 0
    endloop
  endfacet
  facet normal 0 0 -1
    outer loop
      vertex -78.8268 74.2388 0
      vertex -85 65 0
      vertex -79.714 73.8192 0
    endloop
  endfacet
  facet normal 0 0 -1
    outer loop
      vertex -85 -65 0
      vertex -81.3439 -72.7301 0
      vertex -82.0711 -72.0711 0
    endloop
  endfacet
  facet normal 0 0 -1
    outer loop
      vertex -79.714 73.8192 0
      vertex -85 65 0
      vertex -80.5557 73.3147 0
    endloop
  endfacet
  facet normal 0 0 -1
    outer loop
      vertex -85 -65 0
      vertex -82.0711 -72.0711 0
      vertex -82.7301 -71.3439 0
    endloop
  endfacet
  facet normal 0 0 -1
    outer loop
      vertex -80.5557 73.3147 0
      vertex -85 65 0
      vertex -81.3439 72.7301 0
    endloop
  endfacet
  facet normal 0 0 -1
    outer loop
      vertex -85 -65 0
      vertex -82.7301 -71.3439 0
      vertex -83.3147 -70.5557 0
    endloop
  endfacet
  facet normal 0 0 -1
    outer loop
      vertex -81.3439 72.7301 0
      vertex -85 65 0
      vertex -82.0711 72.0711 0
    endloop
  endfacet
  facet normal 0 0 -1
    outer loop
      vertex -85 -65 0
      vertex -83.3147 -70.5557 0
      vertex -83.8192 -69.714 0
    endloop
  endfacet
  facet normal 0 0 -1
    outer loop
      vertex -82.0711 72.0711 0
      vertex -85 65 0
      vertex -82.7301 71.3439 0
    endloop
  endfacet
  facet normal 0 0 -1
    outer loop
      vertex -85 -65 0
      vertex -83.8192 -69.714 0
      vertex -84.2388 -68.8268 0
    endloop
  endfacet
  facet normal 0 0 -1
    outer loop
      vertex -82.7301 71.3439 0
      vertex -85 65 0
      vertex -83.3147 70.5557 0
    endloop
  endfacet
  facet normal 0 0 -1
    outer loop
      vertex -85 -65 0
      vertex -84.2388 -68.8268 0
      vertex -84.5694 -67.9028 0
    endloop
  endfacet
  facet normal 0 0 -1
    outer loop
      vertex -83.3147 70.5557 0
      vertex -85 65 0
      vertex -83.8192 69.714 0
    endloop
  endfacet
  facet normal 0 0 -1
    outer loop
      vertex -85 -65 0
      vertex -84.5694 -67.9028 0
      vertex -84.8078 -66.9509 0
    endloop
  endfacet
  facet normal 0 0 -1
    outer loop
      vertex -83.8192 69.714 0
      vertex -85 65 0
      vertex -84.2388 68.8268 0
    endloop
  endfacet
  facet normal 0 0 -1
    outer loop
      vertex -85 -65 0
      vertex -84.8078 -66.9509 0
      vertex -84.9518 -65.9802 0
    endloop
  endfacet
  facet normal 0 0 -1
    outer loop
      vertex -84.2388 68.8268 0
      vertex -85 65 0
      vertex -84.5694 67.9028 0
    endloop
  endfacet
  facet normal 0 0 -1
    outer loop
      vertex -84.5694 67.9028 0
      vertex -85 65 0
      vertex -84.8078 66.9509 0
    endloop
  endfacet
  facet normal 0 0 -1
    outer loop
      vertex -84.8078 66.9509 0
      vertex -85 65 0
      vertex -84.9518 65.9802 0
    endloop
  endfacet
  facet normal 0 0 -1
    outer loop
      vertex 64.4899 -41.9542 0
      vertex 67 -34 0
      vertex 64.5 -42.16 0
    endloop
  endfacet
  facet normal 0 0 -1
    outer loop
      vertex 64.4596 -41.7503 0
      vertex 67 -34 0
      vertex 64.4899 -41.9542 0
    endloop
  endfacet
  facet normal 0 0 -1
    outer loop
      vertex 64.4096 -41.5504 0
      vertex 67 -34 0
      vertex 64.4596 -41.7503 0
    endloop
  endfacet
  facet normal 0 0 -1
    outer loop
      vertex 64.3401 -41.3564 0
      vertex 67 -34 0
      vertex 64.4096 -41.5504 0
    endloop
  endfacet
  facet normal 0 0 -1
    outer loop
      vertex 64.252 -41.1701 0
      vertex 67 -34 0
      vertex 64.3401 -41.3564 0
    endloop
  endfacet
  facet normal 0 0 -1
    outer loop
      vertex 64.1461 -40.9933 0
      vertex 67 -34 0
      vertex 64.252 -41.1701 0
    endloop
  endfacet
  facet normal 0 0 -1
    outer loop
      vertex 64.0233 -40.8278 0
      vertex 67 -34 0
      vertex 64.1461 -40.9933 0
    endloop
  endfacet
  facet normal 0 0 -1
    outer loop
      vertex 63.8849 -40.6751 0
      vertex 67 -34 0
      vertex 64.0233 -40.8278 0
    endloop
  endfacet
  facet normal 0 0 -1
    outer loop
      vertex 63.7322 -40.5367 0
      vertex 67 -34 0
      vertex 63.8849 -40.6751 0
    endloop
  endfacet
  facet normal 0 0 -1
    outer loop
      vertex 63.5667 -40.4139 0
      vertex 67 -34 0
      vertex 63.7322 -40.5367 0
    endloop
  endfacet
  facet normal 0 0 -1
    outer loop
      vertex 63.3899 -40.308 0
      vertex 67 -34 0
      vertex 63.5667 -40.4139 0
    endloop
  endfacet
  facet normal 0 0 -1
    outer loop
      vertex 63 -34 0
      vertex 63.3899 -40.308 0
      vertex 63.2036 -40.2199 0
    endloop
  endfacet
  facet normal 0 0 -1
    outer loop
      vertex 63 -34 0
      vertex 63.2036 -40.2199 0
      vertex 63.0096 -40.1504 0
    endloop
  endfacet
  facet normal 0 0 -1
    outer loop
      vertex 63.3899 -40.308 0
      vertex 63 -34 0
      vertex 67 -34 0
    endloop
  endfacet
  facet normal 0 0 -1
    outer loop
      vertex 62.6058 -40.0701 0
      vertex 63 -34 0
      vertex 62.8097 -40.1003 0
    endloop
  endfacet
  facet normal 0 0 -1
    outer loop
      vertex 62.8097 -40.1003 0
      vertex 63 -34 0
      vertex 63.0096 -40.1504 0
    endloop
  endfacet
  facet normal 0.970041 -0.242943 0
    outer loop
      vertex 84.5694 -67.9028 37
      vertex 84.8078 -66.9509 0
      vertex 84.8078 -66.9509 37
    endloop
  endfacet
  facet normal 0.970041 -0.242943 0
    outer loop
      vertex 84.8078 -66.9509 0
      vertex 84.5694 -67.9028 37
      vertex 84.5694 -67.9028 0
    endloop
  endfacet
  facet normal 0.941548 -0.336879 0
    outer loop
      vertex 84.2388 -68.8268 37
      vertex 84.5694 -67.9028 0
      vertex 84.5694 -67.9028 37
    endloop
  endfacet
  facet normal 0.941548 -0.336879 0
    outer loop
      vertex 84.5694 -67.9028 0
      vertex 84.2388 -68.8268 37
      vertex 84.2388 -68.8268 0
    endloop
  endfacet
  facet normal -0.146675 -0.989185 0
    outer loop
      vertex 75.7449 72.5634 3
      vertex 76.4827 72.454 37
      vertex 75.7449 72.5634 37
    endloop
  endfacet
  facet normal -0.146675 -0.989185 -0
    outer loop
      vertex 76.4827 72.454 37
      vertex 75.7449 72.5634 3
      vertex 76.4827 72.454 3
    endloop
  endfacet
  facet normal -0.242992 0.970028 0
    outer loop
      vertex 76.8831 -72.3537 3
      vertex 76.4827 -72.454 37
      vertex 76.8831 -72.3537 37
    endloop
  endfacet
  facet normal -0.242992 0.970028 0
    outer loop
      vertex 76.4827 -72.454 37
      vertex 76.8831 -72.3537 3
      vertex 76.4827 -72.454 3
    endloop
  endfacet
  facet normal 0 1 -0
    outer loop
      vertex 75 -72.6 3
      vertex -75 -72.6 37
      vertex 75 -72.6 37
    endloop
  endfacet
  facet normal 0 1 0
    outer loop
      vertex -75 -72.6 37
      vertex 75 -72.6 3
      vertex -75 -72.6 3
    endloop
  endfacet
  facet normal -0.970028 -0.242992 0
    outer loop
      vertex 82.454 66.4827 3
      vertex 82.3537 66.8831 37
      vertex 82.3537 66.8831 3
    endloop
  endfacet
  facet normal -0.970028 -0.242992 0
    outer loop
      vertex 82.3537 66.8831 37
      vertex 82.454 66.4827 3
      vertex 82.454 66.4827 37
    endloop
  endfacet
  facet normal -0 0 1
    outer loop
      vertex -78.6 35 3
      vertex -74.6 25 3
      vertex -74.6 35 3
    endloop
  endfacet
  facet normal 0 0 1
    outer loop
      vertex -74.6 25 3
      vertex -78.6 35 3
      vertex -78.6 25 3
    endloop
  endfacet
  facet normal -0 0 1
    outer loop
      vertex -74.818 64.818 3
      vertex -74.6 37 3
      vertex -74.5215 65.1452 3
    endloop
  endfacet
  facet normal -0 0 1
    outer loop
      vertex -75.1452 64.5215 3
      vertex -74.6 37 3
      vertex -74.818 64.818 3
    endloop
  endfacet
  facet normal -0 0 1
    outer loop
      vertex -75.4999 64.2584 3
      vertex -74.6 37 3
      vertex -75.1452 64.5215 3
    endloop
  endfacet
  facet normal -0 0 1
    outer loop
      vertex -75.8787 64.0314 3
      vertex -74.6 37 3
      vertex -75.4999 64.2584 3
    endloop
  endfacet
  facet normal -0 0 1
    outer loop
      vertex -76.2779 63.8425 3
      vertex -74.6 37 3
      vertex -75.8787 64.0314 3
    endloop
  endfacet
  facet normal -0 0 1
    outer loop
      vertex -76.6937 63.6938 3
      vertex -74.6 37 3
      vertex -76.2779 63.8425 3
    endloop
  endfacet
  facet normal -0 0 1
    outer loop
      vertex -77.1221 63.5865 3
      vertex -74.6 37 3
      vertex -76.6937 63.6938 3
    endloop
  endfacet
  facet normal -0 0 1
    outer loop
      vertex -77.5589 63.5217 3
      vertex -74.6 37 3
      vertex -77.1221 63.5865 3
    endloop
  endfacet
  facet normal 0 0 1
    outer loop
      vertex -78.6 37 3
      vertex -77.5589 63.5217 3
      vertex -78 63.5 3
    endloop
  endfacet
  facet normal 0 0 1
    outer loop
      vertex -78.6 37 3
      vertex -78 63.5 3
      vertex -78.4411 63.5217 3
    endloop
  endfacet
  facet normal 0 0 1
    outer loop
      vertex -77.5589 63.5217 3
      vertex -78.6 37 3
      vertex -74.6 37 3
    endloop
  endfacet
  facet normal 0 0 1
    outer loop
      vertex -82.6 65 3
      vertex -78.6 35 3
      vertex -78.6 37 3
    endloop
  endfacet
  facet normal 0 0 1
    outer loop
      vertex -78.6 35 3
      vertex -82.6 65 3
      vertex -78.6 25 3
    endloop
  endfacet
  facet normal 0 0 1
    outer loop
      vertex -78.6 25 3
      vertex -82.6 65 3
      vertex -78.6 23 3
    endloop
  endfacet
  facet normal 0 0 1
    outer loop
      vertex -78.8779 63.5865 3
      vertex -78.6 37 3
      vertex -78.4411 63.5217 3
    endloop
  endfacet
  facet normal 0 0 1
    outer loop
      vertex -79.3063 63.6938 3
      vertex -78.6 37 3
      vertex -78.8779 63.5865 3
    endloop
  endfacet
  facet normal 0 0 1
    outer loop
      vertex -79.7221 63.8425 3
      vertex -78.6 37 3
      vertex -79.3063 63.6938 3
    endloop
  endfacet
  facet normal 0 0 1
    outer loop
      vertex -80.1213 64.0314 3
      vertex -78.6 37 3
      vertex -79.7221 63.8425 3
    endloop
  endfacet
  facet normal 0 0 1
    outer loop
      vertex -82.6 -65 3
      vertex -78.6 23 3
      vertex -82.6 65 3
    endloop
  endfacet
  facet normal 0 0 1
    outer loop
      vertex -78.6 23 3
      vertex -78.919 -44.9468 3
      vertex -78.7213 -44.7287 3
    endloop
  endfacet
  facet normal 0 0 1
    outer loop
      vertex -78.6 23 3
      vertex -79.0944 -45.1833 3
      vertex -78.919 -44.9468 3
    endloop
  endfacet
  facet normal 0 0 1
    outer loop
      vertex -78.6 23 3
      vertex -79.2458 -45.4358 3
      vertex -79.0944 -45.1833 3
    endloop
  endfacet
  facet normal 0 0 1
    outer loop
      vertex -78.6 23 3
      vertex -79.3716 -45.702 3
      vertex -79.2458 -45.4358 3
    endloop
  endfacet
  facet normal 0 0 1
    outer loop
      vertex -78.6 23 3
      vertex -79.4708 -45.9791 3
      vertex -79.3716 -45.702 3
    endloop
  endfacet
  facet normal 0 0 1
    outer loop
      vertex -78.6 23 3
      vertex -79.5424 -46.2647 3
      vertex -79.4708 -45.9791 3
    endloop
  endfacet
  facet normal 0 0 1
    outer loop
      vertex -78.6 23 3
      vertex -79.5856 -46.5559 3
      vertex -79.5424 -46.2647 3
    endloop
  endfacet
  facet normal 0 -0 1
    outer loop
      vertex -76.0147 -43.9076 3
      vertex -63.7322 -40.5367 3
      vertex -76.3059 -43.8644 3
    endloop
  endfacet
  facet normal 0 0 1
    outer loop
      vertex -73.6144 -47.1441 3
      vertex -64.4596 -41.7503 3
      vertex -73.6 -46.85 3
    endloop
  endfacet
  facet normal 0 0 1
    outer loop
      vertex -74.6 37 3
      vertex -73.5217 67.5589 3
      vertex -73.5865 67.1221 3
    endloop
  endfacet
  facet normal 0 0 1
    outer loop
      vertex -64.4596 -41.7503 3
      vertex -73.5217 -67.5589 3
      vertex -73.5 -68 3
    endloop
  endfacet
  facet normal 0 0 1
    outer loop
      vertex -73.6576 -47.4353 3
      vertex -64.4596 -41.7503 3
      vertex -73.6144 -47.1441 3
    endloop
  endfacet
  facet normal 0 -0 1
    outer loop
      vertex -75.452 -44.0784 3
      vertex -64.0233 -40.8278 3
      vertex -75.7291 -43.9792 3
    endloop
  endfacet
  facet normal 0 0 1
    outer loop
      vertex -64.0233 -40.8278 3
      vertex -75.452 -44.0784 3
      vertex -64.1461 -40.9933 3
    endloop
  endfacet
  facet normal 0 0 1
    outer loop
      vertex -74.6 37 3
      vertex -73.5865 67.1221 3
      vertex -73.6938 66.6937 3
    endloop
  endfacet
  facet normal 0 0 1
    outer loop
      vertex -64.4596 -41.7503 3
      vertex -73.6144 -46.5559 3
      vertex -73.6 -46.85 3
    endloop
  endfacet
  facet normal 0 0 1
    outer loop
      vertex -64.4596 -41.7503 3
      vertex -73.6576 -46.2647 3
      vertex -73.6144 -46.5559 3
    endloop
  endfacet
  facet normal 0 0 1
    outer loop
      vertex -74.6 37 3
      vertex -73.6938 66.6937 3
      vertex -73.8425 66.2779 3
    endloop
  endfacet
  facet normal 0 0 1
    outer loop
      vertex -64.4596 -41.7503 3
      vertex -73.7292 -45.9791 3
      vertex -73.6576 -46.2647 3
    endloop
  endfacet
  facet normal 0 0 1
    outer loop
      vertex -74.6 37 3
      vertex -73.8425 66.2779 3
      vertex -74.0314 65.8787 3
    endloop
  endfacet
  facet normal 0 0 1
    outer loop
      vertex -64.4596 -41.7503 3
      vertex -73.8284 -45.702 3
      vertex -73.7292 -45.9791 3
    endloop
  endfacet
  facet normal 0 0 1
    outer loop
      vertex -74.6 37 3
      vertex -74.0314 65.8787 3
      vertex -74.2584 65.4999 3
    endloop
  endfacet
  facet normal 0 0 1
    outer loop
      vertex -63.7322 -40.5367 3
      vertex -76.0147 -43.9076 3
      vertex -63.8849 -40.6751 3
    endloop
  endfacet
  facet normal 0 -0 1
    outer loop
      vertex -75.7291 -43.9792 3
      vertex -63.8849 -40.6751 3
      vertex -76.0147 -43.9076 3
    endloop
  endfacet
  facet normal 0 0 1
    outer loop
      vertex -74.6 37 3
      vertex -74.2584 65.4999 3
      vertex -74.5215 65.1452 3
    endloop
  endfacet
  facet normal 0 0 1
    outer loop
      vertex -64.4596 -41.7503 3
      vertex -73.9542 -45.4358 3
      vertex -73.8284 -45.702 3
    endloop
  endfacet
  facet normal 0 0 1
    outer loop
      vertex -64.4596 -41.7503 3
      vertex -74.1056 -45.1833 3
      vertex -73.9542 -45.4358 3
    endloop
  endfacet
  facet normal 0 0 1
    outer loop
      vertex -64.4596 -41.7503 3
      vertex -74.281 -44.9468 3
      vertex -74.1056 -45.1833 3
    endloop
  endfacet
  facet normal 0 0 1
    outer loop
      vertex -64.4596 -41.7503 3
      vertex -74.4787 -44.7287 3
      vertex -74.281 -44.9468 3
    endloop
  endfacet
  facet normal 0 0 1
    outer loop
      vertex -64.4096 -41.5504 3
      vertex -74.4787 -44.7287 3
      vertex -64.4596 -41.7503 3
    endloop
  endfacet
  facet normal 0 -0 1
    outer loop
      vertex -74.4787 -44.7287 3
      vertex -64.4096 -41.5504 3
      vertex -74.6968 -44.531 3
    endloop
  endfacet
  facet normal 0 0 1
    outer loop
      vertex -64.3401 -41.3564 3
      vertex -74.6968 -44.531 3
      vertex -64.4096 -41.5504 3
    endloop
  endfacet
  facet normal 0 -0 1
    outer loop
      vertex -74.6968 -44.531 3
      vertex -64.3401 -41.3564 3
      vertex -74.9333 -44.3556 3
    endloop
  endfacet
  facet normal 0 0 1
    outer loop
      vertex -64.252 -41.1701 3
      vertex -74.9333 -44.3556 3
      vertex -64.3401 -41.3564 3
    endloop
  endfacet
  facet normal 0 -0 1
    outer loop
      vertex -74.9333 -44.3556 3
      vertex -64.252 -41.1701 3
      vertex -75.1858 -44.2042 3
    endloop
  endfacet
  facet normal 0 0 1
    outer loop
      vertex -64.1461 -40.9933 3
      vertex -75.1858 -44.2042 3
      vertex -64.252 -41.1701 3
    endloop
  endfacet
  facet normal 0 -0 1
    outer loop
      vertex -75.1858 -44.2042 3
      vertex -64.1461 -40.9933 3
      vertex -75.452 -44.0784 3
    endloop
  endfacet
  facet normal 0 0 1
    outer loop
      vertex -63.8849 -40.6751 3
      vertex -75.7291 -43.9792 3
      vertex -64.0233 -40.8278 3
    endloop
  endfacet
  facet normal 0 0 1
    outer loop
      vertex -76.6 -43.85 3
      vertex -78.6 23 3
      vertex -76.8941 -43.8644 3
    endloop
  endfacet
  facet normal 0 0 1
    outer loop
      vertex -76.8941 -43.8644 3
      vertex -78.6 23 3
      vertex -77.1853 -43.9076 3
    endloop
  endfacet
  facet normal 0 0 1
    outer loop
      vertex -77.1853 -43.9076 3
      vertex -78.6 23 3
      vertex -77.4709 -43.9792 3
    endloop
  endfacet
  facet normal 0 0 1
    outer loop
      vertex -77.4709 -43.9792 3
      vertex -78.6 23 3
      vertex -77.748 -44.0784 3
    endloop
  endfacet
  facet normal 0 0 1
    outer loop
      vertex -77.748 -44.0784 3
      vertex -78.6 23 3
      vertex -78.0142 -44.2042 3
    endloop
  endfacet
  facet normal 0 0 1
    outer loop
      vertex -78.0142 -44.2042 3
      vertex -78.6 23 3
      vertex -78.2667 -44.3556 3
    endloop
  endfacet
  facet normal 0 0 1
    outer loop
      vertex -78.2667 -44.3556 3
      vertex -78.6 23 3
      vertex -78.5032 -44.531 3
    endloop
  endfacet
  facet normal 0 0 1
    outer loop
      vertex -78.5032 -44.531 3
      vertex -78.6 23 3
      vertex -78.7213 -44.7287 3
    endloop
  endfacet
  facet normal -0 0 1
    outer loop
      vertex -60.4599 41.3564 3
      vertex -21.5 9.2 3
      vertex -60.3904 41.5504 3
    endloop
  endfacet
  facet normal 0 0 1
    outer loop
      vertex -54.45 -30.5 3
      vertex -60.3101 -41.9542 3
      vertex -60.3 -42.16 3
    endloop
  endfacet
  facet normal -0 0 1
    outer loop
      vertex -60.548 41.1701 3
      vertex -21.5 9.2 3
      vertex -60.4599 41.3564 3
    endloop
  endfacet
  facet normal 0 0 1
    outer loop
      vertex -54.45 -30.5 3
      vertex -60.3404 -41.7503 3
      vertex -60.3101 -41.9542 3
    endloop
  endfacet
  facet normal -0 0 1
    outer loop
      vertex -60.6539 40.9933 3
      vertex -21.5 9.2 3
      vertex -60.548 41.1701 3
    endloop
  endfacet
  facet normal 0 0 1
    outer loop
      vertex -54.45 -30.5 3
      vertex -60.3904 -41.5504 3
      vertex -60.3404 -41.7503 3
    endloop
  endfacet
  facet normal -0 0 1
    outer loop
      vertex -60.7767 40.8278 3
      vertex -21.5 9.2 3
      vertex -60.6539 40.9933 3
    endloop
  endfacet
  facet normal 0 0 1
    outer loop
      vertex -54.45 -30.5 3
      vertex -60.4599 -41.3564 3
      vertex -60.3904 -41.5504 3
    endloop
  endfacet
  facet normal -0 0 1
    outer loop
      vertex -60.9151 40.6751 3
      vertex -21.5 9.2 3
      vertex -60.7767 40.8278 3
    endloop
  endfacet
  facet normal 0 0 1
    outer loop
      vertex -54.45 -30.5 3
      vertex -60.548 -41.1701 3
      vertex -60.4599 -41.3564 3
    endloop
  endfacet
  facet normal -0 0 1
    outer loop
      vertex -61.0678 40.5367 3
      vertex -21.5 9.2 3
      vertex -60.9151 40.6751 3
    endloop
  endfacet
  facet normal 0 0 1
    outer loop
      vertex -54.45 -30.5 3
      vertex -60.6539 -40.9933 3
      vertex -60.548 -41.1701 3
    endloop
  endfacet
  facet normal -0 0 1
    outer loop
      vertex -61.2333 40.4139 3
      vertex -21.5 9.2 3
      vertex -61.0678 40.5367 3
    endloop
  endfacet
  facet normal 0 0 1
    outer loop
      vertex -54.45 -30.5 3
      vertex -60.7767 -40.8278 3
      vertex -60.6539 -40.9933 3
    endloop
  endfacet
  facet normal -0 0 1
    outer loop
      vertex -61.4101 40.308 3
      vertex -21.5 9.2 3
      vertex -61.2333 40.4139 3
    endloop
  endfacet
  facet normal 0 0 1
    outer loop
      vertex -54.45 -30.5 3
      vertex -60.9151 -40.6751 3
      vertex -60.7767 -40.8278 3
    endloop
  endfacet
  facet normal -0 0 1
    outer loop
      vertex -61.7904 40.1504 3
      vertex -74.6 23 3
      vertex -61.5964 40.2199 3
    endloop
  endfacet
  facet normal 0 0 1
    outer loop
      vertex -54.45 -30.5 3
      vertex -61.0678 -40.5367 3
      vertex -60.9151 -40.6751 3
    endloop
  endfacet
  facet normal -0 0 1
    outer loop
      vertex -61.9903 40.1003 3
      vertex -74.6 23 3
      vertex -61.7904 40.1504 3
    endloop
  endfacet
  facet normal 0 0 1
    outer loop
      vertex -54.45 -30.5 3
      vertex -61.2333 -40.4139 3
      vertex -61.0678 -40.5367 3
    endloop
  endfacet
  facet normal 0 0 1
    outer loop
      vertex -74.6 23 3
      vertex -61.9903 40.1003 3
      vertex -74.6 25 3
    endloop
  endfacet
  facet normal 0 0 1
    outer loop
      vertex -54.45 -30.5 3
      vertex -61.4101 -40.308 3
      vertex -61.2333 -40.4139 3
    endloop
  endfacet
  facet normal -0 0 1
    outer loop
      vertex -61.5964 40.2199 3
      vertex -74.6 23 3
      vertex -61.4101 40.308 3
    endloop
  endfacet
  facet normal 0 0 1
    outer loop
      vertex -54.45 -30.5 3
      vertex -61.5964 -40.2199 3
      vertex -61.4101 -40.308 3
    endloop
  endfacet
  facet normal -0 0 1
    outer loop
      vertex -62.1942 40.0701 3
      vertex -74.6 25 3
      vertex -61.9903 40.1003 3
    endloop
  endfacet
  facet normal 0 0 1
    outer loop
      vertex -54.45 -30.5 3
      vertex -61.7904 -40.1504 3
      vertex -61.5964 -40.2199 3
    endloop
  endfacet
  facet normal -0 0 1
    outer loop
      vertex -62.4 40.06 3
      vertex -74.6 25 3
      vertex -62.1942 40.0701 3
    endloop
  endfacet
  facet normal 0 0 1
    outer loop
      vertex -54.45 -30.5 3
      vertex -61.9903 -40.1003 3
      vertex -61.7904 -40.1504 3
    endloop
  endfacet
  facet normal 0 0 1
    outer loop
      vertex -62.8097 40.1003 3
      vertex -74.6 25 3
      vertex -62.6058 40.0701 3
    endloop
  endfacet
  facet normal 0 0 1
    outer loop
      vertex -54.45 -30.5 3
      vertex -62.1942 -40.0701 3
      vertex -61.9903 -40.1003 3
    endloop
  endfacet
  facet normal 0 0 1
    outer loop
      vertex -74.6 25 3
      vertex -62.8097 40.1003 3
      vertex -74.6 35 3
    endloop
  endfacet
  facet normal 0 0 1
    outer loop
      vertex -54.45 -30.5 3
      vertex -62.4 -40.06 3
      vertex -62.1942 -40.0701 3
    endloop
  endfacet
  facet normal 0 0 1
    outer loop
      vertex -63.0096 40.1504 3
      vertex -74.6 35 3
      vertex -62.8097 40.1003 3
    endloop
  endfacet
  facet normal 0 0 1
    outer loop
      vertex -54.45 -30.5 3
      vertex -62.6058 -40.0701 3
      vertex -62.4 -40.06 3
    endloop
  endfacet
  facet normal 0 0 1
    outer loop
      vertex -63.2036 40.2199 3
      vertex -74.6 35 3
      vertex -63.0096 40.1504 3
    endloop
  endfacet
  facet normal 0 0 1
    outer loop
      vertex -54.45 -30.5 3
      vertex -62.8097 -40.1003 3
      vertex -62.6058 -40.0701 3
    endloop
  endfacet
  facet normal 0 0 1
    outer loop
      vertex -63.3899 40.308 3
      vertex -74.6 35 3
      vertex -63.2036 40.2199 3
    endloop
  endfacet
  facet normal 0 0 1
    outer loop
      vertex -54.45 -30.5 3
      vertex -63.0096 -40.1504 3
      vertex -62.8097 -40.1003 3
    endloop
  endfacet
  facet normal 0 0 1
    outer loop
      vertex -63.5667 40.4139 3
      vertex -74.6 35 3
      vertex -63.3899 40.308 3
    endloop
  endfacet
  facet normal 0 0 1
    outer loop
      vertex -54.45 -30.5 3
      vertex -63.2036 -40.2199 3
      vertex -63.0096 -40.1504 3
    endloop
  endfacet
  facet normal 0 0 1
    outer loop
      vertex -63.7322 40.5367 3
      vertex -74.6 35 3
      vertex -63.5667 40.4139 3
    endloop
  endfacet
  facet normal 0 0 1
    outer loop
      vertex -54.45 -30.5 3
      vertex -63.3899 -40.308 3
      vertex -63.2036 -40.2199 3
    endloop
  endfacet
  facet normal 0 0 1
    outer loop
      vertex -63.8849 40.6751 3
      vertex -74.6 35 3
      vertex -63.7322 40.5367 3
    endloop
  endfacet
  facet normal 0 0 1
    outer loop
      vertex -54.45 -30.5 3
      vertex -63.5667 -40.4139 3
      vertex -63.3899 -40.308 3
    endloop
  endfacet
  facet normal 0 0 1
    outer loop
      vertex -62.6058 40.0701 3
      vertex -74.6 25 3
      vertex -62.4 40.06 3
    endloop
  endfacet
  facet normal 0 0 1
    outer loop
      vertex -76.6 -43.85 3
      vertex -63.5667 -40.4139 3
      vertex -54.45 -30.5 3
    endloop
  endfacet
  facet normal 0 0 1
    outer loop
      vertex -74.6 35 3
      vertex -63.8849 40.6751 3
      vertex -74.6 37 3
    endloop
  endfacet
  facet normal 0 0 1
    outer loop
      vertex -61.4101 40.308 3
      vertex -74.6 23 3
      vertex -21.5 9.2 3
    endloop
  endfacet
  facet normal 0 0 1
    outer loop
      vertex -74.6 37 3
      vertex -63.8849 40.6751 3
      vertex -64.0233 40.8278 3
    endloop
  endfacet
  facet normal 0 0 1
    outer loop
      vertex -21.5 9.2 3
      vertex -74.6 23 3
      vertex -21.5 3 3
    endloop
  endfacet
  facet normal 0 0 1
    outer loop
      vertex -74.6 37 3
      vertex -64.0233 40.8278 3
      vertex -64.1461 40.9933 3
    endloop
  endfacet
  facet normal 0 0 1
    outer loop
      vertex -21.5 3 3
      vertex -74.6 23 3
      vertex -54.45 -30.5 3
    endloop
  endfacet
  facet normal 0 0 1
    outer loop
      vertex -74.6 37 3
      vertex -64.1461 40.9933 3
      vertex -64.252 41.1701 3
    endloop
  endfacet
  facet normal -0 0 1
    outer loop
      vertex -78.6 23 3
      vertex -54.45 -30.5 3
      vertex -74.6 23 3
    endloop
  endfacet
  facet normal 0 0 1
    outer loop
      vertex -74.6 37 3
      vertex -64.252 41.1701 3
      vertex -64.3401 41.3564 3
    endloop
  endfacet
  facet normal 0 -0 1
    outer loop
      vertex -76.6 -43.85 3
      vertex -54.45 -30.5 3
      vertex -78.6 23 3
    endloop
  endfacet
  facet normal 0 0 1
    outer loop
      vertex -74.6 37 3
      vertex -64.3401 41.3564 3
      vertex -64.4096 41.5504 3
    endloop
  endfacet
  facet normal 0 -0 1
    outer loop
      vertex -76.3059 -43.8644 3
      vertex -63.5667 -40.4139 3
      vertex -76.6 -43.85 3
    endloop
  endfacet
  facet normal 0 0 1
    outer loop
      vertex -74.6 37 3
      vertex -64.4096 41.5504 3
      vertex -64.4596 41.7503 3
    endloop
  endfacet
  facet normal 0 0 1
    outer loop
      vertex -63.5667 -40.4139 3
      vertex -76.3059 -43.8644 3
      vertex -63.7322 -40.5367 3
    endloop
  endfacet
  facet normal 0 0 1
    outer loop
      vertex -64.4899 42.3658 3
      vertex -74.6 37 3
      vertex -64.5 42.16 3
    endloop
  endfacet
  facet normal 0 0 1
    outer loop
      vertex -64.5 42.16 3
      vertex -74.6 37 3
      vertex -64.4899 41.9542 3
    endloop
  endfacet
  facet normal 0 0 1
    outer loop
      vertex -64.4596 42.5697 3
      vertex -74.6 37 3
      vertex -64.4899 42.3658 3
    endloop
  endfacet
  facet normal 0 0 1
    outer loop
      vertex -64.4899 41.9542 3
      vertex -74.6 37 3
      vertex -64.4596 41.7503 3
    endloop
  endfacet
  facet normal 0 0 1
    outer loop
      vertex -60.3 -42.16 3
      vertex -49.45 -32.5 3
      vertex -54.45 -32.5 3
    endloop
  endfacet
  facet normal 0 0 1
    outer loop
      vertex -60.3904 -42.7696 3
      vertex -49.45 -32.5 3
      vertex -60.3404 -42.5697 3
    endloop
  endfacet
  facet normal -0 0 1
    outer loop
      vertex 23 -34 3
      vertex 27 -56 3
      vertex 27 -34 3
    endloop
  endfacet
  facet normal 0 0 1
    outer loop
      vertex 27 -56 3
      vertex 23 -34 3
      vertex 23 -56 3
    endloop
  endfacet
  facet normal -0 0 1
    outer loop
      vertex 43 -34 3
      vertex 47 -56 3
      vertex 47 -34 3
    endloop
  endfacet
  facet normal 0 0 1
    outer loop
      vertex 47 -56 3
      vertex 43 -34 3
      vertex 43 -56 3
    endloop
  endfacet
  facet normal -0 0 1
    outer loop
      vertex -21.5 3 3
      vertex -17.1 -3 3
      vertex -17.1 3 3
    endloop
  endfacet
  facet normal 0 0 1
    outer loop
      vertex -17.1 -3 3
      vertex -21.5 3 3
      vertex -21.5 -3 3
    endloop
  endfacet
  facet normal 0 0 1
    outer loop
      vertex -17.1 3 3
      vertex 6.1 6.4 3
      vertex -17.1 6.4 3
    endloop
  endfacet
  facet normal 0 0 1
    outer loop
      vertex 6.1 6.4 3
      vertex -17.1 3 3
      vertex 6.1 -6.4 3
    endloop
  endfacet
  facet normal -0 0 1
    outer loop
      vertex -17.1 -3 3
      vertex 6.1 -6.4 3
      vertex -17.1 3 3
    endloop
  endfacet
  facet normal 0 0 1
    outer loop
      vertex 6.1 -6.4 3
      vertex -17.1 -3 3
      vertex -17.1 -6.4 3
    endloop
  endfacet
  facet normal 0 0 1
    outer loop
      vertex -64.4596 -41.7503 3
      vertex -73.5865 -67.1221 3
      vertex -73.5217 -67.5589 3
    endloop
  endfacet
  facet normal 0 0 1
    outer loop
      vertex -73.7292 -47.7209 3
      vertex -64.4596 -41.7503 3
      vertex -73.6576 -47.4353 3
    endloop
  endfacet
  facet normal 0 0 1
    outer loop
      vertex -64.4596 -41.7503 3
      vertex -73.6938 -66.6937 3
      vertex -73.5865 -67.1221 3
    endloop
  endfacet
  facet normal 0 0 1
    outer loop
      vertex -73.8284 -47.9981 3
      vertex -64.4596 -41.7503 3
      vertex -73.7292 -47.7209 3
    endloop
  endfacet
  facet normal 0 0 1
    outer loop
      vertex -73.9542 -48.2642 3
      vertex -64.4596 -41.7503 3
      vertex -73.8284 -47.9981 3
    endloop
  endfacet
  facet normal 0 0 1
    outer loop
      vertex -64.4596 -41.7503 3
      vertex -73.8425 -66.2779 3
      vertex -73.6938 -66.6937 3
    endloop
  endfacet
  facet normal 0 0 1
    outer loop
      vertex -74.1056 -48.5167 3
      vertex -64.4596 -41.7503 3
      vertex -73.9542 -48.2642 3
    endloop
  endfacet
  facet normal 0 0 1
    outer loop
      vertex -64.4596 -41.7503 3
      vertex -74.0314 -65.8787 3
      vertex -73.8425 -66.2779 3
    endloop
  endfacet
  facet normal 0 0 1
    outer loop
      vertex -74.2584 -65.4999 3
      vertex -64.4596 -41.7503 3
      vertex -74.1056 -48.5167 3
    endloop
  endfacet
  facet normal 0 0 1
    outer loop
      vertex -64.4596 -41.7503 3
      vertex -74.2584 -65.4999 3
      vertex -74.0314 -65.8787 3
    endloop
  endfacet
  facet normal -0 0 1
    outer loop
      vertex -74.281 -48.7532 3
      vertex -74.2584 -65.4999 3
      vertex -74.1056 -48.5167 3
    endloop
  endfacet
  facet normal 0 0 1
    outer loop
      vertex -74.5215 -65.1452 3
      vertex -74.281 -48.7532 3
      vertex -74.4787 -48.9713 3
    endloop
  endfacet
  facet normal 0 0 1
    outer loop
      vertex -74.281 -48.7532 3
      vertex -74.5215 -65.1452 3
      vertex -74.2584 -65.4999 3
    endloop
  endfacet
  facet normal 0 0 1
    outer loop
      vertex -74.818 -64.818 3
      vertex -74.4787 -48.9713 3
      vertex -74.6968 -49.169 3
    endloop
  endfacet
  facet normal 0 0 1
    outer loop
      vertex -74.4787 -48.9713 3
      vertex -74.818 -64.818 3
      vertex -74.5215 -65.1452 3
    endloop
  endfacet
  facet normal 0 0 1
    outer loop
      vertex -75.1452 -64.5215 3
      vertex -74.6968 -49.169 3
      vertex -74.9333 -49.3444 3
    endloop
  endfacet
  facet normal 0 0 1
    outer loop
      vertex -74.6968 -49.169 3
      vertex -75.1452 -64.5215 3
      vertex -74.818 -64.818 3
    endloop
  endfacet
  facet normal 0 0 1
    outer loop
      vertex -75.4999 -64.2584 3
      vertex -74.9333 -49.3444 3
      vertex -75.1858 -49.4958 3
    endloop
  endfacet
  facet normal 0 0 1
    outer loop
      vertex -75.8787 -64.0314 3
      vertex -75.1858 -49.4958 3
      vertex -75.452 -49.6216 3
    endloop
  endfacet
  facet normal 0 0 1
    outer loop
      vertex -74.9333 -49.3444 3
      vertex -75.4999 -64.2584 3
      vertex -75.1452 -64.5215 3
    endloop
  endfacet
  facet normal 0 0 1
    outer loop
      vertex -76.2779 -63.8425 3
      vertex -75.452 -49.6216 3
      vertex -75.7291 -49.7208 3
    endloop
  endfacet
  facet normal 0 0 1
    outer loop
      vertex -75.1858 -49.4958 3
      vertex -75.8787 -64.0314 3
      vertex -75.4999 -64.2584 3
    endloop
  endfacet
  facet normal 0 0 1
    outer loop
      vertex -76.6937 -63.6938 3
      vertex -75.7291 -49.7208 3
      vertex -76.0147 -49.7924 3
    endloop
  endfacet
  facet normal 0 0 1
    outer loop
      vertex -75.452 -49.6216 3
      vertex -76.2779 -63.8425 3
      vertex -75.8787 -64.0314 3
    endloop
  endfacet
  facet normal 0 0 1
    outer loop
      vertex -76.6937 -63.6938 3
      vertex -76.0147 -49.7924 3
      vertex -76.3059 -49.8356 3
    endloop
  endfacet
  facet normal 0 0 1
    outer loop
      vertex -77.1221 -63.5865 3
      vertex -76.3059 -49.8356 3
      vertex -76.6 -49.85 3
    endloop
  endfacet
  facet normal 0 0 1
    outer loop
      vertex -75.7291 -49.7208 3
      vertex -76.6937 -63.6938 3
      vertex -76.2779 -63.8425 3
    endloop
  endfacet
  facet normal 0 0 1
    outer loop
      vertex -77.5589 -63.5217 3
      vertex -76.6 -49.85 3
      vertex -76.8941 -49.8356 3
    endloop
  endfacet
  facet normal 0 0 1
    outer loop
      vertex -76.3059 -49.8356 3
      vertex -77.1221 -63.5865 3
      vertex -76.6937 -63.6938 3
    endloop
  endfacet
  facet normal 0 0 1
    outer loop
      vertex -78 -63.5 3
      vertex -76.8941 -49.8356 3
      vertex -77.1853 -49.7924 3
    endloop
  endfacet
  facet normal 0 0 1
    outer loop
      vertex -78.4411 -63.5217 3
      vertex -77.1853 -49.7924 3
      vertex -77.4709 -49.7208 3
    endloop
  endfacet
  facet normal 0 0 1
    outer loop
      vertex -76.6 -49.85 3
      vertex -77.5589 -63.5217 3
      vertex -77.1221 -63.5865 3
    endloop
  endfacet
  facet normal 0 0 1
    outer loop
      vertex -78.8779 -63.5865 3
      vertex -77.4709 -49.7208 3
      vertex -77.748 -49.6216 3
    endloop
  endfacet
  facet normal 0 0 1
    outer loop
      vertex -76.8941 -49.8356 3
      vertex -78 -63.5 3
      vertex -77.5589 -63.5217 3
    endloop
  endfacet
  facet normal 0 0 1
    outer loop
      vertex -79.3063 -63.6938 3
      vertex -77.748 -49.6216 3
      vertex -78.0142 -49.4958 3
    endloop
  endfacet
  facet normal 0 0 1
    outer loop
      vertex -79.3063 -63.6938 3
      vertex -78.0142 -49.4958 3
      vertex -78.2667 -49.3444 3
    endloop
  endfacet
  facet normal 0 0 1
    outer loop
      vertex -77.1853 -49.7924 3
      vertex -78.4411 -63.5217 3
      vertex -78 -63.5 3
    endloop
  endfacet
  facet normal 0 0 1
    outer loop
      vertex -79.7221 -63.8425 3
      vertex -78.2667 -49.3444 3
      vertex -78.5032 -49.169 3
    endloop
  endfacet
  facet normal 0 0 1
    outer loop
      vertex -82.6 -65 3
      vertex -78.5032 -49.169 3
      vertex -78.7213 -48.9713 3
    endloop
  endfacet
  facet normal 0 0 1
    outer loop
      vertex -77.4709 -49.7208 3
      vertex -78.8779 -63.5865 3
      vertex -78.4411 -63.5217 3
    endloop
  endfacet
  facet normal 0 0 1
    outer loop
      vertex -82.6 -65 3
      vertex -78.7213 -48.9713 3
      vertex -78.919 -48.7532 3
    endloop
  endfacet
  facet normal 0 0 1
    outer loop
      vertex -82.6 -65 3
      vertex -78.919 -48.7532 3
      vertex -79.0944 -48.5167 3
    endloop
  endfacet
  facet normal 0 0 1
    outer loop
      vertex -82.6 -65 3
      vertex -79.0944 -48.5167 3
      vertex -79.2458 -48.2642 3
    endloop
  endfacet
  facet normal 0 0 1
    outer loop
      vertex -77.748 -49.6216 3
      vertex -79.3063 -63.6938 3
      vertex -78.8779 -63.5865 3
    endloop
  endfacet
  facet normal 0 0 1
    outer loop
      vertex -82.6 -65 3
      vertex -79.2458 -48.2642 3
      vertex -79.3716 -47.9981 3
    endloop
  endfacet
  facet normal 0 0 1
    outer loop
      vertex -82.6 -65 3
      vertex -79.3716 -47.9981 3
      vertex -79.4708 -47.7209 3
    endloop
  endfacet
  facet normal 0 0 1
    outer loop
      vertex -82.6 -65 3
      vertex -79.4708 -47.7209 3
      vertex -79.5424 -47.4353 3
    endloop
  endfacet
  facet normal 0 0 1
    outer loop
      vertex -82.6 -65 3
      vertex -79.5424 -47.4353 3
      vertex -79.5856 -47.1441 3
    endloop
  endfacet
  facet normal 0 0 1
    outer loop
      vertex -82.6 -65 3
      vertex -79.5856 -47.1441 3
      vertex -79.6 -46.85 3
    endloop
  endfacet
  facet normal 0 0 1
    outer loop
      vertex -78.2667 -49.3444 3
      vertex -79.7221 -63.8425 3
      vertex -79.3063 -63.6938 3
    endloop
  endfacet
  facet normal 0 0 1
    outer loop
      vertex -78.6 23 3
      vertex -82.6 -65 3
      vertex -79.5856 -46.5559 3
    endloop
  endfacet
  facet normal 0 0 1
    outer loop
      vertex -78.6 37 3
      vertex -80.1213 64.0314 3
      vertex -82.6 65 3
    endloop
  endfacet
  facet normal 0 0 1
    outer loop
      vertex -79.5856 -46.5559 3
      vertex -82.6 -65 3
      vertex -79.6 -46.85 3
    endloop
  endfacet
  facet normal 0 0 1
    outer loop
      vertex -82.6 65 3
      vertex -80.1213 64.0314 3
      vertex -80.5001 64.2584 3
    endloop
  endfacet
  facet normal 0 0 1
    outer loop
      vertex -78.5032 -49.169 3
      vertex -82.6 -65 3
      vertex -80.1213 -64.0314 3
    endloop
  endfacet
  facet normal 0 0 1
    outer loop
      vertex -82.6 65 3
      vertex -80.5001 64.2584 3
      vertex -80.8548 64.5215 3
    endloop
  endfacet
  facet normal 0 0 1
    outer loop
      vertex -78.5032 -49.169 3
      vertex -80.1213 -64.0314 3
      vertex -79.7221 -63.8425 3
    endloop
  endfacet
  facet normal 0 0 1
    outer loop
      vertex -82.6 65 3
      vertex -80.8548 64.5215 3
      vertex -81.182 64.818 3
    endloop
  endfacet
  facet normal 0 0 1
    outer loop
      vertex -80.1213 -64.0314 3
      vertex -82.6 -65 3
      vertex -80.5001 -64.2584 3
    endloop
  endfacet
  facet normal -0 0 1
    outer loop
      vertex -82.6 65 3
      vertex -81.182 64.818 3
      vertex -81.4785 65.1452 3
    endloop
  endfacet
  facet normal 0 0 1
    outer loop
      vertex -80.5001 -64.2584 3
      vertex -82.6 -65 3
      vertex -80.8548 -64.5215 3
    endloop
  endfacet
  facet normal 0 0 1
    outer loop
      vertex -82.6 65 3
      vertex -81.4785 65.1452 3
      vertex -81.7416 65.4999 3
    endloop
  endfacet
  facet normal 0 0 1
    outer loop
      vertex -80.8548 -64.5215 3
      vertex -82.6 -65 3
      vertex -81.182 -64.818 3
    endloop
  endfacet
  facet normal -0 0 1
    outer loop
      vertex -82.5634 65.7449 3
      vertex -81.7416 65.4999 3
      vertex -81.9686 65.8787 3
    endloop
  endfacet
  facet normal 0 0 1
    outer loop
      vertex -81.182 -64.818 3
      vertex -82.6 -65 3
      vertex -81.4785 -65.1452 3
    endloop
  endfacet
  facet normal 0 0 1
    outer loop
      vertex -82.5634 65.7449 3
      vertex -81.9686 65.8787 3
      vertex -82.1575 66.2779 3
    endloop
  endfacet
  facet normal 0 0 1
    outer loop
      vertex -81.4785 -65.1452 3
      vertex -82.6 -65 3
      vertex -81.7416 -65.4999 3
    endloop
  endfacet
  facet normal -0 0 1
    outer loop
      vertex -82.454 66.4827 3
      vertex -82.1575 66.2779 3
      vertex -82.3062 66.6937 3
    endloop
  endfacet
  facet normal 0 -0 1
    outer loop
      vertex -82.5634 -65.7449 3
      vertex -81.7416 -65.4999 3
      vertex -82.6 -65 3
    endloop
  endfacet
  facet normal 0 0 1
    outer loop
      vertex -82.454 66.4827 3
      vertex -82.3062 66.6937 3
      vertex -82.3537 66.8831 3
    endloop
  endfacet
  facet normal 0 0 1
    outer loop
      vertex -81.7416 -65.4999 3
      vertex -82.5634 -65.7449 3
      vertex -81.9686 -65.8787 3
    endloop
  endfacet
  facet normal 0 0 1
    outer loop
      vertex -82.1575 66.2779 3
      vertex -82.454 66.4827 3
      vertex -82.5634 65.7449 3
    endloop
  endfacet
  facet normal 0 0 1
    outer loop
      vertex -81.9686 -65.8787 3
      vertex -82.5634 -65.7449 3
      vertex -82.1575 -66.2779 3
    endloop
  endfacet
  facet normal 0 0 1
    outer loop
      vertex -81.7416 65.4999 3
      vertex -82.5634 65.7449 3
      vertex -82.6 65 3
    endloop
  endfacet
  facet normal 0 -0 1
    outer loop
      vertex -82.454 -66.4827 3
      vertex -82.1575 -66.2779 3
      vertex -82.5634 -65.7449 3
    endloop
  endfacet
  facet normal 0 0 1
    outer loop
      vertex -82.1575 -66.2779 3
      vertex -82.454 -66.4827 3
      vertex -82.3062 -66.6937 3
    endloop
  endfacet
  facet normal 0 0 1
    outer loop
      vertex -82.3062 -66.6937 3
      vertex -82.454 -66.4827 3
      vertex -82.3537 -66.8831 3
    endloop
  endfacet
  facet normal 0 0 1
    outer loop
      vertex 79.3063 -63.6938 3
      vertex 64.4899 -42.3658 3
      vertex 78.8779 -63.5865 3
    endloop
  endfacet
  facet normal 0 0 1
    outer loop
      vertex 67 -34 3
      vertex 64.4899 -41.9542 3
      vertex 64.5 -42.16 3
    endloop
  endfacet
  facet normal 0 0 1
    outer loop
      vertex 67 -34 3
      vertex 64.4596 -41.7503 3
      vertex 64.4899 -41.9542 3
    endloop
  endfacet
  facet normal 0 0 1
    outer loop
      vertex 67 -34 3
      vertex 64.4096 -41.5504 3
      vertex 64.4596 -41.7503 3
    endloop
  endfacet
  facet normal 0 0 1
    outer loop
      vertex 67 -34 3
      vertex 64.3401 -41.3564 3
      vertex 64.4096 -41.5504 3
    endloop
  endfacet
  facet normal 0 0 1
    outer loop
      vertex 67 -34 3
      vertex 64.252 -41.1701 3
      vertex 64.3401 -41.3564 3
    endloop
  endfacet
  facet normal 0 0 1
    outer loop
      vertex 67 -34 3
      vertex 64.1461 -40.9933 3
      vertex 64.252 -41.1701 3
    endloop
  endfacet
  facet normal 0 0 1
    outer loop
      vertex 67 -34 3
      vertex 64.0233 -40.8278 3
      vertex 64.1461 -40.9933 3
    endloop
  endfacet
  facet normal 0 0 1
    outer loop
      vertex 67 -34 3
      vertex 63.8849 -40.6751 3
      vertex 64.0233 -40.8278 3
    endloop
  endfacet
  facet normal 0 0 1
    outer loop
      vertex 67 -34 3
      vertex 63.7322 -40.5367 3
      vertex 63.8849 -40.6751 3
    endloop
  endfacet
  facet normal 0 0 1
    outer loop
      vertex 67 -34 3
      vertex 63.5667 -40.4139 3
      vertex 63.7322 -40.5367 3
    endloop
  endfacet
  facet normal 0 0 1
    outer loop
      vertex 67 -34 3
      vertex 63.3899 -40.308 3
      vertex 63.5667 -40.4139 3
    endloop
  endfacet
  facet normal -0 0 1
    outer loop
      vertex 63 -34 3
      vertex 63.3899 -40.308 3
      vertex 67 -34 3
    endloop
  endfacet
  facet normal 0 0 1
    outer loop
      vertex 63.3899 -40.308 3
      vertex 63 -34 3
      vertex 63.2036 -40.2199 3
    endloop
  endfacet
  facet normal 0 0 1
    outer loop
      vertex 63.2036 -40.2199 3
      vertex 63 -34 3
      vertex 63.0096 -40.1504 3
    endloop
  endfacet
  facet normal 0 0 1
    outer loop
      vertex 63.0096 -40.1504 3
      vertex 63 -34 3
      vertex 62.8097 -40.1003 3
    endloop
  endfacet
  facet normal 0 0 1
    outer loop
      vertex 73.3 10 3
      vertex 63 -32 3
      vertex 67 -32 3
    endloop
  endfacet
  facet normal 0 0 1
    outer loop
      vertex 47 -34 3
      vertex 63 -34 3
      vertex 63 -32 3
    endloop
  endfacet
  facet normal 0 0 1
    outer loop
      vertex 63 -34 3
      vertex 62.6058 -40.0701 3
      vertex 62.8097 -40.1003 3
    endloop
  endfacet
  facet normal 0 0 1
    outer loop
      vertex 63 -34 3
      vertex 62.4 -40.06 3
      vertex 62.6058 -40.0701 3
    endloop
  endfacet
  facet normal 0 0 1
    outer loop
      vertex 63 -34 3
      vertex 62.1942 -40.0701 3
      vertex 62.4 -40.06 3
    endloop
  endfacet
  facet normal 0 0 1
    outer loop
      vertex 63 -34 3
      vertex 61.9903 -40.1003 3
      vertex 62.1942 -40.0701 3
    endloop
  endfacet
  facet normal 0 0 1
    outer loop
      vertex 63 -34 3
      vertex 61.7904 -40.1504 3
      vertex 61.9903 -40.1003 3
    endloop
  endfacet
  facet normal 0 0 1
    outer loop
      vertex 63 -34 3
      vertex 61.5964 -40.2199 3
      vertex 61.7904 -40.1504 3
    endloop
  endfacet
  facet normal 0 0 1
    outer loop
      vertex 63 -34 3
      vertex 61.4101 -40.308 3
      vertex 61.5964 -40.2199 3
    endloop
  endfacet
  facet normal 0 0 1
    outer loop
      vertex 63 -34 3
      vertex 61.2333 -40.4139 3
      vertex 61.4101 -40.308 3
    endloop
  endfacet
  facet normal 0 0 1
    outer loop
      vertex 63 -34 3
      vertex 61.0678 -40.5367 3
      vertex 61.2333 -40.4139 3
    endloop
  endfacet
  facet normal 0 0 1
    outer loop
      vertex 63 -34 3
      vertex 60.9151 -40.6751 3
      vertex 61.0678 -40.5367 3
    endloop
  endfacet
  facet normal 0 0 1
    outer loop
      vertex 63 -34 3
      vertex 47 -34 3
      vertex 60.9151 -40.6751 3
    endloop
  endfacet
  facet normal 0 0 1
    outer loop
      vertex 47 -32 3
      vertex 63 -32 3
      vertex 73.3 10 3
    endloop
  endfacet
  facet normal 0 0 1
    outer loop
      vertex 47 -34 3
      vertex 63 -32 3
      vertex 47 -32 3
    endloop
  endfacet
  facet normal 0 0 1
    outer loop
      vertex 60.9151 -40.6751 3
      vertex 47 -34 3
      vertex 60.7767 -40.8278 3
    endloop
  endfacet
  facet normal 0 0 1
    outer loop
      vertex 60.7767 -40.8278 3
      vertex 47 -34 3
      vertex 60.6539 -40.9933 3
    endloop
  endfacet
  facet normal 0 0 1
    outer loop
      vertex 60.6539 -40.9933 3
      vertex 47 -34 3
      vertex 60.548 -41.1701 3
    endloop
  endfacet
  facet normal 0 0 1
    outer loop
      vertex 60.548 -41.1701 3
      vertex 47 -34 3
      vertex 60.4599 -41.3564 3
    endloop
  endfacet
  facet normal 0 0 1
    outer loop
      vertex 60.3404 -41.7503 3
      vertex 47 -34 3
      vertex 60.3101 -41.9542 3
    endloop
  endfacet
  facet normal 0 0 1
    outer loop
      vertex 60.3904 -41.5504 3
      vertex 47 -34 3
      vertex 60.3404 -41.7503 3
    endloop
  endfacet
  facet normal 0 0 1
    outer loop
      vertex 60.4599 -41.3564 3
      vertex 47 -34 3
      vertex 60.3904 -41.5504 3
    endloop
  endfacet
  facet normal 0 0 1
    outer loop
      vertex 73.3 10 3
      vertex 43 -32 3
      vertex 47 -32 3
    endloop
  endfacet
  facet normal 0 0 1
    outer loop
      vertex 27 -34 3
      vertex 43 -34 3
      vertex 43 -32 3
    endloop
  endfacet
  facet normal 0 0 1
    outer loop
      vertex 43 -34 3
      vertex 27 -34 3
      vertex 43 -56 3
    endloop
  endfacet
  facet normal 0 0 1
    outer loop
      vertex 27 -34 3
      vertex 43 -32 3
      vertex 27 -32 3
    endloop
  endfacet
  facet normal -0 0 1
    outer loop
      vertex 10.5 9.2 3
      vertex 43 -32 3
      vertex 73.3 10 3
    endloop
  endfacet
  facet normal 0 0 1
    outer loop
      vertex 43 -32 3
      vertex 10.5 -9.2 3
      vertex 27 -32 3
    endloop
  endfacet
  facet normal 0 0 1
    outer loop
      vertex -24.3 -46.85 3
      vertex 23 -34 3
      vertex 23 -32 3
    endloop
  endfacet
  facet normal 0 0 1
    outer loop
      vertex 23 -34 3
      vertex -24.3 -46.85 3
      vertex 23 -56 3
    endloop
  endfacet
  facet normal 0 0 1
    outer loop
      vertex 27 -32 3
      vertex 10.5 -9.2 3
      vertex 23 -32 3
    endloop
  endfacet
  facet normal 0 0 1
    outer loop
      vertex 43 -32 3
      vertex 10.5 9.2 3
      vertex 10.5 -9.2 3
    endloop
  endfacet
  facet normal -0 0 1
    outer loop
      vertex -12 10 3
      vertex 10.5 9.2 3
      vertex 73.3 10 3
    endloop
  endfacet
  facet normal 0 0 1
    outer loop
      vertex 10.5 9.2 3
      vertex -12 10 3
      vertex -21.5 9.2 3
    endloop
  endfacet
  facet normal 0 0 1
    outer loop
      vertex 76.4827 72.454 3
      vertex 76.6937 72.3062 3
      vertex 76.8831 72.3537 3
    endloop
  endfacet
  facet normal 0 0 1
    outer loop
      vertex 76.4827 72.454 3
      vertex 76.2779 72.1575 3
      vertex 76.6937 72.3062 3
    endloop
  endfacet
  facet normal 0 0 1
    outer loop
      vertex 75.7449 72.5634 3
      vertex 76.2779 72.1575 3
      vertex 76.4827 72.454 3
    endloop
  endfacet
  facet normal 0 0 1
    outer loop
      vertex 76.2779 72.1575 3
      vertex 75.7449 72.5634 3
      vertex 75.8787 71.9686 3
    endloop
  endfacet
  facet normal 0 0 1
    outer loop
      vertex 75.7449 72.5634 3
      vertex 75.4999 71.7416 3
      vertex 75.8787 71.9686 3
    endloop
  endfacet
  facet normal 0 0 1
    outer loop
      vertex 75 72.6 3
      vertex 75.4999 71.7416 3
      vertex 75.7449 72.5634 3
    endloop
  endfacet
  facet normal 0 0 1
    outer loop
      vertex 75.4999 71.7416 3
      vertex 75 72.6 3
      vertex 75.1452 71.4785 3
    endloop
  endfacet
  facet normal 0 0 1
    outer loop
      vertex 75 72.6 3
      vertex 74.818 71.182 3
      vertex 75.1452 71.4785 3
    endloop
  endfacet
  facet normal 0 0 1
    outer loop
      vertex 75 72.6 3
      vertex 74.5215 70.8548 3
      vertex 74.818 71.182 3
    endloop
  endfacet
  facet normal 0 0 1
    outer loop
      vertex 75 72.6 3
      vertex 74.2584 70.5001 3
      vertex 74.5215 70.8548 3
    endloop
  endfacet
  facet normal 0 0 1
    outer loop
      vertex 75 72.6 3
      vertex 74.0314 70.1213 3
      vertex 74.2584 70.5001 3
    endloop
  endfacet
  facet normal 0 0 1
    outer loop
      vertex 75 72.6 3
      vertex 73.8425 69.7221 3
      vertex 74.0314 70.1213 3
    endloop
  endfacet
  facet normal 0 0 1
    outer loop
      vertex 74.2584 -65.4999 3
      vertex 67 -58 3
      vertex 74.0314 -65.8787 3
    endloop
  endfacet
  facet normal 0 0 1
    outer loop
      vertex 73.5217 68.4411 3
      vertex 73.3 67.3 3
      vertex 73.5 68 3
    endloop
  endfacet
  facet normal 0 0 1
    outer loop
      vertex 73.5865 68.8779 3
      vertex 73.3 67.3 3
      vertex 73.5217 68.4411 3
    endloop
  endfacet
  facet normal 0 0 1
    outer loop
      vertex 73.5865 68.8779 3
      vertex -12 67.3 3
      vertex 73.3 67.3 3
    endloop
  endfacet
  facet normal 0 0 1
    outer loop
      vertex 73.6938 69.3063 3
      vertex -12 67.3 3
      vertex 73.5865 68.8779 3
    endloop
  endfacet
  facet normal 0 0 1
    outer loop
      vertex 73.8425 69.7221 3
      vertex -12 67.3 3
      vertex 73.6938 69.3063 3
    endloop
  endfacet
  facet normal 0 0 1
    outer loop
      vertex 75 72.6 3
      vertex -12 67.3 3
      vertex 73.8425 69.7221 3
    endloop
  endfacet
  facet normal 0 0 1
    outer loop
      vertex -12 67.3 3
      vertex -21.5 9.2 3
      vertex -12 10 3
    endloop
  endfacet
  facet normal -0 0 1
    outer loop
      vertex -60.3404 41.7503 3
      vertex -21.5 9.2 3
      vertex -60.3101 41.9542 3
    endloop
  endfacet
  facet normal 0 0 1
    outer loop
      vertex -21.5 3 3
      vertex -54.45 -30.5 3
      vertex -21.5 -3 3
    endloop
  endfacet
  facet normal 0 0 1
    outer loop
      vertex -21.5 -3 3
      vertex -49.45 -30.5 3
      vertex -21.5 -9.2 3
    endloop
  endfacet
  facet normal 0 0 1
    outer loop
      vertex -21.5 -9.2 3
      vertex -24.3144 -46.5559 3
      vertex -24.3 -46.85 3
    endloop
  endfacet
  facet normal 0 0 1
    outer loop
      vertex -21.5 -9.2 3
      vertex -24.3576 -46.2647 3
      vertex -24.3144 -46.5559 3
    endloop
  endfacet
  facet normal 0 0 1
    outer loop
      vertex -21.5 -9.2 3
      vertex -24.4292 -45.9791 3
      vertex -24.3576 -46.2647 3
    endloop
  endfacet
  facet normal 0 0 1
    outer loop
      vertex -21.5 -9.2 3
      vertex -24.5284 -45.702 3
      vertex -24.4292 -45.9791 3
    endloop
  endfacet
  facet normal 0 0 1
    outer loop
      vertex -21.5 -9.2 3
      vertex -24.6542 -45.4358 3
      vertex -24.5284 -45.702 3
    endloop
  endfacet
  facet normal 0 0 1
    outer loop
      vertex -21.5 -9.2 3
      vertex -24.8056 -45.1833 3
      vertex -24.6542 -45.4358 3
    endloop
  endfacet
  facet normal 0 0 1
    outer loop
      vertex -21.5 -9.2 3
      vertex -24.981 -44.9468 3
      vertex -24.8056 -45.1833 3
    endloop
  endfacet
  facet normal 0 0 1
    outer loop
      vertex -21.5 -9.2 3
      vertex -25.1787 -44.7287 3
      vertex -24.981 -44.9468 3
    endloop
  endfacet
  facet normal 0 0 1
    outer loop
      vertex -21.5 -9.2 3
      vertex -25.3968 -44.531 3
      vertex -25.1787 -44.7287 3
    endloop
  endfacet
  facet normal 0 0 1
    outer loop
      vertex -21.5 -9.2 3
      vertex -25.6333 -44.3556 3
      vertex -25.3968 -44.531 3
    endloop
  endfacet
  facet normal 0 0 1
    outer loop
      vertex -21.5 -9.2 3
      vertex -25.8858 -44.2042 3
      vertex -25.6333 -44.3556 3
    endloop
  endfacet
  facet normal 0 0 1
    outer loop
      vertex -21.5 -9.2 3
      vertex -26.1519 -44.0784 3
      vertex -25.8858 -44.2042 3
    endloop
  endfacet
  facet normal 0 0 1
    outer loop
      vertex -21.5 -9.2 3
      vertex -26.4291 -43.9792 3
      vertex -26.1519 -44.0784 3
    endloop
  endfacet
  facet normal 0 0 1
    outer loop
      vertex -21.5 -9.2 3
      vertex -26.7147 -43.9076 3
      vertex -26.4291 -43.9792 3
    endloop
  endfacet
  facet normal 0 0 1
    outer loop
      vertex -21.5 -9.2 3
      vertex -27.0059 -43.8644 3
      vertex -26.7147 -43.9076 3
    endloop
  endfacet
  facet normal 0 0 1
    outer loop
      vertex -21.5 -9.2 3
      vertex -27.3 -43.85 3
      vertex -27.0059 -43.8644 3
    endloop
  endfacet
  facet normal 0 -0 1
    outer loop
      vertex -27.8853 -43.9076 3
      vertex -21.5 -9.2 3
      vertex -49.45 -30.5 3
    endloop
  endfacet
  facet normal 0 0 1
    outer loop
      vertex -21.5 -9.2 3
      vertex -27.5941 -43.8644 3
      vertex -27.3 -43.85 3
    endloop
  endfacet
  facet normal 0 0 1
    outer loop
      vertex -21.5 -9.2 3
      vertex -27.8853 -43.9076 3
      vertex -27.5941 -43.8644 3
    endloop
  endfacet
  facet normal 0 0 1
    outer loop
      vertex -27.8853 -43.9076 3
      vertex -49.45 -30.5 3
      vertex -28.1709 -43.9792 3
    endloop
  endfacet
  facet normal 0 0 1
    outer loop
      vertex -28.1709 -43.9792 3
      vertex -49.45 -30.5 3
      vertex -28.448 -44.0784 3
    endloop
  endfacet
  facet normal 0 0 1
    outer loop
      vertex -28.448 -44.0784 3
      vertex -49.45 -30.5 3
      vertex -28.7142 -44.2042 3
    endloop
  endfacet
  facet normal -0 0 1
    outer loop
      vertex -49.45 -32.5 3
      vertex -28.7142 -44.2042 3
      vertex -49.45 -30.5 3
    endloop
  endfacet
  facet normal 0 0 1
    outer loop
      vertex -28.7142 -44.2042 3
      vertex -49.45 -32.5 3
      vertex -28.9667 -44.3556 3
    endloop
  endfacet
  facet normal 0 0 1
    outer loop
      vertex -28.9667 -44.3556 3
      vertex -49.45 -32.5 3
      vertex -29.2032 -44.531 3
    endloop
  endfacet
  facet normal 0 0 1
    outer loop
      vertex -29.2032 -44.531 3
      vertex -49.45 -32.5 3
      vertex -29.4213 -44.7287 3
    endloop
  endfacet
  facet normal 0 0 1
    outer loop
      vertex -29.4213 -44.7287 3
      vertex -49.45 -32.5 3
      vertex -29.619 -44.9468 3
    endloop
  endfacet
  facet normal 0 0 1
    outer loop
      vertex -29.619 -44.9468 3
      vertex -49.45 -32.5 3
      vertex -29.7944 -45.1833 3
    endloop
  endfacet
  facet normal 0 0 1
    outer loop
      vertex -29.7944 -45.1833 3
      vertex -49.45 -32.5 3
      vertex -29.9458 -45.4358 3
    endloop
  endfacet
  facet normal 0 0 1
    outer loop
      vertex -29.9458 -45.4358 3
      vertex -49.45 -32.5 3
      vertex -30.0716 -45.702 3
    endloop
  endfacet
  facet normal 0 0 1
    outer loop
      vertex -30.2424 -46.2647 3
      vertex -49.45 -32.5 3
      vertex -30.2856 -46.5559 3
    endloop
  endfacet
  facet normal 0 0 1
    outer loop
      vertex -30.1708 -45.9791 3
      vertex -49.45 -32.5 3
      vertex -30.2424 -46.2647 3
    endloop
  endfacet
  facet normal 0 0 1
    outer loop
      vertex -30.0716 -45.702 3
      vertex -49.45 -32.5 3
      vertex -30.1708 -45.9791 3
    endloop
  endfacet
  facet normal -0 0 1
    outer loop
      vertex -60.3 42.16 3
      vertex -21.5 9.2 3
      vertex -12 67.3 3
    endloop
  endfacet
  facet normal -0 0 1
    outer loop
      vertex -60.3101 41.9542 3
      vertex -21.5 9.2 3
      vertex -60.3 42.16 3
    endloop
  endfacet
  facet normal 0 0 1
    outer loop
      vertex -60.3 -42.16 3
      vertex -54.45 -32.5 3
      vertex -54.45 -30.5 3
    endloop
  endfacet
  facet normal 0 0 1
    outer loop
      vertex -49.45 -32.5 3
      vertex -60.3904 -42.7696 3
      vertex -49.45 -61.2 3
    endloop
  endfacet
  facet normal -0 0 1
    outer loop
      vertex -60.3904 41.5504 3
      vertex -21.5 9.2 3
      vertex -60.3404 41.7503 3
    endloop
  endfacet
  facet normal 0 0 1
    outer loop
      vertex -21.5 -3 3
      vertex -54.45 -30.5 3
      vertex -49.45 -30.5 3
    endloop
  endfacet
  facet normal 0 0 1
    outer loop
      vertex -12 67.3 3
      vertex -60.3101 42.3658 3
      vertex -60.3 42.16 3
    endloop
  endfacet
  facet normal 0 0 1
    outer loop
      vertex -12 67.3 3
      vertex -60.3404 42.5697 3
      vertex -60.3101 42.3658 3
    endloop
  endfacet
  facet normal 0 0 1
    outer loop
      vertex -12 67.3 3
      vertex -60.3904 42.7696 3
      vertex -60.3404 42.5697 3
    endloop
  endfacet
  facet normal 0 0 1
    outer loop
      vertex -12 67.3 3
      vertex -60.4599 42.9636 3
      vertex -60.3904 42.7696 3
    endloop
  endfacet
  facet normal 0 0 1
    outer loop
      vertex -12 67.3 3
      vertex -60.548 43.1499 3
      vertex -60.4599 42.9636 3
    endloop
  endfacet
  facet normal 0 0 1
    outer loop
      vertex -12 67.3 3
      vertex -60.6539 43.3267 3
      vertex -60.548 43.1499 3
    endloop
  endfacet
  facet normal 0 0 1
    outer loop
      vertex -12 67.3 3
      vertex -60.7767 43.4922 3
      vertex -60.6539 43.3267 3
    endloop
  endfacet
  facet normal 0 0 1
    outer loop
      vertex -12 67.3 3
      vertex -60.9151 43.6449 3
      vertex -60.7767 43.4922 3
    endloop
  endfacet
  facet normal 0 0 1
    outer loop
      vertex -12 67.3 3
      vertex -61.0678 43.7833 3
      vertex -60.9151 43.6449 3
    endloop
  endfacet
  facet normal 0 0 1
    outer loop
      vertex -12 67.3 3
      vertex -61.2333 43.9061 3
      vertex -61.0678 43.7833 3
    endloop
  endfacet
  facet normal 0 0 1
    outer loop
      vertex -73.5 68 3
      vertex -61.2333 43.9061 3
      vertex -12 67.3 3
    endloop
  endfacet
  facet normal -0 0 1
    outer loop
      vertex -73.5217 67.5589 3
      vertex -61.2333 43.9061 3
      vertex -73.5 68 3
    endloop
  endfacet
  facet normal 0 0 1
    outer loop
      vertex -61.2333 43.9061 3
      vertex -73.5217 67.5589 3
      vertex -61.4101 44.012 3
    endloop
  endfacet
  facet normal 0 0 1
    outer loop
      vertex -61.4101 44.012 3
      vertex -73.5217 67.5589 3
      vertex -61.5964 44.1001 3
    endloop
  endfacet
  facet normal 0 0 1
    outer loop
      vertex -61.5964 44.1001 3
      vertex -73.5217 67.5589 3
      vertex -61.7904 44.1696 3
    endloop
  endfacet
  facet normal 0 0 1
    outer loop
      vertex -61.7904 44.1696 3
      vertex -73.5217 67.5589 3
      vertex -61.9903 44.2197 3
    endloop
  endfacet
  facet normal 0 0 1
    outer loop
      vertex -61.9903 44.2197 3
      vertex -73.5217 67.5589 3
      vertex -62.1942 44.2499 3
    endloop
  endfacet
  facet normal 0 0 1
    outer loop
      vertex -62.1942 44.2499 3
      vertex -73.5217 67.5589 3
      vertex -62.4 44.26 3
    endloop
  endfacet
  facet normal 0 0 1
    outer loop
      vertex -62.4 44.26 3
      vertex -73.5217 67.5589 3
      vertex -62.6058 44.2499 3
    endloop
  endfacet
  facet normal 0 0 1
    outer loop
      vertex -62.6058 44.2499 3
      vertex -73.5217 67.5589 3
      vertex -62.8097 44.2197 3
    endloop
  endfacet
  facet normal 0 0 1
    outer loop
      vertex -64.4596 -41.7503 3
      vertex -73.5 -68 3
      vertex -64.4899 -41.9542 3
    endloop
  endfacet
  facet normal 0 0 1
    outer loop
      vertex -64.4096 42.7696 3
      vertex -74.6 37 3
      vertex -64.4596 42.5697 3
    endloop
  endfacet
  facet normal 0 0 1
    outer loop
      vertex -64.3401 42.9636 3
      vertex -74.6 37 3
      vertex -64.4096 42.7696 3
    endloop
  endfacet
  facet normal 0 0 1
    outer loop
      vertex -64.252 43.1499 3
      vertex -74.6 37 3
      vertex -64.3401 42.9636 3
    endloop
  endfacet
  facet normal 0 0 1
    outer loop
      vertex -64.1461 43.3267 3
      vertex -74.6 37 3
      vertex -64.252 43.1499 3
    endloop
  endfacet
  facet normal 0 0 1
    outer loop
      vertex -74.6 37 3
      vertex -64.1461 43.3267 3
      vertex -73.5217 67.5589 3
    endloop
  endfacet
  facet normal 0 0 1
    outer loop
      vertex -64.0233 43.4922 3
      vertex -73.5217 67.5589 3
      vertex -64.1461 43.3267 3
    endloop
  endfacet
  facet normal 0 0 1
    outer loop
      vertex -63.8849 43.6449 3
      vertex -73.5217 67.5589 3
      vertex -64.0233 43.4922 3
    endloop
  endfacet
  facet normal 0 0 1
    outer loop
      vertex -63.7322 43.7833 3
      vertex -73.5217 67.5589 3
      vertex -63.8849 43.6449 3
    endloop
  endfacet
  facet normal 0 0 1
    outer loop
      vertex -63.5667 43.9061 3
      vertex -73.5217 67.5589 3
      vertex -63.7322 43.7833 3
    endloop
  endfacet
  facet normal 0 0 1
    outer loop
      vertex -63.3899 44.012 3
      vertex -73.5217 67.5589 3
      vertex -63.5667 43.9061 3
    endloop
  endfacet
  facet normal 0 0 1
    outer loop
      vertex -63.2036 44.1001 3
      vertex -73.5217 67.5589 3
      vertex -63.3899 44.012 3
    endloop
  endfacet
  facet normal 0 0 1
    outer loop
      vertex -63.0096 44.1696 3
      vertex -73.5217 67.5589 3
      vertex -63.2036 44.1001 3
    endloop
  endfacet
  facet normal 0 0 1
    outer loop
      vertex -62.8097 44.2197 3
      vertex -73.5217 67.5589 3
      vertex -63.0096 44.1696 3
    endloop
  endfacet
  facet normal -0 0 1
    outer loop
      vertex -75 72.6 3
      vertex -12 67.3 3
      vertex 75 72.6 3
    endloop
  endfacet
  facet normal 0 0 1
    outer loop
      vertex -12 67.3 3
      vertex -73.5217 68.4411 3
      vertex -73.5 68 3
    endloop
  endfacet
  facet normal 0 0 1
    outer loop
      vertex -12 67.3 3
      vertex -73.5865 68.8779 3
      vertex -73.5217 68.4411 3
    endloop
  endfacet
  facet normal 0 0 1
    outer loop
      vertex -12 67.3 3
      vertex -73.6938 69.3063 3
      vertex -73.5865 68.8779 3
    endloop
  endfacet
  facet normal 0 0 1
    outer loop
      vertex -12 67.3 3
      vertex -73.8425 69.7221 3
      vertex -73.6938 69.3063 3
    endloop
  endfacet
  facet normal 0 0 1
    outer loop
      vertex -12 67.3 3
      vertex -75 72.6 3
      vertex -73.8425 69.7221 3
    endloop
  endfacet
  facet normal 0 0 1
    outer loop
      vertex -73.8425 69.7221 3
      vertex -75 72.6 3
      vertex -74.0314 70.1213 3
    endloop
  endfacet
  facet normal 0 0 1
    outer loop
      vertex -74.0314 70.1213 3
      vertex -75 72.6 3
      vertex -74.2584 70.5001 3
    endloop
  endfacet
  facet normal 0 0 1
    outer loop
      vertex -74.2584 70.5001 3
      vertex -75 72.6 3
      vertex -74.5215 70.8548 3
    endloop
  endfacet
  facet normal 0 0 1
    outer loop
      vertex -74.5215 70.8548 3
      vertex -75 72.6 3
      vertex -74.818 71.182 3
    endloop
  endfacet
  facet normal 0 0 1
    outer loop
      vertex -75 72.6 3
      vertex -75.1452 71.4785 3
      vertex -74.818 71.182 3
    endloop
  endfacet
  facet normal 0 0 1
    outer loop
      vertex -75 72.6 3
      vertex -75.4999 71.7416 3
      vertex -75.1452 71.4785 3
    endloop
  endfacet
  facet normal -0 0 1
    outer loop
      vertex -75.7449 72.5634 3
      vertex -75.4999 71.7416 3
      vertex -75 72.6 3
    endloop
  endfacet
  facet normal 0 0 1
    outer loop
      vertex -75.7449 72.5634 3
      vertex -75.8787 71.9686 3
      vertex -75.4999 71.7416 3
    endloop
  endfacet
  facet normal 0 0 1
    outer loop
      vertex -75.7449 72.5634 3
      vertex -76.2779 72.1575 3
      vertex -75.8787 71.9686 3
    endloop
  endfacet
  facet normal -0 0 1
    outer loop
      vertex -76.4827 72.454 3
      vertex -76.2779 72.1575 3
      vertex -75.7449 72.5634 3
    endloop
  endfacet
  facet normal 0 0 1
    outer loop
      vertex -76.4827 72.454 3
      vertex -76.6937 72.3062 3
      vertex -76.2779 72.1575 3
    endloop
  endfacet
  facet normal 0 -0 1
    outer loop
      vertex -76.6937 72.3062 3
      vertex -76.4827 72.454 3
      vertex -76.8831 72.3537 3
    endloop
  endfacet
  facet normal -0 0 1
    outer loop
      vertex 81.7416 65.4999 3
      vertex 82.6 65 3
      vertex 82.5634 65.7449 3
    endloop
  endfacet
  facet normal 0 0 1
    outer loop
      vertex 80.5001 64.2584 3
      vertex 82.6 65 3
      vertex 80.8548 64.5215 3
    endloop
  endfacet
  facet normal -0 0 1
    outer loop
      vertex 82.1575 66.2779 3
      vertex 82.5634 65.7449 3
      vertex 82.454 66.4827 3
    endloop
  endfacet
  facet normal 0 0 1
    outer loop
      vertex 82.6 65 3
      vertex 81.7416 65.4999 3
      vertex 81.4785 65.1452 3
    endloop
  endfacet
  facet normal -0 0 1
    outer loop
      vertex 82.3062 66.6937 3
      vertex 82.454 66.4827 3
      vertex 82.3537 66.8831 3
    endloop
  endfacet
  facet normal 0 0 1
    outer loop
      vertex 82.1575 66.2779 3
      vertex 82.454 66.4827 3
      vertex 82.3062 66.6937 3
    endloop
  endfacet
  facet normal 0 0 1
    outer loop
      vertex 82.5634 65.7449 3
      vertex 82.1575 66.2779 3
      vertex 81.9686 65.8787 3
    endloop
  endfacet
  facet normal 0 0 1
    outer loop
      vertex 82.454 -66.4827 3
      vertex 82.3062 -66.6937 3
      vertex 82.3537 -66.8831 3
    endloop
  endfacet
  facet normal 0 0 1
    outer loop
      vertex 82.5634 65.7449 3
      vertex 81.9686 65.8787 3
      vertex 81.7416 65.4999 3
    endloop
  endfacet
  facet normal 0 0 1
    outer loop
      vertex 82.454 -66.4827 3
      vertex 82.1575 -66.2779 3
      vertex 82.3062 -66.6937 3
    endloop
  endfacet
  facet normal 0 0 1
    outer loop
      vertex 82.6 65 3
      vertex 81.4785 65.1452 3
      vertex 81.182 64.818 3
    endloop
  endfacet
  facet normal 0 0 1
    outer loop
      vertex 82.5634 -65.7449 3
      vertex 82.1575 -66.2779 3
      vertex 82.454 -66.4827 3
    endloop
  endfacet
  facet normal 0 -0 1
    outer loop
      vertex 81.9686 -65.8787 3
      vertex 82.5634 -65.7449 3
      vertex 81.7416 -65.4999 3
    endloop
  endfacet
  facet normal 0 -0 1
    outer loop
      vertex 82.1575 -66.2779 3
      vertex 82.5634 -65.7449 3
      vertex 81.9686 -65.8787 3
    endloop
  endfacet
  facet normal 0 0 1
    outer loop
      vertex 82.6 65 3
      vertex 81.182 64.818 3
      vertex 80.8548 64.5215 3
    endloop
  endfacet
  facet normal 0 0 1
    outer loop
      vertex 82.6 -65 3
      vertex 81.7416 -65.4999 3
      vertex 82.5634 -65.7449 3
    endloop
  endfacet
  facet normal 0 0 1
    outer loop
      vertex 80.1213 64.0314 3
      vertex 82.6 65 3
      vertex 80.5001 64.2584 3
    endloop
  endfacet
  facet normal 0 -0 1
    outer loop
      vertex 81.7416 -65.4999 3
      vertex 82.6 -65 3
      vertex 81.4785 -65.1452 3
    endloop
  endfacet
  facet normal -0 -0 1
    outer loop
      vertex 81.182 -64.818 3
      vertex 82.6 -65 3
      vertex 80.8548 -64.5215 3
    endloop
  endfacet
  facet normal 0 -0 1
    outer loop
      vertex 81.4785 -65.1452 3
      vertex 82.6 -65 3
      vertex 81.182 -64.818 3
    endloop
  endfacet
  facet normal 0 0 1
    outer loop
      vertex 79.7221 63.8425 3
      vertex 82.6 65 3
      vertex 80.1213 64.0314 3
    endloop
  endfacet
  facet normal 0 0 1
    outer loop
      vertex 82.6 -65 3
      vertex 80.5001 -64.2584 3
      vertex 80.8548 -64.5215 3
    endloop
  endfacet
  facet normal 0 0 1
    outer loop
      vertex 73.3 10 3
      vertex 82.6 65 3
      vertex 79.7221 63.8425 3
    endloop
  endfacet
  facet normal 0 0 1
    outer loop
      vertex 82.6 -65 3
      vertex 80.1213 -64.0314 3
      vertex 80.5001 -64.2584 3
    endloop
  endfacet
  facet normal 0 0 1
    outer loop
      vertex 82.6 65 3
      vertex 73.3 10 3
      vertex 82.6 -65 3
    endloop
  endfacet
  facet normal 0 0 1
    outer loop
      vertex 82.6 -65 3
      vertex 79.7221 -63.8425 3
      vertex 80.1213 -64.0314 3
    endloop
  endfacet
  facet normal 0 0 1
    outer loop
      vertex 73.3 10 3
      vertex 79.7221 63.8425 3
      vertex 79.3063 63.6938 3
    endloop
  endfacet
  facet normal -0 0 1
    outer loop
      vertex 67 -32 3
      vertex 82.6 -65 3
      vertex 73.3 10 3
    endloop
  endfacet
  facet normal 0 0 1
    outer loop
      vertex 73.3 10 3
      vertex 79.3063 63.6938 3
      vertex 78.8779 63.5865 3
    endloop
  endfacet
  facet normal -0 0 1
    outer loop
      vertex 67 -34 3
      vertex 82.6 -65 3
      vertex 67 -32 3
    endloop
  endfacet
  facet normal 0 0 1
    outer loop
      vertex 73.3 10 3
      vertex 78.8779 63.5865 3
      vertex 78.4411 63.5217 3
    endloop
  endfacet
  facet normal 0 0 1
    outer loop
      vertex 82.6 -65 3
      vertex 67 -34 3
      vertex 79.7221 -63.8425 3
    endloop
  endfacet
  facet normal 0 0 1
    outer loop
      vertex 73.3 10 3
      vertex 78.4411 63.5217 3
      vertex 78 63.5 3
    endloop
  endfacet
  facet normal 0 0 1
    outer loop
      vertex 79.7221 -63.8425 3
      vertex 67 -34 3
      vertex 79.3063 -63.6938 3
    endloop
  endfacet
  facet normal 0 0 1
    outer loop
      vertex 73.3 10 3
      vertex 78 63.5 3
      vertex 77.5589 63.5217 3
    endloop
  endfacet
  facet normal 0 0 1
    outer loop
      vertex 64.4899 -42.3658 3
      vertex 67 -34 3
      vertex 64.5 -42.16 3
    endloop
  endfacet
  facet normal 0 0 1
    outer loop
      vertex 73.3 10 3
      vertex 77.5589 63.5217 3
      vertex 77.1221 63.5865 3
    endloop
  endfacet
  facet normal 0 0 1
    outer loop
      vertex 67 -34 3
      vertex 64.4899 -42.3658 3
      vertex 79.3063 -63.6938 3
    endloop
  endfacet
  facet normal 0 0 1
    outer loop
      vertex 73.3 10 3
      vertex 77.1221 63.5865 3
      vertex 76.6937 63.6938 3
    endloop
  endfacet
  facet normal 0 0 1
    outer loop
      vertex 78.8779 -63.5865 3
      vertex 67 -56 3
      vertex 78.4411 -63.5217 3
    endloop
  endfacet
  facet normal 0 0 1
    outer loop
      vertex 73.3 10 3
      vertex 76.6937 63.6938 3
      vertex 76.2779 63.8425 3
    endloop
  endfacet
  facet normal 0 0 1
    outer loop
      vertex 78.4411 -63.5217 3
      vertex 67 -56 3
      vertex 78 -63.5 3
    endloop
  endfacet
  facet normal 0 0 1
    outer loop
      vertex 73.3 10 3
      vertex 76.2779 63.8425 3
      vertex 75.8787 64.0314 3
    endloop
  endfacet
  facet normal 0 0 1
    outer loop
      vertex 78 -63.5 3
      vertex 67 -56 3
      vertex 77.5589 -63.5217 3
    endloop
  endfacet
  facet normal 0 0 1
    outer loop
      vertex 73.3 10 3
      vertex 75.8787 64.0314 3
      vertex 75.4999 64.2584 3
    endloop
  endfacet
  facet normal 0 0 1
    outer loop
      vertex 77.5589 -63.5217 3
      vertex 67 -56 3
      vertex 77.1221 -63.5865 3
    endloop
  endfacet
  facet normal 0 0 1
    outer loop
      vertex 73.3 10 3
      vertex 75.4999 64.2584 3
      vertex 75.1452 64.5215 3
    endloop
  endfacet
  facet normal 0 0 1
    outer loop
      vertex 77.1221 -63.5865 3
      vertex 67 -56 3
      vertex 76.6937 -63.6938 3
    endloop
  endfacet
  facet normal 0 0 1
    outer loop
      vertex 73.3 10 3
      vertex 75.1452 64.5215 3
      vertex 74.818 64.818 3
    endloop
  endfacet
  facet normal 0 0 1
    outer loop
      vertex 76.6937 -63.6938 3
      vertex 67 -56 3
      vertex 76.2779 -63.8425 3
    endloop
  endfacet
  facet normal 0 0 1
    outer loop
      vertex 73.3 10 3
      vertex 74.818 64.818 3
      vertex 74.5215 65.1452 3
    endloop
  endfacet
  facet normal -0 0 1
    outer loop
      vertex 67 -58 3
      vertex 76.2779 -63.8425 3
      vertex 67 -56 3
    endloop
  endfacet
  facet normal 0 0 1
    outer loop
      vertex 73.3 10 3
      vertex 74.5215 65.1452 3
      vertex 74.2584 65.4999 3
    endloop
  endfacet
  facet normal 0 0 1
    outer loop
      vertex 76.2779 -63.8425 3
      vertex 67 -58 3
      vertex 75.8787 -64.0314 3
    endloop
  endfacet
  facet normal 0 0 1
    outer loop
      vertex 73.3 10 3
      vertex 74.2584 65.4999 3
      vertex 74.0314 65.8787 3
    endloop
  endfacet
  facet normal 0 0 1
    outer loop
      vertex 75.8787 -64.0314 3
      vertex 67 -58 3
      vertex 75.4999 -64.2584 3
    endloop
  endfacet
  facet normal 0 0 1
    outer loop
      vertex 73.3 67.3 3
      vertex 74.0314 65.8787 3
      vertex 73.8425 66.2779 3
    endloop
  endfacet
  facet normal 0 0 1
    outer loop
      vertex 73.3 10 3
      vertex 74.0314 65.8787 3
      vertex 73.3 67.3 3
    endloop
  endfacet
  facet normal 0 0 1
    outer loop
      vertex 73.3 67.3 3
      vertex 73.8425 66.2779 3
      vertex 73.6938 66.6937 3
    endloop
  endfacet
  facet normal 0 0 1
    outer loop
      vertex 75.4999 -64.2584 3
      vertex 67 -58 3
      vertex 75.1452 -64.5215 3
    endloop
  endfacet
  facet normal 0 0 1
    outer loop
      vertex 73.3 67.3 3
      vertex 73.6938 66.6937 3
      vertex 73.5865 67.1221 3
    endloop
  endfacet
  facet normal 0 0 1
    outer loop
      vertex 75.1452 -64.5215 3
      vertex 67 -58 3
      vertex 74.818 -64.818 3
    endloop
  endfacet
  facet normal -0 0 1
    outer loop
      vertex 73.3 67.3 3
      vertex 73.5865 67.1221 3
      vertex 73.5217 67.5589 3
    endloop
  endfacet
  facet normal 0 0 1
    outer loop
      vertex 74.818 -64.818 3
      vertex 67 -58 3
      vertex 74.5215 -65.1452 3
    endloop
  endfacet
  facet normal 0 0 1
    outer loop
      vertex 73.3 67.3 3
      vertex 73.5217 67.5589 3
      vertex 73.5 68 3
    endloop
  endfacet
  facet normal 0 0 1
    outer loop
      vertex 74.5215 -65.1452 3
      vertex 67 -58 3
      vertex 74.2584 -65.4999 3
    endloop
  endfacet
  facet normal 0 0 1
    outer loop
      vertex 76.6937 -72.3062 3
      vertex 76.4827 -72.454 3
      vertex 76.8831 -72.3537 3
    endloop
  endfacet
  facet normal 0 0 1
    outer loop
      vertex 76.2779 -72.1575 3
      vertex 76.4827 -72.454 3
      vertex 76.6937 -72.3062 3
    endloop
  endfacet
  facet normal 0 0 1
    outer loop
      vertex 75.7449 -72.5634 3
      vertex 76.2779 -72.1575 3
      vertex 75.8787 -71.9686 3
    endloop
  endfacet
  facet normal 0 0 1
    outer loop
      vertex 76.2779 -72.1575 3
      vertex 75.7449 -72.5634 3
      vertex 76.4827 -72.454 3
    endloop
  endfacet
  facet normal 0 0 1
    outer loop
      vertex 75.4999 -71.7416 3
      vertex 75.7449 -72.5634 3
      vertex 75.8787 -71.9686 3
    endloop
  endfacet
  facet normal 0 0 1
    outer loop
      vertex 75 -72.6 3
      vertex 75.4999 -71.7416 3
      vertex 75.1452 -71.4785 3
    endloop
  endfacet
  facet normal 0 0 1
    outer loop
      vertex 75.4999 -71.7416 3
      vertex 75 -72.6 3
      vertex 75.7449 -72.5634 3
    endloop
  endfacet
  facet normal 0 0 1
    outer loop
      vertex 74.818 -71.182 3
      vertex 75 -72.6 3
      vertex 75.1452 -71.4785 3
    endloop
  endfacet
  facet normal 0 0 1
    outer loop
      vertex 74.5215 -70.8548 3
      vertex 75 -72.6 3
      vertex 74.818 -71.182 3
    endloop
  endfacet
  facet normal 0 0 1
    outer loop
      vertex 74.2584 -70.5001 3
      vertex 75 -72.6 3
      vertex 74.5215 -70.8548 3
    endloop
  endfacet
  facet normal 0 0 1
    outer loop
      vertex 74.0314 -70.1213 3
      vertex 75 -72.6 3
      vertex 74.2584 -70.5001 3
    endloop
  endfacet
  facet normal 0 0 1
    outer loop
      vertex 73.8425 -69.7221 3
      vertex 75 -72.6 3
      vertex 74.0314 -70.1213 3
    endloop
  endfacet
  facet normal 0 0 1
    outer loop
      vertex 74.0314 -65.8787 3
      vertex 67 -58 3
      vertex 73.8425 -66.2779 3
    endloop
  endfacet
  facet normal 0 0 1
    outer loop
      vertex 73.8425 -66.2779 3
      vertex 67 -58 3
      vertex 73.6938 -66.6937 3
    endloop
  endfacet
  facet normal 0 0 1
    outer loop
      vertex 73.6938 -66.6937 3
      vertex 67 -58 3
      vertex 73.5865 -67.1221 3
    endloop
  endfacet
  facet normal 0 0 1
    outer loop
      vertex 73.5865 -67.1221 3
      vertex 67 -58 3
      vertex 73.5217 -67.5589 3
    endloop
  endfacet
  facet normal -0 0 1
    outer loop
      vertex 63 -58 3
      vertex 73.5217 -67.5589 3
      vertex 67 -58 3
    endloop
  endfacet
  facet normal 0 0 1
    outer loop
      vertex 73.5217 -67.5589 3
      vertex 63 -58 3
      vertex 73.5 -68 3
    endloop
  endfacet
  facet normal 0 0 1
    outer loop
      vertex 73.5 -68 3
      vertex 63 -58 3
      vertex 73.5217 -68.4411 3
    endloop
  endfacet
  facet normal 0 0 1
    outer loop
      vertex 73.5217 -68.4411 3
      vertex 63 -58 3
      vertex 73.5865 -68.8779 3
    endloop
  endfacet
  facet normal 0 0 1
    outer loop
      vertex 73.5865 -68.8779 3
      vertex 63 -58 3
      vertex 73.6938 -69.3063 3
    endloop
  endfacet
  facet normal 0 0 1
    outer loop
      vertex 73.6938 -69.3063 3
      vertex 63 -58 3
      vertex 73.8425 -69.7221 3
    endloop
  endfacet
  facet normal -0 0 1
    outer loop
      vertex 47 -58 3
      vertex 73.8425 -69.7221 3
      vertex 63 -58 3
    endloop
  endfacet
  facet normal -0 0 1
    outer loop
      vertex 62.4 -44.26 3
      vertex 63 -56 3
      vertex 62.6058 -44.2499 3
    endloop
  endfacet
  facet normal 0 0 1
    outer loop
      vertex 62.1942 -44.2499 3
      vertex 63 -56 3
      vertex 62.4 -44.26 3
    endloop
  endfacet
  facet normal 0 0 1
    outer loop
      vertex 61.9903 -44.2197 3
      vertex 63 -56 3
      vertex 62.1942 -44.2499 3
    endloop
  endfacet
  facet normal 0 0 1
    outer loop
      vertex 61.7904 -44.1696 3
      vertex 63 -56 3
      vertex 61.9903 -44.2197 3
    endloop
  endfacet
  facet normal 0 0 1
    outer loop
      vertex 61.5964 -44.1001 3
      vertex 63 -56 3
      vertex 61.7904 -44.1696 3
    endloop
  endfacet
  facet normal 0 0 1
    outer loop
      vertex 61.4101 -44.012 3
      vertex 63 -56 3
      vertex 61.5964 -44.1001 3
    endloop
  endfacet
  facet normal 0 0 1
    outer loop
      vertex 61.2333 -43.9061 3
      vertex 63 -56 3
      vertex 61.4101 -44.012 3
    endloop
  endfacet
  facet normal 0 0 1
    outer loop
      vertex 61.0678 -43.7833 3
      vertex 63 -56 3
      vertex 61.2333 -43.9061 3
    endloop
  endfacet
  facet normal 0 0 1
    outer loop
      vertex 63 -56 3
      vertex 61.0678 -43.7833 3
      vertex 47 -56 3
    endloop
  endfacet
  facet normal 0 0 1
    outer loop
      vertex 47 -56 3
      vertex 61.0678 -43.7833 3
      vertex 60.9151 -43.6449 3
    endloop
  endfacet
  facet normal 0 0 1
    outer loop
      vertex 47 -56 3
      vertex 60.9151 -43.6449 3
      vertex 60.7767 -43.4922 3
    endloop
  endfacet
  facet normal 0 0 1
    outer loop
      vertex 47 -56 3
      vertex 60.7767 -43.4922 3
      vertex 60.6539 -43.3267 3
    endloop
  endfacet
  facet normal 0 0 1
    outer loop
      vertex 47 -56 3
      vertex 60.6539 -43.3267 3
      vertex 60.548 -43.1499 3
    endloop
  endfacet
  facet normal 0 0 1
    outer loop
      vertex 47 -56 3
      vertex 60.548 -43.1499 3
      vertex 60.4599 -42.9636 3
    endloop
  endfacet
  facet normal 0 0 1
    outer loop
      vertex 47 -56 3
      vertex 60.4599 -42.9636 3
      vertex 60.3904 -42.7696 3
    endloop
  endfacet
  facet normal 0 0 1
    outer loop
      vertex 47 -56 3
      vertex 60.3904 -42.7696 3
      vertex 60.3404 -42.5697 3
    endloop
  endfacet
  facet normal 0 0 1
    outer loop
      vertex 60.3101 -41.9542 3
      vertex 47 -34 3
      vertex 60.3 -42.16 3
    endloop
  endfacet
  facet normal 0 0 1
    outer loop
      vertex 60.3 -42.16 3
      vertex 47 -34 3
      vertex 60.3101 -42.3658 3
    endloop
  endfacet
  facet normal 0 0 1
    outer loop
      vertex 60.3101 -42.3658 3
      vertex 47 -34 3
      vertex 60.3404 -42.5697 3
    endloop
  endfacet
  facet normal 0 0 1
    outer loop
      vertex 47 -56 3
      vertex 60.3404 -42.5697 3
      vertex 47 -34 3
    endloop
  endfacet
  facet normal 0 0 1
    outer loop
      vertex 63 -56 3
      vertex 47 -56 3
      vertex 63 -58 3
    endloop
  endfacet
  facet normal 0 0 1
    outer loop
      vertex 47 -58 3
      vertex 63 -58 3
      vertex 47 -56 3
    endloop
  endfacet
  facet normal 0 0 1
    outer loop
      vertex 73.8425 -69.7221 3
      vertex 47 -58 3
      vertex 75 -72.6 3
    endloop
  endfacet
  facet normal -0 0 1
    outer loop
      vertex 43 -58 3
      vertex 75 -72.6 3
      vertex 47 -58 3
    endloop
  endfacet
  facet normal 0 0 1
    outer loop
      vertex 27 -56 3
      vertex 43 -56 3
      vertex 27 -34 3
    endloop
  endfacet
  facet normal 0 0 1
    outer loop
      vertex 43 -56 3
      vertex 27 -56 3
      vertex 43 -58 3
    endloop
  endfacet
  facet normal 0 0 1
    outer loop
      vertex 27 -58 3
      vertex 43 -58 3
      vertex 27 -56 3
    endloop
  endfacet
  facet normal 0 0 1
    outer loop
      vertex 43 -58 3
      vertex 27 -58 3
      vertex 75 -72.6 3
    endloop
  endfacet
  facet normal -0 0 1
    outer loop
      vertex 23 -58 3
      vertex 75 -72.6 3
      vertex 27 -58 3
    endloop
  endfacet
  facet normal 0 0 1
    outer loop
      vertex -24.3 -46.85 3
      vertex 23 -32 3
      vertex 10.5 -9.2 3
    endloop
  endfacet
  facet normal 0 0 1
    outer loop
      vertex -24.3 -46.85 3
      vertex 10.5 -9.2 3
      vertex -21.5 -9.2 3
    endloop
  endfacet
  facet normal -0 0 1
    outer loop
      vertex -24.3144 -47.1441 3
      vertex 23 -56 3
      vertex -24.3 -46.85 3
    endloop
  endfacet
  facet normal -0 0 1
    outer loop
      vertex -24.3576 -47.4353 3
      vertex 23 -56 3
      vertex -24.3144 -47.1441 3
    endloop
  endfacet
  facet normal -0 0 1
    outer loop
      vertex -24.4292 -47.7209 3
      vertex 23 -56 3
      vertex -24.3576 -47.4353 3
    endloop
  endfacet
  facet normal -0 0 1
    outer loop
      vertex -24.5284 -47.9981 3
      vertex 23 -56 3
      vertex -24.4292 -47.7209 3
    endloop
  endfacet
  facet normal 0 0 1
    outer loop
      vertex 23 -56 3
      vertex -24.5284 -47.9981 3
      vertex 23 -58 3
    endloop
  endfacet
  facet normal -0 0 1
    outer loop
      vertex -24.6542 -48.2642 3
      vertex 23 -58 3
      vertex -24.5284 -47.9981 3
    endloop
  endfacet
  facet normal -0 0 1
    outer loop
      vertex -24.8056 -48.5167 3
      vertex 23 -58 3
      vertex -24.6542 -48.2642 3
    endloop
  endfacet
  facet normal -0 0 1
    outer loop
      vertex -24.981 -48.7532 3
      vertex 23 -58 3
      vertex -24.8056 -48.5167 3
    endloop
  endfacet
  facet normal -0 0 1
    outer loop
      vertex -25.1787 -48.9713 3
      vertex 23 -58 3
      vertex -24.981 -48.7532 3
    endloop
  endfacet
  facet normal -0 0 1
    outer loop
      vertex -25.3968 -49.169 3
      vertex 23 -58 3
      vertex -25.1787 -48.9713 3
    endloop
  endfacet
  facet normal -0 0 1
    outer loop
      vertex -25.6333 -49.3444 3
      vertex 23 -58 3
      vertex -25.3968 -49.169 3
    endloop
  endfacet
  facet normal -0 0 1
    outer loop
      vertex -25.8858 -49.4958 3
      vertex 23 -58 3
      vertex -25.6333 -49.3444 3
    endloop
  endfacet
  facet normal -0 0 1
    outer loop
      vertex -26.1519 -49.6216 3
      vertex 23 -58 3
      vertex -25.8858 -49.4958 3
    endloop
  endfacet
  facet normal -0 0 1
    outer loop
      vertex -26.4291 -49.7208 3
      vertex 23 -58 3
      vertex -26.1519 -49.6216 3
    endloop
  endfacet
  facet normal 0 0 1
    outer loop
      vertex 23 -58 3
      vertex -26.4291 -49.7208 3
      vertex -49.45 -63.2 3
    endloop
  endfacet
  facet normal 0 0 1
    outer loop
      vertex -49.45 -63.2 3
      vertex -26.4291 -49.7208 3
      vertex -26.7147 -49.7924 3
    endloop
  endfacet
  facet normal 0 0 1
    outer loop
      vertex -49.45 -63.2 3
      vertex -26.7147 -49.7924 3
      vertex -27.0059 -49.8356 3
    endloop
  endfacet
  facet normal 0 0 1
    outer loop
      vertex -49.45 -63.2 3
      vertex -27.0059 -49.8356 3
      vertex -27.3 -49.85 3
    endloop
  endfacet
  facet normal 0 0 1
    outer loop
      vertex -49.45 -63.2 3
      vertex -27.3 -49.85 3
      vertex -27.5941 -49.8356 3
    endloop
  endfacet
  facet normal 0 0 1
    outer loop
      vertex -49.45 -63.2 3
      vertex -27.5941 -49.8356 3
      vertex -27.8853 -49.7924 3
    endloop
  endfacet
  facet normal 0 0 1
    outer loop
      vertex -30.2856 -46.5559 3
      vertex -49.45 -32.5 3
      vertex -30.3 -46.85 3
    endloop
  endfacet
  facet normal 0 0 1
    outer loop
      vertex -49.45 -61.2 3
      vertex -30.3 -46.85 3
      vertex -49.45 -32.5 3
    endloop
  endfacet
  facet normal 0 0 1
    outer loop
      vertex -30.3 -46.85 3
      vertex -49.45 -61.2 3
      vertex -30.2856 -47.1441 3
    endloop
  endfacet
  facet normal 0 0 1
    outer loop
      vertex -30.2856 -47.1441 3
      vertex -49.45 -61.2 3
      vertex -30.2424 -47.4353 3
    endloop
  endfacet
  facet normal 0 0 1
    outer loop
      vertex -30.2424 -47.4353 3
      vertex -49.45 -61.2 3
      vertex -30.1708 -47.7209 3
    endloop
  endfacet
  facet normal 0 0 1
    outer loop
      vertex -30.1708 -47.7209 3
      vertex -49.45 -61.2 3
      vertex -30.0716 -47.9981 3
    endloop
  endfacet
  facet normal 0 0 1
    outer loop
      vertex -30.0716 -47.9981 3
      vertex -49.45 -61.2 3
      vertex -29.9458 -48.2642 3
    endloop
  endfacet
  facet normal 0 0 1
    outer loop
      vertex -29.9458 -48.2642 3
      vertex -49.45 -61.2 3
      vertex -29.7944 -48.5167 3
    endloop
  endfacet
  facet normal 0 0 1
    outer loop
      vertex -29.7944 -48.5167 3
      vertex -49.45 -61.2 3
      vertex -29.619 -48.7532 3
    endloop
  endfacet
  facet normal 0 0 1
    outer loop
      vertex -29.619 -48.7532 3
      vertex -49.45 -61.2 3
      vertex -29.4213 -48.9713 3
    endloop
  endfacet
  facet normal 0 0 1
    outer loop
      vertex -29.4213 -48.9713 3
      vertex -49.45 -61.2 3
      vertex -29.2032 -49.169 3
    endloop
  endfacet
  facet normal 0 0 1
    outer loop
      vertex -49.45 -61.2 3
      vertex -28.9667 -49.3444 3
      vertex -29.2032 -49.169 3
    endloop
  endfacet
  facet normal 0 0 1
    outer loop
      vertex -49.45 -61.2 3
      vertex -28.7142 -49.4958 3
      vertex -28.9667 -49.3444 3
    endloop
  endfacet
  facet normal 0 0 1
    outer loop
      vertex -49.45 -63.2 3
      vertex -28.7142 -49.4958 3
      vertex -49.45 -61.2 3
    endloop
  endfacet
  facet normal 0 0 1
    outer loop
      vertex -28.7142 -49.4958 3
      vertex -49.45 -63.2 3
      vertex -28.448 -49.6216 3
    endloop
  endfacet
  facet normal 0 0 1
    outer loop
      vertex -28.448 -49.6216 3
      vertex -49.45 -63.2 3
      vertex -28.1709 -49.7208 3
    endloop
  endfacet
  facet normal 0 0 1
    outer loop
      vertex -28.1709 -49.7208 3
      vertex -49.45 -63.2 3
      vertex -27.8853 -49.7924 3
    endloop
  endfacet
  facet normal 0 0 1
    outer loop
      vertex 23 -58 3
      vertex -49.45 -63.2 3
      vertex 75 -72.6 3
    endloop
  endfacet
  facet normal 0 0 1
    outer loop
      vertex -75 -72.6 3
      vertex -49.45 -63.2 3
      vertex -54.45 -63.2 3
    endloop
  endfacet
  facet normal 0 0 1
    outer loop
      vertex -49.45 -32.5 3
      vertex -60.3 -42.16 3
      vertex -60.3101 -42.3658 3
    endloop
  endfacet
  facet normal 0 0 1
    outer loop
      vertex -49.45 -32.5 3
      vertex -60.3101 -42.3658 3
      vertex -60.3404 -42.5697 3
    endloop
  endfacet
  facet normal -0 0 1
    outer loop
      vertex -60.4599 -42.9636 3
      vertex -49.45 -61.2 3
      vertex -60.3904 -42.7696 3
    endloop
  endfacet
  facet normal -0 0 1
    outer loop
      vertex -60.548 -43.1499 3
      vertex -49.45 -61.2 3
      vertex -60.4599 -42.9636 3
    endloop
  endfacet
  facet normal -0 0 1
    outer loop
      vertex -60.6539 -43.3267 3
      vertex -49.45 -61.2 3
      vertex -60.548 -43.1499 3
    endloop
  endfacet
  facet normal -0 0 1
    outer loop
      vertex -60.7767 -43.4922 3
      vertex -49.45 -61.2 3
      vertex -60.6539 -43.3267 3
    endloop
  endfacet
  facet normal 0 0 1
    outer loop
      vertex -49.45 -61.2 3
      vertex -60.7767 -43.4922 3
      vertex -54.45 -61.2 3
    endloop
  endfacet
  facet normal -0 0 1
    outer loop
      vertex -60.9151 -43.6449 3
      vertex -54.45 -61.2 3
      vertex -60.7767 -43.4922 3
    endloop
  endfacet
  facet normal -0 0 1
    outer loop
      vertex -61.0678 -43.7833 3
      vertex -54.45 -61.2 3
      vertex -60.9151 -43.6449 3
    endloop
  endfacet
  facet normal -0 0 1
    outer loop
      vertex -61.2333 -43.9061 3
      vertex -54.45 -61.2 3
      vertex -61.0678 -43.7833 3
    endloop
  endfacet
  facet normal -0 0 1
    outer loop
      vertex -61.4101 -44.012 3
      vertex -54.45 -61.2 3
      vertex -61.2333 -43.9061 3
    endloop
  endfacet
  facet normal -0 0 1
    outer loop
      vertex -61.5964 -44.1001 3
      vertex -54.45 -61.2 3
      vertex -61.4101 -44.012 3
    endloop
  endfacet
  facet normal -0 0 1
    outer loop
      vertex -61.7904 -44.1696 3
      vertex -54.45 -61.2 3
      vertex -61.5964 -44.1001 3
    endloop
  endfacet
  facet normal -0 0 1
    outer loop
      vertex -61.9903 -44.2197 3
      vertex -54.45 -61.2 3
      vertex -61.7904 -44.1696 3
    endloop
  endfacet
  facet normal -0 0 1
    outer loop
      vertex -62.1942 -44.2499 3
      vertex -54.45 -61.2 3
      vertex -61.9903 -44.2197 3
    endloop
  endfacet
  facet normal -0 0 1
    outer loop
      vertex -62.4 -44.26 3
      vertex -54.45 -61.2 3
      vertex -62.1942 -44.2499 3
    endloop
  endfacet
  facet normal 0 0 1
    outer loop
      vertex -62.6058 -44.2499 3
      vertex -54.45 -61.2 3
      vertex -62.4 -44.26 3
    endloop
  endfacet
  facet normal 0 0 1
    outer loop
      vertex -62.8097 -44.2197 3
      vertex -54.45 -61.2 3
      vertex -62.6058 -44.2499 3
    endloop
  endfacet
  facet normal 0 0 1
    outer loop
      vertex -63.0096 -44.1696 3
      vertex -54.45 -61.2 3
      vertex -62.8097 -44.2197 3
    endloop
  endfacet
  facet normal 0 0 1
    outer loop
      vertex -73.5 -68 3
      vertex -54.45 -61.2 3
      vertex -63.0096 -44.1696 3
    endloop
  endfacet
  facet normal 0 0 1
    outer loop
      vertex -73.5 -68 3
      vertex -63.0096 -44.1696 3
      vertex -63.2036 -44.1001 3
    endloop
  endfacet
  facet normal 0 0 1
    outer loop
      vertex -73.5 -68 3
      vertex -63.2036 -44.1001 3
      vertex -63.3899 -44.012 3
    endloop
  endfacet
  facet normal 0 0 1
    outer loop
      vertex -73.5 -68 3
      vertex -63.3899 -44.012 3
      vertex -63.5667 -43.9061 3
    endloop
  endfacet
  facet normal 0 0 1
    outer loop
      vertex -73.5 -68 3
      vertex -63.5667 -43.9061 3
      vertex -63.7322 -43.7833 3
    endloop
  endfacet
  facet normal 0 0 1
    outer loop
      vertex -73.5 -68 3
      vertex -63.7322 -43.7833 3
      vertex -63.8849 -43.6449 3
    endloop
  endfacet
  facet normal 0 0 1
    outer loop
      vertex -73.5 -68 3
      vertex -63.8849 -43.6449 3
      vertex -64.0233 -43.4922 3
    endloop
  endfacet
  facet normal 0 0 1
    outer loop
      vertex -73.5 -68 3
      vertex -64.0233 -43.4922 3
      vertex -64.1461 -43.3267 3
    endloop
  endfacet
  facet normal 0 0 1
    outer loop
      vertex -73.5 -68 3
      vertex -64.1461 -43.3267 3
      vertex -64.252 -43.1499 3
    endloop
  endfacet
  facet normal 0 0 1
    outer loop
      vertex -64.4899 -41.9542 3
      vertex -73.5 -68 3
      vertex -64.5 -42.16 3
    endloop
  endfacet
  facet normal 0 0 1
    outer loop
      vertex -64.5 -42.16 3
      vertex -73.5 -68 3
      vertex -64.4899 -42.3658 3
    endloop
  endfacet
  facet normal 0 0 1
    outer loop
      vertex -73.5 -68 3
      vertex -64.4596 -42.5697 3
      vertex -64.4899 -42.3658 3
    endloop
  endfacet
  facet normal 0 0 1
    outer loop
      vertex -73.5 -68 3
      vertex -64.4096 -42.7696 3
      vertex -64.4596 -42.5697 3
    endloop
  endfacet
  facet normal 0 0 1
    outer loop
      vertex -73.5 -68 3
      vertex -64.3401 -42.9636 3
      vertex -64.4096 -42.7696 3
    endloop
  endfacet
  facet normal 0 0 1
    outer loop
      vertex -73.5 -68 3
      vertex -64.252 -43.1499 3
      vertex -64.3401 -42.9636 3
    endloop
  endfacet
  facet normal 0 0 1
    outer loop
      vertex -54.45 -61.2 3
      vertex -73.5 -68 3
      vertex -54.45 -63.2 3
    endloop
  endfacet
  facet normal 0 0 1
    outer loop
      vertex -73.5217 -68.4411 3
      vertex -54.45 -63.2 3
      vertex -73.5 -68 3
    endloop
  endfacet
  facet normal 0 0 1
    outer loop
      vertex -73.5865 -68.8779 3
      vertex -54.45 -63.2 3
      vertex -73.5217 -68.4411 3
    endloop
  endfacet
  facet normal 0 0 1
    outer loop
      vertex -73.6938 -69.3063 3
      vertex -54.45 -63.2 3
      vertex -73.5865 -68.8779 3
    endloop
  endfacet
  facet normal 0 0 1
    outer loop
      vertex -73.8425 -69.7221 3
      vertex -54.45 -63.2 3
      vertex -73.6938 -69.3063 3
    endloop
  endfacet
  facet normal 0 0 1
    outer loop
      vertex -74.0314 -70.1213 3
      vertex -54.45 -63.2 3
      vertex -73.8425 -69.7221 3
    endloop
  endfacet
  facet normal 0 0 1
    outer loop
      vertex -54.45 -63.2 3
      vertex -74.0314 -70.1213 3
      vertex -75 -72.6 3
    endloop
  endfacet
  facet normal 0 0 1
    outer loop
      vertex -75 -72.6 3
      vertex -74.0314 -70.1213 3
      vertex -74.2584 -70.5001 3
    endloop
  endfacet
  facet normal 0 0 1
    outer loop
      vertex -75 -72.6 3
      vertex -74.2584 -70.5001 3
      vertex -74.5215 -70.8548 3
    endloop
  endfacet
  facet normal 0 0 1
    outer loop
      vertex -75 -72.6 3
      vertex -74.5215 -70.8548 3
      vertex -74.818 -71.182 3
    endloop
  endfacet
  facet normal 0 0 1
    outer loop
      vertex -49.45 -63.2 3
      vertex -75 -72.6 3
      vertex 75 -72.6 3
    endloop
  endfacet
  facet normal -0 0 1
    outer loop
      vertex -75.1452 -71.4785 3
      vertex -75 -72.6 3
      vertex -74.818 -71.182 3
    endloop
  endfacet
  facet normal -0 0 1
    outer loop
      vertex -75.4999 -71.7416 3
      vertex -75 -72.6 3
      vertex -75.1452 -71.4785 3
    endloop
  endfacet
  facet normal 0 0 1
    outer loop
      vertex -75.4999 -71.7416 3
      vertex -75.7449 -72.5634 3
      vertex -75 -72.6 3
    endloop
  endfacet
  facet normal -0 0 1
    outer loop
      vertex -75.8787 -71.9686 3
      vertex -75.7449 -72.5634 3
      vertex -75.4999 -71.7416 3
    endloop
  endfacet
  facet normal -0 0 1
    outer loop
      vertex -76.2779 -72.1575 3
      vertex -75.7449 -72.5634 3
      vertex -75.8787 -71.9686 3
    endloop
  endfacet
  facet normal 0 0 1
    outer loop
      vertex -76.2779 -72.1575 3
      vertex -76.4827 -72.454 3
      vertex -75.7449 -72.5634 3
    endloop
  endfacet
  facet normal -0 0 1
    outer loop
      vertex -76.6937 -72.3062 3
      vertex -76.4827 -72.454 3
      vertex -76.2779 -72.1575 3
    endloop
  endfacet
  facet normal 0 0 1
    outer loop
      vertex -76.4827 -72.454 3
      vertex -76.6937 -72.3062 3
      vertex -76.8831 -72.3537 3
    endloop
  endfacet
  facet normal -0 0 1
    outer loop
      vertex 64.4596 -42.5697 3
      vertex 78.8779 -63.5865 3
      vertex 64.4899 -42.3658 3
    endloop
  endfacet
  facet normal 0 0 1
    outer loop
      vertex 78.8779 -63.5865 3
      vertex 64.4596 -42.5697 3
      vertex 67 -56 3
    endloop
  endfacet
  facet normal -0 0 1
    outer loop
      vertex 64.4096 -42.7696 3
      vertex 67 -56 3
      vertex 64.4596 -42.5697 3
    endloop
  endfacet
  facet normal -0 0 1
    outer loop
      vertex 64.3401 -42.9636 3
      vertex 67 -56 3
      vertex 64.4096 -42.7696 3
    endloop
  endfacet
  facet normal -0 0 1
    outer loop
      vertex 64.252 -43.1499 3
      vertex 67 -56 3
      vertex 64.3401 -42.9636 3
    endloop
  endfacet
  facet normal -0 0 1
    outer loop
      vertex 64.1461 -43.3267 3
      vertex 67 -56 3
      vertex 64.252 -43.1499 3
    endloop
  endfacet
  facet normal -0 0 1
    outer loop
      vertex 64.0233 -43.4922 3
      vertex 67 -56 3
      vertex 64.1461 -43.3267 3
    endloop
  endfacet
  facet normal -0 0 1
    outer loop
      vertex 63.8849 -43.6449 3
      vertex 67 -56 3
      vertex 64.0233 -43.4922 3
    endloop
  endfacet
  facet normal -0 0 1
    outer loop
      vertex 63.7322 -43.7833 3
      vertex 67 -56 3
      vertex 63.8849 -43.6449 3
    endloop
  endfacet
  facet normal -0 0 1
    outer loop
      vertex 63.5667 -43.9061 3
      vertex 67 -56 3
      vertex 63.7322 -43.7833 3
    endloop
  endfacet
  facet normal -0 0 1
    outer loop
      vertex 63.3899 -44.012 3
      vertex 67 -56 3
      vertex 63.5667 -43.9061 3
    endloop
  endfacet
  facet normal -0 0 1
    outer loop
      vertex 63.2036 -44.1001 3
      vertex 67 -56 3
      vertex 63.3899 -44.012 3
    endloop
  endfacet
  facet normal -0 0 1
    outer loop
      vertex 63.0096 -44.1696 3
      vertex 67 -56 3
      vertex 63.2036 -44.1001 3
    endloop
  endfacet
  facet normal 0 0 1
    outer loop
      vertex 63.0096 -44.1696 3
      vertex 63 -56 3
      vertex 67 -56 3
    endloop
  endfacet
  facet normal -0 0 1
    outer loop
      vertex 62.6058 -44.2499 3
      vertex 63 -56 3
      vertex 62.8097 -44.2197 3
    endloop
  endfacet
  facet normal -0 0 1
    outer loop
      vertex 62.8097 -44.2197 3
      vertex 63 -56 3
      vertex 63.0096 -44.1696 3
    endloop
  endfacet
  facet normal 0 0 1
    outer loop
      vertex 64.4899 41.9542 3
      vertex 72.1 66.1 3
      vertex 64.5 42.16 3
    endloop
  endfacet
  facet normal 0 0 1
    outer loop
      vertex 72.1 66.1 3
      vertex 64.4899 42.3658 3
      vertex 64.5 42.16 3
    endloop
  endfacet
  facet normal 0 0 1
    outer loop
      vertex 72.1 66.1 3
      vertex 64.4596 42.5697 3
      vertex 64.4899 42.3658 3
    endloop
  endfacet
  facet normal 0 0 1
    outer loop
      vertex 72.1 66.1 3
      vertex 64.4096 42.7696 3
      vertex 64.4596 42.5697 3
    endloop
  endfacet
  facet normal 0 0 1
    outer loop
      vertex 72.1 66.1 3
      vertex 64.3401 42.9636 3
      vertex 64.4096 42.7696 3
    endloop
  endfacet
  facet normal 0 0 1
    outer loop
      vertex 72.1 66.1 3
      vertex 64.252 43.1499 3
      vertex 64.3401 42.9636 3
    endloop
  endfacet
  facet normal 0 0 1
    outer loop
      vertex 72.1 66.1 3
      vertex 64.1461 43.3267 3
      vertex 64.252 43.1499 3
    endloop
  endfacet
  facet normal 0 0 1
    outer loop
      vertex 72.1 66.1 3
      vertex 64.0233 43.4922 3
      vertex 64.1461 43.3267 3
    endloop
  endfacet
  facet normal 0 0 1
    outer loop
      vertex 72.1 66.1 3
      vertex 63.8849 43.6449 3
      vertex 64.0233 43.4922 3
    endloop
  endfacet
  facet normal 0 0 1
    outer loop
      vertex 72.1 66.1 3
      vertex 63.7322 43.7833 3
      vertex 63.8849 43.6449 3
    endloop
  endfacet
  facet normal 0 0 1
    outer loop
      vertex 72.1 66.1 3
      vertex 63.5667 43.9061 3
      vertex 63.7322 43.7833 3
    endloop
  endfacet
  facet normal 0 0 1
    outer loop
      vertex 72.1 66.1 3
      vertex 63.3899 44.012 3
      vertex 63.5667 43.9061 3
    endloop
  endfacet
  facet normal 0 0 1
    outer loop
      vertex 72.1 66.1 3
      vertex 63.2036 44.1001 3
      vertex 63.3899 44.012 3
    endloop
  endfacet
  facet normal 0 0 1
    outer loop
      vertex 72.1 66.1 3
      vertex 63.0096 44.1696 3
      vertex 63.2036 44.1001 3
    endloop
  endfacet
  facet normal 0 0 1
    outer loop
      vertex 72.1 66.1 3
      vertex 62.8097 44.2197 3
      vertex 63.0096 44.1696 3
    endloop
  endfacet
  facet normal 0 0 1
    outer loop
      vertex 72.1 66.1 3
      vertex 62.6058 44.2499 3
      vertex 62.8097 44.2197 3
    endloop
  endfacet
  facet normal 0 0 1
    outer loop
      vertex 72.1 66.1 3
      vertex 62.4 44.26 3
      vertex 62.6058 44.2499 3
    endloop
  endfacet
  facet normal 0 0 1
    outer loop
      vertex 72.1 66.1 3
      vertex 62.1942 44.2499 3
      vertex 62.4 44.26 3
    endloop
  endfacet
  facet normal 0 0 1
    outer loop
      vertex 72.1 66.1 3
      vertex 61.9903 44.2197 3
      vertex 62.1942 44.2499 3
    endloop
  endfacet
  facet normal 0 0 1
    outer loop
      vertex 72.1 66.1 3
      vertex 61.7904 44.1696 3
      vertex 61.9903 44.2197 3
    endloop
  endfacet
  facet normal 0 0 1
    outer loop
      vertex 72.1 66.1 3
      vertex 61.5964 44.1001 3
      vertex 61.7904 44.1696 3
    endloop
  endfacet
  facet normal 0 0 1
    outer loop
      vertex 72.1 66.1 3
      vertex 61.4101 44.012 3
      vertex 61.5964 44.1001 3
    endloop
  endfacet
  facet normal 0 0 1
    outer loop
      vertex 72.1 66.1 3
      vertex 61.2333 43.9061 3
      vertex 61.4101 44.012 3
    endloop
  endfacet
  facet normal 0 0 1
    outer loop
      vertex 72.1 66.1 3
      vertex 61.0678 43.7833 3
      vertex 61.2333 43.9061 3
    endloop
  endfacet
  facet normal 0 0 1
    outer loop
      vertex 72.1 66.1 3
      vertex 60.9151 43.6449 3
      vertex 61.0678 43.7833 3
    endloop
  endfacet
  facet normal -0 0 1
    outer loop
      vertex -10.8 66.1 3
      vertex 60.9151 43.6449 3
      vertex 72.1 66.1 3
    endloop
  endfacet
  facet normal 0 0 1
    outer loop
      vertex 60.9151 43.6449 3
      vertex -10.8 66.1 3
      vertex 60.7767 43.4922 3
    endloop
  endfacet
  facet normal 0 0 1
    outer loop
      vertex 60.7767 43.4922 3
      vertex -10.8 66.1 3
      vertex 60.6539 43.3267 3
    endloop
  endfacet
  facet normal 0 0 1
    outer loop
      vertex 60.3101 42.3658 3
      vertex -10.8 66.1 3
      vertex 60.3 42.16 3
    endloop
  endfacet
  facet normal 0 0 1
    outer loop
      vertex 60.3404 42.5697 3
      vertex -10.8 66.1 3
      vertex 60.3101 42.3658 3
    endloop
  endfacet
  facet normal 0 0 1
    outer loop
      vertex 60.3904 42.7696 3
      vertex -10.8 66.1 3
      vertex 60.3404 42.5697 3
    endloop
  endfacet
  facet normal 0 0 1
    outer loop
      vertex 60.4599 42.9636 3
      vertex -10.8 66.1 3
      vertex 60.3904 42.7696 3
    endloop
  endfacet
  facet normal 0 0 1
    outer loop
      vertex 60.548 43.1499 3
      vertex -10.8 66.1 3
      vertex 60.4599 42.9636 3
    endloop
  endfacet
  facet normal 0 0 1
    outer loop
      vertex 60.6539 43.3267 3
      vertex -10.8 66.1 3
      vertex 60.548 43.1499 3
    endloop
  endfacet
  facet normal 0 0 1
    outer loop
      vertex 72.1 66.1 3
      vertex 64.4899 41.9542 3
      vertex 72.1 11.2 3
    endloop
  endfacet
  facet normal -0 0 1
    outer loop
      vertex 64.4596 41.7503 3
      vertex 72.1 11.2 3
      vertex 64.4899 41.9542 3
    endloop
  endfacet
  facet normal -0 0 1
    outer loop
      vertex 64.4096 41.5504 3
      vertex 72.1 11.2 3
      vertex 64.4596 41.7503 3
    endloop
  endfacet
  facet normal -0 0 1
    outer loop
      vertex 64.3401 41.3564 3
      vertex 72.1 11.2 3
      vertex 64.4096 41.5504 3
    endloop
  endfacet
  facet normal -0 0 1
    outer loop
      vertex 64.252 41.1701 3
      vertex 72.1 11.2 3
      vertex 64.3401 41.3564 3
    endloop
  endfacet
  facet normal -0 0 1
    outer loop
      vertex 64.1461 40.9933 3
      vertex 72.1 11.2 3
      vertex 64.252 41.1701 3
    endloop
  endfacet
  facet normal -0 0 1
    outer loop
      vertex 64.0233 40.8278 3
      vertex 72.1 11.2 3
      vertex 64.1461 40.9933 3
    endloop
  endfacet
  facet normal -0 0 1
    outer loop
      vertex 63.8849 40.6751 3
      vertex 72.1 11.2 3
      vertex 64.0233 40.8278 3
    endloop
  endfacet
  facet normal -0 0 1
    outer loop
      vertex 63.7322 40.5367 3
      vertex 72.1 11.2 3
      vertex 63.8849 40.6751 3
    endloop
  endfacet
  facet normal -0 0 1
    outer loop
      vertex 63.5667 40.4139 3
      vertex 72.1 11.2 3
      vertex 63.7322 40.5367 3
    endloop
  endfacet
  facet normal -0 0 1
    outer loop
      vertex 63.3899 40.308 3
      vertex 72.1 11.2 3
      vertex 63.5667 40.4139 3
    endloop
  endfacet
  facet normal -0 0 1
    outer loop
      vertex 63.2036 40.2199 3
      vertex 72.1 11.2 3
      vertex 63.3899 40.308 3
    endloop
  endfacet
  facet normal -0 0 1
    outer loop
      vertex 63.0096 40.1504 3
      vertex 72.1 11.2 3
      vertex 63.2036 40.2199 3
    endloop
  endfacet
  facet normal -0 0 1
    outer loop
      vertex 62.8097 40.1003 3
      vertex 72.1 11.2 3
      vertex 63.0096 40.1504 3
    endloop
  endfacet
  facet normal -0 0 1
    outer loop
      vertex 62.6058 40.0701 3
      vertex 72.1 11.2 3
      vertex 62.8097 40.1003 3
    endloop
  endfacet
  facet normal -0 0 1
    outer loop
      vertex 62.4 40.06 3
      vertex 72.1 11.2 3
      vertex 62.6058 40.0701 3
    endloop
  endfacet
  facet normal 0 0 1
    outer loop
      vertex 62.1942 40.0701 3
      vertex 72.1 11.2 3
      vertex 62.4 40.06 3
    endloop
  endfacet
  facet normal 0 0 1
    outer loop
      vertex 61.9903 40.1003 3
      vertex 72.1 11.2 3
      vertex 62.1942 40.0701 3
    endloop
  endfacet
  facet normal 0 0 1
    outer loop
      vertex 61.7904 40.1504 3
      vertex 72.1 11.2 3
      vertex 61.9903 40.1003 3
    endloop
  endfacet
  facet normal 0 0 1
    outer loop
      vertex 61.5964 40.2199 3
      vertex 72.1 11.2 3
      vertex 61.7904 40.1504 3
    endloop
  endfacet
  facet normal 0 0 1
    outer loop
      vertex 61.4101 40.308 3
      vertex 72.1 11.2 3
      vertex 61.5964 40.2199 3
    endloop
  endfacet
  facet normal 0 0 1
    outer loop
      vertex 61.2333 40.4139 3
      vertex 72.1 11.2 3
      vertex 61.4101 40.308 3
    endloop
  endfacet
  facet normal 0 0 1
    outer loop
      vertex 61.0678 40.5367 3
      vertex 72.1 11.2 3
      vertex 61.2333 40.4139 3
    endloop
  endfacet
  facet normal 0 0 1
    outer loop
      vertex 60.9151 40.6751 3
      vertex 72.1 11.2 3
      vertex 61.0678 40.5367 3
    endloop
  endfacet
  facet normal 0 0 1
    outer loop
      vertex -10.8 11.2 3
      vertex 60.9151 40.6751 3
      vertex 60.7767 40.8278 3
    endloop
  endfacet
  facet normal 0 0 1
    outer loop
      vertex -10.8 11.2 3
      vertex 60.7767 40.8278 3
      vertex 60.6539 40.9933 3
    endloop
  endfacet
  facet normal 0 0 1
    outer loop
      vertex -10.8 11.2 3
      vertex 60.6539 40.9933 3
      vertex 60.548 41.1701 3
    endloop
  endfacet
  facet normal 0 0 1
    outer loop
      vertex -10.8 11.2 3
      vertex 60.548 41.1701 3
      vertex 60.4599 41.3564 3
    endloop
  endfacet
  facet normal 0 0 1
    outer loop
      vertex -10.8 66.1 3
      vertex 60.3101 41.9542 3
      vertex 60.3 42.16 3
    endloop
  endfacet
  facet normal 0 0 1
    outer loop
      vertex -10.8 11.2 3
      vertex 60.3101 41.9542 3
      vertex -10.8 66.1 3
    endloop
  endfacet
  facet normal 0 0 1
    outer loop
      vertex 60.3101 41.9542 3
      vertex -10.8 11.2 3
      vertex 60.3404 41.7503 3
    endloop
  endfacet
  facet normal 0 0 1
    outer loop
      vertex 60.3404 41.7503 3
      vertex -10.8 11.2 3
      vertex 60.3904 41.5504 3
    endloop
  endfacet
  facet normal 0 0 1
    outer loop
      vertex 60.3904 41.5504 3
      vertex -10.8 11.2 3
      vertex 60.4599 41.3564 3
    endloop
  endfacet
  facet normal 0 0 1
    outer loop
      vertex 60.9151 40.6751 3
      vertex -10.8 11.2 3
      vertex 72.1 11.2 3
    endloop
  endfacet
  facet normal 0.998795 -0.0490749 0
    outer loop
      vertex -82.6 65 37
      vertex -82.5634 65.7449 3
      vertex -82.5634 65.7449 37
    endloop
  endfacet
  facet normal 0.998795 -0.0490749 0
    outer loop
      vertex -82.5634 65.7449 3
      vertex -82.6 65 37
      vertex -82.6 65 3
    endloop
  endfacet
  facet normal 1 -0 0
    outer loop
      vertex -82.6 34.4135 14.8779
      vertex -82.6 65 3
      vertex -82.6 65 37
    endloop
  endfacet
  facet normal 1 0 0
    outer loop
      vertex -82.6 65 3
      vertex -82.6 34.4783 14.4411
      vertex -82.6 34.5 14
    endloop
  endfacet
  facet normal 1 0 0
    outer loop
      vertex -82.6 65 3
      vertex -82.6 34.4135 14.8779
      vertex -82.6 34.4783 14.4411
    endloop
  endfacet
  facet normal 1 0 0
    outer loop
      vertex -82.6 65 37
      vertex -82.6 34.3062 15.3063
      vertex -82.6 34.4135 14.8779
    endloop
  endfacet
  facet normal 1 0 0
    outer loop
      vertex -82.6 65 37
      vertex -82.6 34.1575 15.7221
      vertex -82.6 34.3062 15.3063
    endloop
  endfacet
  facet normal 1 0 0
    outer loop
      vertex -82.6 65 37
      vertex -82.6 33.9686 16.1213
      vertex -82.6 34.1575 15.7221
    endloop
  endfacet
  facet normal 1 0 0
    outer loop
      vertex -82.6 65 37
      vertex -82.6 33.7416 16.5001
      vertex -82.6 33.9686 16.1213
    endloop
  endfacet
  facet normal 1 0 0
    outer loop
      vertex -82.6 65 37
      vertex -82.6 33.4785 16.8548
      vertex -82.6 33.7416 16.5001
    endloop
  endfacet
  facet normal 1 0 0
    outer loop
      vertex -82.6 65 37
      vertex -82.6 33.182 17.182
      vertex -82.6 33.4785 16.8548
    endloop
  endfacet
  facet normal 1 0 0
    outer loop
      vertex -82.6 65 37
      vertex -82.6 32.8548 17.4785
      vertex -82.6 33.182 17.182
    endloop
  endfacet
  facet normal 1 0 0
    outer loop
      vertex -82.6 65 37
      vertex -82.6 32.5001 17.7416
      vertex -82.6 32.8548 17.4785
    endloop
  endfacet
  facet normal 1 0 0
    outer loop
      vertex -82.6 65 37
      vertex -82.6 32.1213 17.9686
      vertex -82.6 32.5001 17.7416
    endloop
  endfacet
  facet normal 1 0 0
    outer loop
      vertex -82.6 65 37
      vertex -82.6 31.7221 18.1575
      vertex -82.6 32.1213 17.9686
    endloop
  endfacet
  facet normal 1 0 0
    outer loop
      vertex -82.6 65 37
      vertex -82.6 31.3063 18.3062
      vertex -82.6 31.7221 18.1575
    endloop
  endfacet
  facet normal 1 0 0
    outer loop
      vertex -82.6 65 37
      vertex -82.6 30.8779 18.4135
      vertex -82.6 31.3063 18.3062
    endloop
  endfacet
  facet normal 1 0 0
    outer loop
      vertex -82.6 65 37
      vertex -82.6 30.4411 18.4783
      vertex -82.6 30.8779 18.4135
    endloop
  endfacet
  facet normal 1 0 0
    outer loop
      vertex -82.6 65 37
      vertex -82.6 30 18.5
      vertex -82.6 30.4411 18.4783
    endloop
  endfacet
  facet normal 1 0 0
    outer loop
      vertex -82.6 65 37
      vertex -82.6 29.5589 18.4783
      vertex -82.6 30 18.5
    endloop
  endfacet
  facet normal 1 0 0
    outer loop
      vertex -82.6 65 37
      vertex -82.6 29.1221 18.4135
      vertex -82.6 29.5589 18.4783
    endloop
  endfacet
  facet normal 1 0 0
    outer loop
      vertex -82.6 65 37
      vertex -82.6 28.6937 18.3062
      vertex -82.6 29.1221 18.4135
    endloop
  endfacet
  facet normal 1 -0 0
    outer loop
      vertex -82.6 -40.85 31
      vertex -82.6 28.6937 18.3062
      vertex -82.6 65 37
    endloop
  endfacet
  facet normal 1 0 0
    outer loop
      vertex -82.6 28.6937 18.3062
      vertex -82.6 -40.85 31
      vertex -82.6 28.2779 18.1575
    endloop
  endfacet
  facet normal 1 0 0
    outer loop
      vertex -82.6 25.5865 14.8779
      vertex -82.6 -40.85 21
      vertex -82.6 25.5217 14.4411
    endloop
  endfacet
  facet normal 1 0 0
    outer loop
      vertex -82.6 25.6938 15.3063
      vertex -82.6 -40.85 21
      vertex -82.6 25.5865 14.8779
    endloop
  endfacet
  facet normal 1 -0 0
    outer loop
      vertex -82.6 -40.85 21
      vertex -82.6 25.6938 15.3063
      vertex -82.6 -40.85 31
    endloop
  endfacet
  facet normal 1 0 0
    outer loop
      vertex -82.6 25.8425 15.7221
      vertex -82.6 -40.85 31
      vertex -82.6 25.6938 15.3063
    endloop
  endfacet
  facet normal 1 0 0
    outer loop
      vertex -82.6 26.0314 16.1213
      vertex -82.6 -40.85 31
      vertex -82.6 25.8425 15.7221
    endloop
  endfacet
  facet normal 1 0 0
    outer loop
      vertex -82.6 26.2584 16.5001
      vertex -82.6 -40.85 31
      vertex -82.6 26.0314 16.1213
    endloop
  endfacet
  facet normal 1 0 0
    outer loop
      vertex -82.6 26.5215 16.8548
      vertex -82.6 -40.85 31
      vertex -82.6 26.2584 16.5001
    endloop
  endfacet
  facet normal 1 0 0
    outer loop
      vertex -82.6 26.818 17.182
      vertex -82.6 -40.85 31
      vertex -82.6 26.5215 16.8548
    endloop
  endfacet
  facet normal 1 0 0
    outer loop
      vertex -82.6 27.1452 17.4785
      vertex -82.6 -40.85 31
      vertex -82.6 26.818 17.182
    endloop
  endfacet
  facet normal 1 0 0
    outer loop
      vertex -82.6 27.4999 17.7416
      vertex -82.6 -40.85 31
      vertex -82.6 27.1452 17.4785
    endloop
  endfacet
  facet normal 1 0 0
    outer loop
      vertex -82.6 27.8787 17.9686
      vertex -82.6 -40.85 31
      vertex -82.6 27.4999 17.7416
    endloop
  endfacet
  facet normal 1 0 0
    outer loop
      vertex -82.6 28.2779 18.1575
      vertex -82.6 -40.85 31
      vertex -82.6 27.8787 17.9686
    endloop
  endfacet
  facet normal 1 -0 0
    outer loop
      vertex -82.6 -65 37
      vertex -82.6 -40.85 31
      vertex -82.6 65 37
    endloop
  endfacet
  facet normal 1 0 0
    outer loop
      vertex -82.6 -52.85 31
      vertex -82.6 -65 37
      vertex -82.6 -52.85 21
    endloop
  endfacet
  facet normal 1 0 0
    outer loop
      vertex -82.6 -40.85 31
      vertex -82.6 -65 37
      vertex -82.6 -52.85 31
    endloop
  endfacet
  facet normal 1 -0 0
    outer loop
      vertex -82.6 34.4783 13.5589
      vertex -82.6 65 3
      vertex -82.6 34.5 14
    endloop
  endfacet
  facet normal 1 -0 0
    outer loop
      vertex -82.6 34.4135 13.1221
      vertex -82.6 65 3
      vertex -82.6 34.4783 13.5589
    endloop
  endfacet
  facet normal 1 -0 0
    outer loop
      vertex -82.6 34.3062 12.6937
      vertex -82.6 65 3
      vertex -82.6 34.4135 13.1221
    endloop
  endfacet
  facet normal 1 -0 0
    outer loop
      vertex -82.6 34.1575 12.2779
      vertex -82.6 65 3
      vertex -82.6 34.3062 12.6937
    endloop
  endfacet
  facet normal 1 -0 0
    outer loop
      vertex -82.6 33.9686 11.8787
      vertex -82.6 65 3
      vertex -82.6 34.1575 12.2779
    endloop
  endfacet
  facet normal 1 -0 0
    outer loop
      vertex -82.6 33.7416 11.4999
      vertex -82.6 65 3
      vertex -82.6 33.9686 11.8787
    endloop
  endfacet
  facet normal 1 -0 0
    outer loop
      vertex -82.6 33.4785 11.1452
      vertex -82.6 65 3
      vertex -82.6 33.7416 11.4999
    endloop
  endfacet
  facet normal 1 -0 0
    outer loop
      vertex -82.6 33.182 10.818
      vertex -82.6 65 3
      vertex -82.6 33.4785 11.1452
    endloop
  endfacet
  facet normal 1 -0 0
    outer loop
      vertex -82.6 32.8548 10.5215
      vertex -82.6 65 3
      vertex -82.6 33.182 10.818
    endloop
  endfacet
  facet normal 1 -0 0
    outer loop
      vertex -82.6 32.5001 10.2584
      vertex -82.6 65 3
      vertex -82.6 32.8548 10.5215
    endloop
  endfacet
  facet normal 1 -0 0
    outer loop
      vertex -82.6 32.1213 10.0314
      vertex -82.6 65 3
      vertex -82.6 32.5001 10.2584
    endloop
  endfacet
  facet normal 1 -0 0
    outer loop
      vertex -82.6 31.7221 9.84254
      vertex -82.6 65 3
      vertex -82.6 32.1213 10.0314
    endloop
  endfacet
  facet normal 1 -0 0
    outer loop
      vertex -82.6 31.3063 9.69377
      vertex -82.6 65 3
      vertex -82.6 31.7221 9.84254
    endloop
  endfacet
  facet normal 1 -0 0
    outer loop
      vertex -82.6 30.8779 9.58647
      vertex -82.6 65 3
      vertex -82.6 31.3063 9.69377
    endloop
  endfacet
  facet normal 1 -0 0
    outer loop
      vertex -82.6 30.4411 9.52167
      vertex -82.6 65 3
      vertex -82.6 30.8779 9.58647
    endloop
  endfacet
  facet normal 1 -0 0
    outer loop
      vertex -82.6 30 9.5
      vertex -82.6 65 3
      vertex -82.6 30.4411 9.52167
    endloop
  endfacet
  facet normal 1 0 0
    outer loop
      vertex -82.6 29.5589 9.52167
      vertex -82.6 65 3
      vertex -82.6 30 9.5
    endloop
  endfacet
  facet normal 1 0 0
    outer loop
      vertex -82.6 -65 3
      vertex -82.6 29.5589 9.52167
      vertex -82.6 29.1221 9.58647
    endloop
  endfacet
  facet normal 1 0 0
    outer loop
      vertex -82.6 25.5217 14.4411
      vertex -82.6 -40.85 21
      vertex -82.6 25.5 14
    endloop
  endfacet
  facet normal 1 0 0
    outer loop
      vertex -82.6 25.5 14
      vertex -82.6 -40.85 21
      vertex -82.6 25.5217 13.5589
    endloop
  endfacet
  facet normal 1 0 0
    outer loop
      vertex -82.6 25.5217 13.5589
      vertex -82.6 -40.85 21
      vertex -82.6 25.5865 13.1221
    endloop
  endfacet
  facet normal 1 0 0
    outer loop
      vertex -82.6 25.5865 13.1221
      vertex -82.6 -40.85 21
      vertex -82.6 25.6938 12.6937
    endloop
  endfacet
  facet normal 1 0 0
    outer loop
      vertex -82.6 25.6938 12.6937
      vertex -82.6 -40.85 21
      vertex -82.6 25.8425 12.2779
    endloop
  endfacet
  facet normal 1 0 0
    outer loop
      vertex -82.6 25.8425 12.2779
      vertex -82.6 -40.85 21
      vertex -82.6 26.0314 11.8787
    endloop
  endfacet
  facet normal 1 0 0
    outer loop
      vertex -82.6 26.0314 11.8787
      vertex -82.6 -40.85 21
      vertex -82.6 26.2584 11.4999
    endloop
  endfacet
  facet normal 1 0 0
    outer loop
      vertex -82.6 26.2584 11.4999
      vertex -82.6 -40.85 21
      vertex -82.6 26.5215 11.1452
    endloop
  endfacet
  facet normal 1 0 0
    outer loop
      vertex -82.6 26.5215 11.1452
      vertex -82.6 -40.85 21
      vertex -82.6 26.818 10.818
    endloop
  endfacet
  facet normal 1 0 0
    outer loop
      vertex -82.6 26.818 10.818
      vertex -82.6 -40.85 21
      vertex -82.6 27.1452 10.5215
    endloop
  endfacet
  facet normal 1 0 0
    outer loop
      vertex -82.6 -65 3
      vertex -82.6 27.1452 10.5215
      vertex -82.6 -40.85 21
    endloop
  endfacet
  facet normal 1 0 0
    outer loop
      vertex -82.6 27.1452 10.5215
      vertex -82.6 -65 3
      vertex -82.6 27.4999 10.2584
    endloop
  endfacet
  facet normal 1 0 0
    outer loop
      vertex -82.6 27.4999 10.2584
      vertex -82.6 -65 3
      vertex -82.6 27.8787 10.0314
    endloop
  endfacet
  facet normal 1 0 0
    outer loop
      vertex -82.6 27.8787 10.0314
      vertex -82.6 -65 3
      vertex -82.6 28.2779 9.84254
    endloop
  endfacet
  facet normal 1 0 0
    outer loop
      vertex -82.6 28.2779 9.84254
      vertex -82.6 -65 3
      vertex -82.6 28.6937 9.69377
    endloop
  endfacet
  facet normal 1 0 0
    outer loop
      vertex -82.6 28.6937 9.69377
      vertex -82.6 -65 3
      vertex -82.6 29.1221 9.58647
    endloop
  endfacet
  facet normal 1 0 0
    outer loop
      vertex -82.6 -65 3
      vertex -82.6 -40.85 21
      vertex -82.6 -52.85 21
    endloop
  endfacet
  facet normal 1 0 0
    outer loop
      vertex -82.6 29.5589 9.52167
      vertex -82.6 -65 3
      vertex -82.6 65 3
    endloop
  endfacet
  facet normal 1 0 0
    outer loop
      vertex -82.6 -65 3
      vertex -82.6 -52.85 21
      vertex -82.6 -65 37
    endloop
  endfacet
  facet normal 0.989185 0.146675 0
    outer loop
      vertex -82.454 -66.4827 37
      vertex -82.5634 -65.7449 3
      vertex -82.5634 -65.7449 37
    endloop
  endfacet
  facet normal 0.989185 0.146675 0
    outer loop
      vertex -82.5634 -65.7449 3
      vertex -82.454 -66.4827 37
      vertex -82.454 -66.4827 3
    endloop
  endfacet
  facet normal -1 0 0
    outer loop
      vertex 82.6 -65 3
      vertex 82.6 65 37
      vertex 82.6 65 3
    endloop
  endfacet
  facet normal -1 -0 0
    outer loop
      vertex 82.6 65 37
      vertex 82.6 -65 3
      vertex 82.6 -65 37
    endloop
  endfacet
  facet normal 0 -1 0
    outer loop
      vertex -75 72.6 3
      vertex 75 72.6 37
      vertex -75 72.6 37
    endloop
  endfacet
  facet normal 0 -1 -0
    outer loop
      vertex 75 72.6 37
      vertex -75 72.6 3
      vertex 75 72.6 3
    endloop
  endfacet
  facet normal -0.146675 0.989185 0
    outer loop
      vertex 76.4827 -72.454 3
      vertex 75.7449 -72.5634 37
      vertex 76.4827 -72.454 37
    endloop
  endfacet
  facet normal -0.146675 0.989185 0
    outer loop
      vertex 75.7449 -72.5634 37
      vertex 76.4827 -72.454 3
      vertex 75.7449 -72.5634 3
    endloop
  endfacet
  facet normal -0.998795 -0.0490749 0
    outer loop
      vertex 82.6 65 3
      vertex 82.5634 65.7449 37
      vertex 82.5634 65.7449 3
    endloop
  endfacet
  facet normal -0.998795 -0.0490749 0
    outer loop
      vertex 82.5634 65.7449 37
      vertex 82.6 65 3
      vertex 82.6 65 37
    endloop
  endfacet
  facet normal 0.998795 0.0490749 0
    outer loop
      vertex -82.5634 -65.7449 37
      vertex -82.6 -65 3
      vertex -82.6 -65 37
    endloop
  endfacet
  facet normal 0.998795 0.0490749 0
    outer loop
      vertex -82.6 -65 3
      vertex -82.5634 -65.7449 37
      vertex -82.5634 -65.7449 3
    endloop
  endfacet
  facet normal 0.970028 -0.242992 0
    outer loop
      vertex -82.454 66.4827 37
      vertex -82.3537 66.8831 3
      vertex -82.3537 66.8831 37
    endloop
  endfacet
  facet normal 0.970028 -0.242992 0
    outer loop
      vertex -82.3537 66.8831 3
      vertex -82.454 66.4827 37
      vertex -82.454 66.4827 3
    endloop
  endfacet
  facet normal 0.0490749 -0.998795 0
    outer loop
      vertex -75.7449 72.5634 3
      vertex -75 72.6 37
      vertex -75.7449 72.5634 37
    endloop
  endfacet
  facet normal 0.0490749 -0.998795 0
    outer loop
      vertex -75 72.6 37
      vertex -75.7449 72.5634 3
      vertex -75 72.6 3
    endloop
  endfacet
  facet normal -0.998795 0.0490749 0
    outer loop
      vertex 82.5634 -65.7449 3
      vertex 82.6 -65 37
      vertex 82.6 -65 3
    endloop
  endfacet
  facet normal -0.998795 0.0490749 0
    outer loop
      vertex 82.6 -65 37
      vertex 82.5634 -65.7449 3
      vertex 82.5634 -65.7449 37
    endloop
  endfacet
  facet normal -0.0490749 0.998795 0
    outer loop
      vertex 75.7449 -72.5634 3
      vertex 75 -72.6 37
      vertex 75.7449 -72.5634 37
    endloop
  endfacet
  facet normal -0.0490749 0.998795 0
    outer loop
      vertex 75 -72.6 37
      vertex 75.7449 -72.5634 3
      vertex 75 -72.6 3
    endloop
  endfacet
  facet normal 0.146675 -0.989185 0
    outer loop
      vertex -76.4827 72.454 3
      vertex -75.7449 72.5634 37
      vertex -76.4827 72.454 37
    endloop
  endfacet
  facet normal 0.146675 -0.989185 0
    outer loop
      vertex -75.7449 72.5634 37
      vertex -76.4827 72.454 3
      vertex -75.7449 72.5634 3
    endloop
  endfacet
  facet normal 0.242992 -0.970028 0
    outer loop
      vertex -76.8831 72.3537 3
      vertex -76.4827 72.454 37
      vertex -76.8831 72.3537 37
    endloop
  endfacet
  facet normal 0.242992 -0.970028 0
    outer loop
      vertex -76.4827 72.454 37
      vertex -76.8831 72.3537 3
      vertex -76.4827 72.454 3
    endloop
  endfacet
  facet normal -0.242992 -0.970028 0
    outer loop
      vertex 76.4827 72.454 3
      vertex 76.8831 72.3537 37
      vertex 76.4827 72.454 37
    endloop
  endfacet
  facet normal -0.242992 -0.970028 -0
    outer loop
      vertex 76.8831 72.3537 37
      vertex 76.4827 72.454 3
      vertex 76.8831 72.3537 3
    endloop
  endfacet
  facet normal -0.0490749 -0.998795 0
    outer loop
      vertex 75 72.6 3
      vertex 75.7449 72.5634 37
      vertex 75 72.6 37
    endloop
  endfacet
  facet normal -0.0490749 -0.998795 -0
    outer loop
      vertex 75.7449 72.5634 37
      vertex 75 72.6 3
      vertex 75.7449 72.5634 3
    endloop
  endfacet
  facet normal 0.146675 0.989185 -0
    outer loop
      vertex -75.7449 -72.5634 3
      vertex -76.4827 -72.454 37
      vertex -75.7449 -72.5634 37
    endloop
  endfacet
  facet normal 0.146675 0.989185 0
    outer loop
      vertex -76.4827 -72.454 37
      vertex -75.7449 -72.5634 3
      vertex -76.4827 -72.454 3
    endloop
  endfacet
  facet normal 0.970028 0.242992 0
    outer loop
      vertex -82.3537 -66.8831 37
      vertex -82.454 -66.4827 3
      vertex -82.454 -66.4827 37
    endloop
  endfacet
  facet normal 0.970028 0.242992 0
    outer loop
      vertex -82.454 -66.4827 3
      vertex -82.3537 -66.8831 37
      vertex -82.3537 -66.8831 3
    endloop
  endfacet
  facet normal -0.970028 0.242992 0
    outer loop
      vertex 82.3537 -66.8831 3
      vertex 82.454 -66.4827 37
      vertex 82.454 -66.4827 3
    endloop
  endfacet
  facet normal -0.970028 0.242992 0
    outer loop
      vertex 82.454 -66.4827 37
      vertex 82.3537 -66.8831 3
      vertex 82.3537 -66.8831 37
    endloop
  endfacet
  facet normal -0.989185 0.146675 0
    outer loop
      vertex 82.454 -66.4827 3
      vertex 82.5634 -65.7449 37
      vertex 82.5634 -65.7449 3
    endloop
  endfacet
  facet normal -0.989185 0.146675 0
    outer loop
      vertex 82.5634 -65.7449 37
      vertex 82.454 -66.4827 3
      vertex 82.454 -66.4827 37
    endloop
  endfacet
  facet normal -0.989185 -0.146675 0
    outer loop
      vertex 82.5634 65.7449 3
      vertex 82.454 66.4827 37
      vertex 82.454 66.4827 3
    endloop
  endfacet
  facet normal -0.989185 -0.146675 0
    outer loop
      vertex 82.454 66.4827 37
      vertex 82.5634 65.7449 3
      vertex 82.5634 65.7449 37
    endloop
  endfacet
  facet normal 0.0490749 0.998795 -0
    outer loop
      vertex -75 -72.6 3
      vertex -75.7449 -72.5634 37
      vertex -75 -72.6 37
    endloop
  endfacet
  facet normal 0.0490749 0.998795 0
    outer loop
      vertex -75.7449 -72.5634 37
      vertex -75 -72.6 3
      vertex -75.7449 -72.5634 3
    endloop
  endfacet
  facet normal 0.242992 0.970028 -0
    outer loop
      vertex -76.4827 -72.454 3
      vertex -76.8831 -72.3537 37
      vertex -76.4827 -72.454 37
    endloop
  endfacet
  facet normal 0.242992 0.970028 0
    outer loop
      vertex -76.8831 -72.3537 37
      vertex -76.4827 -72.454 3
      vertex -76.8831 -72.3537 3
    endloop
  endfacet
  facet normal 0.989185 -0.146675 0
    outer loop
      vertex -82.5634 65.7449 37
      vertex -82.454 66.4827 3
      vertex -82.454 66.4827 37
    endloop
  endfacet
  facet normal 0.989185 -0.146675 0
    outer loop
      vertex -82.454 66.4827 3
      vertex -82.5634 65.7449 37
      vertex -82.5634 65.7449 3
    endloop
  endfacet
  facet normal 0.989174 0.146746 0
    outer loop
      vertex -73.5217 -67.5589 37
      vertex -73.5865 -67.1221 3
      vertex -73.5865 -67.1221 37
    endloop
  endfacet
  facet normal 0.989174 0.146746 0
    outer loop
      vertex -73.5865 -67.1221 3
      vertex -73.5217 -67.5589 37
      vertex -73.5217 -67.5589 3
    endloop
  endfacet
  facet normal 0.998792 0.0491358 0
    outer loop
      vertex -73.5 -68 37
      vertex -73.5217 -67.5589 3
      vertex -73.5217 -67.5589 37
    endloop
  endfacet
  facet normal 0.998792 0.0491358 0
    outer loop
      vertex -73.5217 -67.5589 3
      vertex -73.5 -68 37
      vertex -73.5 -68 3
    endloop
  endfacet
  facet normal 0.970036 0.242962 0
    outer loop
      vertex -73.5865 -67.1221 37
      vertex -73.6938 -66.6937 3
      vertex -73.6938 -66.6937 37
    endloop
  endfacet
  facet normal 0.970036 0.242962 0
    outer loop
      vertex -73.6938 -66.6937 3
      vertex -73.5865 -67.1221 37
      vertex -73.5865 -67.1221 3
    endloop
  endfacet
  facet normal 0.242962 0.970036 -0
    outer loop
      vertex -76.6937 -63.6938 3
      vertex -77.1221 -63.5865 37
      vertex -76.6937 -63.6938 37
    endloop
  endfacet
  facet normal 0.242962 0.970036 0
    outer loop
      vertex -77.1221 -63.5865 37
      vertex -76.6937 -63.6938 3
      vertex -77.1221 -63.5865 3
    endloop
  endfacet
  facet normal 0.941598 -0.336738 0
    outer loop
      vertex -73.8425 -69.7221 37
      vertex -73.6938 -69.3063 3
      vertex -73.6938 -69.3063 37
    endloop
  endfacet
  facet normal 0.941598 -0.336738 0
    outer loop
      vertex -73.6938 -69.3063 3
      vertex -73.8425 -69.7221 37
      vertex -73.8425 -69.7221 3
    endloop
  endfacet
  facet normal 0.146746 0.989174 -0
    outer loop
      vertex -77.1221 -63.5865 3
      vertex -77.5589 -63.5217 37
      vertex -77.1221 -63.5865 37
    endloop
  endfacet
  facet normal 0.146746 0.989174 0
    outer loop
      vertex -77.5589 -63.5217 37
      vertex -77.1221 -63.5865 3
      vertex -77.5589 -63.5217 3
    endloop
  endfacet
  facet normal 0.427726 -0.903908 0
    outer loop
      vertex -76.2779 -72.1575 3
      vertex -75.8787 -71.9686 37
      vertex -76.2779 -72.1575 37
    endloop
  endfacet
  facet normal 0.427726 -0.903908 0
    outer loop
      vertex -75.8787 -71.9686 37
      vertex -76.2779 -72.1575 3
      vertex -75.8787 -71.9686 3
    endloop
  endfacet
  facet normal -0.336738 0.941598 0
    outer loop
      vertex -79.3063 -63.6938 3
      vertex -79.7221 -63.8425 37
      vertex -79.3063 -63.6938 37
    endloop
  endfacet
  facet normal -0.336738 0.941598 0
    outer loop
      vertex -79.7221 -63.8425 37
      vertex -79.3063 -63.6938 3
      vertex -79.7221 -63.8425 3
    endloop
  endfacet
  facet normal -0.595753 0.803168 0
    outer loop
      vertex -80.5001 -64.2584 3
      vertex -80.8548 -64.5215 37
      vertex -80.5001 -64.2584 37
    endloop
  endfacet
  facet normal -0.595753 0.803168 0
    outer loop
      vertex -80.8548 -64.5215 37
      vertex -80.5001 -64.2584 3
      vertex -80.8548 -64.5215 3
    endloop
  endfacet
  facet normal 0.941598 0.336738 0
    outer loop
      vertex -73.6938 -66.6937 37
      vertex -73.8425 -66.2779 3
      vertex -73.8425 -66.2779 37
    endloop
  endfacet
  facet normal 0.941598 0.336738 0
    outer loop
      vertex -73.8425 -66.2779 3
      vertex -73.6938 -66.6937 37
      vertex -73.6938 -66.6937 3
    endloop
  endfacet
  facet normal 0.0491358 0.998792 -0
    outer loop
      vertex -77.5589 -63.5217 3
      vertex -78 -63.5 37
      vertex -77.5589 -63.5217 37
    endloop
  endfacet
  facet normal 0.0491358 0.998792 0
    outer loop
      vertex -78 -63.5 37
      vertex -77.5589 -63.5217 3
      vertex -78 -63.5 3
    endloop
  endfacet
  facet normal 0.514029 -0.857773 0
    outer loop
      vertex -75.8787 -71.9686 3
      vertex -75.4999 -71.7416 37
      vertex -75.8787 -71.9686 37
    endloop
  endfacet
  facet normal 0.514029 -0.857773 0
    outer loop
      vertex -75.4999 -71.7416 37
      vertex -75.8787 -71.9686 3
      vertex -75.4999 -71.7416 3
    endloop
  endfacet
  facet normal -0.146746 0.989174 0
    outer loop
      vertex -78.4411 -63.5217 3
      vertex -78.8779 -63.5865 37
      vertex -78.4411 -63.5217 37
    endloop
  endfacet
  facet normal -0.146746 0.989174 0
    outer loop
      vertex -78.8779 -63.5865 37
      vertex -78.4411 -63.5217 3
      vertex -78.8779 -63.5865 3
    endloop
  endfacet
  facet normal 0.903908 0.427726 0
    outer loop
      vertex -73.8425 -66.2779 37
      vertex -74.0314 -65.8787 3
      vertex -74.0314 -65.8787 37
    endloop
  endfacet
  facet normal 0.903908 0.427726 0
    outer loop
      vertex -74.0314 -65.8787 3
      vertex -73.8425 -66.2779 37
      vertex -73.8425 -66.2779 3
    endloop
  endfacet
  facet normal 0.970036 -0.242962 0
    outer loop
      vertex -73.6938 -69.3063 37
      vertex -73.5865 -68.8779 3
      vertex -73.5865 -68.8779 37
    endloop
  endfacet
  facet normal 0.970036 -0.242962 0
    outer loop
      vertex -73.5865 -68.8779 3
      vertex -73.6938 -69.3063 37
      vertex -73.6938 -69.3063 3
    endloop
  endfacet
  facet normal 0.595753 0.803168 -0
    outer loop
      vertex -75.1452 -64.5215 3
      vertex -75.4999 -64.2584 37
      vertex -75.1452 -64.5215 37
    endloop
  endfacet
  facet normal 0.595753 0.803168 0
    outer loop
      vertex -75.4999 -64.2584 37
      vertex -75.1452 -64.5215 3
      vertex -75.4999 -64.2584 3
    endloop
  endfacet
  facet normal 0.336738 -0.941598 0
    outer loop
      vertex -76.6937 -72.3062 3
      vertex -76.2779 -72.1575 37
      vertex -76.6937 -72.3062 37
    endloop
  endfacet
  facet normal 0.336738 -0.941598 0
    outer loop
      vertex -76.2779 -72.1575 37
      vertex -76.6937 -72.3062 3
      vertex -76.2779 -72.1575 3
    endloop
  endfacet
  facet normal 0.989174 -0.146746 0
    outer loop
      vertex -73.5865 -68.8779 37
      vertex -73.5217 -68.4411 3
      vertex -73.5217 -68.4411 37
    endloop
  endfacet
  facet normal 0.989174 -0.146746 0
    outer loop
      vertex -73.5217 -68.4411 3
      vertex -73.5865 -68.8779 37
      vertex -73.5865 -68.8779 3
    endloop
  endfacet
  facet normal 0.803168 0.595753 0
    outer loop
      vertex -74.2584 -65.4999 37
      vertex -74.5215 -65.1452 3
      vertex -74.5215 -65.1452 37
    endloop
  endfacet
  facet normal 0.803168 0.595753 0
    outer loop
      vertex -74.5215 -65.1452 3
      vertex -74.2584 -65.4999 37
      vertex -74.2584 -65.4999 3
    endloop
  endfacet
  facet normal 0.514029 0.857773 -0
    outer loop
      vertex -75.4999 -64.2584 3
      vertex -75.8787 -64.0314 37
      vertex -75.4999 -64.2584 37
    endloop
  endfacet
  facet normal 0.514029 0.857773 0
    outer loop
      vertex -75.8787 -64.0314 37
      vertex -75.4999 -64.2584 3
      vertex -75.8787 -64.0314 3
    endloop
  endfacet
  facet normal 0.998792 -0.0491358 0
    outer loop
      vertex -73.5217 -68.4411 37
      vertex -73.5 -68 3
      vertex -73.5 -68 37
    endloop
  endfacet
  facet normal 0.998792 -0.0491358 0
    outer loop
      vertex -73.5 -68 3
      vertex -73.5217 -68.4411 37
      vertex -73.5217 -68.4411 3
    endloop
  endfacet
  facet normal 0.857773 -0.514029 0
    outer loop
      vertex -74.2584 -70.5001 37
      vertex -74.0314 -70.1213 3
      vertex -74.0314 -70.1213 37
    endloop
  endfacet
  facet normal 0.857773 -0.514029 0
    outer loop
      vertex -74.0314 -70.1213 3
      vertex -74.2584 -70.5001 37
      vertex -74.2584 -70.5001 3
    endloop
  endfacet
  facet normal 0.903908 -0.427726 0
    outer loop
      vertex -74.0314 -70.1213 37
      vertex -73.8425 -69.7221 3
      vertex -73.8425 -69.7221 37
    endloop
  endfacet
  facet normal 0.903908 -0.427726 0
    outer loop
      vertex -73.8425 -69.7221 3
      vertex -74.0314 -70.1213 37
      vertex -74.0314 -70.1213 3
    endloop
  endfacet
  facet normal -0.941598 0.336738 0
    outer loop
      vertex -82.3062 -66.6937 3
      vertex -82.1575 -66.2779 37
      vertex -82.1575 -66.2779 3
    endloop
  endfacet
  facet normal -0.941598 0.336738 0
    outer loop
      vertex -82.1575 -66.2779 37
      vertex -82.3062 -66.6937 3
      vertex -82.3062 -66.6937 37
    endloop
  endfacet
  facet normal -0.514029 0.857773 0
    outer loop
      vertex -80.1213 -64.0314 3
      vertex -80.5001 -64.2584 37
      vertex -80.1213 -64.0314 37
    endloop
  endfacet
  facet normal -0.514029 0.857773 0
    outer loop
      vertex -80.5001 -64.2584 37
      vertex -80.1213 -64.0314 3
      vertex -80.5001 -64.2584 3
    endloop
  endfacet
  facet normal 0.741015 0.671488 0
    outer loop
      vertex -74.5215 -65.1452 37
      vertex -74.818 -64.818 3
      vertex -74.818 -64.818 37
    endloop
  endfacet
  facet normal 0.741015 0.671488 0
    outer loop
      vertex -74.818 -64.818 3
      vertex -74.5215 -65.1452 37
      vertex -74.5215 -65.1452 3
    endloop
  endfacet
  facet normal 0.336738 0.941598 -0
    outer loop
      vertex -76.2779 -63.8425 3
      vertex -76.6937 -63.6938 37
      vertex -76.2779 -63.8425 37
    endloop
  endfacet
  facet normal 0.336738 0.941598 0
    outer loop
      vertex -76.6937 -63.6938 37
      vertex -76.2779 -63.8425 3
      vertex -76.6937 -63.6938 3
    endloop
  endfacet
  facet normal 0.741015 -0.671488 0
    outer loop
      vertex -74.818 -71.182 37
      vertex -74.5215 -70.8548 3
      vertex -74.5215 -70.8548 37
    endloop
  endfacet
  facet normal 0.741015 -0.671488 0
    outer loop
      vertex -74.5215 -70.8548 3
      vertex -74.818 -71.182 37
      vertex -74.818 -71.182 3
    endloop
  endfacet
  facet normal 0.803168 -0.595753 0
    outer loop
      vertex -74.5215 -70.8548 37
      vertex -74.2584 -70.5001 3
      vertex -74.2584 -70.5001 37
    endloop
  endfacet
  facet normal 0.803168 -0.595753 0
    outer loop
      vertex -74.2584 -70.5001 3
      vertex -74.5215 -70.8548 37
      vertex -74.5215 -70.8548 3
    endloop
  endfacet
  facet normal 0.427726 0.903908 -0
    outer loop
      vertex -75.8787 -64.0314 3
      vertex -76.2779 -63.8425 37
      vertex -75.8787 -64.0314 37
    endloop
  endfacet
  facet normal 0.427726 0.903908 0
    outer loop
      vertex -76.2779 -63.8425 37
      vertex -75.8787 -64.0314 3
      vertex -76.2779 -63.8425 3
    endloop
  endfacet
  facet normal 0.857773 0.514029 0
    outer loop
      vertex -74.0314 -65.8787 37
      vertex -74.2584 -65.4999 3
      vertex -74.2584 -65.4999 37
    endloop
  endfacet
  facet normal 0.857773 0.514029 0
    outer loop
      vertex -74.2584 -65.4999 3
      vertex -74.0314 -65.8787 37
      vertex -74.0314 -65.8787 3
    endloop
  endfacet
  facet normal -0.857773 0.514029 0
    outer loop
      vertex -81.9686 -65.8787 3
      vertex -81.7416 -65.4999 37
      vertex -81.7416 -65.4999 3
    endloop
  endfacet
  facet normal -0.857773 0.514029 0
    outer loop
      vertex -81.7416 -65.4999 37
      vertex -81.9686 -65.8787 3
      vertex -81.9686 -65.8787 37
    endloop
  endfacet
  facet normal -0.0491358 0.998792 0
    outer loop
      vertex -78 -63.5 3
      vertex -78.4411 -63.5217 37
      vertex -78 -63.5 37
    endloop
  endfacet
  facet normal -0.0491358 0.998792 0
    outer loop
      vertex -78.4411 -63.5217 37
      vertex -78 -63.5 3
      vertex -78.4411 -63.5217 3
    endloop
  endfacet
  facet normal -0.427726 0.903908 0
    outer loop
      vertex -79.7221 -63.8425 3
      vertex -80.1213 -64.0314 37
      vertex -79.7221 -63.8425 37
    endloop
  endfacet
  facet normal -0.427726 0.903908 0
    outer loop
      vertex -80.1213 -64.0314 37
      vertex -79.7221 -63.8425 3
      vertex -80.1213 -64.0314 3
    endloop
  endfacet
  facet normal -0.671488 0.741015 0
    outer loop
      vertex -80.8548 -64.5215 3
      vertex -81.182 -64.818 37
      vertex -80.8548 -64.5215 37
    endloop
  endfacet
  facet normal -0.671488 0.741015 0
    outer loop
      vertex -81.182 -64.818 37
      vertex -80.8548 -64.5215 3
      vertex -81.182 -64.818 3
    endloop
  endfacet
  facet normal 0.671488 0.741015 -0
    outer loop
      vertex -74.818 -64.818 3
      vertex -75.1452 -64.5215 37
      vertex -74.818 -64.818 37
    endloop
  endfacet
  facet normal 0.671488 0.741015 0
    outer loop
      vertex -75.1452 -64.5215 37
      vertex -74.818 -64.818 3
      vertex -75.1452 -64.5215 3
    endloop
  endfacet
  facet normal 0.243259 -0.969961 0
    outer loop
      vertex -76.8831 -72.3537 3
      vertex -76.6937 -72.3062 37
      vertex -76.8831 -72.3537 37
    endloop
  endfacet
  facet normal 0.243259 -0.969961 0
    outer loop
      vertex -76.6937 -72.3062 37
      vertex -76.8831 -72.3537 3
      vertex -76.6937 -72.3062 3
    endloop
  endfacet
  facet normal -0.242962 0.970036 0
    outer loop
      vertex -78.8779 -63.5865 3
      vertex -79.3063 -63.6938 37
      vertex -78.8779 -63.5865 37
    endloop
  endfacet
  facet normal -0.242962 0.970036 0
    outer loop
      vertex -79.3063 -63.6938 37
      vertex -78.8779 -63.5865 3
      vertex -79.3063 -63.6938 3
    endloop
  endfacet
  facet normal 0.595753 -0.803168 0
    outer loop
      vertex -75.4999 -71.7416 3
      vertex -75.1452 -71.4785 37
      vertex -75.4999 -71.7416 37
    endloop
  endfacet
  facet normal 0.595753 -0.803168 0
    outer loop
      vertex -75.1452 -71.4785 37
      vertex -75.4999 -71.7416 3
      vertex -75.1452 -71.4785 3
    endloop
  endfacet
  facet normal -0.969961 0.243259 0
    outer loop
      vertex -82.3537 -66.8831 3
      vertex -82.3062 -66.6937 37
      vertex -82.3062 -66.6937 3
    endloop
  endfacet
  facet normal -0.969961 0.243259 0
    outer loop
      vertex -82.3062 -66.6937 37
      vertex -82.3537 -66.8831 3
      vertex -82.3537 -66.8831 37
    endloop
  endfacet
  facet normal -0.741015 0.671488 0
    outer loop
      vertex -81.4785 -65.1452 3
      vertex -81.182 -64.818 37
      vertex -81.182 -64.818 3
    endloop
  endfacet
  facet normal -0.741015 0.671488 0
    outer loop
      vertex -81.182 -64.818 37
      vertex -81.4785 -65.1452 3
      vertex -81.4785 -65.1452 37
    endloop
  endfacet
  facet normal -0.903908 0.427726 0
    outer loop
      vertex -82.1575 -66.2779 3
      vertex -81.9686 -65.8787 37
      vertex -81.9686 -65.8787 3
    endloop
  endfacet
  facet normal -0.903908 0.427726 0
    outer loop
      vertex -81.9686 -65.8787 37
      vertex -82.1575 -66.2779 3
      vertex -82.1575 -66.2779 37
    endloop
  endfacet
  facet normal -0.803168 0.595753 0
    outer loop
      vertex -81.7416 -65.4999 3
      vertex -81.4785 -65.1452 37
      vertex -81.4785 -65.1452 3
    endloop
  endfacet
  facet normal -0.803168 0.595753 0
    outer loop
      vertex -81.4785 -65.1452 37
      vertex -81.7416 -65.4999 3
      vertex -81.7416 -65.4999 37
    endloop
  endfacet
  facet normal 0.671488 -0.741015 0
    outer loop
      vertex -75.1452 -71.4785 3
      vertex -74.818 -71.182 37
      vertex -75.1452 -71.4785 37
    endloop
  endfacet
  facet normal 0.671488 -0.741015 0
    outer loop
      vertex -74.818 -71.182 37
      vertex -75.1452 -71.4785 3
      vertex -74.818 -71.182 3
    endloop
  endfacet
  facet normal 0.989174 0.146746 0
    outer loop
      vertex -73.5217 68.4411 37
      vertex -73.5865 68.8779 3
      vertex -73.5865 68.8779 37
    endloop
  endfacet
  facet normal 0.989174 0.146746 0
    outer loop
      vertex -73.5865 68.8779 3
      vertex -73.5217 68.4411 37
      vertex -73.5217 68.4411 3
    endloop
  endfacet
  facet normal 0.998792 0.0491358 0
    outer loop
      vertex -73.5 68 37
      vertex -73.5217 68.4411 3
      vertex -73.5217 68.4411 37
    endloop
  endfacet
  facet normal 0.998792 0.0491358 0
    outer loop
      vertex -73.5217 68.4411 3
      vertex -73.5 68 37
      vertex -73.5 68 3
    endloop
  endfacet
  facet normal 0.970036 0.242962 0
    outer loop
      vertex -73.5865 68.8779 37
      vertex -73.6938 69.3063 3
      vertex -73.6938 69.3063 37
    endloop
  endfacet
  facet normal 0.970036 0.242962 0
    outer loop
      vertex -73.6938 69.3063 3
      vertex -73.5865 68.8779 37
      vertex -73.5865 68.8779 3
    endloop
  endfacet
  facet normal 0.0491358 -0.998792 0
    outer loop
      vertex -78 63.5 3
      vertex -77.5589 63.5217 37
      vertex -78 63.5 37
    endloop
  endfacet
  facet normal 0.0491358 -0.998792 0
    outer loop
      vertex -77.5589 63.5217 37
      vertex -78 63.5 3
      vertex -77.5589 63.5217 3
    endloop
  endfacet
  facet normal 0.941598 0.336738 0
    outer loop
      vertex -73.6938 69.3063 37
      vertex -73.8425 69.7221 3
      vertex -73.8425 69.7221 37
    endloop
  endfacet
  facet normal 0.941598 0.336738 0
    outer loop
      vertex -73.8425 69.7221 3
      vertex -73.6938 69.3063 37
      vertex -73.6938 69.3063 3
    endloop
  endfacet
  facet normal -0.803168 -0.595753 0
    outer loop
      vertex -81.4785 65.1452 3
      vertex -81.7416 65.4999 37
      vertex -81.7416 65.4999 3
    endloop
  endfacet
  facet normal -0.803168 -0.595753 0
    outer loop
      vertex -81.7416 65.4999 37
      vertex -81.4785 65.1452 3
      vertex -81.4785 65.1452 37
    endloop
  endfacet
  facet normal 0.671488 0.741015 -0
    outer loop
      vertex -74.818 71.182 3
      vertex -75.1452 71.4785 37
      vertex -74.818 71.182 37
    endloop
  endfacet
  facet normal 0.671488 0.741015 0
    outer loop
      vertex -75.1452 71.4785 37
      vertex -74.818 71.182 3
      vertex -75.1452 71.4785 3
    endloop
  endfacet
  facet normal 0.941598 -0.336738 0
    outer loop
      vertex -73.8425 66.2779 37
      vertex -73.6938 66.6937 3
      vertex -73.6938 66.6937 37
    endloop
  endfacet
  facet normal 0.941598 -0.336738 0
    outer loop
      vertex -73.6938 66.6937 3
      vertex -73.8425 66.2779 37
      vertex -73.8425 66.2779 3
    endloop
  endfacet
  facet normal 0.514029 0.857773 -0
    outer loop
      vertex -75.4999 71.7416 3
      vertex -75.8787 71.9686 37
      vertex -75.4999 71.7416 37
    endloop
  endfacet
  facet normal 0.514029 0.857773 0
    outer loop
      vertex -75.8787 71.9686 37
      vertex -75.4999 71.7416 3
      vertex -75.8787 71.9686 3
    endloop
  endfacet
  facet normal 0.998792 -0.0491358 0
    outer loop
      vertex -73.5217 67.5589 37
      vertex -73.5 68 3
      vertex -73.5 68 37
    endloop
  endfacet
  facet normal 0.998792 -0.0491358 0
    outer loop
      vertex -73.5 68 3
      vertex -73.5217 67.5589 37
      vertex -73.5217 67.5589 3
    endloop
  endfacet
  facet normal 0.336738 0.941598 -0
    outer loop
      vertex -76.2779 72.1575 3
      vertex -76.6937 72.3062 37
      vertex -76.2779 72.1575 37
    endloop
  endfacet
  facet normal 0.336738 0.941598 0
    outer loop
      vertex -76.6937 72.3062 37
      vertex -76.2779 72.1575 3
      vertex -76.6937 72.3062 3
    endloop
  endfacet
  facet normal 0.595753 0.803168 -0
    outer loop
      vertex -75.1452 71.4785 3
      vertex -75.4999 71.7416 37
      vertex -75.1452 71.4785 37
    endloop
  endfacet
  facet normal 0.595753 0.803168 0
    outer loop
      vertex -75.4999 71.7416 37
      vertex -75.1452 71.4785 3
      vertex -75.4999 71.7416 3
    endloop
  endfacet
  facet normal -0.514029 -0.857773 0
    outer loop
      vertex -80.5001 64.2584 3
      vertex -80.1213 64.0314 37
      vertex -80.5001 64.2584 37
    endloop
  endfacet
  facet normal -0.514029 -0.857773 -0
    outer loop
      vertex -80.1213 64.0314 37
      vertex -80.5001 64.2584 3
      vertex -80.1213 64.0314 3
    endloop
  endfacet
  facet normal 0.989174 -0.146746 0
    outer loop
      vertex -73.5865 67.1221 37
      vertex -73.5217 67.5589 3
      vertex -73.5217 67.5589 37
    endloop
  endfacet
  facet normal 0.989174 -0.146746 0
    outer loop
      vertex -73.5217 67.5589 3
      vertex -73.5865 67.1221 37
      vertex -73.5865 67.1221 3
    endloop
  endfacet
  facet normal 0.903908 -0.427726 0
    outer loop
      vertex -74.0314 65.8787 37
      vertex -73.8425 66.2779 3
      vertex -73.8425 66.2779 37
    endloop
  endfacet
  facet normal 0.903908 -0.427726 0
    outer loop
      vertex -73.8425 66.2779 3
      vertex -74.0314 65.8787 37
      vertex -74.0314 65.8787 3
    endloop
  endfacet
  facet normal 0.970036 -0.242962 0
    outer loop
      vertex -73.6938 66.6937 37
      vertex -73.5865 67.1221 3
      vertex -73.5865 67.1221 37
    endloop
  endfacet
  facet normal 0.970036 -0.242962 0
    outer loop
      vertex -73.5865 67.1221 3
      vertex -73.6938 66.6937 37
      vertex -73.6938 66.6937 3
    endloop
  endfacet
  facet normal 0.803168 0.595753 0
    outer loop
      vertex -74.2584 70.5001 37
      vertex -74.5215 70.8548 3
      vertex -74.5215 70.8548 37
    endloop
  endfacet
  facet normal 0.803168 0.595753 0
    outer loop
      vertex -74.5215 70.8548 3
      vertex -74.2584 70.5001 37
      vertex -74.2584 70.5001 3
    endloop
  endfacet
  facet normal 0.243259 0.969961 -0
    outer loop
      vertex -76.6937 72.3062 3
      vertex -76.8831 72.3537 37
      vertex -76.6937 72.3062 37
    endloop
  endfacet
  facet normal 0.243259 0.969961 0
    outer loop
      vertex -76.8831 72.3537 37
      vertex -76.6937 72.3062 3
      vertex -76.8831 72.3537 3
    endloop
  endfacet
  facet normal -0.941598 -0.336738 0
    outer loop
      vertex -82.1575 66.2779 3
      vertex -82.3062 66.6937 37
      vertex -82.3062 66.6937 3
    endloop
  endfacet
  facet normal -0.941598 -0.336738 0
    outer loop
      vertex -82.3062 66.6937 37
      vertex -82.1575 66.2779 3
      vertex -82.1575 66.2779 37
    endloop
  endfacet
  facet normal -0.242962 -0.970036 0
    outer loop
      vertex -79.3063 63.6938 3
      vertex -78.8779 63.5865 37
      vertex -79.3063 63.6938 37
    endloop
  endfacet
  facet normal -0.242962 -0.970036 -0
    outer loop
      vertex -78.8779 63.5865 37
      vertex -79.3063 63.6938 3
      vertex -78.8779 63.5865 3
    endloop
  endfacet
  facet normal 0.514029 -0.857773 0
    outer loop
      vertex -75.8787 64.0314 3
      vertex -75.4999 64.2584 37
      vertex -75.8787 64.0314 37
    endloop
  endfacet
  facet normal 0.514029 -0.857773 0
    outer loop
      vertex -75.4999 64.2584 37
      vertex -75.8787 64.0314 3
      vertex -75.4999 64.2584 3
    endloop
  endfacet
  facet normal 0.903908 0.427726 0
    outer loop
      vertex -73.8425 69.7221 37
      vertex -74.0314 70.1213 3
      vertex -74.0314 70.1213 37
    endloop
  endfacet
  facet normal 0.903908 0.427726 0
    outer loop
      vertex -74.0314 70.1213 3
      vertex -73.8425 69.7221 37
      vertex -73.8425 69.7221 3
    endloop
  endfacet
  facet normal -0.903908 -0.427726 0
    outer loop
      vertex -81.9686 65.8787 3
      vertex -82.1575 66.2779 37
      vertex -82.1575 66.2779 3
    endloop
  endfacet
  facet normal -0.903908 -0.427726 0
    outer loop
      vertex -82.1575 66.2779 37
      vertex -81.9686 65.8787 3
      vertex -81.9686 65.8787 37
    endloop
  endfacet
  facet normal -0.969961 -0.243259 0
    outer loop
      vertex -82.3062 66.6937 3
      vertex -82.3537 66.8831 37
      vertex -82.3537 66.8831 3
    endloop
  endfacet
  facet normal -0.969961 -0.243259 0
    outer loop
      vertex -82.3537 66.8831 37
      vertex -82.3062 66.6937 3
      vertex -82.3062 66.6937 37
    endloop
  endfacet
  facet normal 0.741015 -0.671488 0
    outer loop
      vertex -74.818 64.818 37
      vertex -74.5215 65.1452 3
      vertex -74.5215 65.1452 37
    endloop
  endfacet
  facet normal 0.741015 -0.671488 0
    outer loop
      vertex -74.5215 65.1452 3
      vertex -74.818 64.818 37
      vertex -74.818 64.818 3
    endloop
  endfacet
  facet normal 0.857773 -0.514029 0
    outer loop
      vertex -74.2584 65.4999 37
      vertex -74.0314 65.8787 3
      vertex -74.0314 65.8787 37
    endloop
  endfacet
  facet normal 0.857773 -0.514029 0
    outer loop
      vertex -74.0314 65.8787 3
      vertex -74.2584 65.4999 37
      vertex -74.2584 65.4999 3
    endloop
  endfacet
  facet normal 0.427726 -0.903908 0
    outer loop
      vertex -76.2779 63.8425 3
      vertex -75.8787 64.0314 37
      vertex -76.2779 63.8425 37
    endloop
  endfacet
  facet normal 0.427726 -0.903908 0
    outer loop
      vertex -75.8787 64.0314 37
      vertex -76.2779 63.8425 3
      vertex -75.8787 64.0314 3
    endloop
  endfacet
  facet normal 0.857773 0.514029 0
    outer loop
      vertex -74.0314 70.1213 37
      vertex -74.2584 70.5001 3
      vertex -74.2584 70.5001 37
    endloop
  endfacet
  facet normal 0.857773 0.514029 0
    outer loop
      vertex -74.2584 70.5001 3
      vertex -74.0314 70.1213 37
      vertex -74.0314 70.1213 3
    endloop
  endfacet
  facet normal 0.336738 -0.941598 0
    outer loop
      vertex -76.6937 63.6938 3
      vertex -76.2779 63.8425 37
      vertex -76.6937 63.6938 37
    endloop
  endfacet
  facet normal 0.336738 -0.941598 0
    outer loop
      vertex -76.2779 63.8425 37
      vertex -76.6937 63.6938 3
      vertex -76.2779 63.8425 3
    endloop
  endfacet
  facet normal -0.336738 -0.941598 0
    outer loop
      vertex -79.7221 63.8425 3
      vertex -79.3063 63.6938 37
      vertex -79.7221 63.8425 37
    endloop
  endfacet
  facet normal -0.336738 -0.941598 -0
    outer loop
      vertex -79.3063 63.6938 37
      vertex -79.7221 63.8425 3
      vertex -79.3063 63.6938 3
    endloop
  endfacet
  facet normal 0.427726 0.903908 -0
    outer loop
      vertex -75.8787 71.9686 3
      vertex -76.2779 72.1575 37
      vertex -75.8787 71.9686 37
    endloop
  endfacet
  facet normal 0.427726 0.903908 0
    outer loop
      vertex -76.2779 72.1575 37
      vertex -75.8787 71.9686 3
      vertex -76.2779 72.1575 3
    endloop
  endfacet
  facet normal -0.857773 -0.514029 0
    outer loop
      vertex -81.7416 65.4999 3
      vertex -81.9686 65.8787 37
      vertex -81.9686 65.8787 3
    endloop
  endfacet
  facet normal -0.857773 -0.514029 0
    outer loop
      vertex -81.9686 65.8787 37
      vertex -81.7416 65.4999 3
      vertex -81.7416 65.4999 37
    endloop
  endfacet
  facet normal -0.595753 -0.803168 0
    outer loop
      vertex -80.8548 64.5215 3
      vertex -80.5001 64.2584 37
      vertex -80.8548 64.5215 37
    endloop
  endfacet
  facet normal -0.595753 -0.803168 -0
    outer loop
      vertex -80.5001 64.2584 37
      vertex -80.8548 64.5215 3
      vertex -80.5001 64.2584 3
    endloop
  endfacet
  facet normal 0.741015 0.671488 0
    outer loop
      vertex -74.5215 70.8548 37
      vertex -74.818 71.182 3
      vertex -74.818 71.182 37
    endloop
  endfacet
  facet normal 0.741015 0.671488 0
    outer loop
      vertex -74.818 71.182 3
      vertex -74.5215 70.8548 37
      vertex -74.5215 70.8548 3
    endloop
  endfacet
  facet normal 0.803168 -0.595753 0
    outer loop
      vertex -74.5215 65.1452 37
      vertex -74.2584 65.4999 3
      vertex -74.2584 65.4999 37
    endloop
  endfacet
  facet normal 0.803168 -0.595753 0
    outer loop
      vertex -74.2584 65.4999 3
      vertex -74.5215 65.1452 37
      vertex -74.5215 65.1452 3
    endloop
  endfacet
  facet normal 0.146746 -0.989174 0
    outer loop
      vertex -77.5589 63.5217 3
      vertex -77.1221 63.5865 37
      vertex -77.5589 63.5217 37
    endloop
  endfacet
  facet normal 0.146746 -0.989174 0
    outer loop
      vertex -77.1221 63.5865 37
      vertex -77.5589 63.5217 3
      vertex -77.1221 63.5865 3
    endloop
  endfacet
  facet normal 0.242962 -0.970036 0
    outer loop
      vertex -77.1221 63.5865 3
      vertex -76.6937 63.6938 37
      vertex -77.1221 63.5865 37
    endloop
  endfacet
  facet normal 0.242962 -0.970036 0
    outer loop
      vertex -76.6937 63.6938 37
      vertex -77.1221 63.5865 3
      vertex -76.6937 63.6938 3
    endloop
  endfacet
  facet normal -0.741015 -0.671488 0
    outer loop
      vertex -81.182 64.818 3
      vertex -81.4785 65.1452 37
      vertex -81.4785 65.1452 3
    endloop
  endfacet
  facet normal -0.741015 -0.671488 0
    outer loop
      vertex -81.4785 65.1452 37
      vertex -81.182 64.818 3
      vertex -81.182 64.818 37
    endloop
  endfacet
  facet normal -0.671488 -0.741015 0
    outer loop
      vertex -81.182 64.818 3
      vertex -80.8548 64.5215 37
      vertex -81.182 64.818 37
    endloop
  endfacet
  facet normal -0.671488 -0.741015 -0
    outer loop
      vertex -80.8548 64.5215 37
      vertex -81.182 64.818 3
      vertex -80.8548 64.5215 3
    endloop
  endfacet
  facet normal 0.595753 -0.803168 0
    outer loop
      vertex -75.4999 64.2584 3
      vertex -75.1452 64.5215 37
      vertex -75.4999 64.2584 37
    endloop
  endfacet
  facet normal 0.595753 -0.803168 0
    outer loop
      vertex -75.1452 64.5215 37
      vertex -75.4999 64.2584 3
      vertex -75.1452 64.5215 3
    endloop
  endfacet
  facet normal -0.0491358 -0.998792 0
    outer loop
      vertex -78.4411 63.5217 3
      vertex -78 63.5 37
      vertex -78.4411 63.5217 37
    endloop
  endfacet
  facet normal -0.0491358 -0.998792 -0
    outer loop
      vertex -78 63.5 37
      vertex -78.4411 63.5217 3
      vertex -78 63.5 3
    endloop
  endfacet
  facet normal -0.427726 -0.903908 0
    outer loop
      vertex -80.1213 64.0314 3
      vertex -79.7221 63.8425 37
      vertex -80.1213 64.0314 37
    endloop
  endfacet
  facet normal -0.427726 -0.903908 -0
    outer loop
      vertex -79.7221 63.8425 37
      vertex -80.1213 64.0314 3
      vertex -79.7221 63.8425 3
    endloop
  endfacet
  facet normal 0.671488 -0.741015 0
    outer loop
      vertex -75.1452 64.5215 3
      vertex -74.818 64.818 37
      vertex -75.1452 64.5215 37
    endloop
  endfacet
  facet normal 0.671488 -0.741015 0
    outer loop
      vertex -74.818 64.818 37
      vertex -75.1452 64.5215 3
      vertex -74.818 64.818 3
    endloop
  endfacet
  facet normal -0.146746 -0.989174 0
    outer loop
      vertex -78.8779 63.5865 3
      vertex -78.4411 63.5217 37
      vertex -78.8779 63.5865 37
    endloop
  endfacet
  facet normal -0.146746 -0.989174 -0
    outer loop
      vertex -78.4411 63.5217 37
      vertex -78.8779 63.5865 3
      vertex -78.4411 63.5217 3
    endloop
  endfacet
  facet normal 0.146746 0.989174 -0
    outer loop
      vertex 78.8779 -63.5865 3
      vertex 78.4411 -63.5217 37
      vertex 78.8779 -63.5865 37
    endloop
  endfacet
  facet normal 0.146746 0.989174 0
    outer loop
      vertex 78.4411 -63.5217 37
      vertex 78.8779 -63.5865 3
      vertex 78.4411 -63.5217 3
    endloop
  endfacet
  facet normal 0.336738 0.941598 -0
    outer loop
      vertex 79.7221 -63.8425 3
      vertex 79.3063 -63.6938 37
      vertex 79.7221 -63.8425 37
    endloop
  endfacet
  facet normal 0.336738 0.941598 0
    outer loop
      vertex 79.3063 -63.6938 37
      vertex 79.7221 -63.8425 3
      vertex 79.3063 -63.6938 3
    endloop
  endfacet
  facet normal 0.969961 0.243259 0
    outer loop
      vertex 82.3537 -66.8831 37
      vertex 82.3062 -66.6937 3
      vertex 82.3062 -66.6937 37
    endloop
  endfacet
  facet normal 0.969961 0.243259 0
    outer loop
      vertex 82.3062 -66.6937 3
      vertex 82.3537 -66.8831 37
      vertex 82.3537 -66.8831 3
    endloop
  endfacet
  facet normal -0.595753 0.803168 0
    outer loop
      vertex 75.4999 -64.2584 3
      vertex 75.1452 -64.5215 37
      vertex 75.4999 -64.2584 37
    endloop
  endfacet
  facet normal -0.595753 0.803168 0
    outer loop
      vertex 75.1452 -64.5215 37
      vertex 75.4999 -64.2584 3
      vertex 75.1452 -64.5215 3
    endloop
  endfacet
  facet normal 0.741015 0.671488 0
    outer loop
      vertex 81.4785 -65.1452 37
      vertex 81.182 -64.818 3
      vertex 81.182 -64.818 37
    endloop
  endfacet
  facet normal 0.741015 0.671488 0
    outer loop
      vertex 81.182 -64.818 3
      vertex 81.4785 -65.1452 37
      vertex 81.4785 -65.1452 3
    endloop
  endfacet
  facet normal 0.803168 0.595753 0
    outer loop
      vertex 81.7416 -65.4999 37
      vertex 81.4785 -65.1452 3
      vertex 81.4785 -65.1452 37
    endloop
  endfacet
  facet normal 0.803168 0.595753 0
    outer loop
      vertex 81.4785 -65.1452 3
      vertex 81.7416 -65.4999 37
      vertex 81.7416 -65.4999 3
    endloop
  endfacet
  facet normal -0.941598 0.336738 0
    outer loop
      vertex 73.6938 -66.6937 3
      vertex 73.8425 -66.2779 37
      vertex 73.8425 -66.2779 3
    endloop
  endfacet
  facet normal -0.941598 0.336738 0
    outer loop
      vertex 73.8425 -66.2779 37
      vertex 73.6938 -66.6937 3
      vertex 73.6938 -66.6937 37
    endloop
  endfacet
  facet normal 0.242962 0.970036 -0
    outer loop
      vertex 79.3063 -63.6938 3
      vertex 78.8779 -63.5865 37
      vertex 79.3063 -63.6938 37
    endloop
  endfacet
  facet normal 0.242962 0.970036 0
    outer loop
      vertex 78.8779 -63.5865 37
      vertex 79.3063 -63.6938 3
      vertex 78.8779 -63.5865 3
    endloop
  endfacet
  facet normal 0.941598 0.336738 0
    outer loop
      vertex 82.3062 -66.6937 37
      vertex 82.1575 -66.2779 3
      vertex 82.1575 -66.2779 37
    endloop
  endfacet
  facet normal 0.941598 0.336738 0
    outer loop
      vertex 82.1575 -66.2779 3
      vertex 82.3062 -66.6937 37
      vertex 82.3062 -66.6937 3
    endloop
  endfacet
  facet normal -0.242962 0.970036 0
    outer loop
      vertex 77.1221 -63.5865 3
      vertex 76.6937 -63.6938 37
      vertex 77.1221 -63.5865 37
    endloop
  endfacet
  facet normal -0.242962 0.970036 0
    outer loop
      vertex 76.6937 -63.6938 37
      vertex 77.1221 -63.5865 3
      vertex 76.6937 -63.6938 3
    endloop
  endfacet
  facet normal 0.514029 0.857773 -0
    outer loop
      vertex 80.5001 -64.2584 3
      vertex 80.1213 -64.0314 37
      vertex 80.5001 -64.2584 37
    endloop
  endfacet
  facet normal 0.514029 0.857773 0
    outer loop
      vertex 80.1213 -64.0314 37
      vertex 80.5001 -64.2584 3
      vertex 80.1213 -64.0314 3
    endloop
  endfacet
  facet normal -0.514029 -0.857773 0
    outer loop
      vertex 75.4999 -71.7416 3
      vertex 75.8787 -71.9686 37
      vertex 75.4999 -71.7416 37
    endloop
  endfacet
  facet normal -0.514029 -0.857773 -0
    outer loop
      vertex 75.8787 -71.9686 37
      vertex 75.4999 -71.7416 3
      vertex 75.8787 -71.9686 3
    endloop
  endfacet
  facet normal 0.595753 0.803168 -0
    outer loop
      vertex 80.8548 -64.5215 3
      vertex 80.5001 -64.2584 37
      vertex 80.8548 -64.5215 37
    endloop
  endfacet
  facet normal 0.595753 0.803168 0
    outer loop
      vertex 80.5001 -64.2584 37
      vertex 80.8548 -64.5215 3
      vertex 80.5001 -64.2584 3
    endloop
  endfacet
  facet normal -0.903908 0.427726 0
    outer loop
      vertex 73.8425 -66.2779 3
      vertex 74.0314 -65.8787 37
      vertex 74.0314 -65.8787 3
    endloop
  endfacet
  facet normal -0.903908 0.427726 0
    outer loop
      vertex 74.0314 -65.8787 37
      vertex 73.8425 -66.2779 3
      vertex 73.8425 -66.2779 37
    endloop
  endfacet
  facet normal -0.514029 0.857773 0
    outer loop
      vertex 75.8787 -64.0314 3
      vertex 75.4999 -64.2584 37
      vertex 75.8787 -64.0314 37
    endloop
  endfacet
  facet normal -0.514029 0.857773 0
    outer loop
      vertex 75.4999 -64.2584 37
      vertex 75.8787 -64.0314 3
      vertex 75.4999 -64.2584 3
    endloop
  endfacet
  facet normal -0.671488 0.741015 0
    outer loop
      vertex 75.1452 -64.5215 3
      vertex 74.818 -64.818 37
      vertex 75.1452 -64.5215 37
    endloop
  endfacet
  facet normal -0.671488 0.741015 0
    outer loop
      vertex 74.818 -64.818 37
      vertex 75.1452 -64.5215 3
      vertex 74.818 -64.818 3
    endloop
  endfacet
  facet normal 0.903908 0.427726 0
    outer loop
      vertex 82.1575 -66.2779 37
      vertex 81.9686 -65.8787 3
      vertex 81.9686 -65.8787 37
    endloop
  endfacet
  facet normal 0.903908 0.427726 0
    outer loop
      vertex 81.9686 -65.8787 3
      vertex 82.1575 -66.2779 37
      vertex 82.1575 -66.2779 3
    endloop
  endfacet
  facet normal -0.970036 -0.242962 0
    outer loop
      vertex 73.6938 -69.3063 3
      vertex 73.5865 -68.8779 37
      vertex 73.5865 -68.8779 3
    endloop
  endfacet
  facet normal -0.970036 -0.242962 0
    outer loop
      vertex 73.5865 -68.8779 37
      vertex 73.6938 -69.3063 3
      vertex 73.6938 -69.3063 37
    endloop
  endfacet
  facet normal 0.427726 0.903908 -0
    outer loop
      vertex 80.1213 -64.0314 3
      vertex 79.7221 -63.8425 37
      vertex 80.1213 -64.0314 37
    endloop
  endfacet
  facet normal 0.427726 0.903908 0
    outer loop
      vertex 79.7221 -63.8425 37
      vertex 80.1213 -64.0314 3
      vertex 79.7221 -63.8425 3
    endloop
  endfacet
  facet normal -0.941598 -0.336738 0
    outer loop
      vertex 73.8425 -69.7221 3
      vertex 73.6938 -69.3063 37
      vertex 73.6938 -69.3063 3
    endloop
  endfacet
  facet normal -0.941598 -0.336738 0
    outer loop
      vertex 73.6938 -69.3063 37
      vertex 73.8425 -69.7221 3
      vertex 73.8425 -69.7221 37
    endloop
  endfacet
  facet normal -0.989174 0.146746 0
    outer loop
      vertex 73.5217 -67.5589 3
      vertex 73.5865 -67.1221 37
      vertex 73.5865 -67.1221 3
    endloop
  endfacet
  facet normal -0.989174 0.146746 0
    outer loop
      vertex 73.5865 -67.1221 37
      vertex 73.5217 -67.5589 3
      vertex 73.5217 -67.5589 37
    endloop
  endfacet
  facet normal -0.336738 0.941598 0
    outer loop
      vertex 76.6937 -63.6938 3
      vertex 76.2779 -63.8425 37
      vertex 76.6937 -63.6938 37
    endloop
  endfacet
  facet normal -0.336738 0.941598 0
    outer loop
      vertex 76.2779 -63.8425 37
      vertex 76.6937 -63.6938 3
      vertex 76.2779 -63.8425 3
    endloop
  endfacet
  facet normal 0.671488 0.741015 -0
    outer loop
      vertex 81.182 -64.818 3
      vertex 80.8548 -64.5215 37
      vertex 81.182 -64.818 37
    endloop
  endfacet
  facet normal 0.671488 0.741015 0
    outer loop
      vertex 80.8548 -64.5215 37
      vertex 81.182 -64.818 3
      vertex 80.8548 -64.5215 3
    endloop
  endfacet
  facet normal -0.671488 -0.741015 0
    outer loop
      vertex 74.818 -71.182 3
      vertex 75.1452 -71.4785 37
      vertex 74.818 -71.182 37
    endloop
  endfacet
  facet normal -0.671488 -0.741015 -0
    outer loop
      vertex 75.1452 -71.4785 37
      vertex 74.818 -71.182 3
      vertex 75.1452 -71.4785 3
    endloop
  endfacet
  facet normal -0.146746 0.989174 0
    outer loop
      vertex 77.5589 -63.5217 3
      vertex 77.1221 -63.5865 37
      vertex 77.5589 -63.5217 37
    endloop
  endfacet
  facet normal -0.146746 0.989174 0
    outer loop
      vertex 77.1221 -63.5865 37
      vertex 77.5589 -63.5217 3
      vertex 77.1221 -63.5865 3
    endloop
  endfacet
  facet normal -0.427726 0.903908 0
    outer loop
      vertex 76.2779 -63.8425 3
      vertex 75.8787 -64.0314 37
      vertex 76.2779 -63.8425 37
    endloop
  endfacet
  facet normal -0.427726 0.903908 0
    outer loop
      vertex 75.8787 -64.0314 37
      vertex 76.2779 -63.8425 3
      vertex 75.8787 -64.0314 3
    endloop
  endfacet
  facet normal 0.857773 0.514029 0
    outer loop
      vertex 81.9686 -65.8787 37
      vertex 81.7416 -65.4999 3
      vertex 81.7416 -65.4999 37
    endloop
  endfacet
  facet normal 0.857773 0.514029 0
    outer loop
      vertex 81.7416 -65.4999 3
      vertex 81.9686 -65.8787 37
      vertex 81.9686 -65.8787 3
    endloop
  endfacet
  facet normal -0.857773 0.514029 0
    outer loop
      vertex 74.0314 -65.8787 3
      vertex 74.2584 -65.4999 37
      vertex 74.2584 -65.4999 3
    endloop
  endfacet
  facet normal -0.857773 0.514029 0
    outer loop
      vertex 74.2584 -65.4999 37
      vertex 74.0314 -65.8787 3
      vertex 74.0314 -65.8787 37
    endloop
  endfacet
  facet normal -0.970036 0.242962 0
    outer loop
      vertex 73.5865 -67.1221 3
      vertex 73.6938 -66.6937 37
      vertex 73.6938 -66.6937 3
    endloop
  endfacet
  facet normal -0.970036 0.242962 0
    outer loop
      vertex 73.6938 -66.6937 37
      vertex 73.5865 -67.1221 3
      vertex 73.5865 -67.1221 37
    endloop
  endfacet
  facet normal -0.0491358 0.998792 0
    outer loop
      vertex 78 -63.5 3
      vertex 77.5589 -63.5217 37
      vertex 78 -63.5 37
    endloop
  endfacet
  facet normal -0.0491358 0.998792 0
    outer loop
      vertex 77.5589 -63.5217 37
      vertex 78 -63.5 3
      vertex 77.5589 -63.5217 3
    endloop
  endfacet
  facet normal -0.803168 -0.595753 0
    outer loop
      vertex 74.5215 -70.8548 3
      vertex 74.2584 -70.5001 37
      vertex 74.2584 -70.5001 3
    endloop
  endfacet
  facet normal -0.803168 -0.595753 0
    outer loop
      vertex 74.2584 -70.5001 37
      vertex 74.5215 -70.8548 3
      vertex 74.5215 -70.8548 37
    endloop
  endfacet
  facet normal -0.989174 -0.146746 0
    outer loop
      vertex 73.5865 -68.8779 3
      vertex 73.5217 -68.4411 37
      vertex 73.5217 -68.4411 3
    endloop
  endfacet
  facet normal -0.989174 -0.146746 0
    outer loop
      vertex 73.5217 -68.4411 37
      vertex 73.5865 -68.8779 3
      vertex 73.5865 -68.8779 37
    endloop
  endfacet
  facet normal -0.857773 -0.514029 0
    outer loop
      vertex 74.2584 -70.5001 3
      vertex 74.0314 -70.1213 37
      vertex 74.0314 -70.1213 3
    endloop
  endfacet
  facet normal -0.857773 -0.514029 0
    outer loop
      vertex 74.0314 -70.1213 37
      vertex 74.2584 -70.5001 3
      vertex 74.2584 -70.5001 37
    endloop
  endfacet
  facet normal -0.741015 0.671488 0
    outer loop
      vertex 74.5215 -65.1452 3
      vertex 74.818 -64.818 37
      vertex 74.818 -64.818 3
    endloop
  endfacet
  facet normal -0.741015 0.671488 0
    outer loop
      vertex 74.818 -64.818 37
      vertex 74.5215 -65.1452 3
      vertex 74.5215 -65.1452 37
    endloop
  endfacet
  facet normal 0.0491358 0.998792 -0
    outer loop
      vertex 78.4411 -63.5217 3
      vertex 78 -63.5 37
      vertex 78.4411 -63.5217 37
    endloop
  endfacet
  facet normal 0.0491358 0.998792 0
    outer loop
      vertex 78 -63.5 37
      vertex 78.4411 -63.5217 3
      vertex 78 -63.5 3
    endloop
  endfacet
  facet normal -0.803168 0.595753 0
    outer loop
      vertex 74.2584 -65.4999 3
      vertex 74.5215 -65.1452 37
      vertex 74.5215 -65.1452 3
    endloop
  endfacet
  facet normal -0.803168 0.595753 0
    outer loop
      vertex 74.5215 -65.1452 37
      vertex 74.2584 -65.4999 3
      vertex 74.2584 -65.4999 37
    endloop
  endfacet
  facet normal -0.336738 -0.941598 0
    outer loop
      vertex 76.2779 -72.1575 3
      vertex 76.6937 -72.3062 37
      vertex 76.2779 -72.1575 37
    endloop
  endfacet
  facet normal -0.336738 -0.941598 -0
    outer loop
      vertex 76.6937 -72.3062 37
      vertex 76.2779 -72.1575 3
      vertex 76.6937 -72.3062 3
    endloop
  endfacet
  facet normal -0.243259 -0.969961 0
    outer loop
      vertex 76.6937 -72.3062 3
      vertex 76.8831 -72.3537 37
      vertex 76.6937 -72.3062 37
    endloop
  endfacet
  facet normal -0.243259 -0.969961 -0
    outer loop
      vertex 76.8831 -72.3537 37
      vertex 76.6937 -72.3062 3
      vertex 76.8831 -72.3537 3
    endloop
  endfacet
  facet normal -0.595753 -0.803168 0
    outer loop
      vertex 75.1452 -71.4785 3
      vertex 75.4999 -71.7416 37
      vertex 75.1452 -71.4785 37
    endloop
  endfacet
  facet normal -0.595753 -0.803168 -0
    outer loop
      vertex 75.4999 -71.7416 37
      vertex 75.1452 -71.4785 3
      vertex 75.4999 -71.7416 3
    endloop
  endfacet
  facet normal -0.427726 -0.903908 0
    outer loop
      vertex 75.8787 -71.9686 3
      vertex 76.2779 -72.1575 37
      vertex 75.8787 -71.9686 37
    endloop
  endfacet
  facet normal -0.427726 -0.903908 -0
    outer loop
      vertex 76.2779 -72.1575 37
      vertex 75.8787 -71.9686 3
      vertex 76.2779 -72.1575 3
    endloop
  endfacet
  facet normal -0.998792 0.0491358 0
    outer loop
      vertex 73.5 -68 3
      vertex 73.5217 -67.5589 37
      vertex 73.5217 -67.5589 3
    endloop
  endfacet
  facet normal -0.998792 0.0491358 0
    outer loop
      vertex 73.5217 -67.5589 37
      vertex 73.5 -68 3
      vertex 73.5 -68 37
    endloop
  endfacet
  facet normal -0.998792 -0.0491358 0
    outer loop
      vertex 73.5217 -68.4411 3
      vertex 73.5 -68 37
      vertex 73.5 -68 3
    endloop
  endfacet
  facet normal -0.998792 -0.0491358 0
    outer loop
      vertex 73.5 -68 37
      vertex 73.5217 -68.4411 3
      vertex 73.5217 -68.4411 37
    endloop
  endfacet
  facet normal -0.903908 -0.427726 0
    outer loop
      vertex 74.0314 -70.1213 3
      vertex 73.8425 -69.7221 37
      vertex 73.8425 -69.7221 3
    endloop
  endfacet
  facet normal -0.903908 -0.427726 0
    outer loop
      vertex 73.8425 -69.7221 37
      vertex 74.0314 -70.1213 3
      vertex 74.0314 -70.1213 37
    endloop
  endfacet
  facet normal -0.741015 -0.671488 0
    outer loop
      vertex 74.818 -71.182 3
      vertex 74.5215 -70.8548 37
      vertex 74.5215 -70.8548 3
    endloop
  endfacet
  facet normal -0.741015 -0.671488 0
    outer loop
      vertex 74.5215 -70.8548 37
      vertex 74.818 -71.182 3
      vertex 74.818 -71.182 37
    endloop
  endfacet
  facet normal -0.336738 -0.941598 0
    outer loop
      vertex 76.2779 63.8425 3
      vertex 76.6937 63.6938 37
      vertex 76.2779 63.8425 37
    endloop
  endfacet
  facet normal -0.336738 -0.941598 -0
    outer loop
      vertex 76.6937 63.6938 37
      vertex 76.2779 63.8425 3
      vertex 76.6937 63.6938 3
    endloop
  endfacet
  facet normal -0.989174 0.146746 0
    outer loop
      vertex 73.5217 68.4411 3
      vertex 73.5865 68.8779 37
      vertex 73.5865 68.8779 3
    endloop
  endfacet
  facet normal -0.989174 0.146746 0
    outer loop
      vertex 73.5865 68.8779 37
      vertex 73.5217 68.4411 3
      vertex 73.5217 68.4411 37
    endloop
  endfacet
  facet normal -0.242962 -0.970036 0
    outer loop
      vertex 76.6937 63.6938 3
      vertex 77.1221 63.5865 37
      vertex 76.6937 63.6938 37
    endloop
  endfacet
  facet normal -0.242962 -0.970036 -0
    outer loop
      vertex 77.1221 63.5865 37
      vertex 76.6937 63.6938 3
      vertex 77.1221 63.5865 3
    endloop
  endfacet
  facet normal -0.514029 0.857773 0
    outer loop
      vertex 75.8787 71.9686 3
      vertex 75.4999 71.7416 37
      vertex 75.8787 71.9686 37
    endloop
  endfacet
  facet normal -0.514029 0.857773 0
    outer loop
      vertex 75.4999 71.7416 37
      vertex 75.8787 71.9686 3
      vertex 75.4999 71.7416 3
    endloop
  endfacet
  facet normal -0.903908 -0.427726 0
    outer loop
      vertex 74.0314 65.8787 3
      vertex 73.8425 66.2779 37
      vertex 73.8425 66.2779 3
    endloop
  endfacet
  facet normal -0.903908 -0.427726 0
    outer loop
      vertex 73.8425 66.2779 37
      vertex 74.0314 65.8787 3
      vertex 74.0314 65.8787 37
    endloop
  endfacet
  facet normal -0.243259 0.969961 0
    outer loop
      vertex 76.8831 72.3537 3
      vertex 76.6937 72.3062 37
      vertex 76.8831 72.3537 37
    endloop
  endfacet
  facet normal -0.243259 0.969961 0
    outer loop
      vertex 76.6937 72.3062 37
      vertex 76.8831 72.3537 3
      vertex 76.6937 72.3062 3
    endloop
  endfacet
  facet normal -0.857773 -0.514029 0
    outer loop
      vertex 74.2584 65.4999 3
      vertex 74.0314 65.8787 37
      vertex 74.0314 65.8787 3
    endloop
  endfacet
  facet normal -0.857773 -0.514029 0
    outer loop
      vertex 74.0314 65.8787 37
      vertex 74.2584 65.4999 3
      vertex 74.2584 65.4999 37
    endloop
  endfacet
  facet normal 0.242962 -0.970036 0
    outer loop
      vertex 78.8779 63.5865 3
      vertex 79.3063 63.6938 37
      vertex 78.8779 63.5865 37
    endloop
  endfacet
  facet normal 0.242962 -0.970036 0
    outer loop
      vertex 79.3063 63.6938 37
      vertex 78.8779 63.5865 3
      vertex 79.3063 63.6938 3
    endloop
  endfacet
  facet normal -0.595753 -0.803168 0
    outer loop
      vertex 75.1452 64.5215 3
      vertex 75.4999 64.2584 37
      vertex 75.1452 64.5215 37
    endloop
  endfacet
  facet normal -0.595753 -0.803168 -0
    outer loop
      vertex 75.4999 64.2584 37
      vertex 75.1452 64.5215 3
      vertex 75.4999 64.2584 3
    endloop
  endfacet
  facet normal 0.514029 -0.857773 0
    outer loop
      vertex 80.1213 64.0314 3
      vertex 80.5001 64.2584 37
      vertex 80.1213 64.0314 37
    endloop
  endfacet
  facet normal 0.514029 -0.857773 0
    outer loop
      vertex 80.5001 64.2584 37
      vertex 80.1213 64.0314 3
      vertex 80.5001 64.2584 3
    endloop
  endfacet
  facet normal 0.803168 -0.595753 0
    outer loop
      vertex 81.4785 65.1452 37
      vertex 81.7416 65.4999 3
      vertex 81.7416 65.4999 37
    endloop
  endfacet
  facet normal 0.803168 -0.595753 0
    outer loop
      vertex 81.7416 65.4999 3
      vertex 81.4785 65.1452 37
      vertex 81.4785 65.1452 3
    endloop
  endfacet
  facet normal -0.595753 0.803168 0
    outer loop
      vertex 75.4999 71.7416 3
      vertex 75.1452 71.4785 37
      vertex 75.4999 71.7416 37
    endloop
  endfacet
  facet normal -0.595753 0.803168 0
    outer loop
      vertex 75.1452 71.4785 37
      vertex 75.4999 71.7416 3
      vertex 75.1452 71.4785 3
    endloop
  endfacet
  facet normal 0.427726 -0.903908 0
    outer loop
      vertex 79.7221 63.8425 3
      vertex 80.1213 64.0314 37
      vertex 79.7221 63.8425 37
    endloop
  endfacet
  facet normal 0.427726 -0.903908 0
    outer loop
      vertex 80.1213 64.0314 37
      vertex 79.7221 63.8425 3
      vertex 80.1213 64.0314 3
    endloop
  endfacet
  facet normal -0.803168 0.595753 0
    outer loop
      vertex 74.2584 70.5001 3
      vertex 74.5215 70.8548 37
      vertex 74.5215 70.8548 3
    endloop
  endfacet
  facet normal -0.803168 0.595753 0
    outer loop
      vertex 74.5215 70.8548 37
      vertex 74.2584 70.5001 3
      vertex 74.2584 70.5001 37
    endloop
  endfacet
  facet normal -0.941598 0.336738 0
    outer loop
      vertex 73.6938 69.3063 3
      vertex 73.8425 69.7221 37
      vertex 73.8425 69.7221 3
    endloop
  endfacet
  facet normal -0.941598 0.336738 0
    outer loop
      vertex 73.8425 69.7221 37
      vertex 73.6938 69.3063 3
      vertex 73.6938 69.3063 37
    endloop
  endfacet
  facet normal -0.941598 -0.336738 0
    outer loop
      vertex 73.8425 66.2779 3
      vertex 73.6938 66.6937 37
      vertex 73.6938 66.6937 3
    endloop
  endfacet
  facet normal -0.941598 -0.336738 0
    outer loop
      vertex 73.6938 66.6937 37
      vertex 73.8425 66.2779 3
      vertex 73.8425 66.2779 37
    endloop
  endfacet
  facet normal 0.969961 -0.243259 0
    outer loop
      vertex 82.3062 66.6937 37
      vertex 82.3537 66.8831 3
      vertex 82.3537 66.8831 37
    endloop
  endfacet
  facet normal 0.969961 -0.243259 0
    outer loop
      vertex 82.3537 66.8831 3
      vertex 82.3062 66.6937 37
      vertex 82.3062 66.6937 3
    endloop
  endfacet
  facet normal -0.427726 0.903908 0
    outer loop
      vertex 76.2779 72.1575 3
      vertex 75.8787 71.9686 37
      vertex 76.2779 72.1575 37
    endloop
  endfacet
  facet normal -0.427726 0.903908 0
    outer loop
      vertex 75.8787 71.9686 37
      vertex 76.2779 72.1575 3
      vertex 75.8787 71.9686 3
    endloop
  endfacet
  facet normal -0.671488 0.741015 0
    outer loop
      vertex 75.1452 71.4785 3
      vertex 74.818 71.182 37
      vertex 75.1452 71.4785 37
    endloop
  endfacet
  facet normal -0.671488 0.741015 0
    outer loop
      vertex 74.818 71.182 37
      vertex 75.1452 71.4785 3
      vertex 74.818 71.182 3
    endloop
  endfacet
  facet normal 0.336738 -0.941598 0
    outer loop
      vertex 79.3063 63.6938 3
      vertex 79.7221 63.8425 37
      vertex 79.3063 63.6938 37
    endloop
  endfacet
  facet normal 0.336738 -0.941598 0
    outer loop
      vertex 79.7221 63.8425 37
      vertex 79.3063 63.6938 3
      vertex 79.7221 63.8425 3
    endloop
  endfacet
  facet normal -0.336738 0.941598 0
    outer loop
      vertex 76.6937 72.3062 3
      vertex 76.2779 72.1575 37
      vertex 76.6937 72.3062 37
    endloop
  endfacet
  facet normal -0.336738 0.941598 0
    outer loop
      vertex 76.2779 72.1575 37
      vertex 76.6937 72.3062 3
      vertex 76.2779 72.1575 3
    endloop
  endfacet
  facet normal -0.857773 0.514029 0
    outer loop
      vertex 74.0314 70.1213 3
      vertex 74.2584 70.5001 37
      vertex 74.2584 70.5001 3
    endloop
  endfacet
  facet normal -0.857773 0.514029 0
    outer loop
      vertex 74.2584 70.5001 37
      vertex 74.0314 70.1213 3
      vertex 74.0314 70.1213 37
    endloop
  endfacet
  facet normal 0.903908 -0.427726 0
    outer loop
      vertex 81.9686 65.8787 37
      vertex 82.1575 66.2779 3
      vertex 82.1575 66.2779 37
    endloop
  endfacet
  facet normal 0.903908 -0.427726 0
    outer loop
      vertex 82.1575 66.2779 3
      vertex 81.9686 65.8787 37
      vertex 81.9686 65.8787 3
    endloop
  endfacet
  facet normal -0.671488 -0.741015 0
    outer loop
      vertex 74.818 64.818 3
      vertex 75.1452 64.5215 37
      vertex 74.818 64.818 37
    endloop
  endfacet
  facet normal -0.671488 -0.741015 -0
    outer loop
      vertex 75.1452 64.5215 37
      vertex 74.818 64.818 3
      vertex 75.1452 64.5215 3
    endloop
  endfacet
  facet normal -0.514029 -0.857773 0
    outer loop
      vertex 75.4999 64.2584 3
      vertex 75.8787 64.0314 37
      vertex 75.4999 64.2584 37
    endloop
  endfacet
  facet normal -0.514029 -0.857773 -0
    outer loop
      vertex 75.8787 64.0314 37
      vertex 75.4999 64.2584 3
      vertex 75.8787 64.0314 3
    endloop
  endfacet
  facet normal 0.146746 -0.989174 0
    outer loop
      vertex 78.4411 63.5217 3
      vertex 78.8779 63.5865 37
      vertex 78.4411 63.5217 37
    endloop
  endfacet
  facet normal 0.146746 -0.989174 0
    outer loop
      vertex 78.8779 63.5865 37
      vertex 78.4411 63.5217 3
      vertex 78.8779 63.5865 3
    endloop
  endfacet
  facet normal 0.857773 -0.514029 0
    outer loop
      vertex 81.7416 65.4999 37
      vertex 81.9686 65.8787 3
      vertex 81.9686 65.8787 37
    endloop
  endfacet
  facet normal 0.857773 -0.514029 0
    outer loop
      vertex 81.9686 65.8787 3
      vertex 81.7416 65.4999 37
      vertex 81.7416 65.4999 3
    endloop
  endfacet
  facet normal -0.998792 -0.0491358 0
    outer loop
      vertex 73.5217 67.5589 3
      vertex 73.5 68 37
      vertex 73.5 68 3
    endloop
  endfacet
  facet normal -0.998792 -0.0491358 0
    outer loop
      vertex 73.5 68 37
      vertex 73.5217 67.5589 3
      vertex 73.5217 67.5589 37
    endloop
  endfacet
  facet normal 0.941598 -0.336738 0
    outer loop
      vertex 82.1575 66.2779 37
      vertex 82.3062 66.6937 3
      vertex 82.3062 66.6937 37
    endloop
  endfacet
  facet normal 0.941598 -0.336738 0
    outer loop
      vertex 82.3062 66.6937 3
      vertex 82.1575 66.2779 37
      vertex 82.1575 66.2779 3
    endloop
  endfacet
  facet normal -0.146746 -0.989174 0
    outer loop
      vertex 77.1221 63.5865 3
      vertex 77.5589 63.5217 37
      vertex 77.1221 63.5865 37
    endloop
  endfacet
  facet normal -0.146746 -0.989174 -0
    outer loop
      vertex 77.5589 63.5217 37
      vertex 77.1221 63.5865 3
      vertex 77.5589 63.5217 3
    endloop
  endfacet
  facet normal 0.671488 -0.741015 0
    outer loop
      vertex 80.8548 64.5215 3
      vertex 81.182 64.818 37
      vertex 80.8548 64.5215 37
    endloop
  endfacet
  facet normal 0.671488 -0.741015 0
    outer loop
      vertex 81.182 64.818 37
      vertex 80.8548 64.5215 3
      vertex 81.182 64.818 3
    endloop
  endfacet
  facet normal -0.0491358 -0.998792 0
    outer loop
      vertex 77.5589 63.5217 3
      vertex 78 63.5 37
      vertex 77.5589 63.5217 37
    endloop
  endfacet
  facet normal -0.0491358 -0.998792 -0
    outer loop
      vertex 78 63.5 37
      vertex 77.5589 63.5217 3
      vertex 78 63.5 3
    endloop
  endfacet
  facet normal -0.741015 0.671488 0
    outer loop
      vertex 74.5215 70.8548 3
      vertex 74.818 71.182 37
      vertex 74.818 71.182 3
    endloop
  endfacet
  facet normal -0.741015 0.671488 0
    outer loop
      vertex 74.818 71.182 37
      vertex 74.5215 70.8548 3
      vertex 74.5215 70.8548 37
    endloop
  endfacet
  facet normal -0.903908 0.427726 0
    outer loop
      vertex 73.8425 69.7221 3
      vertex 74.0314 70.1213 37
      vertex 74.0314 70.1213 3
    endloop
  endfacet
  facet normal -0.903908 0.427726 0
    outer loop
      vertex 74.0314 70.1213 37
      vertex 73.8425 69.7221 3
      vertex 73.8425 69.7221 37
    endloop
  endfacet
  facet normal -0.970036 0.242962 0
    outer loop
      vertex 73.5865 68.8779 3
      vertex 73.6938 69.3063 37
      vertex 73.6938 69.3063 3
    endloop
  endfacet
  facet normal -0.970036 0.242962 0
    outer loop
      vertex 73.6938 69.3063 37
      vertex 73.5865 68.8779 3
      vertex 73.5865 68.8779 37
    endloop
  endfacet
  facet normal -0.970036 -0.242962 0
    outer loop
      vertex 73.6938 66.6937 3
      vertex 73.5865 67.1221 37
      vertex 73.5865 67.1221 3
    endloop
  endfacet
  facet normal -0.970036 -0.242962 0
    outer loop
      vertex 73.5865 67.1221 37
      vertex 73.6938 66.6937 3
      vertex 73.6938 66.6937 37
    endloop
  endfacet
  facet normal -0.427726 -0.903908 0
    outer loop
      vertex 75.8787 64.0314 3
      vertex 76.2779 63.8425 37
      vertex 75.8787 64.0314 37
    endloop
  endfacet
  facet normal -0.427726 -0.903908 -0
    outer loop
      vertex 76.2779 63.8425 37
      vertex 75.8787 64.0314 3
      vertex 76.2779 63.8425 3
    endloop
  endfacet
  facet normal -0.741015 -0.671488 0
    outer loop
      vertex 74.818 64.818 3
      vertex 74.5215 65.1452 37
      vertex 74.5215 65.1452 3
    endloop
  endfacet
  facet normal -0.741015 -0.671488 0
    outer loop
      vertex 74.5215 65.1452 37
      vertex 74.818 64.818 3
      vertex 74.818 64.818 37
    endloop
  endfacet
  facet normal 0.0491358 -0.998792 0
    outer loop
      vertex 78 63.5 3
      vertex 78.4411 63.5217 37
      vertex 78 63.5 37
    endloop
  endfacet
  facet normal 0.0491358 -0.998792 0
    outer loop
      vertex 78.4411 63.5217 37
      vertex 78 63.5 3
      vertex 78.4411 63.5217 3
    endloop
  endfacet
  facet normal -0.989174 -0.146746 0
    outer loop
      vertex 73.5865 67.1221 3
      vertex 73.5217 67.5589 37
      vertex 73.5217 67.5589 3
    endloop
  endfacet
  facet normal -0.989174 -0.146746 0
    outer loop
      vertex 73.5217 67.5589 37
      vertex 73.5865 67.1221 3
      vertex 73.5865 67.1221 37
    endloop
  endfacet
  facet normal 0.595753 -0.803168 0
    outer loop
      vertex 80.5001 64.2584 3
      vertex 80.8548 64.5215 37
      vertex 80.5001 64.2584 37
    endloop
  endfacet
  facet normal 0.595753 -0.803168 0
    outer loop
      vertex 80.8548 64.5215 37
      vertex 80.5001 64.2584 3
      vertex 80.8548 64.5215 3
    endloop
  endfacet
  facet normal -0.803168 -0.595753 0
    outer loop
      vertex 74.5215 65.1452 3
      vertex 74.2584 65.4999 37
      vertex 74.2584 65.4999 3
    endloop
  endfacet
  facet normal -0.803168 -0.595753 0
    outer loop
      vertex 74.2584 65.4999 37
      vertex 74.5215 65.1452 3
      vertex 74.5215 65.1452 37
    endloop
  endfacet
  facet normal -0.998792 0.0491358 0
    outer loop
      vertex 73.5 68 3
      vertex 73.5217 68.4411 37
      vertex 73.5217 68.4411 3
    endloop
  endfacet
  facet normal -0.998792 0.0491358 0
    outer loop
      vertex 73.5217 68.4411 37
      vertex 73.5 68 3
      vertex 73.5 68 37
    endloop
  endfacet
  facet normal 0.741015 -0.671488 0
    outer loop
      vertex 81.182 64.818 37
      vertex 81.4785 65.1452 3
      vertex 81.4785 65.1452 37
    endloop
  endfacet
  facet normal 0.741015 -0.671488 0
    outer loop
      vertex 81.4785 65.1452 3
      vertex 81.182 64.818 37
      vertex 81.182 64.818 3
    endloop
  endfacet
  facet normal 0.989174 0.146746 0
    outer loop
      vertex -73.6144 -46.5559 25
      vertex -73.6576 -46.2647 3
      vertex -73.6576 -46.2647 25
    endloop
  endfacet
  facet normal 0.989174 0.146746 0
    outer loop
      vertex -73.6576 -46.2647 3
      vertex -73.6144 -46.5559 25
      vertex -73.6144 -46.5559 3
    endloop
  endfacet
  facet normal 0.998803 0.0489044 0
    outer loop
      vertex -73.6 -46.85 25
      vertex -73.6144 -46.5559 3
      vertex -73.6144 -46.5559 25
    endloop
  endfacet
  facet normal 0.998803 0.0489044 0
    outer loop
      vertex -73.6144 -46.5559 3
      vertex -73.6 -46.85 25
      vertex -73.6 -46.85 3
    endloop
  endfacet
  facet normal 0.969982 0.243175 0
    outer loop
      vertex -73.6576 -46.2647 25
      vertex -73.7292 -45.9791 3
      vertex -73.7292 -45.9791 25
    endloop
  endfacet
  facet normal 0.969982 0.243175 0
    outer loop
      vertex -73.7292 -45.9791 3
      vertex -73.6576 -46.2647 25
      vertex -73.6576 -46.2647 3
    endloop
  endfacet
  facet normal -0.243175 0.969982 0
    outer loop
      vertex -77.1853 -43.9076 3
      vertex -77.4709 -43.9792 25
      vertex -77.1853 -43.9076 25
    endloop
  endfacet
  facet normal -0.243175 0.969982 0
    outer loop
      vertex -77.4709 -43.9792 25
      vertex -77.1853 -43.9076 3
      vertex -77.4709 -43.9792 3
    endloop
  endfacet
  facet normal -0.904063 -0.4274 0
    outer loop
      vertex -79.2458 -48.2642 3
      vertex -79.3716 -47.9981 25
      vertex -79.3716 -47.9981 3
    endloop
  endfacet
  facet normal -0.904063 -0.4274 0
    outer loop
      vertex -79.3716 -47.9981 25
      vertex -79.2458 -48.2642 3
      vertex -79.2458 -48.2642 25
    endloop
  endfacet
  facet normal 0.514246 0.857643 -0
    outer loop
      vertex -74.9333 -44.3556 3
      vertex -75.1858 -44.2042 25
      vertex -74.9333 -44.3556 25
    endloop
  endfacet
  facet normal 0.514246 0.857643 0
    outer loop
      vertex -75.1858 -44.2042 25
      vertex -74.9333 -44.3556 3
      vertex -75.1858 -44.2042 3
    endloop
  endfacet
  facet normal 0.514246 -0.857643 0
    outer loop
      vertex -75.1858 -49.4958 3
      vertex -74.9333 -49.3444 25
      vertex -75.1858 -49.4958 25
    endloop
  endfacet
  facet normal 0.514246 -0.857643 0
    outer loop
      vertex -74.9333 -49.3444 25
      vertex -75.1858 -49.4958 3
      vertex -74.9333 -49.3444 3
    endloop
  endfacet
  facet normal 0 0 1
    outer loop
      vertex -73.6144 -46.5559 25
      vertex -73.6144 -47.1441 25
      vertex -73.6 -46.85 25
    endloop
  endfacet
  facet normal 0 0 1
    outer loop
      vertex -73.6576 -46.2647 25
      vertex -73.6144 -47.1441 25
      vertex -73.6144 -46.5559 25
    endloop
  endfacet
  facet normal 0 0 1
    outer loop
      vertex -73.6576 -46.2647 25
      vertex -73.6576 -47.4353 25
      vertex -73.6144 -47.1441 25
    endloop
  endfacet
  facet normal 0 0 1
    outer loop
      vertex -73.7292 -45.9791 25
      vertex -73.6576 -47.4353 25
      vertex -73.6576 -46.2647 25
    endloop
  endfacet
  facet normal 0 0 1
    outer loop
      vertex -73.7292 -45.9791 25
      vertex -73.7292 -47.7209 25
      vertex -73.6576 -47.4353 25
    endloop
  endfacet
  facet normal 0 0 1
    outer loop
      vertex -73.8284 -45.702 25
      vertex -73.7292 -47.7209 25
      vertex -73.7292 -45.9791 25
    endloop
  endfacet
  facet normal 0 0 1
    outer loop
      vertex -73.8284 -45.702 25
      vertex -73.8284 -47.9981 25
      vertex -73.7292 -47.7209 25
    endloop
  endfacet
  facet normal 0 0 1
    outer loop
      vertex -73.9542 -45.4358 25
      vertex -73.8284 -47.9981 25
      vertex -73.8284 -45.702 25
    endloop
  endfacet
  facet normal 0 0 1
    outer loop
      vertex -73.9542 -45.4358 25
      vertex -73.9542 -48.2642 25
      vertex -73.8284 -47.9981 25
    endloop
  endfacet
  facet normal 0 0 1
    outer loop
      vertex -74.1056 -45.1833 25
      vertex -73.9542 -48.2642 25
      vertex -73.9542 -45.4358 25
    endloop
  endfacet
  facet normal 0 0 1
    outer loop
      vertex -74.1056 -45.1833 25
      vertex -74.1056 -48.5167 25
      vertex -73.9542 -48.2642 25
    endloop
  endfacet
  facet normal 0 0 1
    outer loop
      vertex -74.281 -44.9468 25
      vertex -74.1056 -48.5167 25
      vertex -74.1056 -45.1833 25
    endloop
  endfacet
  facet normal 0 0 1
    outer loop
      vertex -74.281 -44.9468 25
      vertex -74.281 -48.7532 25
      vertex -74.1056 -48.5167 25
    endloop
  endfacet
  facet normal 0 0 1
    outer loop
      vertex -74.4787 -44.7287 25
      vertex -74.281 -48.7532 25
      vertex -74.281 -44.9468 25
    endloop
  endfacet
  facet normal 0 0 1
    outer loop
      vertex -74.4787 -44.7287 25
      vertex -74.4787 -48.9713 25
      vertex -74.281 -48.7532 25
    endloop
  endfacet
  facet normal 0 0 1
    outer loop
      vertex -74.6968 -44.531 25
      vertex -74.4787 -48.9713 25
      vertex -74.4787 -44.7287 25
    endloop
  endfacet
  facet normal 0 0 1
    outer loop
      vertex -74.6968 -44.531 25
      vertex -74.6968 -49.169 25
      vertex -74.4787 -48.9713 25
    endloop
  endfacet
  facet normal 0 0 1
    outer loop
      vertex -74.9333 -44.3556 25
      vertex -74.6968 -49.169 25
      vertex -74.6968 -44.531 25
    endloop
  endfacet
  facet normal 0 0 1
    outer loop
      vertex -74.9333 -44.3556 25
      vertex -74.9333 -49.3444 25
      vertex -74.6968 -49.169 25
    endloop
  endfacet
  facet normal 0 0 1
    outer loop
      vertex -75.1858 -44.2042 25
      vertex -74.9333 -49.3444 25
      vertex -74.9333 -44.3556 25
    endloop
  endfacet
  facet normal 0 0 1
    outer loop
      vertex -75.1858 -44.2042 25
      vertex -75.1858 -49.4958 25
      vertex -74.9333 -49.3444 25
    endloop
  endfacet
  facet normal 0 0 1
    outer loop
      vertex -75.452 -44.0784 25
      vertex -75.1858 -49.4958 25
      vertex -75.1858 -44.2042 25
    endloop
  endfacet
  facet normal 0 0 1
    outer loop
      vertex -75.452 -44.0784 25
      vertex -75.452 -49.6216 25
      vertex -75.1858 -49.4958 25
    endloop
  endfacet
  facet normal 0 0 1
    outer loop
      vertex -75.7291 -43.9792 25
      vertex -75.452 -49.6216 25
      vertex -75.452 -44.0784 25
    endloop
  endfacet
  facet normal 0 0 1
    outer loop
      vertex -75.7291 -43.9792 25
      vertex -75.7291 -49.7208 25
      vertex -75.452 -49.6216 25
    endloop
  endfacet
  facet normal 0 0 1
    outer loop
      vertex -76.0147 -43.9076 25
      vertex -75.7291 -49.7208 25
      vertex -75.7291 -43.9792 25
    endloop
  endfacet
  facet normal 0 0 1
    outer loop
      vertex -76.0147 -43.9076 25
      vertex -76.0147 -49.7924 25
      vertex -75.7291 -49.7208 25
    endloop
  endfacet
  facet normal 0 0 1
    outer loop
      vertex -76.3059 -43.8644 25
      vertex -76.0147 -49.7924 25
      vertex -76.0147 -43.9076 25
    endloop
  endfacet
  facet normal 0 0 1
    outer loop
      vertex -76.3059 -43.8644 25
      vertex -76.3059 -49.8356 25
      vertex -76.0147 -49.7924 25
    endloop
  endfacet
  facet normal 0 0 1
    outer loop
      vertex -76.6 -43.85 25
      vertex -76.3059 -49.8356 25
      vertex -76.3059 -43.8644 25
    endloop
  endfacet
  facet normal 0 0 1
    outer loop
      vertex -76.6 -43.85 25
      vertex -76.6 -49.85 25
      vertex -76.3059 -49.8356 25
    endloop
  endfacet
  facet normal -0 0 1
    outer loop
      vertex -76.8941 -43.8644 25
      vertex -76.6 -49.85 25
      vertex -76.6 -43.85 25
    endloop
  endfacet
  facet normal 0 0 1
    outer loop
      vertex -76.8941 -43.8644 25
      vertex -76.8941 -49.8356 25
      vertex -76.6 -49.85 25
    endloop
  endfacet
  facet normal -0 0 1
    outer loop
      vertex -77.1853 -43.9076 25
      vertex -76.8941 -49.8356 25
      vertex -76.8941 -43.8644 25
    endloop
  endfacet
  facet normal 0 0 1
    outer loop
      vertex -77.1853 -43.9076 25
      vertex -77.1853 -49.7924 25
      vertex -76.8941 -49.8356 25
    endloop
  endfacet
  facet normal -0 0 1
    outer loop
      vertex -77.4709 -43.9792 25
      vertex -77.1853 -49.7924 25
      vertex -77.1853 -43.9076 25
    endloop
  endfacet
  facet normal 0 0 1
    outer loop
      vertex -77.4709 -43.9792 25
      vertex -77.4709 -49.7208 25
      vertex -77.1853 -49.7924 25
    endloop
  endfacet
  facet normal -0 0 1
    outer loop
      vertex -77.748 -44.0784 25
      vertex -77.4709 -49.7208 25
      vertex -77.4709 -43.9792 25
    endloop
  endfacet
  facet normal 0 0 1
    outer loop
      vertex -77.748 -44.0784 25
      vertex -77.748 -49.6216 25
      vertex -77.4709 -49.7208 25
    endloop
  endfacet
  facet normal -0 0 1
    outer loop
      vertex -78.0142 -44.2042 25
      vertex -77.748 -49.6216 25
      vertex -77.748 -44.0784 25
    endloop
  endfacet
  facet normal 0 0 1
    outer loop
      vertex -78.0142 -44.2042 25
      vertex -78.0142 -49.4958 25
      vertex -77.748 -49.6216 25
    endloop
  endfacet
  facet normal -0 0 1
    outer loop
      vertex -78.2667 -44.3556 25
      vertex -78.0142 -49.4958 25
      vertex -78.0142 -44.2042 25
    endloop
  endfacet
  facet normal 0 0 1
    outer loop
      vertex -78.2667 -44.3556 25
      vertex -78.2667 -49.3444 25
      vertex -78.0142 -49.4958 25
    endloop
  endfacet
  facet normal -0 0 1
    outer loop
      vertex -78.5032 -44.531 25
      vertex -78.2667 -49.3444 25
      vertex -78.2667 -44.3556 25
    endloop
  endfacet
  facet normal 0 0 1
    outer loop
      vertex -78.5032 -44.531 25
      vertex -78.5032 -49.169 25
      vertex -78.2667 -49.3444 25
    endloop
  endfacet
  facet normal -0 0 1
    outer loop
      vertex -78.7213 -44.7287 25
      vertex -78.5032 -49.169 25
      vertex -78.5032 -44.531 25
    endloop
  endfacet
  facet normal 0 0 1
    outer loop
      vertex -78.7213 -44.7287 25
      vertex -78.7213 -48.9713 25
      vertex -78.5032 -49.169 25
    endloop
  endfacet
  facet normal -0 0 1
    outer loop
      vertex -78.919 -44.9468 25
      vertex -78.7213 -48.9713 25
      vertex -78.7213 -44.7287 25
    endloop
  endfacet
  facet normal 0 0 1
    outer loop
      vertex -78.919 -44.9468 25
      vertex -78.919 -48.7532 25
      vertex -78.7213 -48.9713 25
    endloop
  endfacet
  facet normal -0 0 1
    outer loop
      vertex -79.0944 -45.1833 25
      vertex -78.919 -48.7532 25
      vertex -78.919 -44.9468 25
    endloop
  endfacet
  facet normal 0 0 1
    outer loop
      vertex -79.0944 -45.1833 25
      vertex -79.0944 -48.5167 25
      vertex -78.919 -48.7532 25
    endloop
  endfacet
  facet normal -0 0 1
    outer loop
      vertex -79.2458 -45.4358 25
      vertex -79.0944 -48.5167 25
      vertex -79.0944 -45.1833 25
    endloop
  endfacet
  facet normal 0 0 1
    outer loop
      vertex -79.2458 -45.4358 25
      vertex -79.2458 -48.2642 25
      vertex -79.0944 -48.5167 25
    endloop
  endfacet
  facet normal -0 0 1
    outer loop
      vertex -79.3716 -45.702 25
      vertex -79.2458 -48.2642 25
      vertex -79.2458 -45.4358 25
    endloop
  endfacet
  facet normal 0 0 1
    outer loop
      vertex -79.3716 -45.702 25
      vertex -79.3716 -47.9981 25
      vertex -79.2458 -48.2642 25
    endloop
  endfacet
  facet normal -0 0 1
    outer loop
      vertex -79.4708 -45.9791 25
      vertex -79.3716 -47.9981 25
      vertex -79.3716 -45.702 25
    endloop
  endfacet
  facet normal 0 0 1
    outer loop
      vertex -79.4708 -45.9791 25
      vertex -79.4708 -47.7209 25
      vertex -79.3716 -47.9981 25
    endloop
  endfacet
  facet normal -0 0 1
    outer loop
      vertex -79.5424 -46.2647 25
      vertex -79.4708 -47.7209 25
      vertex -79.4708 -45.9791 25
    endloop
  endfacet
  facet normal 0 0 1
    outer loop
      vertex -79.5424 -46.2647 25
      vertex -79.5424 -47.4353 25
      vertex -79.4708 -47.7209 25
    endloop
  endfacet
  facet normal -0 0 1
    outer loop
      vertex -79.5856 -46.5559 25
      vertex -79.5424 -47.4353 25
      vertex -79.5424 -46.2647 25
    endloop
  endfacet
  facet normal 0 0 1
    outer loop
      vertex -79.5856 -46.5559 25
      vertex -79.5856 -47.1441 25
      vertex -79.5424 -47.4353 25
    endloop
  endfacet
  facet normal 0 -0 1
    outer loop
      vertex -79.5856 -47.1441 25
      vertex -79.5856 -46.5559 25
      vertex -79.6 -46.85 25
    endloop
  endfacet
  facet normal 0.337047 -0.941488 0
    outer loop
      vertex -75.7291 -49.7208 3
      vertex -75.452 -49.6216 25
      vertex -75.7291 -49.7208 25
    endloop
  endfacet
  facet normal 0.337047 -0.941488 0
    outer loop
      vertex -75.452 -49.6216 25
      vertex -75.7291 -49.7208 3
      vertex -75.452 -49.6216 3
    endloop
  endfacet
  facet normal -0.969982 0.243175 0
    outer loop
      vertex -79.5424 -46.2647 3
      vertex -79.4708 -45.9791 25
      vertex -79.4708 -45.9791 3
    endloop
  endfacet
  facet normal -0.969982 0.243175 0
    outer loop
      vertex -79.4708 -45.9791 25
      vertex -79.5424 -46.2647 3
      vertex -79.5424 -46.2647 25
    endloop
  endfacet
  facet normal -0.671607 0.740908 0
    outer loop
      vertex -78.5032 -44.531 3
      vertex -78.7213 -44.7287 25
      vertex -78.5032 -44.531 25
    endloop
  endfacet
  facet normal -0.671607 0.740908 0
    outer loop
      vertex -78.7213 -44.7287 25
      vertex -78.5032 -44.531 3
      vertex -78.7213 -44.7287 3
    endloop
  endfacet
  facet normal -0.514246 0.857643 0
    outer loop
      vertex -78.0142 -44.2042 3
      vertex -78.2667 -44.3556 25
      vertex -78.0142 -44.2042 25
    endloop
  endfacet
  facet normal -0.514246 0.857643 0
    outer loop
      vertex -78.2667 -44.3556 25
      vertex -78.0142 -44.2042 3
      vertex -78.2667 -44.3556 3
    endloop
  endfacet
  facet normal 0.146746 -0.989174 0
    outer loop
      vertex -76.3059 -49.8356 3
      vertex -76.0147 -49.7924 25
      vertex -76.3059 -49.8356 25
    endloop
  endfacet
  facet normal 0.146746 -0.989174 0
    outer loop
      vertex -76.0147 -49.7924 25
      vertex -76.3059 -49.8356 3
      vertex -76.0147 -49.7924 3
    endloop
  endfacet
  facet normal -0.803208 0.595699 0
    outer loop
      vertex -79.0944 -45.1833 3
      vertex -78.919 -44.9468 25
      vertex -78.919 -44.9468 3
    endloop
  endfacet
  facet normal -0.803208 0.595699 0
    outer loop
      vertex -78.919 -44.9468 25
      vertex -79.0944 -45.1833 3
      vertex -79.0944 -45.1833 25
    endloop
  endfacet
  facet normal 0.904125 0.427269 0
    outer loop
      vertex -73.8284 -45.702 25
      vertex -73.9542 -45.4358 3
      vertex -73.9542 -45.4358 25
    endloop
  endfacet
  facet normal 0.904125 0.427269 0
    outer loop
      vertex -73.9542 -45.4358 3
      vertex -73.8284 -45.702 25
      vertex -73.8284 -45.702 3
    endloop
  endfacet
  facet normal -0.941488 0.337047 0
    outer loop
      vertex -79.4708 -45.9791 3
      vertex -79.3716 -45.702 25
      vertex -79.3716 -45.702 3
    endloop
  endfacet
  facet normal -0.941488 0.337047 0
    outer loop
      vertex -79.3716 -45.702 25
      vertex -79.4708 -45.9791 3
      vertex -79.4708 -45.9791 25
    endloop
  endfacet
  facet normal -0.337047 -0.941488 0
    outer loop
      vertex -77.748 -49.6216 3
      vertex -77.4709 -49.7208 25
      vertex -77.748 -49.6216 25
    endloop
  endfacet
  facet normal -0.337047 -0.941488 -0
    outer loop
      vertex -77.4709 -49.7208 25
      vertex -77.748 -49.6216 3
      vertex -77.4709 -49.7208 3
    endloop
  endfacet
  facet normal 0.595699 0.803208 -0
    outer loop
      vertex -74.6968 -44.531 3
      vertex -74.9333 -44.3556 25
      vertex -74.6968 -44.531 25
    endloop
  endfacet
  facet normal 0.595699 0.803208 0
    outer loop
      vertex -74.9333 -44.3556 25
      vertex -74.6968 -44.531 3
      vertex -74.9333 -44.3556 3
    endloop
  endfacet
  facet normal -0.904125 0.427269 0
    outer loop
      vertex -79.3716 -45.702 3
      vertex -79.2458 -45.4358 25
      vertex -79.2458 -45.4358 3
    endloop
  endfacet
  facet normal -0.904125 0.427269 0
    outer loop
      vertex -79.2458 -45.4358 25
      vertex -79.3716 -45.702 3
      vertex -79.3716 -45.702 25
    endloop
  endfacet
  facet normal 0.803208 -0.595699 0
    outer loop
      vertex -74.281 -48.7532 25
      vertex -74.1056 -48.5167 3
      vertex -74.1056 -48.5167 25
    endloop
  endfacet
  facet normal 0.803208 -0.595699 0
    outer loop
      vertex -74.1056 -48.5167 3
      vertex -74.281 -48.7532 25
      vertex -74.281 -48.7532 3
    endloop
  endfacet
  facet normal 0.146746 0.989174 -0
    outer loop
      vertex -76.0147 -43.9076 3
      vertex -76.3059 -43.8644 25
      vertex -76.0147 -43.9076 25
    endloop
  endfacet
  facet normal 0.146746 0.989174 0
    outer loop
      vertex -76.3059 -43.8644 25
      vertex -76.0147 -43.9076 3
      vertex -76.3059 -43.8644 3
    endloop
  endfacet
  facet normal -0.989174 0.146746 0
    outer loop
      vertex -79.5856 -46.5559 3
      vertex -79.5424 -46.2647 25
      vertex -79.5424 -46.2647 3
    endloop
  endfacet
  facet normal -0.989174 0.146746 0
    outer loop
      vertex -79.5424 -46.2647 25
      vertex -79.5856 -46.5559 3
      vertex -79.5856 -46.5559 25
    endloop
  endfacet
  facet normal 0.803208 0.595699 0
    outer loop
      vertex -74.1056 -45.1833 25
      vertex -74.281 -44.9468 3
      vertex -74.281 -44.9468 25
    endloop
  endfacet
  facet normal 0.803208 0.595699 0
    outer loop
      vertex -74.281 -44.9468 3
      vertex -74.1056 -45.1833 25
      vertex -74.1056 -45.1833 3
    endloop
  endfacet
  facet normal 0.0489044 0.998803 -0
    outer loop
      vertex -76.3059 -43.8644 3
      vertex -76.6 -43.85 25
      vertex -76.3059 -43.8644 25
    endloop
  endfacet
  facet normal 0.0489044 0.998803 0
    outer loop
      vertex -76.6 -43.85 25
      vertex -76.3059 -43.8644 3
      vertex -76.6 -43.85 3
    endloop
  endfacet
  facet normal -0.857643 -0.514246 0
    outer loop
      vertex -79.0944 -48.5167 3
      vertex -79.2458 -48.2642 25
      vertex -79.2458 -48.2642 3
    endloop
  endfacet
  facet normal -0.857643 -0.514246 0
    outer loop
      vertex -79.2458 -48.2642 25
      vertex -79.0944 -48.5167 3
      vertex -79.0944 -48.5167 25
    endloop
  endfacet
  facet normal -0.941527 -0.336939 0
    outer loop
      vertex -79.3716 -47.9981 3
      vertex -79.4708 -47.7209 25
      vertex -79.4708 -47.7209 3
    endloop
  endfacet
  facet normal -0.941527 -0.336939 0
    outer loop
      vertex -79.4708 -47.7209 25
      vertex -79.3716 -47.9981 3
      vertex -79.3716 -47.9981 25
    endloop
  endfacet
  facet normal -0.427269 0.904125 0
    outer loop
      vertex -77.748 -44.0784 3
      vertex -78.0142 -44.2042 25
      vertex -77.748 -44.0784 25
    endloop
  endfacet
  facet normal -0.427269 0.904125 0
    outer loop
      vertex -78.0142 -44.2042 25
      vertex -77.748 -44.0784 3
      vertex -78.0142 -44.2042 3
    endloop
  endfacet
  facet normal 0.904063 -0.4274 0
    outer loop
      vertex -73.9542 -48.2642 25
      vertex -73.8284 -47.9981 3
      vertex -73.8284 -47.9981 25
    endloop
  endfacet
  facet normal 0.904063 -0.4274 0
    outer loop
      vertex -73.8284 -47.9981 3
      vertex -73.9542 -48.2642 25
      vertex -73.9542 -48.2642 3
    endloop
  endfacet
  facet normal -0.595699 -0.803208 0
    outer loop
      vertex -78.5032 -49.169 3
      vertex -78.2667 -49.3444 25
      vertex -78.5032 -49.169 25
    endloop
  endfacet
  facet normal -0.595699 -0.803208 -0
    outer loop
      vertex -78.2667 -49.3444 25
      vertex -78.5032 -49.169 3
      vertex -78.2667 -49.3444 3
    endloop
  endfacet
  facet normal -0.857643 0.514246 0
    outer loop
      vertex -79.2458 -45.4358 3
      vertex -79.0944 -45.1833 25
      vertex -79.0944 -45.1833 3
    endloop
  endfacet
  facet normal -0.857643 0.514246 0
    outer loop
      vertex -79.0944 -45.1833 25
      vertex -79.2458 -45.4358 3
      vertex -79.2458 -45.4358 25
    endloop
  endfacet
  facet normal 0.998803 -0.0489044 0
    outer loop
      vertex -73.6144 -47.1441 25
      vertex -73.6 -46.85 3
      vertex -73.6 -46.85 25
    endloop
  endfacet
  facet normal 0.998803 -0.0489044 0
    outer loop
      vertex -73.6 -46.85 3
      vertex -73.6144 -47.1441 25
      vertex -73.6144 -47.1441 3
    endloop
  endfacet
  facet normal 0.941527 -0.336939 0
    outer loop
      vertex -73.8284 -47.9981 25
      vertex -73.7292 -47.7209 3
      vertex -73.7292 -47.7209 25
    endloop
  endfacet
  facet normal 0.941527 -0.336939 0
    outer loop
      vertex -73.7292 -47.7209 3
      vertex -73.8284 -47.9981 25
      vertex -73.8284 -47.9981 3
    endloop
  endfacet
  facet normal 0.243175 -0.969982 0
    outer loop
      vertex -76.0147 -49.7924 3
      vertex -75.7291 -49.7208 25
      vertex -76.0147 -49.7924 25
    endloop
  endfacet
  facet normal 0.243175 -0.969982 0
    outer loop
      vertex -75.7291 -49.7208 25
      vertex -76.0147 -49.7924 3
      vertex -75.7291 -49.7208 3
    endloop
  endfacet
  facet normal 0.941488 0.337047 0
    outer loop
      vertex -73.7292 -45.9791 25
      vertex -73.8284 -45.702 3
      vertex -73.8284 -45.702 25
    endloop
  endfacet
  facet normal 0.941488 0.337047 0
    outer loop
      vertex -73.8284 -45.702 3
      vertex -73.7292 -45.9791 25
      vertex -73.7292 -45.9791 3
    endloop
  endfacet
  facet normal -0.998803 -0.0489044 0
    outer loop
      vertex -79.5856 -47.1441 3
      vertex -79.6 -46.85 25
      vertex -79.6 -46.85 3
    endloop
  endfacet
  facet normal -0.998803 -0.0489044 0
    outer loop
      vertex -79.6 -46.85 25
      vertex -79.5856 -47.1441 3
      vertex -79.5856 -47.1441 25
    endloop
  endfacet
  facet normal 0.989174 -0.146746 0
    outer loop
      vertex -73.6576 -47.4353 25
      vertex -73.6144 -47.1441 3
      vertex -73.6144 -47.1441 25
    endloop
  endfacet
  facet normal 0.989174 -0.146746 0
    outer loop
      vertex -73.6144 -47.1441 3
      vertex -73.6576 -47.4353 25
      vertex -73.6576 -47.4353 3
    endloop
  endfacet
  facet normal -0.671607 -0.740908 0
    outer loop
      vertex -78.7213 -48.9713 3
      vertex -78.5032 -49.169 25
      vertex -78.7213 -48.9713 25
    endloop
  endfacet
  facet normal -0.671607 -0.740908 -0
    outer loop
      vertex -78.5032 -49.169 25
      vertex -78.7213 -48.9713 3
      vertex -78.5032 -49.169 3
    endloop
  endfacet
  facet normal 0.969982 -0.243175 0
    outer loop
      vertex -73.7292 -47.7209 25
      vertex -73.6576 -47.4353 3
      vertex -73.6576 -47.4353 25
    endloop
  endfacet
  facet normal 0.969982 -0.243175 0
    outer loop
      vertex -73.6576 -47.4353 3
      vertex -73.7292 -47.7209 25
      vertex -73.7292 -47.7209 3
    endloop
  endfacet
  facet normal 0.671607 0.740908 -0
    outer loop
      vertex -74.4787 -44.7287 3
      vertex -74.6968 -44.531 25
      vertex -74.4787 -44.7287 25
    endloop
  endfacet
  facet normal 0.671607 0.740908 0
    outer loop
      vertex -74.6968 -44.531 25
      vertex -74.4787 -44.7287 3
      vertex -74.6968 -44.531 3
    endloop
  endfacet
  facet normal 0.337047 0.941488 -0
    outer loop
      vertex -75.452 -44.0784 3
      vertex -75.7291 -43.9792 25
      vertex -75.452 -44.0784 25
    endloop
  endfacet
  facet normal 0.337047 0.941488 0
    outer loop
      vertex -75.7291 -43.9792 25
      vertex -75.452 -44.0784 3
      vertex -75.7291 -43.9792 3
    endloop
  endfacet
  facet normal -0.337047 0.941488 0
    outer loop
      vertex -77.4709 -43.9792 3
      vertex -77.748 -44.0784 25
      vertex -77.4709 -43.9792 25
    endloop
  endfacet
  facet normal -0.337047 0.941488 0
    outer loop
      vertex -77.748 -44.0784 25
      vertex -77.4709 -43.9792 3
      vertex -77.748 -44.0784 3
    endloop
  endfacet
  facet normal -0.514246 -0.857643 0
    outer loop
      vertex -78.2667 -49.3444 3
      vertex -78.0142 -49.4958 25
      vertex -78.2667 -49.3444 25
    endloop
  endfacet
  facet normal -0.514246 -0.857643 -0
    outer loop
      vertex -78.0142 -49.4958 25
      vertex -78.2667 -49.3444 3
      vertex -78.0142 -49.4958 3
    endloop
  endfacet
  facet normal 0.857643 -0.514246 0
    outer loop
      vertex -74.1056 -48.5167 25
      vertex -73.9542 -48.2642 3
      vertex -73.9542 -48.2642 25
    endloop
  endfacet
  facet normal 0.857643 -0.514246 0
    outer loop
      vertex -73.9542 -48.2642 3
      vertex -74.1056 -48.5167 25
      vertex -74.1056 -48.5167 3
    endloop
  endfacet
  facet normal 0.427269 0.904125 -0
    outer loop
      vertex -75.1858 -44.2042 3
      vertex -75.452 -44.0784 25
      vertex -75.1858 -44.2042 25
    endloop
  endfacet
  facet normal 0.427269 0.904125 0
    outer loop
      vertex -75.452 -44.0784 25
      vertex -75.1858 -44.2042 3
      vertex -75.452 -44.0784 3
    endloop
  endfacet
  facet normal -0.146746 -0.989174 0
    outer loop
      vertex -77.1853 -49.7924 3
      vertex -76.8941 -49.8356 25
      vertex -77.1853 -49.7924 25
    endloop
  endfacet
  facet normal -0.146746 -0.989174 -0
    outer loop
      vertex -76.8941 -49.8356 25
      vertex -77.1853 -49.7924 3
      vertex -76.8941 -49.8356 3
    endloop
  endfacet
  facet normal -0.595699 0.803208 0
    outer loop
      vertex -78.2667 -44.3556 3
      vertex -78.5032 -44.531 25
      vertex -78.2667 -44.3556 25
    endloop
  endfacet
  facet normal -0.595699 0.803208 0
    outer loop
      vertex -78.5032 -44.531 25
      vertex -78.2667 -44.3556 3
      vertex -78.5032 -44.531 3
    endloop
  endfacet
  facet normal 0.857643 0.514246 0
    outer loop
      vertex -73.9542 -45.4358 25
      vertex -74.1056 -45.1833 3
      vertex -74.1056 -45.1833 25
    endloop
  endfacet
  facet normal 0.857643 0.514246 0
    outer loop
      vertex -74.1056 -45.1833 3
      vertex -73.9542 -45.4358 25
      vertex -73.9542 -45.4358 3
    endloop
  endfacet
  facet normal -0.0489044 0.998803 0
    outer loop
      vertex -76.6 -43.85 3
      vertex -76.8941 -43.8644 25
      vertex -76.6 -43.85 25
    endloop
  endfacet
  facet normal -0.0489044 0.998803 0
    outer loop
      vertex -76.8941 -43.8644 25
      vertex -76.6 -43.85 3
      vertex -76.8941 -43.8644 3
    endloop
  endfacet
  facet normal -0.0489044 -0.998803 0
    outer loop
      vertex -76.8941 -49.8356 3
      vertex -76.6 -49.85 25
      vertex -76.8941 -49.8356 25
    endloop
  endfacet
  facet normal -0.0489044 -0.998803 -0
    outer loop
      vertex -76.6 -49.85 25
      vertex -76.8941 -49.8356 3
      vertex -76.6 -49.85 3
    endloop
  endfacet
  facet normal -0.740908 0.671607 0
    outer loop
      vertex -78.919 -44.9468 3
      vertex -78.7213 -44.7287 25
      vertex -78.7213 -44.7287 3
    endloop
  endfacet
  facet normal -0.740908 0.671607 0
    outer loop
      vertex -78.7213 -44.7287 25
      vertex -78.919 -44.9468 3
      vertex -78.919 -44.9468 25
    endloop
  endfacet
  facet normal 0.0489044 -0.998803 0
    outer loop
      vertex -76.6 -49.85 3
      vertex -76.3059 -49.8356 25
      vertex -76.6 -49.85 25
    endloop
  endfacet
  facet normal 0.0489044 -0.998803 0
    outer loop
      vertex -76.3059 -49.8356 25
      vertex -76.6 -49.85 3
      vertex -76.3059 -49.8356 3
    endloop
  endfacet
  facet normal -0.146746 0.989174 0
    outer loop
      vertex -76.8941 -43.8644 3
      vertex -77.1853 -43.9076 25
      vertex -76.8941 -43.8644 25
    endloop
  endfacet
  facet normal -0.146746 0.989174 0
    outer loop
      vertex -77.1853 -43.9076 25
      vertex -76.8941 -43.8644 3
      vertex -77.1853 -43.9076 3
    endloop
  endfacet
  facet normal -0.243175 -0.969982 0
    outer loop
      vertex -77.4709 -49.7208 3
      vertex -77.1853 -49.7924 25
      vertex -77.4709 -49.7208 25
    endloop
  endfacet
  facet normal -0.243175 -0.969982 -0
    outer loop
      vertex -77.1853 -49.7924 25
      vertex -77.4709 -49.7208 3
      vertex -77.1853 -49.7924 3
    endloop
  endfacet
  facet normal 0.671607 -0.740908 0
    outer loop
      vertex -74.6968 -49.169 3
      vertex -74.4787 -48.9713 25
      vertex -74.6968 -49.169 25
    endloop
  endfacet
  facet normal 0.671607 -0.740908 0
    outer loop
      vertex -74.4787 -48.9713 25
      vertex -74.6968 -49.169 3
      vertex -74.4787 -48.9713 3
    endloop
  endfacet
  facet normal 0.243175 0.969982 -0
    outer loop
      vertex -75.7291 -43.9792 3
      vertex -76.0147 -43.9076 25
      vertex -75.7291 -43.9792 25
    endloop
  endfacet
  facet normal 0.243175 0.969982 0
    outer loop
      vertex -76.0147 -43.9076 25
      vertex -75.7291 -43.9792 3
      vertex -76.0147 -43.9076 3
    endloop
  endfacet
  facet normal -0.969982 -0.243175 0
    outer loop
      vertex -79.4708 -47.7209 3
      vertex -79.5424 -47.4353 25
      vertex -79.5424 -47.4353 3
    endloop
  endfacet
  facet normal -0.969982 -0.243175 0
    outer loop
      vertex -79.5424 -47.4353 25
      vertex -79.4708 -47.7209 3
      vertex -79.4708 -47.7209 25
    endloop
  endfacet
  facet normal -0.427269 -0.904125 0
    outer loop
      vertex -78.0142 -49.4958 3
      vertex -77.748 -49.6216 25
      vertex -78.0142 -49.4958 25
    endloop
  endfacet
  facet normal -0.427269 -0.904125 -0
    outer loop
      vertex -77.748 -49.6216 25
      vertex -78.0142 -49.4958 3
      vertex -77.748 -49.6216 3
    endloop
  endfacet
  facet normal -0.740908 -0.671607 0
    outer loop
      vertex -78.7213 -48.9713 3
      vertex -78.919 -48.7532 25
      vertex -78.919 -48.7532 3
    endloop
  endfacet
  facet normal -0.740908 -0.671607 0
    outer loop
      vertex -78.919 -48.7532 25
      vertex -78.7213 -48.9713 3
      vertex -78.7213 -48.9713 25
    endloop
  endfacet
  facet normal 0.427269 -0.904125 0
    outer loop
      vertex -75.452 -49.6216 3
      vertex -75.1858 -49.4958 25
      vertex -75.452 -49.6216 25
    endloop
  endfacet
  facet normal 0.427269 -0.904125 0
    outer loop
      vertex -75.1858 -49.4958 25
      vertex -75.452 -49.6216 3
      vertex -75.1858 -49.4958 3
    endloop
  endfacet
  facet normal -0.989174 -0.146746 0
    outer loop
      vertex -79.5424 -47.4353 3
      vertex -79.5856 -47.1441 25
      vertex -79.5856 -47.1441 3
    endloop
  endfacet
  facet normal -0.989174 -0.146746 0
    outer loop
      vertex -79.5856 -47.1441 25
      vertex -79.5424 -47.4353 3
      vertex -79.5424 -47.4353 25
    endloop
  endfacet
  facet normal 0.740908 0.671607 0
    outer loop
      vertex -74.281 -44.9468 25
      vertex -74.4787 -44.7287 3
      vertex -74.4787 -44.7287 25
    endloop
  endfacet
  facet normal 0.740908 0.671607 0
    outer loop
      vertex -74.4787 -44.7287 3
      vertex -74.281 -44.9468 25
      vertex -74.281 -44.9468 3
    endloop
  endfacet
  facet normal 0.595699 -0.803208 0
    outer loop
      vertex -74.9333 -49.3444 3
      vertex -74.6968 -49.169 25
      vertex -74.9333 -49.3444 25
    endloop
  endfacet
  facet normal 0.595699 -0.803208 0
    outer loop
      vertex -74.6968 -49.169 25
      vertex -74.9333 -49.3444 3
      vertex -74.6968 -49.169 3
    endloop
  endfacet
  facet normal -0.803208 -0.595699 0
    outer loop
      vertex -78.919 -48.7532 3
      vertex -79.0944 -48.5167 25
      vertex -79.0944 -48.5167 3
    endloop
  endfacet
  facet normal -0.803208 -0.595699 0
    outer loop
      vertex -79.0944 -48.5167 25
      vertex -78.919 -48.7532 3
      vertex -78.919 -48.7532 25
    endloop
  endfacet
  facet normal -0.998803 0.0489044 0
    outer loop
      vertex -79.6 -46.85 3
      vertex -79.5856 -46.5559 25
      vertex -79.5856 -46.5559 3
    endloop
  endfacet
  facet normal -0.998803 0.0489044 0
    outer loop
      vertex -79.5856 -46.5559 25
      vertex -79.6 -46.85 3
      vertex -79.6 -46.85 25
    endloop
  endfacet
  facet normal 0.740908 -0.671607 0
    outer loop
      vertex -74.4787 -48.9713 25
      vertex -74.281 -48.7532 3
      vertex -74.281 -48.7532 25
    endloop
  endfacet
  facet normal 0.740908 -0.671607 0
    outer loop
      vertex -74.281 -48.7532 3
      vertex -74.4787 -48.9713 25
      vertex -74.4787 -48.9713 3
    endloop
  endfacet
  facet normal -0.337047 -0.941488 0
    outer loop
      vertex -28.448 -49.6216 3
      vertex -28.1709 -49.7208 25
      vertex -28.448 -49.6216 25
    endloop
  endfacet
  facet normal -0.337047 -0.941488 -0
    outer loop
      vertex -28.1709 -49.7208 25
      vertex -28.448 -49.6216 3
      vertex -28.1709 -49.7208 3
    endloop
  endfacet
  facet normal 0.989174 0.146746 0
    outer loop
      vertex -24.3144 -46.5559 25
      vertex -24.3576 -46.2647 3
      vertex -24.3576 -46.2647 25
    endloop
  endfacet
  facet normal 0.989174 0.146746 0
    outer loop
      vertex -24.3576 -46.2647 3
      vertex -24.3144 -46.5559 25
      vertex -24.3144 -46.5559 3
    endloop
  endfacet
  facet normal 0.998803 0.0489044 0
    outer loop
      vertex -24.3 -46.85 25
      vertex -24.3144 -46.5559 3
      vertex -24.3144 -46.5559 25
    endloop
  endfacet
  facet normal 0.998803 0.0489044 0
    outer loop
      vertex -24.3144 -46.5559 3
      vertex -24.3 -46.85 25
      vertex -24.3 -46.85 3
    endloop
  endfacet
  facet normal 0.969982 0.243175 0
    outer loop
      vertex -24.3576 -46.2647 25
      vertex -24.4292 -45.9791 3
      vertex -24.4292 -45.9791 25
    endloop
  endfacet
  facet normal 0.969982 0.243175 0
    outer loop
      vertex -24.4292 -45.9791 3
      vertex -24.3576 -46.2647 25
      vertex -24.3576 -46.2647 3
    endloop
  endfacet
  facet normal -0.989174 0.146746 0
    outer loop
      vertex -30.2856 -46.5559 3
      vertex -30.2424 -46.2647 25
      vertex -30.2424 -46.2647 3
    endloop
  endfacet
  facet normal -0.989174 0.146746 0
    outer loop
      vertex -30.2424 -46.2647 25
      vertex -30.2856 -46.5559 3
      vertex -30.2856 -46.5559 25
    endloop
  endfacet
  facet normal -0.243175 -0.969982 0
    outer loop
      vertex -28.1709 -49.7208 3
      vertex -27.8853 -49.7924 25
      vertex -28.1709 -49.7208 25
    endloop
  endfacet
  facet normal -0.243175 -0.969982 -0
    outer loop
      vertex -27.8853 -49.7924 25
      vertex -28.1709 -49.7208 3
      vertex -27.8853 -49.7924 3
    endloop
  endfacet
  facet normal 0.336939 0.941527 -0
    outer loop
      vertex -26.1519 -44.0784 3
      vertex -26.4291 -43.9792 25
      vertex -26.1519 -44.0784 25
    endloop
  endfacet
  facet normal 0.336939 0.941527 0
    outer loop
      vertex -26.4291 -43.9792 25
      vertex -26.1519 -44.0784 3
      vertex -26.4291 -43.9792 3
    endloop
  endfacet
  facet normal -0.514246 0.857643 0
    outer loop
      vertex -28.7142 -44.2042 3
      vertex -28.9667 -44.3556 25
      vertex -28.7142 -44.2042 25
    endloop
  endfacet
  facet normal -0.514246 0.857643 0
    outer loop
      vertex -28.9667 -44.3556 25
      vertex -28.7142 -44.2042 3
      vertex -28.9667 -44.3556 3
    endloop
  endfacet
  facet normal -0.904063 -0.4274 0
    outer loop
      vertex -29.9458 -48.2642 3
      vertex -30.0716 -47.9981 25
      vertex -30.0716 -47.9981 3
    endloop
  endfacet
  facet normal -0.904063 -0.4274 0
    outer loop
      vertex -30.0716 -47.9981 25
      vertex -29.9458 -48.2642 3
      vertex -29.9458 -48.2642 25
    endloop
  endfacet
  facet normal -0.243175 0.969982 0
    outer loop
      vertex -27.8853 -43.9076 3
      vertex -28.1709 -43.9792 25
      vertex -27.8853 -43.9076 25
    endloop
  endfacet
  facet normal -0.243175 0.969982 0
    outer loop
      vertex -28.1709 -43.9792 25
      vertex -27.8853 -43.9076 3
      vertex -28.1709 -43.9792 3
    endloop
  endfacet
  facet normal -0.857643 -0.514246 0
    outer loop
      vertex -29.7944 -48.5167 3
      vertex -29.9458 -48.2642 25
      vertex -29.9458 -48.2642 3
    endloop
  endfacet
  facet normal -0.857643 -0.514246 0
    outer loop
      vertex -29.9458 -48.2642 25
      vertex -29.7944 -48.5167 3
      vertex -29.7944 -48.5167 25
    endloop
  endfacet
  facet normal 0.243175 -0.969982 0
    outer loop
      vertex -26.7147 -49.7924 3
      vertex -26.4291 -49.7208 25
      vertex -26.7147 -49.7924 25
    endloop
  endfacet
  facet normal 0.243175 -0.969982 0
    outer loop
      vertex -26.4291 -49.7208 25
      vertex -26.7147 -49.7924 3
      vertex -26.4291 -49.7208 3
    endloop
  endfacet
  facet normal -0.595699 -0.803208 0
    outer loop
      vertex -29.2032 -49.169 3
      vertex -28.9667 -49.3444 25
      vertex -29.2032 -49.169 25
    endloop
  endfacet
  facet normal -0.595699 -0.803208 -0
    outer loop
      vertex -28.9667 -49.3444 25
      vertex -29.2032 -49.169 3
      vertex -28.9667 -49.3444 3
    endloop
  endfacet
  facet normal 0.514246 -0.857643 0
    outer loop
      vertex -25.8858 -49.4958 3
      vertex -25.6333 -49.3444 25
      vertex -25.8858 -49.4958 25
    endloop
  endfacet
  facet normal 0.514246 -0.857643 0
    outer loop
      vertex -25.6333 -49.3444 25
      vertex -25.8858 -49.4958 3
      vertex -25.6333 -49.3444 3
    endloop
  endfacet
  facet normal 0.803208 -0.595699 0
    outer loop
      vertex -24.981 -48.7532 25
      vertex -24.8056 -48.5167 3
      vertex -24.8056 -48.5167 25
    endloop
  endfacet
  facet normal 0.803208 -0.595699 0
    outer loop
      vertex -24.8056 -48.5167 3
      vertex -24.981 -48.7532 25
      vertex -24.981 -48.7532 3
    endloop
  endfacet
  facet normal 0.146746 0.989174 -0
    outer loop
      vertex -26.7147 -43.9076 3
      vertex -27.0059 -43.8644 25
      vertex -26.7147 -43.9076 25
    endloop
  endfacet
  facet normal 0.146746 0.989174 0
    outer loop
      vertex -27.0059 -43.8644 25
      vertex -26.7147 -43.9076 3
      vertex -27.0059 -43.8644 3
    endloop
  endfacet
  facet normal -0.595699 0.803208 0
    outer loop
      vertex -28.9667 -44.3556 3
      vertex -29.2032 -44.531 25
      vertex -28.9667 -44.3556 25
    endloop
  endfacet
  facet normal -0.595699 0.803208 0
    outer loop
      vertex -29.2032 -44.531 25
      vertex -28.9667 -44.3556 3
      vertex -29.2032 -44.531 3
    endloop
  endfacet
  facet normal -0.803208 0.595699 0
    outer loop
      vertex -29.7944 -45.1833 3
      vertex -29.619 -44.9468 25
      vertex -29.619 -44.9468 3
    endloop
  endfacet
  facet normal -0.803208 0.595699 0
    outer loop
      vertex -29.619 -44.9468 25
      vertex -29.7944 -45.1833 3
      vertex -29.7944 -45.1833 25
    endloop
  endfacet
  facet normal 0.989174 -0.146746 0
    outer loop
      vertex -24.3576 -47.4353 25
      vertex -24.3144 -47.1441 3
      vertex -24.3144 -47.1441 25
    endloop
  endfacet
  facet normal 0.989174 -0.146746 0
    outer loop
      vertex -24.3144 -47.1441 3
      vertex -24.3576 -47.4353 25
      vertex -24.3576 -47.4353 3
    endloop
  endfacet
  facet normal -0.941488 0.337047 0
    outer loop
      vertex -30.1708 -45.9791 3
      vertex -30.0716 -45.702 25
      vertex -30.0716 -45.702 3
    endloop
  endfacet
  facet normal -0.941488 0.337047 0
    outer loop
      vertex -30.0716 -45.702 25
      vertex -30.1708 -45.9791 3
      vertex -30.1708 -45.9791 25
    endloop
  endfacet
  facet normal 0.4274 0.904063 -0
    outer loop
      vertex -25.8858 -44.2042 3
      vertex -26.1519 -44.0784 25
      vertex -25.8858 -44.2042 25
    endloop
  endfacet
  facet normal 0.4274 0.904063 0
    outer loop
      vertex -26.1519 -44.0784 25
      vertex -25.8858 -44.2042 3
      vertex -26.1519 -44.0784 3
    endloop
  endfacet
  facet normal -0.941527 -0.336939 0
    outer loop
      vertex -30.0716 -47.9981 3
      vertex -30.1708 -47.7209 25
      vertex -30.1708 -47.7209 3
    endloop
  endfacet
  facet normal -0.941527 -0.336939 0
    outer loop
      vertex -30.1708 -47.7209 25
      vertex -30.0716 -47.9981 3
      vertex -30.0716 -47.9981 25
    endloop
  endfacet
  facet normal 0.969982 -0.243175 0
    outer loop
      vertex -24.4292 -47.7209 25
      vertex -24.3576 -47.4353 3
      vertex -24.3576 -47.4353 25
    endloop
  endfacet
  facet normal 0.969982 -0.243175 0
    outer loop
      vertex -24.3576 -47.4353 3
      vertex -24.4292 -47.7209 25
      vertex -24.4292 -47.7209 3
    endloop
  endfacet
  facet normal -0.0489044 0.998803 0
    outer loop
      vertex -27.3 -43.85 3
      vertex -27.5941 -43.8644 25
      vertex -27.3 -43.85 25
    endloop
  endfacet
  facet normal -0.0489044 0.998803 0
    outer loop
      vertex -27.5941 -43.8644 25
      vertex -27.3 -43.85 3
      vertex -27.5941 -43.8644 3
    endloop
  endfacet
  facet normal -0.427269 0.904125 0
    outer loop
      vertex -28.448 -44.0784 3
      vertex -28.7142 -44.2042 25
      vertex -28.448 -44.0784 25
    endloop
  endfacet
  facet normal -0.427269 0.904125 0
    outer loop
      vertex -28.7142 -44.2042 25
      vertex -28.448 -44.0784 3
      vertex -28.7142 -44.2042 3
    endloop
  endfacet
  facet normal -0.671607 0.740908 0
    outer loop
      vertex -29.2032 -44.531 3
      vertex -29.4213 -44.7287 25
      vertex -29.2032 -44.531 25
    endloop
  endfacet
  facet normal -0.671607 0.740908 0
    outer loop
      vertex -29.4213 -44.7287 25
      vertex -29.2032 -44.531 3
      vertex -29.4213 -44.7287 3
    endloop
  endfacet
  facet normal 0.336939 -0.941527 0
    outer loop
      vertex -26.4291 -49.7208 3
      vertex -26.1519 -49.6216 25
      vertex -26.4291 -49.7208 25
    endloop
  endfacet
  facet normal 0.336939 -0.941527 0
    outer loop
      vertex -26.1519 -49.6216 25
      vertex -26.4291 -49.7208 3
      vertex -26.1519 -49.6216 3
    endloop
  endfacet
  facet normal -0.337047 0.941488 0
    outer loop
      vertex -28.1709 -43.9792 3
      vertex -28.448 -44.0784 25
      vertex -28.1709 -43.9792 25
    endloop
  endfacet
  facet normal -0.337047 0.941488 0
    outer loop
      vertex -28.448 -44.0784 25
      vertex -28.1709 -43.9792 3
      vertex -28.448 -44.0784 3
    endloop
  endfacet
  facet normal 0.803208 0.595699 0
    outer loop
      vertex -24.8056 -45.1833 25
      vertex -24.981 -44.9468 3
      vertex -24.981 -44.9468 25
    endloop
  endfacet
  facet normal 0.803208 0.595699 0
    outer loop
      vertex -24.981 -44.9468 3
      vertex -24.8056 -45.1833 25
      vertex -24.8056 -45.1833 3
    endloop
  endfacet
  facet normal -0.857643 0.514246 0
    outer loop
      vertex -29.9458 -45.4358 3
      vertex -29.7944 -45.1833 25
      vertex -29.7944 -45.1833 3
    endloop
  endfacet
  facet normal -0.857643 0.514246 0
    outer loop
      vertex -29.7944 -45.1833 25
      vertex -29.9458 -45.4358 3
      vertex -29.9458 -45.4358 25
    endloop
  endfacet
  facet normal 0.998803 -0.0489044 0
    outer loop
      vertex -24.3144 -47.1441 25
      vertex -24.3 -46.85 3
      vertex -24.3 -46.85 25
    endloop
  endfacet
  facet normal 0.998803 -0.0489044 0
    outer loop
      vertex -24.3 -46.85 3
      vertex -24.3144 -47.1441 25
      vertex -24.3144 -47.1441 3
    endloop
  endfacet
  facet normal 0.904063 -0.4274 0
    outer loop
      vertex -24.6542 -48.2642 25
      vertex -24.5284 -47.9981 3
      vertex -24.5284 -47.9981 25
    endloop
  endfacet
  facet normal 0.904063 -0.4274 0
    outer loop
      vertex -24.5284 -47.9981 3
      vertex -24.6542 -48.2642 25
      vertex -24.6542 -48.2642 3
    endloop
  endfacet
  facet normal 0 0 1
    outer loop
      vertex -24.3144 -46.5559 25
      vertex -24.3144 -47.1441 25
      vertex -24.3 -46.85 25
    endloop
  endfacet
  facet normal 0 0 1
    outer loop
      vertex -24.3576 -46.2647 25
      vertex -24.3144 -47.1441 25
      vertex -24.3144 -46.5559 25
    endloop
  endfacet
  facet normal 0 0 1
    outer loop
      vertex -24.3576 -46.2647 25
      vertex -24.3576 -47.4353 25
      vertex -24.3144 -47.1441 25
    endloop
  endfacet
  facet normal 0 0 1
    outer loop
      vertex -24.4292 -45.9791 25
      vertex -24.3576 -47.4353 25
      vertex -24.3576 -46.2647 25
    endloop
  endfacet
  facet normal 0 0 1
    outer loop
      vertex -24.4292 -45.9791 25
      vertex -24.4292 -47.7209 25
      vertex -24.3576 -47.4353 25
    endloop
  endfacet
  facet normal 0 0 1
    outer loop
      vertex -24.5284 -45.702 25
      vertex -24.4292 -47.7209 25
      vertex -24.4292 -45.9791 25
    endloop
  endfacet
  facet normal 0 0 1
    outer loop
      vertex -24.5284 -45.702 25
      vertex -24.5284 -47.9981 25
      vertex -24.4292 -47.7209 25
    endloop
  endfacet
  facet normal 0 0 1
    outer loop
      vertex -24.6542 -45.4358 25
      vertex -24.5284 -47.9981 25
      vertex -24.5284 -45.702 25
    endloop
  endfacet
  facet normal 0 0 1
    outer loop
      vertex -24.6542 -45.4358 25
      vertex -24.6542 -48.2642 25
      vertex -24.5284 -47.9981 25
    endloop
  endfacet
  facet normal 0 0 1
    outer loop
      vertex -24.8056 -45.1833 25
      vertex -24.6542 -48.2642 25
      vertex -24.6542 -45.4358 25
    endloop
  endfacet
  facet normal 0 0 1
    outer loop
      vertex -24.8056 -45.1833 25
      vertex -24.8056 -48.5167 25
      vertex -24.6542 -48.2642 25
    endloop
  endfacet
  facet normal 0 0 1
    outer loop
      vertex -24.981 -44.9468 25
      vertex -24.8056 -48.5167 25
      vertex -24.8056 -45.1833 25
    endloop
  endfacet
  facet normal 0 0 1
    outer loop
      vertex -24.981 -44.9468 25
      vertex -24.981 -48.7532 25
      vertex -24.8056 -48.5167 25
    endloop
  endfacet
  facet normal 0 0 1
    outer loop
      vertex -25.1787 -44.7287 25
      vertex -24.981 -48.7532 25
      vertex -24.981 -44.9468 25
    endloop
  endfacet
  facet normal 0 0 1
    outer loop
      vertex -25.1787 -44.7287 25
      vertex -25.1787 -48.9713 25
      vertex -24.981 -48.7532 25
    endloop
  endfacet
  facet normal 0 0 1
    outer loop
      vertex -25.3968 -44.531 25
      vertex -25.1787 -48.9713 25
      vertex -25.1787 -44.7287 25
    endloop
  endfacet
  facet normal 0 0 1
    outer loop
      vertex -25.3968 -44.531 25
      vertex -25.3968 -49.169 25
      vertex -25.1787 -48.9713 25
    endloop
  endfacet
  facet normal 0 0 1
    outer loop
      vertex -25.6333 -44.3556 25
      vertex -25.3968 -49.169 25
      vertex -25.3968 -44.531 25
    endloop
  endfacet
  facet normal 0 0 1
    outer loop
      vertex -25.6333 -44.3556 25
      vertex -25.6333 -49.3444 25
      vertex -25.3968 -49.169 25
    endloop
  endfacet
  facet normal 0 0 1
    outer loop
      vertex -25.8858 -44.2042 25
      vertex -25.6333 -49.3444 25
      vertex -25.6333 -44.3556 25
    endloop
  endfacet
  facet normal 0 0 1
    outer loop
      vertex -25.8858 -44.2042 25
      vertex -25.8858 -49.4958 25
      vertex -25.6333 -49.3444 25
    endloop
  endfacet
  facet normal 0 0 1
    outer loop
      vertex -26.1519 -44.0784 25
      vertex -25.8858 -49.4958 25
      vertex -25.8858 -44.2042 25
    endloop
  endfacet
  facet normal 0 0 1
    outer loop
      vertex -26.1519 -44.0784 25
      vertex -26.1519 -49.6216 25
      vertex -25.8858 -49.4958 25
    endloop
  endfacet
  facet normal 0 0 1
    outer loop
      vertex -26.4291 -43.9792 25
      vertex -26.1519 -49.6216 25
      vertex -26.1519 -44.0784 25
    endloop
  endfacet
  facet normal 0 0 1
    outer loop
      vertex -26.4291 -43.9792 25
      vertex -26.4291 -49.7208 25
      vertex -26.1519 -49.6216 25
    endloop
  endfacet
  facet normal 0 0 1
    outer loop
      vertex -26.7147 -43.9076 25
      vertex -26.4291 -49.7208 25
      vertex -26.4291 -43.9792 25
    endloop
  endfacet
  facet normal 0 0 1
    outer loop
      vertex -26.7147 -43.9076 25
      vertex -26.7147 -49.7924 25
      vertex -26.4291 -49.7208 25
    endloop
  endfacet
  facet normal 0 0 1
    outer loop
      vertex -27.0059 -43.8644 25
      vertex -26.7147 -49.7924 25
      vertex -26.7147 -43.9076 25
    endloop
  endfacet
  facet normal 0 0 1
    outer loop
      vertex -27.0059 -43.8644 25
      vertex -27.0059 -49.8356 25
      vertex -26.7147 -49.7924 25
    endloop
  endfacet
  facet normal 0 0 1
    outer loop
      vertex -27.3 -43.85 25
      vertex -27.0059 -49.8356 25
      vertex -27.0059 -43.8644 25
    endloop
  endfacet
  facet normal 0 0 1
    outer loop
      vertex -27.3 -43.85 25
      vertex -27.3 -49.85 25
      vertex -27.0059 -49.8356 25
    endloop
  endfacet
  facet normal -0 0 1
    outer loop
      vertex -27.5941 -43.8644 25
      vertex -27.3 -49.85 25
      vertex -27.3 -43.85 25
    endloop
  endfacet
  facet normal 0 0 1
    outer loop
      vertex -27.5941 -43.8644 25
      vertex -27.5941 -49.8356 25
      vertex -27.3 -49.85 25
    endloop
  endfacet
  facet normal -0 0 1
    outer loop
      vertex -27.8853 -43.9076 25
      vertex -27.5941 -49.8356 25
      vertex -27.5941 -43.8644 25
    endloop
  endfacet
  facet normal 0 0 1
    outer loop
      vertex -27.8853 -43.9076 25
      vertex -27.8853 -49.7924 25
      vertex -27.5941 -49.8356 25
    endloop
  endfacet
  facet normal -0 0 1
    outer loop
      vertex -28.1709 -43.9792 25
      vertex -27.8853 -49.7924 25
      vertex -27.8853 -43.9076 25
    endloop
  endfacet
  facet normal 0 0 1
    outer loop
      vertex -28.1709 -43.9792 25
      vertex -28.1709 -49.7208 25
      vertex -27.8853 -49.7924 25
    endloop
  endfacet
  facet normal -0 0 1
    outer loop
      vertex -28.448 -44.0784 25
      vertex -28.1709 -49.7208 25
      vertex -28.1709 -43.9792 25
    endloop
  endfacet
  facet normal 0 0 1
    outer loop
      vertex -28.448 -44.0784 25
      vertex -28.448 -49.6216 25
      vertex -28.1709 -49.7208 25
    endloop
  endfacet
  facet normal -0 0 1
    outer loop
      vertex -28.7142 -44.2042 25
      vertex -28.448 -49.6216 25
      vertex -28.448 -44.0784 25
    endloop
  endfacet
  facet normal 0 0 1
    outer loop
      vertex -28.7142 -44.2042 25
      vertex -28.7142 -49.4958 25
      vertex -28.448 -49.6216 25
    endloop
  endfacet
  facet normal -0 0 1
    outer loop
      vertex -28.9667 -44.3556 25
      vertex -28.7142 -49.4958 25
      vertex -28.7142 -44.2042 25
    endloop
  endfacet
  facet normal 0 0 1
    outer loop
      vertex -28.9667 -44.3556 25
      vertex -28.9667 -49.3444 25
      vertex -28.7142 -49.4958 25
    endloop
  endfacet
  facet normal -0 0 1
    outer loop
      vertex -29.2032 -44.531 25
      vertex -28.9667 -49.3444 25
      vertex -28.9667 -44.3556 25
    endloop
  endfacet
  facet normal 0 0 1
    outer loop
      vertex -29.2032 -44.531 25
      vertex -29.2032 -49.169 25
      vertex -28.9667 -49.3444 25
    endloop
  endfacet
  facet normal -0 0 1
    outer loop
      vertex -29.4213 -44.7287 25
      vertex -29.2032 -49.169 25
      vertex -29.2032 -44.531 25
    endloop
  endfacet
  facet normal 0 0 1
    outer loop
      vertex -29.4213 -44.7287 25
      vertex -29.4213 -48.9713 25
      vertex -29.2032 -49.169 25
    endloop
  endfacet
  facet normal -0 0 1
    outer loop
      vertex -29.619 -44.9468 25
      vertex -29.4213 -48.9713 25
      vertex -29.4213 -44.7287 25
    endloop
  endfacet
  facet normal 0 0 1
    outer loop
      vertex -29.619 -44.9468 25
      vertex -29.619 -48.7532 25
      vertex -29.4213 -48.9713 25
    endloop
  endfacet
  facet normal -0 0 1
    outer loop
      vertex -29.7944 -45.1833 25
      vertex -29.619 -48.7532 25
      vertex -29.619 -44.9468 25
    endloop
  endfacet
  facet normal 0 0 1
    outer loop
      vertex -29.7944 -45.1833 25
      vertex -29.7944 -48.5167 25
      vertex -29.619 -48.7532 25
    endloop
  endfacet
  facet normal -0 0 1
    outer loop
      vertex -29.9458 -45.4358 25
      vertex -29.7944 -48.5167 25
      vertex -29.7944 -45.1833 25
    endloop
  endfacet
  facet normal 0 0 1
    outer loop
      vertex -29.9458 -45.4358 25
      vertex -29.9458 -48.2642 25
      vertex -29.7944 -48.5167 25
    endloop
  endfacet
  facet normal -0 0 1
    outer loop
      vertex -30.0716 -45.702 25
      vertex -29.9458 -48.2642 25
      vertex -29.9458 -45.4358 25
    endloop
  endfacet
  facet normal 0 0 1
    outer loop
      vertex -30.0716 -45.702 25
      vertex -30.0716 -47.9981 25
      vertex -29.9458 -48.2642 25
    endloop
  endfacet
  facet normal -0 0 1
    outer loop
      vertex -30.1708 -45.9791 25
      vertex -30.0716 -47.9981 25
      vertex -30.0716 -45.702 25
    endloop
  endfacet
  facet normal 0 0 1
    outer loop
      vertex -30.1708 -45.9791 25
      vertex -30.1708 -47.7209 25
      vertex -30.0716 -47.9981 25
    endloop
  endfacet
  facet normal -0 0 1
    outer loop
      vertex -30.2424 -46.2647 25
      vertex -30.1708 -47.7209 25
      vertex -30.1708 -45.9791 25
    endloop
  endfacet
  facet normal 0 0 1
    outer loop
      vertex -30.2424 -46.2647 25
      vertex -30.2424 -47.4353 25
      vertex -30.1708 -47.7209 25
    endloop
  endfacet
  facet normal -0 0 1
    outer loop
      vertex -30.2856 -46.5559 25
      vertex -30.2424 -47.4353 25
      vertex -30.2424 -46.2647 25
    endloop
  endfacet
  facet normal 0 0 1
    outer loop
      vertex -30.2856 -46.5559 25
      vertex -30.2856 -47.1441 25
      vertex -30.2424 -47.4353 25
    endloop
  endfacet
  facet normal 0 -0 1
    outer loop
      vertex -30.2856 -47.1441 25
      vertex -30.2856 -46.5559 25
      vertex -30.3 -46.85 25
    endloop
  endfacet
  facet normal 0.595699 0.803208 -0
    outer loop
      vertex -25.3968 -44.531 3
      vertex -25.6333 -44.3556 25
      vertex -25.3968 -44.531 25
    endloop
  endfacet
  facet normal 0.595699 0.803208 0
    outer loop
      vertex -25.6333 -44.3556 25
      vertex -25.3968 -44.531 3
      vertex -25.6333 -44.3556 3
    endloop
  endfacet
  facet normal -0.514246 -0.857643 0
    outer loop
      vertex -28.9667 -49.3444 3
      vertex -28.7142 -49.4958 25
      vertex -28.9667 -49.3444 25
    endloop
  endfacet
  facet normal -0.514246 -0.857643 -0
    outer loop
      vertex -28.7142 -49.4958 25
      vertex -28.9667 -49.3444 3
      vertex -28.7142 -49.4958 3
    endloop
  endfacet
  facet normal 0.514246 0.857643 -0
    outer loop
      vertex -25.6333 -44.3556 3
      vertex -25.8858 -44.2042 25
      vertex -25.6333 -44.3556 25
    endloop
  endfacet
  facet normal 0.514246 0.857643 0
    outer loop
      vertex -25.8858 -44.2042 25
      vertex -25.6333 -44.3556 3
      vertex -25.8858 -44.2042 3
    endloop
  endfacet
  facet normal 0.146746 -0.989174 0
    outer loop
      vertex -27.0059 -49.8356 3
      vertex -26.7147 -49.7924 25
      vertex -27.0059 -49.8356 25
    endloop
  endfacet
  facet normal 0.146746 -0.989174 0
    outer loop
      vertex -26.7147 -49.7924 25
      vertex -27.0059 -49.8356 3
      vertex -26.7147 -49.7924 3
    endloop
  endfacet
  facet normal 0.941488 0.337047 0
    outer loop
      vertex -24.4292 -45.9791 25
      vertex -24.5284 -45.702 3
      vertex -24.5284 -45.702 25
    endloop
  endfacet
  facet normal 0.941488 0.337047 0
    outer loop
      vertex -24.5284 -45.702 3
      vertex -24.4292 -45.9791 25
      vertex -24.4292 -45.9791 3
    endloop
  endfacet
  facet normal 0.857643 -0.514246 0
    outer loop
      vertex -24.8056 -48.5167 25
      vertex -24.6542 -48.2642 3
      vertex -24.6542 -48.2642 25
    endloop
  endfacet
  facet normal 0.857643 -0.514246 0
    outer loop
      vertex -24.6542 -48.2642 3
      vertex -24.8056 -48.5167 25
      vertex -24.8056 -48.5167 3
    endloop
  endfacet
  facet normal -0.998803 -0.0489044 0
    outer loop
      vertex -30.2856 -47.1441 3
      vertex -30.3 -46.85 25
      vertex -30.3 -46.85 3
    endloop
  endfacet
  facet normal -0.998803 -0.0489044 0
    outer loop
      vertex -30.3 -46.85 25
      vertex -30.2856 -47.1441 3
      vertex -30.2856 -47.1441 25
    endloop
  endfacet
  facet normal 0.941527 -0.336939 0
    outer loop
      vertex -24.5284 -47.9981 25
      vertex -24.4292 -47.7209 3
      vertex -24.4292 -47.7209 25
    endloop
  endfacet
  facet normal 0.941527 -0.336939 0
    outer loop
      vertex -24.4292 -47.7209 3
      vertex -24.5284 -47.9981 25
      vertex -24.5284 -47.9981 3
    endloop
  endfacet
  facet normal -0.146746 0.989174 0
    outer loop
      vertex -27.5941 -43.8644 3
      vertex -27.8853 -43.9076 25
      vertex -27.5941 -43.8644 25
    endloop
  endfacet
  facet normal -0.146746 0.989174 0
    outer loop
      vertex -27.8853 -43.9076 25
      vertex -27.5941 -43.8644 3
      vertex -27.8853 -43.9076 3
    endloop
  endfacet
  facet normal 0.740908 0.671607 0
    outer loop
      vertex -24.981 -44.9468 25
      vertex -25.1787 -44.7287 3
      vertex -25.1787 -44.7287 25
    endloop
  endfacet
  facet normal 0.740908 0.671607 0
    outer loop
      vertex -25.1787 -44.7287 3
      vertex -24.981 -44.9468 25
      vertex -24.981 -44.9468 3
    endloop
  endfacet
  facet normal 0.0489044 0.998803 -0
    outer loop
      vertex -27.0059 -43.8644 3
      vertex -27.3 -43.85 25
      vertex -27.0059 -43.8644 25
    endloop
  endfacet
  facet normal 0.0489044 0.998803 0
    outer loop
      vertex -27.3 -43.85 25
      vertex -27.0059 -43.8644 3
      vertex -27.3 -43.85 3
    endloop
  endfacet
  facet normal 0.904125 0.427269 0
    outer loop
      vertex -24.5284 -45.702 25
      vertex -24.6542 -45.4358 3
      vertex -24.6542 -45.4358 25
    endloop
  endfacet
  facet normal 0.904125 0.427269 0
    outer loop
      vertex -24.6542 -45.4358 3
      vertex -24.5284 -45.702 25
      vertex -24.5284 -45.702 3
    endloop
  endfacet
  facet normal -0.146746 -0.989174 0
    outer loop
      vertex -27.8853 -49.7924 3
      vertex -27.5941 -49.8356 25
      vertex -27.8853 -49.7924 25
    endloop
  endfacet
  facet normal -0.146746 -0.989174 -0
    outer loop
      vertex -27.5941 -49.8356 25
      vertex -27.8853 -49.7924 3
      vertex -27.5941 -49.8356 3
    endloop
  endfacet
  facet normal 0.671607 -0.740908 0
    outer loop
      vertex -25.3968 -49.169 3
      vertex -25.1787 -48.9713 25
      vertex -25.3968 -49.169 25
    endloop
  endfacet
  facet normal 0.671607 -0.740908 0
    outer loop
      vertex -25.1787 -48.9713 25
      vertex -25.3968 -49.169 3
      vertex -25.1787 -48.9713 3
    endloop
  endfacet
  facet normal 0.857643 0.514246 0
    outer loop
      vertex -24.6542 -45.4358 25
      vertex -24.8056 -45.1833 3
      vertex -24.8056 -45.1833 25
    endloop
  endfacet
  facet normal 0.857643 0.514246 0
    outer loop
      vertex -24.8056 -45.1833 3
      vertex -24.6542 -45.4358 25
      vertex -24.6542 -45.4358 3
    endloop
  endfacet
  facet normal -0.0489044 -0.998803 0
    outer loop
      vertex -27.5941 -49.8356 3
      vertex -27.3 -49.85 25
      vertex -27.5941 -49.8356 25
    endloop
  endfacet
  facet normal -0.0489044 -0.998803 -0
    outer loop
      vertex -27.3 -49.85 25
      vertex -27.5941 -49.8356 3
      vertex -27.3 -49.85 3
    endloop
  endfacet
  facet normal -0.740908 0.671607 0
    outer loop
      vertex -29.619 -44.9468 3
      vertex -29.4213 -44.7287 25
      vertex -29.4213 -44.7287 3
    endloop
  endfacet
  facet normal -0.740908 0.671607 0
    outer loop
      vertex -29.4213 -44.7287 25
      vertex -29.619 -44.9468 3
      vertex -29.619 -44.9468 25
    endloop
  endfacet
  facet normal 0.671607 0.740908 -0
    outer loop
      vertex -25.1787 -44.7287 3
      vertex -25.3968 -44.531 25
      vertex -25.1787 -44.7287 25
    endloop
  endfacet
  facet normal 0.671607 0.740908 0
    outer loop
      vertex -25.3968 -44.531 25
      vertex -25.1787 -44.7287 3
      vertex -25.3968 -44.531 3
    endloop
  endfacet
  facet normal -0.904125 0.427269 0
    outer loop
      vertex -30.0716 -45.702 3
      vertex -29.9458 -45.4358 25
      vertex -29.9458 -45.4358 3
    endloop
  endfacet
  facet normal -0.904125 0.427269 0
    outer loop
      vertex -29.9458 -45.4358 25
      vertex -30.0716 -45.702 3
      vertex -30.0716 -45.702 25
    endloop
  endfacet
  facet normal -0.671607 -0.740908 0
    outer loop
      vertex -29.4213 -48.9713 3
      vertex -29.2032 -49.169 25
      vertex -29.4213 -48.9713 25
    endloop
  endfacet
  facet normal -0.671607 -0.740908 -0
    outer loop
      vertex -29.2032 -49.169 25
      vertex -29.4213 -48.9713 3
      vertex -29.2032 -49.169 3
    endloop
  endfacet
  facet normal -0.969982 0.243175 0
    outer loop
      vertex -30.2424 -46.2647 3
      vertex -30.1708 -45.9791 25
      vertex -30.1708 -45.9791 3
    endloop
  endfacet
  facet normal -0.969982 0.243175 0
    outer loop
      vertex -30.1708 -45.9791 25
      vertex -30.2424 -46.2647 3
      vertex -30.2424 -46.2647 25
    endloop
  endfacet
  facet normal 0.243175 0.969982 -0
    outer loop
      vertex -26.4291 -43.9792 3
      vertex -26.7147 -43.9076 25
      vertex -26.4291 -43.9792 25
    endloop
  endfacet
  facet normal 0.243175 0.969982 0
    outer loop
      vertex -26.7147 -43.9076 25
      vertex -26.4291 -43.9792 3
      vertex -26.7147 -43.9076 3
    endloop
  endfacet
  facet normal -0.969982 -0.243175 0
    outer loop
      vertex -30.1708 -47.7209 3
      vertex -30.2424 -47.4353 25
      vertex -30.2424 -47.4353 3
    endloop
  endfacet
  facet normal -0.969982 -0.243175 0
    outer loop
      vertex -30.2424 -47.4353 25
      vertex -30.1708 -47.7209 3
      vertex -30.1708 -47.7209 25
    endloop
  endfacet
  facet normal -0.427269 -0.904125 0
    outer loop
      vertex -28.7142 -49.4958 3
      vertex -28.448 -49.6216 25
      vertex -28.7142 -49.4958 25
    endloop
  endfacet
  facet normal -0.427269 -0.904125 -0
    outer loop
      vertex -28.448 -49.6216 25
      vertex -28.7142 -49.4958 3
      vertex -28.448 -49.6216 3
    endloop
  endfacet
  facet normal -0.740908 -0.671607 0
    outer loop
      vertex -29.4213 -48.9713 3
      vertex -29.619 -48.7532 25
      vertex -29.619 -48.7532 3
    endloop
  endfacet
  facet normal -0.740908 -0.671607 0
    outer loop
      vertex -29.619 -48.7532 25
      vertex -29.4213 -48.9713 3
      vertex -29.4213 -48.9713 25
    endloop
  endfacet
  facet normal 0.4274 -0.904063 0
    outer loop
      vertex -26.1519 -49.6216 3
      vertex -25.8858 -49.4958 25
      vertex -26.1519 -49.6216 25
    endloop
  endfacet
  facet normal 0.4274 -0.904063 0
    outer loop
      vertex -25.8858 -49.4958 25
      vertex -26.1519 -49.6216 3
      vertex -25.8858 -49.4958 3
    endloop
  endfacet
  facet normal 0.0489044 -0.998803 0
    outer loop
      vertex -27.3 -49.85 3
      vertex -27.0059 -49.8356 25
      vertex -27.3 -49.85 25
    endloop
  endfacet
  facet normal 0.0489044 -0.998803 0
    outer loop
      vertex -27.0059 -49.8356 25
      vertex -27.3 -49.85 3
      vertex -27.0059 -49.8356 3
    endloop
  endfacet
  facet normal -0.989174 -0.146746 0
    outer loop
      vertex -30.2424 -47.4353 3
      vertex -30.2856 -47.1441 25
      vertex -30.2856 -47.1441 3
    endloop
  endfacet
  facet normal -0.989174 -0.146746 0
    outer loop
      vertex -30.2856 -47.1441 25
      vertex -30.2424 -47.4353 3
      vertex -30.2424 -47.4353 25
    endloop
  endfacet
  facet normal 0.595699 -0.803208 0
    outer loop
      vertex -25.6333 -49.3444 3
      vertex -25.3968 -49.169 25
      vertex -25.6333 -49.3444 25
    endloop
  endfacet
  facet normal 0.595699 -0.803208 0
    outer loop
      vertex -25.3968 -49.169 25
      vertex -25.6333 -49.3444 3
      vertex -25.3968 -49.169 3
    endloop
  endfacet
  facet normal -0.803208 -0.595699 0
    outer loop
      vertex -29.619 -48.7532 3
      vertex -29.7944 -48.5167 25
      vertex -29.7944 -48.5167 3
    endloop
  endfacet
  facet normal -0.803208 -0.595699 0
    outer loop
      vertex -29.7944 -48.5167 25
      vertex -29.619 -48.7532 3
      vertex -29.619 -48.7532 25
    endloop
  endfacet
  facet normal -0.998803 0.0489044 0
    outer loop
      vertex -30.3 -46.85 3
      vertex -30.2856 -46.5559 25
      vertex -30.2856 -46.5559 3
    endloop
  endfacet
  facet normal -0.998803 0.0489044 0
    outer loop
      vertex -30.2856 -46.5559 25
      vertex -30.3 -46.85 3
      vertex -30.3 -46.85 25
    endloop
  endfacet
  facet normal 0.740908 -0.671607 0
    outer loop
      vertex -25.1787 -48.9713 25
      vertex -24.981 -48.7532 3
      vertex -24.981 -48.7532 25
    endloop
  endfacet
  facet normal 0.740908 -0.671607 0
    outer loop
      vertex -24.981 -48.7532 3
      vertex -25.1787 -48.9713 25
      vertex -25.1787 -48.9713 3
    endloop
  endfacet
  facet normal 0 1 -0
    outer loop
      vertex -49.45 -61.2 3
      vertex -54.45 -61.2 26.7
      vertex -49.45 -61.2 26.7
    endloop
  endfacet
  facet normal 0 1 0
    outer loop
      vertex -54.45 -61.2 26.7
      vertex -49.45 -61.2 3
      vertex -54.45 -61.2 3
    endloop
  endfacet
  facet normal -0 0 1
    outer loop
      vertex -54.45 -61.2 29.2
      vertex -49.45 -63.2 29.2
      vertex -49.45 -61.2 29.2
    endloop
  endfacet
  facet normal 0 0 1
    outer loop
      vertex -49.45 -63.2 29.2
      vertex -54.45 -61.2 29.2
      vertex -54.45 -63.2 29.2
    endloop
  endfacet
  facet normal 0 -1 0
    outer loop
      vertex -54.45 -63.2 3
      vertex -49.45 -63.2 29.2
      vertex -54.45 -63.2 29.2
    endloop
  endfacet
  facet normal 0 -1 -0
    outer loop
      vertex -49.45 -63.2 29.2
      vertex -54.45 -63.2 3
      vertex -49.45 -63.2 3
    endloop
  endfacet
  facet normal -1 0 0
    outer loop
      vertex -54.45 -63.2 3
      vertex -54.45 -61.2 26.7
      vertex -54.45 -61.2 3
    endloop
  endfacet
  facet normal -1 0 0
    outer loop
      vertex -54.45 -63.2 29.2
      vertex -54.45 -61.2 26.7
      vertex -54.45 -63.2 3
    endloop
  endfacet
  facet normal -1 0 0
    outer loop
      vertex -54.45 -61.2 26.7
      vertex -54.45 -63.2 29.2
      vertex -54.45 -61.2 29.2
    endloop
  endfacet
  facet normal -1 0 0
    outer loop
      vertex -54.45 -60.8 26.7
      vertex -54.45 -61.2 26.7
      vertex -54.45 -61.2 29.2
    endloop
  endfacet
  facet normal 1 0 0
    outer loop
      vertex -49.45 -61.2 29.2
      vertex -49.45 -61.2 26.7
      vertex -49.45 -60.8 26.7
    endloop
  endfacet
  facet normal 1 -0 0
    outer loop
      vertex -49.45 -63.2 29.2
      vertex -49.45 -61.2 26.7
      vertex -49.45 -61.2 29.2
    endloop
  endfacet
  facet normal 1 0 0
    outer loop
      vertex -49.45 -63.2 3
      vertex -49.45 -61.2 26.7
      vertex -49.45 -63.2 29.2
    endloop
  endfacet
  facet normal 1 0 0
    outer loop
      vertex -49.45 -61.2 26.7
      vertex -49.45 -63.2 3
      vertex -49.45 -61.2 3
    endloop
  endfacet
  facet normal 0 0.987441 0.157991
    outer loop
      vertex -49.45 -60.8 26.7
      vertex -54.45 -61.2 29.2
      vertex -49.45 -61.2 29.2
    endloop
  endfacet
  facet normal 0 0.987441 0.157991
    outer loop
      vertex -54.45 -61.2 29.2
      vertex -49.45 -60.8 26.7
      vertex -54.45 -60.8 26.7
    endloop
  endfacet
  facet normal 0 0 -1
    outer loop
      vertex -54.45 -61.2 26.7
      vertex -49.45 -60.8 26.7
      vertex -49.45 -61.2 26.7
    endloop
  endfacet
  facet normal -0 0 -1
    outer loop
      vertex -49.45 -60.8 26.7
      vertex -54.45 -61.2 26.7
      vertex -54.45 -60.8 26.7
    endloop
  endfacet
  facet normal 0 -1 0
    outer loop
      vertex -54.45 -32.5 3
      vertex -49.45 -32.5 26.7
      vertex -54.45 -32.5 26.7
    endloop
  endfacet
  facet normal 0 -1 -0
    outer loop
      vertex -49.45 -32.5 26.7
      vertex -54.45 -32.5 3
      vertex -49.45 -32.5 3
    endloop
  endfacet
  facet normal -0 0 1
    outer loop
      vertex -54.45 -30.5 29.2
      vertex -49.45 -32.5 29.2
      vertex -49.45 -30.5 29.2
    endloop
  endfacet
  facet normal 0 0 1
    outer loop
      vertex -49.45 -32.5 29.2
      vertex -54.45 -30.5 29.2
      vertex -54.45 -32.5 29.2
    endloop
  endfacet
  facet normal 0 1 -0
    outer loop
      vertex -49.45 -30.5 3
      vertex -54.45 -30.5 29.2
      vertex -49.45 -30.5 29.2
    endloop
  endfacet
  facet normal 0 1 0
    outer loop
      vertex -54.45 -30.5 29.2
      vertex -49.45 -30.5 3
      vertex -54.45 -30.5 3
    endloop
  endfacet
  facet normal 1 0 0
    outer loop
      vertex -49.45 -32.5 29.2
      vertex -49.45 -32.9 26.7
      vertex -49.45 -32.5 26.7
    endloop
  endfacet
  facet normal 1 0 0
    outer loop
      vertex -49.45 -32.5 26.7
      vertex -49.45 -30.5 29.2
      vertex -49.45 -32.5 29.2
    endloop
  endfacet
  facet normal 1 0 0
    outer loop
      vertex -49.45 -30.5 29.2
      vertex -49.45 -32.5 26.7
      vertex -49.45 -30.5 3
    endloop
  endfacet
  facet normal 1 0 0
    outer loop
      vertex -49.45 -30.5 3
      vertex -49.45 -32.5 26.7
      vertex -49.45 -32.5 3
    endloop
  endfacet
  facet normal -1 0 0
    outer loop
      vertex -54.45 -32.5 26.7
      vertex -54.45 -30.5 3
      vertex -54.45 -32.5 3
    endloop
  endfacet
  facet normal -1 0 0
    outer loop
      vertex -54.45 -30.5 3
      vertex -54.45 -32.5 26.7
      vertex -54.45 -30.5 29.2
    endloop
  endfacet
  facet normal -1 0 0
    outer loop
      vertex -54.45 -32.5 26.7
      vertex -54.45 -32.5 29.2
      vertex -54.45 -30.5 29.2
    endloop
  endfacet
  facet normal -1 0 -0
    outer loop
      vertex -54.45 -32.5 29.2
      vertex -54.45 -32.5 26.7
      vertex -54.45 -32.9 26.7
    endloop
  endfacet
  facet normal 0 -0.987441 0.157991
    outer loop
      vertex -54.45 -32.9 26.7
      vertex -49.45 -32.5 29.2
      vertex -54.45 -32.5 29.2
    endloop
  endfacet
  facet normal 0 -0.987441 0.157991
    outer loop
      vertex -49.45 -32.5 29.2
      vertex -54.45 -32.9 26.7
      vertex -49.45 -32.9 26.7
    endloop
  endfacet
  facet normal 0 0 -1
    outer loop
      vertex -54.45 -32.9 26.7
      vertex -49.45 -32.5 26.7
      vertex -49.45 -32.9 26.7
    endloop
  endfacet
  facet normal -0 0 -1
    outer loop
      vertex -49.45 -32.5 26.7
      vertex -54.45 -32.9 26.7
      vertex -54.45 -32.5 26.7
    endloop
  endfacet
  facet normal 1 -0 0
    outer loop
      vertex 73.3 10 5
      vertex 73.3 67.3 3
      vertex 73.3 67.3 5
    endloop
  endfacet
  facet normal 1 0 0
    outer loop
      vertex 73.3 67.3 3
      vertex 73.3 10 5
      vertex 73.3 10 3
    endloop
  endfacet
  facet normal 0 0 1
    outer loop
      vertex 73.3 67.3 5
      vertex 72.1 66.1 5
      vertex 73.3 10 5
    endloop
  endfacet
  facet normal 0 0 1
    outer loop
      vertex 73.3 67.3 5
      vertex -10.8 66.1 5
      vertex 72.1 66.1 5
    endloop
  endfacet
  facet normal 0 0 1
    outer loop
      vertex -10.8 66.1 5
      vertex -12 67.3 5
      vertex -10.8 11.2 5
    endloop
  endfacet
  facet normal -0 0 1
    outer loop
      vertex -12 67.3 5
      vertex -10.8 66.1 5
      vertex 73.3 67.3 5
    endloop
  endfacet
  facet normal -0 0 1
    outer loop
      vertex 72.1 11.2 5
      vertex 73.3 10 5
      vertex 72.1 66.1 5
    endloop
  endfacet
  facet normal -0 0 1
    outer loop
      vertex -10.8 11.2 5
      vertex 73.3 10 5
      vertex 72.1 11.2 5
    endloop
  endfacet
  facet normal 0 0 1
    outer loop
      vertex -10.8 11.2 5
      vertex -12 10 5
      vertex 73.3 10 5
    endloop
  endfacet
  facet normal 0 0 1
    outer loop
      vertex -12 10 5
      vertex -10.8 11.2 5
      vertex -12 67.3 5
    endloop
  endfacet
  facet normal -1 0 0
    outer loop
      vertex -12 10 3
      vertex -12 67.3 5
      vertex -12 67.3 3
    endloop
  endfacet
  facet normal -1 -0 0
    outer loop
      vertex -12 67.3 5
      vertex -12 10 3
      vertex -12 10 5
    endloop
  endfacet
  facet normal 0 1 -0
    outer loop
      vertex 73.3 67.3 3
      vertex -12 67.3 5
      vertex 73.3 67.3 5
    endloop
  endfacet
  facet normal 0 1 0
    outer loop
      vertex -12 67.3 5
      vertex 73.3 67.3 3
      vertex -12 67.3 3
    endloop
  endfacet
  facet normal 0 -1 0
    outer loop
      vertex -12 10 3
      vertex 73.3 10 5
      vertex -12 10 5
    endloop
  endfacet
  facet normal 0 -1 -0
    outer loop
      vertex 73.3 10 5
      vertex -12 10 3
      vertex 73.3 10 3
    endloop
  endfacet
  facet normal -1 0 0
    outer loop
      vertex 72.1 11.2 3
      vertex 72.1 66.1 5
      vertex 72.1 66.1 3
    endloop
  endfacet
  facet normal -1 -0 0
    outer loop
      vertex 72.1 66.1 5
      vertex 72.1 11.2 3
      vertex 72.1 11.2 5
    endloop
  endfacet
  facet normal 1 -0 0
    outer loop
      vertex -10.8 11.2 5
      vertex -10.8 66.1 3
      vertex -10.8 66.1 5
    endloop
  endfacet
  facet normal 1 0 0
    outer loop
      vertex -10.8 66.1 3
      vertex -10.8 11.2 5
      vertex -10.8 11.2 3
    endloop
  endfacet
  facet normal 0 -1 0
    outer loop
      vertex -10.8 66.1 3
      vertex 72.1 66.1 5
      vertex -10.8 66.1 5
    endloop
  endfacet
  facet normal 0 -1 -0
    outer loop
      vertex 72.1 66.1 5
      vertex -10.8 66.1 3
      vertex 72.1 66.1 3
    endloop
  endfacet
  facet normal 0 1 -0
    outer loop
      vertex 72.1 11.2 3
      vertex -10.8 11.2 5
      vertex 72.1 11.2 5
    endloop
  endfacet
  facet normal 0 1 0
    outer loop
      vertex -10.8 11.2 5
      vertex 72.1 11.2 3
      vertex -10.8 11.2 3
    endloop
  endfacet
  facet normal 1 -0 0
    outer loop
      vertex 10.5 -9.2 25.4
      vertex 10.5 9.2 3
      vertex 10.5 9.2 25.4
    endloop
  endfacet
  facet normal 1 0 0
    outer loop
      vertex 10.5 9.2 3
      vertex 10.5 -9.2 25.4
      vertex 10.5 -9.2 3
    endloop
  endfacet
  facet normal 0 0 1
    outer loop
      vertex 10.5 9.2 25.4
      vertex 9.2 0 25.4
      vertex 10.5 -9.2 25.4
    endloop
  endfacet
  facet normal 0 0 1
    outer loop
      vertex 10.5 9.2 25.4
      vertex 9.1391 0.306147 25.4
      vertex 9.2 0 25.4
    endloop
  endfacet
  facet normal 0 0 1
    outer loop
      vertex 10.5 9.2 25.4
      vertex 8.96568 0.565685 25.4
      vertex 9.1391 0.306147 25.4
    endloop
  endfacet
  facet normal 0 0 1
    outer loop
      vertex 10.5 9.2 25.4
      vertex 8.70615 0.739103 25.4
      vertex 8.96568 0.565685 25.4
    endloop
  endfacet
  facet normal -0 0 1
    outer loop
      vertex 6.1 6.4 25.4
      vertex 8.70615 0.739103 25.4
      vertex 10.5 9.2 25.4
    endloop
  endfacet
  facet normal 0 0 1
    outer loop
      vertex 8.70615 0.739103 25.4
      vertex 6.1 6.4 25.4
      vertex 8.4 0.799999 25.4
    endloop
  endfacet
  facet normal 0 0 1
    outer loop
      vertex 8.4 0.799999 25.4
      vertex 6.1 6.4 25.4
      vertex 8.09385 0.739103 25.4
    endloop
  endfacet
  facet normal 0 0 1
    outer loop
      vertex 8.09385 0.739103 25.4
      vertex 6.1 6.4 25.4
      vertex 7.83431 0.565685 25.4
    endloop
  endfacet
  facet normal 0 0 1
    outer loop
      vertex 7.6609 0.306147 25.4
      vertex 6.1 6.4 25.4
      vertex 7.6 0 25.4
    endloop
  endfacet
  facet normal 0 0 1
    outer loop
      vertex 7.83431 0.565685 25.4
      vertex 6.1 6.4 25.4
      vertex 7.6609 0.306147 25.4
    endloop
  endfacet
  facet normal 0 0 1
    outer loop
      vertex 10.5 9.2 25.4
      vertex -17.1 6.4 25.4
      vertex 6.1 6.4 25.4
    endloop
  endfacet
  facet normal 0 0 1
    outer loop
      vertex -17.1 6.4 25.4
      vertex -18.6 0 25.4
      vertex -17.1 -6.4 25.4
    endloop
  endfacet
  facet normal 0 0 1
    outer loop
      vertex -17.1 6.4 25.4
      vertex -18.6609 0.306147 25.4
      vertex -18.6 0 25.4
    endloop
  endfacet
  facet normal 0 0 1
    outer loop
      vertex -17.1 6.4 25.4
      vertex -18.8343 0.565685 25.4
      vertex -18.6609 0.306147 25.4
    endloop
  endfacet
  facet normal 0 0 1
    outer loop
      vertex -17.1 6.4 25.4
      vertex -19.0939 0.739103 25.4
      vertex -18.8343 0.565685 25.4
    endloop
  endfacet
  facet normal 0 0 1
    outer loop
      vertex -17.1 6.4 25.4
      vertex -19.4 0.799999 25.4
      vertex -19.0939 0.739103 25.4
    endloop
  endfacet
  facet normal 0 0 1
    outer loop
      vertex -17.1 6.4 25.4
      vertex -19.7061 0.739103 25.4
      vertex -19.4 0.799999 25.4
    endloop
  endfacet
  facet normal 0 0 1
    outer loop
      vertex -21.5 9.2 25.4
      vertex -19.7061 0.739103 25.4
      vertex -17.1 6.4 25.4
    endloop
  endfacet
  facet normal 0 0 1
    outer loop
      vertex -19.7061 0.739103 25.4
      vertex -21.5 9.2 25.4
      vertex -19.9657 0.565685 25.4
    endloop
  endfacet
  facet normal 0 0 1
    outer loop
      vertex -20.1391 0.306147 25.4
      vertex -21.5 9.2 25.4
      vertex -20.2 0 25.4
    endloop
  endfacet
  facet normal 0 0 1
    outer loop
      vertex -19.9657 0.565685 25.4
      vertex -21.5 9.2 25.4
      vertex -20.1391 0.306147 25.4
    endloop
  endfacet
  facet normal -0 0 1
    outer loop
      vertex -21.5 9.2 25.4
      vertex -17.1 6.4 25.4
      vertex 10.5 9.2 25.4
    endloop
  endfacet
  facet normal -0 0 1
    outer loop
      vertex 9.1391 -0.306147 25.4
      vertex 10.5 -9.2 25.4
      vertex 9.2 0 25.4
    endloop
  endfacet
  facet normal -0 0 1
    outer loop
      vertex 8.96568 -0.565685 25.4
      vertex 10.5 -9.2 25.4
      vertex 9.1391 -0.306147 25.4
    endloop
  endfacet
  facet normal -0 0 1
    outer loop
      vertex 8.70615 -0.739103 25.4
      vertex 10.5 -9.2 25.4
      vertex 8.96568 -0.565685 25.4
    endloop
  endfacet
  facet normal 0 0 1
    outer loop
      vertex 6.1 -6.4 25.4
      vertex 8.70615 -0.739103 25.4
      vertex 8.4 -0.799999 25.4
    endloop
  endfacet
  facet normal 0 0 1
    outer loop
      vertex 6.1 -6.4 25.4
      vertex 8.4 -0.799999 25.4
      vertex 8.09385 -0.739103 25.4
    endloop
  endfacet
  facet normal 0 0 1
    outer loop
      vertex 6.1 -6.4 25.4
      vertex 8.09385 -0.739103 25.4
      vertex 7.83431 -0.565685 25.4
    endloop
  endfacet
  facet normal 0 0 1
    outer loop
      vertex 6.1 -6.4 25.4
      vertex 7.83431 -0.565685 25.4
      vertex 7.6609 -0.306147 25.4
    endloop
  endfacet
  facet normal 0 0 1
    outer loop
      vertex 6.1 -6.4 25.4
      vertex 7.6 0 25.4
      vertex 6.1 6.4 25.4
    endloop
  endfacet
  facet normal 0 0 1
    outer loop
      vertex 7.6 0 25.4
      vertex 6.1 -6.4 25.4
      vertex 7.6609 -0.306147 25.4
    endloop
  endfacet
  facet normal 0 0 1
    outer loop
      vertex 8.70615 -0.739103 25.4
      vertex 6.1 -6.4 25.4
      vertex 10.5 -9.2 25.4
    endloop
  endfacet
  facet normal -0 0 1
    outer loop
      vertex -17.1 -6.4 25.4
      vertex 10.5 -9.2 25.4
      vertex 6.1 -6.4 25.4
    endloop
  endfacet
  facet normal -0 0 1
    outer loop
      vertex -18.6609 -0.306147 25.4
      vertex -17.1 -6.4 25.4
      vertex -18.6 0 25.4
    endloop
  endfacet
  facet normal -0 0 1
    outer loop
      vertex -18.8343 -0.565685 25.4
      vertex -17.1 -6.4 25.4
      vertex -18.6609 -0.306147 25.4
    endloop
  endfacet
  facet normal -0 0 1
    outer loop
      vertex -19.0939 -0.739103 25.4
      vertex -17.1 -6.4 25.4
      vertex -18.8343 -0.565685 25.4
    endloop
  endfacet
  facet normal -0 0 1
    outer loop
      vertex -19.4 -0.799999 25.4
      vertex -17.1 -6.4 25.4
      vertex -19.0939 -0.739103 25.4
    endloop
  endfacet
  facet normal 0 0 1
    outer loop
      vertex -19.7061 -0.739103 25.4
      vertex -17.1 -6.4 25.4
      vertex -19.4 -0.799999 25.4
    endloop
  endfacet
  facet normal 0 0 1
    outer loop
      vertex -21.5 -9.2 25.4
      vertex -19.7061 -0.739103 25.4
      vertex -19.9657 -0.565685 25.4
    endloop
  endfacet
  facet normal 0 0 1
    outer loop
      vertex -21.5 -9.2 25.4
      vertex -19.9657 -0.565685 25.4
      vertex -20.1391 -0.306147 25.4
    endloop
  endfacet
  facet normal 0 0 1
    outer loop
      vertex -17.1 -6.4 25.4
      vertex -21.5 -9.2 25.4
      vertex 10.5 -9.2 25.4
    endloop
  endfacet
  facet normal 0 0 1
    outer loop
      vertex -19.7061 -0.739103 25.4
      vertex -21.5 -9.2 25.4
      vertex -17.1 -6.4 25.4
    endloop
  endfacet
  facet normal 0 0 1
    outer loop
      vertex -20.2 0 25.4
      vertex -21.5 -9.2 25.4
      vertex -20.1391 -0.306147 25.4
    endloop
  endfacet
  facet normal 0 0 1
    outer loop
      vertex -21.5 -9.2 25.4
      vertex -20.2 0 25.4
      vertex -21.5 9.2 25.4
    endloop
  endfacet
  facet normal -1 0 0
    outer loop
      vertex -21.5 -3 3
      vertex -21.5 -9.2 3
      vertex -21.5 -3 11
    endloop
  endfacet
  facet normal -1 0 0
    outer loop
      vertex -21.5 3 11
      vertex -21.5 9.2 3
      vertex -21.5 3 3
    endloop
  endfacet
  facet normal -1 0 0
    outer loop
      vertex -21.5 9.2 3
      vertex -21.5 3 11
      vertex -21.5 9.2 25.4
    endloop
  endfacet
  facet normal -1 0 0
    outer loop
      vertex -21.5 -3 11
      vertex -21.5 9.2 25.4
      vertex -21.5 3 11
    endloop
  endfacet
  facet normal -1 0 0
    outer loop
      vertex -21.5 -3 11
      vertex -21.5 -9.2 25.4
      vertex -21.5 9.2 25.4
    endloop
  endfacet
  facet normal -1 0 0
    outer loop
      vertex -21.5 -9.2 25.4
      vertex -21.5 -3 11
      vertex -21.5 -9.2 3
    endloop
  endfacet
  facet normal 0 1 -0
    outer loop
      vertex 10.5 9.2 3
      vertex -21.5 9.2 25.4
      vertex 10.5 9.2 25.4
    endloop
  endfacet
  facet normal 0 1 0
    outer loop
      vertex -21.5 9.2 25.4
      vertex 10.5 9.2 3
      vertex -21.5 9.2 3
    endloop
  endfacet
  facet normal 0 -1 0
    outer loop
      vertex -21.5 -9.2 3
      vertex 10.5 -9.2 25.4
      vertex -21.5 -9.2 25.4
    endloop
  endfacet
  facet normal 0 -1 -0
    outer loop
      vertex 10.5 -9.2 25.4
      vertex -21.5 -9.2 3
      vertex 10.5 -9.2 3
    endloop
  endfacet
  facet normal -0.831496 -0.555531 0
    outer loop
      vertex -18.6609 0.306147 17.4
      vertex -18.8343 0.565685 25.4
      vertex -18.8343 0.565685 17.4
    endloop
  endfacet
  facet normal -0.831496 -0.555531 0
    outer loop
      vertex -18.8343 0.565685 25.4
      vertex -18.6609 0.306147 17.4
      vertex -18.6609 0.306147 25.4
    endloop
  endfacet
  facet normal -0.980783 -0.195101 0
    outer loop
      vertex -18.6 0 17.4
      vertex -18.6609 0.306147 25.4
      vertex -18.6609 0.306147 17.4
    endloop
  endfacet
  facet normal -0.980783 -0.195101 0
    outer loop
      vertex -18.6609 0.306147 25.4
      vertex -18.6 0 17.4
      vertex -18.6 0 25.4
    endloop
  endfacet
  facet normal -0.555479 -0.831531 0
    outer loop
      vertex -19.0939 0.739103 17.4
      vertex -18.8343 0.565685 25.4
      vertex -19.0939 0.739103 25.4
    endloop
  endfacet
  facet normal -0.555479 -0.831531 -0
    outer loop
      vertex -18.8343 0.565685 25.4
      vertex -19.0939 0.739103 17.4
      vertex -18.8343 0.565685 17.4
    endloop
  endfacet
  facet normal -0.195118 -0.98078 0
    outer loop
      vertex -19.4 0.799999 17.4
      vertex -19.0939 0.739103 25.4
      vertex -19.4 0.799999 25.4
    endloop
  endfacet
  facet normal -0.195118 -0.98078 -0
    outer loop
      vertex -19.0939 0.739103 25.4
      vertex -19.4 0.799999 17.4
      vertex -19.0939 0.739103 17.4
    endloop
  endfacet
  facet normal -0.555479 0.831531 0
    outer loop
      vertex -18.8343 -0.565685 17.4
      vertex -19.0939 -0.739103 25.4
      vertex -18.8343 -0.565685 25.4
    endloop
  endfacet
  facet normal -0.555479 0.831531 0
    outer loop
      vertex -19.0939 -0.739103 25.4
      vertex -18.8343 -0.565685 17.4
      vertex -19.0939 -0.739103 17.4
    endloop
  endfacet
  facet normal -0.980783 0.195101 0
    outer loop
      vertex -18.6609 -0.306147 17.4
      vertex -18.6 0 25.4
      vertex -18.6 0 17.4
    endloop
  endfacet
  facet normal -0.980783 0.195101 0
    outer loop
      vertex -18.6 0 25.4
      vertex -18.6609 -0.306147 17.4
      vertex -18.6609 -0.306147 25.4
    endloop
  endfacet
  facet normal 0.980783 0.195101 0
    outer loop
      vertex -20.1391 -0.306147 25.4
      vertex -20.2 0 17.4
      vertex -20.2 0 25.4
    endloop
  endfacet
  facet normal 0.980783 0.195101 0
    outer loop
      vertex -20.2 0 17.4
      vertex -20.1391 -0.306147 25.4
      vertex -20.1391 -0.306147 17.4
    endloop
  endfacet
  facet normal 0.555479 -0.831531 0
    outer loop
      vertex -19.9657 0.565685 17.4
      vertex -19.7061 0.739103 25.4
      vertex -19.9657 0.565685 25.4
    endloop
  endfacet
  facet normal 0.555479 -0.831531 0
    outer loop
      vertex -19.7061 0.739103 25.4
      vertex -19.9657 0.565685 17.4
      vertex -19.7061 0.739103 17.4
    endloop
  endfacet
  facet normal 0.831496 -0.555531 0
    outer loop
      vertex -20.1391 0.306147 25.4
      vertex -19.9657 0.565685 17.4
      vertex -19.9657 0.565685 25.4
    endloop
  endfacet
  facet normal 0.831496 -0.555531 0
    outer loop
      vertex -19.9657 0.565685 17.4
      vertex -20.1391 0.306147 25.4
      vertex -20.1391 0.306147 17.4
    endloop
  endfacet
  facet normal 0.195118 0.98078 -0
    outer loop
      vertex -19.4 -0.799999 17.4
      vertex -19.7061 -0.739103 25.4
      vertex -19.4 -0.799999 25.4
    endloop
  endfacet
  facet normal 0.195118 0.98078 0
    outer loop
      vertex -19.7061 -0.739103 25.4
      vertex -19.4 -0.799999 17.4
      vertex -19.7061 -0.739103 17.4
    endloop
  endfacet
  facet normal -0.831496 0.555531 0
    outer loop
      vertex -18.8343 -0.565685 17.4
      vertex -18.6609 -0.306147 25.4
      vertex -18.6609 -0.306147 17.4
    endloop
  endfacet
  facet normal -0.831496 0.555531 0
    outer loop
      vertex -18.6609 -0.306147 25.4
      vertex -18.8343 -0.565685 17.4
      vertex -18.8343 -0.565685 25.4
    endloop
  endfacet
  facet normal 0.195118 -0.98078 0
    outer loop
      vertex -19.7061 0.739103 17.4
      vertex -19.4 0.799999 25.4
      vertex -19.7061 0.739103 25.4
    endloop
  endfacet
  facet normal 0.195118 -0.98078 0
    outer loop
      vertex -19.4 0.799999 25.4
      vertex -19.7061 0.739103 17.4
      vertex -19.4 0.799999 17.4
    endloop
  endfacet
  facet normal 0.980783 -0.195101 0
    outer loop
      vertex -20.2 0 25.4
      vertex -20.1391 0.306147 17.4
      vertex -20.1391 0.306147 25.4
    endloop
  endfacet
  facet normal 0.980783 -0.195101 0
    outer loop
      vertex -20.1391 0.306147 17.4
      vertex -20.2 0 25.4
      vertex -20.2 0 17.4
    endloop
  endfacet
  facet normal 0.831496 0.555531 0
    outer loop
      vertex -19.9657 -0.565685 25.4
      vertex -20.1391 -0.306147 17.4
      vertex -20.1391 -0.306147 25.4
    endloop
  endfacet
  facet normal 0.831496 0.555531 0
    outer loop
      vertex -20.1391 -0.306147 17.4
      vertex -19.9657 -0.565685 25.4
      vertex -19.9657 -0.565685 17.4
    endloop
  endfacet
  facet normal 0 0 1
    outer loop
      vertex -18.6609 0.306147 17.4
      vertex -18.6609 -0.306147 17.4
      vertex -18.6 0 17.4
    endloop
  endfacet
  facet normal 0 0 1
    outer loop
      vertex -18.8343 0.565685 17.4
      vertex -18.6609 -0.306147 17.4
      vertex -18.6609 0.306147 17.4
    endloop
  endfacet
  facet normal 0 0 1
    outer loop
      vertex -18.8343 0.565685 17.4
      vertex -18.8343 -0.565685 17.4
      vertex -18.6609 -0.306147 17.4
    endloop
  endfacet
  facet normal 0 0 1
    outer loop
      vertex -19.0939 0.739103 17.4
      vertex -18.8343 -0.565685 17.4
      vertex -18.8343 0.565685 17.4
    endloop
  endfacet
  facet normal 0 0 1
    outer loop
      vertex -19.0939 0.739103 17.4
      vertex -19.0939 -0.739103 17.4
      vertex -18.8343 -0.565685 17.4
    endloop
  endfacet
  facet normal 0 0 1
    outer loop
      vertex -19.4 0.799999 17.4
      vertex -19.0939 -0.739103 17.4
      vertex -19.0939 0.739103 17.4
    endloop
  endfacet
  facet normal 0 0 1
    outer loop
      vertex -19.4 0.799999 17.4
      vertex -19.4 -0.799999 17.4
      vertex -19.0939 -0.739103 17.4
    endloop
  endfacet
  facet normal -0 0 1
    outer loop
      vertex -19.7061 0.739103 17.4
      vertex -19.4 -0.799999 17.4
      vertex -19.4 0.799999 17.4
    endloop
  endfacet
  facet normal 0 0 1
    outer loop
      vertex -19.7061 0.739103 17.4
      vertex -19.7061 -0.739103 17.4
      vertex -19.4 -0.799999 17.4
    endloop
  endfacet
  facet normal -0 0 1
    outer loop
      vertex -19.9657 0.565685 17.4
      vertex -19.7061 -0.739103 17.4
      vertex -19.7061 0.739103 17.4
    endloop
  endfacet
  facet normal 0 0 1
    outer loop
      vertex -19.9657 0.565685 17.4
      vertex -19.9657 -0.565685 17.4
      vertex -19.7061 -0.739103 17.4
    endloop
  endfacet
  facet normal -0 0 1
    outer loop
      vertex -20.1391 0.306147 17.4
      vertex -19.9657 -0.565685 17.4
      vertex -19.9657 0.565685 17.4
    endloop
  endfacet
  facet normal 0 0 1
    outer loop
      vertex -20.1391 0.306147 17.4
      vertex -20.1391 -0.306147 17.4
      vertex -19.9657 -0.565685 17.4
    endloop
  endfacet
  facet normal 0 -0 1
    outer loop
      vertex -20.1391 -0.306147 17.4
      vertex -20.1391 0.306147 17.4
      vertex -20.2 0 17.4
    endloop
  endfacet
  facet normal -0.195118 0.98078 0
    outer loop
      vertex -19.0939 -0.739103 17.4
      vertex -19.4 -0.799999 25.4
      vertex -19.0939 -0.739103 25.4
    endloop
  endfacet
  facet normal -0.195118 0.98078 0
    outer loop
      vertex -19.4 -0.799999 25.4
      vertex -19.0939 -0.739103 17.4
      vertex -19.4 -0.799999 17.4
    endloop
  endfacet
  facet normal 0.555479 0.831531 -0
    outer loop
      vertex -19.7061 -0.739103 17.4
      vertex -19.9657 -0.565685 25.4
      vertex -19.7061 -0.739103 25.4
    endloop
  endfacet
  facet normal 0.555479 0.831531 0
    outer loop
      vertex -19.9657 -0.565685 25.4
      vertex -19.7061 -0.739103 17.4
      vertex -19.9657 -0.565685 17.4
    endloop
  endfacet
  facet normal -0.831466 -0.555575 0
    outer loop
      vertex 9.1391 0.306147 17.4
      vertex 8.96568 0.565685 25.4
      vertex 8.96568 0.565685 17.4
    endloop
  endfacet
  facet normal -0.831466 -0.555575 0
    outer loop
      vertex 8.96568 0.565685 25.4
      vertex 9.1391 0.306147 17.4
      vertex 9.1391 0.306147 25.4
    endloop
  endfacet
  facet normal -0.980783 -0.195101 0
    outer loop
      vertex 9.2 0 17.4
      vertex 9.1391 0.306147 25.4
      vertex 9.1391 0.306147 17.4
    endloop
  endfacet
  facet normal -0.980783 -0.195101 0
    outer loop
      vertex 9.1391 0.306147 25.4
      vertex 9.2 0 17.4
      vertex 9.2 0 25.4
    endloop
  endfacet
  facet normal -0.555583 -0.831461 0
    outer loop
      vertex 8.70615 0.739103 17.4
      vertex 8.96568 0.565685 25.4
      vertex 8.70615 0.739103 25.4
    endloop
  endfacet
  facet normal -0.555583 -0.831461 -0
    outer loop
      vertex 8.96568 0.565685 25.4
      vertex 8.70615 0.739103 17.4
      vertex 8.96568 0.565685 17.4
    endloop
  endfacet
  facet normal -0.195087 -0.980786 0
    outer loop
      vertex 8.4 0.799999 17.4
      vertex 8.70615 0.739103 25.4
      vertex 8.4 0.799999 25.4
    endloop
  endfacet
  facet normal -0.195087 -0.980786 -0
    outer loop
      vertex 8.70615 0.739103 25.4
      vertex 8.4 0.799999 17.4
      vertex 8.70615 0.739103 17.4
    endloop
  endfacet
  facet normal -0.555583 0.831461 0
    outer loop
      vertex 8.96568 -0.565685 17.4
      vertex 8.70615 -0.739103 25.4
      vertex 8.96568 -0.565685 25.4
    endloop
  endfacet
  facet normal -0.555583 0.831461 0
    outer loop
      vertex 8.70615 -0.739103 25.4
      vertex 8.96568 -0.565685 17.4
      vertex 8.70615 -0.739103 17.4
    endloop
  endfacet
  facet normal -0.980783 0.195101 0
    outer loop
      vertex 9.1391 -0.306147 17.4
      vertex 9.2 0 25.4
      vertex 9.2 0 17.4
    endloop
  endfacet
  facet normal -0.980783 0.195101 0
    outer loop
      vertex 9.2 0 25.4
      vertex 9.1391 -0.306147 17.4
      vertex 9.1391 -0.306147 25.4
    endloop
  endfacet
  facet normal 0.980783 0.195101 0
    outer loop
      vertex 7.6609 -0.306147 25.4
      vertex 7.6 0 17.4
      vertex 7.6 0 25.4
    endloop
  endfacet
  facet normal 0.980783 0.195101 0
    outer loop
      vertex 7.6 0 17.4
      vertex 7.6609 -0.306147 25.4
      vertex 7.6609 -0.306147 17.4
    endloop
  endfacet
  facet normal 0.555568 -0.831471 0
    outer loop
      vertex 7.83431 0.565685 17.4
      vertex 8.09385 0.739103 25.4
      vertex 7.83431 0.565685 25.4
    endloop
  endfacet
  facet normal 0.555568 -0.831471 0
    outer loop
      vertex 8.09385 0.739103 25.4
      vertex 7.83431 0.565685 17.4
      vertex 8.09385 0.739103 17.4
    endloop
  endfacet
  facet normal 0.831481 -0.555553 0
    outer loop
      vertex 7.6609 0.306147 25.4
      vertex 7.83431 0.565685 17.4
      vertex 7.83431 0.565685 25.4
    endloop
  endfacet
  facet normal 0.831481 -0.555553 0
    outer loop
      vertex 7.83431 0.565685 17.4
      vertex 7.6609 0.306147 25.4
      vertex 7.6609 0.306147 17.4
    endloop
  endfacet
  facet normal 0.195087 0.980786 -0
    outer loop
      vertex 8.4 -0.799999 17.4
      vertex 8.09385 -0.739103 25.4
      vertex 8.4 -0.799999 25.4
    endloop
  endfacet
  facet normal 0.195087 0.980786 0
    outer loop
      vertex 8.09385 -0.739103 25.4
      vertex 8.4 -0.799999 17.4
      vertex 8.09385 -0.739103 17.4
    endloop
  endfacet
  facet normal -0.831466 0.555575 0
    outer loop
      vertex 8.96568 -0.565685 17.4
      vertex 9.1391 -0.306147 25.4
      vertex 9.1391 -0.306147 17.4
    endloop
  endfacet
  facet normal -0.831466 0.555575 0
    outer loop
      vertex 9.1391 -0.306147 25.4
      vertex 8.96568 -0.565685 17.4
      vertex 8.96568 -0.565685 25.4
    endloop
  endfacet
  facet normal 0.195087 -0.980786 0
    outer loop
      vertex 8.09385 0.739103 17.4
      vertex 8.4 0.799999 25.4
      vertex 8.09385 0.739103 25.4
    endloop
  endfacet
  facet normal 0.195087 -0.980786 0
    outer loop
      vertex 8.4 0.799999 25.4
      vertex 8.09385 0.739103 17.4
      vertex 8.4 0.799999 17.4
    endloop
  endfacet
  facet normal 0.980783 -0.195101 0
    outer loop
      vertex 7.6 0 25.4
      vertex 7.6609 0.306147 17.4
      vertex 7.6609 0.306147 25.4
    endloop
  endfacet
  facet normal 0.980783 -0.195101 0
    outer loop
      vertex 7.6609 0.306147 17.4
      vertex 7.6 0 25.4
      vertex 7.6 0 17.4
    endloop
  endfacet
  facet normal 0.831481 0.555553 0
    outer loop
      vertex 7.83431 -0.565685 25.4
      vertex 7.6609 -0.306147 17.4
      vertex 7.6609 -0.306147 25.4
    endloop
  endfacet
  facet normal 0.831481 0.555553 0
    outer loop
      vertex 7.6609 -0.306147 17.4
      vertex 7.83431 -0.565685 25.4
      vertex 7.83431 -0.565685 17.4
    endloop
  endfacet
  facet normal 0 0 1
    outer loop
      vertex 9.1391 0.306147 17.4
      vertex 9.1391 -0.306147 17.4
      vertex 9.2 0 17.4
    endloop
  endfacet
  facet normal 0 0 1
    outer loop
      vertex 8.96568 0.565685 17.4
      vertex 9.1391 -0.306147 17.4
      vertex 9.1391 0.306147 17.4
    endloop
  endfacet
  facet normal 0 0 1
    outer loop
      vertex 8.96568 0.565685 17.4
      vertex 8.96568 -0.565685 17.4
      vertex 9.1391 -0.306147 17.4
    endloop
  endfacet
  facet normal 0 0 1
    outer loop
      vertex 8.70615 0.739103 17.4
      vertex 8.96568 -0.565685 17.4
      vertex 8.96568 0.565685 17.4
    endloop
  endfacet
  facet normal 0 0 1
    outer loop
      vertex 8.70615 0.739103 17.4
      vertex 8.70615 -0.739103 17.4
      vertex 8.96568 -0.565685 17.4
    endloop
  endfacet
  facet normal 0 0 1
    outer loop
      vertex 8.4 0.799999 17.4
      vertex 8.70615 -0.739103 17.4
      vertex 8.70615 0.739103 17.4
    endloop
  endfacet
  facet normal 0 0 1
    outer loop
      vertex 8.4 0.799999 17.4
      vertex 8.4 -0.799999 17.4
      vertex 8.70615 -0.739103 17.4
    endloop
  endfacet
  facet normal -0 0 1
    outer loop
      vertex 8.09385 0.739103 17.4
      vertex 8.4 -0.799999 17.4
      vertex 8.4 0.799999 17.4
    endloop
  endfacet
  facet normal 0 0 1
    outer loop
      vertex 8.09385 0.739103 17.4
      vertex 8.09385 -0.739103 17.4
      vertex 8.4 -0.799999 17.4
    endloop
  endfacet
  facet normal -0 0 1
    outer loop
      vertex 7.83431 0.565685 17.4
      vertex 8.09385 -0.739103 17.4
      vertex 8.09385 0.739103 17.4
    endloop
  endfacet
  facet normal 0 0 1
    outer loop
      vertex 7.83431 0.565685 17.4
      vertex 7.83431 -0.565685 17.4
      vertex 8.09385 -0.739103 17.4
    endloop
  endfacet
  facet normal -0 0 1
    outer loop
      vertex 7.6609 0.306147 17.4
      vertex 7.83431 -0.565685 17.4
      vertex 7.83431 0.565685 17.4
    endloop
  endfacet
  facet normal 0 0 1
    outer loop
      vertex 7.6609 0.306147 17.4
      vertex 7.6609 -0.306147 17.4
      vertex 7.83431 -0.565685 17.4
    endloop
  endfacet
  facet normal 0 -0 1
    outer loop
      vertex 7.6609 -0.306147 17.4
      vertex 7.6609 0.306147 17.4
      vertex 7.6 0 17.4
    endloop
  endfacet
  facet normal -0.195087 0.980786 0
    outer loop
      vertex 8.70615 -0.739103 17.4
      vertex 8.4 -0.799999 25.4
      vertex 8.70615 -0.739103 25.4
    endloop
  endfacet
  facet normal -0.195087 0.980786 0
    outer loop
      vertex 8.4 -0.799999 25.4
      vertex 8.70615 -0.739103 17.4
      vertex 8.4 -0.799999 17.4
    endloop
  endfacet
  facet normal 0.555568 0.831471 -0
    outer loop
      vertex 8.09385 -0.739103 17.4
      vertex 7.83431 -0.565685 25.4
      vertex 8.09385 -0.739103 25.4
    endloop
  endfacet
  facet normal 0.555568 0.831471 0
    outer loop
      vertex 7.83431 -0.565685 25.4
      vertex 8.09385 -0.739103 17.4
      vertex 7.83431 -0.565685 17.4
    endloop
  endfacet
  facet normal -0.989186 -0.146667 0
    outer loop
      vertex -76.756 -67.8775 3
      vertex -76.774 -67.7561 37
      vertex -76.774 -67.7561 3
    endloop
  endfacet
  facet normal -0.989186 -0.146667 0
    outer loop
      vertex -76.774 -67.7561 37
      vertex -76.756 -67.8775 3
      vertex -76.756 -67.8775 37
    endloop
  endfacet
  facet normal -0.998803 -0.0489209 0
    outer loop
      vertex -76.75 -68 3
      vertex -76.756 -67.8775 37
      vertex -76.756 -67.8775 3
    endloop
  endfacet
  facet normal -0.998803 -0.0489209 0
    outer loop
      vertex -76.756 -67.8775 37
      vertex -76.75 -68 3
      vertex -76.75 -68 37
    endloop
  endfacet
  facet normal -0.970047 -0.242919 0
    outer loop
      vertex -76.774 -67.7561 3
      vertex -76.8038 -67.6371 37
      vertex -76.8038 -67.6371 3
    endloop
  endfacet
  facet normal -0.970047 -0.242919 0
    outer loop
      vertex -76.8038 -67.6371 37
      vertex -76.774 -67.7561 3
      vertex -76.774 -67.7561 37
    endloop
  endfacet
  facet normal -0.33742 0.941354 0
    outer loop
      vertex -77.5216 -69.1548 3
      vertex -77.6371 -69.1962 37
      vertex -77.5216 -69.1548 37
    endloop
  endfacet
  facet normal -0.33742 0.941354 0
    outer loop
      vertex -77.6371 -69.1962 37
      vertex -77.5216 -69.1548 3
      vertex -77.6371 -69.1962 3
    endloop
  endfacet
  facet normal -0.33742 -0.941354 0
    outer loop
      vertex -77.6371 -66.8038 3
      vertex -77.5216 -66.8452 37
      vertex -77.6371 -66.8038 37
    endloop
  endfacet
  facet normal -0.33742 -0.941354 -0
    outer loop
      vertex -77.5216 -66.8452 37
      vertex -77.6371 -66.8038 3
      vertex -77.5216 -66.8452 3
    endloop
  endfacet
  facet normal -0.427525 0.904003 0
    outer loop
      vertex -77.4108 -69.1024 3
      vertex -77.5216 -69.1548 37
      vertex -77.4108 -69.1024 37
    endloop
  endfacet
  facet normal -0.427525 0.904003 0
    outer loop
      vertex -77.5216 -69.1548 37
      vertex -77.4108 -69.1024 3
      vertex -77.5216 -69.1548 3
    endloop
  endfacet
  facet normal -0.970047 0.242919 0
    outer loop
      vertex -76.8038 -68.3629 3
      vertex -76.774 -68.2439 37
      vertex -76.774 -68.2439 3
    endloop
  endfacet
  facet normal -0.970047 0.242919 0
    outer loop
      vertex -76.774 -68.2439 37
      vertex -76.8038 -68.3629 3
      vertex -76.8038 -68.3629 37
    endloop
  endfacet
  facet normal -0.242919 -0.970047 0
    outer loop
      vertex -77.7561 -66.774 3
      vertex -77.6371 -66.8038 37
      vertex -77.7561 -66.774 37
    endloop
  endfacet
  facet normal -0.242919 -0.970047 -0
    outer loop
      vertex -77.6371 -66.8038 37
      vertex -77.7561 -66.774 3
      vertex -77.6371 -66.8038 3
    endloop
  endfacet
  facet normal 0.803413 -0.595423 0
    outer loop
      vertex -79.0393 -67.3055 37
      vertex -78.9663 -67.207 3
      vertex -78.9663 -67.207 37
    endloop
  endfacet
  facet normal 0.803413 -0.595423 0
    outer loop
      vertex -78.9663 -67.207 3
      vertex -79.0393 -67.3055 37
      vertex -79.0393 -67.3055 3
    endloop
  endfacet
  facet normal 0.740898 0.671617 0
    outer loop
      vertex -78.8839 -68.8839 37
      vertex -78.9663 -68.793 3
      vertex -78.9663 -68.793 37
    endloop
  endfacet
  facet normal 0.740898 0.671617 0
    outer loop
      vertex -78.9663 -68.793 3
      vertex -78.8839 -68.8839 37
      vertex -78.8839 -68.8839 3
    endloop
  endfacet
  facet normal 0.970047 0.242919 0
    outer loop
      vertex -79.1962 -68.3629 37
      vertex -79.226 -68.2439 3
      vertex -79.226 -68.2439 37
    endloop
  endfacet
  facet normal 0.970047 0.242919 0
    outer loop
      vertex -79.226 -68.2439 3
      vertex -79.1962 -68.3629 37
      vertex -79.1962 -68.3629 3
    endloop
  endfacet
  facet normal 0.427525 -0.904003 0
    outer loop
      vertex -78.5892 -66.8976 3
      vertex -78.4784 -66.8452 37
      vertex -78.5892 -66.8976 37
    endloop
  endfacet
  facet normal 0.427525 -0.904003 0
    outer loop
      vertex -78.4784 -66.8452 37
      vertex -78.5892 -66.8976 3
      vertex -78.4784 -66.8452 3
    endloop
  endfacet
  facet normal 0.427525 0.904003 -0
    outer loop
      vertex -78.4784 -69.1548 3
      vertex -78.5892 -69.1024 37
      vertex -78.4784 -69.1548 37
    endloop
  endfacet
  facet normal 0.427525 0.904003 0
    outer loop
      vertex -78.5892 -69.1024 37
      vertex -78.4784 -69.1548 3
      vertex -78.5892 -69.1024 3
    endloop
  endfacet
  facet normal 0.514016 0.85778 -0
    outer loop
      vertex -78.5892 -69.1024 3
      vertex -78.6945 -69.0393 37
      vertex -78.5892 -69.1024 37
    endloop
  endfacet
  facet normal 0.514016 0.85778 0
    outer loop
      vertex -78.6945 -69.0393 37
      vertex -78.5892 -69.1024 3
      vertex -78.6945 -69.0393 3
    endloop
  endfacet
  facet normal 0.33742 -0.941354 0
    outer loop
      vertex -78.4784 -66.8452 3
      vertex -78.3629 -66.8038 37
      vertex -78.4784 -66.8452 37
    endloop
  endfacet
  facet normal 0.33742 -0.941354 0
    outer loop
      vertex -78.3629 -66.8038 37
      vertex -78.4784 -66.8452 3
      vertex -78.3629 -66.8038 3
    endloop
  endfacet
  facet normal 0.85778 -0.514016 0
    outer loop
      vertex -79.1024 -67.4108 37
      vertex -79.0393 -67.3055 3
      vertex -79.0393 -67.3055 37
    endloop
  endfacet
  facet normal 0.85778 -0.514016 0
    outer loop
      vertex -79.0393 -67.3055 3
      vertex -79.1024 -67.4108 37
      vertex -79.1024 -67.4108 3
    endloop
  endfacet
  facet normal 0.242919 0.970047 -0
    outer loop
      vertex -78.2439 -69.226 3
      vertex -78.3629 -69.1962 37
      vertex -78.2439 -69.226 37
    endloop
  endfacet
  facet normal 0.242919 0.970047 0
    outer loop
      vertex -78.3629 -69.1962 37
      vertex -78.2439 -69.226 3
      vertex -78.3629 -69.1962 3
    endloop
  endfacet
  facet normal 0.671617 0.740898 -0
    outer loop
      vertex -78.793 -68.9663 3
      vertex -78.8839 -68.8839 37
      vertex -78.793 -68.9663 37
    endloop
  endfacet
  facet normal 0.671617 0.740898 0
    outer loop
      vertex -78.8839 -68.8839 37
      vertex -78.793 -68.9663 3
      vertex -78.8839 -68.8839 3
    endloop
  endfacet
  facet normal -0.514016 0.85778 0
    outer loop
      vertex -77.3055 -69.0393 3
      vertex -77.4108 -69.1024 37
      vertex -77.3055 -69.0393 37
    endloop
  endfacet
  facet normal -0.514016 0.85778 0
    outer loop
      vertex -77.4108 -69.1024 37
      vertex -77.3055 -69.0393 3
      vertex -77.4108 -69.1024 3
    endloop
  endfacet
  facet normal -0.427525 -0.904003 0
    outer loop
      vertex -77.5216 -66.8452 3
      vertex -77.4108 -66.8976 37
      vertex -77.5216 -66.8452 37
    endloop
  endfacet
  facet normal -0.427525 -0.904003 -0
    outer loop
      vertex -77.4108 -66.8976 37
      vertex -77.5216 -66.8452 3
      vertex -77.4108 -66.8976 3
    endloop
  endfacet
  facet normal -0.941354 0.33742 0
    outer loop
      vertex -76.8452 -68.4784 3
      vertex -76.8038 -68.3629 37
      vertex -76.8038 -68.3629 3
    endloop
  endfacet
  facet normal -0.941354 0.33742 0
    outer loop
      vertex -76.8038 -68.3629 37
      vertex -76.8452 -68.4784 3
      vertex -76.8452 -68.4784 37
    endloop
  endfacet
  facet normal 0.904003 0.427525 0
    outer loop
      vertex -79.1024 -68.5892 37
      vertex -79.1548 -68.4784 3
      vertex -79.1548 -68.4784 37
    endloop
  endfacet
  facet normal 0.904003 0.427525 0
    outer loop
      vertex -79.1548 -68.4784 3
      vertex -79.1024 -68.5892 37
      vertex -79.1024 -68.5892 3
    endloop
  endfacet
  facet normal 0.595423 -0.803413 0
    outer loop
      vertex -78.793 -67.0337 3
      vertex -78.6945 -66.9607 37
      vertex -78.793 -67.0337 37
    endloop
  endfacet
  facet normal 0.595423 -0.803413 0
    outer loop
      vertex -78.6945 -66.9607 37
      vertex -78.793 -67.0337 3
      vertex -78.6945 -66.9607 3
    endloop
  endfacet
  facet normal -0.803413 -0.595423 0
    outer loop
      vertex -76.9607 -67.3055 3
      vertex -77.0337 -67.207 37
      vertex -77.0337 -67.207 3
    endloop
  endfacet
  facet normal -0.803413 -0.595423 0
    outer loop
      vertex -77.0337 -67.207 37
      vertex -76.9607 -67.3055 3
      vertex -76.9607 -67.3055 37
    endloop
  endfacet
  facet normal 0.998803 0.0489209 0
    outer loop
      vertex -79.244 -68.1225 37
      vertex -79.25 -68 3
      vertex -79.25 -68 37
    endloop
  endfacet
  facet normal 0.998803 0.0489209 0
    outer loop
      vertex -79.25 -68 3
      vertex -79.244 -68.1225 37
      vertex -79.244 -68.1225 3
    endloop
  endfacet
  facet normal -0.0489209 0.998803 0
    outer loop
      vertex -77.8775 -69.244 3
      vertex -78 -69.25 37
      vertex -77.8775 -69.244 37
    endloop
  endfacet
  facet normal -0.0489209 0.998803 0
    outer loop
      vertex -78 -69.25 37
      vertex -77.8775 -69.244 3
      vertex -78 -69.25 3
    endloop
  endfacet
  facet normal 0.146667 -0.989186 0
    outer loop
      vertex -78.2439 -66.774 3
      vertex -78.1225 -66.756 37
      vertex -78.2439 -66.774 37
    endloop
  endfacet
  facet normal 0.146667 -0.989186 0
    outer loop
      vertex -78.1225 -66.756 37
      vertex -78.2439 -66.774 3
      vertex -78.1225 -66.756 3
    endloop
  endfacet
  facet normal 0.146667 0.989186 -0
    outer loop
      vertex -78.1225 -69.244 3
      vertex -78.2439 -69.226 37
      vertex -78.1225 -69.244 37
    endloop
  endfacet
  facet normal 0.146667 0.989186 0
    outer loop
      vertex -78.2439 -69.226 37
      vertex -78.1225 -69.244 3
      vertex -78.2439 -69.226 3
    endloop
  endfacet
  facet normal -0.85778 0.514016 0
    outer loop
      vertex -76.9607 -68.6945 3
      vertex -76.8976 -68.5892 37
      vertex -76.8976 -68.5892 3
    endloop
  endfacet
  facet normal -0.85778 0.514016 0
    outer loop
      vertex -76.8976 -68.5892 37
      vertex -76.9607 -68.6945 3
      vertex -76.9607 -68.6945 37
    endloop
  endfacet
  facet normal 0.970047 -0.242919 0
    outer loop
      vertex -79.226 -67.7561 37
      vertex -79.1962 -67.6371 3
      vertex -79.1962 -67.6371 37
    endloop
  endfacet
  facet normal 0.970047 -0.242919 0
    outer loop
      vertex -79.1962 -67.6371 3
      vertex -79.226 -67.7561 37
      vertex -79.226 -67.7561 3
    endloop
  endfacet
  facet normal 0.595423 0.803413 -0
    outer loop
      vertex -78.6945 -69.0393 3
      vertex -78.793 -68.9663 37
      vertex -78.6945 -69.0393 37
    endloop
  endfacet
  facet normal 0.595423 0.803413 0
    outer loop
      vertex -78.793 -68.9663 37
      vertex -78.6945 -69.0393 3
      vertex -78.793 -68.9663 3
    endloop
  endfacet
  facet normal -0.671617 -0.740898 0
    outer loop
      vertex -77.207 -67.0337 3
      vertex -77.1161 -67.1161 37
      vertex -77.207 -67.0337 37
    endloop
  endfacet
  facet normal -0.671617 -0.740898 -0
    outer loop
      vertex -77.1161 -67.1161 37
      vertex -77.207 -67.0337 3
      vertex -77.1161 -67.1161 3
    endloop
  endfacet
  facet normal -0.998803 0.0489209 0
    outer loop
      vertex -76.756 -68.1225 3
      vertex -76.75 -68 37
      vertex -76.75 -68 3
    endloop
  endfacet
  facet normal -0.998803 0.0489209 0
    outer loop
      vertex -76.75 -68 37
      vertex -76.756 -68.1225 3
      vertex -76.756 -68.1225 37
    endloop
  endfacet
  facet normal -0.595423 -0.803413 0
    outer loop
      vertex -77.3055 -66.9607 3
      vertex -77.207 -67.0337 37
      vertex -77.3055 -66.9607 37
    endloop
  endfacet
  facet normal -0.595423 -0.803413 -0
    outer loop
      vertex -77.207 -67.0337 37
      vertex -77.3055 -66.9607 3
      vertex -77.207 -67.0337 3
    endloop
  endfacet
  facet normal -0.514016 -0.85778 0
    outer loop
      vertex -77.4108 -66.8976 3
      vertex -77.3055 -66.9607 37
      vertex -77.4108 -66.8976 37
    endloop
  endfacet
  facet normal -0.514016 -0.85778 -0
    outer loop
      vertex -77.3055 -66.9607 37
      vertex -77.4108 -66.8976 3
      vertex -77.3055 -66.9607 3
    endloop
  endfacet
  facet normal -0.146667 0.989186 0
    outer loop
      vertex -77.7561 -69.226 3
      vertex -77.8775 -69.244 37
      vertex -77.7561 -69.226 37
    endloop
  endfacet
  facet normal -0.146667 0.989186 0
    outer loop
      vertex -77.8775 -69.244 37
      vertex -77.7561 -69.226 3
      vertex -77.8775 -69.244 3
    endloop
  endfacet
  facet normal -0.941354 -0.33742 0
    outer loop
      vertex -76.8038 -67.6371 3
      vertex -76.8452 -67.5216 37
      vertex -76.8452 -67.5216 3
    endloop
  endfacet
  facet normal -0.941354 -0.33742 0
    outer loop
      vertex -76.8452 -67.5216 37
      vertex -76.8038 -67.6371 3
      vertex -76.8038 -67.6371 37
    endloop
  endfacet
  facet normal -0.740898 0.671617 0
    outer loop
      vertex -77.1161 -68.8839 3
      vertex -77.0337 -68.793 37
      vertex -77.0337 -68.793 3
    endloop
  endfacet
  facet normal -0.740898 0.671617 0
    outer loop
      vertex -77.0337 -68.793 37
      vertex -77.1161 -68.8839 3
      vertex -77.1161 -68.8839 37
    endloop
  endfacet
  facet normal -0.803413 0.595423 0
    outer loop
      vertex -77.0337 -68.793 3
      vertex -76.9607 -68.6945 37
      vertex -76.9607 -68.6945 3
    endloop
  endfacet
  facet normal -0.803413 0.595423 0
    outer loop
      vertex -76.9607 -68.6945 37
      vertex -77.0337 -68.793 3
      vertex -77.0337 -68.793 37
    endloop
  endfacet
  facet normal -0.146667 -0.989186 0
    outer loop
      vertex -77.8775 -66.756 3
      vertex -77.7561 -66.774 37
      vertex -77.8775 -66.756 37
    endloop
  endfacet
  facet normal -0.146667 -0.989186 -0
    outer loop
      vertex -77.7561 -66.774 37
      vertex -77.8775 -66.756 3
      vertex -77.7561 -66.774 3
    endloop
  endfacet
  facet normal -0.904003 0.427525 0
    outer loop
      vertex -76.8976 -68.5892 3
      vertex -76.8452 -68.4784 37
      vertex -76.8452 -68.4784 3
    endloop
  endfacet
  facet normal -0.904003 0.427525 0
    outer loop
      vertex -76.8452 -68.4784 37
      vertex -76.8976 -68.5892 3
      vertex -76.8976 -68.5892 37
    endloop
  endfacet
  facet normal -0.904003 -0.427525 0
    outer loop
      vertex -76.8452 -67.5216 3
      vertex -76.8976 -67.4108 37
      vertex -76.8976 -67.4108 3
    endloop
  endfacet
  facet normal -0.904003 -0.427525 0
    outer loop
      vertex -76.8976 -67.4108 37
      vertex -76.8452 -67.5216 3
      vertex -76.8452 -67.5216 37
    endloop
  endfacet
  facet normal 0.0489209 -0.998803 0
    outer loop
      vertex -78.1225 -66.756 3
      vertex -78 -66.75 37
      vertex -78.1225 -66.756 37
    endloop
  endfacet
  facet normal 0.0489209 -0.998803 0
    outer loop
      vertex -78 -66.75 37
      vertex -78.1225 -66.756 3
      vertex -78 -66.75 3
    endloop
  endfacet
  facet normal 0.514016 -0.85778 0
    outer loop
      vertex -78.6945 -66.9607 3
      vertex -78.5892 -66.8976 37
      vertex -78.6945 -66.9607 37
    endloop
  endfacet
  facet normal 0.514016 -0.85778 0
    outer loop
      vertex -78.5892 -66.8976 37
      vertex -78.6945 -66.9607 3
      vertex -78.5892 -66.8976 3
    endloop
  endfacet
  facet normal -0.989186 0.146667 0
    outer loop
      vertex -76.774 -68.2439 3
      vertex -76.756 -68.1225 37
      vertex -76.756 -68.1225 3
    endloop
  endfacet
  facet normal -0.989186 0.146667 0
    outer loop
      vertex -76.756 -68.1225 37
      vertex -76.774 -68.2439 3
      vertex -76.774 -68.2439 37
    endloop
  endfacet
  facet normal -0.85778 -0.514016 0
    outer loop
      vertex -76.8976 -67.4108 3
      vertex -76.9607 -67.3055 37
      vertex -76.9607 -67.3055 3
    endloop
  endfacet
  facet normal -0.85778 -0.514016 0
    outer loop
      vertex -76.9607 -67.3055 37
      vertex -76.8976 -67.4108 3
      vertex -76.8976 -67.4108 37
    endloop
  endfacet
  facet normal 0.941354 -0.33742 0
    outer loop
      vertex -79.1962 -67.6371 37
      vertex -79.1548 -67.5216 3
      vertex -79.1548 -67.5216 37
    endloop
  endfacet
  facet normal 0.941354 -0.33742 0
    outer loop
      vertex -79.1548 -67.5216 3
      vertex -79.1962 -67.6371 37
      vertex -79.1962 -67.6371 3
    endloop
  endfacet
  facet normal -0.0489209 -0.998803 0
    outer loop
      vertex -78 -66.75 3
      vertex -77.8775 -66.756 37
      vertex -78 -66.75 37
    endloop
  endfacet
  facet normal -0.0489209 -0.998803 -0
    outer loop
      vertex -77.8775 -66.756 37
      vertex -78 -66.75 3
      vertex -77.8775 -66.756 3
    endloop
  endfacet
  facet normal 0.671617 -0.740898 0
    outer loop
      vertex -78.8839 -67.1161 3
      vertex -78.793 -67.0337 37
      vertex -78.8839 -67.1161 37
    endloop
  endfacet
  facet normal 0.671617 -0.740898 0
    outer loop
      vertex -78.793 -67.0337 37
      vertex -78.8839 -67.1161 3
      vertex -78.793 -67.0337 3
    endloop
  endfacet
  facet normal 0.941354 0.33742 0
    outer loop
      vertex -79.1548 -68.4784 37
      vertex -79.1962 -68.3629 3
      vertex -79.1962 -68.3629 37
    endloop
  endfacet
  facet normal 0.941354 0.33742 0
    outer loop
      vertex -79.1962 -68.3629 3
      vertex -79.1548 -68.4784 37
      vertex -79.1548 -68.4784 3
    endloop
  endfacet
  facet normal 0.33742 0.941354 -0
    outer loop
      vertex -78.3629 -69.1962 3
      vertex -78.4784 -69.1548 37
      vertex -78.3629 -69.1962 37
    endloop
  endfacet
  facet normal 0.33742 0.941354 0
    outer loop
      vertex -78.4784 -69.1548 37
      vertex -78.3629 -69.1962 3
      vertex -78.4784 -69.1548 3
    endloop
  endfacet
  facet normal 0.85778 0.514016 0
    outer loop
      vertex -79.0393 -68.6945 37
      vertex -79.1024 -68.5892 3
      vertex -79.1024 -68.5892 37
    endloop
  endfacet
  facet normal 0.85778 0.514016 0
    outer loop
      vertex -79.1024 -68.5892 3
      vertex -79.0393 -68.6945 37
      vertex -79.0393 -68.6945 3
    endloop
  endfacet
  facet normal -0.242919 0.970047 0
    outer loop
      vertex -77.6371 -69.1962 3
      vertex -77.7561 -69.226 37
      vertex -77.6371 -69.1962 37
    endloop
  endfacet
  facet normal -0.242919 0.970047 0
    outer loop
      vertex -77.7561 -69.226 37
      vertex -77.6371 -69.1962 3
      vertex -77.7561 -69.226 3
    endloop
  endfacet
  facet normal 0.242919 -0.970047 0
    outer loop
      vertex -78.3629 -66.8038 3
      vertex -78.2439 -66.774 37
      vertex -78.3629 -66.8038 37
    endloop
  endfacet
  facet normal 0.242919 -0.970047 0
    outer loop
      vertex -78.2439 -66.774 37
      vertex -78.3629 -66.8038 3
      vertex -78.2439 -66.774 3
    endloop
  endfacet
  facet normal -0.740898 -0.671617 0
    outer loop
      vertex -77.0337 -67.207 3
      vertex -77.1161 -67.1161 37
      vertex -77.1161 -67.1161 3
    endloop
  endfacet
  facet normal -0.740898 -0.671617 0
    outer loop
      vertex -77.1161 -67.1161 37
      vertex -77.0337 -67.207 3
      vertex -77.0337 -67.207 37
    endloop
  endfacet
  facet normal -0.595423 0.803413 0
    outer loop
      vertex -77.207 -68.9663 3
      vertex -77.3055 -69.0393 37
      vertex -77.207 -68.9663 37
    endloop
  endfacet
  facet normal -0.595423 0.803413 0
    outer loop
      vertex -77.3055 -69.0393 37
      vertex -77.207 -68.9663 3
      vertex -77.3055 -69.0393 3
    endloop
  endfacet
  facet normal 0.740898 -0.671617 0
    outer loop
      vertex -78.9663 -67.207 37
      vertex -78.8839 -67.1161 3
      vertex -78.8839 -67.1161 37
    endloop
  endfacet
  facet normal 0.740898 -0.671617 0
    outer loop
      vertex -78.8839 -67.1161 3
      vertex -78.9663 -67.207 37
      vertex -78.9663 -67.207 3
    endloop
  endfacet
  facet normal 0.904003 -0.427525 0
    outer loop
      vertex -79.1548 -67.5216 37
      vertex -79.1024 -67.4108 3
      vertex -79.1024 -67.4108 37
    endloop
  endfacet
  facet normal 0.904003 -0.427525 0
    outer loop
      vertex -79.1024 -67.4108 3
      vertex -79.1548 -67.5216 37
      vertex -79.1548 -67.5216 3
    endloop
  endfacet
  facet normal 0.803413 0.595423 0
    outer loop
      vertex -78.9663 -68.793 37
      vertex -79.0393 -68.6945 3
      vertex -79.0393 -68.6945 37
    endloop
  endfacet
  facet normal 0.803413 0.595423 0
    outer loop
      vertex -79.0393 -68.6945 3
      vertex -78.9663 -68.793 37
      vertex -78.9663 -68.793 3
    endloop
  endfacet
  facet normal 0.989186 0.146667 0
    outer loop
      vertex -79.226 -68.2439 37
      vertex -79.244 -68.1225 3
      vertex -79.244 -68.1225 37
    endloop
  endfacet
  facet normal 0.989186 0.146667 0
    outer loop
      vertex -79.244 -68.1225 3
      vertex -79.226 -68.2439 37
      vertex -79.226 -68.2439 3
    endloop
  endfacet
  facet normal 0.989186 -0.146667 0
    outer loop
      vertex -79.244 -67.8775 37
      vertex -79.226 -67.7561 3
      vertex -79.226 -67.7561 37
    endloop
  endfacet
  facet normal 0.989186 -0.146667 0
    outer loop
      vertex -79.226 -67.7561 3
      vertex -79.244 -67.8775 37
      vertex -79.244 -67.8775 3
    endloop
  endfacet
  facet normal 0.0489209 0.998803 -0
    outer loop
      vertex -78 -69.25 3
      vertex -78.1225 -69.244 37
      vertex -78 -69.25 37
    endloop
  endfacet
  facet normal 0.0489209 0.998803 0
    outer loop
      vertex -78.1225 -69.244 37
      vertex -78 -69.25 3
      vertex -78.1225 -69.244 3
    endloop
  endfacet
  facet normal 0.998803 -0.0489209 0
    outer loop
      vertex -79.25 -68 37
      vertex -79.244 -67.8775 3
      vertex -79.244 -67.8775 37
    endloop
  endfacet
  facet normal 0.998803 -0.0489209 0
    outer loop
      vertex -79.244 -67.8775 3
      vertex -79.25 -68 37
      vertex -79.25 -68 3
    endloop
  endfacet
  facet normal -0.671617 0.740898 0
    outer loop
      vertex -77.1161 -68.8839 3
      vertex -77.207 -68.9663 37
      vertex -77.1161 -68.8839 37
    endloop
  endfacet
  facet normal -0.671617 0.740898 0
    outer loop
      vertex -77.207 -68.9663 37
      vertex -77.1161 -68.8839 3
      vertex -77.207 -68.9663 3
    endloop
  endfacet
  facet normal 0 0 1
    outer loop
      vertex -76.756 -67.8775 3
      vertex -76.756 -68.1225 3
      vertex -76.75 -68 3
    endloop
  endfacet
  facet normal 0 0 1
    outer loop
      vertex -76.774 -67.7561 3
      vertex -76.756 -68.1225 3
      vertex -76.756 -67.8775 3
    endloop
  endfacet
  facet normal 0 0 1
    outer loop
      vertex -76.774 -67.7561 3
      vertex -76.774 -68.2439 3
      vertex -76.756 -68.1225 3
    endloop
  endfacet
  facet normal 0 0 1
    outer loop
      vertex -76.8038 -67.6371 3
      vertex -76.774 -68.2439 3
      vertex -76.774 -67.7561 3
    endloop
  endfacet
  facet normal 0 0 1
    outer loop
      vertex -76.8038 -67.6371 3
      vertex -76.8038 -68.3629 3
      vertex -76.774 -68.2439 3
    endloop
  endfacet
  facet normal 0 0 1
    outer loop
      vertex -76.8452 -67.5216 3
      vertex -76.8038 -68.3629 3
      vertex -76.8038 -67.6371 3
    endloop
  endfacet
  facet normal 0 0 1
    outer loop
      vertex -76.8452 -67.5216 3
      vertex -76.8452 -68.4784 3
      vertex -76.8038 -68.3629 3
    endloop
  endfacet
  facet normal 0 0 1
    outer loop
      vertex -76.8976 -67.4108 3
      vertex -76.8452 -68.4784 3
      vertex -76.8452 -67.5216 3
    endloop
  endfacet
  facet normal 0 0 1
    outer loop
      vertex -76.8976 -67.4108 3
      vertex -76.8976 -68.5892 3
      vertex -76.8452 -68.4784 3
    endloop
  endfacet
  facet normal 0 0 1
    outer loop
      vertex -76.9607 -67.3055 3
      vertex -76.8976 -68.5892 3
      vertex -76.8976 -67.4108 3
    endloop
  endfacet
  facet normal 0 0 1
    outer loop
      vertex -76.9607 -67.3055 3
      vertex -76.9607 -68.6945 3
      vertex -76.8976 -68.5892 3
    endloop
  endfacet
  facet normal 0 0 1
    outer loop
      vertex -77.0337 -67.207 3
      vertex -76.9607 -68.6945 3
      vertex -76.9607 -67.3055 3
    endloop
  endfacet
  facet normal 0 0 1
    outer loop
      vertex -77.0337 -67.207 3
      vertex -77.0337 -68.793 3
      vertex -76.9607 -68.6945 3
    endloop
  endfacet
  facet normal 0 0 1
    outer loop
      vertex -77.1161 -67.1161 3
      vertex -77.0337 -68.793 3
      vertex -77.0337 -67.207 3
    endloop
  endfacet
  facet normal 0 0 1
    outer loop
      vertex -77.1161 -67.1161 3
      vertex -77.1161 -68.8839 3
      vertex -77.0337 -68.793 3
    endloop
  endfacet
  facet normal 0 0 1
    outer loop
      vertex -77.207 -67.0337 3
      vertex -77.1161 -68.8839 3
      vertex -77.1161 -67.1161 3
    endloop
  endfacet
  facet normal 0 0 1
    outer loop
      vertex -77.207 -67.0337 3
      vertex -77.207 -68.9663 3
      vertex -77.1161 -68.8839 3
    endloop
  endfacet
  facet normal 0 0 1
    outer loop
      vertex -77.3055 -66.9607 3
      vertex -77.207 -68.9663 3
      vertex -77.207 -67.0337 3
    endloop
  endfacet
  facet normal 0 0 1
    outer loop
      vertex -77.3055 -66.9607 3
      vertex -77.3055 -69.0393 3
      vertex -77.207 -68.9663 3
    endloop
  endfacet
  facet normal 0 0 1
    outer loop
      vertex -77.4108 -66.8976 3
      vertex -77.3055 -69.0393 3
      vertex -77.3055 -66.9607 3
    endloop
  endfacet
  facet normal 0 0 1
    outer loop
      vertex -77.4108 -66.8976 3
      vertex -77.4108 -69.1024 3
      vertex -77.3055 -69.0393 3
    endloop
  endfacet
  facet normal 0 0 1
    outer loop
      vertex -77.5216 -66.8452 3
      vertex -77.4108 -69.1024 3
      vertex -77.4108 -66.8976 3
    endloop
  endfacet
  facet normal 0 0 1
    outer loop
      vertex -77.5216 -66.8452 3
      vertex -77.5216 -69.1548 3
      vertex -77.4108 -69.1024 3
    endloop
  endfacet
  facet normal 0 0 1
    outer loop
      vertex -77.6371 -66.8038 3
      vertex -77.5216 -69.1548 3
      vertex -77.5216 -66.8452 3
    endloop
  endfacet
  facet normal 0 0 1
    outer loop
      vertex -77.6371 -66.8038 3
      vertex -77.6371 -69.1962 3
      vertex -77.5216 -69.1548 3
    endloop
  endfacet
  facet normal 0 0 1
    outer loop
      vertex -77.7561 -66.774 3
      vertex -77.6371 -69.1962 3
      vertex -77.6371 -66.8038 3
    endloop
  endfacet
  facet normal 0 0 1
    outer loop
      vertex -77.7561 -66.774 3
      vertex -77.7561 -69.226 3
      vertex -77.6371 -69.1962 3
    endloop
  endfacet
  facet normal 0 0 1
    outer loop
      vertex -77.8775 -66.756 3
      vertex -77.7561 -69.226 3
      vertex -77.7561 -66.774 3
    endloop
  endfacet
  facet normal 0 0 1
    outer loop
      vertex -77.8775 -66.756 3
      vertex -77.8775 -69.244 3
      vertex -77.7561 -69.226 3
    endloop
  endfacet
  facet normal 0 0 1
    outer loop
      vertex -78 -66.75 3
      vertex -77.8775 -69.244 3
      vertex -77.8775 -66.756 3
    endloop
  endfacet
  facet normal 0 0 1
    outer loop
      vertex -78 -66.75 3
      vertex -78 -69.25 3
      vertex -77.8775 -69.244 3
    endloop
  endfacet
  facet normal -0 0 1
    outer loop
      vertex -78.1225 -66.756 3
      vertex -78 -69.25 3
      vertex -78 -66.75 3
    endloop
  endfacet
  facet normal 0 0 1
    outer loop
      vertex -78.1225 -66.756 3
      vertex -78.1225 -69.244 3
      vertex -78 -69.25 3
    endloop
  endfacet
  facet normal -0 0 1
    outer loop
      vertex -78.2439 -66.774 3
      vertex -78.1225 -69.244 3
      vertex -78.1225 -66.756 3
    endloop
  endfacet
  facet normal 0 0 1
    outer loop
      vertex -78.2439 -66.774 3
      vertex -78.2439 -69.226 3
      vertex -78.1225 -69.244 3
    endloop
  endfacet
  facet normal -0 0 1
    outer loop
      vertex -78.3629 -66.8038 3
      vertex -78.2439 -69.226 3
      vertex -78.2439 -66.774 3
    endloop
  endfacet
  facet normal 0 0 1
    outer loop
      vertex -78.3629 -66.8038 3
      vertex -78.3629 -69.1962 3
      vertex -78.2439 -69.226 3
    endloop
  endfacet
  facet normal -0 0 1
    outer loop
      vertex -78.4784 -66.8452 3
      vertex -78.3629 -69.1962 3
      vertex -78.3629 -66.8038 3
    endloop
  endfacet
  facet normal 0 0 1
    outer loop
      vertex -78.4784 -66.8452 3
      vertex -78.4784 -69.1548 3
      vertex -78.3629 -69.1962 3
    endloop
  endfacet
  facet normal -0 0 1
    outer loop
      vertex -78.5892 -66.8976 3
      vertex -78.4784 -69.1548 3
      vertex -78.4784 -66.8452 3
    endloop
  endfacet
  facet normal 0 0 1
    outer loop
      vertex -78.5892 -66.8976 3
      vertex -78.5892 -69.1024 3
      vertex -78.4784 -69.1548 3
    endloop
  endfacet
  facet normal -0 0 1
    outer loop
      vertex -78.6945 -66.9607 3
      vertex -78.5892 -69.1024 3
      vertex -78.5892 -66.8976 3
    endloop
  endfacet
  facet normal 0 0 1
    outer loop
      vertex -78.6945 -66.9607 3
      vertex -78.6945 -69.0393 3
      vertex -78.5892 -69.1024 3
    endloop
  endfacet
  facet normal -0 0 1
    outer loop
      vertex -78.793 -67.0337 3
      vertex -78.6945 -69.0393 3
      vertex -78.6945 -66.9607 3
    endloop
  endfacet
  facet normal 0 0 1
    outer loop
      vertex -78.793 -67.0337 3
      vertex -78.793 -68.9663 3
      vertex -78.6945 -69.0393 3
    endloop
  endfacet
  facet normal -0 0 1
    outer loop
      vertex -78.8839 -67.1161 3
      vertex -78.793 -68.9663 3
      vertex -78.793 -67.0337 3
    endloop
  endfacet
  facet normal 0 0 1
    outer loop
      vertex -78.8839 -67.1161 3
      vertex -78.8839 -68.8839 3
      vertex -78.793 -68.9663 3
    endloop
  endfacet
  facet normal -0 0 1
    outer loop
      vertex -78.9663 -67.207 3
      vertex -78.8839 -68.8839 3
      vertex -78.8839 -67.1161 3
    endloop
  endfacet
  facet normal 0 0 1
    outer loop
      vertex -78.9663 -67.207 3
      vertex -78.9663 -68.793 3
      vertex -78.8839 -68.8839 3
    endloop
  endfacet
  facet normal -0 0 1
    outer loop
      vertex -79.0393 -67.3055 3
      vertex -78.9663 -68.793 3
      vertex -78.9663 -67.207 3
    endloop
  endfacet
  facet normal 0 0 1
    outer loop
      vertex -79.0393 -67.3055 3
      vertex -79.0393 -68.6945 3
      vertex -78.9663 -68.793 3
    endloop
  endfacet
  facet normal -0 0 1
    outer loop
      vertex -79.1024 -67.4108 3
      vertex -79.0393 -68.6945 3
      vertex -79.0393 -67.3055 3
    endloop
  endfacet
  facet normal 0 0 1
    outer loop
      vertex -79.1024 -67.4108 3
      vertex -79.1024 -68.5892 3
      vertex -79.0393 -68.6945 3
    endloop
  endfacet
  facet normal -0 0 1
    outer loop
      vertex -79.1548 -67.5216 3
      vertex -79.1024 -68.5892 3
      vertex -79.1024 -67.4108 3
    endloop
  endfacet
  facet normal 0 0 1
    outer loop
      vertex -79.1548 -67.5216 3
      vertex -79.1548 -68.4784 3
      vertex -79.1024 -68.5892 3
    endloop
  endfacet
  facet normal -0 0 1
    outer loop
      vertex -79.1962 -67.6371 3
      vertex -79.1548 -68.4784 3
      vertex -79.1548 -67.5216 3
    endloop
  endfacet
  facet normal 0 0 1
    outer loop
      vertex -79.1962 -67.6371 3
      vertex -79.1962 -68.3629 3
      vertex -79.1548 -68.4784 3
    endloop
  endfacet
  facet normal -0 0 1
    outer loop
      vertex -79.226 -67.7561 3
      vertex -79.1962 -68.3629 3
      vertex -79.1962 -67.6371 3
    endloop
  endfacet
  facet normal 0 0 1
    outer loop
      vertex -79.226 -67.7561 3
      vertex -79.226 -68.2439 3
      vertex -79.1962 -68.3629 3
    endloop
  endfacet
  facet normal -0 0 1
    outer loop
      vertex -79.244 -67.8775 3
      vertex -79.226 -68.2439 3
      vertex -79.226 -67.7561 3
    endloop
  endfacet
  facet normal 0 0 1
    outer loop
      vertex -79.244 -67.8775 3
      vertex -79.244 -68.1225 3
      vertex -79.226 -68.2439 3
    endloop
  endfacet
  facet normal 0 -0 1
    outer loop
      vertex -79.244 -68.1225 3
      vertex -79.244 -67.8775 3
      vertex -79.25 -68 3
    endloop
  endfacet
  facet normal -0.989186 -0.146667 0
    outer loop
      vertex -76.756 68.1225 3
      vertex -76.774 68.2439 37
      vertex -76.774 68.2439 3
    endloop
  endfacet
  facet normal -0.989186 -0.146667 0
    outer loop
      vertex -76.774 68.2439 37
      vertex -76.756 68.1225 3
      vertex -76.756 68.1225 37
    endloop
  endfacet
  facet normal -0.998803 -0.0489209 0
    outer loop
      vertex -76.75 68 3
      vertex -76.756 68.1225 37
      vertex -76.756 68.1225 3
    endloop
  endfacet
  facet normal -0.998803 -0.0489209 0
    outer loop
      vertex -76.756 68.1225 37
      vertex -76.75 68 3
      vertex -76.75 68 37
    endloop
  endfacet
  facet normal -0.970047 -0.242919 0
    outer loop
      vertex -76.774 68.2439 3
      vertex -76.8038 68.3629 37
      vertex -76.8038 68.3629 3
    endloop
  endfacet
  facet normal -0.970047 -0.242919 0
    outer loop
      vertex -76.8038 68.3629 37
      vertex -76.774 68.2439 3
      vertex -76.774 68.2439 37
    endloop
  endfacet
  facet normal 0.146667 -0.989186 0
    outer loop
      vertex -78.2439 69.226 3
      vertex -78.1225 69.244 37
      vertex -78.2439 69.226 37
    endloop
  endfacet
  facet normal 0.146667 -0.989186 0
    outer loop
      vertex -78.1225 69.244 37
      vertex -78.2439 69.226 3
      vertex -78.1225 69.244 3
    endloop
  endfacet
  facet normal -0.33742 0.941354 0
    outer loop
      vertex -77.5216 66.8452 3
      vertex -77.6371 66.8038 37
      vertex -77.5216 66.8452 37
    endloop
  endfacet
  facet normal -0.33742 0.941354 0
    outer loop
      vertex -77.6371 66.8038 37
      vertex -77.5216 66.8452 3
      vertex -77.6371 66.8038 3
    endloop
  endfacet
  facet normal 0.740898 -0.671617 0
    outer loop
      vertex -78.9663 68.793 37
      vertex -78.8839 68.8839 3
      vertex -78.8839 68.8839 37
    endloop
  endfacet
  facet normal 0.740898 -0.671617 0
    outer loop
      vertex -78.8839 68.8839 3
      vertex -78.9663 68.793 37
      vertex -78.9663 68.793 3
    endloop
  endfacet
  facet normal 0.671617 -0.740898 0
    outer loop
      vertex -78.8839 68.8839 3
      vertex -78.793 68.9663 37
      vertex -78.8839 68.8839 37
    endloop
  endfacet
  facet normal 0.671617 -0.740898 0
    outer loop
      vertex -78.793 68.9663 37
      vertex -78.8839 68.8839 3
      vertex -78.793 68.9663 3
    endloop
  endfacet
  facet normal -0.941354 -0.33742 0
    outer loop
      vertex -76.8038 68.3629 3
      vertex -76.8452 68.4784 37
      vertex -76.8452 68.4784 3
    endloop
  endfacet
  facet normal -0.941354 -0.33742 0
    outer loop
      vertex -76.8452 68.4784 37
      vertex -76.8038 68.3629 3
      vertex -76.8038 68.3629 37
    endloop
  endfacet
  facet normal -0.671617 -0.740898 0
    outer loop
      vertex -77.207 68.9663 3
      vertex -77.1161 68.8839 37
      vertex -77.207 68.9663 37
    endloop
  endfacet
  facet normal -0.671617 -0.740898 -0
    outer loop
      vertex -77.1161 68.8839 37
      vertex -77.207 68.9663 3
      vertex -77.1161 68.8839 3
    endloop
  endfacet
  facet normal -0.427525 0.904003 0
    outer loop
      vertex -77.4108 66.8976 3
      vertex -77.5216 66.8452 37
      vertex -77.4108 66.8976 37
    endloop
  endfacet
  facet normal -0.427525 0.904003 0
    outer loop
      vertex -77.5216 66.8452 37
      vertex -77.4108 66.8976 3
      vertex -77.5216 66.8452 3
    endloop
  endfacet
  facet normal -0.740898 -0.671617 0
    outer loop
      vertex -77.0337 68.793 3
      vertex -77.1161 68.8839 37
      vertex -77.1161 68.8839 3
    endloop
  endfacet
  facet normal -0.740898 -0.671617 0
    outer loop
      vertex -77.1161 68.8839 37
      vertex -77.0337 68.793 3
      vertex -77.0337 68.793 37
    endloop
  endfacet
  facet normal -0.671617 0.740898 0
    outer loop
      vertex -77.1161 67.1161 3
      vertex -77.207 67.0337 37
      vertex -77.1161 67.1161 37
    endloop
  endfacet
  facet normal -0.671617 0.740898 0
    outer loop
      vertex -77.207 67.0337 37
      vertex -77.1161 67.1161 3
      vertex -77.207 67.0337 3
    endloop
  endfacet
  facet normal -0.514016 -0.85778 0
    outer loop
      vertex -77.4108 69.1024 3
      vertex -77.3055 69.0393 37
      vertex -77.4108 69.1024 37
    endloop
  endfacet
  facet normal -0.514016 -0.85778 -0
    outer loop
      vertex -77.3055 69.0393 37
      vertex -77.4108 69.1024 3
      vertex -77.3055 69.0393 3
    endloop
  endfacet
  facet normal 0.803413 0.595423 0
    outer loop
      vertex -78.9663 67.207 37
      vertex -79.0393 67.3055 3
      vertex -79.0393 67.3055 37
    endloop
  endfacet
  facet normal 0.803413 0.595423 0
    outer loop
      vertex -79.0393 67.3055 3
      vertex -78.9663 67.207 37
      vertex -78.9663 67.207 3
    endloop
  endfacet
  facet normal -0.998803 0.0489209 0
    outer loop
      vertex -76.756 67.8775 3
      vertex -76.75 68 37
      vertex -76.75 68 3
    endloop
  endfacet
  facet normal -0.998803 0.0489209 0
    outer loop
      vertex -76.75 68 37
      vertex -76.756 67.8775 3
      vertex -76.756 67.8775 37
    endloop
  endfacet
  facet normal -0.904003 0.427525 0
    outer loop
      vertex -76.8976 67.4108 3
      vertex -76.8452 67.5216 37
      vertex -76.8452 67.5216 3
    endloop
  endfacet
  facet normal -0.904003 0.427525 0
    outer loop
      vertex -76.8452 67.5216 37
      vertex -76.8976 67.4108 3
      vertex -76.8976 67.4108 37
    endloop
  endfacet
  facet normal 0.998803 -0.0489209 0
    outer loop
      vertex -79.25 68 37
      vertex -79.244 68.1225 3
      vertex -79.244 68.1225 37
    endloop
  endfacet
  facet normal 0.998803 -0.0489209 0
    outer loop
      vertex -79.244 68.1225 3
      vertex -79.25 68 37
      vertex -79.25 68 3
    endloop
  endfacet
  facet normal 0.941354 0.33742 0
    outer loop
      vertex -79.1548 67.5216 37
      vertex -79.1962 67.6371 3
      vertex -79.1962 67.6371 37
    endloop
  endfacet
  facet normal 0.941354 0.33742 0
    outer loop
      vertex -79.1962 67.6371 3
      vertex -79.1548 67.5216 37
      vertex -79.1548 67.5216 3
    endloop
  endfacet
  facet normal 0.0489209 0.998803 -0
    outer loop
      vertex -78 66.75 3
      vertex -78.1225 66.756 37
      vertex -78 66.75 37
    endloop
  endfacet
  facet normal 0.0489209 0.998803 0
    outer loop
      vertex -78.1225 66.756 37
      vertex -78 66.75 3
      vertex -78.1225 66.756 3
    endloop
  endfacet
  facet normal -0.989186 0.146667 0
    outer loop
      vertex -76.774 67.7561 3
      vertex -76.756 67.8775 37
      vertex -76.756 67.8775 3
    endloop
  endfacet
  facet normal -0.989186 0.146667 0
    outer loop
      vertex -76.756 67.8775 37
      vertex -76.774 67.7561 3
      vertex -76.774 67.7561 37
    endloop
  endfacet
  facet normal 0.33742 -0.941354 0
    outer loop
      vertex -78.4784 69.1548 3
      vertex -78.3629 69.1962 37
      vertex -78.4784 69.1548 37
    endloop
  endfacet
  facet normal 0.33742 -0.941354 0
    outer loop
      vertex -78.3629 69.1962 37
      vertex -78.4784 69.1548 3
      vertex -78.3629 69.1962 3
    endloop
  endfacet
  facet normal 0.904003 0.427525 0
    outer loop
      vertex -79.1024 67.4108 37
      vertex -79.1548 67.5216 3
      vertex -79.1548 67.5216 37
    endloop
  endfacet
  facet normal 0.904003 0.427525 0
    outer loop
      vertex -79.1548 67.5216 3
      vertex -79.1024 67.4108 37
      vertex -79.1024 67.4108 3
    endloop
  endfacet
  facet normal 0.242919 -0.970047 0
    outer loop
      vertex -78.3629 69.1962 3
      vertex -78.2439 69.226 37
      vertex -78.3629 69.1962 37
    endloop
  endfacet
  facet normal 0.242919 -0.970047 0
    outer loop
      vertex -78.2439 69.226 37
      vertex -78.3629 69.1962 3
      vertex -78.2439 69.226 3
    endloop
  endfacet
  facet normal -0.740898 0.671617 0
    outer loop
      vertex -77.1161 67.1161 3
      vertex -77.0337 67.207 37
      vertex -77.0337 67.207 3
    endloop
  endfacet
  facet normal -0.740898 0.671617 0
    outer loop
      vertex -77.0337 67.207 37
      vertex -77.1161 67.1161 3
      vertex -77.1161 67.1161 37
    endloop
  endfacet
  facet normal -0.970047 0.242919 0
    outer loop
      vertex -76.8038 67.6371 3
      vertex -76.774 67.7561 37
      vertex -76.774 67.7561 3
    endloop
  endfacet
  facet normal -0.970047 0.242919 0
    outer loop
      vertex -76.774 67.7561 37
      vertex -76.8038 67.6371 3
      vertex -76.8038 67.6371 37
    endloop
  endfacet
  facet normal 0.970047 0.242919 0
    outer loop
      vertex -79.1962 67.6371 37
      vertex -79.226 67.7561 3
      vertex -79.226 67.7561 37
    endloop
  endfacet
  facet normal 0.970047 0.242919 0
    outer loop
      vertex -79.226 67.7561 3
      vertex -79.1962 67.6371 37
      vertex -79.1962 67.6371 3
    endloop
  endfacet
  facet normal 0.998803 0.0489209 0
    outer loop
      vertex -79.244 67.8775 37
      vertex -79.25 68 3
      vertex -79.25 68 37
    endloop
  endfacet
  facet normal 0.998803 0.0489209 0
    outer loop
      vertex -79.25 68 3
      vertex -79.244 67.8775 37
      vertex -79.244 67.8775 3
    endloop
  endfacet
  facet normal -0.514016 0.85778 0
    outer loop
      vertex -77.3055 66.9607 3
      vertex -77.4108 66.8976 37
      vertex -77.3055 66.9607 37
    endloop
  endfacet
  facet normal -0.514016 0.85778 0
    outer loop
      vertex -77.4108 66.8976 37
      vertex -77.3055 66.9607 3
      vertex -77.4108 66.8976 3
    endloop
  endfacet
  facet normal 0.595423 -0.803413 0
    outer loop
      vertex -78.793 68.9663 3
      vertex -78.6945 69.0393 37
      vertex -78.793 68.9663 37
    endloop
  endfacet
  facet normal 0.595423 -0.803413 0
    outer loop
      vertex -78.6945 69.0393 37
      vertex -78.793 68.9663 3
      vertex -78.6945 69.0393 3
    endloop
  endfacet
  facet normal 0.85778 -0.514016 0
    outer loop
      vertex -79.1024 68.5892 37
      vertex -79.0393 68.6945 3
      vertex -79.0393 68.6945 37
    endloop
  endfacet
  facet normal 0.85778 -0.514016 0
    outer loop
      vertex -79.0393 68.6945 3
      vertex -79.1024 68.5892 37
      vertex -79.1024 68.5892 3
    endloop
  endfacet
  facet normal 0.514016 -0.85778 0
    outer loop
      vertex -78.6945 69.0393 3
      vertex -78.5892 69.1024 37
      vertex -78.6945 69.0393 37
    endloop
  endfacet
  facet normal 0.514016 -0.85778 0
    outer loop
      vertex -78.5892 69.1024 37
      vertex -78.6945 69.0393 3
      vertex -78.5892 69.1024 3
    endloop
  endfacet
  facet normal 0.427525 -0.904003 0
    outer loop
      vertex -78.5892 69.1024 3
      vertex -78.4784 69.1548 37
      vertex -78.5892 69.1024 37
    endloop
  endfacet
  facet normal 0.427525 -0.904003 0
    outer loop
      vertex -78.4784 69.1548 37
      vertex -78.5892 69.1024 3
      vertex -78.4784 69.1548 3
    endloop
  endfacet
  facet normal -0.595423 -0.803413 0
    outer loop
      vertex -77.3055 69.0393 3
      vertex -77.207 68.9663 37
      vertex -77.3055 69.0393 37
    endloop
  endfacet
  facet normal -0.595423 -0.803413 -0
    outer loop
      vertex -77.207 68.9663 37
      vertex -77.3055 69.0393 3
      vertex -77.207 68.9663 3
    endloop
  endfacet
  facet normal 0.941354 -0.33742 0
    outer loop
      vertex -79.1962 68.3629 37
      vertex -79.1548 68.4784 3
      vertex -79.1548 68.4784 37
    endloop
  endfacet
  facet normal 0.941354 -0.33742 0
    outer loop
      vertex -79.1548 68.4784 3
      vertex -79.1962 68.3629 37
      vertex -79.1962 68.3629 3
    endloop
  endfacet
  facet normal 0.740898 0.671617 0
    outer loop
      vertex -78.8839 67.1161 37
      vertex -78.9663 67.207 3
      vertex -78.9663 67.207 37
    endloop
  endfacet
  facet normal 0.740898 0.671617 0
    outer loop
      vertex -78.9663 67.207 3
      vertex -78.8839 67.1161 37
      vertex -78.8839 67.1161 3
    endloop
  endfacet
  facet normal 0.989186 0.146667 0
    outer loop
      vertex -79.226 67.7561 37
      vertex -79.244 67.8775 3
      vertex -79.244 67.8775 37
    endloop
  endfacet
  facet normal 0.989186 0.146667 0
    outer loop
      vertex -79.244 67.8775 3
      vertex -79.226 67.7561 37
      vertex -79.226 67.7561 3
    endloop
  endfacet
  facet normal 0.803413 -0.595423 0
    outer loop
      vertex -79.0393 68.6945 37
      vertex -78.9663 68.793 3
      vertex -78.9663 68.793 37
    endloop
  endfacet
  facet normal 0.803413 -0.595423 0
    outer loop
      vertex -78.9663 68.793 3
      vertex -79.0393 68.6945 37
      vertex -79.0393 68.6945 3
    endloop
  endfacet
  facet normal 0.989186 -0.146667 0
    outer loop
      vertex -79.244 68.1225 37
      vertex -79.226 68.2439 3
      vertex -79.226 68.2439 37
    endloop
  endfacet
  facet normal 0.989186 -0.146667 0
    outer loop
      vertex -79.226 68.2439 3
      vertex -79.244 68.1225 37
      vertex -79.244 68.1225 3
    endloop
  endfacet
  facet normal -0.85778 0.514016 0
    outer loop
      vertex -76.9607 67.3055 3
      vertex -76.8976 67.4108 37
      vertex -76.8976 67.4108 3
    endloop
  endfacet
  facet normal -0.85778 0.514016 0
    outer loop
      vertex -76.8976 67.4108 37
      vertex -76.9607 67.3055 3
      vertex -76.9607 67.3055 37
    endloop
  endfacet
  facet normal -0.85778 -0.514016 0
    outer loop
      vertex -76.8976 68.5892 3
      vertex -76.9607 68.6945 37
      vertex -76.9607 68.6945 3
    endloop
  endfacet
  facet normal -0.85778 -0.514016 0
    outer loop
      vertex -76.9607 68.6945 37
      vertex -76.8976 68.5892 3
      vertex -76.8976 68.5892 37
    endloop
  endfacet
  facet normal -0.803413 -0.595423 0
    outer loop
      vertex -76.9607 68.6945 3
      vertex -77.0337 68.793 37
      vertex -77.0337 68.793 3
    endloop
  endfacet
  facet normal -0.803413 -0.595423 0
    outer loop
      vertex -77.0337 68.793 37
      vertex -76.9607 68.6945 3
      vertex -76.9607 68.6945 37
    endloop
  endfacet
  facet normal -0.904003 -0.427525 0
    outer loop
      vertex -76.8452 68.4784 3
      vertex -76.8976 68.5892 37
      vertex -76.8976 68.5892 3
    endloop
  endfacet
  facet normal -0.904003 -0.427525 0
    outer loop
      vertex -76.8976 68.5892 37
      vertex -76.8452 68.4784 3
      vertex -76.8452 68.4784 37
    endloop
  endfacet
  facet normal 0.904003 -0.427525 0
    outer loop
      vertex -79.1548 68.4784 37
      vertex -79.1024 68.5892 3
      vertex -79.1024 68.5892 37
    endloop
  endfacet
  facet normal 0.904003 -0.427525 0
    outer loop
      vertex -79.1024 68.5892 3
      vertex -79.1548 68.4784 37
      vertex -79.1548 68.4784 3
    endloop
  endfacet
  facet normal -0.146667 -0.989186 0
    outer loop
      vertex -77.8775 69.244 3
      vertex -77.7561 69.226 37
      vertex -77.8775 69.244 37
    endloop
  endfacet
  facet normal -0.146667 -0.989186 -0
    outer loop
      vertex -77.7561 69.226 37
      vertex -77.8775 69.244 3
      vertex -77.7561 69.226 3
    endloop
  endfacet
  facet normal 0.85778 0.514016 0
    outer loop
      vertex -79.0393 67.3055 37
      vertex -79.1024 67.4108 3
      vertex -79.1024 67.4108 37
    endloop
  endfacet
  facet normal 0.85778 0.514016 0
    outer loop
      vertex -79.1024 67.4108 3
      vertex -79.0393 67.3055 37
      vertex -79.0393 67.3055 3
    endloop
  endfacet
  facet normal -0.0489209 -0.998803 0
    outer loop
      vertex -78 69.25 3
      vertex -77.8775 69.244 37
      vertex -78 69.25 37
    endloop
  endfacet
  facet normal -0.0489209 -0.998803 -0
    outer loop
      vertex -77.8775 69.244 37
      vertex -78 69.25 3
      vertex -77.8775 69.244 3
    endloop
  endfacet
  facet normal -0.427525 -0.904003 0
    outer loop
      vertex -77.5216 69.1548 3
      vertex -77.4108 69.1024 37
      vertex -77.5216 69.1548 37
    endloop
  endfacet
  facet normal -0.427525 -0.904003 -0
    outer loop
      vertex -77.4108 69.1024 37
      vertex -77.5216 69.1548 3
      vertex -77.4108 69.1024 3
    endloop
  endfacet
  facet normal -0.941354 0.33742 0
    outer loop
      vertex -76.8452 67.5216 3
      vertex -76.8038 67.6371 37
      vertex -76.8038 67.6371 3
    endloop
  endfacet
  facet normal -0.941354 0.33742 0
    outer loop
      vertex -76.8038 67.6371 37
      vertex -76.8452 67.5216 3
      vertex -76.8452 67.5216 37
    endloop
  endfacet
  facet normal 0.514016 0.85778 -0
    outer loop
      vertex -78.5892 66.8976 3
      vertex -78.6945 66.9607 37
      vertex -78.5892 66.8976 37
    endloop
  endfacet
  facet normal 0.514016 0.85778 0
    outer loop
      vertex -78.6945 66.9607 37
      vertex -78.5892 66.8976 3
      vertex -78.6945 66.9607 3
    endloop
  endfacet
  facet normal 0.146667 0.989186 -0
    outer loop
      vertex -78.1225 66.756 3
      vertex -78.2439 66.774 37
      vertex -78.1225 66.756 37
    endloop
  endfacet
  facet normal 0.146667 0.989186 0
    outer loop
      vertex -78.2439 66.774 37
      vertex -78.1225 66.756 3
      vertex -78.2439 66.774 3
    endloop
  endfacet
  facet normal -0.0489209 0.998803 0
    outer loop
      vertex -77.8775 66.756 3
      vertex -78 66.75 37
      vertex -77.8775 66.756 37
    endloop
  endfacet
  facet normal -0.0489209 0.998803 0
    outer loop
      vertex -78 66.75 37
      vertex -77.8775 66.756 3
      vertex -78 66.75 3
    endloop
  endfacet
  facet normal 0.0489209 -0.998803 0
    outer loop
      vertex -78.1225 69.244 3
      vertex -78 69.25 37
      vertex -78.1225 69.244 37
    endloop
  endfacet
  facet normal 0.0489209 -0.998803 0
    outer loop
      vertex -78 69.25 37
      vertex -78.1225 69.244 3
      vertex -78 69.25 3
    endloop
  endfacet
  facet normal -0.33742 -0.941354 0
    outer loop
      vertex -77.6371 69.1962 3
      vertex -77.5216 69.1548 37
      vertex -77.6371 69.1962 37
    endloop
  endfacet
  facet normal -0.33742 -0.941354 -0
    outer loop
      vertex -77.5216 69.1548 37
      vertex -77.6371 69.1962 3
      vertex -77.5216 69.1548 3
    endloop
  endfacet
  facet normal -0.803413 0.595423 0
    outer loop
      vertex -77.0337 67.207 3
      vertex -76.9607 67.3055 37
      vertex -76.9607 67.3055 3
    endloop
  endfacet
  facet normal -0.803413 0.595423 0
    outer loop
      vertex -76.9607 67.3055 37
      vertex -77.0337 67.207 3
      vertex -77.0337 67.207 37
    endloop
  endfacet
  facet normal -0.146667 0.989186 0
    outer loop
      vertex -77.7561 66.774 3
      vertex -77.8775 66.756 37
      vertex -77.7561 66.774 37
    endloop
  endfacet
  facet normal -0.146667 0.989186 0
    outer loop
      vertex -77.8775 66.756 37
      vertex -77.7561 66.774 3
      vertex -77.8775 66.756 3
    endloop
  endfacet
  facet normal 0.33742 0.941354 -0
    outer loop
      vertex -78.3629 66.8038 3
      vertex -78.4784 66.8452 37
      vertex -78.3629 66.8038 37
    endloop
  endfacet
  facet normal 0.33742 0.941354 0
    outer loop
      vertex -78.4784 66.8452 37
      vertex -78.3629 66.8038 3
      vertex -78.4784 66.8452 3
    endloop
  endfacet
  facet normal 0.595423 0.803413 -0
    outer loop
      vertex -78.6945 66.9607 3
      vertex -78.793 67.0337 37
      vertex -78.6945 66.9607 37
    endloop
  endfacet
  facet normal 0.595423 0.803413 0
    outer loop
      vertex -78.793 67.0337 37
      vertex -78.6945 66.9607 3
      vertex -78.793 67.0337 3
    endloop
  endfacet
  facet normal 0.970047 -0.242919 0
    outer loop
      vertex -79.226 68.2439 37
      vertex -79.1962 68.3629 3
      vertex -79.1962 68.3629 37
    endloop
  endfacet
  facet normal 0.970047 -0.242919 0
    outer loop
      vertex -79.1962 68.3629 3
      vertex -79.226 68.2439 37
      vertex -79.226 68.2439 3
    endloop
  endfacet
  facet normal -0.595423 0.803413 0
    outer loop
      vertex -77.207 67.0337 3
      vertex -77.3055 66.9607 37
      vertex -77.207 67.0337 37
    endloop
  endfacet
  facet normal -0.595423 0.803413 0
    outer loop
      vertex -77.3055 66.9607 37
      vertex -77.207 67.0337 3
      vertex -77.3055 66.9607 3
    endloop
  endfacet
  facet normal -0.242919 0.970047 0
    outer loop
      vertex -77.6371 66.8038 3
      vertex -77.7561 66.774 37
      vertex -77.6371 66.8038 37
    endloop
  endfacet
  facet normal -0.242919 0.970047 0
    outer loop
      vertex -77.7561 66.774 37
      vertex -77.6371 66.8038 3
      vertex -77.7561 66.774 3
    endloop
  endfacet
  facet normal 0.671617 0.740898 -0
    outer loop
      vertex -78.793 67.0337 3
      vertex -78.8839 67.1161 37
      vertex -78.793 67.0337 37
    endloop
  endfacet
  facet normal 0.671617 0.740898 0
    outer loop
      vertex -78.8839 67.1161 37
      vertex -78.793 67.0337 3
      vertex -78.8839 67.1161 3
    endloop
  endfacet
  facet normal -0.242919 -0.970047 0
    outer loop
      vertex -77.7561 69.226 3
      vertex -77.6371 69.1962 37
      vertex -77.7561 69.226 37
    endloop
  endfacet
  facet normal -0.242919 -0.970047 -0
    outer loop
      vertex -77.6371 69.1962 37
      vertex -77.7561 69.226 3
      vertex -77.6371 69.1962 3
    endloop
  endfacet
  facet normal 0.242919 0.970047 -0
    outer loop
      vertex -78.2439 66.774 3
      vertex -78.3629 66.8038 37
      vertex -78.2439 66.774 37
    endloop
  endfacet
  facet normal 0.242919 0.970047 0
    outer loop
      vertex -78.3629 66.8038 37
      vertex -78.2439 66.774 3
      vertex -78.3629 66.8038 3
    endloop
  endfacet
  facet normal 0.427525 0.904003 -0
    outer loop
      vertex -78.4784 66.8452 3
      vertex -78.5892 66.8976 37
      vertex -78.4784 66.8452 37
    endloop
  endfacet
  facet normal 0.427525 0.904003 0
    outer loop
      vertex -78.5892 66.8976 37
      vertex -78.4784 66.8452 3
      vertex -78.5892 66.8976 3
    endloop
  endfacet
  facet normal 0 0 1
    outer loop
      vertex -76.756 68.1225 3
      vertex -76.756 67.8775 3
      vertex -76.75 68 3
    endloop
  endfacet
  facet normal 0 0 1
    outer loop
      vertex -76.774 68.2439 3
      vertex -76.756 67.8775 3
      vertex -76.756 68.1225 3
    endloop
  endfacet
  facet normal 0 0 1
    outer loop
      vertex -76.774 68.2439 3
      vertex -76.774 67.7561 3
      vertex -76.756 67.8775 3
    endloop
  endfacet
  facet normal 0 0 1
    outer loop
      vertex -76.8038 68.3629 3
      vertex -76.774 67.7561 3
      vertex -76.774 68.2439 3
    endloop
  endfacet
  facet normal 0 0 1
    outer loop
      vertex -76.8038 68.3629 3
      vertex -76.8038 67.6371 3
      vertex -76.774 67.7561 3
    endloop
  endfacet
  facet normal 0 0 1
    outer loop
      vertex -76.8452 68.4784 3
      vertex -76.8038 67.6371 3
      vertex -76.8038 68.3629 3
    endloop
  endfacet
  facet normal 0 0 1
    outer loop
      vertex -76.8452 68.4784 3
      vertex -76.8452 67.5216 3
      vertex -76.8038 67.6371 3
    endloop
  endfacet
  facet normal 0 0 1
    outer loop
      vertex -76.8976 68.5892 3
      vertex -76.8452 67.5216 3
      vertex -76.8452 68.4784 3
    endloop
  endfacet
  facet normal 0 0 1
    outer loop
      vertex -76.8976 68.5892 3
      vertex -76.8976 67.4108 3
      vertex -76.8452 67.5216 3
    endloop
  endfacet
  facet normal 0 0 1
    outer loop
      vertex -76.9607 68.6945 3
      vertex -76.8976 67.4108 3
      vertex -76.8976 68.5892 3
    endloop
  endfacet
  facet normal 0 0 1
    outer loop
      vertex -76.9607 68.6945 3
      vertex -76.9607 67.3055 3
      vertex -76.8976 67.4108 3
    endloop
  endfacet
  facet normal 0 0 1
    outer loop
      vertex -77.0337 68.793 3
      vertex -76.9607 67.3055 3
      vertex -76.9607 68.6945 3
    endloop
  endfacet
  facet normal 0 0 1
    outer loop
      vertex -77.0337 68.793 3
      vertex -77.0337 67.207 3
      vertex -76.9607 67.3055 3
    endloop
  endfacet
  facet normal 0 0 1
    outer loop
      vertex -77.1161 68.8839 3
      vertex -77.0337 67.207 3
      vertex -77.0337 68.793 3
    endloop
  endfacet
  facet normal 0 0 1
    outer loop
      vertex -77.1161 68.8839 3
      vertex -77.1161 67.1161 3
      vertex -77.0337 67.207 3
    endloop
  endfacet
  facet normal 0 0 1
    outer loop
      vertex -77.207 68.9663 3
      vertex -77.1161 67.1161 3
      vertex -77.1161 68.8839 3
    endloop
  endfacet
  facet normal 0 0 1
    outer loop
      vertex -77.207 68.9663 3
      vertex -77.207 67.0337 3
      vertex -77.1161 67.1161 3
    endloop
  endfacet
  facet normal 0 0 1
    outer loop
      vertex -77.3055 69.0393 3
      vertex -77.207 67.0337 3
      vertex -77.207 68.9663 3
    endloop
  endfacet
  facet normal 0 0 1
    outer loop
      vertex -77.3055 69.0393 3
      vertex -77.3055 66.9607 3
      vertex -77.207 67.0337 3
    endloop
  endfacet
  facet normal 0 0 1
    outer loop
      vertex -77.4108 69.1024 3
      vertex -77.3055 66.9607 3
      vertex -77.3055 69.0393 3
    endloop
  endfacet
  facet normal 0 0 1
    outer loop
      vertex -77.4108 69.1024 3
      vertex -77.4108 66.8976 3
      vertex -77.3055 66.9607 3
    endloop
  endfacet
  facet normal 0 0 1
    outer loop
      vertex -77.5216 69.1548 3
      vertex -77.4108 66.8976 3
      vertex -77.4108 69.1024 3
    endloop
  endfacet
  facet normal 0 0 1
    outer loop
      vertex -77.5216 69.1548 3
      vertex -77.5216 66.8452 3
      vertex -77.4108 66.8976 3
    endloop
  endfacet
  facet normal 0 0 1
    outer loop
      vertex -77.6371 69.1962 3
      vertex -77.5216 66.8452 3
      vertex -77.5216 69.1548 3
    endloop
  endfacet
  facet normal 0 0 1
    outer loop
      vertex -77.6371 69.1962 3
      vertex -77.6371 66.8038 3
      vertex -77.5216 66.8452 3
    endloop
  endfacet
  facet normal 0 0 1
    outer loop
      vertex -77.7561 69.226 3
      vertex -77.6371 66.8038 3
      vertex -77.6371 69.1962 3
    endloop
  endfacet
  facet normal 0 0 1
    outer loop
      vertex -77.7561 69.226 3
      vertex -77.7561 66.774 3
      vertex -77.6371 66.8038 3
    endloop
  endfacet
  facet normal 0 0 1
    outer loop
      vertex -77.8775 69.244 3
      vertex -77.7561 66.774 3
      vertex -77.7561 69.226 3
    endloop
  endfacet
  facet normal 0 0 1
    outer loop
      vertex -77.8775 69.244 3
      vertex -77.8775 66.756 3
      vertex -77.7561 66.774 3
    endloop
  endfacet
  facet normal 0 0 1
    outer loop
      vertex -78 69.25 3
      vertex -77.8775 66.756 3
      vertex -77.8775 69.244 3
    endloop
  endfacet
  facet normal 0 0 1
    outer loop
      vertex -78 69.25 3
      vertex -78 66.75 3
      vertex -77.8775 66.756 3
    endloop
  endfacet
  facet normal -0 0 1
    outer loop
      vertex -78.1225 69.244 3
      vertex -78 66.75 3
      vertex -78 69.25 3
    endloop
  endfacet
  facet normal 0 0 1
    outer loop
      vertex -78.1225 69.244 3
      vertex -78.1225 66.756 3
      vertex -78 66.75 3
    endloop
  endfacet
  facet normal -0 0 1
    outer loop
      vertex -78.2439 69.226 3
      vertex -78.1225 66.756 3
      vertex -78.1225 69.244 3
    endloop
  endfacet
  facet normal 0 0 1
    outer loop
      vertex -78.2439 69.226 3
      vertex -78.2439 66.774 3
      vertex -78.1225 66.756 3
    endloop
  endfacet
  facet normal -0 0 1
    outer loop
      vertex -78.3629 69.1962 3
      vertex -78.2439 66.774 3
      vertex -78.2439 69.226 3
    endloop
  endfacet
  facet normal 0 0 1
    outer loop
      vertex -78.3629 69.1962 3
      vertex -78.3629 66.8038 3
      vertex -78.2439 66.774 3
    endloop
  endfacet
  facet normal -0 0 1
    outer loop
      vertex -78.4784 69.1548 3
      vertex -78.3629 66.8038 3
      vertex -78.3629 69.1962 3
    endloop
  endfacet
  facet normal 0 0 1
    outer loop
      vertex -78.4784 69.1548 3
      vertex -78.4784 66.8452 3
      vertex -78.3629 66.8038 3
    endloop
  endfacet
  facet normal -0 0 1
    outer loop
      vertex -78.5892 69.1024 3
      vertex -78.4784 66.8452 3
      vertex -78.4784 69.1548 3
    endloop
  endfacet
  facet normal 0 0 1
    outer loop
      vertex -78.5892 69.1024 3
      vertex -78.5892 66.8976 3
      vertex -78.4784 66.8452 3
    endloop
  endfacet
  facet normal -0 0 1
    outer loop
      vertex -78.6945 69.0393 3
      vertex -78.5892 66.8976 3
      vertex -78.5892 69.1024 3
    endloop
  endfacet
  facet normal 0 0 1
    outer loop
      vertex -78.6945 69.0393 3
      vertex -78.6945 66.9607 3
      vertex -78.5892 66.8976 3
    endloop
  endfacet
  facet normal -0 0 1
    outer loop
      vertex -78.793 68.9663 3
      vertex -78.6945 66.9607 3
      vertex -78.6945 69.0393 3
    endloop
  endfacet
  facet normal 0 0 1
    outer loop
      vertex -78.793 68.9663 3
      vertex -78.793 67.0337 3
      vertex -78.6945 66.9607 3
    endloop
  endfacet
  facet normal -0 0 1
    outer loop
      vertex -78.8839 68.8839 3
      vertex -78.793 67.0337 3
      vertex -78.793 68.9663 3
    endloop
  endfacet
  facet normal 0 0 1
    outer loop
      vertex -78.8839 68.8839 3
      vertex -78.8839 67.1161 3
      vertex -78.793 67.0337 3
    endloop
  endfacet
  facet normal -0 0 1
    outer loop
      vertex -78.9663 68.793 3
      vertex -78.8839 67.1161 3
      vertex -78.8839 68.8839 3
    endloop
  endfacet
  facet normal 0 0 1
    outer loop
      vertex -78.9663 68.793 3
      vertex -78.9663 67.207 3
      vertex -78.8839 67.1161 3
    endloop
  endfacet
  facet normal -0 0 1
    outer loop
      vertex -79.0393 68.6945 3
      vertex -78.9663 67.207 3
      vertex -78.9663 68.793 3
    endloop
  endfacet
  facet normal 0 0 1
    outer loop
      vertex -79.0393 68.6945 3
      vertex -79.0393 67.3055 3
      vertex -78.9663 67.207 3
    endloop
  endfacet
  facet normal -0 0 1
    outer loop
      vertex -79.1024 68.5892 3
      vertex -79.0393 67.3055 3
      vertex -79.0393 68.6945 3
    endloop
  endfacet
  facet normal 0 0 1
    outer loop
      vertex -79.1024 68.5892 3
      vertex -79.1024 67.4108 3
      vertex -79.0393 67.3055 3
    endloop
  endfacet
  facet normal -0 0 1
    outer loop
      vertex -79.1548 68.4784 3
      vertex -79.1024 67.4108 3
      vertex -79.1024 68.5892 3
    endloop
  endfacet
  facet normal 0 0 1
    outer loop
      vertex -79.1548 68.4784 3
      vertex -79.1548 67.5216 3
      vertex -79.1024 67.4108 3
    endloop
  endfacet
  facet normal -0 0 1
    outer loop
      vertex -79.1962 68.3629 3
      vertex -79.1548 67.5216 3
      vertex -79.1548 68.4784 3
    endloop
  endfacet
  facet normal 0 0 1
    outer loop
      vertex -79.1962 68.3629 3
      vertex -79.1962 67.6371 3
      vertex -79.1548 67.5216 3
    endloop
  endfacet
  facet normal -0 0 1
    outer loop
      vertex -79.226 68.2439 3
      vertex -79.1962 67.6371 3
      vertex -79.1962 68.3629 3
    endloop
  endfacet
  facet normal 0 0 1
    outer loop
      vertex -79.226 68.2439 3
      vertex -79.226 67.7561 3
      vertex -79.1962 67.6371 3
    endloop
  endfacet
  facet normal -0 0 1
    outer loop
      vertex -79.244 68.1225 3
      vertex -79.226 67.7561 3
      vertex -79.226 68.2439 3
    endloop
  endfacet
  facet normal 0 0 1
    outer loop
      vertex -79.244 68.1225 3
      vertex -79.244 67.8775 3
      vertex -79.226 67.7561 3
    endloop
  endfacet
  facet normal 0 -0 1
    outer loop
      vertex -79.244 67.8775 3
      vertex -79.244 68.1225 3
      vertex -79.25 68 3
    endloop
  endfacet
  facet normal -0.514016 -0.85778 0
    outer loop
      vertex 78.5892 -66.8976 3
      vertex 78.6945 -66.9607 37
      vertex 78.5892 -66.8976 37
    endloop
  endfacet
  facet normal -0.514016 -0.85778 -0
    outer loop
      vertex 78.6945 -66.9607 37
      vertex 78.5892 -66.8976 3
      vertex 78.6945 -66.9607 3
    endloop
  endfacet
  facet normal -0.33742 0.941354 0
    outer loop
      vertex 78.4784 -69.1548 3
      vertex 78.3629 -69.1962 37
      vertex 78.4784 -69.1548 37
    endloop
  endfacet
  facet normal -0.33742 0.941354 0
    outer loop
      vertex 78.3629 -69.1962 37
      vertex 78.4784 -69.1548 3
      vertex 78.3629 -69.1962 3
    endloop
  endfacet
  facet normal -0.989186 -0.146667 0
    outer loop
      vertex 79.244 -67.8775 3
      vertex 79.226 -67.7561 37
      vertex 79.226 -67.7561 3
    endloop
  endfacet
  facet normal -0.989186 -0.146667 0
    outer loop
      vertex 79.226 -67.7561 37
      vertex 79.244 -67.8775 3
      vertex 79.244 -67.8775 37
    endloop
  endfacet
  facet normal -0.998803 -0.0489209 0
    outer loop
      vertex 79.25 -68 3
      vertex 79.244 -67.8775 37
      vertex 79.244 -67.8775 3
    endloop
  endfacet
  facet normal -0.998803 -0.0489209 0
    outer loop
      vertex 79.244 -67.8775 37
      vertex 79.25 -68 3
      vertex 79.25 -68 37
    endloop
  endfacet
  facet normal -0.970047 -0.242919 0
    outer loop
      vertex 79.226 -67.7561 3
      vertex 79.1962 -67.6371 37
      vertex 79.1962 -67.6371 3
    endloop
  endfacet
  facet normal -0.970047 -0.242919 0
    outer loop
      vertex 79.1962 -67.6371 37
      vertex 79.226 -67.7561 3
      vertex 79.226 -67.7561 37
    endloop
  endfacet
  facet normal 0.85778 -0.514016 0
    outer loop
      vertex 76.8976 -67.4108 37
      vertex 76.9607 -67.3055 3
      vertex 76.9607 -67.3055 37
    endloop
  endfacet
  facet normal 0.85778 -0.514016 0
    outer loop
      vertex 76.9607 -67.3055 3
      vertex 76.8976 -67.4108 37
      vertex 76.8976 -67.4108 3
    endloop
  endfacet
  facet normal -0.242919 0.970047 0
    outer loop
      vertex 78.3629 -69.1962 3
      vertex 78.2439 -69.226 37
      vertex 78.3629 -69.1962 37
    endloop
  endfacet
  facet normal -0.242919 0.970047 0
    outer loop
      vertex 78.2439 -69.226 37
      vertex 78.3629 -69.1962 3
      vertex 78.2439 -69.226 3
    endloop
  endfacet
  facet normal -0.998803 0.0489209 0
    outer loop
      vertex 79.244 -68.1225 3
      vertex 79.25 -68 37
      vertex 79.25 -68 3
    endloop
  endfacet
  facet normal -0.998803 0.0489209 0
    outer loop
      vertex 79.25 -68 37
      vertex 79.244 -68.1225 3
      vertex 79.244 -68.1225 37
    endloop
  endfacet
  facet normal -0.33742 -0.941354 0
    outer loop
      vertex 78.3629 -66.8038 3
      vertex 78.4784 -66.8452 37
      vertex 78.3629 -66.8038 37
    endloop
  endfacet
  facet normal -0.33742 -0.941354 -0
    outer loop
      vertex 78.4784 -66.8452 37
      vertex 78.3629 -66.8038 3
      vertex 78.4784 -66.8452 3
    endloop
  endfacet
  facet normal -0.0489209 0.998803 0
    outer loop
      vertex 78.1225 -69.244 3
      vertex 78 -69.25 37
      vertex 78.1225 -69.244 37
    endloop
  endfacet
  facet normal -0.0489209 0.998803 0
    outer loop
      vertex 78 -69.25 37
      vertex 78.1225 -69.244 3
      vertex 78 -69.25 3
    endloop
  endfacet
  facet normal -0.514016 0.85778 0
    outer loop
      vertex 78.6945 -69.0393 3
      vertex 78.5892 -69.1024 37
      vertex 78.6945 -69.0393 37
    endloop
  endfacet
  facet normal -0.514016 0.85778 0
    outer loop
      vertex 78.5892 -69.1024 37
      vertex 78.6945 -69.0393 3
      vertex 78.5892 -69.1024 3
    endloop
  endfacet
  facet normal 0.427525 -0.904003 0
    outer loop
      vertex 77.4108 -66.8976 3
      vertex 77.5216 -66.8452 37
      vertex 77.4108 -66.8976 37
    endloop
  endfacet
  facet normal 0.427525 -0.904003 0
    outer loop
      vertex 77.5216 -66.8452 37
      vertex 77.4108 -66.8976 3
      vertex 77.5216 -66.8452 3
    endloop
  endfacet
  facet normal -0.941354 -0.33742 0
    outer loop
      vertex 79.1962 -67.6371 3
      vertex 79.1548 -67.5216 37
      vertex 79.1548 -67.5216 3
    endloop
  endfacet
  facet normal -0.941354 -0.33742 0
    outer loop
      vertex 79.1548 -67.5216 37
      vertex 79.1962 -67.6371 3
      vertex 79.1962 -67.6371 37
    endloop
  endfacet
  facet normal 0.803413 0.595423 0
    outer loop
      vertex 77.0337 -68.793 37
      vertex 76.9607 -68.6945 3
      vertex 76.9607 -68.6945 37
    endloop
  endfacet
  facet normal 0.803413 0.595423 0
    outer loop
      vertex 76.9607 -68.6945 3
      vertex 77.0337 -68.793 37
      vertex 77.0337 -68.793 3
    endloop
  endfacet
  facet normal -0.0489209 -0.998803 0
    outer loop
      vertex 78 -66.75 3
      vertex 78.1225 -66.756 37
      vertex 78 -66.75 37
    endloop
  endfacet
  facet normal -0.0489209 -0.998803 -0
    outer loop
      vertex 78.1225 -66.756 37
      vertex 78 -66.75 3
      vertex 78.1225 -66.756 3
    endloop
  endfacet
  facet normal -0.427525 0.904003 0
    outer loop
      vertex 78.5892 -69.1024 3
      vertex 78.4784 -69.1548 37
      vertex 78.5892 -69.1024 37
    endloop
  endfacet
  facet normal -0.427525 0.904003 0
    outer loop
      vertex 78.4784 -69.1548 37
      vertex 78.5892 -69.1024 3
      vertex 78.4784 -69.1548 3
    endloop
  endfacet
  facet normal 0.146667 -0.989186 0
    outer loop
      vertex 77.7561 -66.774 3
      vertex 77.8775 -66.756 37
      vertex 77.7561 -66.774 37
    endloop
  endfacet
  facet normal 0.146667 -0.989186 0
    outer loop
      vertex 77.8775 -66.756 37
      vertex 77.7561 -66.774 3
      vertex 77.8775 -66.756 3
    endloop
  endfacet
  facet normal 0.242919 -0.970047 0
    outer loop
      vertex 77.6371 -66.8038 3
      vertex 77.7561 -66.774 37
      vertex 77.6371 -66.8038 37
    endloop
  endfacet
  facet normal 0.242919 -0.970047 0
    outer loop
      vertex 77.7561 -66.774 37
      vertex 77.6371 -66.8038 3
      vertex 77.7561 -66.774 3
    endloop
  endfacet
  facet normal 0.595423 -0.803413 0
    outer loop
      vertex 77.207 -67.0337 3
      vertex 77.3055 -66.9607 37
      vertex 77.207 -67.0337 37
    endloop
  endfacet
  facet normal 0.595423 -0.803413 0
    outer loop
      vertex 77.3055 -66.9607 37
      vertex 77.207 -67.0337 3
      vertex 77.3055 -66.9607 3
    endloop
  endfacet
  facet normal -0.242919 -0.970047 0
    outer loop
      vertex 78.2439 -66.774 3
      vertex 78.3629 -66.8038 37
      vertex 78.2439 -66.774 37
    endloop
  endfacet
  facet normal -0.242919 -0.970047 -0
    outer loop
      vertex 78.3629 -66.8038 37
      vertex 78.2439 -66.774 3
      vertex 78.3629 -66.8038 3
    endloop
  endfacet
  facet normal 0.989186 0.146667 0
    outer loop
      vertex 76.774 -68.2439 37
      vertex 76.756 -68.1225 3
      vertex 76.756 -68.1225 37
    endloop
  endfacet
  facet normal 0.989186 0.146667 0
    outer loop
      vertex 76.756 -68.1225 3
      vertex 76.774 -68.2439 37
      vertex 76.774 -68.2439 3
    endloop
  endfacet
  facet normal -0.671617 -0.740898 0
    outer loop
      vertex 78.793 -67.0337 3
      vertex 78.8839 -67.1161 37
      vertex 78.793 -67.0337 37
    endloop
  endfacet
  facet normal -0.671617 -0.740898 -0
    outer loop
      vertex 78.8839 -67.1161 37
      vertex 78.793 -67.0337 3
      vertex 78.8839 -67.1161 3
    endloop
  endfacet
  facet normal 0.427525 0.904003 -0
    outer loop
      vertex 77.5216 -69.1548 3
      vertex 77.4108 -69.1024 37
      vertex 77.5216 -69.1548 37
    endloop
  endfacet
  facet normal 0.427525 0.904003 0
    outer loop
      vertex 77.4108 -69.1024 37
      vertex 77.5216 -69.1548 3
      vertex 77.4108 -69.1024 3
    endloop
  endfacet
  facet normal 0.514016 -0.85778 0
    outer loop
      vertex 77.3055 -66.9607 3
      vertex 77.4108 -66.8976 37
      vertex 77.3055 -66.9607 37
    endloop
  endfacet
  facet normal 0.514016 -0.85778 0
    outer loop
      vertex 77.4108 -66.8976 37
      vertex 77.3055 -66.9607 3
      vertex 77.4108 -66.8976 3
    endloop
  endfacet
  facet normal 0 0 1
    outer loop
      vertex 79.244 -67.8775 3
      vertex 79.244 -68.1225 3
      vertex 79.25 -68 3
    endloop
  endfacet
  facet normal 0 0 1
    outer loop
      vertex 79.226 -67.7561 3
      vertex 79.244 -68.1225 3
      vertex 79.244 -67.8775 3
    endloop
  endfacet
  facet normal 0 0 1
    outer loop
      vertex 79.226 -67.7561 3
      vertex 79.226 -68.2439 3
      vertex 79.244 -68.1225 3
    endloop
  endfacet
  facet normal 0 0 1
    outer loop
      vertex 79.1962 -67.6371 3
      vertex 79.226 -68.2439 3
      vertex 79.226 -67.7561 3
    endloop
  endfacet
  facet normal 0 0 1
    outer loop
      vertex 79.1962 -67.6371 3
      vertex 79.1962 -68.3629 3
      vertex 79.226 -68.2439 3
    endloop
  endfacet
  facet normal 0 0 1
    outer loop
      vertex 79.1548 -67.5216 3
      vertex 79.1962 -68.3629 3
      vertex 79.1962 -67.6371 3
    endloop
  endfacet
  facet normal 0 0 1
    outer loop
      vertex 79.1548 -67.5216 3
      vertex 79.1548 -68.4784 3
      vertex 79.1962 -68.3629 3
    endloop
  endfacet
  facet normal 0 0 1
    outer loop
      vertex 79.1024 -67.4108 3
      vertex 79.1548 -68.4784 3
      vertex 79.1548 -67.5216 3
    endloop
  endfacet
  facet normal 0 0 1
    outer loop
      vertex 79.1024 -67.4108 3
      vertex 79.1024 -68.5892 3
      vertex 79.1548 -68.4784 3
    endloop
  endfacet
  facet normal 0 0 1
    outer loop
      vertex 79.0393 -67.3055 3
      vertex 79.1024 -68.5892 3
      vertex 79.1024 -67.4108 3
    endloop
  endfacet
  facet normal 0 0 1
    outer loop
      vertex 79.0393 -67.3055 3
      vertex 79.0393 -68.6945 3
      vertex 79.1024 -68.5892 3
    endloop
  endfacet
  facet normal 0 0 1
    outer loop
      vertex 78.9663 -67.207 3
      vertex 79.0393 -68.6945 3
      vertex 79.0393 -67.3055 3
    endloop
  endfacet
  facet normal 0 0 1
    outer loop
      vertex 78.9663 -67.207 3
      vertex 78.9663 -68.793 3
      vertex 79.0393 -68.6945 3
    endloop
  endfacet
  facet normal 0 0 1
    outer loop
      vertex 78.8839 -67.1161 3
      vertex 78.9663 -68.793 3
      vertex 78.9663 -67.207 3
    endloop
  endfacet
  facet normal 0 0 1
    outer loop
      vertex 78.8839 -67.1161 3
      vertex 78.8839 -68.8839 3
      vertex 78.9663 -68.793 3
    endloop
  endfacet
  facet normal 0 0 1
    outer loop
      vertex 78.793 -67.0337 3
      vertex 78.8839 -68.8839 3
      vertex 78.8839 -67.1161 3
    endloop
  endfacet
  facet normal 0 0 1
    outer loop
      vertex 78.793 -67.0337 3
      vertex 78.793 -68.9663 3
      vertex 78.8839 -68.8839 3
    endloop
  endfacet
  facet normal 0 0 1
    outer loop
      vertex 78.6945 -66.9607 3
      vertex 78.793 -68.9663 3
      vertex 78.793 -67.0337 3
    endloop
  endfacet
  facet normal 0 0 1
    outer loop
      vertex 78.6945 -66.9607 3
      vertex 78.6945 -69.0393 3
      vertex 78.793 -68.9663 3
    endloop
  endfacet
  facet normal 0 0 1
    outer loop
      vertex 78.5892 -66.8976 3
      vertex 78.6945 -69.0393 3
      vertex 78.6945 -66.9607 3
    endloop
  endfacet
  facet normal 0 0 1
    outer loop
      vertex 78.5892 -66.8976 3
      vertex 78.5892 -69.1024 3
      vertex 78.6945 -69.0393 3
    endloop
  endfacet
  facet normal 0 0 1
    outer loop
      vertex 78.4784 -66.8452 3
      vertex 78.5892 -69.1024 3
      vertex 78.5892 -66.8976 3
    endloop
  endfacet
  facet normal 0 0 1
    outer loop
      vertex 78.4784 -66.8452 3
      vertex 78.4784 -69.1548 3
      vertex 78.5892 -69.1024 3
    endloop
  endfacet
  facet normal 0 0 1
    outer loop
      vertex 78.3629 -66.8038 3
      vertex 78.4784 -69.1548 3
      vertex 78.4784 -66.8452 3
    endloop
  endfacet
  facet normal 0 0 1
    outer loop
      vertex 78.3629 -66.8038 3
      vertex 78.3629 -69.1962 3
      vertex 78.4784 -69.1548 3
    endloop
  endfacet
  facet normal 0 0 1
    outer loop
      vertex 78.2439 -66.774 3
      vertex 78.3629 -69.1962 3
      vertex 78.3629 -66.8038 3
    endloop
  endfacet
  facet normal 0 0 1
    outer loop
      vertex 78.2439 -66.774 3
      vertex 78.2439 -69.226 3
      vertex 78.3629 -69.1962 3
    endloop
  endfacet
  facet normal 0 0 1
    outer loop
      vertex 78.1225 -66.756 3
      vertex 78.2439 -69.226 3
      vertex 78.2439 -66.774 3
    endloop
  endfacet
  facet normal 0 0 1
    outer loop
      vertex 78.1225 -66.756 3
      vertex 78.1225 -69.244 3
      vertex 78.2439 -69.226 3
    endloop
  endfacet
  facet normal 0 0 1
    outer loop
      vertex 78 -66.75 3
      vertex 78.1225 -69.244 3
      vertex 78.1225 -66.756 3
    endloop
  endfacet
  facet normal 0 0 1
    outer loop
      vertex 78 -66.75 3
      vertex 78 -69.25 3
      vertex 78.1225 -69.244 3
    endloop
  endfacet
  facet normal -0 0 1
    outer loop
      vertex 77.8775 -66.756 3
      vertex 78 -69.25 3
      vertex 78 -66.75 3
    endloop
  endfacet
  facet normal 0 0 1
    outer loop
      vertex 77.8775 -66.756 3
      vertex 77.8775 -69.244 3
      vertex 78 -69.25 3
    endloop
  endfacet
  facet normal -0 0 1
    outer loop
      vertex 77.7561 -66.774 3
      vertex 77.8775 -69.244 3
      vertex 77.8775 -66.756 3
    endloop
  endfacet
  facet normal 0 0 1
    outer loop
      vertex 77.7561 -66.774 3
      vertex 77.7561 -69.226 3
      vertex 77.8775 -69.244 3
    endloop
  endfacet
  facet normal -0 0 1
    outer loop
      vertex 77.6371 -66.8038 3
      vertex 77.7561 -69.226 3
      vertex 77.7561 -66.774 3
    endloop
  endfacet
  facet normal 0 0 1
    outer loop
      vertex 77.6371 -66.8038 3
      vertex 77.6371 -69.1962 3
      vertex 77.7561 -69.226 3
    endloop
  endfacet
  facet normal -0 0 1
    outer loop
      vertex 77.5216 -66.8452 3
      vertex 77.6371 -69.1962 3
      vertex 77.6371 -66.8038 3
    endloop
  endfacet
  facet normal 0 0 1
    outer loop
      vertex 77.5216 -66.8452 3
      vertex 77.5216 -69.1548 3
      vertex 77.6371 -69.1962 3
    endloop
  endfacet
  facet normal -0 0 1
    outer loop
      vertex 77.4108 -66.8976 3
      vertex 77.5216 -69.1548 3
      vertex 77.5216 -66.8452 3
    endloop
  endfacet
  facet normal 0 0 1
    outer loop
      vertex 77.4108 -66.8976 3
      vertex 77.4108 -69.1024 3
      vertex 77.5216 -69.1548 3
    endloop
  endfacet
  facet normal -0 0 1
    outer loop
      vertex 77.3055 -66.9607 3
      vertex 77.4108 -69.1024 3
      vertex 77.4108 -66.8976 3
    endloop
  endfacet
  facet normal 0 0 1
    outer loop
      vertex 77.3055 -66.9607 3
      vertex 77.3055 -69.0393 3
      vertex 77.4108 -69.1024 3
    endloop
  endfacet
  facet normal -0 0 1
    outer loop
      vertex 77.207 -67.0337 3
      vertex 77.3055 -69.0393 3
      vertex 77.3055 -66.9607 3
    endloop
  endfacet
  facet normal 0 0 1
    outer loop
      vertex 77.207 -67.0337 3
      vertex 77.207 -68.9663 3
      vertex 77.3055 -69.0393 3
    endloop
  endfacet
  facet normal -0 0 1
    outer loop
      vertex 77.1161 -67.1161 3
      vertex 77.207 -68.9663 3
      vertex 77.207 -67.0337 3
    endloop
  endfacet
  facet normal 0 0 1
    outer loop
      vertex 77.1161 -67.1161 3
      vertex 77.1161 -68.8839 3
      vertex 77.207 -68.9663 3
    endloop
  endfacet
  facet normal -0 0 1
    outer loop
      vertex 77.0337 -67.207 3
      vertex 77.1161 -68.8839 3
      vertex 77.1161 -67.1161 3
    endloop
  endfacet
  facet normal 0 0 1
    outer loop
      vertex 77.0337 -67.207 3
      vertex 77.0337 -68.793 3
      vertex 77.1161 -68.8839 3
    endloop
  endfacet
  facet normal -0 0 1
    outer loop
      vertex 76.9607 -67.3055 3
      vertex 77.0337 -68.793 3
      vertex 77.0337 -67.207 3
    endloop
  endfacet
  facet normal 0 0 1
    outer loop
      vertex 76.9607 -67.3055 3
      vertex 76.9607 -68.6945 3
      vertex 77.0337 -68.793 3
    endloop
  endfacet
  facet normal -0 0 1
    outer loop
      vertex 76.8976 -67.4108 3
      vertex 76.9607 -68.6945 3
      vertex 76.9607 -67.3055 3
    endloop
  endfacet
  facet normal 0 0 1
    outer loop
      vertex 76.8976 -67.4108 3
      vertex 76.8976 -68.5892 3
      vertex 76.9607 -68.6945 3
    endloop
  endfacet
  facet normal -0 0 1
    outer loop
      vertex 76.8452 -67.5216 3
      vertex 76.8976 -68.5892 3
      vertex 76.8976 -67.4108 3
    endloop
  endfacet
  facet normal 0 0 1
    outer loop
      vertex 76.8452 -67.5216 3
      vertex 76.8452 -68.4784 3
      vertex 76.8976 -68.5892 3
    endloop
  endfacet
  facet normal -0 0 1
    outer loop
      vertex 76.8038 -67.6371 3
      vertex 76.8452 -68.4784 3
      vertex 76.8452 -67.5216 3
    endloop
  endfacet
  facet normal 0 0 1
    outer loop
      vertex 76.8038 -67.6371 3
      vertex 76.8038 -68.3629 3
      vertex 76.8452 -68.4784 3
    endloop
  endfacet
  facet normal -0 0 1
    outer loop
      vertex 76.774 -67.7561 3
      vertex 76.8038 -68.3629 3
      vertex 76.8038 -67.6371 3
    endloop
  endfacet
  facet normal 0 0 1
    outer loop
      vertex 76.774 -67.7561 3
      vertex 76.774 -68.2439 3
      vertex 76.8038 -68.3629 3
    endloop
  endfacet
  facet normal -0 0 1
    outer loop
      vertex 76.756 -67.8775 3
      vertex 76.774 -68.2439 3
      vertex 76.774 -67.7561 3
    endloop
  endfacet
  facet normal 0 0 1
    outer loop
      vertex 76.756 -67.8775 3
      vertex 76.756 -68.1225 3
      vertex 76.774 -68.2439 3
    endloop
  endfacet
  facet normal 0 -0 1
    outer loop
      vertex 76.756 -68.1225 3
      vertex 76.756 -67.8775 3
      vertex 76.75 -68 3
    endloop
  endfacet
  facet normal 0.146667 0.989186 -0
    outer loop
      vertex 77.8775 -69.244 3
      vertex 77.7561 -69.226 37
      vertex 77.8775 -69.244 37
    endloop
  endfacet
  facet normal 0.146667 0.989186 0
    outer loop
      vertex 77.7561 -69.226 37
      vertex 77.8775 -69.244 3
      vertex 77.7561 -69.226 3
    endloop
  endfacet
  facet normal 0.514016 0.85778 -0
    outer loop
      vertex 77.4108 -69.1024 3
      vertex 77.3055 -69.0393 37
      vertex 77.4108 -69.1024 37
    endloop
  endfacet
  facet normal 0.514016 0.85778 0
    outer loop
      vertex 77.3055 -69.0393 37
      vertex 77.4108 -69.1024 3
      vertex 77.3055 -69.0393 3
    endloop
  endfacet
  facet normal 0.904003 -0.427525 0
    outer loop
      vertex 76.8452 -67.5216 37
      vertex 76.8976 -67.4108 3
      vertex 76.8976 -67.4108 37
    endloop
  endfacet
  facet normal 0.904003 -0.427525 0
    outer loop
      vertex 76.8976 -67.4108 3
      vertex 76.8452 -67.5216 37
      vertex 76.8452 -67.5216 3
    endloop
  endfacet
  facet normal -0.803413 0.595423 0
    outer loop
      vertex 78.9663 -68.793 3
      vertex 79.0393 -68.6945 37
      vertex 79.0393 -68.6945 3
    endloop
  endfacet
  facet normal -0.803413 0.595423 0
    outer loop
      vertex 79.0393 -68.6945 37
      vertex 78.9663 -68.793 3
      vertex 78.9663 -68.793 37
    endloop
  endfacet
  facet normal -0.904003 0.427525 0
    outer loop
      vertex 79.1024 -68.5892 3
      vertex 79.1548 -68.4784 37
      vertex 79.1548 -68.4784 3
    endloop
  endfacet
  facet normal -0.904003 0.427525 0
    outer loop
      vertex 79.1548 -68.4784 37
      vertex 79.1024 -68.5892 3
      vertex 79.1024 -68.5892 37
    endloop
  endfacet
  facet normal 0.941354 -0.33742 0
    outer loop
      vertex 76.8038 -67.6371 37
      vertex 76.8452 -67.5216 3
      vertex 76.8452 -67.5216 37
    endloop
  endfacet
  facet normal 0.941354 -0.33742 0
    outer loop
      vertex 76.8452 -67.5216 3
      vertex 76.8038 -67.6371 37
      vertex 76.8038 -67.6371 3
    endloop
  endfacet
  facet normal -0.146667 -0.989186 0
    outer loop
      vertex 78.1225 -66.756 3
      vertex 78.2439 -66.774 37
      vertex 78.1225 -66.756 37
    endloop
  endfacet
  facet normal -0.146667 -0.989186 -0
    outer loop
      vertex 78.2439 -66.774 37
      vertex 78.1225 -66.756 3
      vertex 78.2439 -66.774 3
    endloop
  endfacet
  facet normal -0.595423 -0.803413 0
    outer loop
      vertex 78.6945 -66.9607 3
      vertex 78.793 -67.0337 37
      vertex 78.6945 -66.9607 37
    endloop
  endfacet
  facet normal -0.595423 -0.803413 -0
    outer loop
      vertex 78.793 -67.0337 37
      vertex 78.6945 -66.9607 3
      vertex 78.793 -67.0337 3
    endloop
  endfacet
  facet normal -0.803413 -0.595423 0
    outer loop
      vertex 79.0393 -67.3055 3
      vertex 78.9663 -67.207 37
      vertex 78.9663 -67.207 3
    endloop
  endfacet
  facet normal -0.803413 -0.595423 0
    outer loop
      vertex 78.9663 -67.207 37
      vertex 79.0393 -67.3055 3
      vertex 79.0393 -67.3055 37
    endloop
  endfacet
  facet normal 0.941354 0.33742 0
    outer loop
      vertex 76.8452 -68.4784 37
      vertex 76.8038 -68.3629 3
      vertex 76.8038 -68.3629 37
    endloop
  endfacet
  facet normal 0.941354 0.33742 0
    outer loop
      vertex 76.8038 -68.3629 3
      vertex 76.8452 -68.4784 37
      vertex 76.8452 -68.4784 3
    endloop
  endfacet
  facet normal 0.740898 0.671617 0
    outer loop
      vertex 77.1161 -68.8839 37
      vertex 77.0337 -68.793 3
      vertex 77.0337 -68.793 37
    endloop
  endfacet
  facet normal 0.740898 0.671617 0
    outer loop
      vertex 77.0337 -68.793 3
      vertex 77.1161 -68.8839 37
      vertex 77.1161 -68.8839 3
    endloop
  endfacet
  facet normal -0.427525 -0.904003 0
    outer loop
      vertex 78.4784 -66.8452 3
      vertex 78.5892 -66.8976 37
      vertex 78.4784 -66.8452 37
    endloop
  endfacet
  facet normal -0.427525 -0.904003 -0
    outer loop
      vertex 78.5892 -66.8976 37
      vertex 78.4784 -66.8452 3
      vertex 78.5892 -66.8976 3
    endloop
  endfacet
  facet normal -0.85778 0.514016 0
    outer loop
      vertex 79.0393 -68.6945 3
      vertex 79.1024 -68.5892 37
      vertex 79.1024 -68.5892 3
    endloop
  endfacet
  facet normal -0.85778 0.514016 0
    outer loop
      vertex 79.1024 -68.5892 37
      vertex 79.0393 -68.6945 3
      vertex 79.0393 -68.6945 37
    endloop
  endfacet
  facet normal -0.970047 0.242919 0
    outer loop
      vertex 79.1962 -68.3629 3
      vertex 79.226 -68.2439 37
      vertex 79.226 -68.2439 3
    endloop
  endfacet
  facet normal -0.970047 0.242919 0
    outer loop
      vertex 79.226 -68.2439 37
      vertex 79.1962 -68.3629 3
      vertex 79.1962 -68.3629 37
    endloop
  endfacet
  facet normal -0.146667 0.989186 0
    outer loop
      vertex 78.2439 -69.226 3
      vertex 78.1225 -69.244 37
      vertex 78.2439 -69.226 37
    endloop
  endfacet
  facet normal -0.146667 0.989186 0
    outer loop
      vertex 78.1225 -69.244 37
      vertex 78.2439 -69.226 3
      vertex 78.1225 -69.244 3
    endloop
  endfacet
  facet normal -0.941354 0.33742 0
    outer loop
      vertex 79.1548 -68.4784 3
      vertex 79.1962 -68.3629 37
      vertex 79.1962 -68.3629 3
    endloop
  endfacet
  facet normal -0.941354 0.33742 0
    outer loop
      vertex 79.1962 -68.3629 37
      vertex 79.1548 -68.4784 3
      vertex 79.1548 -68.4784 37
    endloop
  endfacet
  facet normal 0.33742 -0.941354 0
    outer loop
      vertex 77.5216 -66.8452 3
      vertex 77.6371 -66.8038 37
      vertex 77.5216 -66.8452 37
    endloop
  endfacet
  facet normal 0.33742 -0.941354 0
    outer loop
      vertex 77.6371 -66.8038 37
      vertex 77.5216 -66.8452 3
      vertex 77.6371 -66.8038 3
    endloop
  endfacet
  facet normal 0.0489209 0.998803 -0
    outer loop
      vertex 78 -69.25 3
      vertex 77.8775 -69.244 37
      vertex 78 -69.25 37
    endloop
  endfacet
  facet normal 0.0489209 0.998803 0
    outer loop
      vertex 77.8775 -69.244 37
      vertex 78 -69.25 3
      vertex 77.8775 -69.244 3
    endloop
  endfacet
  facet normal -0.740898 -0.671617 0
    outer loop
      vertex 78.9663 -67.207 3
      vertex 78.8839 -67.1161 37
      vertex 78.8839 -67.1161 3
    endloop
  endfacet
  facet normal -0.740898 -0.671617 0
    outer loop
      vertex 78.8839 -67.1161 37
      vertex 78.9663 -67.207 3
      vertex 78.9663 -67.207 37
    endloop
  endfacet
  facet normal 0.671617 -0.740898 0
    outer loop
      vertex 77.1161 -67.1161 3
      vertex 77.207 -67.0337 37
      vertex 77.1161 -67.1161 37
    endloop
  endfacet
  facet normal 0.671617 -0.740898 0
    outer loop
      vertex 77.207 -67.0337 37
      vertex 77.1161 -67.1161 3
      vertex 77.207 -67.0337 3
    endloop
  endfacet
  facet normal -0.904003 -0.427525 0
    outer loop
      vertex 79.1548 -67.5216 3
      vertex 79.1024 -67.4108 37
      vertex 79.1024 -67.4108 3
    endloop
  endfacet
  facet normal -0.904003 -0.427525 0
    outer loop
      vertex 79.1024 -67.4108 37
      vertex 79.1548 -67.5216 3
      vertex 79.1548 -67.5216 37
    endloop
  endfacet
  facet normal -0.989186 0.146667 0
    outer loop
      vertex 79.226 -68.2439 3
      vertex 79.244 -68.1225 37
      vertex 79.244 -68.1225 3
    endloop
  endfacet
  facet normal -0.989186 0.146667 0
    outer loop
      vertex 79.244 -68.1225 37
      vertex 79.226 -68.2439 3
      vertex 79.226 -68.2439 37
    endloop
  endfacet
  facet normal -0.740898 0.671617 0
    outer loop
      vertex 78.8839 -68.8839 3
      vertex 78.9663 -68.793 37
      vertex 78.9663 -68.793 3
    endloop
  endfacet
  facet normal -0.740898 0.671617 0
    outer loop
      vertex 78.9663 -68.793 37
      vertex 78.8839 -68.8839 3
      vertex 78.8839 -68.8839 37
    endloop
  endfacet
  facet normal -0.85778 -0.514016 0
    outer loop
      vertex 79.1024 -67.4108 3
      vertex 79.0393 -67.3055 37
      vertex 79.0393 -67.3055 3
    endloop
  endfacet
  facet normal -0.85778 -0.514016 0
    outer loop
      vertex 79.0393 -67.3055 37
      vertex 79.1024 -67.4108 3
      vertex 79.1024 -67.4108 37
    endloop
  endfacet
  facet normal 0.85778 0.514016 0
    outer loop
      vertex 76.9607 -68.6945 37
      vertex 76.8976 -68.5892 3
      vertex 76.8976 -68.5892 37
    endloop
  endfacet
  facet normal 0.85778 0.514016 0
    outer loop
      vertex 76.8976 -68.5892 3
      vertex 76.9607 -68.6945 37
      vertex 76.9607 -68.6945 3
    endloop
  endfacet
  facet normal 0.242919 0.970047 -0
    outer loop
      vertex 77.7561 -69.226 3
      vertex 77.6371 -69.1962 37
      vertex 77.7561 -69.226 37
    endloop
  endfacet
  facet normal 0.242919 0.970047 0
    outer loop
      vertex 77.6371 -69.1962 37
      vertex 77.7561 -69.226 3
      vertex 77.6371 -69.1962 3
    endloop
  endfacet
  facet normal 0.989186 -0.146667 0
    outer loop
      vertex 76.756 -67.8775 37
      vertex 76.774 -67.7561 3
      vertex 76.774 -67.7561 37
    endloop
  endfacet
  facet normal 0.989186 -0.146667 0
    outer loop
      vertex 76.774 -67.7561 3
      vertex 76.756 -67.8775 37
      vertex 76.756 -67.8775 3
    endloop
  endfacet
  facet normal 0.0489209 -0.998803 0
    outer loop
      vertex 77.8775 -66.756 3
      vertex 78 -66.75 37
      vertex 77.8775 -66.756 37
    endloop
  endfacet
  facet normal 0.0489209 -0.998803 0
    outer loop
      vertex 78 -66.75 37
      vertex 77.8775 -66.756 3
      vertex 78 -66.75 3
    endloop
  endfacet
  facet normal 0.671617 0.740898 -0
    outer loop
      vertex 77.207 -68.9663 3
      vertex 77.1161 -68.8839 37
      vertex 77.207 -68.9663 37
    endloop
  endfacet
  facet normal 0.671617 0.740898 0
    outer loop
      vertex 77.1161 -68.8839 37
      vertex 77.207 -68.9663 3
      vertex 77.1161 -68.8839 3
    endloop
  endfacet
  facet normal 0.740898 -0.671617 0
    outer loop
      vertex 77.0337 -67.207 37
      vertex 77.1161 -67.1161 3
      vertex 77.1161 -67.1161 37
    endloop
  endfacet
  facet normal 0.740898 -0.671617 0
    outer loop
      vertex 77.1161 -67.1161 3
      vertex 77.0337 -67.207 37
      vertex 77.0337 -67.207 3
    endloop
  endfacet
  facet normal 0.595423 0.803413 -0
    outer loop
      vertex 77.3055 -69.0393 3
      vertex 77.207 -68.9663 37
      vertex 77.3055 -69.0393 37
    endloop
  endfacet
  facet normal 0.595423 0.803413 0
    outer loop
      vertex 77.207 -68.9663 37
      vertex 77.3055 -69.0393 3
      vertex 77.207 -68.9663 3
    endloop
  endfacet
  facet normal 0.970047 0.242919 0
    outer loop
      vertex 76.8038 -68.3629 37
      vertex 76.774 -68.2439 3
      vertex 76.774 -68.2439 37
    endloop
  endfacet
  facet normal 0.970047 0.242919 0
    outer loop
      vertex 76.774 -68.2439 3
      vertex 76.8038 -68.3629 37
      vertex 76.8038 -68.3629 3
    endloop
  endfacet
  facet normal -0.595423 0.803413 0
    outer loop
      vertex 78.793 -68.9663 3
      vertex 78.6945 -69.0393 37
      vertex 78.793 -68.9663 37
    endloop
  endfacet
  facet normal -0.595423 0.803413 0
    outer loop
      vertex 78.6945 -69.0393 37
      vertex 78.793 -68.9663 3
      vertex 78.6945 -69.0393 3
    endloop
  endfacet
  facet normal 0.803413 -0.595423 0
    outer loop
      vertex 76.9607 -67.3055 37
      vertex 77.0337 -67.207 3
      vertex 77.0337 -67.207 37
    endloop
  endfacet
  facet normal 0.803413 -0.595423 0
    outer loop
      vertex 77.0337 -67.207 3
      vertex 76.9607 -67.3055 37
      vertex 76.9607 -67.3055 3
    endloop
  endfacet
  facet normal 0.970047 -0.242919 0
    outer loop
      vertex 76.774 -67.7561 37
      vertex 76.8038 -67.6371 3
      vertex 76.8038 -67.6371 37
    endloop
  endfacet
  facet normal 0.970047 -0.242919 0
    outer loop
      vertex 76.8038 -67.6371 3
      vertex 76.774 -67.7561 37
      vertex 76.774 -67.7561 3
    endloop
  endfacet
  facet normal -0.671617 0.740898 0
    outer loop
      vertex 78.8839 -68.8839 3
      vertex 78.793 -68.9663 37
      vertex 78.8839 -68.8839 37
    endloop
  endfacet
  facet normal -0.671617 0.740898 0
    outer loop
      vertex 78.793 -68.9663 37
      vertex 78.8839 -68.8839 3
      vertex 78.793 -68.9663 3
    endloop
  endfacet
  facet normal 0.904003 0.427525 0
    outer loop
      vertex 76.8976 -68.5892 37
      vertex 76.8452 -68.4784 3
      vertex 76.8452 -68.4784 37
    endloop
  endfacet
  facet normal 0.904003 0.427525 0
    outer loop
      vertex 76.8452 -68.4784 3
      vertex 76.8976 -68.5892 37
      vertex 76.8976 -68.5892 3
    endloop
  endfacet
  facet normal 0.998803 -0.0489209 0
    outer loop
      vertex 76.75 -68 37
      vertex 76.756 -67.8775 3
      vertex 76.756 -67.8775 37
    endloop
  endfacet
  facet normal 0.998803 -0.0489209 0
    outer loop
      vertex 76.756 -67.8775 3
      vertex 76.75 -68 37
      vertex 76.75 -68 3
    endloop
  endfacet
  facet normal 0.998803 0.0489209 0
    outer loop
      vertex 76.756 -68.1225 37
      vertex 76.75 -68 3
      vertex 76.75 -68 37
    endloop
  endfacet
  facet normal 0.998803 0.0489209 0
    outer loop
      vertex 76.75 -68 3
      vertex 76.756 -68.1225 37
      vertex 76.756 -68.1225 3
    endloop
  endfacet
  facet normal 0.33742 0.941354 -0
    outer loop
      vertex 77.6371 -69.1962 3
      vertex 77.5216 -69.1548 37
      vertex 77.6371 -69.1962 37
    endloop
  endfacet
  facet normal 0.33742 0.941354 0
    outer loop
      vertex 77.5216 -69.1548 37
      vertex 77.6371 -69.1962 3
      vertex 77.5216 -69.1548 3
    endloop
  endfacet
  facet normal 0.33742 0.941354 -0
    outer loop
      vertex 77.6371 66.8038 3
      vertex 77.5216 66.8452 37
      vertex 77.6371 66.8038 37
    endloop
  endfacet
  facet normal 0.33742 0.941354 0
    outer loop
      vertex 77.5216 66.8452 37
      vertex 77.6371 66.8038 3
      vertex 77.5216 66.8452 3
    endloop
  endfacet
  facet normal -0.989186 -0.146667 0
    outer loop
      vertex 79.244 68.1225 3
      vertex 79.226 68.2439 37
      vertex 79.226 68.2439 3
    endloop
  endfacet
  facet normal -0.989186 -0.146667 0
    outer loop
      vertex 79.226 68.2439 37
      vertex 79.244 68.1225 3
      vertex 79.244 68.1225 37
    endloop
  endfacet
  facet normal -0.998803 -0.0489209 0
    outer loop
      vertex 79.25 68 3
      vertex 79.244 68.1225 37
      vertex 79.244 68.1225 3
    endloop
  endfacet
  facet normal -0.998803 -0.0489209 0
    outer loop
      vertex 79.244 68.1225 37
      vertex 79.25 68 3
      vertex 79.25 68 37
    endloop
  endfacet
  facet normal -0.970047 -0.242919 0
    outer loop
      vertex 79.226 68.2439 3
      vertex 79.1962 68.3629 37
      vertex 79.1962 68.3629 3
    endloop
  endfacet
  facet normal -0.970047 -0.242919 0
    outer loop
      vertex 79.1962 68.3629 37
      vertex 79.226 68.2439 3
      vertex 79.226 68.2439 37
    endloop
  endfacet
  facet normal 0.989186 -0.146667 0
    outer loop
      vertex 76.756 68.1225 37
      vertex 76.774 68.2439 3
      vertex 76.774 68.2439 37
    endloop
  endfacet
  facet normal 0.989186 -0.146667 0
    outer loop
      vertex 76.774 68.2439 3
      vertex 76.756 68.1225 37
      vertex 76.756 68.1225 3
    endloop
  endfacet
  facet normal 0.242919 0.970047 -0
    outer loop
      vertex 77.7561 66.774 3
      vertex 77.6371 66.8038 37
      vertex 77.7561 66.774 37
    endloop
  endfacet
  facet normal 0.242919 0.970047 0
    outer loop
      vertex 77.6371 66.8038 37
      vertex 77.7561 66.774 3
      vertex 77.6371 66.8038 3
    endloop
  endfacet
  facet normal -0.33742 -0.941354 0
    outer loop
      vertex 78.3629 69.1962 3
      vertex 78.4784 69.1548 37
      vertex 78.3629 69.1962 37
    endloop
  endfacet
  facet normal -0.33742 -0.941354 -0
    outer loop
      vertex 78.4784 69.1548 37
      vertex 78.3629 69.1962 3
      vertex 78.4784 69.1548 3
    endloop
  endfacet
  facet normal 0.514016 -0.85778 0
    outer loop
      vertex 77.3055 69.0393 3
      vertex 77.4108 69.1024 37
      vertex 77.3055 69.0393 37
    endloop
  endfacet
  facet normal 0.514016 -0.85778 0
    outer loop
      vertex 77.4108 69.1024 37
      vertex 77.3055 69.0393 3
      vertex 77.4108 69.1024 3
    endloop
  endfacet
  facet normal 0.904003 0.427525 0
    outer loop
      vertex 76.8976 67.4108 37
      vertex 76.8452 67.5216 3
      vertex 76.8452 67.5216 37
    endloop
  endfacet
  facet normal 0.904003 0.427525 0
    outer loop
      vertex 76.8452 67.5216 3
      vertex 76.8976 67.4108 37
      vertex 76.8976 67.4108 3
    endloop
  endfacet
  facet normal 0.242919 -0.970047 0
    outer loop
      vertex 77.6371 69.1962 3
      vertex 77.7561 69.226 37
      vertex 77.6371 69.1962 37
    endloop
  endfacet
  facet normal 0.242919 -0.970047 0
    outer loop
      vertex 77.7561 69.226 37
      vertex 77.6371 69.1962 3
      vertex 77.7561 69.226 3
    endloop
  endfacet
  facet normal 0.85778 0.514016 0
    outer loop
      vertex 76.9607 67.3055 37
      vertex 76.8976 67.4108 3
      vertex 76.8976 67.4108 37
    endloop
  endfacet
  facet normal 0.85778 0.514016 0
    outer loop
      vertex 76.8976 67.4108 3
      vertex 76.9607 67.3055 37
      vertex 76.9607 67.3055 3
    endloop
  endfacet
  facet normal -0.242919 0.970047 0
    outer loop
      vertex 78.3629 66.8038 3
      vertex 78.2439 66.774 37
      vertex 78.3629 66.8038 37
    endloop
  endfacet
  facet normal -0.242919 0.970047 0
    outer loop
      vertex 78.2439 66.774 37
      vertex 78.3629 66.8038 3
      vertex 78.2439 66.774 3
    endloop
  endfacet
  facet normal 0.595423 0.803413 -0
    outer loop
      vertex 77.3055 66.9607 3
      vertex 77.207 67.0337 37
      vertex 77.3055 66.9607 37
    endloop
  endfacet
  facet normal 0.595423 0.803413 0
    outer loop
      vertex 77.207 67.0337 37
      vertex 77.3055 66.9607 3
      vertex 77.207 67.0337 3
    endloop
  endfacet
  facet normal -0.514016 0.85778 0
    outer loop
      vertex 78.6945 66.9607 3
      vertex 78.5892 66.8976 37
      vertex 78.6945 66.9607 37
    endloop
  endfacet
  facet normal -0.514016 0.85778 0
    outer loop
      vertex 78.5892 66.8976 37
      vertex 78.6945 66.9607 3
      vertex 78.5892 66.8976 3
    endloop
  endfacet
  facet normal -0.803413 0.595423 0
    outer loop
      vertex 78.9663 67.207 3
      vertex 79.0393 67.3055 37
      vertex 79.0393 67.3055 3
    endloop
  endfacet
  facet normal -0.803413 0.595423 0
    outer loop
      vertex 79.0393 67.3055 37
      vertex 78.9663 67.207 3
      vertex 78.9663 67.207 37
    endloop
  endfacet
  facet normal -0.146667 -0.989186 0
    outer loop
      vertex 78.1225 69.244 3
      vertex 78.2439 69.226 37
      vertex 78.1225 69.244 37
    endloop
  endfacet
  facet normal -0.146667 -0.989186 -0
    outer loop
      vertex 78.2439 69.226 37
      vertex 78.1225 69.244 3
      vertex 78.2439 69.226 3
    endloop
  endfacet
  facet normal 0.595423 -0.803413 0
    outer loop
      vertex 77.207 68.9663 3
      vertex 77.3055 69.0393 37
      vertex 77.207 68.9663 37
    endloop
  endfacet
  facet normal 0.595423 -0.803413 0
    outer loop
      vertex 77.3055 69.0393 37
      vertex 77.207 68.9663 3
      vertex 77.3055 69.0393 3
    endloop
  endfacet
  facet normal -0.427525 0.904003 0
    outer loop
      vertex 78.5892 66.8976 3
      vertex 78.4784 66.8452 37
      vertex 78.5892 66.8976 37
    endloop
  endfacet
  facet normal -0.427525 0.904003 0
    outer loop
      vertex 78.4784 66.8452 37
      vertex 78.5892 66.8976 3
      vertex 78.4784 66.8452 3
    endloop
  endfacet
  facet normal 0.803413 -0.595423 0
    outer loop
      vertex 76.9607 68.6945 37
      vertex 77.0337 68.793 3
      vertex 77.0337 68.793 37
    endloop
  endfacet
  facet normal 0.803413 -0.595423 0
    outer loop
      vertex 77.0337 68.793 3
      vertex 76.9607 68.6945 37
      vertex 76.9607 68.6945 3
    endloop
  endfacet
  facet normal -0.989186 0.146667 0
    outer loop
      vertex 79.226 67.7561 3
      vertex 79.244 67.8775 37
      vertex 79.244 67.8775 3
    endloop
  endfacet
  facet normal -0.989186 0.146667 0
    outer loop
      vertex 79.244 67.8775 37
      vertex 79.226 67.7561 3
      vertex 79.226 67.7561 37
    endloop
  endfacet
  facet normal 0.941354 -0.33742 0
    outer loop
      vertex 76.8038 68.3629 37
      vertex 76.8452 68.4784 3
      vertex 76.8452 68.4784 37
    endloop
  endfacet
  facet normal 0.941354 -0.33742 0
    outer loop
      vertex 76.8452 68.4784 3
      vertex 76.8038 68.3629 37
      vertex 76.8038 68.3629 3
    endloop
  endfacet
  facet normal -0.427525 -0.904003 0
    outer loop
      vertex 78.4784 69.1548 3
      vertex 78.5892 69.1024 37
      vertex 78.4784 69.1548 37
    endloop
  endfacet
  facet normal -0.427525 -0.904003 -0
    outer loop
      vertex 78.5892 69.1024 37
      vertex 78.4784 69.1548 3
      vertex 78.5892 69.1024 3
    endloop
  endfacet
  facet normal 0.941354 0.33742 0
    outer loop
      vertex 76.8452 67.5216 37
      vertex 76.8038 67.6371 3
      vertex 76.8038 67.6371 37
    endloop
  endfacet
  facet normal 0.941354 0.33742 0
    outer loop
      vertex 76.8038 67.6371 3
      vertex 76.8452 67.5216 37
      vertex 76.8452 67.5216 3
    endloop
  endfacet
  facet normal -0.970047 0.242919 0
    outer loop
      vertex 79.1962 67.6371 3
      vertex 79.226 67.7561 37
      vertex 79.226 67.7561 3
    endloop
  endfacet
  facet normal -0.970047 0.242919 0
    outer loop
      vertex 79.226 67.7561 37
      vertex 79.1962 67.6371 3
      vertex 79.1962 67.6371 37
    endloop
  endfacet
  facet normal 0.0489209 -0.998803 0
    outer loop
      vertex 77.8775 69.244 3
      vertex 78 69.25 37
      vertex 77.8775 69.244 37
    endloop
  endfacet
  facet normal 0.0489209 -0.998803 0
    outer loop
      vertex 78 69.25 37
      vertex 77.8775 69.244 3
      vertex 78 69.25 3
    endloop
  endfacet
  facet normal -0.671617 -0.740898 0
    outer loop
      vertex 78.793 68.9663 3
      vertex 78.8839 68.8839 37
      vertex 78.793 68.9663 37
    endloop
  endfacet
  facet normal -0.671617 -0.740898 -0
    outer loop
      vertex 78.8839 68.8839 37
      vertex 78.793 68.9663 3
      vertex 78.8839 68.8839 3
    endloop
  endfacet
  facet normal 0.427525 -0.904003 0
    outer loop
      vertex 77.4108 69.1024 3
      vertex 77.5216 69.1548 37
      vertex 77.4108 69.1024 37
    endloop
  endfacet
  facet normal 0.427525 -0.904003 0
    outer loop
      vertex 77.5216 69.1548 37
      vertex 77.4108 69.1024 3
      vertex 77.5216 69.1548 3
    endloop
  endfacet
  facet normal 0.671617 -0.740898 0
    outer loop
      vertex 77.1161 68.8839 3
      vertex 77.207 68.9663 37
      vertex 77.1161 68.8839 37
    endloop
  endfacet
  facet normal 0.671617 -0.740898 0
    outer loop
      vertex 77.207 68.9663 37
      vertex 77.1161 68.8839 3
      vertex 77.207 68.9663 3
    endloop
  endfacet
  facet normal -0.33742 0.941354 0
    outer loop
      vertex 78.4784 66.8452 3
      vertex 78.3629 66.8038 37
      vertex 78.4784 66.8452 37
    endloop
  endfacet
  facet normal -0.33742 0.941354 0
    outer loop
      vertex 78.3629 66.8038 37
      vertex 78.4784 66.8452 3
      vertex 78.3629 66.8038 3
    endloop
  endfacet
  facet normal 0.33742 -0.941354 0
    outer loop
      vertex 77.5216 69.1548 3
      vertex 77.6371 69.1962 37
      vertex 77.5216 69.1548 37
    endloop
  endfacet
  facet normal 0.33742 -0.941354 0
    outer loop
      vertex 77.6371 69.1962 37
      vertex 77.5216 69.1548 3
      vertex 77.6371 69.1962 3
    endloop
  endfacet
  facet normal -0.803413 -0.595423 0
    outer loop
      vertex 79.0393 68.6945 3
      vertex 78.9663 68.793 37
      vertex 78.9663 68.793 3
    endloop
  endfacet
  facet normal -0.803413 -0.595423 0
    outer loop
      vertex 78.9663 68.793 37
      vertex 79.0393 68.6945 3
      vertex 79.0393 68.6945 37
    endloop
  endfacet
  facet normal 0.85778 -0.514016 0
    outer loop
      vertex 76.8976 68.5892 37
      vertex 76.9607 68.6945 3
      vertex 76.9607 68.6945 37
    endloop
  endfacet
  facet normal 0.85778 -0.514016 0
    outer loop
      vertex 76.9607 68.6945 3
      vertex 76.8976 68.5892 37
      vertex 76.8976 68.5892 3
    endloop
  endfacet
  facet normal -0.998803 0.0489209 0
    outer loop
      vertex 79.244 67.8775 3
      vertex 79.25 68 37
      vertex 79.25 68 3
    endloop
  endfacet
  facet normal -0.998803 0.0489209 0
    outer loop
      vertex 79.25 68 37
      vertex 79.244 67.8775 3
      vertex 79.244 67.8775 37
    endloop
  endfacet
  facet normal -0.904003 0.427525 0
    outer loop
      vertex 79.1024 67.4108 3
      vertex 79.1548 67.5216 37
      vertex 79.1548 67.5216 3
    endloop
  endfacet
  facet normal -0.904003 0.427525 0
    outer loop
      vertex 79.1548 67.5216 37
      vertex 79.1024 67.4108 3
      vertex 79.1024 67.4108 37
    endloop
  endfacet
  facet normal 0.671617 0.740898 -0
    outer loop
      vertex 77.207 67.0337 3
      vertex 77.1161 67.1161 37
      vertex 77.207 67.0337 37
    endloop
  endfacet
  facet normal 0.671617 0.740898 0
    outer loop
      vertex 77.1161 67.1161 37
      vertex 77.207 67.0337 3
      vertex 77.1161 67.1161 3
    endloop
  endfacet
  facet normal -0.595423 -0.803413 0
    outer loop
      vertex 78.6945 69.0393 3
      vertex 78.793 68.9663 37
      vertex 78.6945 69.0393 37
    endloop
  endfacet
  facet normal -0.595423 -0.803413 -0
    outer loop
      vertex 78.793 68.9663 37
      vertex 78.6945 69.0393 3
      vertex 78.793 68.9663 3
    endloop
  endfacet
  facet normal 0.514016 0.85778 -0
    outer loop
      vertex 77.4108 66.8976 3
      vertex 77.3055 66.9607 37
      vertex 77.4108 66.8976 37
    endloop
  endfacet
  facet normal 0.514016 0.85778 0
    outer loop
      vertex 77.3055 66.9607 37
      vertex 77.4108 66.8976 3
      vertex 77.3055 66.9607 3
    endloop
  endfacet
  facet normal -0.514016 -0.85778 0
    outer loop
      vertex 78.5892 69.1024 3
      vertex 78.6945 69.0393 37
      vertex 78.5892 69.1024 37
    endloop
  endfacet
  facet normal -0.514016 -0.85778 -0
    outer loop
      vertex 78.6945 69.0393 37
      vertex 78.5892 69.1024 3
      vertex 78.6945 69.0393 3
    endloop
  endfacet
  facet normal -0.146667 0.989186 0
    outer loop
      vertex 78.2439 66.774 3
      vertex 78.1225 66.756 37
      vertex 78.2439 66.774 37
    endloop
  endfacet
  facet normal -0.146667 0.989186 0
    outer loop
      vertex 78.1225 66.756 37
      vertex 78.2439 66.774 3
      vertex 78.1225 66.756 3
    endloop
  endfacet
  facet normal -0.941354 -0.33742 0
    outer loop
      vertex 79.1962 68.3629 3
      vertex 79.1548 68.4784 37
      vertex 79.1548 68.4784 3
    endloop
  endfacet
  facet normal -0.941354 -0.33742 0
    outer loop
      vertex 79.1548 68.4784 37
      vertex 79.1962 68.3629 3
      vertex 79.1962 68.3629 37
    endloop
  endfacet
  facet normal -0.85778 0.514016 0
    outer loop
      vertex 79.0393 67.3055 3
      vertex 79.1024 67.4108 37
      vertex 79.1024 67.4108 3
    endloop
  endfacet
  facet normal -0.85778 0.514016 0
    outer loop
      vertex 79.1024 67.4108 37
      vertex 79.0393 67.3055 3
      vertex 79.0393 67.3055 37
    endloop
  endfacet
  facet normal 0.998803 0.0489209 0
    outer loop
      vertex 76.756 67.8775 37
      vertex 76.75 68 3
      vertex 76.75 68 37
    endloop
  endfacet
  facet normal 0.998803 0.0489209 0
    outer loop
      vertex 76.75 68 3
      vertex 76.756 67.8775 37
      vertex 76.756 67.8775 3
    endloop
  endfacet
  facet normal -0.941354 0.33742 0
    outer loop
      vertex 79.1548 67.5216 3
      vertex 79.1962 67.6371 37
      vertex 79.1962 67.6371 3
    endloop
  endfacet
  facet normal -0.941354 0.33742 0
    outer loop
      vertex 79.1962 67.6371 37
      vertex 79.1548 67.5216 3
      vertex 79.1548 67.5216 37
    endloop
  endfacet
  facet normal -0.740898 -0.671617 0
    outer loop
      vertex 78.9663 68.793 3
      vertex 78.8839 68.8839 37
      vertex 78.8839 68.8839 3
    endloop
  endfacet
  facet normal -0.740898 -0.671617 0
    outer loop
      vertex 78.8839 68.8839 37
      vertex 78.9663 68.793 3
      vertex 78.9663 68.793 37
    endloop
  endfacet
  facet normal -0.0489209 -0.998803 0
    outer loop
      vertex 78 69.25 3
      vertex 78.1225 69.244 37
      vertex 78 69.25 37
    endloop
  endfacet
  facet normal -0.0489209 -0.998803 -0
    outer loop
      vertex 78.1225 69.244 37
      vertex 78 69.25 3
      vertex 78.1225 69.244 3
    endloop
  endfacet
  facet normal -0.904003 -0.427525 0
    outer loop
      vertex 79.1548 68.4784 3
      vertex 79.1024 68.5892 37
      vertex 79.1024 68.5892 3
    endloop
  endfacet
  facet normal -0.904003 -0.427525 0
    outer loop
      vertex 79.1024 68.5892 37
      vertex 79.1548 68.4784 3
      vertex 79.1548 68.4784 37
    endloop
  endfacet
  facet normal 0.146667 0.989186 -0
    outer loop
      vertex 77.8775 66.756 3
      vertex 77.7561 66.774 37
      vertex 77.8775 66.756 37
    endloop
  endfacet
  facet normal 0.146667 0.989186 0
    outer loop
      vertex 77.7561 66.774 37
      vertex 77.8775 66.756 3
      vertex 77.7561 66.774 3
    endloop
  endfacet
  facet normal -0.671617 0.740898 0
    outer loop
      vertex 78.8839 67.1161 3
      vertex 78.793 67.0337 37
      vertex 78.8839 67.1161 37
    endloop
  endfacet
  facet normal -0.671617 0.740898 0
    outer loop
      vertex 78.793 67.0337 37
      vertex 78.8839 67.1161 3
      vertex 78.793 67.0337 3
    endloop
  endfacet
  facet normal -0.85778 -0.514016 0
    outer loop
      vertex 79.1024 68.5892 3
      vertex 79.0393 68.6945 37
      vertex 79.0393 68.6945 3
    endloop
  endfacet
  facet normal -0.85778 -0.514016 0
    outer loop
      vertex 79.0393 68.6945 37
      vertex 79.1024 68.5892 3
      vertex 79.1024 68.5892 37
    endloop
  endfacet
  facet normal 0.0489209 0.998803 -0
    outer loop
      vertex 78 66.75 3
      vertex 77.8775 66.756 37
      vertex 78 66.75 37
    endloop
  endfacet
  facet normal 0.0489209 0.998803 0
    outer loop
      vertex 77.8775 66.756 37
      vertex 78 66.75 3
      vertex 77.8775 66.756 3
    endloop
  endfacet
  facet normal 0.740898 -0.671617 0
    outer loop
      vertex 77.0337 68.793 37
      vertex 77.1161 68.8839 3
      vertex 77.1161 68.8839 37
    endloop
  endfacet
  facet normal 0.740898 -0.671617 0
    outer loop
      vertex 77.1161 68.8839 3
      vertex 77.0337 68.793 37
      vertex 77.0337 68.793 3
    endloop
  endfacet
  facet normal 0.146667 -0.989186 0
    outer loop
      vertex 77.7561 69.226 3
      vertex 77.8775 69.244 37
      vertex 77.7561 69.226 37
    endloop
  endfacet
  facet normal 0.146667 -0.989186 0
    outer loop
      vertex 77.8775 69.244 37
      vertex 77.7561 69.226 3
      vertex 77.8775 69.244 3
    endloop
  endfacet
  facet normal 0.904003 -0.427525 0
    outer loop
      vertex 76.8452 68.4784 37
      vertex 76.8976 68.5892 3
      vertex 76.8976 68.5892 37
    endloop
  endfacet
  facet normal 0.904003 -0.427525 0
    outer loop
      vertex 76.8976 68.5892 3
      vertex 76.8452 68.4784 37
      vertex 76.8452 68.4784 3
    endloop
  endfacet
  facet normal 0.970047 -0.242919 0
    outer loop
      vertex 76.774 68.2439 37
      vertex 76.8038 68.3629 3
      vertex 76.8038 68.3629 37
    endloop
  endfacet
  facet normal 0.970047 -0.242919 0
    outer loop
      vertex 76.8038 68.3629 3
      vertex 76.774 68.2439 37
      vertex 76.774 68.2439 3
    endloop
  endfacet
  facet normal -0.242919 -0.970047 0
    outer loop
      vertex 78.2439 69.226 3
      vertex 78.3629 69.1962 37
      vertex 78.2439 69.226 37
    endloop
  endfacet
  facet normal -0.242919 -0.970047 -0
    outer loop
      vertex 78.3629 69.1962 37
      vertex 78.2439 69.226 3
      vertex 78.3629 69.1962 3
    endloop
  endfacet
  facet normal 0.970047 0.242919 0
    outer loop
      vertex 76.8038 67.6371 37
      vertex 76.774 67.7561 3
      vertex 76.774 67.7561 37
    endloop
  endfacet
  facet normal 0.970047 0.242919 0
    outer loop
      vertex 76.774 67.7561 3
      vertex 76.8038 67.6371 37
      vertex 76.8038 67.6371 3
    endloop
  endfacet
  facet normal 0.427525 0.904003 -0
    outer loop
      vertex 77.5216 66.8452 3
      vertex 77.4108 66.8976 37
      vertex 77.5216 66.8452 37
    endloop
  endfacet
  facet normal 0.427525 0.904003 0
    outer loop
      vertex 77.4108 66.8976 37
      vertex 77.5216 66.8452 3
      vertex 77.4108 66.8976 3
    endloop
  endfacet
  facet normal 0.740898 0.671617 0
    outer loop
      vertex 77.1161 67.1161 37
      vertex 77.0337 67.207 3
      vertex 77.0337 67.207 37
    endloop
  endfacet
  facet normal 0.740898 0.671617 0
    outer loop
      vertex 77.0337 67.207 3
      vertex 77.1161 67.1161 37
      vertex 77.1161 67.1161 3
    endloop
  endfacet
  facet normal -0.0489209 0.998803 0
    outer loop
      vertex 78.1225 66.756 3
      vertex 78 66.75 37
      vertex 78.1225 66.756 37
    endloop
  endfacet
  facet normal -0.0489209 0.998803 0
    outer loop
      vertex 78 66.75 37
      vertex 78.1225 66.756 3
      vertex 78 66.75 3
    endloop
  endfacet
  facet normal 0.989186 0.146667 0
    outer loop
      vertex 76.774 67.7561 37
      vertex 76.756 67.8775 3
      vertex 76.756 67.8775 37
    endloop
  endfacet
  facet normal 0.989186 0.146667 0
    outer loop
      vertex 76.756 67.8775 3
      vertex 76.774 67.7561 37
      vertex 76.774 67.7561 3
    endloop
  endfacet
  facet normal -0.595423 0.803413 0
    outer loop
      vertex 78.793 67.0337 3
      vertex 78.6945 66.9607 37
      vertex 78.793 67.0337 37
    endloop
  endfacet
  facet normal -0.595423 0.803413 0
    outer loop
      vertex 78.6945 66.9607 37
      vertex 78.793 67.0337 3
      vertex 78.6945 66.9607 3
    endloop
  endfacet
  facet normal 0 0 1
    outer loop
      vertex 79.244 68.1225 3
      vertex 79.244 67.8775 3
      vertex 79.25 68 3
    endloop
  endfacet
  facet normal 0 0 1
    outer loop
      vertex 79.226 68.2439 3
      vertex 79.244 67.8775 3
      vertex 79.244 68.1225 3
    endloop
  endfacet
  facet normal 0 0 1
    outer loop
      vertex 79.226 68.2439 3
      vertex 79.226 67.7561 3
      vertex 79.244 67.8775 3
    endloop
  endfacet
  facet normal 0 0 1
    outer loop
      vertex 79.1962 68.3629 3
      vertex 79.226 67.7561 3
      vertex 79.226 68.2439 3
    endloop
  endfacet
  facet normal 0 0 1
    outer loop
      vertex 79.1962 68.3629 3
      vertex 79.1962 67.6371 3
      vertex 79.226 67.7561 3
    endloop
  endfacet
  facet normal 0 0 1
    outer loop
      vertex 79.1548 68.4784 3
      vertex 79.1962 67.6371 3
      vertex 79.1962 68.3629 3
    endloop
  endfacet
  facet normal 0 0 1
    outer loop
      vertex 79.1548 68.4784 3
      vertex 79.1548 67.5216 3
      vertex 79.1962 67.6371 3
    endloop
  endfacet
  facet normal 0 0 1
    outer loop
      vertex 79.1024 68.5892 3
      vertex 79.1548 67.5216 3
      vertex 79.1548 68.4784 3
    endloop
  endfacet
  facet normal 0 0 1
    outer loop
      vertex 79.1024 68.5892 3
      vertex 79.1024 67.4108 3
      vertex 79.1548 67.5216 3
    endloop
  endfacet
  facet normal 0 0 1
    outer loop
      vertex 79.0393 68.6945 3
      vertex 79.1024 67.4108 3
      vertex 79.1024 68.5892 3
    endloop
  endfacet
  facet normal 0 0 1
    outer loop
      vertex 79.0393 68.6945 3
      vertex 79.0393 67.3055 3
      vertex 79.1024 67.4108 3
    endloop
  endfacet
  facet normal 0 0 1
    outer loop
      vertex 78.9663 68.793 3
      vertex 79.0393 67.3055 3
      vertex 79.0393 68.6945 3
    endloop
  endfacet
  facet normal 0 0 1
    outer loop
      vertex 78.9663 68.793 3
      vertex 78.9663 67.207 3
      vertex 79.0393 67.3055 3
    endloop
  endfacet
  facet normal 0 0 1
    outer loop
      vertex 78.8839 68.8839 3
      vertex 78.9663 67.207 3
      vertex 78.9663 68.793 3
    endloop
  endfacet
  facet normal 0 0 1
    outer loop
      vertex 78.8839 68.8839 3
      vertex 78.8839 67.1161 3
      vertex 78.9663 67.207 3
    endloop
  endfacet
  facet normal 0 0 1
    outer loop
      vertex 78.793 68.9663 3
      vertex 78.8839 67.1161 3
      vertex 78.8839 68.8839 3
    endloop
  endfacet
  facet normal 0 0 1
    outer loop
      vertex 78.793 68.9663 3
      vertex 78.793 67.0337 3
      vertex 78.8839 67.1161 3
    endloop
  endfacet
  facet normal 0 0 1
    outer loop
      vertex 78.6945 69.0393 3
      vertex 78.793 67.0337 3
      vertex 78.793 68.9663 3
    endloop
  endfacet
  facet normal 0 0 1
    outer loop
      vertex 78.6945 69.0393 3
      vertex 78.6945 66.9607 3
      vertex 78.793 67.0337 3
    endloop
  endfacet
  facet normal 0 0 1
    outer loop
      vertex 78.5892 69.1024 3
      vertex 78.6945 66.9607 3
      vertex 78.6945 69.0393 3
    endloop
  endfacet
  facet normal 0 0 1
    outer loop
      vertex 78.5892 69.1024 3
      vertex 78.5892 66.8976 3
      vertex 78.6945 66.9607 3
    endloop
  endfacet
  facet normal 0 0 1
    outer loop
      vertex 78.4784 69.1548 3
      vertex 78.5892 66.8976 3
      vertex 78.5892 69.1024 3
    endloop
  endfacet
  facet normal 0 0 1
    outer loop
      vertex 78.4784 69.1548 3
      vertex 78.4784 66.8452 3
      vertex 78.5892 66.8976 3
    endloop
  endfacet
  facet normal 0 0 1
    outer loop
      vertex 78.3629 69.1962 3
      vertex 78.4784 66.8452 3
      vertex 78.4784 69.1548 3
    endloop
  endfacet
  facet normal 0 0 1
    outer loop
      vertex 78.3629 69.1962 3
      vertex 78.3629 66.8038 3
      vertex 78.4784 66.8452 3
    endloop
  endfacet
  facet normal 0 0 1
    outer loop
      vertex 78.2439 69.226 3
      vertex 78.3629 66.8038 3
      vertex 78.3629 69.1962 3
    endloop
  endfacet
  facet normal 0 0 1
    outer loop
      vertex 78.2439 69.226 3
      vertex 78.2439 66.774 3
      vertex 78.3629 66.8038 3
    endloop
  endfacet
  facet normal 0 0 1
    outer loop
      vertex 78.1225 69.244 3
      vertex 78.2439 66.774 3
      vertex 78.2439 69.226 3
    endloop
  endfacet
  facet normal 0 0 1
    outer loop
      vertex 78.1225 69.244 3
      vertex 78.1225 66.756 3
      vertex 78.2439 66.774 3
    endloop
  endfacet
  facet normal 0 0 1
    outer loop
      vertex 78 69.25 3
      vertex 78.1225 66.756 3
      vertex 78.1225 69.244 3
    endloop
  endfacet
  facet normal 0 0 1
    outer loop
      vertex 78 69.25 3
      vertex 78 66.75 3
      vertex 78.1225 66.756 3
    endloop
  endfacet
  facet normal -0 0 1
    outer loop
      vertex 77.8775 69.244 3
      vertex 78 66.75 3
      vertex 78 69.25 3
    endloop
  endfacet
  facet normal 0 0 1
    outer loop
      vertex 77.8775 69.244 3
      vertex 77.8775 66.756 3
      vertex 78 66.75 3
    endloop
  endfacet
  facet normal -0 0 1
    outer loop
      vertex 77.7561 69.226 3
      vertex 77.8775 66.756 3
      vertex 77.8775 69.244 3
    endloop
  endfacet
  facet normal 0 0 1
    outer loop
      vertex 77.7561 69.226 3
      vertex 77.7561 66.774 3
      vertex 77.8775 66.756 3
    endloop
  endfacet
  facet normal -0 0 1
    outer loop
      vertex 77.6371 69.1962 3
      vertex 77.7561 66.774 3
      vertex 77.7561 69.226 3
    endloop
  endfacet
  facet normal 0 0 1
    outer loop
      vertex 77.6371 69.1962 3
      vertex 77.6371 66.8038 3
      vertex 77.7561 66.774 3
    endloop
  endfacet
  facet normal -0 0 1
    outer loop
      vertex 77.5216 69.1548 3
      vertex 77.6371 66.8038 3
      vertex 77.6371 69.1962 3
    endloop
  endfacet
  facet normal 0 0 1
    outer loop
      vertex 77.5216 69.1548 3
      vertex 77.5216 66.8452 3
      vertex 77.6371 66.8038 3
    endloop
  endfacet
  facet normal -0 0 1
    outer loop
      vertex 77.4108 69.1024 3
      vertex 77.5216 66.8452 3
      vertex 77.5216 69.1548 3
    endloop
  endfacet
  facet normal 0 0 1
    outer loop
      vertex 77.4108 69.1024 3
      vertex 77.4108 66.8976 3
      vertex 77.5216 66.8452 3
    endloop
  endfacet
  facet normal -0 0 1
    outer loop
      vertex 77.3055 69.0393 3
      vertex 77.4108 66.8976 3
      vertex 77.4108 69.1024 3
    endloop
  endfacet
  facet normal 0 0 1
    outer loop
      vertex 77.3055 69.0393 3
      vertex 77.3055 66.9607 3
      vertex 77.4108 66.8976 3
    endloop
  endfacet
  facet normal -0 0 1
    outer loop
      vertex 77.207 68.9663 3
      vertex 77.3055 66.9607 3
      vertex 77.3055 69.0393 3
    endloop
  endfacet
  facet normal 0 0 1
    outer loop
      vertex 77.207 68.9663 3
      vertex 77.207 67.0337 3
      vertex 77.3055 66.9607 3
    endloop
  endfacet
  facet normal -0 0 1
    outer loop
      vertex 77.1161 68.8839 3
      vertex 77.207 67.0337 3
      vertex 77.207 68.9663 3
    endloop
  endfacet
  facet normal 0 0 1
    outer loop
      vertex 77.1161 68.8839 3
      vertex 77.1161 67.1161 3
      vertex 77.207 67.0337 3
    endloop
  endfacet
  facet normal -0 0 1
    outer loop
      vertex 77.0337 68.793 3
      vertex 77.1161 67.1161 3
      vertex 77.1161 68.8839 3
    endloop
  endfacet
  facet normal 0 0 1
    outer loop
      vertex 77.0337 68.793 3
      vertex 77.0337 67.207 3
      vertex 77.1161 67.1161 3
    endloop
  endfacet
  facet normal -0 0 1
    outer loop
      vertex 76.9607 68.6945 3
      vertex 77.0337 67.207 3
      vertex 77.0337 68.793 3
    endloop
  endfacet
  facet normal 0 0 1
    outer loop
      vertex 76.9607 68.6945 3
      vertex 76.9607 67.3055 3
      vertex 77.0337 67.207 3
    endloop
  endfacet
  facet normal -0 0 1
    outer loop
      vertex 76.8976 68.5892 3
      vertex 76.9607 67.3055 3
      vertex 76.9607 68.6945 3
    endloop
  endfacet
  facet normal 0 0 1
    outer loop
      vertex 76.8976 68.5892 3
      vertex 76.8976 67.4108 3
      vertex 76.9607 67.3055 3
    endloop
  endfacet
  facet normal -0 0 1
    outer loop
      vertex 76.8452 68.4784 3
      vertex 76.8976 67.4108 3
      vertex 76.8976 68.5892 3
    endloop
  endfacet
  facet normal 0 0 1
    outer loop
      vertex 76.8452 68.4784 3
      vertex 76.8452 67.5216 3
      vertex 76.8976 67.4108 3
    endloop
  endfacet
  facet normal -0 0 1
    outer loop
      vertex 76.8038 68.3629 3
      vertex 76.8452 67.5216 3
      vertex 76.8452 68.4784 3
    endloop
  endfacet
  facet normal 0 0 1
    outer loop
      vertex 76.8038 68.3629 3
      vertex 76.8038 67.6371 3
      vertex 76.8452 67.5216 3
    endloop
  endfacet
  facet normal -0 0 1
    outer loop
      vertex 76.774 68.2439 3
      vertex 76.8038 67.6371 3
      vertex 76.8038 68.3629 3
    endloop
  endfacet
  facet normal 0 0 1
    outer loop
      vertex 76.774 68.2439 3
      vertex 76.774 67.7561 3
      vertex 76.8038 67.6371 3
    endloop
  endfacet
  facet normal -0 0 1
    outer loop
      vertex 76.756 68.1225 3
      vertex 76.774 67.7561 3
      vertex 76.774 68.2439 3
    endloop
  endfacet
  facet normal 0 0 1
    outer loop
      vertex 76.756 68.1225 3
      vertex 76.756 67.8775 3
      vertex 76.774 67.7561 3
    endloop
  endfacet
  facet normal 0 -0 1
    outer loop
      vertex 76.756 67.8775 3
      vertex 76.756 68.1225 3
      vertex 76.75 68 3
    endloop
  endfacet
  facet normal 0.803413 0.595423 0
    outer loop
      vertex 77.0337 67.207 37
      vertex 76.9607 67.3055 3
      vertex 76.9607 67.3055 37
    endloop
  endfacet
  facet normal 0.803413 0.595423 0
    outer loop
      vertex 76.9607 67.3055 3
      vertex 77.0337 67.207 37
      vertex 77.0337 67.207 3
    endloop
  endfacet
  facet normal 0.998803 -0.0489209 0
    outer loop
      vertex 76.75 68 37
      vertex 76.756 68.1225 3
      vertex 76.756 68.1225 37
    endloop
  endfacet
  facet normal 0.998803 -0.0489209 0
    outer loop
      vertex 76.756 68.1225 3
      vertex 76.75 68 37
      vertex 76.75 68 3
    endloop
  endfacet
  facet normal -0.740898 0.671617 0
    outer loop
      vertex 78.8839 67.1161 3
      vertex 78.9663 67.207 37
      vertex 78.9663 67.207 3
    endloop
  endfacet
  facet normal -0.740898 0.671617 0
    outer loop
      vertex 78.9663 67.207 37
      vertex 78.8839 67.1161 3
      vertex 78.8839 67.1161 37
    endloop
  endfacet
  facet normal -1 0 0
    outer loop
      vertex -74.6 23 0
      vertex -74.6 25 3
      vertex -74.6 25 0
    endloop
  endfacet
  facet normal -1 -0 0
    outer loop
      vertex -74.6 25 3
      vertex -74.6 23 0
      vertex -74.6 23 3
    endloop
  endfacet
  facet normal 1 -0 0
    outer loop
      vertex -78.6 23 3
      vertex -78.6 25 0
      vertex -78.6 25 3
    endloop
  endfacet
  facet normal 1 0 0
    outer loop
      vertex -78.6 25 0
      vertex -78.6 23 3
      vertex -78.6 23 0
    endloop
  endfacet
  facet normal 0 -1 0
    outer loop
      vertex -78.6 25 0
      vertex -74.6 25 3
      vertex -78.6 25 3
    endloop
  endfacet
  facet normal 0 -1 -0
    outer loop
      vertex -74.6 25 3
      vertex -78.6 25 0
      vertex -74.6 25 0
    endloop
  endfacet
  facet normal 0 1 -0
    outer loop
      vertex -74.6 23 0
      vertex -78.6 23 3
      vertex -74.6 23 3
    endloop
  endfacet
  facet normal 0 1 0
    outer loop
      vertex -78.6 23 3
      vertex -74.6 23 0
      vertex -78.6 23 0
    endloop
  endfacet
  facet normal -1 0 0
    outer loop
      vertex -74.6 35 0
      vertex -74.6 37 3
      vertex -74.6 37 0
    endloop
  endfacet
  facet normal -1 -0 0
    outer loop
      vertex -74.6 37 3
      vertex -74.6 35 0
      vertex -74.6 35 3
    endloop
  endfacet
  facet normal 1 -0 0
    outer loop
      vertex -78.6 35 3
      vertex -78.6 37 0
      vertex -78.6 37 3
    endloop
  endfacet
  facet normal 1 0 0
    outer loop
      vertex -78.6 37 0
      vertex -78.6 35 3
      vertex -78.6 35 0
    endloop
  endfacet
  facet normal 0 -1 0
    outer loop
      vertex -78.6 37 0
      vertex -74.6 37 3
      vertex -78.6 37 3
    endloop
  endfacet
  facet normal 0 -1 -0
    outer loop
      vertex -74.6 37 3
      vertex -78.6 37 0
      vertex -74.6 37 0
    endloop
  endfacet
  facet normal 0 1 -0
    outer loop
      vertex -74.6 35 0
      vertex -78.6 35 3
      vertex -74.6 35 3
    endloop
  endfacet
  facet normal 0 1 0
    outer loop
      vertex -78.6 35 3
      vertex -74.6 35 0
      vertex -78.6 35 0
    endloop
  endfacet
  facet normal -1 0 0
    outer loop
      vertex 27 -58 0
      vertex 27 -56 3
      vertex 27 -56 0
    endloop
  endfacet
  facet normal -1 -0 0
    outer loop
      vertex 27 -56 3
      vertex 27 -58 0
      vertex 27 -58 3
    endloop
  endfacet
  facet normal 1 -0 0
    outer loop
      vertex 23 -58 3
      vertex 23 -56 0
      vertex 23 -56 3
    endloop
  endfacet
  facet normal 1 0 0
    outer loop
      vertex 23 -56 0
      vertex 23 -58 3
      vertex 23 -58 0
    endloop
  endfacet
  facet normal 0 -1 0
    outer loop
      vertex 23 -56 0
      vertex 27 -56 3
      vertex 23 -56 3
    endloop
  endfacet
  facet normal 0 -1 -0
    outer loop
      vertex 27 -56 3
      vertex 23 -56 0
      vertex 27 -56 0
    endloop
  endfacet
  facet normal 0 1 -0
    outer loop
      vertex 27 -58 0
      vertex 23 -58 3
      vertex 27 -58 3
    endloop
  endfacet
  facet normal 0 1 0
    outer loop
      vertex 23 -58 3
      vertex 27 -58 0
      vertex 23 -58 0
    endloop
  endfacet
  facet normal -1 0 0
    outer loop
      vertex 27 -34 0
      vertex 27 -32 3
      vertex 27 -32 0
    endloop
  endfacet
  facet normal -1 -0 0
    outer loop
      vertex 27 -32 3
      vertex 27 -34 0
      vertex 27 -34 3
    endloop
  endfacet
  facet normal 1 -0 0
    outer loop
      vertex 23 -34 3
      vertex 23 -32 0
      vertex 23 -32 3
    endloop
  endfacet
  facet normal 1 0 0
    outer loop
      vertex 23 -32 0
      vertex 23 -34 3
      vertex 23 -34 0
    endloop
  endfacet
  facet normal 0 -1 0
    outer loop
      vertex 23 -32 0
      vertex 27 -32 3
      vertex 23 -32 3
    endloop
  endfacet
  facet normal 0 -1 -0
    outer loop
      vertex 27 -32 3
      vertex 23 -32 0
      vertex 27 -32 0
    endloop
  endfacet
  facet normal 0 1 -0
    outer loop
      vertex 27 -34 0
      vertex 23 -34 3
      vertex 27 -34 3
    endloop
  endfacet
  facet normal 0 1 0
    outer loop
      vertex 23 -34 3
      vertex 27 -34 0
      vertex 23 -34 0
    endloop
  endfacet
  facet normal -1 0 0
    outer loop
      vertex 47 -58 0
      vertex 47 -56 3
      vertex 47 -56 0
    endloop
  endfacet
  facet normal -1 -0 0
    outer loop
      vertex 47 -56 3
      vertex 47 -58 0
      vertex 47 -58 3
    endloop
  endfacet
  facet normal 1 -0 0
    outer loop
      vertex 43 -58 3
      vertex 43 -56 0
      vertex 43 -56 3
    endloop
  endfacet
  facet normal 1 0 0
    outer loop
      vertex 43 -56 0
      vertex 43 -58 3
      vertex 43 -58 0
    endloop
  endfacet
  facet normal 0 -1 0
    outer loop
      vertex 43 -56 0
      vertex 47 -56 3
      vertex 43 -56 3
    endloop
  endfacet
  facet normal 0 -1 -0
    outer loop
      vertex 47 -56 3
      vertex 43 -56 0
      vertex 47 -56 0
    endloop
  endfacet
  facet normal 0 1 -0
    outer loop
      vertex 47 -58 0
      vertex 43 -58 3
      vertex 47 -58 3
    endloop
  endfacet
  facet normal 0 1 0
    outer loop
      vertex 43 -58 3
      vertex 47 -58 0
      vertex 43 -58 0
    endloop
  endfacet
  facet normal -1 0 0
    outer loop
      vertex 47 -34 0
      vertex 47 -32 3
      vertex 47 -32 0
    endloop
  endfacet
  facet normal -1 -0 0
    outer loop
      vertex 47 -32 3
      vertex 47 -34 0
      vertex 47 -34 3
    endloop
  endfacet
  facet normal 1 -0 0
    outer loop
      vertex 43 -34 3
      vertex 43 -32 0
      vertex 43 -32 3
    endloop
  endfacet
  facet normal 1 0 0
    outer loop
      vertex 43 -32 0
      vertex 43 -34 3
      vertex 43 -34 0
    endloop
  endfacet
  facet normal 0 -1 0
    outer loop
      vertex 43 -32 0
      vertex 47 -32 3
      vertex 43 -32 3
    endloop
  endfacet
  facet normal 0 -1 -0
    outer loop
      vertex 47 -32 3
      vertex 43 -32 0
      vertex 47 -32 0
    endloop
  endfacet
  facet normal 0 1 -0
    outer loop
      vertex 47 -34 0
      vertex 43 -34 3
      vertex 47 -34 3
    endloop
  endfacet
  facet normal 0 1 0
    outer loop
      vertex 43 -34 3
      vertex 47 -34 0
      vertex 43 -34 0
    endloop
  endfacet
  facet normal -1 0 0
    outer loop
      vertex 67 -58 0
      vertex 67 -56 3
      vertex 67 -56 0
    endloop
  endfacet
  facet normal -1 -0 0
    outer loop
      vertex 67 -56 3
      vertex 67 -58 0
      vertex 67 -58 3
    endloop
  endfacet
  facet normal 1 -0 0
    outer loop
      vertex 63 -58 3
      vertex 63 -56 0
      vertex 63 -56 3
    endloop
  endfacet
  facet normal 1 0 0
    outer loop
      vertex 63 -56 0
      vertex 63 -58 3
      vertex 63 -58 0
    endloop
  endfacet
  facet normal 0 -1 0
    outer loop
      vertex 63 -56 0
      vertex 67 -56 3
      vertex 63 -56 3
    endloop
  endfacet
  facet normal 0 -1 -0
    outer loop
      vertex 67 -56 3
      vertex 63 -56 0
      vertex 67 -56 0
    endloop
  endfacet
  facet normal 0 1 -0
    outer loop
      vertex 67 -58 0
      vertex 63 -58 3
      vertex 67 -58 3
    endloop
  endfacet
  facet normal 0 1 0
    outer loop
      vertex 63 -58 3
      vertex 67 -58 0
      vertex 63 -58 0
    endloop
  endfacet
  facet normal -1 0 0
    outer loop
      vertex 67 -34 0
      vertex 67 -32 3
      vertex 67 -32 0
    endloop
  endfacet
  facet normal -1 -0 0
    outer loop
      vertex 67 -32 3
      vertex 67 -34 0
      vertex 67 -34 3
    endloop
  endfacet
  facet normal 1 -0 0
    outer loop
      vertex 63 -34 3
      vertex 63 -32 0
      vertex 63 -32 3
    endloop
  endfacet
  facet normal 1 0 0
    outer loop
      vertex 63 -32 0
      vertex 63 -34 3
      vertex 63 -34 0
    endloop
  endfacet
  facet normal 0 -1 0
    outer loop
      vertex 63 -32 0
      vertex 67 -32 3
      vertex 63 -32 3
    endloop
  endfacet
  facet normal 0 -1 -0
    outer loop
      vertex 67 -32 3
      vertex 63 -32 0
      vertex 67 -32 0
    endloop
  endfacet
  facet normal 0 1 -0
    outer loop
      vertex 67 -34 0
      vertex 63 -34 3
      vertex 67 -34 3
    endloop
  endfacet
  facet normal 0 1 0
    outer loop
      vertex 63 -34 3
      vertex 67 -34 0
      vertex 63 -34 0
    endloop
  endfacet
  facet normal -0.989138 -0.146988 0
    outer loop
      vertex -60.3101 -41.9542 0
      vertex -60.3404 -41.7503 3
      vertex -60.3404 -41.7503 0
    endloop
  endfacet
  facet normal -0.989138 -0.146988 0
    outer loop
      vertex -60.3404 -41.7503 3
      vertex -60.3101 -41.9542 0
      vertex -60.3101 -41.9542 3
    endloop
  endfacet
  facet normal -0.998798 -0.0490178 0
    outer loop
      vertex -60.3 -42.16 0
      vertex -60.3101 -41.9542 3
      vertex -60.3101 -41.9542 0
    endloop
  endfacet
  facet normal -0.998798 -0.0490178 0
    outer loop
      vertex -60.3101 -41.9542 3
      vertex -60.3 -42.16 0
      vertex -60.3 -42.16 3
    endloop
  endfacet
  facet normal -0.970114 -0.24265 0
    outer loop
      vertex -60.3404 -41.7503 0
      vertex -60.3904 -41.5504 3
      vertex -60.3904 -41.5504 0
    endloop
  endfacet
  facet normal -0.970114 -0.24265 0
    outer loop
      vertex -60.3904 -41.5504 3
      vertex -60.3404 -41.7503 0
      vertex -60.3404 -41.7503 3
    endloop
  endfacet
  facet normal -0.337258 0.941412 0
    outer loop
      vertex -61.5964 -44.1001 0
      vertex -61.7904 -44.1696 3
      vertex -61.5964 -44.1001 3
    endloop
  endfacet
  facet normal -0.337258 0.941412 0
    outer loop
      vertex -61.7904 -44.1696 3
      vertex -61.5964 -44.1001 0
      vertex -61.7904 -44.1696 0
    endloop
  endfacet
  facet normal -0.803076 -0.595877 0
    outer loop
      vertex -60.6539 -40.9933 0
      vertex -60.7767 -40.8278 3
      vertex -60.7767 -40.8278 0
    endloop
  endfacet
  facet normal -0.803076 -0.595877 0
    outer loop
      vertex -60.7767 -40.8278 3
      vertex -60.6539 -40.9933 0
      vertex -60.6539 -40.9933 3
    endloop
  endfacet
  facet normal -0.595877 -0.803076 0
    outer loop
      vertex -61.2333 -40.4139 0
      vertex -61.0678 -40.5367 3
      vertex -61.2333 -40.4139 3
    endloop
  endfacet
  facet normal -0.595877 -0.803076 -0
    outer loop
      vertex -61.0678 -40.5367 3
      vertex -61.2333 -40.4139 0
      vertex -61.0678 -40.5367 0
    endloop
  endfacet
  facet normal -0.740949 -0.671561 0
    outer loop
      vertex -60.7767 -40.8278 0
      vertex -60.9151 -40.6751 3
      vertex -60.9151 -40.6751 0
    endloop
  endfacet
  facet normal -0.740949 -0.671561 0
    outer loop
      vertex -60.9151 -40.6751 3
      vertex -60.7767 -40.8278 0
      vertex -60.7767 -40.8278 3
    endloop
  endfacet
  facet normal -0.998798 0.0490178 0
    outer loop
      vertex -60.3101 -42.3658 0
      vertex -60.3 -42.16 3
      vertex -60.3 -42.16 0
    endloop
  endfacet
  facet normal -0.998798 0.0490178 0
    outer loop
      vertex -60.3 -42.16 3
      vertex -60.3101 -42.3658 0
      vertex -60.3101 -42.3658 3
    endloop
  endfacet
  facet normal 0.146513 -0.989209 0
    outer loop
      vertex -62.8097 -40.1003 0
      vertex -62.6058 -40.0701 3
      vertex -62.8097 -40.1003 3
    endloop
  endfacet
  facet normal 0.146513 -0.989209 0
    outer loop
      vertex -62.6058 -40.0701 3
      vertex -62.8097 -40.1003 0
      vertex -62.6058 -40.0701 0
    endloop
  endfacet
  facet normal -0.427502 -0.904014 0
    outer loop
      vertex -61.5964 -40.2199 0
      vertex -61.4101 -40.308 3
      vertex -61.5964 -40.2199 3
    endloop
  endfacet
  facet normal -0.427502 -0.904014 -0
    outer loop
      vertex -61.4101 -40.308 3
      vertex -61.5964 -40.2199 0
      vertex -61.4101 -40.308 0
    endloop
  endfacet
  facet normal 0.941412 0.337258 0
    outer loop
      vertex -64.3401 -42.9636 3
      vertex -64.4096 -42.7696 0
      vertex -64.4096 -42.7696 3
    endloop
  endfacet
  facet normal 0.941412 0.337258 0
    outer loop
      vertex -64.4096 -42.7696 0
      vertex -64.3401 -42.9636 3
      vertex -64.3401 -42.9636 0
    endloop
  endfacet
  facet normal 0.337258 -0.941412 0
    outer loop
      vertex -63.2036 -40.2199 0
      vertex -63.0096 -40.1504 3
      vertex -63.2036 -40.2199 3
    endloop
  endfacet
  facet normal 0.337258 -0.941412 0
    outer loop
      vertex -63.0096 -40.1504 3
      vertex -63.2036 -40.2199 0
      vertex -63.0096 -40.1504 0
    endloop
  endfacet
  facet normal 0.595877 -0.803076 0
    outer loop
      vertex -63.7322 -40.5367 0
      vertex -63.5667 -40.4139 3
      vertex -63.7322 -40.5367 3
    endloop
  endfacet
  facet normal 0.595877 -0.803076 0
    outer loop
      vertex -63.5667 -40.4139 3
      vertex -63.7322 -40.5367 0
      vertex -63.5667 -40.4139 0
    endloop
  endfacet
  facet normal 0.0490178 -0.998798 0
    outer loop
      vertex -62.6058 -40.0701 0
      vertex -62.4 -40.06 3
      vertex -62.6058 -40.0701 3
    endloop
  endfacet
  facet normal 0.0490178 -0.998798 0
    outer loop
      vertex -62.4 -40.06 3
      vertex -62.6058 -40.0701 0
      vertex -62.4 -40.06 0
    endloop
  endfacet
  facet normal 0.513853 -0.857878 0
    outer loop
      vertex -63.5667 -40.4139 0
      vertex -63.3899 -40.308 3
      vertex -63.5667 -40.4139 3
    endloop
  endfacet
  facet normal 0.513853 -0.857878 0
    outer loop
      vertex -63.3899 -40.308 3
      vertex -63.5667 -40.4139 0
      vertex -63.3899 -40.308 0
    endloop
  endfacet
  facet normal -0.989138 0.146988 0
    outer loop
      vertex -60.3404 -42.5697 0
      vertex -60.3101 -42.3658 3
      vertex -60.3101 -42.3658 0
    endloop
  endfacet
  facet normal -0.989138 0.146988 0
    outer loop
      vertex -60.3101 -42.3658 3
      vertex -60.3404 -42.5697 0
      vertex -60.3404 -42.5697 3
    endloop
  endfacet
  facet normal -0.941412 -0.337258 0
    outer loop
      vertex -60.3904 -41.5504 0
      vertex -60.4599 -41.3564 3
      vertex -60.4599 -41.3564 0
    endloop
  endfacet
  facet normal -0.941412 -0.337258 0
    outer loop
      vertex -60.4599 -41.3564 3
      vertex -60.3904 -41.5504 0
      vertex -60.3904 -41.5504 3
    endloop
  endfacet
  facet normal 0.740949 0.671561 0
    outer loop
      vertex -63.8849 -43.6449 3
      vertex -64.0233 -43.4922 0
      vertex -64.0233 -43.4922 3
    endloop
  endfacet
  facet normal 0.740949 0.671561 0
    outer loop
      vertex -64.0233 -43.4922 0
      vertex -63.8849 -43.6449 3
      vertex -63.8849 -43.6449 0
    endloop
  endfacet
  facet normal -0.337258 -0.941412 0
    outer loop
      vertex -61.7904 -40.1504 0
      vertex -61.5964 -40.2199 3
      vertex -61.7904 -40.1504 3
    endloop
  endfacet
  facet normal -0.337258 -0.941412 -0
    outer loop
      vertex -61.5964 -40.2199 3
      vertex -61.7904 -40.1504 0
      vertex -61.5964 -40.2199 0
    endloop
  endfacet
  facet normal 0.989138 0.146988 0
    outer loop
      vertex -64.4596 -42.5697 3
      vertex -64.4899 -42.3658 0
      vertex -64.4899 -42.3658 3
    endloop
  endfacet
  facet normal 0.989138 0.146988 0
    outer loop
      vertex -64.4899 -42.3658 0
      vertex -64.4596 -42.5697 3
      vertex -64.4596 -42.5697 0
    endloop
  endfacet
  facet normal 0.0490178 0.998798 -0
    outer loop
      vertex -62.4 -44.26 0
      vertex -62.6058 -44.2499 3
      vertex -62.4 -44.26 3
    endloop
  endfacet
  facet normal 0.0490178 0.998798 0
    outer loop
      vertex -62.6058 -44.2499 3
      vertex -62.4 -44.26 0
      vertex -62.6058 -44.2499 0
    endloop
  endfacet
  facet normal 0.427502 -0.904014 0
    outer loop
      vertex -63.3899 -40.308 0
      vertex -63.2036 -40.2199 3
      vertex -63.3899 -40.308 3
    endloop
  endfacet
  facet normal 0.427502 -0.904014 0
    outer loop
      vertex -63.2036 -40.2199 3
      vertex -63.3899 -40.308 0
      vertex -63.2036 -40.2199 0
    endloop
  endfacet
  facet normal 0.803076 0.595877 0
    outer loop
      vertex -64.0233 -43.4922 3
      vertex -64.1461 -43.3267 0
      vertex -64.1461 -43.3267 3
    endloop
  endfacet
  facet normal 0.803076 0.595877 0
    outer loop
      vertex -64.1461 -43.3267 0
      vertex -64.0233 -43.4922 3
      vertex -64.0233 -43.4922 0
    endloop
  endfacet
  facet normal -0.941412 0.337258 0
    outer loop
      vertex -60.4599 -42.9636 0
      vertex -60.3904 -42.7696 3
      vertex -60.3904 -42.7696 0
    endloop
  endfacet
  facet normal -0.941412 0.337258 0
    outer loop
      vertex -60.3904 -42.7696 3
      vertex -60.4599 -42.9636 0
      vertex -60.4599 -42.9636 3
    endloop
  endfacet
  facet normal -0.513853 -0.857878 0
    outer loop
      vertex -61.4101 -40.308 0
      vertex -61.2333 -40.4139 3
      vertex -61.4101 -40.308 3
    endloop
  endfacet
  facet normal -0.513853 -0.857878 -0
    outer loop
      vertex -61.2333 -40.4139 3
      vertex -61.4101 -40.308 0
      vertex -61.2333 -40.4139 0
    endloop
  endfacet
  facet normal 0.243106 -0.97 0
    outer loop
      vertex -63.0096 -40.1504 0
      vertex -62.8097 -40.1003 3
      vertex -63.0096 -40.1504 3
    endloop
  endfacet
  facet normal 0.243106 -0.97 0
    outer loop
      vertex -62.8097 -40.1003 3
      vertex -63.0096 -40.1504 0
      vertex -62.8097 -40.1003 0
    endloop
  endfacet
  facet normal 0.970114 0.24265 0
    outer loop
      vertex -64.4096 -42.7696 3
      vertex -64.4596 -42.5697 0
      vertex -64.4596 -42.5697 3
    endloop
  endfacet
  facet normal 0.970114 0.24265 0
    outer loop
      vertex -64.4596 -42.5697 0
      vertex -64.4096 -42.7696 3
      vertex -64.4096 -42.7696 0
    endloop
  endfacet
  facet normal -0.904014 -0.427502 0
    outer loop
      vertex -60.4599 -41.3564 0
      vertex -60.548 -41.1701 3
      vertex -60.548 -41.1701 0
    endloop
  endfacet
  facet normal -0.904014 -0.427502 0
    outer loop
      vertex -60.548 -41.1701 3
      vertex -60.4599 -41.3564 0
      vertex -60.4599 -41.3564 3
    endloop
  endfacet
  facet normal 0.998798 0.0490178 0
    outer loop
      vertex -64.4899 -42.3658 3
      vertex -64.5 -42.16 0
      vertex -64.5 -42.16 3
    endloop
  endfacet
  facet normal 0.998798 0.0490178 0
    outer loop
      vertex -64.5 -42.16 0
      vertex -64.4899 -42.3658 3
      vertex -64.4899 -42.3658 0
    endloop
  endfacet
  facet normal -0.671561 -0.740949 0
    outer loop
      vertex -61.0678 -40.5367 0
      vertex -60.9151 -40.6751 3
      vertex -61.0678 -40.5367 3
    endloop
  endfacet
  facet normal -0.671561 -0.740949 -0
    outer loop
      vertex -60.9151 -40.6751 3
      vertex -61.0678 -40.5367 0
      vertex -60.9151 -40.6751 0
    endloop
  endfacet
  facet normal 0.998798 -0.0490178 0
    outer loop
      vertex -64.5 -42.16 3
      vertex -64.4899 -41.9542 0
      vertex -64.4899 -41.9542 3
    endloop
  endfacet
  facet normal 0.998798 -0.0490178 0
    outer loop
      vertex -64.4899 -41.9542 0
      vertex -64.5 -42.16 3
      vertex -64.5 -42.16 0
    endloop
  endfacet
  facet normal 0.337258 0.941412 -0
    outer loop
      vertex -63.0096 -44.1696 0
      vertex -63.2036 -44.1001 3
      vertex -63.0096 -44.1696 3
    endloop
  endfacet
  facet normal 0.337258 0.941412 0
    outer loop
      vertex -63.2036 -44.1001 3
      vertex -63.0096 -44.1696 0
      vertex -63.2036 -44.1001 0
    endloop
  endfacet
  facet normal 0.941412 -0.337258 0
    outer loop
      vertex -64.4096 -41.5504 3
      vertex -64.3401 -41.3564 0
      vertex -64.3401 -41.3564 3
    endloop
  endfacet
  facet normal 0.941412 -0.337258 0
    outer loop
      vertex -64.3401 -41.3564 0
      vertex -64.4096 -41.5504 3
      vertex -64.4096 -41.5504 0
    endloop
  endfacet
  facet normal -0.146513 0.989209 0
    outer loop
      vertex -61.9903 -44.2197 0
      vertex -62.1942 -44.2499 3
      vertex -61.9903 -44.2197 3
    endloop
  endfacet
  facet normal -0.146513 0.989209 0
    outer loop
      vertex -62.1942 -44.2499 3
      vertex -61.9903 -44.2197 0
      vertex -62.1942 -44.2499 0
    endloop
  endfacet
  facet normal -0.671561 0.740949 0
    outer loop
      vertex -60.9151 -43.6449 0
      vertex -61.0678 -43.7833 3
      vertex -60.9151 -43.6449 3
    endloop
  endfacet
  facet normal -0.671561 0.740949 0
    outer loop
      vertex -61.0678 -43.7833 3
      vertex -60.9151 -43.6449 0
      vertex -61.0678 -43.7833 0
    endloop
  endfacet
  facet normal -0.243106 -0.97 0
    outer loop
      vertex -61.9903 -40.1003 0
      vertex -61.7904 -40.1504 3
      vertex -61.9903 -40.1003 3
    endloop
  endfacet
  facet normal -0.243106 -0.97 -0
    outer loop
      vertex -61.7904 -40.1504 3
      vertex -61.9903 -40.1003 0
      vertex -61.7904 -40.1504 0
    endloop
  endfacet
  facet normal -0.427502 0.904014 0
    outer loop
      vertex -61.4101 -44.012 0
      vertex -61.5964 -44.1001 3
      vertex -61.4101 -44.012 3
    endloop
  endfacet
  facet normal -0.427502 0.904014 0
    outer loop
      vertex -61.5964 -44.1001 3
      vertex -61.4101 -44.012 0
      vertex -61.5964 -44.1001 0
    endloop
  endfacet
  facet normal -0.146513 -0.989209 0
    outer loop
      vertex -62.1942 -40.0701 0
      vertex -61.9903 -40.1003 3
      vertex -62.1942 -40.0701 3
    endloop
  endfacet
  facet normal -0.146513 -0.989209 -0
    outer loop
      vertex -61.9903 -40.1003 3
      vertex -62.1942 -40.0701 0
      vertex -61.9903 -40.1003 0
    endloop
  endfacet
  facet normal -0.513853 0.857878 0
    outer loop
      vertex -61.2333 -43.9061 0
      vertex -61.4101 -44.012 3
      vertex -61.2333 -43.9061 3
    endloop
  endfacet
  facet normal -0.513853 0.857878 0
    outer loop
      vertex -61.4101 -44.012 3
      vertex -61.2333 -43.9061 0
      vertex -61.4101 -44.012 0
    endloop
  endfacet
  facet normal -0.0490178 -0.998798 0
    outer loop
      vertex -62.4 -40.06 0
      vertex -62.1942 -40.0701 3
      vertex -62.4 -40.06 3
    endloop
  endfacet
  facet normal -0.0490178 -0.998798 -0
    outer loop
      vertex -62.1942 -40.0701 3
      vertex -62.4 -40.06 0
      vertex -62.1942 -40.0701 0
    endloop
  endfacet
  facet normal 0.970114 -0.24265 0
    outer loop
      vertex -64.4596 -41.7503 3
      vertex -64.4096 -41.5504 0
      vertex -64.4096 -41.5504 3
    endloop
  endfacet
  facet normal 0.970114 -0.24265 0
    outer loop
      vertex -64.4096 -41.5504 0
      vertex -64.4596 -41.7503 3
      vertex -64.4596 -41.7503 0
    endloop
  endfacet
  facet normal -0.970114 0.24265 0
    outer loop
      vertex -60.3904 -42.7696 0
      vertex -60.3404 -42.5697 3
      vertex -60.3404 -42.5697 0
    endloop
  endfacet
  facet normal -0.970114 0.24265 0
    outer loop
      vertex -60.3404 -42.5697 3
      vertex -60.3904 -42.7696 0
      vertex -60.3904 -42.7696 3
    endloop
  endfacet
  facet normal -0.857878 -0.513853 0
    outer loop
      vertex -60.548 -41.1701 0
      vertex -60.6539 -40.9933 3
      vertex -60.6539 -40.9933 0
    endloop
  endfacet
  facet normal -0.857878 -0.513853 0
    outer loop
      vertex -60.6539 -40.9933 3
      vertex -60.548 -41.1701 0
      vertex -60.548 -41.1701 3
    endloop
  endfacet
  facet normal 0.427502 0.904014 -0
    outer loop
      vertex -63.2036 -44.1001 0
      vertex -63.3899 -44.012 3
      vertex -63.2036 -44.1001 3
    endloop
  endfacet
  facet normal 0.427502 0.904014 0
    outer loop
      vertex -63.3899 -44.012 3
      vertex -63.2036 -44.1001 0
      vertex -63.3899 -44.012 0
    endloop
  endfacet
  facet normal -0.803076 0.595877 0
    outer loop
      vertex -60.7767 -43.4922 0
      vertex -60.6539 -43.3267 3
      vertex -60.6539 -43.3267 0
    endloop
  endfacet
  facet normal -0.803076 0.595877 0
    outer loop
      vertex -60.6539 -43.3267 3
      vertex -60.7767 -43.4922 0
      vertex -60.7767 -43.4922 3
    endloop
  endfacet
  facet normal 0.243106 0.97 -0
    outer loop
      vertex -62.8097 -44.2197 0
      vertex -63.0096 -44.1696 3
      vertex -62.8097 -44.2197 3
    endloop
  endfacet
  facet normal 0.243106 0.97 0
    outer loop
      vertex -63.0096 -44.1696 3
      vertex -62.8097 -44.2197 0
      vertex -63.0096 -44.1696 0
    endloop
  endfacet
  facet normal -0.595877 0.803076 0
    outer loop
      vertex -61.0678 -43.7833 0
      vertex -61.2333 -43.9061 3
      vertex -61.0678 -43.7833 3
    endloop
  endfacet
  facet normal -0.595877 0.803076 0
    outer loop
      vertex -61.2333 -43.9061 3
      vertex -61.0678 -43.7833 0
      vertex -61.2333 -43.9061 0
    endloop
  endfacet
  facet normal 0.671561 -0.740949 0
    outer loop
      vertex -63.8849 -40.6751 0
      vertex -63.7322 -40.5367 3
      vertex -63.8849 -40.6751 3
    endloop
  endfacet
  facet normal 0.671561 -0.740949 0
    outer loop
      vertex -63.7322 -40.5367 3
      vertex -63.8849 -40.6751 0
      vertex -63.7322 -40.5367 0
    endloop
  endfacet
  facet normal 0.595877 0.803076 -0
    outer loop
      vertex -63.5667 -43.9061 0
      vertex -63.7322 -43.7833 3
      vertex -63.5667 -43.9061 3
    endloop
  endfacet
  facet normal 0.595877 0.803076 0
    outer loop
      vertex -63.7322 -43.7833 3
      vertex -63.5667 -43.9061 0
      vertex -63.7322 -43.7833 0
    endloop
  endfacet
  facet normal -0.0490178 0.998798 0
    outer loop
      vertex -62.1942 -44.2499 0
      vertex -62.4 -44.26 3
      vertex -62.1942 -44.2499 3
    endloop
  endfacet
  facet normal -0.0490178 0.998798 0
    outer loop
      vertex -62.4 -44.26 3
      vertex -62.1942 -44.2499 0
      vertex -62.4 -44.26 0
    endloop
  endfacet
  facet normal 0.803076 -0.595877 0
    outer loop
      vertex -64.1461 -40.9933 3
      vertex -64.0233 -40.8278 0
      vertex -64.0233 -40.8278 3
    endloop
  endfacet
  facet normal 0.803076 -0.595877 0
    outer loop
      vertex -64.0233 -40.8278 0
      vertex -64.1461 -40.9933 3
      vertex -64.1461 -40.9933 0
    endloop
  endfacet
  facet normal -0.243106 0.97 0
    outer loop
      vertex -61.7904 -44.1696 0
      vertex -61.9903 -44.2197 3
      vertex -61.7904 -44.1696 3
    endloop
  endfacet
  facet normal -0.243106 0.97 0
    outer loop
      vertex -61.9903 -44.2197 3
      vertex -61.7904 -44.1696 0
      vertex -61.9903 -44.2197 0
    endloop
  endfacet
  facet normal 0.904014 -0.427502 0
    outer loop
      vertex -64.3401 -41.3564 3
      vertex -64.252 -41.1701 0
      vertex -64.252 -41.1701 3
    endloop
  endfacet
  facet normal 0.904014 -0.427502 0
    outer loop
      vertex -64.252 -41.1701 0
      vertex -64.3401 -41.3564 3
      vertex -64.3401 -41.3564 0
    endloop
  endfacet
  facet normal -0.857878 0.513853 0
    outer loop
      vertex -60.6539 -43.3267 0
      vertex -60.548 -43.1499 3
      vertex -60.548 -43.1499 0
    endloop
  endfacet
  facet normal -0.857878 0.513853 0
    outer loop
      vertex -60.548 -43.1499 3
      vertex -60.6539 -43.3267 0
      vertex -60.6539 -43.3267 3
    endloop
  endfacet
  facet normal -0.904014 0.427502 0
    outer loop
      vertex -60.548 -43.1499 0
      vertex -60.4599 -42.9636 3
      vertex -60.4599 -42.9636 0
    endloop
  endfacet
  facet normal -0.904014 0.427502 0
    outer loop
      vertex -60.4599 -42.9636 3
      vertex -60.548 -43.1499 0
      vertex -60.548 -43.1499 3
    endloop
  endfacet
  facet normal 0.513853 0.857878 -0
    outer loop
      vertex -63.3899 -44.012 0
      vertex -63.5667 -43.9061 3
      vertex -63.3899 -44.012 3
    endloop
  endfacet
  facet normal 0.513853 0.857878 0
    outer loop
      vertex -63.5667 -43.9061 3
      vertex -63.3899 -44.012 0
      vertex -63.5667 -43.9061 0
    endloop
  endfacet
  facet normal 0.740949 -0.671561 0
    outer loop
      vertex -64.0233 -40.8278 3
      vertex -63.8849 -40.6751 0
      vertex -63.8849 -40.6751 3
    endloop
  endfacet
  facet normal 0.740949 -0.671561 0
    outer loop
      vertex -63.8849 -40.6751 0
      vertex -64.0233 -40.8278 3
      vertex -64.0233 -40.8278 0
    endloop
  endfacet
  facet normal 0.989138 -0.146988 0
    outer loop
      vertex -64.4899 -41.9542 3
      vertex -64.4596 -41.7503 0
      vertex -64.4596 -41.7503 3
    endloop
  endfacet
  facet normal 0.989138 -0.146988 0
    outer loop
      vertex -64.4596 -41.7503 0
      vertex -64.4899 -41.9542 3
      vertex -64.4899 -41.9542 0
    endloop
  endfacet
  facet normal 0.146513 0.989209 -0
    outer loop
      vertex -62.6058 -44.2499 0
      vertex -62.8097 -44.2197 3
      vertex -62.6058 -44.2499 3
    endloop
  endfacet
  facet normal 0.146513 0.989209 0
    outer loop
      vertex -62.8097 -44.2197 3
      vertex -62.6058 -44.2499 0
      vertex -62.8097 -44.2197 0
    endloop
  endfacet
  facet normal 0.904014 0.427502 0
    outer loop
      vertex -64.252 -43.1499 3
      vertex -64.3401 -42.9636 0
      vertex -64.3401 -42.9636 3
    endloop
  endfacet
  facet normal 0.904014 0.427502 0
    outer loop
      vertex -64.3401 -42.9636 0
      vertex -64.252 -43.1499 3
      vertex -64.252 -43.1499 0
    endloop
  endfacet
  facet normal 0.857878 0.513853 0
    outer loop
      vertex -64.1461 -43.3267 3
      vertex -64.252 -43.1499 0
      vertex -64.252 -43.1499 3
    endloop
  endfacet
  facet normal 0.857878 0.513853 0
    outer loop
      vertex -64.252 -43.1499 0
      vertex -64.1461 -43.3267 3
      vertex -64.1461 -43.3267 0
    endloop
  endfacet
  facet normal 0.671561 0.740949 -0
    outer loop
      vertex -63.7322 -43.7833 0
      vertex -63.8849 -43.6449 3
      vertex -63.7322 -43.7833 3
    endloop
  endfacet
  facet normal 0.671561 0.740949 0
    outer loop
      vertex -63.8849 -43.6449 3
      vertex -63.7322 -43.7833 0
      vertex -63.8849 -43.6449 0
    endloop
  endfacet
  facet normal -0.740949 0.671561 0
    outer loop
      vertex -60.9151 -43.6449 0
      vertex -60.7767 -43.4922 3
      vertex -60.7767 -43.4922 0
    endloop
  endfacet
  facet normal -0.740949 0.671561 0
    outer loop
      vertex -60.7767 -43.4922 3
      vertex -60.9151 -43.6449 0
      vertex -60.9151 -43.6449 3
    endloop
  endfacet
  facet normal 0.857878 -0.513853 0
    outer loop
      vertex -64.252 -41.1701 3
      vertex -64.1461 -40.9933 0
      vertex -64.1461 -40.9933 3
    endloop
  endfacet
  facet normal 0.857878 -0.513853 0
    outer loop
      vertex -64.1461 -40.9933 0
      vertex -64.252 -41.1701 3
      vertex -64.252 -41.1701 0
    endloop
  endfacet
  facet normal 0.337258 0.941412 -0
    outer loop
      vertex -63.0096 40.1504 0
      vertex -63.2036 40.2199 3
      vertex -63.0096 40.1504 3
    endloop
  endfacet
  facet normal 0.337258 0.941412 0
    outer loop
      vertex -63.2036 40.2199 3
      vertex -63.0096 40.1504 0
      vertex -63.2036 40.2199 0
    endloop
  endfacet
  facet normal -0.989138 -0.146988 0
    outer loop
      vertex -60.3101 42.3658 0
      vertex -60.3404 42.5697 3
      vertex -60.3404 42.5697 0
    endloop
  endfacet
  facet normal -0.989138 -0.146988 0
    outer loop
      vertex -60.3404 42.5697 3
      vertex -60.3101 42.3658 0
      vertex -60.3101 42.3658 3
    endloop
  endfacet
  facet normal -0.998798 -0.0490178 0
    outer loop
      vertex -60.3 42.16 0
      vertex -60.3101 42.3658 3
      vertex -60.3101 42.3658 0
    endloop
  endfacet
  facet normal -0.998798 -0.0490178 0
    outer loop
      vertex -60.3101 42.3658 3
      vertex -60.3 42.16 0
      vertex -60.3 42.16 3
    endloop
  endfacet
  facet normal -0.970114 -0.24265 0
    outer loop
      vertex -60.3404 42.5697 0
      vertex -60.3904 42.7696 3
      vertex -60.3904 42.7696 0
    endloop
  endfacet
  facet normal -0.970114 -0.24265 0
    outer loop
      vertex -60.3904 42.7696 3
      vertex -60.3404 42.5697 0
      vertex -60.3404 42.5697 3
    endloop
  endfacet
  facet normal 0.989138 -0.146988 0
    outer loop
      vertex -64.4899 42.3658 3
      vertex -64.4596 42.5697 0
      vertex -64.4596 42.5697 3
    endloop
  endfacet
  facet normal 0.989138 -0.146988 0
    outer loop
      vertex -64.4596 42.5697 0
      vertex -64.4899 42.3658 3
      vertex -64.4899 42.3658 0
    endloop
  endfacet
  facet normal 0.243106 0.97 -0
    outer loop
      vertex -62.8097 40.1003 0
      vertex -63.0096 40.1504 3
      vertex -62.8097 40.1003 3
    endloop
  endfacet
  facet normal 0.243106 0.97 0
    outer loop
      vertex -63.0096 40.1504 3
      vertex -62.8097 40.1003 0
      vertex -63.0096 40.1504 0
    endloop
  endfacet
  facet normal -0.337258 -0.941412 0
    outer loop
      vertex -61.7904 44.1696 0
      vertex -61.5964 44.1001 3
      vertex -61.7904 44.1696 3
    endloop
  endfacet
  facet normal -0.337258 -0.941412 -0
    outer loop
      vertex -61.5964 44.1001 3
      vertex -61.7904 44.1696 0
      vertex -61.5964 44.1001 0
    endloop
  endfacet
  facet normal 0.513853 -0.857878 0
    outer loop
      vertex -63.5667 43.9061 0
      vertex -63.3899 44.012 3
      vertex -63.5667 43.9061 3
    endloop
  endfacet
  facet normal 0.513853 -0.857878 0
    outer loop
      vertex -63.3899 44.012 3
      vertex -63.5667 43.9061 0
      vertex -63.3899 44.012 0
    endloop
  endfacet
  facet normal 0.904014 0.427502 0
    outer loop
      vertex -64.252 41.1701 3
      vertex -64.3401 41.3564 0
      vertex -64.3401 41.3564 3
    endloop
  endfacet
  facet normal 0.904014 0.427502 0
    outer loop
      vertex -64.3401 41.3564 0
      vertex -64.252 41.1701 3
      vertex -64.252 41.1701 0
    endloop
  endfacet
  facet normal 0.243106 -0.97 0
    outer loop
      vertex -63.0096 44.1696 0
      vertex -62.8097 44.2197 3
      vertex -63.0096 44.1696 3
    endloop
  endfacet
  facet normal 0.243106 -0.97 0
    outer loop
      vertex -62.8097 44.2197 3
      vertex -63.0096 44.1696 0
      vertex -62.8097 44.2197 0
    endloop
  endfacet
  facet normal 0.857878 0.513853 0
    outer loop
      vertex -64.1461 40.9933 3
      vertex -64.252 41.1701 0
      vertex -64.252 41.1701 3
    endloop
  endfacet
  facet normal 0.857878 0.513853 0
    outer loop
      vertex -64.252 41.1701 0
      vertex -64.1461 40.9933 3
      vertex -64.1461 40.9933 0
    endloop
  endfacet
  facet normal -0.243106 0.97 0
    outer loop
      vertex -61.7904 40.1504 0
      vertex -61.9903 40.1003 3
      vertex -61.7904 40.1504 3
    endloop
  endfacet
  facet normal -0.243106 0.97 0
    outer loop
      vertex -61.9903 40.1003 3
      vertex -61.7904 40.1504 0
      vertex -61.9903 40.1003 0
    endloop
  endfacet
  facet normal 0.595877 0.803076 -0
    outer loop
      vertex -63.5667 40.4139 0
      vertex -63.7322 40.5367 3
      vertex -63.5667 40.4139 3
    endloop
  endfacet
  facet normal 0.595877 0.803076 0
    outer loop
      vertex -63.7322 40.5367 3
      vertex -63.5667 40.4139 0
      vertex -63.7322 40.5367 0
    endloop
  endfacet
  facet normal -0.513853 0.857878 0
    outer loop
      vertex -61.2333 40.4139 0
      vertex -61.4101 40.308 3
      vertex -61.2333 40.4139 3
    endloop
  endfacet
  facet normal -0.513853 0.857878 0
    outer loop
      vertex -61.4101 40.308 3
      vertex -61.2333 40.4139 0
      vertex -61.4101 40.308 0
    endloop
  endfacet
  facet normal -0.803076 0.595877 0
    outer loop
      vertex -60.7767 40.8278 0
      vertex -60.6539 40.9933 3
      vertex -60.6539 40.9933 0
    endloop
  endfacet
  facet normal -0.803076 0.595877 0
    outer loop
      vertex -60.6539 40.9933 3
      vertex -60.7767 40.8278 0
      vertex -60.7767 40.8278 3
    endloop
  endfacet
  facet normal -0.146513 -0.989209 0
    outer loop
      vertex -62.1942 44.2499 0
      vertex -61.9903 44.2197 3
      vertex -62.1942 44.2499 3
    endloop
  endfacet
  facet normal -0.146513 -0.989209 -0
    outer loop
      vertex -61.9903 44.2197 3
      vertex -62.1942 44.2499 0
      vertex -61.9903 44.2197 0
    endloop
  endfacet
  facet normal 0.595877 -0.803076 0
    outer loop
      vertex -63.7322 43.7833 0
      vertex -63.5667 43.9061 3
      vertex -63.7322 43.7833 3
    endloop
  endfacet
  facet normal 0.595877 -0.803076 0
    outer loop
      vertex -63.5667 43.9061 3
      vertex -63.7322 43.7833 0
      vertex -63.5667 43.9061 0
    endloop
  endfacet
  facet normal 0.803076 -0.595877 0
    outer loop
      vertex -64.1461 43.3267 3
      vertex -64.0233 43.4922 0
      vertex -64.0233 43.4922 3
    endloop
  endfacet
  facet normal 0.803076 -0.595877 0
    outer loop
      vertex -64.0233 43.4922 0
      vertex -64.1461 43.3267 3
      vertex -64.1461 43.3267 0
    endloop
  endfacet
  facet normal -0.989138 0.146988 0
    outer loop
      vertex -60.3404 41.7503 0
      vertex -60.3101 41.9542 3
      vertex -60.3101 41.9542 0
    endloop
  endfacet
  facet normal -0.989138 0.146988 0
    outer loop
      vertex -60.3101 41.9542 3
      vertex -60.3404 41.7503 0
      vertex -60.3404 41.7503 3
    endloop
  endfacet
  facet normal 0.941412 -0.337258 0
    outer loop
      vertex -64.4096 42.7696 3
      vertex -64.3401 42.9636 0
      vertex -64.3401 42.9636 3
    endloop
  endfacet
  facet normal 0.941412 -0.337258 0
    outer loop
      vertex -64.3401 42.9636 0
      vertex -64.4096 42.7696 3
      vertex -64.4096 42.7696 0
    endloop
  endfacet
  facet normal -0.427502 -0.904014 0
    outer loop
      vertex -61.5964 44.1001 0
      vertex -61.4101 44.012 3
      vertex -61.5964 44.1001 3
    endloop
  endfacet
  facet normal -0.427502 -0.904014 -0
    outer loop
      vertex -61.4101 44.012 3
      vertex -61.5964 44.1001 0
      vertex -61.4101 44.012 0
    endloop
  endfacet
  facet normal 0.941412 0.337258 0
    outer loop
      vertex -64.3401 41.3564 3
      vertex -64.4096 41.5504 0
      vertex -64.4096 41.5504 3
    endloop
  endfacet
  facet normal 0.941412 0.337258 0
    outer loop
      vertex -64.4096 41.5504 0
      vertex -64.3401 41.3564 3
      vertex -64.3401 41.3564 0
    endloop
  endfacet
  facet normal -0.970114 0.24265 0
    outer loop
      vertex -60.3904 41.5504 0
      vertex -60.3404 41.7503 3
      vertex -60.3404 41.7503 0
    endloop
  endfacet
  facet normal -0.970114 0.24265 0
    outer loop
      vertex -60.3404 41.7503 3
      vertex -60.3904 41.5504 0
      vertex -60.3904 41.5504 3
    endloop
  endfacet
  facet normal 0.0490178 -0.998798 0
    outer loop
      vertex -62.6058 44.2499 0
      vertex -62.4 44.26 3
      vertex -62.6058 44.2499 3
    endloop
  endfacet
  facet normal 0.0490178 -0.998798 0
    outer loop
      vertex -62.4 44.26 3
      vertex -62.6058 44.2499 0
      vertex -62.4 44.26 0
    endloop
  endfacet
  facet normal -0.671561 -0.740949 0
    outer loop
      vertex -61.0678 43.7833 0
      vertex -60.9151 43.6449 3
      vertex -61.0678 43.7833 3
    endloop
  endfacet
  facet normal -0.671561 -0.740949 -0
    outer loop
      vertex -60.9151 43.6449 3
      vertex -61.0678 43.7833 0
      vertex -60.9151 43.6449 0
    endloop
  endfacet
  facet normal 0.427502 -0.904014 0
    outer loop
      vertex -63.3899 44.012 0
      vertex -63.2036 44.1001 3
      vertex -63.3899 44.012 3
    endloop
  endfacet
  facet normal 0.427502 -0.904014 0
    outer loop
      vertex -63.2036 44.1001 3
      vertex -63.3899 44.012 0
      vertex -63.2036 44.1001 0
    endloop
  endfacet
  facet normal 0.671561 -0.740949 0
    outer loop
      vertex -63.8849 43.6449 0
      vertex -63.7322 43.7833 3
      vertex -63.8849 43.6449 3
    endloop
  endfacet
  facet normal 0.671561 -0.740949 0
    outer loop
      vertex -63.7322 43.7833 3
      vertex -63.8849 43.6449 0
      vertex -63.7322 43.7833 0
    endloop
  endfacet
  facet normal -0.337258 0.941412 0
    outer loop
      vertex -61.5964 40.2199 0
      vertex -61.7904 40.1504 3
      vertex -61.5964 40.2199 3
    endloop
  endfacet
  facet normal -0.337258 0.941412 0
    outer loop
      vertex -61.7904 40.1504 3
      vertex -61.5964 40.2199 0
      vertex -61.7904 40.1504 0
    endloop
  endfacet
  facet normal 0.337258 -0.941412 0
    outer loop
      vertex -63.2036 44.1001 0
      vertex -63.0096 44.1696 3
      vertex -63.2036 44.1001 3
    endloop
  endfacet
  facet normal 0.337258 -0.941412 0
    outer loop
      vertex -63.0096 44.1696 3
      vertex -63.2036 44.1001 0
      vertex -63.0096 44.1696 0
    endloop
  endfacet
  facet normal -0.803076 -0.595877 0
    outer loop
      vertex -60.6539 43.3267 0
      vertex -60.7767 43.4922 3
      vertex -60.7767 43.4922 0
    endloop
  endfacet
  facet normal -0.803076 -0.595877 0
    outer loop
      vertex -60.7767 43.4922 3
      vertex -60.6539 43.3267 0
      vertex -60.6539 43.3267 3
    endloop
  endfacet
  facet normal 0.857878 -0.513853 0
    outer loop
      vertex -64.252 43.1499 3
      vertex -64.1461 43.3267 0
      vertex -64.1461 43.3267 3
    endloop
  endfacet
  facet normal 0.857878 -0.513853 0
    outer loop
      vertex -64.1461 43.3267 0
      vertex -64.252 43.1499 3
      vertex -64.252 43.1499 0
    endloop
  endfacet
  facet normal -0.998798 0.0490178 0
    outer loop
      vertex -60.3101 41.9542 0
      vertex -60.3 42.16 3
      vertex -60.3 42.16 0
    endloop
  endfacet
  facet normal -0.998798 0.0490178 0
    outer loop
      vertex -60.3 42.16 3
      vertex -60.3101 41.9542 0
      vertex -60.3101 41.9542 3
    endloop
  endfacet
  facet normal -0.904014 0.427502 0
    outer loop
      vertex -60.548 41.1701 0
      vertex -60.4599 41.3564 3
      vertex -60.4599 41.3564 0
    endloop
  endfacet
  facet normal -0.904014 0.427502 0
    outer loop
      vertex -60.4599 41.3564 3
      vertex -60.548 41.1701 0
      vertex -60.548 41.1701 3
    endloop
  endfacet
  facet normal 0.671561 0.740949 -0
    outer loop
      vertex -63.7322 40.5367 0
      vertex -63.8849 40.6751 3
      vertex -63.7322 40.5367 3
    endloop
  endfacet
  facet normal 0.671561 0.740949 0
    outer loop
      vertex -63.8849 40.6751 3
      vertex -63.7322 40.5367 0
      vertex -63.8849 40.6751 0
    endloop
  endfacet
  facet normal -0.595877 -0.803076 0
    outer loop
      vertex -61.2333 43.9061 0
      vertex -61.0678 43.7833 3
      vertex -61.2333 43.9061 3
    endloop
  endfacet
  facet normal -0.595877 -0.803076 -0
    outer loop
      vertex -61.0678 43.7833 3
      vertex -61.2333 43.9061 0
      vertex -61.0678 43.7833 0
    endloop
  endfacet
  facet normal 0.513853 0.857878 -0
    outer loop
      vertex -63.3899 40.308 0
      vertex -63.5667 40.4139 3
      vertex -63.3899 40.308 3
    endloop
  endfacet
  facet normal 0.513853 0.857878 0
    outer loop
      vertex -63.5667 40.4139 3
      vertex -63.3899 40.308 0
      vertex -63.5667 40.4139 0
    endloop
  endfacet
  facet normal -0.513853 -0.857878 0
    outer loop
      vertex -61.4101 44.012 0
      vertex -61.2333 43.9061 3
      vertex -61.4101 44.012 3
    endloop
  endfacet
  facet normal -0.513853 -0.857878 -0
    outer loop
      vertex -61.2333 43.9061 3
      vertex -61.4101 44.012 0
      vertex -61.2333 43.9061 0
    endloop
  endfacet
  facet normal -0.146513 0.989209 0
    outer loop
      vertex -61.9903 40.1003 0
      vertex -62.1942 40.0701 3
      vertex -61.9903 40.1003 3
    endloop
  endfacet
  facet normal -0.146513 0.989209 0
    outer loop
      vertex -62.1942 40.0701 3
      vertex -61.9903 40.1003 0
      vertex -62.1942 40.0701 0
    endloop
  endfacet
  facet normal -0.941412 -0.337258 0
    outer loop
      vertex -60.3904 42.7696 0
      vertex -60.4599 42.9636 3
      vertex -60.4599 42.9636 0
    endloop
  endfacet
  facet normal -0.941412 -0.337258 0
    outer loop
      vertex -60.4599 42.9636 3
      vertex -60.3904 42.7696 0
      vertex -60.3904 42.7696 3
    endloop
  endfacet
  facet normal -0.857878 0.513853 0
    outer loop
      vertex -60.6539 40.9933 0
      vertex -60.548 41.1701 3
      vertex -60.548 41.1701 0
    endloop
  endfacet
  facet normal -0.857878 0.513853 0
    outer loop
      vertex -60.548 41.1701 3
      vertex -60.6539 40.9933 0
      vertex -60.6539 40.9933 3
    endloop
  endfacet
  facet normal 0.998798 0.0490178 0
    outer loop
      vertex -64.4899 41.9542 3
      vertex -64.5 42.16 0
      vertex -64.5 42.16 3
    endloop
  endfacet
  facet normal 0.998798 0.0490178 0
    outer loop
      vertex -64.5 42.16 0
      vertex -64.4899 41.9542 3
      vertex -64.4899 41.9542 0
    endloop
  endfacet
  facet normal -0.941412 0.337258 0
    outer loop
      vertex -60.4599 41.3564 0
      vertex -60.3904 41.5504 3
      vertex -60.3904 41.5504 0
    endloop
  endfacet
  facet normal -0.941412 0.337258 0
    outer loop
      vertex -60.3904 41.5504 3
      vertex -60.4599 41.3564 0
      vertex -60.4599 41.3564 3
    endloop
  endfacet
  facet normal 0.146513 -0.989209 0
    outer loop
      vertex -62.8097 44.2197 0
      vertex -62.6058 44.2499 3
      vertex -62.8097 44.2197 3
    endloop
  endfacet
  facet normal 0.146513 -0.989209 0
    outer loop
      vertex -62.6058 44.2499 3
      vertex -62.8097 44.2197 0
      vertex -62.6058 44.2499 0
    endloop
  endfacet
  facet normal -0.740949 -0.671561 0
    outer loop
      vertex -60.7767 43.4922 0
      vertex -60.9151 43.6449 3
      vertex -60.9151 43.6449 0
    endloop
  endfacet
  facet normal -0.740949 -0.671561 0
    outer loop
      vertex -60.9151 43.6449 3
      vertex -60.7767 43.4922 0
      vertex -60.7767 43.4922 3
    endloop
  endfacet
  facet normal -0.0490178 -0.998798 0
    outer loop
      vertex -62.4 44.26 0
      vertex -62.1942 44.2499 3
      vertex -62.4 44.26 3
    endloop
  endfacet
  facet normal -0.0490178 -0.998798 -0
    outer loop
      vertex -62.1942 44.2499 3
      vertex -62.4 44.26 0
      vertex -62.1942 44.2499 0
    endloop
  endfacet
  facet normal -0.904014 -0.427502 0
    outer loop
      vertex -60.4599 42.9636 0
      vertex -60.548 43.1499 3
      vertex -60.548 43.1499 0
    endloop
  endfacet
  facet normal -0.904014 -0.427502 0
    outer loop
      vertex -60.548 43.1499 3
      vertex -60.4599 42.9636 0
      vertex -60.4599 42.9636 3
    endloop
  endfacet
  facet normal 0.146513 0.989209 -0
    outer loop
      vertex -62.6058 40.0701 0
      vertex -62.8097 40.1003 3
      vertex -62.6058 40.0701 3
    endloop
  endfacet
  facet normal 0.146513 0.989209 0
    outer loop
      vertex -62.8097 40.1003 3
      vertex -62.6058 40.0701 0
      vertex -62.8097 40.1003 0
    endloop
  endfacet
  facet normal -0.671561 0.740949 0
    outer loop
      vertex -60.9151 40.6751 0
      vertex -61.0678 40.5367 3
      vertex -60.9151 40.6751 3
    endloop
  endfacet
  facet normal -0.671561 0.740949 0
    outer loop
      vertex -61.0678 40.5367 3
      vertex -60.9151 40.6751 0
      vertex -61.0678 40.5367 0
    endloop
  endfacet
  facet normal -0.857878 -0.513853 0
    outer loop
      vertex -60.548 43.1499 0
      vertex -60.6539 43.3267 3
      vertex -60.6539 43.3267 0
    endloop
  endfacet
  facet normal -0.857878 -0.513853 0
    outer loop
      vertex -60.6539 43.3267 3
      vertex -60.548 43.1499 0
      vertex -60.548 43.1499 3
    endloop
  endfacet
  facet normal 0.0490178 0.998798 -0
    outer loop
      vertex -62.4 40.06 0
      vertex -62.6058 40.0701 3
      vertex -62.4 40.06 3
    endloop
  endfacet
  facet normal 0.0490178 0.998798 0
    outer loop
      vertex -62.6058 40.0701 3
      vertex -62.4 40.06 0
      vertex -62.6058 40.0701 0
    endloop
  endfacet
  facet normal 0.740949 -0.671561 0
    outer loop
      vertex -64.0233 43.4922 3
      vertex -63.8849 43.6449 0
      vertex -63.8849 43.6449 3
    endloop
  endfacet
  facet normal 0.740949 -0.671561 0
    outer loop
      vertex -63.8849 43.6449 0
      vertex -64.0233 43.4922 3
      vertex -64.0233 43.4922 0
    endloop
  endfacet
  facet normal 0.904014 -0.427502 0
    outer loop
      vertex -64.3401 42.9636 3
      vertex -64.252 43.1499 0
      vertex -64.252 43.1499 3
    endloop
  endfacet
  facet normal 0.904014 -0.427502 0
    outer loop
      vertex -64.252 43.1499 0
      vertex -64.3401 42.9636 3
      vertex -64.3401 42.9636 0
    endloop
  endfacet
  facet normal 0.970114 -0.24265 0
    outer loop
      vertex -64.4596 42.5697 3
      vertex -64.4096 42.7696 0
      vertex -64.4096 42.7696 3
    endloop
  endfacet
  facet normal 0.970114 -0.24265 0
    outer loop
      vertex -64.4096 42.7696 0
      vertex -64.4596 42.5697 3
      vertex -64.4596 42.5697 0
    endloop
  endfacet
  facet normal -0.243106 -0.97 0
    outer loop
      vertex -61.9903 44.2197 0
      vertex -61.7904 44.1696 3
      vertex -61.9903 44.2197 3
    endloop
  endfacet
  facet normal -0.243106 -0.97 -0
    outer loop
      vertex -61.7904 44.1696 3
      vertex -61.9903 44.2197 0
      vertex -61.7904 44.1696 0
    endloop
  endfacet
  facet normal 0.970114 0.24265 0
    outer loop
      vertex -64.4096 41.5504 3
      vertex -64.4596 41.7503 0
      vertex -64.4596 41.7503 3
    endloop
  endfacet
  facet normal 0.970114 0.24265 0
    outer loop
      vertex -64.4596 41.7503 0
      vertex -64.4096 41.5504 3
      vertex -64.4096 41.5504 0
    endloop
  endfacet
  facet normal 0.427502 0.904014 -0
    outer loop
      vertex -63.2036 40.2199 0
      vertex -63.3899 40.308 3
      vertex -63.2036 40.2199 3
    endloop
  endfacet
  facet normal 0.427502 0.904014 0
    outer loop
      vertex -63.3899 40.308 3
      vertex -63.2036 40.2199 0
      vertex -63.3899 40.308 0
    endloop
  endfacet
  facet normal 0.740949 0.671561 0
    outer loop
      vertex -63.8849 40.6751 3
      vertex -64.0233 40.8278 0
      vertex -64.0233 40.8278 3
    endloop
  endfacet
  facet normal 0.740949 0.671561 0
    outer loop
      vertex -64.0233 40.8278 0
      vertex -63.8849 40.6751 3
      vertex -63.8849 40.6751 0
    endloop
  endfacet
  facet normal -0.427502 0.904014 0
    outer loop
      vertex -61.4101 40.308 0
      vertex -61.5964 40.2199 3
      vertex -61.4101 40.308 3
    endloop
  endfacet
  facet normal -0.427502 0.904014 0
    outer loop
      vertex -61.5964 40.2199 3
      vertex -61.4101 40.308 0
      vertex -61.5964 40.2199 0
    endloop
  endfacet
  facet normal -0.0490178 0.998798 0
    outer loop
      vertex -62.1942 40.0701 0
      vertex -62.4 40.06 3
      vertex -62.1942 40.0701 3
    endloop
  endfacet
  facet normal -0.0490178 0.998798 0
    outer loop
      vertex -62.4 40.06 3
      vertex -62.1942 40.0701 0
      vertex -62.4 40.06 0
    endloop
  endfacet
  facet normal 0.989138 0.146988 0
    outer loop
      vertex -64.4596 41.7503 3
      vertex -64.4899 41.9542 0
      vertex -64.4899 41.9542 3
    endloop
  endfacet
  facet normal 0.989138 0.146988 0
    outer loop
      vertex -64.4899 41.9542 0
      vertex -64.4596 41.7503 3
      vertex -64.4596 41.7503 0
    endloop
  endfacet
  facet normal -0.595877 0.803076 0
    outer loop
      vertex -61.0678 40.5367 0
      vertex -61.2333 40.4139 3
      vertex -61.0678 40.5367 3
    endloop
  endfacet
  facet normal -0.595877 0.803076 0
    outer loop
      vertex -61.2333 40.4139 3
      vertex -61.0678 40.5367 0
      vertex -61.2333 40.4139 0
    endloop
  endfacet
  facet normal 0.803076 0.595877 0
    outer loop
      vertex -64.0233 40.8278 3
      vertex -64.1461 40.9933 0
      vertex -64.1461 40.9933 3
    endloop
  endfacet
  facet normal 0.803076 0.595877 0
    outer loop
      vertex -64.1461 40.9933 0
      vertex -64.0233 40.8278 3
      vertex -64.0233 40.8278 0
    endloop
  endfacet
  facet normal 0.998798 -0.0490178 0
    outer loop
      vertex -64.5 42.16 3
      vertex -64.4899 42.3658 0
      vertex -64.4899 42.3658 3
    endloop
  endfacet
  facet normal 0.998798 -0.0490178 0
    outer loop
      vertex -64.4899 42.3658 0
      vertex -64.5 42.16 3
      vertex -64.5 42.16 0
    endloop
  endfacet
  facet normal -0.740949 0.671561 0
    outer loop
      vertex -60.9151 40.6751 0
      vertex -60.7767 40.8278 3
      vertex -60.7767 40.8278 0
    endloop
  endfacet
  facet normal -0.740949 0.671561 0
    outer loop
      vertex -60.7767 40.8278 3
      vertex -60.9151 40.6751 0
      vertex -60.9151 40.6751 3
    endloop
  endfacet
  facet normal 0.243106 0.97 -0
    outer loop
      vertex 61.9903 -44.2197 0
      vertex 61.7904 -44.1696 3
      vertex 61.9903 -44.2197 3
    endloop
  endfacet
  facet normal 0.243106 0.97 0
    outer loop
      vertex 61.7904 -44.1696 3
      vertex 61.9903 -44.2197 0
      vertex 61.7904 -44.1696 0
    endloop
  endfacet
  facet normal -0.803076 -0.595877 0
    outer loop
      vertex 64.1461 -40.9933 0
      vertex 64.0233 -40.8278 3
      vertex 64.0233 -40.8278 0
    endloop
  endfacet
  facet normal -0.803076 -0.595877 0
    outer loop
      vertex 64.0233 -40.8278 3
      vertex 64.1461 -40.9933 0
      vertex 64.1461 -40.9933 3
    endloop
  endfacet
  facet normal -0.989138 -0.146988 0
    outer loop
      vertex 64.4899 -41.9542 0
      vertex 64.4596 -41.7503 3
      vertex 64.4596 -41.7503 0
    endloop
  endfacet
  facet normal -0.989138 -0.146988 0
    outer loop
      vertex 64.4596 -41.7503 3
      vertex 64.4899 -41.9542 0
      vertex 64.4899 -41.9542 3
    endloop
  endfacet
  facet normal -0.998798 -0.0490178 0
    outer loop
      vertex 64.5 -42.16 0
      vertex 64.4899 -41.9542 3
      vertex 64.4899 -41.9542 0
    endloop
  endfacet
  facet normal -0.998798 -0.0490178 0
    outer loop
      vertex 64.4899 -41.9542 3
      vertex 64.5 -42.16 0
      vertex 64.5 -42.16 3
    endloop
  endfacet
  facet normal -0.970114 -0.24265 0
    outer loop
      vertex 64.4596 -41.7503 0
      vertex 64.4096 -41.5504 3
      vertex 64.4096 -41.5504 0
    endloop
  endfacet
  facet normal -0.970114 -0.24265 0
    outer loop
      vertex 64.4096 -41.5504 3
      vertex 64.4596 -41.7503 0
      vertex 64.4596 -41.7503 3
    endloop
  endfacet
  facet normal -0.740949 -0.671561 0
    outer loop
      vertex 64.0233 -40.8278 0
      vertex 63.8849 -40.6751 3
      vertex 63.8849 -40.6751 0
    endloop
  endfacet
  facet normal -0.740949 -0.671561 0
    outer loop
      vertex 63.8849 -40.6751 3
      vertex 64.0233 -40.8278 0
      vertex 64.0233 -40.8278 3
    endloop
  endfacet
  facet normal -0.904014 -0.427502 0
    outer loop
      vertex 64.3401 -41.3564 0
      vertex 64.252 -41.1701 3
      vertex 64.252 -41.1701 0
    endloop
  endfacet
  facet normal -0.904014 -0.427502 0
    outer loop
      vertex 64.252 -41.1701 3
      vertex 64.3401 -41.3564 0
      vertex 64.3401 -41.3564 3
    endloop
  endfacet
  facet normal -0.595877 0.803076 0
    outer loop
      vertex 63.7322 -43.7833 0
      vertex 63.5667 -43.9061 3
      vertex 63.7322 -43.7833 3
    endloop
  endfacet
  facet normal -0.595877 0.803076 0
    outer loop
      vertex 63.5667 -43.9061 3
      vertex 63.7322 -43.7833 0
      vertex 63.5667 -43.9061 0
    endloop
  endfacet
  facet normal 0.970114 -0.24265 0
    outer loop
      vertex 60.3404 -41.7503 3
      vertex 60.3904 -41.5504 0
      vertex 60.3904 -41.5504 3
    endloop
  endfacet
  facet normal 0.970114 -0.24265 0
    outer loop
      vertex 60.3904 -41.5504 0
      vertex 60.3404 -41.7503 3
      vertex 60.3404 -41.7503 0
    endloop
  endfacet
  facet normal -0.998798 0.0490178 0
    outer loop
      vertex 64.4899 -42.3658 0
      vertex 64.5 -42.16 3
      vertex 64.5 -42.16 0
    endloop
  endfacet
  facet normal -0.998798 0.0490178 0
    outer loop
      vertex 64.5 -42.16 3
      vertex 64.4899 -42.3658 0
      vertex 64.4899 -42.3658 3
    endloop
  endfacet
  facet normal -0.803076 0.595877 0
    outer loop
      vertex 64.0233 -43.4922 0
      vertex 64.1461 -43.3267 3
      vertex 64.1461 -43.3267 0
    endloop
  endfacet
  facet normal -0.803076 0.595877 0
    outer loop
      vertex 64.1461 -43.3267 3
      vertex 64.0233 -43.4922 0
      vertex 64.0233 -43.4922 3
    endloop
  endfacet
  facet normal -0.941412 -0.337258 0
    outer loop
      vertex 64.4096 -41.5504 0
      vertex 64.3401 -41.3564 3
      vertex 64.3401 -41.3564 0
    endloop
  endfacet
  facet normal -0.941412 -0.337258 0
    outer loop
      vertex 64.3401 -41.3564 3
      vertex 64.4096 -41.5504 0
      vertex 64.4096 -41.5504 3
    endloop
  endfacet
  facet normal 0.857878 0.513853 0
    outer loop
      vertex 60.6539 -43.3267 3
      vertex 60.548 -43.1499 0
      vertex 60.548 -43.1499 3
    endloop
  endfacet
  facet normal 0.857878 0.513853 0
    outer loop
      vertex 60.548 -43.1499 0
      vertex 60.6539 -43.3267 3
      vertex 60.6539 -43.3267 0
    endloop
  endfacet
  facet normal 0.671561 -0.740949 0
    outer loop
      vertex 60.9151 -40.6751 0
      vertex 61.0678 -40.5367 3
      vertex 60.9151 -40.6751 3
    endloop
  endfacet
  facet normal 0.671561 -0.740949 0
    outer loop
      vertex 61.0678 -40.5367 3
      vertex 60.9151 -40.6751 0
      vertex 61.0678 -40.5367 0
    endloop
  endfacet
  facet normal -0.857878 -0.513853 0
    outer loop
      vertex 64.252 -41.1701 0
      vertex 64.1461 -40.9933 3
      vertex 64.1461 -40.9933 0
    endloop
  endfacet
  facet normal -0.857878 -0.513853 0
    outer loop
      vertex 64.1461 -40.9933 3
      vertex 64.252 -41.1701 0
      vertex 64.252 -41.1701 3
    endloop
  endfacet
  facet normal 0.998798 0.0490178 0
    outer loop
      vertex 60.3101 -42.3658 3
      vertex 60.3 -42.16 0
      vertex 60.3 -42.16 3
    endloop
  endfacet
  facet normal 0.998798 0.0490178 0
    outer loop
      vertex 60.3 -42.16 0
      vertex 60.3101 -42.3658 3
      vertex 60.3101 -42.3658 0
    endloop
  endfacet
  facet normal -0.970114 0.24265 0
    outer loop
      vertex 64.4096 -42.7696 0
      vertex 64.4596 -42.5697 3
      vertex 64.4596 -42.5697 0
    endloop
  endfacet
  facet normal -0.970114 0.24265 0
    outer loop
      vertex 64.4596 -42.5697 3
      vertex 64.4096 -42.7696 0
      vertex 64.4096 -42.7696 3
    endloop
  endfacet
  facet normal -0.337258 0.941412 0
    outer loop
      vertex 63.2036 -44.1001 0
      vertex 63.0096 -44.1696 3
      vertex 63.2036 -44.1001 3
    endloop
  endfacet
  facet normal -0.337258 0.941412 0
    outer loop
      vertex 63.0096 -44.1696 3
      vertex 63.2036 -44.1001 0
      vertex 63.0096 -44.1696 0
    endloop
  endfacet
  facet normal -0.513853 0.857878 0
    outer loop
      vertex 63.5667 -43.9061 0
      vertex 63.3899 -44.012 3
      vertex 63.5667 -43.9061 3
    endloop
  endfacet
  facet normal -0.513853 0.857878 0
    outer loop
      vertex 63.3899 -44.012 3
      vertex 63.5667 -43.9061 0
      vertex 63.3899 -44.012 0
    endloop
  endfacet
  facet normal 0.337258 -0.941412 0
    outer loop
      vertex 61.5964 -40.2199 0
      vertex 61.7904 -40.1504 3
      vertex 61.5964 -40.2199 3
    endloop
  endfacet
  facet normal 0.337258 -0.941412 0
    outer loop
      vertex 61.7904 -40.1504 3
      vertex 61.5964 -40.2199 0
      vertex 61.7904 -40.1504 0
    endloop
  endfacet
  facet normal -0.427502 0.904014 0
    outer loop
      vertex 63.3899 -44.012 0
      vertex 63.2036 -44.1001 3
      vertex 63.3899 -44.012 3
    endloop
  endfacet
  facet normal -0.427502 0.904014 0
    outer loop
      vertex 63.2036 -44.1001 3
      vertex 63.3899 -44.012 0
      vertex 63.2036 -44.1001 0
    endloop
  endfacet
  facet normal -0.427502 -0.904014 0
    outer loop
      vertex 63.2036 -40.2199 0
      vertex 63.3899 -40.308 3
      vertex 63.2036 -40.2199 3
    endloop
  endfacet
  facet normal -0.427502 -0.904014 -0
    outer loop
      vertex 63.3899 -40.308 3
      vertex 63.2036 -40.2199 0
      vertex 63.3899 -40.308 0
    endloop
  endfacet
  facet normal -0.146513 0.989209 0
    outer loop
      vertex 62.8097 -44.2197 0
      vertex 62.6058 -44.2499 3
      vertex 62.8097 -44.2197 3
    endloop
  endfacet
  facet normal -0.146513 0.989209 0
    outer loop
      vertex 62.6058 -44.2499 3
      vertex 62.8097 -44.2197 0
      vertex 62.6058 -44.2499 0
    endloop
  endfacet
  facet normal -0.671561 0.740949 0
    outer loop
      vertex 63.8849 -43.6449 0
      vertex 63.7322 -43.7833 3
      vertex 63.8849 -43.6449 3
    endloop
  endfacet
  facet normal -0.671561 0.740949 0
    outer loop
      vertex 63.7322 -43.7833 3
      vertex 63.8849 -43.6449 0
      vertex 63.7322 -43.7833 0
    endloop
  endfacet
  facet normal 0.427502 -0.904014 0
    outer loop
      vertex 61.4101 -40.308 0
      vertex 61.5964 -40.2199 3
      vertex 61.4101 -40.308 3
    endloop
  endfacet
  facet normal 0.427502 -0.904014 0
    outer loop
      vertex 61.5964 -40.2199 3
      vertex 61.4101 -40.308 0
      vertex 61.5964 -40.2199 0
    endloop
  endfacet
  facet normal 0.989138 -0.146988 0
    outer loop
      vertex 60.3101 -41.9542 3
      vertex 60.3404 -41.7503 0
      vertex 60.3404 -41.7503 3
    endloop
  endfacet
  facet normal 0.989138 -0.146988 0
    outer loop
      vertex 60.3404 -41.7503 0
      vertex 60.3101 -41.9542 3
      vertex 60.3101 -41.9542 0
    endloop
  endfacet
  facet normal -0.595877 -0.803076 0
    outer loop
      vertex 63.5667 -40.4139 0
      vertex 63.7322 -40.5367 3
      vertex 63.5667 -40.4139 3
    endloop
  endfacet
  facet normal -0.595877 -0.803076 -0
    outer loop
      vertex 63.7322 -40.5367 3
      vertex 63.5667 -40.4139 0
      vertex 63.7322 -40.5367 0
    endloop
  endfacet
  facet normal 0.513853 0.857878 -0
    outer loop
      vertex 61.4101 -44.012 0
      vertex 61.2333 -43.9061 3
      vertex 61.4101 -44.012 3
    endloop
  endfacet
  facet normal 0.513853 0.857878 0
    outer loop
      vertex 61.2333 -43.9061 3
      vertex 61.4101 -44.012 0
      vertex 61.2333 -43.9061 0
    endloop
  endfacet
  facet normal 0.904014 -0.427502 0
    outer loop
      vertex 60.4599 -41.3564 3
      vertex 60.548 -41.1701 0
      vertex 60.548 -41.1701 3
    endloop
  endfacet
  facet normal 0.904014 -0.427502 0
    outer loop
      vertex 60.548 -41.1701 0
      vertex 60.4599 -41.3564 3
      vertex 60.4599 -41.3564 0
    endloop
  endfacet
  facet normal 0.740949 -0.671561 0
    outer loop
      vertex 60.7767 -40.8278 3
      vertex 60.9151 -40.6751 0
      vertex 60.9151 -40.6751 3
    endloop
  endfacet
  facet normal 0.740949 -0.671561 0
    outer loop
      vertex 60.9151 -40.6751 0
      vertex 60.7767 -40.8278 3
      vertex 60.7767 -40.8278 0
    endloop
  endfacet
  facet normal -0.857878 0.513853 0
    outer loop
      vertex 64.1461 -43.3267 0
      vertex 64.252 -43.1499 3
      vertex 64.252 -43.1499 0
    endloop
  endfacet
  facet normal -0.857878 0.513853 0
    outer loop
      vertex 64.252 -43.1499 3
      vertex 64.1461 -43.3267 0
      vertex 64.1461 -43.3267 3
    endloop
  endfacet
  facet normal -0.941412 0.337258 0
    outer loop
      vertex 64.3401 -42.9636 0
      vertex 64.4096 -42.7696 3
      vertex 64.4096 -42.7696 0
    endloop
  endfacet
  facet normal -0.941412 0.337258 0
    outer loop
      vertex 64.4096 -42.7696 3
      vertex 64.3401 -42.9636 0
      vertex 64.3401 -42.9636 3
    endloop
  endfacet
  facet normal 0.803076 0.595877 0
    outer loop
      vertex 60.7767 -43.4922 3
      vertex 60.6539 -43.3267 0
      vertex 60.6539 -43.3267 3
    endloop
  endfacet
  facet normal 0.803076 0.595877 0
    outer loop
      vertex 60.6539 -43.3267 0
      vertex 60.7767 -43.4922 3
      vertex 60.7767 -43.4922 0
    endloop
  endfacet
  facet normal 0.803076 -0.595877 0
    outer loop
      vertex 60.6539 -40.9933 3
      vertex 60.7767 -40.8278 0
      vertex 60.7767 -40.8278 3
    endloop
  endfacet
  facet normal 0.803076 -0.595877 0
    outer loop
      vertex 60.7767 -40.8278 0
      vertex 60.6539 -40.9933 3
      vertex 60.6539 -40.9933 0
    endloop
  endfacet
  facet normal -0.146513 -0.989209 0
    outer loop
      vertex 62.6058 -40.0701 0
      vertex 62.8097 -40.1003 3
      vertex 62.6058 -40.0701 3
    endloop
  endfacet
  facet normal -0.146513 -0.989209 -0
    outer loop
      vertex 62.8097 -40.1003 3
      vertex 62.6058 -40.0701 0
      vertex 62.8097 -40.1003 0
    endloop
  endfacet
  facet normal 0.857878 -0.513853 0
    outer loop
      vertex 60.548 -41.1701 3
      vertex 60.6539 -40.9933 0
      vertex 60.6539 -40.9933 3
    endloop
  endfacet
  facet normal 0.857878 -0.513853 0
    outer loop
      vertex 60.6539 -40.9933 0
      vertex 60.548 -41.1701 3
      vertex 60.548 -41.1701 0
    endloop
  endfacet
  facet normal -0.513853 -0.857878 0
    outer loop
      vertex 63.3899 -40.308 0
      vertex 63.5667 -40.4139 3
      vertex 63.3899 -40.308 3
    endloop
  endfacet
  facet normal -0.513853 -0.857878 -0
    outer loop
      vertex 63.5667 -40.4139 3
      vertex 63.3899 -40.308 0
      vertex 63.5667 -40.4139 0
    endloop
  endfacet
  facet normal -0.989138 0.146988 0
    outer loop
      vertex 64.4596 -42.5697 0
      vertex 64.4899 -42.3658 3
      vertex 64.4899 -42.3658 0
    endloop
  endfacet
  facet normal -0.989138 0.146988 0
    outer loop
      vertex 64.4899 -42.3658 3
      vertex 64.4596 -42.5697 0
      vertex 64.4596 -42.5697 3
    endloop
  endfacet
  facet normal -0.337258 -0.941412 0
    outer loop
      vertex 63.0096 -40.1504 0
      vertex 63.2036 -40.2199 3
      vertex 63.0096 -40.1504 3
    endloop
  endfacet
  facet normal -0.337258 -0.941412 -0
    outer loop
      vertex 63.2036 -40.2199 3
      vertex 63.0096 -40.1504 0
      vertex 63.2036 -40.2199 0
    endloop
  endfacet
  facet normal -0.243106 0.97 0
    outer loop
      vertex 63.0096 -44.1696 0
      vertex 62.8097 -44.2197 3
      vertex 63.0096 -44.1696 3
    endloop
  endfacet
  facet normal -0.243106 0.97 0
    outer loop
      vertex 62.8097 -44.2197 3
      vertex 63.0096 -44.1696 0
      vertex 62.8097 -44.2197 0
    endloop
  endfacet
  facet normal -0.740949 0.671561 0
    outer loop
      vertex 63.8849 -43.6449 0
      vertex 64.0233 -43.4922 3
      vertex 64.0233 -43.4922 0
    endloop
  endfacet
  facet normal -0.740949 0.671561 0
    outer loop
      vertex 64.0233 -43.4922 3
      vertex 63.8849 -43.6449 0
      vertex 63.8849 -43.6449 3
    endloop
  endfacet
  facet normal 0.0490178 -0.998798 0
    outer loop
      vertex 62.1942 -40.0701 0
      vertex 62.4 -40.06 3
      vertex 62.1942 -40.0701 3
    endloop
  endfacet
  facet normal 0.0490178 -0.998798 0
    outer loop
      vertex 62.4 -40.06 3
      vertex 62.1942 -40.0701 0
      vertex 62.4 -40.06 0
    endloop
  endfacet
  facet normal -0.0490178 -0.998798 0
    outer loop
      vertex 62.4 -40.06 0
      vertex 62.6058 -40.0701 3
      vertex 62.4 -40.06 3
    endloop
  endfacet
  facet normal -0.0490178 -0.998798 -0
    outer loop
      vertex 62.6058 -40.0701 3
      vertex 62.4 -40.06 0
      vertex 62.6058 -40.0701 0
    endloop
  endfacet
  facet normal 0.427502 0.904014 -0
    outer loop
      vertex 61.5964 -44.1001 0
      vertex 61.4101 -44.012 3
      vertex 61.5964 -44.1001 3
    endloop
  endfacet
  facet normal 0.427502 0.904014 0
    outer loop
      vertex 61.4101 -44.012 3
      vertex 61.5964 -44.1001 0
      vertex 61.4101 -44.012 0
    endloop
  endfacet
  facet normal 0.904014 0.427502 0
    outer loop
      vertex 60.548 -43.1499 3
      vertex 60.4599 -42.9636 0
      vertex 60.4599 -42.9636 3
    endloop
  endfacet
  facet normal 0.904014 0.427502 0
    outer loop
      vertex 60.4599 -42.9636 0
      vertex 60.548 -43.1499 3
      vertex 60.548 -43.1499 0
    endloop
  endfacet
  facet normal -0.0490178 0.998798 0
    outer loop
      vertex 62.6058 -44.2499 0
      vertex 62.4 -44.26 3
      vertex 62.6058 -44.2499 3
    endloop
  endfacet
  facet normal -0.0490178 0.998798 0
    outer loop
      vertex 62.4 -44.26 3
      vertex 62.6058 -44.2499 0
      vertex 62.4 -44.26 0
    endloop
  endfacet
  facet normal 0.243106 -0.97 0
    outer loop
      vertex 61.7904 -40.1504 0
      vertex 61.9903 -40.1003 3
      vertex 61.7904 -40.1504 3
    endloop
  endfacet
  facet normal 0.243106 -0.97 0
    outer loop
      vertex 61.9903 -40.1003 3
      vertex 61.7904 -40.1504 0
      vertex 61.9903 -40.1003 0
    endloop
  endfacet
  facet normal 0.146513 -0.989209 0
    outer loop
      vertex 61.9903 -40.1003 0
      vertex 62.1942 -40.0701 3
      vertex 61.9903 -40.1003 3
    endloop
  endfacet
  facet normal 0.146513 -0.989209 0
    outer loop
      vertex 62.1942 -40.0701 3
      vertex 61.9903 -40.1003 0
      vertex 62.1942 -40.0701 0
    endloop
  endfacet
  facet normal 0.970114 0.24265 0
    outer loop
      vertex 60.3904 -42.7696 3
      vertex 60.3404 -42.5697 0
      vertex 60.3404 -42.5697 3
    endloop
  endfacet
  facet normal 0.970114 0.24265 0
    outer loop
      vertex 60.3404 -42.5697 0
      vertex 60.3904 -42.7696 3
      vertex 60.3904 -42.7696 0
    endloop
  endfacet
  facet normal 0.941412 0.337258 0
    outer loop
      vertex 60.4599 -42.9636 3
      vertex 60.3904 -42.7696 0
      vertex 60.3904 -42.7696 3
    endloop
  endfacet
  facet normal 0.941412 0.337258 0
    outer loop
      vertex 60.3904 -42.7696 0
      vertex 60.4599 -42.9636 3
      vertex 60.4599 -42.9636 0
    endloop
  endfacet
  facet normal 0.337258 0.941412 -0
    outer loop
      vertex 61.7904 -44.1696 0
      vertex 61.5964 -44.1001 3
      vertex 61.7904 -44.1696 3
    endloop
  endfacet
  facet normal 0.337258 0.941412 0
    outer loop
      vertex 61.5964 -44.1001 3
      vertex 61.7904 -44.1696 0
      vertex 61.5964 -44.1001 0
    endloop
  endfacet
  facet normal 0.595877 0.803076 -0
    outer loop
      vertex 61.2333 -43.9061 0
      vertex 61.0678 -43.7833 3
      vertex 61.2333 -43.9061 3
    endloop
  endfacet
  facet normal 0.595877 0.803076 0
    outer loop
      vertex 61.0678 -43.7833 3
      vertex 61.2333 -43.9061 0
      vertex 61.0678 -43.7833 0
    endloop
  endfacet
  facet normal 0.595877 -0.803076 0
    outer loop
      vertex 61.0678 -40.5367 0
      vertex 61.2333 -40.4139 3
      vertex 61.0678 -40.5367 3
    endloop
  endfacet
  facet normal 0.595877 -0.803076 0
    outer loop
      vertex 61.2333 -40.4139 3
      vertex 61.0678 -40.5367 0
      vertex 61.2333 -40.4139 0
    endloop
  endfacet
  facet normal -0.671561 -0.740949 0
    outer loop
      vertex 63.7322 -40.5367 0
      vertex 63.8849 -40.6751 3
      vertex 63.7322 -40.5367 3
    endloop
  endfacet
  facet normal -0.671561 -0.740949 -0
    outer loop
      vertex 63.8849 -40.6751 3
      vertex 63.7322 -40.5367 0
      vertex 63.8849 -40.6751 0
    endloop
  endfacet
  facet normal 0.146513 0.989209 -0
    outer loop
      vertex 62.1942 -44.2499 0
      vertex 61.9903 -44.2197 3
      vertex 62.1942 -44.2499 3
    endloop
  endfacet
  facet normal 0.146513 0.989209 0
    outer loop
      vertex 61.9903 -44.2197 3
      vertex 62.1942 -44.2499 0
      vertex 61.9903 -44.2197 0
    endloop
  endfacet
  facet normal 0.740949 0.671561 0
    outer loop
      vertex 60.9151 -43.6449 3
      vertex 60.7767 -43.4922 0
      vertex 60.7767 -43.4922 3
    endloop
  endfacet
  facet normal 0.740949 0.671561 0
    outer loop
      vertex 60.7767 -43.4922 0
      vertex 60.9151 -43.6449 3
      vertex 60.9151 -43.6449 0
    endloop
  endfacet
  facet normal 0.989138 0.146988 0
    outer loop
      vertex 60.3404 -42.5697 3
      vertex 60.3101 -42.3658 0
      vertex 60.3101 -42.3658 3
    endloop
  endfacet
  facet normal 0.989138 0.146988 0
    outer loop
      vertex 60.3101 -42.3658 0
      vertex 60.3404 -42.5697 3
      vertex 60.3404 -42.5697 0
    endloop
  endfacet
  facet normal -0.243106 -0.97 0
    outer loop
      vertex 62.8097 -40.1003 0
      vertex 63.0096 -40.1504 3
      vertex 62.8097 -40.1003 3
    endloop
  endfacet
  facet normal -0.243106 -0.97 -0
    outer loop
      vertex 63.0096 -40.1504 3
      vertex 62.8097 -40.1003 0
      vertex 63.0096 -40.1504 0
    endloop
  endfacet
  facet normal 0.671561 0.740949 -0
    outer loop
      vertex 61.0678 -43.7833 0
      vertex 60.9151 -43.6449 3
      vertex 61.0678 -43.7833 3
    endloop
  endfacet
  facet normal 0.671561 0.740949 0
    outer loop
      vertex 60.9151 -43.6449 3
      vertex 61.0678 -43.7833 0
      vertex 60.9151 -43.6449 0
    endloop
  endfacet
  facet normal -0.904014 0.427502 0
    outer loop
      vertex 64.252 -43.1499 0
      vertex 64.3401 -42.9636 3
      vertex 64.3401 -42.9636 0
    endloop
  endfacet
  facet normal -0.904014 0.427502 0
    outer loop
      vertex 64.3401 -42.9636 3
      vertex 64.252 -43.1499 0
      vertex 64.252 -43.1499 3
    endloop
  endfacet
  facet normal 0.513853 -0.857878 0
    outer loop
      vertex 61.2333 -40.4139 0
      vertex 61.4101 -40.308 3
      vertex 61.2333 -40.4139 3
    endloop
  endfacet
  facet normal 0.513853 -0.857878 0
    outer loop
      vertex 61.4101 -40.308 3
      vertex 61.2333 -40.4139 0
      vertex 61.4101 -40.308 0
    endloop
  endfacet
  facet normal 0.941412 -0.337258 0
    outer loop
      vertex 60.3904 -41.5504 3
      vertex 60.4599 -41.3564 0
      vertex 60.4599 -41.3564 3
    endloop
  endfacet
  facet normal 0.941412 -0.337258 0
    outer loop
      vertex 60.4599 -41.3564 0
      vertex 60.3904 -41.5504 3
      vertex 60.3904 -41.5504 0
    endloop
  endfacet
  facet normal 0.998798 -0.0490178 0
    outer loop
      vertex 60.3 -42.16 3
      vertex 60.3101 -41.9542 0
      vertex 60.3101 -41.9542 3
    endloop
  endfacet
  facet normal 0.998798 -0.0490178 0
    outer loop
      vertex 60.3101 -41.9542 0
      vertex 60.3 -42.16 3
      vertex 60.3 -42.16 0
    endloop
  endfacet
  facet normal 0.0490178 0.998798 -0
    outer loop
      vertex 62.4 -44.26 0
      vertex 62.1942 -44.2499 3
      vertex 62.4 -44.26 3
    endloop
  endfacet
  facet normal 0.0490178 0.998798 0
    outer loop
      vertex 62.1942 -44.2499 3
      vertex 62.4 -44.26 0
      vertex 62.1942 -44.2499 0
    endloop
  endfacet
  facet normal 0.337258 0.941412 -0
    outer loop
      vertex 61.7904 40.1504 0
      vertex 61.5964 40.2199 3
      vertex 61.7904 40.1504 3
    endloop
  endfacet
  facet normal 0.337258 0.941412 0
    outer loop
      vertex 61.5964 40.2199 3
      vertex 61.7904 40.1504 0
      vertex 61.5964 40.2199 0
    endloop
  endfacet
  facet normal -0.989138 -0.146988 0
    outer loop
      vertex 64.4899 42.3658 0
      vertex 64.4596 42.5697 3
      vertex 64.4596 42.5697 0
    endloop
  endfacet
  facet normal -0.989138 -0.146988 0
    outer loop
      vertex 64.4596 42.5697 3
      vertex 64.4899 42.3658 0
      vertex 64.4899 42.3658 3
    endloop
  endfacet
  facet normal -0.998798 -0.0490178 0
    outer loop
      vertex 64.5 42.16 0
      vertex 64.4899 42.3658 3
      vertex 64.4899 42.3658 0
    endloop
  endfacet
  facet normal -0.998798 -0.0490178 0
    outer loop
      vertex 64.4899 42.3658 3
      vertex 64.5 42.16 0
      vertex 64.5 42.16 3
    endloop
  endfacet
  facet normal -0.970114 -0.24265 0
    outer loop
      vertex 64.4596 42.5697 0
      vertex 64.4096 42.7696 3
      vertex 64.4096 42.7696 0
    endloop
  endfacet
  facet normal -0.970114 -0.24265 0
    outer loop
      vertex 64.4096 42.7696 3
      vertex 64.4596 42.5697 0
      vertex 64.4596 42.5697 3
    endloop
  endfacet
  facet normal 0.989138 -0.146988 0
    outer loop
      vertex 60.3101 42.3658 3
      vertex 60.3404 42.5697 0
      vertex 60.3404 42.5697 3
    endloop
  endfacet
  facet normal 0.989138 -0.146988 0
    outer loop
      vertex 60.3404 42.5697 0
      vertex 60.3101 42.3658 3
      vertex 60.3101 42.3658 0
    endloop
  endfacet
  facet normal 0.243106 0.97 -0
    outer loop
      vertex 61.9903 40.1003 0
      vertex 61.7904 40.1504 3
      vertex 61.9903 40.1003 3
    endloop
  endfacet
  facet normal 0.243106 0.97 0
    outer loop
      vertex 61.7904 40.1504 3
      vertex 61.9903 40.1003 0
      vertex 61.7904 40.1504 0
    endloop
  endfacet
  facet normal -0.337258 -0.941412 0
    outer loop
      vertex 63.0096 44.1696 0
      vertex 63.2036 44.1001 3
      vertex 63.0096 44.1696 3
    endloop
  endfacet
  facet normal -0.337258 -0.941412 -0
    outer loop
      vertex 63.2036 44.1001 3
      vertex 63.0096 44.1696 0
      vertex 63.2036 44.1001 0
    endloop
  endfacet
  facet normal 0.513853 -0.857878 0
    outer loop
      vertex 61.2333 43.9061 0
      vertex 61.4101 44.012 3
      vertex 61.2333 43.9061 3
    endloop
  endfacet
  facet normal 0.513853 -0.857878 0
    outer loop
      vertex 61.4101 44.012 3
      vertex 61.2333 43.9061 0
      vertex 61.4101 44.012 0
    endloop
  endfacet
  facet normal 0.904014 0.427502 0
    outer loop
      vertex 60.548 41.1701 3
      vertex 60.4599 41.3564 0
      vertex 60.4599 41.3564 3
    endloop
  endfacet
  facet normal 0.904014 0.427502 0
    outer loop
      vertex 60.4599 41.3564 0
      vertex 60.548 41.1701 3
      vertex 60.548 41.1701 0
    endloop
  endfacet
  facet normal 0.243106 -0.97 0
    outer loop
      vertex 61.7904 44.1696 0
      vertex 61.9903 44.2197 3
      vertex 61.7904 44.1696 3
    endloop
  endfacet
  facet normal 0.243106 -0.97 0
    outer loop
      vertex 61.9903 44.2197 3
      vertex 61.7904 44.1696 0
      vertex 61.9903 44.2197 0
    endloop
  endfacet
  facet normal 0.857878 0.513853 0
    outer loop
      vertex 60.6539 40.9933 3
      vertex 60.548 41.1701 0
      vertex 60.548 41.1701 3
    endloop
  endfacet
  facet normal 0.857878 0.513853 0
    outer loop
      vertex 60.548 41.1701 0
      vertex 60.6539 40.9933 3
      vertex 60.6539 40.9933 0
    endloop
  endfacet
  facet normal -0.243106 0.97 0
    outer loop
      vertex 63.0096 40.1504 0
      vertex 62.8097 40.1003 3
      vertex 63.0096 40.1504 3
    endloop
  endfacet
  facet normal -0.243106 0.97 0
    outer loop
      vertex 62.8097 40.1003 3
      vertex 63.0096 40.1504 0
      vertex 62.8097 40.1003 0
    endloop
  endfacet
  facet normal 0.595877 0.803076 -0
    outer loop
      vertex 61.2333 40.4139 0
      vertex 61.0678 40.5367 3
      vertex 61.2333 40.4139 3
    endloop
  endfacet
  facet normal 0.595877 0.803076 0
    outer loop
      vertex 61.0678 40.5367 3
      vertex 61.2333 40.4139 0
      vertex 61.0678 40.5367 0
    endloop
  endfacet
  facet normal -0.513853 0.857878 0
    outer loop
      vertex 63.5667 40.4139 0
      vertex 63.3899 40.308 3
      vertex 63.5667 40.4139 3
    endloop
  endfacet
  facet normal -0.513853 0.857878 0
    outer loop
      vertex 63.3899 40.308 3
      vertex 63.5667 40.4139 0
      vertex 63.3899 40.308 0
    endloop
  endfacet
  facet normal -0.803076 0.595877 0
    outer loop
      vertex 64.0233 40.8278 0
      vertex 64.1461 40.9933 3
      vertex 64.1461 40.9933 0
    endloop
  endfacet
  facet normal -0.803076 0.595877 0
    outer loop
      vertex 64.1461 40.9933 3
      vertex 64.0233 40.8278 0
      vertex 64.0233 40.8278 3
    endloop
  endfacet
  facet normal -0.146513 -0.989209 0
    outer loop
      vertex 62.6058 44.2499 0
      vertex 62.8097 44.2197 3
      vertex 62.6058 44.2499 3
    endloop
  endfacet
  facet normal -0.146513 -0.989209 -0
    outer loop
      vertex 62.8097 44.2197 3
      vertex 62.6058 44.2499 0
      vertex 62.8097 44.2197 0
    endloop
  endfacet
  facet normal 0.595877 -0.803076 0
    outer loop
      vertex 61.0678 43.7833 0
      vertex 61.2333 43.9061 3
      vertex 61.0678 43.7833 3
    endloop
  endfacet
  facet normal 0.595877 -0.803076 0
    outer loop
      vertex 61.2333 43.9061 3
      vertex 61.0678 43.7833 0
      vertex 61.2333 43.9061 0
    endloop
  endfacet
  facet normal -0.427502 0.904014 0
    outer loop
      vertex 63.3899 40.308 0
      vertex 63.2036 40.2199 3
      vertex 63.3899 40.308 3
    endloop
  endfacet
  facet normal -0.427502 0.904014 0
    outer loop
      vertex 63.2036 40.2199 3
      vertex 63.3899 40.308 0
      vertex 63.2036 40.2199 0
    endloop
  endfacet
  facet normal 0.803076 -0.595877 0
    outer loop
      vertex 60.6539 43.3267 3
      vertex 60.7767 43.4922 0
      vertex 60.7767 43.4922 3
    endloop
  endfacet
  facet normal 0.803076 -0.595877 0
    outer loop
      vertex 60.7767 43.4922 0
      vertex 60.6539 43.3267 3
      vertex 60.6539 43.3267 0
    endloop
  endfacet
  facet normal -0.989138 0.146988 0
    outer loop
      vertex 64.4596 41.7503 0
      vertex 64.4899 41.9542 3
      vertex 64.4899 41.9542 0
    endloop
  endfacet
  facet normal -0.989138 0.146988 0
    outer loop
      vertex 64.4899 41.9542 3
      vertex 64.4596 41.7503 0
      vertex 64.4596 41.7503 3
    endloop
  endfacet
  facet normal 0.941412 -0.337258 0
    outer loop
      vertex 60.3904 42.7696 3
      vertex 60.4599 42.9636 0
      vertex 60.4599 42.9636 3
    endloop
  endfacet
  facet normal 0.941412 -0.337258 0
    outer loop
      vertex 60.4599 42.9636 0
      vertex 60.3904 42.7696 3
      vertex 60.3904 42.7696 0
    endloop
  endfacet
  facet normal -0.427502 -0.904014 0
    outer loop
      vertex 63.2036 44.1001 0
      vertex 63.3899 44.012 3
      vertex 63.2036 44.1001 3
    endloop
  endfacet
  facet normal -0.427502 -0.904014 -0
    outer loop
      vertex 63.3899 44.012 3
      vertex 63.2036 44.1001 0
      vertex 63.3899 44.012 0
    endloop
  endfacet
  facet normal 0.941412 0.337258 0
    outer loop
      vertex 60.4599 41.3564 3
      vertex 60.3904 41.5504 0
      vertex 60.3904 41.5504 3
    endloop
  endfacet
  facet normal 0.941412 0.337258 0
    outer loop
      vertex 60.3904 41.5504 0
      vertex 60.4599 41.3564 3
      vertex 60.4599 41.3564 0
    endloop
  endfacet
  facet normal -0.970114 0.24265 0
    outer loop
      vertex 64.4096 41.5504 0
      vertex 64.4596 41.7503 3
      vertex 64.4596 41.7503 0
    endloop
  endfacet
  facet normal -0.970114 0.24265 0
    outer loop
      vertex 64.4596 41.7503 3
      vertex 64.4096 41.5504 0
      vertex 64.4096 41.5504 3
    endloop
  endfacet
  facet normal 0.0490178 -0.998798 0
    outer loop
      vertex 62.1942 44.2499 0
      vertex 62.4 44.26 3
      vertex 62.1942 44.2499 3
    endloop
  endfacet
  facet normal 0.0490178 -0.998798 0
    outer loop
      vertex 62.4 44.26 3
      vertex 62.1942 44.2499 0
      vertex 62.4 44.26 0
    endloop
  endfacet
  facet normal -0.671561 -0.740949 0
    outer loop
      vertex 63.7322 43.7833 0
      vertex 63.8849 43.6449 3
      vertex 63.7322 43.7833 3
    endloop
  endfacet
  facet normal -0.671561 -0.740949 -0
    outer loop
      vertex 63.8849 43.6449 3
      vertex 63.7322 43.7833 0
      vertex 63.8849 43.6449 0
    endloop
  endfacet
  facet normal 0.427502 -0.904014 0
    outer loop
      vertex 61.4101 44.012 0
      vertex 61.5964 44.1001 3
      vertex 61.4101 44.012 3
    endloop
  endfacet
  facet normal 0.427502 -0.904014 0
    outer loop
      vertex 61.5964 44.1001 3
      vertex 61.4101 44.012 0
      vertex 61.5964 44.1001 0
    endloop
  endfacet
  facet normal 0.671561 -0.740949 0
    outer loop
      vertex 60.9151 43.6449 0
      vertex 61.0678 43.7833 3
      vertex 60.9151 43.6449 3
    endloop
  endfacet
  facet normal 0.671561 -0.740949 0
    outer loop
      vertex 61.0678 43.7833 3
      vertex 60.9151 43.6449 0
      vertex 61.0678 43.7833 0
    endloop
  endfacet
  facet normal -0.337258 0.941412 0
    outer loop
      vertex 63.2036 40.2199 0
      vertex 63.0096 40.1504 3
      vertex 63.2036 40.2199 3
    endloop
  endfacet
  facet normal -0.337258 0.941412 0
    outer loop
      vertex 63.0096 40.1504 3
      vertex 63.2036 40.2199 0
      vertex 63.0096 40.1504 0
    endloop
  endfacet
  facet normal 0.337258 -0.941412 0
    outer loop
      vertex 61.5964 44.1001 0
      vertex 61.7904 44.1696 3
      vertex 61.5964 44.1001 3
    endloop
  endfacet
  facet normal 0.337258 -0.941412 0
    outer loop
      vertex 61.7904 44.1696 3
      vertex 61.5964 44.1001 0
      vertex 61.7904 44.1696 0
    endloop
  endfacet
  facet normal -0.803076 -0.595877 0
    outer loop
      vertex 64.1461 43.3267 0
      vertex 64.0233 43.4922 3
      vertex 64.0233 43.4922 0
    endloop
  endfacet
  facet normal -0.803076 -0.595877 0
    outer loop
      vertex 64.0233 43.4922 3
      vertex 64.1461 43.3267 0
      vertex 64.1461 43.3267 3
    endloop
  endfacet
  facet normal 0.857878 -0.513853 0
    outer loop
      vertex 60.548 43.1499 3
      vertex 60.6539 43.3267 0
      vertex 60.6539 43.3267 3
    endloop
  endfacet
  facet normal 0.857878 -0.513853 0
    outer loop
      vertex 60.6539 43.3267 0
      vertex 60.548 43.1499 3
      vertex 60.548 43.1499 0
    endloop
  endfacet
  facet normal -0.998798 0.0490178 0
    outer loop
      vertex 64.4899 41.9542 0
      vertex 64.5 42.16 3
      vertex 64.5 42.16 0
    endloop
  endfacet
  facet normal -0.998798 0.0490178 0
    outer loop
      vertex 64.5 42.16 3
      vertex 64.4899 41.9542 0
      vertex 64.4899 41.9542 3
    endloop
  endfacet
  facet normal -0.904014 0.427502 0
    outer loop
      vertex 64.252 41.1701 0
      vertex 64.3401 41.3564 3
      vertex 64.3401 41.3564 0
    endloop
  endfacet
  facet normal -0.904014 0.427502 0
    outer loop
      vertex 64.3401 41.3564 3
      vertex 64.252 41.1701 0
      vertex 64.252 41.1701 3
    endloop
  endfacet
  facet normal -0.857878 -0.513853 0
    outer loop
      vertex 64.252 43.1499 0
      vertex 64.1461 43.3267 3
      vertex 64.1461 43.3267 0
    endloop
  endfacet
  facet normal -0.857878 -0.513853 0
    outer loop
      vertex 64.1461 43.3267 3
      vertex 64.252 43.1499 0
      vertex 64.252 43.1499 3
    endloop
  endfacet
  facet normal 0.671561 0.740949 -0
    outer loop
      vertex 61.0678 40.5367 0
      vertex 60.9151 40.6751 3
      vertex 61.0678 40.5367 3
    endloop
  endfacet
  facet normal 0.671561 0.740949 0
    outer loop
      vertex 60.9151 40.6751 3
      vertex 61.0678 40.5367 0
      vertex 60.9151 40.6751 0
    endloop
  endfacet
  facet normal -0.595877 -0.803076 0
    outer loop
      vertex 63.5667 43.9061 0
      vertex 63.7322 43.7833 3
      vertex 63.5667 43.9061 3
    endloop
  endfacet
  facet normal -0.595877 -0.803076 -0
    outer loop
      vertex 63.7322 43.7833 3
      vertex 63.5667 43.9061 0
      vertex 63.7322 43.7833 0
    endloop
  endfacet
  facet normal 0.513853 0.857878 -0
    outer loop
      vertex 61.4101 40.308 0
      vertex 61.2333 40.4139 3
      vertex 61.4101 40.308 3
    endloop
  endfacet
  facet normal 0.513853 0.857878 0
    outer loop
      vertex 61.2333 40.4139 3
      vertex 61.4101 40.308 0
      vertex 61.2333 40.4139 0
    endloop
  endfacet
  facet normal -0.513853 -0.857878 0
    outer loop
      vertex 63.3899 44.012 0
      vertex 63.5667 43.9061 3
      vertex 63.3899 44.012 3
    endloop
  endfacet
  facet normal -0.513853 -0.857878 -0
    outer loop
      vertex 63.5667 43.9061 3
      vertex 63.3899 44.012 0
      vertex 63.5667 43.9061 0
    endloop
  endfacet
  facet normal -0.146513 0.989209 0
    outer loop
      vertex 62.8097 40.1003 0
      vertex 62.6058 40.0701 3
      vertex 62.8097 40.1003 3
    endloop
  endfacet
  facet normal -0.146513 0.989209 0
    outer loop
      vertex 62.6058 40.0701 3
      vertex 62.8097 40.1003 0
      vertex 62.6058 40.0701 0
    endloop
  endfacet
  facet normal -0.941412 -0.337258 0
    outer loop
      vertex 64.4096 42.7696 0
      vertex 64.3401 42.9636 3
      vertex 64.3401 42.9636 0
    endloop
  endfacet
  facet normal -0.941412 -0.337258 0
    outer loop
      vertex 64.3401 42.9636 3
      vertex 64.4096 42.7696 0
      vertex 64.4096 42.7696 3
    endloop
  endfacet
  facet normal -0.857878 0.513853 0
    outer loop
      vertex 64.1461 40.9933 0
      vertex 64.252 41.1701 3
      vertex 64.252 41.1701 0
    endloop
  endfacet
  facet normal -0.857878 0.513853 0
    outer loop
      vertex 64.252 41.1701 3
      vertex 64.1461 40.9933 0
      vertex 64.1461 40.9933 3
    endloop
  endfacet
  facet normal 0.998798 0.0490178 0
    outer loop
      vertex 60.3101 41.9542 3
      vertex 60.3 42.16 0
      vertex 60.3 42.16 3
    endloop
  endfacet
  facet normal 0.998798 0.0490178 0
    outer loop
      vertex 60.3 42.16 0
      vertex 60.3101 41.9542 3
      vertex 60.3101 41.9542 0
    endloop
  endfacet
  facet normal -0.941412 0.337258 0
    outer loop
      vertex 64.3401 41.3564 0
      vertex 64.4096 41.5504 3
      vertex 64.4096 41.5504 0
    endloop
  endfacet
  facet normal -0.941412 0.337258 0
    outer loop
      vertex 64.4096 41.5504 3
      vertex 64.3401 41.3564 0
      vertex 64.3401 41.3564 3
    endloop
  endfacet
  facet normal -0.740949 -0.671561 0
    outer loop
      vertex 64.0233 43.4922 0
      vertex 63.8849 43.6449 3
      vertex 63.8849 43.6449 0
    endloop
  endfacet
  facet normal -0.740949 -0.671561 0
    outer loop
      vertex 63.8849 43.6449 3
      vertex 64.0233 43.4922 0
      vertex 64.0233 43.4922 3
    endloop
  endfacet
  facet normal -0.0490178 -0.998798 0
    outer loop
      vertex 62.4 44.26 0
      vertex 62.6058 44.2499 3
      vertex 62.4 44.26 3
    endloop
  endfacet
  facet normal -0.0490178 -0.998798 -0
    outer loop
      vertex 62.6058 44.2499 3
      vertex 62.4 44.26 0
      vertex 62.6058 44.2499 0
    endloop
  endfacet
  facet normal -0.904014 -0.427502 0
    outer loop
      vertex 64.3401 42.9636 0
      vertex 64.252 43.1499 3
      vertex 64.252 43.1499 0
    endloop
  endfacet
  facet normal -0.904014 -0.427502 0
    outer loop
      vertex 64.252 43.1499 3
      vertex 64.3401 42.9636 0
      vertex 64.3401 42.9636 3
    endloop
  endfacet
  facet normal 0.146513 0.989209 -0
    outer loop
      vertex 62.1942 40.0701 0
      vertex 61.9903 40.1003 3
      vertex 62.1942 40.0701 3
    endloop
  endfacet
  facet normal 0.146513 0.989209 0
    outer loop
      vertex 61.9903 40.1003 3
      vertex 62.1942 40.0701 0
      vertex 61.9903 40.1003 0
    endloop
  endfacet
  facet normal -0.671561 0.740949 0
    outer loop
      vertex 63.8849 40.6751 0
      vertex 63.7322 40.5367 3
      vertex 63.8849 40.6751 3
    endloop
  endfacet
  facet normal -0.671561 0.740949 0
    outer loop
      vertex 63.7322 40.5367 3
      vertex 63.8849 40.6751 0
      vertex 63.7322 40.5367 0
    endloop
  endfacet
  facet normal 0.0490178 0.998798 -0
    outer loop
      vertex 62.4 40.06 0
      vertex 62.1942 40.0701 3
      vertex 62.4 40.06 3
    endloop
  endfacet
  facet normal 0.0490178 0.998798 0
    outer loop
      vertex 62.1942 40.0701 3
      vertex 62.4 40.06 0
      vertex 62.1942 40.0701 0
    endloop
  endfacet
  facet normal 0.740949 -0.671561 0
    outer loop
      vertex 60.7767 43.4922 3
      vertex 60.9151 43.6449 0
      vertex 60.9151 43.6449 3
    endloop
  endfacet
  facet normal 0.740949 -0.671561 0
    outer loop
      vertex 60.9151 43.6449 0
      vertex 60.7767 43.4922 3
      vertex 60.7767 43.4922 0
    endloop
  endfacet
  facet normal 0.146513 -0.989209 0
    outer loop
      vertex 61.9903 44.2197 0
      vertex 62.1942 44.2499 3
      vertex 61.9903 44.2197 3
    endloop
  endfacet
  facet normal 0.146513 -0.989209 0
    outer loop
      vertex 62.1942 44.2499 3
      vertex 61.9903 44.2197 0
      vertex 62.1942 44.2499 0
    endloop
  endfacet
  facet normal 0.904014 -0.427502 0
    outer loop
      vertex 60.4599 42.9636 3
      vertex 60.548 43.1499 0
      vertex 60.548 43.1499 3
    endloop
  endfacet
  facet normal 0.904014 -0.427502 0
    outer loop
      vertex 60.548 43.1499 0
      vertex 60.4599 42.9636 3
      vertex 60.4599 42.9636 0
    endloop
  endfacet
  facet normal 0.970114 -0.24265 0
    outer loop
      vertex 60.3404 42.5697 3
      vertex 60.3904 42.7696 0
      vertex 60.3904 42.7696 3
    endloop
  endfacet
  facet normal 0.970114 -0.24265 0
    outer loop
      vertex 60.3904 42.7696 0
      vertex 60.3404 42.5697 3
      vertex 60.3404 42.5697 0
    endloop
  endfacet
  facet normal -0.243106 -0.97 0
    outer loop
      vertex 62.8097 44.2197 0
      vertex 63.0096 44.1696 3
      vertex 62.8097 44.2197 3
    endloop
  endfacet
  facet normal -0.243106 -0.97 -0
    outer loop
      vertex 63.0096 44.1696 3
      vertex 62.8097 44.2197 0
      vertex 63.0096 44.1696 0
    endloop
  endfacet
  facet normal 0.970114 0.24265 0
    outer loop
      vertex 60.3904 41.5504 3
      vertex 60.3404 41.7503 0
      vertex 60.3404 41.7503 3
    endloop
  endfacet
  facet normal 0.970114 0.24265 0
    outer loop
      vertex 60.3404 41.7503 0
      vertex 60.3904 41.5504 3
      vertex 60.3904 41.5504 0
    endloop
  endfacet
  facet normal 0.427502 0.904014 -0
    outer loop
      vertex 61.5964 40.2199 0
      vertex 61.4101 40.308 3
      vertex 61.5964 40.2199 3
    endloop
  endfacet
  facet normal 0.427502 0.904014 0
    outer loop
      vertex 61.4101 40.308 3
      vertex 61.5964 40.2199 0
      vertex 61.4101 40.308 0
    endloop
  endfacet
  facet normal 0.740949 0.671561 0
    outer loop
      vertex 60.9151 40.6751 3
      vertex 60.7767 40.8278 0
      vertex 60.7767 40.8278 3
    endloop
  endfacet
  facet normal 0.740949 0.671561 0
    outer loop
      vertex 60.7767 40.8278 0
      vertex 60.9151 40.6751 3
      vertex 60.9151 40.6751 0
    endloop
  endfacet
  facet normal -0.0490178 0.998798 0
    outer loop
      vertex 62.6058 40.0701 0
      vertex 62.4 40.06 3
      vertex 62.6058 40.0701 3
    endloop
  endfacet
  facet normal -0.0490178 0.998798 0
    outer loop
      vertex 62.4 40.06 3
      vertex 62.6058 40.0701 0
      vertex 62.4 40.06 0
    endloop
  endfacet
  facet normal 0.989138 0.146988 0
    outer loop
      vertex 60.3404 41.7503 3
      vertex 60.3101 41.9542 0
      vertex 60.3101 41.9542 3
    endloop
  endfacet
  facet normal 0.989138 0.146988 0
    outer loop
      vertex 60.3101 41.9542 0
      vertex 60.3404 41.7503 3
      vertex 60.3404 41.7503 0
    endloop
  endfacet
  facet normal -0.595877 0.803076 0
    outer loop
      vertex 63.7322 40.5367 0
      vertex 63.5667 40.4139 3
      vertex 63.7322 40.5367 3
    endloop
  endfacet
  facet normal -0.595877 0.803076 0
    outer loop
      vertex 63.5667 40.4139 3
      vertex 63.7322 40.5367 0
      vertex 63.5667 40.4139 0
    endloop
  endfacet
  facet normal 0.803076 0.595877 0
    outer loop
      vertex 60.7767 40.8278 3
      vertex 60.6539 40.9933 0
      vertex 60.6539 40.9933 3
    endloop
  endfacet
  facet normal 0.803076 0.595877 0
    outer loop
      vertex 60.6539 40.9933 0
      vertex 60.7767 40.8278 3
      vertex 60.7767 40.8278 0
    endloop
  endfacet
  facet normal 0.998798 -0.0490178 0
    outer loop
      vertex 60.3 42.16 3
      vertex 60.3101 42.3658 0
      vertex 60.3101 42.3658 3
    endloop
  endfacet
  facet normal 0.998798 -0.0490178 0
    outer loop
      vertex 60.3101 42.3658 0
      vertex 60.3 42.16 3
      vertex 60.3 42.16 0
    endloop
  endfacet
  facet normal -0.740949 0.671561 0
    outer loop
      vertex 63.8849 40.6751 0
      vertex 64.0233 40.8278 3
      vertex 64.0233 40.8278 0
    endloop
  endfacet
  facet normal -0.740949 0.671561 0
    outer loop
      vertex 64.0233 40.8278 3
      vertex 63.8849 40.6751 0
      vertex 63.8849 40.6751 3
    endloop
  endfacet
  facet normal -1 0 0
    outer loop
      vertex 6.1 -6.4 3
      vertex 6.1 6.4 25.4
      vertex 6.1 6.4 3
    endloop
  endfacet
  facet normal -1 -0 0
    outer loop
      vertex 6.1 6.4 25.4
      vertex 6.1 -6.4 3
      vertex 6.1 -6.4 25.4
    endloop
  endfacet
  facet normal 1 0 0
    outer loop
      vertex -17.1 6.4 25.4
      vertex -17.1 3 11
      vertex -17.1 6.4 3
    endloop
  endfacet
  facet normal 1 0 0
    outer loop
      vertex -17.1 6.4 25.4
      vertex -17.1 -3 11
      vertex -17.1 3 11
    endloop
  endfacet
  facet normal 1 -0 0
    outer loop
      vertex -17.1 -6.4 25.4
      vertex -17.1 -3 11
      vertex -17.1 6.4 25.4
    endloop
  endfacet
  facet normal 1 0 0
    outer loop
      vertex -17.1 -6.4 3
      vertex -17.1 -3 11
      vertex -17.1 -6.4 25.4
    endloop
  endfacet
  facet normal 1 0 0
    outer loop
      vertex -17.1 -3 11
      vertex -17.1 -6.4 3
      vertex -17.1 -3 3
    endloop
  endfacet
  facet normal 1 0 0
    outer loop
      vertex -17.1 6.4 3
      vertex -17.1 3 11
      vertex -17.1 3 3
    endloop
  endfacet
  facet normal 0 -1 0
    outer loop
      vertex -17.1 6.4 3
      vertex 6.1 6.4 25.4
      vertex -17.1 6.4 25.4
    endloop
  endfacet
  facet normal 0 -1 -0
    outer loop
      vertex 6.1 6.4 25.4
      vertex -17.1 6.4 3
      vertex 6.1 6.4 3
    endloop
  endfacet
  facet normal 0 1 -0
    outer loop
      vertex 6.1 -6.4 3
      vertex -17.1 -6.4 25.4
      vertex 6.1 -6.4 25.4
    endloop
  endfacet
  facet normal 0 1 0
    outer loop
      vertex -17.1 -6.4 25.4
      vertex 6.1 -6.4 3
      vertex -17.1 -6.4 3
    endloop
  endfacet
  facet normal 0 0 -1
    outer loop
      vertex -21.5 -3 11
      vertex -17.1 3 11
      vertex -17.1 -3 11
    endloop
  endfacet
  facet normal -0 0 -1
    outer loop
      vertex -17.1 3 11
      vertex -21.5 -3 11
      vertex -21.5 3 11
    endloop
  endfacet
  facet normal 0 -1 0
    outer loop
      vertex -21.5 3 3
      vertex -17.1 3 11
      vertex -21.5 3 11
    endloop
  endfacet
  facet normal 0 -1 -0
    outer loop
      vertex -17.1 3 11
      vertex -21.5 3 3
      vertex -17.1 3 3
    endloop
  endfacet
  facet normal 0 1 -0
    outer loop
      vertex -17.1 -3 3
      vertex -21.5 -3 11
      vertex -17.1 -3 11
    endloop
  endfacet
  facet normal 0 1 0
    outer loop
      vertex -21.5 -3 11
      vertex -17.1 -3 3
      vertex -21.5 -3 3
    endloop
  endfacet
  facet normal 0 0 -1
    outer loop
      vertex -85 -52.85 31
      vertex -82.6 -40.85 31
      vertex -82.6 -52.85 31
    endloop
  endfacet
  facet normal -0 0 -1
    outer loop
      vertex -82.6 -40.85 31
      vertex -85 -52.85 31
      vertex -85 -40.85 31
    endloop
  endfacet
  facet normal -0 0 1
    outer loop
      vertex -85 -40.85 21
      vertex -82.6 -52.85 21
      vertex -82.6 -40.85 21
    endloop
  endfacet
  facet normal 0 0 1
    outer loop
      vertex -82.6 -52.85 21
      vertex -85 -40.85 21
      vertex -85 -52.85 21
    endloop
  endfacet
  facet normal 0 -1 0
    outer loop
      vertex -85 -40.85 21
      vertex -82.6 -40.85 31
      vertex -85 -40.85 31
    endloop
  endfacet
  facet normal 0 -1 -0
    outer loop
      vertex -82.6 -40.85 31
      vertex -85 -40.85 21
      vertex -82.6 -40.85 21
    endloop
  endfacet
  facet normal 0 1 -0
    outer loop
      vertex -82.6 -52.85 21
      vertex -85 -52.85 31
      vertex -82.6 -52.85 31
    endloop
  endfacet
  facet normal 0 1 0
    outer loop
      vertex -85 -52.85 31
      vertex -82.6 -52.85 21
      vertex -85 -52.85 21
    endloop
  endfacet
  facet normal 0 -0.242962 0.970036
    outer loop
      vertex -85 31.3063 9.69377
      vertex -82.6 30.8779 9.58647
      vertex -82.6 31.3063 9.69377
    endloop
  endfacet
  facet normal 0 -0.242962 0.970036
    outer loop
      vertex -82.6 30.8779 9.58647
      vertex -85 31.3063 9.69377
      vertex -85 30.8779 9.58647
    endloop
  endfacet
  facet normal 0 0.998792 0.0491358
    outer loop
      vertex -82.6 25.5217 13.5589
      vertex -85 25.5 14
      vertex -82.6 25.5 14
    endloop
  endfacet
  facet normal 0 0.998792 0.0491358
    outer loop
      vertex -85 25.5 14
      vertex -82.6 25.5217 13.5589
      vertex -85 25.5217 13.5589
    endloop
  endfacet
  facet normal 0 -0.989174 -0.146746
    outer loop
      vertex -85 34.4783 14.4411
      vertex -82.6 34.4135 14.8779
      vertex -85 34.4135 14.8779
    endloop
  endfacet
  facet normal 0 -0.989174 -0.146746
    outer loop
      vertex -82.6 34.4135 14.8779
      vertex -85 34.4783 14.4411
      vertex -82.6 34.4783 14.4411
    endloop
  endfacet
  facet normal 0 -0.903908 0.427726
    outer loop
      vertex -85 33.9686 11.8787
      vertex -82.6 34.1575 12.2779
      vertex -85 34.1575 12.2779
    endloop
  endfacet
  facet normal 0 -0.903908 0.427726
    outer loop
      vertex -82.6 34.1575 12.2779
      vertex -85 33.9686 11.8787
      vertex -82.6 33.9686 11.8787
    endloop
  endfacet
  facet normal 0 -0.741015 -0.671488
    outer loop
      vertex -85 33.4785 16.8548
      vertex -82.6 33.182 17.182
      vertex -85 33.182 17.182
    endloop
  endfacet
  facet normal 0 -0.741015 -0.671488
    outer loop
      vertex -82.6 33.182 17.182
      vertex -85 33.4785 16.8548
      vertex -82.6 33.4785 16.8548
    endloop
  endfacet
  facet normal 0 -0.336879 0.941548
    outer loop
      vertex -85 31.7221 9.84254
      vertex -82.6 31.3063 9.69377
      vertex -82.6 31.7221 9.84254
    endloop
  endfacet
  facet normal 0 -0.336879 0.941548
    outer loop
      vertex -82.6 31.3063 9.69377
      vertex -85 31.7221 9.84254
      vertex -85 31.3063 9.69377
    endloop
  endfacet
  facet normal 0 0.595753 -0.803168
    outer loop
      vertex -85 27.1452 17.4785
      vertex -82.6 27.4999 17.7416
      vertex -82.6 27.1452 17.4785
    endloop
  endfacet
  facet normal 0 0.595753 -0.803168
    outer loop
      vertex -82.6 27.4999 17.7416
      vertex -85 27.1452 17.4785
      vertex -85 27.4999 17.7416
    endloop
  endfacet
  facet normal 0 -0.049068 0.998795
    outer loop
      vertex -85 30.4411 9.52167
      vertex -82.6 30 9.5
      vertex -82.6 30.4411 9.52167
    endloop
  endfacet
  facet normal 0 -0.049068 0.998795
    outer loop
      vertex -82.6 30 9.5
      vertex -85 30.4411 9.52167
      vertex -85 30 9.5
    endloop
  endfacet
  facet normal 0 -0.741015 0.671488
    outer loop
      vertex -85 33.182 10.818
      vertex -82.6 33.4785 11.1452
      vertex -85 33.4785 11.1452
    endloop
  endfacet
  facet normal 0 -0.741015 0.671488
    outer loop
      vertex -82.6 33.4785 11.1452
      vertex -85 33.182 10.818
      vertex -82.6 33.182 10.818
    endloop
  endfacet
  facet normal -0 0.336879 0.941548
    outer loop
      vertex -85 28.6937 9.69377
      vertex -82.6 28.2779 9.84254
      vertex -82.6 28.6937 9.69377
    endloop
  endfacet
  facet normal 0 0.336879 0.941548
    outer loop
      vertex -82.6 28.2779 9.84254
      vertex -85 28.6937 9.69377
      vertex -85 28.2779 9.84254
    endloop
  endfacet
  facet normal 0 -0.857773 0.514029
    outer loop
      vertex -85 33.7416 11.4999
      vertex -82.6 33.9686 11.8787
      vertex -85 33.9686 11.8787
    endloop
  endfacet
  facet normal 0 -0.857773 0.514029
    outer loop
      vertex -82.6 33.9686 11.8787
      vertex -85 33.7416 11.4999
      vertex -82.6 33.7416 11.4999
    endloop
  endfacet
  facet normal -0 0.049068 0.998795
    outer loop
      vertex -85 30 9.5
      vertex -82.6 29.5589 9.52167
      vertex -82.6 30 9.5
    endloop
  endfacet
  facet normal 0 0.049068 0.998795
    outer loop
      vertex -82.6 29.5589 9.52167
      vertex -85 30 9.5
      vertex -85 29.5589 9.52167
    endloop
  endfacet
  facet normal 0 -0.941598 0.336738
    outer loop
      vertex -85 34.1575 12.2779
      vertex -82.6 34.3062 12.6937
      vertex -85 34.3062 12.6937
    endloop
  endfacet
  facet normal 0 -0.941598 0.336738
    outer loop
      vertex -82.6 34.3062 12.6937
      vertex -85 34.1575 12.2779
      vertex -82.6 34.1575 12.2779
    endloop
  endfacet
  facet normal -0 0.146746 0.989174
    outer loop
      vertex -85 29.5589 9.52167
      vertex -82.6 29.1221 9.58647
      vertex -82.6 29.5589 9.52167
    endloop
  endfacet
  facet normal 0 0.146746 0.989174
    outer loop
      vertex -82.6 29.1221 9.58647
      vertex -85 29.5589 9.52167
      vertex -85 29.1221 9.58647
    endloop
  endfacet
  facet normal 0 -0.941598 -0.336738
    outer loop
      vertex -85 34.3062 15.3063
      vertex -82.6 34.1575 15.7221
      vertex -85 34.1575 15.7221
    endloop
  endfacet
  facet normal 0 -0.941598 -0.336738
    outer loop
      vertex -82.6 34.1575 15.7221
      vertex -85 34.3062 15.3063
      vertex -82.6 34.3062 15.3063
    endloop
  endfacet
  facet normal 0 -0.970036 -0.242962
    outer loop
      vertex -85 34.4135 14.8779
      vertex -82.6 34.3062 15.3063
      vertex -85 34.3062 15.3063
    endloop
  endfacet
  facet normal 0 -0.970036 -0.242962
    outer loop
      vertex -82.6 34.3062 15.3063
      vertex -85 34.4135 14.8779
      vertex -82.6 34.4135 14.8779
    endloop
  endfacet
  facet normal -0 0.427652 0.903943
    outer loop
      vertex -85 28.2779 9.84254
      vertex -82.6 27.8787 10.0314
      vertex -82.6 28.2779 9.84254
    endloop
  endfacet
  facet normal 0 0.427652 0.903943
    outer loop
      vertex -82.6 27.8787 10.0314
      vertex -85 28.2779 9.84254
      vertex -85 27.8787 10.0314
    endloop
  endfacet
  facet normal -0 0.242962 0.970036
    outer loop
      vertex -85 29.1221 9.58647
      vertex -82.6 28.6937 9.69377
      vertex -82.6 29.1221 9.58647
    endloop
  endfacet
  facet normal 0 0.242962 0.970036
    outer loop
      vertex -82.6 28.6937 9.69377
      vertex -85 29.1221 9.58647
      vertex -85 28.6937 9.69377
    endloop
  endfacet
  facet normal 0 0.970036 -0.242962
    outer loop
      vertex -82.6 25.5865 14.8779
      vertex -85 25.6938 15.3063
      vertex -82.6 25.6938 15.3063
    endloop
  endfacet
  facet normal 0 0.970036 -0.242962
    outer loop
      vertex -85 25.6938 15.3063
      vertex -82.6 25.5865 14.8779
      vertex -85 25.5865 14.8779
    endloop
  endfacet
  facet normal 0 -0.989174 0.146746
    outer loop
      vertex -85 34.4135 13.1221
      vertex -82.6 34.4783 13.5589
      vertex -85 34.4783 13.5589
    endloop
  endfacet
  facet normal 0 -0.989174 0.146746
    outer loop
      vertex -82.6 34.4783 13.5589
      vertex -85 34.4135 13.1221
      vertex -82.6 34.4135 13.1221
    endloop
  endfacet
  facet normal 0 -0.514029 -0.857773
    outer loop
      vertex -85 32.1213 17.9686
      vertex -82.6 32.5001 17.7416
      vertex -82.6 32.1213 17.9686
    endloop
  endfacet
  facet normal -0 -0.514029 -0.857773
    outer loop
      vertex -82.6 32.5001 17.7416
      vertex -85 32.1213 17.9686
      vertex -85 32.5001 17.7416
    endloop
  endfacet
  facet normal 0 0.857773 0.514029
    outer loop
      vertex -82.6 26.2584 11.4999
      vertex -85 26.0314 11.8787
      vertex -82.6 26.0314 11.8787
    endloop
  endfacet
  facet normal 0 0.857773 0.514029
    outer loop
      vertex -85 26.0314 11.8787
      vertex -82.6 26.2584 11.4999
      vertex -85 26.2584 11.4999
    endloop
  endfacet
  facet normal 0 -0.803168 -0.595753
    outer loop
      vertex -85 33.7416 16.5001
      vertex -82.6 33.4785 16.8548
      vertex -85 33.4785 16.8548
    endloop
  endfacet
  facet normal 0 -0.803168 -0.595753
    outer loop
      vertex -82.6 33.4785 16.8548
      vertex -85 33.7416 16.5001
      vertex -82.6 33.7416 16.5001
    endloop
  endfacet
  facet normal 0 0.427726 -0.903908
    outer loop
      vertex -85 27.8787 17.9686
      vertex -82.6 28.2779 18.1575
      vertex -82.6 27.8787 17.9686
    endloop
  endfacet
  facet normal 0 0.427726 -0.903908
    outer loop
      vertex -82.6 28.2779 18.1575
      vertex -85 27.8787 17.9686
      vertex -85 28.2779 18.1575
    endloop
  endfacet
  facet normal 0 -0.427652 0.903943
    outer loop
      vertex -85 32.1213 10.0314
      vertex -82.6 31.7221 9.84254
      vertex -82.6 32.1213 10.0314
    endloop
  endfacet
  facet normal 0 -0.427652 0.903943
    outer loop
      vertex -82.6 31.7221 9.84254
      vertex -85 32.1213 10.0314
      vertex -85 31.7221 9.84254
    endloop
  endfacet
  facet normal 0 0.803168 -0.595753
    outer loop
      vertex -82.6 26.2584 16.5001
      vertex -85 26.5215 16.8548
      vertex -82.6 26.5215 16.8548
    endloop
  endfacet
  facet normal 0 0.803168 -0.595753
    outer loop
      vertex -85 26.5215 16.8548
      vertex -82.6 26.2584 16.5001
      vertex -85 26.2584 16.5001
    endloop
  endfacet
  facet normal 0 -0.146746 0.989174
    outer loop
      vertex -85 30.8779 9.58647
      vertex -82.6 30.4411 9.52167
      vertex -82.6 30.8779 9.58647
    endloop
  endfacet
  facet normal 0 -0.146746 0.989174
    outer loop
      vertex -82.6 30.4411 9.52167
      vertex -85 30.8779 9.58647
      vertex -85 30.4411 9.52167
    endloop
  endfacet
  facet normal 0 0.857773 -0.514029
    outer loop
      vertex -82.6 26.0314 16.1213
      vertex -85 26.2584 16.5001
      vertex -82.6 26.2584 16.5001
    endloop
  endfacet
  facet normal 0 0.857773 -0.514029
    outer loop
      vertex -85 26.2584 16.5001
      vertex -82.6 26.0314 16.1213
      vertex -85 26.0314 16.1213
    endloop
  endfacet
  facet normal 0 0.242962 -0.970036
    outer loop
      vertex -85 28.6937 18.3062
      vertex -82.6 29.1221 18.4135
      vertex -82.6 28.6937 18.3062
    endloop
  endfacet
  facet normal 0 0.242962 -0.970036
    outer loop
      vertex -82.6 29.1221 18.4135
      vertex -85 28.6937 18.3062
      vertex -85 29.1221 18.4135
    endloop
  endfacet
  facet normal 0 0.146746 -0.989174
    outer loop
      vertex -85 29.1221 18.4135
      vertex -82.6 29.5589 18.4783
      vertex -82.6 29.1221 18.4135
    endloop
  endfacet
  facet normal 0 0.146746 -0.989174
    outer loop
      vertex -82.6 29.5589 18.4783
      vertex -85 29.1221 18.4135
      vertex -85 29.5589 18.4783
    endloop
  endfacet
  facet normal 0 -0.0491358 -0.998792
    outer loop
      vertex -85 30 18.5
      vertex -82.6 30.4411 18.4783
      vertex -82.6 30 18.5
    endloop
  endfacet
  facet normal -0 -0.0491358 -0.998792
    outer loop
      vertex -82.6 30.4411 18.4783
      vertex -85 30 18.5
      vertex -85 30.4411 18.4783
    endloop
  endfacet
  facet normal 0 0.336738 -0.941598
    outer loop
      vertex -85 28.2779 18.1575
      vertex -82.6 28.6937 18.3062
      vertex -82.6 28.2779 18.1575
    endloop
  endfacet
  facet normal 0 0.336738 -0.941598
    outer loop
      vertex -82.6 28.6937 18.3062
      vertex -85 28.2779 18.1575
      vertex -85 28.6937 18.3062
    endloop
  endfacet
  facet normal -0 0.671488 0.741015
    outer loop
      vertex -85 27.1452 10.5215
      vertex -82.6 26.818 10.818
      vertex -82.6 27.1452 10.5215
    endloop
  endfacet
  facet normal 0 0.671488 0.741015
    outer loop
      vertex -82.6 26.818 10.818
      vertex -85 27.1452 10.5215
      vertex -85 26.818 10.818
    endloop
  endfacet
  facet normal 0 0.941598 0.336738
    outer loop
      vertex -82.6 25.8425 12.2779
      vertex -85 25.6938 12.6937
      vertex -82.6 25.6938 12.6937
    endloop
  endfacet
  facet normal 0 0.941598 0.336738
    outer loop
      vertex -85 25.6938 12.6937
      vertex -82.6 25.8425 12.2779
      vertex -85 25.8425 12.2779
    endloop
  endfacet
  facet normal 0 -0.998792 0.0491358
    outer loop
      vertex -85 34.4783 13.5589
      vertex -82.6 34.5 14
      vertex -85 34.5 14
    endloop
  endfacet
  facet normal 0 -0.998792 0.0491358
    outer loop
      vertex -82.6 34.5 14
      vertex -85 34.4783 13.5589
      vertex -82.6 34.4783 13.5589
    endloop
  endfacet
  facet normal 0 -0.146746 -0.989174
    outer loop
      vertex -85 30.4411 18.4783
      vertex -82.6 30.8779 18.4135
      vertex -82.6 30.4411 18.4783
    endloop
  endfacet
  facet normal -0 -0.146746 -0.989174
    outer loop
      vertex -82.6 30.8779 18.4135
      vertex -85 30.4411 18.4783
      vertex -85 30.8779 18.4135
    endloop
  endfacet
  facet normal -0 0.514029 0.857773
    outer loop
      vertex -85 27.8787 10.0314
      vertex -82.6 27.4999 10.2584
      vertex -82.6 27.8787 10.0314
    endloop
  endfacet
  facet normal 0 0.514029 0.857773
    outer loop
      vertex -82.6 27.4999 10.2584
      vertex -85 27.8787 10.0314
      vertex -85 27.4999 10.2584
    endloop
  endfacet
  facet normal 0 -0.803168 0.595753
    outer loop
      vertex -85 33.4785 11.1452
      vertex -82.6 33.7416 11.4999
      vertex -85 33.7416 11.4999
    endloop
  endfacet
  facet normal 0 -0.803168 0.595753
    outer loop
      vertex -82.6 33.7416 11.4999
      vertex -85 33.4785 11.1452
      vertex -82.6 33.4785 11.1452
    endloop
  endfacet
  facet normal 0 0.903908 0.427726
    outer loop
      vertex -82.6 26.0314 11.8787
      vertex -85 25.8425 12.2779
      vertex -82.6 25.8425 12.2779
    endloop
  endfacet
  facet normal 0 0.903908 0.427726
    outer loop
      vertex -85 25.8425 12.2779
      vertex -82.6 26.0314 11.8787
      vertex -85 26.0314 11.8787
    endloop
  endfacet
  facet normal 0 -0.857773 -0.514029
    outer loop
      vertex -85 33.9686 16.1213
      vertex -82.6 33.7416 16.5001
      vertex -85 33.7416 16.5001
    endloop
  endfacet
  facet normal 0 -0.857773 -0.514029
    outer loop
      vertex -82.6 33.7416 16.5001
      vertex -85 33.9686 16.1213
      vertex -82.6 33.9686 16.1213
    endloop
  endfacet
  facet normal 0 -0.514029 0.857773
    outer loop
      vertex -85 32.5001 10.2584
      vertex -82.6 32.1213 10.0314
      vertex -82.6 32.5001 10.2584
    endloop
  endfacet
  facet normal 0 -0.514029 0.857773
    outer loop
      vertex -82.6 32.1213 10.0314
      vertex -85 32.5001 10.2584
      vertex -85 32.1213 10.0314
    endloop
  endfacet
  facet normal 0 -0.242962 -0.970036
    outer loop
      vertex -85 30.8779 18.4135
      vertex -82.6 31.3063 18.3062
      vertex -82.6 30.8779 18.4135
    endloop
  endfacet
  facet normal -0 -0.242962 -0.970036
    outer loop
      vertex -82.6 31.3063 18.3062
      vertex -85 30.8779 18.4135
      vertex -85 31.3063 18.3062
    endloop
  endfacet
  facet normal 0 0.941598 -0.336738
    outer loop
      vertex -82.6 25.6938 15.3063
      vertex -85 25.8425 15.7221
      vertex -82.6 25.8425 15.7221
    endloop
  endfacet
  facet normal 0 0.941598 -0.336738
    outer loop
      vertex -85 25.8425 15.7221
      vertex -82.6 25.6938 15.3063
      vertex -85 25.6938 15.3063
    endloop
  endfacet
  facet normal 0 -0.427726 -0.903908
    outer loop
      vertex -85 31.7221 18.1575
      vertex -82.6 32.1213 17.9686
      vertex -82.6 31.7221 18.1575
    endloop
  endfacet
  facet normal -0 -0.427726 -0.903908
    outer loop
      vertex -82.6 32.1213 17.9686
      vertex -85 31.7221 18.1575
      vertex -85 32.1213 17.9686
    endloop
  endfacet
  facet normal 0 0.514029 -0.857773
    outer loop
      vertex -85 27.4999 17.7416
      vertex -82.6 27.8787 17.9686
      vertex -82.6 27.4999 17.7416
    endloop
  endfacet
  facet normal 0 0.514029 -0.857773
    outer loop
      vertex -82.6 27.8787 17.9686
      vertex -85 27.4999 17.7416
      vertex -85 27.8787 17.9686
    endloop
  endfacet
  facet normal 0 -0.970036 0.242962
    outer loop
      vertex -85 34.3062 12.6937
      vertex -82.6 34.4135 13.1221
      vertex -85 34.4135 13.1221
    endloop
  endfacet
  facet normal 0 -0.970036 0.242962
    outer loop
      vertex -82.6 34.4135 13.1221
      vertex -85 34.3062 12.6937
      vertex -82.6 34.3062 12.6937
    endloop
  endfacet
  facet normal 0 -0.595753 0.803168
    outer loop
      vertex -85 32.8548 10.5215
      vertex -82.6 32.5001 10.2584
      vertex -82.6 32.8548 10.5215
    endloop
  endfacet
  facet normal 0 -0.595753 0.803168
    outer loop
      vertex -82.6 32.5001 10.2584
      vertex -85 32.8548 10.5215
      vertex -85 32.5001 10.2584
    endloop
  endfacet
  facet normal 0 -0.671488 0.741015
    outer loop
      vertex -85 33.182 10.818
      vertex -82.6 32.8548 10.5215
      vertex -82.6 33.182 10.818
    endloop
  endfacet
  facet normal 0 -0.671488 0.741015
    outer loop
      vertex -82.6 32.8548 10.5215
      vertex -85 33.182 10.818
      vertex -85 32.8548 10.5215
    endloop
  endfacet
  facet normal 0 -0.903908 -0.427726
    outer loop
      vertex -85 34.1575 15.7221
      vertex -82.6 33.9686 16.1213
      vertex -85 33.9686 16.1213
    endloop
  endfacet
  facet normal 0 -0.903908 -0.427726
    outer loop
      vertex -82.6 33.9686 16.1213
      vertex -85 34.1575 15.7221
      vertex -82.6 34.1575 15.7221
    endloop
  endfacet
  facet normal -0 0.595753 0.803168
    outer loop
      vertex -85 27.4999 10.2584
      vertex -82.6 27.1452 10.5215
      vertex -82.6 27.4999 10.2584
    endloop
  endfacet
  facet normal 0 0.595753 0.803168
    outer loop
      vertex -82.6 27.1452 10.5215
      vertex -85 27.4999 10.2584
      vertex -85 27.1452 10.5215
    endloop
  endfacet
  facet normal 0 -0.998792 -0.0491358
    outer loop
      vertex -85 34.5 14
      vertex -82.6 34.4783 14.4411
      vertex -85 34.4783 14.4411
    endloop
  endfacet
  facet normal 0 -0.998792 -0.0491358
    outer loop
      vertex -82.6 34.4783 14.4411
      vertex -85 34.5 14
      vertex -82.6 34.5 14
    endloop
  endfacet
  facet normal 0 -0.595753 -0.803168
    outer loop
      vertex -85 32.5001 17.7416
      vertex -82.6 32.8548 17.4785
      vertex -82.6 32.5001 17.7416
    endloop
  endfacet
  facet normal -0 -0.595753 -0.803168
    outer loop
      vertex -82.6 32.8548 17.4785
      vertex -85 32.5001 17.7416
      vertex -85 32.8548 17.4785
    endloop
  endfacet
  facet normal 0 0.671488 -0.741015
    outer loop
      vertex -85 26.818 17.182
      vertex -82.6 27.1452 17.4785
      vertex -82.6 26.818 17.182
    endloop
  endfacet
  facet normal 0 0.671488 -0.741015
    outer loop
      vertex -82.6 27.1452 17.4785
      vertex -85 26.818 17.182
      vertex -85 27.1452 17.4785
    endloop
  endfacet
  facet normal 0 0.989174 0.146746
    outer loop
      vertex -82.6 25.5865 13.1221
      vertex -85 25.5217 13.5589
      vertex -82.6 25.5217 13.5589
    endloop
  endfacet
  facet normal 0 0.989174 0.146746
    outer loop
      vertex -85 25.5217 13.5589
      vertex -82.6 25.5865 13.1221
      vertex -85 25.5865 13.1221
    endloop
  endfacet
  facet normal 0 0.970036 0.242962
    outer loop
      vertex -82.6 25.6938 12.6937
      vertex -85 25.5865 13.1221
      vertex -82.6 25.5865 13.1221
    endloop
  endfacet
  facet normal 0 0.970036 0.242962
    outer loop
      vertex -85 25.5865 13.1221
      vertex -82.6 25.6938 12.6937
      vertex -85 25.6938 12.6937
    endloop
  endfacet
  facet normal 0 -0.336738 -0.941598
    outer loop
      vertex -85 31.3063 18.3062
      vertex -82.6 31.7221 18.1575
      vertex -82.6 31.3063 18.3062
    endloop
  endfacet
  facet normal -0 -0.336738 -0.941598
    outer loop
      vertex -82.6 31.7221 18.1575
      vertex -85 31.3063 18.3062
      vertex -85 31.7221 18.1575
    endloop
  endfacet
  facet normal 0 0.741015 -0.671488
    outer loop
      vertex -82.6 26.5215 16.8548
      vertex -85 26.818 17.182
      vertex -82.6 26.818 17.182
    endloop
  endfacet
  facet normal 0 0.741015 -0.671488
    outer loop
      vertex -85 26.818 17.182
      vertex -82.6 26.5215 16.8548
      vertex -85 26.5215 16.8548
    endloop
  endfacet
  facet normal 0 0.0491358 -0.998792
    outer loop
      vertex -85 29.5589 18.4783
      vertex -82.6 30 18.5
      vertex -82.6 29.5589 18.4783
    endloop
  endfacet
  facet normal 0 0.0491358 -0.998792
    outer loop
      vertex -82.6 30 18.5
      vertex -85 29.5589 18.4783
      vertex -85 30 18.5
    endloop
  endfacet
  facet normal 0 0.803168 0.595753
    outer loop
      vertex -82.6 26.5215 11.1452
      vertex -85 26.2584 11.4999
      vertex -82.6 26.2584 11.4999
    endloop
  endfacet
  facet normal 0 0.803168 0.595753
    outer loop
      vertex -85 26.2584 11.4999
      vertex -82.6 26.5215 11.1452
      vertex -85 26.5215 11.1452
    endloop
  endfacet
  facet normal 0 0.903908 -0.427726
    outer loop
      vertex -82.6 25.8425 15.7221
      vertex -85 26.0314 16.1213
      vertex -82.6 26.0314 16.1213
    endloop
  endfacet
  facet normal 0 0.903908 -0.427726
    outer loop
      vertex -85 26.0314 16.1213
      vertex -82.6 25.8425 15.7221
      vertex -85 25.8425 15.7221
    endloop
  endfacet
  facet normal 0 0.741015 0.671488
    outer loop
      vertex -82.6 26.818 10.818
      vertex -85 26.5215 11.1452
      vertex -82.6 26.5215 11.1452
    endloop
  endfacet
  facet normal 0 0.741015 0.671488
    outer loop
      vertex -85 26.5215 11.1452
      vertex -82.6 26.818 10.818
      vertex -85 26.818 10.818
    endloop
  endfacet
  facet normal 0 -0.671488 -0.741015
    outer loop
      vertex -85 32.8548 17.4785
      vertex -82.6 33.182 17.182
      vertex -82.6 32.8548 17.4785
    endloop
  endfacet
  facet normal -0 -0.671488 -0.741015
    outer loop
      vertex -82.6 33.182 17.182
      vertex -85 32.8548 17.4785
      vertex -85 33.182 17.182
    endloop
  endfacet
  facet normal 0 0.989174 -0.146746
    outer loop
      vertex -82.6 25.5217 14.4411
      vertex -85 25.5865 14.8779
      vertex -82.6 25.5865 14.8779
    endloop
  endfacet
  facet normal 0 0.989174 -0.146746
    outer loop
      vertex -85 25.5865 14.8779
      vertex -82.6 25.5217 14.4411
      vertex -85 25.5217 14.4411
    endloop
  endfacet
  facet normal 0 0.998792 -0.0491358
    outer loop
      vertex -82.6 25.5 14
      vertex -85 25.5217 14.4411
      vertex -82.6 25.5217 14.4411
    endloop
  endfacet
  facet normal 0 0.998792 -0.0491358
    outer loop
      vertex -85 25.5217 14.4411
      vertex -82.6 25.5 14
      vertex -85 25.5 14
    endloop
  endfacet
endsolid OpenSCAD_Model
