solid OpenSCAD_Model
  facet normal 0.998794 -0.0490974 0
    outer loop
      vertex -16.95 0 1.69
      vertex -16.9394 0.215637 0
      vertex -16.9394 0.215637 1.69
    endloop
  endfacet
  facet normal 0.998794 -0.0490974 0
    outer loop
      vertex -16.9394 0.215637 0
      vertex -16.95 0 1.69
      vertex -16.95 0 0
    endloop
  endfacet
  facet normal -0.10847 -0.9941 0
    outer loop
      vertex 0.372464 3.7817 0
      vertex 14.9656 2.18939 1.69
      vertex 0.372464 3.7817 1.69
    endloop
  endfacet
  facet normal -0.10847 -0.9941 -0
    outer loop
      vertex 14.9656 2.18939 1.69
      vertex 0.372464 3.7817 0
      vertex 14.9656 2.18939 0
    endloop
  endfacet
  facet normal -0.514291 -0.857616 0
    outer loop
      vertex 15.7871 1.94022 0
      vertex 15.9722 1.82922 1.69
      vertex 15.7871 1.94022 1.69
    endloop
  endfacet
  facet normal -0.514291 -0.857616 -0
    outer loop
      vertex 15.9722 1.82922 1.69
      vertex 15.7871 1.94022 0
      vertex 15.9722 1.82922 0
    endloop
  endfacet
  facet normal 0.741192 -0.671293 0
    outer loop
      vertex -16.4506 1.39566 1.69
      vertex -16.3561 1.5 0
      vertex -16.3561 1.5 1.69
    endloop
  endfacet
  facet normal 0.741192 -0.671293 0
    outer loop
      vertex -16.3561 1.5 0
      vertex -16.4506 1.39566 1.69
      vertex -16.4506 1.39566 0
    endloop
  endfacet
  facet normal -0.0490731 0.998795 0
    outer loop
      vertex 0.372464 -3.7817 0
      vertex 0 -3.8 1.69
      vertex 0.372464 -3.7817 1.69
    endloop
  endfacet
  facet normal -0.0490731 0.998795 0
    outer loop
      vertex 0 -3.8 1.69
      vertex 0.372464 -3.7817 0
      vertex 0 -3.8 0
    endloop
  endfacet
  facet normal 0.0490731 -0.998795 0
    outer loop
      vertex -0.372464 3.7817 0
      vertex 0 3.8 1.69
      vertex -0.372464 3.7817 1.69
    endloop
  endfacet
  facet normal 0.0490731 -0.998795 0
    outer loop
      vertex 0 3.8 1.69
      vertex -0.372464 3.7817 0
      vertex 0 3.8 0
    endloop
  endfacet
  facet normal 0.14671 0.98918 -0
    outer loop
      vertex -14.9656 -2.18939 0
      vertex -15.1792 -2.15771 1.69
      vertex -14.9656 -2.18939 1.69
    endloop
  endfacet
  facet normal 0.14671 0.98918 0
    outer loop
      vertex -15.1792 -2.15771 1.69
      vertex -14.9656 -2.18939 0
      vertex -15.1792 -2.15771 0
    endloop
  endfacet
  facet normal -0.857714 0.514128 0
    outer loop
      vertex 16.5792 -1.22224 0
      vertex 16.6902 -1.03706 1.69
      vertex 16.6902 -1.03706 0
    endloop
  endfacet
  facet normal -0.857714 0.514128 0
    outer loop
      vertex 16.6902 -1.03706 1.69
      vertex 16.5792 -1.22224 0
      vertex 16.5792 -1.22224 1.69
    endloop
  endfacet
  facet normal -0.514291 0.857616 0
    outer loop
      vertex 15.9722 -1.82922 0
      vertex 15.7871 -1.94022 1.69
      vertex 15.9722 -1.82922 1.69
    endloop
  endfacet
  facet normal -0.514291 0.857616 0
    outer loop
      vertex 15.7871 -1.94022 1.69
      vertex 15.9722 -1.82922 0
      vertex 15.7871 -1.94022 0
    endloop
  endfacet
  facet normal 0.595471 0.803377 -0
    outer loop
      vertex -15.9722 -1.82922 0
      vertex -16.1457 -1.70062 1.69
      vertex -15.9722 -1.82922 1.69
    endloop
  endfacet
  facet normal 0.595471 0.803377 0
    outer loop
      vertex -16.1457 -1.70062 1.69
      vertex -15.9722 -1.82922 0
      vertex -16.1457 -1.70062 0
    endloop
  endfacet
  facet normal -0.970099 0.242708 0
    outer loop
      vertex 16.8553 -0.638626 0
      vertex 16.9077 -0.429184 1.69
      vertex 16.9077 -0.429184 0
    endloop
  endfacet
  facet normal -0.970099 0.242708 0
    outer loop
      vertex 16.9077 -0.429184 1.69
      vertex 16.8553 -0.638626 0
      vertex 16.8553 -0.638626 1.69
    endloop
  endfacet
  facet normal -0.0490731 -0.998795 0
    outer loop
      vertex 0 3.8 0
      vertex 0.372464 3.7817 1.69
      vertex 0 3.8 1.69
    endloop
  endfacet
  facet normal -0.0490731 -0.998795 -0
    outer loop
      vertex 0.372464 3.7817 1.69
      vertex 0 3.8 0
      vertex 0.372464 3.7817 0
    endloop
  endfacet
  facet normal -0.998794 0.0490974 0
    outer loop
      vertex 16.9394 -0.215637 0
      vertex 16.95 0 1.69
      vertex 16.95 0 0
    endloop
  endfacet
  facet normal -0.998794 0.0490974 0
    outer loop
      vertex 16.95 0 1.69
      vertex 16.9394 -0.215637 0
      vertex 16.9394 -0.215637 1.69
    endloop
  endfacet
  facet normal -0.427507 -0.904012 0
    outer loop
      vertex 15.5919 2.03253 0
      vertex 15.7871 1.94022 1.69
      vertex 15.5919 2.03253 1.69
    endloop
  endfacet
  facet normal -0.427507 -0.904012 -0
    outer loop
      vertex 15.7871 1.94022 1.69
      vertex 15.5919 2.03253 0
      vertex 15.7871 1.94022 0
    endloop
  endfacet
  facet normal -0.904006 0.427519 0
    outer loop
      vertex 16.6902 -1.03706 0
      vertex 16.7825 -0.841888 1.69
      vertex 16.7825 -0.841888 0
    endloop
  endfacet
  facet normal -0.904006 0.427519 0
    outer loop
      vertex 16.7825 -0.841888 1.69
      vertex 16.6902 -1.03706 0
      vertex 16.6902 -1.03706 1.69
    endloop
  endfacet
  facet normal -0.803245 -0.595648 0
    outer loop
      vertex 16.5792 1.22224 0
      vertex 16.4506 1.39566 1.69
      vertex 16.4506 1.39566 0
    endloop
  endfacet
  facet normal -0.803245 -0.595648 0
    outer loop
      vertex 16.4506 1.39566 1.69
      vertex 16.5792 1.22224 0
      vertex 16.5792 1.22224 1.69
    endloop
  endfacet
  facet normal 0.10847 -0.9941 0
    outer loop
      vertex -12 2.51298 0
      vertex -0.372464 3.7817 1.69
      vertex -12 2.51298 1.69
    endloop
  endfacet
  facet normal 0.10847 -0.9941 0
    outer loop
      vertex -0.372464 3.7817 1.69
      vertex -12 2.51298 0
      vertex -0.372464 3.7817 0
    endloop
  endfacet
  facet normal -0.998794 -0.0490974 0
    outer loop
      vertex 16.95 0 0
      vertex 16.9394 0.215637 1.69
      vertex 16.9394 0.215637 0
    endloop
  endfacet
  facet normal -0.998794 -0.0490974 0
    outer loop
      vertex 16.9394 0.215637 1.69
      vertex 16.95 0 0
      vertex 16.95 0 1.69
    endloop
  endfacet
  facet normal 0.0490731 0.998795 -0
    outer loop
      vertex 0 -3.8 0
      vertex -0.372464 -3.7817 1.69
      vertex 0 -3.8 1.69
    endloop
  endfacet
  facet normal 0.0490731 0.998795 0
    outer loop
      vertex -0.372464 -3.7817 1.69
      vertex 0 -3.8 0
      vertex -0.372464 -3.7817 0
    endloop
  endfacet
  facet normal -0.803245 0.595648 0
    outer loop
      vertex 16.4506 -1.39566 0
      vertex 16.5792 -1.22224 1.69
      vertex 16.5792 -1.22224 0
    endloop
  endfacet
  facet normal -0.803245 0.595648 0
    outer loop
      vertex 16.5792 -1.22224 1.69
      vertex 16.4506 -1.39566 0
      vertex 16.4506 -1.39566 1.69
    endloop
  endfacet
  facet normal -0.14671 -0.98918 0
    outer loop
      vertex 14.9656 2.18939 0
      vertex 15.1792 2.15771 1.69
      vertex 14.9656 2.18939 1.69
    endloop
  endfacet
  facet normal -0.14671 -0.98918 -0
    outer loop
      vertex 15.1792 2.15771 1.69
      vertex 14.9656 2.18939 0
      vertex 15.1792 2.15771 0
    endloop
  endfacet
  facet normal 0.857714 0.514128 0
    outer loop
      vertex -16.5792 -1.22224 1.69
      vertex -16.6902 -1.03706 0
      vertex -16.6902 -1.03706 1.69
    endloop
  endfacet
  facet normal 0.857714 0.514128 0
    outer loop
      vertex -16.6902 -1.03706 0
      vertex -16.5792 -1.22224 1.69
      vertex -16.5792 -1.22224 0
    endloop
  endfacet
  facet normal 0.803245 0.595648 0
    outer loop
      vertex -16.4506 -1.39566 1.69
      vertex -16.5792 -1.22224 0
      vertex -16.5792 -1.22224 1.69
    endloop
  endfacet
  facet normal 0.803245 0.595648 0
    outer loop
      vertex -16.5792 -1.22224 0
      vertex -16.4506 -1.39566 1.69
      vertex -16.4506 -1.39566 0
    endloop
  endfacet
  facet normal -0.10847 0.9941 0
    outer loop
      vertex 14.9656 -2.18939 0
      vertex 0.372464 -3.7817 1.69
      vertex 14.9656 -2.18939 1.69
    endloop
  endfacet
  facet normal -0.10847 0.9941 0
    outer loop
      vertex 0.372464 -3.7817 1.69
      vertex 14.9656 -2.18939 0
      vertex 0.372464 -3.7817 0
    endloop
  endfacet
  facet normal 0.970099 0.242708 0
    outer loop
      vertex -16.8553 -0.638626 1.69
      vertex -16.9077 -0.429184 0
      vertex -16.9077 -0.429184 1.69
    endloop
  endfacet
  facet normal 0.970099 0.242708 0
    outer loop
      vertex -16.9077 -0.429184 0
      vertex -16.8553 -0.638626 1.69
      vertex -16.8553 -0.638626 0
    endloop
  endfacet
  facet normal -0.336841 -0.941562 0
    outer loop
      vertex 15.3886 2.10526 0
      vertex 15.5919 2.03253 1.69
      vertex 15.3886 2.10526 1.69
    endloop
  endfacet
  facet normal -0.336841 -0.941562 -0
    outer loop
      vertex 15.5919 2.03253 1.69
      vertex 15.3886 2.10526 0
      vertex 15.5919 2.03253 0
    endloop
  endfacet
  facet normal -0.941439 0.337184 0
    outer loop
      vertex 16.7825 -0.841888 0
      vertex 16.8553 -0.638626 1.69
      vertex 16.8553 -0.638626 0
    endloop
  endfacet
  facet normal -0.941439 0.337184 0
    outer loop
      vertex 16.8553 -0.638626 1.69
      vertex 16.7825 -0.841888 0
      vertex 16.7825 -0.841888 1.69
    endloop
  endfacet
  facet normal 0.941439 -0.337184 0
    outer loop
      vertex -16.8553 0.638626 1.69
      vertex -16.7825 0.841888 0
      vertex -16.7825 0.841888 1.69
    endloop
  endfacet
  facet normal 0.941439 -0.337184 0
    outer loop
      vertex -16.7825 0.841888 0
      vertex -16.8553 0.638626 1.69
      vertex -16.8553 0.638626 0
    endloop
  endfacet
  facet normal 0.970099 -0.242708 0
    outer loop
      vertex -16.9077 0.429184 1.69
      vertex -16.8553 0.638626 0
      vertex -16.8553 0.638626 1.69
    endloop
  endfacet
  facet normal 0.970099 -0.242708 0
    outer loop
      vertex -16.8553 0.638626 0
      vertex -16.9077 0.429184 1.69
      vertex -16.9077 0.429184 0
    endloop
  endfacet
  facet normal 0.989161 -0.146836 0
    outer loop
      vertex -16.9394 0.215637 1.69
      vertex -16.9077 0.429184 0
      vertex -16.9077 0.429184 1.69
    endloop
  endfacet
  facet normal 0.989161 -0.146836 0
    outer loop
      vertex -16.9077 0.429184 0
      vertex -16.9394 0.215637 1.69
      vertex -16.9394 0.215637 0
    endloop
  endfacet
  facet normal -0.941439 -0.337184 0
    outer loop
      vertex 16.8553 0.638626 0
      vertex 16.7825 0.841888 1.69
      vertex 16.7825 0.841888 0
    endloop
  endfacet
  facet normal -0.941439 -0.337184 0
    outer loop
      vertex 16.7825 0.841888 1.69
      vertex 16.8553 0.638626 0
      vertex 16.8553 0.638626 1.69
    endloop
  endfacet
  facet normal -0.671724 0.740801 0
    outer loop
      vertex 16.3056 -1.55563 0
      vertex 16.1457 -1.70062 1.69
      vertex 16.3056 -1.55563 1.69
    endloop
  endfacet
  facet normal -0.671724 0.740801 0
    outer loop
      vertex 16.1457 -1.70062 1.69
      vertex 16.3056 -1.55563 0
      vertex 16.1457 -1.70062 0
    endloop
  endfacet
  facet normal -0.242972 -0.970033 0
    outer loop
      vertex 15.1792 2.15771 0
      vertex 15.3886 2.10526 1.69
      vertex 15.1792 2.15771 1.69
    endloop
  endfacet
  facet normal -0.242972 -0.970033 -0
    outer loop
      vertex 15.3886 2.10526 1.69
      vertex 15.1792 2.15771 0
      vertex 15.3886 2.10526 0
    endloop
  endfacet
  facet normal -0.671724 -0.740801 0
    outer loop
      vertex 16.1457 1.70062 0
      vertex 16.3056 1.55563 1.69
      vertex 16.1457 1.70062 1.69
    endloop
  endfacet
  facet normal -0.671724 -0.740801 -0
    outer loop
      vertex 16.3056 1.55563 1.69
      vertex 16.1457 1.70062 0
      vertex 16.3056 1.55563 0
    endloop
  endfacet
  facet normal -0.904006 -0.427519 0
    outer loop
      vertex 16.7825 0.841888 0
      vertex 16.6902 1.03706 1.69
      vertex 16.6902 1.03706 0
    endloop
  endfacet
  facet normal -0.904006 -0.427519 0
    outer loop
      vertex 16.6902 1.03706 1.69
      vertex 16.7825 0.841888 0
      vertex 16.7825 0.841888 1.69
    endloop
  endfacet
  facet normal 0.427507 0.904012 -0
    outer loop
      vertex -15.5919 -2.03253 0
      vertex -15.7871 -1.94022 1.69
      vertex -15.5919 -2.03253 1.69
    endloop
  endfacet
  facet normal 0.427507 0.904012 0
    outer loop
      vertex -15.7871 -1.94022 1.69
      vertex -15.5919 -2.03253 0
      vertex -15.7871 -1.94022 0
    endloop
  endfacet
  facet normal 0.803245 -0.595648 0
    outer loop
      vertex -16.5792 1.22224 1.69
      vertex -16.4506 1.39566 0
      vertex -16.4506 1.39566 1.69
    endloop
  endfacet
  facet normal 0.803245 -0.595648 0
    outer loop
      vertex -16.4506 1.39566 0
      vertex -16.5792 1.22224 1.69
      vertex -16.5792 1.22224 0
    endloop
  endfacet
  facet normal 0.10847 0.9941 -0
    outer loop
      vertex -0.372464 -3.7817 0
      vertex -14.9656 -2.18939 1.69
      vertex -0.372464 -3.7817 1.69
    endloop
  endfacet
  facet normal 0.10847 0.9941 0
    outer loop
      vertex -14.9656 -2.18939 1.69
      vertex -0.372464 -3.7817 0
      vertex -14.9656 -2.18939 0
    endloop
  endfacet
  facet normal -0.427507 0.904012 0
    outer loop
      vertex 15.7871 -1.94022 0
      vertex 15.5919 -2.03253 1.69
      vertex 15.7871 -1.94022 1.69
    endloop
  endfacet
  facet normal -0.427507 0.904012 0
    outer loop
      vertex 15.5919 -2.03253 1.69
      vertex 15.7871 -1.94022 0
      vertex 15.5919 -2.03253 0
    endloop
  endfacet
  facet normal -0.989161 0.146836 0
    outer loop
      vertex 16.9077 -0.429184 0
      vertex 16.9394 -0.215637 1.69
      vertex 16.9394 -0.215637 0
    endloop
  endfacet
  facet normal -0.989161 0.146836 0
    outer loop
      vertex 16.9394 -0.215637 1.69
      vertex 16.9077 -0.429184 0
      vertex 16.9077 -0.429184 1.69
    endloop
  endfacet
  facet normal -0.970099 -0.242708 0
    outer loop
      vertex 16.9077 0.429184 0
      vertex 16.8553 0.638626 1.69
      vertex 16.8553 0.638626 0
    endloop
  endfacet
  facet normal -0.970099 -0.242708 0
    outer loop
      vertex 16.8553 0.638626 1.69
      vertex 16.9077 0.429184 0
      vertex 16.9077 0.429184 1.69
    endloop
  endfacet
  facet normal -0.14671 0.98918 0
    outer loop
      vertex 15.1792 -2.15771 0
      vertex 14.9656 -2.18939 1.69
      vertex 15.1792 -2.15771 1.69
    endloop
  endfacet
  facet normal -0.14671 0.98918 0
    outer loop
      vertex 14.9656 -2.18939 1.69
      vertex 15.1792 -2.15771 0
      vertex 14.9656 -2.18939 0
    endloop
  endfacet
  facet normal -0.740924 -0.671589 0
    outer loop
      vertex 16.4506 1.39566 0
      vertex 16.3056 1.55563 1.69
      vertex 16.3056 1.55563 0
    endloop
  endfacet
  facet normal -0.740924 -0.671589 0
    outer loop
      vertex 16.3056 1.55563 1.69
      vertex 16.4506 1.39566 0
      vertex 16.4506 1.39566 1.69
    endloop
  endfacet
  facet normal 0.904006 -0.427519 0
    outer loop
      vertex -16.7825 0.841888 1.69
      vertex -16.6902 1.03706 0
      vertex -16.6902 1.03706 1.69
    endloop
  endfacet
  facet normal 0.904006 -0.427519 0
    outer loop
      vertex -16.6902 1.03706 0
      vertex -16.7825 0.841888 1.69
      vertex -16.7825 0.841888 0
    endloop
  endfacet
  facet normal -0.989161 -0.146836 0
    outer loop
      vertex 16.9394 0.215637 0
      vertex 16.9077 0.429184 1.69
      vertex 16.9077 0.429184 0
    endloop
  endfacet
  facet normal -0.989161 -0.146836 0
    outer loop
      vertex 16.9077 0.429184 1.69
      vertex 16.9394 0.215637 0
      vertex 16.9394 0.215637 1.69
    endloop
  endfacet
  facet normal -0.595471 0.803377 0
    outer loop
      vertex 16.1457 -1.70062 0
      vertex 15.9722 -1.82922 1.69
      vertex 16.1457 -1.70062 1.69
    endloop
  endfacet
  facet normal -0.595471 0.803377 0
    outer loop
      vertex 15.9722 -1.82922 1.69
      vertex 16.1457 -1.70062 0
      vertex 15.9722 -1.82922 0
    endloop
  endfacet
  facet normal 0.941439 0.337184 0
    outer loop
      vertex -16.7825 -0.841888 1.69
      vertex -16.8553 -0.638626 0
      vertex -16.8553 -0.638626 1.69
    endloop
  endfacet
  facet normal 0.941439 0.337184 0
    outer loop
      vertex -16.8553 -0.638626 0
      vertex -16.7825 -0.841888 1.69
      vertex -16.7825 -0.841888 0
    endloop
  endfacet
  facet normal 0.998794 0.0490974 0
    outer loop
      vertex -16.9394 -0.215637 1.69
      vertex -16.95 0 0
      vertex -16.95 0 1.69
    endloop
  endfacet
  facet normal 0.998794 0.0490974 0
    outer loop
      vertex -16.95 0 0
      vertex -16.9394 -0.215637 1.69
      vertex -16.9394 -0.215637 0
    endloop
  endfacet
  facet normal 0.857714 -0.514128 0
    outer loop
      vertex -16.6902 1.03706 1.69
      vertex -16.5792 1.22224 0
      vertex -16.5792 1.22224 1.69
    endloop
  endfacet
  facet normal 0.857714 -0.514128 0
    outer loop
      vertex -16.5792 1.22224 0
      vertex -16.6902 1.03706 1.69
      vertex -16.6902 1.03706 0
    endloop
  endfacet
  facet normal -0.336841 0.941562 0
    outer loop
      vertex 15.5919 -2.03253 0
      vertex 15.3886 -2.10526 1.69
      vertex 15.5919 -2.03253 1.69
    endloop
  endfacet
  facet normal -0.336841 0.941562 0
    outer loop
      vertex 15.3886 -2.10526 1.69
      vertex 15.5919 -2.03253 0
      vertex 15.3886 -2.10526 0
    endloop
  endfacet
  facet normal -0.242972 0.970033 0
    outer loop
      vertex 15.3886 -2.10526 0
      vertex 15.1792 -2.15771 1.69
      vertex 15.3886 -2.10526 1.69
    endloop
  endfacet
  facet normal -0.242972 0.970033 0
    outer loop
      vertex 15.1792 -2.15771 1.69
      vertex 15.3886 -2.10526 0
      vertex 15.1792 -2.15771 0
    endloop
  endfacet
  facet normal -0.857714 -0.514128 0
    outer loop
      vertex 16.6902 1.03706 0
      vertex 16.5792 1.22224 1.69
      vertex 16.5792 1.22224 0
    endloop
  endfacet
  facet normal -0.857714 -0.514128 0
    outer loop
      vertex 16.5792 1.22224 1.69
      vertex 16.6902 1.03706 0
      vertex 16.6902 1.03706 1.69
    endloop
  endfacet
  facet normal -0.740924 0.671589 0
    outer loop
      vertex 16.3056 -1.55563 0
      vertex 16.4506 -1.39566 1.69
      vertex 16.4506 -1.39566 0
    endloop
  endfacet
  facet normal -0.740924 0.671589 0
    outer loop
      vertex 16.4506 -1.39566 1.69
      vertex 16.3056 -1.55563 0
      vertex 16.3056 -1.55563 1.69
    endloop
  endfacet
  facet normal 0.671724 0.740801 -0
    outer loop
      vertex -16.1457 -1.70062 0
      vertex -16.3056 -1.55563 1.69
      vertex -16.1457 -1.70062 1.69
    endloop
  endfacet
  facet normal 0.671724 0.740801 0
    outer loop
      vertex -16.3056 -1.55563 1.69
      vertex -16.1457 -1.70062 0
      vertex -16.3056 -1.55563 0
    endloop
  endfacet
  facet normal 0 0 -1
    outer loop
      vertex 16.9394 -0.215637 1.69
      vertex 16.9394 0.215637 1.69
      vertex 16.95 0 1.69
    endloop
  endfacet
  facet normal 0 0 -1
    outer loop
      vertex 16.9077 -0.429184 1.69
      vertex 16.9394 0.215637 1.69
      vertex 16.9394 -0.215637 1.69
    endloop
  endfacet
  facet normal 0 0 -1
    outer loop
      vertex 16.9077 -0.429184 1.69
      vertex 16.9077 0.429184 1.69
      vertex 16.9394 0.215637 1.69
    endloop
  endfacet
  facet normal 0 0 -1
    outer loop
      vertex 16.8553 -0.638626 1.69
      vertex 16.9077 0.429184 1.69
      vertex 16.9077 -0.429184 1.69
    endloop
  endfacet
  facet normal 0 0 -1
    outer loop
      vertex 16.8553 -0.638626 1.69
      vertex 16.8553 0.638626 1.69
      vertex 16.9077 0.429184 1.69
    endloop
  endfacet
  facet normal 0 0 -1
    outer loop
      vertex 16.7825 -0.841888 1.69
      vertex 16.8553 0.638626 1.69
      vertex 16.8553 -0.638626 1.69
    endloop
  endfacet
  facet normal 0 0 -1
    outer loop
      vertex 16.7825 -0.841888 1.69
      vertex 16.7825 0.841888 1.69
      vertex 16.8553 0.638626 1.69
    endloop
  endfacet
  facet normal 0 0 -1
    outer loop
      vertex 16.6902 -1.03706 1.69
      vertex 16.7825 0.841888 1.69
      vertex 16.7825 -0.841888 1.69
    endloop
  endfacet
  facet normal 0 0 -1
    outer loop
      vertex 16.6902 -1.03706 1.69
      vertex 16.6902 1.03706 1.69
      vertex 16.7825 0.841888 1.69
    endloop
  endfacet
  facet normal 0 0 -1
    outer loop
      vertex 16.5792 -1.22224 1.69
      vertex 16.6902 1.03706 1.69
      vertex 16.6902 -1.03706 1.69
    endloop
  endfacet
  facet normal 0 0 -1
    outer loop
      vertex 16.5792 -1.22224 1.69
      vertex 16.5792 1.22224 1.69
      vertex 16.6902 1.03706 1.69
    endloop
  endfacet
  facet normal 0 0 -1
    outer loop
      vertex 16.4506 -1.39566 1.69
      vertex 16.5792 1.22224 1.69
      vertex 16.5792 -1.22224 1.69
    endloop
  endfacet
  facet normal 0 0 -1
    outer loop
      vertex 16.4506 -1.39566 1.69
      vertex 16.4506 1.39566 1.69
      vertex 16.5792 1.22224 1.69
    endloop
  endfacet
  facet normal 0 0 -1
    outer loop
      vertex 16.3056 -1.55563 1.69
      vertex 16.4506 1.39566 1.69
      vertex 16.4506 -1.39566 1.69
    endloop
  endfacet
  facet normal 0 0 -1
    outer loop
      vertex 16.3056 -1.55563 1.69
      vertex 16.3056 1.55563 1.69
      vertex 16.4506 1.39566 1.69
    endloop
  endfacet
  facet normal 0 0 -1
    outer loop
      vertex 16.1457 -1.70062 1.69
      vertex 16.3056 1.55563 1.69
      vertex 16.3056 -1.55563 1.69
    endloop
  endfacet
  facet normal 0 0 -1
    outer loop
      vertex 16.1457 -1.70062 1.69
      vertex 16.1457 1.70062 1.69
      vertex 16.3056 1.55563 1.69
    endloop
  endfacet
  facet normal 0 0 -1
    outer loop
      vertex 15.9722 -1.82922 1.69
      vertex 16.1457 1.70062 1.69
      vertex 16.1457 -1.70062 1.69
    endloop
  endfacet
  facet normal 0 0 -1
    outer loop
      vertex 15.9722 -1.82922 1.69
      vertex 15.9722 1.82922 1.69
      vertex 16.1457 1.70062 1.69
    endloop
  endfacet
  facet normal 0 0 -1
    outer loop
      vertex 15.7871 -1.94022 1.69
      vertex 15.9722 1.82922 1.69
      vertex 15.9722 -1.82922 1.69
    endloop
  endfacet
  facet normal 0 0 -1
    outer loop
      vertex 15.7871 -1.94022 1.69
      vertex 15.7871 1.94022 1.69
      vertex 15.9722 1.82922 1.69
    endloop
  endfacet
  facet normal 0 0 -1
    outer loop
      vertex 15.5919 -2.03253 1.69
      vertex 15.7871 1.94022 1.69
      vertex 15.7871 -1.94022 1.69
    endloop
  endfacet
  facet normal 0 0 -1
    outer loop
      vertex 15.5919 -2.03253 1.69
      vertex 15.5919 2.03253 1.69
      vertex 15.7871 1.94022 1.69
    endloop
  endfacet
  facet normal 0 0 -1
    outer loop
      vertex 15.3886 -2.10526 1.69
      vertex 15.5919 2.03253 1.69
      vertex 15.5919 -2.03253 1.69
    endloop
  endfacet
  facet normal 0 0 -1
    outer loop
      vertex 15.3886 -2.10526 1.69
      vertex 15.3886 2.10526 1.69
      vertex 15.5919 2.03253 1.69
    endloop
  endfacet
  facet normal 0 0 -1
    outer loop
      vertex 15.1792 -2.15771 1.69
      vertex 15.3886 2.10526 1.69
      vertex 15.3886 -2.10526 1.69
    endloop
  endfacet
  facet normal 0 0 -1
    outer loop
      vertex 15.1792 -2.15771 1.69
      vertex 15.1792 2.15771 1.69
      vertex 15.3886 2.10526 1.69
    endloop
  endfacet
  facet normal 0 0 -1
    outer loop
      vertex 14.9656 -2.18939 1.69
      vertex 15.1792 2.15771 1.69
      vertex 15.1792 -2.15771 1.69
    endloop
  endfacet
  facet normal 0 0 -1
    outer loop
      vertex 14.9656 -2.18939 1.69
      vertex 14.9656 2.18939 1.69
      vertex 15.1792 2.15771 1.69
    endloop
  endfacet
  facet normal 0 0 -1
    outer loop
      vertex 14.9656 -2.18939 1.69
      vertex 1.1 0 1.69
      vertex 14.9656 2.18939 1.69
    endloop
  endfacet
  facet normal 0 0 -1
    outer loop
      vertex 14.9656 -2.18939 1.69
      vertex 1.0947 -0.107819 1.69
      vertex 1.1 0 1.69
    endloop
  endfacet
  facet normal 0 0 -1
    outer loop
      vertex 14.9656 -2.18939 1.69
      vertex 1.07886 -0.214599 1.69
      vertex 1.0947 -0.107819 1.69
    endloop
  endfacet
  facet normal 0 0 -1
    outer loop
      vertex 14.9656 -2.18939 1.69
      vertex 1.05263 -0.319313 1.69
      vertex 1.07886 -0.214599 1.69
    endloop
  endfacet
  facet normal 0 0 -1
    outer loop
      vertex 14.9656 -2.18939 1.69
      vertex 1.01627 -0.420951 1.69
      vertex 1.05263 -0.319313 1.69
    endloop
  endfacet
  facet normal 0 0 -1
    outer loop
      vertex 0.372464 -3.7817 1.69
      vertex 1.01627 -0.420951 1.69
      vertex 14.9656 -2.18939 1.69
    endloop
  endfacet
  facet normal 0 0 -1
    outer loop
      vertex 1.01627 -0.420951 1.69
      vertex 0.372464 -3.7817 1.69
      vertex 0.970113 -0.518536 1.69
    endloop
  endfacet
  facet normal 0 0 -1
    outer loop
      vertex 0.970113 -0.518536 1.69
      vertex 0.372464 -3.7817 1.69
      vertex 0.914616 -0.611127 1.69
    endloop
  endfacet
  facet normal 0 0 -1
    outer loop
      vertex 0.914616 -0.611127 1.69
      vertex 0.372464 -3.7817 1.69
      vertex 0.850311 -0.697832 1.69
    endloop
  endfacet
  facet normal 0 0 -1
    outer loop
      vertex 0.850311 -0.697832 1.69
      vertex 0.372464 -3.7817 1.69
      vertex 0.777817 -0.777817 1.69
    endloop
  endfacet
  facet normal 0 0 -1
    outer loop
      vertex 0.777817 -0.777817 1.69
      vertex 0.372464 -3.7817 1.69
      vertex 0.697832 -0.850311 1.69
    endloop
  endfacet
  facet normal 0 0 -1
    outer loop
      vertex 0.697832 -0.850311 1.69
      vertex 0.372464 -3.7817 1.69
      vertex 0.611127 -0.914616 1.69
    endloop
  endfacet
  facet normal 0 0 -1
    outer loop
      vertex 0.611127 -0.914616 1.69
      vertex 0.372464 -3.7817 1.69
      vertex 0.518536 -0.970113 1.69
    endloop
  endfacet
  facet normal 0 0 -1
    outer loop
      vertex 0.518536 -0.970113 1.69
      vertex 0.372464 -3.7817 1.69
      vertex 0.420951 -1.01627 1.69
    endloop
  endfacet
  facet normal 0 0 -1
    outer loop
      vertex 0.372464 -3.7817 1.69
      vertex 0.319313 -1.05263 1.69
      vertex 0.420951 -1.01627 1.69
    endloop
  endfacet
  facet normal 0 0 -1
    outer loop
      vertex 0.372464 -3.7817 1.69
      vertex 0.214599 -1.07886 1.69
      vertex 0.319313 -1.05263 1.69
    endloop
  endfacet
  facet normal 0 0 -1
    outer loop
      vertex 0.372464 -3.7817 1.69
      vertex 0.107819 -1.0947 1.69
      vertex 0.214599 -1.07886 1.69
    endloop
  endfacet
  facet normal 0 0 -1
    outer loop
      vertex 0 -3.8 1.69
      vertex 0.107819 -1.0947 1.69
      vertex 0.372464 -3.7817 1.69
    endloop
  endfacet
  facet normal 0 0 -1
    outer loop
      vertex 0 -3.8 1.69
      vertex 0 -1.1 1.69
      vertex 0.107819 -1.0947 1.69
    endloop
  endfacet
  facet normal 0 0 -1
    outer loop
      vertex 0 -3.8 1.69
      vertex -0.107819 -1.0947 1.69
      vertex 0 -1.1 1.69
    endloop
  endfacet
  facet normal 0 0 -1
    outer loop
      vertex -0.372464 -3.7817 1.69
      vertex -0.107819 -1.0947 1.69
      vertex 0 -3.8 1.69
    endloop
  endfacet
  facet normal -0 0 -1
    outer loop
      vertex -0.107819 -1.0947 1.69
      vertex -0.372464 -3.7817 1.69
      vertex -0.214599 -1.07886 1.69
    endloop
  endfacet
  facet normal -0 0 -1
    outer loop
      vertex -0.214599 -1.07886 1.69
      vertex -0.372464 -3.7817 1.69
      vertex -0.319313 -1.05263 1.69
    endloop
  endfacet
  facet normal 0 0 -1
    outer loop
      vertex -0.372464 -3.7817 1.69
      vertex -0.420951 -1.01627 1.69
      vertex -0.319313 -1.05263 1.69
    endloop
  endfacet
  facet normal 0 0 -1
    outer loop
      vertex -0.372464 -3.7817 1.69
      vertex -0.518536 -0.970113 1.69
      vertex -0.420951 -1.01627 1.69
    endloop
  endfacet
  facet normal 0 0 -1
    outer loop
      vertex -0.372464 -3.7817 1.69
      vertex -0.611127 -0.914616 1.69
      vertex -0.518536 -0.970113 1.69
    endloop
  endfacet
  facet normal 0 0 -1
    outer loop
      vertex -0.372464 -3.7817 1.69
      vertex -0.697832 -0.850311 1.69
      vertex -0.611127 -0.914616 1.69
    endloop
  endfacet
  facet normal 0 0 -1
    outer loop
      vertex -0.372464 -3.7817 1.69
      vertex -0.777817 -0.777817 1.69
      vertex -0.697832 -0.850311 1.69
    endloop
  endfacet
  facet normal 0 0 -1
    outer loop
      vertex -0.372464 -3.7817 1.69
      vertex -0.850311 -0.697832 1.69
      vertex -0.777817 -0.777817 1.69
    endloop
  endfacet
  facet normal 0 0 -1
    outer loop
      vertex -0.372464 -3.7817 1.69
      vertex -0.914616 -0.611127 1.69
      vertex -0.850311 -0.697832 1.69
    endloop
  endfacet
  facet normal 0 0 -1
    outer loop
      vertex -0.372464 -3.7817 1.69
      vertex -0.970113 -0.518536 1.69
      vertex -0.914616 -0.611127 1.69
    endloop
  endfacet
  facet normal 0 0 -1
    outer loop
      vertex -0.372464 -3.7817 1.69
      vertex -1.01627 -0.420951 1.69
      vertex -0.970113 -0.518536 1.69
    endloop
  endfacet
  facet normal 0 0 -1
    outer loop
      vertex -12 1.5 1.69
      vertex -1.01627 -0.420951 1.69
      vertex -0.372464 -3.7817 1.69
    endloop
  endfacet
  facet normal 0 0 -1
    outer loop
      vertex -1.01627 -0.420951 1.69
      vertex -12 1.5 1.69
      vertex -1.05263 -0.319313 1.69
    endloop
  endfacet
  facet normal 0 0 -1
    outer loop
      vertex -1.0947 -0.107819 1.69
      vertex -12 1.5 1.69
      vertex -1.1 0 1.69
    endloop
  endfacet
  facet normal 0 0 -1
    outer loop
      vertex -1.07886 -0.214599 1.69
      vertex -12 1.5 1.69
      vertex -1.0947 -0.107819 1.69
    endloop
  endfacet
  facet normal 0 0 -1
    outer loop
      vertex -1.05263 -0.319313 1.69
      vertex -12 1.5 1.69
      vertex -1.07886 -0.214599 1.69
    endloop
  endfacet
  facet normal 0 0 -1
    outer loop
      vertex -14.9656 -2.18939 1.69
      vertex -12 1.5 1.69
      vertex -0.372464 -3.7817 1.69
    endloop
  endfacet
  facet normal 0 0 -1
    outer loop
      vertex -16.3561 1.5 1.69
      vertex -14.9656 -2.18939 1.69
      vertex -15.1792 -2.15771 1.69
    endloop
  endfacet
  facet normal 0 0 -1
    outer loop
      vertex -16.3561 1.5 1.69
      vertex -15.1792 -2.15771 1.69
      vertex -15.3886 -2.10526 1.69
    endloop
  endfacet
  facet normal 0 0 -1
    outer loop
      vertex -16.3561 1.5 1.69
      vertex -15.3886 -2.10526 1.69
      vertex -15.5919 -2.03253 1.69
    endloop
  endfacet
  facet normal 0 0 -1
    outer loop
      vertex -16.3561 1.5 1.69
      vertex -15.5919 -2.03253 1.69
      vertex -15.7871 -1.94022 1.69
    endloop
  endfacet
  facet normal 0 0 -1
    outer loop
      vertex -16.3561 1.5 1.69
      vertex -15.7871 -1.94022 1.69
      vertex -15.9722 -1.82922 1.69
    endloop
  endfacet
  facet normal 0 0 -1
    outer loop
      vertex -16.3561 1.5 1.69
      vertex -15.9722 -1.82922 1.69
      vertex -16.1457 -1.70062 1.69
    endloop
  endfacet
  facet normal 0 0 -1
    outer loop
      vertex -16.3561 1.5 1.69
      vertex -16.1457 -1.70062 1.69
      vertex -16.3056 -1.55563 1.69
    endloop
  endfacet
  facet normal 0 0 -1
    outer loop
      vertex -14.9656 -2.18939 1.69
      vertex -16.3561 1.5 1.69
      vertex -12 1.5 1.69
    endloop
  endfacet
  facet normal 0 0 -1
    outer loop
      vertex -16.4506 -1.39566 1.69
      vertex -16.3561 1.5 1.69
      vertex -16.3056 -1.55563 1.69
    endloop
  endfacet
  facet normal 0 0 -1
    outer loop
      vertex -16.5792 -1.22224 1.69
      vertex -16.3561 1.5 1.69
      vertex -16.4506 -1.39566 1.69
    endloop
  endfacet
  facet normal 0 0 -1
    outer loop
      vertex -16.5792 1.22224 1.69
      vertex -16.3561 1.5 1.69
      vertex -16.5792 -1.22224 1.69
    endloop
  endfacet
  facet normal 0 0 -1
    outer loop
      vertex -16.3561 1.5 1.69
      vertex -16.5792 1.22224 1.69
      vertex -16.4506 1.39566 1.69
    endloop
  endfacet
  facet normal 0 0 -1
    outer loop
      vertex -16.6902 -1.03706 1.69
      vertex -16.5792 1.22224 1.69
      vertex -16.5792 -1.22224 1.69
    endloop
  endfacet
  facet normal 0 0 -1
    outer loop
      vertex -16.6902 -1.03706 1.69
      vertex -16.6902 1.03706 1.69
      vertex -16.5792 1.22224 1.69
    endloop
  endfacet
  facet normal 0 0 -1
    outer loop
      vertex -16.7825 -0.841888 1.69
      vertex -16.6902 1.03706 1.69
      vertex -16.6902 -1.03706 1.69
    endloop
  endfacet
  facet normal 0 0 -1
    outer loop
      vertex -16.7825 -0.841888 1.69
      vertex -16.7825 0.841888 1.69
      vertex -16.6902 1.03706 1.69
    endloop
  endfacet
  facet normal 0 0 -1
    outer loop
      vertex -16.8553 -0.638626 1.69
      vertex -16.7825 0.841888 1.69
      vertex -16.7825 -0.841888 1.69
    endloop
  endfacet
  facet normal 0 0 -1
    outer loop
      vertex -16.8553 -0.638626 1.69
      vertex -16.8553 0.638626 1.69
      vertex -16.7825 0.841888 1.69
    endloop
  endfacet
  facet normal 0 0 -1
    outer loop
      vertex -16.9077 -0.429184 1.69
      vertex -16.8553 0.638626 1.69
      vertex -16.8553 -0.638626 1.69
    endloop
  endfacet
  facet normal 0 0 -1
    outer loop
      vertex -16.9077 -0.429184 1.69
      vertex -16.9077 0.429184 1.69
      vertex -16.8553 0.638626 1.69
    endloop
  endfacet
  facet normal 0 0 -1
    outer loop
      vertex -16.9394 -0.215637 1.69
      vertex -16.9077 0.429184 1.69
      vertex -16.9077 -0.429184 1.69
    endloop
  endfacet
  facet normal 0 0 -1
    outer loop
      vertex -16.9394 -0.215637 1.69
      vertex -16.9394 0.215637 1.69
      vertex -16.9077 0.429184 1.69
    endloop
  endfacet
  facet normal 0 -0 -1
    outer loop
      vertex -16.9394 0.215637 1.69
      vertex -16.9394 -0.215637 1.69
      vertex -16.95 0 1.69
    endloop
  endfacet
  facet normal 0 0 -1
    outer loop
      vertex 1.0947 0.107819 1.69
      vertex 14.9656 2.18939 1.69
      vertex 1.1 0 1.69
    endloop
  endfacet
  facet normal 0 0 -1
    outer loop
      vertex 1.07886 0.214599 1.69
      vertex 14.9656 2.18939 1.69
      vertex 1.0947 0.107819 1.69
    endloop
  endfacet
  facet normal 0 0 -1
    outer loop
      vertex 1.05263 0.319313 1.69
      vertex 14.9656 2.18939 1.69
      vertex 1.07886 0.214599 1.69
    endloop
  endfacet
  facet normal 0 0 -1
    outer loop
      vertex 1.01627 0.420951 1.69
      vertex 14.9656 2.18939 1.69
      vertex 1.05263 0.319313 1.69
    endloop
  endfacet
  facet normal 0 0 -1
    outer loop
      vertex 0.372464 3.7817 1.69
      vertex 1.01627 0.420951 1.69
      vertex 0.970113 0.518536 1.69
    endloop
  endfacet
  facet normal 0 0 -1
    outer loop
      vertex 0.372464 3.7817 1.69
      vertex 0.970113 0.518536 1.69
      vertex 0.914616 0.611127 1.69
    endloop
  endfacet
  facet normal 0 0 -1
    outer loop
      vertex 0.372464 3.7817 1.69
      vertex 0.914616 0.611127 1.69
      vertex 0.850311 0.697832 1.69
    endloop
  endfacet
  facet normal 0 0 -1
    outer loop
      vertex 0.372464 3.7817 1.69
      vertex 0.850311 0.697832 1.69
      vertex 0.777817 0.777817 1.69
    endloop
  endfacet
  facet normal 0 0 -1
    outer loop
      vertex 0.372464 3.7817 1.69
      vertex 0.777817 0.777817 1.69
      vertex 0.697832 0.850311 1.69
    endloop
  endfacet
  facet normal 0 0 -1
    outer loop
      vertex 0.372464 3.7817 1.69
      vertex 0.697832 0.850311 1.69
      vertex 0.611127 0.914616 1.69
    endloop
  endfacet
  facet normal 0 0 -1
    outer loop
      vertex 0.372464 3.7817 1.69
      vertex 0.611127 0.914616 1.69
      vertex 0.518536 0.970113 1.69
    endloop
  endfacet
  facet normal 0 0 -1
    outer loop
      vertex 0.372464 3.7817 1.69
      vertex 0.518536 0.970113 1.69
      vertex 0.420951 1.01627 1.69
    endloop
  endfacet
  facet normal 0 0 -1
    outer loop
      vertex 1.01627 0.420951 1.69
      vertex 0.372464 3.7817 1.69
      vertex 14.9656 2.18939 1.69
    endloop
  endfacet
  facet normal 0 0 -1
    outer loop
      vertex 0.319313 1.05263 1.69
      vertex 0.372464 3.7817 1.69
      vertex 0.420951 1.01627 1.69
    endloop
  endfacet
  facet normal 0 0 -1
    outer loop
      vertex 0.214599 1.07886 1.69
      vertex 0.372464 3.7817 1.69
      vertex 0.319313 1.05263 1.69
    endloop
  endfacet
  facet normal 0 0 -1
    outer loop
      vertex 0.107819 1.0947 1.69
      vertex 0.372464 3.7817 1.69
      vertex 0.214599 1.07886 1.69
    endloop
  endfacet
  facet normal 0 0 -1
    outer loop
      vertex 0 1.1 1.69
      vertex 0.372464 3.7817 1.69
      vertex 0.107819 1.0947 1.69
    endloop
  endfacet
  facet normal 0 0 -1
    outer loop
      vertex 0 1.1 1.69
      vertex 0 3.8 1.69
      vertex 0.372464 3.7817 1.69
    endloop
  endfacet
  facet normal 0 0 -1
    outer loop
      vertex -0.107819 1.0947 1.69
      vertex 0 3.8 1.69
      vertex 0 1.1 1.69
    endloop
  endfacet
  facet normal 0 0 -1
    outer loop
      vertex -0.372464 3.7817 1.69
      vertex -0.107819 1.0947 1.69
      vertex -0.214599 1.07886 1.69
    endloop
  endfacet
  facet normal 0 0 -1
    outer loop
      vertex -0.372464 3.7817 1.69
      vertex -0.214599 1.07886 1.69
      vertex -0.319313 1.05263 1.69
    endloop
  endfacet
  facet normal 0 0 -1
    outer loop
      vertex -0.107819 1.0947 1.69
      vertex -0.372464 3.7817 1.69
      vertex 0 3.8 1.69
    endloop
  endfacet
  facet normal 0 0 -1
    outer loop
      vertex -0.420951 1.01627 1.69
      vertex -0.372464 3.7817 1.69
      vertex -0.319313 1.05263 1.69
    endloop
  endfacet
  facet normal 0 0 -1
    outer loop
      vertex -0.518536 0.970113 1.69
      vertex -0.372464 3.7817 1.69
      vertex -0.420951 1.01627 1.69
    endloop
  endfacet
  facet normal 0 0 -1
    outer loop
      vertex -0.611127 0.914616 1.69
      vertex -0.372464 3.7817 1.69
      vertex -0.518536 0.970113 1.69
    endloop
  endfacet
  facet normal 0 0 -1
    outer loop
      vertex -0.697832 0.850311 1.69
      vertex -0.372464 3.7817 1.69
      vertex -0.611127 0.914616 1.69
    endloop
  endfacet
  facet normal 0 0 -1
    outer loop
      vertex -0.777817 0.777817 1.69
      vertex -0.372464 3.7817 1.69
      vertex -0.697832 0.850311 1.69
    endloop
  endfacet
  facet normal 0 0 -1
    outer loop
      vertex -0.850311 0.697832 1.69
      vertex -0.372464 3.7817 1.69
      vertex -0.777817 0.777817 1.69
    endloop
  endfacet
  facet normal 0 0 -1
    outer loop
      vertex -0.914616 0.611127 1.69
      vertex -0.372464 3.7817 1.69
      vertex -0.850311 0.697832 1.69
    endloop
  endfacet
  facet normal 0 0 -1
    outer loop
      vertex -0.970113 0.518536 1.69
      vertex -0.372464 3.7817 1.69
      vertex -0.914616 0.611127 1.69
    endloop
  endfacet
  facet normal 0 0 -1
    outer loop
      vertex -12 2.51298 1.69
      vertex -0.970113 0.518536 1.69
      vertex -1.01627 0.420951 1.69
    endloop
  endfacet
  facet normal 0 0 -1
    outer loop
      vertex -12 2.51298 1.69
      vertex -1.01627 0.420951 1.69
      vertex -1.05263 0.319313 1.69
    endloop
  endfacet
  facet normal 0 0 -1
    outer loop
      vertex -12 1.5 1.69
      vertex -1.05263 0.319313 1.69
      vertex -1.07886 0.214599 1.69
    endloop
  endfacet
  facet normal 0 0 -1
    outer loop
      vertex -12 1.5 1.69
      vertex -1.0947 0.107819 1.69
      vertex -1.1 0 1.69
    endloop
  endfacet
  facet normal 0 0 -1
    outer loop
      vertex -12 1.5 1.69
      vertex -1.07886 0.214599 1.69
      vertex -1.0947 0.107819 1.69
    endloop
  endfacet
  facet normal 0 0 -1
    outer loop
      vertex -1.05263 0.319313 1.69
      vertex -12 1.5 1.69
      vertex -12 2.51298 1.69
    endloop
  endfacet
  facet normal 0 0 -1
    outer loop
      vertex -0.970113 0.518536 1.69
      vertex -12 2.51298 1.69
      vertex -0.372464 3.7817 1.69
    endloop
  endfacet
  facet normal 0.904006 0.427519 0
    outer loop
      vertex -16.6902 -1.03706 1.69
      vertex -16.7825 -0.841888 0
      vertex -16.7825 -0.841888 1.69
    endloop
  endfacet
  facet normal 0.904006 0.427519 0
    outer loop
      vertex -16.7825 -0.841888 0
      vertex -16.6902 -1.03706 1.69
      vertex -16.6902 -1.03706 0
    endloop
  endfacet
  facet normal 0.740924 0.671589 0
    outer loop
      vertex -16.3056 -1.55563 1.69
      vertex -16.4506 -1.39566 0
      vertex -16.4506 -1.39566 1.69
    endloop
  endfacet
  facet normal 0.740924 0.671589 0
    outer loop
      vertex -16.4506 -1.39566 0
      vertex -16.3056 -1.55563 1.69
      vertex -16.3056 -1.55563 0
    endloop
  endfacet
  facet normal -0.595471 -0.803377 0
    outer loop
      vertex 15.9722 1.82922 0
      vertex 16.1457 1.70062 1.69
      vertex 15.9722 1.82922 1.69
    endloop
  endfacet
  facet normal -0.595471 -0.803377 -0
    outer loop
      vertex 16.1457 1.70062 1.69
      vertex 15.9722 1.82922 0
      vertex 16.1457 1.70062 0
    endloop
  endfacet
  facet normal 0.989161 0.146836 0
    outer loop
      vertex -16.9077 -0.429184 1.69
      vertex -16.9394 -0.215637 0
      vertex -16.9394 -0.215637 1.69
    endloop
  endfacet
  facet normal 0.989161 0.146836 0
    outer loop
      vertex -16.9394 -0.215637 0
      vertex -16.9077 -0.429184 1.69
      vertex -16.9077 -0.429184 0
    endloop
  endfacet
  facet normal 0.514291 0.857616 -0
    outer loop
      vertex -15.7871 -1.94022 0
      vertex -15.9722 -1.82922 1.69
      vertex -15.7871 -1.94022 1.69
    endloop
  endfacet
  facet normal 0.514291 0.857616 0
    outer loop
      vertex -15.9722 -1.82922 1.69
      vertex -15.7871 -1.94022 0
      vertex -15.9722 -1.82922 0
    endloop
  endfacet
  facet normal 0.242972 0.970033 -0
    outer loop
      vertex -15.1792 -2.15771 0
      vertex -15.3886 -2.10526 1.69
      vertex -15.1792 -2.15771 1.69
    endloop
  endfacet
  facet normal 0.242972 0.970033 0
    outer loop
      vertex -15.3886 -2.10526 1.69
      vertex -15.1792 -2.15771 0
      vertex -15.3886 -2.10526 0
    endloop
  endfacet
  facet normal 0.336841 0.941562 -0
    outer loop
      vertex -15.3886 -2.10526 0
      vertex -15.5919 -2.03253 1.69
      vertex -15.3886 -2.10526 1.69
    endloop
  endfacet
  facet normal 0.336841 0.941562 0
    outer loop
      vertex -15.5919 -2.03253 1.69
      vertex -15.3886 -2.10526 0
      vertex -15.5919 -2.03253 0
    endloop
  endfacet
  facet normal -0.989176 -0.146737 0
    outer loop
      vertex 1.0947 0.107819 1.69
      vertex 1.07886 0.214599 4
      vertex 1.07886 0.214599 1.69
    endloop
  endfacet
  facet normal -0.989176 -0.146737 0
    outer loop
      vertex 1.07886 0.214599 4
      vertex 1.0947 0.107819 1.69
      vertex 1.0947 0.107819 4
    endloop
  endfacet
  facet normal -0.998794 -0.0490972 0
    outer loop
      vertex 1.1 0 1.69
      vertex 1.0947 0.107819 4
      vertex 1.0947 0.107819 1.69
    endloop
  endfacet
  facet normal -0.998794 -0.0490972 0
    outer loop
      vertex 1.0947 0.107819 4
      vertex 1.1 0 1.69
      vertex 1.1 0 4
    endloop
  endfacet
  facet normal -0.97003 -0.242985 0
    outer loop
      vertex 1.07886 0.214599 1.69
      vertex 1.05263 0.319313 4
      vertex 1.05263 0.319313 1.69
    endloop
  endfacet
  facet normal -0.97003 -0.242985 0
    outer loop
      vertex 1.05263 0.319313 4
      vertex 1.07886 0.214599 1.69
      vertex 1.07886 0.214599 4
    endloop
  endfacet
  facet normal 0.5957 -0.803207 0
    outer loop
      vertex -0.697832 0.850311 1.69
      vertex -0.611127 0.914616 4
      vertex -0.697832 0.850311 4
    endloop
  endfacet
  facet normal 0.5957 -0.803207 0
    outer loop
      vertex -0.611127 0.914616 4
      vertex -0.697832 0.850311 1.69
      vertex -0.611127 0.914616 1.69
    endloop
  endfacet
  facet normal 0.427576 -0.90398 0
    outer loop
      vertex -0.518536 0.970113 1.69
      vertex -0.420951 1.01627 4
      vertex -0.518536 0.970113 4
    endloop
  endfacet
  facet normal 0.427576 -0.90398 0
    outer loop
      vertex -0.420951 1.01627 4
      vertex -0.518536 0.970113 1.69
      vertex -0.420951 1.01627 1.69
    endloop
  endfacet
  facet normal -0.336835 -0.941564 0
    outer loop
      vertex 0.319313 1.05263 1.69
      vertex 0.420951 1.01627 4
      vertex 0.319313 1.05263 4
    endloop
  endfacet
  facet normal -0.336835 -0.941564 -0
    outer loop
      vertex 0.420951 1.01627 4
      vertex 0.319313 1.05263 1.69
      vertex 0.420951 1.01627 1.69
    endloop
  endfacet
  facet normal -0.146737 -0.989176 0
    outer loop
      vertex 0.107819 1.0947 1.69
      vertex 0.214599 1.07886 4
      vertex 0.107819 1.0947 4
    endloop
  endfacet
  facet normal -0.146737 -0.989176 -0
    outer loop
      vertex 0.214599 1.07886 4
      vertex 0.107819 1.0947 1.69
      vertex 0.214599 1.07886 1.69
    endloop
  endfacet
  facet normal -0.998794 0.0490972 0
    outer loop
      vertex 1.0947 -0.107819 1.69
      vertex 1.1 0 4
      vertex 1.1 0 1.69
    endloop
  endfacet
  facet normal -0.998794 0.0490972 0
    outer loop
      vertex 1.1 0 4
      vertex 1.0947 -0.107819 1.69
      vertex 1.0947 -0.107819 4
    endloop
  endfacet
  facet normal -0.242985 0.97003 0
    outer loop
      vertex 0.319313 -1.05263 1.69
      vertex 0.214599 -1.07886 4
      vertex 0.319313 -1.05263 4
    endloop
  endfacet
  facet normal -0.242985 0.97003 0
    outer loop
      vertex 0.214599 -1.07886 4
      vertex 0.319313 -1.05263 1.69
      vertex 0.214599 -1.07886 1.69
    endloop
  endfacet
  facet normal -0.803207 0.5957 0
    outer loop
      vertex 0.850311 -0.697832 1.69
      vertex 0.914616 -0.611127 4
      vertex 0.914616 -0.611127 1.69
    endloop
  endfacet
  facet normal -0.803207 0.5957 0
    outer loop
      vertex 0.914616 -0.611127 4
      vertex 0.850311 -0.697832 1.69
      vertex 0.850311 -0.697832 4
    endloop
  endfacet
  facet normal 0.514103 -0.857728 0
    outer loop
      vertex -0.611127 0.914616 1.69
      vertex -0.518536 0.970113 4
      vertex -0.611127 0.914616 4
    endloop
  endfacet
  facet normal 0.514103 -0.857728 0
    outer loop
      vertex -0.518536 0.970113 4
      vertex -0.611127 0.914616 1.69
      vertex -0.518536 0.970113 1.69
    endloop
  endfacet
  facet normal 0.989176 0.146737 0
    outer loop
      vertex -1.07886 -0.214599 4
      vertex -1.0947 -0.107819 1.69
      vertex -1.0947 -0.107819 4
    endloop
  endfacet
  facet normal 0.989176 0.146737 0
    outer loop
      vertex -1.0947 -0.107819 1.69
      vertex -1.07886 -0.214599 4
      vertex -1.07886 -0.214599 1.69
    endloop
  endfacet
  facet normal 0.740952 -0.671558 0
    outer loop
      vertex -0.850311 0.697832 4
      vertex -0.777817 0.777817 1.69
      vertex -0.777817 0.777817 4
    endloop
  endfacet
  facet normal 0.740952 -0.671558 0
    outer loop
      vertex -0.777817 0.777817 1.69
      vertex -0.850311 0.697832 4
      vertex -0.850311 0.697832 1.69
    endloop
  endfacet
  facet normal 0.97003 -0.242985 0
    outer loop
      vertex -1.07886 0.214599 4
      vertex -1.05263 0.319313 1.69
      vertex -1.05263 0.319313 4
    endloop
  endfacet
  facet normal 0.97003 -0.242985 0
    outer loop
      vertex -1.05263 0.319313 1.69
      vertex -1.07886 0.214599 4
      vertex -1.07886 0.214599 1.69
    endloop
  endfacet
  facet normal -0.427576 0.90398 0
    outer loop
      vertex 0.518536 -0.970113 1.69
      vertex 0.420951 -1.01627 4
      vertex 0.518536 -0.970113 4
    endloop
  endfacet
  facet normal -0.427576 0.90398 0
    outer loop
      vertex 0.420951 -1.01627 4
      vertex 0.518536 -0.970113 1.69
      vertex 0.420951 -1.01627 1.69
    endloop
  endfacet
  facet normal 0.5957 0.803207 -0
    outer loop
      vertex -0.611127 -0.914616 1.69
      vertex -0.697832 -0.850311 4
      vertex -0.611127 -0.914616 4
    endloop
  endfacet
  facet normal 0.5957 0.803207 0
    outer loop
      vertex -0.697832 -0.850311 4
      vertex -0.611127 -0.914616 1.69
      vertex -0.697832 -0.850311 1.69
    endloop
  endfacet
  facet normal -0.146737 0.989176 0
    outer loop
      vertex 0.214599 -1.07886 1.69
      vertex 0.107819 -1.0947 4
      vertex 0.214599 -1.07886 4
    endloop
  endfacet
  facet normal -0.146737 0.989176 0
    outer loop
      vertex 0.107819 -1.0947 4
      vertex 0.214599 -1.07886 1.69
      vertex 0.107819 -1.0947 1.69
    endloop
  endfacet
  facet normal 0.146737 -0.989176 0
    outer loop
      vertex -0.214599 1.07886 1.69
      vertex -0.107819 1.0947 4
      vertex -0.214599 1.07886 4
    endloop
  endfacet
  facet normal 0.146737 -0.989176 0
    outer loop
      vertex -0.107819 1.0947 4
      vertex -0.214599 1.07886 1.69
      vertex -0.107819 1.0947 1.69
    endloop
  endfacet
  facet normal 0.989176 -0.146737 0
    outer loop
      vertex -1.0947 0.107819 4
      vertex -1.07886 0.214599 1.69
      vertex -1.07886 0.214599 4
    endloop
  endfacet
  facet normal 0.989176 -0.146737 0
    outer loop
      vertex -1.07886 0.214599 1.69
      vertex -1.0947 0.107819 4
      vertex -1.0947 0.107819 1.69
    endloop
  endfacet
  facet normal 0.803207 0.5957 0
    outer loop
      vertex -0.850311 -0.697832 4
      vertex -0.914616 -0.611127 1.69
      vertex -0.914616 -0.611127 4
    endloop
  endfacet
  facet normal 0.803207 0.5957 0
    outer loop
      vertex -0.914616 -0.611127 1.69
      vertex -0.850311 -0.697832 4
      vertex -0.850311 -0.697832 1.69
    endloop
  endfacet
  facet normal -0.90398 0.427576 0
    outer loop
      vertex 0.970113 -0.518536 1.69
      vertex 1.01627 -0.420951 4
      vertex 1.01627 -0.420951 1.69
    endloop
  endfacet
  facet normal -0.90398 0.427576 0
    outer loop
      vertex 1.01627 -0.420951 4
      vertex 0.970113 -0.518536 1.69
      vertex 0.970113 -0.518536 4
    endloop
  endfacet
  facet normal -0.671558 -0.740952 0
    outer loop
      vertex 0.697832 0.850311 1.69
      vertex 0.777817 0.777817 4
      vertex 0.697832 0.850311 4
    endloop
  endfacet
  facet normal -0.671558 -0.740952 -0
    outer loop
      vertex 0.777817 0.777817 4
      vertex 0.697832 0.850311 1.69
      vertex 0.777817 0.777817 1.69
    endloop
  endfacet
  facet normal -0.857728 -0.514103 0
    outer loop
      vertex 0.970113 0.518536 1.69
      vertex 0.914616 0.611127 4
      vertex 0.914616 0.611127 1.69
    endloop
  endfacet
  facet normal -0.857728 -0.514103 0
    outer loop
      vertex 0.914616 0.611127 4
      vertex 0.970113 0.518536 1.69
      vertex 0.970113 0.518536 4
    endloop
  endfacet
  facet normal 0.242985 -0.97003 0
    outer loop
      vertex -0.319313 1.05263 1.69
      vertex -0.214599 1.07886 4
      vertex -0.319313 1.05263 4
    endloop
  endfacet
  facet normal 0.242985 -0.97003 0
    outer loop
      vertex -0.214599 1.07886 4
      vertex -0.319313 1.05263 1.69
      vertex -0.214599 1.07886 1.69
    endloop
  endfacet
  facet normal -0.427576 -0.90398 0
    outer loop
      vertex 0.420951 1.01627 1.69
      vertex 0.518536 0.970113 4
      vertex 0.420951 1.01627 4
    endloop
  endfacet
  facet normal -0.427576 -0.90398 -0
    outer loop
      vertex 0.518536 0.970113 4
      vertex 0.420951 1.01627 1.69
      vertex 0.518536 0.970113 1.69
    endloop
  endfacet
  facet normal -0.0490972 0.998794 0
    outer loop
      vertex 0.107819 -1.0947 1.69
      vertex 0 -1.1 4
      vertex 0.107819 -1.0947 4
    endloop
  endfacet
  facet normal -0.0490972 0.998794 0
    outer loop
      vertex 0 -1.1 4
      vertex 0.107819 -1.0947 1.69
      vertex 0 -1.1 1.69
    endloop
  endfacet
  facet normal 0 0 -1
    outer loop
      vertex -22.5 -51.5 4
      vertex -23.5155 -49.7194 4
      vertex -22.5 -50.1696 4
    endloop
  endfacet
  facet normal 0 0 -1
    outer loop
      vertex -25.5 -51.5 4
      vertex -23.5155 -49.7194 4
      vertex -22.5 -51.5 4
    endloop
  endfacet
  facet normal -0 0 -1
    outer loop
      vertex -23.5155 -49.7194 4
      vertex -25.5 -51.5 4
      vertex -25.5 -48.7205 4
    endloop
  endfacet
  facet normal 0 0 1
    outer loop
      vertex 22.5 -37.5 4
      vertex 21.0476 -50.8134 4
      vertex 22.5 -50.1696 4
    endloop
  endfacet
  facet normal 0 0 1
    outer loop
      vertex 22.5 -37.5 4
      vertex 18.5289 -51.7849 4
      vertex 21.0476 -50.8134 4
    endloop
  endfacet
  facet normal 0 0 1
    outer loop
      vertex 22.5 -37.5 4
      vertex 15.9657 -52.6317 4
      vertex 18.5289 -51.7849 4
    endloop
  endfacet
  facet normal 0 0 1
    outer loop
      vertex 22.5 -37.5 4
      vertex 13.3639 -53.3517 4
      vertex 15.9657 -52.6317 4
    endloop
  endfacet
  facet normal -0 0 1
    outer loop
      vertex -4.01926 -41.6079 4
      vertex 13.3639 -53.3517 4
      vertex 22.5 -37.5 4
    endloop
  endfacet
  facet normal 0 0 1
    outer loop
      vertex 13.3639 -53.3517 4
      vertex -4.01926 -41.6079 4
      vertex 10.73 -53.9432 4
    endloop
  endfacet
  facet normal -0 -0 1
    outer loop
      vertex -4 -42 4
      vertex 10.73 -53.9432 4
      vertex -4.01926 -41.6079 4
    endloop
  endfacet
  facet normal 0 0 1
    outer loop
      vertex 10.73 -53.9432 4
      vertex -4.01926 -42.3921 4
      vertex 8.07018 -54.4047 4
    endloop
  endfacet
  facet normal 0 0 1
    outer loop
      vertex 8.07018 -54.4047 4
      vertex -4.07686 -42.7804 4
      vertex 5.39094 -54.7352 4
    endloop
  endfacet
  facet normal -0 0 1
    outer loop
      vertex -4.30448 -43.5307 4
      vertex 5.39094 -54.7352 4
      vertex -4.17224 -43.1611 4
    endloop
  endfacet
  facet normal -0 0 1
    outer loop
      vertex -4.07686 -42.7804 4
      vertex 8.07018 -54.4047 4
      vertex -4.01926 -42.3921 4
    endloop
  endfacet
  facet normal -0 0 1
    outer loop
      vertex -4.01926 -42.3921 4
      vertex 10.73 -53.9432 4
      vertex -4 -42 4
    endloop
  endfacet
  facet normal 0 0 1
    outer loop
      vertex 22.5 -37.5 4
      vertex -4.07686 -41.2196 4
      vertex -4.01926 -41.6079 4
    endloop
  endfacet
  facet normal 0 0 1
    outer loop
      vertex 22.5 -37.5 4
      vertex -4.17224 -40.8389 4
      vertex -4.07686 -41.2196 4
    endloop
  endfacet
  facet normal 0 0 1
    outer loop
      vertex 22.5 -37.5 4
      vertex -4.30448 -40.4693 4
      vertex -4.17224 -40.8389 4
    endloop
  endfacet
  facet normal 0 0 1
    outer loop
      vertex 22.5 -37.5 4
      vertex -4.47232 -40.1144 4
      vertex -4.30448 -40.4693 4
    endloop
  endfacet
  facet normal 0 0 1
    outer loop
      vertex 22.5 -37.5 4
      vertex -4.67412 -39.7777 4
      vertex -4.47232 -40.1144 4
    endloop
  endfacet
  facet normal 0 0 1
    outer loop
      vertex 22.5 -37.5 4
      vertex -4.90796 -39.4624 4
      vertex -4.67412 -39.7777 4
    endloop
  endfacet
  facet normal 0 0 1
    outer loop
      vertex 22.5 -37.5 4
      vertex -5.17157 -39.1716 4
      vertex -4.90796 -39.4624 4
    endloop
  endfacet
  facet normal 0 0 1
    outer loop
      vertex 22.5 -37.5 4
      vertex -5.46243 -38.908 4
      vertex -5.17157 -39.1716 4
    endloop
  endfacet
  facet normal 0 0 1
    outer loop
      vertex 22.5 -37.5 4
      vertex -5.77772 -38.6741 4
      vertex -5.46243 -38.908 4
    endloop
  endfacet
  facet normal 0 0 1
    outer loop
      vertex 22.5 -37.5 4
      vertex -6.11441 -38.4723 4
      vertex -5.77772 -38.6741 4
    endloop
  endfacet
  facet normal 0 0 1
    outer loop
      vertex 22.5 -37.5 4
      vertex -6.46927 -38.3045 4
      vertex -6.11441 -38.4723 4
    endloop
  endfacet
  facet normal 0 0 1
    outer loop
      vertex 22.5 -37.5 4
      vertex -6.83886 -38.1722 4
      vertex -6.46927 -38.3045 4
    endloop
  endfacet
  facet normal 0 0 1
    outer loop
      vertex 22.5 -37.5 4
      vertex -7.21964 -38.0769 4
      vertex -6.83886 -38.1722 4
    endloop
  endfacet
  facet normal 0 0 1
    outer loop
      vertex 22.5 -37.5 4
      vertex -7.60793 -38.0193 4
      vertex -7.21964 -38.0769 4
    endloop
  endfacet
  facet normal 0 0 1
    outer loop
      vertex 22.5 -37.5 4
      vertex -8 -38 4
      vertex -7.60793 -38.0193 4
    endloop
  endfacet
  facet normal 0 0 1
    outer loop
      vertex -22.5 -37.5 4
      vertex -12 -42 4
      vertex -11.9807 -41.6079 4
    endloop
  endfacet
  facet normal 0 0 1
    outer loop
      vertex -12 -42 4
      vertex -15.9657 -52.6317 4
      vertex -13.3639 -53.3517 4
    endloop
  endfacet
  facet normal 0 0 1
    outer loop
      vertex -22.5 -37.5 4
      vertex -11.9807 -41.6079 4
      vertex -11.9231 -41.2196 4
    endloop
  endfacet
  facet normal 0 0 1
    outer loop
      vertex -22.5 -37.5 4
      vertex -11.9231 -41.2196 4
      vertex -11.8278 -40.8389 4
    endloop
  endfacet
  facet normal 0 0 1
    outer loop
      vertex -12 -42 4
      vertex -18.5289 -51.7849 4
      vertex -15.9657 -52.6317 4
    endloop
  endfacet
  facet normal 0 0 1
    outer loop
      vertex -22.5 -37.5 4
      vertex -11.8278 -40.8389 4
      vertex -11.6955 -40.4693 4
    endloop
  endfacet
  facet normal 0 0 1
    outer loop
      vertex -22.5 -37.5 4
      vertex -11.6955 -40.4693 4
      vertex -11.5277 -40.1144 4
    endloop
  endfacet
  facet normal 0 0 1
    outer loop
      vertex -22.5 -37.5 4
      vertex -11.5277 -40.1144 4
      vertex -11.3259 -39.7777 4
    endloop
  endfacet
  facet normal 0 0 1
    outer loop
      vertex -12 -42 4
      vertex -21.0476 -50.8134 4
      vertex -18.5289 -51.7849 4
    endloop
  endfacet
  facet normal 0 0 1
    outer loop
      vertex -22.5 -37.5 4
      vertex -11.3259 -39.7777 4
      vertex -11.092 -39.4624 4
    endloop
  endfacet
  facet normal -0 0 1
    outer loop
      vertex -22.5 -37.5 4
      vertex -8 -38 4
      vertex 22.5 -37.5 4
    endloop
  endfacet
  facet normal 0 0 1
    outer loop
      vertex -22.5 -37.5 4
      vertex -8.39207 -38.0193 4
      vertex -8 -38 4
    endloop
  endfacet
  facet normal 0 0 1
    outer loop
      vertex -22.5 -37.5 4
      vertex -8.78036 -38.0769 4
      vertex -8.39207 -38.0193 4
    endloop
  endfacet
  facet normal 0 0 1
    outer loop
      vertex -22.5 -37.5 4
      vertex -9.16114 -38.1722 4
      vertex -8.78036 -38.0769 4
    endloop
  endfacet
  facet normal 0 0 1
    outer loop
      vertex -22.5 -37.5 4
      vertex -9.53073 -38.3045 4
      vertex -9.16114 -38.1722 4
    endloop
  endfacet
  facet normal 0 0 1
    outer loop
      vertex -22.5 -37.5 4
      vertex -9.88559 -38.4723 4
      vertex -9.53073 -38.3045 4
    endloop
  endfacet
  facet normal 0 0 1
    outer loop
      vertex -22.5 -37.5 4
      vertex -10.2223 -38.6741 4
      vertex -9.88559 -38.4723 4
    endloop
  endfacet
  facet normal 0 0 1
    outer loop
      vertex -22.5 -37.5 4
      vertex -10.5376 -38.908 4
      vertex -10.2223 -38.6741 4
    endloop
  endfacet
  facet normal 0 0 1
    outer loop
      vertex -22.5 -37.5 4
      vertex -10.8284 -39.1716 4
      vertex -10.5376 -38.908 4
    endloop
  endfacet
  facet normal 0 0 1
    outer loop
      vertex -22.5 -37.5 4
      vertex -11.092 -39.4624 4
      vertex -10.8284 -39.1716 4
    endloop
  endfacet
  facet normal 0 0 1
    outer loop
      vertex -12 -42 4
      vertex -22.5 -37.5 4
      vertex -22.5 -50.1696 4
    endloop
  endfacet
  facet normal 0 0 1
    outer loop
      vertex -12 -42 4
      vertex -22.5 -50.1696 4
      vertex -21.0476 -50.8134 4
    endloop
  endfacet
  facet normal -0 0 1
    outer loop
      vertex -4.17224 -43.1611 4
      vertex 5.39094 -54.7352 4
      vertex -4.07686 -42.7804 4
    endloop
  endfacet
  facet normal 0 0 1
    outer loop
      vertex 5.39094 -54.7352 4
      vertex -4.30448 -43.5307 4
      vertex 2.69872 -54.9338 4
    endloop
  endfacet
  facet normal -0 0 1
    outer loop
      vertex -4.47232 -43.8856 4
      vertex 2.69872 -54.9338 4
      vertex -4.30448 -43.5307 4
    endloop
  endfacet
  facet normal -0 0 1
    outer loop
      vertex -4.67412 -44.2223 4
      vertex 2.69872 -54.9338 4
      vertex -4.47232 -43.8856 4
    endloop
  endfacet
  facet normal 0 0 1
    outer loop
      vertex 2.69872 -54.9338 4
      vertex -4.67412 -44.2223 4
      vertex 0 -55 4
    endloop
  endfacet
  facet normal -0 0 1
    outer loop
      vertex -4.90796 -44.5376 4
      vertex 0 -55 4
      vertex -4.67412 -44.2223 4
    endloop
  endfacet
  facet normal -0 0 1
    outer loop
      vertex -5.17157 -44.8284 4
      vertex 0 -55 4
      vertex -4.90796 -44.5376 4
    endloop
  endfacet
  facet normal 0 0 1
    outer loop
      vertex 0 -55 4
      vertex -5.17157 -44.8284 4
      vertex -2.69872 -54.9338 4
    endloop
  endfacet
  facet normal -0 0 1
    outer loop
      vertex -5.46243 -45.092 4
      vertex -2.69872 -54.9338 4
      vertex -5.17157 -44.8284 4
    endloop
  endfacet
  facet normal -0 0 1
    outer loop
      vertex -5.77772 -45.3259 4
      vertex -2.69872 -54.9338 4
      vertex -5.46243 -45.092 4
    endloop
  endfacet
  facet normal -0 0 1
    outer loop
      vertex -6.11441 -45.5277 4
      vertex -2.69872 -54.9338 4
      vertex -5.77772 -45.3259 4
    endloop
  endfacet
  facet normal 0 0 1
    outer loop
      vertex -2.69872 -54.9338 4
      vertex -6.11441 -45.5277 4
      vertex -5.39094 -54.7352 4
    endloop
  endfacet
  facet normal -0 0 1
    outer loop
      vertex -6.46927 -45.6955 4
      vertex -5.39094 -54.7352 4
      vertex -6.11441 -45.5277 4
    endloop
  endfacet
  facet normal -0 0 1
    outer loop
      vertex -6.7 -45.7781 4
      vertex -5.39094 -54.7352 4
      vertex -6.46927 -45.6955 4
    endloop
  endfacet
  facet normal 0 0 1
    outer loop
      vertex -5.39094 -54.7352 4
      vertex -6.7 -45.7781 4
      vertex -6.7 -54.5737 4
    endloop
  endfacet
  facet normal 0 0 1
    outer loop
      vertex -10.73 -53.9432 4
      vertex -9.3 -45.7781 4
      vertex -9.53073 -45.6955 4
    endloop
  endfacet
  facet normal 0 0 1
    outer loop
      vertex -13.3639 -53.3517 4
      vertex -9.53073 -45.6955 4
      vertex -9.88559 -45.5277 4
    endloop
  endfacet
  facet normal 0 0 1
    outer loop
      vertex -13.3639 -53.3517 4
      vertex -9.88559 -45.5277 4
      vertex -10.2223 -45.3259 4
    endloop
  endfacet
  facet normal 0 0 1
    outer loop
      vertex -13.3639 -53.3517 4
      vertex -10.2223 -45.3259 4
      vertex -10.5376 -45.092 4
    endloop
  endfacet
  facet normal 0 0 1
    outer loop
      vertex -9.3 -45.7781 4
      vertex -10.73 -53.9432 4
      vertex -9.3 -54.1913 4
    endloop
  endfacet
  facet normal 0 0 1
    outer loop
      vertex -13.3639 -53.3517 4
      vertex -10.5376 -45.092 4
      vertex -10.8284 -44.8284 4
    endloop
  endfacet
  facet normal 0 0 1
    outer loop
      vertex -13.3639 -53.3517 4
      vertex -10.8284 -44.8284 4
      vertex -11.092 -44.5376 4
    endloop
  endfacet
  facet normal 0 0 1
    outer loop
      vertex -13.3639 -53.3517 4
      vertex -11.092 -44.5376 4
      vertex -11.3259 -44.2223 4
    endloop
  endfacet
  facet normal 0 0 1
    outer loop
      vertex -13.3639 -53.3517 4
      vertex -11.3259 -44.2223 4
      vertex -11.5277 -43.8856 4
    endloop
  endfacet
  facet normal 0 0 1
    outer loop
      vertex -13.3639 -53.3517 4
      vertex -11.5277 -43.8856 4
      vertex -11.6955 -43.5307 4
    endloop
  endfacet
  facet normal 0 0 1
    outer loop
      vertex -13.3639 -53.3517 4
      vertex -11.6955 -43.5307 4
      vertex -11.8278 -43.1611 4
    endloop
  endfacet
  facet normal 0 0 1
    outer loop
      vertex -13.3639 -53.3517 4
      vertex -11.8278 -43.1611 4
      vertex -11.9231 -42.7804 4
    endloop
  endfacet
  facet normal 0 0 1
    outer loop
      vertex -13.3639 -53.3517 4
      vertex -11.9231 -42.7804 4
      vertex -11.9807 -42.3921 4
    endloop
  endfacet
  facet normal 0 0 1
    outer loop
      vertex -9.53073 -45.6955 4
      vertex -13.3639 -53.3517 4
      vertex -10.73 -53.9432 4
    endloop
  endfacet
  facet normal 0 0 1
    outer loop
      vertex -13.3639 -53.3517 4
      vertex -11.9807 -42.3921 4
      vertex -12 -42 4
    endloop
  endfacet
  facet normal 0 0 1
    outer loop
      vertex 31.1178 -24.9567 4
      vertex 32 -34.5 4
      vertex 32 -25 4
    endloop
  endfacet
  facet normal 0 0 1
    outer loop
      vertex 30.2442 -24.8271 4
      vertex 32 -34.5 4
      vertex 31.1178 -24.9567 4
    endloop
  endfacet
  facet normal 0 0 1
    outer loop
      vertex 29.3874 -24.6125 4
      vertex 32 -34.5 4
      vertex 30.2442 -24.8271 4
    endloop
  endfacet
  facet normal 0 0 1
    outer loop
      vertex 28.5558 -24.3149 4
      vertex 32 -34.5 4
      vertex 29.3874 -24.6125 4
    endloop
  endfacet
  facet normal 0 0 1
    outer loop
      vertex 27.7574 -23.9373 4
      vertex 32 -34.5 4
      vertex 28.5558 -24.3149 4
    endloop
  endfacet
  facet normal 0 0 1
    outer loop
      vertex 26.9999 -23.4832 4
      vertex 32 -34.5 4
      vertex 27.7574 -23.9373 4
    endloop
  endfacet
  facet normal 0 0 1
    outer loop
      vertex 26.2905 -22.9571 4
      vertex 32 -34.5 4
      vertex 26.9999 -23.4832 4
    endloop
  endfacet
  facet normal 0 0 1
    outer loop
      vertex 25.636 -22.364 4
      vertex 32 -34.5 4
      vertex 26.2905 -22.9571 4
    endloop
  endfacet
  facet normal 0 0 1
    outer loop
      vertex 25.0429 -21.7095 4
      vertex 32 -34.5 4
      vertex 25.636 -22.364 4
    endloop
  endfacet
  facet normal 0 0 1
    outer loop
      vertex -25.0429 -21.7095 4
      vertex 25.0429 -21.7095 4
      vertex 24.5168 -21.0001 4
    endloop
  endfacet
  facet normal 0 0 1
    outer loop
      vertex -24.5168 -21.0001 4
      vertex 24.5168 -21.0001 4
      vertex 24.0627 -20.2426 4
    endloop
  endfacet
  facet normal 0 0 1
    outer loop
      vertex 24.0627 -11.7574 4
      vertex 0.970113 -0.518536 4
      vertex 23.6851 -12.5558 4
    endloop
  endfacet
  facet normal -0 0 1
    outer loop
      vertex 0.914616 -0.611127 4
      vertex 23.6851 -12.5558 4
      vertex 0.970113 -0.518536 4
    endloop
  endfacet
  facet normal -0 0 1
    outer loop
      vertex 0.850311 -0.697832 4
      vertex 23.6851 -12.5558 4
      vertex 0.914616 -0.611127 4
    endloop
  endfacet
  facet normal 0 0 1
    outer loop
      vertex 23.6851 -12.5558 4
      vertex 0.850311 -0.697832 4
      vertex 23.3875 -13.3874 4
    endloop
  endfacet
  facet normal -0 0 1
    outer loop
      vertex 0.777817 -0.777817 4
      vertex 23.3875 -13.3874 4
      vertex 0.850311 -0.697832 4
    endloop
  endfacet
  facet normal 0 0 1
    outer loop
      vertex 23.3875 -13.3874 4
      vertex 0.777817 -0.777817 4
      vertex 23.1729 -14.2442 4
    endloop
  endfacet
  facet normal -0 0 1
    outer loop
      vertex 0.697832 -0.850311 4
      vertex 23.1729 -14.2442 4
      vertex 0.777817 -0.777817 4
    endloop
  endfacet
  facet normal -0 0 1
    outer loop
      vertex 0.611127 -0.914616 4
      vertex 23.1729 -14.2442 4
      vertex 0.697832 -0.850311 4
    endloop
  endfacet
  facet normal 0 0 1
    outer loop
      vertex 23.1729 -14.2442 4
      vertex 0.611127 -0.914616 4
      vertex 23.0433 -15.1178 4
    endloop
  endfacet
  facet normal -0 0 1
    outer loop
      vertex 0.518536 -0.970113 4
      vertex 23.0433 -15.1178 4
      vertex 0.611127 -0.914616 4
    endloop
  endfacet
  facet normal 0 0 1
    outer loop
      vertex 23.0433 -15.1178 4
      vertex 0.518536 -0.970113 4
      vertex 23 -16 4
    endloop
  endfacet
  facet normal -0 0 1
    outer loop
      vertex 0.420951 -1.01627 4
      vertex 23 -16 4
      vertex 0.518536 -0.970113 4
    endloop
  endfacet
  facet normal -0 0 1
    outer loop
      vertex 0.319313 -1.05263 4
      vertex 23 -16 4
      vertex 0.420951 -1.01627 4
    endloop
  endfacet
  facet normal 0 0 1
    outer loop
      vertex 23 -16 4
      vertex 0.319313 -1.05263 4
      vertex 23.0433 -16.8822 4
    endloop
  endfacet
  facet normal -0 0 1
    outer loop
      vertex 0.214599 -1.07886 4
      vertex 23.0433 -16.8822 4
      vertex 0.319313 -1.05263 4
    endloop
  endfacet
  facet normal 0 0 1
    outer loop
      vertex 23.0433 -16.8822 4
      vertex 0.214599 -1.07886 4
      vertex 23.1729 -17.7558 4
    endloop
  endfacet
  facet normal -0 0 1
    outer loop
      vertex 0.107819 -1.0947 4
      vertex 23.1729 -17.7558 4
      vertex 0.214599 -1.07886 4
    endloop
  endfacet
  facet normal 0 0 1
    outer loop
      vertex 23.1729 -17.7558 4
      vertex 0.107819 -1.0947 4
      vertex 23.3875 -18.6126 4
    endloop
  endfacet
  facet normal -0 0 1
    outer loop
      vertex 0 -1.1 4
      vertex 23.3875 -18.6126 4
      vertex 0.107819 -1.0947 4
    endloop
  endfacet
  facet normal 0 0 1
    outer loop
      vertex -23.3875 -18.6126 4
      vertex 23.3875 -18.6126 4
      vertex 0 -1.1 4
    endloop
  endfacet
  facet normal 0 0 1
    outer loop
      vertex 23.3875 -18.6126 4
      vertex -23.3875 -18.6126 4
      vertex 23.6851 -19.4441 4
    endloop
  endfacet
  facet normal 0 0 1
    outer loop
      vertex -23.6851 -19.4441 4
      vertex 23.6851 -19.4441 4
      vertex -23.3875 -18.6126 4
    endloop
  endfacet
  facet normal 0 0 1
    outer loop
      vertex -23.3875 -18.6126 4
      vertex 0 -1.1 4
      vertex -0.107819 -1.0947 4
    endloop
  endfacet
  facet normal 0 0 1
    outer loop
      vertex -23.1729 -17.7558 4
      vertex -0.107819 -1.0947 4
      vertex -0.214599 -1.07886 4
    endloop
  endfacet
  facet normal 0 0 1
    outer loop
      vertex -23.0433 -16.8822 4
      vertex -0.214599 -1.07886 4
      vertex -0.319313 -1.05263 4
    endloop
  endfacet
  facet normal 0 0 1
    outer loop
      vertex -23 -16 4
      vertex -0.319313 -1.05263 4
      vertex -0.420951 -1.01627 4
    endloop
  endfacet
  facet normal 0 0 1
    outer loop
      vertex -23 -16 4
      vertex -0.420951 -1.01627 4
      vertex -0.518536 -0.970113 4
    endloop
  endfacet
  facet normal 0 0 1
    outer loop
      vertex -23.0433 -15.1178 4
      vertex -0.518536 -0.970113 4
      vertex -0.611127 -0.914616 4
    endloop
  endfacet
  facet normal 0 0 1
    outer loop
      vertex -12 1.5 4
      vertex -0.611127 -0.914616 4
      vertex -0.697832 -0.850311 4
    endloop
  endfacet
  facet normal 0 0 1
    outer loop
      vertex -12 1.5 4
      vertex -0.697832 -0.850311 4
      vertex -0.777817 -0.777817 4
    endloop
  endfacet
  facet normal 0 0 1
    outer loop
      vertex -1.0947 0.107819 4
      vertex -12 1.5 4
      vertex -1.1 0 4
    endloop
  endfacet
  facet normal 0 0 1
    outer loop
      vertex -1.1 0 4
      vertex -12 1.5 4
      vertex -1.0947 -0.107819 4
    endloop
  endfacet
  facet normal 0 0 1
    outer loop
      vertex -1.0947 -0.107819 4
      vertex -12 1.5 4
      vertex -1.07886 -0.214599 4
    endloop
  endfacet
  facet normal 0 0 1
    outer loop
      vertex -1.07886 -0.214599 4
      vertex -12 1.5 4
      vertex -1.05263 -0.319313 4
    endloop
  endfacet
  facet normal 0 0 1
    outer loop
      vertex -1.05263 -0.319313 4
      vertex -12 1.5 4
      vertex -1.01627 -0.420951 4
    endloop
  endfacet
  facet normal 0 0 1
    outer loop
      vertex -1.01627 -0.420951 4
      vertex -12 1.5 4
      vertex -0.970113 -0.518536 4
    endloop
  endfacet
  facet normal 0 0 1
    outer loop
      vertex -0.970113 -0.518536 4
      vertex -12 1.5 4
      vertex -0.914616 -0.611127 4
    endloop
  endfacet
  facet normal 0 0 1
    outer loop
      vertex -0.914616 -0.611127 4
      vertex -12 1.5 4
      vertex -0.850311 -0.697832 4
    endloop
  endfacet
  facet normal 0 0 1
    outer loop
      vertex -0.850311 -0.697832 4
      vertex -12 1.5 4
      vertex -0.777817 -0.777817 4
    endloop
  endfacet
  facet normal 0 0 1
    outer loop
      vertex -0.611127 -0.914616 4
      vertex -12 1.5 4
      vertex -23.0433 -15.1178 4
    endloop
  endfacet
  facet normal 0 0 1
    outer loop
      vertex -0.319313 -1.05263 4
      vertex -23 -16 4
      vertex -23.0433 -16.8822 4
    endloop
  endfacet
  facet normal 0 0 1
    outer loop
      vertex -0.214599 -1.07886 4
      vertex -23.0433 -16.8822 4
      vertex -23.1729 -17.7558 4
    endloop
  endfacet
  facet normal 0 0 1
    outer loop
      vertex -0.107819 -1.0947 4
      vertex -23.1729 -17.7558 4
      vertex -23.3875 -18.6126 4
    endloop
  endfacet
  facet normal 0 0 1
    outer loop
      vertex 23.6851 -19.4441 4
      vertex -23.6851 -19.4441 4
      vertex 24.0627 -20.2426 4
    endloop
  endfacet
  facet normal 0 0 1
    outer loop
      vertex -24.0627 -20.2426 4
      vertex 24.0627 -20.2426 4
      vertex -23.6851 -19.4441 4
    endloop
  endfacet
  facet normal 0 0 1
    outer loop
      vertex -24.5168 -21.0001 4
      vertex 24.0627 -20.2426 4
      vertex -24.0627 -20.2426 4
    endloop
  endfacet
  facet normal 0 0 1
    outer loop
      vertex 24.5168 -21.0001 4
      vertex -24.5168 -21.0001 4
      vertex -25.0429 -21.7095 4
    endloop
  endfacet
  facet normal 0 0 1
    outer loop
      vertex 25.0429 -21.7095 4
      vertex -25.0429 -21.7095 4
      vertex 32 -34.5 4
    endloop
  endfacet
  facet normal 0 0 1
    outer loop
      vertex -32 -34.5 4
      vertex -25.0429 -21.7095 4
      vertex -25.636 -22.364 4
    endloop
  endfacet
  facet normal 0 0 1
    outer loop
      vertex -32 -34.5 4
      vertex -25.636 -22.364 4
      vertex -26.2905 -22.9571 4
    endloop
  endfacet
  facet normal 0 0 1
    outer loop
      vertex -32 -34.5 4
      vertex -26.2905 -22.9571 4
      vertex -26.9999 -23.4832 4
    endloop
  endfacet
  facet normal 0 0 1
    outer loop
      vertex -32 -34.5 4
      vertex -26.9999 -23.4832 4
      vertex -27.7574 -23.9373 4
    endloop
  endfacet
  facet normal 0 0 1
    outer loop
      vertex -32 -34.5 4
      vertex -27.7574 -23.9373 4
      vertex -28.5558 -24.3149 4
    endloop
  endfacet
  facet normal 0 0 1
    outer loop
      vertex -32 -34.5 4
      vertex -28.5558 -24.3149 4
      vertex -29.3874 -24.6125 4
    endloop
  endfacet
  facet normal 0 0 1
    outer loop
      vertex -32 -34.5 4
      vertex -29.3874 -24.6125 4
      vertex -30.2442 -24.8271 4
    endloop
  endfacet
  facet normal 0 0 1
    outer loop
      vertex -32 -34.5 4
      vertex -30.2442 -24.8271 4
      vertex -31.1178 -24.9567 4
    endloop
  endfacet
  facet normal 0 0 1
    outer loop
      vertex -32 -34.5 4
      vertex -31.1178 -24.9567 4
      vertex -32 -25 4
    endloop
  endfacet
  facet normal 0 0 1
    outer loop
      vertex -25.0429 -21.7095 4
      vertex -32 -34.5 4
      vertex 32 -34.5 4
    endloop
  endfacet
  facet normal 0 0 1
    outer loop
      vertex -32.8822 -24.9567 4
      vertex -32 -34.5 4
      vertex -32 -25 4
    endloop
  endfacet
  facet normal 0 0 1
    outer loop
      vertex -33.7558 -24.8271 4
      vertex -32 -34.5 4
      vertex -32.8822 -24.9567 4
    endloop
  endfacet
  facet normal 0 0 1
    outer loop
      vertex -34.6126 -24.6125 4
      vertex -32 -34.5 4
      vertex -33.7558 -24.8271 4
    endloop
  endfacet
  facet normal 0 0 1
    outer loop
      vertex -35.4441 -24.3149 4
      vertex -32 -34.5 4
      vertex -34.6126 -24.6125 4
    endloop
  endfacet
  facet normal 0 -0 1
    outer loop
      vertex -38.8909 -38.8909 4
      vertex -32 -34.5 4
      vertex -40.7523 -36.9357 4
    endloop
  endfacet
  facet normal 0 0 1
    outer loop
      vertex -32 -37.5 4
      vertex -34.8916 -42.5156 4
      vertex -32.7635 -44.1764 4
    endloop
  endfacet
  facet normal 0 0 1
    outer loop
      vertex -32 -34.5 4
      vertex -35.4441 -24.3149 4
      vertex -42.5156 -34.8916 4
    endloop
  endfacet
  facet normal 0 0 1
    outer loop
      vertex -44.1764 -32.7635 4
      vertex -35.4441 -24.3149 4
      vertex -36.2426 -23.9373 4
    endloop
  endfacet
  facet normal 0 0 1
    outer loop
      vertex -32 -37.5 4
      vertex -36.9357 -40.7523 4
      vertex -34.8916 -42.5156 4
    endloop
  endfacet
  facet normal 0 0 1
    outer loop
      vertex -44.1764 -32.7635 4
      vertex -36.2426 -23.9373 4
      vertex -37.0001 -23.4832 4
    endloop
  endfacet
  facet normal 0 0 1
    outer loop
      vertex -45.7308 -30.5564 4
      vertex -37.0001 -23.4832 4
      vertex -37.7095 -22.9571 4
    endloop
  endfacet
  facet normal 0 0 1
    outer loop
      vertex -45.7308 -30.5564 4
      vertex -37.7095 -22.9571 4
      vertex -38.364 -22.364 4
    endloop
  endfacet
  facet normal 0 0 1
    outer loop
      vertex -32 -37.5 4
      vertex -38.8909 -38.8909 4
      vertex -36.9357 -40.7523 4
    endloop
  endfacet
  facet normal 0 0 1
    outer loop
      vertex -47.1751 -28.2757 4
      vertex -38.364 -22.364 4
      vertex -38.9571 -21.7095 4
    endloop
  endfacet
  facet normal 0 0 1
    outer loop
      vertex -48.5057 -25.9268 4
      vertex -38.9571 -21.7095 4
      vertex -39.4832 -21.0001 4
    endloop
  endfacet
  facet normal 0 0 1
    outer loop
      vertex -48.5057 -25.9268 4
      vertex -39.4832 -21.0001 4
      vertex -39.9373 -20.2426 4
    endloop
  endfacet
  facet normal 0 0 1
    outer loop
      vertex -49.7194 -23.5155 4
      vertex -39.9373 -20.2426 4
      vertex -40.3149 -19.4441 4
    endloop
  endfacet
  facet normal 0 0 1
    outer loop
      vertex -49.7194 -23.5155 4
      vertex -40.3149 -19.4441 4
      vertex -40.6125 -18.6126 4
    endloop
  endfacet
  facet normal 0 0 1
    outer loop
      vertex -32 -34.5 4
      vertex -38.8909 -38.8909 4
      vertex -32 -37.5 4
    endloop
  endfacet
  facet normal 0 0 1
    outer loop
      vertex -50.8134 -21.0476 4
      vertex -40.6125 -18.6126 4
      vertex -40.8271 -17.7558 4
    endloop
  endfacet
  facet normal 0 0 1
    outer loop
      vertex -50.8134 -21.0476 4
      vertex -40.8271 -17.7558 4
      vertex -40.9567 -16.8822 4
    endloop
  endfacet
  facet normal 0 0 1
    outer loop
      vertex -51.7849 -18.5289 4
      vertex -40.9567 -16.8822 4
      vertex -41 -16 4
    endloop
  endfacet
  facet normal 0 0 1
    outer loop
      vertex -52.6317 15.9657 4
      vertex -41 16 4
      vertex -51.7849 18.5289 4
    endloop
  endfacet
  facet normal 0 0 1
    outer loop
      vertex -32 -34.5 4
      vertex -42.5156 -34.8916 4
      vertex -40.7523 -36.9357 4
    endloop
  endfacet
  facet normal 0 0 1
    outer loop
      vertex -41 16 4
      vertex -52.6317 15.9657 4
      vertex -40.9567 15.1178 4
    endloop
  endfacet
  facet normal 0 0 1
    outer loop
      vertex -35.4441 -24.3149 4
      vertex -44.1764 -32.7635 4
      vertex -42.5156 -34.8916 4
    endloop
  endfacet
  facet normal 0 0 1
    outer loop
      vertex -40.9567 15.1178 4
      vertex -52.6317 15.9657 4
      vertex -40.8271 14.2442 4
    endloop
  endfacet
  facet normal 0 0 1
    outer loop
      vertex -37.0001 -23.4832 4
      vertex -45.7308 -30.5564 4
      vertex -44.1764 -32.7635 4
    endloop
  endfacet
  facet normal 0 0 1
    outer loop
      vertex -53.3517 13.3639 4
      vertex -40.8271 14.2442 4
      vertex -52.6317 15.9657 4
    endloop
  endfacet
  facet normal 0 0 1
    outer loop
      vertex -38.364 -22.364 4
      vertex -47.1751 -28.2757 4
      vertex -45.7308 -30.5564 4
    endloop
  endfacet
  facet normal 0 0 1
    outer loop
      vertex -40.8271 14.2442 4
      vertex -53.3517 13.3639 4
      vertex -40.6125 13.3874 4
    endloop
  endfacet
  facet normal 0 0 1
    outer loop
      vertex -38.9571 -21.7095 4
      vertex -48.5057 -25.9268 4
      vertex -47.1751 -28.2757 4
    endloop
  endfacet
  facet normal 0 0 1
    outer loop
      vertex -53.9432 10.73 4
      vertex -40.6125 13.3874 4
      vertex -53.3517 13.3639 4
    endloop
  endfacet
  facet normal 0 0 1
    outer loop
      vertex -39.9373 -20.2426 4
      vertex -49.7194 -23.5155 4
      vertex -48.5057 -25.9268 4
    endloop
  endfacet
  facet normal 0 0 1
    outer loop
      vertex -54.4047 8.07018 4
      vertex -40.6125 13.3874 4
      vertex -53.9432 10.73 4
    endloop
  endfacet
  facet normal 0 0 1
    outer loop
      vertex -40.6125 -18.6126 4
      vertex -50.8134 -21.0476 4
      vertex -49.7194 -23.5155 4
    endloop
  endfacet
  facet normal 0 0 1
    outer loop
      vertex -54.7352 5.39094 4
      vertex -40.6125 13.3874 4
      vertex -54.4047 8.07018 4
    endloop
  endfacet
  facet normal 0 0 1
    outer loop
      vertex -40.9567 -16.8822 4
      vertex -51.7849 -18.5289 4
      vertex -50.8134 -21.0476 4
    endloop
  endfacet
  facet normal 0 0 1
    outer loop
      vertex -54.9338 2.69872 4
      vertex -40.6125 13.3874 4
      vertex -54.7352 5.39094 4
    endloop
  endfacet
  facet normal 0 0 1
    outer loop
      vertex -41 -16 4
      vertex -52.6317 -15.9657 4
      vertex -51.7849 -18.5289 4
    endloop
  endfacet
  facet normal 0 0 1
    outer loop
      vertex -55 0 4
      vertex -40.6125 13.3874 4
      vertex -54.9338 2.69872 4
    endloop
  endfacet
  facet normal 0 0 1
    outer loop
      vertex -40.9567 -15.1178 4
      vertex -52.6317 -15.9657 4
      vertex -41 -16 4
    endloop
  endfacet
  facet normal 0 0 1
    outer loop
      vertex -40.6125 13.3874 4
      vertex -55 0 4
      vertex -40.6125 -13.3874 4
    endloop
  endfacet
  facet normal 0 0 1
    outer loop
      vertex -40.8271 -14.2442 4
      vertex -52.6317 -15.9657 4
      vertex -40.9567 -15.1178 4
    endloop
  endfacet
  facet normal -0 -0 1
    outer loop
      vertex -54.9338 -2.69872 4
      vertex -40.6125 -13.3874 4
      vertex -55 0 4
    endloop
  endfacet
  facet normal 0 -0 1
    outer loop
      vertex -52.6317 -15.9657 4
      vertex -40.8271 -14.2442 4
      vertex -53.3517 -13.3639 4
    endloop
  endfacet
  facet normal -0 -0 1
    outer loop
      vertex -54.7352 -5.39094 4
      vertex -40.6125 -13.3874 4
      vertex -54.9338 -2.69872 4
    endloop
  endfacet
  facet normal 0 0 1
    outer loop
      vertex -40.6125 -13.3874 4
      vertex -53.3517 -13.3639 4
      vertex -40.8271 -14.2442 4
    endloop
  endfacet
  facet normal -0 -0 1
    outer loop
      vertex -54.4047 -8.07018 4
      vertex -40.6125 -13.3874 4
      vertex -54.7352 -5.39094 4
    endloop
  endfacet
  facet normal -0 -0 1
    outer loop
      vertex -53.3517 -13.3639 4
      vertex -40.6125 -13.3874 4
      vertex -53.9432 -10.73 4
    endloop
  endfacet
  facet normal -0 -0 1
    outer loop
      vertex -53.9432 -10.73 4
      vertex -40.6125 -13.3874 4
      vertex -54.4047 -8.07018 4
    endloop
  endfacet
  facet normal 0 0 1
    outer loop
      vertex 30.5564 45.7308 4
      vertex 32 37.5 4
      vertex 32.7635 44.1764 4
    endloop
  endfacet
  facet normal 0 0 1
    outer loop
      vertex 25.5 37.5 4
      vertex 30.5564 45.7308 4
      vertex 28.2757 47.1751 4
    endloop
  endfacet
  facet normal 0 0 1
    outer loop
      vertex 25.5 37.5 4
      vertex 28.2757 47.1751 4
      vertex 25.9268 48.5057 4
    endloop
  endfacet
  facet normal 0 0 1
    outer loop
      vertex 25.5 37.5 4
      vertex 25.9268 48.5057 4
      vertex 25.5 48.7205 4
    endloop
  endfacet
  facet normal 0 0 1
    outer loop
      vertex 30.5564 45.7308 4
      vertex 25.5 37.5 4
      vertex 32 37.5 4
    endloop
  endfacet
  facet normal 0 0 1
    outer loop
      vertex 53.9432 10.73 4
      vertex 39.9373 11.7574 4
      vertex 54.4047 8.07018 4
    endloop
  endfacet
  facet normal 0 0 1
    outer loop
      vertex 55 0 4
      vertex 40.9567 -15.1178 4
      vertex 41 -16 4
    endloop
  endfacet
  facet normal -0 0 1
    outer loop
      vertex 39.4832 10.9999 4
      vertex 54.4047 8.07018 4
      vertex 39.9373 11.7574 4
    endloop
  endfacet
  facet normal 0 0 1
    outer loop
      vertex 55 0 4
      vertex 40.8271 -14.2442 4
      vertex 40.9567 -15.1178 4
    endloop
  endfacet
  facet normal 0 0 1
    outer loop
      vertex 54.4047 8.07018 4
      vertex 39.4832 10.9999 4
      vertex 54.7352 5.39094 4
    endloop
  endfacet
  facet normal 0 0 1
    outer loop
      vertex 55 0 4
      vertex 40.6125 -13.3874 4
      vertex 40.8271 -14.2442 4
    endloop
  endfacet
  facet normal -0 0 1
    outer loop
      vertex 38.9571 10.2905 4
      vertex 54.7352 5.39094 4
      vertex 39.4832 10.9999 4
    endloop
  endfacet
  facet normal 0 0 1
    outer loop
      vertex 55 0 4
      vertex 40.3149 -12.5558 4
      vertex 40.6125 -13.3874 4
    endloop
  endfacet
  facet normal -0 0 1
    outer loop
      vertex 38.364 9.63604 4
      vertex 54.7352 5.39094 4
      vertex 38.9571 10.2905 4
    endloop
  endfacet
  facet normal 0 0 1
    outer loop
      vertex 55 0 4
      vertex 39.9373 -11.7574 4
      vertex 40.3149 -12.5558 4
    endloop
  endfacet
  facet normal 0 0 1
    outer loop
      vertex 54.7352 5.39094 4
      vertex 38.364 9.63604 4
      vertex 54.9338 2.69872 4
    endloop
  endfacet
  facet normal 0 0 1
    outer loop
      vertex 55 0 4
      vertex 39.4832 -10.9999 4
      vertex 39.9373 -11.7574 4
    endloop
  endfacet
  facet normal -0 0 1
    outer loop
      vertex 37.7095 9.04291 4
      vertex 54.9338 2.69872 4
      vertex 38.364 9.63604 4
    endloop
  endfacet
  facet normal 0 0 1
    outer loop
      vertex 55 0 4
      vertex 38.9571 -10.2905 4
      vertex 39.4832 -10.9999 4
    endloop
  endfacet
  facet normal 0 0 1
    outer loop
      vertex 54.9338 2.69872 4
      vertex 37.7095 9.04291 4
      vertex 55 0 4
    endloop
  endfacet
  facet normal 0 0 1
    outer loop
      vertex 55 0 4
      vertex 38.364 -9.63604 4
      vertex 38.9571 -10.2905 4
    endloop
  endfacet
  facet normal 0 0 1
    outer loop
      vertex 37.7095 -9.04291 4
      vertex 55 0 4
      vertex 37.7095 9.04291 4
    endloop
  endfacet
  facet normal 0 0 1
    outer loop
      vertex 55 0 4
      vertex 37.7095 -9.04291 4
      vertex 38.364 -9.63604 4
    endloop
  endfacet
  facet normal -0 0 1
    outer loop
      vertex 37.0001 8.51677 4
      vertex 37.7095 -9.04291 4
      vertex 37.7095 9.04291 4
    endloop
  endfacet
  facet normal 0 0 1
    outer loop
      vertex 37.0001 8.51677 4
      vertex 37.0001 -8.51677 4
      vertex 37.7095 -9.04291 4
    endloop
  endfacet
  facet normal -0 0 1
    outer loop
      vertex 36.2426 8.06271 4
      vertex 37.0001 -8.51677 4
      vertex 37.0001 8.51677 4
    endloop
  endfacet
  facet normal 0 0 1
    outer loop
      vertex 36.2426 8.06271 4
      vertex 36.2426 -8.06271 4
      vertex 37.0001 -8.51677 4
    endloop
  endfacet
  facet normal -0 0 1
    outer loop
      vertex 35.4441 7.68508 4
      vertex 36.2426 -8.06271 4
      vertex 36.2426 8.06271 4
    endloop
  endfacet
  facet normal 0 0 1
    outer loop
      vertex 35.4441 7.68508 4
      vertex 35.4441 -7.68508 4
      vertex 36.2426 -8.06271 4
    endloop
  endfacet
  facet normal -0 0 1
    outer loop
      vertex 34.6126 7.38754 4
      vertex 35.4441 -7.68508 4
      vertex 35.4441 7.68508 4
    endloop
  endfacet
  facet normal 0 0 1
    outer loop
      vertex 34.6126 7.38754 4
      vertex 34.6126 -7.38754 4
      vertex 35.4441 -7.68508 4
    endloop
  endfacet
  facet normal -0 0 1
    outer loop
      vertex 33.7558 7.17293 4
      vertex 34.6126 -7.38754 4
      vertex 34.6126 7.38754 4
    endloop
  endfacet
  facet normal 0 0 1
    outer loop
      vertex 33.7558 7.17293 4
      vertex 33.7558 -7.17293 4
      vertex 34.6126 -7.38754 4
    endloop
  endfacet
  facet normal -0 0 1
    outer loop
      vertex 32.8822 7.04334 4
      vertex 33.7558 -7.17293 4
      vertex 33.7558 7.17293 4
    endloop
  endfacet
  facet normal 0 0 1
    outer loop
      vertex 32.8822 7.04334 4
      vertex 32.8822 -7.04334 4
      vertex 33.7558 -7.17293 4
    endloop
  endfacet
  facet normal -0 0 1
    outer loop
      vertex 32 7 4
      vertex 32.8822 -7.04334 4
      vertex 32.8822 7.04334 4
    endloop
  endfacet
  facet normal 0 0 1
    outer loop
      vertex 32 7 4
      vertex 32 -7 4
      vertex 32.8822 -7.04334 4
    endloop
  endfacet
  facet normal 0 0 1
    outer loop
      vertex 31.1178 7.04334 4
      vertex 32 -7 4
      vertex 32 7 4
    endloop
  endfacet
  facet normal 0 0 1
    outer loop
      vertex 31.1178 7.04334 4
      vertex 31.1178 -7.04334 4
      vertex 32 -7 4
    endloop
  endfacet
  facet normal 0 0 1
    outer loop
      vertex 30.2442 7.17293 4
      vertex 31.1178 -7.04334 4
      vertex 31.1178 7.04334 4
    endloop
  endfacet
  facet normal 0 0 1
    outer loop
      vertex 30.2442 7.17293 4
      vertex 30.2442 -7.17293 4
      vertex 31.1178 -7.04334 4
    endloop
  endfacet
  facet normal 0 0 1
    outer loop
      vertex 29.3874 7.38754 4
      vertex 30.2442 -7.17293 4
      vertex 30.2442 7.17293 4
    endloop
  endfacet
  facet normal 0 0 1
    outer loop
      vertex 29.3874 7.38754 4
      vertex 29.3874 -7.38754 4
      vertex 30.2442 -7.17293 4
    endloop
  endfacet
  facet normal 0 0 1
    outer loop
      vertex 28.5558 7.68508 4
      vertex 29.3874 -7.38754 4
      vertex 29.3874 7.38754 4
    endloop
  endfacet
  facet normal 0 0 1
    outer loop
      vertex 28.5558 7.68508 4
      vertex 28.5558 -7.68508 4
      vertex 29.3874 -7.38754 4
    endloop
  endfacet
  facet normal 0 0 1
    outer loop
      vertex 27.7574 8.06271 4
      vertex 28.5558 -7.68508 4
      vertex 28.5558 7.68508 4
    endloop
  endfacet
  facet normal 0 0 1
    outer loop
      vertex 27.7574 8.06271 4
      vertex 27.7574 -8.06271 4
      vertex 28.5558 -7.68508 4
    endloop
  endfacet
  facet normal 0 0 1
    outer loop
      vertex 26.9999 8.51677 4
      vertex 27.7574 -8.06271 4
      vertex 27.7574 8.06271 4
    endloop
  endfacet
  facet normal 0 0 1
    outer loop
      vertex 26.9999 8.51677 4
      vertex 26.9999 -8.51677 4
      vertex 27.7574 -8.06271 4
    endloop
  endfacet
  facet normal 0 0 1
    outer loop
      vertex 26.2905 9.04291 4
      vertex 26.9999 -8.51677 4
      vertex 26.9999 8.51677 4
    endloop
  endfacet
  facet normal 0 0 1
    outer loop
      vertex 26.2905 9.04291 4
      vertex 26.2905 -9.04291 4
      vertex 26.9999 -8.51677 4
    endloop
  endfacet
  facet normal 0 0 1
    outer loop
      vertex 25.636 9.63604 4
      vertex 26.2905 -9.04291 4
      vertex 26.2905 9.04291 4
    endloop
  endfacet
  facet normal 0 0 1
    outer loop
      vertex 25.636 9.63604 4
      vertex 25.636 -9.63604 4
      vertex 26.2905 -9.04291 4
    endloop
  endfacet
  facet normal 0 0 1
    outer loop
      vertex 1.1 0 4
      vertex 25.636 9.63604 4
      vertex 25.0429 10.2905 4
    endloop
  endfacet
  facet normal 0 0 1
    outer loop
      vertex 25.636 9.63604 4
      vertex 1.1 0 4
      vertex 25.636 -9.63604 4
    endloop
  endfacet
  facet normal 0 0 1
    outer loop
      vertex 1.07886 0.214599 4
      vertex 25.0429 10.2905 4
      vertex 24.5168 10.9999 4
    endloop
  endfacet
  facet normal 0 0 1
    outer loop
      vertex 25.636 -9.63604 4
      vertex 1.1 0 4
      vertex 25.0429 -10.2905 4
    endloop
  endfacet
  facet normal 0 0 1
    outer loop
      vertex 1.05263 0.319313 4
      vertex 24.5168 10.9999 4
      vertex 24.0627 11.7574 4
    endloop
  endfacet
  facet normal -0 0 1
    outer loop
      vertex 1.0947 -0.107819 4
      vertex 25.0429 -10.2905 4
      vertex 1.1 0 4
    endloop
  endfacet
  facet normal 0 0 1
    outer loop
      vertex 0.970113 0.518536 4
      vertex 24.0627 11.7574 4
      vertex 23.6851 12.5558 4
    endloop
  endfacet
  facet normal -0 0 1
    outer loop
      vertex 1.07886 -0.214599 4
      vertex 25.0429 -10.2905 4
      vertex 1.0947 -0.107819 4
    endloop
  endfacet
  facet normal 0 0 1
    outer loop
      vertex 0.850311 0.697832 4
      vertex 23.6851 12.5558 4
      vertex 23.3875 13.3874 4
    endloop
  endfacet
  facet normal 0 0 1
    outer loop
      vertex 25.0429 -10.2905 4
      vertex 1.07886 -0.214599 4
      vertex 24.5168 -10.9999 4
    endloop
  endfacet
  facet normal 0 0 1
    outer loop
      vertex 0.777817 0.777817 4
      vertex 23.3875 13.3874 4
      vertex 23.1729 14.2442 4
    endloop
  endfacet
  facet normal -0 0 1
    outer loop
      vertex 1.05263 -0.319313 4
      vertex 24.5168 -10.9999 4
      vertex 1.07886 -0.214599 4
    endloop
  endfacet
  facet normal 0 0 1
    outer loop
      vertex 0.611127 0.914616 4
      vertex 23.1729 14.2442 4
      vertex 23.0433 15.1178 4
    endloop
  endfacet
  facet normal 0 0 1
    outer loop
      vertex 24.5168 -10.9999 4
      vertex 1.05263 -0.319313 4
      vertex 24.0627 -11.7574 4
    endloop
  endfacet
  facet normal 0 0 1
    outer loop
      vertex 0.518536 0.970113 4
      vertex 23.0433 15.1178 4
      vertex 23 16 4
    endloop
  endfacet
  facet normal -0 0 1
    outer loop
      vertex 1.01627 -0.420951 4
      vertex 24.0627 -11.7574 4
      vertex 1.05263 -0.319313 4
    endloop
  endfacet
  facet normal 0 0 1
    outer loop
      vertex 53.3517 13.3639 4
      vertex 40.3149 12.5558 4
      vertex 53.9432 10.73 4
    endloop
  endfacet
  facet normal 0 0 1
    outer loop
      vertex 40.3149 12.5558 4
      vertex 53.3517 13.3639 4
      vertex 40.6125 13.3874 4
    endloop
  endfacet
  facet normal -0 0 1
    outer loop
      vertex 39.9373 11.7574 4
      vertex 53.9432 10.73 4
      vertex 40.3149 12.5558 4
    endloop
  endfacet
  facet normal -0 0 1
    outer loop
      vertex 40.6125 13.3874 4
      vertex 53.3517 13.3639 4
      vertex 40.8271 14.2442 4
    endloop
  endfacet
  facet normal 0 0 1
    outer loop
      vertex 55 0 4
      vertex 41 -16 4
      vertex 54.9338 -2.69872 4
    endloop
  endfacet
  facet normal 0 0 1
    outer loop
      vertex 52.6317 15.9657 4
      vertex 40.8271 14.2442 4
      vertex 53.3517 13.3639 4
    endloop
  endfacet
  facet normal 0 0 1
    outer loop
      vertex 54.9338 -2.69872 4
      vertex 41 -16 4
      vertex 54.7352 -5.39094 4
    endloop
  endfacet
  facet normal 0 0 1
    outer loop
      vertex 40.8271 14.2442 4
      vertex 52.6317 15.9657 4
      vertex 40.9567 15.1178 4
    endloop
  endfacet
  facet normal 0 0 1
    outer loop
      vertex 54.7352 -5.39094 4
      vertex 41 -16 4
      vertex 54.4047 -8.07018 4
    endloop
  endfacet
  facet normal 0 0 1
    outer loop
      vertex 40.9567 15.1178 4
      vertex 52.6317 15.9657 4
      vertex 41 16 4
    endloop
  endfacet
  facet normal 0 0 1
    outer loop
      vertex 54.4047 -8.07018 4
      vertex 41 -16 4
      vertex 53.9432 -10.73 4
    endloop
  endfacet
  facet normal -0 0 1
    outer loop
      vertex 41 16 4
      vertex 52.6317 15.9657 4
      vertex 51.7849 18.5289 4
    endloop
  endfacet
  facet normal 0 0 1
    outer loop
      vertex 53.9432 -10.73 4
      vertex 41 -16 4
      vertex 53.3517 -13.3639 4
    endloop
  endfacet
  facet normal 0 0 1
    outer loop
      vertex 40.9567 16.8822 4
      vertex 51.7849 18.5289 4
      vertex 50.8134 21.0476 4
    endloop
  endfacet
  facet normal 0 0 1
    outer loop
      vertex 53.3517 -13.3639 4
      vertex 41 -16 4
      vertex 52.6317 -15.9657 4
    endloop
  endfacet
  facet normal 0 0 1
    outer loop
      vertex 40.6125 18.6126 4
      vertex 50.8134 21.0476 4
      vertex 49.7194 23.5155 4
    endloop
  endfacet
  facet normal 0 0 1
    outer loop
      vertex 52.6317 -15.9657 4
      vertex 41 -16 4
      vertex 51.7849 -18.5289 4
    endloop
  endfacet
  facet normal 0 0 1
    outer loop
      vertex 39.9373 20.2426 4
      vertex 49.7194 23.5155 4
      vertex 48.5057 25.9268 4
    endloop
  endfacet
  facet normal -0 0 1
    outer loop
      vertex 40.9567 -16.8822 4
      vertex 51.7849 -18.5289 4
      vertex 41 -16 4
    endloop
  endfacet
  facet normal 0 0 1
    outer loop
      vertex 38.9571 21.7095 4
      vertex 48.5057 25.9268 4
      vertex 47.1751 28.2757 4
    endloop
  endfacet
  facet normal 0 0 1
    outer loop
      vertex 51.7849 -18.5289 4
      vertex 40.9567 -16.8822 4
      vertex 50.8134 -21.0476 4
    endloop
  endfacet
  facet normal 0 0 1
    outer loop
      vertex 38.364 22.364 4
      vertex 47.1751 28.2757 4
      vertex 45.7308 30.5564 4
    endloop
  endfacet
  facet normal -0 0 1
    outer loop
      vertex 40.8271 -17.7558 4
      vertex 50.8134 -21.0476 4
      vertex 40.9567 -16.8822 4
    endloop
  endfacet
  facet normal 0 0 1
    outer loop
      vertex 37.0001 23.4832 4
      vertex 45.7308 30.5564 4
      vertex 44.1764 32.7635 4
    endloop
  endfacet
  facet normal -0 0 1
    outer loop
      vertex 40.6125 -18.6126 4
      vertex 50.8134 -21.0476 4
      vertex 40.8271 -17.7558 4
    endloop
  endfacet
  facet normal 0 0 1
    outer loop
      vertex 35.4441 24.3149 4
      vertex 44.1764 32.7635 4
      vertex 42.5156 34.8916 4
    endloop
  endfacet
  facet normal 0 0 1
    outer loop
      vertex 50.8134 -21.0476 4
      vertex 40.6125 -18.6126 4
      vertex 49.7194 -23.5155 4
    endloop
  endfacet
  facet normal -0 0 1
    outer loop
      vertex 40.3149 -19.4441 4
      vertex 49.7194 -23.5155 4
      vertex 40.6125 -18.6126 4
    endloop
  endfacet
  facet normal 0 0 1
    outer loop
      vertex 51.7849 18.5289 4
      vertex 40.9567 16.8822 4
      vertex 41 16 4
    endloop
  endfacet
  facet normal 0 0 1
    outer loop
      vertex 50.8134 21.0476 4
      vertex 40.8271 17.7558 4
      vertex 40.9567 16.8822 4
    endloop
  endfacet
  facet normal 0 0 1
    outer loop
      vertex 32 34.5 4
      vertex 42.5156 34.8916 4
      vertex 40.7523 36.9357 4
    endloop
  endfacet
  facet normal 0 0 1
    outer loop
      vertex 50.8134 21.0476 4
      vertex 40.6125 18.6126 4
      vertex 40.8271 17.7558 4
    endloop
  endfacet
  facet normal 0 0 1
    outer loop
      vertex 49.7194 23.5155 4
      vertex 40.3149 19.4441 4
      vertex 40.6125 18.6126 4
    endloop
  endfacet
  facet normal 0 0 1
    outer loop
      vertex 49.7194 23.5155 4
      vertex 39.9373 20.2426 4
      vertex 40.3149 19.4441 4
    endloop
  endfacet
  facet normal 0 0 1
    outer loop
      vertex 48.5057 25.9268 4
      vertex 39.4832 21.0001 4
      vertex 39.9373 20.2426 4
    endloop
  endfacet
  facet normal 0 0 1
    outer loop
      vertex 48.5057 25.9268 4
      vertex 38.9571 21.7095 4
      vertex 39.4832 21.0001 4
    endloop
  endfacet
  facet normal 0 0 1
    outer loop
      vertex 32 34.5 4
      vertex 40.7523 36.9357 4
      vertex 38.8909 38.8909 4
    endloop
  endfacet
  facet normal 0 0 1
    outer loop
      vertex 47.1751 28.2757 4
      vertex 38.364 22.364 4
      vertex 38.9571 21.7095 4
    endloop
  endfacet
  facet normal 0 0 1
    outer loop
      vertex 45.7308 30.5564 4
      vertex 37.7095 22.9571 4
      vertex 38.364 22.364 4
    endloop
  endfacet
  facet normal 0 0 1
    outer loop
      vertex 45.7308 30.5564 4
      vertex 37.0001 23.4832 4
      vertex 37.7095 22.9571 4
    endloop
  endfacet
  facet normal 0 0 1
    outer loop
      vertex 32 37.5 4
      vertex 38.8909 38.8909 4
      vertex 36.9357 40.7523 4
    endloop
  endfacet
  facet normal 0 0 1
    outer loop
      vertex 44.1764 32.7635 4
      vertex 36.2426 23.9373 4
      vertex 37.0001 23.4832 4
    endloop
  endfacet
  facet normal 0 0 1
    outer loop
      vertex 42.5156 34.8916 4
      vertex 32 34.5 4
      vertex 35.4441 24.3149 4
    endloop
  endfacet
  facet normal 0 0 1
    outer loop
      vertex 32 37.5 4
      vertex 36.9357 40.7523 4
      vertex 34.8916 42.5156 4
    endloop
  endfacet
  facet normal 0 0 1
    outer loop
      vertex 44.1764 32.7635 4
      vertex 35.4441 24.3149 4
      vertex 36.2426 23.9373 4
    endloop
  endfacet
  facet normal 0 0 1
    outer loop
      vertex 35.4441 24.3149 4
      vertex 32 34.5 4
      vertex 34.6126 24.6125 4
    endloop
  endfacet
  facet normal 0 0 1
    outer loop
      vertex 34.6126 24.6125 4
      vertex 32 34.5 4
      vertex 33.7558 24.8271 4
    endloop
  endfacet
  facet normal 0 0 1
    outer loop
      vertex 32 37.5 4
      vertex 34.8916 42.5156 4
      vertex 32.7635 44.1764 4
    endloop
  endfacet
  facet normal 0 0 1
    outer loop
      vertex 38.8909 38.8909 4
      vertex 32 37.5 4
      vertex 32 34.5 4
    endloop
  endfacet
  facet normal 0 0 1
    outer loop
      vertex 33.7558 24.8271 4
      vertex 32 34.5 4
      vertex 32.8822 24.9567 4
    endloop
  endfacet
  facet normal 0 0 1
    outer loop
      vertex 32 34.5 4
      vertex 32 25 4
      vertex 32.8822 24.9567 4
    endloop
  endfacet
  facet normal 0 0 1
    outer loop
      vertex 32 34.5 4
      vertex 31.1178 24.9567 4
      vertex 32 25 4
    endloop
  endfacet
  facet normal 0 0 1
    outer loop
      vertex 32 34.5 4
      vertex 30.2442 24.8271 4
      vertex 31.1178 24.9567 4
    endloop
  endfacet
  facet normal 0 0 1
    outer loop
      vertex 32 34.5 4
      vertex 29.3874 24.6125 4
      vertex 30.2442 24.8271 4
    endloop
  endfacet
  facet normal 0 0 1
    outer loop
      vertex 32 34.5 4
      vertex 28.5558 24.3149 4
      vertex 29.3874 24.6125 4
    endloop
  endfacet
  facet normal 0 0 1
    outer loop
      vertex 32 34.5 4
      vertex 27.7574 23.9373 4
      vertex 28.5558 24.3149 4
    endloop
  endfacet
  facet normal 0 0 1
    outer loop
      vertex 32 34.5 4
      vertex 26.9999 23.4832 4
      vertex 27.7574 23.9373 4
    endloop
  endfacet
  facet normal 0 0 1
    outer loop
      vertex 32 34.5 4
      vertex 26.2905 22.9571 4
      vertex 26.9999 23.4832 4
    endloop
  endfacet
  facet normal 0 0 1
    outer loop
      vertex 32 34.5 4
      vertex 25.636 22.364 4
      vertex 26.2905 22.9571 4
    endloop
  endfacet
  facet normal 0 0 1
    outer loop
      vertex 32 34.5 4
      vertex 25.0429 21.7095 4
      vertex 25.636 22.364 4
    endloop
  endfacet
  facet normal 0 0 1
    outer loop
      vertex -25.0429 21.7095 4
      vertex 25.0429 21.7095 4
      vertex 32 34.5 4
    endloop
  endfacet
  facet normal 0 0 1
    outer loop
      vertex 25.0429 21.7095 4
      vertex -25.0429 21.7095 4
      vertex 24.5168 21.0001 4
    endloop
  endfacet
  facet normal -0 0 1
    outer loop
      vertex 0.970113 -0.518536 4
      vertex 24.0627 -11.7574 4
      vertex 1.01627 -0.420951 4
    endloop
  endfacet
  facet normal 0 0 1
    outer loop
      vertex 0.319313 1.05263 4
      vertex 23 16 4
      vertex 23.0433 16.8822 4
    endloop
  endfacet
  facet normal 0 0 1
    outer loop
      vertex 0.214599 1.07886 4
      vertex 23.0433 16.8822 4
      vertex 23.1729 17.7558 4
    endloop
  endfacet
  facet normal 0 0 1
    outer loop
      vertex 0.107819 1.0947 4
      vertex 23.1729 17.7558 4
      vertex 23.3875 18.6126 4
    endloop
  endfacet
  facet normal 0 0 1
    outer loop
      vertex -23.3875 18.6126 4
      vertex 23.3875 18.6126 4
      vertex 23.6851 19.4441 4
    endloop
  endfacet
  facet normal 0 0 1
    outer loop
      vertex -23.6851 19.4441 4
      vertex 23.6851 19.4441 4
      vertex 24.0627 20.2426 4
    endloop
  endfacet
  facet normal 0 -0 1
    outer loop
      vertex -24.5168 21.0001 4
      vertex 24.5168 21.0001 4
      vertex -25.0429 21.7095 4
    endloop
  endfacet
  facet normal 0 0 1
    outer loop
      vertex 25.0429 10.2905 4
      vertex 1.0947 0.107819 4
      vertex 1.1 0 4
    endloop
  endfacet
  facet normal 0 0 1
    outer loop
      vertex 25.0429 10.2905 4
      vertex 1.07886 0.214599 4
      vertex 1.0947 0.107819 4
    endloop
  endfacet
  facet normal 0 0 1
    outer loop
      vertex 24.5168 10.9999 4
      vertex 1.05263 0.319313 4
      vertex 1.07886 0.214599 4
    endloop
  endfacet
  facet normal 0 0 1
    outer loop
      vertex 24.0627 11.7574 4
      vertex 1.01627 0.420951 4
      vertex 1.05263 0.319313 4
    endloop
  endfacet
  facet normal 0 0 1
    outer loop
      vertex 24.0627 11.7574 4
      vertex 0.970113 0.518536 4
      vertex 1.01627 0.420951 4
    endloop
  endfacet
  facet normal 0 0 1
    outer loop
      vertex 23.6851 12.5558 4
      vertex 0.914616 0.611127 4
      vertex 0.970113 0.518536 4
    endloop
  endfacet
  facet normal 0 0 1
    outer loop
      vertex 23.6851 12.5558 4
      vertex 0.850311 0.697832 4
      vertex 0.914616 0.611127 4
    endloop
  endfacet
  facet normal 0 0 1
    outer loop
      vertex 23.3875 13.3874 4
      vertex 0.777817 0.777817 4
      vertex 0.850311 0.697832 4
    endloop
  endfacet
  facet normal 0 0 1
    outer loop
      vertex 23.1729 14.2442 4
      vertex 0.697832 0.850311 4
      vertex 0.777817 0.777817 4
    endloop
  endfacet
  facet normal 0 0 1
    outer loop
      vertex 23.1729 14.2442 4
      vertex 0.611127 0.914616 4
      vertex 0.697832 0.850311 4
    endloop
  endfacet
  facet normal 0 0 1
    outer loop
      vertex 23.0433 15.1178 4
      vertex 0.518536 0.970113 4
      vertex 0.611127 0.914616 4
    endloop
  endfacet
  facet normal 0 0 1
    outer loop
      vertex 23 16 4
      vertex 0.420951 1.01627 4
      vertex 0.518536 0.970113 4
    endloop
  endfacet
  facet normal 0 0 1
    outer loop
      vertex 23 16 4
      vertex 0.319313 1.05263 4
      vertex 0.420951 1.01627 4
    endloop
  endfacet
  facet normal 0 0 1
    outer loop
      vertex 23.0433 16.8822 4
      vertex 0.214599 1.07886 4
      vertex 0.319313 1.05263 4
    endloop
  endfacet
  facet normal 0 0 1
    outer loop
      vertex 23.1729 17.7558 4
      vertex 0.107819 1.0947 4
      vertex 0.214599 1.07886 4
    endloop
  endfacet
  facet normal 0 0 1
    outer loop
      vertex 23.6851 19.4441 4
      vertex -23.6851 19.4441 4
      vertex -23.3875 18.6126 4
    endloop
  endfacet
  facet normal 0 0 1
    outer loop
      vertex 23.3875 18.6126 4
      vertex -23.3875 18.6126 4
      vertex -12 4.5 4
    endloop
  endfacet
  facet normal 0 0 1
    outer loop
      vertex 23.3875 18.6126 4
      vertex 0 1.1 4
      vertex 0.107819 1.0947 4
    endloop
  endfacet
  facet normal 0 0 1
    outer loop
      vertex 23.3875 18.6126 4
      vertex -12 4.5 4
      vertex 0 1.1 4
    endloop
  endfacet
  facet normal 0 0 1
    outer loop
      vertex 0 1.1 4
      vertex -12 4.5 4
      vertex -0.107819 1.0947 4
    endloop
  endfacet
  facet normal 0 0 1
    outer loop
      vertex -0.107819 1.0947 4
      vertex -12 4.5 4
      vertex -0.214599 1.07886 4
    endloop
  endfacet
  facet normal 0 0 1
    outer loop
      vertex -0.214599 1.07886 4
      vertex -12 4.5 4
      vertex -0.319313 1.05263 4
    endloop
  endfacet
  facet normal 0 0 1
    outer loop
      vertex -0.319313 1.05263 4
      vertex -12 4.5 4
      vertex -0.420951 1.01627 4
    endloop
  endfacet
  facet normal 0 0 1
    outer loop
      vertex -0.420951 1.01627 4
      vertex -12 4.5 4
      vertex -0.518536 0.970113 4
    endloop
  endfacet
  facet normal 0 0 1
    outer loop
      vertex -1.07886 0.214599 4
      vertex -12 1.5 4
      vertex -1.0947 0.107819 4
    endloop
  endfacet
  facet normal 0 0 1
    outer loop
      vertex -1.05263 0.319313 4
      vertex -12 1.5 4
      vertex -1.07886 0.214599 4
    endloop
  endfacet
  facet normal 0 0 1
    outer loop
      vertex -1.01627 0.420951 4
      vertex -12 1.5 4
      vertex -1.05263 0.319313 4
    endloop
  endfacet
  facet normal -0 0 1
    outer loop
      vertex -12 1.5 4
      vertex -1.01627 0.420951 4
      vertex -12 4.5 4
    endloop
  endfacet
  facet normal 0 0 1
    outer loop
      vertex -0.970113 0.518536 4
      vertex -12 4.5 4
      vertex -1.01627 0.420951 4
    endloop
  endfacet
  facet normal 0 0 1
    outer loop
      vertex -0.914616 0.611127 4
      vertex -12 4.5 4
      vertex -0.970113 0.518536 4
    endloop
  endfacet
  facet normal 0 0 1
    outer loop
      vertex -0.850311 0.697832 4
      vertex -12 4.5 4
      vertex -0.914616 0.611127 4
    endloop
  endfacet
  facet normal 0 0 1
    outer loop
      vertex -0.777817 0.777817 4
      vertex -12 4.5 4
      vertex -0.850311 0.697832 4
    endloop
  endfacet
  facet normal 0 0 1
    outer loop
      vertex -0.518536 0.970113 4
      vertex -12 4.5 4
      vertex -0.611127 0.914616 4
    endloop
  endfacet
  facet normal 0 0 1
    outer loop
      vertex -0.697832 0.850311 4
      vertex -12 4.5 4
      vertex -0.777817 0.777817 4
    endloop
  endfacet
  facet normal 0 0 1
    outer loop
      vertex -12 4.5 4
      vertex -23.0433 16.8822 4
      vertex -23 16 4
    endloop
  endfacet
  facet normal 0 0 1
    outer loop
      vertex -12 4.5 4
      vertex -23.1729 17.7558 4
      vertex -23.0433 16.8822 4
    endloop
  endfacet
  facet normal 0 0 1
    outer loop
      vertex -12 4.5 4
      vertex -23.3875 18.6126 4
      vertex -23.1729 17.7558 4
    endloop
  endfacet
  facet normal 0 0 1
    outer loop
      vertex -0.611127 0.914616 4
      vertex -12 4.5 4
      vertex -0.697832 0.850311 4
    endloop
  endfacet
  facet normal 0 0 1
    outer loop
      vertex 24.0627 20.2426 4
      vertex -24.0627 20.2426 4
      vertex -23.6851 19.4441 4
    endloop
  endfacet
  facet normal 0 0 1
    outer loop
      vertex 24.0627 20.2426 4
      vertex -24.5168 21.0001 4
      vertex -24.0627 20.2426 4
    endloop
  endfacet
  facet normal 0 0 1
    outer loop
      vertex 24.5168 21.0001 4
      vertex -24.5168 21.0001 4
      vertex 24.0627 20.2426 4
    endloop
  endfacet
  facet normal -0 0 1
    outer loop
      vertex -32 34.5 4
      vertex -25.0429 21.7095 4
      vertex 32 34.5 4
    endloop
  endfacet
  facet normal 0 0 1
    outer loop
      vertex -25.0429 21.7095 4
      vertex -32 34.5 4
      vertex -25.636 22.364 4
    endloop
  endfacet
  facet normal 0 0 1
    outer loop
      vertex -25.636 22.364 4
      vertex -32 34.5 4
      vertex -26.2905 22.9571 4
    endloop
  endfacet
  facet normal 0 0 1
    outer loop
      vertex -26.2905 22.9571 4
      vertex -32 34.5 4
      vertex -26.9999 23.4832 4
    endloop
  endfacet
  facet normal 0 0 1
    outer loop
      vertex -26.9999 23.4832 4
      vertex -32 34.5 4
      vertex -27.7574 23.9373 4
    endloop
  endfacet
  facet normal 0 0 1
    outer loop
      vertex -27.7574 23.9373 4
      vertex -32 34.5 4
      vertex -28.5558 24.3149 4
    endloop
  endfacet
  facet normal 0 0 1
    outer loop
      vertex -28.5558 24.3149 4
      vertex -32 34.5 4
      vertex -29.3874 24.6125 4
    endloop
  endfacet
  facet normal 0 0 1
    outer loop
      vertex -29.3874 24.6125 4
      vertex -32 34.5 4
      vertex -30.2442 24.8271 4
    endloop
  endfacet
  facet normal 0 0 1
    outer loop
      vertex -30.2442 24.8271 4
      vertex -32 34.5 4
      vertex -31.1178 24.9567 4
    endloop
  endfacet
  facet normal 0 0 1
    outer loop
      vertex -31.1178 24.9567 4
      vertex -32 34.5 4
      vertex -32 25 4
    endloop
  endfacet
  facet normal -0 0 1
    outer loop
      vertex 39.9373 -20.2426 4
      vertex 49.7194 -23.5155 4
      vertex 40.3149 -19.4441 4
    endloop
  endfacet
  facet normal 0 0 1
    outer loop
      vertex 49.7194 -23.5155 4
      vertex 39.9373 -20.2426 4
      vertex 48.5057 -25.9268 4
    endloop
  endfacet
  facet normal -0 0 1
    outer loop
      vertex 39.4832 -21.0001 4
      vertex 48.5057 -25.9268 4
      vertex 39.9373 -20.2426 4
    endloop
  endfacet
  facet normal -0 0 1
    outer loop
      vertex 38.9571 -21.7095 4
      vertex 48.5057 -25.9268 4
      vertex 39.4832 -21.0001 4
    endloop
  endfacet
  facet normal 0 0 1
    outer loop
      vertex 48.5057 -25.9268 4
      vertex 38.9571 -21.7095 4
      vertex 47.1751 -28.2757 4
    endloop
  endfacet
  facet normal -0 0 1
    outer loop
      vertex 38.364 -22.364 4
      vertex 47.1751 -28.2757 4
      vertex 38.9571 -21.7095 4
    endloop
  endfacet
  facet normal 0 0 1
    outer loop
      vertex 47.1751 -28.2757 4
      vertex 38.364 -22.364 4
      vertex 45.7308 -30.5564 4
    endloop
  endfacet
  facet normal -0 0 1
    outer loop
      vertex 37.7095 -22.9571 4
      vertex 45.7308 -30.5564 4
      vertex 38.364 -22.364 4
    endloop
  endfacet
  facet normal -0 0 1
    outer loop
      vertex 37.0001 -23.4832 4
      vertex 45.7308 -30.5564 4
      vertex 37.7095 -22.9571 4
    endloop
  endfacet
  facet normal 0 0 1
    outer loop
      vertex 45.7308 -30.5564 4
      vertex 37.0001 -23.4832 4
      vertex 44.1764 -32.7635 4
    endloop
  endfacet
  facet normal -0 0 1
    outer loop
      vertex 36.2426 -23.9373 4
      vertex 44.1764 -32.7635 4
      vertex 37.0001 -23.4832 4
    endloop
  endfacet
  facet normal -0 0 1
    outer loop
      vertex 35.4441 -24.3149 4
      vertex 44.1764 -32.7635 4
      vertex 36.2426 -23.9373 4
    endloop
  endfacet
  facet normal 0 0 1
    outer loop
      vertex 44.1764 -32.7635 4
      vertex 35.4441 -24.3149 4
      vertex 42.5156 -34.8916 4
    endloop
  endfacet
  facet normal -0 0 1
    outer loop
      vertex 32 -34.5 4
      vertex 42.5156 -34.8916 4
      vertex 35.4441 -24.3149 4
    endloop
  endfacet
  facet normal 0 0 1
    outer loop
      vertex 42.5156 -34.8916 4
      vertex 32 -34.5 4
      vertex 40.7523 -36.9357 4
    endloop
  endfacet
  facet normal 0 0 1
    outer loop
      vertex 40.7523 -36.9357 4
      vertex 32 -34.5 4
      vertex 38.8909 -38.8909 4
    endloop
  endfacet
  facet normal -0 0 1
    outer loop
      vertex 32 -37.5 4
      vertex 38.8909 -38.8909 4
      vertex 32 -34.5 4
    endloop
  endfacet
  facet normal 0 0 1
    outer loop
      vertex 32 -34.5 4
      vertex 35.4441 -24.3149 4
      vertex 34.6126 -24.6125 4
    endloop
  endfacet
  facet normal 0 0 1
    outer loop
      vertex 32 -34.5 4
      vertex 34.6126 -24.6125 4
      vertex 33.7558 -24.8271 4
    endloop
  endfacet
  facet normal 0 0 1
    outer loop
      vertex 32 -34.5 4
      vertex 33.7558 -24.8271 4
      vertex 32.8822 -24.9567 4
    endloop
  endfacet
  facet normal 0 0 1
    outer loop
      vertex 38.8909 -38.8909 4
      vertex 32 -37.5 4
      vertex 36.9357 -40.7523 4
    endloop
  endfacet
  facet normal 0 0 1
    outer loop
      vertex 32 -34.5 4
      vertex 32.8822 -24.9567 4
      vertex 32 -25 4
    endloop
  endfacet
  facet normal 0 0 1
    outer loop
      vertex 36.9357 -40.7523 4
      vertex 32 -37.5 4
      vertex 34.8916 -42.5156 4
    endloop
  endfacet
  facet normal 0 0 1
    outer loop
      vertex 34.8916 -42.5156 4
      vertex 32 -37.5 4
      vertex 32.7635 -44.1764 4
    endloop
  endfacet
  facet normal 0 0 1
    outer loop
      vertex 32 -37.5 4
      vertex 30.5564 -45.7308 4
      vertex 32.7635 -44.1764 4
    endloop
  endfacet
  facet normal -0 0 1
    outer loop
      vertex 25.5 -37.5 4
      vertex 30.5564 -45.7308 4
      vertex 32 -37.5 4
    endloop
  endfacet
  facet normal 0 0 1
    outer loop
      vertex 30.5564 -45.7308 4
      vertex 25.5 -37.5 4
      vertex 28.2757 -47.1751 4
    endloop
  endfacet
  facet normal 0 0 1
    outer loop
      vertex 28.2757 -47.1751 4
      vertex 25.5 -37.5 4
      vertex 25.9268 -48.5057 4
    endloop
  endfacet
  facet normal 0 0 1
    outer loop
      vertex 25.9268 -48.5057 4
      vertex 25.5 -37.5 4
      vertex 25.5 -48.7205 4
    endloop
  endfacet
  facet normal -0 0 1
    outer loop
      vertex -25.9268 48.5057 4
      vertex -25.5 37.5 4
      vertex -25.5 48.7205 4
    endloop
  endfacet
  facet normal -0 0 1
    outer loop
      vertex -28.2757 47.1751 4
      vertex -25.5 37.5 4
      vertex -25.9268 48.5057 4
    endloop
  endfacet
  facet normal -0 0 1
    outer loop
      vertex -30.5564 45.7308 4
      vertex -25.5 37.5 4
      vertex -28.2757 47.1751 4
    endloop
  endfacet
  facet normal 0 0 1
    outer loop
      vertex -30.5564 45.7308 4
      vertex -32 37.5 4
      vertex -25.5 37.5 4
    endloop
  endfacet
  facet normal 0 0 1
    outer loop
      vertex -38.8909 38.8909 4
      vertex -32 34.5 4
      vertex -32 37.5 4
    endloop
  endfacet
  facet normal -0 0 1
    outer loop
      vertex -32.7635 44.1764 4
      vertex -32 37.5 4
      vertex -30.5564 45.7308 4
    endloop
  endfacet
  facet normal -0 0 1
    outer loop
      vertex -34.8916 42.5156 4
      vertex -32 37.5 4
      vertex -32.7635 44.1764 4
    endloop
  endfacet
  facet normal -0 0 1
    outer loop
      vertex -36.9357 40.7523 4
      vertex -32 37.5 4
      vertex -34.8916 42.5156 4
    endloop
  endfacet
  facet normal -0 0 1
    outer loop
      vertex -38.8909 38.8909 4
      vertex -32 37.5 4
      vertex -36.9357 40.7523 4
    endloop
  endfacet
  facet normal 0 0 1
    outer loop
      vertex -32 34.5 4
      vertex -38.8909 38.8909 4
      vertex -40.7523 36.9357 4
    endloop
  endfacet
  facet normal 0 0 1
    outer loop
      vertex -32 34.5 4
      vertex -32.8822 24.9567 4
      vertex -32 25 4
    endloop
  endfacet
  facet normal -0 0 1
    outer loop
      vertex -42.5156 34.8916 4
      vertex -32 34.5 4
      vertex -40.7523 36.9357 4
    endloop
  endfacet
  facet normal 0 0 1
    outer loop
      vertex -32 34.5 4
      vertex -33.7558 24.8271 4
      vertex -32.8822 24.9567 4
    endloop
  endfacet
  facet normal 0 0 1
    outer loop
      vertex -32 34.5 4
      vertex -34.6126 24.6125 4
      vertex -33.7558 24.8271 4
    endloop
  endfacet
  facet normal 0 -0 1
    outer loop
      vertex -35.4441 24.3149 4
      vertex -32 34.5 4
      vertex -42.5156 34.8916 4
    endloop
  endfacet
  facet normal 0 0 1
    outer loop
      vertex -32 34.5 4
      vertex -35.4441 24.3149 4
      vertex -34.6126 24.6125 4
    endloop
  endfacet
  facet normal -0 0 1
    outer loop
      vertex -44.1764 32.7635 4
      vertex -35.4441 24.3149 4
      vertex -42.5156 34.8916 4
    endloop
  endfacet
  facet normal 0 0 1
    outer loop
      vertex -35.4441 24.3149 4
      vertex -44.1764 32.7635 4
      vertex -36.2426 23.9373 4
    endloop
  endfacet
  facet normal 0 0 1
    outer loop
      vertex -36.2426 23.9373 4
      vertex -44.1764 32.7635 4
      vertex -37.0001 23.4832 4
    endloop
  endfacet
  facet normal -0 0 1
    outer loop
      vertex -45.7308 30.5564 4
      vertex -37.0001 23.4832 4
      vertex -44.1764 32.7635 4
    endloop
  endfacet
  facet normal 0 0 1
    outer loop
      vertex -37.0001 23.4832 4
      vertex -45.7308 30.5564 4
      vertex -37.7095 22.9571 4
    endloop
  endfacet
  facet normal 0 0 1
    outer loop
      vertex -37.7095 22.9571 4
      vertex -45.7308 30.5564 4
      vertex -38.364 22.364 4
    endloop
  endfacet
  facet normal -0 0 1
    outer loop
      vertex -47.1751 28.2757 4
      vertex -38.364 22.364 4
      vertex -45.7308 30.5564 4
    endloop
  endfacet
  facet normal 0 0 1
    outer loop
      vertex -38.364 22.364 4
      vertex -47.1751 28.2757 4
      vertex -38.9571 21.7095 4
    endloop
  endfacet
  facet normal -0 0 1
    outer loop
      vertex -48.5057 25.9268 4
      vertex -38.9571 21.7095 4
      vertex -47.1751 28.2757 4
    endloop
  endfacet
  facet normal 0 0 1
    outer loop
      vertex -38.9571 21.7095 4
      vertex -48.5057 25.9268 4
      vertex -39.4832 21.0001 4
    endloop
  endfacet
  facet normal 0 0 1
    outer loop
      vertex -39.4832 21.0001 4
      vertex -48.5057 25.9268 4
      vertex -39.9373 20.2426 4
    endloop
  endfacet
  facet normal 0 0 1
    outer loop
      vertex -39.9373 20.2426 4
      vertex -49.7194 23.5155 4
      vertex -40.3149 19.4441 4
    endloop
  endfacet
  facet normal -0 0 1
    outer loop
      vertex -49.7194 23.5155 4
      vertex -39.9373 20.2426 4
      vertex -48.5057 25.9268 4
    endloop
  endfacet
  facet normal 0 0 1
    outer loop
      vertex -25.5 -37.5 4
      vertex -25.9268 -48.5057 4
      vertex -25.5 -48.7205 4
    endloop
  endfacet
  facet normal 0 0 1
    outer loop
      vertex -25.5 -37.5 4
      vertex -28.2757 -47.1751 4
      vertex -25.9268 -48.5057 4
    endloop
  endfacet
  facet normal 0 0 1
    outer loop
      vertex -25.5 -37.5 4
      vertex -30.5564 -45.7308 4
      vertex -28.2757 -47.1751 4
    endloop
  endfacet
  facet normal -0 0 1
    outer loop
      vertex -32 -37.5 4
      vertex -30.5564 -45.7308 4
      vertex -25.5 -37.5 4
    endloop
  endfacet
  facet normal 0 0 1
    outer loop
      vertex -30.5564 -45.7308 4
      vertex -32 -37.5 4
      vertex -32.7635 -44.1764 4
    endloop
  endfacet
  facet normal 0 0 1
    outer loop
      vertex -0.518536 -0.970113 4
      vertex -23.0433 -15.1178 4
      vertex -23 -16 4
    endloop
  endfacet
  facet normal 0 0 1
    outer loop
      vertex -12 1.5 4
      vertex -23.1729 -14.2442 4
      vertex -23.0433 -15.1178 4
    endloop
  endfacet
  facet normal 0 0 1
    outer loop
      vertex -12 1.5 4
      vertex -23.3875 -13.3874 4
      vertex -23.1729 -14.2442 4
    endloop
  endfacet
  facet normal 0 0 1
    outer loop
      vertex -12 1.5 4
      vertex -23.6851 -12.5558 4
      vertex -23.3875 -13.3874 4
    endloop
  endfacet
  facet normal 0 0 1
    outer loop
      vertex -12 1.5 4
      vertex -24.0627 -11.7574 4
      vertex -23.6851 -12.5558 4
    endloop
  endfacet
  facet normal 0 0 1
    outer loop
      vertex -12 1.5 4
      vertex -24.5168 -10.9999 4
      vertex -24.0627 -11.7574 4
    endloop
  endfacet
  facet normal 0 0 1
    outer loop
      vertex -12 1.5 4
      vertex -25.0429 -10.2905 4
      vertex -24.5168 -10.9999 4
    endloop
  endfacet
  facet normal 0 0 1
    outer loop
      vertex -12 1.5 4
      vertex -25.636 -9.63604 4
      vertex -25.0429 -10.2905 4
    endloop
  endfacet
  facet normal 0 0 1
    outer loop
      vertex -12 1.5 4
      vertex -26.2905 -9.04291 4
      vertex -25.636 -9.63604 4
    endloop
  endfacet
  facet normal -0 0 1
    outer loop
      vertex -28 1.5 4
      vertex -26.2905 -9.04291 4
      vertex -12 1.5 4
    endloop
  endfacet
  facet normal 0 0 1
    outer loop
      vertex -26.2905 -9.04291 4
      vertex -28 1.5 4
      vertex -26.9999 -8.51677 4
    endloop
  endfacet
  facet normal 0 0 1
    outer loop
      vertex -26.9999 -8.51677 4
      vertex -28 1.5 4
      vertex -27.7574 -8.06271 4
    endloop
  endfacet
  facet normal -0 0 1
    outer loop
      vertex -30.2442 7.17293 4
      vertex -28 4.5 4
      vertex -29.3874 7.38754 4
    endloop
  endfacet
  facet normal 0 0 1
    outer loop
      vertex -28 1.5 4
      vertex -28.5558 -7.68508 4
      vertex -27.7574 -8.06271 4
    endloop
  endfacet
  facet normal -0 0 1
    outer loop
      vertex -31.1178 7.04334 4
      vertex -28 4.5 4
      vertex -30.2442 7.17293 4
    endloop
  endfacet
  facet normal 0 0 1
    outer loop
      vertex -28 1.5 4
      vertex -29.3874 -7.38754 4
      vertex -28.5558 -7.68508 4
    endloop
  endfacet
  facet normal -0 0 1
    outer loop
      vertex -32 7 4
      vertex -28 4.5 4
      vertex -31.1178 7.04334 4
    endloop
  endfacet
  facet normal 0 0 1
    outer loop
      vertex -28 1.5 4
      vertex -30.2442 -7.17293 4
      vertex -29.3874 -7.38754 4
    endloop
  endfacet
  facet normal 0 0 1
    outer loop
      vertex -28 4.5 4
      vertex -32 7 4
      vertex -28 1.5 4
    endloop
  endfacet
  facet normal 0 0 1
    outer loop
      vertex -28 1.5 4
      vertex -31.1178 -7.04334 4
      vertex -30.2442 -7.17293 4
    endloop
  endfacet
  facet normal 0 0 1
    outer loop
      vertex -32.8822 7.04334 4
      vertex -28 1.5 4
      vertex -32 7 4
    endloop
  endfacet
  facet normal 0 0 1
    outer loop
      vertex -28 1.5 4
      vertex -32 -7 4
      vertex -31.1178 -7.04334 4
    endloop
  endfacet
  facet normal 0 0 1
    outer loop
      vertex -33.7558 7.17293 4
      vertex -28 1.5 4
      vertex -32.8822 7.04334 4
    endloop
  endfacet
  facet normal 0 0 1
    outer loop
      vertex -28 1.5 4
      vertex -32.8822 -7.04334 4
      vertex -32 -7 4
    endloop
  endfacet
  facet normal 0 0 1
    outer loop
      vertex -33.7558 -7.17293 4
      vertex -28 1.5 4
      vertex -33.7558 7.17293 4
    endloop
  endfacet
  facet normal 0 0 1
    outer loop
      vertex -28 1.5 4
      vertex -33.7558 -7.17293 4
      vertex -32.8822 -7.04334 4
    endloop
  endfacet
  facet normal 0 0 1
    outer loop
      vertex -34.6126 7.38754 4
      vertex -33.7558 -7.17293 4
      vertex -33.7558 7.17293 4
    endloop
  endfacet
  facet normal 0 0 1
    outer loop
      vertex -34.6126 7.38754 4
      vertex -34.6126 -7.38754 4
      vertex -33.7558 -7.17293 4
    endloop
  endfacet
  facet normal 0 0 1
    outer loop
      vertex -35.4441 7.68508 4
      vertex -34.6126 -7.38754 4
      vertex -34.6126 7.38754 4
    endloop
  endfacet
  facet normal 0 0 1
    outer loop
      vertex -35.4441 7.68508 4
      vertex -35.4441 -7.68508 4
      vertex -34.6126 -7.38754 4
    endloop
  endfacet
  facet normal 0 0 1
    outer loop
      vertex -36.2426 8.06271 4
      vertex -35.4441 -7.68508 4
      vertex -35.4441 7.68508 4
    endloop
  endfacet
  facet normal 0 0 1
    outer loop
      vertex -36.2426 8.06271 4
      vertex -36.2426 -8.06271 4
      vertex -35.4441 -7.68508 4
    endloop
  endfacet
  facet normal 0 0 1
    outer loop
      vertex -37.0001 8.51677 4
      vertex -36.2426 -8.06271 4
      vertex -36.2426 8.06271 4
    endloop
  endfacet
  facet normal 0 0 1
    outer loop
      vertex -37.0001 8.51677 4
      vertex -37.0001 -8.51677 4
      vertex -36.2426 -8.06271 4
    endloop
  endfacet
  facet normal 0 0 1
    outer loop
      vertex -37.7095 9.04291 4
      vertex -37.0001 -8.51677 4
      vertex -37.0001 8.51677 4
    endloop
  endfacet
  facet normal 0 0 1
    outer loop
      vertex -37.7095 9.04291 4
      vertex -37.7095 -9.04291 4
      vertex -37.0001 -8.51677 4
    endloop
  endfacet
  facet normal 0 0 1
    outer loop
      vertex -38.364 9.63604 4
      vertex -37.7095 -9.04291 4
      vertex -37.7095 9.04291 4
    endloop
  endfacet
  facet normal 0 0 1
    outer loop
      vertex -38.364 9.63604 4
      vertex -38.364 -9.63604 4
      vertex -37.7095 -9.04291 4
    endloop
  endfacet
  facet normal 0 0 1
    outer loop
      vertex -38.9571 10.2905 4
      vertex -38.364 -9.63604 4
      vertex -38.364 9.63604 4
    endloop
  endfacet
  facet normal 0 0 1
    outer loop
      vertex -38.9571 10.2905 4
      vertex -38.9571 -10.2905 4
      vertex -38.364 -9.63604 4
    endloop
  endfacet
  facet normal 0 0 1
    outer loop
      vertex -39.4832 10.9999 4
      vertex -38.9571 -10.2905 4
      vertex -38.9571 10.2905 4
    endloop
  endfacet
  facet normal 0 0 1
    outer loop
      vertex -39.4832 10.9999 4
      vertex -39.4832 -10.9999 4
      vertex -38.9571 -10.2905 4
    endloop
  endfacet
  facet normal 0 0 1
    outer loop
      vertex -39.9373 11.7574 4
      vertex -39.4832 -10.9999 4
      vertex -39.4832 10.9999 4
    endloop
  endfacet
  facet normal 0 0 1
    outer loop
      vertex -39.9373 11.7574 4
      vertex -39.9373 -11.7574 4
      vertex -39.4832 -10.9999 4
    endloop
  endfacet
  facet normal 0 0 1
    outer loop
      vertex -40.3149 12.5558 4
      vertex -39.9373 -11.7574 4
      vertex -39.9373 11.7574 4
    endloop
  endfacet
  facet normal 0 0 1
    outer loop
      vertex -40.3149 12.5558 4
      vertex -40.3149 -12.5558 4
      vertex -39.9373 -11.7574 4
    endloop
  endfacet
  facet normal 0 0 1
    outer loop
      vertex -40.6125 13.3874 4
      vertex -40.3149 -12.5558 4
      vertex -40.3149 12.5558 4
    endloop
  endfacet
  facet normal 0 0 1
    outer loop
      vertex -40.6125 13.3874 4
      vertex -40.6125 -13.3874 4
      vertex -40.3149 -12.5558 4
    endloop
  endfacet
  facet normal -0 0 1
    outer loop
      vertex -51.7849 18.5289 4
      vertex -40.9567 16.8822 4
      vertex -50.8134 21.0476 4
    endloop
  endfacet
  facet normal 0 0 1
    outer loop
      vertex -40.9567 16.8822 4
      vertex -51.7849 18.5289 4
      vertex -41 16 4
    endloop
  endfacet
  facet normal 0 0 1
    outer loop
      vertex -40.6125 18.6126 4
      vertex -50.8134 21.0476 4
      vertex -40.8271 17.7558 4
    endloop
  endfacet
  facet normal 0 0 1
    outer loop
      vertex -40.8271 17.7558 4
      vertex -50.8134 21.0476 4
      vertex -40.9567 16.8822 4
    endloop
  endfacet
  facet normal 0 0 1
    outer loop
      vertex -40.3149 19.4441 4
      vertex -49.7194 23.5155 4
      vertex -40.6125 18.6126 4
    endloop
  endfacet
  facet normal -0 0 1
    outer loop
      vertex -50.8134 21.0476 4
      vertex -40.6125 18.6126 4
      vertex -49.7194 23.5155 4
    endloop
  endfacet
  facet normal -0 0 1
    outer loop
      vertex -23.0433 15.1178 4
      vertex -12 4.5 4
      vertex -23 16 4
    endloop
  endfacet
  facet normal -0 0 1
    outer loop
      vertex -23.1729 14.2442 4
      vertex -12 4.5 4
      vertex -23.0433 15.1178 4
    endloop
  endfacet
  facet normal -0 0 1
    outer loop
      vertex -23.3875 13.3874 4
      vertex -12 4.5 4
      vertex -23.1729 14.2442 4
    endloop
  endfacet
  facet normal -0 0 1
    outer loop
      vertex -23.6851 12.5558 4
      vertex -12 4.5 4
      vertex -23.3875 13.3874 4
    endloop
  endfacet
  facet normal -0 0 1
    outer loop
      vertex -24.0627 11.7574 4
      vertex -12 4.5 4
      vertex -23.6851 12.5558 4
    endloop
  endfacet
  facet normal -0 0 1
    outer loop
      vertex -24.5168 10.9999 4
      vertex -12 4.5 4
      vertex -24.0627 11.7574 4
    endloop
  endfacet
  facet normal -0 0 1
    outer loop
      vertex -25.0429 10.2905 4
      vertex -12 4.5 4
      vertex -24.5168 10.9999 4
    endloop
  endfacet
  facet normal -0 0 1
    outer loop
      vertex -25.636 9.63604 4
      vertex -12 4.5 4
      vertex -25.0429 10.2905 4
    endloop
  endfacet
  facet normal 0 0 1
    outer loop
      vertex -28 4.5 4
      vertex -25.636 9.63604 4
      vertex -26.2905 9.04291 4
    endloop
  endfacet
  facet normal 0 0 1
    outer loop
      vertex -28 4.5 4
      vertex -26.2905 9.04291 4
      vertex -26.9999 8.51677 4
    endloop
  endfacet
  facet normal 0 0 1
    outer loop
      vertex -28 4.5 4
      vertex -26.9999 8.51677 4
      vertex -27.7574 8.06271 4
    endloop
  endfacet
  facet normal 0 0 1
    outer loop
      vertex -25.636 9.63604 4
      vertex -28 4.5 4
      vertex -12 4.5 4
    endloop
  endfacet
  facet normal -0 0 1
    outer loop
      vertex -29.3874 7.38754 4
      vertex -28 4.5 4
      vertex -28.5558 7.68508 4
    endloop
  endfacet
  facet normal -0 0 1
    outer loop
      vertex -28.5558 7.68508 4
      vertex -28 4.5 4
      vertex -27.7574 8.06271 4
    endloop
  endfacet
  facet normal 0 0 -1
    outer loop
      vertex 25.5 -51.5 4
      vertex 23.5155 -49.7194 4
      vertex 25.5 -48.7205 4
    endloop
  endfacet
  facet normal 0 0 -1
    outer loop
      vertex 22.5 -51.5 4
      vertex 23.5155 -49.7194 4
      vertex 25.5 -51.5 4
    endloop
  endfacet
  facet normal 0 0 -1
    outer loop
      vertex 23.5155 -49.7194 4
      vertex 22.5 -51.5 4
      vertex 22.5 -50.1696 4
    endloop
  endfacet
  facet normal -0 0 1
    outer loop
      vertex -10.73 53.9432 4
      vertex -9.3 45.7781 4
      vertex -9.3 54.1913 4
    endloop
  endfacet
  facet normal 0 0 1
    outer loop
      vertex -9.3 45.7781 4
      vertex -10.73 53.9432 4
      vertex -9.53073 45.6955 4
    endloop
  endfacet
  facet normal -0 0 1
    outer loop
      vertex -13.3639 53.3517 4
      vertex -9.53073 45.6955 4
      vertex -10.73 53.9432 4
    endloop
  endfacet
  facet normal 0 0 1
    outer loop
      vertex -9.53073 45.6955 4
      vertex -13.3639 53.3517 4
      vertex -9.88559 45.5277 4
    endloop
  endfacet
  facet normal 0 0 1
    outer loop
      vertex -9.88559 45.5277 4
      vertex -13.3639 53.3517 4
      vertex -10.2223 45.3259 4
    endloop
  endfacet
  facet normal 0 0 1
    outer loop
      vertex -10.2223 45.3259 4
      vertex -13.3639 53.3517 4
      vertex -10.5376 45.092 4
    endloop
  endfacet
  facet normal -0 0 1
    outer loop
      vertex -15.9657 52.6317 4
      vertex -10.5376 45.092 4
      vertex -13.3639 53.3517 4
    endloop
  endfacet
  facet normal 0 0 1
    outer loop
      vertex -10.5376 45.092 4
      vertex -15.9657 52.6317 4
      vertex -10.8284 44.8284 4
    endloop
  endfacet
  facet normal 0 0 1
    outer loop
      vertex -10.8284 44.8284 4
      vertex -15.9657 52.6317 4
      vertex -11.092 44.5376 4
    endloop
  endfacet
  facet normal 0 0 1
    outer loop
      vertex -11.092 44.5376 4
      vertex -15.9657 52.6317 4
      vertex -11.3259 44.2223 4
    endloop
  endfacet
  facet normal -0 0 1
    outer loop
      vertex -18.5289 51.7849 4
      vertex -11.3259 44.2223 4
      vertex -15.9657 52.6317 4
    endloop
  endfacet
  facet normal 0 0 1
    outer loop
      vertex -11.3259 44.2223 4
      vertex -18.5289 51.7849 4
      vertex -11.5277 43.8856 4
    endloop
  endfacet
  facet normal 0 0 1
    outer loop
      vertex -11.5277 43.8856 4
      vertex -18.5289 51.7849 4
      vertex -11.6955 43.5307 4
    endloop
  endfacet
  facet normal 0 0 1
    outer loop
      vertex -11.6955 43.5307 4
      vertex -21.0476 50.8134 4
      vertex -11.8278 43.1611 4
    endloop
  endfacet
  facet normal -0 0 1
    outer loop
      vertex -21.0476 50.8134 4
      vertex -11.6955 43.5307 4
      vertex -18.5289 51.7849 4
    endloop
  endfacet
  facet normal 0 0 1
    outer loop
      vertex 10.73 53.9432 4
      vertex -4.01926 42.3921 4
      vertex -4 42 4
    endloop
  endfacet
  facet normal 0 0 1
    outer loop
      vertex 0 55 4
      vertex -4.07686 42.7804 4
      vertex -4.01926 42.3921 4
    endloop
  endfacet
  facet normal 0 0 1
    outer loop
      vertex 0 55 4
      vertex -4.17224 43.1611 4
      vertex -4.07686 42.7804 4
    endloop
  endfacet
  facet normal 0 0 1
    outer loop
      vertex 0 55 4
      vertex -4.30448 43.5307 4
      vertex -4.17224 43.1611 4
    endloop
  endfacet
  facet normal 0 0 1
    outer loop
      vertex 0 55 4
      vertex -4.47232 43.8856 4
      vertex -4.30448 43.5307 4
    endloop
  endfacet
  facet normal 0 0 1
    outer loop
      vertex 0 55 4
      vertex -4.67412 44.2223 4
      vertex -4.47232 43.8856 4
    endloop
  endfacet
  facet normal 0 0 1
    outer loop
      vertex 0 55 4
      vertex -4.90796 44.5376 4
      vertex -4.67412 44.2223 4
    endloop
  endfacet
  facet normal 0 0 1
    outer loop
      vertex 0 55 4
      vertex -5.17157 44.8284 4
      vertex -4.90796 44.5376 4
    endloop
  endfacet
  facet normal 0 0 1
    outer loop
      vertex -6.11441 45.5277 4
      vertex -2.69872 54.9338 4
      vertex -5.39094 54.7352 4
    endloop
  endfacet
  facet normal 0 0 1
    outer loop
      vertex -2.69872 54.9338 4
      vertex -5.46243 45.092 4
      vertex -5.17157 44.8284 4
    endloop
  endfacet
  facet normal 0 0 1
    outer loop
      vertex -2.69872 54.9338 4
      vertex -5.77772 45.3259 4
      vertex -5.46243 45.092 4
    endloop
  endfacet
  facet normal 0 0 1
    outer loop
      vertex -2.69872 54.9338 4
      vertex -6.11441 45.5277 4
      vertex -5.77772 45.3259 4
    endloop
  endfacet
  facet normal 0 0 1
    outer loop
      vertex -5.39094 54.7352 4
      vertex -6.46927 45.6955 4
      vertex -6.11441 45.5277 4
    endloop
  endfacet
  facet normal 0 0 1
    outer loop
      vertex -6.7 45.7781 4
      vertex -5.39094 54.7352 4
      vertex -6.7 54.5737 4
    endloop
  endfacet
  facet normal 0 0 1
    outer loop
      vertex -5.39094 54.7352 4
      vertex -6.7 45.7781 4
      vertex -6.46927 45.6955 4
    endloop
  endfacet
  facet normal 0 0 1
    outer loop
      vertex 21.0476 50.8134 4
      vertex 22.5 37.5 4
      vertex 22.5 50.1696 4
    endloop
  endfacet
  facet normal 0 0 1
    outer loop
      vertex 18.5289 51.7849 4
      vertex 22.5 37.5 4
      vertex 21.0476 50.8134 4
    endloop
  endfacet
  facet normal 0 0 1
    outer loop
      vertex 15.9657 52.6317 4
      vertex 22.5 37.5 4
      vertex 18.5289 51.7849 4
    endloop
  endfacet
  facet normal 0 0 1
    outer loop
      vertex 13.3639 53.3517 4
      vertex 22.5 37.5 4
      vertex 15.9657 52.6317 4
    endloop
  endfacet
  facet normal 0 0 1
    outer loop
      vertex -4.01926 41.6079 4
      vertex 13.3639 53.3517 4
      vertex 10.73 53.9432 4
    endloop
  endfacet
  facet normal 0 0 1
    outer loop
      vertex -4.01926 42.3921 4
      vertex 10.73 53.9432 4
      vertex 8.07018 54.4047 4
    endloop
  endfacet
  facet normal 0 0 1
    outer loop
      vertex -4.01926 42.3921 4
      vertex 8.07018 54.4047 4
      vertex 5.39094 54.7352 4
    endloop
  endfacet
  facet normal 0 0 1
    outer loop
      vertex -4.01926 42.3921 4
      vertex 5.39094 54.7352 4
      vertex 2.69872 54.9338 4
    endloop
  endfacet
  facet normal 0 0 1
    outer loop
      vertex -4.01926 42.3921 4
      vertex 2.69872 54.9338 4
      vertex 0 55 4
    endloop
  endfacet
  facet normal 0 0 1
    outer loop
      vertex -5.17157 44.8284 4
      vertex 0 55 4
      vertex -2.69872 54.9338 4
    endloop
  endfacet
  facet normal 0 0 1
    outer loop
      vertex 10.73 53.9432 4
      vertex -4 42 4
      vertex -4.01926 41.6079 4
    endloop
  endfacet
  facet normal 0 0 1
    outer loop
      vertex 13.3639 53.3517 4
      vertex -4.01926 41.6079 4
      vertex 22.5 37.5 4
    endloop
  endfacet
  facet normal -0 0 1
    outer loop
      vertex -4.07686 41.2196 4
      vertex 22.5 37.5 4
      vertex -4.01926 41.6079 4
    endloop
  endfacet
  facet normal -0 0 1
    outer loop
      vertex -4.17224 40.8389 4
      vertex 22.5 37.5 4
      vertex -4.07686 41.2196 4
    endloop
  endfacet
  facet normal -0 0 1
    outer loop
      vertex -4.30448 40.4693 4
      vertex 22.5 37.5 4
      vertex -4.17224 40.8389 4
    endloop
  endfacet
  facet normal -0 0 1
    outer loop
      vertex -4.47232 40.1144 4
      vertex 22.5 37.5 4
      vertex -4.30448 40.4693 4
    endloop
  endfacet
  facet normal -0 0 1
    outer loop
      vertex -4.67412 39.7777 4
      vertex 22.5 37.5 4
      vertex -4.47232 40.1144 4
    endloop
  endfacet
  facet normal -0 0 1
    outer loop
      vertex -4.90796 39.4624 4
      vertex 22.5 37.5 4
      vertex -4.67412 39.7777 4
    endloop
  endfacet
  facet normal -0 0 1
    outer loop
      vertex -5.17157 39.1716 4
      vertex 22.5 37.5 4
      vertex -4.90796 39.4624 4
    endloop
  endfacet
  facet normal -0 0 1
    outer loop
      vertex -5.46243 38.908 4
      vertex 22.5 37.5 4
      vertex -5.17157 39.1716 4
    endloop
  endfacet
  facet normal -0 0 1
    outer loop
      vertex -5.77772 38.6741 4
      vertex 22.5 37.5 4
      vertex -5.46243 38.908 4
    endloop
  endfacet
  facet normal -0 0 1
    outer loop
      vertex -6.11441 38.4723 4
      vertex 22.5 37.5 4
      vertex -5.77772 38.6741 4
    endloop
  endfacet
  facet normal -0 0 1
    outer loop
      vertex -6.46927 38.3045 4
      vertex 22.5 37.5 4
      vertex -6.11441 38.4723 4
    endloop
  endfacet
  facet normal -0 0 1
    outer loop
      vertex -6.83886 38.1722 4
      vertex 22.5 37.5 4
      vertex -6.46927 38.3045 4
    endloop
  endfacet
  facet normal -0 0 1
    outer loop
      vertex -7.21964 38.0769 4
      vertex 22.5 37.5 4
      vertex -6.83886 38.1722 4
    endloop
  endfacet
  facet normal -0 0 1
    outer loop
      vertex -7.60793 38.0193 4
      vertex 22.5 37.5 4
      vertex -7.21964 38.0769 4
    endloop
  endfacet
  facet normal -0 0 1
    outer loop
      vertex -8 38 4
      vertex 22.5 37.5 4
      vertex -7.60793 38.0193 4
    endloop
  endfacet
  facet normal 0 0 1
    outer loop
      vertex -11.8278 43.1611 4
      vertex -21.0476 50.8134 4
      vertex -11.9231 42.7804 4
    endloop
  endfacet
  facet normal -0 0 1
    outer loop
      vertex -22.5 50.1696 4
      vertex -11.9231 42.7804 4
      vertex -21.0476 50.8134 4
    endloop
  endfacet
  facet normal 0 0 1
    outer loop
      vertex -22.5 37.5 4
      vertex -11.9231 42.7804 4
      vertex -22.5 50.1696 4
    endloop
  endfacet
  facet normal 0 0 1
    outer loop
      vertex -11.9231 42.7804 4
      vertex -22.5 37.5 4
      vertex -11.9807 42.3921 4
    endloop
  endfacet
  facet normal 0 0 1
    outer loop
      vertex -11.9807 42.3921 4
      vertex -22.5 37.5 4
      vertex -12 42 4
    endloop
  endfacet
  facet normal 0 0 1
    outer loop
      vertex -11.9807 41.6079 4
      vertex -22.5 37.5 4
      vertex -11.9231 41.2196 4
    endloop
  endfacet
  facet normal 0 0 1
    outer loop
      vertex -11.9231 41.2196 4
      vertex -22.5 37.5 4
      vertex -11.8278 40.8389 4
    endloop
  endfacet
  facet normal 0 0 1
    outer loop
      vertex -11.8278 40.8389 4
      vertex -22.5 37.5 4
      vertex -11.6955 40.4693 4
    endloop
  endfacet
  facet normal 0 0 1
    outer loop
      vertex -11.6955 40.4693 4
      vertex -22.5 37.5 4
      vertex -11.5277 40.1144 4
    endloop
  endfacet
  facet normal 0 0 1
    outer loop
      vertex -11.5277 40.1144 4
      vertex -22.5 37.5 4
      vertex -11.3259 39.7777 4
    endloop
  endfacet
  facet normal 0 0 1
    outer loop
      vertex -12 42 4
      vertex -22.5 37.5 4
      vertex -11.9807 41.6079 4
    endloop
  endfacet
  facet normal 0 0 1
    outer loop
      vertex -11.3259 39.7777 4
      vertex -22.5 37.5 4
      vertex -11.092 39.4624 4
    endloop
  endfacet
  facet normal 0 0 1
    outer loop
      vertex -8 38 4
      vertex -22.5 37.5 4
      vertex 22.5 37.5 4
    endloop
  endfacet
  facet normal 0 0 1
    outer loop
      vertex -8.39207 38.0193 4
      vertex -22.5 37.5 4
      vertex -8 38 4
    endloop
  endfacet
  facet normal 0 0 1
    outer loop
      vertex -8.78036 38.0769 4
      vertex -22.5 37.5 4
      vertex -8.39207 38.0193 4
    endloop
  endfacet
  facet normal 0 0 1
    outer loop
      vertex -9.16114 38.1722 4
      vertex -22.5 37.5 4
      vertex -8.78036 38.0769 4
    endloop
  endfacet
  facet normal 0 0 1
    outer loop
      vertex -9.53073 38.3045 4
      vertex -22.5 37.5 4
      vertex -9.16114 38.1722 4
    endloop
  endfacet
  facet normal 0 0 1
    outer loop
      vertex -9.88559 38.4723 4
      vertex -22.5 37.5 4
      vertex -9.53073 38.3045 4
    endloop
  endfacet
  facet normal 0 0 1
    outer loop
      vertex -10.2223 38.6741 4
      vertex -22.5 37.5 4
      vertex -9.88559 38.4723 4
    endloop
  endfacet
  facet normal 0 0 1
    outer loop
      vertex -10.5376 38.908 4
      vertex -22.5 37.5 4
      vertex -10.2223 38.6741 4
    endloop
  endfacet
  facet normal 0 0 1
    outer loop
      vertex -10.8284 39.1716 4
      vertex -22.5 37.5 4
      vertex -10.5376 38.908 4
    endloop
  endfacet
  facet normal 0 0 1
    outer loop
      vertex -11.092 39.4624 4
      vertex -22.5 37.5 4
      vertex -10.8284 39.1716 4
    endloop
  endfacet
  facet normal 0 0 -1
    outer loop
      vertex -23.5155 49.7194 4
      vertex -22.5 51.5 4
      vertex -22.5 50.1696 4
    endloop
  endfacet
  facet normal 0 0 -1
    outer loop
      vertex -25.5 51.5 4
      vertex -23.5155 49.7194 4
      vertex -25.5 48.7205 4
    endloop
  endfacet
  facet normal 0 0 -1
    outer loop
      vertex -23.5155 49.7194 4
      vertex -25.5 51.5 4
      vertex -22.5 51.5 4
    endloop
  endfacet
  facet normal 0 0 -1
    outer loop
      vertex 23.5155 49.7194 4
      vertex 25.5 51.5 4
      vertex 25.5 48.7205 4
    endloop
  endfacet
  facet normal 0 0 -1
    outer loop
      vertex 22.5 51.5 4
      vertex 23.5155 49.7194 4
      vertex 22.5 50.1696 4
    endloop
  endfacet
  facet normal 0 0 -1
    outer loop
      vertex 23.5155 49.7194 4
      vertex 22.5 51.5 4
      vertex 25.5 51.5 4
    endloop
  endfacet
  facet normal -0.803207 -0.5957 0
    outer loop
      vertex 0.914616 0.611127 1.69
      vertex 0.850311 0.697832 4
      vertex 0.850311 0.697832 1.69
    endloop
  endfacet
  facet normal -0.803207 -0.5957 0
    outer loop
      vertex 0.850311 0.697832 4
      vertex 0.914616 0.611127 1.69
      vertex 0.914616 0.611127 4
    endloop
  endfacet
  facet normal 0.90398 0.427576 0
    outer loop
      vertex -0.970113 -0.518536 4
      vertex -1.01627 -0.420951 1.69
      vertex -1.01627 -0.420951 4
    endloop
  endfacet
  facet normal 0.90398 0.427576 0
    outer loop
      vertex -1.01627 -0.420951 1.69
      vertex -0.970113 -0.518536 4
      vertex -0.970113 -0.518536 1.69
    endloop
  endfacet
  facet normal 0.740952 0.671558 0
    outer loop
      vertex -0.777817 -0.777817 4
      vertex -0.850311 -0.697832 1.69
      vertex -0.850311 -0.697832 4
    endloop
  endfacet
  facet normal 0.740952 0.671558 0
    outer loop
      vertex -0.850311 -0.697832 1.69
      vertex -0.777817 -0.777817 4
      vertex -0.777817 -0.777817 1.69
    endloop
  endfacet
  facet normal 0.336835 0.941564 -0
    outer loop
      vertex -0.319313 -1.05263 1.69
      vertex -0.420951 -1.01627 4
      vertex -0.319313 -1.05263 4
    endloop
  endfacet
  facet normal 0.336835 0.941564 0
    outer loop
      vertex -0.420951 -1.01627 4
      vertex -0.319313 -1.05263 1.69
      vertex -0.420951 -1.01627 1.69
    endloop
  endfacet
  facet normal 0.0490972 0.998794 -0
    outer loop
      vertex 0 -1.1 1.69
      vertex -0.107819 -1.0947 4
      vertex 0 -1.1 4
    endloop
  endfacet
  facet normal 0.0490972 0.998794 0
    outer loop
      vertex -0.107819 -1.0947 4
      vertex 0 -1.1 1.69
      vertex -0.107819 -1.0947 1.69
    endloop
  endfacet
  facet normal 0.998794 -0.0490972 0
    outer loop
      vertex -1.1 0 4
      vertex -1.0947 0.107819 1.69
      vertex -1.0947 0.107819 4
    endloop
  endfacet
  facet normal 0.998794 -0.0490972 0
    outer loop
      vertex -1.0947 0.107819 1.69
      vertex -1.1 0 4
      vertex -1.1 0 1.69
    endloop
  endfacet
  facet normal -0.336835 0.941564 0
    outer loop
      vertex 0.420951 -1.01627 1.69
      vertex 0.319313 -1.05263 4
      vertex 0.420951 -1.01627 4
    endloop
  endfacet
  facet normal -0.336835 0.941564 0
    outer loop
      vertex 0.319313 -1.05263 4
      vertex 0.420951 -1.01627 1.69
      vertex 0.319313 -1.05263 1.69
    endloop
  endfacet
  facet normal -0.97003 0.242985 0
    outer loop
      vertex 1.05263 -0.319313 1.69
      vertex 1.07886 -0.214599 4
      vertex 1.07886 -0.214599 1.69
    endloop
  endfacet
  facet normal -0.97003 0.242985 0
    outer loop
      vertex 1.07886 -0.214599 4
      vertex 1.05263 -0.319313 1.69
      vertex 1.05263 -0.319313 4
    endloop
  endfacet
  facet normal -0.941564 0.336835 0
    outer loop
      vertex 1.01627 -0.420951 1.69
      vertex 1.05263 -0.319313 4
      vertex 1.05263 -0.319313 1.69
    endloop
  endfacet
  facet normal -0.941564 0.336835 0
    outer loop
      vertex 1.05263 -0.319313 4
      vertex 1.01627 -0.420951 1.69
      vertex 1.01627 -0.420951 4
    endloop
  endfacet
  facet normal -0.740952 0.671558 0
    outer loop
      vertex 0.777817 -0.777817 1.69
      vertex 0.850311 -0.697832 4
      vertex 0.850311 -0.697832 1.69
    endloop
  endfacet
  facet normal -0.740952 0.671558 0
    outer loop
      vertex 0.850311 -0.697832 4
      vertex 0.777817 -0.777817 1.69
      vertex 0.777817 -0.777817 4
    endloop
  endfacet
  facet normal -0.514103 -0.857728 0
    outer loop
      vertex 0.518536 0.970113 1.69
      vertex 0.611127 0.914616 4
      vertex 0.518536 0.970113 4
    endloop
  endfacet
  facet normal -0.514103 -0.857728 -0
    outer loop
      vertex 0.611127 0.914616 4
      vertex 0.518536 0.970113 1.69
      vertex 0.611127 0.914616 1.69
    endloop
  endfacet
  facet normal -0.242985 -0.97003 0
    outer loop
      vertex 0.214599 1.07886 1.69
      vertex 0.319313 1.05263 4
      vertex 0.214599 1.07886 4
    endloop
  endfacet
  facet normal -0.242985 -0.97003 -0
    outer loop
      vertex 0.319313 1.05263 4
      vertex 0.214599 1.07886 1.69
      vertex 0.319313 1.05263 1.69
    endloop
  endfacet
  facet normal -0.941564 -0.336835 0
    outer loop
      vertex 1.05263 0.319313 1.69
      vertex 1.01627 0.420951 4
      vertex 1.01627 0.420951 1.69
    endloop
  endfacet
  facet normal -0.941564 -0.336835 0
    outer loop
      vertex 1.01627 0.420951 4
      vertex 1.05263 0.319313 1.69
      vertex 1.05263 0.319313 4
    endloop
  endfacet
  facet normal -0.5957 -0.803207 0
    outer loop
      vertex 0.611127 0.914616 1.69
      vertex 0.697832 0.850311 4
      vertex 0.611127 0.914616 4
    endloop
  endfacet
  facet normal -0.5957 -0.803207 -0
    outer loop
      vertex 0.697832 0.850311 4
      vertex 0.611127 0.914616 1.69
      vertex 0.697832 0.850311 1.69
    endloop
  endfacet
  facet normal 0.97003 0.242985 0
    outer loop
      vertex -1.05263 -0.319313 4
      vertex -1.07886 -0.214599 1.69
      vertex -1.07886 -0.214599 4
    endloop
  endfacet
  facet normal 0.97003 0.242985 0
    outer loop
      vertex -1.07886 -0.214599 1.69
      vertex -1.05263 -0.319313 4
      vertex -1.05263 -0.319313 1.69
    endloop
  endfacet
  facet normal -0.90398 -0.427576 0
    outer loop
      vertex 1.01627 0.420951 1.69
      vertex 0.970113 0.518536 4
      vertex 0.970113 0.518536 1.69
    endloop
  endfacet
  facet normal -0.90398 -0.427576 0
    outer loop
      vertex 0.970113 0.518536 4
      vertex 1.01627 0.420951 1.69
      vertex 1.01627 0.420951 4
    endloop
  endfacet
  facet normal -0.0490972 -0.998794 0
    outer loop
      vertex 0 1.1 1.69
      vertex 0.107819 1.0947 4
      vertex 0 1.1 4
    endloop
  endfacet
  facet normal -0.0490972 -0.998794 -0
    outer loop
      vertex 0.107819 1.0947 4
      vertex 0 1.1 1.69
      vertex 0.107819 1.0947 1.69
    endloop
  endfacet
  facet normal -0.989176 0.146737 0
    outer loop
      vertex 1.07886 -0.214599 1.69
      vertex 1.0947 -0.107819 4
      vertex 1.0947 -0.107819 1.69
    endloop
  endfacet
  facet normal -0.989176 0.146737 0
    outer loop
      vertex 1.0947 -0.107819 4
      vertex 1.07886 -0.214599 1.69
      vertex 1.07886 -0.214599 4
    endloop
  endfacet
  facet normal 0.671558 0.740952 -0
    outer loop
      vertex -0.697832 -0.850311 1.69
      vertex -0.777817 -0.777817 4
      vertex -0.697832 -0.850311 4
    endloop
  endfacet
  facet normal 0.671558 0.740952 0
    outer loop
      vertex -0.777817 -0.777817 4
      vertex -0.697832 -0.850311 1.69
      vertex -0.777817 -0.777817 1.69
    endloop
  endfacet
  facet normal 0.336835 -0.941564 0
    outer loop
      vertex -0.420951 1.01627 1.69
      vertex -0.319313 1.05263 4
      vertex -0.420951 1.01627 4
    endloop
  endfacet
  facet normal 0.336835 -0.941564 0
    outer loop
      vertex -0.319313 1.05263 4
      vertex -0.420951 1.01627 1.69
      vertex -0.319313 1.05263 1.69
    endloop
  endfacet
  facet normal -0.857728 0.514103 0
    outer loop
      vertex 0.914616 -0.611127 1.69
      vertex 0.970113 -0.518536 4
      vertex 0.970113 -0.518536 1.69
    endloop
  endfacet
  facet normal -0.857728 0.514103 0
    outer loop
      vertex 0.970113 -0.518536 4
      vertex 0.914616 -0.611127 1.69
      vertex 0.914616 -0.611127 4
    endloop
  endfacet
  facet normal 0.671558 -0.740952 0
    outer loop
      vertex -0.777817 0.777817 1.69
      vertex -0.697832 0.850311 4
      vertex -0.777817 0.777817 4
    endloop
  endfacet
  facet normal 0.671558 -0.740952 0
    outer loop
      vertex -0.697832 0.850311 4
      vertex -0.777817 0.777817 1.69
      vertex -0.697832 0.850311 1.69
    endloop
  endfacet
  facet normal 0.857728 0.514103 0
    outer loop
      vertex -0.914616 -0.611127 4
      vertex -0.970113 -0.518536 1.69
      vertex -0.970113 -0.518536 4
    endloop
  endfacet
  facet normal 0.857728 0.514103 0
    outer loop
      vertex -0.970113 -0.518536 1.69
      vertex -0.914616 -0.611127 4
      vertex -0.914616 -0.611127 1.69
    endloop
  endfacet
  facet normal -0.671558 0.740952 0
    outer loop
      vertex 0.777817 -0.777817 1.69
      vertex 0.697832 -0.850311 4
      vertex 0.777817 -0.777817 4
    endloop
  endfacet
  facet normal -0.671558 0.740952 0
    outer loop
      vertex 0.697832 -0.850311 4
      vertex 0.777817 -0.777817 1.69
      vertex 0.697832 -0.850311 1.69
    endloop
  endfacet
  facet normal -0.5957 0.803207 0
    outer loop
      vertex 0.697832 -0.850311 1.69
      vertex 0.611127 -0.914616 4
      vertex 0.697832 -0.850311 4
    endloop
  endfacet
  facet normal -0.5957 0.803207 0
    outer loop
      vertex 0.611127 -0.914616 4
      vertex 0.697832 -0.850311 1.69
      vertex 0.611127 -0.914616 1.69
    endloop
  endfacet
  facet normal 0.857728 -0.514103 0
    outer loop
      vertex -0.970113 0.518536 4
      vertex -0.914616 0.611127 1.69
      vertex -0.914616 0.611127 4
    endloop
  endfacet
  facet normal 0.857728 -0.514103 0
    outer loop
      vertex -0.914616 0.611127 1.69
      vertex -0.970113 0.518536 4
      vertex -0.970113 0.518536 1.69
    endloop
  endfacet
  facet normal 0.146737 0.989176 -0
    outer loop
      vertex -0.107819 -1.0947 1.69
      vertex -0.214599 -1.07886 4
      vertex -0.107819 -1.0947 4
    endloop
  endfacet
  facet normal 0.146737 0.989176 0
    outer loop
      vertex -0.214599 -1.07886 4
      vertex -0.107819 -1.0947 1.69
      vertex -0.214599 -1.07886 1.69
    endloop
  endfacet
  facet normal 0.941564 0.336835 0
    outer loop
      vertex -1.01627 -0.420951 4
      vertex -1.05263 -0.319313 1.69
      vertex -1.05263 -0.319313 4
    endloop
  endfacet
  facet normal 0.941564 0.336835 0
    outer loop
      vertex -1.05263 -0.319313 1.69
      vertex -1.01627 -0.420951 4
      vertex -1.01627 -0.420951 1.69
    endloop
  endfacet
  facet normal -0.740952 -0.671558 0
    outer loop
      vertex 0.850311 0.697832 1.69
      vertex 0.777817 0.777817 4
      vertex 0.777817 0.777817 1.69
    endloop
  endfacet
  facet normal -0.740952 -0.671558 0
    outer loop
      vertex 0.777817 0.777817 4
      vertex 0.850311 0.697832 1.69
      vertex 0.850311 0.697832 4
    endloop
  endfacet
  facet normal 0.90398 -0.427576 0
    outer loop
      vertex -1.01627 0.420951 4
      vertex -0.970113 0.518536 1.69
      vertex -0.970113 0.518536 4
    endloop
  endfacet
  facet normal 0.90398 -0.427576 0
    outer loop
      vertex -0.970113 0.518536 1.69
      vertex -1.01627 0.420951 4
      vertex -1.01627 0.420951 1.69
    endloop
  endfacet
  facet normal 0.0490972 -0.998794 0
    outer loop
      vertex -0.107819 1.0947 1.69
      vertex 0 1.1 4
      vertex -0.107819 1.0947 4
    endloop
  endfacet
  facet normal 0.0490972 -0.998794 0
    outer loop
      vertex 0 1.1 4
      vertex -0.107819 1.0947 1.69
      vertex 0 1.1 1.69
    endloop
  endfacet
  facet normal 0.998794 0.0490972 0
    outer loop
      vertex -1.0947 -0.107819 4
      vertex -1.1 0 1.69
      vertex -1.1 0 4
    endloop
  endfacet
  facet normal 0.998794 0.0490972 0
    outer loop
      vertex -1.1 0 1.69
      vertex -1.0947 -0.107819 4
      vertex -1.0947 -0.107819 1.69
    endloop
  endfacet
  facet normal -0.514103 0.857728 0
    outer loop
      vertex 0.611127 -0.914616 1.69
      vertex 0.518536 -0.970113 4
      vertex 0.611127 -0.914616 4
    endloop
  endfacet
  facet normal -0.514103 0.857728 0
    outer loop
      vertex 0.518536 -0.970113 4
      vertex 0.611127 -0.914616 1.69
      vertex 0.518536 -0.970113 1.69
    endloop
  endfacet
  facet normal 0.242985 0.97003 -0
    outer loop
      vertex -0.214599 -1.07886 1.69
      vertex -0.319313 -1.05263 4
      vertex -0.214599 -1.07886 4
    endloop
  endfacet
  facet normal 0.242985 0.97003 0
    outer loop
      vertex -0.319313 -1.05263 4
      vertex -0.214599 -1.07886 1.69
      vertex -0.319313 -1.05263 1.69
    endloop
  endfacet
  facet normal 0.514103 0.857728 -0
    outer loop
      vertex -0.518536 -0.970113 1.69
      vertex -0.611127 -0.914616 4
      vertex -0.518536 -0.970113 4
    endloop
  endfacet
  facet normal 0.514103 0.857728 0
    outer loop
      vertex -0.611127 -0.914616 4
      vertex -0.518536 -0.970113 1.69
      vertex -0.611127 -0.914616 1.69
    endloop
  endfacet
  facet normal 0.803207 -0.5957 0
    outer loop
      vertex -0.914616 0.611127 4
      vertex -0.850311 0.697832 1.69
      vertex -0.850311 0.697832 4
    endloop
  endfacet
  facet normal 0.803207 -0.5957 0
    outer loop
      vertex -0.850311 0.697832 1.69
      vertex -0.914616 0.611127 4
      vertex -0.914616 0.611127 1.69
    endloop
  endfacet
  facet normal 0.427576 0.90398 -0
    outer loop
      vertex -0.420951 -1.01627 1.69
      vertex -0.518536 -0.970113 4
      vertex -0.420951 -1.01627 4
    endloop
  endfacet
  facet normal 0.427576 0.90398 0
    outer loop
      vertex -0.518536 -0.970113 4
      vertex -0.420951 -1.01627 1.69
      vertex -0.518536 -0.970113 1.69
    endloop
  endfacet
  facet normal 0.941564 -0.336835 0
    outer loop
      vertex -1.05263 0.319313 4
      vertex -1.01627 0.420951 1.69
      vertex -1.01627 0.420951 4
    endloop
  endfacet
  facet normal 0.941564 -0.336835 0
    outer loop
      vertex -1.01627 0.420951 1.69
      vertex -1.05263 0.319313 4
      vertex -1.05263 0.319313 1.69
    endloop
  endfacet
  facet normal -0.99729 -0.0735689 0
    outer loop
      vertex 51.0884 2.50981 0
      vertex 50.9037 5.01358 1.8
      vertex 50.9037 5.01358 0
    endloop
  endfacet
  facet normal -0.99729 -0.0735689 0
    outer loop
      vertex 50.9037 5.01358 1.8
      vertex 51.0884 2.50981 0
      vertex 51.0884 2.50981 1.8
    endloop
  endfacet
  facet normal -0.999699 -0.0245363 0
    outer loop
      vertex 51.15 0 0
      vertex 51.0884 2.50981 1.8
      vertex 51.0884 2.50981 0
    endloop
  endfacet
  facet normal -0.999699 -0.0245363 0
    outer loop
      vertex 51.0884 2.50981 1.8
      vertex 51.15 0 0
      vertex 51.15 0 1.8
    endloop
  endfacet
  facet normal -0.99248 -0.122403 0
    outer loop
      vertex 50.9037 5.01358 0
      vertex 50.5964 7.50526 1.8
      vertex 50.5964 7.50526 0
    endloop
  endfacet
  facet normal -0.99248 -0.122403 0
    outer loop
      vertex 50.5964 7.50526 1.8
      vertex 50.9037 5.01358 0
      vertex 50.9037 5.01358 1.8
    endloop
  endfacet
  facet normal -0.844855 0.534995 0
    outer loop
      vertex 42.5297 -28.4174 0
      vertex 43.8728 -26.2964 1.8
      vertex 43.8728 -26.2964 0
    endloop
  endfacet
  facet normal -0.844855 0.534995 0
    outer loop
      vertex 43.8728 -26.2964 1.8
      vertex 42.5297 -28.4174 0
      vertex 42.5297 -28.4174 1.8
    endloop
  endfacet
  facet normal 0.817586 -0.575807 0
    outer loop
      vertex -42.5297 28.4174 1.8
      vertex -41.0841 30.47 0
      vertex -41.0841 30.47 1.8
    endloop
  endfacet
  facet normal 0.817586 -0.575807 0
    outer loop
      vertex -41.0841 30.47 0
      vertex -42.5297 28.4174 1.8
      vertex -42.5297 28.4174 0
    endloop
  endfacet
  facet normal -0.615236 0.788343 0
    outer loop
      vertex 32.4492 -39.5395 0
      vertex 30.47 -41.0841 1.8
      vertex 32.4492 -39.5395 1.8
    endloop
  endfacet
  facet normal -0.615236 0.788343 0
    outer loop
      vertex 30.47 -41.0841 1.8
      vertex 32.4492 -39.5395 0
      vertex 30.47 -41.0841 0
    endloop
  endfacet
  facet normal 0.405225 0.914217 -0
    outer loop
      vertex -19.5743 -47.2564 0
      vertex -21.8694 -46.2391 1.8
      vertex -19.5743 -47.2564 1.8
    endloop
  endfacet
  facet normal 0.405225 0.914217 0
    outer loop
      vertex -21.8694 -46.2391 1.8
      vertex -19.5743 -47.2564 0
      vertex -21.8694 -46.2391 0
    endloop
  endfacet
  facet normal -0.99729 0.0735689 0
    outer loop
      vertex 50.9037 -5.01358 0
      vertex 51.0884 -2.50981 1.8
      vertex 51.0884 -2.50981 0
    endloop
  endfacet
  facet normal -0.99729 0.0735689 0
    outer loop
      vertex 51.0884 -2.50981 1.8
      vertex 50.9037 -5.01358 0
      vertex 50.9037 -5.01358 1.8
    endloop
  endfacet
  facet normal -0.844855 -0.534995 0
    outer loop
      vertex 43.8728 26.2964 0
      vertex 42.5297 28.4174 1.8
      vertex 42.5297 28.4174 0
    endloop
  endfacet
  facet normal -0.844855 -0.534995 0
    outer loop
      vertex 42.5297 28.4174 1.8
      vertex 43.8728 26.2964 0
      vertex 43.8728 26.2964 1.8
    endloop
  endfacet
  facet normal -0.985278 0.170957 0
    outer loop
      vertex 50.1672 -9.97887 0
      vertex 50.5964 -7.50526 1.8
      vertex 50.5964 -7.50526 0
    endloop
  endfacet
  facet normal -0.985278 0.170957 0
    outer loop
      vertex 50.5964 -7.50526 1.8
      vertex 50.1672 -9.97887 0
      vertex 50.1672 -9.97887 1.8
    endloop
  endfacet
  facet normal -0.975699 0.219116 0
    outer loop
      vertex 49.6171 -12.4284 0
      vertex 50.1672 -9.97887 1.8
      vertex 50.1672 -9.97887 0
    endloop
  endfacet
  facet normal -0.975699 0.219116 0
    outer loop
      vertex 50.1672 -9.97887 1.8
      vertex 49.6171 -12.4284 0
      vertex 49.6171 -12.4284 1.8
    endloop
  endfacet
  facet normal -0.266705 -0.963778 0
    outer loop
      vertex 12.4284 49.6171 0
      vertex 14.8481 48.9475 1.8
      vertex 12.4284 49.6171 1.8
    endloop
  endfacet
  facet normal -0.266705 -0.963778 -0
    outer loop
      vertex 14.8481 48.9475 1.8
      vertex 12.4284 49.6171 0
      vertex 14.8481 48.9475 0
    endloop
  endfacet
  facet normal -0.975699 -0.219116 0
    outer loop
      vertex 50.1672 9.97887 0
      vertex 49.6171 12.4284 1.8
      vertex 49.6171 12.4284 0
    endloop
  endfacet
  facet normal -0.975699 -0.219116 0
    outer loop
      vertex 49.6171 12.4284 1.8
      vertex 50.1672 9.97887 0
      vertex 50.1672 9.97887 1.8
    endloop
  endfacet
  facet normal 0.0245363 0.999699 -0
    outer loop
      vertex 0 -51.15 0
      vertex -2.50981 -51.0884 1.8
      vertex 0 -51.15 1.8
    endloop
  endfacet
  facet normal 0.0245363 0.999699 0
    outer loop
      vertex -2.50981 -51.0884 1.8
      vertex 0 -51.15 0
      vertex -2.50981 -51.0884 0
    endloop
  endfacet
  facet normal -0.99248 0.122403 0
    outer loop
      vertex 50.5964 -7.50526 0
      vertex 50.9037 -5.01358 1.8
      vertex 50.9037 -5.01358 0
    endloop
  endfacet
  facet normal -0.99248 0.122403 0
    outer loop
      vertex 50.9037 -5.01358 1.8
      vertex 50.5964 -7.50526 0
      vertex 50.5964 -7.50526 1.8
    endloop
  endfacet
  facet normal -0.870088 0.492897 0
    outer loop
      vertex 43.8728 -26.2964 0
      vertex 45.1103 -24.1119 1.8
      vertex 45.1103 -24.1119 0
    endloop
  endfacet
  facet normal -0.870088 0.492897 0
    outer loop
      vertex 45.1103 -24.1119 1.8
      vertex 43.8728 -26.2964 0
      vertex 43.8728 -26.2964 1.8
    endloop
  endfacet
  facet normal -0.405225 0.914217 0
    outer loop
      vertex 21.8694 -46.2391 0
      vertex 19.5743 -47.2564 1.8
      vertex 21.8694 -46.2391 1.8
    endloop
  endfacet
  facet normal -0.405225 0.914217 0
    outer loop
      vertex 19.5743 -47.2564 1.8
      vertex 21.8694 -46.2391 0
      vertex 19.5743 -47.2564 0
    endloop
  endfacet
  facet normal -0.0735689 0.99729 0
    outer loop
      vertex 5.01358 -50.9037 0
      vertex 2.50981 -51.0884 1.8
      vertex 5.01358 -50.9037 1.8
    endloop
  endfacet
  facet normal -0.0735689 0.99729 0
    outer loop
      vertex 2.50981 -51.0884 1.8
      vertex 5.01358 -50.9037 0
      vertex 2.50981 -51.0884 0
    endloop
  endfacet
  facet normal 0.689548 0.72424 -0
    outer loop
      vertex -34.3502 -37.8997 0
      vertex -36.1685 -36.1685 1.8
      vertex -34.3502 -37.8997 1.8
    endloop
  endfacet
  facet normal 0.689548 0.72424 0
    outer loop
      vertex -36.1685 -36.1685 1.8
      vertex -34.3502 -37.8997 0
      vertex -36.1685 -36.1685 0
    endloop
  endfacet
  facet normal -0.999699 0.0245363 0
    outer loop
      vertex 51.0884 -2.50981 0
      vertex 51.15 0 1.8
      vertex 51.15 0 0
    endloop
  endfacet
  facet normal -0.999699 0.0245363 0
    outer loop
      vertex 51.15 0 1.8
      vertex 51.0884 -2.50981 0
      vertex 51.0884 -2.50981 1.8
    endloop
  endfacet
  facet normal 0 0 -1
    outer loop
      vertex 49.35 0 1.8
      vertex 51.15 0 1.8
      vertex 51.0884 -2.50981 1.8
    endloop
  endfacet
  facet normal 0 0 -1
    outer loop
      vertex 49.2906 -2.42149 1.8
      vertex 51.0884 -2.50981 1.8
      vertex 50.9037 -5.01358 1.8
    endloop
  endfacet
  facet normal 0 0 -1
    outer loop
      vertex 51.15 0 1.8
      vertex 49.35 0 1.8
      vertex 51.0884 2.50981 1.8
    endloop
  endfacet
  facet normal 0 0 -1
    outer loop
      vertex 49.1124 -4.83715 1.8
      vertex 50.9037 -5.01358 1.8
      vertex 50.5964 -7.50526 1.8
    endloop
  endfacet
  facet normal 0 0 -1
    outer loop
      vertex 49.2906 2.42149 1.8
      vertex 51.0884 2.50981 1.8
      vertex 49.35 0 1.8
    endloop
  endfacet
  facet normal 0 0 -1
    outer loop
      vertex 48.8159 -7.24115 1.8
      vertex 50.5964 -7.50526 1.8
      vertex 50.1672 -9.97887 1.8
    endloop
  endfacet
  facet normal -0 0 -1
    outer loop
      vertex 51.0884 2.50981 1.8
      vertex 49.2906 2.42149 1.8
      vertex 50.9037 5.01358 1.8
    endloop
  endfacet
  facet normal 0 0 -1
    outer loop
      vertex 48.4018 -9.62771 1.8
      vertex 50.1672 -9.97887 1.8
      vertex 49.6171 -12.4284 1.8
    endloop
  endfacet
  facet normal 0 0 -1
    outer loop
      vertex 49.1124 4.83715 1.8
      vertex 50.9037 5.01358 1.8
      vertex 49.2906 2.42149 1.8
    endloop
  endfacet
  facet normal -0 0 -1
    outer loop
      vertex 50.9037 5.01358 1.8
      vertex 49.1124 4.83715 1.8
      vertex 50.5964 7.50526 1.8
    endloop
  endfacet
  facet normal 0 0 -1
    outer loop
      vertex 51.0884 -2.50981 1.8
      vertex 49.2906 -2.42149 1.8
      vertex 49.35 0 1.8
    endloop
  endfacet
  facet normal 0 0 -1
    outer loop
      vertex 50.9037 -5.01358 1.8
      vertex 49.1124 -4.83715 1.8
      vertex 49.2906 -2.42149 1.8
    endloop
  endfacet
  facet normal 0 0 -1
    outer loop
      vertex 47.871 -11.9911 1.8
      vertex 49.6171 -12.4284 1.8
      vertex 48.9475 -14.8481 1.8
    endloop
  endfacet
  facet normal 0 0 -1
    outer loop
      vertex 50.5964 -7.50526 1.8
      vertex 48.8159 -7.24115 1.8
      vertex 49.1124 -4.83715 1.8
    endloop
  endfacet
  facet normal 0 0 -1
    outer loop
      vertex 50.1672 -9.97887 1.8
      vertex 48.4018 -9.62771 1.8
      vertex 48.8159 -7.24115 1.8
    endloop
  endfacet
  facet normal 0 0 -1
    outer loop
      vertex 47.225 -14.3255 1.8
      vertex 48.9475 -14.8481 1.8
      vertex 48.16 -17.2319 1.8
    endloop
  endfacet
  facet normal 0 0 -1
    outer loop
      vertex 49.6171 -12.4284 1.8
      vertex 47.871 -11.9911 1.8
      vertex 48.4018 -9.62771 1.8
    endloop
  endfacet
  facet normal 0 0 -1
    outer loop
      vertex 46.4652 -16.6255 1.8
      vertex 48.16 -17.2319 1.8
      vertex 47.2564 -19.5743 1.8
    endloop
  endfacet
  facet normal 0 0 -1
    outer loop
      vertex 48.9475 -14.8481 1.8
      vertex 47.225 -14.3255 1.8
      vertex 47.871 -11.9911 1.8
    endloop
  endfacet
  facet normal 0 0 -1
    outer loop
      vertex 48.16 -17.2319 1.8
      vertex 46.4652 -16.6255 1.8
      vertex 47.225 -14.3255 1.8
    endloop
  endfacet
  facet normal 0 0 -1
    outer loop
      vertex 45.5935 -18.8854 1.8
      vertex 47.2564 -19.5743 1.8
      vertex 46.2391 -21.8694 1.8
    endloop
  endfacet
  facet normal 0 0 -1
    outer loop
      vertex 47.2564 -19.5743 1.8
      vertex 45.5935 -18.8854 1.8
      vertex 46.4652 -16.6255 1.8
    endloop
  endfacet
  facet normal 0 0 -1
    outer loop
      vertex 44.6119 -21.0998 1.8
      vertex 46.2391 -21.8694 1.8
      vertex 45.1103 -24.1119 1.8
    endloop
  endfacet
  facet normal 0 0 -1
    outer loop
      vertex 46.2391 -21.8694 1.8
      vertex 44.6119 -21.0998 1.8
      vertex 45.5935 -18.8854 1.8
    endloop
  endfacet
  facet normal 0 0 -1
    outer loop
      vertex 43.5228 -23.2634 1.8
      vertex 45.1103 -24.1119 1.8
      vertex 43.8728 -26.2964 1.8
    endloop
  endfacet
  facet normal 0 0 -1
    outer loop
      vertex 45.1103 -24.1119 1.8
      vertex 43.5228 -23.2634 1.8
      vertex 44.6119 -21.0998 1.8
    endloop
  endfacet
  facet normal 0 0 -1
    outer loop
      vertex 42.3289 -25.371 1.8
      vertex 43.8728 -26.2964 1.8
      vertex 42.5297 -28.4174 1.8
    endloop
  endfacet
  facet normal 0 0 -1
    outer loop
      vertex 43.8728 -26.2964 1.8
      vertex 42.3289 -25.371 1.8
      vertex 43.5228 -23.2634 1.8
    endloop
  endfacet
  facet normal 0 0 -1
    outer loop
      vertex 41.033 -27.4174 1.8
      vertex 42.5297 -28.4174 1.8
      vertex 41.0841 -30.47 1.8
    endloop
  endfacet
  facet normal 0 0 -1
    outer loop
      vertex 42.5297 -28.4174 1.8
      vertex 41.033 -27.4174 1.8
      vertex 42.3289 -25.371 1.8
    endloop
  endfacet
  facet normal 0 0 -1
    outer loop
      vertex 41.0841 -30.47 1.8
      vertex 39.6383 -29.3978 1.8
      vertex 41.033 -27.4174 1.8
    endloop
  endfacet
  facet normal 0 0 -1
    outer loop
      vertex 39.5395 -32.4492 1.8
      vertex 39.6383 -29.3978 1.8
      vertex 41.0841 -30.47 1.8
    endloop
  endfacet
  facet normal 0 0 -1
    outer loop
      vertex 39.5395 -32.4492 1.8
      vertex 38.1481 -31.3073 1.8
      vertex 39.6383 -29.3978 1.8
    endloop
  endfacet
  facet normal 0 0 -1
    outer loop
      vertex 37.8997 -34.3502 1.8
      vertex 38.1481 -31.3073 1.8
      vertex 39.5395 -32.4492 1.8
    endloop
  endfacet
  facet normal 0 0 -1
    outer loop
      vertex 37.8997 -34.3502 1.8
      vertex 36.5659 -33.1414 1.8
      vertex 38.1481 -31.3073 1.8
    endloop
  endfacet
  facet normal 0 0 -1
    outer loop
      vertex 36.1685 -36.1685 1.8
      vertex 36.5659 -33.1414 1.8
      vertex 37.8997 -34.3502 1.8
    endloop
  endfacet
  facet normal 0 0 -1
    outer loop
      vertex 36.1685 -36.1685 1.8
      vertex 34.8957 -34.8957 1.8
      vertex 36.5659 -33.1414 1.8
    endloop
  endfacet
  facet normal 0 0 -1
    outer loop
      vertex 34.3502 -37.8997 1.8
      vertex 34.8957 -34.8957 1.8
      vertex 36.1685 -36.1685 1.8
    endloop
  endfacet
  facet normal 0 0 -1
    outer loop
      vertex 34.3502 -37.8997 1.8
      vertex 33.1414 -36.5659 1.8
      vertex 34.8957 -34.8957 1.8
    endloop
  endfacet
  facet normal 0 0 -1
    outer loop
      vertex 32.4492 -39.5395 1.8
      vertex 33.1414 -36.5659 1.8
      vertex 34.3502 -37.8997 1.8
    endloop
  endfacet
  facet normal 0 0 -1
    outer loop
      vertex 32.4492 -39.5395 1.8
      vertex 31.3073 -38.1481 1.8
      vertex 33.1414 -36.5659 1.8
    endloop
  endfacet
  facet normal 0 0 -1
    outer loop
      vertex 30.47 -41.0841 1.8
      vertex 31.3073 -38.1481 1.8
      vertex 32.4492 -39.5395 1.8
    endloop
  endfacet
  facet normal 0 0 -1
    outer loop
      vertex 30.47 -41.0841 1.8
      vertex 29.3978 -39.6383 1.8
      vertex 31.3073 -38.1481 1.8
    endloop
  endfacet
  facet normal 0 0 -1
    outer loop
      vertex 28.4174 -42.5297 1.8
      vertex 29.3978 -39.6383 1.8
      vertex 30.47 -41.0841 1.8
    endloop
  endfacet
  facet normal 0 0 -1
    outer loop
      vertex 28.4174 -42.5297 1.8
      vertex 27.4174 -41.033 1.8
      vertex 29.3978 -39.6383 1.8
    endloop
  endfacet
  facet normal 0 0 -1
    outer loop
      vertex 26.2964 -43.8728 1.8
      vertex 27.4174 -41.033 1.8
      vertex 28.4174 -42.5297 1.8
    endloop
  endfacet
  facet normal 0 0 -1
    outer loop
      vertex 26.2964 -43.8728 1.8
      vertex 25.371 -42.3289 1.8
      vertex 27.4174 -41.033 1.8
    endloop
  endfacet
  facet normal 0 0 -1
    outer loop
      vertex 24.1119 -45.1103 1.8
      vertex 25.371 -42.3289 1.8
      vertex 26.2964 -43.8728 1.8
    endloop
  endfacet
  facet normal 0 0 -1
    outer loop
      vertex 24.1119 -45.1103 1.8
      vertex 23.2634 -43.5228 1.8
      vertex 25.371 -42.3289 1.8
    endloop
  endfacet
  facet normal 0 0 -1
    outer loop
      vertex 21.8694 -46.2391 1.8
      vertex 23.2634 -43.5228 1.8
      vertex 24.1119 -45.1103 1.8
    endloop
  endfacet
  facet normal 0 0 -1
    outer loop
      vertex 21.8694 -46.2391 1.8
      vertex 21.0998 -44.6119 1.8
      vertex 23.2634 -43.5228 1.8
    endloop
  endfacet
  facet normal 0 0 -1
    outer loop
      vertex 19.5743 -47.2564 1.8
      vertex 21.0998 -44.6119 1.8
      vertex 21.8694 -46.2391 1.8
    endloop
  endfacet
  facet normal 0 0 -1
    outer loop
      vertex 19.5743 -47.2564 1.8
      vertex 18.8854 -45.5935 1.8
      vertex 21.0998 -44.6119 1.8
    endloop
  endfacet
  facet normal 0 0 -1
    outer loop
      vertex 17.2319 -48.16 1.8
      vertex 18.8854 -45.5935 1.8
      vertex 19.5743 -47.2564 1.8
    endloop
  endfacet
  facet normal 0 0 -1
    outer loop
      vertex 17.2319 -48.16 1.8
      vertex 16.6255 -46.4652 1.8
      vertex 18.8854 -45.5935 1.8
    endloop
  endfacet
  facet normal 0 0 -1
    outer loop
      vertex 14.8481 -48.9475 1.8
      vertex 16.6255 -46.4652 1.8
      vertex 17.2319 -48.16 1.8
    endloop
  endfacet
  facet normal 0 0 -1
    outer loop
      vertex 14.8481 -48.9475 1.8
      vertex 14.3255 -47.225 1.8
      vertex 16.6255 -46.4652 1.8
    endloop
  endfacet
  facet normal 0 0 -1
    outer loop
      vertex 12.4284 -49.6171 1.8
      vertex 14.3255 -47.225 1.8
      vertex 14.8481 -48.9475 1.8
    endloop
  endfacet
  facet normal 0 0 -1
    outer loop
      vertex 12.4284 -49.6171 1.8
      vertex 11.9911 -47.871 1.8
      vertex 14.3255 -47.225 1.8
    endloop
  endfacet
  facet normal 0 0 -1
    outer loop
      vertex 9.97887 -50.1672 1.8
      vertex 11.9911 -47.871 1.8
      vertex 12.4284 -49.6171 1.8
    endloop
  endfacet
  facet normal 0 0 -1
    outer loop
      vertex 9.97887 -50.1672 1.8
      vertex 9.62771 -48.4018 1.8
      vertex 11.9911 -47.871 1.8
    endloop
  endfacet
  facet normal 0 0 -1
    outer loop
      vertex 7.50526 -50.5964 1.8
      vertex 9.62771 -48.4018 1.8
      vertex 9.97887 -50.1672 1.8
    endloop
  endfacet
  facet normal 0 0 -1
    outer loop
      vertex 7.50526 -50.5964 1.8
      vertex 7.24115 -48.8159 1.8
      vertex 9.62771 -48.4018 1.8
    endloop
  endfacet
  facet normal 0 0 -1
    outer loop
      vertex 5.01358 -50.9037 1.8
      vertex 7.24115 -48.8159 1.8
      vertex 7.50526 -50.5964 1.8
    endloop
  endfacet
  facet normal 0 0 -1
    outer loop
      vertex 5.01358 -50.9037 1.8
      vertex 4.83715 -49.1124 1.8
      vertex 7.24115 -48.8159 1.8
    endloop
  endfacet
  facet normal 0 0 -1
    outer loop
      vertex 2.50981 -51.0884 1.8
      vertex 4.83715 -49.1124 1.8
      vertex 5.01358 -50.9037 1.8
    endloop
  endfacet
  facet normal 0 0 -1
    outer loop
      vertex 2.50981 -51.0884 1.8
      vertex 2.42149 -49.2906 1.8
      vertex 4.83715 -49.1124 1.8
    endloop
  endfacet
  facet normal 0 0 -1
    outer loop
      vertex 0 -51.15 1.8
      vertex 2.42149 -49.2906 1.8
      vertex 2.50981 -51.0884 1.8
    endloop
  endfacet
  facet normal 0 0 -1
    outer loop
      vertex 0 -51.15 1.8
      vertex 0 -49.35 1.8
      vertex 2.42149 -49.2906 1.8
    endloop
  endfacet
  facet normal 0 0 -1
    outer loop
      vertex 0 -51.15 1.8
      vertex -2.42149 -49.2906 1.8
      vertex 0 -49.35 1.8
    endloop
  endfacet
  facet normal 0 0 -1
    outer loop
      vertex -2.50981 -51.0884 1.8
      vertex -2.42149 -49.2906 1.8
      vertex 0 -51.15 1.8
    endloop
  endfacet
  facet normal 0 0 -1
    outer loop
      vertex -2.50981 -51.0884 1.8
      vertex -4.83715 -49.1124 1.8
      vertex -2.42149 -49.2906 1.8
    endloop
  endfacet
  facet normal 0 0 -1
    outer loop
      vertex -5.01358 -50.9037 1.8
      vertex -4.83715 -49.1124 1.8
      vertex -2.50981 -51.0884 1.8
    endloop
  endfacet
  facet normal 0 0 -1
    outer loop
      vertex -6.7 -50.6957 1.8
      vertex -4.83715 -49.1124 1.8
      vertex -5.01358 -50.9037 1.8
    endloop
  endfacet
  facet normal -0 0 -1
    outer loop
      vertex -4.83715 -49.1124 1.8
      vertex -6.7 -50.6957 1.8
      vertex -6.7 -48.8826 1.8
    endloop
  endfacet
  facet normal 0 0 -1
    outer loop
      vertex 48.8159 7.24115 1.8
      vertex 50.5964 7.50526 1.8
      vertex 49.1124 4.83715 1.8
    endloop
  endfacet
  facet normal -0 0 -1
    outer loop
      vertex 50.5964 7.50526 1.8
      vertex 48.8159 7.24115 1.8
      vertex 50.1672 9.97887 1.8
    endloop
  endfacet
  facet normal 0 0 -1
    outer loop
      vertex 48.4018 9.62771 1.8
      vertex 50.1672 9.97887 1.8
      vertex 48.8159 7.24115 1.8
    endloop
  endfacet
  facet normal -0 0 -1
    outer loop
      vertex 50.1672 9.97887 1.8
      vertex 48.4018 9.62771 1.8
      vertex 49.6171 12.4284 1.8
    endloop
  endfacet
  facet normal 0 0 -1
    outer loop
      vertex 47.871 11.9911 1.8
      vertex 49.6171 12.4284 1.8
      vertex 48.4018 9.62771 1.8
    endloop
  endfacet
  facet normal -0 0 -1
    outer loop
      vertex 49.6171 12.4284 1.8
      vertex 47.871 11.9911 1.8
      vertex 48.9475 14.8481 1.8
    endloop
  endfacet
  facet normal 0 0 -1
    outer loop
      vertex 47.225 14.3255 1.8
      vertex 48.9475 14.8481 1.8
      vertex 47.871 11.9911 1.8
    endloop
  endfacet
  facet normal -0 0 -1
    outer loop
      vertex 48.9475 14.8481 1.8
      vertex 47.225 14.3255 1.8
      vertex 48.16 17.2319 1.8
    endloop
  endfacet
  facet normal 0 0 -1
    outer loop
      vertex 46.4652 16.6255 1.8
      vertex 48.16 17.2319 1.8
      vertex 47.225 14.3255 1.8
    endloop
  endfacet
  facet normal -0 0 -1
    outer loop
      vertex 48.16 17.2319 1.8
      vertex 46.4652 16.6255 1.8
      vertex 47.2564 19.5743 1.8
    endloop
  endfacet
  facet normal 0 0 -1
    outer loop
      vertex 45.5935 18.8854 1.8
      vertex 47.2564 19.5743 1.8
      vertex 46.4652 16.6255 1.8
    endloop
  endfacet
  facet normal -0 0 -1
    outer loop
      vertex 47.2564 19.5743 1.8
      vertex 45.5935 18.8854 1.8
      vertex 46.2391 21.8694 1.8
    endloop
  endfacet
  facet normal 0 0 -1
    outer loop
      vertex 44.6119 21.0998 1.8
      vertex 46.2391 21.8694 1.8
      vertex 45.5935 18.8854 1.8
    endloop
  endfacet
  facet normal -0 0 -1
    outer loop
      vertex 46.2391 21.8694 1.8
      vertex 44.6119 21.0998 1.8
      vertex 45.1103 24.1119 1.8
    endloop
  endfacet
  facet normal 0 0 -1
    outer loop
      vertex 43.5228 23.2634 1.8
      vertex 45.1103 24.1119 1.8
      vertex 44.6119 21.0998 1.8
    endloop
  endfacet
  facet normal -0 0 -1
    outer loop
      vertex 45.1103 24.1119 1.8
      vertex 43.5228 23.2634 1.8
      vertex 43.8728 26.2964 1.8
    endloop
  endfacet
  facet normal 0 0 -1
    outer loop
      vertex 42.3289 25.371 1.8
      vertex 43.8728 26.2964 1.8
      vertex 43.5228 23.2634 1.8
    endloop
  endfacet
  facet normal -0 0 -1
    outer loop
      vertex 43.8728 26.2964 1.8
      vertex 42.3289 25.371 1.8
      vertex 42.5297 28.4174 1.8
    endloop
  endfacet
  facet normal 0 0 -1
    outer loop
      vertex 41.033 27.4174 1.8
      vertex 42.5297 28.4174 1.8
      vertex 42.3289 25.371 1.8
    endloop
  endfacet
  facet normal -0 0 -1
    outer loop
      vertex 42.5297 28.4174 1.8
      vertex 41.033 27.4174 1.8
      vertex 41.0841 30.47 1.8
    endloop
  endfacet
  facet normal 0 0 -1
    outer loop
      vertex 39.6383 29.3978 1.8
      vertex 41.0841 30.47 1.8
      vertex 41.033 27.4174 1.8
    endloop
  endfacet
  facet normal 0 0 -1
    outer loop
      vertex 39.6383 29.3978 1.8
      vertex 39.5395 32.4492 1.8
      vertex 41.0841 30.47 1.8
    endloop
  endfacet
  facet normal 0 0 -1
    outer loop
      vertex 38.1481 31.3073 1.8
      vertex 39.5395 32.4492 1.8
      vertex 39.6383 29.3978 1.8
    endloop
  endfacet
  facet normal 0 0 -1
    outer loop
      vertex 38.1481 31.3073 1.8
      vertex 37.8997 34.3502 1.8
      vertex 39.5395 32.4492 1.8
    endloop
  endfacet
  facet normal 0 0 -1
    outer loop
      vertex 36.5659 33.1414 1.8
      vertex 37.8997 34.3502 1.8
      vertex 38.1481 31.3073 1.8
    endloop
  endfacet
  facet normal 0 0 -1
    outer loop
      vertex 36.5659 33.1414 1.8
      vertex 36.1685 36.1685 1.8
      vertex 37.8997 34.3502 1.8
    endloop
  endfacet
  facet normal 0 0 -1
    outer loop
      vertex 34.8957 34.8957 1.8
      vertex 36.1685 36.1685 1.8
      vertex 36.5659 33.1414 1.8
    endloop
  endfacet
  facet normal 0 0 -1
    outer loop
      vertex 34.8957 34.8957 1.8
      vertex 34.3502 37.8997 1.8
      vertex 36.1685 36.1685 1.8
    endloop
  endfacet
  facet normal 0 0 -1
    outer loop
      vertex 33.1414 36.5659 1.8
      vertex 34.3502 37.8997 1.8
      vertex 34.8957 34.8957 1.8
    endloop
  endfacet
  facet normal 0 0 -1
    outer loop
      vertex 33.1414 36.5659 1.8
      vertex 32.4492 39.5395 1.8
      vertex 34.3502 37.8997 1.8
    endloop
  endfacet
  facet normal 0 0 -1
    outer loop
      vertex 31.3073 38.1481 1.8
      vertex 32.4492 39.5395 1.8
      vertex 33.1414 36.5659 1.8
    endloop
  endfacet
  facet normal 0 0 -1
    outer loop
      vertex 31.3073 38.1481 1.8
      vertex 30.47 41.0841 1.8
      vertex 32.4492 39.5395 1.8
    endloop
  endfacet
  facet normal 0 0 -1
    outer loop
      vertex 29.3978 39.6383 1.8
      vertex 30.47 41.0841 1.8
      vertex 31.3073 38.1481 1.8
    endloop
  endfacet
  facet normal 0 0 -1
    outer loop
      vertex 29.3978 39.6383 1.8
      vertex 28.4174 42.5297 1.8
      vertex 30.47 41.0841 1.8
    endloop
  endfacet
  facet normal 0 0 -1
    outer loop
      vertex 27.4174 41.033 1.8
      vertex 28.4174 42.5297 1.8
      vertex 29.3978 39.6383 1.8
    endloop
  endfacet
  facet normal 0 0 -1
    outer loop
      vertex 27.4174 41.033 1.8
      vertex 26.2964 43.8728 1.8
      vertex 28.4174 42.5297 1.8
    endloop
  endfacet
  facet normal 0 0 -1
    outer loop
      vertex 25.371 42.3289 1.8
      vertex 26.2964 43.8728 1.8
      vertex 27.4174 41.033 1.8
    endloop
  endfacet
  facet normal 0 0 -1
    outer loop
      vertex 25.371 42.3289 1.8
      vertex 24.1119 45.1103 1.8
      vertex 26.2964 43.8728 1.8
    endloop
  endfacet
  facet normal 0 0 -1
    outer loop
      vertex 23.2634 43.5228 1.8
      vertex 24.1119 45.1103 1.8
      vertex 25.371 42.3289 1.8
    endloop
  endfacet
  facet normal 0 0 -1
    outer loop
      vertex 23.2634 43.5228 1.8
      vertex 21.8694 46.2391 1.8
      vertex 24.1119 45.1103 1.8
    endloop
  endfacet
  facet normal 0 0 -1
    outer loop
      vertex 21.0998 44.6119 1.8
      vertex 21.8694 46.2391 1.8
      vertex 23.2634 43.5228 1.8
    endloop
  endfacet
  facet normal 0 0 -1
    outer loop
      vertex 21.0998 44.6119 1.8
      vertex 19.5743 47.2564 1.8
      vertex 21.8694 46.2391 1.8
    endloop
  endfacet
  facet normal 0 0 -1
    outer loop
      vertex 18.8854 45.5935 1.8
      vertex 19.5743 47.2564 1.8
      vertex 21.0998 44.6119 1.8
    endloop
  endfacet
  facet normal 0 0 -1
    outer loop
      vertex 18.8854 45.5935 1.8
      vertex 17.2319 48.16 1.8
      vertex 19.5743 47.2564 1.8
    endloop
  endfacet
  facet normal 0 0 -1
    outer loop
      vertex 16.6255 46.4652 1.8
      vertex 17.2319 48.16 1.8
      vertex 18.8854 45.5935 1.8
    endloop
  endfacet
  facet normal 0 0 -1
    outer loop
      vertex 16.6255 46.4652 1.8
      vertex 14.8481 48.9475 1.8
      vertex 17.2319 48.16 1.8
    endloop
  endfacet
  facet normal 0 0 -1
    outer loop
      vertex 14.3255 47.225 1.8
      vertex 14.8481 48.9475 1.8
      vertex 16.6255 46.4652 1.8
    endloop
  endfacet
  facet normal 0 0 -1
    outer loop
      vertex 14.3255 47.225 1.8
      vertex 12.4284 49.6171 1.8
      vertex 14.8481 48.9475 1.8
    endloop
  endfacet
  facet normal 0 0 -1
    outer loop
      vertex 11.9911 47.871 1.8
      vertex 12.4284 49.6171 1.8
      vertex 14.3255 47.225 1.8
    endloop
  endfacet
  facet normal 0 0 -1
    outer loop
      vertex 11.9911 47.871 1.8
      vertex 9.97887 50.1672 1.8
      vertex 12.4284 49.6171 1.8
    endloop
  endfacet
  facet normal 0 0 -1
    outer loop
      vertex 9.62771 48.4018 1.8
      vertex 9.97887 50.1672 1.8
      vertex 11.9911 47.871 1.8
    endloop
  endfacet
  facet normal 0 0 -1
    outer loop
      vertex 9.62771 48.4018 1.8
      vertex 7.50526 50.5964 1.8
      vertex 9.97887 50.1672 1.8
    endloop
  endfacet
  facet normal 0 0 -1
    outer loop
      vertex 7.24115 48.8159 1.8
      vertex 7.50526 50.5964 1.8
      vertex 9.62771 48.4018 1.8
    endloop
  endfacet
  facet normal 0 0 -1
    outer loop
      vertex 7.24115 48.8159 1.8
      vertex 5.01358 50.9037 1.8
      vertex 7.50526 50.5964 1.8
    endloop
  endfacet
  facet normal 0 0 -1
    outer loop
      vertex 4.83715 49.1124 1.8
      vertex 5.01358 50.9037 1.8
      vertex 7.24115 48.8159 1.8
    endloop
  endfacet
  facet normal 0 0 -1
    outer loop
      vertex 4.83715 49.1124 1.8
      vertex 2.50981 51.0884 1.8
      vertex 5.01358 50.9037 1.8
    endloop
  endfacet
  facet normal 0 0 -1
    outer loop
      vertex 2.42149 49.2906 1.8
      vertex 2.50981 51.0884 1.8
      vertex 4.83715 49.1124 1.8
    endloop
  endfacet
  facet normal 0 0 -1
    outer loop
      vertex 0 49.35 1.8
      vertex 2.50981 51.0884 1.8
      vertex 2.42149 49.2906 1.8
    endloop
  endfacet
  facet normal 0 0 -1
    outer loop
      vertex 0 49.35 1.8
      vertex 0 51.15 1.8
      vertex 2.50981 51.0884 1.8
    endloop
  endfacet
  facet normal 0 0 -1
    outer loop
      vertex -2.42149 49.2906 1.8
      vertex 0 51.15 1.8
      vertex 0 49.35 1.8
    endloop
  endfacet
  facet normal 0 0 -1
    outer loop
      vertex -2.42149 49.2906 1.8
      vertex -2.50981 51.0884 1.8
      vertex 0 51.15 1.8
    endloop
  endfacet
  facet normal 0 0 -1
    outer loop
      vertex -4.83715 49.1124 1.8
      vertex -2.50981 51.0884 1.8
      vertex -2.42149 49.2906 1.8
    endloop
  endfacet
  facet normal 0 0 -1
    outer loop
      vertex -4.83715 49.1124 1.8
      vertex -5.01358 50.9037 1.8
      vertex -2.50981 51.0884 1.8
    endloop
  endfacet
  facet normal 0 0 -1
    outer loop
      vertex -6.7 50.6957 1.8
      vertex -4.83715 49.1124 1.8
      vertex -6.7 48.8826 1.8
    endloop
  endfacet
  facet normal 0 0 -1
    outer loop
      vertex -4.83715 49.1124 1.8
      vertex -6.7 50.6957 1.8
      vertex -5.01358 50.9037 1.8
    endloop
  endfacet
  facet normal 0 0 -1
    outer loop
      vertex -9.97887 -50.1672 1.8
      vertex -9.3 -48.4586 1.8
      vertex -9.3 -50.285 1.8
    endloop
  endfacet
  facet normal -0 0 -1
    outer loop
      vertex -9.3 -48.4586 1.8
      vertex -9.97887 -50.1672 1.8
      vertex -9.62771 -48.4018 1.8
    endloop
  endfacet
  facet normal 0 0 -1
    outer loop
      vertex -9.97887 -50.1672 1.8
      vertex -11.9911 -47.871 1.8
      vertex -9.62771 -48.4018 1.8
    endloop
  endfacet
  facet normal 0 0 -1
    outer loop
      vertex -12.4284 -49.6171 1.8
      vertex -11.9911 -47.871 1.8
      vertex -9.97887 -50.1672 1.8
    endloop
  endfacet
  facet normal 0 0 -1
    outer loop
      vertex -12.4284 -49.6171 1.8
      vertex -14.3255 -47.225 1.8
      vertex -11.9911 -47.871 1.8
    endloop
  endfacet
  facet normal 0 0 -1
    outer loop
      vertex -14.8481 -48.9475 1.8
      vertex -14.3255 -47.225 1.8
      vertex -12.4284 -49.6171 1.8
    endloop
  endfacet
  facet normal 0 0 -1
    outer loop
      vertex -14.8481 -48.9475 1.8
      vertex -16.6255 -46.4652 1.8
      vertex -14.3255 -47.225 1.8
    endloop
  endfacet
  facet normal 0 0 -1
    outer loop
      vertex -17.2319 -48.16 1.8
      vertex -16.6255 -46.4652 1.8
      vertex -14.8481 -48.9475 1.8
    endloop
  endfacet
  facet normal 0 0 -1
    outer loop
      vertex -17.2319 -48.16 1.8
      vertex -18.8854 -45.5935 1.8
      vertex -16.6255 -46.4652 1.8
    endloop
  endfacet
  facet normal 0 0 -1
    outer loop
      vertex -19.5743 -47.2564 1.8
      vertex -18.8854 -45.5935 1.8
      vertex -17.2319 -48.16 1.8
    endloop
  endfacet
  facet normal 0 0 -1
    outer loop
      vertex -19.5743 -47.2564 1.8
      vertex -21.0998 -44.6119 1.8
      vertex -18.8854 -45.5935 1.8
    endloop
  endfacet
  facet normal 0 0 -1
    outer loop
      vertex -21.8694 -46.2391 1.8
      vertex -21.0998 -44.6119 1.8
      vertex -19.5743 -47.2564 1.8
    endloop
  endfacet
  facet normal 0 0 -1
    outer loop
      vertex -21.8694 -46.2391 1.8
      vertex -23.2634 -43.5228 1.8
      vertex -21.0998 -44.6119 1.8
    endloop
  endfacet
  facet normal 0 0 -1
    outer loop
      vertex -24.1119 -45.1103 1.8
      vertex -23.2634 -43.5228 1.8
      vertex -21.8694 -46.2391 1.8
    endloop
  endfacet
  facet normal 0 0 -1
    outer loop
      vertex -24.1119 -45.1103 1.8
      vertex -25.371 -42.3289 1.8
      vertex -23.2634 -43.5228 1.8
    endloop
  endfacet
  facet normal 0 0 -1
    outer loop
      vertex -26.2964 -43.8728 1.8
      vertex -25.371 -42.3289 1.8
      vertex -24.1119 -45.1103 1.8
    endloop
  endfacet
  facet normal 0 0 -1
    outer loop
      vertex -26.2964 -43.8728 1.8
      vertex -27.4174 -41.033 1.8
      vertex -25.371 -42.3289 1.8
    endloop
  endfacet
  facet normal 0 0 -1
    outer loop
      vertex -28.4174 -42.5297 1.8
      vertex -27.4174 -41.033 1.8
      vertex -26.2964 -43.8728 1.8
    endloop
  endfacet
  facet normal 0 0 -1
    outer loop
      vertex -28.4174 -42.5297 1.8
      vertex -29.3978 -39.6383 1.8
      vertex -27.4174 -41.033 1.8
    endloop
  endfacet
  facet normal 0 0 -1
    outer loop
      vertex -30.47 -41.0841 1.8
      vertex -29.3978 -39.6383 1.8
      vertex -28.4174 -42.5297 1.8
    endloop
  endfacet
  facet normal 0 0 -1
    outer loop
      vertex -30.47 -41.0841 1.8
      vertex -31.3073 -38.1481 1.8
      vertex -29.3978 -39.6383 1.8
    endloop
  endfacet
  facet normal 0 0 -1
    outer loop
      vertex -32.4492 -39.5395 1.8
      vertex -31.3073 -38.1481 1.8
      vertex -30.47 -41.0841 1.8
    endloop
  endfacet
  facet normal 0 0 -1
    outer loop
      vertex -32.4492 -39.5395 1.8
      vertex -33.1414 -36.5659 1.8
      vertex -31.3073 -38.1481 1.8
    endloop
  endfacet
  facet normal 0 0 -1
    outer loop
      vertex -34.3502 -37.8997 1.8
      vertex -33.1414 -36.5659 1.8
      vertex -32.4492 -39.5395 1.8
    endloop
  endfacet
  facet normal 0 0 -1
    outer loop
      vertex -34.3502 -37.8997 1.8
      vertex -34.8957 -34.8957 1.8
      vertex -33.1414 -36.5659 1.8
    endloop
  endfacet
  facet normal 0 0 -1
    outer loop
      vertex -36.1685 -36.1685 1.8
      vertex -34.8957 -34.8957 1.8
      vertex -34.3502 -37.8997 1.8
    endloop
  endfacet
  facet normal 0 0 -1
    outer loop
      vertex -36.1685 -36.1685 1.8
      vertex -36.5659 -33.1414 1.8
      vertex -34.8957 -34.8957 1.8
    endloop
  endfacet
  facet normal 0 0 -1
    outer loop
      vertex -37.8997 -34.3502 1.8
      vertex -36.5659 -33.1414 1.8
      vertex -36.1685 -36.1685 1.8
    endloop
  endfacet
  facet normal 0 0 -1
    outer loop
      vertex -37.8997 -34.3502 1.8
      vertex -38.1481 -31.3073 1.8
      vertex -36.5659 -33.1414 1.8
    endloop
  endfacet
  facet normal 0 0 -1
    outer loop
      vertex -39.5395 -32.4492 1.8
      vertex -38.1481 -31.3073 1.8
      vertex -37.8997 -34.3502 1.8
    endloop
  endfacet
  facet normal 0 0 -1
    outer loop
      vertex -39.5395 -32.4492 1.8
      vertex -39.6383 -29.3978 1.8
      vertex -38.1481 -31.3073 1.8
    endloop
  endfacet
  facet normal 0 0 -1
    outer loop
      vertex -41.0841 -30.47 1.8
      vertex -39.6383 -29.3978 1.8
      vertex -39.5395 -32.4492 1.8
    endloop
  endfacet
  facet normal -0 0 -1
    outer loop
      vertex -39.6383 -29.3978 1.8
      vertex -41.0841 -30.47 1.8
      vertex -41.033 -27.4174 1.8
    endloop
  endfacet
  facet normal 0 0 -1
    outer loop
      vertex -42.5297 -28.4174 1.8
      vertex -41.033 -27.4174 1.8
      vertex -41.0841 -30.47 1.8
    endloop
  endfacet
  facet normal -0 0 -1
    outer loop
      vertex -41.033 -27.4174 1.8
      vertex -42.5297 -28.4174 1.8
      vertex -42.3289 -25.371 1.8
    endloop
  endfacet
  facet normal 0 0 -1
    outer loop
      vertex -43.8728 -26.2964 1.8
      vertex -42.3289 -25.371 1.8
      vertex -42.5297 -28.4174 1.8
    endloop
  endfacet
  facet normal -0 0 -1
    outer loop
      vertex -42.3289 -25.371 1.8
      vertex -43.8728 -26.2964 1.8
      vertex -43.5228 -23.2634 1.8
    endloop
  endfacet
  facet normal 0 0 -1
    outer loop
      vertex -45.1103 -24.1119 1.8
      vertex -43.5228 -23.2634 1.8
      vertex -43.8728 -26.2964 1.8
    endloop
  endfacet
  facet normal -0 0 -1
    outer loop
      vertex -43.5228 -23.2634 1.8
      vertex -45.1103 -24.1119 1.8
      vertex -44.6119 -21.0998 1.8
    endloop
  endfacet
  facet normal 0 0 -1
    outer loop
      vertex -46.2391 -21.8694 1.8
      vertex -44.6119 -21.0998 1.8
      vertex -45.1103 -24.1119 1.8
    endloop
  endfacet
  facet normal -0 0 -1
    outer loop
      vertex -44.6119 -21.0998 1.8
      vertex -46.2391 -21.8694 1.8
      vertex -45.5935 -18.8854 1.8
    endloop
  endfacet
  facet normal 0 0 -1
    outer loop
      vertex -47.2564 -19.5743 1.8
      vertex -45.5935 -18.8854 1.8
      vertex -46.2391 -21.8694 1.8
    endloop
  endfacet
  facet normal -0 0 -1
    outer loop
      vertex -45.5935 -18.8854 1.8
      vertex -47.2564 -19.5743 1.8
      vertex -46.4652 -16.6255 1.8
    endloop
  endfacet
  facet normal 0 0 -1
    outer loop
      vertex -48.16 -17.2319 1.8
      vertex -46.4652 -16.6255 1.8
      vertex -47.2564 -19.5743 1.8
    endloop
  endfacet
  facet normal -0 0 -1
    outer loop
      vertex -46.4652 -16.6255 1.8
      vertex -48.16 -17.2319 1.8
      vertex -47.225 -14.3255 1.8
    endloop
  endfacet
  facet normal 0 0 -1
    outer loop
      vertex -48.9475 -14.8481 1.8
      vertex -47.225 -14.3255 1.8
      vertex -48.16 -17.2319 1.8
    endloop
  endfacet
  facet normal -0 0 -1
    outer loop
      vertex -47.225 -14.3255 1.8
      vertex -48.9475 -14.8481 1.8
      vertex -47.871 -11.9911 1.8
    endloop
  endfacet
  facet normal 0 0 -1
    outer loop
      vertex -49.6171 -12.4284 1.8
      vertex -47.871 -11.9911 1.8
      vertex -48.9475 -14.8481 1.8
    endloop
  endfacet
  facet normal -0 0 -1
    outer loop
      vertex -47.871 -11.9911 1.8
      vertex -49.6171 -12.4284 1.8
      vertex -48.4018 -9.62771 1.8
    endloop
  endfacet
  facet normal 0 0 -1
    outer loop
      vertex -50.1672 -9.97887 1.8
      vertex -48.4018 -9.62771 1.8
      vertex -49.6171 -12.4284 1.8
    endloop
  endfacet
  facet normal -0 0 -1
    outer loop
      vertex -48.4018 -9.62771 1.8
      vertex -50.1672 -9.97887 1.8
      vertex -48.8159 -7.24115 1.8
    endloop
  endfacet
  facet normal -0 0 -1
    outer loop
      vertex -48.8159 -7.24115 1.8
      vertex -50.5964 -7.50526 1.8
      vertex -49.1124 -4.83715 1.8
    endloop
  endfacet
  facet normal 0 0 -1
    outer loop
      vertex -50.5964 -7.50526 1.8
      vertex -48.8159 -7.24115 1.8
      vertex -50.1672 -9.97887 1.8
    endloop
  endfacet
  facet normal 0 0 -1
    outer loop
      vertex -9.97887 50.1672 1.8
      vertex -9.3 48.4586 1.8
      vertex -9.62771 48.4018 1.8
    endloop
  endfacet
  facet normal 0 0 -1
    outer loop
      vertex -9.3 48.4586 1.8
      vertex -9.97887 50.1672 1.8
      vertex -9.3 50.285 1.8
    endloop
  endfacet
  facet normal 0 0 -1
    outer loop
      vertex -11.9911 47.871 1.8
      vertex -9.97887 50.1672 1.8
      vertex -9.62771 48.4018 1.8
    endloop
  endfacet
  facet normal 0 0 -1
    outer loop
      vertex -11.9911 47.871 1.8
      vertex -12.4284 49.6171 1.8
      vertex -9.97887 50.1672 1.8
    endloop
  endfacet
  facet normal 0 0 -1
    outer loop
      vertex -14.3255 47.225 1.8
      vertex -12.4284 49.6171 1.8
      vertex -11.9911 47.871 1.8
    endloop
  endfacet
  facet normal 0 0 -1
    outer loop
      vertex -14.3255 47.225 1.8
      vertex -14.8481 48.9475 1.8
      vertex -12.4284 49.6171 1.8
    endloop
  endfacet
  facet normal 0 0 -1
    outer loop
      vertex -16.6255 46.4652 1.8
      vertex -14.8481 48.9475 1.8
      vertex -14.3255 47.225 1.8
    endloop
  endfacet
  facet normal 0 0 -1
    outer loop
      vertex -16.6255 46.4652 1.8
      vertex -17.2319 48.16 1.8
      vertex -14.8481 48.9475 1.8
    endloop
  endfacet
  facet normal 0 0 -1
    outer loop
      vertex -18.8854 45.5935 1.8
      vertex -17.2319 48.16 1.8
      vertex -16.6255 46.4652 1.8
    endloop
  endfacet
  facet normal 0 0 -1
    outer loop
      vertex -18.8854 45.5935 1.8
      vertex -19.5743 47.2564 1.8
      vertex -17.2319 48.16 1.8
    endloop
  endfacet
  facet normal 0 0 -1
    outer loop
      vertex -21.0998 44.6119 1.8
      vertex -19.5743 47.2564 1.8
      vertex -18.8854 45.5935 1.8
    endloop
  endfacet
  facet normal 0 0 -1
    outer loop
      vertex -21.0998 44.6119 1.8
      vertex -21.8694 46.2391 1.8
      vertex -19.5743 47.2564 1.8
    endloop
  endfacet
  facet normal 0 0 -1
    outer loop
      vertex -23.2634 43.5228 1.8
      vertex -21.8694 46.2391 1.8
      vertex -21.0998 44.6119 1.8
    endloop
  endfacet
  facet normal 0 0 -1
    outer loop
      vertex -23.2634 43.5228 1.8
      vertex -24.1119 45.1103 1.8
      vertex -21.8694 46.2391 1.8
    endloop
  endfacet
  facet normal 0 0 -1
    outer loop
      vertex -25.371 42.3289 1.8
      vertex -24.1119 45.1103 1.8
      vertex -23.2634 43.5228 1.8
    endloop
  endfacet
  facet normal 0 0 -1
    outer loop
      vertex -25.371 42.3289 1.8
      vertex -26.2964 43.8728 1.8
      vertex -24.1119 45.1103 1.8
    endloop
  endfacet
  facet normal 0 0 -1
    outer loop
      vertex -27.4174 41.033 1.8
      vertex -26.2964 43.8728 1.8
      vertex -25.371 42.3289 1.8
    endloop
  endfacet
  facet normal 0 0 -1
    outer loop
      vertex -27.4174 41.033 1.8
      vertex -28.4174 42.5297 1.8
      vertex -26.2964 43.8728 1.8
    endloop
  endfacet
  facet normal 0 0 -1
    outer loop
      vertex -29.3978 39.6383 1.8
      vertex -28.4174 42.5297 1.8
      vertex -27.4174 41.033 1.8
    endloop
  endfacet
  facet normal 0 0 -1
    outer loop
      vertex -29.3978 39.6383 1.8
      vertex -30.47 41.0841 1.8
      vertex -28.4174 42.5297 1.8
    endloop
  endfacet
  facet normal 0 0 -1
    outer loop
      vertex -31.3073 38.1481 1.8
      vertex -30.47 41.0841 1.8
      vertex -29.3978 39.6383 1.8
    endloop
  endfacet
  facet normal 0 0 -1
    outer loop
      vertex -31.3073 38.1481 1.8
      vertex -32.4492 39.5395 1.8
      vertex -30.47 41.0841 1.8
    endloop
  endfacet
  facet normal 0 0 -1
    outer loop
      vertex -33.1414 36.5659 1.8
      vertex -32.4492 39.5395 1.8
      vertex -31.3073 38.1481 1.8
    endloop
  endfacet
  facet normal 0 0 -1
    outer loop
      vertex -33.1414 36.5659 1.8
      vertex -34.3502 37.8997 1.8
      vertex -32.4492 39.5395 1.8
    endloop
  endfacet
  facet normal 0 0 -1
    outer loop
      vertex -34.8957 34.8957 1.8
      vertex -34.3502 37.8997 1.8
      vertex -33.1414 36.5659 1.8
    endloop
  endfacet
  facet normal 0 0 -1
    outer loop
      vertex -34.8957 34.8957 1.8
      vertex -36.1685 36.1685 1.8
      vertex -34.3502 37.8997 1.8
    endloop
  endfacet
  facet normal 0 0 -1
    outer loop
      vertex -36.5659 33.1414 1.8
      vertex -36.1685 36.1685 1.8
      vertex -34.8957 34.8957 1.8
    endloop
  endfacet
  facet normal 0 0 -1
    outer loop
      vertex -36.5659 33.1414 1.8
      vertex -37.8997 34.3502 1.8
      vertex -36.1685 36.1685 1.8
    endloop
  endfacet
  facet normal 0 0 -1
    outer loop
      vertex -38.1481 31.3073 1.8
      vertex -37.8997 34.3502 1.8
      vertex -36.5659 33.1414 1.8
    endloop
  endfacet
  facet normal 0 0 -1
    outer loop
      vertex -38.1481 31.3073 1.8
      vertex -39.5395 32.4492 1.8
      vertex -37.8997 34.3502 1.8
    endloop
  endfacet
  facet normal 0 0 -1
    outer loop
      vertex -39.6383 29.3978 1.8
      vertex -39.5395 32.4492 1.8
      vertex -38.1481 31.3073 1.8
    endloop
  endfacet
  facet normal 0 0 -1
    outer loop
      vertex -41.0841 30.47 1.8
      vertex -39.6383 29.3978 1.8
      vertex -41.033 27.4174 1.8
    endloop
  endfacet
  facet normal 0 0 -1
    outer loop
      vertex -39.6383 29.3978 1.8
      vertex -41.0841 30.47 1.8
      vertex -39.5395 32.4492 1.8
    endloop
  endfacet
  facet normal 0 0 -1
    outer loop
      vertex -42.5297 28.4174 1.8
      vertex -41.033 27.4174 1.8
      vertex -42.3289 25.371 1.8
    endloop
  endfacet
  facet normal 0 0 -1
    outer loop
      vertex -41.033 27.4174 1.8
      vertex -42.5297 28.4174 1.8
      vertex -41.0841 30.47 1.8
    endloop
  endfacet
  facet normal 0 0 -1
    outer loop
      vertex -43.8728 26.2964 1.8
      vertex -42.3289 25.371 1.8
      vertex -43.5228 23.2634 1.8
    endloop
  endfacet
  facet normal 0 0 -1
    outer loop
      vertex -42.3289 25.371 1.8
      vertex -43.8728 26.2964 1.8
      vertex -42.5297 28.4174 1.8
    endloop
  endfacet
  facet normal 0 0 -1
    outer loop
      vertex -45.1103 24.1119 1.8
      vertex -43.5228 23.2634 1.8
      vertex -44.6119 21.0998 1.8
    endloop
  endfacet
  facet normal 0 0 -1
    outer loop
      vertex -43.5228 23.2634 1.8
      vertex -45.1103 24.1119 1.8
      vertex -43.8728 26.2964 1.8
    endloop
  endfacet
  facet normal 0 0 -1
    outer loop
      vertex -46.2391 21.8694 1.8
      vertex -44.6119 21.0998 1.8
      vertex -45.5935 18.8854 1.8
    endloop
  endfacet
  facet normal 0 0 -1
    outer loop
      vertex -44.6119 21.0998 1.8
      vertex -46.2391 21.8694 1.8
      vertex -45.1103 24.1119 1.8
    endloop
  endfacet
  facet normal 0 0 -1
    outer loop
      vertex -47.2564 19.5743 1.8
      vertex -45.5935 18.8854 1.8
      vertex -46.4652 16.6255 1.8
    endloop
  endfacet
  facet normal 0 0 -1
    outer loop
      vertex -48.16 17.2319 1.8
      vertex -46.4652 16.6255 1.8
      vertex -47.225 14.3255 1.8
    endloop
  endfacet
  facet normal 0 0 -1
    outer loop
      vertex -45.5935 18.8854 1.8
      vertex -47.2564 19.5743 1.8
      vertex -46.2391 21.8694 1.8
    endloop
  endfacet
  facet normal 0 0 -1
    outer loop
      vertex -48.9475 14.8481 1.8
      vertex -47.225 14.3255 1.8
      vertex -47.871 11.9911 1.8
    endloop
  endfacet
  facet normal 0 0 -1
    outer loop
      vertex -46.4652 16.6255 1.8
      vertex -48.16 17.2319 1.8
      vertex -47.2564 19.5743 1.8
    endloop
  endfacet
  facet normal 0 0 -1
    outer loop
      vertex -49.6171 12.4284 1.8
      vertex -47.871 11.9911 1.8
      vertex -48.4018 9.62771 1.8
    endloop
  endfacet
  facet normal 0 0 -1
    outer loop
      vertex -50.1672 9.97887 1.8
      vertex -48.4018 9.62771 1.8
      vertex -48.8159 7.24115 1.8
    endloop
  endfacet
  facet normal 0 0 -1
    outer loop
      vertex -47.225 14.3255 1.8
      vertex -48.9475 14.8481 1.8
      vertex -48.16 17.2319 1.8
    endloop
  endfacet
  facet normal 0 0 -1
    outer loop
      vertex -50.5964 7.50526 1.8
      vertex -48.8159 7.24115 1.8
      vertex -49.1124 4.83715 1.8
    endloop
  endfacet
  facet normal 0 0 -1
    outer loop
      vertex -50.9037 5.01358 1.8
      vertex -49.1124 4.83715 1.8
      vertex -49.2906 2.42149 1.8
    endloop
  endfacet
  facet normal 0 0 -1
    outer loop
      vertex -47.871 11.9911 1.8
      vertex -49.6171 12.4284 1.8
      vertex -48.9475 14.8481 1.8
    endloop
  endfacet
  facet normal 0 0 -1
    outer loop
      vertex -51.0884 2.50981 1.8
      vertex -49.2906 2.42149 1.8
      vertex -49.35 0 1.8
    endloop
  endfacet
  facet normal 0 0 -1
    outer loop
      vertex -50.9037 -5.01358 1.8
      vertex -49.1124 -4.83715 1.8
      vertex -50.5964 -7.50526 1.8
    endloop
  endfacet
  facet normal -0 0 -1
    outer loop
      vertex -49.1124 -4.83715 1.8
      vertex -50.9037 -5.01358 1.8
      vertex -49.2906 -2.42149 1.8
    endloop
  endfacet
  facet normal 0 0 -1
    outer loop
      vertex -48.4018 9.62771 1.8
      vertex -50.1672 9.97887 1.8
      vertex -49.6171 12.4284 1.8
    endloop
  endfacet
  facet normal 0 0 -1
    outer loop
      vertex -51.0884 -2.50981 1.8
      vertex -49.2906 -2.42149 1.8
      vertex -50.9037 -5.01358 1.8
    endloop
  endfacet
  facet normal 0 0 -1
    outer loop
      vertex -48.8159 7.24115 1.8
      vertex -50.5964 7.50526 1.8
      vertex -50.1672 9.97887 1.8
    endloop
  endfacet
  facet normal -0 0 -1
    outer loop
      vertex -49.2906 -2.42149 1.8
      vertex -51.0884 -2.50981 1.8
      vertex -49.35 0 1.8
    endloop
  endfacet
  facet normal 0 0 -1
    outer loop
      vertex -49.1124 4.83715 1.8
      vertex -50.9037 5.01358 1.8
      vertex -50.5964 7.50526 1.8
    endloop
  endfacet
  facet normal 0 0 -1
    outer loop
      vertex -51.15 0 1.8
      vertex -49.35 0 1.8
      vertex -51.0884 -2.50981 1.8
    endloop
  endfacet
  facet normal 0 0 -1
    outer loop
      vertex -49.2906 2.42149 1.8
      vertex -51.0884 2.50981 1.8
      vertex -50.9037 5.01358 1.8
    endloop
  endfacet
  facet normal 0 0 -1
    outer loop
      vertex -49.35 0 1.8
      vertex -51.15 0 1.8
      vertex -51.0884 2.50981 1.8
    endloop
  endfacet
  facet normal -0.0735689 -0.99729 0
    outer loop
      vertex 2.50981 51.0884 0
      vertex 5.01358 50.9037 1.8
      vertex 2.50981 51.0884 1.8
    endloop
  endfacet
  facet normal -0.0735689 -0.99729 -0
    outer loop
      vertex 5.01358 50.9037 1.8
      vertex 2.50981 51.0884 0
      vertex 5.01358 50.9037 0
    endloop
  endfacet
  facet normal 0.72424 -0.689548 0
    outer loop
      vertex -37.8997 34.3502 1.8
      vertex -36.1685 36.1685 0
      vertex -36.1685 36.1685 1.8
    endloop
  endfacet
  facet normal 0.72424 -0.689548 0
    outer loop
      vertex -36.1685 36.1685 0
      vertex -37.8997 34.3502 1.8
      vertex -37.8997 34.3502 0
    endloop
  endfacet
  facet normal -0.893221 -0.449618 0
    outer loop
      vertex 46.2391 21.8694 0
      vertex 45.1103 24.1119 1.8
      vertex 45.1103 24.1119 0
    endloop
  endfacet
  facet normal -0.893221 -0.449618 0
    outer loop
      vertex 45.1103 24.1119 1.8
      vertex 46.2391 21.8694 0
      vertex 46.2391 21.8694 1.8
    endloop
  endfacet
  facet normal -0.313681 -0.949528 0
    outer loop
      vertex 14.8481 48.9475 0
      vertex 17.2319 48.16 1.8
      vertex 14.8481 48.9475 1.8
    endloop
  endfacet
  facet normal -0.313681 -0.949528 -0
    outer loop
      vertex 17.2319 48.16 1.8
      vertex 14.8481 48.9475 0
      vertex 17.2319 48.16 0
    endloop
  endfacet
  facet normal -0.65317 0.757212 0
    outer loop
      vertex 34.3502 -37.8997 0
      vertex 32.4492 -39.5395 1.8
      vertex 34.3502 -37.8997 1.8
    endloop
  endfacet
  facet normal -0.65317 0.757212 0
    outer loop
      vertex 32.4492 -39.5395 1.8
      vertex 34.3502 -37.8997 0
      vertex 32.4492 -39.5395 0
    endloop
  endfacet
  facet normal -0.534995 0.844855 0
    outer loop
      vertex 28.4174 -42.5297 0
      vertex 26.2964 -43.8728 1.8
      vertex 28.4174 -42.5297 1.8
    endloop
  endfacet
  facet normal -0.534995 0.844855 0
    outer loop
      vertex 26.2964 -43.8728 1.8
      vertex 28.4174 -42.5297 0
      vertex 26.2964 -43.8728 0
    endloop
  endfacet
  facet normal 0.757212 0.65317 0
    outer loop
      vertex -37.8997 -34.3502 1.8
      vertex -39.5395 -32.4492 0
      vertex -39.5395 -32.4492 1.8
    endloop
  endfacet
  facet normal 0.757212 0.65317 0
    outer loop
      vertex -39.5395 -32.4492 0
      vertex -37.8997 -34.3502 1.8
      vertex -37.8997 -34.3502 0
    endloop
  endfacet
  facet normal 0.266705 -0.963778 0
    outer loop
      vertex -14.8481 48.9475 0
      vertex -12.4284 49.6171 1.8
      vertex -14.8481 48.9475 1.8
    endloop
  endfacet
  facet normal 0.266705 -0.963778 0
    outer loop
      vertex -12.4284 49.6171 1.8
      vertex -14.8481 48.9475 0
      vertex -12.4284 49.6171 0
    endloop
  endfacet
  facet normal 0.949528 -0.313681 0
    outer loop
      vertex -48.9475 14.8481 1.8
      vertex -48.16 17.2319 0
      vertex -48.16 17.2319 1.8
    endloop
  endfacet
  facet normal 0.949528 -0.313681 0
    outer loop
      vertex -48.16 17.2319 0
      vertex -48.9475 14.8481 1.8
      vertex -48.9475 14.8481 0
    endloop
  endfacet
  facet normal 0.963778 -0.266705 0
    outer loop
      vertex -49.6171 12.4284 1.8
      vertex -48.9475 14.8481 0
      vertex -48.9475 14.8481 1.8
    endloop
  endfacet
  facet normal 0.963778 -0.266705 0
    outer loop
      vertex -48.9475 14.8481 0
      vertex -49.6171 12.4284 1.8
      vertex -49.6171 12.4284 0
    endloop
  endfacet
  facet normal 0.0245363 -0.999699 0
    outer loop
      vertex -2.50981 51.0884 0
      vertex 0 51.15 1.8
      vertex -2.50981 51.0884 1.8
    endloop
  endfacet
  facet normal 0.0245363 -0.999699 0
    outer loop
      vertex 0 51.15 1.8
      vertex -2.50981 51.0884 0
      vertex 0 51.15 0
    endloop
  endfacet
  facet normal 0.757212 -0.65317 0
    outer loop
      vertex -39.5395 32.4492 1.8
      vertex -37.8997 34.3502 0
      vertex -37.8997 34.3502 1.8
    endloop
  endfacet
  facet normal 0.757212 -0.65317 0
    outer loop
      vertex -37.8997 34.3502 0
      vertex -39.5395 32.4492 1.8
      vertex -39.5395 32.4492 0
    endloop
  endfacet
  facet normal 0.689548 -0.72424 0
    outer loop
      vertex -36.1685 36.1685 0
      vertex -34.3502 37.8997 1.8
      vertex -36.1685 36.1685 1.8
    endloop
  endfacet
  facet normal 0.689548 -0.72424 0
    outer loop
      vertex -34.3502 37.8997 1.8
      vertex -36.1685 36.1685 0
      vertex -34.3502 37.8997 0
    endloop
  endfacet
  facet normal 0.65317 -0.757212 0
    outer loop
      vertex -34.3502 37.8997 0
      vertex -32.4492 39.5395 1.8
      vertex -34.3502 37.8997 1.8
    endloop
  endfacet
  facet normal 0.65317 -0.757212 0
    outer loop
      vertex -32.4492 39.5395 1.8
      vertex -34.3502 37.8997 0
      vertex -32.4492 39.5395 0
    endloop
  endfacet
  facet normal 0.575807 -0.817586 0
    outer loop
      vertex -30.47 41.0841 0
      vertex -28.4174 42.5297 1.8
      vertex -30.47 41.0841 1.8
    endloop
  endfacet
  facet normal 0.575807 -0.817586 0
    outer loop
      vertex -28.4174 42.5297 1.8
      vertex -30.47 41.0841 0
      vertex -28.4174 42.5297 0
    endloop
  endfacet
  facet normal 0.405225 -0.914217 0
    outer loop
      vertex -21.8694 46.2391 0
      vertex -19.5743 47.2564 1.8
      vertex -21.8694 46.2391 1.8
    endloop
  endfacet
  facet normal 0.405225 -0.914217 0
    outer loop
      vertex -19.5743 47.2564 1.8
      vertex -21.8694 46.2391 0
      vertex -19.5743 47.2564 0
    endloop
  endfacet
  facet normal 0.99248 0.122403 0
    outer loop
      vertex -50.5964 -7.50526 1.8
      vertex -50.9037 -5.01358 0
      vertex -50.9037 -5.01358 1.8
    endloop
  endfacet
  facet normal 0.99248 0.122403 0
    outer loop
      vertex -50.9037 -5.01358 0
      vertex -50.5964 -7.50526 1.8
      vertex -50.5964 -7.50526 0
    endloop
  endfacet
  facet normal -0.914217 0.405225 0
    outer loop
      vertex 46.2391 -21.8694 0
      vertex 47.2564 -19.5743 1.8
      vertex 47.2564 -19.5743 0
    endloop
  endfacet
  facet normal -0.914217 0.405225 0
    outer loop
      vertex 47.2564 -19.5743 1.8
      vertex 46.2391 -21.8694 0
      vertex 46.2391 -21.8694 1.8
    endloop
  endfacet
  facet normal -0.0245363 0.999699 0
    outer loop
      vertex 2.50981 -51.0884 0
      vertex 0 -51.15 1.8
      vertex 2.50981 -51.0884 1.8
    endloop
  endfacet
  facet normal -0.0245363 0.999699 0
    outer loop
      vertex 0 -51.15 1.8
      vertex 2.50981 -51.0884 0
      vertex 0 -51.15 0
    endloop
  endfacet
  facet normal -0.72424 -0.689548 0
    outer loop
      vertex 37.8997 34.3502 0
      vertex 36.1685 36.1685 1.8
      vertex 36.1685 36.1685 0
    endloop
  endfacet
  facet normal -0.72424 -0.689548 0
    outer loop
      vertex 36.1685 36.1685 1.8
      vertex 37.8997 34.3502 0
      vertex 37.8997 34.3502 1.8
    endloop
  endfacet
  facet normal 0.985278 0.170957 0
    outer loop
      vertex -50.1672 -9.97887 1.8
      vertex -50.5964 -7.50526 0
      vertex -50.5964 -7.50526 1.8
    endloop
  endfacet
  facet normal 0.985278 0.170957 0
    outer loop
      vertex -50.5964 -7.50526 0
      vertex -50.1672 -9.97887 1.8
      vertex -50.1672 -9.97887 0
    endloop
  endfacet
  facet normal 0.914217 -0.405225 0
    outer loop
      vertex -47.2564 19.5743 1.8
      vertex -46.2391 21.8694 0
      vertex -46.2391 21.8694 1.8
    endloop
  endfacet
  facet normal 0.914217 -0.405225 0
    outer loop
      vertex -46.2391 21.8694 0
      vertex -47.2564 19.5743 1.8
      vertex -47.2564 19.5743 0
    endloop
  endfacet
  facet normal 0.788343 -0.615236 0
    outer loop
      vertex -41.0841 30.47 1.8
      vertex -39.5395 32.4492 0
      vertex -39.5395 32.4492 1.8
    endloop
  endfacet
  facet normal 0.788343 -0.615236 0
    outer loop
      vertex -39.5395 32.4492 0
      vertex -41.0841 30.47 1.8
      vertex -41.0841 30.47 0
    endloop
  endfacet
  facet normal -0.219116 -0.975699 0
    outer loop
      vertex 9.97887 50.1672 0
      vertex 12.4284 49.6171 1.8
      vertex 9.97887 50.1672 1.8
    endloop
  endfacet
  facet normal -0.219116 -0.975699 -0
    outer loop
      vertex 12.4284 49.6171 1.8
      vertex 9.97887 50.1672 0
      vertex 12.4284 49.6171 0
    endloop
  endfacet
  facet normal 0.170969 -0.985276 0
    outer loop
      vertex -9.97887 50.1672 0
      vertex -9.3 50.285 1.8
      vertex -9.97887 50.1672 1.8
    endloop
  endfacet
  facet normal 0.170969 -0.985276 0
    outer loop
      vertex -9.3 50.285 1.8
      vertex -9.97887 50.1672 0
      vertex -9.3 50.285 0
    endloop
  endfacet
  facet normal -0.359908 -0.932988 0
    outer loop
      vertex 17.2319 48.16 0
      vertex 19.5743 47.2564 1.8
      vertex 17.2319 48.16 1.8
    endloop
  endfacet
  facet normal -0.359908 -0.932988 -0
    outer loop
      vertex 19.5743 47.2564 1.8
      vertex 17.2319 48.16 0
      vertex 19.5743 47.2564 0
    endloop
  endfacet
  facet normal -0.689548 0.72424 0
    outer loop
      vertex 36.1685 -36.1685 0
      vertex 34.3502 -37.8997 1.8
      vertex 36.1685 -36.1685 1.8
    endloop
  endfacet
  facet normal -0.689548 0.72424 0
    outer loop
      vertex 34.3502 -37.8997 1.8
      vertex 36.1685 -36.1685 0
      vertex 34.3502 -37.8997 0
    endloop
  endfacet
  facet normal 0.844855 -0.534995 0
    outer loop
      vertex -43.8728 26.2964 1.8
      vertex -42.5297 28.4174 0
      vertex -42.5297 28.4174 1.8
    endloop
  endfacet
  facet normal 0.844855 -0.534995 0
    outer loop
      vertex -42.5297 28.4174 0
      vertex -43.8728 26.2964 1.8
      vertex -43.8728 26.2964 0
    endloop
  endfacet
  facet normal -0.949528 0.313681 0
    outer loop
      vertex 48.16 -17.2319 0
      vertex 48.9475 -14.8481 1.8
      vertex 48.9475 -14.8481 0
    endloop
  endfacet
  facet normal -0.949528 0.313681 0
    outer loop
      vertex 48.9475 -14.8481 1.8
      vertex 48.16 -17.2319 0
      vertex 48.16 -17.2319 1.8
    endloop
  endfacet
  facet normal -0.788343 0.615236 0
    outer loop
      vertex 39.5395 -32.4492 0
      vertex 41.0841 -30.47 1.8
      vertex 41.0841 -30.47 0
    endloop
  endfacet
  facet normal -0.788343 0.615236 0
    outer loop
      vertex 41.0841 -30.47 1.8
      vertex 39.5395 -32.4492 0
      vertex 39.5395 -32.4492 1.8
    endloop
  endfacet
  facet normal -0.788343 -0.615236 0
    outer loop
      vertex 41.0841 30.47 0
      vertex 39.5395 32.4492 1.8
      vertex 39.5395 32.4492 0
    endloop
  endfacet
  facet normal -0.788343 -0.615236 0
    outer loop
      vertex 39.5395 32.4492 1.8
      vertex 41.0841 30.47 0
      vertex 41.0841 30.47 1.8
    endloop
  endfacet
  facet normal 0.359908 0.932988 -0
    outer loop
      vertex -17.2319 -48.16 0
      vertex -19.5743 -47.2564 1.8
      vertex -17.2319 -48.16 1.8
    endloop
  endfacet
  facet normal 0.359908 0.932988 0
    outer loop
      vertex -19.5743 -47.2564 1.8
      vertex -17.2319 -48.16 0
      vertex -19.5743 -47.2564 0
    endloop
  endfacet
  facet normal 0.219116 -0.975699 0
    outer loop
      vertex -12.4284 49.6171 0
      vertex -9.97887 50.1672 1.8
      vertex -12.4284 49.6171 1.8
    endloop
  endfacet
  facet normal 0.219116 -0.975699 0
    outer loop
      vertex -9.97887 50.1672 1.8
      vertex -12.4284 49.6171 0
      vertex -9.97887 50.1672 0
    endloop
  endfacet
  facet normal -0.985278 -0.170957 0
    outer loop
      vertex 50.5964 7.50526 0
      vertex 50.1672 9.97887 1.8
      vertex 50.1672 9.97887 0
    endloop
  endfacet
  facet normal -0.985278 -0.170957 0
    outer loop
      vertex 50.1672 9.97887 1.8
      vertex 50.5964 7.50526 0
      vertex 50.5964 7.50526 1.8
    endloop
  endfacet
  facet normal 0.534995 0.844855 -0
    outer loop
      vertex -26.2964 -43.8728 0
      vertex -28.4174 -42.5297 1.8
      vertex -26.2964 -43.8728 1.8
    endloop
  endfacet
  facet normal 0.534995 0.844855 0
    outer loop
      vertex -28.4174 -42.5297 1.8
      vertex -26.2964 -43.8728 0
      vertex -28.4174 -42.5297 0
    endloop
  endfacet
  facet normal -0.615236 -0.788343 0
    outer loop
      vertex 30.47 41.0841 0
      vertex 32.4492 39.5395 1.8
      vertex 30.47 41.0841 1.8
    endloop
  endfacet
  facet normal -0.615236 -0.788343 -0
    outer loop
      vertex 32.4492 39.5395 1.8
      vertex 30.47 41.0841 0
      vertex 32.4492 39.5395 0
    endloop
  endfacet
  facet normal 0.999699 -0.0245363 0
    outer loop
      vertex -51.15 0 1.8
      vertex -51.0884 2.50981 0
      vertex -51.0884 2.50981 1.8
    endloop
  endfacet
  facet normal 0.999699 -0.0245363 0
    outer loop
      vertex -51.0884 2.50981 0
      vertex -51.15 0 1.8
      vertex -51.15 0 0
    endloop
  endfacet
  facet normal -0.817586 0.575807 0
    outer loop
      vertex 41.0841 -30.47 0
      vertex 42.5297 -28.4174 1.8
      vertex 42.5297 -28.4174 0
    endloop
  endfacet
  facet normal -0.817586 0.575807 0
    outer loop
      vertex 42.5297 -28.4174 1.8
      vertex 41.0841 -30.47 0
      vertex 41.0841 -30.47 1.8
    endloop
  endfacet
  facet normal -0.65317 -0.757212 0
    outer loop
      vertex 32.4492 39.5395 0
      vertex 34.3502 37.8997 1.8
      vertex 32.4492 39.5395 1.8
    endloop
  endfacet
  facet normal -0.65317 -0.757212 -0
    outer loop
      vertex 34.3502 37.8997 1.8
      vertex 32.4492 39.5395 0
      vertex 34.3502 37.8997 0
    endloop
  endfacet
  facet normal -0.313681 0.949528 0
    outer loop
      vertex 17.2319 -48.16 0
      vertex 14.8481 -48.9475 1.8
      vertex 17.2319 -48.16 1.8
    endloop
  endfacet
  facet normal -0.313681 0.949528 0
    outer loop
      vertex 14.8481 -48.9475 1.8
      vertex 17.2319 -48.16 0
      vertex 14.8481 -48.9475 0
    endloop
  endfacet
  facet normal -0.449618 -0.893221 0
    outer loop
      vertex 21.8694 46.2391 0
      vertex 24.1119 45.1103 1.8
      vertex 21.8694 46.2391 1.8
    endloop
  endfacet
  facet normal -0.449618 -0.893221 -0
    outer loop
      vertex 24.1119 45.1103 1.8
      vertex 21.8694 46.2391 0
      vertex 24.1119 45.1103 0
    endloop
  endfacet
  facet normal -0.359908 0.932988 0
    outer loop
      vertex 19.5743 -47.2564 0
      vertex 17.2319 -48.16 1.8
      vertex 19.5743 -47.2564 1.8
    endloop
  endfacet
  facet normal -0.359908 0.932988 0
    outer loop
      vertex 17.2319 -48.16 1.8
      vertex 19.5743 -47.2564 0
      vertex 17.2319 -48.16 0
    endloop
  endfacet
  facet normal 0.870088 0.492897 0
    outer loop
      vertex -43.8728 -26.2964 1.8
      vertex -45.1103 -24.1119 0
      vertex -45.1103 -24.1119 1.8
    endloop
  endfacet
  facet normal 0.870088 0.492897 0
    outer loop
      vertex -45.1103 -24.1119 0
      vertex -43.8728 -26.2964 1.8
      vertex -43.8728 -26.2964 0
    endloop
  endfacet
  facet normal 0.99729 -0.0735689 0
    outer loop
      vertex -51.0884 2.50981 1.8
      vertex -50.9037 5.01358 0
      vertex -50.9037 5.01358 1.8
    endloop
  endfacet
  facet normal 0.99729 -0.0735689 0
    outer loop
      vertex -50.9037 5.01358 0
      vertex -51.0884 2.50981 1.8
      vertex -51.0884 2.50981 0
    endloop
  endfacet
  facet normal -0.870088 -0.492897 0
    outer loop
      vertex 45.1103 24.1119 0
      vertex 43.8728 26.2964 1.8
      vertex 43.8728 26.2964 0
    endloop
  endfacet
  facet normal -0.870088 -0.492897 0
    outer loop
      vertex 43.8728 26.2964 1.8
      vertex 45.1103 24.1119 0
      vertex 45.1103 24.1119 1.8
    endloop
  endfacet
  facet normal -0.405225 -0.914217 0
    outer loop
      vertex 19.5743 47.2564 0
      vertex 21.8694 46.2391 1.8
      vertex 19.5743 47.2564 1.8
    endloop
  endfacet
  facet normal -0.405225 -0.914217 -0
    outer loop
      vertex 21.8694 46.2391 1.8
      vertex 19.5743 47.2564 0
      vertex 21.8694 46.2391 0
    endloop
  endfacet
  facet normal -0.949528 -0.313681 0
    outer loop
      vertex 48.9475 14.8481 0
      vertex 48.16 17.2319 1.8
      vertex 48.16 17.2319 0
    endloop
  endfacet
  facet normal -0.949528 -0.313681 0
    outer loop
      vertex 48.16 17.2319 1.8
      vertex 48.9475 14.8481 0
      vertex 48.9475 14.8481 1.8
    endloop
  endfacet
  facet normal -0.0245363 -0.999699 0
    outer loop
      vertex 0 51.15 0
      vertex 2.50981 51.0884 1.8
      vertex 0 51.15 1.8
    endloop
  endfacet
  facet normal -0.0245363 -0.999699 -0
    outer loop
      vertex 2.50981 51.0884 1.8
      vertex 0 51.15 0
      vertex 2.50981 51.0884 0
    endloop
  endfacet
  facet normal 0.975699 0.219116 0
    outer loop
      vertex -49.6171 -12.4284 1.8
      vertex -50.1672 -9.97887 0
      vertex -50.1672 -9.97887 1.8
    endloop
  endfacet
  facet normal 0.975699 0.219116 0
    outer loop
      vertex -50.1672 -9.97887 0
      vertex -49.6171 -12.4284 1.8
      vertex -49.6171 -12.4284 0
    endloop
  endfacet
  facet normal -0.817586 -0.575807 0
    outer loop
      vertex 42.5297 28.4174 0
      vertex 41.0841 30.47 1.8
      vertex 41.0841 30.47 0
    endloop
  endfacet
  facet normal -0.817586 -0.575807 0
    outer loop
      vertex 41.0841 30.47 1.8
      vertex 42.5297 28.4174 0
      vertex 42.5297 28.4174 1.8
    endloop
  endfacet
  facet normal -0.963778 -0.266705 0
    outer loop
      vertex 49.6171 12.4284 0
      vertex 48.9475 14.8481 1.8
      vertex 48.9475 14.8481 0
    endloop
  endfacet
  facet normal -0.963778 -0.266705 0
    outer loop
      vertex 48.9475 14.8481 1.8
      vertex 49.6171 12.4284 0
      vertex 49.6171 12.4284 1.8
    endloop
  endfacet
  facet normal -0.689548 -0.72424 0
    outer loop
      vertex 34.3502 37.8997 0
      vertex 36.1685 36.1685 1.8
      vertex 34.3502 37.8997 1.8
    endloop
  endfacet
  facet normal -0.689548 -0.72424 -0
    outer loop
      vertex 36.1685 36.1685 1.8
      vertex 34.3502 37.8997 0
      vertex 36.1685 36.1685 0
    endloop
  endfacet
  facet normal 0.870088 -0.492897 0
    outer loop
      vertex -45.1103 24.1119 1.8
      vertex -43.8728 26.2964 0
      vertex -43.8728 26.2964 1.8
    endloop
  endfacet
  facet normal 0.870088 -0.492897 0
    outer loop
      vertex -43.8728 26.2964 0
      vertex -45.1103 24.1119 1.8
      vertex -45.1103 24.1119 0
    endloop
  endfacet
  facet normal -0.575807 -0.817586 0
    outer loop
      vertex 28.4174 42.5297 0
      vertex 30.47 41.0841 1.8
      vertex 28.4174 42.5297 1.8
    endloop
  endfacet
  facet normal -0.575807 -0.817586 -0
    outer loop
      vertex 30.47 41.0841 1.8
      vertex 28.4174 42.5297 0
      vertex 30.47 41.0841 0
    endloop
  endfacet
  facet normal -0.534995 -0.844855 0
    outer loop
      vertex 26.2964 43.8728 0
      vertex 28.4174 42.5297 1.8
      vertex 26.2964 43.8728 1.8
    endloop
  endfacet
  facet normal -0.534995 -0.844855 -0
    outer loop
      vertex 28.4174 42.5297 1.8
      vertex 26.2964 43.8728 0
      vertex 28.4174 42.5297 0
    endloop
  endfacet
  facet normal -0.757212 0.65317 0
    outer loop
      vertex 37.8997 -34.3502 0
      vertex 39.5395 -32.4492 1.8
      vertex 39.5395 -32.4492 0
    endloop
  endfacet
  facet normal -0.757212 0.65317 0
    outer loop
      vertex 39.5395 -32.4492 1.8
      vertex 37.8997 -34.3502 0
      vertex 37.8997 -34.3502 1.8
    endloop
  endfacet
  facet normal 0.575807 0.817586 -0
    outer loop
      vertex -28.4174 -42.5297 0
      vertex -30.47 -41.0841 1.8
      vertex -28.4174 -42.5297 1.8
    endloop
  endfacet
  facet normal 0.575807 0.817586 0
    outer loop
      vertex -30.47 -41.0841 1.8
      vertex -28.4174 -42.5297 0
      vertex -30.47 -41.0841 0
    endloop
  endfacet
  facet normal 0.122411 -0.99248 0
    outer loop
      vertex -6.7 50.6957 0
      vertex -5.01358 50.9037 1.8
      vertex -6.7 50.6957 1.8
    endloop
  endfacet
  facet normal 0.122411 -0.99248 0
    outer loop
      vertex -5.01358 50.9037 1.8
      vertex -6.7 50.6957 0
      vertex -5.01358 50.9037 0
    endloop
  endfacet
  facet normal 0.359908 -0.932988 0
    outer loop
      vertex -19.5743 47.2564 0
      vertex -17.2319 48.16 1.8
      vertex -19.5743 47.2564 1.8
    endloop
  endfacet
  facet normal 0.359908 -0.932988 0
    outer loop
      vertex -17.2319 48.16 1.8
      vertex -19.5743 47.2564 0
      vertex -17.2319 48.16 0
    endloop
  endfacet
  facet normal 0.975699 -0.219116 0
    outer loop
      vertex -50.1672 9.97887 1.8
      vertex -49.6171 12.4284 0
      vertex -49.6171 12.4284 1.8
    endloop
  endfacet
  facet normal 0.975699 -0.219116 0
    outer loop
      vertex -49.6171 12.4284 0
      vertex -50.1672 9.97887 1.8
      vertex -50.1672 9.97887 0
    endloop
  endfacet
  facet normal 0.0735689 -0.99729 0
    outer loop
      vertex -5.01358 50.9037 0
      vertex -2.50981 51.0884 1.8
      vertex -5.01358 50.9037 1.8
    endloop
  endfacet
  facet normal 0.0735689 -0.99729 0
    outer loop
      vertex -2.50981 51.0884 1.8
      vertex -5.01358 50.9037 0
      vertex -2.50981 51.0884 0
    endloop
  endfacet
  facet normal -0.219116 0.975699 0
    outer loop
      vertex 12.4284 -49.6171 0
      vertex 9.97887 -50.1672 1.8
      vertex 12.4284 -49.6171 1.8
    endloop
  endfacet
  facet normal -0.219116 0.975699 0
    outer loop
      vertex 9.97887 -50.1672 1.8
      vertex 12.4284 -49.6171 0
      vertex 9.97887 -50.1672 0
    endloop
  endfacet
  facet normal 0.985278 -0.170957 0
    outer loop
      vertex -50.5964 7.50526 1.8
      vertex -50.1672 9.97887 0
      vertex -50.1672 9.97887 1.8
    endloop
  endfacet
  facet normal 0.985278 -0.170957 0
    outer loop
      vertex -50.1672 9.97887 0
      vertex -50.5964 7.50526 1.8
      vertex -50.5964 7.50526 0
    endloop
  endfacet
  facet normal 0.99248 -0.122403 0
    outer loop
      vertex -50.9037 5.01358 1.8
      vertex -50.5964 7.50526 0
      vertex -50.5964 7.50526 1.8
    endloop
  endfacet
  facet normal 0.99248 -0.122403 0
    outer loop
      vertex -50.5964 7.50526 0
      vertex -50.9037 5.01358 1.8
      vertex -50.9037 5.01358 0
    endloop
  endfacet
  facet normal -0.266705 0.963778 0
    outer loop
      vertex 14.8481 -48.9475 0
      vertex 12.4284 -49.6171 1.8
      vertex 14.8481 -48.9475 1.8
    endloop
  endfacet
  facet normal -0.266705 0.963778 0
    outer loop
      vertex 12.4284 -49.6171 1.8
      vertex 14.8481 -48.9475 0
      vertex 12.4284 -49.6171 0
    endloop
  endfacet
  facet normal -0.122403 -0.99248 0
    outer loop
      vertex 5.01358 50.9037 0
      vertex 7.50526 50.5964 1.8
      vertex 5.01358 50.9037 1.8
    endloop
  endfacet
  facet normal -0.122403 -0.99248 -0
    outer loop
      vertex 7.50526 50.5964 1.8
      vertex 5.01358 50.9037 0
      vertex 7.50526 50.5964 0
    endloop
  endfacet
  facet normal 0.65317 0.757212 -0
    outer loop
      vertex -32.4492 -39.5395 0
      vertex -34.3502 -37.8997 1.8
      vertex -32.4492 -39.5395 1.8
    endloop
  endfacet
  facet normal 0.65317 0.757212 0
    outer loop
      vertex -34.3502 -37.8997 1.8
      vertex -32.4492 -39.5395 0
      vertex -34.3502 -37.8997 0
    endloop
  endfacet
  facet normal 0.492897 -0.870088 0
    outer loop
      vertex -26.2964 43.8728 0
      vertex -24.1119 45.1103 1.8
      vertex -26.2964 43.8728 1.8
    endloop
  endfacet
  facet normal 0.492897 -0.870088 0
    outer loop
      vertex -24.1119 45.1103 1.8
      vertex -26.2964 43.8728 0
      vertex -24.1119 45.1103 0
    endloop
  endfacet
  facet normal 0.615236 -0.788343 0
    outer loop
      vertex -32.4492 39.5395 0
      vertex -30.47 41.0841 1.8
      vertex -32.4492 39.5395 1.8
    endloop
  endfacet
  facet normal 0.615236 -0.788343 0
    outer loop
      vertex -30.47 41.0841 1.8
      vertex -32.4492 39.5395 0
      vertex -30.47 41.0841 0
    endloop
  endfacet
  facet normal 0.949528 0.313681 0
    outer loop
      vertex -48.16 -17.2319 1.8
      vertex -48.9475 -14.8481 0
      vertex -48.9475 -14.8481 1.8
    endloop
  endfacet
  facet normal 0.949528 0.313681 0
    outer loop
      vertex -48.9475 -14.8481 0
      vertex -48.16 -17.2319 1.8
      vertex -48.16 -17.2319 0
    endloop
  endfacet
  facet normal -0.575807 0.817586 0
    outer loop
      vertex 30.47 -41.0841 0
      vertex 28.4174 -42.5297 1.8
      vertex 30.47 -41.0841 1.8
    endloop
  endfacet
  facet normal -0.575807 0.817586 0
    outer loop
      vertex 28.4174 -42.5297 1.8
      vertex 30.47 -41.0841 0
      vertex 28.4174 -42.5297 0
    endloop
  endfacet
  facet normal 0.99729 0.0735689 0
    outer loop
      vertex -50.9037 -5.01358 1.8
      vertex -51.0884 -2.50981 0
      vertex -51.0884 -2.50981 1.8
    endloop
  endfacet
  facet normal 0.99729 0.0735689 0
    outer loop
      vertex -51.0884 -2.50981 0
      vertex -50.9037 -5.01358 1.8
      vertex -50.9037 -5.01358 0
    endloop
  endfacet
  facet normal -0.932988 -0.359908 0
    outer loop
      vertex 48.16 17.2319 0
      vertex 47.2564 19.5743 1.8
      vertex 47.2564 19.5743 0
    endloop
  endfacet
  facet normal -0.932988 -0.359908 0
    outer loop
      vertex 47.2564 19.5743 1.8
      vertex 48.16 17.2319 0
      vertex 48.16 17.2319 1.8
    endloop
  endfacet
  facet normal -0.492897 -0.870088 0
    outer loop
      vertex 24.1119 45.1103 0
      vertex 26.2964 43.8728 1.8
      vertex 24.1119 45.1103 1.8
    endloop
  endfacet
  facet normal -0.492897 -0.870088 -0
    outer loop
      vertex 26.2964 43.8728 1.8
      vertex 24.1119 45.1103 0
      vertex 26.2964 43.8728 0
    endloop
  endfacet
  facet normal 0.170969 0.985276 -0
    outer loop
      vertex -9.3 -50.285 0
      vertex -9.97887 -50.1672 1.8
      vertex -9.3 -50.285 1.8
    endloop
  endfacet
  facet normal 0.170969 0.985276 0
    outer loop
      vertex -9.97887 -50.1672 1.8
      vertex -9.3 -50.285 0
      vertex -9.97887 -50.1672 0
    endloop
  endfacet
  facet normal 0.844855 0.534995 0
    outer loop
      vertex -42.5297 -28.4174 1.8
      vertex -43.8728 -26.2964 0
      vertex -43.8728 -26.2964 1.8
    endloop
  endfacet
  facet normal 0.844855 0.534995 0
    outer loop
      vertex -43.8728 -26.2964 0
      vertex -42.5297 -28.4174 1.8
      vertex -42.5297 -28.4174 0
    endloop
  endfacet
  facet normal -0.914217 -0.405225 0
    outer loop
      vertex 47.2564 19.5743 0
      vertex 46.2391 21.8694 1.8
      vertex 46.2391 21.8694 0
    endloop
  endfacet
  facet normal -0.914217 -0.405225 0
    outer loop
      vertex 46.2391 21.8694 1.8
      vertex 47.2564 19.5743 0
      vertex 47.2564 19.5743 1.8
    endloop
  endfacet
  facet normal 0.72424 0.689548 0
    outer loop
      vertex -36.1685 -36.1685 1.8
      vertex -37.8997 -34.3502 0
      vertex -37.8997 -34.3502 1.8
    endloop
  endfacet
  facet normal 0.72424 0.689548 0
    outer loop
      vertex -37.8997 -34.3502 0
      vertex -36.1685 -36.1685 1.8
      vertex -36.1685 -36.1685 0
    endloop
  endfacet
  facet normal -0.170957 0.985278 0
    outer loop
      vertex 9.97887 -50.1672 0
      vertex 7.50526 -50.5964 1.8
      vertex 9.97887 -50.1672 1.8
    endloop
  endfacet
  facet normal -0.170957 0.985278 0
    outer loop
      vertex 7.50526 -50.5964 1.8
      vertex 9.97887 -50.1672 0
      vertex 7.50526 -50.5964 0
    endloop
  endfacet
  facet normal 0.893221 -0.449618 0
    outer loop
      vertex -46.2391 21.8694 1.8
      vertex -45.1103 24.1119 0
      vertex -45.1103 24.1119 1.8
    endloop
  endfacet
  facet normal 0.893221 -0.449618 0
    outer loop
      vertex -45.1103 24.1119 0
      vertex -46.2391 21.8694 1.8
      vertex -46.2391 21.8694 0
    endloop
  endfacet
  facet normal 0.932988 0.359908 0
    outer loop
      vertex -47.2564 -19.5743 1.8
      vertex -48.16 -17.2319 0
      vertex -48.16 -17.2319 1.8
    endloop
  endfacet
  facet normal 0.932988 0.359908 0
    outer loop
      vertex -48.16 -17.2319 0
      vertex -47.2564 -19.5743 1.8
      vertex -47.2564 -19.5743 0
    endloop
  endfacet
  facet normal 0.449618 0.893221 -0
    outer loop
      vertex -21.8694 -46.2391 0
      vertex -24.1119 -45.1103 1.8
      vertex -21.8694 -46.2391 1.8
    endloop
  endfacet
  facet normal 0.449618 0.893221 0
    outer loop
      vertex -24.1119 -45.1103 1.8
      vertex -21.8694 -46.2391 0
      vertex -24.1119 -45.1103 0
    endloop
  endfacet
  facet normal 0.999699 0.0245363 0
    outer loop
      vertex -51.0884 -2.50981 1.8
      vertex -51.15 0 0
      vertex -51.15 0 1.8
    endloop
  endfacet
  facet normal 0.999699 0.0245363 0
    outer loop
      vertex -51.15 0 0
      vertex -51.0884 -2.50981 1.8
      vertex -51.0884 -2.50981 0
    endloop
  endfacet
  facet normal 0.449618 -0.893221 0
    outer loop
      vertex -24.1119 45.1103 0
      vertex -21.8694 46.2391 1.8
      vertex -24.1119 45.1103 1.8
    endloop
  endfacet
  facet normal 0.449618 -0.893221 0
    outer loop
      vertex -21.8694 46.2391 1.8
      vertex -24.1119 45.1103 0
      vertex -21.8694 46.2391 0
    endloop
  endfacet
  facet normal -0.932988 0.359908 0
    outer loop
      vertex 47.2564 -19.5743 0
      vertex 48.16 -17.2319 1.8
      vertex 48.16 -17.2319 0
    endloop
  endfacet
  facet normal -0.932988 0.359908 0
    outer loop
      vertex 48.16 -17.2319 1.8
      vertex 47.2564 -19.5743 0
      vertex 47.2564 -19.5743 1.8
    endloop
  endfacet
  facet normal -0.893221 0.449618 0
    outer loop
      vertex 45.1103 -24.1119 0
      vertex 46.2391 -21.8694 1.8
      vertex 46.2391 -21.8694 0
    endloop
  endfacet
  facet normal -0.893221 0.449618 0
    outer loop
      vertex 46.2391 -21.8694 1.8
      vertex 45.1103 -24.1119 0
      vertex 45.1103 -24.1119 1.8
    endloop
  endfacet
  facet normal -0.757212 -0.65317 0
    outer loop
      vertex 39.5395 32.4492 0
      vertex 37.8997 34.3502 1.8
      vertex 37.8997 34.3502 0
    endloop
  endfacet
  facet normal -0.757212 -0.65317 0
    outer loop
      vertex 37.8997 34.3502 1.8
      vertex 39.5395 32.4492 0
      vertex 39.5395 32.4492 1.8
    endloop
  endfacet
  facet normal 0.313681 0.949528 -0
    outer loop
      vertex -14.8481 -48.9475 0
      vertex -17.2319 -48.16 1.8
      vertex -14.8481 -48.9475 1.8
    endloop
  endfacet
  facet normal 0.313681 0.949528 0
    outer loop
      vertex -17.2319 -48.16 1.8
      vertex -14.8481 -48.9475 0
      vertex -17.2319 -48.16 0
    endloop
  endfacet
  facet normal -0.963778 0.266705 0
    outer loop
      vertex 48.9475 -14.8481 0
      vertex 49.6171 -12.4284 1.8
      vertex 49.6171 -12.4284 0
    endloop
  endfacet
  facet normal -0.963778 0.266705 0
    outer loop
      vertex 49.6171 -12.4284 1.8
      vertex 48.9475 -14.8481 0
      vertex 48.9475 -14.8481 1.8
    endloop
  endfacet
  facet normal 0.932988 -0.359908 0
    outer loop
      vertex -48.16 17.2319 1.8
      vertex -47.2564 19.5743 0
      vertex -47.2564 19.5743 1.8
    endloop
  endfacet
  facet normal 0.932988 -0.359908 0
    outer loop
      vertex -47.2564 19.5743 0
      vertex -48.16 17.2319 1.8
      vertex -48.16 17.2319 0
    endloop
  endfacet
  facet normal 0.0735689 0.99729 -0
    outer loop
      vertex -2.50981 -51.0884 0
      vertex -5.01358 -50.9037 1.8
      vertex -2.50981 -51.0884 1.8
    endloop
  endfacet
  facet normal 0.0735689 0.99729 0
    outer loop
      vertex -5.01358 -50.9037 1.8
      vertex -2.50981 -51.0884 0
      vertex -5.01358 -50.9037 0
    endloop
  endfacet
  facet normal 0.492897 0.870088 -0
    outer loop
      vertex -24.1119 -45.1103 0
      vertex -26.2964 -43.8728 1.8
      vertex -24.1119 -45.1103 1.8
    endloop
  endfacet
  facet normal 0.492897 0.870088 0
    outer loop
      vertex -26.2964 -43.8728 1.8
      vertex -24.1119 -45.1103 0
      vertex -26.2964 -43.8728 0
    endloop
  endfacet
  facet normal 0.893221 0.449618 0
    outer loop
      vertex -45.1103 -24.1119 1.8
      vertex -46.2391 -21.8694 0
      vertex -46.2391 -21.8694 1.8
    endloop
  endfacet
  facet normal 0.893221 0.449618 0
    outer loop
      vertex -46.2391 -21.8694 0
      vertex -45.1103 -24.1119 1.8
      vertex -45.1103 -24.1119 0
    endloop
  endfacet
  facet normal -0.492897 0.870088 0
    outer loop
      vertex 26.2964 -43.8728 0
      vertex 24.1119 -45.1103 1.8
      vertex 26.2964 -43.8728 1.8
    endloop
  endfacet
  facet normal -0.492897 0.870088 0
    outer loop
      vertex 24.1119 -45.1103 1.8
      vertex 26.2964 -43.8728 0
      vertex 24.1119 -45.1103 0
    endloop
  endfacet
  facet normal 0.122411 0.99248 -0
    outer loop
      vertex -5.01358 -50.9037 0
      vertex -6.7 -50.6957 1.8
      vertex -5.01358 -50.9037 1.8
    endloop
  endfacet
  facet normal 0.122411 0.99248 0
    outer loop
      vertex -6.7 -50.6957 1.8
      vertex -5.01358 -50.9037 0
      vertex -6.7 -50.6957 0
    endloop
  endfacet
  facet normal 0.534995 -0.844855 0
    outer loop
      vertex -28.4174 42.5297 0
      vertex -26.2964 43.8728 1.8
      vertex -28.4174 42.5297 1.8
    endloop
  endfacet
  facet normal 0.534995 -0.844855 0
    outer loop
      vertex -26.2964 43.8728 1.8
      vertex -28.4174 42.5297 0
      vertex -26.2964 43.8728 0
    endloop
  endfacet
  facet normal -0.449618 0.893221 0
    outer loop
      vertex 24.1119 -45.1103 0
      vertex 21.8694 -46.2391 1.8
      vertex 24.1119 -45.1103 1.8
    endloop
  endfacet
  facet normal -0.449618 0.893221 0
    outer loop
      vertex 21.8694 -46.2391 1.8
      vertex 24.1119 -45.1103 0
      vertex 21.8694 -46.2391 0
    endloop
  endfacet
  facet normal 0.313681 -0.949528 0
    outer loop
      vertex -17.2319 48.16 0
      vertex -14.8481 48.9475 1.8
      vertex -17.2319 48.16 1.8
    endloop
  endfacet
  facet normal 0.313681 -0.949528 0
    outer loop
      vertex -14.8481 48.9475 1.8
      vertex -17.2319 48.16 0
      vertex -14.8481 48.9475 0
    endloop
  endfacet
  facet normal -0.122403 0.99248 0
    outer loop
      vertex 7.50526 -50.5964 0
      vertex 5.01358 -50.9037 1.8
      vertex 7.50526 -50.5964 1.8
    endloop
  endfacet
  facet normal -0.122403 0.99248 0
    outer loop
      vertex 5.01358 -50.9037 1.8
      vertex 7.50526 -50.5964 0
      vertex 5.01358 -50.9037 0
    endloop
  endfacet
  facet normal -0.72424 0.689548 0
    outer loop
      vertex 36.1685 -36.1685 0
      vertex 37.8997 -34.3502 1.8
      vertex 37.8997 -34.3502 0
    endloop
  endfacet
  facet normal -0.72424 0.689548 0
    outer loop
      vertex 37.8997 -34.3502 1.8
      vertex 36.1685 -36.1685 0
      vertex 36.1685 -36.1685 1.8
    endloop
  endfacet
  facet normal 0.817586 0.575807 0
    outer loop
      vertex -41.0841 -30.47 1.8
      vertex -42.5297 -28.4174 0
      vertex -42.5297 -28.4174 1.8
    endloop
  endfacet
  facet normal 0.817586 0.575807 0
    outer loop
      vertex -42.5297 -28.4174 0
      vertex -41.0841 -30.47 1.8
      vertex -41.0841 -30.47 0
    endloop
  endfacet
  facet normal 0.788343 0.615236 0
    outer loop
      vertex -39.5395 -32.4492 1.8
      vertex -41.0841 -30.47 0
      vertex -41.0841 -30.47 1.8
    endloop
  endfacet
  facet normal 0.788343 0.615236 0
    outer loop
      vertex -41.0841 -30.47 0
      vertex -39.5395 -32.4492 1.8
      vertex -39.5395 -32.4492 0
    endloop
  endfacet
  facet normal 0.963778 0.266705 0
    outer loop
      vertex -48.9475 -14.8481 1.8
      vertex -49.6171 -12.4284 0
      vertex -49.6171 -12.4284 1.8
    endloop
  endfacet
  facet normal 0.963778 0.266705 0
    outer loop
      vertex -49.6171 -12.4284 0
      vertex -48.9475 -14.8481 1.8
      vertex -48.9475 -14.8481 0
    endloop
  endfacet
  facet normal 0.266705 0.963778 -0
    outer loop
      vertex -12.4284 -49.6171 0
      vertex -14.8481 -48.9475 1.8
      vertex -12.4284 -49.6171 1.8
    endloop
  endfacet
  facet normal 0.266705 0.963778 0
    outer loop
      vertex -14.8481 -48.9475 1.8
      vertex -12.4284 -49.6171 0
      vertex -14.8481 -48.9475 0
    endloop
  endfacet
  facet normal 0.219116 0.975699 -0
    outer loop
      vertex -9.97887 -50.1672 0
      vertex -12.4284 -49.6171 1.8
      vertex -9.97887 -50.1672 1.8
    endloop
  endfacet
  facet normal 0.219116 0.975699 0
    outer loop
      vertex -12.4284 -49.6171 1.8
      vertex -9.97887 -50.1672 0
      vertex -12.4284 -49.6171 0
    endloop
  endfacet
  facet normal 0.615236 0.788343 -0
    outer loop
      vertex -30.47 -41.0841 0
      vertex -32.4492 -39.5395 1.8
      vertex -30.47 -41.0841 1.8
    endloop
  endfacet
  facet normal 0.615236 0.788343 0
    outer loop
      vertex -32.4492 -39.5395 1.8
      vertex -30.47 -41.0841 0
      vertex -32.4492 -39.5395 0
    endloop
  endfacet
  facet normal 0.914217 0.405225 0
    outer loop
      vertex -46.2391 -21.8694 1.8
      vertex -47.2564 -19.5743 0
      vertex -47.2564 -19.5743 1.8
    endloop
  endfacet
  facet normal 0.914217 0.405225 0
    outer loop
      vertex -47.2564 -19.5743 0
      vertex -46.2391 -21.8694 1.8
      vertex -46.2391 -21.8694 0
    endloop
  endfacet
  facet normal -0.170957 -0.985278 0
    outer loop
      vertex 7.50526 50.5964 0
      vertex 9.97887 50.1672 1.8
      vertex 7.50526 50.5964 1.8
    endloop
  endfacet
  facet normal -0.170957 -0.985278 -0
    outer loop
      vertex 9.97887 50.1672 1.8
      vertex 7.50526 50.5964 0
      vertex 9.97887 50.1672 0
    endloop
  endfacet
  facet normal 0.689534 0.724254 -0
    outer loop
      vertex 34.8957 34.8957 0
      vertex 33.1414 36.5659 1.8
      vertex 34.8957 34.8957 1.8
    endloop
  endfacet
  facet normal 0.689534 0.724254 0
    outer loop
      vertex 33.1414 36.5659 1.8
      vertex 34.8957 34.8957 0
      vertex 33.1414 36.5659 0
    endloop
  endfacet
  facet normal 0.99729 0.0735688 0
    outer loop
      vertex 49.2906 2.42149 1.8
      vertex 49.1124 4.83715 0
      vertex 49.1124 4.83715 1.8
    endloop
  endfacet
  facet normal 0.99729 0.0735688 0
    outer loop
      vertex 49.1124 4.83715 0
      vertex 49.2906 2.42149 1.8
      vertex 49.2906 2.42149 0
    endloop
  endfacet
  facet normal 0.999699 0.024523 0
    outer loop
      vertex 49.35 0 1.8
      vertex 49.2906 2.42149 0
      vertex 49.2906 2.42149 1.8
    endloop
  endfacet
  facet normal 0.999699 0.024523 0
    outer loop
      vertex 49.2906 2.42149 0
      vertex 49.35 0 1.8
      vertex 49.35 0 0
    endloop
  endfacet
  facet normal 0.99248 0.122409 0
    outer loop
      vertex 49.1124 4.83715 1.8
      vertex 48.8159 7.24115 0
      vertex 48.8159 7.24115 1.8
    endloop
  endfacet
  facet normal 0.99248 0.122409 0
    outer loop
      vertex 48.8159 7.24115 0
      vertex 49.1124 4.83715 1.8
      vertex 49.1124 4.83715 0
    endloop
  endfacet
  facet normal -0.99248 -0.122409 0
    outer loop
      vertex -48.8159 -7.24115 0
      vertex -49.1124 -4.83715 1.8
      vertex -49.1124 -4.83715 0
    endloop
  endfacet
  facet normal -0.99248 -0.122409 0
    outer loop
      vertex -49.1124 -4.83715 1.8
      vertex -48.8159 -7.24115 0
      vertex -48.8159 -7.24115 1.8
    endloop
  endfacet
  facet normal -0.0735688 0.99729 0
    outer loop
      vertex -2.42149 49.2906 0
      vertex -4.83715 49.1124 1.8
      vertex -2.42149 49.2906 1.8
    endloop
  endfacet
  facet normal -0.0735688 0.99729 0
    outer loop
      vertex -4.83715 49.1124 1.8
      vertex -2.42149 49.2906 0
      vertex -4.83715 49.1124 0
    endloop
  endfacet
  facet normal 0.0735688 -0.99729 0
    outer loop
      vertex 2.42149 -49.2906 0
      vertex 4.83715 -49.1124 1.8
      vertex 2.42149 -49.2906 1.8
    endloop
  endfacet
  facet normal 0.0735688 -0.99729 0
    outer loop
      vertex 4.83715 -49.1124 1.8
      vertex 2.42149 -49.2906 0
      vertex 4.83715 -49.1124 0
    endloop
  endfacet
  facet normal 0.266707 0.963778 -0
    outer loop
      vertex 14.3255 47.225 0
      vertex 11.9911 47.871 1.8
      vertex 14.3255 47.225 1.8
    endloop
  endfacet
  facet normal 0.266707 0.963778 0
    outer loop
      vertex 11.9911 47.871 1.8
      vertex 14.3255 47.225 0
      vertex 11.9911 47.871 0
    endloop
  endfacet
  facet normal 0.575793 -0.817596 0
    outer loop
      vertex 27.4174 -41.033 0
      vertex 29.3978 -39.6383 1.8
      vertex 27.4174 -41.033 1.8
    endloop
  endfacet
  facet normal 0.575793 -0.817596 0
    outer loop
      vertex 29.3978 -39.6383 1.8
      vertex 27.4174 -41.033 0
      vertex 29.3978 -39.6383 0
    endloop
  endfacet
  facet normal -0.75719 -0.653195 0
    outer loop
      vertex -36.5659 -33.1414 0
      vertex -38.1481 -31.3073 1.8
      vertex -38.1481 -31.3073 0
    endloop
  endfacet
  facet normal -0.75719 -0.653195 0
    outer loop
      vertex -38.1481 -31.3073 1.8
      vertex -36.5659 -33.1414 0
      vertex -36.5659 -33.1414 1.8
    endloop
  endfacet
  facet normal 0.535007 0.844848 -0
    outer loop
      vertex 27.4174 41.033 0
      vertex 25.371 42.3289 1.8
      vertex 27.4174 41.033 1.8
    endloop
  endfacet
  facet normal 0.535007 0.844848 0
    outer loop
      vertex 25.371 42.3289 1.8
      vertex 27.4174 41.033 0
      vertex 25.371 42.3289 0
    endloop
  endfacet
  facet normal 0.40525 0.914206 -0
    outer loop
      vertex 21.0998 44.6119 0
      vertex 18.8854 45.5935 1.8
      vertex 21.0998 44.6119 1.8
    endloop
  endfacet
  facet normal 0.40525 0.914206 0
    outer loop
      vertex 18.8854 45.5935 1.8
      vertex 21.0998 44.6119 0
      vertex 18.8854 45.5935 0
    endloop
  endfacet
  facet normal 0.932998 -0.359881 0
    outer loop
      vertex 45.5935 -18.8854 1.8
      vertex 46.4652 -16.6255 0
      vertex 46.4652 -16.6255 1.8
    endloop
  endfacet
  facet normal 0.932998 -0.359881 0
    outer loop
      vertex 46.4652 -16.6255 0
      vertex 45.5935 -18.8854 1.8
      vertex 45.5935 -18.8854 0
    endloop
  endfacet
  facet normal 0.75719 -0.653195 0
    outer loop
      vertex 36.5659 -33.1414 1.8
      vertex 38.1481 -31.3073 0
      vertex 38.1481 -31.3073 1.8
    endloop
  endfacet
  facet normal 0.75719 -0.653195 0
    outer loop
      vertex 38.1481 -31.3073 0
      vertex 36.5659 -33.1414 1.8
      vertex 36.5659 -33.1414 0
    endloop
  endfacet
  facet normal -0.219134 -0.975695 0
    outer loop
      vertex -11.9911 -47.871 0
      vertex -9.62771 -48.4018 1.8
      vertex -11.9911 -47.871 1.8
    endloop
  endfacet
  facet normal -0.219134 -0.975695 -0
    outer loop
      vertex -9.62771 -48.4018 1.8
      vertex -11.9911 -47.871 0
      vertex -9.62771 -48.4018 0
    endloop
  endfacet
  facet normal -0.359881 -0.932998 0
    outer loop
      vertex -18.8854 -45.5935 0
      vertex -16.6255 -46.4652 1.8
      vertex -18.8854 -45.5935 1.8
    endloop
  endfacet
  facet normal -0.359881 -0.932998 -0
    outer loop
      vertex -16.6255 -46.4652 1.8
      vertex -18.8854 -45.5935 0
      vertex -16.6255 -46.4652 0
    endloop
  endfacet
  facet normal 0.975695 -0.219134 0
    outer loop
      vertex 47.871 -11.9911 1.8
      vertex 48.4018 -9.62771 0
      vertex 48.4018 -9.62771 1.8
    endloop
  endfacet
  facet normal 0.975695 -0.219134 0
    outer loop
      vertex 48.4018 -9.62771 0
      vertex 47.871 -11.9911 1.8
      vertex 47.871 -11.9911 0
    endloop
  endfacet
  facet normal -0.689534 0.724254 0
    outer loop
      vertex -33.1414 36.5659 0
      vertex -34.8957 34.8957 1.8
      vertex -33.1414 36.5659 1.8
    endloop
  endfacet
  facet normal -0.689534 0.724254 0
    outer loop
      vertex -34.8957 34.8957 1.8
      vertex -33.1414 36.5659 0
      vertex -34.8957 34.8957 0
    endloop
  endfacet
  facet normal 0.99729 -0.0735688 0
    outer loop
      vertex 49.1124 -4.83715 1.8
      vertex 49.2906 -2.42149 0
      vertex 49.2906 -2.42149 1.8
    endloop
  endfacet
  facet normal 0.99729 -0.0735688 0
    outer loop
      vertex 49.2906 -2.42149 0
      vertex 49.1124 -4.83715 1.8
      vertex 49.1124 -4.83715 0
    endloop
  endfacet
  facet normal 0.024523 -0.999699 0
    outer loop
      vertex 0 -49.35 0
      vertex 2.42149 -49.2906 1.8
      vertex 0 -49.35 1.8
    endloop
  endfacet
  facet normal 0.024523 -0.999699 0
    outer loop
      vertex 2.42149 -49.2906 1.8
      vertex 0 -49.35 0
      vertex 2.42149 -49.2906 0
    endloop
  endfacet
  facet normal -0.870094 -0.492885 0
    outer loop
      vertex -42.3289 -25.371 0
      vertex -43.5228 -23.2634 1.8
      vertex -43.5228 -23.2634 0
    endloop
  endfacet
  facet normal -0.870094 -0.492885 0
    outer loop
      vertex -43.5228 -23.2634 1.8
      vertex -42.3289 -25.371 0
      vertex -42.3289 -25.371 1.8
    endloop
  endfacet
  facet normal -0.99729 0.0735688 0
    outer loop
      vertex -49.2906 2.42149 0
      vertex -49.1124 4.83715 1.8
      vertex -49.1124 4.83715 0
    endloop
  endfacet
  facet normal -0.99729 0.0735688 0
    outer loop
      vertex -49.1124 4.83715 1.8
      vertex -49.2906 2.42149 0
      vertex -49.2906 2.42149 1.8
    endloop
  endfacet
  facet normal 0.870094 -0.492885 0
    outer loop
      vertex 42.3289 -25.371 1.8
      vertex 43.5228 -23.2634 0
      vertex 43.5228 -23.2634 1.8
    endloop
  endfacet
  facet normal 0.870094 -0.492885 0
    outer loop
      vertex 43.5228 -23.2634 0
      vertex 42.3289 -25.371 1.8
      vertex 42.3289 -25.371 0
    endloop
  endfacet
  facet normal -0.932998 0.359881 0
    outer loop
      vertex -46.4652 16.6255 0
      vertex -45.5935 18.8854 1.8
      vertex -45.5935 18.8854 0
    endloop
  endfacet
  facet normal -0.932998 0.359881 0
    outer loop
      vertex -45.5935 18.8854 1.8
      vertex -46.4652 16.6255 0
      vertex -46.4652 16.6255 1.8
    endloop
  endfacet
  facet normal 0.0735688 0.99729 -0
    outer loop
      vertex 4.83715 49.1124 0
      vertex 2.42149 49.2906 1.8
      vertex 4.83715 49.1124 1.8
    endloop
  endfacet
  facet normal 0.0735688 0.99729 0
    outer loop
      vertex 2.42149 49.2906 1.8
      vertex 4.83715 49.1124 0
      vertex 2.42149 49.2906 0
    endloop
  endfacet
  facet normal -0.313675 -0.94953 0
    outer loop
      vertex -16.6255 -46.4652 0
      vertex -14.3255 -47.225 1.8
      vertex -16.6255 -46.4652 1.8
    endloop
  endfacet
  facet normal -0.313675 -0.94953 -0
    outer loop
      vertex -14.3255 -47.225 1.8
      vertex -16.6255 -46.4652 0
      vertex -14.3255 -47.225 0
    endloop
  endfacet
  facet normal 0.932998 0.359881 0
    outer loop
      vertex 46.4652 16.6255 1.8
      vertex 45.5935 18.8854 0
      vertex 45.5935 18.8854 1.8
    endloop
  endfacet
  facet normal 0.932998 0.359881 0
    outer loop
      vertex 45.5935 18.8854 0
      vertex 46.4652 16.6255 1.8
      vertex 46.4652 16.6255 0
    endloop
  endfacet
  facet normal -0.724254 0.689534 0
    outer loop
      vertex -36.5659 33.1414 0
      vertex -34.8957 34.8957 1.8
      vertex -34.8957 34.8957 0
    endloop
  endfacet
  facet normal -0.724254 0.689534 0
    outer loop
      vertex -34.8957 34.8957 1.8
      vertex -36.5659 33.1414 0
      vertex -36.5659 33.1414 1.8
    endloop
  endfacet
  facet normal 0.788344 -0.615235 0
    outer loop
      vertex 38.1481 -31.3073 1.8
      vertex 39.6383 -29.3978 0
      vertex 39.6383 -29.3978 1.8
    endloop
  endfacet
  facet normal 0.788344 -0.615235 0
    outer loop
      vertex 39.6383 -29.3978 0
      vertex 38.1481 -31.3073 1.8
      vertex 38.1481 -31.3073 0
    endloop
  endfacet
  facet normal 0.844848 0.535007 0
    outer loop
      vertex 42.3289 25.371 1.8
      vertex 41.033 27.4174 0
      vertex 41.033 27.4174 1.8
    endloop
  endfacet
  facet normal 0.844848 0.535007 0
    outer loop
      vertex 41.033 27.4174 0
      vertex 42.3289 25.371 1.8
      vertex 42.3289 25.371 0
    endloop
  endfacet
  facet normal 0.615235 -0.788344 0
    outer loop
      vertex 29.3978 -39.6383 0
      vertex 31.3073 -38.1481 1.8
      vertex 29.3978 -39.6383 1.8
    endloop
  endfacet
  facet normal 0.615235 -0.788344 0
    outer loop
      vertex 31.3073 -38.1481 1.8
      vertex 29.3978 -39.6383 0
      vertex 31.3073 -38.1481 0
    endloop
  endfacet
  facet normal 0.870094 0.492885 0
    outer loop
      vertex 43.5228 23.2634 1.8
      vertex 42.3289 25.371 0
      vertex 42.3289 25.371 1.8
    endloop
  endfacet
  facet normal 0.870094 0.492885 0
    outer loop
      vertex 42.3289 25.371 0
      vertex 43.5228 23.2634 1.8
      vertex 43.5228 23.2634 0
    endloop
  endfacet
  facet normal 0.449623 0.893218 -0
    outer loop
      vertex 23.2634 43.5228 0
      vertex 21.0998 44.6119 1.8
      vertex 23.2634 43.5228 1.8
    endloop
  endfacet
  facet normal 0.449623 0.893218 0
    outer loop
      vertex 21.0998 44.6119 1.8
      vertex 23.2634 43.5228 0
      vertex 21.0998 44.6119 0
    endloop
  endfacet
  facet normal 0.963778 0.266707 0
    outer loop
      vertex 47.871 11.9911 1.8
      vertex 47.225 14.3255 0
      vertex 47.225 14.3255 1.8
    endloop
  endfacet
  facet normal 0.963778 0.266707 0
    outer loop
      vertex 47.225 14.3255 0
      vertex 47.871 11.9911 1.8
      vertex 47.871 11.9911 0
    endloop
  endfacet
  facet normal 0.219134 -0.975695 0
    outer loop
      vertex 9.62771 -48.4018 0
      vertex 11.9911 -47.871 1.8
      vertex 9.62771 -48.4018 1.8
    endloop
  endfacet
  facet normal 0.219134 -0.975695 0
    outer loop
      vertex 11.9911 -47.871 1.8
      vertex 9.62771 -48.4018 0
      vertex 11.9911 -47.871 0
    endloop
  endfacet
  facet normal -0.219134 0.975695 0
    outer loop
      vertex -9.62771 48.4018 0
      vertex -11.9911 47.871 1.8
      vertex -9.62771 48.4018 1.8
    endloop
  endfacet
  facet normal -0.219134 0.975695 0
    outer loop
      vertex -11.9911 47.871 1.8
      vertex -9.62771 48.4018 0
      vertex -11.9911 47.871 0
    endloop
  endfacet
  facet normal 0.359881 -0.932998 0
    outer loop
      vertex 16.6255 -46.4652 0
      vertex 18.8854 -45.5935 1.8
      vertex 16.6255 -46.4652 1.8
    endloop
  endfacet
  facet normal 0.359881 -0.932998 0
    outer loop
      vertex 18.8854 -45.5935 1.8
      vertex 16.6255 -46.4652 0
      vertex 18.8854 -45.5935 0
    endloop
  endfacet
  facet normal 0.963778 -0.266707 0
    outer loop
      vertex 47.225 -14.3255 1.8
      vertex 47.871 -11.9911 0
      vertex 47.871 -11.9911 1.8
    endloop
  endfacet
  facet normal 0.963778 -0.266707 0
    outer loop
      vertex 47.871 -11.9911 0
      vertex 47.225 -14.3255 1.8
      vertex 47.225 -14.3255 0
    endloop
  endfacet
  facet normal -0.535007 -0.844848 0
    outer loop
      vertex -27.4174 -41.033 0
      vertex -25.371 -42.3289 1.8
      vertex -27.4174 -41.033 1.8
    endloop
  endfacet
  facet normal -0.535007 -0.844848 -0
    outer loop
      vertex -25.371 -42.3289 1.8
      vertex -27.4174 -41.033 0
      vertex -25.371 -42.3289 0
    endloop
  endfacet
  facet normal -0.024523 -0.999699 0
    outer loop
      vertex -2.42149 -49.2906 0
      vertex 0 -49.35 1.8
      vertex -2.42149 -49.2906 1.8
    endloop
  endfacet
  facet normal -0.024523 -0.999699 -0
    outer loop
      vertex 0 -49.35 1.8
      vertex -2.42149 -49.2906 0
      vertex 0 -49.35 0
    endloop
  endfacet
  facet normal 0.985278 0.170959 0
    outer loop
      vertex 48.8159 7.24115 1.8
      vertex 48.4018 9.62771 0
      vertex 48.4018 9.62771 1.8
    endloop
  endfacet
  facet normal 0.985278 0.170959 0
    outer loop
      vertex 48.4018 9.62771 0
      vertex 48.8159 7.24115 1.8
      vertex 48.8159 7.24115 0
    endloop
  endfacet
  facet normal -0.122431 0.992477 0
    outer loop
      vertex -4.83715 49.1124 0
      vertex -6.7 48.8826 1.8
      vertex -4.83715 49.1124 1.8
    endloop
  endfacet
  facet normal -0.122431 0.992477 0
    outer loop
      vertex -6.7 48.8826 1.8
      vertex -4.83715 49.1124 0
      vertex -6.7 48.8826 0
    endloop
  endfacet
  facet normal -0.985278 0.170959 0
    outer loop
      vertex -48.8159 7.24115 0
      vertex -48.4018 9.62771 1.8
      vertex -48.4018 9.62771 0
    endloop
  endfacet
  facet normal -0.985278 0.170959 0
    outer loop
      vertex -48.4018 9.62771 1.8
      vertex -48.8159 7.24115 0
      vertex -48.8159 7.24115 1.8
    endloop
  endfacet
  facet normal -0.999699 -0.024523 0
    outer loop
      vertex -49.2906 -2.42149 0
      vertex -49.35 0 1.8
      vertex -49.35 0 0
    endloop
  endfacet
  facet normal -0.999699 -0.024523 0
    outer loop
      vertex -49.35 0 1.8
      vertex -49.2906 -2.42149 0
      vertex -49.2906 -2.42149 1.8
    endloop
  endfacet
  facet normal 0.170959 0.985278 -0
    outer loop
      vertex 9.62771 48.4018 0
      vertex 7.24115 48.8159 1.8
      vertex 9.62771 48.4018 1.8
    endloop
  endfacet
  facet normal 0.170959 0.985278 0
    outer loop
      vertex 7.24115 48.8159 1.8
      vertex 9.62771 48.4018 0
      vertex 7.24115 48.8159 0
    endloop
  endfacet
  facet normal 0.844848 -0.535007 0
    outer loop
      vertex 41.033 -27.4174 1.8
      vertex 42.3289 -25.371 0
      vertex 42.3289 -25.371 1.8
    endloop
  endfacet
  facet normal 0.844848 -0.535007 0
    outer loop
      vertex 42.3289 -25.371 0
      vertex 41.033 -27.4174 1.8
      vertex 41.033 -27.4174 0
    endloop
  endfacet
  facet normal 0.99248 -0.122409 0
    outer loop
      vertex 48.8159 -7.24115 1.8
      vertex 49.1124 -4.83715 0
      vertex 49.1124 -4.83715 1.8
    endloop
  endfacet
  facet normal 0.99248 -0.122409 0
    outer loop
      vertex 49.1124 -4.83715 0
      vertex 48.8159 -7.24115 1.8
      vertex 48.8159 -7.24115 0
    endloop
  endfacet
  facet normal -0.94953 -0.313675 0
    outer loop
      vertex -46.4652 -16.6255 0
      vertex -47.225 -14.3255 1.8
      vertex -47.225 -14.3255 0
    endloop
  endfacet
  facet normal -0.94953 -0.313675 0
    outer loop
      vertex -47.225 -14.3255 1.8
      vertex -46.4652 -16.6255 0
      vertex -46.4652 -16.6255 1.8
    endloop
  endfacet
  facet normal -0.975695 -0.219134 0
    outer loop
      vertex -47.871 -11.9911 0
      vertex -48.4018 -9.62771 1.8
      vertex -48.4018 -9.62771 0
    endloop
  endfacet
  facet normal -0.975695 -0.219134 0
    outer loop
      vertex -48.4018 -9.62771 1.8
      vertex -47.871 -11.9911 0
      vertex -47.871 -11.9911 1.8
    endloop
  endfacet
  facet normal -0.844848 -0.535007 0
    outer loop
      vertex -41.033 -27.4174 0
      vertex -42.3289 -25.371 1.8
      vertex -42.3289 -25.371 0
    endloop
  endfacet
  facet normal -0.844848 -0.535007 0
    outer loop
      vertex -42.3289 -25.371 1.8
      vertex -41.033 -27.4174 0
      vertex -41.033 -27.4174 1.8
    endloop
  endfacet
  facet normal 0.492885 0.870094 -0
    outer loop
      vertex 25.371 42.3289 0
      vertex 23.2634 43.5228 1.8
      vertex 25.371 42.3289 1.8
    endloop
  endfacet
  facet normal 0.492885 0.870094 0
    outer loop
      vertex 23.2634 43.5228 1.8
      vertex 25.371 42.3289 0
      vertex 23.2634 43.5228 0
    endloop
  endfacet
  facet normal -0.724254 -0.689534 0
    outer loop
      vertex -34.8957 -34.8957 0
      vertex -36.5659 -33.1414 1.8
      vertex -36.5659 -33.1414 0
    endloop
  endfacet
  facet normal -0.724254 -0.689534 0
    outer loop
      vertex -36.5659 -33.1414 1.8
      vertex -34.8957 -34.8957 0
      vertex -34.8957 -34.8957 1.8
    endloop
  endfacet
  facet normal 0.689534 -0.724254 0
    outer loop
      vertex 33.1414 -36.5659 0
      vertex 34.8957 -34.8957 1.8
      vertex 33.1414 -36.5659 1.8
    endloop
  endfacet
  facet normal 0.689534 -0.724254 0
    outer loop
      vertex 34.8957 -34.8957 1.8
      vertex 33.1414 -36.5659 0
      vertex 34.8957 -34.8957 0
    endloop
  endfacet
  facet normal 0.893218 0.449623 0
    outer loop
      vertex 44.6119 21.0998 1.8
      vertex 43.5228 23.2634 0
      vertex 43.5228 23.2634 1.8
    endloop
  endfacet
  facet normal 0.893218 0.449623 0
    outer loop
      vertex 43.5228 23.2634 0
      vertex 44.6119 21.0998 1.8
      vertex 44.6119 21.0998 0
    endloop
  endfacet
  facet normal 0.170959 -0.985278 0
    outer loop
      vertex 7.24115 -48.8159 0
      vertex 9.62771 -48.4018 1.8
      vertex 7.24115 -48.8159 1.8
    endloop
  endfacet
  facet normal 0.170959 -0.985278 0
    outer loop
      vertex 9.62771 -48.4018 1.8
      vertex 7.24115 -48.8159 0
      vertex 9.62771 -48.4018 0
    endloop
  endfacet
  facet normal -0.99729 -0.0735688 0
    outer loop
      vertex -49.1124 -4.83715 0
      vertex -49.2906 -2.42149 1.8
      vertex -49.2906 -2.42149 0
    endloop
  endfacet
  facet normal -0.99729 -0.0735688 0
    outer loop
      vertex -49.2906 -2.42149 1.8
      vertex -49.1124 -4.83715 0
      vertex -49.1124 -4.83715 1.8
    endloop
  endfacet
  facet normal 0.724254 -0.689534 0
    outer loop
      vertex 34.8957 -34.8957 1.8
      vertex 36.5659 -33.1414 0
      vertex 36.5659 -33.1414 1.8
    endloop
  endfacet
  facet normal 0.724254 -0.689534 0
    outer loop
      vertex 36.5659 -33.1414 0
      vertex 34.8957 -34.8957 1.8
      vertex 34.8957 -34.8957 0
    endloop
  endfacet
  facet normal 0.575793 0.817596 -0
    outer loop
      vertex 29.3978 39.6383 0
      vertex 27.4174 41.033 1.8
      vertex 29.3978 39.6383 1.8
    endloop
  endfacet
  facet normal 0.575793 0.817596 0
    outer loop
      vertex 27.4174 41.033 1.8
      vertex 29.3978 39.6383 0
      vertex 27.4174 41.033 0
    endloop
  endfacet
  facet normal 0.313675 -0.94953 0
    outer loop
      vertex 14.3255 -47.225 0
      vertex 16.6255 -46.4652 1.8
      vertex 14.3255 -47.225 1.8
    endloop
  endfacet
  facet normal 0.313675 -0.94953 0
    outer loop
      vertex 16.6255 -46.4652 1.8
      vertex 14.3255 -47.225 0
      vertex 16.6255 -46.4652 0
    endloop
  endfacet
  facet normal -0.893218 0.449623 0
    outer loop
      vertex -44.6119 21.0998 0
      vertex -43.5228 23.2634 1.8
      vertex -43.5228 23.2634 0
    endloop
  endfacet
  facet normal -0.893218 0.449623 0
    outer loop
      vertex -43.5228 23.2634 1.8
      vertex -44.6119 21.0998 0
      vertex -44.6119 21.0998 1.8
    endloop
  endfacet
  facet normal -0.0735688 -0.99729 0
    outer loop
      vertex -4.83715 -49.1124 0
      vertex -2.42149 -49.2906 1.8
      vertex -4.83715 -49.1124 1.8
    endloop
  endfacet
  facet normal -0.0735688 -0.99729 -0
    outer loop
      vertex -2.42149 -49.2906 1.8
      vertex -4.83715 -49.1124 0
      vertex -2.42149 -49.2906 0
    endloop
  endfacet
  facet normal -0.870094 0.492885 0
    outer loop
      vertex -43.5228 23.2634 0
      vertex -42.3289 25.371 1.8
      vertex -42.3289 25.371 0
    endloop
  endfacet
  facet normal -0.870094 0.492885 0
    outer loop
      vertex -42.3289 25.371 1.8
      vertex -43.5228 23.2634 0
      vertex -43.5228 23.2634 1.8
    endloop
  endfacet
  facet normal 0.94953 -0.313675 0
    outer loop
      vertex 46.4652 -16.6255 1.8
      vertex 47.225 -14.3255 0
      vertex 47.225 -14.3255 1.8
    endloop
  endfacet
  facet normal 0.94953 -0.313675 0
    outer loop
      vertex 47.225 -14.3255 0
      vertex 46.4652 -16.6255 1.8
      vertex 46.4652 -16.6255 0
    endloop
  endfacet
  facet normal -0.914206 0.40525 0
    outer loop
      vertex -45.5935 18.8854 0
      vertex -44.6119 21.0998 1.8
      vertex -44.6119 21.0998 0
    endloop
  endfacet
  facet normal -0.914206 0.40525 0
    outer loop
      vertex -44.6119 21.0998 1.8
      vertex -45.5935 18.8854 0
      vertex -45.5935 18.8854 1.8
    endloop
  endfacet
  facet normal 0.219134 0.975695 -0
    outer loop
      vertex 11.9911 47.871 0
      vertex 9.62771 48.4018 1.8
      vertex 11.9911 47.871 1.8
    endloop
  endfacet
  facet normal 0.219134 0.975695 0
    outer loop
      vertex 9.62771 48.4018 1.8
      vertex 11.9911 47.871 0
      vertex 9.62771 48.4018 0
    endloop
  endfacet
  facet normal -0.999699 0.024523 0
    outer loop
      vertex -49.35 0 0
      vertex -49.2906 2.42149 1.8
      vertex -49.2906 2.42149 0
    endloop
  endfacet
  facet normal -0.999699 0.024523 0
    outer loop
      vertex -49.2906 2.42149 1.8
      vertex -49.35 0 0
      vertex -49.35 0 1.8
    endloop
  endfacet
  facet normal 0.94953 0.313675 0
    outer loop
      vertex 47.225 14.3255 1.8
      vertex 46.4652 16.6255 0
      vertex 46.4652 16.6255 1.8
    endloop
  endfacet
  facet normal 0.94953 0.313675 0
    outer loop
      vertex 46.4652 16.6255 0
      vertex 47.225 14.3255 1.8
      vertex 47.225 14.3255 0
    endloop
  endfacet
  facet normal -0.615235 0.788344 0
    outer loop
      vertex -29.3978 39.6383 0
      vertex -31.3073 38.1481 1.8
      vertex -29.3978 39.6383 1.8
    endloop
  endfacet
  facet normal -0.615235 0.788344 0
    outer loop
      vertex -31.3073 38.1481 1.8
      vertex -29.3978 39.6383 0
      vertex -31.3073 38.1481 0
    endloop
  endfacet
  facet normal 0.653195 -0.75719 0
    outer loop
      vertex 31.3073 -38.1481 0
      vertex 33.1414 -36.5659 1.8
      vertex 31.3073 -38.1481 1.8
    endloop
  endfacet
  facet normal 0.653195 -0.75719 0
    outer loop
      vertex 33.1414 -36.5659 1.8
      vertex 31.3073 -38.1481 0
      vertex 33.1414 -36.5659 0
    endloop
  endfacet
  facet normal 0.75719 0.653195 0
    outer loop
      vertex 38.1481 31.3073 1.8
      vertex 36.5659 33.1414 0
      vertex 36.5659 33.1414 1.8
    endloop
  endfacet
  facet normal 0.75719 0.653195 0
    outer loop
      vertex 36.5659 33.1414 0
      vertex 38.1481 31.3073 1.8
      vertex 38.1481 31.3073 0
    endloop
  endfacet
  facet normal -0.313675 0.94953 0
    outer loop
      vertex -14.3255 47.225 0
      vertex -16.6255 46.4652 1.8
      vertex -14.3255 47.225 1.8
    endloop
  endfacet
  facet normal -0.313675 0.94953 0
    outer loop
      vertex -16.6255 46.4652 1.8
      vertex -14.3255 47.225 0
      vertex -16.6255 46.4652 0
    endloop
  endfacet
  facet normal -0.985278 -0.170959 0
    outer loop
      vertex -48.4018 -9.62771 0
      vertex -48.8159 -7.24115 1.8
      vertex -48.8159 -7.24115 0
    endloop
  endfacet
  facet normal -0.985278 -0.170959 0
    outer loop
      vertex -48.8159 -7.24115 1.8
      vertex -48.4018 -9.62771 0
      vertex -48.4018 -9.62771 1.8
    endloop
  endfacet
  facet normal -0.817596 0.575793 0
    outer loop
      vertex -41.033 27.4174 0
      vertex -39.6383 29.3978 1.8
      vertex -39.6383 29.3978 0
    endloop
  endfacet
  facet normal -0.817596 0.575793 0
    outer loop
      vertex -39.6383 29.3978 1.8
      vertex -41.033 27.4174 0
      vertex -41.033 27.4174 1.8
    endloop
  endfacet
  facet normal -0.844848 0.535007 0
    outer loop
      vertex -42.3289 25.371 0
      vertex -41.033 27.4174 1.8
      vertex -41.033 27.4174 0
    endloop
  endfacet
  facet normal -0.844848 0.535007 0
    outer loop
      vertex -41.033 27.4174 1.8
      vertex -42.3289 25.371 0
      vertex -42.3289 25.371 1.8
    endloop
  endfacet
  facet normal 0.122409 0.99248 -0
    outer loop
      vertex 7.24115 48.8159 0
      vertex 4.83715 49.1124 1.8
      vertex 7.24115 48.8159 1.8
    endloop
  endfacet
  facet normal 0.122409 0.99248 0
    outer loop
      vertex 4.83715 49.1124 1.8
      vertex 7.24115 48.8159 0
      vertex 4.83715 49.1124 0
    endloop
  endfacet
  facet normal 0.914206 0.40525 0
    outer loop
      vertex 45.5935 18.8854 1.8
      vertex 44.6119 21.0998 0
      vertex 44.6119 21.0998 1.8
    endloop
  endfacet
  facet normal 0.914206 0.40525 0
    outer loop
      vertex 44.6119 21.0998 0
      vertex 45.5935 18.8854 1.8
      vertex 45.5935 18.8854 0
    endloop
  endfacet
  facet normal 0.893218 -0.449623 0
    outer loop
      vertex 43.5228 -23.2634 1.8
      vertex 44.6119 -21.0998 0
      vertex 44.6119 -21.0998 1.8
    endloop
  endfacet
  facet normal 0.893218 -0.449623 0
    outer loop
      vertex 44.6119 -21.0998 0
      vertex 43.5228 -23.2634 1.8
      vertex 43.5228 -23.2634 0
    endloop
  endfacet
  facet normal -0.170778 -0.98531 0
    outer loop
      vertex -9.62771 -48.4018 0
      vertex -9.3 -48.4586 1.8
      vertex -9.62771 -48.4018 1.8
    endloop
  endfacet
  facet normal -0.170778 -0.98531 -0
    outer loop
      vertex -9.3 -48.4586 1.8
      vertex -9.62771 -48.4018 0
      vertex -9.3 -48.4586 0
    endloop
  endfacet
  facet normal 0.999699 -0.024523 0
    outer loop
      vertex 49.2906 -2.42149 1.8
      vertex 49.35 0 0
      vertex 49.35 0 1.8
    endloop
  endfacet
  facet normal 0.999699 -0.024523 0
    outer loop
      vertex 49.35 0 0
      vertex 49.2906 -2.42149 1.8
      vertex 49.2906 -2.42149 0
    endloop
  endfacet
  facet normal -0.266707 -0.963778 0
    outer loop
      vertex -14.3255 -47.225 0
      vertex -11.9911 -47.871 1.8
      vertex -14.3255 -47.225 1.8
    endloop
  endfacet
  facet normal -0.266707 -0.963778 -0
    outer loop
      vertex -11.9911 -47.871 1.8
      vertex -14.3255 -47.225 0
      vertex -11.9911 -47.871 0
    endloop
  endfacet
  facet normal -0.817596 -0.575793 0
    outer loop
      vertex -39.6383 -29.3978 0
      vertex -41.033 -27.4174 1.8
      vertex -41.033 -27.4174 0
    endloop
  endfacet
  facet normal -0.817596 -0.575793 0
    outer loop
      vertex -41.033 -27.4174 1.8
      vertex -39.6383 -29.3978 0
      vertex -39.6383 -29.3978 1.8
    endloop
  endfacet
  facet normal -0.575793 0.817596 0
    outer loop
      vertex -27.4174 41.033 0
      vertex -29.3978 39.6383 1.8
      vertex -27.4174 41.033 1.8
    endloop
  endfacet
  facet normal -0.575793 0.817596 0
    outer loop
      vertex -29.3978 39.6383 1.8
      vertex -27.4174 41.033 0
      vertex -29.3978 39.6383 0
    endloop
  endfacet
  facet normal 0.914206 -0.40525 0
    outer loop
      vertex 44.6119 -21.0998 1.8
      vertex 45.5935 -18.8854 0
      vertex 45.5935 -18.8854 1.8
    endloop
  endfacet
  facet normal 0.914206 -0.40525 0
    outer loop
      vertex 45.5935 -18.8854 0
      vertex 44.6119 -21.0998 1.8
      vertex 44.6119 -21.0998 0
    endloop
  endfacet
  facet normal -0.492885 -0.870094 0
    outer loop
      vertex -25.371 -42.3289 0
      vertex -23.2634 -43.5228 1.8
      vertex -25.371 -42.3289 1.8
    endloop
  endfacet
  facet normal -0.492885 -0.870094 -0
    outer loop
      vertex -23.2634 -43.5228 1.8
      vertex -25.371 -42.3289 0
      vertex -23.2634 -43.5228 0
    endloop
  endfacet
  facet normal 0.975695 0.219134 0
    outer loop
      vertex 48.4018 9.62771 1.8
      vertex 47.871 11.9911 0
      vertex 47.871 11.9911 1.8
    endloop
  endfacet
  facet normal 0.975695 0.219134 0
    outer loop
      vertex 47.871 11.9911 0
      vertex 48.4018 9.62771 1.8
      vertex 48.4018 9.62771 0
    endloop
  endfacet
  facet normal -0.94953 0.313675 0
    outer loop
      vertex -47.225 14.3255 0
      vertex -46.4652 16.6255 1.8
      vertex -46.4652 16.6255 0
    endloop
  endfacet
  facet normal -0.94953 0.313675 0
    outer loop
      vertex -46.4652 16.6255 1.8
      vertex -47.225 14.3255 0
      vertex -47.225 14.3255 1.8
    endloop
  endfacet
  facet normal 0.653195 0.75719 -0
    outer loop
      vertex 33.1414 36.5659 0
      vertex 31.3073 38.1481 1.8
      vertex 33.1414 36.5659 1.8
    endloop
  endfacet
  facet normal 0.653195 0.75719 0
    outer loop
      vertex 31.3073 38.1481 1.8
      vertex 33.1414 36.5659 0
      vertex 31.3073 38.1481 0
    endloop
  endfacet
  facet normal 0.535007 -0.844848 0
    outer loop
      vertex 25.371 -42.3289 0
      vertex 27.4174 -41.033 1.8
      vertex 25.371 -42.3289 1.8
    endloop
  endfacet
  facet normal 0.535007 -0.844848 0
    outer loop
      vertex 27.4174 -41.033 1.8
      vertex 25.371 -42.3289 0
      vertex 27.4174 -41.033 0
    endloop
  endfacet
  facet normal -0.963778 0.266707 0
    outer loop
      vertex -47.871 11.9911 0
      vertex -47.225 14.3255 1.8
      vertex -47.225 14.3255 0
    endloop
  endfacet
  facet normal -0.963778 0.266707 0
    outer loop
      vertex -47.225 14.3255 1.8
      vertex -47.871 11.9911 0
      vertex -47.871 11.9911 1.8
    endloop
  endfacet
  facet normal 0.492885 -0.870094 0
    outer loop
      vertex 23.2634 -43.5228 0
      vertex 25.371 -42.3289 1.8
      vertex 23.2634 -43.5228 1.8
    endloop
  endfacet
  facet normal 0.492885 -0.870094 0
    outer loop
      vertex 25.371 -42.3289 1.8
      vertex 23.2634 -43.5228 0
      vertex 25.371 -42.3289 0
    endloop
  endfacet
  facet normal -0.359881 0.932998 0
    outer loop
      vertex -16.6255 46.4652 0
      vertex -18.8854 45.5935 1.8
      vertex -16.6255 46.4652 1.8
    endloop
  endfacet
  facet normal -0.359881 0.932998 0
    outer loop
      vertex -18.8854 45.5935 1.8
      vertex -16.6255 46.4652 0
      vertex -18.8854 45.5935 0
    endloop
  endfacet
  facet normal -0.024523 0.999699 0
    outer loop
      vertex 0 49.35 0
      vertex -2.42149 49.2906 1.8
      vertex 0 49.35 1.8
    endloop
  endfacet
  facet normal -0.024523 0.999699 0
    outer loop
      vertex -2.42149 49.2906 1.8
      vertex 0 49.35 0
      vertex -2.42149 49.2906 0
    endloop
  endfacet
  facet normal 0.615235 0.788344 -0
    outer loop
      vertex 31.3073 38.1481 0
      vertex 29.3978 39.6383 1.8
      vertex 31.3073 38.1481 1.8
    endloop
  endfacet
  facet normal 0.615235 0.788344 0
    outer loop
      vertex 29.3978 39.6383 1.8
      vertex 31.3073 38.1481 0
      vertex 29.3978 39.6383 0
    endloop
  endfacet
  facet normal -0.653195 0.75719 0
    outer loop
      vertex -31.3073 38.1481 0
      vertex -33.1414 36.5659 1.8
      vertex -31.3073 38.1481 1.8
    endloop
  endfacet
  facet normal -0.653195 0.75719 0
    outer loop
      vertex -33.1414 36.5659 1.8
      vertex -31.3073 38.1481 0
      vertex -33.1414 36.5659 0
    endloop
  endfacet
  facet normal -0.170778 0.98531 0
    outer loop
      vertex -9.3 48.4586 0
      vertex -9.62771 48.4018 1.8
      vertex -9.3 48.4586 1.8
    endloop
  endfacet
  facet normal -0.170778 0.98531 0
    outer loop
      vertex -9.62771 48.4018 1.8
      vertex -9.3 48.4586 0
      vertex -9.62771 48.4018 0
    endloop
  endfacet
  facet normal 0.359881 0.932998 -0
    outer loop
      vertex 18.8854 45.5935 0
      vertex 16.6255 46.4652 1.8
      vertex 18.8854 45.5935 1.8
    endloop
  endfacet
  facet normal 0.359881 0.932998 0
    outer loop
      vertex 16.6255 46.4652 1.8
      vertex 18.8854 45.5935 0
      vertex 16.6255 46.4652 0
    endloop
  endfacet
  facet normal -0.932998 -0.359881 0
    outer loop
      vertex -45.5935 -18.8854 0
      vertex -46.4652 -16.6255 1.8
      vertex -46.4652 -16.6255 0
    endloop
  endfacet
  facet normal -0.932998 -0.359881 0
    outer loop
      vertex -46.4652 -16.6255 1.8
      vertex -45.5935 -18.8854 0
      vertex -45.5935 -18.8854 1.8
    endloop
  endfacet
  facet normal -0.975695 0.219134 0
    outer loop
      vertex -48.4018 9.62771 0
      vertex -47.871 11.9911 1.8
      vertex -47.871 11.9911 0
    endloop
  endfacet
  facet normal -0.975695 0.219134 0
    outer loop
      vertex -47.871 11.9911 1.8
      vertex -48.4018 9.62771 0
      vertex -48.4018 9.62771 1.8
    endloop
  endfacet
  facet normal 0.313675 0.94953 -0
    outer loop
      vertex 16.6255 46.4652 0
      vertex 14.3255 47.225 1.8
      vertex 16.6255 46.4652 1.8
    endloop
  endfacet
  facet normal 0.313675 0.94953 0
    outer loop
      vertex 14.3255 47.225 1.8
      vertex 16.6255 46.4652 0
      vertex 14.3255 47.225 0
    endloop
  endfacet
  facet normal -0.788344 0.615235 0
    outer loop
      vertex -39.6383 29.3978 0
      vertex -38.1481 31.3073 1.8
      vertex -38.1481 31.3073 0
    endloop
  endfacet
  facet normal -0.788344 0.615235 0
    outer loop
      vertex -38.1481 31.3073 1.8
      vertex -39.6383 29.3978 0
      vertex -39.6383 29.3978 1.8
    endloop
  endfacet
  facet normal 0.449623 -0.893218 0
    outer loop
      vertex 21.0998 -44.6119 0
      vertex 23.2634 -43.5228 1.8
      vertex 21.0998 -44.6119 1.8
    endloop
  endfacet
  facet normal 0.449623 -0.893218 0
    outer loop
      vertex 23.2634 -43.5228 1.8
      vertex 21.0998 -44.6119 0
      vertex 23.2634 -43.5228 0
    endloop
  endfacet
  facet normal 0.817596 -0.575793 0
    outer loop
      vertex 39.6383 -29.3978 1.8
      vertex 41.033 -27.4174 0
      vertex 41.033 -27.4174 1.8
    endloop
  endfacet
  facet normal 0.817596 -0.575793 0
    outer loop
      vertex 41.033 -27.4174 0
      vertex 39.6383 -29.3978 1.8
      vertex 39.6383 -29.3978 0
    endloop
  endfacet
  facet normal 0.122409 -0.99248 0
    outer loop
      vertex 4.83715 -49.1124 0
      vertex 7.24115 -48.8159 1.8
      vertex 4.83715 -49.1124 1.8
    endloop
  endfacet
  facet normal 0.122409 -0.99248 0
    outer loop
      vertex 7.24115 -48.8159 1.8
      vertex 4.83715 -49.1124 0
      vertex 7.24115 -48.8159 0
    endloop
  endfacet
  facet normal -0.615235 -0.788344 0
    outer loop
      vertex -31.3073 -38.1481 0
      vertex -29.3978 -39.6383 1.8
      vertex -31.3073 -38.1481 1.8
    endloop
  endfacet
  facet normal -0.615235 -0.788344 -0
    outer loop
      vertex -29.3978 -39.6383 1.8
      vertex -31.3073 -38.1481 0
      vertex -29.3978 -39.6383 0
    endloop
  endfacet
  facet normal -0.40525 -0.914206 0
    outer loop
      vertex -21.0998 -44.6119 0
      vertex -18.8854 -45.5935 1.8
      vertex -21.0998 -44.6119 1.8
    endloop
  endfacet
  facet normal -0.40525 -0.914206 -0
    outer loop
      vertex -18.8854 -45.5935 1.8
      vertex -21.0998 -44.6119 0
      vertex -18.8854 -45.5935 0
    endloop
  endfacet
  facet normal 0.266707 -0.963778 0
    outer loop
      vertex 11.9911 -47.871 0
      vertex 14.3255 -47.225 1.8
      vertex 11.9911 -47.871 1.8
    endloop
  endfacet
  facet normal 0.266707 -0.963778 0
    outer loop
      vertex 14.3255 -47.225 1.8
      vertex 11.9911 -47.871 0
      vertex 14.3255 -47.225 0
    endloop
  endfacet
  facet normal 0.40525 -0.914206 0
    outer loop
      vertex 18.8854 -45.5935 0
      vertex 21.0998 -44.6119 1.8
      vertex 18.8854 -45.5935 1.8
    endloop
  endfacet
  facet normal 0.40525 -0.914206 0
    outer loop
      vertex 21.0998 -44.6119 1.8
      vertex 18.8854 -45.5935 0
      vertex 21.0998 -44.6119 0
    endloop
  endfacet
  facet normal -0.99248 0.122409 0
    outer loop
      vertex -49.1124 4.83715 0
      vertex -48.8159 7.24115 1.8
      vertex -48.8159 7.24115 0
    endloop
  endfacet
  facet normal -0.99248 0.122409 0
    outer loop
      vertex -48.8159 7.24115 1.8
      vertex -49.1124 4.83715 0
      vertex -49.1124 4.83715 1.8
    endloop
  endfacet
  facet normal -0.893218 -0.449623 0
    outer loop
      vertex -43.5228 -23.2634 0
      vertex -44.6119 -21.0998 1.8
      vertex -44.6119 -21.0998 0
    endloop
  endfacet
  facet normal -0.893218 -0.449623 0
    outer loop
      vertex -44.6119 -21.0998 1.8
      vertex -43.5228 -23.2634 0
      vertex -43.5228 -23.2634 1.8
    endloop
  endfacet
  facet normal 0.817596 0.575793 0
    outer loop
      vertex 41.033 27.4174 1.8
      vertex 39.6383 29.3978 0
      vertex 39.6383 29.3978 1.8
    endloop
  endfacet
  facet normal 0.817596 0.575793 0
    outer loop
      vertex 39.6383 29.3978 0
      vertex 41.033 27.4174 1.8
      vertex 41.033 27.4174 0
    endloop
  endfacet
  facet normal -0.689534 -0.724254 0
    outer loop
      vertex -34.8957 -34.8957 0
      vertex -33.1414 -36.5659 1.8
      vertex -34.8957 -34.8957 1.8
    endloop
  endfacet
  facet normal -0.689534 -0.724254 -0
    outer loop
      vertex -33.1414 -36.5659 1.8
      vertex -34.8957 -34.8957 0
      vertex -33.1414 -36.5659 0
    endloop
  endfacet
  facet normal 0.724254 0.689534 0
    outer loop
      vertex 36.5659 33.1414 1.8
      vertex 34.8957 34.8957 0
      vertex 34.8957 34.8957 1.8
    endloop
  endfacet
  facet normal 0.724254 0.689534 0
    outer loop
      vertex 34.8957 34.8957 0
      vertex 36.5659 33.1414 1.8
      vertex 36.5659 33.1414 0
    endloop
  endfacet
  facet normal 0.985278 -0.170959 0
    outer loop
      vertex 48.4018 -9.62771 1.8
      vertex 48.8159 -7.24115 0
      vertex 48.8159 -7.24115 1.8
    endloop
  endfacet
  facet normal 0.985278 -0.170959 0
    outer loop
      vertex 48.8159 -7.24115 0
      vertex 48.4018 -9.62771 1.8
      vertex 48.4018 -9.62771 0
    endloop
  endfacet
  facet normal -0.449623 0.893218 0
    outer loop
      vertex -21.0998 44.6119 0
      vertex -23.2634 43.5228 1.8
      vertex -21.0998 44.6119 1.8
    endloop
  endfacet
  facet normal -0.449623 0.893218 0
    outer loop
      vertex -23.2634 43.5228 1.8
      vertex -21.0998 44.6119 0
      vertex -23.2634 43.5228 0
    endloop
  endfacet
  facet normal 0.788344 0.615235 0
    outer loop
      vertex 39.6383 29.3978 1.8
      vertex 38.1481 31.3073 0
      vertex 38.1481 31.3073 1.8
    endloop
  endfacet
  facet normal 0.788344 0.615235 0
    outer loop
      vertex 38.1481 31.3073 0
      vertex 39.6383 29.3978 1.8
      vertex 39.6383 29.3978 0
    endloop
  endfacet
  facet normal 0.024523 0.999699 -0
    outer loop
      vertex 2.42149 49.2906 0
      vertex 0 49.35 1.8
      vertex 2.42149 49.2906 1.8
    endloop
  endfacet
  facet normal 0.024523 0.999699 0
    outer loop
      vertex 0 49.35 1.8
      vertex 2.42149 49.2906 0
      vertex 0 49.35 0
    endloop
  endfacet
  facet normal -0.75719 0.653195 0
    outer loop
      vertex -38.1481 31.3073 0
      vertex -36.5659 33.1414 1.8
      vertex -36.5659 33.1414 0
    endloop
  endfacet
  facet normal -0.75719 0.653195 0
    outer loop
      vertex -36.5659 33.1414 1.8
      vertex -38.1481 31.3073 0
      vertex -38.1481 31.3073 1.8
    endloop
  endfacet
  facet normal -0.492885 0.870094 0
    outer loop
      vertex -23.2634 43.5228 0
      vertex -25.371 42.3289 1.8
      vertex -23.2634 43.5228 1.8
    endloop
  endfacet
  facet normal -0.492885 0.870094 0
    outer loop
      vertex -25.371 42.3289 1.8
      vertex -23.2634 43.5228 0
      vertex -25.371 42.3289 0
    endloop
  endfacet
  facet normal -0.535007 0.844848 0
    outer loop
      vertex -25.371 42.3289 0
      vertex -27.4174 41.033 1.8
      vertex -25.371 42.3289 1.8
    endloop
  endfacet
  facet normal -0.535007 0.844848 0
    outer loop
      vertex -27.4174 41.033 1.8
      vertex -25.371 42.3289 0
      vertex -27.4174 41.033 0
    endloop
  endfacet
  facet normal -0.122431 -0.992477 0
    outer loop
      vertex -6.7 -48.8826 0
      vertex -4.83715 -49.1124 1.8
      vertex -6.7 -48.8826 1.8
    endloop
  endfacet
  facet normal -0.122431 -0.992477 -0
    outer loop
      vertex -4.83715 -49.1124 1.8
      vertex -6.7 -48.8826 0
      vertex -4.83715 -49.1124 0
    endloop
  endfacet
  facet normal -0.266707 0.963778 0
    outer loop
      vertex -11.9911 47.871 0
      vertex -14.3255 47.225 1.8
      vertex -11.9911 47.871 1.8
    endloop
  endfacet
  facet normal -0.266707 0.963778 0
    outer loop
      vertex -14.3255 47.225 1.8
      vertex -11.9911 47.871 0
      vertex -14.3255 47.225 0
    endloop
  endfacet
  facet normal -0.788344 -0.615235 0
    outer loop
      vertex -38.1481 -31.3073 0
      vertex -39.6383 -29.3978 1.8
      vertex -39.6383 -29.3978 0
    endloop
  endfacet
  facet normal -0.788344 -0.615235 0
    outer loop
      vertex -39.6383 -29.3978 1.8
      vertex -38.1481 -31.3073 0
      vertex -38.1481 -31.3073 1.8
    endloop
  endfacet
  facet normal -0.653195 -0.75719 0
    outer loop
      vertex -33.1414 -36.5659 0
      vertex -31.3073 -38.1481 1.8
      vertex -33.1414 -36.5659 1.8
    endloop
  endfacet
  facet normal -0.653195 -0.75719 -0
    outer loop
      vertex -31.3073 -38.1481 1.8
      vertex -33.1414 -36.5659 0
      vertex -31.3073 -38.1481 0
    endloop
  endfacet
  facet normal -0.449623 -0.893218 0
    outer loop
      vertex -23.2634 -43.5228 0
      vertex -21.0998 -44.6119 1.8
      vertex -23.2634 -43.5228 1.8
    endloop
  endfacet
  facet normal -0.449623 -0.893218 -0
    outer loop
      vertex -21.0998 -44.6119 1.8
      vertex -23.2634 -43.5228 0
      vertex -21.0998 -44.6119 0
    endloop
  endfacet
  facet normal -0.963778 -0.266707 0
    outer loop
      vertex -47.225 -14.3255 0
      vertex -47.871 -11.9911 1.8
      vertex -47.871 -11.9911 0
    endloop
  endfacet
  facet normal -0.963778 -0.266707 0
    outer loop
      vertex -47.871 -11.9911 1.8
      vertex -47.225 -14.3255 0
      vertex -47.225 -14.3255 1.8
    endloop
  endfacet
  facet normal -0.914206 -0.40525 0
    outer loop
      vertex -44.6119 -21.0998 0
      vertex -45.5935 -18.8854 1.8
      vertex -45.5935 -18.8854 0
    endloop
  endfacet
  facet normal -0.914206 -0.40525 0
    outer loop
      vertex -45.5935 -18.8854 1.8
      vertex -44.6119 -21.0998 0
      vertex -44.6119 -21.0998 1.8
    endloop
  endfacet
  facet normal -0.40525 0.914206 0
    outer loop
      vertex -18.8854 45.5935 0
      vertex -21.0998 44.6119 1.8
      vertex -18.8854 45.5935 1.8
    endloop
  endfacet
  facet normal -0.40525 0.914206 0
    outer loop
      vertex -21.0998 44.6119 1.8
      vertex -18.8854 45.5935 0
      vertex -21.0998 44.6119 0
    endloop
  endfacet
  facet normal -0.575793 -0.817596 0
    outer loop
      vertex -29.3978 -39.6383 0
      vertex -27.4174 -41.033 1.8
      vertex -29.3978 -39.6383 1.8
    endloop
  endfacet
  facet normal -0.575793 -0.817596 -0
    outer loop
      vertex -27.4174 -41.033 1.8
      vertex -29.3978 -39.6383 0
      vertex -27.4174 -41.033 0
    endloop
  endfacet
  facet normal 0.42748 0.904025 -0
    outer loop
      vertex -9.53073 38.3045 0
      vertex -9.88559 38.4723 4
      vertex -9.53073 38.3045 4
    endloop
  endfacet
  facet normal 0.42748 0.904025 0
    outer loop
      vertex -9.88559 38.4723 4
      vertex -9.53073 38.3045 0
      vertex -9.88559 38.4723 0
    endloop
  endfacet
  facet normal -0.989176 -0.146733 0
    outer loop
      vertex -4.01926 42.3921 0
      vertex -4.07686 42.7804 4
      vertex -4.07686 42.7804 0
    endloop
  endfacet
  facet normal -0.989176 -0.146733 0
    outer loop
      vertex -4.07686 42.7804 4
      vertex -4.01926 42.3921 0
      vertex -4.01926 42.3921 4
    endloop
  endfacet
  facet normal -0.998796 -0.049061 0
    outer loop
      vertex -4 42 0
      vertex -4.01926 42.3921 4
      vertex -4.01926 42.3921 0
    endloop
  endfacet
  facet normal -0.998796 -0.049061 0
    outer loop
      vertex -4.01926 42.3921 4
      vertex -4 42 0
      vertex -4 42 4
    endloop
  endfacet
  facet normal -0.970019 -0.243027 0
    outer loop
      vertex -4.07686 42.7804 0
      vertex -4.17224 43.1611 4
      vertex -4.17224 43.1611 0
    endloop
  endfacet
  facet normal -0.970019 -0.243027 0
    outer loop
      vertex -4.17224 43.1611 4
      vertex -4.07686 42.7804 0
      vertex -4.07686 42.7804 4
    endloop
  endfacet
  facet normal -0.42748 0.904025 0
    outer loop
      vertex -6.11441 38.4723 0
      vertex -6.46927 38.3045 4
      vertex -6.11441 38.4723 4
    endloop
  endfacet
  facet normal -0.42748 0.904025 0
    outer loop
      vertex -6.46927 38.3045 4
      vertex -6.11441 38.4723 0
      vertex -6.46927 38.3045 0
    endloop
  endfacet
  facet normal 0.671607 -0.740908 0
    outer loop
      vertex -10.8284 44.8284 0
      vertex -10.5376 45.092 4
      vertex -10.8284 44.8284 4
    endloop
  endfacet
  facet normal 0.671607 -0.740908 0
    outer loop
      vertex -10.5376 45.092 4
      vertex -10.8284 44.8284 0
      vertex -10.5376 45.092 0
    endloop
  endfacet
  facet normal 0.970068 0.242835 0
    outer loop
      vertex -11.8278 40.8389 4
      vertex -11.9231 41.2196 0
      vertex -11.9231 41.2196 4
    endloop
  endfacet
  facet normal 0.970068 0.242835 0
    outer loop
      vertex -11.9231 41.2196 0
      vertex -11.8278 40.8389 4
      vertex -11.8278 40.8389 0
    endloop
  endfacet
  facet normal -0.42748 -0.904025 0
    outer loop
      vertex -6.46927 45.6955 0
      vertex -6.11441 45.5277 4
      vertex -6.46927 45.6955 4
    endloop
  endfacet
  facet normal -0.42748 -0.904025 -0
    outer loop
      vertex -6.11441 45.5277 4
      vertex -6.46927 45.6955 0
      vertex -6.11441 45.5277 0
    endloop
  endfacet
  facet normal 0.989176 -0.146733 0
    outer loop
      vertex -11.9807 42.3921 4
      vertex -11.9231 42.7804 0
      vertex -11.9231 42.7804 4
    endloop
  endfacet
  facet normal 0.989176 -0.146733 0
    outer loop
      vertex -11.9231 42.7804 0
      vertex -11.9807 42.3921 4
      vertex -11.9807 42.3921 0
    endloop
  endfacet
  facet normal 0.146737 0.989176 -0
    outer loop
      vertex -8.39207 38.0193 0
      vertex -8.78036 38.0769 4
      vertex -8.39207 38.0193 4
    endloop
  endfacet
  facet normal 0.146737 0.989176 0
    outer loop
      vertex -8.78036 38.0769 4
      vertex -8.39207 38.0193 0
      vertex -8.78036 38.0769 0
    endloop
  endfacet
  facet normal 0.740908 -0.671607 0
    outer loop
      vertex -11.092 44.5376 4
      vertex -10.8284 44.8284 0
      vertex -10.8284 44.8284 4
    endloop
  endfacet
  facet normal 0.740908 -0.671607 0
    outer loop
      vertex -10.8284 44.8284 0
      vertex -11.092 44.5376 4
      vertex -11.092 44.5376 0
    endloop
  endfacet
  facet normal -0.514095 0.857733 0
    outer loop
      vertex -5.77772 38.6741 0
      vertex -6.11441 38.4723 4
      vertex -5.77772 38.6741 4
    endloop
  endfacet
  facet normal -0.514095 0.857733 0
    outer loop
      vertex -6.11441 38.4723 4
      vertex -5.77772 38.6741 0
      vertex -6.11441 38.4723 0
    endloop
  endfacet
  facet normal 0.242787 0.97008 -0
    outer loop
      vertex -8.78036 38.0769 0
      vertex -9.16114 38.1722 4
      vertex -8.78036 38.0769 4
    endloop
  endfacet
  facet normal 0.242787 0.97008 0
    outer loop
      vertex -9.16114 38.1722 4
      vertex -8.78036 38.0769 0
      vertex -9.16114 38.1722 0
    endloop
  endfacet
  facet normal 0.337047 -0.941488 0
    outer loop
      vertex -9.53073 45.6955 0
      vertex -9.3 45.7781 4
      vertex -9.53073 45.6955 4
    endloop
  endfacet
  facet normal 0.337047 -0.941488 0
    outer loop
      vertex -9.3 45.7781 4
      vertex -9.53073 45.6955 0
      vertex -9.3 45.7781 0
    endloop
  endfacet
  facet normal -0.0491664 0.998791 0
    outer loop
      vertex -7.60793 38.0193 0
      vertex -8 38 4
      vertex -7.60793 38.0193 4
    endloop
  endfacet
  facet normal -0.0491664 0.998791 0
    outer loop
      vertex -8 38 4
      vertex -7.60793 38.0193 0
      vertex -8 38 0
    endloop
  endfacet
  facet normal -0.146737 0.989176 0
    outer loop
      vertex -7.21964 38.0769 0
      vertex -7.60793 38.0193 4
      vertex -7.21964 38.0769 4
    endloop
  endfacet
  facet normal -0.146737 0.989176 0
    outer loop
      vertex -7.60793 38.0193 4
      vertex -7.21964 38.0769 0
      vertex -7.60793 38.0193 0
    endloop
  endfacet
  facet normal 0.595794 0.803137 -0
    outer loop
      vertex -10.2223 38.6741 0
      vertex -10.5376 38.908 4
      vertex -10.2223 38.6741 4
    endloop
  endfacet
  facet normal 0.595794 0.803137 0
    outer loop
      vertex -10.5376 38.908 4
      vertex -10.2223 38.6741 0
      vertex -10.5376 38.908 0
    endloop
  endfacet
  facet normal 0.904044 0.42744 0
    outer loop
      vertex -11.5277 40.1144 4
      vertex -11.6955 40.4693 0
      vertex -11.6955 40.4693 4
    endloop
  endfacet
  facet normal 0.904044 0.42744 0
    outer loop
      vertex -11.6955 40.4693 0
      vertex -11.5277 40.1144 4
      vertex -11.5277 40.1144 0
    endloop
  endfacet
  facet normal -0.595806 0.803128 0
    outer loop
      vertex -5.46243 38.908 0
      vertex -5.77772 38.6741 4
      vertex -5.46243 38.908 4
    endloop
  endfacet
  facet normal -0.595806 0.803128 0
    outer loop
      vertex -5.77772 38.6741 4
      vertex -5.46243 38.908 0
      vertex -5.77772 38.6741 0
    endloop
  endfacet
  facet normal -0.514095 -0.857733 0
    outer loop
      vertex -6.11441 45.5277 0
      vertex -5.77772 45.3259 4
      vertex -6.11441 45.5277 4
    endloop
  endfacet
  facet normal -0.514095 -0.857733 -0
    outer loop
      vertex -5.77772 45.3259 4
      vertex -6.11441 45.5277 0
      vertex -5.77772 45.3259 0
    endloop
  endfacet
  facet normal 0.998791 0.0491626 0
    outer loop
      vertex -11.9807 41.6079 4
      vertex -12 42 0
      vertex -12 42 4
    endloop
  endfacet
  facet normal 0.998791 0.0491626 0
    outer loop
      vertex -12 42 0
      vertex -11.9807 41.6079 4
      vertex -11.9807 41.6079 0
    endloop
  endfacet
  facet normal -0.970019 0.243027 0
    outer loop
      vertex -4.17224 40.8389 0
      vertex -4.07686 41.2196 4
      vertex -4.07686 41.2196 0
    endloop
  endfacet
  facet normal -0.970019 0.243027 0
    outer loop
      vertex -4.07686 41.2196 4
      vertex -4.17224 40.8389 0
      vertex -4.17224 40.8389 4
    endloop
  endfacet
  facet normal -0.740895 -0.671621 0
    outer loop
      vertex -4.90796 44.5376 0
      vertex -5.17157 44.8284 4
      vertex -5.17157 44.8284 0
    endloop
  endfacet
  facet normal -0.740895 -0.671621 0
    outer loop
      vertex -5.17157 44.8284 4
      vertex -4.90796 44.5376 0
      vertex -4.90796 44.5376 4
    endloop
  endfacet
  facet normal -0.595806 -0.803128 0
    outer loop
      vertex -5.77772 45.3259 0
      vertex -5.46243 45.092 4
      vertex -5.77772 45.3259 4
    endloop
  endfacet
  facet normal -0.595806 -0.803128 -0
    outer loop
      vertex -5.46243 45.092 4
      vertex -5.77772 45.3259 0
      vertex -5.46243 45.092 0
    endloop
  endfacet
  facet normal 0.595794 -0.803137 0
    outer loop
      vertex -10.5376 45.092 0
      vertex -10.2223 45.3259 4
      vertex -10.5376 45.092 4
    endloop
  endfacet
  facet normal 0.595794 -0.803137 0
    outer loop
      vertex -10.2223 45.3259 4
      vertex -10.5376 45.092 0
      vertex -10.2223 45.3259 0
    endloop
  endfacet
  facet normal -0.80321 -0.595695 0
    outer loop
      vertex -4.67412 44.2223 0
      vertex -4.90796 44.5376 4
      vertex -4.90796 44.5376 0
    endloop
  endfacet
  facet normal -0.80321 -0.595695 0
    outer loop
      vertex -4.90796 44.5376 4
      vertex -4.67412 44.2223 0
      vertex -4.67412 44.2223 4
    endloop
  endfacet
  facet normal -0.989176 0.146733 0
    outer loop
      vertex -4.07686 41.2196 0
      vertex -4.01926 41.6079 4
      vertex -4.01926 41.6079 0
    endloop
  endfacet
  facet normal -0.989176 0.146733 0
    outer loop
      vertex -4.01926 41.6079 4
      vertex -4.07686 41.2196 0
      vertex -4.07686 41.2196 4
    endloop
  endfacet
  facet normal 0.9415 -0.337014 0
    outer loop
      vertex -11.8278 43.1611 4
      vertex -11.6955 43.5307 0
      vertex -11.6955 43.5307 4
    endloop
  endfacet
  facet normal 0.9415 -0.337014 0
    outer loop
      vertex -11.6955 43.5307 0
      vertex -11.8278 43.1611 4
      vertex -11.8278 43.1611 0
    endloop
  endfacet
  facet normal -0.904004 0.427523 0
    outer loop
      vertex -4.47232 40.1144 0
      vertex -4.30448 40.4693 4
      vertex -4.30448 40.4693 0
    endloop
  endfacet
  facet normal -0.904004 0.427523 0
    outer loop
      vertex -4.30448 40.4693 4
      vertex -4.47232 40.1144 0
      vertex -4.47232 40.1144 4
    endloop
  endfacet
  facet normal -0.337047 -0.941488 0
    outer loop
      vertex -6.7 45.7781 0
      vertex -6.46927 45.6955 4
      vertex -6.7 45.7781 4
    endloop
  endfacet
  facet normal -0.337047 -0.941488 -0
    outer loop
      vertex -6.46927 45.6955 4
      vertex -6.7 45.7781 0
      vertex -6.46927 45.6955 0
    endloop
  endfacet
  facet normal -0.998796 0.049061 0
    outer loop
      vertex -4.01926 41.6079 0
      vertex -4 42 4
      vertex -4 42 0
    endloop
  endfacet
  facet normal -0.998796 0.049061 0
    outer loop
      vertex -4 42 4
      vertex -4.01926 41.6079 0
      vertex -4.01926 41.6079 4
    endloop
  endfacet
  facet normal -0.337022 0.941497 0
    outer loop
      vertex -6.46927 38.3045 0
      vertex -6.83886 38.1722 4
      vertex -6.46927 38.3045 4
    endloop
  endfacet
  facet normal -0.337022 0.941497 0
    outer loop
      vertex -6.83886 38.1722 4
      vertex -6.46927 38.3045 0
      vertex -6.83886 38.1722 0
    endloop
  endfacet
  facet normal -0.941548 -0.336879 0
    outer loop
      vertex -4.17224 43.1611 0
      vertex -4.30448 43.5307 4
      vertex -4.30448 43.5307 0
    endloop
  endfacet
  facet normal -0.941548 -0.336879 0
    outer loop
      vertex -4.30448 43.5307 4
      vertex -4.17224 43.1611 0
      vertex -4.17224 43.1611 4
    endloop
  endfacet
  facet normal -0.80321 0.595695 0
    outer loop
      vertex -4.90796 39.4624 0
      vertex -4.67412 39.7777 4
      vertex -4.67412 39.7777 0
    endloop
  endfacet
  facet normal -0.80321 0.595695 0
    outer loop
      vertex -4.67412 39.7777 4
      vertex -4.90796 39.4624 0
      vertex -4.90796 39.4624 4
    endloop
  endfacet
  facet normal -0.85774 0.514084 0
    outer loop
      vertex -4.67412 39.7777 0
      vertex -4.47232 40.1144 4
      vertex -4.47232 40.1144 0
    endloop
  endfacet
  facet normal -0.85774 0.514084 0
    outer loop
      vertex -4.47232 40.1144 4
      vertex -4.67412 39.7777 0
      vertex -4.67412 39.7777 4
    endloop
  endfacet
  facet normal -0.941548 0.336879 0
    outer loop
      vertex -4.30448 40.4693 0
      vertex -4.17224 40.8389 4
      vertex -4.17224 40.8389 0
    endloop
  endfacet
  facet normal -0.941548 0.336879 0
    outer loop
      vertex -4.17224 40.8389 4
      vertex -4.30448 40.4693 0
      vertex -4.30448 40.4693 4
    endloop
  endfacet
  facet normal 0.904044 -0.42744 0
    outer loop
      vertex -11.6955 43.5307 4
      vertex -11.5277 43.8856 0
      vertex -11.5277 43.8856 4
    endloop
  endfacet
  facet normal 0.904044 -0.42744 0
    outer loop
      vertex -11.5277 43.8856 0
      vertex -11.6955 43.5307 4
      vertex -11.6955 43.5307 0
    endloop
  endfacet
  facet normal -0.904004 -0.427523 0
    outer loop
      vertex -4.30448 43.5307 0
      vertex -4.47232 43.8856 4
      vertex -4.47232 43.8856 0
    endloop
  endfacet
  facet normal -0.904004 -0.427523 0
    outer loop
      vertex -4.47232 43.8856 4
      vertex -4.30448 43.5307 0
      vertex -4.30448 43.5307 4
    endloop
  endfacet
  facet normal 0.85774 0.514084 0
    outer loop
      vertex -11.3259 39.7777 4
      vertex -11.5277 40.1144 0
      vertex -11.5277 40.1144 4
    endloop
  endfacet
  facet normal 0.85774 0.514084 0
    outer loop
      vertex -11.5277 40.1144 0
      vertex -11.3259 39.7777 4
      vertex -11.3259 39.7777 0
    endloop
  endfacet
  facet normal -0.85774 -0.514084 0
    outer loop
      vertex -4.47232 43.8856 0
      vertex -4.67412 44.2223 4
      vertex -4.67412 44.2223 0
    endloop
  endfacet
  facet normal -0.85774 -0.514084 0
    outer loop
      vertex -4.67412 44.2223 4
      vertex -4.47232 43.8856 0
      vertex -4.47232 43.8856 4
    endloop
  endfacet
  facet normal 0.740908 0.671607 0
    outer loop
      vertex -10.8284 39.1716 4
      vertex -11.092 39.4624 0
      vertex -11.092 39.4624 4
    endloop
  endfacet
  facet normal 0.740908 0.671607 0
    outer loop
      vertex -11.092 39.4624 0
      vertex -10.8284 39.1716 4
      vertex -10.8284 39.1716 0
    endloop
  endfacet
  facet normal -0.242787 0.97008 0
    outer loop
      vertex -6.83886 38.1722 0
      vertex -7.21964 38.0769 4
      vertex -6.83886 38.1722 4
    endloop
  endfacet
  facet normal -0.242787 0.97008 0
    outer loop
      vertex -7.21964 38.0769 4
      vertex -6.83886 38.1722 0
      vertex -7.21964 38.0769 0
    endloop
  endfacet
  facet normal 0.514072 -0.857747 0
    outer loop
      vertex -10.2223 45.3259 0
      vertex -9.88559 45.5277 4
      vertex -10.2223 45.3259 4
    endloop
  endfacet
  facet normal 0.514072 -0.857747 0
    outer loop
      vertex -9.88559 45.5277 4
      vertex -10.2223 45.3259 0
      vertex -9.88559 45.5277 0
    endloop
  endfacet
  facet normal 0.42748 -0.904025 0
    outer loop
      vertex -9.88559 45.5277 0
      vertex -9.53073 45.6955 4
      vertex -9.88559 45.5277 4
    endloop
  endfacet
  facet normal 0.42748 -0.904025 0
    outer loop
      vertex -9.53073 45.6955 4
      vertex -9.88559 45.5277 0
      vertex -9.53073 45.6955 0
    endloop
  endfacet
  facet normal 0.9415 0.337014 0
    outer loop
      vertex -11.6955 40.4693 4
      vertex -11.8278 40.8389 0
      vertex -11.8278 40.8389 4
    endloop
  endfacet
  facet normal 0.9415 0.337014 0
    outer loop
      vertex -11.8278 40.8389 0
      vertex -11.6955 40.4693 4
      vertex -11.6955 40.4693 0
    endloop
  endfacet
  facet normal 0.514072 0.857747 -0
    outer loop
      vertex -9.88559 38.4723 0
      vertex -10.2223 38.6741 4
      vertex -9.88559 38.4723 4
    endloop
  endfacet
  facet normal 0.514072 0.857747 0
    outer loop
      vertex -10.2223 38.6741 4
      vertex -9.88559 38.4723 0
      vertex -10.2223 38.6741 0
    endloop
  endfacet
  facet normal -0.671531 -0.740977 0
    outer loop
      vertex -5.46243 45.092 0
      vertex -5.17157 44.8284 4
      vertex -5.46243 45.092 4
    endloop
  endfacet
  facet normal -0.671531 -0.740977 -0
    outer loop
      vertex -5.17157 44.8284 4
      vertex -5.46243 45.092 0
      vertex -5.17157 44.8284 0
    endloop
  endfacet
  facet normal 0.970068 -0.242835 0
    outer loop
      vertex -11.9231 42.7804 4
      vertex -11.8278 43.1611 0
      vertex -11.8278 43.1611 4
    endloop
  endfacet
  facet normal 0.970068 -0.242835 0
    outer loop
      vertex -11.8278 43.1611 0
      vertex -11.9231 42.7804 4
      vertex -11.9231 42.7804 0
    endloop
  endfacet
  facet normal 0.803137 0.595794 0
    outer loop
      vertex -11.092 39.4624 4
      vertex -11.3259 39.7777 0
      vertex -11.3259 39.7777 4
    endloop
  endfacet
  facet normal 0.803137 0.595794 0
    outer loop
      vertex -11.3259 39.7777 0
      vertex -11.092 39.4624 4
      vertex -11.092 39.4624 0
    endloop
  endfacet
  facet normal 0.989176 0.146733 0
    outer loop
      vertex -11.9231 41.2196 4
      vertex -11.9807 41.6079 0
      vertex -11.9807 41.6079 4
    endloop
  endfacet
  facet normal 0.989176 0.146733 0
    outer loop
      vertex -11.9807 41.6079 0
      vertex -11.9231 41.2196 4
      vertex -11.9231 41.2196 0
    endloop
  endfacet
  facet normal 0.671607 0.740908 -0
    outer loop
      vertex -10.5376 38.908 0
      vertex -10.8284 39.1716 4
      vertex -10.5376 38.908 4
    endloop
  endfacet
  facet normal 0.671607 0.740908 0
    outer loop
      vertex -10.8284 39.1716 4
      vertex -10.5376 38.908 0
      vertex -10.8284 39.1716 0
    endloop
  endfacet
  facet normal 0.803137 -0.595794 0
    outer loop
      vertex -11.3259 44.2223 4
      vertex -11.092 44.5376 0
      vertex -11.092 44.5376 4
    endloop
  endfacet
  facet normal 0.803137 -0.595794 0
    outer loop
      vertex -11.092 44.5376 0
      vertex -11.3259 44.2223 4
      vertex -11.3259 44.2223 0
    endloop
  endfacet
  facet normal 0.85774 -0.514084 0
    outer loop
      vertex -11.5277 43.8856 4
      vertex -11.3259 44.2223 0
      vertex -11.3259 44.2223 4
    endloop
  endfacet
  facet normal 0.85774 -0.514084 0
    outer loop
      vertex -11.3259 44.2223 0
      vertex -11.5277 43.8856 4
      vertex -11.5277 43.8856 0
    endloop
  endfacet
  facet normal 0.0491664 0.998791 -0
    outer loop
      vertex -8 38 0
      vertex -8.39207 38.0193 4
      vertex -8 38 4
    endloop
  endfacet
  facet normal 0.0491664 0.998791 0
    outer loop
      vertex -8.39207 38.0193 4
      vertex -8 38 0
      vertex -8.39207 38.0193 0
    endloop
  endfacet
  facet normal 0.998791 -0.0491626 0
    outer loop
      vertex -12 42 4
      vertex -11.9807 42.3921 0
      vertex -11.9807 42.3921 4
    endloop
  endfacet
  facet normal 0.998791 -0.0491626 0
    outer loop
      vertex -11.9807 42.3921 0
      vertex -12 42 4
      vertex -12 42 0
    endloop
  endfacet
  facet normal 0.337022 0.941497 -0
    outer loop
      vertex -9.16114 38.1722 0
      vertex -9.53073 38.3045 4
      vertex -9.16114 38.1722 4
    endloop
  endfacet
  facet normal 0.337022 0.941497 0
    outer loop
      vertex -9.53073 38.3045 4
      vertex -9.16114 38.1722 0
      vertex -9.53073 38.3045 0
    endloop
  endfacet
  facet normal -0.740895 0.671621 0
    outer loop
      vertex -5.17157 39.1716 0
      vertex -4.90796 39.4624 4
      vertex -4.90796 39.4624 0
    endloop
  endfacet
  facet normal -0.740895 0.671621 0
    outer loop
      vertex -4.90796 39.4624 4
      vertex -5.17157 39.1716 0
      vertex -5.17157 39.1716 4
    endloop
  endfacet
  facet normal -0.671531 0.740977 0
    outer loop
      vertex -5.17157 39.1716 0
      vertex -5.46243 38.908 4
      vertex -5.17157 39.1716 4
    endloop
  endfacet
  facet normal -0.671531 0.740977 0
    outer loop
      vertex -5.46243 38.908 4
      vertex -5.17157 39.1716 0
      vertex -5.46243 38.908 0
    endloop
  endfacet
  facet normal -1 0 0
    outer loop
      vertex -6.7 48.8826 0
      vertex -6.7 45.7781 0
      vertex -6.7 48.8826 1.8
    endloop
  endfacet
  facet normal -1 0 0
    outer loop
      vertex -6.7 50.6957 1.8
      vertex -6.7 54.5737 0
      vertex -6.7 50.6957 0
    endloop
  endfacet
  facet normal -1 0 0
    outer loop
      vertex -6.7 54.5737 0
      vertex -6.7 50.6957 1.8
      vertex -6.7 54.5737 4
    endloop
  endfacet
  facet normal -1 0 0
    outer loop
      vertex -6.7 45.7781 4
      vertex -6.7 50.6957 1.8
      vertex -6.7 48.8826 1.8
    endloop
  endfacet
  facet normal -1 0 0
    outer loop
      vertex -6.7 50.6957 1.8
      vertex -6.7 45.7781 4
      vertex -6.7 54.5737 4
    endloop
  endfacet
  facet normal -1 0 0
    outer loop
      vertex -6.7 45.7781 4
      vertex -6.7 48.8826 1.8
      vertex -6.7 45.7781 0
    endloop
  endfacet
  facet normal 1 0 0
    outer loop
      vertex -9.3 54.1913 4
      vertex -9.3 50.285 1.8
      vertex -9.3 54.1913 0
    endloop
  endfacet
  facet normal 1 -0 0
    outer loop
      vertex -9.3 45.7781 4
      vertex -9.3 50.285 1.8
      vertex -9.3 54.1913 4
    endloop
  endfacet
  facet normal 1 0 0
    outer loop
      vertex -9.3 50.285 1.8
      vertex -9.3 45.7781 4
      vertex -9.3 48.4586 1.8
    endloop
  endfacet
  facet normal 1 0 0
    outer loop
      vertex -9.3 45.7781 0
      vertex -9.3 48.4586 1.8
      vertex -9.3 45.7781 4
    endloop
  endfacet
  facet normal 1 0 0
    outer loop
      vertex -9.3 48.4586 1.8
      vertex -9.3 45.7781 0
      vertex -9.3 48.4586 0
    endloop
  endfacet
  facet normal 1 0 0
    outer loop
      vertex -9.3 54.1913 0
      vertex -9.3 50.285 1.8
      vertex -9.3 50.285 0
    endloop
  endfacet
  facet normal 0.42748 0.904025 -0
    outer loop
      vertex -9.53073 -45.6955 0
      vertex -9.88559 -45.5277 4
      vertex -9.53073 -45.6955 4
    endloop
  endfacet
  facet normal 0.42748 0.904025 0
    outer loop
      vertex -9.88559 -45.5277 4
      vertex -9.53073 -45.6955 0
      vertex -9.88559 -45.5277 0
    endloop
  endfacet
  facet normal -0.989176 -0.146733 0
    outer loop
      vertex -4.01926 -41.6079 0
      vertex -4.07686 -41.2196 4
      vertex -4.07686 -41.2196 0
    endloop
  endfacet
  facet normal -0.989176 -0.146733 0
    outer loop
      vertex -4.07686 -41.2196 4
      vertex -4.01926 -41.6079 0
      vertex -4.01926 -41.6079 4
    endloop
  endfacet
  facet normal -0.998796 -0.049061 0
    outer loop
      vertex -4 -42 0
      vertex -4.01926 -41.6079 4
      vertex -4.01926 -41.6079 0
    endloop
  endfacet
  facet normal -0.998796 -0.049061 0
    outer loop
      vertex -4.01926 -41.6079 4
      vertex -4 -42 0
      vertex -4 -42 4
    endloop
  endfacet
  facet normal -0.970019 -0.243027 0
    outer loop
      vertex -4.07686 -41.2196 0
      vertex -4.17224 -40.8389 4
      vertex -4.17224 -40.8389 0
    endloop
  endfacet
  facet normal -0.970019 -0.243027 0
    outer loop
      vertex -4.17224 -40.8389 4
      vertex -4.07686 -41.2196 0
      vertex -4.07686 -41.2196 4
    endloop
  endfacet
  facet normal -0.42748 0.904025 0
    outer loop
      vertex -6.11441 -45.5277 0
      vertex -6.46927 -45.6955 4
      vertex -6.11441 -45.5277 4
    endloop
  endfacet
  facet normal -0.42748 0.904025 0
    outer loop
      vertex -6.46927 -45.6955 4
      vertex -6.11441 -45.5277 0
      vertex -6.46927 -45.6955 0
    endloop
  endfacet
  facet normal 0.671607 -0.740908 0
    outer loop
      vertex -10.8284 -39.1716 0
      vertex -10.5376 -38.908 4
      vertex -10.8284 -39.1716 4
    endloop
  endfacet
  facet normal 0.671607 -0.740908 0
    outer loop
      vertex -10.5376 -38.908 4
      vertex -10.8284 -39.1716 0
      vertex -10.5376 -38.908 0
    endloop
  endfacet
  facet normal 0.970068 0.242835 0
    outer loop
      vertex -11.8278 -43.1611 4
      vertex -11.9231 -42.7804 0
      vertex -11.9231 -42.7804 4
    endloop
  endfacet
  facet normal 0.970068 0.242835 0
    outer loop
      vertex -11.9231 -42.7804 0
      vertex -11.8278 -43.1611 4
      vertex -11.8278 -43.1611 0
    endloop
  endfacet
  facet normal -0.42748 -0.904025 0
    outer loop
      vertex -6.46927 -38.3045 0
      vertex -6.11441 -38.4723 4
      vertex -6.46927 -38.3045 4
    endloop
  endfacet
  facet normal -0.42748 -0.904025 -0
    outer loop
      vertex -6.11441 -38.4723 4
      vertex -6.46927 -38.3045 0
      vertex -6.11441 -38.4723 0
    endloop
  endfacet
  facet normal 0.989176 -0.146733 0
    outer loop
      vertex -11.9807 -41.6079 4
      vertex -11.9231 -41.2196 0
      vertex -11.9231 -41.2196 4
    endloop
  endfacet
  facet normal 0.989176 -0.146733 0
    outer loop
      vertex -11.9231 -41.2196 0
      vertex -11.9807 -41.6079 4
      vertex -11.9807 -41.6079 0
    endloop
  endfacet
  facet normal -0.242787 -0.97008 0
    outer loop
      vertex -7.21964 -38.0769 0
      vertex -6.83886 -38.1722 4
      vertex -7.21964 -38.0769 4
    endloop
  endfacet
  facet normal -0.242787 -0.97008 -0
    outer loop
      vertex -6.83886 -38.1722 4
      vertex -7.21964 -38.0769 0
      vertex -6.83886 -38.1722 0
    endloop
  endfacet
  facet normal 0.740908 -0.671607 0
    outer loop
      vertex -11.092 -39.4624 4
      vertex -10.8284 -39.1716 0
      vertex -10.8284 -39.1716 4
    endloop
  endfacet
  facet normal 0.740908 -0.671607 0
    outer loop
      vertex -10.8284 -39.1716 0
      vertex -11.092 -39.4624 4
      vertex -11.092 -39.4624 0
    endloop
  endfacet
  facet normal -0.514095 0.857733 0
    outer loop
      vertex -5.77772 -45.3259 0
      vertex -6.11441 -45.5277 4
      vertex -5.77772 -45.3259 4
    endloop
  endfacet
  facet normal -0.514095 0.857733 0
    outer loop
      vertex -6.11441 -45.5277 4
      vertex -5.77772 -45.3259 0
      vertex -6.11441 -45.5277 0
    endloop
  endfacet
  facet normal 0.337047 0.941488 -0
    outer loop
      vertex -9.3 -45.7781 0
      vertex -9.53073 -45.6955 4
      vertex -9.3 -45.7781 4
    endloop
  endfacet
  facet normal 0.337047 0.941488 0
    outer loop
      vertex -9.53073 -45.6955 4
      vertex -9.3 -45.7781 0
      vertex -9.53073 -45.6955 0
    endloop
  endfacet
  facet normal 0.337022 -0.941497 0
    outer loop
      vertex -9.53073 -38.3045 0
      vertex -9.16114 -38.1722 4
      vertex -9.53073 -38.3045 4
    endloop
  endfacet
  facet normal 0.337022 -0.941497 0
    outer loop
      vertex -9.16114 -38.1722 4
      vertex -9.53073 -38.3045 0
      vertex -9.16114 -38.1722 0
    endloop
  endfacet
  facet normal 0.0491664 -0.998791 0
    outer loop
      vertex -8.39207 -38.0193 0
      vertex -8 -38 4
      vertex -8.39207 -38.0193 4
    endloop
  endfacet
  facet normal 0.0491664 -0.998791 0
    outer loop
      vertex -8 -38 4
      vertex -8.39207 -38.0193 0
      vertex -8 -38 0
    endloop
  endfacet
  facet normal 0.595794 0.803137 -0
    outer loop
      vertex -10.2223 -45.3259 0
      vertex -10.5376 -45.092 4
      vertex -10.2223 -45.3259 4
    endloop
  endfacet
  facet normal 0.595794 0.803137 0
    outer loop
      vertex -10.5376 -45.092 4
      vertex -10.2223 -45.3259 0
      vertex -10.5376 -45.092 0
    endloop
  endfacet
  facet normal 0.904044 0.42744 0
    outer loop
      vertex -11.5277 -43.8856 4
      vertex -11.6955 -43.5307 0
      vertex -11.6955 -43.5307 4
    endloop
  endfacet
  facet normal 0.904044 0.42744 0
    outer loop
      vertex -11.6955 -43.5307 0
      vertex -11.5277 -43.8856 4
      vertex -11.5277 -43.8856 0
    endloop
  endfacet
  facet normal 0.146737 -0.989176 0
    outer loop
      vertex -8.78036 -38.0769 0
      vertex -8.39207 -38.0193 4
      vertex -8.78036 -38.0769 4
    endloop
  endfacet
  facet normal 0.146737 -0.989176 0
    outer loop
      vertex -8.39207 -38.0193 4
      vertex -8.78036 -38.0769 0
      vertex -8.39207 -38.0193 0
    endloop
  endfacet
  facet normal -0.595806 0.803128 0
    outer loop
      vertex -5.46243 -45.092 0
      vertex -5.77772 -45.3259 4
      vertex -5.46243 -45.092 4
    endloop
  endfacet
  facet normal -0.595806 0.803128 0
    outer loop
      vertex -5.77772 -45.3259 4
      vertex -5.46243 -45.092 0
      vertex -5.77772 -45.3259 0
    endloop
  endfacet
  facet normal -0.0491664 -0.998791 0
    outer loop
      vertex -8 -38 0
      vertex -7.60793 -38.0193 4
      vertex -8 -38 4
    endloop
  endfacet
  facet normal -0.0491664 -0.998791 -0
    outer loop
      vertex -7.60793 -38.0193 4
      vertex -8 -38 0
      vertex -7.60793 -38.0193 0
    endloop
  endfacet
  facet normal -0.514095 -0.857733 0
    outer loop
      vertex -6.11441 -38.4723 0
      vertex -5.77772 -38.6741 4
      vertex -6.11441 -38.4723 4
    endloop
  endfacet
  facet normal -0.514095 -0.857733 -0
    outer loop
      vertex -5.77772 -38.6741 4
      vertex -6.11441 -38.4723 0
      vertex -5.77772 -38.6741 0
    endloop
  endfacet
  facet normal 0.998791 0.0491626 0
    outer loop
      vertex -11.9807 -42.3921 4
      vertex -12 -42 0
      vertex -12 -42 4
    endloop
  endfacet
  facet normal 0.998791 0.0491626 0
    outer loop
      vertex -12 -42 0
      vertex -11.9807 -42.3921 4
      vertex -11.9807 -42.3921 0
    endloop
  endfacet
  facet normal -0.970019 0.243027 0
    outer loop
      vertex -4.17224 -43.1611 0
      vertex -4.07686 -42.7804 4
      vertex -4.07686 -42.7804 0
    endloop
  endfacet
  facet normal -0.970019 0.243027 0
    outer loop
      vertex -4.07686 -42.7804 4
      vertex -4.17224 -43.1611 0
      vertex -4.17224 -43.1611 4
    endloop
  endfacet
  facet normal -0.740895 -0.671621 0
    outer loop
      vertex -4.90796 -39.4624 0
      vertex -5.17157 -39.1716 4
      vertex -5.17157 -39.1716 0
    endloop
  endfacet
  facet normal -0.740895 -0.671621 0
    outer loop
      vertex -5.17157 -39.1716 4
      vertex -4.90796 -39.4624 0
      vertex -4.90796 -39.4624 4
    endloop
  endfacet
  facet normal -0.595806 -0.803128 0
    outer loop
      vertex -5.77772 -38.6741 0
      vertex -5.46243 -38.908 4
      vertex -5.77772 -38.6741 4
    endloop
  endfacet
  facet normal -0.595806 -0.803128 -0
    outer loop
      vertex -5.46243 -38.908 4
      vertex -5.77772 -38.6741 0
      vertex -5.46243 -38.908 0
    endloop
  endfacet
  facet normal 0.595794 -0.803137 0
    outer loop
      vertex -10.5376 -38.908 0
      vertex -10.2223 -38.6741 4
      vertex -10.5376 -38.908 4
    endloop
  endfacet
  facet normal 0.595794 -0.803137 0
    outer loop
      vertex -10.2223 -38.6741 4
      vertex -10.5376 -38.908 0
      vertex -10.2223 -38.6741 0
    endloop
  endfacet
  facet normal -0.80321 -0.595695 0
    outer loop
      vertex -4.67412 -39.7777 0
      vertex -4.90796 -39.4624 4
      vertex -4.90796 -39.4624 0
    endloop
  endfacet
  facet normal -0.80321 -0.595695 0
    outer loop
      vertex -4.90796 -39.4624 4
      vertex -4.67412 -39.7777 0
      vertex -4.67412 -39.7777 4
    endloop
  endfacet
  facet normal -0.989176 0.146733 0
    outer loop
      vertex -4.07686 -42.7804 0
      vertex -4.01926 -42.3921 4
      vertex -4.01926 -42.3921 0
    endloop
  endfacet
  facet normal -0.989176 0.146733 0
    outer loop
      vertex -4.01926 -42.3921 4
      vertex -4.07686 -42.7804 0
      vertex -4.07686 -42.7804 4
    endloop
  endfacet
  facet normal 0.9415 -0.337014 0
    outer loop
      vertex -11.8278 -40.8389 4
      vertex -11.6955 -40.4693 0
      vertex -11.6955 -40.4693 4
    endloop
  endfacet
  facet normal 0.9415 -0.337014 0
    outer loop
      vertex -11.6955 -40.4693 0
      vertex -11.8278 -40.8389 4
      vertex -11.8278 -40.8389 0
    endloop
  endfacet
  facet normal -0.904004 0.427523 0
    outer loop
      vertex -4.47232 -43.8856 0
      vertex -4.30448 -43.5307 4
      vertex -4.30448 -43.5307 0
    endloop
  endfacet
  facet normal -0.904004 0.427523 0
    outer loop
      vertex -4.30448 -43.5307 4
      vertex -4.47232 -43.8856 0
      vertex -4.47232 -43.8856 4
    endloop
  endfacet
  facet normal -0.337022 -0.941497 0
    outer loop
      vertex -6.83886 -38.1722 0
      vertex -6.46927 -38.3045 4
      vertex -6.83886 -38.1722 4
    endloop
  endfacet
  facet normal -0.337022 -0.941497 -0
    outer loop
      vertex -6.46927 -38.3045 4
      vertex -6.83886 -38.1722 0
      vertex -6.46927 -38.3045 0
    endloop
  endfacet
  facet normal -0.998796 0.049061 0
    outer loop
      vertex -4.01926 -42.3921 0
      vertex -4 -42 4
      vertex -4 -42 0
    endloop
  endfacet
  facet normal -0.998796 0.049061 0
    outer loop
      vertex -4 -42 4
      vertex -4.01926 -42.3921 0
      vertex -4.01926 -42.3921 4
    endloop
  endfacet
  facet normal -0.337047 0.941488 0
    outer loop
      vertex -6.46927 -45.6955 0
      vertex -6.7 -45.7781 4
      vertex -6.46927 -45.6955 4
    endloop
  endfacet
  facet normal -0.337047 0.941488 0
    outer loop
      vertex -6.7 -45.7781 4
      vertex -6.46927 -45.6955 0
      vertex -6.7 -45.7781 0
    endloop
  endfacet
  facet normal -0.941548 -0.336879 0
    outer loop
      vertex -4.17224 -40.8389 0
      vertex -4.30448 -40.4693 4
      vertex -4.30448 -40.4693 0
    endloop
  endfacet
  facet normal -0.941548 -0.336879 0
    outer loop
      vertex -4.30448 -40.4693 4
      vertex -4.17224 -40.8389 0
      vertex -4.17224 -40.8389 4
    endloop
  endfacet
  facet normal -0.80321 0.595695 0
    outer loop
      vertex -4.90796 -44.5376 0
      vertex -4.67412 -44.2223 4
      vertex -4.67412 -44.2223 0
    endloop
  endfacet
  facet normal -0.80321 0.595695 0
    outer loop
      vertex -4.67412 -44.2223 4
      vertex -4.90796 -44.5376 0
      vertex -4.90796 -44.5376 4
    endloop
  endfacet
  facet normal -0.85774 0.514084 0
    outer loop
      vertex -4.67412 -44.2223 0
      vertex -4.47232 -43.8856 4
      vertex -4.47232 -43.8856 0
    endloop
  endfacet
  facet normal -0.85774 0.514084 0
    outer loop
      vertex -4.47232 -43.8856 4
      vertex -4.67412 -44.2223 0
      vertex -4.67412 -44.2223 4
    endloop
  endfacet
  facet normal -0.941548 0.336879 0
    outer loop
      vertex -4.30448 -43.5307 0
      vertex -4.17224 -43.1611 4
      vertex -4.17224 -43.1611 0
    endloop
  endfacet
  facet normal -0.941548 0.336879 0
    outer loop
      vertex -4.17224 -43.1611 4
      vertex -4.30448 -43.5307 0
      vertex -4.30448 -43.5307 4
    endloop
  endfacet
  facet normal 0.904044 -0.42744 0
    outer loop
      vertex -11.6955 -40.4693 4
      vertex -11.5277 -40.1144 0
      vertex -11.5277 -40.1144 4
    endloop
  endfacet
  facet normal 0.904044 -0.42744 0
    outer loop
      vertex -11.5277 -40.1144 0
      vertex -11.6955 -40.4693 4
      vertex -11.6955 -40.4693 0
    endloop
  endfacet
  facet normal 0.242787 -0.97008 0
    outer loop
      vertex -9.16114 -38.1722 0
      vertex -8.78036 -38.0769 4
      vertex -9.16114 -38.1722 4
    endloop
  endfacet
  facet normal 0.242787 -0.97008 0
    outer loop
      vertex -8.78036 -38.0769 4
      vertex -9.16114 -38.1722 0
      vertex -8.78036 -38.0769 0
    endloop
  endfacet
  facet normal -0.904004 -0.427523 0
    outer loop
      vertex -4.30448 -40.4693 0
      vertex -4.47232 -40.1144 4
      vertex -4.47232 -40.1144 0
    endloop
  endfacet
  facet normal -0.904004 -0.427523 0
    outer loop
      vertex -4.47232 -40.1144 4
      vertex -4.30448 -40.4693 0
      vertex -4.30448 -40.4693 4
    endloop
  endfacet
  facet normal -0.146737 -0.989176 0
    outer loop
      vertex -7.60793 -38.0193 0
      vertex -7.21964 -38.0769 4
      vertex -7.60793 -38.0193 4
    endloop
  endfacet
  facet normal -0.146737 -0.989176 -0
    outer loop
      vertex -7.21964 -38.0769 4
      vertex -7.60793 -38.0193 0
      vertex -7.21964 -38.0769 0
    endloop
  endfacet
  facet normal 0.85774 0.514084 0
    outer loop
      vertex -11.3259 -44.2223 4
      vertex -11.5277 -43.8856 0
      vertex -11.5277 -43.8856 4
    endloop
  endfacet
  facet normal 0.85774 0.514084 0
    outer loop
      vertex -11.5277 -43.8856 0
      vertex -11.3259 -44.2223 4
      vertex -11.3259 -44.2223 0
    endloop
  endfacet
  facet normal -0.85774 -0.514084 0
    outer loop
      vertex -4.47232 -40.1144 0
      vertex -4.67412 -39.7777 4
      vertex -4.67412 -39.7777 0
    endloop
  endfacet
  facet normal -0.85774 -0.514084 0
    outer loop
      vertex -4.67412 -39.7777 4
      vertex -4.47232 -40.1144 0
      vertex -4.47232 -40.1144 4
    endloop
  endfacet
  facet normal 0.740908 0.671607 0
    outer loop
      vertex -10.8284 -44.8284 4
      vertex -11.092 -44.5376 0
      vertex -11.092 -44.5376 4
    endloop
  endfacet
  facet normal 0.740908 0.671607 0
    outer loop
      vertex -11.092 -44.5376 0
      vertex -10.8284 -44.8284 4
      vertex -10.8284 -44.8284 0
    endloop
  endfacet
  facet normal 0.514072 -0.857747 0
    outer loop
      vertex -10.2223 -38.6741 0
      vertex -9.88559 -38.4723 4
      vertex -10.2223 -38.6741 4
    endloop
  endfacet
  facet normal 0.514072 -0.857747 0
    outer loop
      vertex -9.88559 -38.4723 4
      vertex -10.2223 -38.6741 0
      vertex -9.88559 -38.4723 0
    endloop
  endfacet
  facet normal 0.42748 -0.904025 0
    outer loop
      vertex -9.88559 -38.4723 0
      vertex -9.53073 -38.3045 4
      vertex -9.88559 -38.4723 4
    endloop
  endfacet
  facet normal 0.42748 -0.904025 0
    outer loop
      vertex -9.53073 -38.3045 4
      vertex -9.88559 -38.4723 0
      vertex -9.53073 -38.3045 0
    endloop
  endfacet
  facet normal 0.9415 0.337014 0
    outer loop
      vertex -11.6955 -43.5307 4
      vertex -11.8278 -43.1611 0
      vertex -11.8278 -43.1611 4
    endloop
  endfacet
  facet normal 0.9415 0.337014 0
    outer loop
      vertex -11.8278 -43.1611 0
      vertex -11.6955 -43.5307 4
      vertex -11.6955 -43.5307 0
    endloop
  endfacet
  facet normal 0.514072 0.857747 -0
    outer loop
      vertex -9.88559 -45.5277 0
      vertex -10.2223 -45.3259 4
      vertex -9.88559 -45.5277 4
    endloop
  endfacet
  facet normal 0.514072 0.857747 0
    outer loop
      vertex -10.2223 -45.3259 4
      vertex -9.88559 -45.5277 0
      vertex -10.2223 -45.3259 0
    endloop
  endfacet
  facet normal -0.671531 -0.740977 0
    outer loop
      vertex -5.46243 -38.908 0
      vertex -5.17157 -39.1716 4
      vertex -5.46243 -38.908 4
    endloop
  endfacet
  facet normal -0.671531 -0.740977 -0
    outer loop
      vertex -5.17157 -39.1716 4
      vertex -5.46243 -38.908 0
      vertex -5.17157 -39.1716 0
    endloop
  endfacet
  facet normal 0.970068 -0.242835 0
    outer loop
      vertex -11.9231 -41.2196 4
      vertex -11.8278 -40.8389 0
      vertex -11.8278 -40.8389 4
    endloop
  endfacet
  facet normal 0.970068 -0.242835 0
    outer loop
      vertex -11.8278 -40.8389 0
      vertex -11.9231 -41.2196 4
      vertex -11.9231 -41.2196 0
    endloop
  endfacet
  facet normal 0.803137 0.595794 0
    outer loop
      vertex -11.092 -44.5376 4
      vertex -11.3259 -44.2223 0
      vertex -11.3259 -44.2223 4
    endloop
  endfacet
  facet normal 0.803137 0.595794 0
    outer loop
      vertex -11.3259 -44.2223 0
      vertex -11.092 -44.5376 4
      vertex -11.092 -44.5376 0
    endloop
  endfacet
  facet normal 0.989176 0.146733 0
    outer loop
      vertex -11.9231 -42.7804 4
      vertex -11.9807 -42.3921 0
      vertex -11.9807 -42.3921 4
    endloop
  endfacet
  facet normal 0.989176 0.146733 0
    outer loop
      vertex -11.9807 -42.3921 0
      vertex -11.9231 -42.7804 4
      vertex -11.9231 -42.7804 0
    endloop
  endfacet
  facet normal 0.671607 0.740908 -0
    outer loop
      vertex -10.5376 -45.092 0
      vertex -10.8284 -44.8284 4
      vertex -10.5376 -45.092 4
    endloop
  endfacet
  facet normal 0.671607 0.740908 0
    outer loop
      vertex -10.8284 -44.8284 4
      vertex -10.5376 -45.092 0
      vertex -10.8284 -44.8284 0
    endloop
  endfacet
  facet normal 0.803137 -0.595794 0
    outer loop
      vertex -11.3259 -39.7777 4
      vertex -11.092 -39.4624 0
      vertex -11.092 -39.4624 4
    endloop
  endfacet
  facet normal 0.803137 -0.595794 0
    outer loop
      vertex -11.092 -39.4624 0
      vertex -11.3259 -39.7777 4
      vertex -11.3259 -39.7777 0
    endloop
  endfacet
  facet normal 0.85774 -0.514084 0
    outer loop
      vertex -11.5277 -40.1144 4
      vertex -11.3259 -39.7777 0
      vertex -11.3259 -39.7777 4
    endloop
  endfacet
  facet normal 0.85774 -0.514084 0
    outer loop
      vertex -11.3259 -39.7777 0
      vertex -11.5277 -40.1144 4
      vertex -11.5277 -40.1144 0
    endloop
  endfacet
  facet normal 0.998791 -0.0491626 0
    outer loop
      vertex -12 -42 4
      vertex -11.9807 -41.6079 0
      vertex -11.9807 -41.6079 4
    endloop
  endfacet
  facet normal 0.998791 -0.0491626 0
    outer loop
      vertex -11.9807 -41.6079 0
      vertex -12 -42 4
      vertex -12 -42 0
    endloop
  endfacet
  facet normal -0.740895 0.671621 0
    outer loop
      vertex -5.17157 -44.8284 0
      vertex -4.90796 -44.5376 4
      vertex -4.90796 -44.5376 0
    endloop
  endfacet
  facet normal -0.740895 0.671621 0
    outer loop
      vertex -4.90796 -44.5376 4
      vertex -5.17157 -44.8284 0
      vertex -5.17157 -44.8284 4
    endloop
  endfacet
  facet normal -0.671531 0.740977 0
    outer loop
      vertex -5.17157 -44.8284 0
      vertex -5.46243 -45.092 4
      vertex -5.17157 -44.8284 4
    endloop
  endfacet
  facet normal -0.671531 0.740977 0
    outer loop
      vertex -5.46243 -45.092 4
      vertex -5.17157 -44.8284 0
      vertex -5.46243 -45.092 0
    endloop
  endfacet
  facet normal -1 0 0
    outer loop
      vertex -6.7 -50.6957 0
      vertex -6.7 -54.5737 0
      vertex -6.7 -50.6957 1.8
    endloop
  endfacet
  facet normal -1 0 0
    outer loop
      vertex -6.7 -48.8826 1.8
      vertex -6.7 -45.7781 0
      vertex -6.7 -48.8826 0
    endloop
  endfacet
  facet normal -1 0 0
    outer loop
      vertex -6.7 -45.7781 0
      vertex -6.7 -48.8826 1.8
      vertex -6.7 -45.7781 4
    endloop
  endfacet
  facet normal -1 0 0
    outer loop
      vertex -6.7 -50.6957 1.8
      vertex -6.7 -45.7781 4
      vertex -6.7 -48.8826 1.8
    endloop
  endfacet
  facet normal -1 0 0
    outer loop
      vertex -6.7 -50.6957 1.8
      vertex -6.7 -54.5737 4
      vertex -6.7 -45.7781 4
    endloop
  endfacet
  facet normal -1 0 0
    outer loop
      vertex -6.7 -54.5737 4
      vertex -6.7 -50.6957 1.8
      vertex -6.7 -54.5737 0
    endloop
  endfacet
  facet normal 1 0 0
    outer loop
      vertex -9.3 -45.7781 4
      vertex -9.3 -48.4586 1.8
      vertex -9.3 -45.7781 0
    endloop
  endfacet
  facet normal 1 0 0
    outer loop
      vertex -9.3 -45.7781 4
      vertex -9.3 -50.285 1.8
      vertex -9.3 -48.4586 1.8
    endloop
  endfacet
  facet normal 1 -0 0
    outer loop
      vertex -9.3 -54.1913 4
      vertex -9.3 -50.285 1.8
      vertex -9.3 -45.7781 4
    endloop
  endfacet
  facet normal 1 0 0
    outer loop
      vertex -9.3 -54.1913 0
      vertex -9.3 -50.285 1.8
      vertex -9.3 -54.1913 4
    endloop
  endfacet
  facet normal 1 0 0
    outer loop
      vertex -9.3 -50.285 1.8
      vertex -9.3 -54.1913 0
      vertex -9.3 -50.285 0
    endloop
  endfacet
  facet normal 1 0 0
    outer loop
      vertex -9.3 -45.7781 0
      vertex -9.3 -48.4586 1.8
      vertex -9.3 -48.4586 0
    endloop
  endfacet
  facet normal -0.989174 -0.146746 0
    outer loop
      vertex -23.0433 -15.1178 0
      vertex -23.1729 -14.2442 4
      vertex -23.1729 -14.2442 0
    endloop
  endfacet
  facet normal -0.989174 -0.146746 0
    outer loop
      vertex -23.1729 -14.2442 4
      vertex -23.0433 -15.1178 0
      vertex -23.0433 -15.1178 4
    endloop
  endfacet
  facet normal -0.998798 -0.0490228 0
    outer loop
      vertex -23 -16 0
      vertex -23.0433 -15.1178 4
      vertex -23.0433 -15.1178 0
    endloop
  endfacet
  facet normal -0.998798 -0.0490228 0
    outer loop
      vertex -23.0433 -15.1178 4
      vertex -23 -16 0
      vertex -23 -16 4
    endloop
  endfacet
  facet normal -0.970036 -0.242962 0
    outer loop
      vertex -23.1729 -14.2442 0
      vertex -23.3875 -13.3874 4
      vertex -23.3875 -13.3874 0
    endloop
  endfacet
  facet normal -0.970036 -0.242962 0
    outer loop
      vertex -23.3875 -13.3874 4
      vertex -23.1729 -14.2442 0
      vertex -23.1729 -14.2442 4
    endloop
  endfacet
  facet normal 0.989174 0.146746 0
    outer loop
      vertex -40.8271 -17.7558 4
      vertex -40.9567 -16.8822 0
      vertex -40.9567 -16.8822 4
    endloop
  endfacet
  facet normal 0.989174 0.146746 0
    outer loop
      vertex -40.9567 -16.8822 0
      vertex -40.8271 -17.7558 4
      vertex -40.8271 -17.7558 0
    endloop
  endfacet
  facet normal -0.336879 -0.941548 0
    outer loop
      vertex -29.3874 -7.38754 0
      vertex -28.5558 -7.68508 4
      vertex -29.3874 -7.38754 4
    endloop
  endfacet
  facet normal -0.336879 -0.941548 -0
    outer loop
      vertex -28.5558 -7.68508 4
      vertex -29.3874 -7.38754 0
      vertex -28.5558 -7.68508 0
    endloop
  endfacet
  facet normal -0.59568 0.803222 0
    outer loop
      vertex -26.2905 -22.9571 0
      vertex -26.9999 -23.4832 4
      vertex -26.2905 -22.9571 4
    endloop
  endfacet
  facet normal -0.59568 0.803222 0
    outer loop
      vertex -26.9999 -23.4832 4
      vertex -26.2905 -22.9571 0
      vertex -26.9999 -23.4832 0
    endloop
  endfacet
  facet normal -0.146746 0.989174 0
    outer loop
      vertex -30.2442 -24.8271 0
      vertex -31.1178 -24.9567 4
      vertex -30.2442 -24.8271 4
    endloop
  endfacet
  facet normal -0.146746 0.989174 0
    outer loop
      vertex -31.1178 -24.9567 4
      vertex -30.2442 -24.8271 0
      vertex -31.1178 -24.9567 0
    endloop
  endfacet
  facet normal 0.803222 -0.59568 0
    outer loop
      vertex -39.4832 -10.9999 4
      vertex -38.9571 -10.2905 0
      vertex -38.9571 -10.2905 4
    endloop
  endfacet
  facet normal 0.803222 -0.59568 0
    outer loop
      vertex -38.9571 -10.2905 0
      vertex -39.4832 -10.9999 4
      vertex -39.4832 -10.9999 0
    endloop
  endfacet
  facet normal 0.049068 -0.998795 0
    outer loop
      vertex -32.8822 -7.04334 0
      vertex -32 -7 4
      vertex -32.8822 -7.04334 4
    endloop
  endfacet
  facet normal 0.049068 -0.998795 0
    outer loop
      vertex -32 -7 4
      vertex -32.8822 -7.04334 0
      vertex -32 -7 0
    endloop
  endfacet
  facet normal 0.803222 0.59568 0
    outer loop
      vertex -38.9571 -21.7095 4
      vertex -39.4832 -21.0001 0
      vertex -39.4832 -21.0001 4
    endloop
  endfacet
  facet normal 0.803222 0.59568 0
    outer loop
      vertex -39.4832 -21.0001 0
      vertex -38.9571 -21.7095 4
      vertex -38.9571 -21.7095 0
    endloop
  endfacet
  facet normal 0.740989 -0.671517 0
    outer loop
      vertex -38.9571 -10.2905 4
      vertex -38.364 -9.63604 0
      vertex -38.364 -9.63604 4
    endloop
  endfacet
  facet normal 0.740989 -0.671517 0
    outer loop
      vertex -38.364 -9.63604 0
      vertex -38.9571 -10.2905 4
      vertex -38.9571 -10.2905 0
    endloop
  endfacet
  facet normal -0.427541 0.903996 0
    outer loop
      vertex -27.7574 -23.9373 0
      vertex -28.5558 -24.3149 4
      vertex -27.7574 -23.9373 4
    endloop
  endfacet
  facet normal -0.427541 0.903996 0
    outer loop
      vertex -28.5558 -24.3149 4
      vertex -27.7574 -23.9373 0
      vertex -28.5558 -24.3149 0
    endloop
  endfacet
  facet normal -0.514129 -0.857713 0
    outer loop
      vertex -27.7574 -8.06271 0
      vertex -26.9999 -8.51677 4
      vertex -27.7574 -8.06271 4
    endloop
  endfacet
  facet normal -0.514129 -0.857713 -0
    outer loop
      vertex -26.9999 -8.51677 4
      vertex -27.7574 -8.06271 0
      vertex -26.9999 -8.51677 0
    endloop
  endfacet
  facet normal 0.146746 0.989174 -0
    outer loop
      vertex -32.8822 -24.9567 0
      vertex -33.7558 -24.8271 4
      vertex -32.8822 -24.9567 4
    endloop
  endfacet
  facet normal 0.146746 0.989174 0
    outer loop
      vertex -33.7558 -24.8271 4
      vertex -32.8822 -24.9567 0
      vertex -33.7558 -24.8271 0
    endloop
  endfacet
  facet normal 0.595709 -0.8032 0
    outer loop
      vertex -37.7095 -9.04291 0
      vertex -37.0001 -8.51677 4
      vertex -37.7095 -9.04291 4
    endloop
  endfacet
  facet normal 0.595709 -0.8032 0
    outer loop
      vertex -37.0001 -8.51677 4
      vertex -37.7095 -9.04291 0
      vertex -37.0001 -8.51677 0
    endloop
  endfacet
  facet normal -0.427569 -0.903983 0
    outer loop
      vertex -28.5558 -7.68508 0
      vertex -27.7574 -8.06271 4
      vertex -28.5558 -7.68508 4
    endloop
  endfacet
  facet normal -0.427569 -0.903983 -0
    outer loop
      vertex -27.7574 -8.06271 4
      vertex -28.5558 -7.68508 0
      vertex -27.7574 -8.06271 0
    endloop
  endfacet
  facet normal -0.803222 0.59568 0
    outer loop
      vertex -25.0429 -21.7095 0
      vertex -24.5168 -21.0001 4
      vertex -24.5168 -21.0001 0
    endloop
  endfacet
  facet normal -0.803222 0.59568 0
    outer loop
      vertex -24.5168 -21.0001 4
      vertex -25.0429 -21.7095 0
      vertex -25.0429 -21.7095 4
    endloop
  endfacet
  facet normal -0.336939 0.941527 0
    outer loop
      vertex -28.5558 -24.3149 0
      vertex -29.3874 -24.6125 4
      vertex -28.5558 -24.3149 4
    endloop
  endfacet
  facet normal -0.336939 0.941527 0
    outer loop
      vertex -29.3874 -24.6125 4
      vertex -28.5558 -24.3149 0
      vertex -29.3874 -24.6125 0
    endloop
  endfacet
  facet normal 0.336975 0.941514 -0
    outer loop
      vertex -34.6126 -24.6125 0
      vertex -35.4441 -24.3149 4
      vertex -34.6126 -24.6125 4
    endloop
  endfacet
  facet normal 0.336975 0.941514 0
    outer loop
      vertex -35.4441 -24.3149 4
      vertex -34.6126 -24.6125 0
      vertex -35.4441 -24.3149 0
    endloop
  endfacet
  facet normal 0.941514 0.336975 0
    outer loop
      vertex -40.3149 -19.4441 4
      vertex -40.6125 -18.6126 0
      vertex -40.6125 -18.6126 4
    endloop
  endfacet
  facet normal 0.941514 0.336975 0
    outer loop
      vertex -40.6125 -18.6126 0
      vertex -40.3149 -19.4441 4
      vertex -40.3149 -19.4441 0
    endloop
  endfacet
  facet normal -0.0490228 0.998798 0
    outer loop
      vertex -31.1178 -24.9567 0
      vertex -32 -25 4
      vertex -31.1178 -24.9567 4
    endloop
  endfacet
  facet normal -0.0490228 0.998798 0
    outer loop
      vertex -32 -25 4
      vertex -31.1178 -24.9567 0
      vertex -32 -25 0
    endloop
  endfacet
  facet normal 0.998798 0.0490228 0
    outer loop
      vertex -40.9567 -16.8822 4
      vertex -41 -16 0
      vertex -41 -16 4
    endloop
  endfacet
  facet normal 0.998798 0.0490228 0
    outer loop
      vertex -41 -16 0
      vertex -40.9567 -16.8822 4
      vertex -40.9567 -16.8822 0
    endloop
  endfacet
  facet normal -0.514163 0.857693 0
    outer loop
      vertex -26.9999 -23.4832 0
      vertex -27.7574 -23.9373 4
      vertex -26.9999 -23.4832 4
    endloop
  endfacet
  facet normal -0.514163 0.857693 0
    outer loop
      vertex -27.7574 -23.9373 4
      vertex -26.9999 -23.4832 0
      vertex -27.7574 -23.9373 0
    endloop
  endfacet
  facet normal -0.595709 -0.8032 0
    outer loop
      vertex -26.9999 -8.51677 0
      vertex -26.2905 -9.04291 4
      vertex -26.9999 -8.51677 4
    endloop
  endfacet
  facet normal -0.595709 -0.8032 -0
    outer loop
      vertex -26.2905 -9.04291 4
      vertex -26.9999 -8.51677 0
      vertex -26.2905 -9.04291 0
    endloop
  endfacet
  facet normal 0.242972 -0.970033 0
    outer loop
      vertex -34.6126 -7.38754 0
      vertex -33.7558 -7.17293 4
      vertex -34.6126 -7.38754 4
    endloop
  endfacet
  facet normal 0.242972 -0.970033 0
    outer loop
      vertex -33.7558 -7.17293 4
      vertex -34.6126 -7.38754 0
      vertex -33.7558 -7.17293 0
    endloop
  endfacet
  facet normal 0.59568 0.803222 -0
    outer loop
      vertex -37.0001 -23.4832 0
      vertex -37.7095 -22.9571 4
      vertex -37.0001 -23.4832 4
    endloop
  endfacet
  facet normal 0.59568 0.803222 0
    outer loop
      vertex -37.7095 -22.9571 4
      vertex -37.0001 -23.4832 0
      vertex -37.7095 -22.9571 0
    endloop
  endfacet
  facet normal 0.336914 -0.941535 0
    outer loop
      vertex -35.4441 -7.68508 0
      vertex -34.6126 -7.38754 4
      vertex -35.4441 -7.68508 4
    endloop
  endfacet
  facet normal 0.336914 -0.941535 0
    outer loop
      vertex -34.6126 -7.38754 4
      vertex -35.4441 -7.68508 0
      vertex -34.6126 -7.38754 0
    endloop
  endfacet
  facet normal 0.671513 -0.740993 0
    outer loop
      vertex -38.364 -9.63604 0
      vertex -37.7095 -9.04291 4
      vertex -38.364 -9.63604 4
    endloop
  endfacet
  facet normal 0.671513 -0.740993 0
    outer loop
      vertex -37.7095 -9.04291 4
      vertex -38.364 -9.63604 0
      vertex -37.7095 -9.04291 0
    endloop
  endfacet
  facet normal 0.857693 -0.514163 0
    outer loop
      vertex -39.9373 -11.7574 4
      vertex -39.4832 -10.9999 0
      vertex -39.4832 -10.9999 4
    endloop
  endfacet
  facet normal 0.857693 -0.514163 0
    outer loop
      vertex -39.4832 -10.9999 0
      vertex -39.9373 -11.7574 4
      vertex -39.9373 -11.7574 0
    endloop
  endfacet
  facet normal -0.803222 -0.59568 0
    outer loop
      vertex -24.5168 -10.9999 0
      vertex -25.0429 -10.2905 4
      vertex -25.0429 -10.2905 0
    endloop
  endfacet
  facet normal -0.803222 -0.59568 0
    outer loop
      vertex -25.0429 -10.2905 4
      vertex -24.5168 -10.9999 0
      vertex -24.5168 -10.9999 4
    endloop
  endfacet
  facet normal -0.941514 0.336975 0
    outer loop
      vertex -23.6851 -19.4441 0
      vertex -23.3875 -18.6126 4
      vertex -23.3875 -18.6126 0
    endloop
  endfacet
  facet normal -0.941514 0.336975 0
    outer loop
      vertex -23.3875 -18.6126 4
      vertex -23.6851 -19.4441 0
      vertex -23.6851 -19.4441 4
    endloop
  endfacet
  facet normal -0.242962 0.970036 0
    outer loop
      vertex -29.3874 -24.6125 0
      vertex -30.2442 -24.8271 4
      vertex -29.3874 -24.6125 4
    endloop
  endfacet
  facet normal -0.242962 0.970036 0
    outer loop
      vertex -30.2442 -24.8271 4
      vertex -29.3874 -24.6125 0
      vertex -30.2442 -24.8271 0
    endloop
  endfacet
  facet normal -0.941527 -0.336939 0
    outer loop
      vertex -23.3875 -13.3874 0
      vertex -23.6851 -12.5558 4
      vertex -23.6851 -12.5558 0
    endloop
  endfacet
  facet normal -0.941527 -0.336939 0
    outer loop
      vertex -23.6851 -12.5558 4
      vertex -23.3875 -13.3874 0
      vertex -23.3875 -13.3874 4
    endloop
  endfacet
  facet normal -0.242972 -0.970033 0
    outer loop
      vertex -30.2442 -7.17293 0
      vertex -29.3874 -7.38754 4
      vertex -30.2442 -7.17293 4
    endloop
  endfacet
  facet normal -0.242972 -0.970033 -0
    outer loop
      vertex -29.3874 -7.38754 4
      vertex -30.2442 -7.17293 0
      vertex -29.3874 -7.38754 0
    endloop
  endfacet
  facet normal -0.671513 -0.740993 0
    outer loop
      vertex -26.2905 -9.04291 0
      vertex -25.636 -9.63604 4
      vertex -26.2905 -9.04291 4
    endloop
  endfacet
  facet normal -0.671513 -0.740993 -0
    outer loop
      vertex -25.636 -9.63604 4
      vertex -26.2905 -9.04291 0
      vertex -25.636 -9.63604 0
    endloop
  endfacet
  facet normal 0.989174 -0.146746 0
    outer loop
      vertex -40.9567 -15.1178 4
      vertex -40.8271 -14.2442 0
      vertex -40.8271 -14.2442 4
    endloop
  endfacet
  facet normal 0.989174 -0.146746 0
    outer loop
      vertex -40.8271 -14.2442 0
      vertex -40.9567 -15.1178 4
      vertex -40.9567 -15.1178 0
    endloop
  endfacet
  facet normal -0.970036 0.242962 0
    outer loop
      vertex -23.3875 -18.6126 0
      vertex -23.1729 -17.7558 4
      vertex -23.1729 -17.7558 0
    endloop
  endfacet
  facet normal -0.970036 0.242962 0
    outer loop
      vertex -23.1729 -17.7558 4
      vertex -23.3875 -18.6126 0
      vertex -23.3875 -18.6126 4
    endloop
  endfacet
  facet normal -0.904017 0.427497 0
    outer loop
      vertex -24.0627 -20.2426 0
      vertex -23.6851 -19.4441 4
      vertex -23.6851 -19.4441 0
    endloop
  endfacet
  facet normal -0.904017 0.427497 0
    outer loop
      vertex -23.6851 -19.4441 4
      vertex -24.0627 -20.2426 0
      vertex -24.0627 -20.2426 4
    endloop
  endfacet
  facet normal 0.514129 -0.857713 0
    outer loop
      vertex -37.0001 -8.51677 0
      vertex -36.2426 -8.06271 4
      vertex -37.0001 -8.51677 4
    endloop
  endfacet
  facet normal 0.514129 -0.857713 0
    outer loop
      vertex -36.2426 -8.06271 4
      vertex -37.0001 -8.51677 0
      vertex -36.2426 -8.06271 0
    endloop
  endfacet
  facet normal 0.514163 0.857693 -0
    outer loop
      vertex -36.2426 -23.9373 0
      vertex -37.0001 -23.4832 4
      vertex -36.2426 -23.9373 4
    endloop
  endfacet
  facet normal 0.514163 0.857693 0
    outer loop
      vertex -37.0001 -23.4832 4
      vertex -36.2426 -23.9373 0
      vertex -37.0001 -23.4832 0
    endloop
  endfacet
  facet normal 0.146735 -0.989176 0
    outer loop
      vertex -33.7558 -7.17293 0
      vertex -32.8822 -7.04334 4
      vertex -33.7558 -7.17293 4
    endloop
  endfacet
  facet normal 0.146735 -0.989176 0
    outer loop
      vertex -32.8822 -7.04334 4
      vertex -33.7558 -7.17293 0
      vertex -32.8822 -7.04334 0
    endloop
  endfacet
  facet normal -0.857693 0.514163 0
    outer loop
      vertex -24.5168 -21.0001 0
      vertex -24.0627 -20.2426 4
      vertex -24.0627 -20.2426 0
    endloop
  endfacet
  facet normal -0.857693 0.514163 0
    outer loop
      vertex -24.0627 -20.2426 4
      vertex -24.5168 -21.0001 0
      vertex -24.5168 -21.0001 4
    endloop
  endfacet
  facet normal 0.857693 0.514163 0
    outer loop
      vertex -39.4832 -21.0001 4
      vertex -39.9373 -20.2426 0
      vertex -39.9373 -20.2426 4
    endloop
  endfacet
  facet normal 0.857693 0.514163 0
    outer loop
      vertex -39.9373 -20.2426 0
      vertex -39.4832 -21.0001 4
      vertex -39.4832 -21.0001 0
    endloop
  endfacet
  facet normal -0.903996 -0.427541 0
    outer loop
      vertex -23.6851 -12.5558 0
      vertex -24.0627 -11.7574 4
      vertex -24.0627 -11.7574 0
    endloop
  endfacet
  facet normal -0.903996 -0.427541 0
    outer loop
      vertex -24.0627 -11.7574 4
      vertex -23.6851 -12.5558 0
      vertex -23.6851 -12.5558 4
    endloop
  endfacet
  facet normal -0.857693 -0.514163 0
    outer loop
      vertex -24.0627 -11.7574 0
      vertex -24.5168 -10.9999 4
      vertex -24.5168 -10.9999 0
    endloop
  endfacet
  facet normal -0.857693 -0.514163 0
    outer loop
      vertex -24.5168 -10.9999 4
      vertex -24.0627 -11.7574 0
      vertex -24.0627 -11.7574 4
    endloop
  endfacet
  facet normal 0.970036 -0.242962 0
    outer loop
      vertex -40.8271 -14.2442 4
      vertex -40.6125 -13.3874 0
      vertex -40.6125 -13.3874 4
    endloop
  endfacet
  facet normal 0.970036 -0.242962 0
    outer loop
      vertex -40.6125 -13.3874 0
      vertex -40.8271 -14.2442 4
      vertex -40.8271 -14.2442 0
    endloop
  endfacet
  facet normal 0.941527 -0.336939 0
    outer loop
      vertex -40.6125 -13.3874 4
      vertex -40.3149 -12.5558 0
      vertex -40.3149 -12.5558 4
    endloop
  endfacet
  facet normal 0.941527 -0.336939 0
    outer loop
      vertex -40.3149 -12.5558 0
      vertex -40.6125 -13.3874 4
      vertex -40.6125 -13.3874 0
    endloop
  endfacet
  facet normal 0.904017 0.427497 0
    outer loop
      vertex -39.9373 -20.2426 4
      vertex -40.3149 -19.4441 0
      vertex -40.3149 -19.4441 4
    endloop
  endfacet
  facet normal 0.904017 0.427497 0
    outer loop
      vertex -40.3149 -19.4441 0
      vertex -39.9373 -20.2426 4
      vertex -39.9373 -20.2426 0
    endloop
  endfacet
  facet normal 0.427497 0.904017 -0
    outer loop
      vertex -35.4441 -24.3149 0
      vertex -36.2426 -23.9373 4
      vertex -35.4441 -24.3149 4
    endloop
  endfacet
  facet normal 0.427497 0.904017 0
    outer loop
      vertex -36.2426 -23.9373 4
      vertex -35.4441 -24.3149 0
      vertex -36.2426 -23.9373 0
    endloop
  endfacet
  facet normal 0.427525 -0.904003 0
    outer loop
      vertex -36.2426 -8.06271 0
      vertex -35.4441 -7.68508 4
      vertex -36.2426 -8.06271 4
    endloop
  endfacet
  facet normal 0.427525 -0.904003 0
    outer loop
      vertex -35.4441 -7.68508 4
      vertex -36.2426 -8.06271 0
      vertex -35.4441 -7.68508 0
    endloop
  endfacet
  facet normal 0.242962 0.970036 -0
    outer loop
      vertex -33.7558 -24.8271 0
      vertex -34.6126 -24.6125 4
      vertex -33.7558 -24.8271 4
    endloop
  endfacet
  facet normal 0.242962 0.970036 0
    outer loop
      vertex -34.6126 -24.6125 4
      vertex -33.7558 -24.8271 0
      vertex -34.6126 -24.6125 0
    endloop
  endfacet
  facet normal 0.998798 -0.0490228 0
    outer loop
      vertex -41 -16 4
      vertex -40.9567 -15.1178 0
      vertex -40.9567 -15.1178 4
    endloop
  endfacet
  facet normal 0.998798 -0.0490228 0
    outer loop
      vertex -40.9567 -15.1178 0
      vertex -41 -16 4
      vertex -41 -16 0
    endloop
  endfacet
  facet normal 0.970036 0.242962 0
    outer loop
      vertex -40.6125 -18.6126 4
      vertex -40.8271 -17.7558 0
      vertex -40.8271 -17.7558 4
    endloop
  endfacet
  facet normal 0.970036 0.242962 0
    outer loop
      vertex -40.8271 -17.7558 0
      vertex -40.6125 -18.6126 4
      vertex -40.6125 -18.6126 0
    endloop
  endfacet
  facet normal -0.146735 -0.989176 0
    outer loop
      vertex -31.1178 -7.04334 0
      vertex -30.2442 -7.17293 4
      vertex -31.1178 -7.04334 4
    endloop
  endfacet
  facet normal -0.146735 -0.989176 -0
    outer loop
      vertex -30.2442 -7.17293 4
      vertex -31.1178 -7.04334 0
      vertex -30.2442 -7.17293 0
    endloop
  endfacet
  facet normal 0.903996 -0.427541 0
    outer loop
      vertex -40.3149 -12.5558 4
      vertex -39.9373 -11.7574 0
      vertex -39.9373 -11.7574 4
    endloop
  endfacet
  facet normal 0.903996 -0.427541 0
    outer loop
      vertex -39.9373 -11.7574 0
      vertex -40.3149 -12.5558 4
      vertex -40.3149 -12.5558 0
    endloop
  endfacet
  facet normal 0.74101 0.671494 0
    outer loop
      vertex -38.364 -22.364 4
      vertex -38.9571 -21.7095 0
      vertex -38.9571 -21.7095 4
    endloop
  endfacet
  facet normal 0.74101 0.671494 0
    outer loop
      vertex -38.9571 -21.7095 0
      vertex -38.364 -22.364 4
      vertex -38.364 -22.364 0
    endloop
  endfacet
  facet normal -0.989174 0.146746 0
    outer loop
      vertex -23.1729 -17.7558 0
      vertex -23.0433 -16.8822 4
      vertex -23.0433 -16.8822 0
    endloop
  endfacet
  facet normal -0.989174 0.146746 0
    outer loop
      vertex -23.0433 -16.8822 4
      vertex -23.1729 -17.7558 0
      vertex -23.1729 -17.7558 4
    endloop
  endfacet
  facet normal -0.998798 0.0490228 0
    outer loop
      vertex -23.0433 -16.8822 0
      vertex -23 -16 4
      vertex -23 -16 0
    endloop
  endfacet
  facet normal -0.998798 0.0490228 0
    outer loop
      vertex -23 -16 4
      vertex -23.0433 -16.8822 0
      vertex -23.0433 -16.8822 4
    endloop
  endfacet
  facet normal -0.049068 -0.998795 0
    outer loop
      vertex -32 -7 0
      vertex -31.1178 -7.04334 4
      vertex -32 -7 4
    endloop
  endfacet
  facet normal -0.049068 -0.998795 -0
    outer loop
      vertex -31.1178 -7.04334 4
      vertex -32 -7 0
      vertex -31.1178 -7.04334 0
    endloop
  endfacet
  facet normal -0.740989 -0.671517 0
    outer loop
      vertex -25.0429 -10.2905 0
      vertex -25.636 -9.63604 4
      vertex -25.636 -9.63604 0
    endloop
  endfacet
  facet normal -0.740989 -0.671517 0
    outer loop
      vertex -25.636 -9.63604 4
      vertex -25.0429 -10.2905 0
      vertex -25.0429 -10.2905 4
    endloop
  endfacet
  facet normal 0.671494 0.74101 -0
    outer loop
      vertex -37.7095 -22.9571 0
      vertex -38.364 -22.364 4
      vertex -37.7095 -22.9571 4
    endloop
  endfacet
  facet normal 0.671494 0.74101 0
    outer loop
      vertex -38.364 -22.364 4
      vertex -37.7095 -22.9571 0
      vertex -38.364 -22.364 0
    endloop
  endfacet
  facet normal 0.0490228 0.998798 -0
    outer loop
      vertex -32 -25 0
      vertex -32.8822 -24.9567 4
      vertex -32 -25 4
    endloop
  endfacet
  facet normal 0.0490228 0.998798 0
    outer loop
      vertex -32.8822 -24.9567 4
      vertex -32 -25 0
      vertex -32.8822 -24.9567 0
    endloop
  endfacet
  facet normal -0.74101 0.671494 0
    outer loop
      vertex -25.636 -22.364 0
      vertex -25.0429 -21.7095 4
      vertex -25.0429 -21.7095 0
    endloop
  endfacet
  facet normal -0.74101 0.671494 0
    outer loop
      vertex -25.0429 -21.7095 4
      vertex -25.636 -22.364 0
      vertex -25.636 -22.364 4
    endloop
  endfacet
  facet normal -0.671494 0.74101 0
    outer loop
      vertex -25.636 -22.364 0
      vertex -26.2905 -22.9571 4
      vertex -25.636 -22.364 4
    endloop
  endfacet
  facet normal -0.671494 0.74101 0
    outer loop
      vertex -26.2905 -22.9571 4
      vertex -25.636 -22.364 0
      vertex -26.2905 -22.9571 0
    endloop
  endfacet
  facet normal -0.989174 -0.146746 0
    outer loop
      vertex -23.0433 16.8822 0
      vertex -23.1729 17.7558 4
      vertex -23.1729 17.7558 0
    endloop
  endfacet
  facet normal -0.989174 -0.146746 0
    outer loop
      vertex -23.1729 17.7558 4
      vertex -23.0433 16.8822 0
      vertex -23.0433 16.8822 4
    endloop
  endfacet
  facet normal -0.998798 -0.0490228 0
    outer loop
      vertex -23 16 0
      vertex -23.0433 16.8822 4
      vertex -23.0433 16.8822 0
    endloop
  endfacet
  facet normal -0.998798 -0.0490228 0
    outer loop
      vertex -23.0433 16.8822 4
      vertex -23 16 0
      vertex -23 16 4
    endloop
  endfacet
  facet normal -0.970036 -0.242962 0
    outer loop
      vertex -23.1729 17.7558 0
      vertex -23.3875 18.6126 4
      vertex -23.3875 18.6126 0
    endloop
  endfacet
  facet normal -0.970036 -0.242962 0
    outer loop
      vertex -23.3875 18.6126 4
      vertex -23.1729 17.7558 0
      vertex -23.1729 17.7558 4
    endloop
  endfacet
  facet normal -0.998798 0.0490228 0
    outer loop
      vertex -23.0433 15.1178 0
      vertex -23 16 4
      vertex -23 16 0
    endloop
  endfacet
  facet normal -0.998798 0.0490228 0
    outer loop
      vertex -23 16 4
      vertex -23.0433 15.1178 0
      vertex -23.0433 15.1178 4
    endloop
  endfacet
  facet normal -0.049068 0.998795 0
    outer loop
      vertex -31.1178 7.04334 0
      vertex -32 7 4
      vertex -31.1178 7.04334 4
    endloop
  endfacet
  facet normal -0.049068 0.998795 0
    outer loop
      vertex -32 7 4
      vertex -31.1178 7.04334 0
      vertex -32 7 0
    endloop
  endfacet
  facet normal 0.904017 -0.427497 0
    outer loop
      vertex -40.3149 19.4441 4
      vertex -39.9373 20.2426 0
      vertex -39.9373 20.2426 4
    endloop
  endfacet
  facet normal 0.904017 -0.427497 0
    outer loop
      vertex -39.9373 20.2426 0
      vertex -40.3149 19.4441 4
      vertex -40.3149 19.4441 0
    endloop
  endfacet
  facet normal 0.427525 0.904003 -0
    outer loop
      vertex -35.4441 7.68508 0
      vertex -36.2426 8.06271 4
      vertex -35.4441 7.68508 4
    endloop
  endfacet
  facet normal 0.427525 0.904003 0
    outer loop
      vertex -36.2426 8.06271 4
      vertex -35.4441 7.68508 0
      vertex -36.2426 8.06271 0
    endloop
  endfacet
  facet normal 0.049068 0.998795 -0
    outer loop
      vertex -32 7 0
      vertex -32.8822 7.04334 4
      vertex -32 7 4
    endloop
  endfacet
  facet normal 0.049068 0.998795 0
    outer loop
      vertex -32.8822 7.04334 4
      vertex -32 7 0
      vertex -32.8822 7.04334 0
    endloop
  endfacet
  facet normal 0.740989 0.671517 0
    outer loop
      vertex -38.364 9.63604 4
      vertex -38.9571 10.2905 0
      vertex -38.9571 10.2905 4
    endloop
  endfacet
  facet normal 0.740989 0.671517 0
    outer loop
      vertex -38.9571 10.2905 0
      vertex -38.364 9.63604 4
      vertex -38.364 9.63604 0
    endloop
  endfacet
  facet normal -0.941527 0.336939 0
    outer loop
      vertex -23.6851 12.5558 0
      vertex -23.3875 13.3874 4
      vertex -23.3875 13.3874 0
    endloop
  endfacet
  facet normal -0.941527 0.336939 0
    outer loop
      vertex -23.3875 13.3874 4
      vertex -23.6851 12.5558 0
      vertex -23.6851 12.5558 4
    endloop
  endfacet
  facet normal -0.803222 0.59568 0
    outer loop
      vertex -25.0429 10.2905 0
      vertex -24.5168 10.9999 4
      vertex -24.5168 10.9999 0
    endloop
  endfacet
  facet normal -0.803222 0.59568 0
    outer loop
      vertex -24.5168 10.9999 4
      vertex -25.0429 10.2905 0
      vertex -25.0429 10.2905 4
    endloop
  endfacet
  facet normal 0.998798 0.0490228 0
    outer loop
      vertex -40.9567 15.1178 4
      vertex -41 16 0
      vertex -41 16 4
    endloop
  endfacet
  facet normal 0.998798 0.0490228 0
    outer loop
      vertex -41 16 0
      vertex -40.9567 15.1178 4
      vertex -40.9567 15.1178 0
    endloop
  endfacet
  facet normal -0.989174 0.146746 0
    outer loop
      vertex -23.1729 14.2442 0
      vertex -23.0433 15.1178 4
      vertex -23.0433 15.1178 0
    endloop
  endfacet
  facet normal -0.989174 0.146746 0
    outer loop
      vertex -23.0433 15.1178 4
      vertex -23.1729 14.2442 0
      vertex -23.1729 14.2442 4
    endloop
  endfacet
  facet normal 0.671494 -0.74101 0
    outer loop
      vertex -38.364 22.364 0
      vertex -37.7095 22.9571 4
      vertex -38.364 22.364 4
    endloop
  endfacet
  facet normal 0.671494 -0.74101 0
    outer loop
      vertex -37.7095 22.9571 4
      vertex -38.364 22.364 0
      vertex -37.7095 22.9571 0
    endloop
  endfacet
  facet normal 0.989174 0.146746 0
    outer loop
      vertex -40.8271 14.2442 4
      vertex -40.9567 15.1178 0
      vertex -40.9567 15.1178 4
    endloop
  endfacet
  facet normal 0.989174 0.146746 0
    outer loop
      vertex -40.9567 15.1178 0
      vertex -40.8271 14.2442 4
      vertex -40.8271 14.2442 0
    endloop
  endfacet
  facet normal 0.989174 -0.146746 0
    outer loop
      vertex -40.9567 16.8822 4
      vertex -40.8271 17.7558 0
      vertex -40.8271 17.7558 4
    endloop
  endfacet
  facet normal 0.989174 -0.146746 0
    outer loop
      vertex -40.8271 17.7558 0
      vertex -40.9567 16.8822 4
      vertex -40.9567 16.8822 0
    endloop
  endfacet
  facet normal 0.242962 -0.970036 0
    outer loop
      vertex -34.6126 24.6125 0
      vertex -33.7558 24.8271 4
      vertex -34.6126 24.6125 4
    endloop
  endfacet
  facet normal 0.242962 -0.970036 0
    outer loop
      vertex -33.7558 24.8271 4
      vertex -34.6126 24.6125 0
      vertex -33.7558 24.8271 0
    endloop
  endfacet
  facet normal 0.242972 0.970033 -0
    outer loop
      vertex -33.7558 7.17293 0
      vertex -34.6126 7.38754 4
      vertex -33.7558 7.17293 4
    endloop
  endfacet
  facet normal 0.242972 0.970033 0
    outer loop
      vertex -34.6126 7.38754 4
      vertex -33.7558 7.17293 0
      vertex -34.6126 7.38754 0
    endloop
  endfacet
  facet normal -0.941514 -0.336975 0
    outer loop
      vertex -23.3875 18.6126 0
      vertex -23.6851 19.4441 4
      vertex -23.6851 19.4441 0
    endloop
  endfacet
  facet normal -0.941514 -0.336975 0
    outer loop
      vertex -23.6851 19.4441 4
      vertex -23.3875 18.6126 0
      vertex -23.3875 18.6126 4
    endloop
  endfacet
  facet normal 0.970036 0.242962 0
    outer loop
      vertex -40.6125 13.3874 4
      vertex -40.8271 14.2442 0
      vertex -40.8271 14.2442 4
    endloop
  endfacet
  facet normal 0.970036 0.242962 0
    outer loop
      vertex -40.8271 14.2442 0
      vertex -40.6125 13.3874 4
      vertex -40.6125 13.3874 0
    endloop
  endfacet
  facet normal -0.242962 -0.970036 0
    outer loop
      vertex -30.2442 24.8271 0
      vertex -29.3874 24.6125 4
      vertex -30.2442 24.8271 4
    endloop
  endfacet
  facet normal -0.242962 -0.970036 -0
    outer loop
      vertex -29.3874 24.6125 4
      vertex -30.2442 24.8271 0
      vertex -29.3874 24.6125 0
    endloop
  endfacet
  facet normal -0.970036 0.242962 0
    outer loop
      vertex -23.3875 13.3874 0
      vertex -23.1729 14.2442 4
      vertex -23.1729 14.2442 0
    endloop
  endfacet
  facet normal -0.970036 0.242962 0
    outer loop
      vertex -23.1729 14.2442 4
      vertex -23.3875 13.3874 0
      vertex -23.3875 13.3874 4
    endloop
  endfacet
  facet normal 0.427497 -0.904017 0
    outer loop
      vertex -36.2426 23.9373 0
      vertex -35.4441 24.3149 4
      vertex -36.2426 23.9373 4
    endloop
  endfacet
  facet normal 0.427497 -0.904017 0
    outer loop
      vertex -35.4441 24.3149 4
      vertex -36.2426 23.9373 0
      vertex -35.4441 24.3149 0
    endloop
  endfacet
  facet normal 0.803222 0.59568 0
    outer loop
      vertex -38.9571 10.2905 4
      vertex -39.4832 10.9999 0
      vertex -39.4832 10.9999 4
    endloop
  endfacet
  facet normal 0.803222 0.59568 0
    outer loop
      vertex -39.4832 10.9999 0
      vertex -38.9571 10.2905 4
      vertex -38.9571 10.2905 0
    endloop
  endfacet
  facet normal -0.904017 -0.427497 0
    outer loop
      vertex -23.6851 19.4441 0
      vertex -24.0627 20.2426 4
      vertex -24.0627 20.2426 0
    endloop
  endfacet
  facet normal -0.904017 -0.427497 0
    outer loop
      vertex -24.0627 20.2426 4
      vertex -23.6851 19.4441 0
      vertex -23.6851 19.4441 4
    endloop
  endfacet
  facet normal -0.740989 0.671517 0
    outer loop
      vertex -25.636 9.63604 0
      vertex -25.0429 10.2905 4
      vertex -25.0429 10.2905 0
    endloop
  endfacet
  facet normal -0.740989 0.671517 0
    outer loop
      vertex -25.0429 10.2905 4
      vertex -25.636 9.63604 0
      vertex -25.636 9.63604 4
    endloop
  endfacet
  facet normal -0.427569 0.903983 0
    outer loop
      vertex -27.7574 8.06271 0
      vertex -28.5558 7.68508 4
      vertex -27.7574 8.06271 4
    endloop
  endfacet
  facet normal -0.427569 0.903983 0
    outer loop
      vertex -28.5558 7.68508 4
      vertex -27.7574 8.06271 0
      vertex -28.5558 7.68508 0
    endloop
  endfacet
  facet normal -0.427541 -0.903996 0
    outer loop
      vertex -28.5558 24.3149 0
      vertex -27.7574 23.9373 4
      vertex -28.5558 24.3149 4
    endloop
  endfacet
  facet normal -0.427541 -0.903996 -0
    outer loop
      vertex -27.7574 23.9373 4
      vertex -28.5558 24.3149 0
      vertex -27.7574 23.9373 0
    endloop
  endfacet
  facet normal 0.336975 -0.941514 0
    outer loop
      vertex -35.4441 24.3149 0
      vertex -34.6126 24.6125 4
      vertex -35.4441 24.3149 4
    endloop
  endfacet
  facet normal 0.336975 -0.941514 0
    outer loop
      vertex -34.6126 24.6125 4
      vertex -35.4441 24.3149 0
      vertex -34.6126 24.6125 0
    endloop
  endfacet
  facet normal 0.803222 -0.59568 0
    outer loop
      vertex -39.4832 21.0001 4
      vertex -38.9571 21.7095 0
      vertex -38.9571 21.7095 4
    endloop
  endfacet
  facet normal 0.803222 -0.59568 0
    outer loop
      vertex -38.9571 21.7095 0
      vertex -39.4832 21.0001 4
      vertex -39.4832 21.0001 0
    endloop
  endfacet
  facet normal -0.514129 0.857713 0
    outer loop
      vertex -26.9999 8.51677 0
      vertex -27.7574 8.06271 4
      vertex -26.9999 8.51677 4
    endloop
  endfacet
  facet normal -0.514129 0.857713 0
    outer loop
      vertex -27.7574 8.06271 4
      vertex -26.9999 8.51677 0
      vertex -27.7574 8.06271 0
    endloop
  endfacet
  facet normal -0.146746 -0.989174 0
    outer loop
      vertex -31.1178 24.9567 0
      vertex -30.2442 24.8271 4
      vertex -31.1178 24.9567 4
    endloop
  endfacet
  facet normal -0.146746 -0.989174 -0
    outer loop
      vertex -30.2442 24.8271 4
      vertex -31.1178 24.9567 0
      vertex -30.2442 24.8271 0
    endloop
  endfacet
  facet normal 0.998798 -0.0490228 0
    outer loop
      vertex -41 16 4
      vertex -40.9567 16.8822 0
      vertex -40.9567 16.8822 4
    endloop
  endfacet
  facet normal 0.998798 -0.0490228 0
    outer loop
      vertex -40.9567 16.8822 0
      vertex -41 16 4
      vertex -41 16 0
    endloop
  endfacet
  facet normal -0.903996 0.427541 0
    outer loop
      vertex -24.0627 11.7574 0
      vertex -23.6851 12.5558 4
      vertex -23.6851 12.5558 0
    endloop
  endfacet
  facet normal -0.903996 0.427541 0
    outer loop
      vertex -23.6851 12.5558 4
      vertex -24.0627 11.7574 0
      vertex -24.0627 11.7574 4
    endloop
  endfacet
  facet normal -0.146735 0.989176 0
    outer loop
      vertex -30.2442 7.17293 0
      vertex -31.1178 7.04334 4
      vertex -30.2442 7.17293 4
    endloop
  endfacet
  facet normal -0.146735 0.989176 0
    outer loop
      vertex -31.1178 7.04334 4
      vertex -30.2442 7.17293 0
      vertex -31.1178 7.04334 0
    endloop
  endfacet
  facet normal 0.59568 -0.803222 0
    outer loop
      vertex -37.7095 22.9571 0
      vertex -37.0001 23.4832 4
      vertex -37.7095 22.9571 4
    endloop
  endfacet
  facet normal 0.59568 -0.803222 0
    outer loop
      vertex -37.0001 23.4832 4
      vertex -37.7095 22.9571 0
      vertex -37.0001 23.4832 0
    endloop
  endfacet
  facet normal -0.0490228 -0.998798 0
    outer loop
      vertex -32 25 0
      vertex -31.1178 24.9567 4
      vertex -32 25 4
    endloop
  endfacet
  facet normal -0.0490228 -0.998798 -0
    outer loop
      vertex -31.1178 24.9567 4
      vertex -32 25 0
      vertex -31.1178 24.9567 0
    endloop
  endfacet
  facet normal -0.671494 -0.74101 0
    outer loop
      vertex -26.2905 22.9571 0
      vertex -25.636 22.364 4
      vertex -26.2905 22.9571 4
    endloop
  endfacet
  facet normal -0.671494 -0.74101 -0
    outer loop
      vertex -25.636 22.364 4
      vertex -26.2905 22.9571 0
      vertex -25.636 22.364 0
    endloop
  endfacet
  facet normal -0.59568 -0.803222 0
    outer loop
      vertex -26.9999 23.4832 0
      vertex -26.2905 22.9571 4
      vertex -26.9999 23.4832 4
    endloop
  endfacet
  facet normal -0.59568 -0.803222 -0
    outer loop
      vertex -26.2905 22.9571 4
      vertex -26.9999 23.4832 0
      vertex -26.2905 22.9571 0
    endloop
  endfacet
  facet normal 0.970036 -0.242962 0
    outer loop
      vertex -40.8271 17.7558 4
      vertex -40.6125 18.6126 0
      vertex -40.6125 18.6126 4
    endloop
  endfacet
  facet normal 0.970036 -0.242962 0
    outer loop
      vertex -40.6125 18.6126 0
      vertex -40.8271 17.7558 4
      vertex -40.8271 17.7558 0
    endloop
  endfacet
  facet normal -0.803222 -0.59568 0
    outer loop
      vertex -24.5168 21.0001 0
      vertex -25.0429 21.7095 4
      vertex -25.0429 21.7095 0
    endloop
  endfacet
  facet normal -0.803222 -0.59568 0
    outer loop
      vertex -25.0429 21.7095 4
      vertex -24.5168 21.0001 0
      vertex -24.5168 21.0001 4
    endloop
  endfacet
  facet normal -0.514163 -0.857693 0
    outer loop
      vertex -27.7574 23.9373 0
      vertex -26.9999 23.4832 4
      vertex -27.7574 23.9373 4
    endloop
  endfacet
  facet normal -0.514163 -0.857693 -0
    outer loop
      vertex -26.9999 23.4832 4
      vertex -27.7574 23.9373 0
      vertex -26.9999 23.4832 0
    endloop
  endfacet
  facet normal -0.336939 -0.941527 0
    outer loop
      vertex -29.3874 24.6125 0
      vertex -28.5558 24.3149 4
      vertex -29.3874 24.6125 4
    endloop
  endfacet
  facet normal -0.336939 -0.941527 -0
    outer loop
      vertex -28.5558 24.3149 4
      vertex -29.3874 24.6125 0
      vertex -28.5558 24.3149 0
    endloop
  endfacet
  facet normal -0.242972 0.970033 0
    outer loop
      vertex -29.3874 7.38754 0
      vertex -30.2442 7.17293 4
      vertex -29.3874 7.38754 4
    endloop
  endfacet
  facet normal -0.242972 0.970033 0
    outer loop
      vertex -30.2442 7.17293 4
      vertex -29.3874 7.38754 0
      vertex -30.2442 7.17293 0
    endloop
  endfacet
  facet normal -0.74101 -0.671494 0
    outer loop
      vertex -25.0429 21.7095 0
      vertex -25.636 22.364 4
      vertex -25.636 22.364 0
    endloop
  endfacet
  facet normal -0.74101 -0.671494 0
    outer loop
      vertex -25.636 22.364 4
      vertex -25.0429 21.7095 0
      vertex -25.0429 21.7095 4
    endloop
  endfacet
  facet normal -0.857693 -0.514163 0
    outer loop
      vertex -24.0627 20.2426 0
      vertex -24.5168 21.0001 4
      vertex -24.5168 21.0001 0
    endloop
  endfacet
  facet normal -0.857693 -0.514163 0
    outer loop
      vertex -24.5168 21.0001 4
      vertex -24.0627 20.2426 0
      vertex -24.0627 20.2426 4
    endloop
  endfacet
  facet normal 0.146735 0.989176 -0
    outer loop
      vertex -32.8822 7.04334 0
      vertex -33.7558 7.17293 4
      vertex -32.8822 7.04334 4
    endloop
  endfacet
  facet normal 0.146735 0.989176 0
    outer loop
      vertex -33.7558 7.17293 4
      vertex -32.8822 7.04334 0
      vertex -33.7558 7.17293 0
    endloop
  endfacet
  facet normal 0.146746 -0.989174 0
    outer loop
      vertex -33.7558 24.8271 0
      vertex -32.8822 24.9567 4
      vertex -33.7558 24.8271 4
    endloop
  endfacet
  facet normal 0.146746 -0.989174 0
    outer loop
      vertex -32.8822 24.9567 4
      vertex -33.7558 24.8271 0
      vertex -32.8822 24.9567 0
    endloop
  endfacet
  facet normal -0.336879 0.941548 0
    outer loop
      vertex -28.5558 7.68508 0
      vertex -29.3874 7.38754 4
      vertex -28.5558 7.68508 4
    endloop
  endfacet
  facet normal -0.336879 0.941548 0
    outer loop
      vertex -29.3874 7.38754 4
      vertex -28.5558 7.68508 0
      vertex -29.3874 7.38754 0
    endloop
  endfacet
  facet normal 0.903996 0.427541 0
    outer loop
      vertex -39.9373 11.7574 4
      vertex -40.3149 12.5558 0
      vertex -40.3149 12.5558 4
    endloop
  endfacet
  facet normal 0.903996 0.427541 0
    outer loop
      vertex -40.3149 12.5558 0
      vertex -39.9373 11.7574 4
      vertex -39.9373 11.7574 0
    endloop
  endfacet
  facet normal 0.0490228 -0.998798 0
    outer loop
      vertex -32.8822 24.9567 0
      vertex -32 25 4
      vertex -32.8822 24.9567 4
    endloop
  endfacet
  facet normal 0.0490228 -0.998798 0
    outer loop
      vertex -32 25 4
      vertex -32.8822 24.9567 0
      vertex -32 25 0
    endloop
  endfacet
  facet normal -0.857693 0.514163 0
    outer loop
      vertex -24.5168 10.9999 0
      vertex -24.0627 11.7574 4
      vertex -24.0627 11.7574 0
    endloop
  endfacet
  facet normal -0.857693 0.514163 0
    outer loop
      vertex -24.0627 11.7574 4
      vertex -24.5168 10.9999 0
      vertex -24.5168 10.9999 4
    endloop
  endfacet
  facet normal 0.514129 0.857713 -0
    outer loop
      vertex -36.2426 8.06271 0
      vertex -37.0001 8.51677 4
      vertex -36.2426 8.06271 4
    endloop
  endfacet
  facet normal 0.514129 0.857713 0
    outer loop
      vertex -37.0001 8.51677 4
      vertex -36.2426 8.06271 0
      vertex -37.0001 8.51677 0
    endloop
  endfacet
  facet normal 0.74101 -0.671494 0
    outer loop
      vertex -38.9571 21.7095 4
      vertex -38.364 22.364 0
      vertex -38.364 22.364 4
    endloop
  endfacet
  facet normal 0.74101 -0.671494 0
    outer loop
      vertex -38.364 22.364 0
      vertex -38.9571 21.7095 4
      vertex -38.9571 21.7095 0
    endloop
  endfacet
  facet normal 0.595709 0.8032 -0
    outer loop
      vertex -37.0001 8.51677 0
      vertex -37.7095 9.04291 4
      vertex -37.0001 8.51677 4
    endloop
  endfacet
  facet normal 0.595709 0.8032 0
    outer loop
      vertex -37.7095 9.04291 4
      vertex -37.0001 8.51677 0
      vertex -37.7095 9.04291 0
    endloop
  endfacet
  facet normal -0.595709 0.8032 0
    outer loop
      vertex -26.2905 9.04291 0
      vertex -26.9999 8.51677 4
      vertex -26.2905 9.04291 4
    endloop
  endfacet
  facet normal -0.595709 0.8032 0
    outer loop
      vertex -26.9999 8.51677 4
      vertex -26.2905 9.04291 0
      vertex -26.9999 8.51677 0
    endloop
  endfacet
  facet normal 0.941514 -0.336975 0
    outer loop
      vertex -40.6125 18.6126 4
      vertex -40.3149 19.4441 0
      vertex -40.3149 19.4441 4
    endloop
  endfacet
  facet normal 0.941514 -0.336975 0
    outer loop
      vertex -40.3149 19.4441 0
      vertex -40.6125 18.6126 4
      vertex -40.6125 18.6126 0
    endloop
  endfacet
  facet normal 0.514163 -0.857693 0
    outer loop
      vertex -37.0001 23.4832 0
      vertex -36.2426 23.9373 4
      vertex -37.0001 23.4832 4
    endloop
  endfacet
  facet normal 0.514163 -0.857693 0
    outer loop
      vertex -36.2426 23.9373 4
      vertex -37.0001 23.4832 0
      vertex -36.2426 23.9373 0
    endloop
  endfacet
  facet normal -0.671513 0.740993 0
    outer loop
      vertex -25.636 9.63604 0
      vertex -26.2905 9.04291 4
      vertex -25.636 9.63604 4
    endloop
  endfacet
  facet normal -0.671513 0.740993 0
    outer loop
      vertex -26.2905 9.04291 4
      vertex -25.636 9.63604 0
      vertex -26.2905 9.04291 0
    endloop
  endfacet
  facet normal 0.857693 -0.514163 0
    outer loop
      vertex -39.9373 20.2426 4
      vertex -39.4832 21.0001 0
      vertex -39.4832 21.0001 4
    endloop
  endfacet
  facet normal 0.857693 -0.514163 0
    outer loop
      vertex -39.4832 21.0001 0
      vertex -39.9373 20.2426 4
      vertex -39.9373 20.2426 0
    endloop
  endfacet
  facet normal 0.671513 0.740993 -0
    outer loop
      vertex -37.7095 9.04291 0
      vertex -38.364 9.63604 4
      vertex -37.7095 9.04291 4
    endloop
  endfacet
  facet normal 0.671513 0.740993 0
    outer loop
      vertex -38.364 9.63604 4
      vertex -37.7095 9.04291 0
      vertex -38.364 9.63604 0
    endloop
  endfacet
  facet normal 0.857693 0.514163 0
    outer loop
      vertex -39.4832 10.9999 4
      vertex -39.9373 11.7574 0
      vertex -39.9373 11.7574 4
    endloop
  endfacet
  facet normal 0.857693 0.514163 0
    outer loop
      vertex -39.9373 11.7574 0
      vertex -39.4832 10.9999 4
      vertex -39.4832 10.9999 0
    endloop
  endfacet
  facet normal 0.941527 0.336939 0
    outer loop
      vertex -40.3149 12.5558 4
      vertex -40.6125 13.3874 0
      vertex -40.6125 13.3874 4
    endloop
  endfacet
  facet normal 0.941527 0.336939 0
    outer loop
      vertex -40.6125 13.3874 0
      vertex -40.3149 12.5558 4
      vertex -40.3149 12.5558 0
    endloop
  endfacet
  facet normal 0.336914 0.941535 -0
    outer loop
      vertex -34.6126 7.38754 0
      vertex -35.4441 7.68508 4
      vertex -34.6126 7.38754 4
    endloop
  endfacet
  facet normal 0.336914 0.941535 0
    outer loop
      vertex -35.4441 7.68508 4
      vertex -34.6126 7.38754 0
      vertex -35.4441 7.68508 0
    endloop
  endfacet
  facet normal 0.336939 0.941527 -0
    outer loop
      vertex 29.3874 -24.6125 0
      vertex 28.5558 -24.3149 4
      vertex 29.3874 -24.6125 4
    endloop
  endfacet
  facet normal 0.336939 0.941527 0
    outer loop
      vertex 28.5558 -24.3149 4
      vertex 29.3874 -24.6125 0
      vertex 28.5558 -24.3149 0
    endloop
  endfacet
  facet normal 0.595709 -0.8032 0
    outer loop
      vertex 26.2905 -9.04291 0
      vertex 26.9999 -8.51677 4
      vertex 26.2905 -9.04291 4
    endloop
  endfacet
  facet normal 0.595709 -0.8032 0
    outer loop
      vertex 26.9999 -8.51677 4
      vertex 26.2905 -9.04291 0
      vertex 26.9999 -8.51677 0
    endloop
  endfacet
  facet normal -0.989174 -0.146746 0
    outer loop
      vertex 40.9567 -15.1178 0
      vertex 40.8271 -14.2442 4
      vertex 40.8271 -14.2442 0
    endloop
  endfacet
  facet normal -0.989174 -0.146746 0
    outer loop
      vertex 40.8271 -14.2442 4
      vertex 40.9567 -15.1178 0
      vertex 40.9567 -15.1178 4
    endloop
  endfacet
  facet normal -0.998798 -0.0490228 0
    outer loop
      vertex 41 -16 0
      vertex 40.9567 -15.1178 4
      vertex 40.9567 -15.1178 0
    endloop
  endfacet
  facet normal -0.998798 -0.0490228 0
    outer loop
      vertex 40.9567 -15.1178 4
      vertex 41 -16 0
      vertex 41 -16 4
    endloop
  endfacet
  facet normal -0.970036 -0.242962 0
    outer loop
      vertex 40.8271 -14.2442 0
      vertex 40.6125 -13.3874 4
      vertex 40.6125 -13.3874 0
    endloop
  endfacet
  facet normal -0.970036 -0.242962 0
    outer loop
      vertex 40.6125 -13.3874 4
      vertex 40.8271 -14.2442 0
      vertex 40.8271 -14.2442 4
    endloop
  endfacet
  facet normal -0.146735 -0.989176 0
    outer loop
      vertex 32.8822 -7.04334 0
      vertex 33.7558 -7.17293 4
      vertex 32.8822 -7.04334 4
    endloop
  endfacet
  facet normal -0.146735 -0.989176 -0
    outer loop
      vertex 33.7558 -7.17293 4
      vertex 32.8822 -7.04334 0
      vertex 33.7558 -7.17293 0
    endloop
  endfacet
  facet normal 0.146735 -0.989176 0
    outer loop
      vertex 30.2442 -7.17293 0
      vertex 31.1178 -7.04334 4
      vertex 30.2442 -7.17293 4
    endloop
  endfacet
  facet normal 0.146735 -0.989176 0
    outer loop
      vertex 31.1178 -7.04334 4
      vertex 30.2442 -7.17293 0
      vertex 31.1178 -7.04334 0
    endloop
  endfacet
  facet normal -0.803222 -0.59568 0
    outer loop
      vertex 39.4832 -10.9999 0
      vertex 38.9571 -10.2905 4
      vertex 38.9571 -10.2905 0
    endloop
  endfacet
  facet normal -0.803222 -0.59568 0
    outer loop
      vertex 38.9571 -10.2905 4
      vertex 39.4832 -10.9999 0
      vertex 39.4832 -10.9999 4
    endloop
  endfacet
  facet normal -0.59568 0.803222 0
    outer loop
      vertex 37.7095 -22.9571 0
      vertex 37.0001 -23.4832 4
      vertex 37.7095 -22.9571 4
    endloop
  endfacet
  facet normal -0.59568 0.803222 0
    outer loop
      vertex 37.0001 -23.4832 4
      vertex 37.7095 -22.9571 0
      vertex 37.0001 -23.4832 0
    endloop
  endfacet
  facet normal -0.595709 -0.8032 0
    outer loop
      vertex 37.0001 -8.51677 0
      vertex 37.7095 -9.04291 4
      vertex 37.0001 -8.51677 4
    endloop
  endfacet
  facet normal -0.595709 -0.8032 -0
    outer loop
      vertex 37.7095 -9.04291 4
      vertex 37.0001 -8.51677 0
      vertex 37.7095 -9.04291 0
    endloop
  endfacet
  facet normal -0.998798 0.0490228 0
    outer loop
      vertex 40.9567 -16.8822 0
      vertex 41 -16 4
      vertex 41 -16 0
    endloop
  endfacet
  facet normal -0.998798 0.0490228 0
    outer loop
      vertex 41 -16 4
      vertex 40.9567 -16.8822 0
      vertex 40.9567 -16.8822 4
    endloop
  endfacet
  facet normal 0.242972 -0.970033 0
    outer loop
      vertex 29.3874 -7.38754 0
      vertex 30.2442 -7.17293 4
      vertex 29.3874 -7.38754 4
    endloop
  endfacet
  facet normal 0.242972 -0.970033 0
    outer loop
      vertex 30.2442 -7.17293 4
      vertex 29.3874 -7.38754 0
      vertex 30.2442 -7.17293 0
    endloop
  endfacet
  facet normal -0.427525 -0.904003 0
    outer loop
      vertex 35.4441 -7.68508 0
      vertex 36.2426 -8.06271 4
      vertex 35.4441 -7.68508 4
    endloop
  endfacet
  facet normal -0.427525 -0.904003 -0
    outer loop
      vertex 36.2426 -8.06271 4
      vertex 35.4441 -7.68508 0
      vertex 36.2426 -8.06271 0
    endloop
  endfacet
  facet normal 0.242962 0.970036 -0
    outer loop
      vertex 30.2442 -24.8271 0
      vertex 29.3874 -24.6125 4
      vertex 30.2442 -24.8271 4
    endloop
  endfacet
  facet normal 0.242962 0.970036 0
    outer loop
      vertex 29.3874 -24.6125 4
      vertex 30.2442 -24.8271 0
      vertex 29.3874 -24.6125 0
    endloop
  endfacet
  facet normal 0.989174 0.146746 0
    outer loop
      vertex 23.1729 -17.7558 4
      vertex 23.0433 -16.8822 0
      vertex 23.0433 -16.8822 4
    endloop
  endfacet
  facet normal 0.989174 0.146746 0
    outer loop
      vertex 23.0433 -16.8822 0
      vertex 23.1729 -17.7558 4
      vertex 23.1729 -17.7558 0
    endloop
  endfacet
  facet normal 0.427569 -0.903983 0
    outer loop
      vertex 27.7574 -8.06271 0
      vertex 28.5558 -7.68508 4
      vertex 27.7574 -8.06271 4
    endloop
  endfacet
  facet normal 0.427569 -0.903983 0
    outer loop
      vertex 28.5558 -7.68508 4
      vertex 27.7574 -8.06271 0
      vertex 28.5558 -7.68508 0
    endloop
  endfacet
  facet normal -0.242972 -0.970033 0
    outer loop
      vertex 33.7558 -7.17293 0
      vertex 34.6126 -7.38754 4
      vertex 33.7558 -7.17293 4
    endloop
  endfacet
  facet normal -0.242972 -0.970033 -0
    outer loop
      vertex 34.6126 -7.38754 4
      vertex 33.7558 -7.17293 0
      vertex 34.6126 -7.38754 0
    endloop
  endfacet
  facet normal 0.514163 0.857693 -0
    outer loop
      vertex 27.7574 -23.9373 0
      vertex 26.9999 -23.4832 4
      vertex 27.7574 -23.9373 4
    endloop
  endfacet
  facet normal 0.514163 0.857693 0
    outer loop
      vertex 26.9999 -23.4832 4
      vertex 27.7574 -23.9373 0
      vertex 26.9999 -23.4832 0
    endloop
  endfacet
  facet normal 0.903996 -0.427541 0
    outer loop
      vertex 23.6851 -12.5558 4
      vertex 24.0627 -11.7574 0
      vertex 24.0627 -11.7574 4
    endloop
  endfacet
  facet normal 0.903996 -0.427541 0
    outer loop
      vertex 24.0627 -11.7574 0
      vertex 23.6851 -12.5558 4
      vertex 23.6851 -12.5558 0
    endloop
  endfacet
  facet normal 0.803222 0.59568 0
    outer loop
      vertex 25.0429 -21.7095 4
      vertex 24.5168 -21.0001 0
      vertex 24.5168 -21.0001 4
    endloop
  endfacet
  facet normal 0.803222 0.59568 0
    outer loop
      vertex 24.5168 -21.0001 0
      vertex 25.0429 -21.7095 4
      vertex 25.0429 -21.7095 0
    endloop
  endfacet
  facet normal -0.336975 0.941514 0
    outer loop
      vertex 35.4441 -24.3149 0
      vertex 34.6126 -24.6125 4
      vertex 35.4441 -24.3149 4
    endloop
  endfacet
  facet normal -0.336975 0.941514 0
    outer loop
      vertex 34.6126 -24.6125 4
      vertex 35.4441 -24.3149 0
      vertex 34.6126 -24.6125 0
    endloop
  endfacet
  facet normal -0.803222 0.59568 0
    outer loop
      vertex 38.9571 -21.7095 0
      vertex 39.4832 -21.0001 4
      vertex 39.4832 -21.0001 0
    endloop
  endfacet
  facet normal -0.803222 0.59568 0
    outer loop
      vertex 39.4832 -21.0001 4
      vertex 38.9571 -21.7095 0
      vertex 38.9571 -21.7095 4
    endloop
  endfacet
  facet normal 0.514129 -0.857713 0
    outer loop
      vertex 26.9999 -8.51677 0
      vertex 27.7574 -8.06271 4
      vertex 26.9999 -8.51677 4
    endloop
  endfacet
  facet normal 0.514129 -0.857713 0
    outer loop
      vertex 27.7574 -8.06271 4
      vertex 26.9999 -8.51677 0
      vertex 27.7574 -8.06271 0
    endloop
  endfacet
  facet normal 0.427541 0.903996 -0
    outer loop
      vertex 28.5558 -24.3149 0
      vertex 27.7574 -23.9373 4
      vertex 28.5558 -24.3149 4
    endloop
  endfacet
  facet normal 0.427541 0.903996 0
    outer loop
      vertex 27.7574 -23.9373 4
      vertex 28.5558 -24.3149 0
      vertex 27.7574 -23.9373 0
    endloop
  endfacet
  facet normal 0.59568 0.803222 -0
    outer loop
      vertex 26.9999 -23.4832 0
      vertex 26.2905 -22.9571 4
      vertex 26.9999 -23.4832 4
    endloop
  endfacet
  facet normal 0.59568 0.803222 0
    outer loop
      vertex 26.2905 -22.9571 4
      vertex 26.9999 -23.4832 0
      vertex 26.2905 -22.9571 0
    endloop
  endfacet
  facet normal 0.74101 0.671494 0
    outer loop
      vertex 25.636 -22.364 4
      vertex 25.0429 -21.7095 0
      vertex 25.0429 -21.7095 4
    endloop
  endfacet
  facet normal 0.74101 0.671494 0
    outer loop
      vertex 25.0429 -21.7095 0
      vertex 25.636 -22.364 4
      vertex 25.636 -22.364 0
    endloop
  endfacet
  facet normal -0.336914 -0.941535 0
    outer loop
      vertex 34.6126 -7.38754 0
      vertex 35.4441 -7.68508 4
      vertex 34.6126 -7.38754 4
    endloop
  endfacet
  facet normal -0.336914 -0.941535 -0
    outer loop
      vertex 35.4441 -7.68508 4
      vertex 34.6126 -7.38754 0
      vertex 35.4441 -7.68508 0
    endloop
  endfacet
  facet normal 0.336879 -0.941548 0
    outer loop
      vertex 28.5558 -7.68508 0
      vertex 29.3874 -7.38754 4
      vertex 28.5558 -7.68508 4
    endloop
  endfacet
  facet normal 0.336879 -0.941548 0
    outer loop
      vertex 29.3874 -7.38754 4
      vertex 28.5558 -7.68508 0
      vertex 29.3874 -7.38754 0
    endloop
  endfacet
  facet normal 0.904017 0.427497 0
    outer loop
      vertex 24.0627 -20.2426 4
      vertex 23.6851 -19.4441 0
      vertex 23.6851 -19.4441 4
    endloop
  endfacet
  facet normal 0.904017 0.427497 0
    outer loop
      vertex 23.6851 -19.4441 0
      vertex 24.0627 -20.2426 4
      vertex 24.0627 -20.2426 0
    endloop
  endfacet
  facet normal 0.941514 0.336975 0
    outer loop
      vertex 23.6851 -19.4441 4
      vertex 23.3875 -18.6126 0
      vertex 23.3875 -18.6126 4
    endloop
  endfacet
  facet normal 0.941514 0.336975 0
    outer loop
      vertex 23.3875 -18.6126 0
      vertex 23.6851 -19.4441 4
      vertex 23.6851 -19.4441 0
    endloop
  endfacet
  facet normal -0.903996 -0.427541 0
    outer loop
      vertex 40.3149 -12.5558 0
      vertex 39.9373 -11.7574 4
      vertex 39.9373 -11.7574 0
    endloop
  endfacet
  facet normal -0.903996 -0.427541 0
    outer loop
      vertex 39.9373 -11.7574 4
      vertex 40.3149 -12.5558 0
      vertex 40.3149 -12.5558 4
    endloop
  endfacet
  facet normal 0.970036 0.242962 0
    outer loop
      vertex 23.3875 -18.6126 4
      vertex 23.1729 -17.7558 0
      vertex 23.1729 -17.7558 4
    endloop
  endfacet
  facet normal 0.970036 0.242962 0
    outer loop
      vertex 23.1729 -17.7558 0
      vertex 23.3875 -18.6126 4
      vertex 23.3875 -18.6126 0
    endloop
  endfacet
  facet normal -0.671513 -0.740993 0
    outer loop
      vertex 37.7095 -9.04291 0
      vertex 38.364 -9.63604 4
      vertex 37.7095 -9.04291 4
    endloop
  endfacet
  facet normal -0.671513 -0.740993 -0
    outer loop
      vertex 38.364 -9.63604 4
      vertex 37.7095 -9.04291 0
      vertex 38.364 -9.63604 0
    endloop
  endfacet
  facet normal 0.671494 0.74101 -0
    outer loop
      vertex 26.2905 -22.9571 0
      vertex 25.636 -22.364 4
      vertex 26.2905 -22.9571 4
    endloop
  endfacet
  facet normal 0.671494 0.74101 0
    outer loop
      vertex 25.636 -22.364 4
      vertex 26.2905 -22.9571 0
      vertex 25.636 -22.364 0
    endloop
  endfacet
  facet normal -0.970036 0.242962 0
    outer loop
      vertex 40.6125 -18.6126 0
      vertex 40.8271 -17.7558 4
      vertex 40.8271 -17.7558 0
    endloop
  endfacet
  facet normal -0.970036 0.242962 0
    outer loop
      vertex 40.8271 -17.7558 4
      vertex 40.6125 -18.6126 0
      vertex 40.6125 -18.6126 4
    endloop
  endfacet
  facet normal -0.74101 0.671494 0
    outer loop
      vertex 38.364 -22.364 0
      vertex 38.9571 -21.7095 4
      vertex 38.9571 -21.7095 0
    endloop
  endfacet
  facet normal -0.74101 0.671494 0
    outer loop
      vertex 38.9571 -21.7095 4
      vertex 38.364 -22.364 0
      vertex 38.364 -22.364 4
    endloop
  endfacet
  facet normal 0.989174 -0.146746 0
    outer loop
      vertex 23.0433 -15.1178 4
      vertex 23.1729 -14.2442 0
      vertex 23.1729 -14.2442 4
    endloop
  endfacet
  facet normal 0.989174 -0.146746 0
    outer loop
      vertex 23.1729 -14.2442 0
      vertex 23.0433 -15.1178 4
      vertex 23.0433 -15.1178 0
    endloop
  endfacet
  facet normal -0.514129 -0.857713 0
    outer loop
      vertex 36.2426 -8.06271 0
      vertex 37.0001 -8.51677 4
      vertex 36.2426 -8.06271 4
    endloop
  endfacet
  facet normal -0.514129 -0.857713 -0
    outer loop
      vertex 37.0001 -8.51677 4
      vertex 36.2426 -8.06271 0
      vertex 37.0001 -8.51677 0
    endloop
  endfacet
  facet normal 0.970036 -0.242962 0
    outer loop
      vertex 23.1729 -14.2442 4
      vertex 23.3875 -13.3874 0
      vertex 23.3875 -13.3874 4
    endloop
  endfacet
  facet normal 0.970036 -0.242962 0
    outer loop
      vertex 23.3875 -13.3874 0
      vertex 23.1729 -14.2442 4
      vertex 23.1729 -14.2442 0
    endloop
  endfacet
  facet normal -0.146746 0.989174 0
    outer loop
      vertex 33.7558 -24.8271 0
      vertex 32.8822 -24.9567 4
      vertex 33.7558 -24.8271 4
    endloop
  endfacet
  facet normal -0.146746 0.989174 0
    outer loop
      vertex 32.8822 -24.9567 4
      vertex 33.7558 -24.8271 0
      vertex 32.8822 -24.9567 0
    endloop
  endfacet
  facet normal -0.941527 -0.336939 0
    outer loop
      vertex 40.6125 -13.3874 0
      vertex 40.3149 -12.5558 4
      vertex 40.3149 -12.5558 0
    endloop
  endfacet
  facet normal -0.941527 -0.336939 0
    outer loop
      vertex 40.3149 -12.5558 4
      vertex 40.6125 -13.3874 0
      vertex 40.6125 -13.3874 4
    endloop
  endfacet
  facet normal 0.857693 -0.514163 0
    outer loop
      vertex 24.0627 -11.7574 4
      vertex 24.5168 -10.9999 0
      vertex 24.5168 -10.9999 4
    endloop
  endfacet
  facet normal 0.857693 -0.514163 0
    outer loop
      vertex 24.5168 -10.9999 0
      vertex 24.0627 -11.7574 4
      vertex 24.0627 -11.7574 0
    endloop
  endfacet
  facet normal -0.049068 -0.998795 0
    outer loop
      vertex 32 -7 0
      vertex 32.8822 -7.04334 4
      vertex 32 -7 4
    endloop
  endfacet
  facet normal -0.049068 -0.998795 -0
    outer loop
      vertex 32.8822 -7.04334 4
      vertex 32 -7 0
      vertex 32.8822 -7.04334 0
    endloop
  endfacet
  facet normal -0.427497 0.904017 0
    outer loop
      vertex 36.2426 -23.9373 0
      vertex 35.4441 -24.3149 4
      vertex 36.2426 -23.9373 4
    endloop
  endfacet
  facet normal -0.427497 0.904017 0
    outer loop
      vertex 35.4441 -24.3149 4
      vertex 36.2426 -23.9373 0
      vertex 35.4441 -24.3149 0
    endloop
  endfacet
  facet normal 0.049068 -0.998795 0
    outer loop
      vertex 31.1178 -7.04334 0
      vertex 32 -7 4
      vertex 31.1178 -7.04334 4
    endloop
  endfacet
  facet normal 0.049068 -0.998795 0
    outer loop
      vertex 32 -7 4
      vertex 31.1178 -7.04334 0
      vertex 32 -7 0
    endloop
  endfacet
  facet normal -0.989174 0.146746 0
    outer loop
      vertex 40.8271 -17.7558 0
      vertex 40.9567 -16.8822 4
      vertex 40.9567 -16.8822 0
    endloop
  endfacet
  facet normal -0.989174 0.146746 0
    outer loop
      vertex 40.9567 -16.8822 4
      vertex 40.8271 -17.7558 0
      vertex 40.8271 -17.7558 4
    endloop
  endfacet
  facet normal -0.857693 -0.514163 0
    outer loop
      vertex 39.9373 -11.7574 0
      vertex 39.4832 -10.9999 4
      vertex 39.4832 -10.9999 0
    endloop
  endfacet
  facet normal -0.857693 -0.514163 0
    outer loop
      vertex 39.4832 -10.9999 4
      vertex 39.9373 -11.7574 0
      vertex 39.9373 -11.7574 4
    endloop
  endfacet
  facet normal -0.514163 0.857693 0
    outer loop
      vertex 37.0001 -23.4832 0
      vertex 36.2426 -23.9373 4
      vertex 37.0001 -23.4832 4
    endloop
  endfacet
  facet normal -0.514163 0.857693 0
    outer loop
      vertex 36.2426 -23.9373 4
      vertex 37.0001 -23.4832 0
      vertex 36.2426 -23.9373 0
    endloop
  endfacet
  facet normal 0.671513 -0.740993 0
    outer loop
      vertex 25.636 -9.63604 0
      vertex 26.2905 -9.04291 4
      vertex 25.636 -9.63604 4
    endloop
  endfacet
  facet normal 0.671513 -0.740993 0
    outer loop
      vertex 26.2905 -9.04291 4
      vertex 25.636 -9.63604 0
      vertex 26.2905 -9.04291 0
    endloop
  endfacet
  facet normal -0.671494 0.74101 0
    outer loop
      vertex 38.364 -22.364 0
      vertex 37.7095 -22.9571 4
      vertex 38.364 -22.364 4
    endloop
  endfacet
  facet normal -0.671494 0.74101 0
    outer loop
      vertex 37.7095 -22.9571 4
      vertex 38.364 -22.364 0
      vertex 37.7095 -22.9571 0
    endloop
  endfacet
  facet normal 0.0490228 0.998798 -0
    outer loop
      vertex 32 -25 0
      vertex 31.1178 -24.9567 4
      vertex 32 -25 4
    endloop
  endfacet
  facet normal 0.0490228 0.998798 0
    outer loop
      vertex 31.1178 -24.9567 4
      vertex 32 -25 0
      vertex 31.1178 -24.9567 0
    endloop
  endfacet
  facet normal 0.740989 -0.671517 0
    outer loop
      vertex 25.0429 -10.2905 4
      vertex 25.636 -9.63604 0
      vertex 25.636 -9.63604 4
    endloop
  endfacet
  facet normal 0.740989 -0.671517 0
    outer loop
      vertex 25.636 -9.63604 0
      vertex 25.0429 -10.2905 4
      vertex 25.0429 -10.2905 0
    endloop
  endfacet
  facet normal 0.941527 -0.336939 0
    outer loop
      vertex 23.3875 -13.3874 4
      vertex 23.6851 -12.5558 0
      vertex 23.6851 -12.5558 4
    endloop
  endfacet
  facet normal 0.941527 -0.336939 0
    outer loop
      vertex 23.6851 -12.5558 0
      vertex 23.3875 -13.3874 4
      vertex 23.3875 -13.3874 0
    endloop
  endfacet
  facet normal -0.904017 0.427497 0
    outer loop
      vertex 39.9373 -20.2426 0
      vertex 40.3149 -19.4441 4
      vertex 40.3149 -19.4441 0
    endloop
  endfacet
  facet normal -0.904017 0.427497 0
    outer loop
      vertex 40.3149 -19.4441 4
      vertex 39.9373 -20.2426 0
      vertex 39.9373 -20.2426 4
    endloop
  endfacet
  facet normal -0.0490228 0.998798 0
    outer loop
      vertex 32.8822 -24.9567 0
      vertex 32 -25 4
      vertex 32.8822 -24.9567 4
    endloop
  endfacet
  facet normal -0.0490228 0.998798 0
    outer loop
      vertex 32 -25 4
      vertex 32.8822 -24.9567 0
      vertex 32 -25 0
    endloop
  endfacet
  facet normal -0.941514 0.336975 0
    outer loop
      vertex 40.3149 -19.4441 0
      vertex 40.6125 -18.6126 4
      vertex 40.6125 -18.6126 0
    endloop
  endfacet
  facet normal -0.941514 0.336975 0
    outer loop
      vertex 40.6125 -18.6126 4
      vertex 40.3149 -19.4441 0
      vertex 40.3149 -19.4441 4
    endloop
  endfacet
  facet normal 0.998798 -0.0490228 0
    outer loop
      vertex 23 -16 4
      vertex 23.0433 -15.1178 0
      vertex 23.0433 -15.1178 4
    endloop
  endfacet
  facet normal 0.998798 -0.0490228 0
    outer loop
      vertex 23.0433 -15.1178 0
      vertex 23 -16 4
      vertex 23 -16 0
    endloop
  endfacet
  facet normal -0.740989 -0.671517 0
    outer loop
      vertex 38.9571 -10.2905 0
      vertex 38.364 -9.63604 4
      vertex 38.364 -9.63604 0
    endloop
  endfacet
  facet normal -0.740989 -0.671517 0
    outer loop
      vertex 38.364 -9.63604 4
      vertex 38.9571 -10.2905 0
      vertex 38.9571 -10.2905 4
    endloop
  endfacet
  facet normal -0.857693 0.514163 0
    outer loop
      vertex 39.4832 -21.0001 0
      vertex 39.9373 -20.2426 4
      vertex 39.9373 -20.2426 0
    endloop
  endfacet
  facet normal -0.857693 0.514163 0
    outer loop
      vertex 39.9373 -20.2426 4
      vertex 39.4832 -21.0001 0
      vertex 39.4832 -21.0001 4
    endloop
  endfacet
  facet normal -0.242962 0.970036 0
    outer loop
      vertex 34.6126 -24.6125 0
      vertex 33.7558 -24.8271 4
      vertex 34.6126 -24.6125 4
    endloop
  endfacet
  facet normal -0.242962 0.970036 0
    outer loop
      vertex 33.7558 -24.8271 4
      vertex 34.6126 -24.6125 0
      vertex 33.7558 -24.8271 0
    endloop
  endfacet
  facet normal 0.857693 0.514163 0
    outer loop
      vertex 24.5168 -21.0001 4
      vertex 24.0627 -20.2426 0
      vertex 24.0627 -20.2426 4
    endloop
  endfacet
  facet normal 0.857693 0.514163 0
    outer loop
      vertex 24.0627 -20.2426 0
      vertex 24.5168 -21.0001 4
      vertex 24.5168 -21.0001 0
    endloop
  endfacet
  facet normal 0.998798 0.0490228 0
    outer loop
      vertex 23.0433 -16.8822 4
      vertex 23 -16 0
      vertex 23 -16 4
    endloop
  endfacet
  facet normal 0.998798 0.0490228 0
    outer loop
      vertex 23 -16 0
      vertex 23.0433 -16.8822 4
      vertex 23.0433 -16.8822 0
    endloop
  endfacet
  facet normal 0.146746 0.989174 -0
    outer loop
      vertex 31.1178 -24.9567 0
      vertex 30.2442 -24.8271 4
      vertex 31.1178 -24.9567 4
    endloop
  endfacet
  facet normal 0.146746 0.989174 0
    outer loop
      vertex 30.2442 -24.8271 4
      vertex 31.1178 -24.9567 0
      vertex 30.2442 -24.8271 0
    endloop
  endfacet
  facet normal 0.803222 -0.59568 0
    outer loop
      vertex 24.5168 -10.9999 4
      vertex 25.0429 -10.2905 0
      vertex 25.0429 -10.2905 4
    endloop
  endfacet
  facet normal 0.803222 -0.59568 0
    outer loop
      vertex 25.0429 -10.2905 0
      vertex 24.5168 -10.9999 4
      vertex 24.5168 -10.9999 0
    endloop
  endfacet
  facet normal 0.336879 0.941548 -0
    outer loop
      vertex 29.3874 7.38754 0
      vertex 28.5558 7.68508 4
      vertex 29.3874 7.38754 4
    endloop
  endfacet
  facet normal 0.336879 0.941548 0
    outer loop
      vertex 28.5558 7.68508 4
      vertex 29.3874 7.38754 0
      vertex 28.5558 7.68508 0
    endloop
  endfacet
  facet normal -0.989174 -0.146746 0
    outer loop
      vertex 40.9567 16.8822 0
      vertex 40.8271 17.7558 4
      vertex 40.8271 17.7558 0
    endloop
  endfacet
  facet normal -0.989174 -0.146746 0
    outer loop
      vertex 40.8271 17.7558 4
      vertex 40.9567 16.8822 0
      vertex 40.9567 16.8822 4
    endloop
  endfacet
  facet normal -0.998798 -0.0490228 0
    outer loop
      vertex 41 16 0
      vertex 40.9567 16.8822 4
      vertex 40.9567 16.8822 0
    endloop
  endfacet
  facet normal -0.998798 -0.0490228 0
    outer loop
      vertex 40.9567 16.8822 4
      vertex 41 16 0
      vertex 41 16 4
    endloop
  endfacet
  facet normal -0.970036 -0.242962 0
    outer loop
      vertex 40.8271 17.7558 0
      vertex 40.6125 18.6126 4
      vertex 40.6125 18.6126 0
    endloop
  endfacet
  facet normal -0.970036 -0.242962 0
    outer loop
      vertex 40.6125 18.6126 4
      vertex 40.8271 17.7558 0
      vertex 40.8271 17.7558 4
    endloop
  endfacet
  facet normal 0.989174 -0.146746 0
    outer loop
      vertex 23.0433 16.8822 4
      vertex 23.1729 17.7558 0
      vertex 23.1729 17.7558 4
    endloop
  endfacet
  facet normal 0.989174 -0.146746 0
    outer loop
      vertex 23.1729 17.7558 0
      vertex 23.0433 16.8822 4
      vertex 23.0433 16.8822 0
    endloop
  endfacet
  facet normal 0.242972 0.970033 -0
    outer loop
      vertex 30.2442 7.17293 0
      vertex 29.3874 7.38754 4
      vertex 30.2442 7.17293 4
    endloop
  endfacet
  facet normal 0.242972 0.970033 0
    outer loop
      vertex 29.3874 7.38754 4
      vertex 30.2442 7.17293 0
      vertex 29.3874 7.38754 0
    endloop
  endfacet
  facet normal -0.336975 -0.941514 0
    outer loop
      vertex 34.6126 24.6125 0
      vertex 35.4441 24.3149 4
      vertex 34.6126 24.6125 4
    endloop
  endfacet
  facet normal -0.336975 -0.941514 -0
    outer loop
      vertex 35.4441 24.3149 4
      vertex 34.6126 24.6125 0
      vertex 35.4441 24.3149 0
    endloop
  endfacet
  facet normal 0.514163 -0.857693 0
    outer loop
      vertex 26.9999 23.4832 0
      vertex 27.7574 23.9373 4
      vertex 26.9999 23.4832 4
    endloop
  endfacet
  facet normal 0.514163 -0.857693 0
    outer loop
      vertex 27.7574 23.9373 4
      vertex 26.9999 23.4832 0
      vertex 27.7574 23.9373 0
    endloop
  endfacet
  facet normal 0.903996 0.427541 0
    outer loop
      vertex 24.0627 11.7574 4
      vertex 23.6851 12.5558 0
      vertex 23.6851 12.5558 4
    endloop
  endfacet
  facet normal 0.903996 0.427541 0
    outer loop
      vertex 23.6851 12.5558 0
      vertex 24.0627 11.7574 4
      vertex 24.0627 11.7574 0
    endloop
  endfacet
  facet normal 0.242962 -0.970036 0
    outer loop
      vertex 29.3874 24.6125 0
      vertex 30.2442 24.8271 4
      vertex 29.3874 24.6125 4
    endloop
  endfacet
  facet normal 0.242962 -0.970036 0
    outer loop
      vertex 30.2442 24.8271 4
      vertex 29.3874 24.6125 0
      vertex 30.2442 24.8271 0
    endloop
  endfacet
  facet normal 0.857693 0.514163 0
    outer loop
      vertex 24.5168 10.9999 4
      vertex 24.0627 11.7574 0
      vertex 24.0627 11.7574 4
    endloop
  endfacet
  facet normal 0.857693 0.514163 0
    outer loop
      vertex 24.0627 11.7574 0
      vertex 24.5168 10.9999 4
      vertex 24.5168 10.9999 0
    endloop
  endfacet
  facet normal -0.242972 0.970033 0
    outer loop
      vertex 34.6126 7.38754 0
      vertex 33.7558 7.17293 4
      vertex 34.6126 7.38754 4
    endloop
  endfacet
  facet normal -0.242972 0.970033 0
    outer loop
      vertex 33.7558 7.17293 4
      vertex 34.6126 7.38754 0
      vertex 33.7558 7.17293 0
    endloop
  endfacet
  facet normal 0.595709 0.8032 -0
    outer loop
      vertex 26.9999 8.51677 0
      vertex 26.2905 9.04291 4
      vertex 26.9999 8.51677 4
    endloop
  endfacet
  facet normal 0.595709 0.8032 0
    outer loop
      vertex 26.2905 9.04291 4
      vertex 26.9999 8.51677 0
      vertex 26.2905 9.04291 0
    endloop
  endfacet
  facet normal -0.514129 0.857713 0
    outer loop
      vertex 37.0001 8.51677 0
      vertex 36.2426 8.06271 4
      vertex 37.0001 8.51677 4
    endloop
  endfacet
  facet normal -0.514129 0.857713 0
    outer loop
      vertex 36.2426 8.06271 4
      vertex 37.0001 8.51677 0
      vertex 36.2426 8.06271 0
    endloop
  endfacet
  facet normal -0.803222 0.59568 0
    outer loop
      vertex 38.9571 10.2905 0
      vertex 39.4832 10.9999 4
      vertex 39.4832 10.9999 0
    endloop
  endfacet
  facet normal -0.803222 0.59568 0
    outer loop
      vertex 39.4832 10.9999 4
      vertex 38.9571 10.2905 0
      vertex 38.9571 10.2905 4
    endloop
  endfacet
  facet normal -0.146746 -0.989174 0
    outer loop
      vertex 32.8822 24.9567 0
      vertex 33.7558 24.8271 4
      vertex 32.8822 24.9567 4
    endloop
  endfacet
  facet normal -0.146746 -0.989174 -0
    outer loop
      vertex 33.7558 24.8271 4
      vertex 32.8822 24.9567 0
      vertex 33.7558 24.8271 0
    endloop
  endfacet
  facet normal 0.59568 -0.803222 0
    outer loop
      vertex 26.2905 22.9571 0
      vertex 26.9999 23.4832 4
      vertex 26.2905 22.9571 4
    endloop
  endfacet
  facet normal 0.59568 -0.803222 0
    outer loop
      vertex 26.9999 23.4832 4
      vertex 26.2905 22.9571 0
      vertex 26.9999 23.4832 0
    endloop
  endfacet
  facet normal -0.427525 0.904003 0
    outer loop
      vertex 36.2426 8.06271 0
      vertex 35.4441 7.68508 4
      vertex 36.2426 8.06271 4
    endloop
  endfacet
  facet normal -0.427525 0.904003 0
    outer loop
      vertex 35.4441 7.68508 4
      vertex 36.2426 8.06271 0
      vertex 35.4441 7.68508 0
    endloop
  endfacet
  facet normal 0.803222 -0.59568 0
    outer loop
      vertex 24.5168 21.0001 4
      vertex 25.0429 21.7095 0
      vertex 25.0429 21.7095 4
    endloop
  endfacet
  facet normal 0.803222 -0.59568 0
    outer loop
      vertex 25.0429 21.7095 0
      vertex 24.5168 21.0001 4
      vertex 24.5168 21.0001 0
    endloop
  endfacet
  facet normal -0.989174 0.146746 0
    outer loop
      vertex 40.8271 14.2442 0
      vertex 40.9567 15.1178 4
      vertex 40.9567 15.1178 0
    endloop
  endfacet
  facet normal -0.989174 0.146746 0
    outer loop
      vertex 40.9567 15.1178 4
      vertex 40.8271 14.2442 0
      vertex 40.8271 14.2442 4
    endloop
  endfacet
  facet normal 0.941514 -0.336975 0
    outer loop
      vertex 23.3875 18.6126 4
      vertex 23.6851 19.4441 0
      vertex 23.6851 19.4441 4
    endloop
  endfacet
  facet normal 0.941514 -0.336975 0
    outer loop
      vertex 23.6851 19.4441 0
      vertex 23.3875 18.6126 4
      vertex 23.3875 18.6126 0
    endloop
  endfacet
  facet normal -0.427497 -0.904017 0
    outer loop
      vertex 35.4441 24.3149 0
      vertex 36.2426 23.9373 4
      vertex 35.4441 24.3149 4
    endloop
  endfacet
  facet normal -0.427497 -0.904017 -0
    outer loop
      vertex 36.2426 23.9373 4
      vertex 35.4441 24.3149 0
      vertex 36.2426 23.9373 0
    endloop
  endfacet
  facet normal 0.941527 0.336939 0
    outer loop
      vertex 23.6851 12.5558 4
      vertex 23.3875 13.3874 0
      vertex 23.3875 13.3874 4
    endloop
  endfacet
  facet normal 0.941527 0.336939 0
    outer loop
      vertex 23.3875 13.3874 0
      vertex 23.6851 12.5558 4
      vertex 23.6851 12.5558 0
    endloop
  endfacet
  facet normal -0.970036 0.242962 0
    outer loop
      vertex 40.6125 13.3874 0
      vertex 40.8271 14.2442 4
      vertex 40.8271 14.2442 0
    endloop
  endfacet
  facet normal -0.970036 0.242962 0
    outer loop
      vertex 40.8271 14.2442 4
      vertex 40.6125 13.3874 0
      vertex 40.6125 13.3874 4
    endloop
  endfacet
  facet normal 0.0490228 -0.998798 0
    outer loop
      vertex 31.1178 24.9567 0
      vertex 32 25 4
      vertex 31.1178 24.9567 4
    endloop
  endfacet
  facet normal 0.0490228 -0.998798 0
    outer loop
      vertex 32 25 4
      vertex 31.1178 24.9567 0
      vertex 32 25 0
    endloop
  endfacet
  facet normal -0.671494 -0.74101 0
    outer loop
      vertex 37.7095 22.9571 0
      vertex 38.364 22.364 4
      vertex 37.7095 22.9571 4
    endloop
  endfacet
  facet normal -0.671494 -0.74101 -0
    outer loop
      vertex 38.364 22.364 4
      vertex 37.7095 22.9571 0
      vertex 38.364 22.364 0
    endloop
  endfacet
  facet normal 0.427541 -0.903996 0
    outer loop
      vertex 27.7574 23.9373 0
      vertex 28.5558 24.3149 4
      vertex 27.7574 23.9373 4
    endloop
  endfacet
  facet normal 0.427541 -0.903996 0
    outer loop
      vertex 28.5558 24.3149 4
      vertex 27.7574 23.9373 0
      vertex 28.5558 24.3149 0
    endloop
  endfacet
  facet normal 0.671494 -0.74101 0
    outer loop
      vertex 25.636 22.364 0
      vertex 26.2905 22.9571 4
      vertex 25.636 22.364 4
    endloop
  endfacet
  facet normal 0.671494 -0.74101 0
    outer loop
      vertex 26.2905 22.9571 4
      vertex 25.636 22.364 0
      vertex 26.2905 22.9571 0
    endloop
  endfacet
  facet normal -0.336914 0.941535 0
    outer loop
      vertex 35.4441 7.68508 0
      vertex 34.6126 7.38754 4
      vertex 35.4441 7.68508 4
    endloop
  endfacet
  facet normal -0.336914 0.941535 0
    outer loop
      vertex 34.6126 7.38754 4
      vertex 35.4441 7.68508 0
      vertex 34.6126 7.38754 0
    endloop
  endfacet
  facet normal 0.336939 -0.941527 0
    outer loop
      vertex 28.5558 24.3149 0
      vertex 29.3874 24.6125 4
      vertex 28.5558 24.3149 4
    endloop
  endfacet
  facet normal 0.336939 -0.941527 0
    outer loop
      vertex 29.3874 24.6125 4
      vertex 28.5558 24.3149 0
      vertex 29.3874 24.6125 0
    endloop
  endfacet
  facet normal -0.803222 -0.59568 0
    outer loop
      vertex 39.4832 21.0001 0
      vertex 38.9571 21.7095 4
      vertex 38.9571 21.7095 0
    endloop
  endfacet
  facet normal -0.803222 -0.59568 0
    outer loop
      vertex 38.9571 21.7095 4
      vertex 39.4832 21.0001 0
      vertex 39.4832 21.0001 4
    endloop
  endfacet
  facet normal 0.857693 -0.514163 0
    outer loop
      vertex 24.0627 20.2426 4
      vertex 24.5168 21.0001 0
      vertex 24.5168 21.0001 4
    endloop
  endfacet
  facet normal 0.857693 -0.514163 0
    outer loop
      vertex 24.5168 21.0001 0
      vertex 24.0627 20.2426 4
      vertex 24.0627 20.2426 0
    endloop
  endfacet
  facet normal -0.998798 0.0490228 0
    outer loop
      vertex 40.9567 15.1178 0
      vertex 41 16 4
      vertex 41 16 0
    endloop
  endfacet
  facet normal -0.998798 0.0490228 0
    outer loop
      vertex 41 16 4
      vertex 40.9567 15.1178 0
      vertex 40.9567 15.1178 4
    endloop
  endfacet
  facet normal -0.903996 0.427541 0
    outer loop
      vertex 39.9373 11.7574 0
      vertex 40.3149 12.5558 4
      vertex 40.3149 12.5558 0
    endloop
  endfacet
  facet normal -0.903996 0.427541 0
    outer loop
      vertex 40.3149 12.5558 4
      vertex 39.9373 11.7574 0
      vertex 39.9373 11.7574 4
    endloop
  endfacet
  facet normal 0.671513 0.740993 -0
    outer loop
      vertex 26.2905 9.04291 0
      vertex 25.636 9.63604 4
      vertex 26.2905 9.04291 4
    endloop
  endfacet
  facet normal 0.671513 0.740993 0
    outer loop
      vertex 25.636 9.63604 4
      vertex 26.2905 9.04291 0
      vertex 25.636 9.63604 0
    endloop
  endfacet
  facet normal -0.59568 -0.803222 0
    outer loop
      vertex 37.0001 23.4832 0
      vertex 37.7095 22.9571 4
      vertex 37.0001 23.4832 4
    endloop
  endfacet
  facet normal -0.59568 -0.803222 -0
    outer loop
      vertex 37.7095 22.9571 4
      vertex 37.0001 23.4832 0
      vertex 37.7095 22.9571 0
    endloop
  endfacet
  facet normal 0.514129 0.857713 -0
    outer loop
      vertex 27.7574 8.06271 0
      vertex 26.9999 8.51677 4
      vertex 27.7574 8.06271 4
    endloop
  endfacet
  facet normal 0.514129 0.857713 0
    outer loop
      vertex 26.9999 8.51677 4
      vertex 27.7574 8.06271 0
      vertex 26.9999 8.51677 0
    endloop
  endfacet
  facet normal -0.514163 -0.857693 0
    outer loop
      vertex 36.2426 23.9373 0
      vertex 37.0001 23.4832 4
      vertex 36.2426 23.9373 4
    endloop
  endfacet
  facet normal -0.514163 -0.857693 -0
    outer loop
      vertex 37.0001 23.4832 4
      vertex 36.2426 23.9373 0
      vertex 37.0001 23.4832 0
    endloop
  endfacet
  facet normal -0.146735 0.989176 0
    outer loop
      vertex 33.7558 7.17293 0
      vertex 32.8822 7.04334 4
      vertex 33.7558 7.17293 4
    endloop
  endfacet
  facet normal -0.146735 0.989176 0
    outer loop
      vertex 32.8822 7.04334 4
      vertex 33.7558 7.17293 0
      vertex 32.8822 7.04334 0
    endloop
  endfacet
  facet normal -0.941514 -0.336975 0
    outer loop
      vertex 40.6125 18.6126 0
      vertex 40.3149 19.4441 4
      vertex 40.3149 19.4441 0
    endloop
  endfacet
  facet normal -0.941514 -0.336975 0
    outer loop
      vertex 40.3149 19.4441 4
      vertex 40.6125 18.6126 0
      vertex 40.6125 18.6126 4
    endloop
  endfacet
  facet normal -0.857693 0.514163 0
    outer loop
      vertex 39.4832 10.9999 0
      vertex 39.9373 11.7574 4
      vertex 39.9373 11.7574 0
    endloop
  endfacet
  facet normal -0.857693 0.514163 0
    outer loop
      vertex 39.9373 11.7574 4
      vertex 39.4832 10.9999 0
      vertex 39.4832 10.9999 4
    endloop
  endfacet
  facet normal 0.998798 0.0490228 0
    outer loop
      vertex 23.0433 15.1178 4
      vertex 23 16 0
      vertex 23 16 4
    endloop
  endfacet
  facet normal 0.998798 0.0490228 0
    outer loop
      vertex 23 16 0
      vertex 23.0433 15.1178 4
      vertex 23.0433 15.1178 0
    endloop
  endfacet
  facet normal -0.941527 0.336939 0
    outer loop
      vertex 40.3149 12.5558 0
      vertex 40.6125 13.3874 4
      vertex 40.6125 13.3874 0
    endloop
  endfacet
  facet normal -0.941527 0.336939 0
    outer loop
      vertex 40.6125 13.3874 4
      vertex 40.3149 12.5558 0
      vertex 40.3149 12.5558 4
    endloop
  endfacet
  facet normal 0.146746 -0.989174 0
    outer loop
      vertex 30.2442 24.8271 0
      vertex 31.1178 24.9567 4
      vertex 30.2442 24.8271 4
    endloop
  endfacet
  facet normal 0.146746 -0.989174 0
    outer loop
      vertex 31.1178 24.9567 4
      vertex 30.2442 24.8271 0
      vertex 31.1178 24.9567 0
    endloop
  endfacet
  facet normal -0.74101 -0.671494 0
    outer loop
      vertex 38.9571 21.7095 0
      vertex 38.364 22.364 4
      vertex 38.364 22.364 0
    endloop
  endfacet
  facet normal -0.74101 -0.671494 0
    outer loop
      vertex 38.364 22.364 4
      vertex 38.9571 21.7095 0
      vertex 38.9571 21.7095 4
    endloop
  endfacet
  facet normal -0.0490228 -0.998798 0
    outer loop
      vertex 32 25 0
      vertex 32.8822 24.9567 4
      vertex 32 25 4
    endloop
  endfacet
  facet normal -0.0490228 -0.998798 -0
    outer loop
      vertex 32.8822 24.9567 4
      vertex 32 25 0
      vertex 32.8822 24.9567 0
    endloop
  endfacet
  facet normal -0.904017 -0.427497 0
    outer loop
      vertex 40.3149 19.4441 0
      vertex 39.9373 20.2426 4
      vertex 39.9373 20.2426 0
    endloop
  endfacet
  facet normal -0.904017 -0.427497 0
    outer loop
      vertex 39.9373 20.2426 4
      vertex 40.3149 19.4441 0
      vertex 40.3149 19.4441 4
    endloop
  endfacet
  facet normal 0.146735 0.989176 -0
    outer loop
      vertex 31.1178 7.04334 0
      vertex 30.2442 7.17293 4
      vertex 31.1178 7.04334 4
    endloop
  endfacet
  facet normal 0.146735 0.989176 0
    outer loop
      vertex 30.2442 7.17293 4
      vertex 31.1178 7.04334 0
      vertex 30.2442 7.17293 0
    endloop
  endfacet
  facet normal -0.671513 0.740993 0
    outer loop
      vertex 38.364 9.63604 0
      vertex 37.7095 9.04291 4
      vertex 38.364 9.63604 4
    endloop
  endfacet
  facet normal -0.671513 0.740993 0
    outer loop
      vertex 37.7095 9.04291 4
      vertex 38.364 9.63604 0
      vertex 37.7095 9.04291 0
    endloop
  endfacet
  facet normal -0.857693 -0.514163 0
    outer loop
      vertex 39.9373 20.2426 0
      vertex 39.4832 21.0001 4
      vertex 39.4832 21.0001 0
    endloop
  endfacet
  facet normal -0.857693 -0.514163 0
    outer loop
      vertex 39.4832 21.0001 4
      vertex 39.9373 20.2426 0
      vertex 39.9373 20.2426 4
    endloop
  endfacet
  facet normal 0.049068 0.998795 -0
    outer loop
      vertex 32 7 0
      vertex 31.1178 7.04334 4
      vertex 32 7 4
    endloop
  endfacet
  facet normal 0.049068 0.998795 0
    outer loop
      vertex 31.1178 7.04334 4
      vertex 32 7 0
      vertex 31.1178 7.04334 0
    endloop
  endfacet
  facet normal 0.74101 -0.671494 0
    outer loop
      vertex 25.0429 21.7095 4
      vertex 25.636 22.364 0
      vertex 25.636 22.364 4
    endloop
  endfacet
  facet normal 0.74101 -0.671494 0
    outer loop
      vertex 25.636 22.364 0
      vertex 25.0429 21.7095 4
      vertex 25.0429 21.7095 0
    endloop
  endfacet
  facet normal 0.904017 -0.427497 0
    outer loop
      vertex 23.6851 19.4441 4
      vertex 24.0627 20.2426 0
      vertex 24.0627 20.2426 4
    endloop
  endfacet
  facet normal 0.904017 -0.427497 0
    outer loop
      vertex 24.0627 20.2426 0
      vertex 23.6851 19.4441 4
      vertex 23.6851 19.4441 0
    endloop
  endfacet
  facet normal 0.970036 -0.242962 0
    outer loop
      vertex 23.1729 17.7558 4
      vertex 23.3875 18.6126 0
      vertex 23.3875 18.6126 4
    endloop
  endfacet
  facet normal 0.970036 -0.242962 0
    outer loop
      vertex 23.3875 18.6126 0
      vertex 23.1729 17.7558 4
      vertex 23.1729 17.7558 0
    endloop
  endfacet
  facet normal -0.242962 -0.970036 0
    outer loop
      vertex 33.7558 24.8271 0
      vertex 34.6126 24.6125 4
      vertex 33.7558 24.8271 4
    endloop
  endfacet
  facet normal -0.242962 -0.970036 -0
    outer loop
      vertex 34.6126 24.6125 4
      vertex 33.7558 24.8271 0
      vertex 34.6126 24.6125 0
    endloop
  endfacet
  facet normal 0.970036 0.242962 0
    outer loop
      vertex 23.3875 13.3874 4
      vertex 23.1729 14.2442 0
      vertex 23.1729 14.2442 4
    endloop
  endfacet
  facet normal 0.970036 0.242962 0
    outer loop
      vertex 23.1729 14.2442 0
      vertex 23.3875 13.3874 4
      vertex 23.3875 13.3874 0
    endloop
  endfacet
  facet normal 0.427569 0.903983 -0
    outer loop
      vertex 28.5558 7.68508 0
      vertex 27.7574 8.06271 4
      vertex 28.5558 7.68508 4
    endloop
  endfacet
  facet normal 0.427569 0.903983 0
    outer loop
      vertex 27.7574 8.06271 4
      vertex 28.5558 7.68508 0
      vertex 27.7574 8.06271 0
    endloop
  endfacet
  facet normal 0.740989 0.671517 0
    outer loop
      vertex 25.636 9.63604 4
      vertex 25.0429 10.2905 0
      vertex 25.0429 10.2905 4
    endloop
  endfacet
  facet normal 0.740989 0.671517 0
    outer loop
      vertex 25.0429 10.2905 0
      vertex 25.636 9.63604 4
      vertex 25.636 9.63604 0
    endloop
  endfacet
  facet normal -0.049068 0.998795 0
    outer loop
      vertex 32.8822 7.04334 0
      vertex 32 7 4
      vertex 32.8822 7.04334 4
    endloop
  endfacet
  facet normal -0.049068 0.998795 0
    outer loop
      vertex 32 7 4
      vertex 32.8822 7.04334 0
      vertex 32 7 0
    endloop
  endfacet
  facet normal 0.989174 0.146746 0
    outer loop
      vertex 23.1729 14.2442 4
      vertex 23.0433 15.1178 0
      vertex 23.0433 15.1178 4
    endloop
  endfacet
  facet normal 0.989174 0.146746 0
    outer loop
      vertex 23.0433 15.1178 0
      vertex 23.1729 14.2442 4
      vertex 23.1729 14.2442 0
    endloop
  endfacet
  facet normal -0.595709 0.8032 0
    outer loop
      vertex 37.7095 9.04291 0
      vertex 37.0001 8.51677 4
      vertex 37.7095 9.04291 4
    endloop
  endfacet
  facet normal -0.595709 0.8032 0
    outer loop
      vertex 37.0001 8.51677 4
      vertex 37.7095 9.04291 0
      vertex 37.0001 8.51677 0
    endloop
  endfacet
  facet normal 0.803222 0.59568 0
    outer loop
      vertex 25.0429 10.2905 4
      vertex 24.5168 10.9999 0
      vertex 24.5168 10.9999 4
    endloop
  endfacet
  facet normal 0.803222 0.59568 0
    outer loop
      vertex 24.5168 10.9999 0
      vertex 25.0429 10.2905 4
      vertex 25.0429 10.2905 0
    endloop
  endfacet
  facet normal 0.998798 -0.0490228 0
    outer loop
      vertex 23 16 4
      vertex 23.0433 16.8822 0
      vertex 23.0433 16.8822 4
    endloop
  endfacet
  facet normal 0.998798 -0.0490228 0
    outer loop
      vertex 23.0433 16.8822 0
      vertex 23 16 4
      vertex 23 16 0
    endloop
  endfacet
  facet normal -0.740989 0.671517 0
    outer loop
      vertex 38.364 9.63604 0
      vertex 38.9571 10.2905 4
      vertex 38.9571 10.2905 0
    endloop
  endfacet
  facet normal -0.740989 0.671517 0
    outer loop
      vertex 38.9571 10.2905 4
      vertex 38.364 9.63604 0
      vertex 38.364 9.63604 4
    endloop
  endfacet
  facet normal -0.933001 0.359873 0
    outer loop
      vertex -51.7849 18.5289 0
      vertex -50.8134 21.0476 4
      vertex -50.8134 21.0476 0
    endloop
  endfacet
  facet normal -0.933001 0.359873 0
    outer loop
      vertex -50.8134 21.0476 4
      vertex -51.7849 18.5289 0
      vertex -51.7849 18.5289 4
    endloop
  endfacet
  facet normal -0.999699 0.0245228 0
    outer loop
      vertex -55 0 0
      vertex -54.9338 2.69872 4
      vertex -54.9338 2.69872 0
    endloop
  endfacet
  facet normal -0.999699 0.0245228 0
    outer loop
      vertex -54.9338 2.69872 4
      vertex -55 0 0
      vertex -55 0 4
    endloop
  endfacet
  facet normal 0.99729 0.0735682 0
    outer loop
      vertex 54.9338 2.69872 4
      vertex 54.7352 5.39094 0
      vertex 54.7352 5.39094 4
    endloop
  endfacet
  facet normal 0.99729 0.0735682 0
    outer loop
      vertex 54.7352 5.39094 0
      vertex 54.9338 2.69872 4
      vertex 54.9338 2.69872 0
    endloop
  endfacet
  facet normal 0.999699 0.0245228 0
    outer loop
      vertex 55 0 4
      vertex 54.9338 2.69872 0
      vertex 54.9338 2.69872 4
    endloop
  endfacet
  facet normal 0.999699 0.0245228 0
    outer loop
      vertex 54.9338 2.69872 0
      vertex 55 0 4
      vertex 55 0 0
    endloop
  endfacet
  facet normal 0.992477 0.122428 0
    outer loop
      vertex 54.7352 5.39094 4
      vertex 54.4047 8.07018 0
      vertex 54.4047 8.07018 4
    endloop
  endfacet
  facet normal 0.992477 0.122428 0
    outer loop
      vertex 54.4047 8.07018 0
      vertex 54.7352 5.39094 4
      vertex 54.7352 5.39094 0
    endloop
  endfacet
  facet normal 0.0735682 -0.99729 0
    outer loop
      vertex 2.69872 -54.9338 0
      vertex 5.39094 -54.7352 4
      vertex 2.69872 -54.9338 4
    endloop
  endfacet
  facet normal 0.0735682 -0.99729 0
    outer loop
      vertex 5.39094 -54.7352 4
      vertex 2.69872 -54.9338 0
      vertex 5.39094 -54.7352 0
    endloop
  endfacet
  facet normal 0.844843 0.535014 0
    outer loop
      vertex 47.1751 28.2757 4
      vertex 45.7308 30.5564 0
      vertex 45.7308 30.5564 4
    endloop
  endfacet
  facet normal 0.844843 0.535014 0
    outer loop
      vertex 45.7308 30.5564 0
      vertex 47.1751 28.2757 4
      vertex 47.1751 28.2757 0
    endloop
  endfacet
  facet normal 0.653183 0.7572 -0
    outer loop
      vertex 36.9357 40.7523 0
      vertex 34.8916 42.5156 4
      vertex 36.9357 40.7523 4
    endloop
  endfacet
  facet normal 0.653183 0.7572 0
    outer loop
      vertex 34.8916 42.5156 4
      vertex 36.9357 40.7523 0
      vertex 34.8916 42.5156 0
    endloop
  endfacet
  facet normal -0.963777 0.266708 0
    outer loop
      vertex -53.3517 13.3639 0
      vertex -52.6317 15.9657 4
      vertex -52.6317 15.9657 0
    endloop
  endfacet
  facet normal -0.963777 0.266708 0
    outer loop
      vertex -52.6317 15.9657 4
      vertex -53.3517 13.3639 0
      vertex -53.3517 13.3639 4
    endloop
  endfacet
  facet normal 0.68952 -0.724267 0
    outer loop
      vertex 36.9357 -40.7523 0
      vertex 38.8909 -38.8909 4
      vertex 36.9357 -40.7523 4
    endloop
  endfacet
  facet normal 0.68952 -0.724267 0
    outer loop
      vertex 38.8909 -38.8909 4
      vertex 36.9357 -40.7523 0
      vertex 38.8909 -38.8909 0
    endloop
  endfacet
  facet normal 0.985279 -0.170954 0
    outer loop
      vertex 53.9432 -10.73 4
      vertex 54.4047 -8.07018 0
      vertex 54.4047 -8.07018 4
    endloop
  endfacet
  facet normal 0.985279 -0.170954 0
    outer loop
      vertex 54.4047 -8.07018 0
      vertex 53.9432 -10.73 4
      vertex 53.9432 -10.73 0
    endloop
  endfacet
  facet normal 0.949525 0.313693 0
    outer loop
      vertex 52.6317 15.9657 4
      vertex 51.7849 18.5289 0
      vertex 51.7849 18.5289 4
    endloop
  endfacet
  facet normal 0.949525 0.313693 0
    outer loop
      vertex 51.7849 18.5289 0
      vertex 52.6317 15.9657 4
      vertex 52.6317 15.9657 0
    endloop
  endfacet
  facet normal -0.975699 -0.219115 0
    outer loop
      vertex -53.3517 -13.3639 0
      vertex -53.9432 -10.73 4
      vertex -53.9432 -10.73 0
    endloop
  endfacet
  facet normal -0.975699 -0.219115 0
    outer loop
      vertex -53.9432 -10.73 4
      vertex -53.3517 -13.3639 0
      vertex -53.3517 -13.3639 4
    endloop
  endfacet
  facet normal 0.7572 -0.653183 0
    outer loop
      vertex 40.7523 -36.9357 4
      vertex 42.5156 -34.8916 0
      vertex 42.5156 -34.8916 4
    endloop
  endfacet
  facet normal 0.7572 -0.653183 0
    outer loop
      vertex 42.5156 -34.8916 0
      vertex 40.7523 -36.9357 4
      vertex 40.7523 -36.9357 0
    endloop
  endfacet
  facet normal -0.68952 -0.724267 0
    outer loop
      vertex -38.8909 -38.8909 0
      vertex -36.9357 -40.7523 4
      vertex -38.8909 -38.8909 4
    endloop
  endfacet
  facet normal -0.68952 -0.724267 -0
    outer loop
      vertex -36.9357 -40.7523 4
      vertex -38.8909 -38.8909 0
      vertex -36.9357 -40.7523 0
    endloop
  endfacet
  facet normal 0.914202 -0.405258 0
    outer loop
      vertex 49.7194 -23.5155 4
      vertex 50.8134 -21.0476 0
      vertex 50.8134 -21.0476 4
    endloop
  endfacet
  facet normal 0.914202 -0.405258 0
    outer loop
      vertex 50.8134 -21.0476 0
      vertex 49.7194 -23.5155 4
      vertex 49.7194 -23.5155 0
    endloop
  endfacet
  facet normal 0.870093 0.492888 0
    outer loop
      vertex 48.5057 25.9268 4
      vertex 47.1751 28.2757 0
      vertex 47.1751 28.2757 4
    endloop
  endfacet
  facet normal 0.870093 0.492888 0
    outer loop
      vertex 47.1751 28.2757 0
      vertex 48.5057 25.9268 4
      vertex 48.5057 25.9268 0
    endloop
  endfacet
  facet normal 0.724267 -0.68952 0
    outer loop
      vertex 38.8909 -38.8909 4
      vertex 40.7523 -36.9357 0
      vertex 40.7523 -36.9357 4
    endloop
  endfacet
  facet normal 0.724267 -0.68952 0
    outer loop
      vertex 40.7523 -36.9357 0
      vertex 38.8909 -38.8909 4
      vertex 38.8909 -38.8909 0
    endloop
  endfacet
  facet normal 0.963777 -0.266708 0
    outer loop
      vertex 52.6317 -15.9657 4
      vertex 53.3517 -13.3639 0
      vertex 53.3517 -13.3639 4
    endloop
  endfacet
  facet normal 0.963777 -0.266708 0
    outer loop
      vertex 53.3517 -13.3639 0
      vertex 52.6317 -15.9657 4
      vertex 52.6317 -15.9657 0
    endloop
  endfacet
  facet normal 0.653183 -0.7572 0
    outer loop
      vertex 34.8916 -42.5156 0
      vertex 36.9357 -40.7523 4
      vertex 34.8916 -42.5156 4
    endloop
  endfacet
  facet normal 0.653183 -0.7572 0
    outer loop
      vertex 36.9357 -40.7523 4
      vertex 34.8916 -42.5156 0
      vertex 36.9357 -40.7523 0
    endloop
  endfacet
  facet normal -0.7572 0.653183 0
    outer loop
      vertex -42.5156 34.8916 0
      vertex -40.7523 36.9357 4
      vertex -40.7523 36.9357 0
    endloop
  endfacet
  facet normal -0.7572 0.653183 0
    outer loop
      vertex -40.7523 36.9357 4
      vertex -42.5156 34.8916 0
      vertex -42.5156 34.8916 4
    endloop
  endfacet
  facet normal -0.68952 0.724267 0
    outer loop
      vertex -36.9357 40.7523 0
      vertex -38.8909 38.8909 4
      vertex -36.9357 40.7523 4
    endloop
  endfacet
  facet normal -0.68952 0.724267 0
    outer loop
      vertex -38.8909 38.8909 4
      vertex -36.9357 40.7523 0
      vertex -38.8909 38.8909 0
    endloop
  endfacet
  facet normal -0.492888 -0.870093 0
    outer loop
      vertex -28.2757 -47.1751 0
      vertex -25.9268 -48.5057 4
      vertex -28.2757 -47.1751 4
    endloop
  endfacet
  facet normal -0.492888 -0.870093 -0
    outer loop
      vertex -25.9268 -48.5057 4
      vertex -28.2757 -47.1751 0
      vertex -25.9268 -48.5057 0
    endloop
  endfacet
  facet normal 0.975699 -0.219115 0
    outer loop
      vertex 53.3517 -13.3639 4
      vertex 53.9432 -10.73 0
      vertex 53.9432 -10.73 4
    endloop
  endfacet
  facet normal 0.975699 -0.219115 0
    outer loop
      vertex 53.9432 -10.73 0
      vertex 53.3517 -13.3639 4
      vertex 53.3517 -13.3639 0
    endloop
  endfacet
  facet normal -0.170943 -0.985281 0
    outer loop
      vertex -10.73 -53.9432 0
      vertex -9.3 -54.1913 4
      vertex -10.73 -53.9432 4
    endloop
  endfacet
  facet normal -0.170943 -0.985281 -0
    outer loop
      vertex -9.3 -54.1913 4
      vertex -10.73 -53.9432 0
      vertex -9.3 -54.1913 0
    endloop
  endfacet
  facet normal -0.914202 0.405258 0
    outer loop
      vertex -50.8134 21.0476 0
      vertex -49.7194 23.5155 4
      vertex -49.7194 23.5155 0
    endloop
  endfacet
  facet normal -0.914202 0.405258 0
    outer loop
      vertex -49.7194 23.5155 4
      vertex -50.8134 21.0476 0
      vertex -50.8134 21.0476 4
    endloop
  endfacet
  facet normal -0.0735682 0.99729 0
    outer loop
      vertex -2.69872 54.9338 0
      vertex -5.39094 54.7352 4
      vertex -2.69872 54.9338 4
    endloop
  endfacet
  facet normal -0.0735682 0.99729 0
    outer loop
      vertex -5.39094 54.7352 4
      vertex -2.69872 54.9338 0
      vertex -5.39094 54.7352 0
    endloop
  endfacet
  facet normal -0.7572 -0.653183 0
    outer loop
      vertex -40.7523 -36.9357 0
      vertex -42.5156 -34.8916 4
      vertex -42.5156 -34.8916 0
    endloop
  endfacet
  facet normal -0.7572 -0.653183 0
    outer loop
      vertex -42.5156 -34.8916 4
      vertex -40.7523 -36.9357 0
      vertex -40.7523 -36.9357 4
    endloop
  endfacet
  facet normal 0.219115 -0.975699 0
    outer loop
      vertex 10.73 -53.9432 0
      vertex 13.3639 -53.3517 4
      vertex 10.73 -53.9432 4
    endloop
  endfacet
  facet normal 0.219115 -0.975699 0
    outer loop
      vertex 13.3639 -53.3517 4
      vertex 10.73 -53.9432 0
      vertex 13.3639 -53.3517 0
    endloop
  endfacet
  facet normal 0.914202 0.405258 0
    outer loop
      vertex 50.8134 21.0476 4
      vertex 49.7194 23.5155 0
      vertex 49.7194 23.5155 4
    endloop
  endfacet
  facet normal 0.914202 0.405258 0
    outer loop
      vertex 49.7194 23.5155 0
      vertex 50.8134 21.0476 4
      vertex 50.8134 21.0476 0
    endloop
  endfacet
  facet normal -0.844843 -0.535014 0
    outer loop
      vertex -45.7308 -30.5564 0
      vertex -47.1751 -28.2757 4
      vertex -47.1751 -28.2757 0
    endloop
  endfacet
  facet normal -0.844843 -0.535014 0
    outer loop
      vertex -47.1751 -28.2757 4
      vertex -45.7308 -30.5564 0
      vertex -45.7308 -30.5564 4
    endloop
  endfacet
  facet normal -0.122443 0.992476 0
    outer loop
      vertex -5.39094 54.7352 0
      vertex -6.7 54.5737 4
      vertex -5.39094 54.7352 4
    endloop
  endfacet
  facet normal -0.122443 0.992476 0
    outer loop
      vertex -6.7 54.5737 4
      vertex -5.39094 54.7352 0
      vertex -6.7 54.5737 0
    endloop
  endfacet
  facet normal -0.653183 -0.7572 0
    outer loop
      vertex -36.9357 -40.7523 0
      vertex -34.8916 -42.5156 4
      vertex -36.9357 -40.7523 4
    endloop
  endfacet
  facet normal -0.653183 -0.7572 -0
    outer loop
      vertex -34.8916 -42.5156 4
      vertex -36.9357 -40.7523 0
      vertex -34.8916 -42.5156 0
    endloop
  endfacet
  facet normal -0.535014 0.844843 0
    outer loop
      vertex -28.2757 47.1751 0
      vertex -30.5564 45.7308 4
      vertex -28.2757 47.1751 4
    endloop
  endfacet
  facet normal -0.535014 0.844843 0
    outer loop
      vertex -30.5564 45.7308 4
      vertex -28.2757 47.1751 0
      vertex -30.5564 45.7308 0
    endloop
  endfacet
  facet normal 0.68952 0.724267 -0
    outer loop
      vertex 38.8909 38.8909 0
      vertex 36.9357 40.7523 4
      vertex 38.8909 38.8909 4
    endloop
  endfacet
  facet normal 0.68952 0.724267 0
    outer loop
      vertex 36.9357 40.7523 4
      vertex 38.8909 38.8909 0
      vertex 36.9357 40.7523 0
    endloop
  endfacet
  facet normal -0.914202 -0.405258 0
    outer loop
      vertex -49.7194 -23.5155 0
      vertex -50.8134 -21.0476 4
      vertex -50.8134 -21.0476 0
    endloop
  endfacet
  facet normal -0.914202 -0.405258 0
    outer loop
      vertex -50.8134 -21.0476 4
      vertex -49.7194 -23.5155 0
      vertex -49.7194 -23.5155 4
    endloop
  endfacet
  facet normal 0.844843 -0.535014 0
    outer loop
      vertex 45.7308 -30.5564 4
      vertex 47.1751 -28.2757 0
      vertex 47.1751 -28.2757 4
    endloop
  endfacet
  facet normal 0.844843 -0.535014 0
    outer loop
      vertex 47.1751 -28.2757 0
      vertex 45.7308 -30.5564 4
      vertex 45.7308 -30.5564 0
    endloop
  endfacet
  facet normal 0.992477 -0.122428 0
    outer loop
      vertex 54.4047 -8.07018 4
      vertex 54.7352 -5.39094 0
      vertex 54.7352 -5.39094 4
    endloop
  endfacet
  facet normal 0.992477 -0.122428 0
    outer loop
      vertex 54.7352 -5.39094 0
      vertex 54.4047 -8.07018 4
      vertex 54.4047 -8.07018 0
    endloop
  endfacet
  facet normal 0.219115 0.975699 -0
    outer loop
      vertex 13.3639 53.3517 0
      vertex 10.73 53.9432 4
      vertex 13.3639 53.3517 4
    endloop
  endfacet
  facet normal 0.219115 0.975699 0
    outer loop
      vertex 10.73 53.9432 4
      vertex 13.3639 53.3517 0
      vertex 10.73 53.9432 0
    endloop
  endfacet
  facet normal -0.949525 -0.313693 0
    outer loop
      vertex -51.7849 -18.5289 0
      vertex -52.6317 -15.9657 4
      vertex -52.6317 -15.9657 0
    endloop
  endfacet
  facet normal -0.949525 -0.313693 0
    outer loop
      vertex -52.6317 -15.9657 4
      vertex -51.7849 -18.5289 0
      vertex -51.7849 -18.5289 4
    endloop
  endfacet
  facet normal -0.575804 0.817587 0
    outer loop
      vertex -30.5564 45.7308 0
      vertex -32.7635 44.1764 4
      vertex -30.5564 45.7308 4
    endloop
  endfacet
  facet normal -0.575804 0.817587 0
    outer loop
      vertex -32.7635 44.1764 4
      vertex -30.5564 45.7308 0
      vertex -32.7635 44.1764 0
    endloop
  endfacet
  facet normal -0.949525 0.313693 0
    outer loop
      vertex -52.6317 15.9657 0
      vertex -51.7849 18.5289 4
      vertex -51.7849 18.5289 0
    endloop
  endfacet
  facet normal -0.949525 0.313693 0
    outer loop
      vertex -51.7849 18.5289 4
      vertex -52.6317 15.9657 0
      vertex -52.6317 15.9657 4
    endloop
  endfacet
  facet normal -0.219115 0.975699 0
    outer loop
      vertex -10.73 53.9432 0
      vertex -13.3639 53.3517 4
      vertex -10.73 53.9432 4
    endloop
  endfacet
  facet normal -0.219115 0.975699 0
    outer loop
      vertex -13.3639 53.3517 4
      vertex -10.73 53.9432 0
      vertex -13.3639 53.3517 0
    endloop
  endfacet
  facet normal 0.122428 0.992477 -0
    outer loop
      vertex 8.07018 54.4047 0
      vertex 5.39094 54.7352 4
      vertex 8.07018 54.4047 4
    endloop
  endfacet
  facet normal 0.122428 0.992477 0
    outer loop
      vertex 5.39094 54.7352 4
      vertex 8.07018 54.4047 0
      vertex 5.39094 54.7352 0
    endloop
  endfacet
  facet normal 0.405286 0.91419 -0
    outer loop
      vertex 23.5155 49.7194 0
      vertex 22.5 50.1696 4
      vertex 23.5155 49.7194 4
    endloop
  endfacet
  facet normal 0.405258 0.914202 -8.48116e-06
    outer loop
      vertex 21.0476 50.8134 0
      vertex 22.5 50.1696 4
      vertex 23.5155 49.7194 0
    endloop
  endfacet
  facet normal 0.405239 0.914211 0
    outer loop
      vertex 22.5 50.1696 4
      vertex 21.0476 50.8134 0
      vertex 21.0476 50.8134 4
    endloop
  endfacet
  facet normal 0.170954 -0.985279 0
    outer loop
      vertex 8.07018 -54.4047 0
      vertex 10.73 -53.9432 4
      vertex 8.07018 -54.4047 4
    endloop
  endfacet
  facet normal 0.170954 -0.985279 0
    outer loop
      vertex 10.73 -53.9432 4
      vertex 8.07018 -54.4047 0
      vertex 10.73 -53.9432 0
    endloop
  endfacet
  facet normal -0.99729 -0.0735682 0
    outer loop
      vertex -54.7352 -5.39094 0
      vertex -54.9338 -2.69872 4
      vertex -54.9338 -2.69872 0
    endloop
  endfacet
  facet normal -0.99729 -0.0735682 0
    outer loop
      vertex -54.9338 -2.69872 4
      vertex -54.7352 -5.39094 0
      vertex -54.7352 -5.39094 4
    endloop
  endfacet
  facet normal -0.492888 0.870093 0
    outer loop
      vertex -25.9268 48.5057 0
      vertex -28.2757 47.1751 4
      vertex -25.9268 48.5057 4
    endloop
  endfacet
  facet normal -0.492888 0.870093 0
    outer loop
      vertex -28.2757 47.1751 4
      vertex -25.9268 48.5057 0
      vertex -28.2757 47.1751 0
    endloop
  endfacet
  facet normal 0.933001 -0.359873 0
    outer loop
      vertex 50.8134 -21.0476 4
      vertex 51.7849 -18.5289 0
      vertex 51.7849 -18.5289 4
    endloop
  endfacet
  facet normal 0.933001 -0.359873 0
    outer loop
      vertex 51.7849 -18.5289 0
      vertex 50.8134 -21.0476 4
      vertex 50.8134 -21.0476 0
    endloop
  endfacet
  facet normal 0.359873 -0.933001 0
    outer loop
      vertex 18.5289 -51.7849 0
      vertex 21.0476 -50.8134 4
      vertex 18.5289 -51.7849 4
    endloop
  endfacet
  facet normal 0.359873 -0.933001 0
    outer loop
      vertex 21.0476 -50.8134 4
      vertex 18.5289 -51.7849 0
      vertex 21.0476 -50.8134 0
    endloop
  endfacet
  facet normal 0.949525 -0.313693 0
    outer loop
      vertex 51.7849 -18.5289 4
      vertex 52.6317 -15.9657 0
      vertex 52.6317 -15.9657 4
    endloop
  endfacet
  facet normal 0.949525 -0.313693 0
    outer loop
      vertex 52.6317 -15.9657 0
      vertex 51.7849 -18.5289 4
      vertex 51.7849 -18.5289 0
    endloop
  endfacet
  facet normal 0.99729 -0.0735682 0
    outer loop
      vertex 54.7352 -5.39094 4
      vertex 54.9338 -2.69872 0
      vertex 54.9338 -2.69872 4
    endloop
  endfacet
  facet normal 0.99729 -0.0735682 0
    outer loop
      vertex 54.9338 -2.69872 0
      vertex 54.7352 -5.39094 4
      vertex 54.7352 -5.39094 0
    endloop
  endfacet
  facet normal 0.0245228 -0.999699 0
    outer loop
      vertex 0 -55 0
      vertex 2.69872 -54.9338 4
      vertex 0 -55 4
    endloop
  endfacet
  facet normal 0.0245228 -0.999699 0
    outer loop
      vertex 2.69872 -54.9338 4
      vertex 0 -55 0
      vertex 2.69872 -54.9338 0
    endloop
  endfacet
  facet normal 0.724267 0.68952 0
    outer loop
      vertex 40.7523 36.9357 4
      vertex 38.8909 38.8909 0
      vertex 38.8909 38.8909 4
    endloop
  endfacet
  facet normal 0.724267 0.68952 0
    outer loop
      vertex 38.8909 38.8909 0
      vertex 40.7523 36.9357 4
      vertex 40.7523 36.9357 0
    endloop
  endfacet
  facet normal 0.933001 0.359873 0
    outer loop
      vertex 51.7849 18.5289 4
      vertex 50.8134 21.0476 0
      vertex 50.8134 21.0476 4
    endloop
  endfacet
  facet normal 0.933001 0.359873 0
    outer loop
      vertex 50.8134 21.0476 0
      vertex 51.7849 18.5289 4
      vertex 51.7849 18.5289 0
    endloop
  endfacet
  facet normal 0 0 -1
    outer loop
      vertex -10.73 -53.9432 0
      vertex -9.3 -50.285 0
      vertex -9.3 -54.1913 0
    endloop
  endfacet
  facet normal -0 0 -1
    outer loop
      vertex -9.3 -50.285 0
      vertex -10.73 -53.9432 0
      vertex -9.97887 -50.1672 0
    endloop
  endfacet
  facet normal 0 0 -1
    outer loop
      vertex -10.73 -53.9432 0
      vertex -12.4284 -49.6171 0
      vertex -9.97887 -50.1672 0
    endloop
  endfacet
  facet normal 0 0 -1
    outer loop
      vertex -13.3639 -53.3517 0
      vertex -12.4284 -49.6171 0
      vertex -10.73 -53.9432 0
    endloop
  endfacet
  facet normal 0 0 -1
    outer loop
      vertex -13.3639 -53.3517 0
      vertex -14.8481 -48.9475 0
      vertex -12.4284 -49.6171 0
    endloop
  endfacet
  facet normal 0 0 -1
    outer loop
      vertex -15.9657 -52.6317 0
      vertex -14.8481 -48.9475 0
      vertex -13.3639 -53.3517 0
    endloop
  endfacet
  facet normal 0 0 -1
    outer loop
      vertex -15.9657 -52.6317 0
      vertex -17.2319 -48.16 0
      vertex -14.8481 -48.9475 0
    endloop
  endfacet
  facet normal 0 0 -1
    outer loop
      vertex -18.5289 -51.7849 0
      vertex -17.2319 -48.16 0
      vertex -15.9657 -52.6317 0
    endloop
  endfacet
  facet normal 0 0 -1
    outer loop
      vertex -18.5289 -51.7849 0
      vertex -19.5743 -47.2564 0
      vertex -17.2319 -48.16 0
    endloop
  endfacet
  facet normal 0 0 -1
    outer loop
      vertex -21.0476 -50.8134 0
      vertex -19.5743 -47.2564 0
      vertex -18.5289 -51.7849 0
    endloop
  endfacet
  facet normal 0 0 -1
    outer loop
      vertex -21.0476 -50.8134 0
      vertex -21.8694 -46.2391 0
      vertex -19.5743 -47.2564 0
    endloop
  endfacet
  facet normal 0 0 -1
    outer loop
      vertex -23.5155 -49.7194 0
      vertex -21.8694 -46.2391 0
      vertex -21.0476 -50.8134 0
    endloop
  endfacet
  facet normal 0 0 -1
    outer loop
      vertex -23.5155 -49.7194 0
      vertex -24.1119 -45.1103 0
      vertex -21.8694 -46.2391 0
    endloop
  endfacet
  facet normal 0 0 -1
    outer loop
      vertex -25.9268 -48.5057 0
      vertex -24.1119 -45.1103 0
      vertex -23.5155 -49.7194 0
    endloop
  endfacet
  facet normal 0 0 -1
    outer loop
      vertex -25.9268 -48.5057 0
      vertex -26.2964 -43.8728 0
      vertex -24.1119 -45.1103 0
    endloop
  endfacet
  facet normal 0 0 -1
    outer loop
      vertex -28.2757 -47.1751 0
      vertex -26.2964 -43.8728 0
      vertex -25.9268 -48.5057 0
    endloop
  endfacet
  facet normal 0 0 -1
    outer loop
      vertex -28.2757 -47.1751 0
      vertex -28.4174 -42.5297 0
      vertex -26.2964 -43.8728 0
    endloop
  endfacet
  facet normal 0 0 -1
    outer loop
      vertex -30.5564 -45.7308 0
      vertex -28.4174 -42.5297 0
      vertex -28.2757 -47.1751 0
    endloop
  endfacet
  facet normal -0 0 -1
    outer loop
      vertex -28.4174 -42.5297 0
      vertex -30.5564 -45.7308 0
      vertex -30.47 -41.0841 0
    endloop
  endfacet
  facet normal 0 0 -1
    outer loop
      vertex -32.7635 -44.1764 0
      vertex -30.47 -41.0841 0
      vertex -30.5564 -45.7308 0
    endloop
  endfacet
  facet normal -0 0 -1
    outer loop
      vertex -30.47 -41.0841 0
      vertex -32.7635 -44.1764 0
      vertex -32.4492 -39.5395 0
    endloop
  endfacet
  facet normal 0 0 -1
    outer loop
      vertex -34.8916 -42.5156 0
      vertex -32.4492 -39.5395 0
      vertex -32.7635 -44.1764 0
    endloop
  endfacet
  facet normal -0 0 -1
    outer loop
      vertex -32.4492 -39.5395 0
      vertex -34.8916 -42.5156 0
      vertex -34.3502 -37.8997 0
    endloop
  endfacet
  facet normal 0 0 -1
    outer loop
      vertex -36.9357 -40.7523 0
      vertex -34.3502 -37.8997 0
      vertex -34.8916 -42.5156 0
    endloop
  endfacet
  facet normal -0 0 -1
    outer loop
      vertex -34.3502 -37.8997 0
      vertex -36.9357 -40.7523 0
      vertex -36.1685 -36.1685 0
    endloop
  endfacet
  facet normal 0 0 -1
    outer loop
      vertex -38.8909 -38.8909 0
      vertex -36.1685 -36.1685 0
      vertex -36.9357 -40.7523 0
    endloop
  endfacet
  facet normal -0 0 -1
    outer loop
      vertex -36.1685 -36.1685 0
      vertex -38.8909 -38.8909 0
      vertex -37.8997 -34.3502 0
    endloop
  endfacet
  facet normal 0 0 -1
    outer loop
      vertex -40.7523 -36.9357 0
      vertex -37.8997 -34.3502 0
      vertex -38.8909 -38.8909 0
    endloop
  endfacet
  facet normal -0 0 -1
    outer loop
      vertex -37.8997 -34.3502 0
      vertex -40.7523 -36.9357 0
      vertex -39.5395 -32.4492 0
    endloop
  endfacet
  facet normal 0 0 -1
    outer loop
      vertex -42.5156 -34.8916 0
      vertex -39.5395 -32.4492 0
      vertex -40.7523 -36.9357 0
    endloop
  endfacet
  facet normal -0 0 -1
    outer loop
      vertex -39.5395 -32.4492 0
      vertex -42.5156 -34.8916 0
      vertex -41.0841 -30.47 0
    endloop
  endfacet
  facet normal 0 0 -1
    outer loop
      vertex -44.1764 -32.7635 0
      vertex -41.0841 -30.47 0
      vertex -42.5156 -34.8916 0
    endloop
  endfacet
  facet normal -0 0 -1
    outer loop
      vertex -41.0841 -30.47 0
      vertex -44.1764 -32.7635 0
      vertex -42.5297 -28.4174 0
    endloop
  endfacet
  facet normal 0 0 -1
    outer loop
      vertex -45.7308 -30.5564 0
      vertex -42.5297 -28.4174 0
      vertex -44.1764 -32.7635 0
    endloop
  endfacet
  facet normal -0 0 -1
    outer loop
      vertex -42.5297 -28.4174 0
      vertex -45.7308 -30.5564 0
      vertex -43.8728 -26.2964 0
    endloop
  endfacet
  facet normal 0 0 -1
    outer loop
      vertex -47.1751 -28.2757 0
      vertex -43.8728 -26.2964 0
      vertex -45.7308 -30.5564 0
    endloop
  endfacet
  facet normal -0 0 -1
    outer loop
      vertex -43.8728 -26.2964 0
      vertex -47.1751 -28.2757 0
      vertex -45.1103 -24.1119 0
    endloop
  endfacet
  facet normal 0 0 -1
    outer loop
      vertex -48.5057 -25.9268 0
      vertex -45.1103 -24.1119 0
      vertex -47.1751 -28.2757 0
    endloop
  endfacet
  facet normal -0 0 -1
    outer loop
      vertex -45.1103 -24.1119 0
      vertex -48.5057 -25.9268 0
      vertex -46.2391 -21.8694 0
    endloop
  endfacet
  facet normal 0 0 -1
    outer loop
      vertex -49.7194 -23.5155 0
      vertex -46.2391 -21.8694 0
      vertex -48.5057 -25.9268 0
    endloop
  endfacet
  facet normal -0 0 -1
    outer loop
      vertex -46.2391 -21.8694 0
      vertex -49.7194 -23.5155 0
      vertex -47.2564 -19.5743 0
    endloop
  endfacet
  facet normal 0 0 -1
    outer loop
      vertex -50.8134 -21.0476 0
      vertex -47.2564 -19.5743 0
      vertex -49.7194 -23.5155 0
    endloop
  endfacet
  facet normal -0 0 -1
    outer loop
      vertex -47.2564 -19.5743 0
      vertex -50.8134 -21.0476 0
      vertex -48.16 -17.2319 0
    endloop
  endfacet
  facet normal 0 0 -1
    outer loop
      vertex -51.7849 -18.5289 0
      vertex -48.16 -17.2319 0
      vertex -50.8134 -21.0476 0
    endloop
  endfacet
  facet normal -0 0 -1
    outer loop
      vertex -48.16 -17.2319 0
      vertex -51.7849 -18.5289 0
      vertex -48.9475 -14.8481 0
    endloop
  endfacet
  facet normal 0 0 -1
    outer loop
      vertex -52.6317 -15.9657 0
      vertex -48.9475 -14.8481 0
      vertex -51.7849 -18.5289 0
    endloop
  endfacet
  facet normal -0 0 -1
    outer loop
      vertex -48.9475 -14.8481 0
      vertex -52.6317 -15.9657 0
      vertex -49.6171 -12.4284 0
    endloop
  endfacet
  facet normal 0 0 -1
    outer loop
      vertex -53.3517 -13.3639 0
      vertex -49.6171 -12.4284 0
      vertex -52.6317 -15.9657 0
    endloop
  endfacet
  facet normal -0 0 -1
    outer loop
      vertex -49.6171 -12.4284 0
      vertex -53.3517 -13.3639 0
      vertex -50.1672 -9.97887 0
    endloop
  endfacet
  facet normal 0 0 -1
    outer loop
      vertex -53.9432 -10.73 0
      vertex -50.1672 -9.97887 0
      vertex -53.3517 -13.3639 0
    endloop
  endfacet
  facet normal -0 0 -1
    outer loop
      vertex -50.1672 -9.97887 0
      vertex -53.9432 -10.73 0
      vertex -50.5964 -7.50526 0
    endloop
  endfacet
  facet normal 0 0 -1
    outer loop
      vertex -10.73 53.9432 0
      vertex -9.3 50.285 0
      vertex -9.97887 50.1672 0
    endloop
  endfacet
  facet normal 0 0 -1
    outer loop
      vertex -9.3 50.285 0
      vertex -10.73 53.9432 0
      vertex -9.3 54.1913 0
    endloop
  endfacet
  facet normal 0 0 -1
    outer loop
      vertex -12.4284 49.6171 0
      vertex -10.73 53.9432 0
      vertex -9.97887 50.1672 0
    endloop
  endfacet
  facet normal 0 0 -1
    outer loop
      vertex -12.4284 49.6171 0
      vertex -13.3639 53.3517 0
      vertex -10.73 53.9432 0
    endloop
  endfacet
  facet normal 0 0 -1
    outer loop
      vertex -14.8481 48.9475 0
      vertex -13.3639 53.3517 0
      vertex -12.4284 49.6171 0
    endloop
  endfacet
  facet normal 0 0 -1
    outer loop
      vertex -14.8481 48.9475 0
      vertex -15.9657 52.6317 0
      vertex -13.3639 53.3517 0
    endloop
  endfacet
  facet normal 0 0 -1
    outer loop
      vertex -17.2319 48.16 0
      vertex -15.9657 52.6317 0
      vertex -14.8481 48.9475 0
    endloop
  endfacet
  facet normal 0 0 -1
    outer loop
      vertex -17.2319 48.16 0
      vertex -18.5289 51.7849 0
      vertex -15.9657 52.6317 0
    endloop
  endfacet
  facet normal 0 0 -1
    outer loop
      vertex -19.5743 47.2564 0
      vertex -18.5289 51.7849 0
      vertex -17.2319 48.16 0
    endloop
  endfacet
  facet normal 0 0 -1
    outer loop
      vertex -19.5743 47.2564 0
      vertex -21.0476 50.8134 0
      vertex -18.5289 51.7849 0
    endloop
  endfacet
  facet normal 0 0 -1
    outer loop
      vertex -21.8694 46.2391 0
      vertex -21.0476 50.8134 0
      vertex -19.5743 47.2564 0
    endloop
  endfacet
  facet normal 0 0 -1
    outer loop
      vertex -21.8694 46.2391 0
      vertex -23.5155 49.7194 0
      vertex -21.0476 50.8134 0
    endloop
  endfacet
  facet normal 0 0 -1
    outer loop
      vertex -24.1119 45.1103 0
      vertex -23.5155 49.7194 0
      vertex -21.8694 46.2391 0
    endloop
  endfacet
  facet normal 0 0 -1
    outer loop
      vertex -24.1119 45.1103 0
      vertex -25.9268 48.5057 0
      vertex -23.5155 49.7194 0
    endloop
  endfacet
  facet normal 0 0 -1
    outer loop
      vertex -26.2964 43.8728 0
      vertex -25.9268 48.5057 0
      vertex -24.1119 45.1103 0
    endloop
  endfacet
  facet normal 0 0 -1
    outer loop
      vertex -26.2964 43.8728 0
      vertex -28.2757 47.1751 0
      vertex -25.9268 48.5057 0
    endloop
  endfacet
  facet normal 0 0 -1
    outer loop
      vertex -28.4174 42.5297 0
      vertex -28.2757 47.1751 0
      vertex -26.2964 43.8728 0
    endloop
  endfacet
  facet normal 0 0 -1
    outer loop
      vertex -30.5564 45.7308 0
      vertex -28.4174 42.5297 0
      vertex -30.47 41.0841 0
    endloop
  endfacet
  facet normal 0 0 -1
    outer loop
      vertex -28.4174 42.5297 0
      vertex -30.5564 45.7308 0
      vertex -28.2757 47.1751 0
    endloop
  endfacet
  facet normal 0 0 -1
    outer loop
      vertex -32.7635 44.1764 0
      vertex -30.47 41.0841 0
      vertex -32.4492 39.5395 0
    endloop
  endfacet
  facet normal 0 0 -1
    outer loop
      vertex -30.47 41.0841 0
      vertex -32.7635 44.1764 0
      vertex -30.5564 45.7308 0
    endloop
  endfacet
  facet normal 0 0 -1
    outer loop
      vertex -34.8916 42.5156 0
      vertex -32.4492 39.5395 0
      vertex -34.3502 37.8997 0
    endloop
  endfacet
  facet normal 0 0 -1
    outer loop
      vertex -32.4492 39.5395 0
      vertex -34.8916 42.5156 0
      vertex -32.7635 44.1764 0
    endloop
  endfacet
  facet normal 0 0 -1
    outer loop
      vertex -36.9357 40.7523 0
      vertex -34.3502 37.8997 0
      vertex -36.1685 36.1685 0
    endloop
  endfacet
  facet normal 0 0 -1
    outer loop
      vertex -34.3502 37.8997 0
      vertex -36.9357 40.7523 0
      vertex -34.8916 42.5156 0
    endloop
  endfacet
  facet normal 0 0 -1
    outer loop
      vertex -38.8909 38.8909 0
      vertex -36.1685 36.1685 0
      vertex -37.8997 34.3502 0
    endloop
  endfacet
  facet normal 0 0 -1
    outer loop
      vertex -36.1685 36.1685 0
      vertex -38.8909 38.8909 0
      vertex -36.9357 40.7523 0
    endloop
  endfacet
  facet normal 0 0 -1
    outer loop
      vertex -40.7523 36.9357 0
      vertex -37.8997 34.3502 0
      vertex -39.5395 32.4492 0
    endloop
  endfacet
  facet normal 0 0 -1
    outer loop
      vertex -37.8997 34.3502 0
      vertex -40.7523 36.9357 0
      vertex -38.8909 38.8909 0
    endloop
  endfacet
  facet normal 0 0 -1
    outer loop
      vertex -42.5156 34.8916 0
      vertex -39.5395 32.4492 0
      vertex -41.0841 30.47 0
    endloop
  endfacet
  facet normal 0 0 -1
    outer loop
      vertex -39.5395 32.4492 0
      vertex -42.5156 34.8916 0
      vertex -40.7523 36.9357 0
    endloop
  endfacet
  facet normal 0 0 -1
    outer loop
      vertex -44.1764 32.7635 0
      vertex -41.0841 30.47 0
      vertex -42.5297 28.4174 0
    endloop
  endfacet
  facet normal 0 0 -1
    outer loop
      vertex -45.7308 30.5564 0
      vertex -42.5297 28.4174 0
      vertex -43.8728 26.2964 0
    endloop
  endfacet
  facet normal 0 0 -1
    outer loop
      vertex -41.0841 30.47 0
      vertex -44.1764 32.7635 0
      vertex -42.5156 34.8916 0
    endloop
  endfacet
  facet normal 0 0 -1
    outer loop
      vertex -47.1751 28.2757 0
      vertex -43.8728 26.2964 0
      vertex -45.1103 24.1119 0
    endloop
  endfacet
  facet normal 0 0 -1
    outer loop
      vertex -42.5297 28.4174 0
      vertex -45.7308 30.5564 0
      vertex -44.1764 32.7635 0
    endloop
  endfacet
  facet normal 0 0 -1
    outer loop
      vertex -48.5057 25.9268 0
      vertex -45.1103 24.1119 0
      vertex -46.2391 21.8694 0
    endloop
  endfacet
  facet normal 0 0 -1
    outer loop
      vertex -43.8728 26.2964 0
      vertex -47.1751 28.2757 0
      vertex -45.7308 30.5564 0
    endloop
  endfacet
  facet normal 0 0 -1
    outer loop
      vertex -49.7194 23.5155 0
      vertex -46.2391 21.8694 0
      vertex -47.2564 19.5743 0
    endloop
  endfacet
  facet normal 0 0 -1
    outer loop
      vertex -50.8134 21.0476 0
      vertex -47.2564 19.5743 0
      vertex -48.16 17.2319 0
    endloop
  endfacet
  facet normal 0 0 -1
    outer loop
      vertex -45.1103 24.1119 0
      vertex -48.5057 25.9268 0
      vertex -47.1751 28.2757 0
    endloop
  endfacet
  facet normal 0 0 -1
    outer loop
      vertex -51.7849 18.5289 0
      vertex -48.16 17.2319 0
      vertex -48.9475 14.8481 0
    endloop
  endfacet
  facet normal 0 0 -1
    outer loop
      vertex -52.6317 15.9657 0
      vertex -48.9475 14.8481 0
      vertex -49.6171 12.4284 0
    endloop
  endfacet
  facet normal 0 0 -1
    outer loop
      vertex -46.2391 21.8694 0
      vertex -49.7194 23.5155 0
      vertex -48.5057 25.9268 0
    endloop
  endfacet
  facet normal 0 0 -1
    outer loop
      vertex -53.3517 13.3639 0
      vertex -49.6171 12.4284 0
      vertex -50.1672 9.97887 0
    endloop
  endfacet
  facet normal 0 0 -1
    outer loop
      vertex -53.9432 10.73 0
      vertex -50.1672 9.97887 0
      vertex -50.5964 7.50526 0
    endloop
  endfacet
  facet normal 0 0 -1
    outer loop
      vertex -47.2564 19.5743 0
      vertex -50.8134 21.0476 0
      vertex -49.7194 23.5155 0
    endloop
  endfacet
  facet normal 0 0 -1
    outer loop
      vertex -54.4047 8.07018 0
      vertex -50.5964 7.50526 0
      vertex -50.9037 5.01358 0
    endloop
  endfacet
  facet normal 0 0 -1
    outer loop
      vertex -54.7352 5.39094 0
      vertex -50.9037 5.01358 0
      vertex -51.0884 2.50981 0
    endloop
  endfacet
  facet normal 0 0 -1
    outer loop
      vertex -54.9338 2.69872 0
      vertex -51.0884 2.50981 0
      vertex -51.15 0 0
    endloop
  endfacet
  facet normal 0 0 -1
    outer loop
      vertex -54.4047 -8.07018 0
      vertex -50.5964 -7.50526 0
      vertex -53.9432 -10.73 0
    endloop
  endfacet
  facet normal 0 0 -1
    outer loop
      vertex -48.16 17.2319 0
      vertex -51.7849 18.5289 0
      vertex -50.8134 21.0476 0
    endloop
  endfacet
  facet normal -0 0 -1
    outer loop
      vertex -50.5964 -7.50526 0
      vertex -54.4047 -8.07018 0
      vertex -50.9037 -5.01358 0
    endloop
  endfacet
  facet normal 0 0 -1
    outer loop
      vertex -48.9475 14.8481 0
      vertex -52.6317 15.9657 0
      vertex -51.7849 18.5289 0
    endloop
  endfacet
  facet normal 0 0 -1
    outer loop
      vertex -54.7352 -5.39094 0
      vertex -50.9037 -5.01358 0
      vertex -54.4047 -8.07018 0
    endloop
  endfacet
  facet normal 0 0 -1
    outer loop
      vertex -49.6171 12.4284 0
      vertex -53.3517 13.3639 0
      vertex -52.6317 15.9657 0
    endloop
  endfacet
  facet normal -0 0 -1
    outer loop
      vertex -50.9037 -5.01358 0
      vertex -54.7352 -5.39094 0
      vertex -51.0884 -2.50981 0
    endloop
  endfacet
  facet normal 0 0 -1
    outer loop
      vertex -50.1672 9.97887 0
      vertex -53.9432 10.73 0
      vertex -53.3517 13.3639 0
    endloop
  endfacet
  facet normal 0 0 -1
    outer loop
      vertex -54.9338 -2.69872 0
      vertex -51.0884 -2.50981 0
      vertex -54.7352 -5.39094 0
    endloop
  endfacet
  facet normal 0 0 -1
    outer loop
      vertex -50.5964 7.50526 0
      vertex -54.4047 8.07018 0
      vertex -53.9432 10.73 0
    endloop
  endfacet
  facet normal -0 0 -1
    outer loop
      vertex -51.0884 -2.50981 0
      vertex -54.9338 -2.69872 0
      vertex -51.15 0 0
    endloop
  endfacet
  facet normal 0 0 -1
    outer loop
      vertex -50.9037 5.01358 0
      vertex -54.7352 5.39094 0
      vertex -54.4047 8.07018 0
    endloop
  endfacet
  facet normal 0 0 -1
    outer loop
      vertex -55 0 0
      vertex -51.15 0 0
      vertex -54.9338 -2.69872 0
    endloop
  endfacet
  facet normal 0 0 -1
    outer loop
      vertex -51.0884 2.50981 0
      vertex -54.9338 2.69872 0
      vertex -54.7352 5.39094 0
    endloop
  endfacet
  facet normal 0 0 -1
    outer loop
      vertex -51.15 0 0
      vertex -55 0 0
      vertex -54.9338 2.69872 0
    endloop
  endfacet
  facet normal 0 0 -1
    outer loop
      vertex 51.15 0 0
      vertex 55 0 0
      vertex 54.9338 -2.69872 0
    endloop
  endfacet
  facet normal 0 0 -1
    outer loop
      vertex 51.0884 -2.50981 0
      vertex 54.9338 -2.69872 0
      vertex 54.7352 -5.39094 0
    endloop
  endfacet
  facet normal 0 0 -1
    outer loop
      vertex 55 0 0
      vertex 51.15 0 0
      vertex 54.9338 2.69872 0
    endloop
  endfacet
  facet normal 0 0 -1
    outer loop
      vertex 50.9037 -5.01358 0
      vertex 54.7352 -5.39094 0
      vertex 54.4047 -8.07018 0
    endloop
  endfacet
  facet normal 0 0 -1
    outer loop
      vertex 51.0884 2.50981 0
      vertex 54.9338 2.69872 0
      vertex 51.15 0 0
    endloop
  endfacet
  facet normal 0 0 -1
    outer loop
      vertex 50.5964 -7.50526 0
      vertex 54.4047 -8.07018 0
      vertex 53.9432 -10.73 0
    endloop
  endfacet
  facet normal -0 0 -1
    outer loop
      vertex 54.9338 2.69872 0
      vertex 51.0884 2.50981 0
      vertex 54.7352 5.39094 0
    endloop
  endfacet
  facet normal 0 0 -1
    outer loop
      vertex 50.1672 -9.97887 0
      vertex 53.9432 -10.73 0
      vertex 53.3517 -13.3639 0
    endloop
  endfacet
  facet normal 0 0 -1
    outer loop
      vertex 50.9037 5.01358 0
      vertex 54.7352 5.39094 0
      vertex 51.0884 2.50981 0
    endloop
  endfacet
  facet normal 0 0 -1
    outer loop
      vertex 49.6171 -12.4284 0
      vertex 53.3517 -13.3639 0
      vertex 52.6317 -15.9657 0
    endloop
  endfacet
  facet normal -0 0 -1
    outer loop
      vertex 54.7352 5.39094 0
      vertex 50.9037 5.01358 0
      vertex 54.4047 8.07018 0
    endloop
  endfacet
  facet normal 0 0 -1
    outer loop
      vertex 48.9475 -14.8481 0
      vertex 52.6317 -15.9657 0
      vertex 51.7849 -18.5289 0
    endloop
  endfacet
  facet normal 0 0 -1
    outer loop
      vertex 50.5964 7.50526 0
      vertex 54.4047 8.07018 0
      vertex 50.9037 5.01358 0
    endloop
  endfacet
  facet normal -0 0 -1
    outer loop
      vertex 54.4047 8.07018 0
      vertex 50.5964 7.50526 0
      vertex 53.9432 10.73 0
    endloop
  endfacet
  facet normal 0 0 -1
    outer loop
      vertex 54.9338 -2.69872 0
      vertex 51.0884 -2.50981 0
      vertex 51.15 0 0
    endloop
  endfacet
  facet normal 0 0 -1
    outer loop
      vertex 54.7352 -5.39094 0
      vertex 50.9037 -5.01358 0
      vertex 51.0884 -2.50981 0
    endloop
  endfacet
  facet normal 0 0 -1
    outer loop
      vertex 48.16 -17.2319 0
      vertex 51.7849 -18.5289 0
      vertex 50.8134 -21.0476 0
    endloop
  endfacet
  facet normal 0 0 -1
    outer loop
      vertex 54.4047 -8.07018 0
      vertex 50.5964 -7.50526 0
      vertex 50.9037 -5.01358 0
    endloop
  endfacet
  facet normal 0 0 -1
    outer loop
      vertex 53.9432 -10.73 0
      vertex 50.1672 -9.97887 0
      vertex 50.5964 -7.50526 0
    endloop
  endfacet
  facet normal 0 0 -1
    outer loop
      vertex 47.2564 -19.5743 0
      vertex 50.8134 -21.0476 0
      vertex 49.7194 -23.5155 0
    endloop
  endfacet
  facet normal 0 0 -1
    outer loop
      vertex 53.3517 -13.3639 0
      vertex 49.6171 -12.4284 0
      vertex 50.1672 -9.97887 0
    endloop
  endfacet
  facet normal 0 0 -1
    outer loop
      vertex 52.6317 -15.9657 0
      vertex 48.9475 -14.8481 0
      vertex 49.6171 -12.4284 0
    endloop
  endfacet
  facet normal 0 0 -1
    outer loop
      vertex 46.2391 -21.8694 0
      vertex 49.7194 -23.5155 0
      vertex 48.5057 -25.9268 0
    endloop
  endfacet
  facet normal 0 0 -1
    outer loop
      vertex 51.7849 -18.5289 0
      vertex 48.16 -17.2319 0
      vertex 48.9475 -14.8481 0
    endloop
  endfacet
  facet normal 0 0 -1
    outer loop
      vertex 50.8134 -21.0476 0
      vertex 47.2564 -19.5743 0
      vertex 48.16 -17.2319 0
    endloop
  endfacet
  facet normal 0 0 -1
    outer loop
      vertex 45.1103 -24.1119 0
      vertex 48.5057 -25.9268 0
      vertex 47.1751 -28.2757 0
    endloop
  endfacet
  facet normal 0 0 -1
    outer loop
      vertex 49.7194 -23.5155 0
      vertex 46.2391 -21.8694 0
      vertex 47.2564 -19.5743 0
    endloop
  endfacet
  facet normal 0 0 -1
    outer loop
      vertex 43.8728 -26.2964 0
      vertex 47.1751 -28.2757 0
      vertex 45.7308 -30.5564 0
    endloop
  endfacet
  facet normal 0 0 -1
    outer loop
      vertex 48.5057 -25.9268 0
      vertex 45.1103 -24.1119 0
      vertex 46.2391 -21.8694 0
    endloop
  endfacet
  facet normal 0 0 -1
    outer loop
      vertex 42.5297 -28.4174 0
      vertex 45.7308 -30.5564 0
      vertex 44.1764 -32.7635 0
    endloop
  endfacet
  facet normal 0 0 -1
    outer loop
      vertex 47.1751 -28.2757 0
      vertex 43.8728 -26.2964 0
      vertex 45.1103 -24.1119 0
    endloop
  endfacet
  facet normal 0 0 -1
    outer loop
      vertex 45.7308 -30.5564 0
      vertex 42.5297 -28.4174 0
      vertex 43.8728 -26.2964 0
    endloop
  endfacet
  facet normal 0 0 -1
    outer loop
      vertex 41.0841 -30.47 0
      vertex 44.1764 -32.7635 0
      vertex 42.5156 -34.8916 0
    endloop
  endfacet
  facet normal 0 0 -1
    outer loop
      vertex 44.1764 -32.7635 0
      vertex 41.0841 -30.47 0
      vertex 42.5297 -28.4174 0
    endloop
  endfacet
  facet normal 0 0 -1
    outer loop
      vertex 39.5395 -32.4492 0
      vertex 42.5156 -34.8916 0
      vertex 40.7523 -36.9357 0
    endloop
  endfacet
  facet normal 0 0 -1
    outer loop
      vertex 42.5156 -34.8916 0
      vertex 39.5395 -32.4492 0
      vertex 41.0841 -30.47 0
    endloop
  endfacet
  facet normal 0 0 -1
    outer loop
      vertex 37.8997 -34.3502 0
      vertex 40.7523 -36.9357 0
      vertex 38.8909 -38.8909 0
    endloop
  endfacet
  facet normal 0 0 -1
    outer loop
      vertex 40.7523 -36.9357 0
      vertex 37.8997 -34.3502 0
      vertex 39.5395 -32.4492 0
    endloop
  endfacet
  facet normal 0 0 -1
    outer loop
      vertex 36.1685 -36.1685 0
      vertex 38.8909 -38.8909 0
      vertex 36.9357 -40.7523 0
    endloop
  endfacet
  facet normal 0 0 -1
    outer loop
      vertex 38.8909 -38.8909 0
      vertex 36.1685 -36.1685 0
      vertex 37.8997 -34.3502 0
    endloop
  endfacet
  facet normal 0 0 -1
    outer loop
      vertex 34.3502 -37.8997 0
      vertex 36.9357 -40.7523 0
      vertex 34.8916 -42.5156 0
    endloop
  endfacet
  facet normal 0 0 -1
    outer loop
      vertex 36.9357 -40.7523 0
      vertex 34.3502 -37.8997 0
      vertex 36.1685 -36.1685 0
    endloop
  endfacet
  facet normal 0 0 -1
    outer loop
      vertex 32.4492 -39.5395 0
      vertex 34.8916 -42.5156 0
      vertex 32.7635 -44.1764 0
    endloop
  endfacet
  facet normal 0 0 -1
    outer loop
      vertex 34.8916 -42.5156 0
      vertex 32.4492 -39.5395 0
      vertex 34.3502 -37.8997 0
    endloop
  endfacet
  facet normal 0 0 -1
    outer loop
      vertex 30.47 -41.0841 0
      vertex 32.7635 -44.1764 0
      vertex 30.5564 -45.7308 0
    endloop
  endfacet
  facet normal 0 0 -1
    outer loop
      vertex 32.7635 -44.1764 0
      vertex 30.47 -41.0841 0
      vertex 32.4492 -39.5395 0
    endloop
  endfacet
  facet normal 0 0 -1
    outer loop
      vertex 30.5564 -45.7308 0
      vertex 28.4174 -42.5297 0
      vertex 30.47 -41.0841 0
    endloop
  endfacet
  facet normal 0 0 -1
    outer loop
      vertex 28.2757 -47.1751 0
      vertex 28.4174 -42.5297 0
      vertex 30.5564 -45.7308 0
    endloop
  endfacet
  facet normal 0 0 -1
    outer loop
      vertex 28.2757 -47.1751 0
      vertex 26.2964 -43.8728 0
      vertex 28.4174 -42.5297 0
    endloop
  endfacet
  facet normal 0 0 -1
    outer loop
      vertex 25.9268 -48.5057 0
      vertex 26.2964 -43.8728 0
      vertex 28.2757 -47.1751 0
    endloop
  endfacet
  facet normal 0 0 -1
    outer loop
      vertex 25.9268 -48.5057 0
      vertex 24.1119 -45.1103 0
      vertex 26.2964 -43.8728 0
    endloop
  endfacet
  facet normal 0 0 -1
    outer loop
      vertex 23.5155 -49.7194 0
      vertex 24.1119 -45.1103 0
      vertex 25.9268 -48.5057 0
    endloop
  endfacet
  facet normal 0 0 -1
    outer loop
      vertex 23.5155 -49.7194 0
      vertex 21.8694 -46.2391 0
      vertex 24.1119 -45.1103 0
    endloop
  endfacet
  facet normal 0 0 -1
    outer loop
      vertex 21.0476 -50.8134 0
      vertex 21.8694 -46.2391 0
      vertex 23.5155 -49.7194 0
    endloop
  endfacet
  facet normal 0 0 -1
    outer loop
      vertex 21.0476 -50.8134 0
      vertex 19.5743 -47.2564 0
      vertex 21.8694 -46.2391 0
    endloop
  endfacet
  facet normal 0 0 -1
    outer loop
      vertex 18.5289 -51.7849 0
      vertex 19.5743 -47.2564 0
      vertex 21.0476 -50.8134 0
    endloop
  endfacet
  facet normal 0 0 -1
    outer loop
      vertex 18.5289 -51.7849 0
      vertex 17.2319 -48.16 0
      vertex 19.5743 -47.2564 0
    endloop
  endfacet
  facet normal 0 0 -1
    outer loop
      vertex 15.9657 -52.6317 0
      vertex 17.2319 -48.16 0
      vertex 18.5289 -51.7849 0
    endloop
  endfacet
  facet normal 0 0 -1
    outer loop
      vertex 15.9657 -52.6317 0
      vertex 14.8481 -48.9475 0
      vertex 17.2319 -48.16 0
    endloop
  endfacet
  facet normal 0 0 -1
    outer loop
      vertex 13.3639 -53.3517 0
      vertex 14.8481 -48.9475 0
      vertex 15.9657 -52.6317 0
    endloop
  endfacet
  facet normal 0 0 -1
    outer loop
      vertex 13.3639 -53.3517 0
      vertex 12.4284 -49.6171 0
      vertex 14.8481 -48.9475 0
    endloop
  endfacet
  facet normal 0 0 -1
    outer loop
      vertex 10.73 -53.9432 0
      vertex 12.4284 -49.6171 0
      vertex 13.3639 -53.3517 0
    endloop
  endfacet
  facet normal 0 0 -1
    outer loop
      vertex 10.73 -53.9432 0
      vertex 9.97887 -50.1672 0
      vertex 12.4284 -49.6171 0
    endloop
  endfacet
  facet normal 0 0 -1
    outer loop
      vertex 8.07018 -54.4047 0
      vertex 9.97887 -50.1672 0
      vertex 10.73 -53.9432 0
    endloop
  endfacet
  facet normal 0 0 -1
    outer loop
      vertex 8.07018 -54.4047 0
      vertex 7.50526 -50.5964 0
      vertex 9.97887 -50.1672 0
    endloop
  endfacet
  facet normal 0 0 -1
    outer loop
      vertex 5.39094 -54.7352 0
      vertex 7.50526 -50.5964 0
      vertex 8.07018 -54.4047 0
    endloop
  endfacet
  facet normal 0 0 -1
    outer loop
      vertex 5.39094 -54.7352 0
      vertex 5.01358 -50.9037 0
      vertex 7.50526 -50.5964 0
    endloop
  endfacet
  facet normal 0 0 -1
    outer loop
      vertex 2.69872 -54.9338 0
      vertex 5.01358 -50.9037 0
      vertex 5.39094 -54.7352 0
    endloop
  endfacet
  facet normal 0 0 -1
    outer loop
      vertex 2.69872 -54.9338 0
      vertex 2.50981 -51.0884 0
      vertex 5.01358 -50.9037 0
    endloop
  endfacet
  facet normal 0 0 -1
    outer loop
      vertex 0 -55 0
      vertex 2.50981 -51.0884 0
      vertex 2.69872 -54.9338 0
    endloop
  endfacet
  facet normal 0 0 -1
    outer loop
      vertex 0 -55 0
      vertex 0 -51.15 0
      vertex 2.50981 -51.0884 0
    endloop
  endfacet
  facet normal 0 0 -1
    outer loop
      vertex 0 -55 0
      vertex -2.50981 -51.0884 0
      vertex 0 -51.15 0
    endloop
  endfacet
  facet normal 0 0 -1
    outer loop
      vertex -2.69872 -54.9338 0
      vertex -2.50981 -51.0884 0
      vertex 0 -55 0
    endloop
  endfacet
  facet normal 0 0 -1
    outer loop
      vertex -2.69872 -54.9338 0
      vertex -5.01358 -50.9037 0
      vertex -2.50981 -51.0884 0
    endloop
  endfacet
  facet normal 0 0 -1
    outer loop
      vertex -5.39094 -54.7352 0
      vertex -5.01358 -50.9037 0
      vertex -2.69872 -54.9338 0
    endloop
  endfacet
  facet normal 0 0 -1
    outer loop
      vertex -6.7 -54.5737 0
      vertex -5.01358 -50.9037 0
      vertex -5.39094 -54.7352 0
    endloop
  endfacet
  facet normal -0 0 -1
    outer loop
      vertex -5.01358 -50.9037 0
      vertex -6.7 -54.5737 0
      vertex -6.7 -50.6957 0
    endloop
  endfacet
  facet normal 0 0 -1
    outer loop
      vertex 50.1672 9.97887 0
      vertex 53.9432 10.73 0
      vertex 50.5964 7.50526 0
    endloop
  endfacet
  facet normal -0 0 -1
    outer loop
      vertex 53.9432 10.73 0
      vertex 50.1672 9.97887 0
      vertex 53.3517 13.3639 0
    endloop
  endfacet
  facet normal 0 0 -1
    outer loop
      vertex 49.6171 12.4284 0
      vertex 53.3517 13.3639 0
      vertex 50.1672 9.97887 0
    endloop
  endfacet
  facet normal -0 0 -1
    outer loop
      vertex 53.3517 13.3639 0
      vertex 49.6171 12.4284 0
      vertex 52.6317 15.9657 0
    endloop
  endfacet
  facet normal 0 0 -1
    outer loop
      vertex 48.9475 14.8481 0
      vertex 52.6317 15.9657 0
      vertex 49.6171 12.4284 0
    endloop
  endfacet
  facet normal -0 0 -1
    outer loop
      vertex 52.6317 15.9657 0
      vertex 48.9475 14.8481 0
      vertex 51.7849 18.5289 0
    endloop
  endfacet
  facet normal 0 0 -1
    outer loop
      vertex 48.16 17.2319 0
      vertex 51.7849 18.5289 0
      vertex 48.9475 14.8481 0
    endloop
  endfacet
  facet normal -0 0 -1
    outer loop
      vertex 51.7849 18.5289 0
      vertex 48.16 17.2319 0
      vertex 50.8134 21.0476 0
    endloop
  endfacet
  facet normal 0 0 -1
    outer loop
      vertex 47.2564 19.5743 0
      vertex 50.8134 21.0476 0
      vertex 48.16 17.2319 0
    endloop
  endfacet
  facet normal -0 0 -1
    outer loop
      vertex 50.8134 21.0476 0
      vertex 47.2564 19.5743 0
      vertex 49.7194 23.5155 0
    endloop
  endfacet
  facet normal 0 0 -1
    outer loop
      vertex 46.2391 21.8694 0
      vertex 49.7194 23.5155 0
      vertex 47.2564 19.5743 0
    endloop
  endfacet
  facet normal -0 0 -1
    outer loop
      vertex 49.7194 23.5155 0
      vertex 46.2391 21.8694 0
      vertex 48.5057 25.9268 0
    endloop
  endfacet
  facet normal 0 0 -1
    outer loop
      vertex 45.1103 24.1119 0
      vertex 48.5057 25.9268 0
      vertex 46.2391 21.8694 0
    endloop
  endfacet
  facet normal -0 0 -1
    outer loop
      vertex 48.5057 25.9268 0
      vertex 45.1103 24.1119 0
      vertex 47.1751 28.2757 0
    endloop
  endfacet
  facet normal 0 0 -1
    outer loop
      vertex 43.8728 26.2964 0
      vertex 47.1751 28.2757 0
      vertex 45.1103 24.1119 0
    endloop
  endfacet
  facet normal -0 0 -1
    outer loop
      vertex 47.1751 28.2757 0
      vertex 43.8728 26.2964 0
      vertex 45.7308 30.5564 0
    endloop
  endfacet
  facet normal 0 0 -1
    outer loop
      vertex 42.5297 28.4174 0
      vertex 45.7308 30.5564 0
      vertex 43.8728 26.2964 0
    endloop
  endfacet
  facet normal -0 0 -1
    outer loop
      vertex 45.7308 30.5564 0
      vertex 42.5297 28.4174 0
      vertex 44.1764 32.7635 0
    endloop
  endfacet
  facet normal 0 0 -1
    outer loop
      vertex 41.0841 30.47 0
      vertex 44.1764 32.7635 0
      vertex 42.5297 28.4174 0
    endloop
  endfacet
  facet normal -0 0 -1
    outer loop
      vertex 44.1764 32.7635 0
      vertex 41.0841 30.47 0
      vertex 42.5156 34.8916 0
    endloop
  endfacet
  facet normal 0 0 -1
    outer loop
      vertex 39.5395 32.4492 0
      vertex 42.5156 34.8916 0
      vertex 41.0841 30.47 0
    endloop
  endfacet
  facet normal -0 0 -1
    outer loop
      vertex 42.5156 34.8916 0
      vertex 39.5395 32.4492 0
      vertex 40.7523 36.9357 0
    endloop
  endfacet
  facet normal 0 0 -1
    outer loop
      vertex 37.8997 34.3502 0
      vertex 40.7523 36.9357 0
      vertex 39.5395 32.4492 0
    endloop
  endfacet
  facet normal -0 0 -1
    outer loop
      vertex 40.7523 36.9357 0
      vertex 37.8997 34.3502 0
      vertex 38.8909 38.8909 0
    endloop
  endfacet
  facet normal 0 0 -1
    outer loop
      vertex 36.1685 36.1685 0
      vertex 38.8909 38.8909 0
      vertex 37.8997 34.3502 0
    endloop
  endfacet
  facet normal -0 0 -1
    outer loop
      vertex 38.8909 38.8909 0
      vertex 36.1685 36.1685 0
      vertex 36.9357 40.7523 0
    endloop
  endfacet
  facet normal 0 0 -1
    outer loop
      vertex 34.3502 37.8997 0
      vertex 36.9357 40.7523 0
      vertex 36.1685 36.1685 0
    endloop
  endfacet
  facet normal -0 0 -1
    outer loop
      vertex 36.9357 40.7523 0
      vertex 34.3502 37.8997 0
      vertex 34.8916 42.5156 0
    endloop
  endfacet
  facet normal 0 0 -1
    outer loop
      vertex 32.4492 39.5395 0
      vertex 34.8916 42.5156 0
      vertex 34.3502 37.8997 0
    endloop
  endfacet
  facet normal -0 0 -1
    outer loop
      vertex 34.8916 42.5156 0
      vertex 32.4492 39.5395 0
      vertex 32.7635 44.1764 0
    endloop
  endfacet
  facet normal 0 0 -1
    outer loop
      vertex 30.47 41.0841 0
      vertex 32.7635 44.1764 0
      vertex 32.4492 39.5395 0
    endloop
  endfacet
  facet normal -0 0 -1
    outer loop
      vertex 32.7635 44.1764 0
      vertex 30.47 41.0841 0
      vertex 30.5564 45.7308 0
    endloop
  endfacet
  facet normal 0 0 -1
    outer loop
      vertex 28.4174 42.5297 0
      vertex 30.5564 45.7308 0
      vertex 30.47 41.0841 0
    endloop
  endfacet
  facet normal 0 0 -1
    outer loop
      vertex 28.4174 42.5297 0
      vertex 28.2757 47.1751 0
      vertex 30.5564 45.7308 0
    endloop
  endfacet
  facet normal 0 0 -1
    outer loop
      vertex 26.2964 43.8728 0
      vertex 28.2757 47.1751 0
      vertex 28.4174 42.5297 0
    endloop
  endfacet
  facet normal 0 0 -1
    outer loop
      vertex 26.2964 43.8728 0
      vertex 25.9268 48.5057 0
      vertex 28.2757 47.1751 0
    endloop
  endfacet
  facet normal 0 0 -1
    outer loop
      vertex 24.1119 45.1103 0
      vertex 25.9268 48.5057 0
      vertex 26.2964 43.8728 0
    endloop
  endfacet
  facet normal 0 0 -1
    outer loop
      vertex 24.1119 45.1103 0
      vertex 23.5155 49.7194 0
      vertex 25.9268 48.5057 0
    endloop
  endfacet
  facet normal 0 0 -1
    outer loop
      vertex 21.8694 46.2391 0
      vertex 23.5155 49.7194 0
      vertex 24.1119 45.1103 0
    endloop
  endfacet
  facet normal 0 0 -1
    outer loop
      vertex 21.8694 46.2391 0
      vertex 21.0476 50.8134 0
      vertex 23.5155 49.7194 0
    endloop
  endfacet
  facet normal 0 0 -1
    outer loop
      vertex 19.5743 47.2564 0
      vertex 21.0476 50.8134 0
      vertex 21.8694 46.2391 0
    endloop
  endfacet
  facet normal 0 0 -1
    outer loop
      vertex 19.5743 47.2564 0
      vertex 18.5289 51.7849 0
      vertex 21.0476 50.8134 0
    endloop
  endfacet
  facet normal 0 0 -1
    outer loop
      vertex 17.2319 48.16 0
      vertex 18.5289 51.7849 0
      vertex 19.5743 47.2564 0
    endloop
  endfacet
  facet normal 0 0 -1
    outer loop
      vertex 17.2319 48.16 0
      vertex 15.9657 52.6317 0
      vertex 18.5289 51.7849 0
    endloop
  endfacet
  facet normal 0 0 -1
    outer loop
      vertex 14.8481 48.9475 0
      vertex 15.9657 52.6317 0
      vertex 17.2319 48.16 0
    endloop
  endfacet
  facet normal 0 0 -1
    outer loop
      vertex 14.8481 48.9475 0
      vertex 13.3639 53.3517 0
      vertex 15.9657 52.6317 0
    endloop
  endfacet
  facet normal 0 0 -1
    outer loop
      vertex 12.4284 49.6171 0
      vertex 13.3639 53.3517 0
      vertex 14.8481 48.9475 0
    endloop
  endfacet
  facet normal 0 0 -1
    outer loop
      vertex 12.4284 49.6171 0
      vertex 10.73 53.9432 0
      vertex 13.3639 53.3517 0
    endloop
  endfacet
  facet normal 0 0 -1
    outer loop
      vertex 9.97887 50.1672 0
      vertex 10.73 53.9432 0
      vertex 12.4284 49.6171 0
    endloop
  endfacet
  facet normal 0 0 -1
    outer loop
      vertex 9.97887 50.1672 0
      vertex 8.07018 54.4047 0
      vertex 10.73 53.9432 0
    endloop
  endfacet
  facet normal 0 0 -1
    outer loop
      vertex 7.50526 50.5964 0
      vertex 8.07018 54.4047 0
      vertex 9.97887 50.1672 0
    endloop
  endfacet
  facet normal 0 0 -1
    outer loop
      vertex 7.50526 50.5964 0
      vertex 5.39094 54.7352 0
      vertex 8.07018 54.4047 0
    endloop
  endfacet
  facet normal 0 0 -1
    outer loop
      vertex 5.01358 50.9037 0
      vertex 5.39094 54.7352 0
      vertex 7.50526 50.5964 0
    endloop
  endfacet
  facet normal 0 0 -1
    outer loop
      vertex 5.01358 50.9037 0
      vertex 2.69872 54.9338 0
      vertex 5.39094 54.7352 0
    endloop
  endfacet
  facet normal 0 0 -1
    outer loop
      vertex 2.50981 51.0884 0
      vertex 2.69872 54.9338 0
      vertex 5.01358 50.9037 0
    endloop
  endfacet
  facet normal 0 0 -1
    outer loop
      vertex 0 51.15 0
      vertex 2.69872 54.9338 0
      vertex 2.50981 51.0884 0
    endloop
  endfacet
  facet normal 0 0 -1
    outer loop
      vertex 0 51.15 0
      vertex 0 55 0
      vertex 2.69872 54.9338 0
    endloop
  endfacet
  facet normal 0 0 -1
    outer loop
      vertex -2.50981 51.0884 0
      vertex 0 55 0
      vertex 0 51.15 0
    endloop
  endfacet
  facet normal 0 0 -1
    outer loop
      vertex -2.50981 51.0884 0
      vertex -2.69872 54.9338 0
      vertex 0 55 0
    endloop
  endfacet
  facet normal 0 0 -1
    outer loop
      vertex -5.01358 50.9037 0
      vertex -2.69872 54.9338 0
      vertex -2.50981 51.0884 0
    endloop
  endfacet
  facet normal 0 0 -1
    outer loop
      vertex -5.01358 50.9037 0
      vertex -5.39094 54.7352 0
      vertex -2.69872 54.9338 0
    endloop
  endfacet
  facet normal 0 0 -1
    outer loop
      vertex -6.7 54.5737 0
      vertex -5.01358 50.9037 0
      vertex -6.7 50.6957 0
    endloop
  endfacet
  facet normal 0 0 -1
    outer loop
      vertex -5.01358 50.9037 0
      vertex -6.7 54.5737 0
      vertex -5.39094 54.7352 0
    endloop
  endfacet
  facet normal 0 0 -1
    outer loop
      vertex -9.62771 -48.4018 0
      vertex -9.3 -45.7781 0
      vertex -9.3 -48.4586 0
    endloop
  endfacet
  facet normal -0 0 -1
    outer loop
      vertex -9.3 -45.7781 0
      vertex -9.62771 -48.4018 0
      vertex -9.53073 -45.6955 0
    endloop
  endfacet
  facet normal 0 0 -1
    outer loop
      vertex -9.62771 -48.4018 0
      vertex -9.88559 -45.5277 0
      vertex -9.53073 -45.6955 0
    endloop
  endfacet
  facet normal 0 0 -1
    outer loop
      vertex -11.9911 -47.871 0
      vertex -9.88559 -45.5277 0
      vertex -9.62771 -48.4018 0
    endloop
  endfacet
  facet normal -0 0 -1
    outer loop
      vertex -9.88559 -45.5277 0
      vertex -11.9911 -47.871 0
      vertex -10.2223 -45.3259 0
    endloop
  endfacet
  facet normal -0 0 -1
    outer loop
      vertex -10.2223 -45.3259 0
      vertex -11.9911 -47.871 0
      vertex -10.5376 -45.092 0
    endloop
  endfacet
  facet normal -0 0 -1
    outer loop
      vertex -10.5376 -45.092 0
      vertex -11.9911 -47.871 0
      vertex -10.8284 -44.8284 0
    endloop
  endfacet
  facet normal -0 0 -1
    outer loop
      vertex -10.8284 -44.8284 0
      vertex -11.9911 -47.871 0
      vertex -11.092 -44.5376 0
    endloop
  endfacet
  facet normal 0 0 -1
    outer loop
      vertex -14.3255 -47.225 0
      vertex -11.092 -44.5376 0
      vertex -11.9911 -47.871 0
    endloop
  endfacet
  facet normal -0 0 -1
    outer loop
      vertex -11.092 -44.5376 0
      vertex -14.3255 -47.225 0
      vertex -11.3259 -44.2223 0
    endloop
  endfacet
  facet normal -0 0 -1
    outer loop
      vertex -11.3259 -44.2223 0
      vertex -14.3255 -47.225 0
      vertex -11.5277 -43.8856 0
    endloop
  endfacet
  facet normal -0 0 -1
    outer loop
      vertex -11.5277 -43.8856 0
      vertex -14.3255 -47.225 0
      vertex -11.6955 -43.5307 0
    endloop
  endfacet
  facet normal -0 0 -1
    outer loop
      vertex -11.6955 -43.5307 0
      vertex -14.3255 -47.225 0
      vertex -11.8278 -43.1611 0
    endloop
  endfacet
  facet normal 0 0 -1
    outer loop
      vertex -16.6255 -46.4652 0
      vertex -11.8278 -43.1611 0
      vertex -14.3255 -47.225 0
    endloop
  endfacet
  facet normal -0 0 -1
    outer loop
      vertex -11.8278 -43.1611 0
      vertex -16.6255 -46.4652 0
      vertex -11.9231 -42.7804 0
    endloop
  endfacet
  facet normal -0 0 -1
    outer loop
      vertex -11.9231 -42.7804 0
      vertex -16.6255 -46.4652 0
      vertex -11.9807 -42.3921 0
    endloop
  endfacet
  facet normal 0 0 -1
    outer loop
      vertex 2.42149 -49.2906 0
      vertex -4.01926 -42.3921 0
      vertex -4 -42 0
    endloop
  endfacet
  facet normal 0 0 -1
    outer loop
      vertex 0 -49.35 0
      vertex -4.07686 -42.7804 0
      vertex -4.01926 -42.3921 0
    endloop
  endfacet
  facet normal 0 0 -1
    outer loop
      vertex 0 -49.35 0
      vertex -4.17224 -43.1611 0
      vertex -4.07686 -42.7804 0
    endloop
  endfacet
  facet normal 0 0 -1
    outer loop
      vertex 0 -49.35 0
      vertex -4.30448 -43.5307 0
      vertex -4.17224 -43.1611 0
    endloop
  endfacet
  facet normal 0 0 -1
    outer loop
      vertex 0 -49.35 0
      vertex -4.47232 -43.8856 0
      vertex -4.30448 -43.5307 0
    endloop
  endfacet
  facet normal 0 0 -1
    outer loop
      vertex -2.42149 -49.2906 0
      vertex -4.67412 -44.2223 0
      vertex -4.47232 -43.8856 0
    endloop
  endfacet
  facet normal 0 0 -1
    outer loop
      vertex -5.17157 -44.8284 0
      vertex -2.42149 -49.2906 0
      vertex -4.83715 -49.1124 0
    endloop
  endfacet
  facet normal 0 0 -1
    outer loop
      vertex -2.42149 -49.2906 0
      vertex -4.90796 -44.5376 0
      vertex -4.67412 -44.2223 0
    endloop
  endfacet
  facet normal 0 0 -1
    outer loop
      vertex -2.42149 -49.2906 0
      vertex -5.17157 -44.8284 0
      vertex -4.90796 -44.5376 0
    endloop
  endfacet
  facet normal 0 0 -1
    outer loop
      vertex -4.83715 -49.1124 0
      vertex -5.46243 -45.092 0
      vertex -5.17157 -44.8284 0
    endloop
  endfacet
  facet normal 0 0 -1
    outer loop
      vertex -4.83715 -49.1124 0
      vertex -5.77772 -45.3259 0
      vertex -5.46243 -45.092 0
    endloop
  endfacet
  facet normal 0 0 -1
    outer loop
      vertex -4.83715 -49.1124 0
      vertex -6.11441 -45.5277 0
      vertex -5.77772 -45.3259 0
    endloop
  endfacet
  facet normal 0 0 -1
    outer loop
      vertex -4.83715 -49.1124 0
      vertex -6.46927 -45.6955 0
      vertex -6.11441 -45.5277 0
    endloop
  endfacet
  facet normal 0 0 -1
    outer loop
      vertex -6.7 -48.8826 0
      vertex -6.46927 -45.6955 0
      vertex -4.83715 -49.1124 0
    endloop
  endfacet
  facet normal 0 0 -1
    outer loop
      vertex -6.46927 -45.6955 0
      vertex -6.7 -48.8826 0
      vertex -6.7 -45.7781 0
    endloop
  endfacet
  facet normal 0 0 -1
    outer loop
      vertex 15.9722 1.82922 0
      vertex 25.0429 10.2905 0
      vertex 16.1457 1.70062 0
    endloop
  endfacet
  facet normal -0 0 -1
    outer loop
      vertex 25.0429 10.2905 0
      vertex 15.9722 1.82922 0
      vertex 24.5168 10.9999 0
    endloop
  endfacet
  facet normal 0 0 -1
    outer loop
      vertex 15.7871 1.94022 0
      vertex 24.5168 10.9999 0
      vertex 15.9722 1.82922 0
    endloop
  endfacet
  facet normal -0 0 -1
    outer loop
      vertex 24.5168 10.9999 0
      vertex 15.7871 1.94022 0
      vertex 24.0627 11.7574 0
    endloop
  endfacet
  facet normal 0 0 -1
    outer loop
      vertex 15.5919 2.03253 0
      vertex 24.0627 11.7574 0
      vertex 15.7871 1.94022 0
    endloop
  endfacet
  facet normal 0 0 -1
    outer loop
      vertex 15.3886 2.10526 0
      vertex 24.0627 11.7574 0
      vertex 15.5919 2.03253 0
    endloop
  endfacet
  facet normal -0 0 -1
    outer loop
      vertex 24.0627 11.7574 0
      vertex 15.3886 2.10526 0
      vertex 23.6851 12.5558 0
    endloop
  endfacet
  facet normal 0 0 -1
    outer loop
      vertex 15.1792 2.15771 0
      vertex 23.6851 12.5558 0
      vertex 15.3886 2.10526 0
    endloop
  endfacet
  facet normal 0 0 -1
    outer loop
      vertex 14.9656 2.18939 0
      vertex 23.6851 12.5558 0
      vertex 15.1792 2.15771 0
    endloop
  endfacet
  facet normal -0 0 -1
    outer loop
      vertex 23.6851 12.5558 0
      vertex 14.9656 2.18939 0
      vertex 23.3875 13.3874 0
    endloop
  endfacet
  facet normal -0 0 -1
    outer loop
      vertex 23.3875 13.3874 0
      vertex 14.9656 2.18939 0
      vertex 23.1729 14.2442 0
    endloop
  endfacet
  facet normal -0 0 -1
    outer loop
      vertex 23.1729 14.2442 0
      vertex 14.9656 2.18939 0
      vertex 23.0433 15.1178 0
    endloop
  endfacet
  facet normal -0 0 -1
    outer loop
      vertex 23.0433 15.1178 0
      vertex 14.9656 2.18939 0
      vertex 23 16 0
    endloop
  endfacet
  facet normal 0 0 -1
    outer loop
      vertex 0.372464 3.7817 0
      vertex 23 16 0
      vertex 14.9656 2.18939 0
    endloop
  endfacet
  facet normal -0 0 -1
    outer loop
      vertex 23 16 0
      vertex 0.372464 3.7817 0
      vertex 23.0433 16.8822 0
    endloop
  endfacet
  facet normal 0 -0 -1
    outer loop
      vertex -4.67412 39.7777 0
      vertex 23.0433 16.8822 0
      vertex -4.90796 39.4624 0
    endloop
  endfacet
  facet normal 0 0 -1
    outer loop
      vertex 23.0433 16.8822 0
      vertex 16.6255 46.4652 0
      vertex 18.8854 45.5935 0
    endloop
  endfacet
  facet normal 0 0 -1
    outer loop
      vertex 23.0433 16.8822 0
      vertex -4.67412 39.7777 0
      vertex 16.6255 46.4652 0
    endloop
  endfacet
  facet normal -0 0 -1
    outer loop
      vertex 16.6255 46.4652 0
      vertex -4.67412 39.7777 0
      vertex 14.3255 47.225 0
    endloop
  endfacet
  facet normal 0 -0 -1
    outer loop
      vertex -4.47232 40.1144 0
      vertex 14.3255 47.225 0
      vertex -4.67412 39.7777 0
    endloop
  endfacet
  facet normal 0 -0 -1
    outer loop
      vertex -4.30448 40.4693 0
      vertex 11.9911 47.871 0
      vertex -4.47232 40.1144 0
    endloop
  endfacet
  facet normal 0 -0 -1
    outer loop
      vertex -4.17224 40.8389 0
      vertex 9.62771 48.4018 0
      vertex -4.30448 40.4693 0
    endloop
  endfacet
  facet normal 0 0 -1
    outer loop
      vertex -5.77772 38.6741 0
      vertex 23.0433 16.8822 0
      vertex 0.372464 3.7817 0
    endloop
  endfacet
  facet normal 0 0 -1
    outer loop
      vertex -6.46927 38.3045 0
      vertex 0.372464 3.7817 0
      vertex 0 3.8 0
    endloop
  endfacet
  facet normal -0 0 -1
    outer loop
      vertex 9.62771 48.4018 0
      vertex -4.17224 40.8389 0
      vertex 7.24115 48.8159 0
    endloop
  endfacet
  facet normal 0 0 -1
    outer loop
      vertex -6.83886 38.1722 0
      vertex 0 3.8 0
      vertex -0.372464 3.7817 0
    endloop
  endfacet
  facet normal 0 -0 -1
    outer loop
      vertex -4.01926 41.6079 0
      vertex 4.83715 49.1124 0
      vertex -4.07686 41.2196 0
    endloop
  endfacet
  facet normal 0 0 -1
    outer loop
      vertex -4.01926 42.3921 0
      vertex 2.42149 49.2906 0
      vertex -4 42 0
    endloop
  endfacet
  facet normal 0 0 -1
    outer loop
      vertex -4.07686 42.7804 0
      vertex 2.42149 49.2906 0
      vertex -4.01926 42.3921 0
    endloop
  endfacet
  facet normal -0 0 -1
    outer loop
      vertex 4.83715 49.1124 0
      vertex -4 42 0
      vertex 2.42149 49.2906 0
    endloop
  endfacet
  facet normal 0 -0 -1
    outer loop
      vertex -4 42 0
      vertex 4.83715 49.1124 0
      vertex -4.01926 41.6079 0
    endloop
  endfacet
  facet normal -0 0 -1
    outer loop
      vertex 7.24115 48.8159 0
      vertex -4.07686 41.2196 0
      vertex 4.83715 49.1124 0
    endloop
  endfacet
  facet normal 0 -0 -1
    outer loop
      vertex -4.07686 41.2196 0
      vertex 7.24115 48.8159 0
      vertex -4.17224 40.8389 0
    endloop
  endfacet
  facet normal -0 0 -1
    outer loop
      vertex 11.9911 47.871 0
      vertex -4.30448 40.4693 0
      vertex 9.62771 48.4018 0
    endloop
  endfacet
  facet normal -0 0 -1
    outer loop
      vertex 14.3255 47.225 0
      vertex -4.47232 40.1144 0
      vertex 11.9911 47.871 0
    endloop
  endfacet
  facet normal 0 0 -1
    outer loop
      vertex 23.0433 16.8822 0
      vertex -5.17157 39.1716 0
      vertex -4.90796 39.4624 0
    endloop
  endfacet
  facet normal 0 0 -1
    outer loop
      vertex 23.0433 16.8822 0
      vertex -5.46243 38.908 0
      vertex -5.17157 39.1716 0
    endloop
  endfacet
  facet normal 0 0 -1
    outer loop
      vertex 23.0433 16.8822 0
      vertex -5.77772 38.6741 0
      vertex -5.46243 38.908 0
    endloop
  endfacet
  facet normal 0 0 -1
    outer loop
      vertex 0.372464 3.7817 0
      vertex -6.11441 38.4723 0
      vertex -5.77772 38.6741 0
    endloop
  endfacet
  facet normal 0 0 -1
    outer loop
      vertex 0.372464 3.7817 0
      vertex -6.46927 38.3045 0
      vertex -6.11441 38.4723 0
    endloop
  endfacet
  facet normal 0 0 -1
    outer loop
      vertex 0 3.8 0
      vertex -6.83886 38.1722 0
      vertex -6.46927 38.3045 0
    endloop
  endfacet
  facet normal 0 0 -1
    outer loop
      vertex -0.372464 3.7817 0
      vertex -7.21964 38.0769 0
      vertex -6.83886 38.1722 0
    endloop
  endfacet
  facet normal 0 0 -1
    outer loop
      vertex -0.372464 3.7817 0
      vertex -7.60793 38.0193 0
      vertex -7.21964 38.0769 0
    endloop
  endfacet
  facet normal 0 0 -1
    outer loop
      vertex -23.1729 17.7558 0
      vertex -7.60793 38.0193 0
      vertex -0.372464 3.7817 0
    endloop
  endfacet
  facet normal 0 0 -1
    outer loop
      vertex -7.60793 38.0193 0
      vertex -23.1729 17.7558 0
      vertex -8 38 0
    endloop
  endfacet
  facet normal 0 0 -1
    outer loop
      vertex -23.3875 18.6126 0
      vertex -8 38 0
      vertex -23.1729 17.7558 0
    endloop
  endfacet
  facet normal -0 0 -1
    outer loop
      vertex -8 38 0
      vertex -23.3875 18.6126 0
      vertex -8.39207 38.0193 0
    endloop
  endfacet
  facet normal 0 0 -1
    outer loop
      vertex -23.6851 19.4441 0
      vertex -8.39207 38.0193 0
      vertex -23.3875 18.6126 0
    endloop
  endfacet
  facet normal -0 0 -1
    outer loop
      vertex -8.39207 38.0193 0
      vertex -23.6851 19.4441 0
      vertex -8.78036 38.0769 0
    endloop
  endfacet
  facet normal -0 0 -1
    outer loop
      vertex -8.78036 38.0769 0
      vertex -23.6851 19.4441 0
      vertex -9.16114 38.1722 0
    endloop
  endfacet
  facet normal 0 0 -1
    outer loop
      vertex -24.0627 20.2426 0
      vertex -9.16114 38.1722 0
      vertex -23.6851 19.4441 0
    endloop
  endfacet
  facet normal -0 0 -1
    outer loop
      vertex -9.16114 38.1722 0
      vertex -24.0627 20.2426 0
      vertex -9.53073 38.3045 0
    endloop
  endfacet
  facet normal 0 0 -1
    outer loop
      vertex -24.5168 21.0001 0
      vertex -9.53073 38.3045 0
      vertex -24.0627 20.2426 0
    endloop
  endfacet
  facet normal -0 0 -1
    outer loop
      vertex -9.53073 38.3045 0
      vertex -24.5168 21.0001 0
      vertex -9.88559 38.4723 0
    endloop
  endfacet
  facet normal 0 0 -1
    outer loop
      vertex -25.0429 21.7095 0
      vertex -9.88559 38.4723 0
      vertex -24.5168 21.0001 0
    endloop
  endfacet
  facet normal -0 0 -1
    outer loop
      vertex -9.88559 38.4723 0
      vertex -25.0429 21.7095 0
      vertex -10.2223 38.6741 0
    endloop
  endfacet
  facet normal 0 0 -1
    outer loop
      vertex -25.636 22.364 0
      vertex -10.2223 38.6741 0
      vertex -25.0429 21.7095 0
    endloop
  endfacet
  facet normal 0 0 -1
    outer loop
      vertex -23.0433 16.8822 0
      vertex -0.372464 3.7817 0
      vertex -12 2.51298 0
    endloop
  endfacet
  facet normal -0 0 -1
    outer loop
      vertex -10.2223 38.6741 0
      vertex -25.636 22.364 0
      vertex -10.5376 38.908 0
    endloop
  endfacet
  facet normal -0 0 -1
    outer loop
      vertex -10.5376 38.908 0
      vertex -25.636 22.364 0
      vertex -10.8284 39.1716 0
    endloop
  endfacet
  facet normal 0 0 -1
    outer loop
      vertex -26.2905 22.9571 0
      vertex -10.8284 39.1716 0
      vertex -25.636 22.364 0
    endloop
  endfacet
  facet normal -0 0 -1
    outer loop
      vertex 2.42149 49.2906 0
      vertex -4.07686 42.7804 0
      vertex 0 49.35 0
    endloop
  endfacet
  facet normal 0 0 -1
    outer loop
      vertex -4.17224 43.1611 0
      vertex 0 49.35 0
      vertex -4.07686 42.7804 0
    endloop
  endfacet
  facet normal 0 0 -1
    outer loop
      vertex -4.30448 43.5307 0
      vertex 0 49.35 0
      vertex -4.17224 43.1611 0
    endloop
  endfacet
  facet normal 0 0 -1
    outer loop
      vertex -4.47232 43.8856 0
      vertex 0 49.35 0
      vertex -4.30448 43.5307 0
    endloop
  endfacet
  facet normal 0 0 -1
    outer loop
      vertex 0 49.35 0
      vertex -4.47232 43.8856 0
      vertex -2.42149 49.2906 0
    endloop
  endfacet
  facet normal 0 0 -1
    outer loop
      vertex -4.67412 44.2223 0
      vertex -2.42149 49.2906 0
      vertex -4.47232 43.8856 0
    endloop
  endfacet
  facet normal 0 0 -1
    outer loop
      vertex -4.90796 44.5376 0
      vertex -2.42149 49.2906 0
      vertex -4.67412 44.2223 0
    endloop
  endfacet
  facet normal 0 0 -1
    outer loop
      vertex -5.17157 44.8284 0
      vertex -2.42149 49.2906 0
      vertex -4.90796 44.5376 0
    endloop
  endfacet
  facet normal 0 0 -1
    outer loop
      vertex -2.42149 49.2906 0
      vertex -5.17157 44.8284 0
      vertex -4.83715 49.1124 0
    endloop
  endfacet
  facet normal 0 0 -1
    outer loop
      vertex -5.46243 45.092 0
      vertex -4.83715 49.1124 0
      vertex -5.17157 44.8284 0
    endloop
  endfacet
  facet normal 0 0 -1
    outer loop
      vertex -5.77772 45.3259 0
      vertex -4.83715 49.1124 0
      vertex -5.46243 45.092 0
    endloop
  endfacet
  facet normal 0 0 -1
    outer loop
      vertex -6.11441 45.5277 0
      vertex -4.83715 49.1124 0
      vertex -5.77772 45.3259 0
    endloop
  endfacet
  facet normal 0 0 -1
    outer loop
      vertex -6.46927 45.6955 0
      vertex -4.83715 49.1124 0
      vertex -6.11441 45.5277 0
    endloop
  endfacet
  facet normal 0 0 -1
    outer loop
      vertex -6.7 48.8826 0
      vertex -6.46927 45.6955 0
      vertex -6.7 45.7781 0
    endloop
  endfacet
  facet normal 0 0 -1
    outer loop
      vertex -6.46927 45.6955 0
      vertex -6.7 48.8826 0
      vertex -4.83715 49.1124 0
    endloop
  endfacet
  facet normal -0 0 -1
    outer loop
      vertex -16.4506 -1.39566 0
      vertex -25.636 -9.63604 0
      vertex -16.5792 -1.22224 0
    endloop
  endfacet
  facet normal 0 0 -1
    outer loop
      vertex -16.95 0 0
      vertex -23.0433 15.1178 0
      vertex -23 16 0
    endloop
  endfacet
  facet normal 0 0 -1
    outer loop
      vertex -26.2905 -9.04291 0
      vertex -16.5792 -1.22224 0
      vertex -25.636 -9.63604 0
    endloop
  endfacet
  facet normal 0 0 -1
    outer loop
      vertex -16.95 0 0
      vertex -23.1729 14.2442 0
      vertex -23.0433 15.1178 0
    endloop
  endfacet
  facet normal -0 0 -1
    outer loop
      vertex -16.5792 -1.22224 0
      vertex -26.2905 -9.04291 0
      vertex -16.6902 -1.03706 0
    endloop
  endfacet
  facet normal 0 0 -1
    outer loop
      vertex -16.95 0 0
      vertex -23.3875 13.3874 0
      vertex -23.1729 14.2442 0
    endloop
  endfacet
  facet normal -0 0 -1
    outer loop
      vertex -16.6902 -1.03706 0
      vertex -26.2905 -9.04291 0
      vertex -16.7825 -0.841888 0
    endloop
  endfacet
  facet normal 0 0 -1
    outer loop
      vertex -16.95 0 0
      vertex -23.6851 12.5558 0
      vertex -23.3875 13.3874 0
    endloop
  endfacet
  facet normal 0 0 -1
    outer loop
      vertex -26.9999 -8.51677 0
      vertex -16.7825 -0.841888 0
      vertex -26.2905 -9.04291 0
    endloop
  endfacet
  facet normal 0 0 -1
    outer loop
      vertex -16.95 0 0
      vertex -24.0627 11.7574 0
      vertex -23.6851 12.5558 0
    endloop
  endfacet
  facet normal -0 0 -1
    outer loop
      vertex -16.7825 -0.841888 0
      vertex -26.9999 -8.51677 0
      vertex -16.8553 -0.638626 0
    endloop
  endfacet
  facet normal 0 0 -1
    outer loop
      vertex -16.95 0 0
      vertex -24.5168 10.9999 0
      vertex -24.0627 11.7574 0
    endloop
  endfacet
  facet normal -0 0 -1
    outer loop
      vertex -16.8553 -0.638626 0
      vertex -26.9999 -8.51677 0
      vertex -16.9077 -0.429184 0
    endloop
  endfacet
  facet normal 0 0 -1
    outer loop
      vertex -16.95 0 0
      vertex -25.0429 10.2905 0
      vertex -24.5168 10.9999 0
    endloop
  endfacet
  facet normal 0 0 -1
    outer loop
      vertex -27.7574 -8.06271 0
      vertex -16.9077 -0.429184 0
      vertex -26.9999 -8.51677 0
    endloop
  endfacet
  facet normal 0 0 -1
    outer loop
      vertex -16.95 0 0
      vertex -25.636 9.63604 0
      vertex -25.0429 10.2905 0
    endloop
  endfacet
  facet normal -0 0 -1
    outer loop
      vertex -16.9077 -0.429184 0
      vertex -27.7574 -8.06271 0
      vertex -16.9394 -0.215637 0
    endloop
  endfacet
  facet normal 0 0 -1
    outer loop
      vertex -16.95 0 0
      vertex -26.2905 9.04291 0
      vertex -25.636 9.63604 0
    endloop
  endfacet
  facet normal 0 0 -1
    outer loop
      vertex -28.5558 -7.68508 0
      vertex -16.9394 -0.215637 0
      vertex -27.7574 -8.06271 0
    endloop
  endfacet
  facet normal 0 0 -1
    outer loop
      vertex -16.95 0 0
      vertex -26.9999 8.51677 0
      vertex -26.2905 9.04291 0
    endloop
  endfacet
  facet normal -0 0 -1
    outer loop
      vertex -16.9394 -0.215637 0
      vertex -28.5558 -7.68508 0
      vertex -16.95 0 0
    endloop
  endfacet
  facet normal 0 0 -1
    outer loop
      vertex -16.95 0 0
      vertex -27.7574 8.06271 0
      vertex -26.9999 8.51677 0
    endloop
  endfacet
  facet normal 0 0 -1
    outer loop
      vertex -28.5558 7.68508 0
      vertex -16.95 0 0
      vertex -28.5558 -7.68508 0
    endloop
  endfacet
  facet normal 0 0 -1
    outer loop
      vertex -16.95 0 0
      vertex -28.5558 7.68508 0
      vertex -27.7574 8.06271 0
    endloop
  endfacet
  facet normal 0 0 -1
    outer loop
      vertex -29.3874 -7.38754 0
      vertex -28.5558 7.68508 0
      vertex -28.5558 -7.68508 0
    endloop
  endfacet
  facet normal 0 0 -1
    outer loop
      vertex -29.3874 -7.38754 0
      vertex -29.3874 7.38754 0
      vertex -28.5558 7.68508 0
    endloop
  endfacet
  facet normal 0 0 -1
    outer loop
      vertex -30.2442 -7.17293 0
      vertex -29.3874 7.38754 0
      vertex -29.3874 -7.38754 0
    endloop
  endfacet
  facet normal 0 0 -1
    outer loop
      vertex -30.2442 -7.17293 0
      vertex -30.2442 7.17293 0
      vertex -29.3874 7.38754 0
    endloop
  endfacet
  facet normal 0 0 -1
    outer loop
      vertex -31.1178 -7.04334 0
      vertex -30.2442 7.17293 0
      vertex -30.2442 -7.17293 0
    endloop
  endfacet
  facet normal 0 0 -1
    outer loop
      vertex -31.1178 -7.04334 0
      vertex -31.1178 7.04334 0
      vertex -30.2442 7.17293 0
    endloop
  endfacet
  facet normal 0 0 -1
    outer loop
      vertex -32 -7 0
      vertex -31.1178 7.04334 0
      vertex -31.1178 -7.04334 0
    endloop
  endfacet
  facet normal 0 0 -1
    outer loop
      vertex -32 -7 0
      vertex -32 7 0
      vertex -31.1178 7.04334 0
    endloop
  endfacet
  facet normal 0 0 -1
    outer loop
      vertex -32.8822 -7.04334 0
      vertex -32 7 0
      vertex -32 -7 0
    endloop
  endfacet
  facet normal 0 0 -1
    outer loop
      vertex -32.8822 -7.04334 0
      vertex -32.8822 7.04334 0
      vertex -32 7 0
    endloop
  endfacet
  facet normal 0 0 -1
    outer loop
      vertex -33.7558 -7.17293 0
      vertex -32.8822 7.04334 0
      vertex -32.8822 -7.04334 0
    endloop
  endfacet
  facet normal 0 0 -1
    outer loop
      vertex -33.7558 -7.17293 0
      vertex -33.7558 7.17293 0
      vertex -32.8822 7.04334 0
    endloop
  endfacet
  facet normal 0 0 -1
    outer loop
      vertex -34.6126 -7.38754 0
      vertex -33.7558 7.17293 0
      vertex -33.7558 -7.17293 0
    endloop
  endfacet
  facet normal 0 0 -1
    outer loop
      vertex -34.6126 -7.38754 0
      vertex -34.6126 7.38754 0
      vertex -33.7558 7.17293 0
    endloop
  endfacet
  facet normal 0 0 -1
    outer loop
      vertex -35.4441 -7.68508 0
      vertex -34.6126 7.38754 0
      vertex -34.6126 -7.38754 0
    endloop
  endfacet
  facet normal 0 0 -1
    outer loop
      vertex -35.4441 -7.68508 0
      vertex -35.4441 7.68508 0
      vertex -34.6126 7.38754 0
    endloop
  endfacet
  facet normal 0 0 -1
    outer loop
      vertex -36.2426 -8.06271 0
      vertex -35.4441 7.68508 0
      vertex -35.4441 -7.68508 0
    endloop
  endfacet
  facet normal 0 0 -1
    outer loop
      vertex -36.2426 -8.06271 0
      vertex -36.2426 8.06271 0
      vertex -35.4441 7.68508 0
    endloop
  endfacet
  facet normal 0 0 -1
    outer loop
      vertex -49.35 0 0
      vertex -36.2426 -8.06271 0
      vertex -37.0001 -8.51677 0
    endloop
  endfacet
  facet normal 0 0 -1
    outer loop
      vertex -36.2426 -8.06271 0
      vertex -49.35 0 0
      vertex -36.2426 8.06271 0
    endloop
  endfacet
  facet normal 0 0 -1
    outer loop
      vertex -49.2906 -2.42149 0
      vertex -37.0001 -8.51677 0
      vertex -37.7095 -9.04291 0
    endloop
  endfacet
  facet normal -0 0 -1
    outer loop
      vertex -36.2426 8.06271 0
      vertex -49.35 0 0
      vertex -37.0001 8.51677 0
    endloop
  endfacet
  facet normal 0 0 -1
    outer loop
      vertex -49.1124 -4.83715 0
      vertex -37.7095 -9.04291 0
      vertex -38.364 -9.63604 0
    endloop
  endfacet
  facet normal 0 -0 -1
    outer loop
      vertex -49.2906 2.42149 0
      vertex -37.0001 8.51677 0
      vertex -49.35 0 0
    endloop
  endfacet
  facet normal 0 0 -1
    outer loop
      vertex -48.8159 -7.24115 0
      vertex -38.364 -9.63604 0
      vertex -38.9571 -10.2905 0
    endloop
  endfacet
  facet normal -0 0 -1
    outer loop
      vertex -37.0001 8.51677 0
      vertex -49.2906 2.42149 0
      vertex -37.7095 9.04291 0
    endloop
  endfacet
  facet normal 0 0 -1
    outer loop
      vertex -48.8159 -7.24115 0
      vertex -38.9571 -10.2905 0
      vertex -39.4832 -10.9999 0
    endloop
  endfacet
  facet normal 0 -0 -1
    outer loop
      vertex -49.1124 4.83715 0
      vertex -37.7095 9.04291 0
      vertex -49.2906 2.42149 0
    endloop
  endfacet
  facet normal 0 0 -1
    outer loop
      vertex -48.4018 -9.62771 0
      vertex -39.4832 -10.9999 0
      vertex -39.9373 -11.7574 0
    endloop
  endfacet
  facet normal -0 0 -1
    outer loop
      vertex -37.7095 9.04291 0
      vertex -49.1124 4.83715 0
      vertex -38.364 9.63604 0
    endloop
  endfacet
  facet normal 0 0 -1
    outer loop
      vertex -47.871 -11.9911 0
      vertex -39.9373 -11.7574 0
      vertex -40.3149 -12.5558 0
    endloop
  endfacet
  facet normal 0 -0 -1
    outer loop
      vertex -48.8159 7.24115 0
      vertex -38.364 9.63604 0
      vertex -49.1124 4.83715 0
    endloop
  endfacet
  facet normal 0 0 -1
    outer loop
      vertex -47.871 -11.9911 0
      vertex -40.3149 -12.5558 0
      vertex -40.6125 -13.3874 0
    endloop
  endfacet
  facet normal -0 0 -1
    outer loop
      vertex -38.364 9.63604 0
      vertex -48.8159 7.24115 0
      vertex -38.9571 10.2905 0
    endloop
  endfacet
  facet normal 0 0 -1
    outer loop
      vertex -47.225 -14.3255 0
      vertex -40.6125 -13.3874 0
      vertex -40.8271 -14.2442 0
    endloop
  endfacet
  facet normal -0 0 -1
    outer loop
      vertex -38.9571 10.2905 0
      vertex -48.8159 7.24115 0
      vertex -39.4832 10.9999 0
    endloop
  endfacet
  facet normal 0 0 -1
    outer loop
      vertex -47.225 -14.3255 0
      vertex -40.8271 -14.2442 0
      vertex -40.9567 -15.1178 0
    endloop
  endfacet
  facet normal 0 -0 -1
    outer loop
      vertex -48.4018 9.62771 0
      vertex -39.4832 10.9999 0
      vertex -48.8159 7.24115 0
    endloop
  endfacet
  facet normal 0 0 -1
    outer loop
      vertex -46.4652 -16.6255 0
      vertex -40.9567 -15.1178 0
      vertex -41 -16 0
    endloop
  endfacet
  facet normal -0 0 -1
    outer loop
      vertex -39.4832 10.9999 0
      vertex -48.4018 9.62771 0
      vertex -39.9373 11.7574 0
    endloop
  endfacet
  facet normal 0 0 -1
    outer loop
      vertex -0.372464 3.7817 0
      vertex -23.0433 16.8822 0
      vertex -23.1729 17.7558 0
    endloop
  endfacet
  facet normal -0 0 -1
    outer loop
      vertex -10.8284 39.1716 0
      vertex -26.2905 22.9571 0
      vertex -11.092 39.4624 0
    endloop
  endfacet
  facet normal 0 -0 -1
    outer loop
      vertex -25.371 42.3289 0
      vertex -11.092 39.4624 0
      vertex -26.2905 22.9571 0
    endloop
  endfacet
  facet normal 0 0 -1
    outer loop
      vertex -11.092 39.4624 0
      vertex -25.371 42.3289 0
      vertex -11.3259 39.7777 0
    endloop
  endfacet
  facet normal 0 -0 -1
    outer loop
      vertex -23.2634 43.5228 0
      vertex -11.3259 39.7777 0
      vertex -25.371 42.3289 0
    endloop
  endfacet
  facet normal 0 0 -1
    outer loop
      vertex -11.3259 39.7777 0
      vertex -23.2634 43.5228 0
      vertex -11.5277 40.1144 0
    endloop
  endfacet
  facet normal 0 0 -1
    outer loop
      vertex -11.5277 40.1144 0
      vertex -23.2634 43.5228 0
      vertex -11.6955 40.4693 0
    endloop
  endfacet
  facet normal 0 -0 -1
    outer loop
      vertex -21.0998 44.6119 0
      vertex -11.6955 40.4693 0
      vertex -23.2634 43.5228 0
    endloop
  endfacet
  facet normal 0 0 -1
    outer loop
      vertex -11.6955 40.4693 0
      vertex -21.0998 44.6119 0
      vertex -11.8278 40.8389 0
    endloop
  endfacet
  facet normal 0 0 -1
    outer loop
      vertex -11.9231 41.2196 0
      vertex -18.8854 45.5935 0
      vertex -11.9807 41.6079 0
    endloop
  endfacet
  facet normal 0 0 -1
    outer loop
      vertex -11.8278 40.8389 0
      vertex -21.0998 44.6119 0
      vertex -11.9231 41.2196 0
    endloop
  endfacet
  facet normal 0 -0 -1
    outer loop
      vertex -18.8854 45.5935 0
      vertex -11.9231 41.2196 0
      vertex -21.0998 44.6119 0
    endloop
  endfacet
  facet normal 0 0 -1
    outer loop
      vertex -26.9999 23.4832 0
      vertex -25.371 42.3289 0
      vertex -26.2905 22.9571 0
    endloop
  endfacet
  facet normal 0 0 -1
    outer loop
      vertex -26.9999 23.4832 0
      vertex -27.4174 41.033 0
      vertex -25.371 42.3289 0
    endloop
  endfacet
  facet normal 0 0 -1
    outer loop
      vertex -27.7574 23.9373 0
      vertex -27.4174 41.033 0
      vertex -26.9999 23.4832 0
    endloop
  endfacet
  facet normal 0 0 -1
    outer loop
      vertex -29.3978 39.6383 0
      vertex -27.7574 23.9373 0
      vertex -28.5558 24.3149 0
    endloop
  endfacet
  facet normal 0 0 -1
    outer loop
      vertex -31.3073 38.1481 0
      vertex -28.5558 24.3149 0
      vertex -29.3874 24.6125 0
    endloop
  endfacet
  facet normal 0 0 -1
    outer loop
      vertex -27.7574 23.9373 0
      vertex -29.3978 39.6383 0
      vertex -27.4174 41.033 0
    endloop
  endfacet
  facet normal 0 0 -1
    outer loop
      vertex -33.1414 36.5659 0
      vertex -29.3874 24.6125 0
      vertex -30.2442 24.8271 0
    endloop
  endfacet
  facet normal 0 0 -1
    outer loop
      vertex -33.1414 36.5659 0
      vertex -30.2442 24.8271 0
      vertex -31.1178 24.9567 0
    endloop
  endfacet
  facet normal 0 0 -1
    outer loop
      vertex -28.5558 24.3149 0
      vertex -31.3073 38.1481 0
      vertex -29.3978 39.6383 0
    endloop
  endfacet
  facet normal 0 0 -1
    outer loop
      vertex -34.8957 34.8957 0
      vertex -31.1178 24.9567 0
      vertex -32 25 0
    endloop
  endfacet
  facet normal 0 0 -1
    outer loop
      vertex -36.5659 33.1414 0
      vertex -32 25 0
      vertex -32.8822 24.9567 0
    endloop
  endfacet
  facet normal 0 0 -1
    outer loop
      vertex -29.3874 24.6125 0
      vertex -33.1414 36.5659 0
      vertex -31.3073 38.1481 0
    endloop
  endfacet
  facet normal 0 0 -1
    outer loop
      vertex -36.5659 33.1414 0
      vertex -32.8822 24.9567 0
      vertex -33.7558 24.8271 0
    endloop
  endfacet
  facet normal 0 0 -1
    outer loop
      vertex -38.1481 31.3073 0
      vertex -33.7558 24.8271 0
      vertex -34.6126 24.6125 0
    endloop
  endfacet
  facet normal 0 0 -1
    outer loop
      vertex -31.1178 24.9567 0
      vertex -34.8957 34.8957 0
      vertex -33.1414 36.5659 0
    endloop
  endfacet
  facet normal 0 0 -1
    outer loop
      vertex -39.6383 29.3978 0
      vertex -34.6126 24.6125 0
      vertex -35.4441 24.3149 0
    endloop
  endfacet
  facet normal 0 0 -1
    outer loop
      vertex -39.6383 29.3978 0
      vertex -35.4441 24.3149 0
      vertex -36.2426 23.9373 0
    endloop
  endfacet
  facet normal 0 0 -1
    outer loop
      vertex -32 25 0
      vertex -36.5659 33.1414 0
      vertex -34.8957 34.8957 0
    endloop
  endfacet
  facet normal 0 0 -1
    outer loop
      vertex -41.033 27.4174 0
      vertex -36.2426 23.9373 0
      vertex -37.0001 23.4832 0
    endloop
  endfacet
  facet normal 0 0 -1
    outer loop
      vertex -41.033 27.4174 0
      vertex -37.0001 23.4832 0
      vertex -37.7095 22.9571 0
    endloop
  endfacet
  facet normal 0 0 -1
    outer loop
      vertex -33.7558 24.8271 0
      vertex -38.1481 31.3073 0
      vertex -36.5659 33.1414 0
    endloop
  endfacet
  facet normal 0 0 -1
    outer loop
      vertex -42.3289 25.371 0
      vertex -37.7095 22.9571 0
      vertex -38.364 22.364 0
    endloop
  endfacet
  facet normal 0 0 -1
    outer loop
      vertex -42.3289 25.371 0
      vertex -38.364 22.364 0
      vertex -38.9571 21.7095 0
    endloop
  endfacet
  facet normal 0 0 -1
    outer loop
      vertex -43.5228 23.2634 0
      vertex -38.9571 21.7095 0
      vertex -39.4832 21.0001 0
    endloop
  endfacet
  facet normal 0 0 -1
    outer loop
      vertex -34.6126 24.6125 0
      vertex -39.6383 29.3978 0
      vertex -38.1481 31.3073 0
    endloop
  endfacet
  facet normal 0 0 -1
    outer loop
      vertex -43.5228 23.2634 0
      vertex -39.4832 21.0001 0
      vertex -39.9373 20.2426 0
    endloop
  endfacet
  facet normal 0 0 -1
    outer loop
      vertex -44.6119 21.0998 0
      vertex -39.9373 20.2426 0
      vertex -40.3149 19.4441 0
    endloop
  endfacet
  facet normal 0 0 -1
    outer loop
      vertex -44.6119 21.0998 0
      vertex -40.3149 19.4441 0
      vertex -40.6125 18.6126 0
    endloop
  endfacet
  facet normal 0 0 -1
    outer loop
      vertex -45.5935 18.8854 0
      vertex -40.6125 18.6126 0
      vertex -40.8271 17.7558 0
    endloop
  endfacet
  facet normal 0 0 -1
    outer loop
      vertex -45.5935 18.8854 0
      vertex -40.8271 17.7558 0
      vertex -40.9567 16.8822 0
    endloop
  endfacet
  facet normal 0 0 -1
    outer loop
      vertex -36.2426 23.9373 0
      vertex -41.033 27.4174 0
      vertex -39.6383 29.3978 0
    endloop
  endfacet
  facet normal 0 0 -1
    outer loop
      vertex -46.4652 16.6255 0
      vertex -40.9567 16.8822 0
      vertex -41 16 0
    endloop
  endfacet
  facet normal -0 0 -1
    outer loop
      vertex -40.6125 -18.6126 0
      vertex -45.5935 -18.8854 0
      vertex -40.8271 -17.7558 0
    endloop
  endfacet
  facet normal -0 0 -1
    outer loop
      vertex -40.8271 -17.7558 0
      vertex -45.5935 -18.8854 0
      vertex -40.9567 -16.8822 0
    endloop
  endfacet
  facet normal 0 0 -1
    outer loop
      vertex -37.7095 22.9571 0
      vertex -42.3289 25.371 0
      vertex -41.033 27.4174 0
    endloop
  endfacet
  facet normal 0 0 -1
    outer loop
      vertex -46.4652 -16.6255 0
      vertex -40.9567 -16.8822 0
      vertex -45.5935 -18.8854 0
    endloop
  endfacet
  facet normal 0 0 -1
    outer loop
      vertex -38.9571 21.7095 0
      vertex -43.5228 23.2634 0
      vertex -42.3289 25.371 0
    endloop
  endfacet
  facet normal 0 0 -1
    outer loop
      vertex -40.9567 -16.8822 0
      vertex -46.4652 -16.6255 0
      vertex -41 -16 0
    endloop
  endfacet
  facet normal 0 0 -1
    outer loop
      vertex -39.9373 20.2426 0
      vertex -44.6119 21.0998 0
      vertex -43.5228 23.2634 0
    endloop
  endfacet
  facet normal -0 0 -1
    outer loop
      vertex -40.9567 -15.1178 0
      vertex -46.4652 -16.6255 0
      vertex -47.225 -14.3255 0
    endloop
  endfacet
  facet normal 0 0 -1
    outer loop
      vertex -40.6125 18.6126 0
      vertex -45.5935 18.8854 0
      vertex -44.6119 21.0998 0
    endloop
  endfacet
  facet normal -0 0 -1
    outer loop
      vertex -40.6125 -13.3874 0
      vertex -47.225 -14.3255 0
      vertex -47.871 -11.9911 0
    endloop
  endfacet
  facet normal -0 0 -1
    outer loop
      vertex -40.9567 16.8822 0
      vertex -46.4652 16.6255 0
      vertex -45.5935 18.8854 0
    endloop
  endfacet
  facet normal -0 0 -1
    outer loop
      vertex -39.9373 -11.7574 0
      vertex -47.871 -11.9911 0
      vertex -48.4018 -9.62771 0
    endloop
  endfacet
  facet normal 0 0 -1
    outer loop
      vertex -40.9567 15.1178 0
      vertex -46.4652 16.6255 0
      vertex -41 16 0
    endloop
  endfacet
  facet normal 0 0 -1
    outer loop
      vertex -39.4832 -10.9999 0
      vertex -48.4018 -9.62771 0
      vertex -48.8159 -7.24115 0
    endloop
  endfacet
  facet normal 0 -0 -1
    outer loop
      vertex -46.4652 16.6255 0
      vertex -40.9567 15.1178 0
      vertex -47.225 14.3255 0
    endloop
  endfacet
  facet normal 0 0 -1
    outer loop
      vertex -38.364 -9.63604 0
      vertex -48.8159 -7.24115 0
      vertex -49.1124 -4.83715 0
    endloop
  endfacet
  facet normal 0 0 -1
    outer loop
      vertex -40.8271 14.2442 0
      vertex -47.225 14.3255 0
      vertex -40.9567 15.1178 0
    endloop
  endfacet
  facet normal 0 0 -1
    outer loop
      vertex -37.7095 -9.04291 0
      vertex -49.1124 -4.83715 0
      vertex -49.2906 -2.42149 0
    endloop
  endfacet
  facet normal 0 0 -1
    outer loop
      vertex -40.6125 13.3874 0
      vertex -47.225 14.3255 0
      vertex -40.8271 14.2442 0
    endloop
  endfacet
  facet normal 0 0 -1
    outer loop
      vertex -37.0001 -8.51677 0
      vertex -49.2906 -2.42149 0
      vertex -49.35 0 0
    endloop
  endfacet
  facet normal 0 -0 -1
    outer loop
      vertex -47.225 14.3255 0
      vertex -40.6125 13.3874 0
      vertex -47.871 11.9911 0
    endloop
  endfacet
  facet normal 0 -0 -1
    outer loop
      vertex -47.871 11.9911 0
      vertex -39.9373 11.7574 0
      vertex -48.4018 9.62771 0
    endloop
  endfacet
  facet normal -0 0 -1
    outer loop
      vertex -40.3149 12.5558 0
      vertex -47.871 11.9911 0
      vertex -40.6125 13.3874 0
    endloop
  endfacet
  facet normal 0 0 -1
    outer loop
      vertex -39.9373 11.7574 0
      vertex -47.871 11.9911 0
      vertex -40.3149 12.5558 0
    endloop
  endfacet
  facet normal 0 0 -1
    outer loop
      vertex -16.3561 1.5 0
      vertex -12 2.51298 0
      vertex -12 1.5 0
    endloop
  endfacet
  facet normal 0 0 -1
    outer loop
      vertex -23 16 0
      vertex -12 2.51298 0
      vertex -16.3561 1.5 0
    endloop
  endfacet
  facet normal 0 0 -1
    outer loop
      vertex -23.0433 16.8822 0
      vertex -12 2.51298 0
      vertex -23 16 0
    endloop
  endfacet
  facet normal 0 0 -1
    outer loop
      vertex -23 16 0
      vertex -16.3561 1.5 0
      vertex -16.4506 1.39566 0
    endloop
  endfacet
  facet normal 0 0 -1
    outer loop
      vertex -23 16 0
      vertex -16.4506 1.39566 0
      vertex -16.5792 1.22224 0
    endloop
  endfacet
  facet normal 0 0 -1
    outer loop
      vertex -12 42 0
      vertex -16.6255 46.4652 0
      vertex -14.3255 47.225 0
    endloop
  endfacet
  facet normal 0 0 -1
    outer loop
      vertex -23 16 0
      vertex -16.5792 1.22224 0
      vertex -16.6902 1.03706 0
    endloop
  endfacet
  facet normal 0 0 -1
    outer loop
      vertex -23 16 0
      vertex -16.6902 1.03706 0
      vertex -16.7825 0.841888 0
    endloop
  endfacet
  facet normal 0 0 -1
    outer loop
      vertex -23 16 0
      vertex -16.7825 0.841888 0
      vertex -16.8553 0.638626 0
    endloop
  endfacet
  facet normal 0 0 -1
    outer loop
      vertex -23 16 0
      vertex -16.8553 0.638626 0
      vertex -16.9077 0.429184 0
    endloop
  endfacet
  facet normal 0 0 -1
    outer loop
      vertex -16.95 0 0
      vertex -23 16 0
      vertex -16.9394 0.215637 0
    endloop
  endfacet
  facet normal -0 0 -1
    outer loop
      vertex -16.3056 -1.55563 0
      vertex -25.636 -9.63604 0
      vertex -16.4506 -1.39566 0
    endloop
  endfacet
  facet normal -0 0 -1
    outer loop
      vertex -16.1457 -1.70062 0
      vertex -25.0429 -10.2905 0
      vertex -16.3056 -1.55563 0
    endloop
  endfacet
  facet normal 0 0 -1
    outer loop
      vertex -16.9394 0.215637 0
      vertex -23 16 0
      vertex -16.9077 0.429184 0
    endloop
  endfacet
  facet normal 0 0 -1
    outer loop
      vertex -25.0429 -21.7095 0
      vertex -18.8854 -45.5935 0
      vertex -21.0998 -44.6119 0
    endloop
  endfacet
  facet normal 0 0 -1
    outer loop
      vertex -12 42 0
      vertex -18.8854 45.5935 0
      vertex -16.6255 46.4652 0
    endloop
  endfacet
  facet normal 0 0 -1
    outer loop
      vertex -11.9807 41.6079 0
      vertex -18.8854 45.5935 0
      vertex -12 42 0
    endloop
  endfacet
  facet normal 0 0 -1
    outer loop
      vertex -25.636 -9.63604 0
      vertex -16.3056 -1.55563 0
      vertex -25.0429 -10.2905 0
    endloop
  endfacet
  facet normal 0 0 -1
    outer loop
      vertex -18.8854 -45.5935 0
      vertex -23.1729 -17.7558 0
      vertex -23.0433 -16.8822 0
    endloop
  endfacet
  facet normal 0 0 -1
    outer loop
      vertex -25.636 -22.364 0
      vertex -21.0998 -44.6119 0
      vertex -23.2634 -43.5228 0
    endloop
  endfacet
  facet normal 0 0 -1
    outer loop
      vertex -18.8854 -45.5935 0
      vertex -23.3875 -18.6126 0
      vertex -23.1729 -17.7558 0
    endloop
  endfacet
  facet normal 0 0 -1
    outer loop
      vertex -18.8854 -45.5935 0
      vertex -23.6851 -19.4441 0
      vertex -23.3875 -18.6126 0
    endloop
  endfacet
  facet normal 0 0 -1
    outer loop
      vertex -18.8854 -45.5935 0
      vertex -24.0627 -20.2426 0
      vertex -23.6851 -19.4441 0
    endloop
  endfacet
  facet normal 0 0 -1
    outer loop
      vertex -18.8854 -45.5935 0
      vertex -24.5168 -21.0001 0
      vertex -24.0627 -20.2426 0
    endloop
  endfacet
  facet normal 0 0 -1
    outer loop
      vertex -18.8854 -45.5935 0
      vertex -25.0429 -21.7095 0
      vertex -24.5168 -21.0001 0
    endloop
  endfacet
  facet normal 0 0 -1
    outer loop
      vertex -26.2905 -22.9571 0
      vertex -23.2634 -43.5228 0
      vertex -25.371 -42.3289 0
    endloop
  endfacet
  facet normal 0 0 -1
    outer loop
      vertex -21.0998 -44.6119 0
      vertex -25.636 -22.364 0
      vertex -25.0429 -21.7095 0
    endloop
  endfacet
  facet normal 0 0 -1
    outer loop
      vertex -23.2634 -43.5228 0
      vertex -26.2905 -22.9571 0
      vertex -25.636 -22.364 0
    endloop
  endfacet
  facet normal 0 0 -1
    outer loop
      vertex -25.371 -42.3289 0
      vertex -26.9999 -23.4832 0
      vertex -26.2905 -22.9571 0
    endloop
  endfacet
  facet normal 0 0 -1
    outer loop
      vertex -27.4174 -41.033 0
      vertex -26.9999 -23.4832 0
      vertex -25.371 -42.3289 0
    endloop
  endfacet
  facet normal 0 0 -1
    outer loop
      vertex -27.4174 -41.033 0
      vertex -27.7574 -23.9373 0
      vertex -26.9999 -23.4832 0
    endloop
  endfacet
  facet normal 0 0 -1
    outer loop
      vertex -29.3978 -39.6383 0
      vertex -27.7574 -23.9373 0
      vertex -27.4174 -41.033 0
    endloop
  endfacet
  facet normal 0 0 -1
    outer loop
      vertex -27.7574 -23.9373 0
      vertex -29.3978 -39.6383 0
      vertex -28.5558 -24.3149 0
    endloop
  endfacet
  facet normal 0 0 -1
    outer loop
      vertex -31.3073 -38.1481 0
      vertex -28.5558 -24.3149 0
      vertex -29.3978 -39.6383 0
    endloop
  endfacet
  facet normal 0 0 -1
    outer loop
      vertex -28.5558 -24.3149 0
      vertex -31.3073 -38.1481 0
      vertex -29.3874 -24.6125 0
    endloop
  endfacet
  facet normal 0 0 -1
    outer loop
      vertex -33.1414 -36.5659 0
      vertex -29.3874 -24.6125 0
      vertex -31.3073 -38.1481 0
    endloop
  endfacet
  facet normal 0 0 -1
    outer loop
      vertex -29.3874 -24.6125 0
      vertex -33.1414 -36.5659 0
      vertex -30.2442 -24.8271 0
    endloop
  endfacet
  facet normal 0 0 -1
    outer loop
      vertex -30.2442 -24.8271 0
      vertex -33.1414 -36.5659 0
      vertex -31.1178 -24.9567 0
    endloop
  endfacet
  facet normal 0 0 -1
    outer loop
      vertex -34.8957 -34.8957 0
      vertex -31.1178 -24.9567 0
      vertex -33.1414 -36.5659 0
    endloop
  endfacet
  facet normal 0 0 -1
    outer loop
      vertex -31.1178 -24.9567 0
      vertex -34.8957 -34.8957 0
      vertex -32 -25 0
    endloop
  endfacet
  facet normal 0 0 -1
    outer loop
      vertex -36.5659 -33.1414 0
      vertex -32 -25 0
      vertex -34.8957 -34.8957 0
    endloop
  endfacet
  facet normal -0 0 -1
    outer loop
      vertex -32 -25 0
      vertex -36.5659 -33.1414 0
      vertex -32.8822 -24.9567 0
    endloop
  endfacet
  facet normal -0 0 -1
    outer loop
      vertex -32.8822 -24.9567 0
      vertex -36.5659 -33.1414 0
      vertex -33.7558 -24.8271 0
    endloop
  endfacet
  facet normal 0 0 -1
    outer loop
      vertex -38.1481 -31.3073 0
      vertex -33.7558 -24.8271 0
      vertex -36.5659 -33.1414 0
    endloop
  endfacet
  facet normal -0 0 -1
    outer loop
      vertex -33.7558 -24.8271 0
      vertex -38.1481 -31.3073 0
      vertex -34.6126 -24.6125 0
    endloop
  endfacet
  facet normal 0 0 -1
    outer loop
      vertex -39.6383 -29.3978 0
      vertex -34.6126 -24.6125 0
      vertex -38.1481 -31.3073 0
    endloop
  endfacet
  facet normal -0 0 -1
    outer loop
      vertex -34.6126 -24.6125 0
      vertex -39.6383 -29.3978 0
      vertex -35.4441 -24.3149 0
    endloop
  endfacet
  facet normal -0 0 -1
    outer loop
      vertex -35.4441 -24.3149 0
      vertex -39.6383 -29.3978 0
      vertex -36.2426 -23.9373 0
    endloop
  endfacet
  facet normal 0 0 -1
    outer loop
      vertex -41.033 -27.4174 0
      vertex -36.2426 -23.9373 0
      vertex -39.6383 -29.3978 0
    endloop
  endfacet
  facet normal -0 0 -1
    outer loop
      vertex -36.2426 -23.9373 0
      vertex -41.033 -27.4174 0
      vertex -37.0001 -23.4832 0
    endloop
  endfacet
  facet normal -0 0 -1
    outer loop
      vertex -37.0001 -23.4832 0
      vertex -41.033 -27.4174 0
      vertex -37.7095 -22.9571 0
    endloop
  endfacet
  facet normal 0 0 -1
    outer loop
      vertex -42.3289 -25.371 0
      vertex -37.7095 -22.9571 0
      vertex -41.033 -27.4174 0
    endloop
  endfacet
  facet normal -0 0 -1
    outer loop
      vertex -37.7095 -22.9571 0
      vertex -42.3289 -25.371 0
      vertex -38.364 -22.364 0
    endloop
  endfacet
  facet normal -0 0 -1
    outer loop
      vertex -38.364 -22.364 0
      vertex -42.3289 -25.371 0
      vertex -38.9571 -21.7095 0
    endloop
  endfacet
  facet normal 0 0 -1
    outer loop
      vertex -43.5228 -23.2634 0
      vertex -38.9571 -21.7095 0
      vertex -42.3289 -25.371 0
    endloop
  endfacet
  facet normal -0 0 -1
    outer loop
      vertex -38.9571 -21.7095 0
      vertex -43.5228 -23.2634 0
      vertex -39.4832 -21.0001 0
    endloop
  endfacet
  facet normal -0 0 -1
    outer loop
      vertex -39.4832 -21.0001 0
      vertex -43.5228 -23.2634 0
      vertex -39.9373 -20.2426 0
    endloop
  endfacet
  facet normal 0 0 -1
    outer loop
      vertex -44.6119 -21.0998 0
      vertex -39.9373 -20.2426 0
      vertex -43.5228 -23.2634 0
    endloop
  endfacet
  facet normal 0 0 -1
    outer loop
      vertex -45.5935 -18.8854 0
      vertex -40.6125 -18.6126 0
      vertex -44.6119 -21.0998 0
    endloop
  endfacet
  facet normal -0 0 -1
    outer loop
      vertex -40.3149 -19.4441 0
      vertex -44.6119 -21.0998 0
      vertex -40.6125 -18.6126 0
    endloop
  endfacet
  facet normal -0 0 -1
    outer loop
      vertex -39.9373 -20.2426 0
      vertex -44.6119 -21.0998 0
      vertex -40.3149 -19.4441 0
    endloop
  endfacet
  facet normal 0 0 -1
    outer loop
      vertex -9.62771 48.4018 0
      vertex -9.3 45.7781 0
      vertex -9.53073 45.6955 0
    endloop
  endfacet
  facet normal 0 0 -1
    outer loop
      vertex -9.3 45.7781 0
      vertex -9.62771 48.4018 0
      vertex -9.3 48.4586 0
    endloop
  endfacet
  facet normal 0 0 -1
    outer loop
      vertex -9.88559 45.5277 0
      vertex -9.62771 48.4018 0
      vertex -9.53073 45.6955 0
    endloop
  endfacet
  facet normal 0 0 -1
    outer loop
      vertex -11.9911 47.871 0
      vertex -9.88559 45.5277 0
      vertex -10.2223 45.3259 0
    endloop
  endfacet
  facet normal 0 0 -1
    outer loop
      vertex -11.9911 47.871 0
      vertex -10.2223 45.3259 0
      vertex -10.5376 45.092 0
    endloop
  endfacet
  facet normal 0 0 -1
    outer loop
      vertex -11.9911 47.871 0
      vertex -10.5376 45.092 0
      vertex -10.8284 44.8284 0
    endloop
  endfacet
  facet normal 0 0 -1
    outer loop
      vertex -11.9911 47.871 0
      vertex -10.8284 44.8284 0
      vertex -11.092 44.5376 0
    endloop
  endfacet
  facet normal 0 0 -1
    outer loop
      vertex -14.3255 47.225 0
      vertex -11.092 44.5376 0
      vertex -11.3259 44.2223 0
    endloop
  endfacet
  facet normal 0 0 -1
    outer loop
      vertex -14.3255 47.225 0
      vertex -11.3259 44.2223 0
      vertex -11.5277 43.8856 0
    endloop
  endfacet
  facet normal 0 0 -1
    outer loop
      vertex -14.3255 47.225 0
      vertex -11.5277 43.8856 0
      vertex -11.6955 43.5307 0
    endloop
  endfacet
  facet normal 0 0 -1
    outer loop
      vertex -9.88559 45.5277 0
      vertex -11.9911 47.871 0
      vertex -9.62771 48.4018 0
    endloop
  endfacet
  facet normal 0 0 -1
    outer loop
      vertex -14.3255 47.225 0
      vertex -11.6955 43.5307 0
      vertex -11.8278 43.1611 0
    endloop
  endfacet
  facet normal 0 0 -1
    outer loop
      vertex -14.3255 47.225 0
      vertex -11.8278 43.1611 0
      vertex -11.9231 42.7804 0
    endloop
  endfacet
  facet normal 0 0 -1
    outer loop
      vertex -14.3255 47.225 0
      vertex -11.9231 42.7804 0
      vertex -11.9807 42.3921 0
    endloop
  endfacet
  facet normal 0 0 -1
    outer loop
      vertex -14.3255 47.225 0
      vertex -11.9807 42.3921 0
      vertex -12 42 0
    endloop
  endfacet
  facet normal 0 0 -1
    outer loop
      vertex -11.092 44.5376 0
      vertex -14.3255 47.225 0
      vertex -11.9911 47.871 0
    endloop
  endfacet
  facet normal 0 0 -1
    outer loop
      vertex 39.4832 -10.9999 0
      vertex 48.4018 -9.62771 0
      vertex 39.9373 -11.7574 0
    endloop
  endfacet
  facet normal 0 0 -1
    outer loop
      vertex 49.35 0 0
      vertex 40.9567 15.1178 0
      vertex 41 16 0
    endloop
  endfacet
  facet normal -0 0 -1
    outer loop
      vertex 48.4018 -9.62771 0
      vertex 39.4832 -10.9999 0
      vertex 48.8159 -7.24115 0
    endloop
  endfacet
  facet normal 0 0 -1
    outer loop
      vertex 49.35 0 0
      vertex 40.8271 14.2442 0
      vertex 40.9567 15.1178 0
    endloop
  endfacet
  facet normal 0 0 -1
    outer loop
      vertex 38.9571 -10.2905 0
      vertex 48.8159 -7.24115 0
      vertex 39.4832 -10.9999 0
    endloop
  endfacet
  facet normal 0 0 -1
    outer loop
      vertex 49.35 0 0
      vertex 40.6125 13.3874 0
      vertex 40.8271 14.2442 0
    endloop
  endfacet
  facet normal 0 0 -1
    outer loop
      vertex 38.364 -9.63604 0
      vertex 48.8159 -7.24115 0
      vertex 38.9571 -10.2905 0
    endloop
  endfacet
  facet normal 0 0 -1
    outer loop
      vertex 49.35 0 0
      vertex 40.3149 12.5558 0
      vertex 40.6125 13.3874 0
    endloop
  endfacet
  facet normal -0 0 -1
    outer loop
      vertex 48.8159 -7.24115 0
      vertex 38.364 -9.63604 0
      vertex 49.1124 -4.83715 0
    endloop
  endfacet
  facet normal 0 0 -1
    outer loop
      vertex 49.35 0 0
      vertex 39.9373 11.7574 0
      vertex 40.3149 12.5558 0
    endloop
  endfacet
  facet normal 0 0 -1
    outer loop
      vertex 37.7095 -9.04291 0
      vertex 49.1124 -4.83715 0
      vertex 38.364 -9.63604 0
    endloop
  endfacet
  facet normal 0 0 -1
    outer loop
      vertex 49.35 0 0
      vertex 39.4832 10.9999 0
      vertex 39.9373 11.7574 0
    endloop
  endfacet
  facet normal -0 0 -1
    outer loop
      vertex 49.1124 -4.83715 0
      vertex 37.7095 -9.04291 0
      vertex 49.2906 -2.42149 0
    endloop
  endfacet
  facet normal 0 0 -1
    outer loop
      vertex 49.35 0 0
      vertex 38.9571 10.2905 0
      vertex 39.4832 10.9999 0
    endloop
  endfacet
  facet normal 0 0 -1
    outer loop
      vertex 37.0001 -8.51677 0
      vertex 49.2906 -2.42149 0
      vertex 37.7095 -9.04291 0
    endloop
  endfacet
  facet normal 0 0 -1
    outer loop
      vertex 49.35 0 0
      vertex 38.364 9.63604 0
      vertex 38.9571 10.2905 0
    endloop
  endfacet
  facet normal -0 0 -1
    outer loop
      vertex 49.2906 -2.42149 0
      vertex 37.0001 -8.51677 0
      vertex 49.35 0 0
    endloop
  endfacet
  facet normal 0 0 -1
    outer loop
      vertex 49.35 0 0
      vertex 37.7095 9.04291 0
      vertex 38.364 9.63604 0
    endloop
  endfacet
  facet normal 0 0 -1
    outer loop
      vertex 36.2426 -8.06271 0
      vertex 49.35 0 0
      vertex 37.0001 -8.51677 0
    endloop
  endfacet
  facet normal 0 0 -1
    outer loop
      vertex 49.35 0 0
      vertex 37.0001 8.51677 0
      vertex 37.7095 9.04291 0
    endloop
  endfacet
  facet normal 0 0 -1
    outer loop
      vertex 36.2426 8.06271 0
      vertex 49.35 0 0
      vertex 36.2426 -8.06271 0
    endloop
  endfacet
  facet normal 0 0 -1
    outer loop
      vertex 49.35 0 0
      vertex 36.2426 8.06271 0
      vertex 37.0001 8.51677 0
    endloop
  endfacet
  facet normal 0 0 -1
    outer loop
      vertex 35.4441 -7.68508 0
      vertex 36.2426 8.06271 0
      vertex 36.2426 -8.06271 0
    endloop
  endfacet
  facet normal 0 0 -1
    outer loop
      vertex 35.4441 -7.68508 0
      vertex 35.4441 7.68508 0
      vertex 36.2426 8.06271 0
    endloop
  endfacet
  facet normal 0 0 -1
    outer loop
      vertex 34.6126 -7.38754 0
      vertex 35.4441 7.68508 0
      vertex 35.4441 -7.68508 0
    endloop
  endfacet
  facet normal 0 0 -1
    outer loop
      vertex 34.6126 -7.38754 0
      vertex 34.6126 7.38754 0
      vertex 35.4441 7.68508 0
    endloop
  endfacet
  facet normal 0 0 -1
    outer loop
      vertex 33.7558 -7.17293 0
      vertex 34.6126 7.38754 0
      vertex 34.6126 -7.38754 0
    endloop
  endfacet
  facet normal 0 0 -1
    outer loop
      vertex 33.7558 -7.17293 0
      vertex 33.7558 7.17293 0
      vertex 34.6126 7.38754 0
    endloop
  endfacet
  facet normal 0 0 -1
    outer loop
      vertex 32.8822 -7.04334 0
      vertex 33.7558 7.17293 0
      vertex 33.7558 -7.17293 0
    endloop
  endfacet
  facet normal 0 0 -1
    outer loop
      vertex 32.8822 -7.04334 0
      vertex 32.8822 7.04334 0
      vertex 33.7558 7.17293 0
    endloop
  endfacet
  facet normal 0 0 -1
    outer loop
      vertex 32 -7 0
      vertex 32.8822 7.04334 0
      vertex 32.8822 -7.04334 0
    endloop
  endfacet
  facet normal 0 0 -1
    outer loop
      vertex 32 -7 0
      vertex 32 7 0
      vertex 32.8822 7.04334 0
    endloop
  endfacet
  facet normal 0 0 -1
    outer loop
      vertex 31.1178 -7.04334 0
      vertex 32 7 0
      vertex 32 -7 0
    endloop
  endfacet
  facet normal 0 0 -1
    outer loop
      vertex 31.1178 -7.04334 0
      vertex 31.1178 7.04334 0
      vertex 32 7 0
    endloop
  endfacet
  facet normal 0 0 -1
    outer loop
      vertex 30.2442 -7.17293 0
      vertex 31.1178 7.04334 0
      vertex 31.1178 -7.04334 0
    endloop
  endfacet
  facet normal 0 0 -1
    outer loop
      vertex 30.2442 -7.17293 0
      vertex 30.2442 7.17293 0
      vertex 31.1178 7.04334 0
    endloop
  endfacet
  facet normal 0 0 -1
    outer loop
      vertex 29.3874 -7.38754 0
      vertex 30.2442 7.17293 0
      vertex 30.2442 -7.17293 0
    endloop
  endfacet
  facet normal 0 0 -1
    outer loop
      vertex 29.3874 -7.38754 0
      vertex 29.3874 7.38754 0
      vertex 30.2442 7.17293 0
    endloop
  endfacet
  facet normal 0 0 -1
    outer loop
      vertex 28.5558 -7.68508 0
      vertex 29.3874 7.38754 0
      vertex 29.3874 -7.38754 0
    endloop
  endfacet
  facet normal 0 0 -1
    outer loop
      vertex 28.5558 -7.68508 0
      vertex 28.5558 7.68508 0
      vertex 29.3874 7.38754 0
    endloop
  endfacet
  facet normal 0 0 -1
    outer loop
      vertex 16.9394 -0.215637 0
      vertex 28.5558 -7.68508 0
      vertex 27.7574 -8.06271 0
    endloop
  endfacet
  facet normal 0 0 -1
    outer loop
      vertex 28.5558 -7.68508 0
      vertex 16.95 0 0
      vertex 28.5558 7.68508 0
    endloop
  endfacet
  facet normal 0 0 -1
    outer loop
      vertex 16.9077 -0.429184 0
      vertex 27.7574 -8.06271 0
      vertex 26.9999 -8.51677 0
    endloop
  endfacet
  facet normal 0 0 -1
    outer loop
      vertex 16.9394 0.215637 0
      vertex 28.5558 7.68508 0
      vertex 16.95 0 0
    endloop
  endfacet
  facet normal 0 0 -1
    outer loop
      vertex 16.7825 -0.841888 0
      vertex 26.9999 -8.51677 0
      vertex 26.2905 -9.04291 0
    endloop
  endfacet
  facet normal -0 0 -1
    outer loop
      vertex 28.5558 7.68508 0
      vertex 16.9394 0.215637 0
      vertex 27.7574 8.06271 0
    endloop
  endfacet
  facet normal 0 0 -1
    outer loop
      vertex 16.5792 -1.22224 0
      vertex 26.2905 -9.04291 0
      vertex 25.636 -9.63604 0
    endloop
  endfacet
  facet normal 0 0 -1
    outer loop
      vertex 16.9077 0.429184 0
      vertex 27.7574 8.06271 0
      vertex 16.9394 0.215637 0
    endloop
  endfacet
  facet normal 0 0 -1
    outer loop
      vertex 16.3056 -1.55563 0
      vertex 25.636 -9.63604 0
      vertex 25.0429 -10.2905 0
    endloop
  endfacet
  facet normal -0 0 -1
    outer loop
      vertex 27.7574 8.06271 0
      vertex 16.9077 0.429184 0
      vertex 26.9999 8.51677 0
    endloop
  endfacet
  facet normal 0 0 -1
    outer loop
      vertex 15.9722 -1.82922 0
      vertex 25.0429 -10.2905 0
      vertex 24.5168 -10.9999 0
    endloop
  endfacet
  facet normal 0 0 -1
    outer loop
      vertex 16.8553 0.638626 0
      vertex 26.9999 8.51677 0
      vertex 16.9077 0.429184 0
    endloop
  endfacet
  facet normal 0 0 -1
    outer loop
      vertex 15.7871 -1.94022 0
      vertex 24.5168 -10.9999 0
      vertex 24.0627 -11.7574 0
    endloop
  endfacet
  facet normal 0 0 -1
    outer loop
      vertex 16.7825 0.841888 0
      vertex 26.9999 8.51677 0
      vertex 16.8553 0.638626 0
    endloop
  endfacet
  facet normal 0 0 -1
    outer loop
      vertex 15.3886 -2.10526 0
      vertex 24.0627 -11.7574 0
      vertex 23.6851 -12.5558 0
    endloop
  endfacet
  facet normal -0 0 -1
    outer loop
      vertex 26.9999 8.51677 0
      vertex 16.7825 0.841888 0
      vertex 26.2905 9.04291 0
    endloop
  endfacet
  facet normal 0 0 -1
    outer loop
      vertex 14.9656 -2.18939 0
      vertex 23.6851 -12.5558 0
      vertex 23.3875 -13.3874 0
    endloop
  endfacet
  facet normal 0 0 -1
    outer loop
      vertex 16.6902 1.03706 0
      vertex 26.2905 9.04291 0
      vertex 16.7825 0.841888 0
    endloop
  endfacet
  facet normal 0 0 -1
    outer loop
      vertex 14.9656 -2.18939 0
      vertex 23.3875 -13.3874 0
      vertex 23.1729 -14.2442 0
    endloop
  endfacet
  facet normal 0 0 -1
    outer loop
      vertex 16.5792 1.22224 0
      vertex 26.2905 9.04291 0
      vertex 16.6902 1.03706 0
    endloop
  endfacet
  facet normal 0 0 -1
    outer loop
      vertex 14.9656 -2.18939 0
      vertex 23.1729 -14.2442 0
      vertex 23.0433 -15.1178 0
    endloop
  endfacet
  facet normal -0 0 -1
    outer loop
      vertex 26.2905 9.04291 0
      vertex 16.5792 1.22224 0
      vertex 25.636 9.63604 0
    endloop
  endfacet
  facet normal 0 0 -1
    outer loop
      vertex 14.9656 -2.18939 0
      vertex 23.0433 -15.1178 0
      vertex 23 -16 0
    endloop
  endfacet
  facet normal 0 0 -1
    outer loop
      vertex 16.4506 1.39566 0
      vertex 25.636 9.63604 0
      vertex 16.5792 1.22224 0
    endloop
  endfacet
  facet normal 0 0 -1
    outer loop
      vertex 39.9373 -11.7574 0
      vertex 47.871 -11.9911 0
      vertex 40.3149 -12.5558 0
    endloop
  endfacet
  facet normal 0 0 -1
    outer loop
      vertex 40.3149 -12.5558 0
      vertex 47.871 -11.9911 0
      vertex 40.6125 -13.3874 0
    endloop
  endfacet
  facet normal 0 0 -1
    outer loop
      vertex 47.871 -11.9911 0
      vertex 39.9373 -11.7574 0
      vertex 48.4018 -9.62771 0
    endloop
  endfacet
  facet normal 0 0 -1
    outer loop
      vertex 47.225 -14.3255 0
      vertex 40.6125 -13.3874 0
      vertex 47.871 -11.9911 0
    endloop
  endfacet
  facet normal 0 0 -1
    outer loop
      vertex 49.35 0 0
      vertex 41 16 0
      vertex 49.2906 2.42149 0
    endloop
  endfacet
  facet normal 0 0 -1
    outer loop
      vertex 40.6125 -13.3874 0
      vertex 47.225 -14.3255 0
      vertex 40.8271 -14.2442 0
    endloop
  endfacet
  facet normal 0 0 -1
    outer loop
      vertex 49.2906 2.42149 0
      vertex 41 16 0
      vertex 49.1124 4.83715 0
    endloop
  endfacet
  facet normal 0 0 -1
    outer loop
      vertex 40.8271 -14.2442 0
      vertex 47.225 -14.3255 0
      vertex 40.9567 -15.1178 0
    endloop
  endfacet
  facet normal 0 0 -1
    outer loop
      vertex 49.1124 4.83715 0
      vertex 41 16 0
      vertex 48.8159 7.24115 0
    endloop
  endfacet
  facet normal 0 0 -1
    outer loop
      vertex 46.4652 -16.6255 0
      vertex 40.9567 -15.1178 0
      vertex 47.225 -14.3255 0
    endloop
  endfacet
  facet normal 0 0 -1
    outer loop
      vertex 48.8159 7.24115 0
      vertex 41 16 0
      vertex 48.4018 9.62771 0
    endloop
  endfacet
  facet normal 0 0 -1
    outer loop
      vertex 40.9567 -15.1178 0
      vertex 46.4652 -16.6255 0
      vertex 41 -16 0
    endloop
  endfacet
  facet normal 0 0 -1
    outer loop
      vertex 48.4018 9.62771 0
      vertex 41 16 0
      vertex 47.871 11.9911 0
    endloop
  endfacet
  facet normal 0 0 -1
    outer loop
      vertex 40.9567 -16.8822 0
      vertex 46.4652 -16.6255 0
      vertex 45.5935 -18.8854 0
    endloop
  endfacet
  facet normal 0 0 -1
    outer loop
      vertex 47.871 11.9911 0
      vertex 41 16 0
      vertex 47.225 14.3255 0
    endloop
  endfacet
  facet normal 0 0 -1
    outer loop
      vertex 40.6125 -18.6126 0
      vertex 45.5935 -18.8854 0
      vertex 44.6119 -21.0998 0
    endloop
  endfacet
  facet normal 0 0 -1
    outer loop
      vertex 47.225 14.3255 0
      vertex 41 16 0
      vertex 46.4652 16.6255 0
    endloop
  endfacet
  facet normal 0 0 -1
    outer loop
      vertex 39.9373 -20.2426 0
      vertex 44.6119 -21.0998 0
      vertex 43.5228 -23.2634 0
    endloop
  endfacet
  facet normal 0 0 -1
    outer loop
      vertex 40.9567 16.8822 0
      vertex 46.4652 16.6255 0
      vertex 41 16 0
    endloop
  endfacet
  facet normal 0 0 -1
    outer loop
      vertex 38.9571 -21.7095 0
      vertex 43.5228 -23.2634 0
      vertex 42.3289 -25.371 0
    endloop
  endfacet
  facet normal 0 0 -1
    outer loop
      vertex 46.4652 16.6255 0
      vertex 40.9567 16.8822 0
      vertex 45.5935 18.8854 0
    endloop
  endfacet
  facet normal 0 0 -1
    outer loop
      vertex 37.7095 -22.9571 0
      vertex 42.3289 -25.371 0
      vertex 41.033 -27.4174 0
    endloop
  endfacet
  facet normal 0 0 -1
    outer loop
      vertex 40.8271 17.7558 0
      vertex 45.5935 18.8854 0
      vertex 40.9567 16.8822 0
    endloop
  endfacet
  facet normal 0 0 -1
    outer loop
      vertex 40.6125 18.6126 0
      vertex 45.5935 18.8854 0
      vertex 40.8271 17.7558 0
    endloop
  endfacet
  facet normal -0 0 -1
    outer loop
      vertex 46.4652 -16.6255 0
      vertex 40.9567 -16.8822 0
      vertex 41 -16 0
    endloop
  endfacet
  facet normal 0 0 -1
    outer loop
      vertex 45.5935 -18.8854 0
      vertex 40.8271 -17.7558 0
      vertex 40.9567 -16.8822 0
    endloop
  endfacet
  facet normal 0 0 -1
    outer loop
      vertex 45.5935 -18.8854 0
      vertex 40.6125 -18.6126 0
      vertex 40.8271 -17.7558 0
    endloop
  endfacet
  facet normal 0 0 -1
    outer loop
      vertex 44.6119 -21.0998 0
      vertex 40.3149 -19.4441 0
      vertex 40.6125 -18.6126 0
    endloop
  endfacet
  facet normal 0 0 -1
    outer loop
      vertex 44.6119 -21.0998 0
      vertex 39.9373 -20.2426 0
      vertex 40.3149 -19.4441 0
    endloop
  endfacet
  facet normal 0 0 -1
    outer loop
      vertex 36.2426 -23.9373 0
      vertex 41.033 -27.4174 0
      vertex 39.6383 -29.3978 0
    endloop
  endfacet
  facet normal 0 0 -1
    outer loop
      vertex 43.5228 -23.2634 0
      vertex 39.4832 -21.0001 0
      vertex 39.9373 -20.2426 0
    endloop
  endfacet
  facet normal 0 0 -1
    outer loop
      vertex 43.5228 -23.2634 0
      vertex 38.9571 -21.7095 0
      vertex 39.4832 -21.0001 0
    endloop
  endfacet
  facet normal 0 0 -1
    outer loop
      vertex 42.3289 -25.371 0
      vertex 38.364 -22.364 0
      vertex 38.9571 -21.7095 0
    endloop
  endfacet
  facet normal 0 0 -1
    outer loop
      vertex 34.6126 -24.6125 0
      vertex 39.6383 -29.3978 0
      vertex 38.1481 -31.3073 0
    endloop
  endfacet
  facet normal 0 0 -1
    outer loop
      vertex 42.3289 -25.371 0
      vertex 37.7095 -22.9571 0
      vertex 38.364 -22.364 0
    endloop
  endfacet
  facet normal 0 0 -1
    outer loop
      vertex 41.033 -27.4174 0
      vertex 37.0001 -23.4832 0
      vertex 37.7095 -22.9571 0
    endloop
  endfacet
  facet normal 0 0 -1
    outer loop
      vertex 33.7558 -24.8271 0
      vertex 38.1481 -31.3073 0
      vertex 36.5659 -33.1414 0
    endloop
  endfacet
  facet normal 0 0 -1
    outer loop
      vertex 41.033 -27.4174 0
      vertex 36.2426 -23.9373 0
      vertex 37.0001 -23.4832 0
    endloop
  endfacet
  facet normal 0 0 -1
    outer loop
      vertex 39.6383 -29.3978 0
      vertex 35.4441 -24.3149 0
      vertex 36.2426 -23.9373 0
    endloop
  endfacet
  facet normal 0 0 -1
    outer loop
      vertex 32 -25 0
      vertex 36.5659 -33.1414 0
      vertex 34.8957 -34.8957 0
    endloop
  endfacet
  facet normal 0 0 -1
    outer loop
      vertex 39.6383 -29.3978 0
      vertex 34.6126 -24.6125 0
      vertex 35.4441 -24.3149 0
    endloop
  endfacet
  facet normal 0 0 -1
    outer loop
      vertex 38.1481 -31.3073 0
      vertex 33.7558 -24.8271 0
      vertex 34.6126 -24.6125 0
    endloop
  endfacet
  facet normal 0 0 -1
    outer loop
      vertex 31.1178 -24.9567 0
      vertex 34.8957 -34.8957 0
      vertex 33.1414 -36.5659 0
    endloop
  endfacet
  facet normal 0 0 -1
    outer loop
      vertex 36.5659 -33.1414 0
      vertex 32.8822 -24.9567 0
      vertex 33.7558 -24.8271 0
    endloop
  endfacet
  facet normal 0 0 -1
    outer loop
      vertex 36.5659 -33.1414 0
      vertex 32 -25 0
      vertex 32.8822 -24.9567 0
    endloop
  endfacet
  facet normal 0 0 -1
    outer loop
      vertex 29.3874 -24.6125 0
      vertex 33.1414 -36.5659 0
      vertex 31.3073 -38.1481 0
    endloop
  endfacet
  facet normal 0 0 -1
    outer loop
      vertex 34.8957 -34.8957 0
      vertex 31.1178 -24.9567 0
      vertex 32 -25 0
    endloop
  endfacet
  facet normal 0 0 -1
    outer loop
      vertex 33.1414 -36.5659 0
      vertex 30.2442 -24.8271 0
      vertex 31.1178 -24.9567 0
    endloop
  endfacet
  facet normal 0 0 -1
    outer loop
      vertex 28.5558 -24.3149 0
      vertex 31.3073 -38.1481 0
      vertex 29.3978 -39.6383 0
    endloop
  endfacet
  facet normal 0 0 -1
    outer loop
      vertex 33.1414 -36.5659 0
      vertex 29.3874 -24.6125 0
      vertex 30.2442 -24.8271 0
    endloop
  endfacet
  facet normal 0 0 -1
    outer loop
      vertex 31.3073 -38.1481 0
      vertex 28.5558 -24.3149 0
      vertex 29.3874 -24.6125 0
    endloop
  endfacet
  facet normal 0 0 -1
    outer loop
      vertex 29.3978 -39.6383 0
      vertex 27.7574 -23.9373 0
      vertex 28.5558 -24.3149 0
    endloop
  endfacet
  facet normal 0 0 -1
    outer loop
      vertex 27.4174 -41.033 0
      vertex 27.7574 -23.9373 0
      vertex 29.3978 -39.6383 0
    endloop
  endfacet
  facet normal 0 0 -1
    outer loop
      vertex 27.4174 -41.033 0
      vertex 26.9999 -23.4832 0
      vertex 27.7574 -23.9373 0
    endloop
  endfacet
  facet normal 0 0 -1
    outer loop
      vertex 25.371 -42.3289 0
      vertex 26.9999 -23.4832 0
      vertex 27.4174 -41.033 0
    endloop
  endfacet
  facet normal -0 0 -1
    outer loop
      vertex 26.9999 -23.4832 0
      vertex 25.371 -42.3289 0
      vertex 26.2905 -22.9571 0
    endloop
  endfacet
  facet normal 0 0 -1
    outer loop
      vertex 23.2634 -43.5228 0
      vertex 26.2905 -22.9571 0
      vertex 25.371 -42.3289 0
    endloop
  endfacet
  facet normal -0 0 -1
    outer loop
      vertex 26.2905 -22.9571 0
      vertex 23.2634 -43.5228 0
      vertex 25.636 -22.364 0
    endloop
  endfacet
  facet normal 0 0 -1
    outer loop
      vertex 21.0998 -44.6119 0
      vertex 25.636 -22.364 0
      vertex 23.2634 -43.5228 0
    endloop
  endfacet
  facet normal -0 0 -1
    outer loop
      vertex 25.636 -22.364 0
      vertex 21.0998 -44.6119 0
      vertex 25.0429 -21.7095 0
    endloop
  endfacet
  facet normal 0 0 -1
    outer loop
      vertex 18.8854 -45.5935 0
      vertex 25.0429 -21.7095 0
      vertex 21.0998 -44.6119 0
    endloop
  endfacet
  facet normal 0 0 -1
    outer loop
      vertex 16.6255 -46.4652 0
      vertex 25.0429 -21.7095 0
      vertex 18.8854 -45.5935 0
    endloop
  endfacet
  facet normal -0 0 -1
    outer loop
      vertex 25.0429 -21.7095 0
      vertex 16.6255 -46.4652 0
      vertex 24.5168 -21.0001 0
    endloop
  endfacet
  facet normal 0 0 -1
    outer loop
      vertex -4.67412 -39.7777 0
      vertex 24.5168 -21.0001 0
      vertex 16.6255 -46.4652 0
    endloop
  endfacet
  facet normal -0 0 -1
    outer loop
      vertex 24.5168 -21.0001 0
      vertex -4.67412 -39.7777 0
      vertex 24.0627 -20.2426 0
    endloop
  endfacet
  facet normal 0 0 -1
    outer loop
      vertex -4.90796 -39.4624 0
      vertex 24.0627 -20.2426 0
      vertex -4.67412 -39.7777 0
    endloop
  endfacet
  facet normal 0 0 -1
    outer loop
      vertex -5.17157 -39.1716 0
      vertex 23.6851 -19.4441 0
      vertex -4.90796 -39.4624 0
    endloop
  endfacet
  facet normal -0 0 -1
    outer loop
      vertex 24.0627 -20.2426 0
      vertex -4.90796 -39.4624 0
      vertex 23.6851 -19.4441 0
    endloop
  endfacet
  facet normal -0 0 -1
    outer loop
      vertex 45.5935 18.8854 0
      vertex 40.6125 18.6126 0
      vertex 44.6119 21.0998 0
    endloop
  endfacet
  facet normal 0 0 -1
    outer loop
      vertex 40.3149 19.4441 0
      vertex 44.6119 21.0998 0
      vertex 40.6125 18.6126 0
    endloop
  endfacet
  facet normal 0 0 -1
    outer loop
      vertex 39.9373 20.2426 0
      vertex 44.6119 21.0998 0
      vertex 40.3149 19.4441 0
    endloop
  endfacet
  facet normal -0 0 -1
    outer loop
      vertex 44.6119 21.0998 0
      vertex 39.9373 20.2426 0
      vertex 43.5228 23.2634 0
    endloop
  endfacet
  facet normal 0 0 -1
    outer loop
      vertex 39.4832 21.0001 0
      vertex 43.5228 23.2634 0
      vertex 39.9373 20.2426 0
    endloop
  endfacet
  facet normal 0 0 -1
    outer loop
      vertex 38.9571 21.7095 0
      vertex 43.5228 23.2634 0
      vertex 39.4832 21.0001 0
    endloop
  endfacet
  facet normal -0 0 -1
    outer loop
      vertex 43.5228 23.2634 0
      vertex 38.9571 21.7095 0
      vertex 42.3289 25.371 0
    endloop
  endfacet
  facet normal 0 0 -1
    outer loop
      vertex 38.364 22.364 0
      vertex 42.3289 25.371 0
      vertex 38.9571 21.7095 0
    endloop
  endfacet
  facet normal 0 0 -1
    outer loop
      vertex 37.7095 22.9571 0
      vertex 42.3289 25.371 0
      vertex 38.364 22.364 0
    endloop
  endfacet
  facet normal -0 0 -1
    outer loop
      vertex 42.3289 25.371 0
      vertex 37.7095 22.9571 0
      vertex 41.033 27.4174 0
    endloop
  endfacet
  facet normal 0 0 -1
    outer loop
      vertex 37.0001 23.4832 0
      vertex 41.033 27.4174 0
      vertex 37.7095 22.9571 0
    endloop
  endfacet
  facet normal 0 0 -1
    outer loop
      vertex 36.2426 23.9373 0
      vertex 41.033 27.4174 0
      vertex 37.0001 23.4832 0
    endloop
  endfacet
  facet normal -0 0 -1
    outer loop
      vertex 41.033 27.4174 0
      vertex 36.2426 23.9373 0
      vertex 39.6383 29.3978 0
    endloop
  endfacet
  facet normal 0 0 -1
    outer loop
      vertex 35.4441 24.3149 0
      vertex 39.6383 29.3978 0
      vertex 36.2426 23.9373 0
    endloop
  endfacet
  facet normal 0 0 -1
    outer loop
      vertex 34.6126 24.6125 0
      vertex 39.6383 29.3978 0
      vertex 35.4441 24.3149 0
    endloop
  endfacet
  facet normal -0 0 -1
    outer loop
      vertex 39.6383 29.3978 0
      vertex 34.6126 24.6125 0
      vertex 38.1481 31.3073 0
    endloop
  endfacet
  facet normal 0 0 -1
    outer loop
      vertex 33.7558 24.8271 0
      vertex 38.1481 31.3073 0
      vertex 34.6126 24.6125 0
    endloop
  endfacet
  facet normal -0 0 -1
    outer loop
      vertex 38.1481 31.3073 0
      vertex 33.7558 24.8271 0
      vertex 36.5659 33.1414 0
    endloop
  endfacet
  facet normal 0 0 -1
    outer loop
      vertex 32.8822 24.9567 0
      vertex 36.5659 33.1414 0
      vertex 33.7558 24.8271 0
    endloop
  endfacet
  facet normal 0 0 -1
    outer loop
      vertex 32 25 0
      vertex 36.5659 33.1414 0
      vertex 32.8822 24.9567 0
    endloop
  endfacet
  facet normal -0 0 -1
    outer loop
      vertex 36.5659 33.1414 0
      vertex 32 25 0
      vertex 34.8957 34.8957 0
    endloop
  endfacet
  facet normal 0 0 -1
    outer loop
      vertex 31.1178 24.9567 0
      vertex 34.8957 34.8957 0
      vertex 32 25 0
    endloop
  endfacet
  facet normal -0 0 -1
    outer loop
      vertex 34.8957 34.8957 0
      vertex 31.1178 24.9567 0
      vertex 33.1414 36.5659 0
    endloop
  endfacet
  facet normal 0 0 -1
    outer loop
      vertex 30.2442 24.8271 0
      vertex 33.1414 36.5659 0
      vertex 31.1178 24.9567 0
    endloop
  endfacet
  facet normal 0 0 -1
    outer loop
      vertex 29.3874 24.6125 0
      vertex 33.1414 36.5659 0
      vertex 30.2442 24.8271 0
    endloop
  endfacet
  facet normal -0 0 -1
    outer loop
      vertex 33.1414 36.5659 0
      vertex 29.3874 24.6125 0
      vertex 31.3073 38.1481 0
    endloop
  endfacet
  facet normal 0 0 -1
    outer loop
      vertex 28.5558 24.3149 0
      vertex 31.3073 38.1481 0
      vertex 29.3874 24.6125 0
    endloop
  endfacet
  facet normal -0 0 -1
    outer loop
      vertex 31.3073 38.1481 0
      vertex 28.5558 24.3149 0
      vertex 29.3978 39.6383 0
    endloop
  endfacet
  facet normal 0 0 -1
    outer loop
      vertex 27.7574 23.9373 0
      vertex 29.3978 39.6383 0
      vertex 28.5558 24.3149 0
    endloop
  endfacet
  facet normal 0 0 -1
    outer loop
      vertex 27.7574 23.9373 0
      vertex 27.4174 41.033 0
      vertex 29.3978 39.6383 0
    endloop
  endfacet
  facet normal 0 0 -1
    outer loop
      vertex 26.9999 23.4832 0
      vertex 27.4174 41.033 0
      vertex 27.7574 23.9373 0
    endloop
  endfacet
  facet normal 0 0 -1
    outer loop
      vertex 25.371 42.3289 0
      vertex 26.9999 23.4832 0
      vertex 26.2905 22.9571 0
    endloop
  endfacet
  facet normal 0 0 -1
    outer loop
      vertex 23.2634 43.5228 0
      vertex 26.2905 22.9571 0
      vertex 25.636 22.364 0
    endloop
  endfacet
  facet normal 0 0 -1
    outer loop
      vertex 26.9999 23.4832 0
      vertex 25.371 42.3289 0
      vertex 27.4174 41.033 0
    endloop
  endfacet
  facet normal 0 0 -1
    outer loop
      vertex 21.0998 44.6119 0
      vertex 25.636 22.364 0
      vertex 25.0429 21.7095 0
    endloop
  endfacet
  facet normal 0 0 -1
    outer loop
      vertex 18.8854 45.5935 0
      vertex 25.0429 21.7095 0
      vertex 24.5168 21.0001 0
    endloop
  endfacet
  facet normal 0 0 -1
    outer loop
      vertex 18.8854 45.5935 0
      vertex 24.5168 21.0001 0
      vertex 24.0627 20.2426 0
    endloop
  endfacet
  facet normal 0 0 -1
    outer loop
      vertex 18.8854 45.5935 0
      vertex 24.0627 20.2426 0
      vertex 23.6851 19.4441 0
    endloop
  endfacet
  facet normal 0 0 -1
    outer loop
      vertex 18.8854 45.5935 0
      vertex 23.6851 19.4441 0
      vertex 23.3875 18.6126 0
    endloop
  endfacet
  facet normal 0 0 -1
    outer loop
      vertex 26.2905 22.9571 0
      vertex 23.2634 43.5228 0
      vertex 25.371 42.3289 0
    endloop
  endfacet
  facet normal 0 0 -1
    outer loop
      vertex 18.8854 45.5935 0
      vertex 23.3875 18.6126 0
      vertex 23.1729 17.7558 0
    endloop
  endfacet
  facet normal 0 0 -1
    outer loop
      vertex 18.8854 45.5935 0
      vertex 23.1729 17.7558 0
      vertex 23.0433 16.8822 0
    endloop
  endfacet
  facet normal -0 0 -1
    outer loop
      vertex 25.636 9.63604 0
      vertex 16.3056 1.55563 0
      vertex 25.0429 10.2905 0
    endloop
  endfacet
  facet normal 0 0 -1
    outer loop
      vertex 27.7574 -8.06271 0
      vertex 16.9077 -0.429184 0
      vertex 16.9394 -0.215637 0
    endloop
  endfacet
  facet normal 0 0 -1
    outer loop
      vertex 16.1457 1.70062 0
      vertex 25.0429 10.2905 0
      vertex 16.3056 1.55563 0
    endloop
  endfacet
  facet normal 0 0 -1
    outer loop
      vertex -5.46243 -38.908 0
      vertex 23.6851 -19.4441 0
      vertex -5.17157 -39.1716 0
    endloop
  endfacet
  facet normal 0 0 -1
    outer loop
      vertex 25.636 22.364 0
      vertex 21.0998 44.6119 0
      vertex 23.2634 43.5228 0
    endloop
  endfacet
  facet normal 0 0 -1
    outer loop
      vertex 25.0429 21.7095 0
      vertex 18.8854 45.5935 0
      vertex 21.0998 44.6119 0
    endloop
  endfacet
  facet normal 0 0 -1
    outer loop
      vertex 16.3056 1.55563 0
      vertex 25.636 9.63604 0
      vertex 16.4506 1.39566 0
    endloop
  endfacet
  facet normal 0 0 -1
    outer loop
      vertex 28.5558 -7.68508 0
      vertex 16.9394 -0.215637 0
      vertex 16.95 0 0
    endloop
  endfacet
  facet normal 0 0 -1
    outer loop
      vertex 26.9999 -8.51677 0
      vertex 16.8553 -0.638626 0
      vertex 16.9077 -0.429184 0
    endloop
  endfacet
  facet normal 0 0 -1
    outer loop
      vertex 26.9999 -8.51677 0
      vertex 16.7825 -0.841888 0
      vertex 16.8553 -0.638626 0
    endloop
  endfacet
  facet normal 0 0 -1
    outer loop
      vertex 26.2905 -9.04291 0
      vertex 16.6902 -1.03706 0
      vertex 16.7825 -0.841888 0
    endloop
  endfacet
  facet normal -0 0 -1
    outer loop
      vertex 23.6851 -19.4441 0
      vertex -5.46243 -38.908 0
      vertex 23.3875 -18.6126 0
    endloop
  endfacet
  facet normal 0 0 -1
    outer loop
      vertex 26.2905 -9.04291 0
      vertex 16.5792 -1.22224 0
      vertex 16.6902 -1.03706 0
    endloop
  endfacet
  facet normal 0 0 -1
    outer loop
      vertex 25.636 -9.63604 0
      vertex 16.4506 -1.39566 0
      vertex 16.5792 -1.22224 0
    endloop
  endfacet
  facet normal 0 0 -1
    outer loop
      vertex 25.636 -9.63604 0
      vertex 16.3056 -1.55563 0
      vertex 16.4506 -1.39566 0
    endloop
  endfacet
  facet normal 0 0 -1
    outer loop
      vertex 25.0429 -10.2905 0
      vertex 16.1457 -1.70062 0
      vertex 16.3056 -1.55563 0
    endloop
  endfacet
  facet normal 0 0 -1
    outer loop
      vertex 25.0429 -10.2905 0
      vertex 15.9722 -1.82922 0
      vertex 16.1457 -1.70062 0
    endloop
  endfacet
  facet normal 0 0 -1
    outer loop
      vertex 24.5168 -10.9999 0
      vertex 15.7871 -1.94022 0
      vertex 15.9722 -1.82922 0
    endloop
  endfacet
  facet normal 0 0 -1
    outer loop
      vertex 24.0627 -11.7574 0
      vertex 15.5919 -2.03253 0
      vertex 15.7871 -1.94022 0
    endloop
  endfacet
  facet normal 0 0 -1
    outer loop
      vertex 24.0627 -11.7574 0
      vertex 15.3886 -2.10526 0
      vertex 15.5919 -2.03253 0
    endloop
  endfacet
  facet normal 0 0 -1
    outer loop
      vertex 23.6851 -12.5558 0
      vertex 15.1792 -2.15771 0
      vertex 15.3886 -2.10526 0
    endloop
  endfacet
  facet normal 0 0 -1
    outer loop
      vertex 23.6851 -12.5558 0
      vertex 14.9656 -2.18939 0
      vertex 15.1792 -2.15771 0
    endloop
  endfacet
  facet normal 0 0 -1
    outer loop
      vertex -4.67412 -39.7777 0
      vertex 16.6255 -46.4652 0
      vertex 14.3255 -47.225 0
    endloop
  endfacet
  facet normal 0 0 -1
    outer loop
      vertex -4.47232 -40.1144 0
      vertex 14.3255 -47.225 0
      vertex 11.9911 -47.871 0
    endloop
  endfacet
  facet normal 0 0 -1
    outer loop
      vertex -4.30448 -40.4693 0
      vertex 11.9911 -47.871 0
      vertex 9.62771 -48.4018 0
    endloop
  endfacet
  facet normal 0 0 -1
    outer loop
      vertex -4.17224 -40.8389 0
      vertex 9.62771 -48.4018 0
      vertex 7.24115 -48.8159 0
    endloop
  endfacet
  facet normal 0 0 -1
    outer loop
      vertex -4.07686 -41.2196 0
      vertex 7.24115 -48.8159 0
      vertex 4.83715 -49.1124 0
    endloop
  endfacet
  facet normal 0 0 -1
    outer loop
      vertex -4 -42 0
      vertex 4.83715 -49.1124 0
      vertex 2.42149 -49.2906 0
    endloop
  endfacet
  facet normal 0 0 -1
    outer loop
      vertex 14.3255 -47.225 0
      vertex -4.47232 -40.1144 0
      vertex -4.67412 -39.7777 0
    endloop
  endfacet
  facet normal 0 0 -1
    outer loop
      vertex -4.01926 -42.3921 0
      vertex 2.42149 -49.2906 0
      vertex 0 -49.35 0
    endloop
  endfacet
  facet normal 0 0 -1
    outer loop
      vertex 9.62771 -48.4018 0
      vertex -4.17224 -40.8389 0
      vertex -4.30448 -40.4693 0
    endloop
  endfacet
  facet normal 0 0 -1
    outer loop
      vertex 11.9911 -47.871 0
      vertex -4.30448 -40.4693 0
      vertex -4.47232 -40.1144 0
    endloop
  endfacet
  facet normal 0 0 -1
    outer loop
      vertex -4.47232 -43.8856 0
      vertex 0 -49.35 0
      vertex -2.42149 -49.2906 0
    endloop
  endfacet
  facet normal 0 0 -1
    outer loop
      vertex 4.83715 -49.1124 0
      vertex -4 -42 0
      vertex -4.01926 -41.6079 0
    endloop
  endfacet
  facet normal 0 0 -1
    outer loop
      vertex 4.83715 -49.1124 0
      vertex -4.01926 -41.6079 0
      vertex -4.07686 -41.2196 0
    endloop
  endfacet
  facet normal 0 0 -1
    outer loop
      vertex 7.24115 -48.8159 0
      vertex -4.07686 -41.2196 0
      vertex -4.17224 -40.8389 0
    endloop
  endfacet
  facet normal 0 0 -1
    outer loop
      vertex -5.77772 -38.6741 0
      vertex 23.3875 -18.6126 0
      vertex -5.46243 -38.908 0
    endloop
  endfacet
  facet normal -0 0 -1
    outer loop
      vertex 23.3875 -18.6126 0
      vertex -5.77772 -38.6741 0
      vertex 23.1729 -17.7558 0
    endloop
  endfacet
  facet normal 0 -0 -1
    outer loop
      vertex 0.372464 -3.7817 0
      vertex 23.1729 -17.7558 0
      vertex -5.77772 -38.6741 0
    endloop
  endfacet
  facet normal 0 0 -1
    outer loop
      vertex 23 -16 0
      vertex 0.372464 -3.7817 0
      vertex 14.9656 -2.18939 0
    endloop
  endfacet
  facet normal 0 0 -1
    outer loop
      vertex 23.1729 -17.7558 0
      vertex 0.372464 -3.7817 0
      vertex 23.0433 -16.8822 0
    endloop
  endfacet
  facet normal 0 0 -1
    outer loop
      vertex 23.0433 -16.8822 0
      vertex 0.372464 -3.7817 0
      vertex 23 -16 0
    endloop
  endfacet
  facet normal 0 0 -1
    outer loop
      vertex -6.11441 -38.4723 0
      vertex 0.372464 -3.7817 0
      vertex -5.77772 -38.6741 0
    endloop
  endfacet
  facet normal 0 0 -1
    outer loop
      vertex -6.46927 -38.3045 0
      vertex 0.372464 -3.7817 0
      vertex -6.11441 -38.4723 0
    endloop
  endfacet
  facet normal 0 0 -1
    outer loop
      vertex 0.372464 -3.7817 0
      vertex -6.46927 -38.3045 0
      vertex 0 -3.8 0
    endloop
  endfacet
  facet normal 0 0 -1
    outer loop
      vertex -6.83886 -38.1722 0
      vertex 0 -3.8 0
      vertex -6.46927 -38.3045 0
    endloop
  endfacet
  facet normal -0 0 -1
    outer loop
      vertex 0 -3.8 0
      vertex -6.83886 -38.1722 0
      vertex -0.372464 -3.7817 0
    endloop
  endfacet
  facet normal 0 0 -1
    outer loop
      vertex -7.21964 -38.0769 0
      vertex -0.372464 -3.7817 0
      vertex -6.83886 -38.1722 0
    endloop
  endfacet
  facet normal 0 0 -1
    outer loop
      vertex -7.60793 -38.0193 0
      vertex -0.372464 -3.7817 0
      vertex -7.21964 -38.0769 0
    endloop
  endfacet
  facet normal 0 0 -1
    outer loop
      vertex -23.0433 -16.8822 0
      vertex -7.60793 -38.0193 0
      vertex -8 -38 0
    endloop
  endfacet
  facet normal 0 0 -1
    outer loop
      vertex -23.0433 -16.8822 0
      vertex -8 -38 0
      vertex -8.39207 -38.0193 0
    endloop
  endfacet
  facet normal 0 0 -1
    outer loop
      vertex -23.0433 -16.8822 0
      vertex -8.39207 -38.0193 0
      vertex -8.78036 -38.0769 0
    endloop
  endfacet
  facet normal 0 0 -1
    outer loop
      vertex -23.0433 -16.8822 0
      vertex -8.78036 -38.0769 0
      vertex -9.16114 -38.1722 0
    endloop
  endfacet
  facet normal 0 0 -1
    outer loop
      vertex -23.0433 -16.8822 0
      vertex -9.16114 -38.1722 0
      vertex -9.53073 -38.3045 0
    endloop
  endfacet
  facet normal 0 0 -1
    outer loop
      vertex -23.0433 -16.8822 0
      vertex -9.53073 -38.3045 0
      vertex -9.88559 -38.4723 0
    endloop
  endfacet
  facet normal 0 0 -1
    outer loop
      vertex -23.0433 -16.8822 0
      vertex -9.88559 -38.4723 0
      vertex -10.2223 -38.6741 0
    endloop
  endfacet
  facet normal 0 0 -1
    outer loop
      vertex -23.0433 -16.8822 0
      vertex -10.2223 -38.6741 0
      vertex -10.5376 -38.908 0
    endloop
  endfacet
  facet normal 0 0 -1
    outer loop
      vertex -23.0433 -16.8822 0
      vertex -10.5376 -38.908 0
      vertex -10.8284 -39.1716 0
    endloop
  endfacet
  facet normal 0 0 -1
    outer loop
      vertex -23.0433 -16.8822 0
      vertex -10.8284 -39.1716 0
      vertex -11.092 -39.4624 0
    endloop
  endfacet
  facet normal 0 0 -1
    outer loop
      vertex -23.0433 -16.8822 0
      vertex -11.3259 -39.7777 0
      vertex -18.8854 -45.5935 0
    endloop
  endfacet
  facet normal 0 0 -1
    outer loop
      vertex -18.8854 -45.5935 0
      vertex -11.3259 -39.7777 0
      vertex -11.5277 -40.1144 0
    endloop
  endfacet
  facet normal 0 0 -1
    outer loop
      vertex -18.8854 -45.5935 0
      vertex -11.5277 -40.1144 0
      vertex -11.6955 -40.4693 0
    endloop
  endfacet
  facet normal 0 0 -1
    outer loop
      vertex -18.8854 -45.5935 0
      vertex -11.6955 -40.4693 0
      vertex -11.8278 -40.8389 0
    endloop
  endfacet
  facet normal -0 0 -1
    outer loop
      vertex -11.9807 -42.3921 0
      vertex -16.6255 -46.4652 0
      vertex -12 -42 0
    endloop
  endfacet
  facet normal 0 0 -1
    outer loop
      vertex -18.8854 -45.5935 0
      vertex -12 -42 0
      vertex -16.6255 -46.4652 0
    endloop
  endfacet
  facet normal -0 0 -1
    outer loop
      vertex -12 -42 0
      vertex -18.8854 -45.5935 0
      vertex -11.9807 -41.6079 0
    endloop
  endfacet
  facet normal -0 0 -1
    outer loop
      vertex -11.9807 -41.6079 0
      vertex -18.8854 -45.5935 0
      vertex -11.9231 -41.2196 0
    endloop
  endfacet
  facet normal -0 0 -1
    outer loop
      vertex -11.9231 -41.2196 0
      vertex -18.8854 -45.5935 0
      vertex -11.8278 -40.8389 0
    endloop
  endfacet
  facet normal 0 0 -1
    outer loop
      vertex -11.3259 -39.7777 0
      vertex -23.0433 -16.8822 0
      vertex -11.092 -39.4624 0
    endloop
  endfacet
  facet normal 0 0 -1
    outer loop
      vertex -7.60793 -38.0193 0
      vertex -23.0433 -16.8822 0
      vertex -0.372464 -3.7817 0
    endloop
  endfacet
  facet normal 0 -0 -1
    outer loop
      vertex -23 -16 0
      vertex -0.372464 -3.7817 0
      vertex -23.0433 -16.8822 0
    endloop
  endfacet
  facet normal -0 0 -1
    outer loop
      vertex -0.372464 -3.7817 0
      vertex -23 -16 0
      vertex -14.9656 -2.18939 0
    endloop
  endfacet
  facet normal 0 0 -1
    outer loop
      vertex -23.0433 -15.1178 0
      vertex -14.9656 -2.18939 0
      vertex -23 -16 0
    endloop
  endfacet
  facet normal 0 0 -1
    outer loop
      vertex -23.1729 -14.2442 0
      vertex -14.9656 -2.18939 0
      vertex -23.0433 -15.1178 0
    endloop
  endfacet
  facet normal 0 0 -1
    outer loop
      vertex -23.3875 -13.3874 0
      vertex -14.9656 -2.18939 0
      vertex -23.1729 -14.2442 0
    endloop
  endfacet
  facet normal 0 0 -1
    outer loop
      vertex -23.6851 -12.5558 0
      vertex -14.9656 -2.18939 0
      vertex -23.3875 -13.3874 0
    endloop
  endfacet
  facet normal -0 0 -1
    outer loop
      vertex -14.9656 -2.18939 0
      vertex -23.6851 -12.5558 0
      vertex -15.1792 -2.15771 0
    endloop
  endfacet
  facet normal -0 0 -1
    outer loop
      vertex -15.1792 -2.15771 0
      vertex -23.6851 -12.5558 0
      vertex -15.3886 -2.10526 0
    endloop
  endfacet
  facet normal 0 0 -1
    outer loop
      vertex -24.0627 -11.7574 0
      vertex -15.3886 -2.10526 0
      vertex -23.6851 -12.5558 0
    endloop
  endfacet
  facet normal -0 0 -1
    outer loop
      vertex -15.3886 -2.10526 0
      vertex -24.0627 -11.7574 0
      vertex -15.5919 -2.03253 0
    endloop
  endfacet
  facet normal -0 0 -1
    outer loop
      vertex -15.5919 -2.03253 0
      vertex -24.0627 -11.7574 0
      vertex -15.7871 -1.94022 0
    endloop
  endfacet
  facet normal 0 0 -1
    outer loop
      vertex -24.5168 -10.9999 0
      vertex -15.7871 -1.94022 0
      vertex -24.0627 -11.7574 0
    endloop
  endfacet
  facet normal -0 0 -1
    outer loop
      vertex -15.7871 -1.94022 0
      vertex -24.5168 -10.9999 0
      vertex -15.9722 -1.82922 0
    endloop
  endfacet
  facet normal 0 0 -1
    outer loop
      vertex -25.0429 -10.2905 0
      vertex -15.9722 -1.82922 0
      vertex -24.5168 -10.9999 0
    endloop
  endfacet
  facet normal -0 0 -1
    outer loop
      vertex -15.9722 -1.82922 0
      vertex -25.0429 -10.2905 0
      vertex -16.1457 -1.70062 0
    endloop
  endfacet
  facet normal 0.449556 0.893252 -0
    outer loop
      vertex 25.9268 48.5057 0
      vertex 25.5 48.7205 4
      vertex 25.9268 48.5057 4
    endloop
  endfacet
  facet normal 0.449598 0.893231 5.54912e-06
    outer loop
      vertex 23.5155 49.7194 0
      vertex 25.5 48.7205 4
      vertex 25.9268 48.5057 0
    endloop
  endfacet
  facet normal 0.449607 0.893227 0
    outer loop
      vertex 25.5 48.7205 4
      vertex 23.5155 49.7194 0
      vertex 23.5155 49.7194 4
    endloop
  endfacet
  facet normal -0.0245228 -0.999699 0
    outer loop
      vertex -2.69872 -54.9338 0
      vertex 0 -55 4
      vertex -2.69872 -54.9338 4
    endloop
  endfacet
  facet normal -0.0245228 -0.999699 -0
    outer loop
      vertex 0 -55 4
      vertex -2.69872 -54.9338 0
      vertex 0 -55 0
    endloop
  endfacet
  facet normal 0.788344 -0.615235 0
    outer loop
      vertex 42.5156 -34.8916 4
      vertex 44.1764 -32.7635 0
      vertex 44.1764 -32.7635 4
    endloop
  endfacet
  facet normal 0.788344 -0.615235 0
    outer loop
      vertex 44.1764 -32.7635 0
      vertex 42.5156 -34.8916 4
      vertex 42.5156 -34.8916 0
    endloop
  endfacet
  facet normal -0.817587 0.575804 0
    outer loop
      vertex -45.7308 30.5564 0
      vertex -44.1764 32.7635 4
      vertex -44.1764 32.7635 0
    endloop
  endfacet
  facet normal -0.817587 0.575804 0
    outer loop
      vertex -44.1764 32.7635 4
      vertex -45.7308 30.5564 0
      vertex -45.7308 30.5564 4
    endloop
  endfacet
  facet normal -0.992477 0.122428 0
    outer loop
      vertex -54.7352 5.39094 0
      vertex -54.4047 8.07018 4
      vertex -54.4047 8.07018 0
    endloop
  endfacet
  facet normal -0.992477 0.122428 0
    outer loop
      vertex -54.4047 8.07018 4
      vertex -54.7352 5.39094 0
      vertex -54.7352 5.39094 4
    endloop
  endfacet
  facet normal -0.313693 0.949525 0
    outer loop
      vertex -15.9657 52.6317 0
      vertex -18.5289 51.7849 4
      vertex -15.9657 52.6317 4
    endloop
  endfacet
  facet normal -0.313693 0.949525 0
    outer loop
      vertex -18.5289 51.7849 4
      vertex -15.9657 52.6317 0
      vertex -18.5289 51.7849 0
    endloop
  endfacet
  facet normal -0.975699 0.219115 0
    outer loop
      vertex -53.9432 10.73 0
      vertex -53.3517 13.3639 4
      vertex -53.3517 13.3639 0
    endloop
  endfacet
  facet normal -0.975699 0.219115 0
    outer loop
      vertex -53.3517 13.3639 4
      vertex -53.9432 10.73 0
      vertex -53.9432 10.73 4
    endloop
  endfacet
  facet normal -0.985279 -0.170954 0
    outer loop
      vertex -53.9432 -10.73 0
      vertex -54.4047 -8.07018 4
      vertex -54.4047 -8.07018 0
    endloop
  endfacet
  facet normal -0.985279 -0.170954 0
    outer loop
      vertex -54.4047 -8.07018 4
      vertex -53.9432 -10.73 0
      vertex -53.9432 -10.73 4
    endloop
  endfacet
  facet normal 0.535014 -0.844843 0
    outer loop
      vertex 28.2757 -47.1751 0
      vertex 30.5564 -45.7308 4
      vertex 28.2757 -47.1751 4
    endloop
  endfacet
  facet normal 0.535014 -0.844843 0
    outer loop
      vertex 30.5564 -45.7308 4
      vertex 28.2757 -47.1751 0
      vertex 30.5564 -45.7308 0
    endloop
  endfacet
  facet normal -0.724267 -0.68952 0
    outer loop
      vertex -38.8909 -38.8909 0
      vertex -40.7523 -36.9357 4
      vertex -40.7523 -36.9357 0
    endloop
  endfacet
  facet normal -0.724267 -0.68952 0
    outer loop
      vertex -40.7523 -36.9357 4
      vertex -38.8909 -38.8909 0
      vertex -38.8909 -38.8909 4
    endloop
  endfacet
  facet normal 0.788344 0.615235 0
    outer loop
      vertex 44.1764 32.7635 4
      vertex 42.5156 34.8916 0
      vertex 42.5156 34.8916 4
    endloop
  endfacet
  facet normal 0.788344 0.615235 0
    outer loop
      vertex 42.5156 34.8916 0
      vertex 44.1764 32.7635 4
      vertex 44.1764 32.7635 0
    endloop
  endfacet
  facet normal 0.7572 0.653183 0
    outer loop
      vertex 42.5156 34.8916 4
      vertex 40.7523 36.9357 0
      vertex 40.7523 36.9357 4
    endloop
  endfacet
  facet normal 0.7572 0.653183 0
    outer loop
      vertex 40.7523 36.9357 0
      vertex 42.5156 34.8916 4
      vertex 42.5156 34.8916 0
    endloop
  endfacet
  facet normal 0.170954 0.985279 -0
    outer loop
      vertex 10.73 53.9432 0
      vertex 8.07018 54.4047 4
      vertex 10.73 53.9432 4
    endloop
  endfacet
  facet normal 0.170954 0.985279 0
    outer loop
      vertex 8.07018 54.4047 4
      vertex 10.73 53.9432 0
      vertex 8.07018 54.4047 0
    endloop
  endfacet
  facet normal 0.893231 0.449598 0
    outer loop
      vertex 49.7194 23.5155 4
      vertex 48.5057 25.9268 0
      vertex 48.5057 25.9268 4
    endloop
  endfacet
  facet normal 0.893231 0.449598 0
    outer loop
      vertex 48.5057 25.9268 0
      vertex 49.7194 23.5155 4
      vertex 49.7194 23.5155 0
    endloop
  endfacet
  facet normal -0.870093 -0.492888 0
    outer loop
      vertex -47.1751 -28.2757 0
      vertex -48.5057 -25.9268 4
      vertex -48.5057 -25.9268 0
    endloop
  endfacet
  facet normal -0.870093 -0.492888 0
    outer loop
      vertex -48.5057 -25.9268 4
      vertex -47.1751 -28.2757 0
      vertex -47.1751 -28.2757 4
    endloop
  endfacet
  facet normal 0.985279 0.170954 0
    outer loop
      vertex 54.4047 8.07018 4
      vertex 53.9432 10.73 0
      vertex 53.9432 10.73 4
    endloop
  endfacet
  facet normal 0.985279 0.170954 0
    outer loop
      vertex 53.9432 10.73 0
      vertex 54.4047 8.07018 4
      vertex 54.4047 8.07018 0
    endloop
  endfacet
  facet normal -0.999699 -0.0245228 0
    outer loop
      vertex -54.9338 -2.69872 0
      vertex -55 0 4
      vertex -55 0 0
    endloop
  endfacet
  facet normal -0.999699 -0.0245228 0
    outer loop
      vertex -55 0 4
      vertex -54.9338 -2.69872 0
      vertex -54.9338 -2.69872 4
    endloop
  endfacet
  facet normal -0.615235 0.788344 0
    outer loop
      vertex -32.7635 44.1764 0
      vertex -34.8916 42.5156 4
      vertex -32.7635 44.1764 4
    endloop
  endfacet
  facet normal -0.615235 0.788344 0
    outer loop
      vertex -34.8916 42.5156 4
      vertex -32.7635 44.1764 0
      vertex -34.8916 42.5156 0
    endloop
  endfacet
  facet normal -0.405286 -0.91419 0
    outer loop
      vertex -23.5155 -49.7194 0
      vertex -22.5 -50.1696 4
      vertex -23.5155 -49.7194 4
    endloop
  endfacet
  facet normal -0.405258 -0.914202 -8.48116e-06
    outer loop
      vertex -21.0476 -50.8134 0
      vertex -22.5 -50.1696 4
      vertex -23.5155 -49.7194 0
    endloop
  endfacet
  facet normal -0.405239 -0.914211 0
    outer loop
      vertex -22.5 -50.1696 4
      vertex -21.0476 -50.8134 0
      vertex -21.0476 -50.8134 4
    endloop
  endfacet
  facet normal 0.999699 -0.0245228 0
    outer loop
      vertex 54.9338 -2.69872 4
      vertex 55 0 0
      vertex 55 0 4
    endloop
  endfacet
  facet normal 0.999699 -0.0245228 0
    outer loop
      vertex 55 0 0
      vertex 54.9338 -2.69872 4
      vertex 54.9338 -2.69872 0
    endloop
  endfacet
  facet normal 0.359873 0.933001 -0
    outer loop
      vertex 21.0476 50.8134 0
      vertex 18.5289 51.7849 4
      vertex 21.0476 50.8134 4
    endloop
  endfacet
  facet normal 0.359873 0.933001 0
    outer loop
      vertex 18.5289 51.7849 4
      vertex 21.0476 50.8134 0
      vertex 18.5289 51.7849 0
    endloop
  endfacet
  facet normal -0.893231 0.449598 0
    outer loop
      vertex -49.7194 23.5155 0
      vertex -48.5057 25.9268 4
      vertex -48.5057 25.9268 0
    endloop
  endfacet
  facet normal -0.893231 0.449598 0
    outer loop
      vertex -48.5057 25.9268 4
      vertex -49.7194 23.5155 0
      vertex -49.7194 23.5155 4
    endloop
  endfacet
  facet normal -0.359873 -0.933001 0
    outer loop
      vertex -21.0476 -50.8134 0
      vertex -18.5289 -51.7849 4
      vertex -21.0476 -50.8134 4
    endloop
  endfacet
  facet normal -0.359873 -0.933001 -0
    outer loop
      vertex -18.5289 -51.7849 4
      vertex -21.0476 -50.8134 0
      vertex -18.5289 -51.7849 0
    endloop
  endfacet
  facet normal -0.992477 -0.122428 0
    outer loop
      vertex -54.4047 -8.07018 0
      vertex -54.7352 -5.39094 4
      vertex -54.7352 -5.39094 0
    endloop
  endfacet
  facet normal -0.992477 -0.122428 0
    outer loop
      vertex -54.7352 -5.39094 4
      vertex -54.4047 -8.07018 0
      vertex -54.4047 -8.07018 4
    endloop
  endfacet
  facet normal 0.975699 0.219115 0
    outer loop
      vertex 53.9432 10.73 4
      vertex 53.3517 13.3639 0
      vertex 53.3517 13.3639 4
    endloop
  endfacet
  facet normal 0.975699 0.219115 0
    outer loop
      vertex 53.3517 13.3639 0
      vertex 53.9432 10.73 4
      vertex 53.9432 10.73 0
    endloop
  endfacet
  facet normal -0.0735682 -0.99729 0
    outer loop
      vertex -5.39094 -54.7352 0
      vertex -2.69872 -54.9338 4
      vertex -5.39094 -54.7352 4
    endloop
  endfacet
  facet normal -0.0735682 -0.99729 -0
    outer loop
      vertex -2.69872 -54.9338 4
      vertex -5.39094 -54.7352 0
      vertex -2.69872 -54.9338 0
    endloop
  endfacet
  facet normal 0.963777 0.266708 0
    outer loop
      vertex 53.3517 13.3639 4
      vertex 52.6317 15.9657 0
      vertex 52.6317 15.9657 4
    endloop
  endfacet
  facet normal 0.963777 0.266708 0
    outer loop
      vertex 52.6317 15.9657 0
      vertex 53.3517 13.3639 4
      vertex 53.3517 13.3639 0
    endloop
  endfacet
  facet normal 0.492888 -0.870093 0
    outer loop
      vertex 25.9268 -48.5057 0
      vertex 28.2757 -47.1751 4
      vertex 25.9268 -48.5057 4
    endloop
  endfacet
  facet normal 0.492888 -0.870093 0
    outer loop
      vertex 28.2757 -47.1751 4
      vertex 25.9268 -48.5057 0
      vertex 28.2757 -47.1751 0
    endloop
  endfacet
  facet normal 0.575804 0.817587 -0
    outer loop
      vertex 32.7635 44.1764 0
      vertex 30.5564 45.7308 4
      vertex 32.7635 44.1764 4
    endloop
  endfacet
  facet normal 0.575804 0.817587 0
    outer loop
      vertex 30.5564 45.7308 4
      vertex 32.7635 44.1764 0
      vertex 30.5564 45.7308 0
    endloop
  endfacet
  facet normal 0.492888 0.870093 -0
    outer loop
      vertex 28.2757 47.1751 0
      vertex 25.9268 48.5057 4
      vertex 28.2757 47.1751 4
    endloop
  endfacet
  facet normal 0.492888 0.870093 0
    outer loop
      vertex 25.9268 48.5057 4
      vertex 28.2757 47.1751 0
      vertex 25.9268 48.5057 0
    endloop
  endfacet
  facet normal -0.359873 0.933001 0
    outer loop
      vertex -18.5289 51.7849 0
      vertex -21.0476 50.8134 4
      vertex -18.5289 51.7849 4
    endloop
  endfacet
  facet normal -0.359873 0.933001 0
    outer loop
      vertex -21.0476 50.8134 4
      vertex -18.5289 51.7849 0
      vertex -21.0476 50.8134 0
    endloop
  endfacet
  facet normal -0.0245228 0.999699 0
    outer loop
      vertex 0 55 0
      vertex -2.69872 54.9338 4
      vertex 0 55 4
    endloop
  endfacet
  facet normal -0.0245228 0.999699 0
    outer loop
      vertex -2.69872 54.9338 4
      vertex 0 55 0
      vertex -2.69872 54.9338 0
    endloop
  endfacet
  facet normal 0.615235 0.788344 -0
    outer loop
      vertex 34.8916 42.5156 0
      vertex 32.7635 44.1764 4
      vertex 34.8916 42.5156 4
    endloop
  endfacet
  facet normal 0.615235 0.788344 0
    outer loop
      vertex 32.7635 44.1764 4
      vertex 34.8916 42.5156 0
      vertex 32.7635 44.1764 0
    endloop
  endfacet
  facet normal -0.653183 0.7572 0
    outer loop
      vertex -34.8916 42.5156 0
      vertex -36.9357 40.7523 4
      vertex -34.8916 42.5156 4
    endloop
  endfacet
  facet normal -0.653183 0.7572 0
    outer loop
      vertex -36.9357 40.7523 4
      vertex -34.8916 42.5156 0
      vertex -36.9357 40.7523 0
    endloop
  endfacet
  facet normal -0.170943 0.985281 0
    outer loop
      vertex -9.3 54.1913 0
      vertex -10.73 53.9432 4
      vertex -9.3 54.1913 4
    endloop
  endfacet
  facet normal -0.170943 0.985281 0
    outer loop
      vertex -10.73 53.9432 4
      vertex -9.3 54.1913 0
      vertex -10.73 53.9432 0
    endloop
  endfacet
  facet normal 0.870093 -0.492888 0
    outer loop
      vertex 47.1751 -28.2757 4
      vertex 48.5057 -25.9268 0
      vertex 48.5057 -25.9268 4
    endloop
  endfacet
  facet normal 0.870093 -0.492888 0
    outer loop
      vertex 48.5057 -25.9268 0
      vertex 47.1751 -28.2757 4
      vertex 47.1751 -28.2757 0
    endloop
  endfacet
  facet normal -0.615235 -0.788344 0
    outer loop
      vertex -34.8916 -42.5156 0
      vertex -32.7635 -44.1764 4
      vertex -34.8916 -42.5156 4
    endloop
  endfacet
  facet normal -0.615235 -0.788344 -0
    outer loop
      vertex -32.7635 -44.1764 4
      vertex -34.8916 -42.5156 0
      vertex -32.7635 -44.1764 0
    endloop
  endfacet
  facet normal 0.817587 0.575804 0
    outer loop
      vertex 45.7308 30.5564 4
      vertex 44.1764 32.7635 0
      vertex 44.1764 32.7635 4
    endloop
  endfacet
  facet normal 0.817587 0.575804 0
    outer loop
      vertex 44.1764 32.7635 0
      vertex 45.7308 30.5564 4
      vertex 45.7308 30.5564 0
    endloop
  endfacet
  facet normal -0.933001 -0.359873 0
    outer loop
      vertex -50.8134 -21.0476 0
      vertex -51.7849 -18.5289 4
      vertex -51.7849 -18.5289 0
    endloop
  endfacet
  facet normal -0.933001 -0.359873 0
    outer loop
      vertex -51.7849 -18.5289 4
      vertex -50.8134 -21.0476 0
      vertex -50.8134 -21.0476 4
    endloop
  endfacet
  facet normal -0.817587 -0.575804 0
    outer loop
      vertex -44.1764 -32.7635 0
      vertex -45.7308 -30.5564 4
      vertex -45.7308 -30.5564 0
    endloop
  endfacet
  facet normal -0.817587 -0.575804 0
    outer loop
      vertex -45.7308 -30.5564 4
      vertex -44.1764 -32.7635 0
      vertex -44.1764 -32.7635 4
    endloop
  endfacet
  facet normal 0.615235 -0.788344 0
    outer loop
      vertex 32.7635 -44.1764 0
      vertex 34.8916 -42.5156 4
      vertex 32.7635 -44.1764 4
    endloop
  endfacet
  facet normal 0.615235 -0.788344 0
    outer loop
      vertex 34.8916 -42.5156 4
      vertex 32.7635 -44.1764 0
      vertex 34.8916 -42.5156 0
    endloop
  endfacet
  facet normal 0.313693 0.949525 -0
    outer loop
      vertex 18.5289 51.7849 0
      vertex 15.9657 52.6317 4
      vertex 18.5289 51.7849 4
    endloop
  endfacet
  facet normal 0.313693 0.949525 0
    outer loop
      vertex 15.9657 52.6317 4
      vertex 18.5289 51.7849 0
      vertex 15.9657 52.6317 0
    endloop
  endfacet
  facet normal 0.266708 0.963777 -0
    outer loop
      vertex 15.9657 52.6317 0
      vertex 13.3639 53.3517 4
      vertex 15.9657 52.6317 4
    endloop
  endfacet
  facet normal 0.266708 0.963777 0
    outer loop
      vertex 13.3639 53.3517 4
      vertex 15.9657 52.6317 0
      vertex 13.3639 53.3517 0
    endloop
  endfacet
  facet normal 0.893231 -0.449598 0
    outer loop
      vertex 48.5057 -25.9268 4
      vertex 49.7194 -23.5155 0
      vertex 49.7194 -23.5155 4
    endloop
  endfacet
  facet normal 0.893231 -0.449598 0
    outer loop
      vertex 49.7194 -23.5155 0
      vertex 48.5057 -25.9268 4
      vertex 48.5057 -25.9268 0
    endloop
  endfacet
  facet normal -0.788344 0.615235 0
    outer loop
      vertex -44.1764 32.7635 0
      vertex -42.5156 34.8916 4
      vertex -42.5156 34.8916 0
    endloop
  endfacet
  facet normal -0.788344 0.615235 0
    outer loop
      vertex -42.5156 34.8916 4
      vertex -44.1764 32.7635 0
      vertex -44.1764 32.7635 4
    endloop
  endfacet
  facet normal -0.219115 -0.975699 0
    outer loop
      vertex -13.3639 -53.3517 0
      vertex -10.73 -53.9432 4
      vertex -13.3639 -53.3517 4
    endloop
  endfacet
  facet normal -0.219115 -0.975699 -0
    outer loop
      vertex -10.73 -53.9432 4
      vertex -13.3639 -53.3517 0
      vertex -10.73 -53.9432 0
    endloop
  endfacet
  facet normal 0.817587 -0.575804 0
    outer loop
      vertex 44.1764 -32.7635 4
      vertex 45.7308 -30.5564 0
      vertex 45.7308 -30.5564 4
    endloop
  endfacet
  facet normal 0.817587 -0.575804 0
    outer loop
      vertex 45.7308 -30.5564 0
      vertex 44.1764 -32.7635 4
      vertex 44.1764 -32.7635 0
    endloop
  endfacet
  facet normal 0.122428 -0.992477 0
    outer loop
      vertex 5.39094 -54.7352 0
      vertex 8.07018 -54.4047 4
      vertex 5.39094 -54.7352 4
    endloop
  endfacet
  facet normal 0.122428 -0.992477 0
    outer loop
      vertex 8.07018 -54.4047 4
      vertex 5.39094 -54.7352 0
      vertex 8.07018 -54.4047 0
    endloop
  endfacet
  facet normal -0.122443 -0.992476 0
    outer loop
      vertex -6.7 -54.5737 0
      vertex -5.39094 -54.7352 4
      vertex -6.7 -54.5737 4
    endloop
  endfacet
  facet normal -0.122443 -0.992476 -0
    outer loop
      vertex -5.39094 -54.7352 4
      vertex -6.7 -54.5737 0
      vertex -5.39094 -54.7352 0
    endloop
  endfacet
  facet normal 0.449607 -0.893227 0
    outer loop
      vertex 23.5155 -49.7194 0
      vertex 25.5 -48.7205 4
      vertex 23.5155 -49.7194 4
    endloop
  endfacet
  facet normal 0.449598 -0.893231 5.54912e-06
    outer loop
      vertex 25.9268 -48.5057 0
      vertex 25.5 -48.7205 4
      vertex 23.5155 -49.7194 0
    endloop
  endfacet
  facet normal 0.449556 -0.893252 0
    outer loop
      vertex 25.5 -48.7205 4
      vertex 25.9268 -48.5057 0
      vertex 25.9268 -48.5057 4
    endloop
  endfacet
  facet normal -0.844843 0.535014 0
    outer loop
      vertex -47.1751 28.2757 0
      vertex -45.7308 30.5564 4
      vertex -45.7308 30.5564 0
    endloop
  endfacet
  facet normal -0.844843 0.535014 0
    outer loop
      vertex -45.7308 30.5564 4
      vertex -47.1751 28.2757 0
      vertex -47.1751 28.2757 4
    endloop
  endfacet
  facet normal -0.724267 0.68952 0
    outer loop
      vertex -40.7523 36.9357 0
      vertex -38.8909 38.8909 4
      vertex -38.8909 38.8909 0
    endloop
  endfacet
  facet normal -0.724267 0.68952 0
    outer loop
      vertex -38.8909 38.8909 4
      vertex -40.7523 36.9357 0
      vertex -40.7523 36.9357 4
    endloop
  endfacet
  facet normal 0.266708 -0.963777 0
    outer loop
      vertex 13.3639 -53.3517 0
      vertex 15.9657 -52.6317 4
      vertex 13.3639 -53.3517 4
    endloop
  endfacet
  facet normal 0.266708 -0.963777 0
    outer loop
      vertex 15.9657 -52.6317 4
      vertex 13.3639 -53.3517 0
      vertex 15.9657 -52.6317 0
    endloop
  endfacet
  facet normal 0.405239 -0.914211 0
    outer loop
      vertex 21.0476 -50.8134 0
      vertex 22.5 -50.1696 4
      vertex 21.0476 -50.8134 4
    endloop
  endfacet
  facet normal 0.405258 -0.914202 -8.48116e-06
    outer loop
      vertex 23.5155 -49.7194 0
      vertex 22.5 -50.1696 4
      vertex 21.0476 -50.8134 0
    endloop
  endfacet
  facet normal 0.405286 -0.91419 0
    outer loop
      vertex 22.5 -50.1696 4
      vertex 23.5155 -49.7194 0
      vertex 23.5155 -49.7194 4
    endloop
  endfacet
  facet normal 0.0245228 0.999699 -0
    outer loop
      vertex 2.69872 54.9338 0
      vertex 0 55 4
      vertex 2.69872 54.9338 4
    endloop
  endfacet
  facet normal 0.0245228 0.999699 0
    outer loop
      vertex 0 55 4
      vertex 2.69872 54.9338 0
      vertex 0 55 0
    endloop
  endfacet
  facet normal -0.449607 0.893227 0
    outer loop
      vertex -23.5155 49.7194 0
      vertex -25.5 48.7205 4
      vertex -23.5155 49.7194 4
    endloop
  endfacet
  facet normal -0.449598 0.893231 5.54912e-06
    outer loop
      vertex -25.9268 48.5057 0
      vertex -25.5 48.7205 4
      vertex -23.5155 49.7194 0
    endloop
  endfacet
  facet normal -0.449556 0.893252 0
    outer loop
      vertex -25.5 48.7205 4
      vertex -25.9268 48.5057 0
      vertex -25.9268 48.5057 4
    endloop
  endfacet
  facet normal -0.266708 -0.963777 0
    outer loop
      vertex -15.9657 -52.6317 0
      vertex -13.3639 -53.3517 4
      vertex -15.9657 -52.6317 4
    endloop
  endfacet
  facet normal -0.266708 -0.963777 -0
    outer loop
      vertex -13.3639 -53.3517 4
      vertex -15.9657 -52.6317 0
      vertex -13.3639 -53.3517 0
    endloop
  endfacet
  facet normal 0.0735682 0.99729 -0
    outer loop
      vertex 5.39094 54.7352 0
      vertex 2.69872 54.9338 4
      vertex 5.39094 54.7352 4
    endloop
  endfacet
  facet normal 0.0735682 0.99729 0
    outer loop
      vertex 2.69872 54.9338 4
      vertex 5.39094 54.7352 0
      vertex 2.69872 54.9338 0
    endloop
  endfacet
  facet normal 0.535014 0.844843 -0
    outer loop
      vertex 30.5564 45.7308 0
      vertex 28.2757 47.1751 4
      vertex 30.5564 45.7308 4
    endloop
  endfacet
  facet normal 0.535014 0.844843 0
    outer loop
      vertex 28.2757 47.1751 4
      vertex 30.5564 45.7308 0
      vertex 28.2757 47.1751 0
    endloop
  endfacet
  facet normal -0.313693 -0.949525 0
    outer loop
      vertex -18.5289 -51.7849 0
      vertex -15.9657 -52.6317 4
      vertex -18.5289 -51.7849 4
    endloop
  endfacet
  facet normal -0.313693 -0.949525 -0
    outer loop
      vertex -15.9657 -52.6317 4
      vertex -18.5289 -51.7849 0
      vertex -15.9657 -52.6317 0
    endloop
  endfacet
  facet normal -0.99729 0.0735682 0
    outer loop
      vertex -54.9338 2.69872 0
      vertex -54.7352 5.39094 4
      vertex -54.7352 5.39094 0
    endloop
  endfacet
  facet normal -0.99729 0.0735682 0
    outer loop
      vertex -54.7352 5.39094 4
      vertex -54.9338 2.69872 0
      vertex -54.9338 2.69872 4
    endloop
  endfacet
  facet normal -0.985279 0.170954 0
    outer loop
      vertex -54.4047 8.07018 0
      vertex -53.9432 10.73 4
      vertex -53.9432 10.73 0
    endloop
  endfacet
  facet normal -0.985279 0.170954 0
    outer loop
      vertex -53.9432 10.73 4
      vertex -54.4047 8.07018 0
      vertex -54.4047 8.07018 4
    endloop
  endfacet
  facet normal 0.313693 -0.949525 0
    outer loop
      vertex 15.9657 -52.6317 0
      vertex 18.5289 -51.7849 4
      vertex 15.9657 -52.6317 4
    endloop
  endfacet
  facet normal 0.313693 -0.949525 0
    outer loop
      vertex 18.5289 -51.7849 4
      vertex 15.9657 -52.6317 0
      vertex 18.5289 -51.7849 0
    endloop
  endfacet
  facet normal -0.266708 0.963777 0
    outer loop
      vertex -13.3639 53.3517 0
      vertex -15.9657 52.6317 4
      vertex -13.3639 53.3517 4
    endloop
  endfacet
  facet normal -0.266708 0.963777 0
    outer loop
      vertex -15.9657 52.6317 4
      vertex -13.3639 53.3517 0
      vertex -15.9657 52.6317 0
    endloop
  endfacet
  facet normal -0.788344 -0.615235 0
    outer loop
      vertex -42.5156 -34.8916 0
      vertex -44.1764 -32.7635 4
      vertex -44.1764 -32.7635 0
    endloop
  endfacet
  facet normal -0.788344 -0.615235 0
    outer loop
      vertex -44.1764 -32.7635 4
      vertex -42.5156 -34.8916 0
      vertex -42.5156 -34.8916 4
    endloop
  endfacet
  facet normal 0.575804 -0.817587 0
    outer loop
      vertex 30.5564 -45.7308 0
      vertex 32.7635 -44.1764 4
      vertex 30.5564 -45.7308 4
    endloop
  endfacet
  facet normal 0.575804 -0.817587 0
    outer loop
      vertex 32.7635 -44.1764 4
      vertex 30.5564 -45.7308 0
      vertex 32.7635 -44.1764 0
    endloop
  endfacet
  facet normal -0.963777 -0.266708 0
    outer loop
      vertex -52.6317 -15.9657 0
      vertex -53.3517 -13.3639 4
      vertex -53.3517 -13.3639 0
    endloop
  endfacet
  facet normal -0.963777 -0.266708 0
    outer loop
      vertex -53.3517 -13.3639 4
      vertex -52.6317 -15.9657 0
      vertex -52.6317 -15.9657 4
    endloop
  endfacet
  facet normal -0.449556 -0.893252 0
    outer loop
      vertex -25.9268 -48.5057 0
      vertex -25.5 -48.7205 4
      vertex -25.9268 -48.5057 4
    endloop
  endfacet
  facet normal -0.449598 -0.893231 5.54912e-06
    outer loop
      vertex -23.5155 -49.7194 0
      vertex -25.5 -48.7205 4
      vertex -25.9268 -48.5057 0
    endloop
  endfacet
  facet normal -0.449607 -0.893227 0
    outer loop
      vertex -25.5 -48.7205 4
      vertex -23.5155 -49.7194 0
      vertex -23.5155 -49.7194 4
    endloop
  endfacet
  facet normal -0.870093 0.492888 0
    outer loop
      vertex -48.5057 25.9268 0
      vertex -47.1751 28.2757 4
      vertex -47.1751 28.2757 0
    endloop
  endfacet
  facet normal -0.870093 0.492888 0
    outer loop
      vertex -47.1751 28.2757 4
      vertex -48.5057 25.9268 0
      vertex -48.5057 25.9268 4
    endloop
  endfacet
  facet normal -0.405239 0.914211 0
    outer loop
      vertex -21.0476 50.8134 0
      vertex -22.5 50.1696 4
      vertex -21.0476 50.8134 4
    endloop
  endfacet
  facet normal -0.405258 0.914202 -8.48116e-06
    outer loop
      vertex -23.5155 49.7194 0
      vertex -22.5 50.1696 4
      vertex -21.0476 50.8134 0
    endloop
  endfacet
  facet normal -0.405286 0.91419 0
    outer loop
      vertex -22.5 50.1696 4
      vertex -23.5155 49.7194 0
      vertex -23.5155 49.7194 4
    endloop
  endfacet
  facet normal -0.575804 -0.817587 0
    outer loop
      vertex -32.7635 -44.1764 0
      vertex -30.5564 -45.7308 4
      vertex -32.7635 -44.1764 4
    endloop
  endfacet
  facet normal -0.575804 -0.817587 -0
    outer loop
      vertex -30.5564 -45.7308 4
      vertex -32.7635 -44.1764 0
      vertex -30.5564 -45.7308 0
    endloop
  endfacet
  facet normal -0.893231 -0.449598 0
    outer loop
      vertex -48.5057 -25.9268 0
      vertex -49.7194 -23.5155 4
      vertex -49.7194 -23.5155 0
    endloop
  endfacet
  facet normal -0.893231 -0.449598 0
    outer loop
      vertex -49.7194 -23.5155 4
      vertex -48.5057 -25.9268 0
      vertex -48.5057 -25.9268 4
    endloop
  endfacet
  facet normal -0.535014 -0.844843 0
    outer loop
      vertex -30.5564 -45.7308 0
      vertex -28.2757 -47.1751 4
      vertex -30.5564 -45.7308 4
    endloop
  endfacet
  facet normal -0.535014 -0.844843 -0
    outer loop
      vertex -28.2757 -47.1751 4
      vertex -30.5564 -45.7308 0
      vertex -28.2757 -47.1751 0
    endloop
  endfacet
  facet normal 0.98078 -0 0.195118
    outer loop
      vertex -0.799999 -37.5 42.6
      vertex -0.739103 -34.5 42.2939
      vertex -0.799999 -34.5 42.6
    endloop
  endfacet
  facet normal 0.98078 0 0.195118
    outer loop
      vertex -0.739103 -34.5 42.2939
      vertex -0.799999 -37.5 42.6
      vertex -0.739103 -37.5 42.2939
    endloop
  endfacet
  facet normal -0.831531 0 0.555479
    outer loop
      vertex 0.565685 -37.5 42.0343
      vertex 0.739103 -34.5 42.2939
      vertex 0.565685 -34.5 42.0343
    endloop
  endfacet
  facet normal -0.831531 0 0.555479
    outer loop
      vertex 0.739103 -34.5 42.2939
      vertex 0.565685 -37.5 42.0343
      vertex 0.739103 -37.5 42.2939
    endloop
  endfacet
  facet normal -0.98078 0 0.195118
    outer loop
      vertex 0.739103 -37.5 42.2939
      vertex 0.799999 -34.5 42.6
      vertex 0.739103 -34.5 42.2939
    endloop
  endfacet
  facet normal -0.98078 0 0.195118
    outer loop
      vertex 0.799999 -34.5 42.6
      vertex 0.739103 -37.5 42.2939
      vertex 0.799999 -37.5 42.6
    endloop
  endfacet
  facet normal -0.555531 0 -0.831496
    outer loop
      vertex 0.306147 -37.5 43.3391
      vertex 0.565685 -34.5 43.1657
      vertex 0.565685 -37.5 43.1657
    endloop
  endfacet
  facet normal -0.555531 0 -0.831496
    outer loop
      vertex 0.565685 -34.5 43.1657
      vertex 0.306147 -37.5 43.3391
      vertex 0.306147 -34.5 43.3391
    endloop
  endfacet
  facet normal 0.195101 0 -0.980783
    outer loop
      vertex -0.306147 -37.5 43.3391
      vertex 0 -34.5 43.4
      vertex 0 -37.5 43.4
    endloop
  endfacet
  facet normal 0.195101 0 -0.980783
    outer loop
      vertex 0 -34.5 43.4
      vertex -0.306147 -37.5 43.3391
      vertex -0.306147 -34.5 43.3391
    endloop
  endfacet
  facet normal -0.195101 0 0.980783
    outer loop
      vertex 0 -34.5 41.8
      vertex 0.306147 -37.5 41.8609
      vertex 0.306147 -34.5 41.8609
    endloop
  endfacet
  facet normal -0.195101 0 0.980783
    outer loop
      vertex 0.306147 -37.5 41.8609
      vertex 0 -34.5 41.8
      vertex 0 -37.5 41.8
    endloop
  endfacet
  facet normal 0.831531 -0 0.555479
    outer loop
      vertex -0.739103 -37.5 42.2939
      vertex -0.565685 -34.5 42.0343
      vertex -0.739103 -34.5 42.2939
    endloop
  endfacet
  facet normal 0.831531 0 0.555479
    outer loop
      vertex -0.565685 -34.5 42.0343
      vertex -0.739103 -37.5 42.2939
      vertex -0.565685 -37.5 42.0343
    endloop
  endfacet
  facet normal 0.555531 0 0.831496
    outer loop
      vertex -0.565685 -34.5 42.0343
      vertex -0.306147 -37.5 41.8609
      vertex -0.306147 -34.5 41.8609
    endloop
  endfacet
  facet normal 0.555531 0 0.831496
    outer loop
      vertex -0.306147 -37.5 41.8609
      vertex -0.565685 -34.5 42.0343
      vertex -0.565685 -37.5 42.0343
    endloop
  endfacet
  facet normal -0.98078 0 -0.195118
    outer loop
      vertex 0.799999 -37.5 42.6
      vertex 0.739103 -34.5 42.9061
      vertex 0.799999 -34.5 42.6
    endloop
  endfacet
  facet normal -0.98078 -0 -0.195118
    outer loop
      vertex 0.739103 -34.5 42.9061
      vertex 0.799999 -37.5 42.6
      vertex 0.739103 -37.5 42.9061
    endloop
  endfacet
  facet normal -0.195101 0 -0.980783
    outer loop
      vertex 0 -37.5 43.4
      vertex 0.306147 -34.5 43.3391
      vertex 0.306147 -37.5 43.3391
    endloop
  endfacet
  facet normal -0.195101 0 -0.980783
    outer loop
      vertex 0.306147 -34.5 43.3391
      vertex 0 -37.5 43.4
      vertex 0 -34.5 43.4
    endloop
  endfacet
  facet normal 0.195101 0 0.980783
    outer loop
      vertex -0.306147 -34.5 41.8609
      vertex 0 -37.5 41.8
      vertex 0 -34.5 41.8
    endloop
  endfacet
  facet normal 0.195101 0 0.980783
    outer loop
      vertex 0 -37.5 41.8
      vertex -0.306147 -34.5 41.8609
      vertex -0.306147 -37.5 41.8609
    endloop
  endfacet
  facet normal -0.831531 0 -0.555479
    outer loop
      vertex 0.739103 -37.5 42.9061
      vertex 0.565685 -34.5 43.1657
      vertex 0.739103 -34.5 42.9061
    endloop
  endfacet
  facet normal -0.831531 -0 -0.555479
    outer loop
      vertex 0.565685 -34.5 43.1657
      vertex 0.739103 -37.5 42.9061
      vertex 0.565685 -37.5 43.1657
    endloop
  endfacet
  facet normal 0.831531 0 -0.555479
    outer loop
      vertex -0.565685 -37.5 43.1657
      vertex -0.739103 -34.5 42.9061
      vertex -0.565685 -34.5 43.1657
    endloop
  endfacet
  facet normal 0.831531 0 -0.555479
    outer loop
      vertex -0.739103 -34.5 42.9061
      vertex -0.565685 -37.5 43.1657
      vertex -0.739103 -37.5 42.9061
    endloop
  endfacet
  facet normal -0.555531 0 0.831496
    outer loop
      vertex 0.306147 -34.5 41.8609
      vertex 0.565685 -37.5 42.0343
      vertex 0.565685 -34.5 42.0343
    endloop
  endfacet
  facet normal -0.555531 0 0.831496
    outer loop
      vertex 0.565685 -37.5 42.0343
      vertex 0.306147 -34.5 41.8609
      vertex 0.306147 -37.5 41.8609
    endloop
  endfacet
  facet normal 0.98078 0 -0.195118
    outer loop
      vertex -0.739103 -37.5 42.9061
      vertex -0.799999 -34.5 42.6
      vertex -0.739103 -34.5 42.9061
    endloop
  endfacet
  facet normal 0.98078 0 -0.195118
    outer loop
      vertex -0.799999 -34.5 42.6
      vertex -0.739103 -37.5 42.9061
      vertex -0.799999 -37.5 42.6
    endloop
  endfacet
  facet normal 0.555531 0 -0.831496
    outer loop
      vertex -0.565685 -37.5 43.1657
      vertex -0.306147 -34.5 43.3391
      vertex -0.306147 -37.5 43.3391
    endloop
  endfacet
  facet normal 0.555531 0 -0.831496
    outer loop
      vertex -0.306147 -34.5 43.3391
      vertex -0.565685 -37.5 43.1657
      vertex -0.565685 -34.5 43.1657
    endloop
  endfacet
  facet normal 0.98078 -0 0.195118
    outer loop
      vertex -0.799999 -37.5 70.4
      vertex -0.739103 -34.5 70.0939
      vertex -0.799999 -34.5 70.4
    endloop
  endfacet
  facet normal 0.98078 0 0.195118
    outer loop
      vertex -0.739103 -34.5 70.0939
      vertex -0.799999 -37.5 70.4
      vertex -0.739103 -37.5 70.0939
    endloop
  endfacet
  facet normal -0.831531 0 0.555479
    outer loop
      vertex 0.565685 -37.5 69.8343
      vertex 0.739103 -34.5 70.0939
      vertex 0.565685 -34.5 69.8343
    endloop
  endfacet
  facet normal -0.831531 0 0.555479
    outer loop
      vertex 0.739103 -34.5 70.0939
      vertex 0.565685 -37.5 69.8343
      vertex 0.739103 -37.5 70.0939
    endloop
  endfacet
  facet normal -0.98078 0 0.195118
    outer loop
      vertex 0.739103 -37.5 70.0939
      vertex 0.799999 -34.5 70.4
      vertex 0.739103 -34.5 70.0939
    endloop
  endfacet
  facet normal -0.98078 0 0.195118
    outer loop
      vertex 0.799999 -34.5 70.4
      vertex 0.739103 -37.5 70.0939
      vertex 0.799999 -37.5 70.4
    endloop
  endfacet
  facet normal -0.555531 0 -0.831496
    outer loop
      vertex 0.306147 -37.5 71.1391
      vertex 0.565685 -34.5 70.9657
      vertex 0.565685 -37.5 70.9657
    endloop
  endfacet
  facet normal -0.555531 0 -0.831496
    outer loop
      vertex 0.565685 -34.5 70.9657
      vertex 0.306147 -37.5 71.1391
      vertex 0.306147 -34.5 71.1391
    endloop
  endfacet
  facet normal 0.195101 0 -0.980783
    outer loop
      vertex -0.306147 -37.5 71.1391
      vertex 0 -34.5 71.2
      vertex 0 -37.5 71.2
    endloop
  endfacet
  facet normal 0.195101 0 -0.980783
    outer loop
      vertex 0 -34.5 71.2
      vertex -0.306147 -37.5 71.1391
      vertex -0.306147 -34.5 71.1391
    endloop
  endfacet
  facet normal -0.195101 0 0.980783
    outer loop
      vertex 0 -34.5 69.6
      vertex 0.306147 -37.5 69.6609
      vertex 0.306147 -34.5 69.6609
    endloop
  endfacet
  facet normal -0.195101 0 0.980783
    outer loop
      vertex 0.306147 -37.5 69.6609
      vertex 0 -34.5 69.6
      vertex 0 -37.5 69.6
    endloop
  endfacet
  facet normal 0.831531 -0 0.555479
    outer loop
      vertex -0.739103 -37.5 70.0939
      vertex -0.565685 -34.5 69.8343
      vertex -0.739103 -34.5 70.0939
    endloop
  endfacet
  facet normal 0.831531 0 0.555479
    outer loop
      vertex -0.565685 -34.5 69.8343
      vertex -0.739103 -37.5 70.0939
      vertex -0.565685 -37.5 69.8343
    endloop
  endfacet
  facet normal 0.555531 0 0.831496
    outer loop
      vertex -0.565685 -34.5 69.8343
      vertex -0.306147 -37.5 69.6609
      vertex -0.306147 -34.5 69.6609
    endloop
  endfacet
  facet normal 0.555531 0 0.831496
    outer loop
      vertex -0.306147 -37.5 69.6609
      vertex -0.565685 -34.5 69.8343
      vertex -0.565685 -37.5 69.8343
    endloop
  endfacet
  facet normal -0.555531 0 0.831496
    outer loop
      vertex 0.306147 -34.5 69.6609
      vertex 0.565685 -37.5 69.8343
      vertex 0.565685 -34.5 69.8343
    endloop
  endfacet
  facet normal -0.555531 0 0.831496
    outer loop
      vertex 0.565685 -37.5 69.8343
      vertex 0.306147 -34.5 69.6609
      vertex 0.306147 -37.5 69.6609
    endloop
  endfacet
  facet normal -0.98078 0 -0.195118
    outer loop
      vertex 0.799999 -37.5 70.4
      vertex 0.739103 -34.5 70.7061
      vertex 0.799999 -34.5 70.4
    endloop
  endfacet
  facet normal -0.98078 -0 -0.195118
    outer loop
      vertex 0.739103 -34.5 70.7061
      vertex 0.799999 -37.5 70.4
      vertex 0.739103 -37.5 70.7061
    endloop
  endfacet
  facet normal -0.195101 0 -0.980783
    outer loop
      vertex 0 -37.5 71.2
      vertex 0.306147 -34.5 71.1391
      vertex 0.306147 -37.5 71.1391
    endloop
  endfacet
  facet normal -0.195101 0 -0.980783
    outer loop
      vertex 0.306147 -34.5 71.1391
      vertex 0 -37.5 71.2
      vertex 0 -34.5 71.2
    endloop
  endfacet
  facet normal 0.195101 0 0.980783
    outer loop
      vertex -0.306147 -34.5 69.6609
      vertex 0 -37.5 69.6
      vertex 0 -34.5 69.6
    endloop
  endfacet
  facet normal 0.195101 0 0.980783
    outer loop
      vertex 0 -37.5 69.6
      vertex -0.306147 -34.5 69.6609
      vertex -0.306147 -37.5 69.6609
    endloop
  endfacet
  facet normal -0.831531 0 -0.555479
    outer loop
      vertex 0.739103 -37.5 70.7061
      vertex 0.565685 -34.5 70.9657
      vertex 0.739103 -34.5 70.7061
    endloop
  endfacet
  facet normal -0.831531 -0 -0.555479
    outer loop
      vertex 0.565685 -34.5 70.9657
      vertex 0.739103 -37.5 70.7061
      vertex 0.565685 -37.5 70.9657
    endloop
  endfacet
  facet normal 0.831531 0 -0.555479
    outer loop
      vertex -0.565685 -37.5 70.9657
      vertex -0.739103 -34.5 70.7061
      vertex -0.565685 -34.5 70.9657
    endloop
  endfacet
  facet normal 0.831531 0 -0.555479
    outer loop
      vertex -0.739103 -34.5 70.7061
      vertex -0.565685 -37.5 70.9657
      vertex -0.739103 -37.5 70.7061
    endloop
  endfacet
  facet normal 0.98078 0 -0.195118
    outer loop
      vertex -0.739103 -37.5 70.7061
      vertex -0.799999 -34.5 70.4
      vertex -0.739103 -34.5 70.7061
    endloop
  endfacet
  facet normal 0.98078 0 -0.195118
    outer loop
      vertex -0.799999 -34.5 70.4
      vertex -0.739103 -37.5 70.7061
      vertex -0.799999 -37.5 70.4
    endloop
  endfacet
  facet normal 0.555531 0 -0.831496
    outer loop
      vertex -0.565685 -37.5 70.9657
      vertex -0.306147 -34.5 71.1391
      vertex -0.306147 -37.5 71.1391
    endloop
  endfacet
  facet normal 0.555531 0 -0.831496
    outer loop
      vertex -0.306147 -34.5 71.1391
      vertex -0.565685 -37.5 70.9657
      vertex -0.565685 -34.5 70.9657
    endloop
  endfacet
  facet normal 0.857643 -0 0.514246
    outer loop
      vertex -24.6458 -37.5 60.5858
      vertex -24.4944 -34.5 60.3333
      vertex -24.6458 -34.5 60.5858
    endloop
  endfacet
  facet normal 0.857643 0 0.514246
    outer loop
      vertex -24.4944 -34.5 60.3333
      vertex -24.6458 -37.5 60.5858
      vertex -24.4944 -37.5 60.3333
    endloop
  endfacet
  facet normal -0.989174 0 0.146746
    outer loop
      vertex -19.0576 -37.5 61.4147
      vertex -19.0144 -34.5 61.7059
      vertex -19.0576 -34.5 61.4147
    endloop
  endfacet
  facet normal -0.989174 0 0.146746
    outer loop
      vertex -19.0144 -34.5 61.7059
      vertex -19.0576 -37.5 61.4147
      vertex -19.0144 -37.5 61.7059
    endloop
  endfacet
  facet normal -0.998803 0 0.0489044
    outer loop
      vertex -19.0144 -37.5 61.7059
      vertex -19 -34.5 62
      vertex -19.0144 -34.5 61.7059
    endloop
  endfacet
  facet normal -0.998803 0 0.0489044
    outer loop
      vertex -19 -34.5 62
      vertex -19.0144 -37.5 61.7059
      vertex -19 -37.5 62
    endloop
  endfacet
  facet normal -0.969982 0 0.243175
    outer loop
      vertex -19.1292 -37.5 61.1291
      vertex -19.0576 -34.5 61.4147
      vertex -19.1292 -34.5 61.1291
    endloop
  endfacet
  facet normal -0.969982 0 0.243175
    outer loop
      vertex -19.0576 -34.5 61.4147
      vertex -19.1292 -37.5 61.1291
      vertex -19.0576 -37.5 61.4147
    endloop
  endfacet
  facet normal -0.941488 0 -0.337047
    outer loop
      vertex -19.1292 -37.5 62.8709
      vertex -19.2284 -34.5 63.148
      vertex -19.1292 -34.5 62.8709
    endloop
  endfacet
  facet normal -0.941488 -0 -0.337047
    outer loop
      vertex -19.2284 -34.5 63.148
      vertex -19.1292 -37.5 62.8709
      vertex -19.2284 -37.5 63.148
    endloop
  endfacet
  facet normal -0.146746 0 0.989174
    outer loop
      vertex -21.7059 -34.5 59.0144
      vertex -21.4147 -37.5 59.0576
      vertex -21.4147 -34.5 59.0576
    endloop
  endfacet
  facet normal -0.146746 0 0.989174
    outer loop
      vertex -21.4147 -37.5 59.0576
      vertex -21.7059 -34.5 59.0144
      vertex -21.7059 -37.5 59.0144
    endloop
  endfacet
  facet normal -0.4274 0 -0.904063
    outer loop
      vertex -20.8519 -37.5 64.7716
      vertex -20.5858 -34.5 64.6458
      vertex -20.5858 -37.5 64.6458
    endloop
  endfacet
  facet normal -0.4274 0 -0.904063
    outer loop
      vertex -20.5858 -34.5 64.6458
      vertex -20.8519 -37.5 64.7716
      vertex -20.8519 -34.5 64.7716
    endloop
  endfacet
  facet normal 0.595699 0 0.803208
    outer loop
      vertex -23.9032 -34.5 59.681
      vertex -23.6667 -37.5 59.5056
      vertex -23.6667 -34.5 59.5056
    endloop
  endfacet
  facet normal 0.595699 0 0.803208
    outer loop
      vertex -23.6667 -37.5 59.5056
      vertex -23.9032 -34.5 59.681
      vertex -23.9032 -37.5 59.681
    endloop
  endfacet
  facet normal -0.146413 0 -0.989224
    outer loop
      vertex -21.7059 -37.5 64.9855
      vertex -21.4147 -34.5 64.9424
      vertex -21.4147 -37.5 64.9424
    endloop
  endfacet
  facet normal -0.146413 0 -0.989224
    outer loop
      vertex -21.4147 -34.5 64.9424
      vertex -21.7059 -37.5 64.9855
      vertex -21.7059 -34.5 64.9855
    endloop
  endfacet
  facet normal -0.514246 0 -0.857643
    outer loop
      vertex -20.5858 -37.5 64.6458
      vertex -20.3333 -34.5 64.4944
      vertex -20.3333 -37.5 64.4944
    endloop
  endfacet
  facet normal -0.514246 0 -0.857643
    outer loop
      vertex -20.3333 -34.5 64.4944
      vertex -20.5858 -37.5 64.6458
      vertex -20.5858 -34.5 64.6458
    endloop
  endfacet
  facet normal 0.0492431 0 -0.998787
    outer loop
      vertex -22.2941 -37.5 64.9855
      vertex -22 -34.5 65
      vertex -22 -37.5 65
    endloop
  endfacet
  facet normal 0.0492431 0 -0.998787
    outer loop
      vertex -22 -34.5 65
      vertex -22.2941 -37.5 64.9855
      vertex -22.2941 -34.5 64.9855
    endloop
  endfacet
  facet normal 0.146746 0 0.989174
    outer loop
      vertex -22.5853 -34.5 59.0576
      vertex -22.2941 -37.5 59.0144
      vertex -22.2941 -34.5 59.0144
    endloop
  endfacet
  facet normal 0.146746 0 0.989174
    outer loop
      vertex -22.2941 -37.5 59.0144
      vertex -22.5853 -34.5 59.0576
      vertex -22.5853 -37.5 59.0576
    endloop
  endfacet
  facet normal -0.904125 0 0.427269
    outer loop
      vertex -19.3542 -37.5 60.5858
      vertex -19.2284 -34.5 60.852
      vertex -19.3542 -34.5 60.5858
    endloop
  endfacet
  facet normal -0.904125 0 0.427269
    outer loop
      vertex -19.2284 -34.5 60.852
      vertex -19.3542 -37.5 60.5858
      vertex -19.2284 -37.5 60.852
    endloop
  endfacet
  facet normal -0.740908 0 -0.671607
    outer loop
      vertex -19.681 -37.5 63.9032
      vertex -19.8787 -34.5 64.1213
      vertex -19.681 -34.5 63.9032
    endloop
  endfacet
  facet normal -0.740908 -0 -0.671607
    outer loop
      vertex -19.8787 -34.5 64.1213
      vertex -19.681 -37.5 63.9032
      vertex -19.8787 -37.5 64.1213
    endloop
  endfacet
  facet normal -0.595699 0 0.803208
    outer loop
      vertex -20.3333 -34.5 59.5056
      vertex -20.0968 -37.5 59.681
      vertex -20.0968 -34.5 59.681
    endloop
  endfacet
  facet normal -0.595699 0 0.803208
    outer loop
      vertex -20.0968 -37.5 59.681
      vertex -20.3333 -34.5 59.5056
      vertex -20.3333 -37.5 59.5056
    endloop
  endfacet
  facet normal -0.243175 0 0.969982
    outer loop
      vertex -21.4147 -34.5 59.0576
      vertex -21.1291 -37.5 59.1292
      vertex -21.1291 -34.5 59.1292
    endloop
  endfacet
  facet normal -0.243175 0 0.969982
    outer loop
      vertex -21.1291 -37.5 59.1292
      vertex -21.4147 -34.5 59.0576
      vertex -21.4147 -37.5 59.0576
    endloop
  endfacet
  facet normal 0.514246 0 0.857643
    outer loop
      vertex -23.6667 -34.5 59.5056
      vertex -23.4142 -37.5 59.3542
      vertex -23.4142 -34.5 59.3542
    endloop
  endfacet
  facet normal 0.514246 0 0.857643
    outer loop
      vertex -23.4142 -37.5 59.3542
      vertex -23.6667 -34.5 59.5056
      vertex -23.6667 -37.5 59.5056
    endloop
  endfacet
  facet normal -0.803208 0 0.595699
    outer loop
      vertex -19.681 -37.5 60.0968
      vertex -19.5056 -34.5 60.3333
      vertex -19.681 -34.5 60.0968
    endloop
  endfacet
  facet normal -0.803208 0 0.595699
    outer loop
      vertex -19.5056 -34.5 60.3333
      vertex -19.681 -37.5 60.0968
      vertex -19.5056 -37.5 60.3333
    endloop
  endfacet
  facet normal -0.336939 0 -0.941527
    outer loop
      vertex -21.1291 -37.5 64.8708
      vertex -20.8519 -34.5 64.7716
      vertex -20.8519 -37.5 64.7716
    endloop
  endfacet
  facet normal -0.336939 0 -0.941527
    outer loop
      vertex -20.8519 -34.5 64.7716
      vertex -21.1291 -37.5 64.8708
      vertex -21.1291 -34.5 64.8708
    endloop
  endfacet
  facet normal -0.243175 0 -0.969982
    outer loop
      vertex -21.4147 -37.5 64.9424
      vertex -21.1291 -34.5 64.8708
      vertex -21.1291 -37.5 64.8708
    endloop
  endfacet
  facet normal -0.243175 0 -0.969982
    outer loop
      vertex -21.1291 -34.5 64.8708
      vertex -21.4147 -37.5 64.9424
      vertex -21.4147 -34.5 64.9424
    endloop
  endfacet
  facet normal -0.514246 0 0.857643
    outer loop
      vertex -20.5858 -34.5 59.3542
      vertex -20.3333 -37.5 59.5056
      vertex -20.3333 -34.5 59.5056
    endloop
  endfacet
  facet normal -0.514246 0 0.857643
    outer loop
      vertex -20.3333 -37.5 59.5056
      vertex -20.5858 -34.5 59.3542
      vertex -20.5858 -37.5 59.3542
    endloop
  endfacet
  facet normal -0.904125 0 -0.427269
    outer loop
      vertex -19.2284 -37.5 63.148
      vertex -19.3542 -34.5 63.4142
      vertex -19.2284 -34.5 63.148
    endloop
  endfacet
  facet normal -0.904125 -0 -0.427269
    outer loop
      vertex -19.3542 -34.5 63.4142
      vertex -19.2284 -37.5 63.148
      vertex -19.3542 -37.5 63.4142
    endloop
  endfacet
  facet normal -0.998803 0 -0.0489044
    outer loop
      vertex -19 -37.5 62
      vertex -19.0144 -34.5 62.2941
      vertex -19 -34.5 62
    endloop
  endfacet
  facet normal -0.998803 -0 -0.0489044
    outer loop
      vertex -19.0144 -34.5 62.2941
      vertex -19 -37.5 62
      vertex -19.0144 -37.5 62.2941
    endloop
  endfacet
  facet normal 0.740908 0 -0.671607
    outer loop
      vertex -24.1213 -37.5 64.1213
      vertex -24.319 -34.5 63.9032
      vertex -24.1213 -34.5 64.1213
    endloop
  endfacet
  facet normal 0.740908 0 -0.671607
    outer loop
      vertex -24.319 -34.5 63.9032
      vertex -24.1213 -37.5 64.1213
      vertex -24.319 -37.5 63.9032
    endloop
  endfacet
  facet normal -0.857643 0 -0.514246
    outer loop
      vertex -19.3542 -37.5 63.4142
      vertex -19.5056 -34.5 63.6667
      vertex -19.3542 -34.5 63.4142
    endloop
  endfacet
  facet normal -0.857643 -0 -0.514246
    outer loop
      vertex -19.5056 -34.5 63.6667
      vertex -19.3542 -37.5 63.4142
      vertex -19.5056 -37.5 63.6667
    endloop
  endfacet
  facet normal 0.337047 0 0.941488
    outer loop
      vertex -23.148 -34.5 59.2284
      vertex -22.8709 -37.5 59.1292
      vertex -22.8709 -34.5 59.1292
    endloop
  endfacet
  facet normal 0.337047 0 0.941488
    outer loop
      vertex -22.8709 -37.5 59.1292
      vertex -23.148 -34.5 59.2284
      vertex -23.148 -37.5 59.2284
    endloop
  endfacet
  facet normal 0.514246 0 -0.857643
    outer loop
      vertex -23.6667 -37.5 64.4944
      vertex -23.4142 -34.5 64.6458
      vertex -23.4142 -37.5 64.6458
    endloop
  endfacet
  facet normal 0.514246 0 -0.857643
    outer loop
      vertex -23.4142 -34.5 64.6458
      vertex -23.6667 -37.5 64.4944
      vertex -23.6667 -34.5 64.4944
    endloop
  endfacet
  facet normal -0.941488 0 0.337047
    outer loop
      vertex -19.2284 -37.5 60.852
      vertex -19.1292 -34.5 61.1291
      vertex -19.2284 -34.5 60.852
    endloop
  endfacet
  facet normal -0.941488 0 0.337047
    outer loop
      vertex -19.1292 -34.5 61.1291
      vertex -19.2284 -37.5 60.852
      vertex -19.1292 -37.5 61.1291
    endloop
  endfacet
  facet normal -0.969982 0 -0.243175
    outer loop
      vertex -19.0576 -37.5 62.5853
      vertex -19.1292 -34.5 62.8709
      vertex -19.0576 -34.5 62.5853
    endloop
  endfacet
  facet normal -0.969982 -0 -0.243175
    outer loop
      vertex -19.1292 -34.5 62.8709
      vertex -19.0576 -37.5 62.5853
      vertex -19.1292 -37.5 62.8709
    endloop
  endfacet
  facet normal -0.989174 0 -0.146746
    outer loop
      vertex -19.0144 -37.5 62.2941
      vertex -19.0576 -34.5 62.5853
      vertex -19.0144 -34.5 62.2941
    endloop
  endfacet
  facet normal -0.989174 -0 -0.146746
    outer loop
      vertex -19.0576 -34.5 62.5853
      vertex -19.0144 -37.5 62.2941
      vertex -19.0576 -37.5 62.5853
    endloop
  endfacet
  facet normal 0.671607 0 -0.740908
    outer loop
      vertex -24.1213 -37.5 64.1213
      vertex -23.9032 -34.5 64.319
      vertex -23.9032 -37.5 64.319
    endloop
  endfacet
  facet normal 0.671607 0 -0.740908
    outer loop
      vertex -23.9032 -34.5 64.319
      vertex -24.1213 -37.5 64.1213
      vertex -24.1213 -34.5 64.1213
    endloop
  endfacet
  facet normal -0.336939 0 0.941527
    outer loop
      vertex -21.1291 -34.5 59.1292
      vertex -20.8519 -37.5 59.2284
      vertex -20.8519 -34.5 59.2284
    endloop
  endfacet
  facet normal -0.336939 0 0.941527
    outer loop
      vertex -20.8519 -37.5 59.2284
      vertex -21.1291 -34.5 59.1292
      vertex -21.1291 -37.5 59.1292
    endloop
  endfacet
  facet normal -0.0492431 0 -0.998787
    outer loop
      vertex -22 -37.5 65
      vertex -21.7059 -34.5 64.9855
      vertex -21.7059 -37.5 64.9855
    endloop
  endfacet
  facet normal -0.0492431 0 -0.998787
    outer loop
      vertex -21.7059 -34.5 64.9855
      vertex -22 -37.5 65
      vertex -22 -34.5 65
    endloop
  endfacet
  facet normal -0.803208 0 -0.595699
    outer loop
      vertex -19.5056 -37.5 63.6667
      vertex -19.681 -34.5 63.9032
      vertex -19.5056 -34.5 63.6667
    endloop
  endfacet
  facet normal -0.803208 -0 -0.595699
    outer loop
      vertex -19.681 -34.5 63.9032
      vertex -19.5056 -37.5 63.6667
      vertex -19.681 -37.5 63.9032
    endloop
  endfacet
  facet normal 0.0489044 0 0.998803
    outer loop
      vertex -22.2941 -34.5 59.0144
      vertex -22 -37.5 59
      vertex -22 -34.5 59
    endloop
  endfacet
  facet normal 0.0489044 0 0.998803
    outer loop
      vertex -22 -37.5 59
      vertex -22.2941 -34.5 59.0144
      vertex -22.2941 -37.5 59.0144
    endloop
  endfacet
  facet normal -0.4274 0 0.904063
    outer loop
      vertex -20.8519 -34.5 59.2284
      vertex -20.5858 -37.5 59.3542
      vertex -20.5858 -34.5 59.3542
    endloop
  endfacet
  facet normal -0.4274 0 0.904063
    outer loop
      vertex -20.5858 -37.5 59.3542
      vertex -20.8519 -34.5 59.2284
      vertex -20.8519 -37.5 59.2284
    endloop
  endfacet
  facet normal -0.740908 0 0.671607
    outer loop
      vertex -19.8787 -37.5 59.8787
      vertex -19.681 -34.5 60.0968
      vertex -19.8787 -34.5 59.8787
    endloop
  endfacet
  facet normal -0.740908 0 0.671607
    outer loop
      vertex -19.681 -34.5 60.0968
      vertex -19.8787 -37.5 59.8787
      vertex -19.681 -37.5 60.0968
    endloop
  endfacet
  facet normal -0.0489044 0 0.998803
    outer loop
      vertex -22 -34.5 59
      vertex -21.7059 -37.5 59.0144
      vertex -21.7059 -34.5 59.0144
    endloop
  endfacet
  facet normal -0.0489044 0 0.998803
    outer loop
      vertex -21.7059 -37.5 59.0144
      vertex -22 -34.5 59
      vertex -22 -37.5 59
    endloop
  endfacet
  facet normal -0.857643 0 0.514246
    outer loop
      vertex -19.5056 -37.5 60.3333
      vertex -19.3542 -34.5 60.5858
      vertex -19.5056 -34.5 60.3333
    endloop
  endfacet
  facet normal -0.857643 0 0.514246
    outer loop
      vertex -19.3542 -34.5 60.5858
      vertex -19.5056 -37.5 60.3333
      vertex -19.3542 -37.5 60.5858
    endloop
  endfacet
  facet normal -0.595699 0 -0.803208
    outer loop
      vertex -20.3333 -37.5 64.4944
      vertex -20.0968 -34.5 64.319
      vertex -20.0968 -37.5 64.319
    endloop
  endfacet
  facet normal -0.595699 0 -0.803208
    outer loop
      vertex -20.0968 -34.5 64.319
      vertex -20.3333 -37.5 64.4944
      vertex -20.3333 -34.5 64.4944
    endloop
  endfacet
  facet normal 0.427269 0 -0.904125
    outer loop
      vertex -23.4142 -37.5 64.6458
      vertex -23.148 -34.5 64.7716
      vertex -23.148 -37.5 64.7716
    endloop
  endfacet
  facet normal 0.427269 0 -0.904125
    outer loop
      vertex -23.148 -34.5 64.7716
      vertex -23.4142 -37.5 64.6458
      vertex -23.4142 -34.5 64.6458
    endloop
  endfacet
  facet normal 0.671607 0 0.740908
    outer loop
      vertex -24.1213 -34.5 59.8787
      vertex -23.9032 -37.5 59.681
      vertex -23.9032 -34.5 59.681
    endloop
  endfacet
  facet normal 0.671607 0 0.740908
    outer loop
      vertex -23.9032 -37.5 59.681
      vertex -24.1213 -34.5 59.8787
      vertex -24.1213 -37.5 59.8787
    endloop
  endfacet
  facet normal 0.427269 0 0.904125
    outer loop
      vertex -23.4142 -34.5 59.3542
      vertex -23.148 -37.5 59.2284
      vertex -23.148 -34.5 59.2284
    endloop
  endfacet
  facet normal 0.427269 0 0.904125
    outer loop
      vertex -23.148 -37.5 59.2284
      vertex -23.4142 -34.5 59.3542
      vertex -23.4142 -37.5 59.3542
    endloop
  endfacet
  facet normal -0.671607 0 0.740908
    outer loop
      vertex -20.0968 -34.5 59.681
      vertex -19.8787 -37.5 59.8787
      vertex -19.8787 -34.5 59.8787
    endloop
  endfacet
  facet normal -0.671607 0 0.740908
    outer loop
      vertex -19.8787 -37.5 59.8787
      vertex -20.0968 -34.5 59.681
      vertex -20.0968 -37.5 59.681
    endloop
  endfacet
  facet normal 0.904004 0 -0.427524
    outer loop
      vertex -24.6458 -37.5 63.4142
      vertex -24.7471 -34.5 63.2
      vertex -24.6458 -34.5 63.4142
    endloop
  endfacet
  facet normal 0.904004 0 -0.427524
    outer loop
      vertex -24.7471 -34.5 63.2
      vertex -24.6458 -37.5 63.4142
      vertex -24.7471 -37.5 63.2
    endloop
  endfacet
  facet normal 0.243175 0 0.969982
    outer loop
      vertex -22.8709 -34.5 59.1292
      vertex -22.5853 -37.5 59.0576
      vertex -22.5853 -34.5 59.0576
    endloop
  endfacet
  facet normal 0.243175 0 0.969982
    outer loop
      vertex -22.5853 -37.5 59.0576
      vertex -22.8709 -34.5 59.1292
      vertex -22.8709 -37.5 59.1292
    endloop
  endfacet
  facet normal 0.740908 -0 0.671607
    outer loop
      vertex -24.319 -37.5 60.0968
      vertex -24.1213 -34.5 59.8787
      vertex -24.319 -34.5 60.0968
    endloop
  endfacet
  facet normal 0.740908 0 0.671607
    outer loop
      vertex -24.1213 -34.5 59.8787
      vertex -24.319 -37.5 60.0968
      vertex -24.1213 -37.5 59.8787
    endloop
  endfacet
  facet normal 0.595699 0 -0.803208
    outer loop
      vertex -23.9032 -37.5 64.319
      vertex -23.6667 -34.5 64.4944
      vertex -23.6667 -37.5 64.4944
    endloop
  endfacet
  facet normal 0.595699 0 -0.803208
    outer loop
      vertex -23.6667 -34.5 64.4944
      vertex -23.9032 -37.5 64.319
      vertex -23.9032 -34.5 64.319
    endloop
  endfacet
  facet normal 0.146413 0 -0.989224
    outer loop
      vertex -22.5853 -37.5 64.9424
      vertex -22.2941 -34.5 64.9855
      vertex -22.2941 -37.5 64.9855
    endloop
  endfacet
  facet normal 0.146413 0 -0.989224
    outer loop
      vertex -22.2941 -34.5 64.9855
      vertex -22.5853 -37.5 64.9424
      vertex -22.5853 -34.5 64.9424
    endloop
  endfacet
  facet normal 0.803208 0 -0.595699
    outer loop
      vertex -24.319 -37.5 63.9032
      vertex -24.4944 -34.5 63.6667
      vertex -24.319 -34.5 63.9032
    endloop
  endfacet
  facet normal 0.803208 0 -0.595699
    outer loop
      vertex -24.4944 -34.5 63.6667
      vertex -24.319 -37.5 63.9032
      vertex -24.4944 -37.5 63.6667
    endloop
  endfacet
  facet normal 0.337047 0 -0.941488
    outer loop
      vertex -23.148 -37.5 64.7716
      vertex -22.8709 -34.5 64.8708
      vertex -22.8709 -37.5 64.8708
    endloop
  endfacet
  facet normal 0.337047 0 -0.941488
    outer loop
      vertex -22.8709 -34.5 64.8708
      vertex -23.148 -37.5 64.7716
      vertex -23.148 -34.5 64.7716
    endloop
  endfacet
  facet normal 0.243175 0 -0.969982
    outer loop
      vertex -22.8709 -37.5 64.8708
      vertex -22.5853 -34.5 64.9424
      vertex -22.5853 -37.5 64.9424
    endloop
  endfacet
  facet normal 0.243175 0 -0.969982
    outer loop
      vertex -22.5853 -34.5 64.9424
      vertex -22.8709 -37.5 64.8708
      vertex -22.8709 -34.5 64.8708
    endloop
  endfacet
  facet normal 0.904004 -0 0.427524
    outer loop
      vertex -24.7471 -37.5 60.8
      vertex -24.6458 -34.5 60.5858
      vertex -24.7471 -34.5 60.8
    endloop
  endfacet
  facet normal 0.904004 0 0.427524
    outer loop
      vertex -24.6458 -34.5 60.5858
      vertex -24.7471 -37.5 60.8
      vertex -24.6458 -37.5 60.5858
    endloop
  endfacet
  facet normal 0.803208 -0 0.595699
    outer loop
      vertex -24.4944 -37.5 60.3333
      vertex -24.319 -34.5 60.0968
      vertex -24.4944 -34.5 60.3333
    endloop
  endfacet
  facet normal 0.803208 0 0.595699
    outer loop
      vertex -24.319 -34.5 60.0968
      vertex -24.4944 -37.5 60.3333
      vertex -24.319 -37.5 60.0968
    endloop
  endfacet
  facet normal 0.857643 0 -0.514246
    outer loop
      vertex -24.4944 -37.5 63.6667
      vertex -24.6458 -34.5 63.4142
      vertex -24.4944 -34.5 63.6667
    endloop
  endfacet
  facet normal 0.857643 0 -0.514246
    outer loop
      vertex -24.6458 -34.5 63.4142
      vertex -24.4944 -37.5 63.6667
      vertex -24.6458 -37.5 63.4142
    endloop
  endfacet
  facet normal -0.671607 0 -0.740908
    outer loop
      vertex -20.0968 -37.5 64.319
      vertex -19.8787 -34.5 64.1213
      vertex -19.8787 -37.5 64.1213
    endloop
  endfacet
  facet normal -0.671607 0 -0.740908
    outer loop
      vertex -19.8787 -34.5 64.1213
      vertex -20.0968 -37.5 64.319
      vertex -20.0968 -34.5 64.319
    endloop
  endfacet
  facet normal 0 0 -1
    outer loop
      vertex -28.8901 -37.5 63.2
      vertex -24.7471 -34.5 63.2
      vertex -24.7471 -37.5 63.2
    endloop
  endfacet
  facet normal -0 0 -1
    outer loop
      vertex -24.7471 -34.5 63.2
      vertex -28.8901 -37.5 63.2
      vertex -28.8901 -34.5 63.2
    endloop
  endfacet
  facet normal -0 0 1
    outer loop
      vertex -29.0655 -34.5 60.8
      vertex -24.7471 -37.5 60.8
      vertex -24.7471 -34.5 60.8
    endloop
  endfacet
  facet normal 0 0 1
    outer loop
      vertex -24.7471 -37.5 60.8
      vertex -29.0655 -34.5 60.8
      vertex -29.0655 -37.5 60.8
    endloop
  endfacet
  facet normal -0.671687 0 0.740835
    outer loop
      vertex -26.9497 -34.5 66.9497
      vertex -26.4408 -37.5 67.4111
      vertex -26.4408 -34.5 67.4111
    endloop
  endfacet
  facet normal -0.671687 0 0.740835
    outer loop
      vertex -26.4408 -37.5 67.4111
      vertex -26.9497 -34.5 66.9497
      vertex -26.9497 -37.5 66.9497
    endloop
  endfacet
  facet normal -1 0 0
    outer loop
      vertex -32 -37.5 4
      vertex -32 -34.5 5
      vertex -32 -34.5 4
    endloop
  endfacet
  facet normal -1 -0 0
    outer loop
      vertex -32 -34.5 5
      vertex -32 -37.5 4
      vertex -32 -37.5 5
    endloop
  endfacet
  facet normal -0.941557 0 0.336853
    outer loop
      vertex -28.6986 -37.5 64.032
      vertex -28.4672 -34.5 64.6788
      vertex -28.6986 -34.5 64.032
    endloop
  endfacet
  facet normal -0.941557 0 0.336853
    outer loop
      vertex -28.4672 -34.5 64.6788
      vertex -28.6986 -37.5 64.032
      vertex -28.4672 -37.5 64.6788
    endloop
  endfacet
  facet normal -0.740835 0 0.671687
    outer loop
      vertex -27.4111 -37.5 66.4408
      vertex -26.9497 -34.5 66.9497
      vertex -27.4111 -34.5 66.4408
    endloop
  endfacet
  facet normal -0.740835 0 0.671687
    outer loop
      vertex -26.9497 -34.5 66.9497
      vertex -27.4111 -37.5 66.4408
      vertex -26.9497 -37.5 66.9497
    endloop
  endfacet
  facet normal -0.146736 0 0.989176
    outer loop
      vertex -3.12144 -34.5 77.6926
      vertex -1.56827 -37.5 77.923
      vertex -1.56827 -34.5 77.923
    endloop
  endfacet
  facet normal -0.146736 0 0.989176
    outer loop
      vertex -1.56827 -37.5 77.923
      vertex -3.12144 -34.5 77.6926
      vertex -3.12144 -37.5 77.6926
    endloop
  endfacet
  facet normal 0.0490396 0 0.998797
    outer loop
      vertex 0 -34.5 78
      vertex 1.56827 -37.5 77.923
      vertex 1.56827 -34.5 77.923
    endloop
  endfacet
  facet normal 0.0490396 0 0.998797
    outer loop
      vertex 1.56827 -37.5 77.923
      vertex 0 -34.5 78
      vertex 0 -37.5 78
    endloop
  endfacet
  facet normal 0.595677 0 0.803224
    outer loop
      vertex 8.88912 -34.5 75.3035
      vertex 10.1503 -37.5 74.3682
      vertex 10.1503 -34.5 74.3682
    endloop
  endfacet
  facet normal 0.595677 0 0.803224
    outer loop
      vertex 10.1503 -37.5 74.3682
      vertex 8.88912 -34.5 75.3035
      vertex 8.88912 -37.5 75.3035
    endloop
  endfacet
  facet normal -0.99862 0 0.052517
    outer loop
      vertex -32 -37.5 5
      vertex -29.0655 -34.5 60.8
      vertex -32 -34.5 5
    endloop
  endfacet
  facet normal -0.99862 0 0.052517
    outer loop
      vertex -29.0655 -34.5 60.8
      vertex -32 -37.5 5
      vertex -29.0655 -37.5 60.8
    endloop
  endfacet
  facet normal -0.903939 0 0.427661
    outer loop
      vertex -28.4672 -37.5 64.6788
      vertex -28.1734 -34.5 65.2998
      vertex -28.4672 -34.5 64.6788
    endloop
  endfacet
  facet normal -0.903939 0 0.427661
    outer loop
      vertex -28.1734 -34.5 65.2998
      vertex -28.4672 -37.5 64.6788
      vertex -28.1734 -37.5 65.2998
    endloop
  endfacet
  facet normal 1 -0 0
    outer loop
      vertex 32 -37.5 5
      vertex 32 -34.5 4
      vertex 32 -34.5 5
    endloop
  endfacet
  facet normal 1 0 0
    outer loop
      vertex 32 -34.5 4
      vertex 32 -37.5 5
      vertex 32 -37.5 4
    endloop
  endfacet
  facet normal 0.941553 -0 0.336865
    outer loop
      vertex 14.7821 -37.5 68.1229
      vertex 15.311 -34.5 66.6446
      vertex 14.7821 -34.5 68.1229
    endloop
  endfacet
  facet normal 0.941553 0 0.336865
    outer loop
      vertex 15.311 -34.5 66.6446
      vertex 14.7821 -37.5 68.1229
      vertex 15.311 -37.5 66.6446
    endloop
  endfacet
  facet normal 0.965251 0 0.261323
    outer loop
      vertex 22.5 -37.5 40.0905
      vertex 15.311 -34.5 66.6446
      vertex 15.311 -37.5 66.6446
    endloop
  endfacet
  facet normal 0.965252 8.63557e-06 0.261322
    outer loop
      vertex 15.311 -34.5 66.6446
      vertex 22.5 -37.5 40.0905
      vertex 32 -34.5 5
    endloop
  endfacet
  facet normal 0.965252 2.90357e-06 0.261321
    outer loop
      vertex 25.5 -37.5 29.0093
      vertex 32 -34.5 5
      vertex 22.5 -37.5 40.0905
    endloop
  endfacet
  facet normal 0.965252 0 0.261321
    outer loop
      vertex 32 -34.5 5
      vertex 25.5 -37.5 29.0093
      vertex 32 -37.5 5
    endloop
  endfacet
  facet normal 0.85774 -0 0.514084
    outer loop
      vertex 13.3035 -37.5 70.8891
      vertex 14.1107 -34.5 69.5423
      vertex 13.3035 -34.5 70.8891
    endloop
  endfacet
  facet normal 0.85774 0 0.514084
    outer loop
      vertex 14.1107 -34.5 69.5423
      vertex 13.3035 -37.5 70.8891
      vertex 14.1107 -37.5 69.5423
    endloop
  endfacet
  facet normal 0.243029 0 0.970019
    outer loop
      vertex 3.12144 -34.5 77.6926
      vertex 4.64455 -37.5 77.311
      vertex 4.64455 -34.5 77.311
    endloop
  endfacet
  facet normal 0.243029 0 0.970019
    outer loop
      vertex 4.64455 -37.5 77.311
      vertex 3.12144 -34.5 77.6926
      vertex 3.12144 -37.5 77.6926
    endloop
  endfacet
  facet normal 0.740933 -0 0.671578
    outer loop
      vertex 11.3137 -37.5 73.3137
      vertex 12.3682 -34.5 72.1503
      vertex 11.3137 -34.5 73.3137
    endloop
  endfacet
  facet normal 0.740933 0 0.671578
    outer loop
      vertex 12.3682 -34.5 72.1503
      vertex 11.3137 -37.5 73.3137
      vertex 12.3682 -37.5 72.1503
    endloop
  endfacet
  facet normal -0.0490396 0 0.998797
    outer loop
      vertex -1.56827 -34.5 77.923
      vertex 0 -37.5 78
      vertex 0 -34.5 78
    endloop
  endfacet
  facet normal -0.0490396 0 0.998797
    outer loop
      vertex 0 -37.5 78
      vertex -1.56827 -34.5 77.923
      vertex -1.56827 -37.5 77.923
    endloop
  endfacet
  facet normal 0.803229 -0 0.595671
    outer loop
      vertex 12.3682 -37.5 72.1503
      vertex 13.3035 -34.5 70.8891
      vertex 12.3682 -34.5 72.1503
    endloop
  endfacet
  facet normal 0.803229 0 0.595671
    outer loop
      vertex 13.3035 -34.5 70.8891
      vertex 12.3682 -37.5 72.1503
      vertex 13.3035 -37.5 70.8891
    endloop
  endfacet
  facet normal -0.989146 0 0.146938
    outer loop
      vertex -28.8901 -37.5 63.2
      vertex -28.8655 -34.5 63.3656
      vertex -28.8901 -34.5 63.2
    endloop
  endfacet
  facet normal -0.989146 0 0.146938
    outer loop
      vertex -28.8655 -34.5 63.3656
      vertex -28.8901 -37.5 63.2
      vertex -28.8655 -37.5 63.3656
    endloop
  endfacet
  facet normal 0.671578 0 0.740933
    outer loop
      vertex 10.1503 -34.5 74.3682
      vertex 11.3137 -37.5 73.3137
      vertex 11.3137 -34.5 73.3137
    endloop
  endfacet
  facet normal 0.671578 0 0.740933
    outer loop
      vertex 11.3137 -37.5 73.3137
      vertex 10.1503 -34.5 74.3682
      vertex 10.1503 -37.5 74.3682
    endloop
  endfacet
  facet normal 0.514092 0 0.857735
    outer loop
      vertex 7.54235 -34.5 76.1107
      vertex 8.88912 -37.5 75.3035
      vertex 8.88912 -34.5 75.3035
    endloop
  endfacet
  facet normal 0.514092 0 0.857735
    outer loop
      vertex 8.88912 -37.5 75.3035
      vertex 7.54235 -34.5 76.1107
      vertex 7.54235 -37.5 76.1107
    endloop
  endfacet
  facet normal -0.243029 0 0.970019
    outer loop
      vertex -4.64455 -34.5 77.311
      vertex -3.12144 -37.5 77.6926
      vertex -3.12144 -34.5 77.6926
    endloop
  endfacet
  facet normal -0.243029 0 0.970019
    outer loop
      vertex -3.12144 -37.5 77.6926
      vertex -4.64455 -34.5 77.311
      vertex -4.64455 -37.5 77.311
    endloop
  endfacet
  facet normal 0 1 0
    outer loop
      vertex 14.7821 -34.5 68.1229
      vertex 6.5 -34.5 68.5
      vertex 14.1107 -34.5 69.5423
    endloop
  endfacet
  facet normal 0 1 0
    outer loop
      vertex 15.311 -34.5 66.6446
      vertex 6.5 -34.5 68.5
      vertex 14.7821 -34.5 68.1229
    endloop
  endfacet
  facet normal 0 1 0
    outer loop
      vertex 15.311 -34.5 66.6446
      vertex 6.5 -34.5 44.8
      vertex 6.5 -34.5 68.5
    endloop
  endfacet
  facet normal 0 1 0
    outer loop
      vertex 6.5 -34.5 44.8
      vertex 0 -34.5 43.4
      vertex -6.5 -34.5 44.8
    endloop
  endfacet
  facet normal 0 1 0
    outer loop
      vertex 6.5 -34.5 44.8
      vertex 0.306147 -34.5 43.3391
      vertex 0 -34.5 43.4
    endloop
  endfacet
  facet normal 0 1 0
    outer loop
      vertex 6.5 -34.5 44.8
      vertex 0.565685 -34.5 43.1657
      vertex 0.306147 -34.5 43.3391
    endloop
  endfacet
  facet normal 0 1 0
    outer loop
      vertex 6.5 -34.5 44.8
      vertex 0.739103 -34.5 42.9061
      vertex 0.565685 -34.5 43.1657
    endloop
  endfacet
  facet normal 0 1 0
    outer loop
      vertex 6.5 -34.5 44.8
      vertex 0.799999 -34.5 42.6
      vertex 0.739103 -34.5 42.9061
    endloop
  endfacet
  facet normal 0 1 0
    outer loop
      vertex 6.5 -34.5 44.8
      vertex 0.739103 -34.5 42.2939
      vertex 0.799999 -34.5 42.6
    endloop
  endfacet
  facet normal 0 1 0
    outer loop
      vertex 6.5 -34.5 44.8
      vertex 0.565685 -34.5 42.0343
      vertex 0.739103 -34.5 42.2939
    endloop
  endfacet
  facet normal 0 1 0
    outer loop
      vertex 6.5 -34.5 44.8
      vertex 0.306147 -34.5 41.8609
      vertex 0.565685 -34.5 42.0343
    endloop
  endfacet
  facet normal 0 1 0
    outer loop
      vertex 0.306147 -34.5 41.8609
      vertex 32 -34.5 5
      vertex 0 -34.5 41.8
    endloop
  endfacet
  facet normal 0 1 0
    outer loop
      vertex 6.5 -34.5 44.8
      vertex 32 -34.5 5
      vertex 0.306147 -34.5 41.8609
    endloop
  endfacet
  facet normal 0 1 0
    outer loop
      vertex 32 -34.5 5
      vertex 6.5 -34.5 44.8
      vertex 15.311 -34.5 66.6446
    endloop
  endfacet
  facet normal 0 1 -0
    outer loop
      vertex -23.6667 -34.5 64.4944
      vertex -25.889 -34.5 67.8203
      vertex -23.4142 -34.5 64.6458
    endloop
  endfacet
  facet normal 0 1 0
    outer loop
      vertex -25.889 -34.5 67.8203
      vertex -23.6667 -34.5 64.4944
      vertex -26.4408 -34.5 67.4111
    endloop
  endfacet
  facet normal 0 1 -0
    outer loop
      vertex -23.9032 -34.5 64.319
      vertex -26.4408 -34.5 67.4111
      vertex -23.6667 -34.5 64.4944
    endloop
  endfacet
  facet normal 0 1 0
    outer loop
      vertex -26.4408 -34.5 67.4111
      vertex -23.9032 -34.5 64.319
      vertex -26.9497 -34.5 66.9497
    endloop
  endfacet
  facet normal 0 1 -0
    outer loop
      vertex -24.1213 -34.5 64.1213
      vertex -26.9497 -34.5 66.9497
      vertex -23.9032 -34.5 64.319
    endloop
  endfacet
  facet normal 0 1 0
    outer loop
      vertex -26.9497 -34.5 66.9497
      vertex -24.1213 -34.5 64.1213
      vertex -27.4111 -34.5 66.4408
    endloop
  endfacet
  facet normal 0 1 -0
    outer loop
      vertex -24.319 -34.5 63.9032
      vertex -27.4111 -34.5 66.4408
      vertex -24.1213 -34.5 64.1213
    endloop
  endfacet
  facet normal 0 1 0
    outer loop
      vertex -27.4111 -34.5 66.4408
      vertex -24.319 -34.5 63.9032
      vertex -27.8203 -34.5 65.889
    endloop
  endfacet
  facet normal 0 1 -0
    outer loop
      vertex -24.4944 -34.5 63.6667
      vertex -27.8203 -34.5 65.889
      vertex -24.319 -34.5 63.9032
    endloop
  endfacet
  facet normal 0 1 0
    outer loop
      vertex -27.8203 -34.5 65.889
      vertex -24.4944 -34.5 63.6667
      vertex -28.1734 -34.5 65.2998
    endloop
  endfacet
  facet normal 0 1 -0
    outer loop
      vertex -24.6458 -34.5 63.4142
      vertex -28.1734 -34.5 65.2998
      vertex -24.4944 -34.5 63.6667
    endloop
  endfacet
  facet normal 0 1 -0
    outer loop
      vertex -24.7471 -34.5 63.2
      vertex -28.1734 -34.5 65.2998
      vertex -24.6458 -34.5 63.4142
    endloop
  endfacet
  facet normal 0 1 0
    outer loop
      vertex -28.1734 -34.5 65.2998
      vertex -24.7471 -34.5 63.2
      vertex -28.4672 -34.5 64.6788
    endloop
  endfacet
  facet normal 0 1 0
    outer loop
      vertex -28.4672 -34.5 64.6788
      vertex -24.7471 -34.5 63.2
      vertex -28.6986 -34.5 64.032
    endloop
  endfacet
  facet normal 0 1 0
    outer loop
      vertex -28.6986 -34.5 64.032
      vertex -24.7471 -34.5 63.2
      vertex -28.8655 -34.5 63.3656
    endloop
  endfacet
  facet normal 0 1 0
    outer loop
      vertex -28.8655 -34.5 63.3656
      vertex -24.7471 -34.5 63.2
      vertex -28.8901 -34.5 63.2
    endloop
  endfacet
  facet normal 0 1 0
    outer loop
      vertex -24.6458 -34.5 60.5858
      vertex -29.0655 -34.5 60.8
      vertex -24.7471 -34.5 60.8
    endloop
  endfacet
  facet normal 0 1 0
    outer loop
      vertex -24.4944 -34.5 60.3333
      vertex -29.0655 -34.5 60.8
      vertex -24.6458 -34.5 60.5858
    endloop
  endfacet
  facet normal 0 1 0
    outer loop
      vertex -24.319 -34.5 60.0968
      vertex -29.0655 -34.5 60.8
      vertex -24.4944 -34.5 60.3333
    endloop
  endfacet
  facet normal 0 1 0
    outer loop
      vertex -24.1213 -34.5 59.8787
      vertex -29.0655 -34.5 60.8
      vertex -24.319 -34.5 60.0968
    endloop
  endfacet
  facet normal 0 1 0
    outer loop
      vertex -23.9032 -34.5 59.681
      vertex -29.0655 -34.5 60.8
      vertex -24.1213 -34.5 59.8787
    endloop
  endfacet
  facet normal 0 1 0
    outer loop
      vertex -23.6667 -34.5 59.5056
      vertex -29.0655 -34.5 60.8
      vertex -23.9032 -34.5 59.681
    endloop
  endfacet
  facet normal 0 1 0
    outer loop
      vertex -23.4142 -34.5 59.3542
      vertex -29.0655 -34.5 60.8
      vertex -23.6667 -34.5 59.5056
    endloop
  endfacet
  facet normal 0 1 0
    outer loop
      vertex -23.148 -34.5 59.2284
      vertex -29.0655 -34.5 60.8
      vertex -23.4142 -34.5 59.3542
    endloop
  endfacet
  facet normal 0 1 0
    outer loop
      vertex -32 -34.5 5
      vertex -23.148 -34.5 59.2284
      vertex -22.8709 -34.5 59.1292
    endloop
  endfacet
  facet normal 0 1 0
    outer loop
      vertex -6.5 -34.5 44.8
      vertex -22.2941 -34.5 59.0144
      vertex -22 -34.5 59
    endloop
  endfacet
  facet normal 0 1 0
    outer loop
      vertex -6.5 -34.5 44.8
      vertex -22.5853 -34.5 59.0576
      vertex -22.2941 -34.5 59.0144
    endloop
  endfacet
  facet normal 0 1 0
    outer loop
      vertex -6.5 -34.5 44.8
      vertex -22.8709 -34.5 59.1292
      vertex -22.5853 -34.5 59.0576
    endloop
  endfacet
  facet normal 0 1 0
    outer loop
      vertex -32 -34.5 5
      vertex -22.8709 -34.5 59.1292
      vertex -6.5 -34.5 44.8
    endloop
  endfacet
  facet normal 0 1 -0
    outer loop
      vertex -0.306147 -34.5 43.3391
      vertex -6.5 -34.5 44.8
      vertex 0 -34.5 43.4
    endloop
  endfacet
  facet normal 0 1 -0
    outer loop
      vertex -0.565685 -34.5 43.1657
      vertex -6.5 -34.5 44.8
      vertex -0.306147 -34.5 43.3391
    endloop
  endfacet
  facet normal 0 1 -0
    outer loop
      vertex -0.739103 -34.5 42.9061
      vertex -6.5 -34.5 44.8
      vertex -0.565685 -34.5 43.1657
    endloop
  endfacet
  facet normal 0 1 -0
    outer loop
      vertex -0.799999 -34.5 42.6
      vertex -6.5 -34.5 44.8
      vertex -0.739103 -34.5 42.9061
    endloop
  endfacet
  facet normal 0 1 0
    outer loop
      vertex -0.739103 -34.5 42.2939
      vertex -6.5 -34.5 44.8
      vertex -0.799999 -34.5 42.6
    endloop
  endfacet
  facet normal 0 1 0
    outer loop
      vertex -0.565685 -34.5 42.0343
      vertex -6.5 -34.5 44.8
      vertex -0.739103 -34.5 42.2939
    endloop
  endfacet
  facet normal 0 1 0
    outer loop
      vertex -0.306147 -34.5 41.8609
      vertex -6.5 -34.5 44.8
      vertex -0.565685 -34.5 42.0343
    endloop
  endfacet
  facet normal 0 1 0
    outer loop
      vertex -32 -34.5 5
      vertex 0 -34.5 41.8
      vertex 32 -34.5 5
    endloop
  endfacet
  facet normal 0 1 0
    outer loop
      vertex 0 -34.5 41.8
      vertex -32 -34.5 5
      vertex -0.306147 -34.5 41.8609
    endloop
  endfacet
  facet normal 0 1 0
    outer loop
      vertex -0.306147 -34.5 41.8609
      vertex -32 -34.5 5
      vertex -6.5 -34.5 44.8
    endloop
  endfacet
  facet normal 0 1 0
    outer loop
      vertex -23.148 -34.5 59.2284
      vertex -32 -34.5 5
      vertex -29.0655 -34.5 60.8
    endloop
  endfacet
  facet normal 0 1 -0
    outer loop
      vertex 32 -34.5 4
      vertex -32 -34.5 5
      vertex 32 -34.5 5
    endloop
  endfacet
  facet normal 0 1 0
    outer loop
      vertex -32 -34.5 5
      vertex 32 -34.5 4
      vertex -32 -34.5 4
    endloop
  endfacet
  facet normal 0 1 0
    outer loop
      vertex 1.56827 -34.5 77.923
      vertex 0.306147 -34.5 71.1391
      vertex 0 -34.5 71.2
    endloop
  endfacet
  facet normal 0 1 0
    outer loop
      vertex 11.3137 -34.5 73.3137
      vertex 0.565685 -34.5 70.9657
      vertex 0.306147 -34.5 71.1391
    endloop
  endfacet
  facet normal 0 1 0
    outer loop
      vertex 6.5 -34.5 68.5
      vertex 12.3682 -34.5 72.1503
      vertex 13.3035 -34.5 70.8891
    endloop
  endfacet
  facet normal 0 1 0
    outer loop
      vertex 11.3137 -34.5 73.3137
      vertex 6.5 -34.5 68.5
      vertex 0.565685 -34.5 70.9657
    endloop
  endfacet
  facet normal 0 1 0
    outer loop
      vertex 0.565685 -34.5 70.9657
      vertex 6.5 -34.5 68.5
      vertex 0.739103 -34.5 70.7061
    endloop
  endfacet
  facet normal 0 1 0
    outer loop
      vertex 0.739103 -34.5 70.7061
      vertex 6.5 -34.5 68.5
      vertex 0.799999 -34.5 70.4
    endloop
  endfacet
  facet normal 0 1 0
    outer loop
      vertex 0.799999 -34.5 70.4
      vertex 6.5 -34.5 68.5
      vertex 0.739103 -34.5 70.0939
    endloop
  endfacet
  facet normal 0 1 0
    outer loop
      vertex 0.739103 -34.5 70.0939
      vertex 6.5 -34.5 68.5
      vertex 0.565685 -34.5 69.8343
    endloop
  endfacet
  facet normal 0 1 0
    outer loop
      vertex 0.565685 -34.5 69.8343
      vertex 6.5 -34.5 68.5
      vertex 0.306147 -34.5 69.6609
    endloop
  endfacet
  facet normal 0 1 0
    outer loop
      vertex 6.5 -34.5 68.5
      vertex 13.3035 -34.5 70.8891
      vertex 14.1107 -34.5 69.5423
    endloop
  endfacet
  facet normal 0 1 0
    outer loop
      vertex 0 -34.5 71.2
      vertex 0 -34.5 78
      vertex 1.56827 -34.5 77.923
    endloop
  endfacet
  facet normal 0 1 0
    outer loop
      vertex 0.306147 -34.5 71.1391
      vertex 1.56827 -34.5 77.923
      vertex 3.12144 -34.5 77.6926
    endloop
  endfacet
  facet normal 0 1 0
    outer loop
      vertex 0 -34.5 78
      vertex 0 -34.5 71.2
      vertex -1.56827 -34.5 77.923
    endloop
  endfacet
  facet normal 0 1 0
    outer loop
      vertex 0.306147 -34.5 71.1391
      vertex 3.12144 -34.5 77.6926
      vertex 4.64455 -34.5 77.311
    endloop
  endfacet
  facet normal 0 1 -0
    outer loop
      vertex -0.306147 -34.5 71.1391
      vertex -1.56827 -34.5 77.923
      vertex 0 -34.5 71.2
    endloop
  endfacet
  facet normal 0 1 0
    outer loop
      vertex 0.306147 -34.5 71.1391
      vertex 4.64455 -34.5 77.311
      vertex 6.12293 -34.5 76.7821
    endloop
  endfacet
  facet normal 0 1 0
    outer loop
      vertex -1.56827 -34.5 77.923
      vertex -0.306147 -34.5 71.1391
      vertex -3.12144 -34.5 77.6926
    endloop
  endfacet
  facet normal 0 1 0
    outer loop
      vertex 0.306147 -34.5 71.1391
      vertex 6.12293 -34.5 76.7821
      vertex 7.54235 -34.5 76.1107
    endloop
  endfacet
  facet normal 0 1 0
    outer loop
      vertex 0.306147 -34.5 71.1391
      vertex 7.54235 -34.5 76.1107
      vertex 8.88912 -34.5 75.3035
    endloop
  endfacet
  facet normal 0 1 0
    outer loop
      vertex 0.306147 -34.5 71.1391
      vertex 8.88912 -34.5 75.3035
      vertex 10.1503 -34.5 74.3682
    endloop
  endfacet
  facet normal 0 1 0
    outer loop
      vertex 0.306147 -34.5 71.1391
      vertex 10.1503 -34.5 74.3682
      vertex 11.3137 -34.5 73.3137
    endloop
  endfacet
  facet normal 0 1 0
    outer loop
      vertex 6.5 -34.5 68.5
      vertex 11.3137 -34.5 73.3137
      vertex 12.3682 -34.5 72.1503
    endloop
  endfacet
  facet normal 0 1 -0
    outer loop
      vertex -0.565685 -34.5 70.9657
      vertex -3.12144 -34.5 77.6926
      vertex -0.306147 -34.5 71.1391
    endloop
  endfacet
  facet normal 0 1 0
    outer loop
      vertex -3.12144 -34.5 77.6926
      vertex -0.565685 -34.5 70.9657
      vertex -4.64455 -34.5 77.311
    endloop
  endfacet
  facet normal 0 1 0
    outer loop
      vertex -4.64455 -34.5 77.311
      vertex -0.565685 -34.5 70.9657
      vertex -6.12293 -34.5 76.7821
    endloop
  endfacet
  facet normal 0 1 -0
    outer loop
      vertex -0.739103 -34.5 70.7061
      vertex -6.12293 -34.5 76.7821
      vertex -0.565685 -34.5 70.9657
    endloop
  endfacet
  facet normal 0 1 0
    outer loop
      vertex -6.5 -34.5 68.5
      vertex -0.739103 -34.5 70.7061
      vertex -0.799999 -34.5 70.4
    endloop
  endfacet
  facet normal 0 1 0
    outer loop
      vertex -6.5 -34.5 68.5
      vertex -0.799999 -34.5 70.4
      vertex -0.739103 -34.5 70.0939
    endloop
  endfacet
  facet normal 0 1 0
    outer loop
      vertex -6.5 -34.5 68.5
      vertex -0.739103 -34.5 70.0939
      vertex -0.565685 -34.5 69.8343
    endloop
  endfacet
  facet normal 0 1 0
    outer loop
      vertex 0.306147 -34.5 69.6609
      vertex 6.5 -34.5 68.5
      vertex 0 -34.5 69.6
    endloop
  endfacet
  facet normal 0 1 0
    outer loop
      vertex -6.5 -34.5 68.5
      vertex 0 -34.5 69.6
      vertex 6.5 -34.5 68.5
    endloop
  endfacet
  facet normal 0 1 0
    outer loop
      vertex -6.5 -34.5 68.5
      vertex -0.306147 -34.5 69.6609
      vertex 0 -34.5 69.6
    endloop
  endfacet
  facet normal 0 1 0
    outer loop
      vertex -6.5 -34.5 68.5
      vertex -0.565685 -34.5 69.8343
      vertex -0.306147 -34.5 69.6609
    endloop
  endfacet
  facet normal 0 1 0
    outer loop
      vertex -0.739103 -34.5 70.7061
      vertex -6.5 -34.5 68.5
      vertex -6.12293 -34.5 76.7821
    endloop
  endfacet
  facet normal 0 1 0
    outer loop
      vertex -20.5858 -34.5 64.6458
      vertex -6.12293 -34.5 76.7821
      vertex -6.5 -34.5 68.5
    endloop
  endfacet
  facet normal 0 1 0
    outer loop
      vertex -6.12293 -34.5 76.7821
      vertex -20.5858 -34.5 64.6458
      vertex -24.6788 -34.5 68.4672
    endloop
  endfacet
  facet normal -0 1 -0
    outer loop
      vertex -21.1291 -34.5 64.8708
      vertex -24.6788 -34.5 68.4672
      vertex -20.8519 -34.5 64.7716
    endloop
  endfacet
  facet normal -0 1 -0
    outer loop
      vertex -21.7059 -34.5 64.9855
      vertex -24.6788 -34.5 68.4672
      vertex -21.4147 -34.5 64.9424
    endloop
  endfacet
  facet normal -0 1 -0
    outer loop
      vertex -22 -34.5 65
      vertex -24.6788 -34.5 68.4672
      vertex -21.7059 -34.5 64.9855
    endloop
  endfacet
  facet normal 0 1 -0
    outer loop
      vertex -22.5853 -34.5 64.9424
      vertex -24.6788 -34.5 68.4672
      vertex -22.2941 -34.5 64.9855
    endloop
  endfacet
  facet normal 0 1 -0
    outer loop
      vertex -23.148 -34.5 64.7716
      vertex -24.6788 -34.5 68.4672
      vertex -22.8709 -34.5 64.8708
    endloop
  endfacet
  facet normal 0 1 -0
    outer loop
      vertex -23.4142 -34.5 64.6458
      vertex -25.2998 -34.5 68.1734
      vertex -23.148 -34.5 64.7716
    endloop
  endfacet
  facet normal 0 1 0
    outer loop
      vertex -25.2998 -34.5 68.1734
      vertex -23.4142 -34.5 64.6458
      vertex -25.889 -34.5 67.8203
    endloop
  endfacet
  facet normal 0 1 0
    outer loop
      vertex -24.6788 -34.5 68.4672
      vertex -23.148 -34.5 64.7716
      vertex -25.2998 -34.5 68.1734
    endloop
  endfacet
  facet normal 0 1 -0
    outer loop
      vertex -22.8709 -34.5 64.8708
      vertex -24.6788 -34.5 68.4672
      vertex -22.5853 -34.5 64.9424
    endloop
  endfacet
  facet normal 0 1 -0
    outer loop
      vertex -22.2941 -34.5 64.9855
      vertex -24.6788 -34.5 68.4672
      vertex -22 -34.5 65
    endloop
  endfacet
  facet normal -0 1 -0
    outer loop
      vertex -21.4147 -34.5 64.9424
      vertex -24.6788 -34.5 68.4672
      vertex -21.1291 -34.5 64.8708
    endloop
  endfacet
  facet normal 0 1 0
    outer loop
      vertex -24.6788 -34.5 68.4672
      vertex -20.5858 -34.5 64.6458
      vertex -20.8519 -34.5 64.7716
    endloop
  endfacet
  facet normal 0 1 0
    outer loop
      vertex -6.5 -34.5 68.5
      vertex -20.3333 -34.5 64.4944
      vertex -20.5858 -34.5 64.6458
    endloop
  endfacet
  facet normal 0 1 0
    outer loop
      vertex -6.5 -34.5 68.5
      vertex -20.0968 -34.5 64.319
      vertex -20.3333 -34.5 64.4944
    endloop
  endfacet
  facet normal 0 1 0
    outer loop
      vertex -6.5 -34.5 68.5
      vertex -19.8787 -34.5 64.1213
      vertex -20.0968 -34.5 64.319
    endloop
  endfacet
  facet normal 0 1 0
    outer loop
      vertex -6.5 -34.5 68.5
      vertex -19.681 -34.5 63.9032
      vertex -19.8787 -34.5 64.1213
    endloop
  endfacet
  facet normal 0 1 0
    outer loop
      vertex -6.5 -34.5 68.5
      vertex -19.5056 -34.5 63.6667
      vertex -19.681 -34.5 63.9032
    endloop
  endfacet
  facet normal 0 1 0
    outer loop
      vertex -6.5 -34.5 68.5
      vertex -19.3542 -34.5 63.4142
      vertex -19.5056 -34.5 63.6667
    endloop
  endfacet
  facet normal 0 1 0
    outer loop
      vertex -6.5 -34.5 68.5
      vertex -19.2284 -34.5 63.148
      vertex -19.3542 -34.5 63.4142
    endloop
  endfacet
  facet normal 0 1 0
    outer loop
      vertex -6.5 -34.5 68.5
      vertex -19.1292 -34.5 62.8709
      vertex -19.2284 -34.5 63.148
    endloop
  endfacet
  facet normal 0 1 0
    outer loop
      vertex -6.5 -34.5 68.5
      vertex -19.0576 -34.5 62.5853
      vertex -19.1292 -34.5 62.8709
    endloop
  endfacet
  facet normal 0 1 0
    outer loop
      vertex -6.5 -34.5 68.5
      vertex -19.0144 -34.5 62.2941
      vertex -19.0576 -34.5 62.5853
    endloop
  endfacet
  facet normal 0 1 0
    outer loop
      vertex -6.5 -34.5 68.5
      vertex -19 -34.5 62
      vertex -19.0144 -34.5 62.2941
    endloop
  endfacet
  facet normal 0 1 0
    outer loop
      vertex -6.5 -34.5 68.5
      vertex -19.0144 -34.5 61.7059
      vertex -19 -34.5 62
    endloop
  endfacet
  facet normal 0 1 0
    outer loop
      vertex -6.5 -34.5 68.5
      vertex -19.0576 -34.5 61.4147
      vertex -19.0144 -34.5 61.7059
    endloop
  endfacet
  facet normal 0 1 0
    outer loop
      vertex -6.5 -34.5 68.5
      vertex -19.1292 -34.5 61.1291
      vertex -19.0576 -34.5 61.4147
    endloop
  endfacet
  facet normal 0 1 0
    outer loop
      vertex -6.5 -34.5 68.5
      vertex -19.2284 -34.5 60.852
      vertex -19.1292 -34.5 61.1291
    endloop
  endfacet
  facet normal 0 1 -0
    outer loop
      vertex -6.5 -34.5 44.8
      vertex -19.2284 -34.5 60.852
      vertex -6.5 -34.5 68.5
    endloop
  endfacet
  facet normal 0 1 0
    outer loop
      vertex -19.2284 -34.5 60.852
      vertex -6.5 -34.5 44.8
      vertex -19.3542 -34.5 60.5858
    endloop
  endfacet
  facet normal 0 1 0
    outer loop
      vertex -19.3542 -34.5 60.5858
      vertex -6.5 -34.5 44.8
      vertex -19.5056 -34.5 60.3333
    endloop
  endfacet
  facet normal 0 1 0
    outer loop
      vertex -19.5056 -34.5 60.3333
      vertex -6.5 -34.5 44.8
      vertex -19.681 -34.5 60.0968
    endloop
  endfacet
  facet normal 0 1 0
    outer loop
      vertex -19.681 -34.5 60.0968
      vertex -6.5 -34.5 44.8
      vertex -19.8787 -34.5 59.8787
    endloop
  endfacet
  facet normal 0 1 0
    outer loop
      vertex -19.8787 -34.5 59.8787
      vertex -6.5 -34.5 44.8
      vertex -20.0968 -34.5 59.681
    endloop
  endfacet
  facet normal 0 1 0
    outer loop
      vertex -21.7059 -34.5 59.0144
      vertex -6.5 -34.5 44.8
      vertex -22 -34.5 59
    endloop
  endfacet
  facet normal 0 1 0
    outer loop
      vertex -21.4147 -34.5 59.0576
      vertex -6.5 -34.5 44.8
      vertex -21.7059 -34.5 59.0144
    endloop
  endfacet
  facet normal 0 1 0
    outer loop
      vertex -21.1291 -34.5 59.1292
      vertex -6.5 -34.5 44.8
      vertex -21.4147 -34.5 59.0576
    endloop
  endfacet
  facet normal 0 1 0
    outer loop
      vertex -20.8519 -34.5 59.2284
      vertex -6.5 -34.5 44.8
      vertex -21.1291 -34.5 59.1292
    endloop
  endfacet
  facet normal 0 1 0
    outer loop
      vertex -20.5858 -34.5 59.3542
      vertex -6.5 -34.5 44.8
      vertex -20.8519 -34.5 59.2284
    endloop
  endfacet
  facet normal 0 1 0
    outer loop
      vertex -20.3333 -34.5 59.5056
      vertex -6.5 -34.5 44.8
      vertex -20.5858 -34.5 59.3542
    endloop
  endfacet
  facet normal 0 1 0
    outer loop
      vertex -20.0968 -34.5 59.681
      vertex -6.5 -34.5 44.8
      vertex -20.3333 -34.5 59.5056
    endloop
  endfacet
  facet normal 0.903971 -0 0.427594
    outer loop
      vertex 14.1107 -37.5 69.5423
      vertex 14.7821 -34.5 68.1229
      vertex 14.1107 -34.5 69.5423
    endloop
  endfacet
  facet normal 0.903971 0 0.427594
    outer loop
      vertex 14.7821 -34.5 68.1229
      vertex 14.1107 -37.5 69.5423
      vertex 14.7821 -37.5 68.1229
    endloop
  endfacet
  facet normal -0.97004 0 0.242947
    outer loop
      vertex -28.8655 -37.5 63.3656
      vertex -28.6986 -34.5 64.032
      vertex -28.8655 -34.5 63.3656
    endloop
  endfacet
  facet normal -0.97004 0 0.242947
    outer loop
      vertex -28.6986 -34.5 64.032
      vertex -28.8655 -37.5 63.3656
      vertex -28.6986 -37.5 64.032
    endloop
  endfacet
  facet normal 0.336849 0 0.941559
    outer loop
      vertex 4.64455 -34.5 77.311
      vertex 6.12293 -37.5 76.7821
      vertex 6.12293 -34.5 76.7821
    endloop
  endfacet
  facet normal 0.336849 0 0.941559
    outer loop
      vertex 6.12293 -37.5 76.7821
      vertex 4.64455 -34.5 77.311
      vertex 4.64455 -37.5 77.311
    endloop
  endfacet
  facet normal 0.146736 0 0.989176
    outer loop
      vertex 1.56827 -34.5 77.923
      vertex 3.12144 -37.5 77.6926
      vertex 3.12144 -34.5 77.6926
    endloop
  endfacet
  facet normal 0.146736 0 0.989176
    outer loop
      vertex 3.12144 -37.5 77.6926
      vertex 1.56827 -34.5 77.923
      vertex 1.56827 -37.5 77.923
    endloop
  endfacet
  facet normal -0.803237 0 0.595659
    outer loop
      vertex -27.8203 -37.5 65.889
      vertex -27.4111 -34.5 66.4408
      vertex -27.8203 -34.5 65.889
    endloop
  endfacet
  facet normal -0.803237 0 0.595659
    outer loop
      vertex -27.4111 -34.5 66.4408
      vertex -27.8203 -37.5 65.889
      vertex -27.4111 -37.5 66.4408
    endloop
  endfacet
  facet normal -0.408923 0 0.912569
    outer loop
      vertex -24.6788 -34.5 68.4672
      vertex -6.12293 -37.5 76.7821
      vertex -6.12293 -34.5 76.7821
    endloop
  endfacet
  facet normal -0.408923 0 0.912569
    outer loop
      vertex -6.12293 -37.5 76.7821
      vertex -24.6788 -34.5 68.4672
      vertex -24.6788 -37.5 68.4672
    endloop
  endfacet
  facet normal -0.336849 0 0.941559
    outer loop
      vertex -6.12293 -34.5 76.7821
      vertex -4.64455 -37.5 77.311
      vertex -4.64455 -34.5 77.311
    endloop
  endfacet
  facet normal -0.336849 0 0.941559
    outer loop
      vertex -4.64455 -37.5 77.311
      vertex -6.12293 -34.5 76.7821
      vertex -6.12293 -37.5 76.7821
    endloop
  endfacet
  facet normal 0 -1 0
    outer loop
      vertex -29.0655 -37.5 60.8
      vertex -24.6458 -37.5 60.5858
      vertex -24.7471 -37.5 60.8
    endloop
  endfacet
  facet normal 0 -1 0
    outer loop
      vertex -29.0655 -37.5 60.8
      vertex -24.4944 -37.5 60.3333
      vertex -24.6458 -37.5 60.5858
    endloop
  endfacet
  facet normal 0 -1 0
    outer loop
      vertex -29.0655 -37.5 60.8
      vertex -24.319 -37.5 60.0968
      vertex -24.4944 -37.5 60.3333
    endloop
  endfacet
  facet normal 0 -1 0
    outer loop
      vertex -25.5 -37.5 54
      vertex -24.319 -37.5 60.0968
      vertex -29.0655 -37.5 60.8
    endloop
  endfacet
  facet normal 0 -1 -0
    outer loop
      vertex -24.319 -37.5 60.0968
      vertex -25.5 -37.5 54
      vertex -24.1213 -37.5 59.8787
    endloop
  endfacet
  facet normal 0 -1 -0
    outer loop
      vertex -24.1213 -37.5 59.8787
      vertex -25.5 -37.5 54
      vertex -23.9032 -37.5 59.681
    endloop
  endfacet
  facet normal 0 -1 -0
    outer loop
      vertex -23.9032 -37.5 59.681
      vertex -25.5 -37.5 54
      vertex -23.6667 -37.5 59.5056
    endloop
  endfacet
  facet normal 0 -1 -0
    outer loop
      vertex -23.6667 -37.5 59.5056
      vertex -25.5 -37.5 54
      vertex -23.4142 -37.5 59.3542
    endloop
  endfacet
  facet normal 0 -1 -0
    outer loop
      vertex -23.4142 -37.5 59.3542
      vertex -25.5 -37.5 54
      vertex -23.148 -37.5 59.2284
    endloop
  endfacet
  facet normal 0 -1 0
    outer loop
      vertex -22.5853 -37.5 59.0576
      vertex -22.5 -37.5 54
      vertex -22.2941 -37.5 59.0144
    endloop
  endfacet
  facet normal 0 -1 0
    outer loop
      vertex -22.8709 -37.5 59.1292
      vertex -22.5 -37.5 54
      vertex -22.5853 -37.5 59.0576
    endloop
  endfacet
  facet normal 0 -1 0
    outer loop
      vertex -22.5 -37.5 54
      vertex -22.8709 -37.5 59.1292
      vertex -25.5 -37.5 54
    endloop
  endfacet
  facet normal 0 -1 -0
    outer loop
      vertex -23.148 -37.5 59.2284
      vertex -25.5 -37.5 54
      vertex -22.8709 -37.5 59.1292
    endloop
  endfacet
  facet normal 0 -1 0
    outer loop
      vertex -32 -37.5 5
      vertex -25.5 -37.5 54
      vertex -29.0655 -37.5 60.8
    endloop
  endfacet
  facet normal 0 -1 0
    outer loop
      vertex -25.5 -37.5 4
      vertex -32 -37.5 5
      vertex -32 -37.5 4
    endloop
  endfacet
  facet normal 0 -1 0
    outer loop
      vertex -32 -37.5 5
      vertex -25.5 -37.5 4
      vertex -25.5 -37.5 54
    endloop
  endfacet
  facet normal 0 -1 0
    outer loop
      vertex -24.6788 -37.5 68.4672
      vertex -22.2941 -37.5 64.9855
      vertex -22 -37.5 65
    endloop
  endfacet
  facet normal 0 -1 0
    outer loop
      vertex -27.8203 -37.5 65.889
      vertex -22.5853 -37.5 64.9424
      vertex -22.2941 -37.5 64.9855
    endloop
  endfacet
  facet normal 0 -1 0
    outer loop
      vertex -27.8203 -37.5 65.889
      vertex -22.8709 -37.5 64.8708
      vertex -22.5853 -37.5 64.9424
    endloop
  endfacet
  facet normal 0 -1 0
    outer loop
      vertex -27.8203 -37.5 65.889
      vertex -23.148 -37.5 64.7716
      vertex -22.8709 -37.5 64.8708
    endloop
  endfacet
  facet normal 0 -1 0
    outer loop
      vertex -24.7471 -37.5 63.2
      vertex -28.1734 -37.5 65.2998
      vertex -28.4672 -37.5 64.6788
    endloop
  endfacet
  facet normal 0 -1 0
    outer loop
      vertex -27.8203 -37.5 65.889
      vertex -23.4142 -37.5 64.6458
      vertex -23.148 -37.5 64.7716
    endloop
  endfacet
  facet normal 0 -1 0
    outer loop
      vertex -27.8203 -37.5 65.889
      vertex -23.6667 -37.5 64.4944
      vertex -23.4142 -37.5 64.6458
    endloop
  endfacet
  facet normal 0 -1 0
    outer loop
      vertex -27.8203 -37.5 65.889
      vertex -23.9032 -37.5 64.319
      vertex -23.6667 -37.5 64.4944
    endloop
  endfacet
  facet normal 0 -1 0
    outer loop
      vertex -27.8203 -37.5 65.889
      vertex -24.1213 -37.5 64.1213
      vertex -23.9032 -37.5 64.319
    endloop
  endfacet
  facet normal 0 -1 0
    outer loop
      vertex -24.7471 -37.5 63.2
      vertex -28.4672 -37.5 64.6788
      vertex -28.6986 -37.5 64.032
    endloop
  endfacet
  facet normal 0 -1 0
    outer loop
      vertex -27.8203 -37.5 65.889
      vertex -24.319 -37.5 63.9032
      vertex -24.1213 -37.5 64.1213
    endloop
  endfacet
  facet normal 0 -1 0
    outer loop
      vertex -27.8203 -37.5 65.889
      vertex -24.4944 -37.5 63.6667
      vertex -24.319 -37.5 63.9032
    endloop
  endfacet
  facet normal 0 -1 0
    outer loop
      vertex -28.1734 -37.5 65.2998
      vertex -24.6458 -37.5 63.4142
      vertex -24.4944 -37.5 63.6667
    endloop
  endfacet
  facet normal 0 -1 0
    outer loop
      vertex -24.7471 -37.5 63.2
      vertex -28.6986 -37.5 64.032
      vertex -28.8655 -37.5 63.3656
    endloop
  endfacet
  facet normal 0 -1 0
    outer loop
      vertex -24.7471 -37.5 63.2
      vertex -28.8655 -37.5 63.3656
      vertex -28.8901 -37.5 63.2
    endloop
  endfacet
  facet normal 0 -1 0
    outer loop
      vertex -28.1734 -37.5 65.2998
      vertex -24.7471 -37.5 63.2
      vertex -24.6458 -37.5 63.4142
    endloop
  endfacet
  facet normal 0 -1 0
    outer loop
      vertex 0 -37.5 71.2
      vertex 0 -37.5 78
      vertex -1.56827 -37.5 77.923
    endloop
  endfacet
  facet normal 0 -1 0
    outer loop
      vertex -0.306147 -37.5 71.1391
      vertex -1.56827 -37.5 77.923
      vertex -3.12144 -37.5 77.6926
    endloop
  endfacet
  facet normal 0 -1 0
    outer loop
      vertex 0 -37.5 78
      vertex 0 -37.5 71.2
      vertex 1.56827 -37.5 77.923
    endloop
  endfacet
  facet normal 0 -1 0
    outer loop
      vertex -0.565685 -37.5 70.9657
      vertex -3.12144 -37.5 77.6926
      vertex -4.64455 -37.5 77.311
    endloop
  endfacet
  facet normal 0 -1 0
    outer loop
      vertex 0.306147 -37.5 71.1391
      vertex 1.56827 -37.5 77.923
      vertex 0 -37.5 71.2
    endloop
  endfacet
  facet normal 0 -1 0
    outer loop
      vertex -0.565685 -37.5 70.9657
      vertex -4.64455 -37.5 77.311
      vertex -6.12293 -37.5 76.7821
    endloop
  endfacet
  facet normal 0 -1 -0
    outer loop
      vertex 1.56827 -37.5 77.923
      vertex 0.306147 -37.5 71.1391
      vertex 3.12144 -37.5 77.6926
    endloop
  endfacet
  facet normal 0 -1 0
    outer loop
      vertex 0.565685 -37.5 70.9657
      vertex 3.12144 -37.5 77.6926
      vertex 0.306147 -37.5 71.1391
    endloop
  endfacet
  facet normal 0 -1 -0
    outer loop
      vertex 3.12144 -37.5 77.6926
      vertex 0.565685 -37.5 70.9657
      vertex 4.64455 -37.5 77.311
    endloop
  endfacet
  facet normal 0 -1 0
    outer loop
      vertex 0.739103 -37.5 70.7061
      vertex 6.12293 -37.5 76.7821
      vertex 0.565685 -37.5 70.9657
    endloop
  endfacet
  facet normal 0 -1 -0
    outer loop
      vertex 6.12293 -37.5 76.7821
      vertex 0.739103 -37.5 70.7061
      vertex 7.54235 -37.5 76.1107
    endloop
  endfacet
  facet normal 0 -1 0
    outer loop
      vertex 0.799999 -37.5 70.4
      vertex 7.54235 -37.5 76.1107
      vertex 0.739103 -37.5 70.7061
    endloop
  endfacet
  facet normal 0 -1 -0
    outer loop
      vertex 4.64455 -37.5 77.311
      vertex 0.565685 -37.5 70.9657
      vertex 6.12293 -37.5 76.7821
    endloop
  endfacet
  facet normal 0 -1 0
    outer loop
      vertex -1.56827 -37.5 77.923
      vertex -0.306147 -37.5 71.1391
      vertex 0 -37.5 71.2
    endloop
  endfacet
  facet normal 0 -1 0
    outer loop
      vertex -3.12144 -37.5 77.6926
      vertex -0.565685 -37.5 70.9657
      vertex -0.306147 -37.5 71.1391
    endloop
  endfacet
  facet normal 0 -1 0
    outer loop
      vertex -6.12293 -37.5 76.7821
      vertex -0.739103 -37.5 70.7061
      vertex -0.565685 -37.5 70.9657
    endloop
  endfacet
  facet normal 0 -1 0
    outer loop
      vertex -6.5 -37.5 68.5
      vertex -0.739103 -37.5 70.7061
      vertex -6.12293 -37.5 76.7821
    endloop
  endfacet
  facet normal 0 -1 0
    outer loop
      vertex -0.739103 -37.5 70.7061
      vertex -6.5 -37.5 68.5
      vertex -0.799999 -37.5 70.4
    endloop
  endfacet
  facet normal 0 -1 -0
    outer loop
      vertex -0.799999 -37.5 70.4
      vertex -6.5 -37.5 68.5
      vertex -0.739103 -37.5 70.0939
    endloop
  endfacet
  facet normal 0 -1 0
    outer loop
      vertex 6.5 -37.5 68.5
      vertex 0 -37.5 69.6
      vertex -6.5 -37.5 68.5
    endloop
  endfacet
  facet normal 0 -1 -0
    outer loop
      vertex -0.306147 -37.5 69.6609
      vertex -6.5 -37.5 68.5
      vertex 0 -37.5 69.6
    endloop
  endfacet
  facet normal 0 -1 -0
    outer loop
      vertex -0.565685 -37.5 69.8343
      vertex -6.5 -37.5 68.5
      vertex -0.306147 -37.5 69.6609
    endloop
  endfacet
  facet normal 0 -1 -0
    outer loop
      vertex -0.739103 -37.5 70.0939
      vertex -6.5 -37.5 68.5
      vertex -0.565685 -37.5 69.8343
    endloop
  endfacet
  facet normal 0 -1 0
    outer loop
      vertex -20.5858 -37.5 64.6458
      vertex -6.12293 -37.5 76.7821
      vertex -24.6788 -37.5 68.4672
    endloop
  endfacet
  facet normal 0 -1 0
    outer loop
      vertex -22.2941 -37.5 64.9855
      vertex -24.6788 -37.5 68.4672
      vertex -25.2998 -37.5 68.1734
    endloop
  endfacet
  facet normal 0 -1 0
    outer loop
      vertex -22.2941 -37.5 64.9855
      vertex -25.2998 -37.5 68.1734
      vertex -25.889 -37.5 67.8203
    endloop
  endfacet
  facet normal 0 -1 0
    outer loop
      vertex -22.2941 -37.5 64.9855
      vertex -25.889 -37.5 67.8203
      vertex -26.4408 -37.5 67.4111
    endloop
  endfacet
  facet normal 0 -1 0
    outer loop
      vertex -22.2941 -37.5 64.9855
      vertex -26.4408 -37.5 67.4111
      vertex -26.9497 -37.5 66.9497
    endloop
  endfacet
  facet normal 0 -1 0
    outer loop
      vertex -22.2941 -37.5 64.9855
      vertex -26.9497 -37.5 66.9497
      vertex -27.4111 -37.5 66.4408
    endloop
  endfacet
  facet normal 0 -1 0
    outer loop
      vertex -22.2941 -37.5 64.9855
      vertex -27.4111 -37.5 66.4408
      vertex -27.8203 -37.5 65.889
    endloop
  endfacet
  facet normal 0 -1 0
    outer loop
      vertex -24.4944 -37.5 63.6667
      vertex -27.8203 -37.5 65.889
      vertex -28.1734 -37.5 65.2998
    endloop
  endfacet
  facet normal 0 -1 0
    outer loop
      vertex -24.6788 -37.5 68.4672
      vertex -22 -37.5 65
      vertex -21.7059 -37.5 64.9855
    endloop
  endfacet
  facet normal 0 -1 0
    outer loop
      vertex -24.6788 -37.5 68.4672
      vertex -21.7059 -37.5 64.9855
      vertex -21.4147 -37.5 64.9424
    endloop
  endfacet
  facet normal 0 -1 0
    outer loop
      vertex -24.6788 -37.5 68.4672
      vertex -21.4147 -37.5 64.9424
      vertex -21.1291 -37.5 64.8708
    endloop
  endfacet
  facet normal 0 -1 0
    outer loop
      vertex -24.6788 -37.5 68.4672
      vertex -21.1291 -37.5 64.8708
      vertex -20.8519 -37.5 64.7716
    endloop
  endfacet
  facet normal 0 -1 0
    outer loop
      vertex -20.5858 -37.5 64.6458
      vertex -24.6788 -37.5 68.4672
      vertex -20.8519 -37.5 64.7716
    endloop
  endfacet
  facet normal 0 -1 0
    outer loop
      vertex -6.12293 -37.5 76.7821
      vertex -20.5858 -37.5 64.6458
      vertex -6.5 -37.5 68.5
    endloop
  endfacet
  facet normal 0 -1 0
    outer loop
      vertex -20.3333 -37.5 64.4944
      vertex -6.5 -37.5 68.5
      vertex -20.5858 -37.5 64.6458
    endloop
  endfacet
  facet normal 0 -1 0
    outer loop
      vertex -20.0968 -37.5 64.319
      vertex -6.5 -37.5 68.5
      vertex -20.3333 -37.5 64.4944
    endloop
  endfacet
  facet normal 0 -1 0
    outer loop
      vertex -19.8787 -37.5 64.1213
      vertex -6.5 -37.5 68.5
      vertex -20.0968 -37.5 64.319
    endloop
  endfacet
  facet normal 0 -1 0
    outer loop
      vertex -19.681 -37.5 63.9032
      vertex -6.5 -37.5 68.5
      vertex -19.8787 -37.5 64.1213
    endloop
  endfacet
  facet normal 0 -1 0
    outer loop
      vertex -19.5056 -37.5 63.6667
      vertex -6.5 -37.5 68.5
      vertex -19.681 -37.5 63.9032
    endloop
  endfacet
  facet normal 0 -1 0
    outer loop
      vertex -19.3542 -37.5 63.4142
      vertex -6.5 -37.5 68.5
      vertex -19.5056 -37.5 63.6667
    endloop
  endfacet
  facet normal 0 -1 0
    outer loop
      vertex -19.2284 -37.5 63.148
      vertex -6.5 -37.5 68.5
      vertex -19.3542 -37.5 63.4142
    endloop
  endfacet
  facet normal 0 -1 0
    outer loop
      vertex -19.1292 -37.5 62.8709
      vertex -6.5 -37.5 68.5
      vertex -19.2284 -37.5 63.148
    endloop
  endfacet
  facet normal 0 -1 0
    outer loop
      vertex -19.0576 -37.5 62.5853
      vertex -6.5 -37.5 68.5
      vertex -19.1292 -37.5 62.8709
    endloop
  endfacet
  facet normal 0 -1 0
    outer loop
      vertex -19.0144 -37.5 62.2941
      vertex -6.5 -37.5 68.5
      vertex -19.0576 -37.5 62.5853
    endloop
  endfacet
  facet normal 0 -1 0
    outer loop
      vertex -19 -37.5 62
      vertex -6.5 -37.5 68.5
      vertex -19.0144 -37.5 62.2941
    endloop
  endfacet
  facet normal 0 -1 0
    outer loop
      vertex -19.0144 -37.5 61.7059
      vertex -6.5 -37.5 68.5
      vertex -19 -37.5 62
    endloop
  endfacet
  facet normal 0 -1 0
    outer loop
      vertex -19.0576 -37.5 61.4147
      vertex -6.5 -37.5 68.5
      vertex -19.0144 -37.5 61.7059
    endloop
  endfacet
  facet normal 0 -1 0
    outer loop
      vertex -19.1292 -37.5 61.1291
      vertex -6.5 -37.5 68.5
      vertex -19.0576 -37.5 61.4147
    endloop
  endfacet
  facet normal 0 -1 0
    outer loop
      vertex -19.2284 -37.5 60.852
      vertex -6.5 -37.5 68.5
      vertex -19.1292 -37.5 61.1291
    endloop
  endfacet
  facet normal 0 -1 0
    outer loop
      vertex -6.5 -37.5 44.8
      vertex -19.2284 -37.5 60.852
      vertex -19.3542 -37.5 60.5858
    endloop
  endfacet
  facet normal 0 -1 0
    outer loop
      vertex -6.5 -37.5 44.8
      vertex -19.3542 -37.5 60.5858
      vertex -19.5056 -37.5 60.3333
    endloop
  endfacet
  facet normal 0 -1 0
    outer loop
      vertex -6.5 -37.5 44.8
      vertex -19.5056 -37.5 60.3333
      vertex -19.681 -37.5 60.0968
    endloop
  endfacet
  facet normal 0 -1 0
    outer loop
      vertex -6.5 -37.5 44.8
      vertex -19.681 -37.5 60.0968
      vertex -19.8787 -37.5 59.8787
    endloop
  endfacet
  facet normal 0 -1 0
    outer loop
      vertex -22.5 -37.5 54
      vertex -19.8787 -37.5 59.8787
      vertex -20.0968 -37.5 59.681
    endloop
  endfacet
  facet normal 0 -1 0
    outer loop
      vertex -22.5 -37.5 54
      vertex -20.0968 -37.5 59.681
      vertex -20.3333 -37.5 59.5056
    endloop
  endfacet
  facet normal 0 -1 -0
    outer loop
      vertex -22.2941 -37.5 59.0144
      vertex -22.5 -37.5 54
      vertex -22 -37.5 59
    endloop
  endfacet
  facet normal 0 -1 -0
    outer loop
      vertex -22 -37.5 59
      vertex -22.5 -37.5 54
      vertex -21.7059 -37.5 59.0144
    endloop
  endfacet
  facet normal 0 -1 -0
    outer loop
      vertex -21.7059 -37.5 59.0144
      vertex -22.5 -37.5 54
      vertex -21.4147 -37.5 59.0576
    endloop
  endfacet
  facet normal 0 -1 -0
    outer loop
      vertex -21.4147 -37.5 59.0576
      vertex -22.5 -37.5 54
      vertex -21.1291 -37.5 59.1292
    endloop
  endfacet
  facet normal 0 -1 -0
    outer loop
      vertex -21.1291 -37.5 59.1292
      vertex -22.5 -37.5 54
      vertex -20.8519 -37.5 59.2284
    endloop
  endfacet
  facet normal 0 -1 -0
    outer loop
      vertex -20.8519 -37.5 59.2284
      vertex -22.5 -37.5 54
      vertex -20.5858 -37.5 59.3542
    endloop
  endfacet
  facet normal 0 -1 -0
    outer loop
      vertex -20.5858 -37.5 59.3542
      vertex -22.5 -37.5 54
      vertex -20.3333 -37.5 59.5056
    endloop
  endfacet
  facet normal 0 -1 -0
    outer loop
      vertex -19.8787 -37.5 59.8787
      vertex -22.5 -37.5 54
      vertex -6.5 -37.5 44.8
    endloop
  endfacet
  facet normal 0 -1 0
    outer loop
      vertex -19.2284 -37.5 60.852
      vertex -6.5 -37.5 44.8
      vertex -6.5 -37.5 68.5
    endloop
  endfacet
  facet normal 0 -1 0
    outer loop
      vertex -6.5 -37.5 44.8
      vertex 0 -37.5 43.4
      vertex 6.5 -37.5 44.8
    endloop
  endfacet
  facet normal 0 -1 0
    outer loop
      vertex -6.5 -37.5 44.8
      vertex -0.306147 -37.5 43.3391
      vertex 0 -37.5 43.4
    endloop
  endfacet
  facet normal 0 -1 0
    outer loop
      vertex -6.5 -37.5 44.8
      vertex -0.565685 -37.5 43.1657
      vertex -0.306147 -37.5 43.3391
    endloop
  endfacet
  facet normal 0 -1 0
    outer loop
      vertex -6.5 -37.5 44.8
      vertex -0.739103 -37.5 42.9061
      vertex -0.565685 -37.5 43.1657
    endloop
  endfacet
  facet normal 0 -1 0
    outer loop
      vertex -6.5 -37.5 44.8
      vertex -0.799999 -37.5 42.6
      vertex -0.739103 -37.5 42.9061
    endloop
  endfacet
  facet normal 0 -1 0
    outer loop
      vertex -6.5 -37.5 44.8
      vertex -0.739103 -37.5 42.2939
      vertex -0.799999 -37.5 42.6
    endloop
  endfacet
  facet normal 0 -1 0
    outer loop
      vertex -6.5 -37.5 44.8
      vertex -0.565685 -37.5 42.0343
      vertex -0.739103 -37.5 42.2939
    endloop
  endfacet
  facet normal 0 -1 0
    outer loop
      vertex -6.5 -37.5 44.8
      vertex -0.306147 -37.5 41.8609
      vertex -0.565685 -37.5 42.0343
    endloop
  endfacet
  facet normal 0 -1 0
    outer loop
      vertex -22.5 -37.5 4
      vertex -6.5 -37.5 44.8
      vertex -22.5 -37.5 54
    endloop
  endfacet
  facet normal 0 -1 0
    outer loop
      vertex -22.5 -37.5 4
      vertex -0.306147 -37.5 41.8609
      vertex -6.5 -37.5 44.8
    endloop
  endfacet
  facet normal 0 -1 0
    outer loop
      vertex -22.5 -37.5 4
      vertex 0 -37.5 41.8
      vertex -0.306147 -37.5 41.8609
    endloop
  endfacet
  facet normal 0 -1 0
    outer loop
      vertex 0 -37.5 41.8
      vertex 22.5 -37.5 4
      vertex 0.306147 -37.5 41.8609
    endloop
  endfacet
  facet normal 0 -1 0
    outer loop
      vertex 0.306147 -37.5 41.8609
      vertex 22.5 -37.5 4
      vertex 22.5 -37.5 40.0905
    endloop
  endfacet
  facet normal 0 -1 -0
    outer loop
      vertex 7.54235 -37.5 76.1107
      vertex 0.799999 -37.5 70.4
      vertex 8.88912 -37.5 75.3035
    endloop
  endfacet
  facet normal 0 -1 -0
    outer loop
      vertex 8.88912 -37.5 75.3035
      vertex 0.799999 -37.5 70.4
      vertex 10.1503 -37.5 74.3682
    endloop
  endfacet
  facet normal 0 -1 -0
    outer loop
      vertex 10.1503 -37.5 74.3682
      vertex 0.799999 -37.5 70.4
      vertex 11.3137 -37.5 73.3137
    endloop
  endfacet
  facet normal 0 -1 0
    outer loop
      vertex 0.739103 -37.5 70.0939
      vertex 11.3137 -37.5 73.3137
      vertex 0.799999 -37.5 70.4
    endloop
  endfacet
  facet normal 0 -1 -0
    outer loop
      vertex 11.3137 -37.5 73.3137
      vertex 0.739103 -37.5 70.0939
      vertex 12.3682 -37.5 72.1503
    endloop
  endfacet
  facet normal 0 -1 -0
    outer loop
      vertex 12.3682 -37.5 72.1503
      vertex 0.739103 -37.5 70.0939
      vertex 13.3035 -37.5 70.8891
    endloop
  endfacet
  facet normal 0 -1 0
    outer loop
      vertex 14.1107 -37.5 69.5423
      vertex 0.739103 -37.5 70.0939
      vertex 0.565685 -37.5 69.8343
    endloop
  endfacet
  facet normal 0 -1 0
    outer loop
      vertex 14.1107 -37.5 69.5423
      vertex 0.565685 -37.5 69.8343
      vertex 0.306147 -37.5 69.6609
    endloop
  endfacet
  facet normal 0 -1 0
    outer loop
      vertex 14.1107 -37.5 69.5423
      vertex 0.306147 -37.5 69.6609
      vertex 0 -37.5 69.6
    endloop
  endfacet
  facet normal 0 -1 0
    outer loop
      vertex 0.739103 -37.5 70.0939
      vertex 14.1107 -37.5 69.5423
      vertex 13.3035 -37.5 70.8891
    endloop
  endfacet
  facet normal 0 -1 0
    outer loop
      vertex 0 -37.5 69.6
      vertex 6.5 -37.5 68.5
      vertex 14.1107 -37.5 69.5423
    endloop
  endfacet
  facet normal 0 -1 0
    outer loop
      vertex 6.5 -37.5 68.5
      vertex 14.7821 -37.5 68.1229
      vertex 14.1107 -37.5 69.5423
    endloop
  endfacet
  facet normal 0 -1 0
    outer loop
      vertex 6.5 -37.5 68.5
      vertex 15.311 -37.5 66.6446
      vertex 14.7821 -37.5 68.1229
    endloop
  endfacet
  facet normal 0 -1 0
    outer loop
      vertex 6.5 -37.5 44.8
      vertex 15.311 -37.5 66.6446
      vertex 6.5 -37.5 68.5
    endloop
  endfacet
  facet normal 0 -1 0
    outer loop
      vertex 0.306147 -37.5 43.3391
      vertex 6.5 -37.5 44.8
      vertex 0 -37.5 43.4
    endloop
  endfacet
  facet normal 0 -1 0
    outer loop
      vertex 0.565685 -37.5 43.1657
      vertex 6.5 -37.5 44.8
      vertex 0.306147 -37.5 43.3391
    endloop
  endfacet
  facet normal 0 -1 0
    outer loop
      vertex 0.739103 -37.5 42.9061
      vertex 6.5 -37.5 44.8
      vertex 0.565685 -37.5 43.1657
    endloop
  endfacet
  facet normal 0 -1 0
    outer loop
      vertex 0.799999 -37.5 42.6
      vertex 6.5 -37.5 44.8
      vertex 0.739103 -37.5 42.9061
    endloop
  endfacet
  facet normal 0 -1 0
    outer loop
      vertex 0.739103 -37.5 42.2939
      vertex 6.5 -37.5 44.8
      vertex 0.799999 -37.5 42.6
    endloop
  endfacet
  facet normal 0 -1 0
    outer loop
      vertex 0.565685 -37.5 42.0343
      vertex 6.5 -37.5 44.8
      vertex 0.739103 -37.5 42.2939
    endloop
  endfacet
  facet normal 0 -1 0
    outer loop
      vertex 22.5 -37.5 40.0905
      vertex 0.565685 -37.5 42.0343
      vertex 0.306147 -37.5 41.8609
    endloop
  endfacet
  facet normal 0 -1 0
    outer loop
      vertex 6.5 -37.5 44.8
      vertex 22.5 -37.5 40.0905
      vertex 15.311 -37.5 66.6446
    endloop
  endfacet
  facet normal 0 -1 0
    outer loop
      vertex 0.565685 -37.5 42.0343
      vertex 22.5 -37.5 40.0905
      vertex 6.5 -37.5 44.8
    endloop
  endfacet
  facet normal 0 -1 0
    outer loop
      vertex 22.5 -37.5 4
      vertex 0 -37.5 41.8
      vertex -22.5 -37.5 4
    endloop
  endfacet
  facet normal 0 1 0
    outer loop
      vertex 25.5 -37.5 54
      vertex 22.5 -37.5 40.0905
      vertex 22.5 -37.5 54
    endloop
  endfacet
  facet normal -0 1 0
    outer loop
      vertex 22.5 -37.5 40.0905
      vertex 25.5 -37.5 54
      vertex 25.5 -37.5 29.0093
    endloop
  endfacet
  facet normal 0 -1 0
    outer loop
      vertex 25.5 -37.5 4
      vertex 32 -37.5 5
      vertex 25.5 -37.5 29.0093
    endloop
  endfacet
  facet normal 0 -1 -0
    outer loop
      vertex 32 -37.5 5
      vertex 25.5 -37.5 4
      vertex 32 -37.5 4
    endloop
  endfacet
  facet normal -0.427661 0 0.903939
    outer loop
      vertex -25.2998 -34.5 68.1734
      vertex -24.6788 -37.5 68.4672
      vertex -24.6788 -34.5 68.4672
    endloop
  endfacet
  facet normal -0.427661 0 0.903939
    outer loop
      vertex -24.6788 -37.5 68.4672
      vertex -25.2998 -34.5 68.1734
      vertex -25.2998 -37.5 68.1734
    endloop
  endfacet
  facet normal 0.427589 0 0.903973
    outer loop
      vertex 6.12293 -34.5 76.7821
      vertex 7.54235 -37.5 76.1107
      vertex 7.54235 -34.5 76.1107
    endloop
  endfacet
  facet normal 0.427589 0 0.903973
    outer loop
      vertex 7.54235 -37.5 76.1107
      vertex 6.12293 -34.5 76.7821
      vertex 6.12293 -37.5 76.7821
    endloop
  endfacet
  facet normal -0.857763 0 0.514046
    outer loop
      vertex -28.1734 -37.5 65.2998
      vertex -27.8203 -34.5 65.889
      vertex -28.1734 -34.5 65.2998
    endloop
  endfacet
  facet normal -0.857763 0 0.514046
    outer loop
      vertex -27.8203 -34.5 65.889
      vertex -28.1734 -37.5 65.2998
      vertex -27.8203 -37.5 65.889
    endloop
  endfacet
  facet normal -0.514046 0 0.857763
    outer loop
      vertex -25.889 -34.5 67.8203
      vertex -25.2998 -37.5 68.1734
      vertex -25.2998 -34.5 68.1734
    endloop
  endfacet
  facet normal -0.514046 0 0.857763
    outer loop
      vertex -25.2998 -37.5 68.1734
      vertex -25.889 -34.5 67.8203
      vertex -25.889 -37.5 67.8203
    endloop
  endfacet
  facet normal -0.595659 0 0.803237
    outer loop
      vertex -26.4408 -34.5 67.4111
      vertex -25.889 -37.5 67.8203
      vertex -25.889 -34.5 67.8203
    endloop
  endfacet
  facet normal -0.595659 0 0.803237
    outer loop
      vertex -25.889 -37.5 67.8203
      vertex -26.4408 -34.5 67.4111
      vertex -26.4408 -37.5 67.4111
    endloop
  endfacet
  facet normal -1 0 0
    outer loop
      vertex 6.5 -37.5 44.8
      vertex 6.5 -34.5 68.5
      vertex 6.5 -34.5 44.8
    endloop
  endfacet
  facet normal -1 -0 0
    outer loop
      vertex 6.5 -34.5 68.5
      vertex 6.5 -37.5 44.8
      vertex 6.5 -37.5 68.5
    endloop
  endfacet
  facet normal 0 0 -1
    outer loop
      vertex -6.5 -37.5 68.5
      vertex 6.5 -34.5 68.5
      vertex 6.5 -37.5 68.5
    endloop
  endfacet
  facet normal -0 0 -1
    outer loop
      vertex 6.5 -34.5 68.5
      vertex -6.5 -37.5 68.5
      vertex -6.5 -34.5 68.5
    endloop
  endfacet
  facet normal -0 0 1
    outer loop
      vertex -6.5 -34.5 44.8
      vertex 6.5 -37.5 44.8
      vertex 6.5 -34.5 44.8
    endloop
  endfacet
  facet normal 0 0 1
    outer loop
      vertex 6.5 -37.5 44.8
      vertex -6.5 -34.5 44.8
      vertex -6.5 -37.5 44.8
    endloop
  endfacet
  facet normal 1 -0 0
    outer loop
      vertex -6.5 -37.5 68.5
      vertex -6.5 -34.5 44.8
      vertex -6.5 -34.5 68.5
    endloop
  endfacet
  facet normal 1 0 0
    outer loop
      vertex -6.5 -34.5 44.8
      vertex -6.5 -37.5 68.5
      vertex -6.5 -37.5 44.8
    endloop
  endfacet
  facet normal -1 0 0
    outer loop
      vertex -25.5 -48.7205 4
      vertex -25.5 -37.5 54
      vertex -25.5 -37.5 4
    endloop
  endfacet
  facet normal -1 0 0
    outer loop
      vertex -25.5 -37.5 54
      vertex -25.5 -48.7205 4
      vertex -25.5 -51.5 4
    endloop
  endfacet
  facet normal 1 0 0
    outer loop
      vertex -22.5 -37.5 54
      vertex -22.5 -50.1696 4
      vertex -22.5 -37.5 4
    endloop
  endfacet
  facet normal 1 0 -0
    outer loop
      vertex -22.5 -50.1696 4
      vertex -22.5 -37.5 54
      vertex -22.5 -51.5 4
    endloop
  endfacet
  facet normal 0 -0.962964 0.26963
    outer loop
      vertex -25.5 -51.5 4
      vertex -22.5 -37.5 54
      vertex -25.5 -37.5 54
    endloop
  endfacet
  facet normal 0 -0.962964 0.26963
    outer loop
      vertex -22.5 -37.5 54
      vertex -25.5 -51.5 4
      vertex -22.5 -51.5 4
    endloop
  endfacet
  facet normal -1 0 0
    outer loop
      vertex 22.5 -50.1696 4
      vertex 22.5 -37.5 40.0905
      vertex 22.5 -37.5 4
    endloop
  endfacet
  facet normal -1 0 0
    outer loop
      vertex 22.5 -51.5 4
      vertex 22.5 -37.5 40.0905
      vertex 22.5 -50.1696 4
    endloop
  endfacet
  facet normal -1 -0 0
    outer loop
      vertex 22.5 -37.5 40.0905
      vertex 22.5 -51.5 4
      vertex 22.5 -37.5 54
    endloop
  endfacet
  facet normal 1 0 0
    outer loop
      vertex 25.5 -51.5 4
      vertex 25.5 -37.5 29.0093
      vertex 25.5 -37.5 54
    endloop
  endfacet
  facet normal 1 0 0
    outer loop
      vertex 25.5 -37.5 29.0093
      vertex 25.5 -48.7205 4
      vertex 25.5 -37.5 4
    endloop
  endfacet
  facet normal 1 0 0
    outer loop
      vertex 25.5 -37.5 29.0093
      vertex 25.5 -51.5 4
      vertex 25.5 -48.7205 4
    endloop
  endfacet
  facet normal 0 -0.962964 0.26963
    outer loop
      vertex 22.5 -51.5 4
      vertex 25.5 -37.5 54
      vertex 22.5 -37.5 54
    endloop
  endfacet
  facet normal 0 -0.962964 0.26963
    outer loop
      vertex 25.5 -37.5 54
      vertex 22.5 -51.5 4
      vertex 25.5 -51.5 4
    endloop
  endfacet
  facet normal 0.98078 -0 0.195118
    outer loop
      vertex -0.799999 34.5 42.6
      vertex -0.739103 37.5 42.2939
      vertex -0.799999 37.5 42.6
    endloop
  endfacet
  facet normal 0.98078 0 0.195118
    outer loop
      vertex -0.739103 37.5 42.2939
      vertex -0.799999 34.5 42.6
      vertex -0.739103 34.5 42.2939
    endloop
  endfacet
  facet normal -0.831531 0 0.555479
    outer loop
      vertex 0.565685 34.5 42.0343
      vertex 0.739103 37.5 42.2939
      vertex 0.565685 37.5 42.0343
    endloop
  endfacet
  facet normal -0.831531 0 0.555479
    outer loop
      vertex 0.739103 37.5 42.2939
      vertex 0.565685 34.5 42.0343
      vertex 0.739103 34.5 42.2939
    endloop
  endfacet
  facet normal -0.98078 0 0.195118
    outer loop
      vertex 0.739103 34.5 42.2939
      vertex 0.799999 37.5 42.6
      vertex 0.739103 37.5 42.2939
    endloop
  endfacet
  facet normal -0.98078 0 0.195118
    outer loop
      vertex 0.799999 37.5 42.6
      vertex 0.739103 34.5 42.2939
      vertex 0.799999 34.5 42.6
    endloop
  endfacet
  facet normal -0.555531 0 -0.831496
    outer loop
      vertex 0.306147 34.5 43.3391
      vertex 0.565685 37.5 43.1657
      vertex 0.565685 34.5 43.1657
    endloop
  endfacet
  facet normal -0.555531 0 -0.831496
    outer loop
      vertex 0.565685 37.5 43.1657
      vertex 0.306147 34.5 43.3391
      vertex 0.306147 37.5 43.3391
    endloop
  endfacet
  facet normal 0.195101 0 -0.980783
    outer loop
      vertex -0.306147 34.5 43.3391
      vertex 0 37.5 43.4
      vertex 0 34.5 43.4
    endloop
  endfacet
  facet normal 0.195101 0 -0.980783
    outer loop
      vertex 0 37.5 43.4
      vertex -0.306147 34.5 43.3391
      vertex -0.306147 37.5 43.3391
    endloop
  endfacet
  facet normal -0.195101 0 0.980783
    outer loop
      vertex 0 37.5 41.8
      vertex 0.306147 34.5 41.8609
      vertex 0.306147 37.5 41.8609
    endloop
  endfacet
  facet normal -0.195101 0 0.980783
    outer loop
      vertex 0.306147 34.5 41.8609
      vertex 0 37.5 41.8
      vertex 0 34.5 41.8
    endloop
  endfacet
  facet normal 0.831531 -0 0.555479
    outer loop
      vertex -0.739103 34.5 42.2939
      vertex -0.565685 37.5 42.0343
      vertex -0.739103 37.5 42.2939
    endloop
  endfacet
  facet normal 0.831531 0 0.555479
    outer loop
      vertex -0.565685 37.5 42.0343
      vertex -0.739103 34.5 42.2939
      vertex -0.565685 34.5 42.0343
    endloop
  endfacet
  facet normal 0.555531 0 0.831496
    outer loop
      vertex -0.565685 37.5 42.0343
      vertex -0.306147 34.5 41.8609
      vertex -0.306147 37.5 41.8609
    endloop
  endfacet
  facet normal 0.555531 0 0.831496
    outer loop
      vertex -0.306147 34.5 41.8609
      vertex -0.565685 37.5 42.0343
      vertex -0.565685 34.5 42.0343
    endloop
  endfacet
  facet normal -0.555531 0 0.831496
    outer loop
      vertex 0.306147 37.5 41.8609
      vertex 0.565685 34.5 42.0343
      vertex 0.565685 37.5 42.0343
    endloop
  endfacet
  facet normal -0.555531 0 0.831496
    outer loop
      vertex 0.565685 34.5 42.0343
      vertex 0.306147 37.5 41.8609
      vertex 0.306147 34.5 41.8609
    endloop
  endfacet
  facet normal -0.98078 0 -0.195118
    outer loop
      vertex 0.799999 34.5 42.6
      vertex 0.739103 37.5 42.9061
      vertex 0.799999 37.5 42.6
    endloop
  endfacet
  facet normal -0.98078 -0 -0.195118
    outer loop
      vertex 0.739103 37.5 42.9061
      vertex 0.799999 34.5 42.6
      vertex 0.739103 34.5 42.9061
    endloop
  endfacet
  facet normal -0.195101 0 -0.980783
    outer loop
      vertex 0 34.5 43.4
      vertex 0.306147 37.5 43.3391
      vertex 0.306147 34.5 43.3391
    endloop
  endfacet
  facet normal -0.195101 0 -0.980783
    outer loop
      vertex 0.306147 37.5 43.3391
      vertex 0 34.5 43.4
      vertex 0 37.5 43.4
    endloop
  endfacet
  facet normal 0.195101 0 0.980783
    outer loop
      vertex -0.306147 37.5 41.8609
      vertex 0 34.5 41.8
      vertex 0 37.5 41.8
    endloop
  endfacet
  facet normal 0.195101 0 0.980783
    outer loop
      vertex 0 34.5 41.8
      vertex -0.306147 37.5 41.8609
      vertex -0.306147 34.5 41.8609
    endloop
  endfacet
  facet normal -0.831531 0 -0.555479
    outer loop
      vertex 0.739103 34.5 42.9061
      vertex 0.565685 37.5 43.1657
      vertex 0.739103 37.5 42.9061
    endloop
  endfacet
  facet normal -0.831531 -0 -0.555479
    outer loop
      vertex 0.565685 37.5 43.1657
      vertex 0.739103 34.5 42.9061
      vertex 0.565685 34.5 43.1657
    endloop
  endfacet
  facet normal 0.831531 0 -0.555479
    outer loop
      vertex -0.565685 34.5 43.1657
      vertex -0.739103 37.5 42.9061
      vertex -0.565685 37.5 43.1657
    endloop
  endfacet
  facet normal 0.831531 0 -0.555479
    outer loop
      vertex -0.739103 37.5 42.9061
      vertex -0.565685 34.5 43.1657
      vertex -0.739103 34.5 42.9061
    endloop
  endfacet
  facet normal 0.98078 0 -0.195118
    outer loop
      vertex -0.739103 34.5 42.9061
      vertex -0.799999 37.5 42.6
      vertex -0.739103 37.5 42.9061
    endloop
  endfacet
  facet normal 0.98078 0 -0.195118
    outer loop
      vertex -0.799999 37.5 42.6
      vertex -0.739103 34.5 42.9061
      vertex -0.799999 34.5 42.6
    endloop
  endfacet
  facet normal 0.555531 0 -0.831496
    outer loop
      vertex -0.565685 34.5 43.1657
      vertex -0.306147 37.5 43.3391
      vertex -0.306147 34.5 43.3391
    endloop
  endfacet
  facet normal 0.555531 0 -0.831496
    outer loop
      vertex -0.306147 37.5 43.3391
      vertex -0.565685 34.5 43.1657
      vertex -0.565685 37.5 43.1657
    endloop
  endfacet
  facet normal 0.98078 -0 0.195118
    outer loop
      vertex -0.799999 34.5 70.4
      vertex -0.739103 37.5 70.0939
      vertex -0.799999 37.5 70.4
    endloop
  endfacet
  facet normal 0.98078 0 0.195118
    outer loop
      vertex -0.739103 37.5 70.0939
      vertex -0.799999 34.5 70.4
      vertex -0.739103 34.5 70.0939
    endloop
  endfacet
  facet normal -0.831531 0 0.555479
    outer loop
      vertex 0.565685 34.5 69.8343
      vertex 0.739103 37.5 70.0939
      vertex 0.565685 37.5 69.8343
    endloop
  endfacet
  facet normal -0.831531 0 0.555479
    outer loop
      vertex 0.739103 37.5 70.0939
      vertex 0.565685 34.5 69.8343
      vertex 0.739103 34.5 70.0939
    endloop
  endfacet
  facet normal -0.98078 0 0.195118
    outer loop
      vertex 0.739103 34.5 70.0939
      vertex 0.799999 37.5 70.4
      vertex 0.739103 37.5 70.0939
    endloop
  endfacet
  facet normal -0.98078 0 0.195118
    outer loop
      vertex 0.799999 37.5 70.4
      vertex 0.739103 34.5 70.0939
      vertex 0.799999 34.5 70.4
    endloop
  endfacet
  facet normal -0.555531 0 -0.831496
    outer loop
      vertex 0.306147 34.5 71.1391
      vertex 0.565685 37.5 70.9657
      vertex 0.565685 34.5 70.9657
    endloop
  endfacet
  facet normal -0.555531 0 -0.831496
    outer loop
      vertex 0.565685 37.5 70.9657
      vertex 0.306147 34.5 71.1391
      vertex 0.306147 37.5 71.1391
    endloop
  endfacet
  facet normal 0.195101 0 -0.980783
    outer loop
      vertex -0.306147 34.5 71.1391
      vertex 0 37.5 71.2
      vertex 0 34.5 71.2
    endloop
  endfacet
  facet normal 0.195101 0 -0.980783
    outer loop
      vertex 0 37.5 71.2
      vertex -0.306147 34.5 71.1391
      vertex -0.306147 37.5 71.1391
    endloop
  endfacet
  facet normal -0.195101 0 0.980783
    outer loop
      vertex 0 37.5 69.6
      vertex 0.306147 34.5 69.6609
      vertex 0.306147 37.5 69.6609
    endloop
  endfacet
  facet normal -0.195101 0 0.980783
    outer loop
      vertex 0.306147 34.5 69.6609
      vertex 0 37.5 69.6
      vertex 0 34.5 69.6
    endloop
  endfacet
  facet normal 0.831531 -0 0.555479
    outer loop
      vertex -0.739103 34.5 70.0939
      vertex -0.565685 37.5 69.8343
      vertex -0.739103 37.5 70.0939
    endloop
  endfacet
  facet normal 0.831531 0 0.555479
    outer loop
      vertex -0.565685 37.5 69.8343
      vertex -0.739103 34.5 70.0939
      vertex -0.565685 34.5 69.8343
    endloop
  endfacet
  facet normal 0.555531 0 0.831496
    outer loop
      vertex -0.565685 37.5 69.8343
      vertex -0.306147 34.5 69.6609
      vertex -0.306147 37.5 69.6609
    endloop
  endfacet
  facet normal 0.555531 0 0.831496
    outer loop
      vertex -0.306147 34.5 69.6609
      vertex -0.565685 37.5 69.8343
      vertex -0.565685 34.5 69.8343
    endloop
  endfacet
  facet normal -0.98078 0 -0.195118
    outer loop
      vertex 0.799999 34.5 70.4
      vertex 0.739103 37.5 70.7061
      vertex 0.799999 37.5 70.4
    endloop
  endfacet
  facet normal -0.98078 -0 -0.195118
    outer loop
      vertex 0.739103 37.5 70.7061
      vertex 0.799999 34.5 70.4
      vertex 0.739103 34.5 70.7061
    endloop
  endfacet
  facet normal -0.195101 0 -0.980783
    outer loop
      vertex 0 34.5 71.2
      vertex 0.306147 37.5 71.1391
      vertex 0.306147 34.5 71.1391
    endloop
  endfacet
  facet normal -0.195101 0 -0.980783
    outer loop
      vertex 0.306147 37.5 71.1391
      vertex 0 34.5 71.2
      vertex 0 37.5 71.2
    endloop
  endfacet
  facet normal 0.195101 0 0.980783
    outer loop
      vertex -0.306147 37.5 69.6609
      vertex 0 34.5 69.6
      vertex 0 37.5 69.6
    endloop
  endfacet
  facet normal 0.195101 0 0.980783
    outer loop
      vertex 0 34.5 69.6
      vertex -0.306147 37.5 69.6609
      vertex -0.306147 34.5 69.6609
    endloop
  endfacet
  facet normal -0.831531 0 -0.555479
    outer loop
      vertex 0.739103 34.5 70.7061
      vertex 0.565685 37.5 70.9657
      vertex 0.739103 37.5 70.7061
    endloop
  endfacet
  facet normal -0.831531 -0 -0.555479
    outer loop
      vertex 0.565685 37.5 70.9657
      vertex 0.739103 34.5 70.7061
      vertex 0.565685 34.5 70.9657
    endloop
  endfacet
  facet normal 0.831531 0 -0.555479
    outer loop
      vertex -0.565685 34.5 70.9657
      vertex -0.739103 37.5 70.7061
      vertex -0.565685 37.5 70.9657
    endloop
  endfacet
  facet normal 0.831531 0 -0.555479
    outer loop
      vertex -0.739103 37.5 70.7061
      vertex -0.565685 34.5 70.9657
      vertex -0.739103 34.5 70.7061
    endloop
  endfacet
  facet normal -0.555531 0 0.831496
    outer loop
      vertex 0.306147 37.5 69.6609
      vertex 0.565685 34.5 69.8343
      vertex 0.565685 37.5 69.8343
    endloop
  endfacet
  facet normal -0.555531 0 0.831496
    outer loop
      vertex 0.565685 34.5 69.8343
      vertex 0.306147 37.5 69.6609
      vertex 0.306147 34.5 69.6609
    endloop
  endfacet
  facet normal 0.98078 0 -0.195118
    outer loop
      vertex -0.739103 34.5 70.7061
      vertex -0.799999 37.5 70.4
      vertex -0.739103 37.5 70.7061
    endloop
  endfacet
  facet normal 0.98078 0 -0.195118
    outer loop
      vertex -0.799999 37.5 70.4
      vertex -0.739103 34.5 70.7061
      vertex -0.799999 34.5 70.4
    endloop
  endfacet
  facet normal 0.555531 0 -0.831496
    outer loop
      vertex -0.565685 34.5 70.9657
      vertex -0.306147 37.5 71.1391
      vertex -0.306147 34.5 71.1391
    endloop
  endfacet
  facet normal 0.555531 0 -0.831496
    outer loop
      vertex -0.306147 37.5 71.1391
      vertex -0.565685 34.5 70.9657
      vertex -0.565685 37.5 70.9657
    endloop
  endfacet
  facet normal -0.671687 0 0.740835
    outer loop
      vertex -26.9497 37.5 66.9497
      vertex -26.4408 34.5 67.4111
      vertex -26.4408 37.5 67.4111
    endloop
  endfacet
  facet normal -0.671687 0 0.740835
    outer loop
      vertex -26.4408 34.5 67.4111
      vertex -26.9497 37.5 66.9497
      vertex -26.9497 34.5 66.9497
    endloop
  endfacet
  facet normal -1 0 0
    outer loop
      vertex -32 34.5 4
      vertex -32 37.5 5
      vertex -32 37.5 4
    endloop
  endfacet
  facet normal -1 -0 0
    outer loop
      vertex -32 37.5 5
      vertex -32 34.5 4
      vertex -32 34.5 5
    endloop
  endfacet
  facet normal -0.941557 0 0.336853
    outer loop
      vertex -28.6986 34.5 64.032
      vertex -28.4672 37.5 64.6788
      vertex -28.6986 37.5 64.032
    endloop
  endfacet
  facet normal -0.941557 0 0.336853
    outer loop
      vertex -28.4672 37.5 64.6788
      vertex -28.6986 34.5 64.032
      vertex -28.4672 34.5 64.6788
    endloop
  endfacet
  facet normal -0.740835 0 0.671687
    outer loop
      vertex -27.4111 34.5 66.4408
      vertex -26.9497 37.5 66.9497
      vertex -27.4111 37.5 66.4408
    endloop
  endfacet
  facet normal -0.740835 0 0.671687
    outer loop
      vertex -26.9497 37.5 66.9497
      vertex -27.4111 34.5 66.4408
      vertex -26.9497 34.5 66.9497
    endloop
  endfacet
  facet normal -0.146736 0 0.989176
    outer loop
      vertex -3.12144 37.5 77.6926
      vertex -1.56827 34.5 77.923
      vertex -1.56827 37.5 77.923
    endloop
  endfacet
  facet normal -0.146736 0 0.989176
    outer loop
      vertex -1.56827 34.5 77.923
      vertex -3.12144 37.5 77.6926
      vertex -3.12144 34.5 77.6926
    endloop
  endfacet
  facet normal 0.0490396 0 0.998797
    outer loop
      vertex 0 37.5 78
      vertex 1.56827 34.5 77.923
      vertex 1.56827 37.5 77.923
    endloop
  endfacet
  facet normal 0.0490396 0 0.998797
    outer loop
      vertex 1.56827 34.5 77.923
      vertex 0 37.5 78
      vertex 0 34.5 78
    endloop
  endfacet
  facet normal 0.595677 0 0.803224
    outer loop
      vertex 8.88912 37.5 75.3035
      vertex 10.1503 34.5 74.3682
      vertex 10.1503 37.5 74.3682
    endloop
  endfacet
  facet normal 0.595677 0 0.803224
    outer loop
      vertex 10.1503 34.5 74.3682
      vertex 8.88912 37.5 75.3035
      vertex 8.88912 34.5 75.3035
    endloop
  endfacet
  facet normal -0.99862 0 0.0525172
    outer loop
      vertex -32 34.5 5
      vertex -28.9663 37.5 62.6861
      vertex -32 37.5 5
    endloop
  endfacet
  facet normal -0.99862 0 0.0525172
    outer loop
      vertex -28.9663 37.5 62.6861
      vertex -32 34.5 5
      vertex -28.9663 34.5 62.6861
    endloop
  endfacet
  facet normal -0.903939 0 0.427661
    outer loop
      vertex -28.4672 34.5 64.6788
      vertex -28.1734 37.5 65.2998
      vertex -28.4672 37.5 64.6788
    endloop
  endfacet
  facet normal -0.903939 0 0.427661
    outer loop
      vertex -28.1734 37.5 65.2998
      vertex -28.4672 34.5 64.6788
      vertex -28.1734 34.5 65.2998
    endloop
  endfacet
  facet normal 1 -0 0
    outer loop
      vertex 32 34.5 5
      vertex 32 37.5 4
      vertex 32 37.5 5
    endloop
  endfacet
  facet normal 1 0 0
    outer loop
      vertex 32 37.5 4
      vertex 32 34.5 5
      vertex 32 34.5 4
    endloop
  endfacet
  facet normal 0.941553 -0 0.336865
    outer loop
      vertex 14.7821 34.5 68.1229
      vertex 15.311 37.5 66.6446
      vertex 14.7821 37.5 68.1229
    endloop
  endfacet
  facet normal 0.941553 0 0.336865
    outer loop
      vertex 15.311 37.5 66.6446
      vertex 14.7821 34.5 68.1229
      vertex 15.311 34.5 66.6446
    endloop
  endfacet
  facet normal 0.965251 -0 0.261323
    outer loop
      vertex 15.311 34.5 66.6446
      vertex 22.5 37.5 40.0905
      vertex 15.311 37.5 66.6446
    endloop
  endfacet
  facet normal 0.965252 -8.63557e-06 0.261322
    outer loop
      vertex 32 34.5 5
      vertex 22.5 37.5 40.0905
      vertex 15.311 34.5 66.6446
    endloop
  endfacet
  facet normal 0.965252 -2.90357e-06 0.261321
    outer loop
      vertex 22.5 37.5 40.0905
      vertex 32 34.5 5
      vertex 25.5 37.5 29.0093
    endloop
  endfacet
  facet normal 0.965252 0 0.261321
    outer loop
      vertex 25.5 37.5 29.0093
      vertex 32 34.5 5
      vertex 32 37.5 5
    endloop
  endfacet
  facet normal 0.85774 -0 0.514084
    outer loop
      vertex 13.3035 34.5 70.8891
      vertex 14.1107 37.5 69.5423
      vertex 13.3035 37.5 70.8891
    endloop
  endfacet
  facet normal 0.85774 0 0.514084
    outer loop
      vertex 14.1107 37.5 69.5423
      vertex 13.3035 34.5 70.8891
      vertex 14.1107 34.5 69.5423
    endloop
  endfacet
  facet normal 0.243029 0 0.970019
    outer loop
      vertex 3.12144 37.5 77.6926
      vertex 4.64455 34.5 77.311
      vertex 4.64455 37.5 77.311
    endloop
  endfacet
  facet normal 0.243029 0 0.970019
    outer loop
      vertex 4.64455 34.5 77.311
      vertex 3.12144 37.5 77.6926
      vertex 3.12144 34.5 77.6926
    endloop
  endfacet
  facet normal 0.740933 -0 0.671578
    outer loop
      vertex 11.3137 34.5 73.3137
      vertex 12.3682 37.5 72.1503
      vertex 11.3137 37.5 73.3137
    endloop
  endfacet
  facet normal 0.740933 0 0.671578
    outer loop
      vertex 12.3682 37.5 72.1503
      vertex 11.3137 34.5 73.3137
      vertex 12.3682 34.5 72.1503
    endloop
  endfacet
  facet normal -0.0490396 0 0.998797
    outer loop
      vertex -1.56827 37.5 77.923
      vertex 0 34.5 78
      vertex 0 37.5 78
    endloop
  endfacet
  facet normal -0.0490396 0 0.998797
    outer loop
      vertex 0 34.5 78
      vertex -1.56827 37.5 77.923
      vertex -1.56827 34.5 77.923
    endloop
  endfacet
  facet normal 0.803229 -0 0.595671
    outer loop
      vertex 12.3682 34.5 72.1503
      vertex 13.3035 37.5 70.8891
      vertex 12.3682 37.5 72.1503
    endloop
  endfacet
  facet normal 0.803229 0 0.595671
    outer loop
      vertex 13.3035 37.5 70.8891
      vertex 12.3682 34.5 72.1503
      vertex 13.3035 34.5 70.8891
    endloop
  endfacet
  facet normal -0.989175 0 0.146739
    outer loop
      vertex -28.9663 34.5 62.6861
      vertex -28.8655 37.5 63.3656
      vertex -28.9663 37.5 62.6861
    endloop
  endfacet
  facet normal -0.989175 0 0.146739
    outer loop
      vertex -28.8655 37.5 63.3656
      vertex -28.9663 34.5 62.6861
      vertex -28.8655 34.5 63.3656
    endloop
  endfacet
  facet normal 0.671578 0 0.740933
    outer loop
      vertex 10.1503 37.5 74.3682
      vertex 11.3137 34.5 73.3137
      vertex 11.3137 37.5 73.3137
    endloop
  endfacet
  facet normal 0.671578 0 0.740933
    outer loop
      vertex 11.3137 34.5 73.3137
      vertex 10.1503 37.5 74.3682
      vertex 10.1503 34.5 74.3682
    endloop
  endfacet
  facet normal 0.514092 0 0.857735
    outer loop
      vertex 7.54235 37.5 76.1107
      vertex 8.88912 34.5 75.3035
      vertex 8.88912 37.5 75.3035
    endloop
  endfacet
  facet normal 0.514092 0 0.857735
    outer loop
      vertex 8.88912 34.5 75.3035
      vertex 7.54235 37.5 76.1107
      vertex 7.54235 34.5 76.1107
    endloop
  endfacet
  facet normal -0.243029 0 0.970019
    outer loop
      vertex -4.64455 37.5 77.311
      vertex -3.12144 34.5 77.6926
      vertex -3.12144 37.5 77.6926
    endloop
  endfacet
  facet normal -0.243029 0 0.970019
    outer loop
      vertex -3.12144 34.5 77.6926
      vertex -4.64455 37.5 77.311
      vertex -4.64455 34.5 77.311
    endloop
  endfacet
  facet normal 0 1 0
    outer loop
      vertex 14.7821 37.5 68.1229
      vertex 6.5 37.5 68.5
      vertex 14.1107 37.5 69.5423
    endloop
  endfacet
  facet normal 0 1 0
    outer loop
      vertex 15.311 37.5 66.6446
      vertex 6.5 37.5 68.5
      vertex 14.7821 37.5 68.1229
    endloop
  endfacet
  facet normal 0 1 0
    outer loop
      vertex 15.311 37.5 66.6446
      vertex 6.5 37.5 44.8
      vertex 6.5 37.5 68.5
    endloop
  endfacet
  facet normal 0 1 0
    outer loop
      vertex 6.5 37.5 44.8
      vertex 0 37.5 43.4
      vertex -6.5 37.5 44.8
    endloop
  endfacet
  facet normal 0 1 0
    outer loop
      vertex 6.5 37.5 44.8
      vertex 0.306147 37.5 43.3391
      vertex 0 37.5 43.4
    endloop
  endfacet
  facet normal 0 1 0
    outer loop
      vertex 6.5 37.5 44.8
      vertex 0.565685 37.5 43.1657
      vertex 0.306147 37.5 43.3391
    endloop
  endfacet
  facet normal 0 1 0
    outer loop
      vertex 6.5 37.5 44.8
      vertex 0.739103 37.5 42.9061
      vertex 0.565685 37.5 43.1657
    endloop
  endfacet
  facet normal 0 1 0
    outer loop
      vertex 6.5 37.5 44.8
      vertex 0.799999 37.5 42.6
      vertex 0.739103 37.5 42.9061
    endloop
  endfacet
  facet normal 0 1 0
    outer loop
      vertex 6.5 37.5 44.8
      vertex 0.739103 37.5 42.2939
      vertex 0.799999 37.5 42.6
    endloop
  endfacet
  facet normal 0 1 0
    outer loop
      vertex 6.5 37.5 44.8
      vertex 0.565685 37.5 42.0343
      vertex 0.739103 37.5 42.2939
    endloop
  endfacet
  facet normal 0 1 0
    outer loop
      vertex 22.5 37.5 40.0905
      vertex 0.565685 37.5 42.0343
      vertex 6.5 37.5 44.8
    endloop
  endfacet
  facet normal 0 1 -0
    outer loop
      vertex 22.5 37.5 4
      vertex 0.306147 37.5 41.8609
      vertex 22.5 37.5 40.0905
    endloop
  endfacet
  facet normal 0 1 0
    outer loop
      vertex 0.565685 37.5 42.0343
      vertex 22.5 37.5 40.0905
      vertex 0.306147 37.5 41.8609
    endloop
  endfacet
  facet normal 0 1 0
    outer loop
      vertex 22.5 37.5 40.0905
      vertex 6.5 37.5 44.8
      vertex 15.311 37.5 66.6446
    endloop
  endfacet
  facet normal 0 1 -0
    outer loop
      vertex -25.5 37.5 54
      vertex -28.9663 37.5 62.6861
      vertex -22.5 37.5 54
    endloop
  endfacet
  facet normal 0 1 0
    outer loop
      vertex -25.5 37.5 54
      vertex -32 37.5 5
      vertex -28.9663 37.5 62.6861
    endloop
  endfacet
  facet normal 0 1 -0
    outer loop
      vertex -25.5 37.5 4
      vertex -32 37.5 5
      vertex -25.5 37.5 54
    endloop
  endfacet
  facet normal 0 1 0
    outer loop
      vertex -32 37.5 5
      vertex -25.5 37.5 4
      vertex -32 37.5 4
    endloop
  endfacet
  facet normal 0 1 0
    outer loop
      vertex 1.56827 37.5 77.923
      vertex 0.306147 37.5 71.1391
      vertex 0 37.5 71.2
    endloop
  endfacet
  facet normal 0 1 0
    outer loop
      vertex 11.3137 37.5 73.3137
      vertex 0.565685 37.5 70.9657
      vertex 0.306147 37.5 71.1391
    endloop
  endfacet
  facet normal 0 1 0
    outer loop
      vertex 6.5 37.5 68.5
      vertex 12.3682 37.5 72.1503
      vertex 13.3035 37.5 70.8891
    endloop
  endfacet
  facet normal 0 1 0
    outer loop
      vertex 11.3137 37.5 73.3137
      vertex 6.5 37.5 68.5
      vertex 0.565685 37.5 70.9657
    endloop
  endfacet
  facet normal 0 1 0
    outer loop
      vertex 0.565685 37.5 70.9657
      vertex 6.5 37.5 68.5
      vertex 0.739103 37.5 70.7061
    endloop
  endfacet
  facet normal 0 1 0
    outer loop
      vertex 0.739103 37.5 70.7061
      vertex 6.5 37.5 68.5
      vertex 0.799999 37.5 70.4
    endloop
  endfacet
  facet normal 0 1 0
    outer loop
      vertex 0.799999 37.5 70.4
      vertex 6.5 37.5 68.5
      vertex 0.739103 37.5 70.0939
    endloop
  endfacet
  facet normal 0 1 0
    outer loop
      vertex 0.739103 37.5 70.0939
      vertex 6.5 37.5 68.5
      vertex 0.565685 37.5 69.8343
    endloop
  endfacet
  facet normal 0 1 0
    outer loop
      vertex 0.565685 37.5 69.8343
      vertex 6.5 37.5 68.5
      vertex 0.306147 37.5 69.6609
    endloop
  endfacet
  facet normal 0 1 0
    outer loop
      vertex 6.5 37.5 68.5
      vertex 13.3035 37.5 70.8891
      vertex 14.1107 37.5 69.5423
    endloop
  endfacet
  facet normal 0 1 0
    outer loop
      vertex 0 37.5 71.2
      vertex 0 37.5 78
      vertex 1.56827 37.5 77.923
    endloop
  endfacet
  facet normal 0 1 0
    outer loop
      vertex 0.306147 37.5 71.1391
      vertex 1.56827 37.5 77.923
      vertex 3.12144 37.5 77.6926
    endloop
  endfacet
  facet normal 0 1 0
    outer loop
      vertex 0 37.5 78
      vertex 0 37.5 71.2
      vertex -1.56827 37.5 77.923
    endloop
  endfacet
  facet normal 0 1 0
    outer loop
      vertex 0.306147 37.5 71.1391
      vertex 3.12144 37.5 77.6926
      vertex 4.64455 37.5 77.311
    endloop
  endfacet
  facet normal 0 1 -0
    outer loop
      vertex -0.306147 37.5 71.1391
      vertex -1.56827 37.5 77.923
      vertex 0 37.5 71.2
    endloop
  endfacet
  facet normal 0 1 0
    outer loop
      vertex 0.306147 37.5 71.1391
      vertex 4.64455 37.5 77.311
      vertex 6.12293 37.5 76.7821
    endloop
  endfacet
  facet normal 0 1 0
    outer loop
      vertex -1.56827 37.5 77.923
      vertex -0.306147 37.5 71.1391
      vertex -3.12144 37.5 77.6926
    endloop
  endfacet
  facet normal 0 1 0
    outer loop
      vertex 0.306147 37.5 71.1391
      vertex 6.12293 37.5 76.7821
      vertex 7.54235 37.5 76.1107
    endloop
  endfacet
  facet normal 0 1 0
    outer loop
      vertex 0.306147 37.5 71.1391
      vertex 7.54235 37.5 76.1107
      vertex 8.88912 37.5 75.3035
    endloop
  endfacet
  facet normal 0 1 0
    outer loop
      vertex 0.306147 37.5 71.1391
      vertex 8.88912 37.5 75.3035
      vertex 10.1503 37.5 74.3682
    endloop
  endfacet
  facet normal 0 1 0
    outer loop
      vertex 0.306147 37.5 71.1391
      vertex 10.1503 37.5 74.3682
      vertex 11.3137 37.5 73.3137
    endloop
  endfacet
  facet normal 0 1 0
    outer loop
      vertex 6.5 37.5 68.5
      vertex 11.3137 37.5 73.3137
      vertex 12.3682 37.5 72.1503
    endloop
  endfacet
  facet normal 0 1 -0
    outer loop
      vertex -0.565685 37.5 70.9657
      vertex -3.12144 37.5 77.6926
      vertex -0.306147 37.5 71.1391
    endloop
  endfacet
  facet normal 0 1 0
    outer loop
      vertex -3.12144 37.5 77.6926
      vertex -0.565685 37.5 70.9657
      vertex -4.64455 37.5 77.311
    endloop
  endfacet
  facet normal 0 1 0
    outer loop
      vertex -4.64455 37.5 77.311
      vertex -0.565685 37.5 70.9657
      vertex -6.12293 37.5 76.7821
    endloop
  endfacet
  facet normal 0 1 -0
    outer loop
      vertex -0.739103 37.5 70.7061
      vertex -6.12293 37.5 76.7821
      vertex -0.565685 37.5 70.9657
    endloop
  endfacet
  facet normal 0 1 0
    outer loop
      vertex -6.5 37.5 68.5
      vertex -0.739103 37.5 70.7061
      vertex -0.799999 37.5 70.4
    endloop
  endfacet
  facet normal 0 1 0
    outer loop
      vertex -6.5 37.5 68.5
      vertex -0.799999 37.5 70.4
      vertex -0.739103 37.5 70.0939
    endloop
  endfacet
  facet normal 0 1 0
    outer loop
      vertex -6.5 37.5 68.5
      vertex -0.739103 37.5 70.0939
      vertex -0.565685 37.5 69.8343
    endloop
  endfacet
  facet normal 0 1 0
    outer loop
      vertex 0.306147 37.5 69.6609
      vertex 6.5 37.5 68.5
      vertex 0 37.5 69.6
    endloop
  endfacet
  facet normal 0 1 0
    outer loop
      vertex -6.5 37.5 68.5
      vertex 0 37.5 69.6
      vertex 6.5 37.5 68.5
    endloop
  endfacet
  facet normal 0 1 0
    outer loop
      vertex -6.5 37.5 68.5
      vertex -0.306147 37.5 69.6609
      vertex 0 37.5 69.6
    endloop
  endfacet
  facet normal 0 1 0
    outer loop
      vertex -6.5 37.5 68.5
      vertex -0.565685 37.5 69.8343
      vertex -0.306147 37.5 69.6609
    endloop
  endfacet
  facet normal 0 1 0
    outer loop
      vertex -0.739103 37.5 70.7061
      vertex -6.5 37.5 68.5
      vertex -6.12293 37.5 76.7821
    endloop
  endfacet
  facet normal 0 1 -0
    outer loop
      vertex -6.5 37.5 68.5
      vertex -24.6788 37.5 68.4672
      vertex -6.12293 37.5 76.7821
    endloop
  endfacet
  facet normal 0 1 -0
    outer loop
      vertex -22.5 37.5 54
      vertex -24.6788 37.5 68.4672
      vertex -6.5 37.5 68.5
    endloop
  endfacet
  facet normal -0 1 0
    outer loop
      vertex -28.9663 37.5 62.6861
      vertex -24.6788 37.5 68.4672
      vertex -22.5 37.5 54
    endloop
  endfacet
  facet normal 0 1 0
    outer loop
      vertex -24.6788 37.5 68.4672
      vertex -28.9663 37.5 62.6861
      vertex -25.2998 37.5 68.1734
    endloop
  endfacet
  facet normal 0 1 0
    outer loop
      vertex -25.2998 37.5 68.1734
      vertex -28.9663 37.5 62.6861
      vertex -25.889 37.5 67.8203
    endloop
  endfacet
  facet normal 0 1 0
    outer loop
      vertex -25.889 37.5 67.8203
      vertex -28.9663 37.5 62.6861
      vertex -26.4408 37.5 67.4111
    endloop
  endfacet
  facet normal 0 1 0
    outer loop
      vertex -26.4408 37.5 67.4111
      vertex -28.9663 37.5 62.6861
      vertex -26.9497 37.5 66.9497
    endloop
  endfacet
  facet normal 0 1 0
    outer loop
      vertex -26.9497 37.5 66.9497
      vertex -28.9663 37.5 62.6861
      vertex -27.4111 37.5 66.4408
    endloop
  endfacet
  facet normal 0 1 0
    outer loop
      vertex -27.4111 37.5 66.4408
      vertex -28.9663 37.5 62.6861
      vertex -27.8203 37.5 65.889
    endloop
  endfacet
  facet normal 0 1 0
    outer loop
      vertex -27.8203 37.5 65.889
      vertex -28.9663 37.5 62.6861
      vertex -28.1734 37.5 65.2998
    endloop
  endfacet
  facet normal 0 1 0
    outer loop
      vertex -28.1734 37.5 65.2998
      vertex -28.9663 37.5 62.6861
      vertex -28.4672 37.5 64.6788
    endloop
  endfacet
  facet normal 0 1 0
    outer loop
      vertex -28.4672 37.5 64.6788
      vertex -28.9663 37.5 62.6861
      vertex -28.6986 37.5 64.032
    endloop
  endfacet
  facet normal 0 1 0
    outer loop
      vertex -28.6986 37.5 64.032
      vertex -28.9663 37.5 62.6861
      vertex -28.8655 37.5 63.3656
    endloop
  endfacet
  facet normal 0 1 -0
    outer loop
      vertex -6.5 37.5 44.8
      vertex -22.5 37.5 54
      vertex -6.5 37.5 68.5
    endloop
  endfacet
  facet normal 0 1 -0
    outer loop
      vertex -0.306147 37.5 43.3391
      vertex -6.5 37.5 44.8
      vertex 0 37.5 43.4
    endloop
  endfacet
  facet normal 0 1 -0
    outer loop
      vertex -0.565685 37.5 43.1657
      vertex -6.5 37.5 44.8
      vertex -0.306147 37.5 43.3391
    endloop
  endfacet
  facet normal 0 1 -0
    outer loop
      vertex -0.739103 37.5 42.9061
      vertex -6.5 37.5 44.8
      vertex -0.565685 37.5 43.1657
    endloop
  endfacet
  facet normal 0 1 -0
    outer loop
      vertex -0.799999 37.5 42.6
      vertex -6.5 37.5 44.8
      vertex -0.739103 37.5 42.9061
    endloop
  endfacet
  facet normal 0 1 0
    outer loop
      vertex -0.739103 37.5 42.2939
      vertex -6.5 37.5 44.8
      vertex -0.799999 37.5 42.6
    endloop
  endfacet
  facet normal 0 1 0
    outer loop
      vertex -0.565685 37.5 42.0343
      vertex -6.5 37.5 44.8
      vertex -0.739103 37.5 42.2939
    endloop
  endfacet
  facet normal 0 1 0
    outer loop
      vertex -0.306147 37.5 41.8609
      vertex -6.5 37.5 44.8
      vertex -0.565685 37.5 42.0343
    endloop
  endfacet
  facet normal 0 1 0
    outer loop
      vertex 0.306147 37.5 41.8609
      vertex 22.5 37.5 4
      vertex 0 37.5 41.8
    endloop
  endfacet
  facet normal 0 1 0
    outer loop
      vertex -22.5 37.5 4
      vertex 0 37.5 41.8
      vertex 22.5 37.5 4
    endloop
  endfacet
  facet normal 0 1 0
    outer loop
      vertex 0 37.5 41.8
      vertex -22.5 37.5 4
      vertex -0.306147 37.5 41.8609
    endloop
  endfacet
  facet normal 0 1 0
    outer loop
      vertex -0.306147 37.5 41.8609
      vertex -22.5 37.5 4
      vertex -6.5 37.5 44.8
    endloop
  endfacet
  facet normal 0 1 0
    outer loop
      vertex -6.5 37.5 44.8
      vertex -22.5 37.5 4
      vertex -22.5 37.5 54
    endloop
  endfacet
  facet normal 0 -1 0
    outer loop
      vertex 22.5 37.5 40.0905
      vertex 25.5 37.5 54
      vertex 22.5 37.5 54
    endloop
  endfacet
  facet normal 0 -1 -0
    outer loop
      vertex 25.5 37.5 54
      vertex 22.5 37.5 40.0905
      vertex 25.5 37.5 29.0093
    endloop
  endfacet
  facet normal 0 1 0
    outer loop
      vertex 25.5 37.5 4
      vertex 32 37.5 5
      vertex 32 37.5 4
    endloop
  endfacet
  facet normal 0 1 0
    outer loop
      vertex 32 37.5 5
      vertex 25.5 37.5 4
      vertex 25.5 37.5 29.0093
    endloop
  endfacet
  facet normal 0.903971 -0 0.427594
    outer loop
      vertex 14.1107 34.5 69.5423
      vertex 14.7821 37.5 68.1229
      vertex 14.1107 37.5 69.5423
    endloop
  endfacet
  facet normal 0.903971 0 0.427594
    outer loop
      vertex 14.7821 37.5 68.1229
      vertex 14.1107 34.5 69.5423
      vertex 14.7821 34.5 68.1229
    endloop
  endfacet
  facet normal -0.97004 0 0.242947
    outer loop
      vertex -28.8655 34.5 63.3656
      vertex -28.6986 37.5 64.032
      vertex -28.8655 37.5 63.3656
    endloop
  endfacet
  facet normal -0.97004 0 0.242947
    outer loop
      vertex -28.6986 37.5 64.032
      vertex -28.8655 34.5 63.3656
      vertex -28.6986 34.5 64.032
    endloop
  endfacet
  facet normal 0.336849 0 0.941559
    outer loop
      vertex 4.64455 37.5 77.311
      vertex 6.12293 34.5 76.7821
      vertex 6.12293 37.5 76.7821
    endloop
  endfacet
  facet normal 0.336849 0 0.941559
    outer loop
      vertex 6.12293 34.5 76.7821
      vertex 4.64455 37.5 77.311
      vertex 4.64455 34.5 77.311
    endloop
  endfacet
  facet normal 0.146736 0 0.989176
    outer loop
      vertex 1.56827 37.5 77.923
      vertex 3.12144 34.5 77.6926
      vertex 3.12144 37.5 77.6926
    endloop
  endfacet
  facet normal 0.146736 0 0.989176
    outer loop
      vertex 3.12144 34.5 77.6926
      vertex 1.56827 37.5 77.923
      vertex 1.56827 34.5 77.923
    endloop
  endfacet
  facet normal -0.803237 0 0.595659
    outer loop
      vertex -27.8203 34.5 65.889
      vertex -27.4111 37.5 66.4408
      vertex -27.8203 37.5 65.889
    endloop
  endfacet
  facet normal -0.803237 0 0.595659
    outer loop
      vertex -27.4111 37.5 66.4408
      vertex -27.8203 34.5 65.889
      vertex -27.4111 34.5 66.4408
    endloop
  endfacet
  facet normal -0.408923 0 0.912569
    outer loop
      vertex -24.6788 37.5 68.4672
      vertex -6.12293 34.5 76.7821
      vertex -6.12293 37.5 76.7821
    endloop
  endfacet
  facet normal -0.408923 0 0.912569
    outer loop
      vertex -6.12293 34.5 76.7821
      vertex -24.6788 37.5 68.4672
      vertex -24.6788 34.5 68.4672
    endloop
  endfacet
  facet normal -0.336849 0 0.941559
    outer loop
      vertex -6.12293 37.5 76.7821
      vertex -4.64455 34.5 77.311
      vertex -4.64455 37.5 77.311
    endloop
  endfacet
  facet normal -0.336849 0 0.941559
    outer loop
      vertex -4.64455 34.5 77.311
      vertex -6.12293 37.5 76.7821
      vertex -6.12293 34.5 76.7821
    endloop
  endfacet
  facet normal 0 -1 0
    outer loop
      vertex 0 34.5 71.2
      vertex 0 34.5 78
      vertex -1.56827 34.5 77.923
    endloop
  endfacet
  facet normal 0 -1 0
    outer loop
      vertex -0.306147 34.5 71.1391
      vertex -1.56827 34.5 77.923
      vertex -3.12144 34.5 77.6926
    endloop
  endfacet
  facet normal 0 -1 0
    outer loop
      vertex 0 34.5 78
      vertex 0 34.5 71.2
      vertex 1.56827 34.5 77.923
    endloop
  endfacet
  facet normal 0 -1 0
    outer loop
      vertex -0.565685 34.5 70.9657
      vertex -3.12144 34.5 77.6926
      vertex -4.64455 34.5 77.311
    endloop
  endfacet
  facet normal 0 -1 0
    outer loop
      vertex 0.306147 34.5 71.1391
      vertex 1.56827 34.5 77.923
      vertex 0 34.5 71.2
    endloop
  endfacet
  facet normal 0 -1 0
    outer loop
      vertex -0.565685 34.5 70.9657
      vertex -4.64455 34.5 77.311
      vertex -6.12293 34.5 76.7821
    endloop
  endfacet
  facet normal 0 -1 -0
    outer loop
      vertex 1.56827 34.5 77.923
      vertex 0.306147 34.5 71.1391
      vertex 3.12144 34.5 77.6926
    endloop
  endfacet
  facet normal 0 -1 0
    outer loop
      vertex 0.565685 34.5 70.9657
      vertex 3.12144 34.5 77.6926
      vertex 0.306147 34.5 71.1391
    endloop
  endfacet
  facet normal 0 -1 -0
    outer loop
      vertex 3.12144 34.5 77.6926
      vertex 0.565685 34.5 70.9657
      vertex 4.64455 34.5 77.311
    endloop
  endfacet
  facet normal 0 -1 0
    outer loop
      vertex 0.739103 34.5 70.7061
      vertex 6.12293 34.5 76.7821
      vertex 0.565685 34.5 70.9657
    endloop
  endfacet
  facet normal 0 -1 -0
    outer loop
      vertex 6.12293 34.5 76.7821
      vertex 0.739103 34.5 70.7061
      vertex 7.54235 34.5 76.1107
    endloop
  endfacet
  facet normal 0 -1 0
    outer loop
      vertex 0.799999 34.5 70.4
      vertex 7.54235 34.5 76.1107
      vertex 0.739103 34.5 70.7061
    endloop
  endfacet
  facet normal 0 -1 -0
    outer loop
      vertex 4.64455 34.5 77.311
      vertex 0.565685 34.5 70.9657
      vertex 6.12293 34.5 76.7821
    endloop
  endfacet
  facet normal 0 -1 0
    outer loop
      vertex -1.56827 34.5 77.923
      vertex -0.306147 34.5 71.1391
      vertex 0 34.5 71.2
    endloop
  endfacet
  facet normal 0 -1 0
    outer loop
      vertex -3.12144 34.5 77.6926
      vertex -0.565685 34.5 70.9657
      vertex -0.306147 34.5 71.1391
    endloop
  endfacet
  facet normal 0 -1 0
    outer loop
      vertex -6.12293 34.5 76.7821
      vertex -0.739103 34.5 70.7061
      vertex -0.565685 34.5 70.9657
    endloop
  endfacet
  facet normal 0 -1 0
    outer loop
      vertex -6.5 34.5 68.5
      vertex -0.739103 34.5 70.7061
      vertex -6.12293 34.5 76.7821
    endloop
  endfacet
  facet normal 0 -1 0
    outer loop
      vertex -0.739103 34.5 70.7061
      vertex -6.5 34.5 68.5
      vertex -0.799999 34.5 70.4
    endloop
  endfacet
  facet normal 0 -1 -0
    outer loop
      vertex -0.799999 34.5 70.4
      vertex -6.5 34.5 68.5
      vertex -0.739103 34.5 70.0939
    endloop
  endfacet
  facet normal 0 -1 0
    outer loop
      vertex 6.5 34.5 68.5
      vertex 0 34.5 69.6
      vertex -6.5 34.5 68.5
    endloop
  endfacet
  facet normal 0 -1 -0
    outer loop
      vertex -0.306147 34.5 69.6609
      vertex -6.5 34.5 68.5
      vertex 0 34.5 69.6
    endloop
  endfacet
  facet normal 0 -1 -0
    outer loop
      vertex -0.565685 34.5 69.8343
      vertex -6.5 34.5 68.5
      vertex -0.306147 34.5 69.6609
    endloop
  endfacet
  facet normal 0 -1 -0
    outer loop
      vertex -0.739103 34.5 70.0939
      vertex -6.5 34.5 68.5
      vertex -0.565685 34.5 69.8343
    endloop
  endfacet
  facet normal 0 -1 0
    outer loop
      vertex -24.6788 34.5 68.4672
      vertex -6.5 34.5 68.5
      vertex -6.12293 34.5 76.7821
    endloop
  endfacet
  facet normal 0 -1 0
    outer loop
      vertex -28.9663 34.5 62.6861
      vertex -24.6788 34.5 68.4672
      vertex -25.2998 34.5 68.1734
    endloop
  endfacet
  facet normal 0 -1 0
    outer loop
      vertex -28.9663 34.5 62.6861
      vertex -25.2998 34.5 68.1734
      vertex -25.889 34.5 67.8203
    endloop
  endfacet
  facet normal 0 -1 0
    outer loop
      vertex -28.9663 34.5 62.6861
      vertex -25.889 34.5 67.8203
      vertex -26.4408 34.5 67.4111
    endloop
  endfacet
  facet normal 0 -1 0
    outer loop
      vertex -28.9663 34.5 62.6861
      vertex -26.4408 34.5 67.4111
      vertex -26.9497 34.5 66.9497
    endloop
  endfacet
  facet normal 0 -1 0
    outer loop
      vertex -28.9663 34.5 62.6861
      vertex -26.9497 34.5 66.9497
      vertex -27.4111 34.5 66.4408
    endloop
  endfacet
  facet normal 0 -1 0
    outer loop
      vertex -28.9663 34.5 62.6861
      vertex -27.4111 34.5 66.4408
      vertex -27.8203 34.5 65.889
    endloop
  endfacet
  facet normal 0 -1 0
    outer loop
      vertex -28.9663 34.5 62.6861
      vertex -27.8203 34.5 65.889
      vertex -28.1734 34.5 65.2998
    endloop
  endfacet
  facet normal 0 -1 0
    outer loop
      vertex -28.9663 34.5 62.6861
      vertex -28.1734 34.5 65.2998
      vertex -28.4672 34.5 64.6788
    endloop
  endfacet
  facet normal 0 -1 0
    outer loop
      vertex -28.9663 34.5 62.6861
      vertex -28.4672 34.5 64.6788
      vertex -28.6986 34.5 64.032
    endloop
  endfacet
  facet normal 0 -1 0
    outer loop
      vertex -28.9663 34.5 62.6861
      vertex -28.6986 34.5 64.032
      vertex -28.8655 34.5 63.3656
    endloop
  endfacet
  facet normal 0 -1 -0
    outer loop
      vertex -24.6788 34.5 68.4672
      vertex -28.9663 34.5 62.6861
      vertex -6.5 34.5 68.5
    endloop
  endfacet
  facet normal 0 -1 0
    outer loop
      vertex -28.9663 34.5 62.6861
      vertex -6.5 34.5 44.8
      vertex -6.5 34.5 68.5
    endloop
  endfacet
  facet normal 0 -1 0
    outer loop
      vertex -6.5 34.5 44.8
      vertex 0 34.5 43.4
      vertex 6.5 34.5 44.8
    endloop
  endfacet
  facet normal 0 -1 0
    outer loop
      vertex -6.5 34.5 44.8
      vertex -0.306147 34.5 43.3391
      vertex 0 34.5 43.4
    endloop
  endfacet
  facet normal 0 -1 0
    outer loop
      vertex -6.5 34.5 44.8
      vertex -0.565685 34.5 43.1657
      vertex -0.306147 34.5 43.3391
    endloop
  endfacet
  facet normal 0 -1 0
    outer loop
      vertex -6.5 34.5 44.8
      vertex -0.739103 34.5 42.9061
      vertex -0.565685 34.5 43.1657
    endloop
  endfacet
  facet normal 0 -1 0
    outer loop
      vertex -6.5 34.5 44.8
      vertex -0.799999 34.5 42.6
      vertex -0.739103 34.5 42.9061
    endloop
  endfacet
  facet normal 0 -1 0
    outer loop
      vertex -6.5 34.5 44.8
      vertex -0.739103 34.5 42.2939
      vertex -0.799999 34.5 42.6
    endloop
  endfacet
  facet normal 0 -1 0
    outer loop
      vertex -6.5 34.5 44.8
      vertex -0.565685 34.5 42.0343
      vertex -0.739103 34.5 42.2939
    endloop
  endfacet
  facet normal 0 -1 0
    outer loop
      vertex -6.5 34.5 44.8
      vertex -0.306147 34.5 41.8609
      vertex -0.565685 34.5 42.0343
    endloop
  endfacet
  facet normal 0 -1 -0
    outer loop
      vertex -0.306147 34.5 41.8609
      vertex -32 34.5 5
      vertex 0 34.5 41.8
    endloop
  endfacet
  facet normal 0 -1 -0
    outer loop
      vertex -6.5 34.5 44.8
      vertex -32 34.5 5
      vertex -0.306147 34.5 41.8609
    endloop
  endfacet
  facet normal 0 -1 0
    outer loop
      vertex -32 34.5 5
      vertex -6.5 34.5 44.8
      vertex -28.9663 34.5 62.6861
    endloop
  endfacet
  facet normal 0 -1 -0
    outer loop
      vertex 7.54235 34.5 76.1107
      vertex 0.799999 34.5 70.4
      vertex 8.88912 34.5 75.3035
    endloop
  endfacet
  facet normal 0 -1 -0
    outer loop
      vertex 8.88912 34.5 75.3035
      vertex 0.799999 34.5 70.4
      vertex 10.1503 34.5 74.3682
    endloop
  endfacet
  facet normal 0 -1 -0
    outer loop
      vertex 10.1503 34.5 74.3682
      vertex 0.799999 34.5 70.4
      vertex 11.3137 34.5 73.3137
    endloop
  endfacet
  facet normal 0 -1 0
    outer loop
      vertex 0.739103 34.5 70.0939
      vertex 11.3137 34.5 73.3137
      vertex 0.799999 34.5 70.4
    endloop
  endfacet
  facet normal 0 -1 -0
    outer loop
      vertex 11.3137 34.5 73.3137
      vertex 0.739103 34.5 70.0939
      vertex 12.3682 34.5 72.1503
    endloop
  endfacet
  facet normal 0 -1 -0
    outer loop
      vertex 12.3682 34.5 72.1503
      vertex 0.739103 34.5 70.0939
      vertex 13.3035 34.5 70.8891
    endloop
  endfacet
  facet normal 0 -1 0
    outer loop
      vertex 14.1107 34.5 69.5423
      vertex 0.739103 34.5 70.0939
      vertex 0.565685 34.5 69.8343
    endloop
  endfacet
  facet normal 0 -1 0
    outer loop
      vertex 14.1107 34.5 69.5423
      vertex 0.565685 34.5 69.8343
      vertex 0.306147 34.5 69.6609
    endloop
  endfacet
  facet normal 0 -1 0
    outer loop
      vertex 14.1107 34.5 69.5423
      vertex 0.306147 34.5 69.6609
      vertex 0 34.5 69.6
    endloop
  endfacet
  facet normal 0 -1 0
    outer loop
      vertex 0.739103 34.5 70.0939
      vertex 14.1107 34.5 69.5423
      vertex 13.3035 34.5 70.8891
    endloop
  endfacet
  facet normal 0 -1 0
    outer loop
      vertex 0 34.5 69.6
      vertex 6.5 34.5 68.5
      vertex 14.1107 34.5 69.5423
    endloop
  endfacet
  facet normal 0 -1 0
    outer loop
      vertex 6.5 34.5 68.5
      vertex 14.7821 34.5 68.1229
      vertex 14.1107 34.5 69.5423
    endloop
  endfacet
  facet normal 0 -1 0
    outer loop
      vertex 6.5 34.5 68.5
      vertex 15.311 34.5 66.6446
      vertex 14.7821 34.5 68.1229
    endloop
  endfacet
  facet normal 0 -1 0
    outer loop
      vertex 6.5 34.5 44.8
      vertex 15.311 34.5 66.6446
      vertex 6.5 34.5 68.5
    endloop
  endfacet
  facet normal 0 -1 0
    outer loop
      vertex 0.306147 34.5 43.3391
      vertex 6.5 34.5 44.8
      vertex 0 34.5 43.4
    endloop
  endfacet
  facet normal 0 -1 0
    outer loop
      vertex 0.565685 34.5 43.1657
      vertex 6.5 34.5 44.8
      vertex 0.306147 34.5 43.3391
    endloop
  endfacet
  facet normal 0 -1 0
    outer loop
      vertex 0.739103 34.5 42.9061
      vertex 6.5 34.5 44.8
      vertex 0.565685 34.5 43.1657
    endloop
  endfacet
  facet normal 0 -1 0
    outer loop
      vertex 0.799999 34.5 42.6
      vertex 6.5 34.5 44.8
      vertex 0.739103 34.5 42.9061
    endloop
  endfacet
  facet normal 0 -1 0
    outer loop
      vertex 0.739103 34.5 42.2939
      vertex 6.5 34.5 44.8
      vertex 0.799999 34.5 42.6
    endloop
  endfacet
  facet normal 0 -1 0
    outer loop
      vertex 0.565685 34.5 42.0343
      vertex 6.5 34.5 44.8
      vertex 0.739103 34.5 42.2939
    endloop
  endfacet
  facet normal 0 -1 0
    outer loop
      vertex 0.306147 34.5 41.8609
      vertex 6.5 34.5 44.8
      vertex 0.565685 34.5 42.0343
    endloop
  endfacet
  facet normal 0 -1 0
    outer loop
      vertex 32 34.5 5
      vertex 0 34.5 41.8
      vertex -32 34.5 5
    endloop
  endfacet
  facet normal 0 -1 0
    outer loop
      vertex 0 34.5 41.8
      vertex 32 34.5 5
      vertex 0.306147 34.5 41.8609
    endloop
  endfacet
  facet normal 0 -1 0
    outer loop
      vertex 6.5 34.5 44.8
      vertex 32 34.5 5
      vertex 15.311 34.5 66.6446
    endloop
  endfacet
  facet normal 0 -1 0
    outer loop
      vertex 0.306147 34.5 41.8609
      vertex 32 34.5 5
      vertex 6.5 34.5 44.8
    endloop
  endfacet
  facet normal 0 -1 0
    outer loop
      vertex -32 34.5 4
      vertex 32 34.5 5
      vertex -32 34.5 5
    endloop
  endfacet
  facet normal 0 -1 -0
    outer loop
      vertex 32 34.5 5
      vertex -32 34.5 4
      vertex 32 34.5 4
    endloop
  endfacet
  facet normal -0.427661 0 0.903939
    outer loop
      vertex -25.2998 37.5 68.1734
      vertex -24.6788 34.5 68.4672
      vertex -24.6788 37.5 68.4672
    endloop
  endfacet
  facet normal -0.427661 0 0.903939
    outer loop
      vertex -24.6788 34.5 68.4672
      vertex -25.2998 37.5 68.1734
      vertex -25.2998 34.5 68.1734
    endloop
  endfacet
  facet normal 0.427589 0 0.903973
    outer loop
      vertex 6.12293 37.5 76.7821
      vertex 7.54235 34.5 76.1107
      vertex 7.54235 37.5 76.1107
    endloop
  endfacet
  facet normal 0.427589 0 0.903973
    outer loop
      vertex 7.54235 34.5 76.1107
      vertex 6.12293 37.5 76.7821
      vertex 6.12293 34.5 76.7821
    endloop
  endfacet
  facet normal -0.857763 0 0.514046
    outer loop
      vertex -28.1734 34.5 65.2998
      vertex -27.8203 37.5 65.889
      vertex -28.1734 37.5 65.2998
    endloop
  endfacet
  facet normal -0.857763 0 0.514046
    outer loop
      vertex -27.8203 37.5 65.889
      vertex -28.1734 34.5 65.2998
      vertex -27.8203 34.5 65.889
    endloop
  endfacet
  facet normal -0.514046 0 0.857763
    outer loop
      vertex -25.889 37.5 67.8203
      vertex -25.2998 34.5 68.1734
      vertex -25.2998 37.5 68.1734
    endloop
  endfacet
  facet normal -0.514046 0 0.857763
    outer loop
      vertex -25.2998 34.5 68.1734
      vertex -25.889 37.5 67.8203
      vertex -25.889 34.5 67.8203
    endloop
  endfacet
  facet normal -0.595659 0 0.803237
    outer loop
      vertex -26.4408 37.5 67.4111
      vertex -25.889 34.5 67.8203
      vertex -25.889 37.5 67.8203
    endloop
  endfacet
  facet normal -0.595659 0 0.803237
    outer loop
      vertex -25.889 34.5 67.8203
      vertex -26.4408 37.5 67.4111
      vertex -26.4408 34.5 67.4111
    endloop
  endfacet
  facet normal -1 0 0
    outer loop
      vertex 6.5 34.5 44.8
      vertex 6.5 37.5 68.5
      vertex 6.5 37.5 44.8
    endloop
  endfacet
  facet normal -1 -0 0
    outer loop
      vertex 6.5 37.5 68.5
      vertex 6.5 34.5 44.8
      vertex 6.5 34.5 68.5
    endloop
  endfacet
  facet normal 0 0 -1
    outer loop
      vertex -6.5 34.5 68.5
      vertex 6.5 37.5 68.5
      vertex 6.5 34.5 68.5
    endloop
  endfacet
  facet normal -0 0 -1
    outer loop
      vertex 6.5 37.5 68.5
      vertex -6.5 34.5 68.5
      vertex -6.5 37.5 68.5
    endloop
  endfacet
  facet normal -0 0 1
    outer loop
      vertex -6.5 37.5 44.8
      vertex 6.5 34.5 44.8
      vertex 6.5 37.5 44.8
    endloop
  endfacet
  facet normal 0 0 1
    outer loop
      vertex 6.5 34.5 44.8
      vertex -6.5 37.5 44.8
      vertex -6.5 34.5 44.8
    endloop
  endfacet
  facet normal 1 -0 0
    outer loop
      vertex -6.5 34.5 68.5
      vertex -6.5 37.5 44.8
      vertex -6.5 37.5 68.5
    endloop
  endfacet
  facet normal 1 0 0
    outer loop
      vertex -6.5 37.5 44.8
      vertex -6.5 34.5 68.5
      vertex -6.5 34.5 44.8
    endloop
  endfacet
  facet normal -1 0 0
    outer loop
      vertex -25.5 37.5 54
      vertex -25.5 48.7205 4
      vertex -25.5 37.5 4
    endloop
  endfacet
  facet normal -1 0 0
    outer loop
      vertex -25.5 48.7205 4
      vertex -25.5 37.5 54
      vertex -25.5 51.5 4
    endloop
  endfacet
  facet normal 1 0 0
    outer loop
      vertex -22.5 37.5 54
      vertex -22.5 50.1696 4
      vertex -22.5 51.5 4
    endloop
  endfacet
  facet normal 1 0 0
    outer loop
      vertex -22.5 50.1696 4
      vertex -22.5 37.5 54
      vertex -22.5 37.5 4
    endloop
  endfacet
  facet normal 0 0.962964 0.26963
    outer loop
      vertex -22.5 51.5 4
      vertex -25.5 37.5 54
      vertex -22.5 37.5 54
    endloop
  endfacet
  facet normal 0 0.962964 0.26963
    outer loop
      vertex -25.5 37.5 54
      vertex -22.5 51.5 4
      vertex -25.5 51.5 4
    endloop
  endfacet
  facet normal -1 0 0
    outer loop
      vertex 22.5 37.5 40.0905
      vertex 22.5 50.1696 4
      vertex 22.5 37.5 4
    endloop
  endfacet
  facet normal -1 0 0
    outer loop
      vertex 22.5 50.1696 4
      vertex 22.5 37.5 40.0905
      vertex 22.5 51.5 4
    endloop
  endfacet
  facet normal -1 0 0
    outer loop
      vertex 22.5 51.5 4
      vertex 22.5 37.5 40.0905
      vertex 22.5 37.5 54
    endloop
  endfacet
  facet normal 1 -0 0
    outer loop
      vertex 25.5 37.5 29.0093
      vertex 25.5 51.5 4
      vertex 25.5 37.5 54
    endloop
  endfacet
  facet normal 1 0 0
    outer loop
      vertex 25.5 51.5 4
      vertex 25.5 37.5 29.0093
      vertex 25.5 48.7205 4
    endloop
  endfacet
  facet normal 1 0 0
    outer loop
      vertex 25.5 48.7205 4
      vertex 25.5 37.5 29.0093
      vertex 25.5 37.5 4
    endloop
  endfacet
  facet normal 0 0.962964 0.26963
    outer loop
      vertex 25.5 51.5 4
      vertex 22.5 37.5 54
      vertex 25.5 37.5 54
    endloop
  endfacet
  facet normal 0 0.962964 0.26963
    outer loop
      vertex 22.5 37.5 54
      vertex 25.5 51.5 4
      vertex 22.5 51.5 4
    endloop
  endfacet
  facet normal 0.970068 -0 0.242835
    outer loop
      vertex -16.1722 1.5 63.1611
      vertex -16.0769 4.5 62.7804
      vertex -16.1722 4.5 63.1611
    endloop
  endfacet
  facet normal 0.970068 0 0.242835
    outer loop
      vertex -16.0769 4.5 62.7804
      vertex -16.1722 1.5 63.1611
      vertex -16.0769 1.5 62.7804
    endloop
  endfacet
  facet normal 0.997557 -0 0.0698612
    outer loop
      vertex -16.0193 1.5 62.3921
      vertex -12 4.5 5
      vertex -16.0193 4.5 62.3921
    endloop
  endfacet
  facet normal 0.997557 0 0.0698612
    outer loop
      vertex -12 4.5 5
      vertex -16.0193 1.5 62.3921
      vertex -12 1.5 5
    endloop
  endfacet
  facet normal -1 0 0
    outer loop
      vertex -28 1.5 4
      vertex -28 4.5 5
      vertex -28 4.5 4
    endloop
  endfacet
  facet normal -1 -0 0
    outer loop
      vertex -28 4.5 5
      vertex -28 1.5 4
      vertex -28 1.5 5
    endloop
  endfacet
  facet normal -0.671607 0 0.740908
    outer loop
      vertex -22.8284 4.5 64.8284
      vertex -22.5376 1.5 65.092
      vertex -22.5376 4.5 65.092
    endloop
  endfacet
  facet normal -0.671607 0 0.740908
    outer loop
      vertex -22.5376 1.5 65.092
      vertex -22.8284 4.5 64.8284
      vertex -22.8284 1.5 64.8284
    endloop
  endfacet
  facet normal -0.42744 0 0.904044
    outer loop
      vertex -21.8856 4.5 65.5277
      vertex -21.5307 1.5 65.6955
      vertex -21.5307 4.5 65.6955
    endloop
  endfacet
  facet normal -0.42744 0 0.904044
    outer loop
      vertex -21.5307 1.5 65.6955
      vertex -21.8856 4.5 65.5277
      vertex -21.8856 1.5 65.5277
    endloop
  endfacet
  facet normal 0.595794 0 0.803137
    outer loop
      vertex -17.7777 4.5 65.3259
      vertex -17.4624 1.5 65.092
      vertex -17.4624 4.5 65.092
    endloop
  endfacet
  facet normal 0.595794 0 0.803137
    outer loop
      vertex -17.4624 1.5 65.092
      vertex -17.7777 4.5 65.3259
      vertex -17.7777 1.5 65.3259
    endloop
  endfacet
  facet normal 0.740908 -0 0.671607
    outer loop
      vertex -17.1716 1.5 64.8284
      vertex -16.908 4.5 64.5376
      vertex -17.1716 4.5 64.8284
    endloop
  endfacet
  facet normal 0.740908 0 0.671607
    outer loop
      vertex -16.908 4.5 64.5376
      vertex -17.1716 1.5 64.8284
      vertex -16.908 1.5 64.5376
    endloop
  endfacet
  facet normal -0.904044 0 0.42744
    outer loop
      vertex -23.6955 1.5 63.5307
      vertex -23.5277 4.5 63.8856
      vertex -23.6955 4.5 63.5307
    endloop
  endfacet
  facet normal -0.904044 0 0.42744
    outer loop
      vertex -23.5277 4.5 63.8856
      vertex -23.6955 1.5 63.5307
      vertex -23.5277 1.5 63.8856
    endloop
  endfacet
  facet normal -0.242835 0 0.970068
    outer loop
      vertex -21.1611 4.5 65.8278
      vertex -20.7804 1.5 65.9231
      vertex -20.7804 4.5 65.9231
    endloop
  endfacet
  facet normal -0.242835 0 0.970068
    outer loop
      vertex -20.7804 1.5 65.9231
      vertex -21.1611 4.5 65.8278
      vertex -21.1611 1.5 65.8278
    endloop
  endfacet
  facet normal -0.997557 0 0.0698612
    outer loop
      vertex -28 1.5 5
      vertex -23.9807 4.5 62.3921
      vertex -28 4.5 5
    endloop
  endfacet
  facet normal -0.997557 0 0.0698612
    outer loop
      vertex -23.9807 4.5 62.3921
      vertex -28 1.5 5
      vertex -23.9807 1.5 62.3921
    endloop
  endfacet
  facet normal 1 -0 0
    outer loop
      vertex -12 1.5 5
      vertex -12 4.5 4
      vertex -12 4.5 5
    endloop
  endfacet
  facet normal 1 0 0
    outer loop
      vertex -12 4.5 4
      vertex -12 1.5 5
      vertex -12 1.5 4
    endloop
  endfacet
  facet normal 1 -0 0
    outer loop
      vertex -12 1.5 1.69
      vertex -12 2.51298 0
      vertex -12 2.51298 1.69
    endloop
  endfacet
  facet normal 1 0 0
    outer loop
      vertex -12 2.51298 0
      vertex -12 1.5 1.69
      vertex -12 1.5 0
    endloop
  endfacet
  facet normal 0.146733 0 0.989176
    outer loop
      vertex -19.6079 4.5 65.9807
      vertex -19.2196 1.5 65.9231
      vertex -19.2196 4.5 65.9231
    endloop
  endfacet
  facet normal 0.146733 0 0.989176
    outer loop
      vertex -19.2196 1.5 65.9231
      vertex -19.6079 4.5 65.9807
      vertex -19.6079 1.5 65.9807
    endloop
  endfacet
  facet normal -0.989176 0 0.146733
    outer loop
      vertex -23.9807 1.5 62.3921
      vertex -23.9231 4.5 62.7804
      vertex -23.9807 4.5 62.3921
    endloop
  endfacet
  facet normal -0.989176 0 0.146733
    outer loop
      vertex -23.9231 4.5 62.7804
      vertex -23.9807 1.5 62.3921
      vertex -23.9231 1.5 62.7804
    endloop
  endfacet
  facet normal 0.989176 -0 0.146733
    outer loop
      vertex -16.0769 1.5 62.7804
      vertex -16.0193 4.5 62.3921
      vertex -16.0769 4.5 62.7804
    endloop
  endfacet
  facet normal 0.989176 0 0.146733
    outer loop
      vertex -16.0193 4.5 62.3921
      vertex -16.0769 1.5 62.7804
      vertex -16.0193 1.5 62.3921
    endloop
  endfacet
  facet normal -0.337014 0 0.9415
    outer loop
      vertex -21.5307 4.5 65.6955
      vertex -21.1611 1.5 65.8278
      vertex -21.1611 4.5 65.8278
    endloop
  endfacet
  facet normal -0.337014 0 0.9415
    outer loop
      vertex -21.1611 1.5 65.8278
      vertex -21.5307 4.5 65.6955
      vertex -21.5307 1.5 65.6955
    endloop
  endfacet
  facet normal -0.803137 0 0.595794
    outer loop
      vertex -23.3259 1.5 64.2223
      vertex -23.092 4.5 64.5376
      vertex -23.3259 4.5 64.2223
    endloop
  endfacet
  facet normal -0.803137 0 0.595794
    outer loop
      vertex -23.092 4.5 64.5376
      vertex -23.3259 1.5 64.2223
      vertex -23.092 1.5 64.5376
    endloop
  endfacet
  facet normal 0.9415 -0 0.337014
    outer loop
      vertex -16.3045 1.5 63.5307
      vertex -16.1722 4.5 63.1611
      vertex -16.3045 4.5 63.5307
    endloop
  endfacet
  facet normal 0.9415 0 0.337014
    outer loop
      vertex -16.1722 4.5 63.1611
      vertex -16.3045 1.5 63.5307
      vertex -16.1722 1.5 63.1611
    endloop
  endfacet
  facet normal -0.146733 0 0.989176
    outer loop
      vertex -20.7804 4.5 65.9231
      vertex -20.3921 1.5 65.9807
      vertex -20.3921 4.5 65.9807
    endloop
  endfacet
  facet normal -0.146733 0 0.989176
    outer loop
      vertex -20.3921 1.5 65.9807
      vertex -20.7804 4.5 65.9231
      vertex -20.7804 1.5 65.9231
    endloop
  endfacet
  facet normal 0.803137 -0 0.595794
    outer loop
      vertex -16.908 1.5 64.5376
      vertex -16.6741 4.5 64.2223
      vertex -16.908 4.5 64.5376
    endloop
  endfacet
  facet normal 0.803137 0 0.595794
    outer loop
      vertex -16.6741 4.5 64.2223
      vertex -16.908 1.5 64.5376
      vertex -16.6741 1.5 64.2223
    endloop
  endfacet
  facet normal -0.85774 0 0.514084
    outer loop
      vertex -23.5277 1.5 63.8856
      vertex -23.3259 4.5 64.2223
      vertex -23.5277 4.5 63.8856
    endloop
  endfacet
  facet normal -0.85774 0 0.514084
    outer loop
      vertex -23.3259 4.5 64.2223
      vertex -23.5277 1.5 63.8856
      vertex -23.3259 1.5 64.2223
    endloop
  endfacet
  facet normal -0.514084 0 0.85774
    outer loop
      vertex -22.2223 4.5 65.3259
      vertex -21.8856 1.5 65.5277
      vertex -21.8856 4.5 65.5277
    endloop
  endfacet
  facet normal -0.514084 0 0.85774
    outer loop
      vertex -21.8856 1.5 65.5277
      vertex -22.2223 4.5 65.3259
      vertex -22.2223 1.5 65.3259
    endloop
  endfacet
  facet normal 0.242835 0 0.970068
    outer loop
      vertex -19.2196 4.5 65.9231
      vertex -18.8389 1.5 65.8278
      vertex -18.8389 4.5 65.8278
    endloop
  endfacet
  facet normal 0.242835 0 0.970068
    outer loop
      vertex -18.8389 1.5 65.8278
      vertex -19.2196 4.5 65.9231
      vertex -19.2196 1.5 65.9231
    endloop
  endfacet
  facet normal 0.85774 -0 0.514084
    outer loop
      vertex -16.6741 1.5 64.2223
      vertex -16.4723 4.5 63.8856
      vertex -16.6741 4.5 64.2223
    endloop
  endfacet
  facet normal 0.85774 0 0.514084
    outer loop
      vertex -16.4723 4.5 63.8856
      vertex -16.6741 1.5 64.2223
      vertex -16.4723 1.5 63.8856
    endloop
  endfacet
  facet normal 0 -1 0
    outer loop
      vertex -20 1.5 63.6
      vertex -20 1.5 66
      vertex -20.3921 1.5 65.9807
    endloop
  endfacet
  facet normal 0 -1 0
    outer loop
      vertex -20.1568 1.5 63.5923
      vertex -20.3921 1.5 65.9807
      vertex -20.7804 1.5 65.9231
    endloop
  endfacet
  facet normal 0 -1 0
    outer loop
      vertex -20 1.5 66
      vertex -20 1.5 63.6
      vertex -19.6079 1.5 65.9807
    endloop
  endfacet
  facet normal 0 -1 0
    outer loop
      vertex -20.3121 1.5 63.5693
      vertex -20.7804 1.5 65.9231
      vertex -21.1611 1.5 65.8278
    endloop
  endfacet
  facet normal 0 -1 0
    outer loop
      vertex -19.8432 1.5 63.5923
      vertex -19.6079 1.5 65.9807
      vertex -20 1.5 63.6
    endloop
  endfacet
  facet normal 0 -1 0
    outer loop
      vertex -20.4645 1.5 63.5311
      vertex -21.1611 1.5 65.8278
      vertex -21.5307 1.5 65.6955
    endloop
  endfacet
  facet normal 0 -1 -0
    outer loop
      vertex -19.6079 1.5 65.9807
      vertex -19.8432 1.5 63.5923
      vertex -19.2196 1.5 65.9231
    endloop
  endfacet
  facet normal 0 -1 0
    outer loop
      vertex -20.6123 1.5 63.4782
      vertex -21.5307 1.5 65.6955
      vertex -21.8856 1.5 65.5277
    endloop
  endfacet
  facet normal 0 -1 0
    outer loop
      vertex -19.6879 1.5 63.5693
      vertex -19.2196 1.5 65.9231
      vertex -19.8432 1.5 63.5923
    endloop
  endfacet
  facet normal 0 -1 0
    outer loop
      vertex -20.7542 1.5 63.4111
      vertex -21.8856 1.5 65.5277
      vertex -22.2223 1.5 65.3259
    endloop
  endfacet
  facet normal 0 -1 -0
    outer loop
      vertex -19.2196 1.5 65.9231
      vertex -19.6879 1.5 63.5693
      vertex -18.8389 1.5 65.8278
    endloop
  endfacet
  facet normal 0 -1 0
    outer loop
      vertex -20.8889 1.5 63.3304
      vertex -22.2223 1.5 65.3259
      vertex -22.5376 1.5 65.092
    endloop
  endfacet
  facet normal 0 -1 0
    outer loop
      vertex -19.5355 1.5 63.5311
      vertex -18.8389 1.5 65.8278
      vertex -19.6879 1.5 63.5693
    endloop
  endfacet
  facet normal 0 -1 0
    outer loop
      vertex -21.015 1.5 63.2368
      vertex -22.5376 1.5 65.092
      vertex -22.8284 1.5 64.8284
    endloop
  endfacet
  facet normal 0 -1 -0
    outer loop
      vertex -18.8389 1.5 65.8278
      vertex -19.5355 1.5 63.5311
      vertex -18.4693 1.5 65.6955
    endloop
  endfacet
  facet normal 0 -1 0
    outer loop
      vertex -21.1314 1.5 63.1314
      vertex -22.8284 1.5 64.8284
      vertex -23.092 1.5 64.5376
    endloop
  endfacet
  facet normal 0 -1 0
    outer loop
      vertex -19.3877 1.5 63.4782
      vertex -18.4693 1.5 65.6955
      vertex -19.5355 1.5 63.5311
    endloop
  endfacet
  facet normal 0 -1 0
    outer loop
      vertex -21.2368 1.5 63.015
      vertex -23.092 1.5 64.5376
      vertex -23.3259 1.5 64.2223
    endloop
  endfacet
  facet normal 0 -1 -0
    outer loop
      vertex -18.4693 1.5 65.6955
      vertex -19.3877 1.5 63.4782
      vertex -18.1144 1.5 65.5277
    endloop
  endfacet
  facet normal 0 -1 0
    outer loop
      vertex -21.3304 1.5 62.8889
      vertex -23.3259 1.5 64.2223
      vertex -23.5277 1.5 63.8856
    endloop
  endfacet
  facet normal 0 -1 0
    outer loop
      vertex -19.2458 1.5 63.4111
      vertex -18.1144 1.5 65.5277
      vertex -19.3877 1.5 63.4782
    endloop
  endfacet
  facet normal 0 -1 -0
    outer loop
      vertex -18.1144 1.5 65.5277
      vertex -19.2458 1.5 63.4111
      vertex -17.7777 1.5 65.3259
    endloop
  endfacet
  facet normal 0 -1 0
    outer loop
      vertex -20.3921 1.5 65.9807
      vertex -20.1568 1.5 63.5923
      vertex -20 1.5 63.6
    endloop
  endfacet
  facet normal 0 -1 0
    outer loop
      vertex -20.7804 1.5 65.9231
      vertex -20.3121 1.5 63.5693
      vertex -20.1568 1.5 63.5923
    endloop
  endfacet
  facet normal 0 -1 0
    outer loop
      vertex -21.1611 1.5 65.8278
      vertex -20.4645 1.5 63.5311
      vertex -20.3121 1.5 63.5693
    endloop
  endfacet
  facet normal 0 -1 0
    outer loop
      vertex -21.4111 1.5 62.7542
      vertex -23.5277 1.5 63.8856
      vertex -23.6955 1.5 63.5307
    endloop
  endfacet
  facet normal 0 -1 0
    outer loop
      vertex -21.5307 1.5 65.6955
      vertex -20.6123 1.5 63.4782
      vertex -20.4645 1.5 63.5311
    endloop
  endfacet
  facet normal 0 -1 0
    outer loop
      vertex -21.8856 1.5 65.5277
      vertex -20.7542 1.5 63.4111
      vertex -20.6123 1.5 63.4782
    endloop
  endfacet
  facet normal 0 -1 0
    outer loop
      vertex -22.2223 1.5 65.3259
      vertex -20.8889 1.5 63.3304
      vertex -20.7542 1.5 63.4111
    endloop
  endfacet
  facet normal 0 -1 0
    outer loop
      vertex -22.5376 1.5 65.092
      vertex -21.015 1.5 63.2368
      vertex -20.8889 1.5 63.3304
    endloop
  endfacet
  facet normal 0 -1 0
    outer loop
      vertex -21.4782 1.5 62.6123
      vertex -23.6955 1.5 63.5307
      vertex -23.8278 1.5 63.1611
    endloop
  endfacet
  facet normal 0 -1 0
    outer loop
      vertex -22.8284 1.5 64.8284
      vertex -21.1314 1.5 63.1314
      vertex -21.015 1.5 63.2368
    endloop
  endfacet
  facet normal 0 -1 0
    outer loop
      vertex -23.092 1.5 64.5376
      vertex -21.2368 1.5 63.015
      vertex -21.1314 1.5 63.1314
    endloop
  endfacet
  facet normal 0 -1 0
    outer loop
      vertex -23.3259 1.5 64.2223
      vertex -21.3304 1.5 62.8889
      vertex -21.2368 1.5 63.015
    endloop
  endfacet
  facet normal 0 -1 0
    outer loop
      vertex -21.5311 1.5 62.4645
      vertex -23.8278 1.5 63.1611
      vertex -23.9231 1.5 62.7804
    endloop
  endfacet
  facet normal 0 -1 0
    outer loop
      vertex -23.5277 1.5 63.8856
      vertex -21.4111 1.5 62.7542
      vertex -21.3304 1.5 62.8889
    endloop
  endfacet
  facet normal 0 -1 0
    outer loop
      vertex -23.6955 1.5 63.5307
      vertex -21.4782 1.5 62.6123
      vertex -21.4111 1.5 62.7542
    endloop
  endfacet
  facet normal 0 -1 0
    outer loop
      vertex -23.8278 1.5 63.1611
      vertex -21.5311 1.5 62.4645
      vertex -21.4782 1.5 62.6123
    endloop
  endfacet
  facet normal 0 -1 0
    outer loop
      vertex -21.5693 1.5 62.3121
      vertex -23.9231 1.5 62.7804
      vertex -23.9807 1.5 62.3921
    endloop
  endfacet
  facet normal 0 -1 0
    outer loop
      vertex -23.9231 1.5 62.7804
      vertex -21.5693 1.5 62.3121
      vertex -21.5311 1.5 62.4645
    endloop
  endfacet
  facet normal 0 -1 0
    outer loop
      vertex -23.9807 1.5 62.3921
      vertex -21.5923 1.5 62.1568
      vertex -21.5693 1.5 62.3121
    endloop
  endfacet
  facet normal 0 -1 0
    outer loop
      vertex -23.9807 1.5 62.3921
      vertex -21.6 1.5 62
      vertex -21.5923 1.5 62.1568
    endloop
  endfacet
  facet normal 0 -1 0
    outer loop
      vertex -23.9807 1.5 62.3921
      vertex -21.5923 1.5 61.8432
      vertex -21.6 1.5 62
    endloop
  endfacet
  facet normal 0 -1 0
    outer loop
      vertex -23.9807 1.5 62.3921
      vertex -21.5693 1.5 61.6879
      vertex -21.5923 1.5 61.8432
    endloop
  endfacet
  facet normal 0 -1 0
    outer loop
      vertex -23.9807 1.5 62.3921
      vertex -21.5311 1.5 61.5355
      vertex -21.5693 1.5 61.6879
    endloop
  endfacet
  facet normal 0 -1 0
    outer loop
      vertex -23.9807 1.5 62.3921
      vertex -21.4782 1.5 61.3877
      vertex -21.5311 1.5 61.5355
    endloop
  endfacet
  facet normal 0 -1 0
    outer loop
      vertex -23.9807 1.5 62.3921
      vertex -21.4111 1.5 61.2458
      vertex -21.4782 1.5 61.3877
    endloop
  endfacet
  facet normal 0 -1 0
    outer loop
      vertex -23.9807 1.5 62.3921
      vertex -21.3304 1.5 61.1111
      vertex -21.4111 1.5 61.2458
    endloop
  endfacet
  facet normal 0 -1 0
    outer loop
      vertex -23.9807 1.5 62.3921
      vertex -21.2368 1.5 60.985
      vertex -21.3304 1.5 61.1111
    endloop
  endfacet
  facet normal 0 -1 0
    outer loop
      vertex -23.9807 1.5 62.3921
      vertex -21.1314 1.5 60.8686
      vertex -21.2368 1.5 60.985
    endloop
  endfacet
  facet normal 0 -1 0
    outer loop
      vertex -23.9807 1.5 62.3921
      vertex -21.015 1.5 60.7632
      vertex -21.1314 1.5 60.8686
    endloop
  endfacet
  facet normal 0 -1 0
    outer loop
      vertex -23.9807 1.5 62.3921
      vertex -20.8889 1.5 60.6696
      vertex -21.015 1.5 60.7632
    endloop
  endfacet
  facet normal 0 -1 0
    outer loop
      vertex -28 1.5 5
      vertex -20.8889 1.5 60.6696
      vertex -23.9807 1.5 62.3921
    endloop
  endfacet
  facet normal 0 -1 -0
    outer loop
      vertex -20.1568 1.5 60.4077
      vertex -28 1.5 5
      vertex -20 1.5 60.4
    endloop
  endfacet
  facet normal 0 -1 -0
    outer loop
      vertex -20.3121 1.5 60.4307
      vertex -28 1.5 5
      vertex -20.1568 1.5 60.4077
    endloop
  endfacet
  facet normal 0 -1 -0
    outer loop
      vertex -20.4645 1.5 60.4689
      vertex -28 1.5 5
      vertex -20.3121 1.5 60.4307
    endloop
  endfacet
  facet normal 0 -1 -0
    outer loop
      vertex -20.6123 1.5 60.5218
      vertex -28 1.5 5
      vertex -20.4645 1.5 60.4689
    endloop
  endfacet
  facet normal 0 -1 -0
    outer loop
      vertex -20.7542 1.5 60.5889
      vertex -28 1.5 5
      vertex -20.6123 1.5 60.5218
    endloop
  endfacet
  facet normal 0 -1 -0
    outer loop
      vertex -20.8889 1.5 60.6696
      vertex -28 1.5 5
      vertex -20.7542 1.5 60.5889
    endloop
  endfacet
  facet normal 0 -1 0
    outer loop
      vertex -19.1111 1.5 63.3304
      vertex -17.7777 1.5 65.3259
      vertex -19.2458 1.5 63.4111
    endloop
  endfacet
  facet normal 0 -1 -0
    outer loop
      vertex -17.7777 1.5 65.3259
      vertex -19.1111 1.5 63.3304
      vertex -17.4624 1.5 65.092
    endloop
  endfacet
  facet normal 0 -1 0
    outer loop
      vertex -18.985 1.5 63.2368
      vertex -17.4624 1.5 65.092
      vertex -19.1111 1.5 63.3304
    endloop
  endfacet
  facet normal 0 -1 -0
    outer loop
      vertex -17.4624 1.5 65.092
      vertex -18.985 1.5 63.2368
      vertex -17.1716 1.5 64.8284
    endloop
  endfacet
  facet normal 0 -1 0
    outer loop
      vertex -18.8686 1.5 63.1314
      vertex -17.1716 1.5 64.8284
      vertex -18.985 1.5 63.2368
    endloop
  endfacet
  facet normal 0 -1 -0
    outer loop
      vertex -17.1716 1.5 64.8284
      vertex -18.8686 1.5 63.1314
      vertex -16.908 1.5 64.5376
    endloop
  endfacet
  facet normal 0 -1 0
    outer loop
      vertex -18.7632 1.5 63.015
      vertex -16.908 1.5 64.5376
      vertex -18.8686 1.5 63.1314
    endloop
  endfacet
  facet normal 0 -1 -0
    outer loop
      vertex -16.908 1.5 64.5376
      vertex -18.7632 1.5 63.015
      vertex -16.6741 1.5 64.2223
    endloop
  endfacet
  facet normal 0 -1 0
    outer loop
      vertex -18.6696 1.5 62.8889
      vertex -16.6741 1.5 64.2223
      vertex -18.7632 1.5 63.015
    endloop
  endfacet
  facet normal 0 -1 -0
    outer loop
      vertex -16.6741 1.5 64.2223
      vertex -18.6696 1.5 62.8889
      vertex -16.4723 1.5 63.8856
    endloop
  endfacet
  facet normal 0 -1 0
    outer loop
      vertex -18.5889 1.5 62.7542
      vertex -16.4723 1.5 63.8856
      vertex -18.6696 1.5 62.8889
    endloop
  endfacet
  facet normal 0 -1 -0
    outer loop
      vertex -16.4723 1.5 63.8856
      vertex -18.5889 1.5 62.7542
      vertex -16.3045 1.5 63.5307
    endloop
  endfacet
  facet normal 0 -1 0
    outer loop
      vertex -18.5218 1.5 62.6123
      vertex -16.3045 1.5 63.5307
      vertex -18.5889 1.5 62.7542
    endloop
  endfacet
  facet normal 0 -1 -0
    outer loop
      vertex -16.3045 1.5 63.5307
      vertex -18.5218 1.5 62.6123
      vertex -16.1722 1.5 63.1611
    endloop
  endfacet
  facet normal 0 -1 0
    outer loop
      vertex -18.4689 1.5 62.4645
      vertex -16.1722 1.5 63.1611
      vertex -18.5218 1.5 62.6123
    endloop
  endfacet
  facet normal 0 -1 -0
    outer loop
      vertex -16.1722 1.5 63.1611
      vertex -18.4689 1.5 62.4645
      vertex -16.0769 1.5 62.7804
    endloop
  endfacet
  facet normal 0 -1 0
    outer loop
      vertex -18.4307 1.5 62.3121
      vertex -16.0769 1.5 62.7804
      vertex -18.4689 1.5 62.4645
    endloop
  endfacet
  facet normal 0 -1 -0
    outer loop
      vertex -16.0769 1.5 62.7804
      vertex -18.4307 1.5 62.3121
      vertex -16.0193 1.5 62.3921
    endloop
  endfacet
  facet normal 0 -1 0
    outer loop
      vertex -18.4077 1.5 62.1568
      vertex -16.0193 1.5 62.3921
      vertex -18.4307 1.5 62.3121
    endloop
  endfacet
  facet normal 0 -1 0
    outer loop
      vertex -18.4 1.5 62
      vertex -16.0193 1.5 62.3921
      vertex -18.4077 1.5 62.1568
    endloop
  endfacet
  facet normal 0 -1 0
    outer loop
      vertex -18.4077 1.5 61.8432
      vertex -16.0193 1.5 62.3921
      vertex -18.4 1.5 62
    endloop
  endfacet
  facet normal 0 -1 0
    outer loop
      vertex -18.4307 1.5 61.6879
      vertex -16.0193 1.5 62.3921
      vertex -18.4077 1.5 61.8432
    endloop
  endfacet
  facet normal 0 -1 0
    outer loop
      vertex -18.4689 1.5 61.5355
      vertex -16.0193 1.5 62.3921
      vertex -18.4307 1.5 61.6879
    endloop
  endfacet
  facet normal 0 -1 0
    outer loop
      vertex -18.5218 1.5 61.3877
      vertex -16.0193 1.5 62.3921
      vertex -18.4689 1.5 61.5355
    endloop
  endfacet
  facet normal 0 -1 0
    outer loop
      vertex -18.5889 1.5 61.2458
      vertex -16.0193 1.5 62.3921
      vertex -18.5218 1.5 61.3877
    endloop
  endfacet
  facet normal 0 -1 0
    outer loop
      vertex -18.6696 1.5 61.1111
      vertex -16.0193 1.5 62.3921
      vertex -18.5889 1.5 61.2458
    endloop
  endfacet
  facet normal 0 -1 0
    outer loop
      vertex -18.7632 1.5 60.985
      vertex -16.0193 1.5 62.3921
      vertex -18.6696 1.5 61.1111
    endloop
  endfacet
  facet normal 0 -1 0
    outer loop
      vertex -18.8686 1.5 60.8686
      vertex -16.0193 1.5 62.3921
      vertex -18.7632 1.5 60.985
    endloop
  endfacet
  facet normal 0 -1 0
    outer loop
      vertex -18.985 1.5 60.7632
      vertex -16.0193 1.5 62.3921
      vertex -18.8686 1.5 60.8686
    endloop
  endfacet
  facet normal 0 -1 0
    outer loop
      vertex -19.1111 1.5 60.6696
      vertex -16.0193 1.5 62.3921
      vertex -18.985 1.5 60.7632
    endloop
  endfacet
  facet normal 0 -1 0
    outer loop
      vertex -12 1.5 5
      vertex -19.1111 1.5 60.6696
      vertex -19.2458 1.5 60.5889
    endloop
  endfacet
  facet normal 0 -1 0
    outer loop
      vertex -12 1.5 5
      vertex -20 1.5 60.4
      vertex -28 1.5 5
    endloop
  endfacet
  facet normal 0 -1 0
    outer loop
      vertex -20 1.5 60.4
      vertex -12 1.5 5
      vertex -19.8432 1.5 60.4077
    endloop
  endfacet
  facet normal 0 -1 0
    outer loop
      vertex -19.8432 1.5 60.4077
      vertex -12 1.5 5
      vertex -19.6879 1.5 60.4307
    endloop
  endfacet
  facet normal 0 -1 0
    outer loop
      vertex -19.6879 1.5 60.4307
      vertex -12 1.5 5
      vertex -19.5355 1.5 60.4689
    endloop
  endfacet
  facet normal 0 -1 0
    outer loop
      vertex -19.5355 1.5 60.4689
      vertex -12 1.5 5
      vertex -19.3877 1.5 60.5218
    endloop
  endfacet
  facet normal 0 -1 0
    outer loop
      vertex -19.3877 1.5 60.5218
      vertex -12 1.5 5
      vertex -19.2458 1.5 60.5889
    endloop
  endfacet
  facet normal 0 -1 0
    outer loop
      vertex -19.1111 1.5 60.6696
      vertex -12 1.5 5
      vertex -16.0193 1.5 62.3921
    endloop
  endfacet
  facet normal 0 -1 0
    outer loop
      vertex -28 1.5 4
      vertex -12 1.5 5
      vertex -28 1.5 5
    endloop
  endfacet
  facet normal 0 -1 -0
    outer loop
      vertex -12 1.5 5
      vertex -28 1.5 4
      vertex -12 1.5 4
    endloop
  endfacet
  facet normal 0 -1 0
    outer loop
      vertex -16.3561 1.5 0
      vertex -12 1.5 1.69
      vertex -16.3561 1.5 1.69
    endloop
  endfacet
  facet normal 0 -1 -0
    outer loop
      vertex -12 1.5 1.69
      vertex -16.3561 1.5 0
      vertex -12 1.5 0
    endloop
  endfacet
  facet normal -0.970068 0 0.242835
    outer loop
      vertex -23.9231 1.5 62.7804
      vertex -23.8278 4.5 63.1611
      vertex -23.9231 4.5 62.7804
    endloop
  endfacet
  facet normal -0.970068 0 0.242835
    outer loop
      vertex -23.8278 4.5 63.1611
      vertex -23.9231 1.5 62.7804
      vertex -23.8278 1.5 63.1611
    endloop
  endfacet
  facet normal 0.904044 -0 0.42744
    outer loop
      vertex -16.4723 1.5 63.8856
      vertex -16.3045 4.5 63.5307
      vertex -16.4723 4.5 63.8856
    endloop
  endfacet
  facet normal 0.904044 0 0.42744
    outer loop
      vertex -16.3045 4.5 63.5307
      vertex -16.4723 1.5 63.8856
      vertex -16.3045 1.5 63.5307
    endloop
  endfacet
  facet normal 0.337014 0 0.9415
    outer loop
      vertex -18.8389 4.5 65.8278
      vertex -18.4693 1.5 65.6955
      vertex -18.4693 4.5 65.6955
    endloop
  endfacet
  facet normal 0.337014 0 0.9415
    outer loop
      vertex -18.4693 1.5 65.6955
      vertex -18.8389 4.5 65.8278
      vertex -18.8389 1.5 65.8278
    endloop
  endfacet
  facet normal -0.0491626 0 0.998791
    outer loop
      vertex -20.3921 4.5 65.9807
      vertex -20 1.5 66
      vertex -20 4.5 66
    endloop
  endfacet
  facet normal -0.0491626 0 0.998791
    outer loop
      vertex -20 1.5 66
      vertex -20.3921 4.5 65.9807
      vertex -20.3921 1.5 65.9807
    endloop
  endfacet
  facet normal 0.0491626 0 0.998791
    outer loop
      vertex -20 4.5 66
      vertex -19.6079 1.5 65.9807
      vertex -19.6079 4.5 65.9807
    endloop
  endfacet
  facet normal 0.0491626 0 0.998791
    outer loop
      vertex -19.6079 1.5 65.9807
      vertex -20 4.5 66
      vertex -20 1.5 66
    endloop
  endfacet
  facet normal -0.9415 0 0.337014
    outer loop
      vertex -23.8278 1.5 63.1611
      vertex -23.6955 4.5 63.5307
      vertex -23.8278 4.5 63.1611
    endloop
  endfacet
  facet normal -0.9415 0 0.337014
    outer loop
      vertex -23.6955 4.5 63.5307
      vertex -23.8278 1.5 63.1611
      vertex -23.6955 1.5 63.5307
    endloop
  endfacet
  facet normal -0.595794 0 0.803137
    outer loop
      vertex -22.5376 4.5 65.092
      vertex -22.2223 1.5 65.3259
      vertex -22.2223 4.5 65.3259
    endloop
  endfacet
  facet normal -0.595794 0 0.803137
    outer loop
      vertex -22.2223 1.5 65.3259
      vertex -22.5376 4.5 65.092
      vertex -22.5376 1.5 65.092
    endloop
  endfacet
  facet normal -0.740908 0 0.671607
    outer loop
      vertex -23.092 1.5 64.5376
      vertex -22.8284 4.5 64.8284
      vertex -23.092 4.5 64.5376
    endloop
  endfacet
  facet normal -0.740908 0 0.671607
    outer loop
      vertex -22.8284 4.5 64.8284
      vertex -23.092 1.5 64.5376
      vertex -22.8284 1.5 64.8284
    endloop
  endfacet
  facet normal 0.42744 0 0.904044
    outer loop
      vertex -18.4693 4.5 65.6955
      vertex -18.1144 1.5 65.5277
      vertex -18.1144 4.5 65.5277
    endloop
  endfacet
  facet normal 0.42744 0 0.904044
    outer loop
      vertex -18.1144 1.5 65.5277
      vertex -18.4693 4.5 65.6955
      vertex -18.4693 1.5 65.6955
    endloop
  endfacet
  facet normal 0.514084 0 0.85774
    outer loop
      vertex -18.1144 4.5 65.5277
      vertex -17.7777 1.5 65.3259
      vertex -17.7777 4.5 65.3259
    endloop
  endfacet
  facet normal 0.514084 0 0.85774
    outer loop
      vertex -17.7777 1.5 65.3259
      vertex -18.1144 4.5 65.5277
      vertex -18.1144 1.5 65.5277
    endloop
  endfacet
  facet normal 0.671607 0 0.740908
    outer loop
      vertex -17.4624 4.5 65.092
      vertex -17.1716 1.5 64.8284
      vertex -17.1716 4.5 64.8284
    endloop
  endfacet
  facet normal 0.671607 0 0.740908
    outer loop
      vertex -17.1716 1.5 64.8284
      vertex -17.4624 4.5 65.092
      vertex -17.4624 1.5 65.092
    endloop
  endfacet
  facet normal 0 1 0
    outer loop
      vertex -20 4.5 63.6
      vertex -20 4.5 66
      vertex -19.6079 4.5 65.9807
    endloop
  endfacet
  facet normal 0 1 0
    outer loop
      vertex -19.8432 4.5 63.5923
      vertex -19.6079 4.5 65.9807
      vertex -19.2196 4.5 65.9231
    endloop
  endfacet
  facet normal 0 1 0
    outer loop
      vertex -20 4.5 66
      vertex -20 4.5 63.6
      vertex -20.3921 4.5 65.9807
    endloop
  endfacet
  facet normal 0 1 0
    outer loop
      vertex -19.6879 4.5 63.5693
      vertex -19.2196 4.5 65.9231
      vertex -18.8389 4.5 65.8278
    endloop
  endfacet
  facet normal 0 1 -0
    outer loop
      vertex -20.1568 4.5 63.5923
      vertex -20.3921 4.5 65.9807
      vertex -20 4.5 63.6
    endloop
  endfacet
  facet normal 0 1 0
    outer loop
      vertex -19.5355 4.5 63.5311
      vertex -18.8389 4.5 65.8278
      vertex -18.4693 4.5 65.6955
    endloop
  endfacet
  facet normal 0 1 0
    outer loop
      vertex -20.3921 4.5 65.9807
      vertex -20.1568 4.5 63.5923
      vertex -20.7804 4.5 65.9231
    endloop
  endfacet
  facet normal 0 1 0
    outer loop
      vertex -19.3877 4.5 63.4782
      vertex -18.4693 4.5 65.6955
      vertex -18.1144 4.5 65.5277
    endloop
  endfacet
  facet normal 0 1 -0
    outer loop
      vertex -20.3121 4.5 63.5693
      vertex -20.7804 4.5 65.9231
      vertex -20.1568 4.5 63.5923
    endloop
  endfacet
  facet normal 0 1 0
    outer loop
      vertex -19.2458 4.5 63.4111
      vertex -18.1144 4.5 65.5277
      vertex -17.7777 4.5 65.3259
    endloop
  endfacet
  facet normal 0 1 0
    outer loop
      vertex -20.7804 4.5 65.9231
      vertex -20.3121 4.5 63.5693
      vertex -21.1611 4.5 65.8278
    endloop
  endfacet
  facet normal 0 1 0
    outer loop
      vertex -19.1111 4.5 63.3304
      vertex -17.7777 4.5 65.3259
      vertex -17.4624 4.5 65.092
    endloop
  endfacet
  facet normal 0 1 -0
    outer loop
      vertex -20.4645 4.5 63.5311
      vertex -21.1611 4.5 65.8278
      vertex -20.3121 4.5 63.5693
    endloop
  endfacet
  facet normal 0 1 0
    outer loop
      vertex -18.985 4.5 63.2368
      vertex -17.4624 4.5 65.092
      vertex -17.1716 4.5 64.8284
    endloop
  endfacet
  facet normal 0 1 0
    outer loop
      vertex -21.1611 4.5 65.8278
      vertex -20.4645 4.5 63.5311
      vertex -21.5307 4.5 65.6955
    endloop
  endfacet
  facet normal 0 1 0
    outer loop
      vertex -18.8686 4.5 63.1314
      vertex -17.1716 4.5 64.8284
      vertex -16.908 4.5 64.5376
    endloop
  endfacet
  facet normal 0 1 -0
    outer loop
      vertex -20.6123 4.5 63.4782
      vertex -21.5307 4.5 65.6955
      vertex -20.4645 4.5 63.5311
    endloop
  endfacet
  facet normal 0 1 0
    outer loop
      vertex -18.7632 4.5 63.015
      vertex -16.908 4.5 64.5376
      vertex -16.6741 4.5 64.2223
    endloop
  endfacet
  facet normal 0 1 0
    outer loop
      vertex -21.5307 4.5 65.6955
      vertex -20.6123 4.5 63.4782
      vertex -21.8856 4.5 65.5277
    endloop
  endfacet
  facet normal 0 1 0
    outer loop
      vertex -18.6696 4.5 62.8889
      vertex -16.6741 4.5 64.2223
      vertex -16.4723 4.5 63.8856
    endloop
  endfacet
  facet normal 0 1 -0
    outer loop
      vertex -20.7542 4.5 63.4111
      vertex -21.8856 4.5 65.5277
      vertex -20.6123 4.5 63.4782
    endloop
  endfacet
  facet normal 0 1 0
    outer loop
      vertex -21.8856 4.5 65.5277
      vertex -20.7542 4.5 63.4111
      vertex -22.2223 4.5 65.3259
    endloop
  endfacet
  facet normal 0 1 0
    outer loop
      vertex -19.6079 4.5 65.9807
      vertex -19.8432 4.5 63.5923
      vertex -20 4.5 63.6
    endloop
  endfacet
  facet normal 0 1 0
    outer loop
      vertex -19.2196 4.5 65.9231
      vertex -19.6879 4.5 63.5693
      vertex -19.8432 4.5 63.5923
    endloop
  endfacet
  facet normal 0 1 0
    outer loop
      vertex -18.8389 4.5 65.8278
      vertex -19.5355 4.5 63.5311
      vertex -19.6879 4.5 63.5693
    endloop
  endfacet
  facet normal 0 1 0
    outer loop
      vertex -18.5889 4.5 62.7542
      vertex -16.4723 4.5 63.8856
      vertex -16.3045 4.5 63.5307
    endloop
  endfacet
  facet normal 0 1 0
    outer loop
      vertex -18.4693 4.5 65.6955
      vertex -19.3877 4.5 63.4782
      vertex -19.5355 4.5 63.5311
    endloop
  endfacet
  facet normal 0 1 0
    outer loop
      vertex -18.1144 4.5 65.5277
      vertex -19.2458 4.5 63.4111
      vertex -19.3877 4.5 63.4782
    endloop
  endfacet
  facet normal 0 1 0
    outer loop
      vertex -17.7777 4.5 65.3259
      vertex -19.1111 4.5 63.3304
      vertex -19.2458 4.5 63.4111
    endloop
  endfacet
  facet normal 0 1 0
    outer loop
      vertex -17.4624 4.5 65.092
      vertex -18.985 4.5 63.2368
      vertex -19.1111 4.5 63.3304
    endloop
  endfacet
  facet normal 0 1 0
    outer loop
      vertex -18.5218 4.5 62.6123
      vertex -16.3045 4.5 63.5307
      vertex -16.1722 4.5 63.1611
    endloop
  endfacet
  facet normal 0 1 0
    outer loop
      vertex -17.1716 4.5 64.8284
      vertex -18.8686 4.5 63.1314
      vertex -18.985 4.5 63.2368
    endloop
  endfacet
  facet normal 0 1 0
    outer loop
      vertex -16.908 4.5 64.5376
      vertex -18.7632 4.5 63.015
      vertex -18.8686 4.5 63.1314
    endloop
  endfacet
  facet normal 0 1 0
    outer loop
      vertex -16.6741 4.5 64.2223
      vertex -18.6696 4.5 62.8889
      vertex -18.7632 4.5 63.015
    endloop
  endfacet
  facet normal 0 1 0
    outer loop
      vertex -18.4689 4.5 62.4645
      vertex -16.1722 4.5 63.1611
      vertex -16.0769 4.5 62.7804
    endloop
  endfacet
  facet normal 0 1 0
    outer loop
      vertex -16.4723 4.5 63.8856
      vertex -18.5889 4.5 62.7542
      vertex -18.6696 4.5 62.8889
    endloop
  endfacet
  facet normal 0 1 0
    outer loop
      vertex -16.3045 4.5 63.5307
      vertex -18.5218 4.5 62.6123
      vertex -18.5889 4.5 62.7542
    endloop
  endfacet
  facet normal 0 1 0
    outer loop
      vertex -16.1722 4.5 63.1611
      vertex -18.4689 4.5 62.4645
      vertex -18.5218 4.5 62.6123
    endloop
  endfacet
  facet normal 0 1 0
    outer loop
      vertex -18.4307 4.5 62.3121
      vertex -16.0769 4.5 62.7804
      vertex -16.0193 4.5 62.3921
    endloop
  endfacet
  facet normal 0 1 0
    outer loop
      vertex -16.0769 4.5 62.7804
      vertex -18.4307 4.5 62.3121
      vertex -18.4689 4.5 62.4645
    endloop
  endfacet
  facet normal 0 1 0
    outer loop
      vertex -16.0193 4.5 62.3921
      vertex -18.4077 4.5 62.1568
      vertex -18.4307 4.5 62.3121
    endloop
  endfacet
  facet normal 0 1 0
    outer loop
      vertex -16.0193 4.5 62.3921
      vertex -18.4 4.5 62
      vertex -18.4077 4.5 62.1568
    endloop
  endfacet
  facet normal 0 1 0
    outer loop
      vertex -16.0193 4.5 62.3921
      vertex -18.4077 4.5 61.8432
      vertex -18.4 4.5 62
    endloop
  endfacet
  facet normal 0 1 0
    outer loop
      vertex -16.0193 4.5 62.3921
      vertex -18.4307 4.5 61.6879
      vertex -18.4077 4.5 61.8432
    endloop
  endfacet
  facet normal 0 1 0
    outer loop
      vertex -16.0193 4.5 62.3921
      vertex -18.4689 4.5 61.5355
      vertex -18.4307 4.5 61.6879
    endloop
  endfacet
  facet normal 0 1 0
    outer loop
      vertex -16.0193 4.5 62.3921
      vertex -18.5218 4.5 61.3877
      vertex -18.4689 4.5 61.5355
    endloop
  endfacet
  facet normal 0 1 0
    outer loop
      vertex -16.0193 4.5 62.3921
      vertex -18.5889 4.5 61.2458
      vertex -18.5218 4.5 61.3877
    endloop
  endfacet
  facet normal 0 1 0
    outer loop
      vertex -16.0193 4.5 62.3921
      vertex -18.6696 4.5 61.1111
      vertex -18.5889 4.5 61.2458
    endloop
  endfacet
  facet normal 0 1 0
    outer loop
      vertex -16.0193 4.5 62.3921
      vertex -18.7632 4.5 60.985
      vertex -18.6696 4.5 61.1111
    endloop
  endfacet
  facet normal 0 1 0
    outer loop
      vertex -16.0193 4.5 62.3921
      vertex -18.8686 4.5 60.8686
      vertex -18.7632 4.5 60.985
    endloop
  endfacet
  facet normal 0 1 0
    outer loop
      vertex -16.0193 4.5 62.3921
      vertex -18.985 4.5 60.7632
      vertex -18.8686 4.5 60.8686
    endloop
  endfacet
  facet normal 0 1 0
    outer loop
      vertex -16.0193 4.5 62.3921
      vertex -19.1111 4.5 60.6696
      vertex -18.985 4.5 60.7632
    endloop
  endfacet
  facet normal 0 1 0
    outer loop
      vertex -12 4.5 5
      vertex -19.1111 4.5 60.6696
      vertex -16.0193 4.5 62.3921
    endloop
  endfacet
  facet normal 0 1 0
    outer loop
      vertex -19.8432 4.5 60.4077
      vertex -12 4.5 5
      vertex -20 4.5 60.4
    endloop
  endfacet
  facet normal 0 1 0
    outer loop
      vertex -19.6879 4.5 60.4307
      vertex -12 4.5 5
      vertex -19.8432 4.5 60.4077
    endloop
  endfacet
  facet normal 0 1 0
    outer loop
      vertex -19.5355 4.5 60.4689
      vertex -12 4.5 5
      vertex -19.6879 4.5 60.4307
    endloop
  endfacet
  facet normal 0 1 0
    outer loop
      vertex -19.3877 4.5 60.5218
      vertex -12 4.5 5
      vertex -19.5355 4.5 60.4689
    endloop
  endfacet
  facet normal 0 1 0
    outer loop
      vertex -19.2458 4.5 60.5889
      vertex -12 4.5 5
      vertex -19.3877 4.5 60.5218
    endloop
  endfacet
  facet normal 0 1 0
    outer loop
      vertex -19.1111 4.5 60.6696
      vertex -12 4.5 5
      vertex -19.2458 4.5 60.5889
    endloop
  endfacet
  facet normal 0 1 -0
    outer loop
      vertex -20.8889 4.5 63.3304
      vertex -22.2223 4.5 65.3259
      vertex -20.7542 4.5 63.4111
    endloop
  endfacet
  facet normal 0 1 0
    outer loop
      vertex -22.2223 4.5 65.3259
      vertex -20.8889 4.5 63.3304
      vertex -22.5376 4.5 65.092
    endloop
  endfacet
  facet normal 0 1 -0
    outer loop
      vertex -21.015 4.5 63.2368
      vertex -22.5376 4.5 65.092
      vertex -20.8889 4.5 63.3304
    endloop
  endfacet
  facet normal 0 1 0
    outer loop
      vertex -22.5376 4.5 65.092
      vertex -21.015 4.5 63.2368
      vertex -22.8284 4.5 64.8284
    endloop
  endfacet
  facet normal 0 1 -0
    outer loop
      vertex -21.1314 4.5 63.1314
      vertex -22.8284 4.5 64.8284
      vertex -21.015 4.5 63.2368
    endloop
  endfacet
  facet normal 0 1 0
    outer loop
      vertex -22.8284 4.5 64.8284
      vertex -21.1314 4.5 63.1314
      vertex -23.092 4.5 64.5376
    endloop
  endfacet
  facet normal 0 1 -0
    outer loop
      vertex -21.2368 4.5 63.015
      vertex -23.092 4.5 64.5376
      vertex -21.1314 4.5 63.1314
    endloop
  endfacet
  facet normal 0 1 0
    outer loop
      vertex -23.092 4.5 64.5376
      vertex -21.2368 4.5 63.015
      vertex -23.3259 4.5 64.2223
    endloop
  endfacet
  facet normal 0 1 -0
    outer loop
      vertex -21.3304 4.5 62.8889
      vertex -23.3259 4.5 64.2223
      vertex -21.2368 4.5 63.015
    endloop
  endfacet
  facet normal 0 1 0
    outer loop
      vertex -23.3259 4.5 64.2223
      vertex -21.3304 4.5 62.8889
      vertex -23.5277 4.5 63.8856
    endloop
  endfacet
  facet normal 0 1 -0
    outer loop
      vertex -21.4111 4.5 62.7542
      vertex -23.5277 4.5 63.8856
      vertex -21.3304 4.5 62.8889
    endloop
  endfacet
  facet normal 0 1 0
    outer loop
      vertex -23.5277 4.5 63.8856
      vertex -21.4111 4.5 62.7542
      vertex -23.6955 4.5 63.5307
    endloop
  endfacet
  facet normal 0 1 -0
    outer loop
      vertex -21.4782 4.5 62.6123
      vertex -23.6955 4.5 63.5307
      vertex -21.4111 4.5 62.7542
    endloop
  endfacet
  facet normal 0 1 0
    outer loop
      vertex -23.6955 4.5 63.5307
      vertex -21.4782 4.5 62.6123
      vertex -23.8278 4.5 63.1611
    endloop
  endfacet
  facet normal 0 1 -0
    outer loop
      vertex -21.5311 4.5 62.4645
      vertex -23.8278 4.5 63.1611
      vertex -21.4782 4.5 62.6123
    endloop
  endfacet
  facet normal 0 1 0
    outer loop
      vertex -23.8278 4.5 63.1611
      vertex -21.5311 4.5 62.4645
      vertex -23.9231 4.5 62.7804
    endloop
  endfacet
  facet normal 0 1 -0
    outer loop
      vertex -21.5693 4.5 62.3121
      vertex -23.9231 4.5 62.7804
      vertex -21.5311 4.5 62.4645
    endloop
  endfacet
  facet normal 0 1 0
    outer loop
      vertex -23.9231 4.5 62.7804
      vertex -21.5693 4.5 62.3121
      vertex -23.9807 4.5 62.3921
    endloop
  endfacet
  facet normal 0 1 -0
    outer loop
      vertex -21.5923 4.5 62.1568
      vertex -23.9807 4.5 62.3921
      vertex -21.5693 4.5 62.3121
    endloop
  endfacet
  facet normal 0 1 -0
    outer loop
      vertex -21.6 4.5 62
      vertex -23.9807 4.5 62.3921
      vertex -21.5923 4.5 62.1568
    endloop
  endfacet
  facet normal 0 1 0
    outer loop
      vertex -21.5923 4.5 61.8432
      vertex -23.9807 4.5 62.3921
      vertex -21.6 4.5 62
    endloop
  endfacet
  facet normal 0 1 0
    outer loop
      vertex -21.5693 4.5 61.6879
      vertex -23.9807 4.5 62.3921
      vertex -21.5923 4.5 61.8432
    endloop
  endfacet
  facet normal 0 1 0
    outer loop
      vertex -21.5311 4.5 61.5355
      vertex -23.9807 4.5 62.3921
      vertex -21.5693 4.5 61.6879
    endloop
  endfacet
  facet normal 0 1 0
    outer loop
      vertex -21.4782 4.5 61.3877
      vertex -23.9807 4.5 62.3921
      vertex -21.5311 4.5 61.5355
    endloop
  endfacet
  facet normal 0 1 0
    outer loop
      vertex -21.4111 4.5 61.2458
      vertex -23.9807 4.5 62.3921
      vertex -21.4782 4.5 61.3877
    endloop
  endfacet
  facet normal 0 1 0
    outer loop
      vertex -21.3304 4.5 61.1111
      vertex -23.9807 4.5 62.3921
      vertex -21.4111 4.5 61.2458
    endloop
  endfacet
  facet normal 0 1 0
    outer loop
      vertex -21.2368 4.5 60.985
      vertex -23.9807 4.5 62.3921
      vertex -21.3304 4.5 61.1111
    endloop
  endfacet
  facet normal 0 1 0
    outer loop
      vertex -21.1314 4.5 60.8686
      vertex -23.9807 4.5 62.3921
      vertex -21.2368 4.5 60.985
    endloop
  endfacet
  facet normal 0 1 0
    outer loop
      vertex -21.015 4.5 60.7632
      vertex -23.9807 4.5 62.3921
      vertex -21.1314 4.5 60.8686
    endloop
  endfacet
  facet normal 0 1 0
    outer loop
      vertex -20.8889 4.5 60.6696
      vertex -23.9807 4.5 62.3921
      vertex -21.015 4.5 60.7632
    endloop
  endfacet
  facet normal 0 1 0
    outer loop
      vertex -28 4.5 5
      vertex -20.8889 4.5 60.6696
      vertex -20.7542 4.5 60.5889
    endloop
  endfacet
  facet normal 0 1 0
    outer loop
      vertex -28 4.5 5
      vertex -20 4.5 60.4
      vertex -12 4.5 5
    endloop
  endfacet
  facet normal 0 1 0
    outer loop
      vertex -20 4.5 60.4
      vertex -28 4.5 5
      vertex -20.1568 4.5 60.4077
    endloop
  endfacet
  facet normal 0 1 0
    outer loop
      vertex -20.1568 4.5 60.4077
      vertex -28 4.5 5
      vertex -20.3121 4.5 60.4307
    endloop
  endfacet
  facet normal 0 1 0
    outer loop
      vertex -20.3121 4.5 60.4307
      vertex -28 4.5 5
      vertex -20.4645 4.5 60.4689
    endloop
  endfacet
  facet normal 0 1 0
    outer loop
      vertex -20.4645 4.5 60.4689
      vertex -28 4.5 5
      vertex -20.6123 4.5 60.5218
    endloop
  endfacet
  facet normal 0 1 0
    outer loop
      vertex -20.6123 4.5 60.5218
      vertex -28 4.5 5
      vertex -20.7542 4.5 60.5889
    endloop
  endfacet
  facet normal 0 1 0
    outer loop
      vertex -20.8889 4.5 60.6696
      vertex -28 4.5 5
      vertex -23.9807 4.5 62.3921
    endloop
  endfacet
  facet normal 0 1 -0
    outer loop
      vertex -12 4.5 4
      vertex -28 4.5 5
      vertex -12 4.5 5
    endloop
  endfacet
  facet normal 0 1 0
    outer loop
      vertex -28 4.5 5
      vertex -12 4.5 4
      vertex -28 4.5 4
    endloop
  endfacet
  facet normal -0.243135 0 0.969993
    outer loop
      vertex -19.6879 4.5 60.4307
      vertex -19.5355 1.5 60.4689
      vertex -19.5355 4.5 60.4689
    endloop
  endfacet
  facet normal -0.243135 0 0.969993
    outer loop
      vertex -19.5355 1.5 60.4689
      vertex -19.6879 4.5 60.4307
      vertex -19.6879 1.5 60.4307
    endloop
  endfacet
  facet normal -0.98921 0 0.146502
    outer loop
      vertex -18.4307 1.5 61.6879
      vertex -18.4077 4.5 61.8432
      vertex -18.4307 4.5 61.6879
    endloop
  endfacet
  facet normal -0.98921 0 0.146502
    outer loop
      vertex -18.4077 4.5 61.8432
      vertex -18.4307 1.5 61.6879
      vertex -18.4077 1.5 61.8432
    endloop
  endfacet
  facet normal -0.998796 0 0.049048
    outer loop
      vertex -18.4077 1.5 61.8432
      vertex -18.4 4.5 62
      vertex -18.4077 4.5 61.8432
    endloop
  endfacet
  facet normal -0.998796 0 0.049048
    outer loop
      vertex -18.4 4.5 62
      vertex -18.4077 1.5 61.8432
      vertex -18.4 1.5 62
    endloop
  endfacet
  facet normal -0.969993 0 0.243135
    outer loop
      vertex -18.4689 1.5 61.5355
      vertex -18.4307 4.5 61.6879
      vertex -18.4689 4.5 61.5355
    endloop
  endfacet
  facet normal -0.969993 0 0.243135
    outer loop
      vertex -18.4307 4.5 61.6879
      vertex -18.4689 1.5 61.5355
      vertex -18.4307 1.5 61.6879
    endloop
  endfacet
  facet normal 0.85783 -0 0.513934
    outer loop
      vertex -21.4111 1.5 61.2458
      vertex -21.3304 4.5 61.1111
      vertex -21.4111 4.5 61.2458
    endloop
  endfacet
  facet normal 0.85783 0 0.513934
    outer loop
      vertex -21.3304 4.5 61.1111
      vertex -21.4111 1.5 61.2458
      vertex -21.3304 1.5 61.1111
    endloop
  endfacet
  facet normal 0.741264 -0 0.671213
    outer loop
      vertex -21.2368 1.5 60.985
      vertex -21.1314 4.5 60.8686
      vertex -21.2368 4.5 60.985
    endloop
  endfacet
  facet normal 0.741264 0 0.671213
    outer loop
      vertex -21.1314 4.5 60.8686
      vertex -21.2368 1.5 60.985
      vertex -21.1314 1.5 60.8686
    endloop
  endfacet
  facet normal -0.243135 0 -0.969993
    outer loop
      vertex -19.6879 1.5 63.5693
      vertex -19.5355 4.5 63.5311
      vertex -19.5355 1.5 63.5311
    endloop
  endfacet
  facet normal -0.243135 0 -0.969993
    outer loop
      vertex -19.5355 4.5 63.5311
      vertex -19.6879 1.5 63.5693
      vertex -19.6879 4.5 63.5693
    endloop
  endfacet
  facet normal 0.146502 0 0.98921
    outer loop
      vertex -20.3121 4.5 60.4307
      vertex -20.1568 1.5 60.4077
      vertex -20.1568 4.5 60.4077
    endloop
  endfacet
  facet normal 0.146502 0 0.98921
    outer loop
      vertex -20.1568 1.5 60.4077
      vertex -20.3121 4.5 60.4307
      vertex -20.3121 1.5 60.4307
    endloop
  endfacet
  facet normal 0.049048 0 -0.998796
    outer loop
      vertex -20.1568 1.5 63.5923
      vertex -20 4.5 63.6
      vertex -20 1.5 63.6
    endloop
  endfacet
  facet normal 0.049048 0 -0.998796
    outer loop
      vertex -20 4.5 63.6
      vertex -20.1568 1.5 63.5923
      vertex -20.1568 4.5 63.5923
    endloop
  endfacet
  facet normal 0.243135 0 0.969993
    outer loop
      vertex -20.4645 4.5 60.4689
      vertex -20.3121 1.5 60.4307
      vertex -20.3121 4.5 60.4307
    endloop
  endfacet
  facet normal 0.243135 0 0.969993
    outer loop
      vertex -20.3121 1.5 60.4307
      vertex -20.4645 4.5 60.4689
      vertex -20.4645 1.5 60.4689
    endloop
  endfacet
  facet normal -0.336982 0 -0.941511
    outer loop
      vertex -19.5355 1.5 63.5311
      vertex -19.3877 4.5 63.4782
      vertex -19.3877 1.5 63.4782
    endloop
  endfacet
  facet normal -0.336982 0 -0.941511
    outer loop
      vertex -19.3877 4.5 63.4782
      vertex -19.5355 1.5 63.5311
      vertex -19.5355 4.5 63.5311
    endloop
  endfacet
  facet normal -0.336982 0 0.941511
    outer loop
      vertex -19.5355 4.5 60.4689
      vertex -19.3877 1.5 60.5218
      vertex -19.3877 4.5 60.5218
    endloop
  endfacet
  facet normal -0.336982 0 0.941511
    outer loop
      vertex -19.3877 1.5 60.5218
      vertex -19.5355 4.5 60.4689
      vertex -19.5355 1.5 60.4689
    endloop
  endfacet
  facet normal -0.671213 0 0.741264
    outer loop
      vertex -18.985 4.5 60.7632
      vertex -18.8686 1.5 60.8686
      vertex -18.8686 4.5 60.8686
    endloop
  endfacet
  facet normal -0.671213 0 0.741264
    outer loop
      vertex -18.8686 1.5 60.8686
      vertex -18.985 4.5 60.7632
      vertex -18.985 1.5 60.7632
    endloop
  endfacet
  facet normal -0.596019 0 0.80297
    outer loop
      vertex -19.1111 4.5 60.6696
      vertex -18.985 1.5 60.7632
      vertex -18.985 4.5 60.7632
    endloop
  endfacet
  facet normal -0.596019 0 0.80297
    outer loop
      vertex -18.985 1.5 60.7632
      vertex -19.1111 4.5 60.6696
      vertex -19.1111 1.5 60.6696
    endloop
  endfacet
  facet normal -0.998796 0 -0.049048
    outer loop
      vertex -18.4 1.5 62
      vertex -18.4077 4.5 62.1568
      vertex -18.4 4.5 62
    endloop
  endfacet
  facet normal -0.998796 -0 -0.049048
    outer loop
      vertex -18.4077 4.5 62.1568
      vertex -18.4 1.5 62
      vertex -18.4077 1.5 62.1568
    endloop
  endfacet
  facet normal -0.80297 0 0.596019
    outer loop
      vertex -18.7632 1.5 60.985
      vertex -18.6696 4.5 61.1111
      vertex -18.7632 4.5 60.985
    endloop
  endfacet
  facet normal -0.80297 0 0.596019
    outer loop
      vertex -18.6696 4.5 61.1111
      vertex -18.7632 1.5 60.985
      vertex -18.6696 1.5 61.1111
    endloop
  endfacet
  facet normal -0.049048 0 -0.998796
    outer loop
      vertex -20 1.5 63.6
      vertex -19.8432 4.5 63.5923
      vertex -19.8432 1.5 63.5923
    endloop
  endfacet
  facet normal -0.049048 0 -0.998796
    outer loop
      vertex -19.8432 4.5 63.5923
      vertex -20 1.5 63.6
      vertex -20 4.5 63.6
    endloop
  endfacet
  facet normal -0.98921 0 -0.146502
    outer loop
      vertex -18.4077 1.5 62.1568
      vertex -18.4307 4.5 62.3121
      vertex -18.4077 4.5 62.1568
    endloop
  endfacet
  facet normal -0.98921 -0 -0.146502
    outer loop
      vertex -18.4307 4.5 62.3121
      vertex -18.4077 1.5 62.1568
      vertex -18.4307 1.5 62.3121
    endloop
  endfacet
  facet normal 0.969993 0 -0.243135
    outer loop
      vertex -21.5311 1.5 62.4645
      vertex -21.5693 4.5 62.3121
      vertex -21.5311 4.5 62.4645
    endloop
  endfacet
  facet normal 0.969993 0 -0.243135
    outer loop
      vertex -21.5693 4.5 62.3121
      vertex -21.5311 1.5 62.4645
      vertex -21.5693 1.5 62.3121
    endloop
  endfacet
  facet normal -0.146502 0 -0.98921
    outer loop
      vertex -19.8432 1.5 63.5923
      vertex -19.6879 4.5 63.5693
      vertex -19.6879 1.5 63.5693
    endloop
  endfacet
  facet normal -0.146502 0 -0.98921
    outer loop
      vertex -19.6879 4.5 63.5693
      vertex -19.8432 1.5 63.5923
      vertex -19.8432 4.5 63.5923
    endloop
  endfacet
  facet normal 0.336982 0 0.941511
    outer loop
      vertex -20.6123 4.5 60.5218
      vertex -20.4645 1.5 60.4689
      vertex -20.4645 4.5 60.4689
    endloop
  endfacet
  facet normal 0.336982 0 0.941511
    outer loop
      vertex -20.4645 1.5 60.4689
      vertex -20.6123 4.5 60.5218
      vertex -20.6123 1.5 60.5218
    endloop
  endfacet
  facet normal 0.596019 0 0.80297
    outer loop
      vertex -21.015 4.5 60.7632
      vertex -20.8889 1.5 60.6696
      vertex -20.8889 4.5 60.6696
    endloop
  endfacet
  facet normal 0.596019 0 0.80297
    outer loop
      vertex -20.8889 1.5 60.6696
      vertex -21.015 4.5 60.7632
      vertex -21.015 1.5 60.7632
    endloop
  endfacet
  facet normal 0.941511 0 -0.336982
    outer loop
      vertex -21.4782 1.5 62.6123
      vertex -21.5311 4.5 62.4645
      vertex -21.4782 4.5 62.6123
    endloop
  endfacet
  facet normal 0.941511 0 -0.336982
    outer loop
      vertex -21.5311 4.5 62.4645
      vertex -21.4782 1.5 62.6123
      vertex -21.5311 1.5 62.4645
    endloop
  endfacet
  facet normal -0.741264 0 -0.671213
    outer loop
      vertex -18.7632 1.5 63.015
      vertex -18.8686 4.5 63.1314
      vertex -18.7632 4.5 63.015
    endloop
  endfacet
  facet normal -0.741264 -0 -0.671213
    outer loop
      vertex -18.8686 4.5 63.1314
      vertex -18.7632 1.5 63.015
      vertex -18.8686 1.5 63.1314
    endloop
  endfacet
  facet normal 0.427484 0 0.904023
    outer loop
      vertex -20.7542 4.5 60.5889
      vertex -20.6123 1.5 60.5218
      vertex -20.6123 4.5 60.5218
    endloop
  endfacet
  facet normal 0.427484 0 0.904023
    outer loop
      vertex -20.6123 1.5 60.5218
      vertex -20.7542 4.5 60.5889
      vertex -20.7542 1.5 60.5889
    endloop
  endfacet
  facet normal 0.146502 0 -0.98921
    outer loop
      vertex -20.3121 1.5 63.5693
      vertex -20.1568 4.5 63.5923
      vertex -20.1568 1.5 63.5923
    endloop
  endfacet
  facet normal 0.146502 0 -0.98921
    outer loop
      vertex -20.1568 4.5 63.5923
      vertex -20.3121 1.5 63.5693
      vertex -20.3121 4.5 63.5693
    endloop
  endfacet
  facet normal -0.427484 0 -0.904023
    outer loop
      vertex -19.3877 1.5 63.4782
      vertex -19.2458 4.5 63.4111
      vertex -19.2458 1.5 63.4111
    endloop
  endfacet
  facet normal -0.427484 0 -0.904023
    outer loop
      vertex -19.2458 4.5 63.4111
      vertex -19.3877 1.5 63.4782
      vertex -19.3877 4.5 63.4782
    endloop
  endfacet
  facet normal -0.904023 0 0.427484
    outer loop
      vertex -18.5889 1.5 61.2458
      vertex -18.5218 4.5 61.3877
      vertex -18.5889 4.5 61.2458
    endloop
  endfacet
  facet normal -0.904023 0 0.427484
    outer loop
      vertex -18.5218 4.5 61.3877
      vertex -18.5889 1.5 61.2458
      vertex -18.5218 1.5 61.3877
    endloop
  endfacet
  facet normal 0.513934 0 0.85783
    outer loop
      vertex -20.8889 4.5 60.6696
      vertex -20.7542 1.5 60.5889
      vertex -20.7542 4.5 60.5889
    endloop
  endfacet
  facet normal 0.513934 0 0.85783
    outer loop
      vertex -20.7542 1.5 60.5889
      vertex -20.8889 4.5 60.6696
      vertex -20.8889 1.5 60.6696
    endloop
  endfacet
  facet normal 0.671213 0 -0.741264
    outer loop
      vertex -21.1314 1.5 63.1314
      vertex -21.015 4.5 63.2368
      vertex -21.015 1.5 63.2368
    endloop
  endfacet
  facet normal 0.671213 0 -0.741264
    outer loop
      vertex -21.015 4.5 63.2368
      vertex -21.1314 1.5 63.1314
      vertex -21.1314 4.5 63.1314
    endloop
  endfacet
  facet normal -0.513934 0 0.85783
    outer loop
      vertex -19.2458 4.5 60.5889
      vertex -19.1111 1.5 60.6696
      vertex -19.1111 4.5 60.6696
    endloop
  endfacet
  facet normal -0.513934 0 0.85783
    outer loop
      vertex -19.1111 1.5 60.6696
      vertex -19.2458 4.5 60.5889
      vertex -19.2458 1.5 60.5889
    endloop
  endfacet
  facet normal -0.741264 0 0.671213
    outer loop
      vertex -18.8686 1.5 60.8686
      vertex -18.7632 4.5 60.985
      vertex -18.8686 4.5 60.8686
    endloop
  endfacet
  facet normal -0.741264 0 0.671213
    outer loop
      vertex -18.7632 4.5 60.985
      vertex -18.8686 1.5 60.8686
      vertex -18.7632 1.5 60.985
    endloop
  endfacet
  facet normal -0.941511 0 0.336982
    outer loop
      vertex -18.5218 1.5 61.3877
      vertex -18.4689 4.5 61.5355
      vertex -18.5218 4.5 61.3877
    endloop
  endfacet
  facet normal -0.941511 0 0.336982
    outer loop
      vertex -18.4689 4.5 61.5355
      vertex -18.5218 1.5 61.3877
      vertex -18.4689 1.5 61.5355
    endloop
  endfacet
  facet normal -0.904023 0 -0.427484
    outer loop
      vertex -18.5218 1.5 62.6123
      vertex -18.5889 4.5 62.7542
      vertex -18.5218 4.5 62.6123
    endloop
  endfacet
  facet normal -0.904023 -0 -0.427484
    outer loop
      vertex -18.5889 4.5 62.7542
      vertex -18.5218 1.5 62.6123
      vertex -18.5889 1.5 62.7542
    endloop
  endfacet
  facet normal -0.596019 0 -0.80297
    outer loop
      vertex -19.1111 1.5 63.3304
      vertex -18.985 4.5 63.2368
      vertex -18.985 1.5 63.2368
    endloop
  endfacet
  facet normal -0.596019 0 -0.80297
    outer loop
      vertex -18.985 4.5 63.2368
      vertex -19.1111 1.5 63.3304
      vertex -19.1111 4.5 63.3304
    endloop
  endfacet
  facet normal 0.596019 0 -0.80297
    outer loop
      vertex -21.015 1.5 63.2368
      vertex -20.8889 4.5 63.3304
      vertex -20.8889 1.5 63.3304
    endloop
  endfacet
  facet normal 0.596019 0 -0.80297
    outer loop
      vertex -20.8889 4.5 63.3304
      vertex -21.015 1.5 63.2368
      vertex -21.015 4.5 63.2368
    endloop
  endfacet
  facet normal -0.80297 0 -0.596019
    outer loop
      vertex -18.6696 1.5 62.8889
      vertex -18.7632 4.5 63.015
      vertex -18.6696 4.5 62.8889
    endloop
  endfacet
  facet normal -0.80297 -0 -0.596019
    outer loop
      vertex -18.7632 4.5 63.015
      vertex -18.6696 1.5 62.8889
      vertex -18.7632 1.5 63.015
    endloop
  endfacet
  facet normal -0.427484 0 0.904023
    outer loop
      vertex -19.3877 4.5 60.5218
      vertex -19.2458 1.5 60.5889
      vertex -19.2458 4.5 60.5889
    endloop
  endfacet
  facet normal -0.427484 0 0.904023
    outer loop
      vertex -19.2458 1.5 60.5889
      vertex -19.3877 4.5 60.5218
      vertex -19.3877 1.5 60.5218
    endloop
  endfacet
  facet normal -0.146502 0 0.98921
    outer loop
      vertex -19.8432 4.5 60.4077
      vertex -19.6879 1.5 60.4307
      vertex -19.6879 4.5 60.4307
    endloop
  endfacet
  facet normal -0.146502 0 0.98921
    outer loop
      vertex -19.6879 1.5 60.4307
      vertex -19.8432 4.5 60.4077
      vertex -19.8432 1.5 60.4077
    endloop
  endfacet
  facet normal -0.85783 0 0.513934
    outer loop
      vertex -18.6696 1.5 61.1111
      vertex -18.5889 4.5 61.2458
      vertex -18.6696 4.5 61.1111
    endloop
  endfacet
  facet normal -0.85783 0 0.513934
    outer loop
      vertex -18.5889 4.5 61.2458
      vertex -18.6696 1.5 61.1111
      vertex -18.5889 1.5 61.2458
    endloop
  endfacet
  facet normal 0.513934 0 -0.85783
    outer loop
      vertex -20.8889 1.5 63.3304
      vertex -20.7542 4.5 63.4111
      vertex -20.7542 1.5 63.4111
    endloop
  endfacet
  facet normal 0.513934 0 -0.85783
    outer loop
      vertex -20.7542 4.5 63.4111
      vertex -20.8889 1.5 63.3304
      vertex -20.8889 4.5 63.3304
    endloop
  endfacet
  facet normal 0.671213 0 0.741264
    outer loop
      vertex -21.1314 4.5 60.8686
      vertex -21.015 1.5 60.7632
      vertex -21.015 4.5 60.7632
    endloop
  endfacet
  facet normal 0.671213 0 0.741264
    outer loop
      vertex -21.015 1.5 60.7632
      vertex -21.1314 4.5 60.8686
      vertex -21.1314 1.5 60.8686
    endloop
  endfacet
  facet normal 0.904023 0 -0.427484
    outer loop
      vertex -21.4111 1.5 62.7542
      vertex -21.4782 4.5 62.6123
      vertex -21.4111 4.5 62.7542
    endloop
  endfacet
  facet normal 0.904023 0 -0.427484
    outer loop
      vertex -21.4782 4.5 62.6123
      vertex -21.4111 1.5 62.7542
      vertex -21.4782 1.5 62.6123
    endloop
  endfacet
  facet normal 0.336982 0 -0.941511
    outer loop
      vertex -20.6123 1.5 63.4782
      vertex -20.4645 4.5 63.5311
      vertex -20.4645 1.5 63.5311
    endloop
  endfacet
  facet normal 0.336982 0 -0.941511
    outer loop
      vertex -20.4645 4.5 63.5311
      vertex -20.6123 1.5 63.4782
      vertex -20.6123 4.5 63.4782
    endloop
  endfacet
  facet normal 0.427484 0 -0.904023
    outer loop
      vertex -20.7542 1.5 63.4111
      vertex -20.6123 4.5 63.4782
      vertex -20.6123 1.5 63.4782
    endloop
  endfacet
  facet normal 0.427484 0 -0.904023
    outer loop
      vertex -20.6123 4.5 63.4782
      vertex -20.7542 1.5 63.4111
      vertex -20.7542 4.5 63.4111
    endloop
  endfacet
  facet normal 0.049048 0 0.998796
    outer loop
      vertex -20.1568 4.5 60.4077
      vertex -20 1.5 60.4
      vertex -20 4.5 60.4
    endloop
  endfacet
  facet normal 0.049048 0 0.998796
    outer loop
      vertex -20 1.5 60.4
      vertex -20.1568 4.5 60.4077
      vertex -20.1568 1.5 60.4077
    endloop
  endfacet
  facet normal -0.941511 0 -0.336982
    outer loop
      vertex -18.4689 1.5 62.4645
      vertex -18.5218 4.5 62.6123
      vertex -18.4689 4.5 62.4645
    endloop
  endfacet
  facet normal -0.941511 -0 -0.336982
    outer loop
      vertex -18.5218 4.5 62.6123
      vertex -18.4689 1.5 62.4645
      vertex -18.5218 1.5 62.6123
    endloop
  endfacet
  facet normal 0.98921 -0 0.146502
    outer loop
      vertex -21.5923 1.5 61.8432
      vertex -21.5693 4.5 61.6879
      vertex -21.5923 4.5 61.8432
    endloop
  endfacet
  facet normal 0.98921 0 0.146502
    outer loop
      vertex -21.5693 4.5 61.6879
      vertex -21.5923 1.5 61.8432
      vertex -21.5693 1.5 61.6879
    endloop
  endfacet
  facet normal 0.998796 -0 0.049048
    outer loop
      vertex -21.6 1.5 62
      vertex -21.5923 4.5 61.8432
      vertex -21.6 4.5 62
    endloop
  endfacet
  facet normal 0.998796 0 0.049048
    outer loop
      vertex -21.5923 4.5 61.8432
      vertex -21.6 1.5 62
      vertex -21.5923 1.5 61.8432
    endloop
  endfacet
  facet normal 0.741264 0 -0.671213
    outer loop
      vertex -21.1314 1.5 63.1314
      vertex -21.2368 4.5 63.015
      vertex -21.1314 4.5 63.1314
    endloop
  endfacet
  facet normal 0.741264 0 -0.671213
    outer loop
      vertex -21.2368 4.5 63.015
      vertex -21.1314 1.5 63.1314
      vertex -21.2368 1.5 63.015
    endloop
  endfacet
  facet normal 0.80297 -0 0.596019
    outer loop
      vertex -21.3304 1.5 61.1111
      vertex -21.2368 4.5 60.985
      vertex -21.3304 4.5 61.1111
    endloop
  endfacet
  facet normal 0.80297 0 0.596019
    outer loop
      vertex -21.2368 4.5 60.985
      vertex -21.3304 1.5 61.1111
      vertex -21.2368 1.5 60.985
    endloop
  endfacet
  facet normal 0.98921 0 -0.146502
    outer loop
      vertex -21.5693 1.5 62.3121
      vertex -21.5923 4.5 62.1568
      vertex -21.5693 4.5 62.3121
    endloop
  endfacet
  facet normal 0.98921 0 -0.146502
    outer loop
      vertex -21.5923 4.5 62.1568
      vertex -21.5693 1.5 62.3121
      vertex -21.5923 1.5 62.1568
    endloop
  endfacet
  facet normal 0.941511 -0 0.336982
    outer loop
      vertex -21.5311 1.5 61.5355
      vertex -21.4782 4.5 61.3877
      vertex -21.5311 4.5 61.5355
    endloop
  endfacet
  facet normal 0.941511 0 0.336982
    outer loop
      vertex -21.4782 4.5 61.3877
      vertex -21.5311 1.5 61.5355
      vertex -21.4782 1.5 61.3877
    endloop
  endfacet
  facet normal 0.80297 0 -0.596019
    outer loop
      vertex -21.2368 1.5 63.015
      vertex -21.3304 4.5 62.8889
      vertex -21.2368 4.5 63.015
    endloop
  endfacet
  facet normal 0.80297 0 -0.596019
    outer loop
      vertex -21.3304 4.5 62.8889
      vertex -21.2368 1.5 63.015
      vertex -21.3304 1.5 62.8889
    endloop
  endfacet
  facet normal 0.969993 -0 0.243135
    outer loop
      vertex -21.5693 1.5 61.6879
      vertex -21.5311 4.5 61.5355
      vertex -21.5693 4.5 61.6879
    endloop
  endfacet
  facet normal 0.969993 0 0.243135
    outer loop
      vertex -21.5311 4.5 61.5355
      vertex -21.5693 1.5 61.6879
      vertex -21.5311 1.5 61.5355
    endloop
  endfacet
  facet normal -0.049048 0 0.998796
    outer loop
      vertex -20 4.5 60.4
      vertex -19.8432 1.5 60.4077
      vertex -19.8432 4.5 60.4077
    endloop
  endfacet
  facet normal -0.049048 0 0.998796
    outer loop
      vertex -19.8432 1.5 60.4077
      vertex -20 4.5 60.4
      vertex -20 1.5 60.4
    endloop
  endfacet
  facet normal 0.998796 0 -0.049048
    outer loop
      vertex -21.5923 1.5 62.1568
      vertex -21.6 4.5 62
      vertex -21.5923 4.5 62.1568
    endloop
  endfacet
  facet normal 0.998796 0 -0.049048
    outer loop
      vertex -21.6 4.5 62
      vertex -21.5923 1.5 62.1568
      vertex -21.6 1.5 62
    endloop
  endfacet
  facet normal -0.513934 0 -0.85783
    outer loop
      vertex -19.2458 1.5 63.4111
      vertex -19.1111 4.5 63.3304
      vertex -19.1111 1.5 63.3304
    endloop
  endfacet
  facet normal -0.513934 0 -0.85783
    outer loop
      vertex -19.1111 4.5 63.3304
      vertex -19.2458 1.5 63.4111
      vertex -19.2458 4.5 63.4111
    endloop
  endfacet
  facet normal -0.969993 0 -0.243135
    outer loop
      vertex -18.4307 1.5 62.3121
      vertex -18.4689 4.5 62.4645
      vertex -18.4307 4.5 62.3121
    endloop
  endfacet
  facet normal -0.969993 -0 -0.243135
    outer loop
      vertex -18.4689 4.5 62.4645
      vertex -18.4307 1.5 62.3121
      vertex -18.4689 1.5 62.4645
    endloop
  endfacet
  facet normal 0.243135 0 -0.969993
    outer loop
      vertex -20.4645 1.5 63.5311
      vertex -20.3121 4.5 63.5693
      vertex -20.3121 1.5 63.5693
    endloop
  endfacet
  facet normal 0.243135 0 -0.969993
    outer loop
      vertex -20.3121 4.5 63.5693
      vertex -20.4645 1.5 63.5311
      vertex -20.4645 4.5 63.5311
    endloop
  endfacet
  facet normal 0.85783 0 -0.513934
    outer loop
      vertex -21.3304 1.5 62.8889
      vertex -21.4111 4.5 62.7542
      vertex -21.3304 4.5 62.8889
    endloop
  endfacet
  facet normal 0.85783 0 -0.513934
    outer loop
      vertex -21.4111 4.5 62.7542
      vertex -21.3304 1.5 62.8889
      vertex -21.4111 1.5 62.7542
    endloop
  endfacet
  facet normal 0.904023 -0 0.427484
    outer loop
      vertex -21.4782 1.5 61.3877
      vertex -21.4111 4.5 61.2458
      vertex -21.4782 4.5 61.3877
    endloop
  endfacet
  facet normal 0.904023 0 0.427484
    outer loop
      vertex -21.4111 4.5 61.2458
      vertex -21.4782 1.5 61.3877
      vertex -21.4111 1.5 61.2458
    endloop
  endfacet
  facet normal -0.85783 0 -0.513934
    outer loop
      vertex -18.5889 1.5 62.7542
      vertex -18.6696 4.5 62.8889
      vertex -18.5889 4.5 62.7542
    endloop
  endfacet
  facet normal -0.85783 -0 -0.513934
    outer loop
      vertex -18.6696 4.5 62.8889
      vertex -18.5889 1.5 62.7542
      vertex -18.6696 1.5 62.8889
    endloop
  endfacet
  facet normal -0.671213 0 -0.741264
    outer loop
      vertex -18.985 1.5 63.2368
      vertex -18.8686 4.5 63.1314
      vertex -18.8686 1.5 63.1314
    endloop
  endfacet
  facet normal -0.671213 0 -0.741264
    outer loop
      vertex -18.8686 4.5 63.1314
      vertex -18.985 1.5 63.2368
      vertex -18.985 4.5 63.2368
    endloop
  endfacet
endsolid OpenSCAD_Model
