solid OpenSCAD_Model
  facet normal 0.555604 0.831447 -0
    outer loop
      vertex 60.8839 -7.36612 6
      vertex 60.4784 -7.09515 11.99
      vertex 60.8839 -7.36612 11.99
    endloop
  endfacet
  facet normal 0.555604 0.831447 0
    outer loop
      vertex 60.4784 -7.09515 11.99
      vertex 60.8839 -7.36612 6
      vertex 60.4784 -7.09515 6
    endloop
  endfacet
  facet normal -0.0249922 0.999688 0
    outer loop
      vertex 60 -7 6
      vertex 12 -8.2 11.99
      vertex 60 -7 11.99
    endloop
  endfacet
  facet normal -0.0249922 0.999688 0
    outer loop
      vertex 12 -8.2 11.99
      vertex 60 -7 6
      vertex 12 -8.2 6
    endloop
  endfacet
  facet normal -0.831451 -0.555599 0
    outer loop
      vertex 11.1161 -10.3339 6
      vertex 10.8451 -9.92835 11.99
      vertex 10.8451 -9.92835 6
    endloop
  endfacet
  facet normal -0.831451 -0.555599 0
    outer loop
      vertex 10.8451 -9.92835 11.99
      vertex 11.1161 -10.3339 6
      vertex 11.1161 -10.3339 11.99
    endloop
  endfacet
  facet normal 0.831438 -0.555618 0
    outer loop
      vertex 60.8839 -9.13388 11.99
      vertex 61.1549 -8.72835 6
      vertex 61.1549 -8.72835 11.99
    endloop
  endfacet
  facet normal 0.831438 -0.555618 0
    outer loop
      vertex 61.1549 -8.72835 6
      vertex 60.8839 -9.13388 11.99
      vertex 60.8839 -9.13388 6
    endloop
  endfacet
  facet normal 0.980805 -0.194992 0
    outer loop
      vertex 61.1549 -8.72835 11.99
      vertex 61.25 -8.25 6
      vertex 61.25 -8.25 11.99
    endloop
  endfacet
  facet normal 0.980805 -0.194992 0
    outer loop
      vertex 61.25 -8.25 6
      vertex 61.1549 -8.72835 11.99
      vertex 61.1549 -8.72835 6
    endloop
  endfacet
  facet normal 0.0249922 -0.999688 0
    outer loop
      vertex 12 -10.7 5.99
      vertex 60 -9.5 11.99
      vertex 12 -10.7 11.99
    endloop
  endfacet
  facet normal 0.0249922 -0.999688 0
    outer loop
      vertex 60 -9.5 11.99
      vertex 12 -10.7 5.99
      vertex 60 -9.5 5.99
    endloop
  endfacet
  facet normal -0.980805 -0.194992 0
    outer loop
      vertex 10.8451 -9.92835 6
      vertex 10.75 -9.45 11.99
      vertex 10.75 -9.45 6
    endloop
  endfacet
  facet normal -0.980805 -0.194992 0
    outer loop
      vertex 10.75 -9.45 11.99
      vertex 10.8451 -9.92835 6
      vertex 10.8451 -9.92835 11.99
    endloop
  endfacet
  facet normal 0.195071 0.980789 -0
    outer loop
      vertex 60.4784 -7.09515 6
      vertex 60 -7 11.99
      vertex 60.4784 -7.09515 11.99
    endloop
  endfacet
  facet normal 0.195071 0.980789 0
    outer loop
      vertex 60 -7 11.99
      vertex 60.4784 -7.09515 6
      vertex 60 -7 6
    endloop
  endfacet
  facet normal -0.831438 0.555618 0
    outer loop
      vertex 10.8451 -8.97165 6
      vertex 11.1161 -8.56612 11.99
      vertex 11.1161 -8.56612 6
    endloop
  endfacet
  facet normal -0.831438 0.555618 0
    outer loop
      vertex 11.1161 -8.56612 11.99
      vertex 10.8451 -8.97165 6
      vertex 10.8451 -8.97165 11.99
    endloop
  endfacet
  facet normal 0.980805 0.194992 0
    outer loop
      vertex 61.25 -8.25 11.99
      vertex 61.1549 -7.77165 6
      vertex 61.1549 -7.77165 11.99
    endloop
  endfacet
  facet normal 0.980805 0.194992 0
    outer loop
      vertex 61.1549 -7.77165 6
      vertex 61.25 -8.25 11.99
      vertex 61.25 -8.25 6
    endloop
  endfacet
  facet normal 0.555604 -0.831447 0
    outer loop
      vertex 60.4784 -9.40485 6
      vertex 60.8839 -9.13388 11.99
      vertex 60.4784 -9.40485 11.99
    endloop
  endfacet
  facet normal 0.555604 -0.831447 0
    outer loop
      vertex 60.8839 -9.13388 11.99
      vertex 60.4784 -9.40485 6
      vertex 60.8839 -9.13388 6
    endloop
  endfacet
  facet normal 0.831438 0.555618 0
    outer loop
      vertex 61.1549 -7.77165 11.99
      vertex 60.8839 -7.36612 6
      vertex 60.8839 -7.36612 11.99
    endloop
  endfacet
  facet normal 0.831438 0.555618 0
    outer loop
      vertex 60.8839 -7.36612 6
      vertex 61.1549 -7.77165 11.99
      vertex 61.1549 -7.77165 6
    endloop
  endfacet
  facet normal -0.195071 0.980789 0
    outer loop
      vertex 12 -8.2 6
      vertex 11.5216 -8.29515 11.99
      vertex 12 -8.2 11.99
    endloop
  endfacet
  facet normal -0.195071 0.980789 0
    outer loop
      vertex 11.5216 -8.29515 11.99
      vertex 12 -8.2 6
      vertex 11.5216 -8.29515 6
    endloop
  endfacet
  facet normal -0.555604 0.831447 0
    outer loop
      vertex 11.5216 -8.29515 6
      vertex 11.1161 -8.56612 11.99
      vertex 11.5216 -8.29515 11.99
    endloop
  endfacet
  facet normal -0.555604 0.831447 0
    outer loop
      vertex 11.1161 -8.56612 11.99
      vertex 11.5216 -8.29515 6
      vertex 11.1161 -8.56612 6
    endloop
  endfacet
  facet normal -0.980805 0.194992 0
    outer loop
      vertex 10.75 -9.45 6
      vertex 10.8451 -8.97165 11.99
      vertex 10.8451 -8.97165 6
    endloop
  endfacet
  facet normal -0.980805 0.194992 0
    outer loop
      vertex 10.8451 -8.97165 11.99
      vertex 10.75 -9.45 6
      vertex 10.75 -9.45 11.99
    endloop
  endfacet
  facet normal 0.195071 -0.980789 0
    outer loop
      vertex 60 -9.5 6
      vertex 60.4784 -9.40485 11.99
      vertex 60 -9.5 11.99
    endloop
  endfacet
  facet normal 0.195071 -0.980789 0
    outer loop
      vertex 60.4784 -9.40485 11.99
      vertex 60 -9.5 6
      vertex 60.4784 -9.40485 6
    endloop
  endfacet
  facet normal -0 0 0
    outer loop
      vertex 60 -9.5 6
      vertex 60 -9.5 11.99
      vertex 60 -9.5 5.99
    endloop
  endfacet
  facet normal -0.555504 -0.831514 0
    outer loop
      vertex 11.1161 -10.3339 6
      vertex 11.5216 -10.6048 11.99
      vertex 11.1161 -10.3339 11.99
    endloop
  endfacet
  facet normal -0.555504 -0.831514 -0
    outer loop
      vertex 11.5216 -10.6048 11.99
      vertex 11.1161 -10.3339 6
      vertex 11.5216 -10.6048 6
    endloop
  endfacet
  facet normal 0 0 1
    outer loop
      vertex 61.1549 -7.77165 11.99
      vertex 61.1549 -8.72835 11.99
      vertex 61.25 -8.25 11.99
    endloop
  endfacet
  facet normal 0 0 1
    outer loop
      vertex 60.8839 -7.36612 11.99
      vertex 61.1549 -8.72835 11.99
      vertex 61.1549 -7.77165 11.99
    endloop
  endfacet
  facet normal 0 0 1
    outer loop
      vertex 60.8839 -7.36612 11.99
      vertex 60.8839 -9.13388 11.99
      vertex 61.1549 -8.72835 11.99
    endloop
  endfacet
  facet normal 0 0 1
    outer loop
      vertex 60.4784 -7.09515 11.99
      vertex 60.8839 -9.13388 11.99
      vertex 60.8839 -7.36612 11.99
    endloop
  endfacet
  facet normal 0 0 1
    outer loop
      vertex 60.4784 -7.09515 11.99
      vertex 60.4784 -9.40485 11.99
      vertex 60.8839 -9.13388 11.99
    endloop
  endfacet
  facet normal 0 0 1
    outer loop
      vertex 60 -7 11.99
      vertex 60.4784 -9.40485 11.99
      vertex 60.4784 -7.09515 11.99
    endloop
  endfacet
  facet normal 0 0 1
    outer loop
      vertex 60 -7 11.99
      vertex 60 -9.5 11.99
      vertex 60.4784 -9.40485 11.99
    endloop
  endfacet
  facet normal -0 0 1
    outer loop
      vertex 12 -8.2 11.99
      vertex 60 -9.5 11.99
      vertex 60 -7 11.99
    endloop
  endfacet
  facet normal 0 0 1
    outer loop
      vertex 12 -8.2 11.99
      vertex 12 -10.7 11.99
      vertex 60 -9.5 11.99
    endloop
  endfacet
  facet normal -0 0 1
    outer loop
      vertex 11.5216 -8.29515 11.99
      vertex 12 -10.7 11.99
      vertex 12 -8.2 11.99
    endloop
  endfacet
  facet normal 0 0 1
    outer loop
      vertex 11.5216 -8.29515 11.99
      vertex 11.5216 -10.6048 11.99
      vertex 12 -10.7 11.99
    endloop
  endfacet
  facet normal -0 0 1
    outer loop
      vertex 11.1161 -8.56612 11.99
      vertex 11.5216 -10.6048 11.99
      vertex 11.5216 -8.29515 11.99
    endloop
  endfacet
  facet normal 0 0 1
    outer loop
      vertex 11.1161 -8.56612 11.99
      vertex 11.1161 -10.3339 11.99
      vertex 11.5216 -10.6048 11.99
    endloop
  endfacet
  facet normal -0 0 1
    outer loop
      vertex 10.8451 -8.97165 11.99
      vertex 11.1161 -10.3339 11.99
      vertex 11.1161 -8.56612 11.99
    endloop
  endfacet
  facet normal 0 0 1
    outer loop
      vertex 10.8451 -8.97165 11.99
      vertex 10.8451 -9.92835 11.99
      vertex 11.1161 -10.3339 11.99
    endloop
  endfacet
  facet normal 0 -0 1
    outer loop
      vertex 10.8451 -9.92835 11.99
      vertex 10.8451 -8.97165 11.99
      vertex 10.75 -9.45 11.99
    endloop
  endfacet
  facet normal -0.19517 -0.980769 0
    outer loop
      vertex 11.5216 -10.6048 6
      vertex 12 -10.7 11.99
      vertex 11.5216 -10.6048 11.99
    endloop
  endfacet
  facet normal -0.19517 -0.980769 0
    outer loop
      vertex 12 -10.7 6
      vertex 12 -10.7 11.99
      vertex 11.5216 -10.6048 6
    endloop
  endfacet
  facet normal 0 -0 0
    outer loop
      vertex 12 -10.7 6
      vertex 12 -10.7 5.99
      vertex 12 -10.7 11.99
    endloop
  endfacet
  facet normal -0.831451 0.555599 0
    outer loop
      vertex 10.8451 9.92835 6
      vertex 11.1161 10.3339 11.99
      vertex 11.1161 10.3339 6
    endloop
  endfacet
  facet normal -0.831451 0.555599 0
    outer loop
      vertex 11.1161 10.3339 11.99
      vertex 10.8451 9.92835 6
      vertex 10.8451 9.92835 11.99
    endloop
  endfacet
  facet normal -0.831438 -0.555618 0
    outer loop
      vertex 11.1161 8.56612 6
      vertex 10.8451 8.97165 11.99
      vertex 10.8451 8.97165 6
    endloop
  endfacet
  facet normal -0.831438 -0.555618 0
    outer loop
      vertex 10.8451 8.97165 11.99
      vertex 11.1161 8.56612 6
      vertex 11.1161 8.56612 11.99
    endloop
  endfacet
  facet normal 0.195071 0.980789 -0
    outer loop
      vertex 60.4784 9.40485 6
      vertex 60 9.5 11.99
      vertex 60.4784 9.40485 11.99
    endloop
  endfacet
  facet normal 0.195071 0.980789 0
    outer loop
      vertex 60 9.5 11.99
      vertex 60.4784 9.40485 6
      vertex 60 9.5 6
    endloop
  endfacet
  facet normal 0 -0 0
    outer loop
      vertex 60 9.5 6
      vertex 60 9.5 5.99
      vertex 60 9.5 11.99
    endloop
  endfacet
  facet normal -0.0249922 -0.999688 0
    outer loop
      vertex 12 8.2 6
      vertex 60 7 11.99
      vertex 12 8.2 11.99
    endloop
  endfacet
  facet normal -0.0249922 -0.999688 -0
    outer loop
      vertex 60 7 11.99
      vertex 12 8.2 6
      vertex 60 7 6
    endloop
  endfacet
  facet normal -0.980805 0.194992 0
    outer loop
      vertex 10.75 9.45 6
      vertex 10.8451 9.92835 11.99
      vertex 10.8451 9.92835 6
    endloop
  endfacet
  facet normal -0.980805 0.194992 0
    outer loop
      vertex 10.8451 9.92835 11.99
      vertex 10.75 9.45 6
      vertex 10.75 9.45 11.99
    endloop
  endfacet
  facet normal 0.0249922 0.999688 -0
    outer loop
      vertex 60 9.5 5.99
      vertex 12 10.7 11.99
      vertex 60 9.5 11.99
    endloop
  endfacet
  facet normal 0.0249922 0.999688 0
    outer loop
      vertex 12 10.7 11.99
      vertex 60 9.5 5.99
      vertex 12 10.7 5.99
    endloop
  endfacet
  facet normal -0.555504 0.831514 0
    outer loop
      vertex 11.5216 10.6048 6
      vertex 11.1161 10.3339 11.99
      vertex 11.5216 10.6048 11.99
    endloop
  endfacet
  facet normal -0.555504 0.831514 0
    outer loop
      vertex 11.1161 10.3339 11.99
      vertex 11.5216 10.6048 6
      vertex 11.1161 10.3339 6
    endloop
  endfacet
  facet normal 0.195071 -0.980789 0
    outer loop
      vertex 60 7 6
      vertex 60.4784 7.09515 11.99
      vertex 60 7 11.99
    endloop
  endfacet
  facet normal 0.195071 -0.980789 0
    outer loop
      vertex 60.4784 7.09515 11.99
      vertex 60 7 6
      vertex 60.4784 7.09515 6
    endloop
  endfacet
  facet normal -0.555604 -0.831447 0
    outer loop
      vertex 11.1161 8.56612 6
      vertex 11.5216 8.29515 11.99
      vertex 11.1161 8.56612 11.99
    endloop
  endfacet
  facet normal -0.555604 -0.831447 -0
    outer loop
      vertex 11.5216 8.29515 11.99
      vertex 11.1161 8.56612 6
      vertex 11.5216 8.29515 6
    endloop
  endfacet
  facet normal 0.980805 -0.194992 0
    outer loop
      vertex 61.1549 7.77165 11.99
      vertex 61.25 8.25 6
      vertex 61.25 8.25 11.99
    endloop
  endfacet
  facet normal 0.980805 -0.194992 0
    outer loop
      vertex 61.25 8.25 6
      vertex 61.1549 7.77165 11.99
      vertex 61.1549 7.77165 6
    endloop
  endfacet
  facet normal -0.195071 -0.980789 0
    outer loop
      vertex 11.5216 8.29515 6
      vertex 12 8.2 11.99
      vertex 11.5216 8.29515 11.99
    endloop
  endfacet
  facet normal -0.195071 -0.980789 -0
    outer loop
      vertex 12 8.2 11.99
      vertex 11.5216 8.29515 6
      vertex 12 8.2 6
    endloop
  endfacet
  facet normal -0.980805 -0.194992 0
    outer loop
      vertex 10.8451 8.97165 6
      vertex 10.75 9.45 11.99
      vertex 10.75 9.45 6
    endloop
  endfacet
  facet normal -0.980805 -0.194992 0
    outer loop
      vertex 10.75 9.45 11.99
      vertex 10.8451 8.97165 6
      vertex 10.8451 8.97165 11.99
    endloop
  endfacet
  facet normal 0.555604 -0.831447 0
    outer loop
      vertex 60.4784 7.09515 6
      vertex 60.8839 7.36612 11.99
      vertex 60.4784 7.09515 11.99
    endloop
  endfacet
  facet normal 0.555604 -0.831447 0
    outer loop
      vertex 60.8839 7.36612 11.99
      vertex 60.4784 7.09515 6
      vertex 60.8839 7.36612 6
    endloop
  endfacet
  facet normal 0.980805 0.194992 0
    outer loop
      vertex 61.25 8.25 11.99
      vertex 61.1549 8.72835 6
      vertex 61.1549 8.72835 11.99
    endloop
  endfacet
  facet normal 0.980805 0.194992 0
    outer loop
      vertex 61.1549 8.72835 6
      vertex 61.25 8.25 11.99
      vertex 61.25 8.25 6
    endloop
  endfacet
  facet normal -0.19517 0.980769 0
    outer loop
      vertex 12 10.7 11.99
      vertex 12 10.7 6
      vertex 11.5216 10.6048 11.99
    endloop
  endfacet
  facet normal 0 0 0
    outer loop
      vertex 12 10.7 5.99
      vertex 12 10.7 6
      vertex 12 10.7 11.99
    endloop
  endfacet
  facet normal -0.19517 0.980769 0
    outer loop
      vertex 11.5216 10.6048 11.99
      vertex 12 10.7 6
      vertex 11.5216 10.6048 6
    endloop
  endfacet
  facet normal 0.831438 -0.555618 0
    outer loop
      vertex 60.8839 7.36612 11.99
      vertex 61.1549 7.77165 6
      vertex 61.1549 7.77165 11.99
    endloop
  endfacet
  facet normal 0.831438 -0.555618 0
    outer loop
      vertex 61.1549 7.77165 6
      vertex 60.8839 7.36612 11.99
      vertex 60.8839 7.36612 6
    endloop
  endfacet
  facet normal 0.555604 0.831447 -0
    outer loop
      vertex 60.8839 9.13388 6
      vertex 60.4784 9.40485 11.99
      vertex 60.8839 9.13388 11.99
    endloop
  endfacet
  facet normal 0.555604 0.831447 0
    outer loop
      vertex 60.4784 9.40485 11.99
      vertex 60.8839 9.13388 6
      vertex 60.4784 9.40485 6
    endloop
  endfacet
  facet normal 0.831438 0.555618 0
    outer loop
      vertex 61.1549 8.72835 11.99
      vertex 60.8839 9.13388 6
      vertex 60.8839 9.13388 11.99
    endloop
  endfacet
  facet normal 0.831438 0.555618 0
    outer loop
      vertex 60.8839 9.13388 6
      vertex 61.1549 8.72835 11.99
      vertex 61.1549 8.72835 6
    endloop
  endfacet
  facet normal 0 0 1
    outer loop
      vertex 61.1549 8.72835 11.99
      vertex 61.1549 7.77165 11.99
      vertex 61.25 8.25 11.99
    endloop
  endfacet
  facet normal 0 0 1
    outer loop
      vertex 60.8839 9.13388 11.99
      vertex 61.1549 7.77165 11.99
      vertex 61.1549 8.72835 11.99
    endloop
  endfacet
  facet normal 0 0 1
    outer loop
      vertex 60.8839 9.13388 11.99
      vertex 60.8839 7.36612 11.99
      vertex 61.1549 7.77165 11.99
    endloop
  endfacet
  facet normal 0 0 1
    outer loop
      vertex 60.4784 9.40485 11.99
      vertex 60.8839 7.36612 11.99
      vertex 60.8839 9.13388 11.99
    endloop
  endfacet
  facet normal 0 0 1
    outer loop
      vertex 60.4784 9.40485 11.99
      vertex 60.4784 7.09515 11.99
      vertex 60.8839 7.36612 11.99
    endloop
  endfacet
  facet normal 0 0 1
    outer loop
      vertex 60 9.5 11.99
      vertex 60.4784 7.09515 11.99
      vertex 60.4784 9.40485 11.99
    endloop
  endfacet
  facet normal 0 0 1
    outer loop
      vertex 60 9.5 11.99
      vertex 60 7 11.99
      vertex 60.4784 7.09515 11.99
    endloop
  endfacet
  facet normal 0 0 1
    outer loop
      vertex 12 8.2 11.99
      vertex 60 9.5 11.99
      vertex 12 10.7 11.99
    endloop
  endfacet
  facet normal 0 0 1
    outer loop
      vertex 60 9.5 11.99
      vertex 12 8.2 11.99
      vertex 60 7 11.99
    endloop
  endfacet
  facet normal -0 0 1
    outer loop
      vertex 11.5216 10.6048 11.99
      vertex 12 8.2 11.99
      vertex 12 10.7 11.99
    endloop
  endfacet
  facet normal 0 0 1
    outer loop
      vertex 11.5216 10.6048 11.99
      vertex 11.5216 8.29515 11.99
      vertex 12 8.2 11.99
    endloop
  endfacet
  facet normal -0 0 1
    outer loop
      vertex 11.1161 10.3339 11.99
      vertex 11.5216 8.29515 11.99
      vertex 11.5216 10.6048 11.99
    endloop
  endfacet
  facet normal 0 0 1
    outer loop
      vertex 11.1161 10.3339 11.99
      vertex 11.1161 8.56612 11.99
      vertex 11.5216 8.29515 11.99
    endloop
  endfacet
  facet normal -0 0 1
    outer loop
      vertex 10.8451 9.92835 11.99
      vertex 11.1161 8.56612 11.99
      vertex 11.1161 10.3339 11.99
    endloop
  endfacet
  facet normal 0 0 1
    outer loop
      vertex 10.8451 9.92835 11.99
      vertex 10.8451 8.97165 11.99
      vertex 11.1161 8.56612 11.99
    endloop
  endfacet
  facet normal 0 -0 1
    outer loop
      vertex 10.8451 8.97165 11.99
      vertex 10.8451 9.92835 11.99
      vertex 10.75 9.45 11.99
    endloop
  endfacet
  facet normal 0 0 -1
    outer loop
      vertex -45.89 -4.64363 0
      vertex -42.94 6.34682 0
      vertex -42.94 -6.34682 0
    endloop
  endfacet
  facet normal 0 0 -1
    outer loop
      vertex -45.89 -4.64363 0
      vertex -45.89 4.64363 0
      vertex -42.94 6.34682 0
    endloop
  endfacet
  facet normal 0 0 -1
    outer loop
      vertex -48.84 -6.34682 0
      vertex -45.89 4.64363 0
      vertex -45.89 -4.64363 0
    endloop
  endfacet
  facet normal -0 0 -1
    outer loop
      vertex -45.89 4.64363 0
      vertex -48.84 -6.34682 0
      vertex -48.84 6.34682 0
    endloop
  endfacet
  facet normal 0 0 -1
    outer loop
      vertex -16.7825 0.841888 0
      vertex -42.94 6.34682 0
      vertex -16.6902 1.03706 0
    endloop
  endfacet
  facet normal 0 0 -1
    outer loop
      vertex -42.94 9.75318 0
      vertex -16.6902 1.03706 0
      vertex -42.94 6.34682 0
    endloop
  endfacet
  facet normal 0 0 -1
    outer loop
      vertex -16.6902 1.03706 0
      vertex -42.94 9.75318 0
      vertex -42.2997 27.532 0
    endloop
  endfacet
  facet normal 0 0 -1
    outer loop
      vertex -45.89 11.4564 0
      vertex -42.2997 27.532 0
      vertex -42.94 9.75318 0
    endloop
  endfacet
  facet normal 0 0 -1
    outer loop
      vertex -50.5094 9.96341 0
      vertex -45.89 11.4564 0
      vertex -48.84 9.75318 0
    endloop
  endfacet
  facet normal -0 0 -1
    outer loop
      vertex -45.89 11.4564 0
      vertex -50.5094 9.96341 0
      vertex -42.2997 27.532 0
    endloop
  endfacet
  facet normal 0 0 -1
    outer loop
      vertex -48.84 6.34682 0
      vertex -50.5094 9.96341 0
      vertex -48.84 9.75318 0
    endloop
  endfacet
  facet normal 0 0 -1
    outer loop
      vertex -50.89 -8.04999 0
      vertex -50.5094 -9.96341 0
      vertex -50.6747 -9.50142 0
    endloop
  endfacet
  facet normal 0 0 -1
    outer loop
      vertex -50.89 8.04999 0
      vertex -48.84 6.34682 0
      vertex -50.89 -8.04999 0
    endloop
  endfacet
  facet normal 0 0 -1
    outer loop
      vertex -50.89 -8.04999 0
      vertex -50.6747 -9.50142 0
      vertex -50.7939 -9.02544 0
    endloop
  endfacet
  facet normal 0 -0 -1
    outer loop
      vertex -50.8659 8.54008 0
      vertex -48.84 6.34682 0
      vertex -50.89 8.04999 0
    endloop
  endfacet
  facet normal 0 0 -1
    outer loop
      vertex -50.89 -8.04999 0
      vertex -50.7939 -9.02544 0
      vertex -50.8659 -8.54008 0
    endloop
  endfacet
  facet normal 0 0 -1
    outer loop
      vertex -48.84 6.34682 0
      vertex -50.6747 9.50142 0
      vertex -50.5094 9.96341 0
    endloop
  endfacet
  facet normal 0 0 -1
    outer loop
      vertex -48.84 6.34682 0
      vertex -50.7939 9.02544 0
      vertex -50.6747 9.50142 0
    endloop
  endfacet
  facet normal 0 0 -1
    outer loop
      vertex -48.84 6.34682 0
      vertex -50.8659 8.54008 0
      vertex -50.7939 9.02544 0
    endloop
  endfacet
  facet normal -0 0 -1
    outer loop
      vertex 33 -1.1 0
      vertex 30 -2.5 0
      vertex 30 -1.1 0
    endloop
  endfacet
  facet normal 0 0 -1
    outer loop
      vertex 33 1.1 0
      vertex 30 1.1 0
      vertex 33 2.5 0
    endloop
  endfacet
  facet normal 0 0 -1
    outer loop
      vertex 49 1.1 0
      vertex 46 1.1 0
      vertex 49 2.5 0
    endloop
  endfacet
  facet normal 0 0 -1
    outer loop
      vertex 65 1.1 0
      vertex 62 1.1 0
      vertex 65 2.5 0
    endloop
  endfacet
  facet normal 0 0 -1
    outer loop
      vertex 81.6 0 0
      vertex 89 0 0
      vertex 88.9566 -0.882141 0
    endloop
  endfacet
  facet normal 0 0 -1
    outer loop
      vertex 81.5923 -0.156827 0
      vertex 88.9566 -0.882141 0
      vertex 88.8271 -1.7558 0
    endloop
  endfacet
  facet normal 0 0 -1
    outer loop
      vertex 89 0 0
      vertex 81.6 0 0
      vertex 88.9566 0.882141 0
    endloop
  endfacet
  facet normal 0 0 -1
    outer loop
      vertex 81.5693 -0.312144 0
      vertex 88.8271 -1.7558 0
      vertex 88.6125 -2.61255 0
    endloop
  endfacet
  facet normal 0 0 -1
    outer loop
      vertex 81.5923 0.156827 0
      vertex 88.9566 0.882141 0
      vertex 81.6 0 0
    endloop
  endfacet
  facet normal 0 0 -1
    outer loop
      vertex 81.5311 -0.464455 0
      vertex 88.6125 -2.61255 0
      vertex 88.3149 -3.44414 0
    endloop
  endfacet
  facet normal -0 0 -1
    outer loop
      vertex 88.9566 0.882141 0
      vertex 81.5923 0.156827 0
      vertex 88.8271 1.7558 0
    endloop
  endfacet
  facet normal 0 0 -1
    outer loop
      vertex 81.4782 -0.612293 0
      vertex 88.3149 -3.44414 0
      vertex 87.9373 -4.24257 0
    endloop
  endfacet
  facet normal 0 0 -1
    outer loop
      vertex 81.5693 0.312144 0
      vertex 88.8271 1.7558 0
      vertex 81.5923 0.156827 0
    endloop
  endfacet
  facet normal 0 0 -1
    outer loop
      vertex 81.4111 -0.754234 0
      vertex 87.9373 -4.24257 0
      vertex 87.4832 -5.00012 0
    endloop
  endfacet
  facet normal -0 0 -1
    outer loop
      vertex 88.8271 1.7558 0
      vertex 81.5693 0.312144 0
      vertex 88.6125 2.61255 0
    endloop
  endfacet
  facet normal 0 0 -1
    outer loop
      vertex 81.3304 -0.888912 0
      vertex 87.4832 -5.00012 0
      vertex 86.9571 -5.70953 0
    endloop
  endfacet
  facet normal 0 0 -1
    outer loop
      vertex 81.5311 0.464455 0
      vertex 88.6125 2.61255 0
      vertex 81.5693 0.312144 0
    endloop
  endfacet
  facet normal 0 0 -1
    outer loop
      vertex 81.2368 -1.01503 0
      vertex 86.9571 -5.70953 0
      vertex 86.364 -6.36395 0
    endloop
  endfacet
  facet normal -0 0 -1
    outer loop
      vertex 88.6125 2.61255 0
      vertex 81.5311 0.464455 0
      vertex 88.3149 3.44414 0
    endloop
  endfacet
  facet normal 0 0 -1
    outer loop
      vertex 81.1314 -1.13137 0
      vertex 86.364 -6.36395 0
      vertex 85.7095 -6.95709 0
    endloop
  endfacet
  facet normal 0 0 -1
    outer loop
      vertex 81.4782 0.612293 0
      vertex 88.3149 3.44414 0
      vertex 81.5311 0.464455 0
    endloop
  endfacet
  facet normal 0 0 -1
    outer loop
      vertex 81.015 -1.23682 0
      vertex 85.7095 -6.95709 0
      vertex 85.0001 -7.48322 0
    endloop
  endfacet
  facet normal -0 0 -1
    outer loop
      vertex 88.3149 3.44414 0
      vertex 81.4782 0.612293 0
      vertex 87.9373 4.24257 0
    endloop
  endfacet
  facet normal 0 0 -1
    outer loop
      vertex 80.8889 -1.33035 0
      vertex 85.0001 -7.48322 0
      vertex 84.2426 -7.93729 0
    endloop
  endfacet
  facet normal 0 0 -1
    outer loop
      vertex 81.4111 0.754234 0
      vertex 87.9373 4.24257 0
      vertex 81.4782 0.612293 0
    endloop
  endfacet
  facet normal 0 0 -1
    outer loop
      vertex 80.7542 -1.41107 0
      vertex 84.2426 -7.93729 0
      vertex 83.4441 -8.31491 0
    endloop
  endfacet
  facet normal -0 0 -1
    outer loop
      vertex 87.9373 4.24257 0
      vertex 81.4111 0.754234 0
      vertex 87.4832 5.00012 0
    endloop
  endfacet
  facet normal 0 0 -1
    outer loop
      vertex 80.6123 -1.47821 0
      vertex 83.4441 -8.31491 0
      vertex 82.6125 -8.61246 0
    endloop
  endfacet
  facet normal 0 0 -1
    outer loop
      vertex 81.3304 0.888912 0
      vertex 87.4832 5.00012 0
      vertex 81.4111 0.754234 0
    endloop
  endfacet
  facet normal 0 0 -1
    outer loop
      vertex 80.4645 -1.5311 0
      vertex 82.6125 -8.61246 0
      vertex 81.7558 -8.82706 0
    endloop
  endfacet
  facet normal -0 0 -1
    outer loop
      vertex 87.4832 5.00012 0
      vertex 81.3304 0.888912 0
      vertex 86.9571 5.70953 0
    endloop
  endfacet
  facet normal 0 0 -1
    outer loop
      vertex 81.2368 1.01503 0
      vertex 86.9571 5.70953 0
      vertex 81.3304 0.888912 0
    endloop
  endfacet
  facet normal 0 0 -1
    outer loop
      vertex 88.9566 -0.882141 0
      vertex 81.5923 -0.156827 0
      vertex 81.6 0 0
    endloop
  endfacet
  facet normal 0 0 -1
    outer loop
      vertex 88.8271 -1.7558 0
      vertex 81.5693 -0.312144 0
      vertex 81.5923 -0.156827 0
    endloop
  endfacet
  facet normal 0 0 -1
    outer loop
      vertex 88.6125 -2.61255 0
      vertex 81.5311 -0.464455 0
      vertex 81.5693 -0.312144 0
    endloop
  endfacet
  facet normal 0 0 -1
    outer loop
      vertex 88.3149 -3.44414 0
      vertex 81.4782 -0.612293 0
      vertex 81.5311 -0.464455 0
    endloop
  endfacet
  facet normal 0 0 -1
    outer loop
      vertex 87.9373 -4.24257 0
      vertex 81.4111 -0.754234 0
      vertex 81.4782 -0.612293 0
    endloop
  endfacet
  facet normal 0 0 -1
    outer loop
      vertex 87.4832 -5.00012 0
      vertex 81.3304 -0.888912 0
      vertex 81.4111 -0.754234 0
    endloop
  endfacet
  facet normal 0 0 -1
    outer loop
      vertex 86.9571 -5.70953 0
      vertex 81.2368 -1.01503 0
      vertex 81.3304 -0.888912 0
    endloop
  endfacet
  facet normal 0 0 -1
    outer loop
      vertex 86.364 -6.36395 0
      vertex 81.1314 -1.13137 0
      vertex 81.2368 -1.01503 0
    endloop
  endfacet
  facet normal 0 0 -1
    outer loop
      vertex 85.7095 -6.95709 0
      vertex 81.015 -1.23682 0
      vertex 81.1314 -1.13137 0
    endloop
  endfacet
  facet normal 0 0 -1
    outer loop
      vertex 85.0001 -7.48322 0
      vertex 80.8889 -1.33035 0
      vertex 81.015 -1.23682 0
    endloop
  endfacet
  facet normal 0 0 -1
    outer loop
      vertex 80.3121 -1.56926 0
      vertex 81.7558 -8.82706 0
      vertex 80.8821 -8.95665 0
    endloop
  endfacet
  facet normal 0 0 -1
    outer loop
      vertex 84.2426 -7.93729 0
      vertex 80.7542 -1.41107 0
      vertex 80.8889 -1.33035 0
    endloop
  endfacet
  facet normal 0 0 -1
    outer loop
      vertex 83.4441 -8.31491 0
      vertex 80.6123 -1.47821 0
      vertex 80.7542 -1.41107 0
    endloop
  endfacet
  facet normal 0 0 -1
    outer loop
      vertex 82.6125 -8.61246 0
      vertex 80.4645 -1.5311 0
      vertex 80.6123 -1.47821 0
    endloop
  endfacet
  facet normal 0 0 -1
    outer loop
      vertex 81.7558 -8.82706 0
      vertex 80.3121 -1.56926 0
      vertex 80.4645 -1.5311 0
    endloop
  endfacet
  facet normal 0 0 -1
    outer loop
      vertex 80.8821 -8.95665 0
      vertex 80.1568 -1.59229 0
      vertex 80.3121 -1.56926 0
    endloop
  endfacet
  facet normal 0 0 -1
    outer loop
      vertex 80 -9 0
      vertex 80.1568 -1.59229 0
      vertex 80.8821 -8.95665 0
    endloop
  endfacet
  facet normal 0 0 -1
    outer loop
      vertex 80 -9 0
      vertex 80 -1.6 0
      vertex 80.1568 -1.59229 0
    endloop
  endfacet
  facet normal 0 0 -1
    outer loop
      vertex 80 -9 0
      vertex 79.8432 -1.59229 0
      vertex 80 -1.6 0
    endloop
  endfacet
  facet normal 0 0 -1
    outer loop
      vertex 80 -9 0
      vertex 79.6879 -1.56926 0
      vertex 79.8432 -1.59229 0
    endloop
  endfacet
  facet normal 0 0 -1
    outer loop
      vertex 80 -9 0
      vertex 79.5355 -1.5311 0
      vertex 79.6879 -1.56926 0
    endloop
  endfacet
  facet normal 0 0 -1
    outer loop
      vertex 80 -9 0
      vertex 79.3877 -1.47821 0
      vertex 79.5355 -1.5311 0
    endloop
  endfacet
  facet normal 0 0 -1
    outer loop
      vertex 80 -9 0
      vertex 79.2458 -1.41107 0
      vertex 79.3877 -1.47821 0
    endloop
  endfacet
  facet normal 0 0 -1
    outer loop
      vertex 80 -9 0
      vertex 79.1111 -1.33035 0
      vertex 79.2458 -1.41107 0
    endloop
  endfacet
  facet normal 0 0 -1
    outer loop
      vertex 80 -9 0
      vertex 78.985 -1.23682 0
      vertex 79.1111 -1.33035 0
    endloop
  endfacet
  facet normal 0 0 -1
    outer loop
      vertex 80 -9 0
      vertex 78.8686 -1.13137 0
      vertex 78.985 -1.23682 0
    endloop
  endfacet
  facet normal 0 0 -1
    outer loop
      vertex 69 -2.5 0
      vertex 78.8686 -1.13137 0
      vertex 80 -9 0
    endloop
  endfacet
  facet normal -0 0 -1
    outer loop
      vertex 78.8686 -1.13137 0
      vertex 69 -2.5 0
      vertex 78.7632 -1.01503 0
    endloop
  endfacet
  facet normal -0 0 -1
    outer loop
      vertex 78.7632 -1.01503 0
      vertex 69 -2.5 0
      vertex 78.6696 -0.888912 0
    endloop
  endfacet
  facet normal -0 0 -1
    outer loop
      vertex 78.6696 -0.888912 0
      vertex 69 -2.5 0
      vertex 78.5889 -0.754234 0
    endloop
  endfacet
  facet normal -0 0 -1
    outer loop
      vertex 78.5889 -0.754234 0
      vertex 69 -2.5 0
      vertex 78.5218 -0.612293 0
    endloop
  endfacet
  facet normal -0 0 -1
    outer loop
      vertex 78.5218 -0.612293 0
      vertex 69 -2.5 0
      vertex 78.4689 -0.464455 0
    endloop
  endfacet
  facet normal -0 0 -1
    outer loop
      vertex 78.4077 -0.156827 0
      vertex 69 -2.5 0
      vertex 78.4 0 0
    endloop
  endfacet
  facet normal -0 0 -1
    outer loop
      vertex 78.4307 -0.312144 0
      vertex 69 -2.5 0
      vertex 78.4077 -0.156827 0
    endloop
  endfacet
  facet normal -0 0 -1
    outer loop
      vertex 78.4689 -0.464455 0
      vertex 69 -2.5 0
      vertex 78.4307 -0.312144 0
    endloop
  endfacet
  facet normal 0 0 -1
    outer loop
      vertex 80 -9 0
      vertex 65 -2.5 0
      vertex 69 -2.5 0
    endloop
  endfacet
  facet normal 0 0 -1
    outer loop
      vertex 65 -2.5 0
      vertex 62 -2.5 0
      vertex 65 -1.1 0
    endloop
  endfacet
  facet normal 0 0 -1
    outer loop
      vertex 80 -9 0
      vertex 62 -2.5 0
      vertex 65 -2.5 0
    endloop
  endfacet
  facet normal 0 0 -1
    outer loop
      vertex 80 -9 0
      vertex 49 -2.5 0
      vertex 62 -2.5 0
    endloop
  endfacet
  facet normal 0 0 -1
    outer loop
      vertex 49 -2.5 0
      vertex 46 -2.5 0
      vertex 49 -1.1 0
    endloop
  endfacet
  facet normal 0 0 -1
    outer loop
      vertex 80 -9 0
      vertex 46 -2.5 0
      vertex 49 -2.5 0
    endloop
  endfacet
  facet normal 0 0 -1
    outer loop
      vertex 4.06612 -10.8983 0
      vertex 46 -2.5 0
      vertex 80 -9 0
    endloop
  endfacet
  facet normal 0 0 -1
    outer loop
      vertex 33 -2.5 0
      vertex 30 -2.5 0
      vertex 33 -1.1 0
    endloop
  endfacet
  facet normal -0 0 -1
    outer loop
      vertex 46 -2.5 0
      vertex 4.06612 -10.8983 0
      vertex 33 -2.5 0
    endloop
  endfacet
  facet normal -0 0 -1
    outer loop
      vertex 33 -2.5 0
      vertex 4.06612 -10.8983 0
      vertex 30 -2.5 0
    endloop
  endfacet
  facet normal 0 0 -1
    outer loop
      vertex 18 -2.5 0
      vertex 16.95 0 0
      vertex 18 2.5 0
    endloop
  endfacet
  facet normal 0 0 -1
    outer loop
      vertex 18 -2.5 0
      vertex 16.9394 -0.215637 0
      vertex 16.95 0 0
    endloop
  endfacet
  facet normal 0 0 -1
    outer loop
      vertex 18 -2.5 0
      vertex 16.9077 -0.429184 0
      vertex 16.9394 -0.215637 0
    endloop
  endfacet
  facet normal 0 0 -1
    outer loop
      vertex 18 -2.5 0
      vertex 16.8553 -0.638626 0
      vertex 16.9077 -0.429184 0
    endloop
  endfacet
  facet normal 0 0 -1
    outer loop
      vertex 18 -2.5 0
      vertex 16.7825 -0.841888 0
      vertex 16.8553 -0.638626 0
    endloop
  endfacet
  facet normal 0 0 -1
    outer loop
      vertex 18 -2.5 0
      vertex 16.6902 -1.03706 0
      vertex 16.7825 -0.841888 0
    endloop
  endfacet
  facet normal 0 0 -1
    outer loop
      vertex 18 -2.5 0
      vertex 16.5792 -1.22224 0
      vertex 16.6902 -1.03706 0
    endloop
  endfacet
  facet normal 0 0 -1
    outer loop
      vertex 18 -2.5 0
      vertex 16.4506 -1.39566 0
      vertex 16.5792 -1.22224 0
    endloop
  endfacet
  facet normal 0 0 -1
    outer loop
      vertex 18 -2.5 0
      vertex 16.3056 -1.55563 0
      vertex 16.4506 -1.39566 0
    endloop
  endfacet
  facet normal 0 0 -1
    outer loop
      vertex 18 -2.5 0
      vertex 16.1457 -1.70062 0
      vertex 16.3056 -1.55563 0
    endloop
  endfacet
  facet normal 0 0 -1
    outer loop
      vertex 18 -2.5 0
      vertex 15.9722 -1.82922 0
      vertex 16.1457 -1.70062 0
    endloop
  endfacet
  facet normal 0 0 -1
    outer loop
      vertex 18 -2.5 0
      vertex 15.7871 -1.94022 0
      vertex 15.9722 -1.82922 0
    endloop
  endfacet
  facet normal 0 0 -1
    outer loop
      vertex 18 -2.5 0
      vertex 15.5919 -2.03253 0
      vertex 15.7871 -1.94022 0
    endloop
  endfacet
  facet normal 0 0 -1
    outer loop
      vertex 18 -2.5 0
      vertex 15.3886 -2.10526 0
      vertex 15.5919 -2.03253 0
    endloop
  endfacet
  facet normal 0 0 -1
    outer loop
      vertex 18 -2.5 0
      vertex 15.1792 -2.15771 0
      vertex 15.3886 -2.10526 0
    endloop
  endfacet
  facet normal 0 0 -1
    outer loop
      vertex 18 -2.5 0
      vertex 14.9656 -2.18939 0
      vertex 15.1792 -2.15771 0
    endloop
  endfacet
  facet normal -0 0 -1
    outer loop
      vertex 30 -2.5 0
      vertex 4.06612 -10.8983 0
      vertex 18 -2.5 0
    endloop
  endfacet
  facet normal -0 0 -1
    outer loop
      vertex 18 -2.5 0
      vertex 4.06612 -10.8983 0
      vertex 14.9656 -2.18939 0
    endloop
  endfacet
  facet normal 0 0 -1
    outer loop
      vertex 4.06612 -10.8983 0
      vertex 0.372464 -3.7817 0
      vertex 14.9656 -2.18939 0
    endloop
  endfacet
  facet normal 0 0 -1
    outer loop
      vertex 4.06612 -10.8983 0
      vertex 0 -3.8 0
      vertex 0.372464 -3.7817 0
    endloop
  endfacet
  facet normal 0 0 -1
    outer loop
      vertex 4.06612 -10.8983 0
      vertex -0.372464 -3.7817 0
      vertex 0 -3.8 0
    endloop
  endfacet
  facet normal 0 0 -1
    outer loop
      vertex 4.06612 -10.8983 0
      vertex -14.9656 -2.18939 0
      vertex -0.372464 -3.7817 0
    endloop
  endfacet
  facet normal 0 0 -1
    outer loop
      vertex -20.113 -30.7852 0
      vertex -14.9656 -2.18939 0
      vertex 4.06612 -10.8983 0
    endloop
  endfacet
  facet normal -0 0 -1
    outer loop
      vertex -14.9656 -2.18939 0
      vertex -20.113 -30.7852 0
      vertex -15.1792 -2.15771 0
    endloop
  endfacet
  facet normal -0 0 -1
    outer loop
      vertex -15.1792 -2.15771 0
      vertex -20.113 -30.7852 0
      vertex -15.3886 -2.10526 0
    endloop
  endfacet
  facet normal -0 0 -1
    outer loop
      vertex -16.8553 -0.638626 0
      vertex -42.94 -6.34682 0
      vertex -16.9077 -0.429184 0
    endloop
  endfacet
  facet normal -0 0 -1
    outer loop
      vertex -16.7825 -0.841888 0
      vertex -42.94 -6.34682 0
      vertex -16.8553 -0.638626 0
    endloop
  endfacet
  facet normal -0 0 -1
    outer loop
      vertex -16.6902 -1.03706 0
      vertex -42.94 -6.34682 0
      vertex -16.7825 -0.841888 0
    endloop
  endfacet
  facet normal 0 0 -1
    outer loop
      vertex -42.94 -6.34682 0
      vertex -16.6902 -1.03706 0
      vertex -42.94 -9.75318 0
    endloop
  endfacet
  facet normal -0 0 -1
    outer loop
      vertex -16.5792 -1.22224 0
      vertex -42.94 -9.75318 0
      vertex -16.6902 -1.03706 0
    endloop
  endfacet
  facet normal -0 0 -1
    outer loop
      vertex -16.4506 -1.39566 0
      vertex -42.94 -9.75318 0
      vertex -16.5792 -1.22224 0
    endloop
  endfacet
  facet normal -0 0 -1
    outer loop
      vertex -16.3056 -1.55563 0
      vertex -42.94 -9.75318 0
      vertex -16.4506 -1.39566 0
    endloop
  endfacet
  facet normal -0 0 -1
    outer loop
      vertex -16.1457 -1.70062 0
      vertex -42.94 -9.75318 0
      vertex -16.3056 -1.55563 0
    endloop
  endfacet
  facet normal 0 0 -1
    outer loop
      vertex -42.94 -9.75318 0
      vertex -16.1457 -1.70062 0
      vertex -20.113 -30.7852 0
    endloop
  endfacet
  facet normal -0 0 -1
    outer loop
      vertex -15.9722 -1.82922 0
      vertex -20.113 -30.7852 0
      vertex -16.1457 -1.70062 0
    endloop
  endfacet
  facet normal -0 0 -1
    outer loop
      vertex -15.7871 -1.94022 0
      vertex -20.113 -30.7852 0
      vertex -15.9722 -1.82922 0
    endloop
  endfacet
  facet normal -0 0 -1
    outer loop
      vertex -15.5919 -2.03253 0
      vertex -20.113 -30.7852 0
      vertex -15.7871 -1.94022 0
    endloop
  endfacet
  facet normal -0 0 -1
    outer loop
      vertex -15.3886 -2.10526 0
      vertex -20.113 -30.7852 0
      vertex -15.5919 -2.03253 0
    endloop
  endfacet
  facet normal -0 0 -1
    outer loop
      vertex 86.9571 5.70953 0
      vertex 81.2368 1.01503 0
      vertex 86.364 6.36395 0
    endloop
  endfacet
  facet normal 0 0 -1
    outer loop
      vertex 81.1314 1.13137 0
      vertex 86.364 6.36395 0
      vertex 81.2368 1.01503 0
    endloop
  endfacet
  facet normal -0 0 -1
    outer loop
      vertex 86.364 6.36395 0
      vertex 81.1314 1.13137 0
      vertex 85.7095 6.95709 0
    endloop
  endfacet
  facet normal 0 0 -1
    outer loop
      vertex 81.015 1.23682 0
      vertex 85.7095 6.95709 0
      vertex 81.1314 1.13137 0
    endloop
  endfacet
  facet normal -0 0 -1
    outer loop
      vertex 85.7095 6.95709 0
      vertex 81.015 1.23682 0
      vertex 85.0001 7.48322 0
    endloop
  endfacet
  facet normal 0 0 -1
    outer loop
      vertex 80.8889 1.33035 0
      vertex 85.0001 7.48322 0
      vertex 81.015 1.23682 0
    endloop
  endfacet
  facet normal -0 0 -1
    outer loop
      vertex 85.0001 7.48322 0
      vertex 80.8889 1.33035 0
      vertex 84.2426 7.93729 0
    endloop
  endfacet
  facet normal 0 0 -1
    outer loop
      vertex 80.7542 1.41107 0
      vertex 84.2426 7.93729 0
      vertex 80.8889 1.33035 0
    endloop
  endfacet
  facet normal -0 0 -1
    outer loop
      vertex 84.2426 7.93729 0
      vertex 80.7542 1.41107 0
      vertex 83.4441 8.31491 0
    endloop
  endfacet
  facet normal 0 0 -1
    outer loop
      vertex 80.6123 1.47821 0
      vertex 83.4441 8.31491 0
      vertex 80.7542 1.41107 0
    endloop
  endfacet
  facet normal -0 0 -1
    outer loop
      vertex 83.4441 8.31491 0
      vertex 80.6123 1.47821 0
      vertex 82.6125 8.61246 0
    endloop
  endfacet
  facet normal 0 0 -1
    outer loop
      vertex 80.4645 1.5311 0
      vertex 82.6125 8.61246 0
      vertex 80.6123 1.47821 0
    endloop
  endfacet
  facet normal -0 0 -1
    outer loop
      vertex 82.6125 8.61246 0
      vertex 80.4645 1.5311 0
      vertex 81.7558 8.82706 0
    endloop
  endfacet
  facet normal 0 0 -1
    outer loop
      vertex 80.3121 1.56926 0
      vertex 81.7558 8.82706 0
      vertex 80.4645 1.5311 0
    endloop
  endfacet
  facet normal -0 0 -1
    outer loop
      vertex 81.7558 8.82706 0
      vertex 80.3121 1.56926 0
      vertex 80.8821 8.95665 0
    endloop
  endfacet
  facet normal 0 0 -1
    outer loop
      vertex 80.1568 1.59229 0
      vertex 80.8821 8.95665 0
      vertex 80.3121 1.56926 0
    endloop
  endfacet
  facet normal 0 0 -1
    outer loop
      vertex 80 1.6 0
      vertex 80.8821 8.95665 0
      vertex 80.1568 1.59229 0
    endloop
  endfacet
  facet normal 0 0 -1
    outer loop
      vertex 80 1.6 0
      vertex 80 9 0
      vertex 80.8821 8.95665 0
    endloop
  endfacet
  facet normal 0 0 -1
    outer loop
      vertex 79.8432 1.59229 0
      vertex 80 9 0
      vertex 80 1.6 0
    endloop
  endfacet
  facet normal 0 0 -1
    outer loop
      vertex 79.6879 1.56926 0
      vertex 80 9 0
      vertex 79.8432 1.59229 0
    endloop
  endfacet
  facet normal 0 0 -1
    outer loop
      vertex 79.5355 1.5311 0
      vertex 80 9 0
      vertex 79.6879 1.56926 0
    endloop
  endfacet
  facet normal 0 0 -1
    outer loop
      vertex 79.3877 1.47821 0
      vertex 80 9 0
      vertex 79.5355 1.5311 0
    endloop
  endfacet
  facet normal 0 0 -1
    outer loop
      vertex 79.2458 1.41107 0
      vertex 80 9 0
      vertex 79.3877 1.47821 0
    endloop
  endfacet
  facet normal 0 0 -1
    outer loop
      vertex 79.1111 1.33035 0
      vertex 80 9 0
      vertex 79.2458 1.41107 0
    endloop
  endfacet
  facet normal 0 0 -1
    outer loop
      vertex 78.985 1.23682 0
      vertex 80 9 0
      vertex 79.1111 1.33035 0
    endloop
  endfacet
  facet normal 0 0 -1
    outer loop
      vertex 78.8686 1.13137 0
      vertex 80 9 0
      vertex 78.985 1.23682 0
    endloop
  endfacet
  facet normal 0 0 -1
    outer loop
      vertex 69 2.5 0
      vertex 78.8686 1.13137 0
      vertex 78.7632 1.01503 0
    endloop
  endfacet
  facet normal 0 0 -1
    outer loop
      vertex 69 2.5 0
      vertex 78.7632 1.01503 0
      vertex 78.6696 0.888912 0
    endloop
  endfacet
  facet normal 0 0 -1
    outer loop
      vertex 69 2.5 0
      vertex 78.6696 0.888912 0
      vertex 78.5889 0.754234 0
    endloop
  endfacet
  facet normal 0 0 -1
    outer loop
      vertex 69 2.5 0
      vertex 78.5889 0.754234 0
      vertex 78.5218 0.612293 0
    endloop
  endfacet
  facet normal 0 0 -1
    outer loop
      vertex 69 2.5 0
      vertex 78.5218 0.612293 0
      vertex 78.4689 0.464455 0
    endloop
  endfacet
  facet normal 0 0 -1
    outer loop
      vertex 69 2.5 0
      vertex 78.4689 0.464455 0
      vertex 78.4307 0.312144 0
    endloop
  endfacet
  facet normal 0 0 -1
    outer loop
      vertex 69 2.5 0
      vertex 78.4 0 0
      vertex 69 -2.5 0
    endloop
  endfacet
  facet normal 0 0 -1
    outer loop
      vertex 78.4 0 0
      vertex 69 2.5 0
      vertex 78.4077 0.156827 0
    endloop
  endfacet
  facet normal 0 0 -1
    outer loop
      vertex 78.4077 0.156827 0
      vertex 69 2.5 0
      vertex 78.4307 0.312144 0
    endloop
  endfacet
  facet normal 0 0 -1
    outer loop
      vertex 78.8686 1.13137 0
      vertex 69 2.5 0
      vertex 80 9 0
    endloop
  endfacet
  facet normal 0 0 -1
    outer loop
      vertex 65 2.5 0
      vertex 80 9 0
      vertex 69 2.5 0
    endloop
  endfacet
  facet normal 0 0 -1
    outer loop
      vertex 62 2.5 0
      vertex 65 2.5 0
      vertex 62 1.1 0
    endloop
  endfacet
  facet normal 0 0 -1
    outer loop
      vertex 62 2.5 0
      vertex 80 9 0
      vertex 65 2.5 0
    endloop
  endfacet
  facet normal 0 0 -1
    outer loop
      vertex 49 2.5 0
      vertex 80 9 0
      vertex 62 2.5 0
    endloop
  endfacet
  facet normal 0 0 -1
    outer loop
      vertex 46 2.5 0
      vertex 49 2.5 0
      vertex 46 1.1 0
    endloop
  endfacet
  facet normal 0 0 -1
    outer loop
      vertex 46 2.5 0
      vertex 80 9 0
      vertex 49 2.5 0
    endloop
  endfacet
  facet normal 0 0 -1
    outer loop
      vertex 4.06612 10.8983 0
      vertex 46 2.5 0
      vertex 33 2.5 0
    endloop
  endfacet
  facet normal 0 0 -1
    outer loop
      vertex 30 2.5 0
      vertex 33 2.5 0
      vertex 30 1.1 0
    endloop
  endfacet
  facet normal 0 0 -1
    outer loop
      vertex 4.06612 10.8983 0
      vertex 33 2.5 0
      vertex 30 2.5 0
    endloop
  endfacet
  facet normal 0 0 -1
    outer loop
      vertex 4.06612 10.8983 0
      vertex 30 2.5 0
      vertex 18 2.5 0
    endloop
  endfacet
  facet normal 0 0 -1
    outer loop
      vertex 16.9394 0.215637 0
      vertex 18 2.5 0
      vertex 16.95 0 0
    endloop
  endfacet
  facet normal 0 0 -1
    outer loop
      vertex 16.9077 0.429184 0
      vertex 18 2.5 0
      vertex 16.9394 0.215637 0
    endloop
  endfacet
  facet normal 0 0 -1
    outer loop
      vertex 16.8553 0.638626 0
      vertex 18 2.5 0
      vertex 16.9077 0.429184 0
    endloop
  endfacet
  facet normal 0 0 -1
    outer loop
      vertex 16.7825 0.841888 0
      vertex 18 2.5 0
      vertex 16.8553 0.638626 0
    endloop
  endfacet
  facet normal 0 0 -1
    outer loop
      vertex 16.6902 1.03706 0
      vertex 18 2.5 0
      vertex 16.7825 0.841888 0
    endloop
  endfacet
  facet normal 0 0 -1
    outer loop
      vertex 16.5792 1.22224 0
      vertex 18 2.5 0
      vertex 16.6902 1.03706 0
    endloop
  endfacet
  facet normal 0 0 -1
    outer loop
      vertex 16.4506 1.39566 0
      vertex 18 2.5 0
      vertex 16.5792 1.22224 0
    endloop
  endfacet
  facet normal 0 0 -1
    outer loop
      vertex 16.3056 1.55563 0
      vertex 18 2.5 0
      vertex 16.4506 1.39566 0
    endloop
  endfacet
  facet normal 0 0 -1
    outer loop
      vertex 16.1457 1.70062 0
      vertex 18 2.5 0
      vertex 16.3056 1.55563 0
    endloop
  endfacet
  facet normal 0 0 -1
    outer loop
      vertex 15.9722 1.82922 0
      vertex 18 2.5 0
      vertex 16.1457 1.70062 0
    endloop
  endfacet
  facet normal 0 0 -1
    outer loop
      vertex 15.7871 1.94022 0
      vertex 18 2.5 0
      vertex 15.9722 1.82922 0
    endloop
  endfacet
  facet normal 0 0 -1
    outer loop
      vertex 15.5919 2.03253 0
      vertex 18 2.5 0
      vertex 15.7871 1.94022 0
    endloop
  endfacet
  facet normal 0 0 -1
    outer loop
      vertex 15.3886 2.10526 0
      vertex 18 2.5 0
      vertex 15.5919 2.03253 0
    endloop
  endfacet
  facet normal 0 0 -1
    outer loop
      vertex 15.1792 2.15771 0
      vertex 18 2.5 0
      vertex 15.3886 2.10526 0
    endloop
  endfacet
  facet normal 0 0 -1
    outer loop
      vertex 14.9656 2.18939 0
      vertex 18 2.5 0
      vertex 15.1792 2.15771 0
    endloop
  endfacet
  facet normal 0 0 -1
    outer loop
      vertex 4.06612 10.8983 0
      vertex 18 2.5 0
      vertex 14.9656 2.18939 0
    endloop
  endfacet
  facet normal 0 0 -1
    outer loop
      vertex 46 2.5 0
      vertex 4.06612 10.8983 0
      vertex 80 9 0
    endloop
  endfacet
  facet normal 0 0 -1
    outer loop
      vertex 0.372464 3.7817 0
      vertex 4.06612 10.8983 0
      vertex 14.9656 2.18939 0
    endloop
  endfacet
  facet normal 0 0 -1
    outer loop
      vertex 0 3.8 0
      vertex 4.06612 10.8983 0
      vertex 0.372464 3.7817 0
    endloop
  endfacet
  facet normal 0 0 -1
    outer loop
      vertex -0.372464 3.7817 0
      vertex 4.06612 10.8983 0
      vertex 0 3.8 0
    endloop
  endfacet
  facet normal 0 0 -1
    outer loop
      vertex -14.9656 2.18939 0
      vertex 4.06612 10.8983 0
      vertex -0.372464 3.7817 0
    endloop
  endfacet
  facet normal 0 0 -1
    outer loop
      vertex -20.113 30.7852 0
      vertex -14.9656 2.18939 0
      vertex -15.1792 2.15771 0
    endloop
  endfacet
  facet normal 0 0 -1
    outer loop
      vertex -20.113 30.7852 0
      vertex -15.1792 2.15771 0
      vertex -15.3886 2.10526 0
    endloop
  endfacet
  facet normal 0 0 -1
    outer loop
      vertex -20.113 30.7852 0
      vertex -15.3886 2.10526 0
      vertex -15.5919 2.03253 0
    endloop
  endfacet
  facet normal -0 0 -1
    outer loop
      vertex -16.9077 -0.429184 0
      vertex -42.94 -6.34682 0
      vertex -16.9394 -0.215637 0
    endloop
  endfacet
  facet normal 0 0 -1
    outer loop
      vertex -14.9656 2.18939 0
      vertex -20.113 30.7852 0
      vertex 4.06612 10.8983 0
    endloop
  endfacet
  facet normal 0 0 -1
    outer loop
      vertex -15.7871 1.94022 0
      vertex -20.113 30.7852 0
      vertex -15.5919 2.03253 0
    endloop
  endfacet
  facet normal 0 0 -1
    outer loop
      vertex -15.9722 1.82922 0
      vertex -20.113 30.7852 0
      vertex -15.7871 1.94022 0
    endloop
  endfacet
  facet normal 0 0 -1
    outer loop
      vertex -16.1457 1.70062 0
      vertex -20.113 30.7852 0
      vertex -15.9722 1.82922 0
    endloop
  endfacet
  facet normal 0 0 -1
    outer loop
      vertex -16.3056 1.55563 0
      vertex -20.113 30.7852 0
      vertex -16.1457 1.70062 0
    endloop
  endfacet
  facet normal 0 0 -1
    outer loop
      vertex -42.2997 27.532 0
      vertex -16.3056 1.55563 0
      vertex -16.4506 1.39566 0
    endloop
  endfacet
  facet normal 0 0 -1
    outer loop
      vertex -42.2997 27.532 0
      vertex -16.4506 1.39566 0
      vertex -16.5792 1.22224 0
    endloop
  endfacet
  facet normal 0 0 -1
    outer loop
      vertex -42.2997 27.532 0
      vertex -16.5792 1.22224 0
      vertex -16.6902 1.03706 0
    endloop
  endfacet
  facet normal 0 0 -1
    outer loop
      vertex -16.8553 0.638626 0
      vertex -42.94 6.34682 0
      vertex -16.7825 0.841888 0
    endloop
  endfacet
  facet normal 0 0 -1
    outer loop
      vertex -16.9394 0.215637 0
      vertex -42.94 6.34682 0
      vertex -16.9077 0.429184 0
    endloop
  endfacet
  facet normal 0 0 -1
    outer loop
      vertex -16.95 0 0
      vertex -42.94 6.34682 0
      vertex -16.9394 0.215637 0
    endloop
  endfacet
  facet normal 0 0 -1
    outer loop
      vertex -42.94 6.34682 0
      vertex -16.95 0 0
      vertex -42.94 -6.34682 0
    endloop
  endfacet
  facet normal -0 0 -1
    outer loop
      vertex -16.9394 -0.215637 0
      vertex -42.94 -6.34682 0
      vertex -16.95 0 0
    endloop
  endfacet
  facet normal 0 0 -1
    outer loop
      vertex -25.5815 -32.798 0
      vertex -20.113 -30.7852 0
      vertex -20.2344 -30.8849 0
    endloop
  endfacet
  facet normal 0 0 -1
    outer loop
      vertex -16.9077 0.429184 0
      vertex -42.94 6.34682 0
      vertex -16.8553 0.638626 0
    endloop
  endfacet
  facet normal 0 0 -1
    outer loop
      vertex -25.5815 -32.798 0
      vertex -20.2344 -30.8849 0
      vertex -20.7901 -31.297 0
    endloop
  endfacet
  facet normal 0 0 -1
    outer loop
      vertex -16.3056 1.55563 0
      vertex -42.2997 27.532 0
      vertex -20.113 30.7852 0
    endloop
  endfacet
  facet normal 0 0 -1
    outer loop
      vertex -25.5815 -32.798 0
      vertex -20.7901 -31.297 0
      vertex -20.9206 -31.3842 0
    endloop
  endfacet
  facet normal 0 -0 -1
    outer loop
      vertex -25.66 32.8 0
      vertex -20.113 30.7852 0
      vertex -42.2997 27.532 0
    endloop
  endfacet
  facet normal 0 0 -1
    outer loop
      vertex -25.5815 -32.798 0
      vertex -20.9206 -31.3842 0
      vertex -21.5141 -31.7399 0
    endloop
  endfacet
  facet normal -0 -0 -1
    outer loop
      vertex -25.5815 32.798 0
      vertex -20.113 30.7852 0
      vertex -25.66 32.8 0
    endloop
  endfacet
  facet normal 0 0 -1
    outer loop
      vertex -25.5815 -32.798 0
      vertex -21.5141 -31.7399 0
      vertex -21.6526 -31.8139 0
    endloop
  endfacet
  facet normal 0 0 -1
    outer loop
      vertex -20.113 30.7852 0
      vertex -25.5815 32.798 0
      vertex -20.2344 30.8849 0
    endloop
  endfacet
  facet normal 0 0 -1
    outer loop
      vertex -25.5815 -32.798 0
      vertex -21.6526 -31.8139 0
      vertex -22.278 -32.1097 0
    endloop
  endfacet
  facet normal 0 0 -1
    outer loop
      vertex -20.2344 30.8849 0
      vertex -25.5815 32.798 0
      vertex -20.7901 31.297 0
    endloop
  endfacet
  facet normal 0 0 -1
    outer loop
      vertex -25.5815 -32.798 0
      vertex -22.278 -32.1097 0
      vertex -22.4231 -32.1698 0
    endloop
  endfacet
  facet normal 0 0 -1
    outer loop
      vertex -20.7901 31.297 0
      vertex -25.5815 32.798 0
      vertex -20.9206 31.3842 0
    endloop
  endfacet
  facet normal 0 0 -1
    outer loop
      vertex -25.5815 -32.798 0
      vertex -22.4231 -32.1698 0
      vertex -23.0745 -32.4029 0
    endloop
  endfacet
  facet normal 0 0 -1
    outer loop
      vertex -20.9206 31.3842 0
      vertex -25.5815 32.798 0
      vertex -21.5141 31.7399 0
    endloop
  endfacet
  facet normal 0 0 -1
    outer loop
      vertex -25.5815 -32.798 0
      vertex -23.0745 -32.4029 0
      vertex -23.2247 -32.4485 0
    endloop
  endfacet
  facet normal 0 0 -1
    outer loop
      vertex -21.5141 31.7399 0
      vertex -25.5815 32.798 0
      vertex -21.6526 31.8139 0
    endloop
  endfacet
  facet normal 0 0 -1
    outer loop
      vertex -25.5815 -32.798 0
      vertex -23.2247 -32.4485 0
      vertex -23.8958 -32.6166 0
    endloop
  endfacet
  facet normal 0 0 -1
    outer loop
      vertex -21.6526 31.8139 0
      vertex -25.5815 32.798 0
      vertex -22.278 32.1097 0
    endloop
  endfacet
  facet normal 0 0 -1
    outer loop
      vertex -25.5815 -32.798 0
      vertex -23.8958 -32.6166 0
      vertex -24.0499 -32.6472 0
    endloop
  endfacet
  facet normal 0 0 -1
    outer loop
      vertex -22.278 32.1097 0
      vertex -25.5815 32.798 0
      vertex -22.4231 32.1698 0
    endloop
  endfacet
  facet normal 0 0 -1
    outer loop
      vertex -25.5815 -32.798 0
      vertex -24.0499 -32.6472 0
      vertex -24.7342 -32.7487 0
    endloop
  endfacet
  facet normal 0 0 -1
    outer loop
      vertex -23.0745 32.4029 0
      vertex -25.5815 32.798 0
      vertex -23.2247 32.4485 0
    endloop
  endfacet
  facet normal 0 0 -1
    outer loop
      vertex -25.5815 -32.798 0
      vertex -24.7342 -32.7487 0
      vertex -24.8905 -32.7641 0
    endloop
  endfacet
  facet normal 0 0 -1
    outer loop
      vertex -23.2247 32.4485 0
      vertex -25.5815 32.798 0
      vertex -23.8958 32.6166 0
    endloop
  endfacet
  facet normal 0 0 -1
    outer loop
      vertex -20.113 -30.7852 0
      vertex -25.5815 -32.798 0
      vertex -25.66 -32.8 0
    endloop
  endfacet
  facet normal 0 0 -1
    outer loop
      vertex -23.8958 32.6166 0
      vertex -25.5815 32.798 0
      vertex -24.0499 32.6472 0
    endloop
  endfacet
  facet normal -0 0 -1
    outer loop
      vertex -20.113 -30.7852 0
      vertex -25.66 -32.8 0
      vertex -42.94 -9.75318 0
    endloop
  endfacet
  facet normal 0 0 -1
    outer loop
      vertex -24.7342 32.7487 0
      vertex -25.5815 32.798 0
      vertex -24.8905 32.7641 0
    endloop
  endfacet
  facet normal 0 0 -1
    outer loop
      vertex -42.94 -9.75318 0
      vertex -25.66 -32.8 0
      vertex -34.34 -32.8 0
    endloop
  endfacet
  facet normal 0 0 -1
    outer loop
      vertex -24.0499 32.6472 0
      vertex -25.5815 32.798 0
      vertex -24.7342 32.7487 0
    endloop
  endfacet
  facet normal 0 0 -1
    outer loop
      vertex -42.2997 -27.532 0
      vertex -34.34 -32.8 0
      vertex -34.4185 -32.798 0
    endloop
  endfacet
  facet normal 0 0 -1
    outer loop
      vertex -22.4231 32.1698 0
      vertex -25.5815 32.798 0
      vertex -23.0745 32.4029 0
    endloop
  endfacet
  facet normal 0 0 -1
    outer loop
      vertex -42.2997 -27.532 0
      vertex -34.4185 -32.798 0
      vertex -35.1095 -32.7641 0
    endloop
  endfacet
  facet normal -0 0 -1
    outer loop
      vertex -25.66 32.8 0
      vertex -42.2997 27.532 0
      vertex -34.34 32.8 0
    endloop
  endfacet
  facet normal 0 0 -1
    outer loop
      vertex -42.2997 -27.532 0
      vertex -35.1095 -32.7641 0
      vertex -35.2658 -32.7487 0
    endloop
  endfacet
  facet normal 0 0 -1
    outer loop
      vertex -34.34 32.8 0
      vertex -42.2997 27.532 0
      vertex -34.4185 32.798 0
    endloop
  endfacet
  facet normal 0 0 -1
    outer loop
      vertex -42.2997 -27.532 0
      vertex -35.2658 -32.7487 0
      vertex -35.9501 -32.6472 0
    endloop
  endfacet
  facet normal 0 0 -1
    outer loop
      vertex -34.4185 32.798 0
      vertex -42.2997 27.532 0
      vertex -35.1095 32.7641 0
    endloop
  endfacet
  facet normal 0 0 -1
    outer loop
      vertex -42.2997 -27.532 0
      vertex -35.9501 -32.6472 0
      vertex -36.1042 -32.6166 0
    endloop
  endfacet
  facet normal 0 0 -1
    outer loop
      vertex -35.1095 32.7641 0
      vertex -42.2997 27.532 0
      vertex -35.2658 32.7487 0
    endloop
  endfacet
  facet normal 0 0 -1
    outer loop
      vertex -42.2997 -27.532 0
      vertex -36.1042 -32.6166 0
      vertex -36.7753 -32.4485 0
    endloop
  endfacet
  facet normal 0 0 -1
    outer loop
      vertex -35.2658 32.7487 0
      vertex -42.2997 27.532 0
      vertex -35.9501 32.6472 0
    endloop
  endfacet
  facet normal 0 0 -1
    outer loop
      vertex -42.2997 -27.532 0
      vertex -36.7753 -32.4485 0
      vertex -36.9255 -32.4029 0
    endloop
  endfacet
  facet normal 0 0 -1
    outer loop
      vertex -35.9501 32.6472 0
      vertex -42.2997 27.532 0
      vertex -36.1042 32.6166 0
    endloop
  endfacet
  facet normal 0 0 -1
    outer loop
      vertex -42.2997 -27.532 0
      vertex -36.9255 -32.4029 0
      vertex -37.5769 -32.1698 0
    endloop
  endfacet
  facet normal 0 0 -1
    outer loop
      vertex -36.1042 32.6166 0
      vertex -42.2997 27.532 0
      vertex -36.7753 32.4485 0
    endloop
  endfacet
  facet normal 0 0 -1
    outer loop
      vertex -42.2997 -27.532 0
      vertex -37.5769 -32.1698 0
      vertex -37.722 -32.1097 0
    endloop
  endfacet
  facet normal 0 0 -1
    outer loop
      vertex -36.7753 32.4485 0
      vertex -42.2997 27.532 0
      vertex -36.9255 32.4029 0
    endloop
  endfacet
  facet normal 0 0 -1
    outer loop
      vertex -42.2997 -27.532 0
      vertex -37.722 -32.1097 0
      vertex -38.3474 -31.8139 0
    endloop
  endfacet
  facet normal 0 0 -1
    outer loop
      vertex -36.9255 32.4029 0
      vertex -42.2997 27.532 0
      vertex -37.5769 32.1698 0
    endloop
  endfacet
  facet normal 0 0 -1
    outer loop
      vertex -42.2997 -27.532 0
      vertex -38.3474 -31.8139 0
      vertex -38.4859 -31.7399 0
    endloop
  endfacet
  facet normal 0 0 -1
    outer loop
      vertex -37.5769 32.1698 0
      vertex -42.2997 27.532 0
      vertex -37.722 32.1097 0
    endloop
  endfacet
  facet normal 0 0 -1
    outer loop
      vertex -42.2997 -27.532 0
      vertex -38.4859 -31.7399 0
      vertex -39.0794 -31.3842 0
    endloop
  endfacet
  facet normal 0 0 -1
    outer loop
      vertex -37.722 32.1097 0
      vertex -42.2997 27.532 0
      vertex -38.3474 31.8139 0
    endloop
  endfacet
  facet normal 0 0 -1
    outer loop
      vertex -42.2997 -27.532 0
      vertex -39.0794 -31.3842 0
      vertex -39.2099 -31.297 0
    endloop
  endfacet
  facet normal 0 0 -1
    outer loop
      vertex -38.3474 31.8139 0
      vertex -42.2997 27.532 0
      vertex -38.4859 31.7399 0
    endloop
  endfacet
  facet normal 0 0 -1
    outer loop
      vertex -42.2997 -27.532 0
      vertex -39.2099 -31.297 0
      vertex -39.7656 -30.8849 0
    endloop
  endfacet
  facet normal 0 0 -1
    outer loop
      vertex -38.4859 31.7399 0
      vertex -42.2997 27.532 0
      vertex -39.0794 31.3842 0
    endloop
  endfacet
  facet normal 0 0 -1
    outer loop
      vertex -42.2997 -27.532 0
      vertex -39.7656 -30.8849 0
      vertex -39.887 -30.7852 0
    endloop
  endfacet
  facet normal 0 0 -1
    outer loop
      vertex -39.0794 31.3842 0
      vertex -42.2997 27.532 0
      vertex -39.2099 31.297 0
    endloop
  endfacet
  facet normal 0 0 -1
    outer loop
      vertex -42.2997 -27.532 0
      vertex -39.887 -30.7852 0
      vertex -40.3996 -30.3206 0
    endloop
  endfacet
  facet normal 0 0 -1
    outer loop
      vertex -39.2099 31.297 0
      vertex -42.2997 27.532 0
      vertex -39.7656 30.8849 0
    endloop
  endfacet
  facet normal 0 0 -1
    outer loop
      vertex -42.2997 -27.532 0
      vertex -40.3996 -30.3206 0
      vertex -40.5106 -30.2096 0
    endloop
  endfacet
  facet normal 0 0 -1
    outer loop
      vertex -39.7656 30.8849 0
      vertex -42.2997 27.532 0
      vertex -39.887 30.7852 0
    endloop
  endfacet
  facet normal 0 0 -1
    outer loop
      vertex -42.2997 -27.532 0
      vertex -40.5106 -30.2096 0
      vertex -40.9752 -29.697 0
    endloop
  endfacet
  facet normal 0 0 -1
    outer loop
      vertex -39.887 30.7852 0
      vertex -42.2997 27.532 0
      vertex -40.3996 30.3206 0
    endloop
  endfacet
  facet normal 0 0 -1
    outer loop
      vertex -42.2997 -27.532 0
      vertex -40.9752 -29.697 0
      vertex -41.0748 -29.5756 0
    endloop
  endfacet
  facet normal 0 0 -1
    outer loop
      vertex -40.3996 30.3206 0
      vertex -42.2997 27.532 0
      vertex -40.5106 30.2096 0
    endloop
  endfacet
  facet normal 0 0 -1
    outer loop
      vertex -42.2997 -27.532 0
      vertex -41.0748 -29.5756 0
      vertex -41.487 -29.0199 0
    endloop
  endfacet
  facet normal 0 0 -1
    outer loop
      vertex -40.5106 30.2096 0
      vertex -42.2997 27.532 0
      vertex -40.9752 29.697 0
    endloop
  endfacet
  facet normal 0 0 -1
    outer loop
      vertex -42.2997 -27.532 0
      vertex -41.487 -29.0199 0
      vertex -41.5742 -28.8893 0
    endloop
  endfacet
  facet normal 0 0 -1
    outer loop
      vertex -40.9752 29.697 0
      vertex -42.2997 27.532 0
      vertex -41.0748 29.5756 0
    endloop
  endfacet
  facet normal 0 0 -1
    outer loop
      vertex -42.2997 -27.532 0
      vertex -41.5742 -28.8893 0
      vertex -41.9299 -28.2959 0
    endloop
  endfacet
  facet normal 0 0 -1
    outer loop
      vertex -41.0748 29.5756 0
      vertex -42.2997 27.532 0
      vertex -41.487 29.0199 0
    endloop
  endfacet
  facet normal 0 0 -1
    outer loop
      vertex -42.2997 -27.532 0
      vertex -41.9299 -28.2959 0
      vertex -42.0039 -28.1574 0
    endloop
  endfacet
  facet normal 0 0 -1
    outer loop
      vertex -41.487 29.0199 0
      vertex -42.2997 27.532 0
      vertex -41.5742 28.8893 0
    endloop
  endfacet
  facet normal 0 0 -1
    outer loop
      vertex -34.34 -32.8 0
      vertex -42.2997 -27.532 0
      vertex -42.94 -9.75318 0
    endloop
  endfacet
  facet normal 0 0 -1
    outer loop
      vertex -41.5742 28.8893 0
      vertex -42.2997 27.532 0
      vertex -41.9299 28.2959 0
    endloop
  endfacet
  facet normal 0 0 -1
    outer loop
      vertex -41.9299 28.2959 0
      vertex -42.2997 27.532 0
      vertex -42.0039 28.1574 0
    endloop
  endfacet
  facet normal 0 0 -1
    outer loop
      vertex -42.2997 -27.532 0
      vertex -45.89 -11.4564 0
      vertex -42.94 -9.75318 0
    endloop
  endfacet
  facet normal 0 0 -1
    outer loop
      vertex -50.5094 -9.96341 0
      vertex -45.89 -11.4564 0
      vertex -42.2997 -27.532 0
    endloop
  endfacet
  facet normal 0 0 -1
    outer loop
      vertex -50.89 -8.04999 0
      vertex -48.84 -9.75318 0
      vertex -50.5094 -9.96341 0
    endloop
  endfacet
  facet normal 0 0 -1
    outer loop
      vertex -48.84 -9.75318 0
      vertex -50.89 -8.04999 0
      vertex -48.84 -6.34682 0
    endloop
  endfacet
  facet normal -0 0 -1
    outer loop
      vertex -48.84 -6.34682 0
      vertex -50.89 -8.04999 0
      vertex -48.84 6.34682 0
    endloop
  endfacet
  facet normal 0 0 -1
    outer loop
      vertex -45.89 -11.4564 0
      vertex -50.5094 -9.96341 0
      vertex -48.84 -9.75318 0
    endloop
  endfacet
  facet normal -0 0 -1
    outer loop
      vertex 65 -1.1 0
      vertex 62 -2.5 0
      vertex 62 -1.1 0
    endloop
  endfacet
  facet normal -0 0 -1
    outer loop
      vertex 49 -1.1 0
      vertex 46 -2.5 0
      vertex 46 -1.1 0
    endloop
  endfacet
  facet normal -0 0 1
    outer loop
      vertex 2.48796 -0.245043 6
      vertex 12 -8.2 6
      vertex 2.5 0 6
    endloop
  endfacet
  facet normal 0 0 1
    outer loop
      vertex 10.8451 9.92835 6
      vertex 4.06612 10.8983 6
      vertex 10.75 9.45 6
    endloop
  endfacet
  facet normal 0 0 1
    outer loop
      vertex 11.1161 10.3339 6
      vertex 4.06612 10.8983 6
      vertex 10.8451 9.92835 6
    endloop
  endfacet
  facet normal 0 0 1
    outer loop
      vertex 11.5216 10.6048 6
      vertex 4.06612 10.8983 6
      vertex 11.1161 10.3339 6
    endloop
  endfacet
  facet normal 0 0 1
    outer loop
      vertex 4.06612 10.8983 6
      vertex 11.5216 10.6048 6
      vertex 12 10.7 6
    endloop
  endfacet
  facet normal 0 0 1
    outer loop
      vertex 76.5169 0.34306 6
      vertex 60.8839 7.36612 6
      vertex 76.5 0 6
    endloop
  endfacet
  facet normal 0 0 1
    outer loop
      vertex 76.5 0 6
      vertex 61.1549 -7.77165 6
      vertex 61.25 -8.25 6
    endloop
  endfacet
  facet normal 0 0 1
    outer loop
      vertex 60.8839 -7.36612 6
      vertex 76.5 0 6
      vertex 60.8839 7.36612 6
    endloop
  endfacet
  facet normal 0 0 1
    outer loop
      vertex 76.5 0 6
      vertex 60.8839 -7.36612 6
      vertex 61.1549 -7.77165 6
    endloop
  endfacet
  facet normal -0 0 1
    outer loop
      vertex 60.4784 7.09515 6
      vertex 60.8839 -7.36612 6
      vertex 60.8839 7.36612 6
    endloop
  endfacet
  facet normal 0 0 1
    outer loop
      vertex 60.4784 7.09515 6
      vertex 60.4784 -7.09515 6
      vertex 60.8839 -7.36612 6
    endloop
  endfacet
  facet normal -0 0 1
    outer loop
      vertex 60 7 6
      vertex 60.4784 -7.09515 6
      vertex 60.4784 7.09515 6
    endloop
  endfacet
  facet normal 0 0 1
    outer loop
      vertex 60 7 6
      vertex 60 -7 6
      vertex 60.4784 -7.09515 6
    endloop
  endfacet
  facet normal 0 0 1
    outer loop
      vertex 12 8.2 6
      vertex 60 -7 6
      vertex 60 7 6
    endloop
  endfacet
  facet normal 0 0 1
    outer loop
      vertex 12 8.2 6
      vertex 12 -8.2 6
      vertex 60 -7 6
    endloop
  endfacet
  facet normal 0 -0 1
    outer loop
      vertex 2.48796 0.245043 6
      vertex 11.5216 8.29515 6
      vertex 2.45196 0.487725 6
    endloop
  endfacet
  facet normal 0 0 1
    outer loop
      vertex 11.5216 8.29515 6
      vertex 2.48796 0.245043 6
      vertex 12 8.2 6
    endloop
  endfacet
  facet normal 0 0 1
    outer loop
      vertex 2.45196 0.487725 6
      vertex 11.5216 8.29515 6
      vertex 11.1161 8.56612 6
    endloop
  endfacet
  facet normal 0 -0 1
    outer loop
      vertex 2.5 0 6
      vertex 12 8.2 6
      vertex 2.48796 0.245043 6
    endloop
  endfacet
  facet normal 0 0 1
    outer loop
      vertex 4.06612 10.8983 6
      vertex 11.1161 8.56612 6
      vertex 10.8451 8.97165 6
    endloop
  endfacet
  facet normal 0 0 1
    outer loop
      vertex 2.45196 0.487725 6
      vertex 11.1161 8.56612 6
      vertex 4.06612 10.8983 6
    endloop
  endfacet
  facet normal 0 0 1
    outer loop
      vertex 4.06612 10.8983 6
      vertex 10.8451 8.97165 6
      vertex 10.75 9.45 6
    endloop
  endfacet
  facet normal 0 0 1
    outer loop
      vertex 12 8.2 6
      vertex 2.5 0 6
      vertex 12 -8.2 6
    endloop
  endfacet
  facet normal 0 0 1
    outer loop
      vertex 83.5 0 6
      vertex 89 0 6
      vertex 88.9566 0.882141 6
    endloop
  endfacet
  facet normal 0 0 1
    outer loop
      vertex 83.4831 0.34306 6
      vertex 88.9566 0.882141 6
      vertex 88.8271 1.7558 6
    endloop
  endfacet
  facet normal 0 0 1
    outer loop
      vertex 89 0 6
      vertex 83.5 0 6
      vertex 88.9566 -0.882141 6
    endloop
  endfacet
  facet normal 0 0 1
    outer loop
      vertex 83.4327 0.682816 6
      vertex 88.8271 1.7558 6
      vertex 88.6125 2.61255 6
    endloop
  endfacet
  facet normal -0 0 1
    outer loop
      vertex 83.4831 -0.34306 6
      vertex 88.9566 -0.882141 6
      vertex 83.5 0 6
    endloop
  endfacet
  facet normal 0 0 1
    outer loop
      vertex 83.3493 1.016 6
      vertex 88.6125 2.61255 6
      vertex 88.3149 3.44414 6
    endloop
  endfacet
  facet normal 0 0 1
    outer loop
      vertex 88.9566 -0.882141 6
      vertex 83.4831 -0.34306 6
      vertex 88.8271 -1.7558 6
    endloop
  endfacet
  facet normal 0 0 1
    outer loop
      vertex 83.2336 1.33939 6
      vertex 88.3149 3.44414 6
      vertex 87.9373 4.24257 6
    endloop
  endfacet
  facet normal -0 0 1
    outer loop
      vertex 83.4327 -0.682816 6
      vertex 88.8271 -1.7558 6
      vertex 83.4831 -0.34306 6
    endloop
  endfacet
  facet normal 0 0 1
    outer loop
      vertex 83.0867 1.64989 6
      vertex 87.9373 4.24257 6
      vertex 87.4832 5.00012 6
    endloop
  endfacet
  facet normal 0 0 1
    outer loop
      vertex 88.8271 -1.7558 6
      vertex 83.4327 -0.682816 6
      vertex 88.6125 -2.61255 6
    endloop
  endfacet
  facet normal 0 0 1
    outer loop
      vertex 82.9101 1.9445 6
      vertex 87.4832 5.00012 6
      vertex 86.9571 5.70953 6
    endloop
  endfacet
  facet normal -0 0 1
    outer loop
      vertex 83.3493 -1.016 6
      vertex 88.6125 -2.61255 6
      vertex 83.4327 -0.682816 6
    endloop
  endfacet
  facet normal 0 0 1
    outer loop
      vertex 82.7055 2.22038 6
      vertex 86.9571 5.70953 6
      vertex 86.364 6.36395 6
    endloop
  endfacet
  facet normal 0 0 1
    outer loop
      vertex 88.6125 -2.61255 6
      vertex 83.3493 -1.016 6
      vertex 88.3149 -3.44414 6
    endloop
  endfacet
  facet normal 0 0 1
    outer loop
      vertex 82.4749 2.47487 6
      vertex 86.364 6.36395 6
      vertex 85.7095 6.95709 6
    endloop
  endfacet
  facet normal -0 0 1
    outer loop
      vertex 83.2336 -1.33939 6
      vertex 88.3149 -3.44414 6
      vertex 83.3493 -1.016 6
    endloop
  endfacet
  facet normal 0 0 1
    outer loop
      vertex 82.2204 2.70554 6
      vertex 85.7095 6.95709 6
      vertex 85.0001 7.48322 6
    endloop
  endfacet
  facet normal 0 0 1
    outer loop
      vertex 88.3149 -3.44414 6
      vertex 83.2336 -1.33939 6
      vertex 87.9373 -4.24257 6
    endloop
  endfacet
  facet normal 0 0 1
    outer loop
      vertex 81.9445 2.91014 6
      vertex 85.0001 7.48322 6
      vertex 84.2426 7.93729 6
    endloop
  endfacet
  facet normal -0 0 1
    outer loop
      vertex 83.0867 -1.64989 6
      vertex 87.9373 -4.24257 6
      vertex 83.2336 -1.33939 6
    endloop
  endfacet
  facet normal 0 0 1
    outer loop
      vertex 87.9373 -4.24257 6
      vertex 83.0867 -1.64989 6
      vertex 87.4832 -5.00012 6
    endloop
  endfacet
  facet normal 0 0 1
    outer loop
      vertex 88.9566 0.882141 6
      vertex 83.4831 0.34306 6
      vertex 83.5 0 6
    endloop
  endfacet
  facet normal 0 0 1
    outer loop
      vertex 81.6499 3.08672 6
      vertex 84.2426 7.93729 6
      vertex 83.4441 8.31491 6
    endloop
  endfacet
  facet normal 0 0 1
    outer loop
      vertex 88.8271 1.7558 6
      vertex 83.4327 0.682816 6
      vertex 83.4831 0.34306 6
    endloop
  endfacet
  facet normal 0 0 1
    outer loop
      vertex 88.6125 2.61255 6
      vertex 83.3493 1.016 6
      vertex 83.4327 0.682816 6
    endloop
  endfacet
  facet normal 0 0 1
    outer loop
      vertex 88.3149 3.44414 6
      vertex 83.2336 1.33939 6
      vertex 83.3493 1.016 6
    endloop
  endfacet
  facet normal 0 0 1
    outer loop
      vertex 87.9373 4.24257 6
      vertex 83.0867 1.64989 6
      vertex 83.2336 1.33939 6
    endloop
  endfacet
  facet normal 0 0 1
    outer loop
      vertex 87.4832 5.00012 6
      vertex 82.9101 1.9445 6
      vertex 83.0867 1.64989 6
    endloop
  endfacet
  facet normal 0 0 1
    outer loop
      vertex 86.9571 5.70953 6
      vertex 82.7055 2.22038 6
      vertex 82.9101 1.9445 6
    endloop
  endfacet
  facet normal 0 0 1
    outer loop
      vertex 81.3394 3.23358 6
      vertex 83.4441 8.31491 6
      vertex 82.6125 8.61246 6
    endloop
  endfacet
  facet normal 0 0 1
    outer loop
      vertex 86.364 6.36395 6
      vertex 82.4749 2.47487 6
      vertex 82.7055 2.22038 6
    endloop
  endfacet
  facet normal 0 0 1
    outer loop
      vertex 85.7095 6.95709 6
      vertex 82.2204 2.70554 6
      vertex 82.4749 2.47487 6
    endloop
  endfacet
  facet normal 0 0 1
    outer loop
      vertex 85.0001 7.48322 6
      vertex 81.9445 2.91014 6
      vertex 82.2204 2.70554 6
    endloop
  endfacet
  facet normal 0 0 1
    outer loop
      vertex 81.016 3.34929 6
      vertex 82.6125 8.61246 6
      vertex 81.7558 8.82706 6
    endloop
  endfacet
  facet normal 0 0 1
    outer loop
      vertex 84.2426 7.93729 6
      vertex 81.6499 3.08672 6
      vertex 81.9445 2.91014 6
    endloop
  endfacet
  facet normal 0 0 1
    outer loop
      vertex 83.4441 8.31491 6
      vertex 81.3394 3.23358 6
      vertex 81.6499 3.08672 6
    endloop
  endfacet
  facet normal 0 0 1
    outer loop
      vertex 82.6125 8.61246 6
      vertex 81.016 3.34929 6
      vertex 81.3394 3.23358 6
    endloop
  endfacet
  facet normal 0 0 1
    outer loop
      vertex 80.6828 3.43275 6
      vertex 81.7558 8.82706 6
      vertex 80.8821 8.95665 6
    endloop
  endfacet
  facet normal 0 0 1
    outer loop
      vertex 81.7558 8.82706 6
      vertex 80.6828 3.43275 6
      vertex 81.016 3.34929 6
    endloop
  endfacet
  facet normal 0 0 1
    outer loop
      vertex 80.8821 8.95665 6
      vertex 80.3431 3.48315 6
      vertex 80.6828 3.43275 6
    endloop
  endfacet
  facet normal 0 0 1
    outer loop
      vertex 80 9 6
      vertex 80.3431 3.48315 6
      vertex 80.8821 8.95665 6
    endloop
  endfacet
  facet normal 0 0 1
    outer loop
      vertex 80 9 6
      vertex 80 3.5 6
      vertex 80.3431 3.48315 6
    endloop
  endfacet
  facet normal 0 0 1
    outer loop
      vertex 80 9 6
      vertex 79.6569 3.48315 6
      vertex 80 3.5 6
    endloop
  endfacet
  facet normal 0 0 1
    outer loop
      vertex 80 9 6
      vertex 79.3172 3.43275 6
      vertex 79.6569 3.48315 6
    endloop
  endfacet
  facet normal 0 0 1
    outer loop
      vertex 80 9 6
      vertex 78.984 3.34929 6
      vertex 79.3172 3.43275 6
    endloop
  endfacet
  facet normal 0 0 1
    outer loop
      vertex 80 9 6
      vertex 78.6606 3.23358 6
      vertex 78.984 3.34929 6
    endloop
  endfacet
  facet normal 0 0 1
    outer loop
      vertex 80 9 6
      vertex 78.3501 3.08672 6
      vertex 78.6606 3.23358 6
    endloop
  endfacet
  facet normal 0 0 1
    outer loop
      vertex 80 9 6
      vertex 78.0555 2.91014 6
      vertex 78.3501 3.08672 6
    endloop
  endfacet
  facet normal 0 0 1
    outer loop
      vertex 80 9 6
      vertex 77.7796 2.70554 6
      vertex 78.0555 2.91014 6
    endloop
  endfacet
  facet normal 0 0 1
    outer loop
      vertex 80 9 6
      vertex 77.5251 2.47487 6
      vertex 77.7796 2.70554 6
    endloop
  endfacet
  facet normal -0 0 1
    outer loop
      vertex 61.25 8.25 6
      vertex 77.5251 2.47487 6
      vertex 80 9 6
    endloop
  endfacet
  facet normal 0 0 1
    outer loop
      vertex 77.5251 2.47487 6
      vertex 61.25 8.25 6
      vertex 77.2945 2.22038 6
    endloop
  endfacet
  facet normal 0 0 1
    outer loop
      vertex 77.2945 2.22038 6
      vertex 61.25 8.25 6
      vertex 77.0899 1.9445 6
    endloop
  endfacet
  facet normal -0 0 1
    outer loop
      vertex 61.1549 7.77165 6
      vertex 77.0899 1.9445 6
      vertex 61.25 8.25 6
    endloop
  endfacet
  facet normal -0 0 1
    outer loop
      vertex 60.8839 7.36612 6
      vertex 76.5673 0.682816 6
      vertex 61.1549 7.77165 6
    endloop
  endfacet
  facet normal 0 0 1
    outer loop
      vertex 76.6507 1.016 6
      vertex 61.1549 7.77165 6
      vertex 76.5673 0.682816 6
    endloop
  endfacet
  facet normal 0 0 1
    outer loop
      vertex 76.7664 1.33939 6
      vertex 61.1549 7.77165 6
      vertex 76.6507 1.016 6
    endloop
  endfacet
  facet normal 0 0 1
    outer loop
      vertex 76.9133 1.64989 6
      vertex 61.1549 7.77165 6
      vertex 76.7664 1.33939 6
    endloop
  endfacet
  facet normal 0 0 1
    outer loop
      vertex 77.0899 1.9445 6
      vertex 61.1549 7.77165 6
      vertex 76.9133 1.64989 6
    endloop
  endfacet
  facet normal 0 0 1
    outer loop
      vertex 80 9 6
      vertex 61.1549 8.72835 6
      vertex 61.25 8.25 6
    endloop
  endfacet
  facet normal 0 0 1
    outer loop
      vertex 80 9 6
      vertex 60.8839 9.13388 6
      vertex 61.1549 8.72835 6
    endloop
  endfacet
  facet normal 0 0 1
    outer loop
      vertex 80 9 6
      vertex 60.4784 9.40485 6
      vertex 60.8839 9.13388 6
    endloop
  endfacet
  facet normal -0 -0 1
    outer loop
      vertex 60.4784 9.40485 6
      vertex 80 9 6
      vertex 60 9.5 6
    endloop
  endfacet
  facet normal -0 0 1
    outer loop
      vertex 82.9101 -1.9445 6
      vertex 87.4832 -5.00012 6
      vertex 83.0867 -1.64989 6
    endloop
  endfacet
  facet normal 0 0 1
    outer loop
      vertex 87.4832 -5.00012 6
      vertex 82.9101 -1.9445 6
      vertex 86.9571 -5.70953 6
    endloop
  endfacet
  facet normal -0 0 1
    outer loop
      vertex 82.7055 -2.22038 6
      vertex 86.9571 -5.70953 6
      vertex 82.9101 -1.9445 6
    endloop
  endfacet
  facet normal 0 0 1
    outer loop
      vertex 86.9571 -5.70953 6
      vertex 82.7055 -2.22038 6
      vertex 86.364 -6.36395 6
    endloop
  endfacet
  facet normal -0 0 1
    outer loop
      vertex 82.4749 -2.47487 6
      vertex 86.364 -6.36395 6
      vertex 82.7055 -2.22038 6
    endloop
  endfacet
  facet normal 0 0 1
    outer loop
      vertex 86.364 -6.36395 6
      vertex 82.4749 -2.47487 6
      vertex 85.7095 -6.95709 6
    endloop
  endfacet
  facet normal -0 0 1
    outer loop
      vertex 82.2204 -2.70554 6
      vertex 85.7095 -6.95709 6
      vertex 82.4749 -2.47487 6
    endloop
  endfacet
  facet normal 0 0 1
    outer loop
      vertex 85.7095 -6.95709 6
      vertex 82.2204 -2.70554 6
      vertex 85.0001 -7.48322 6
    endloop
  endfacet
  facet normal -0 0 1
    outer loop
      vertex 81.9445 -2.91014 6
      vertex 85.0001 -7.48322 6
      vertex 82.2204 -2.70554 6
    endloop
  endfacet
  facet normal 0 0 1
    outer loop
      vertex 85.0001 -7.48322 6
      vertex 81.9445 -2.91014 6
      vertex 84.2426 -7.93729 6
    endloop
  endfacet
  facet normal -0 0 1
    outer loop
      vertex 81.6499 -3.08672 6
      vertex 84.2426 -7.93729 6
      vertex 81.9445 -2.91014 6
    endloop
  endfacet
  facet normal 0 0 1
    outer loop
      vertex 84.2426 -7.93729 6
      vertex 81.6499 -3.08672 6
      vertex 83.4441 -8.31491 6
    endloop
  endfacet
  facet normal -0 0 1
    outer loop
      vertex 81.3394 -3.23358 6
      vertex 83.4441 -8.31491 6
      vertex 81.6499 -3.08672 6
    endloop
  endfacet
  facet normal 0 0 1
    outer loop
      vertex 83.4441 -8.31491 6
      vertex 81.3394 -3.23358 6
      vertex 82.6125 -8.61246 6
    endloop
  endfacet
  facet normal -0 0 1
    outer loop
      vertex 81.016 -3.34929 6
      vertex 82.6125 -8.61246 6
      vertex 81.3394 -3.23358 6
    endloop
  endfacet
  facet normal 0 0 1
    outer loop
      vertex 82.6125 -8.61246 6
      vertex 81.016 -3.34929 6
      vertex 81.7558 -8.82706 6
    endloop
  endfacet
  facet normal -0 0 1
    outer loop
      vertex 80.6828 -3.43275 6
      vertex 81.7558 -8.82706 6
      vertex 81.016 -3.34929 6
    endloop
  endfacet
  facet normal 0 0 1
    outer loop
      vertex 81.7558 -8.82706 6
      vertex 80.6828 -3.43275 6
      vertex 80.8821 -8.95665 6
    endloop
  endfacet
  facet normal -0 0 1
    outer loop
      vertex 80.3431 -3.48315 6
      vertex 80.8821 -8.95665 6
      vertex 80.6828 -3.43275 6
    endloop
  endfacet
  facet normal -0 0 1
    outer loop
      vertex 80 -3.5 6
      vertex 80.8821 -8.95665 6
      vertex 80.3431 -3.48315 6
    endloop
  endfacet
  facet normal 0 0 1
    outer loop
      vertex 80 -3.5 6
      vertex 80 -9 6
      vertex 80.8821 -8.95665 6
    endloop
  endfacet
  facet normal 0 0 1
    outer loop
      vertex 79.6569 -3.48315 6
      vertex 80 -9 6
      vertex 80 -3.5 6
    endloop
  endfacet
  facet normal 0 0 1
    outer loop
      vertex 79.3172 -3.43275 6
      vertex 80 -9 6
      vertex 79.6569 -3.48315 6
    endloop
  endfacet
  facet normal 0 0 1
    outer loop
      vertex 78.984 -3.34929 6
      vertex 80 -9 6
      vertex 79.3172 -3.43275 6
    endloop
  endfacet
  facet normal 0 0 1
    outer loop
      vertex 78.6606 -3.23358 6
      vertex 80 -9 6
      vertex 78.984 -3.34929 6
    endloop
  endfacet
  facet normal 0 0 1
    outer loop
      vertex 78.3501 -3.08672 6
      vertex 80 -9 6
      vertex 78.6606 -3.23358 6
    endloop
  endfacet
  facet normal 0 0 1
    outer loop
      vertex 78.0555 -2.91014 6
      vertex 80 -9 6
      vertex 78.3501 -3.08672 6
    endloop
  endfacet
  facet normal 0 0 1
    outer loop
      vertex 77.7796 -2.70554 6
      vertex 80 -9 6
      vertex 78.0555 -2.91014 6
    endloop
  endfacet
  facet normal 0 0 1
    outer loop
      vertex 77.5251 -2.47487 6
      vertex 80 -9 6
      vertex 77.7796 -2.70554 6
    endloop
  endfacet
  facet normal 0 0 1
    outer loop
      vertex 61.25 -8.25 6
      vertex 77.5251 -2.47487 6
      vertex 77.2945 -2.22038 6
    endloop
  endfacet
  facet normal 0 0 1
    outer loop
      vertex 61.25 -8.25 6
      vertex 77.2945 -2.22038 6
      vertex 77.0899 -1.9445 6
    endloop
  endfacet
  facet normal 0 0 1
    outer loop
      vertex 61.25 -8.25 6
      vertex 77.0899 -1.9445 6
      vertex 76.9133 -1.64989 6
    endloop
  endfacet
  facet normal 0 0 1
    outer loop
      vertex 61.25 -8.25 6
      vertex 76.9133 -1.64989 6
      vertex 76.7664 -1.33939 6
    endloop
  endfacet
  facet normal 0 0 1
    outer loop
      vertex 76.5673 0.682816 6
      vertex 60.8839 7.36612 6
      vertex 76.5169 0.34306 6
    endloop
  endfacet
  facet normal 0 0 1
    outer loop
      vertex 76.5 0 6
      vertex 61.25 -8.25 6
      vertex 76.5169 -0.34306 6
    endloop
  endfacet
  facet normal 0 0 1
    outer loop
      vertex 76.5169 -0.34306 6
      vertex 61.25 -8.25 6
      vertex 76.5673 -0.682816 6
    endloop
  endfacet
  facet normal 0 0 1
    outer loop
      vertex 76.5673 -0.682816 6
      vertex 61.25 -8.25 6
      vertex 76.6507 -1.016 6
    endloop
  endfacet
  facet normal 0 0 1
    outer loop
      vertex 76.6507 -1.016 6
      vertex 61.25 -8.25 6
      vertex 76.7664 -1.33939 6
    endloop
  endfacet
  facet normal 0 0 1
    outer loop
      vertex 77.5251 -2.47487 6
      vertex 61.25 -8.25 6
      vertex 80 -9 6
    endloop
  endfacet
  facet normal -0 0 1
    outer loop
      vertex 61.1549 -8.72835 6
      vertex 80 -9 6
      vertex 61.25 -8.25 6
    endloop
  endfacet
  facet normal 0 0 1
    outer loop
      vertex 60.8839 -9.13388 6
      vertex 80 -9 6
      vertex 61.1549 -8.72835 6
    endloop
  endfacet
  facet normal 0 0 1
    outer loop
      vertex 60.4784 -9.40485 6
      vertex 80 -9 6
      vertex 60.8839 -9.13388 6
    endloop
  endfacet
  facet normal 0 0 1
    outer loop
      vertex 80 -9 6
      vertex 60.4784 -9.40485 6
      vertex 60 -9.5 6
    endloop
  endfacet
  facet normal 0 0 1
    outer loop
      vertex 12 -8.2 6
      vertex 2.48796 -0.245043 6
      vertex 11.5216 -8.29515 6
    endloop
  endfacet
  facet normal 0 0 1
    outer loop
      vertex 11.5216 -10.6048 6
      vertex 4.06612 -10.8983 6
      vertex 12 -10.7 6
    endloop
  endfacet
  facet normal 0 0 1
    outer loop
      vertex 11.1161 -10.3339 6
      vertex 4.06612 -10.8983 6
      vertex 11.5216 -10.6048 6
    endloop
  endfacet
  facet normal 0 0 1
    outer loop
      vertex 10.8451 -9.92835 6
      vertex 4.06612 -10.8983 6
      vertex 11.1161 -10.3339 6
    endloop
  endfacet
  facet normal -0 0 1
    outer loop
      vertex 2.45196 -0.487725 6
      vertex 11.5216 -8.29515 6
      vertex 2.48796 -0.245043 6
    endloop
  endfacet
  facet normal 0 0 1
    outer loop
      vertex 11.5216 -8.29515 6
      vertex 2.3097 -0.956708 6
      vertex 11.1161 -8.56612 6
    endloop
  endfacet
  facet normal -0 0 1
    outer loop
      vertex 2.3097 -0.956708 6
      vertex 11.5216 -8.29515 6
      vertex 2.39235 -0.725711 6
    endloop
  endfacet
  facet normal -0 0 1
    outer loop
      vertex 2.39235 -0.725711 6
      vertex 11.5216 -8.29515 6
      vertex 2.45196 -0.487725 6
    endloop
  endfacet
  facet normal 0 0 1
    outer loop
      vertex 4.06612 10.8983 6
      vertex 2.39235 0.725711 6
      vertex 2.45196 0.487725 6
    endloop
  endfacet
  facet normal 0 0 1
    outer loop
      vertex 4.06612 10.8983 6
      vertex 2.3097 0.956708 6
      vertex 2.39235 0.725711 6
    endloop
  endfacet
  facet normal 0 0 1
    outer loop
      vertex 4.06612 10.8983 6
      vertex 2.2048 1.17849 6
      vertex 2.3097 0.956708 6
    endloop
  endfacet
  facet normal 0 0 1
    outer loop
      vertex 4.06612 10.8983 6
      vertex 2.07867 1.38893 6
      vertex 2.2048 1.17849 6
    endloop
  endfacet
  facet normal 0 0 1
    outer loop
      vertex 4.06612 10.8983 6
      vertex 1.93253 1.58598 6
      vertex 2.07867 1.38893 6
    endloop
  endfacet
  facet normal 0 0 1
    outer loop
      vertex 4.06612 10.8983 6
      vertex 1.76777 1.76777 6
      vertex 1.93253 1.58598 6
    endloop
  endfacet
  facet normal 0 0 1
    outer loop
      vertex 4.06612 10.8983 6
      vertex 1.58598 1.93253 6
      vertex 1.76777 1.76777 6
    endloop
  endfacet
  facet normal 0 0 1
    outer loop
      vertex 4.06612 10.8983 6
      vertex 1.38893 2.07867 6
      vertex 1.58598 1.93253 6
    endloop
  endfacet
  facet normal 0 0 1
    outer loop
      vertex 4.06612 10.8983 6
      vertex 1.17849 2.2048 6
      vertex 1.38893 2.07867 6
    endloop
  endfacet
  facet normal 0 0 1
    outer loop
      vertex 4.06612 10.8983 6
      vertex 0.956708 2.3097 6
      vertex 1.17849 2.2048 6
    endloop
  endfacet
  facet normal 0 0 1
    outer loop
      vertex 4.06612 10.8983 6
      vertex 0.725711 2.39235 6
      vertex 0.956708 2.3097 6
    endloop
  endfacet
  facet normal 0 0 1
    outer loop
      vertex 4.06612 10.8983 6
      vertex 0.487725 2.45196 6
      vertex 0.725711 2.39235 6
    endloop
  endfacet
  facet normal 0 0 1
    outer loop
      vertex 4.06612 10.8983 6
      vertex 0.245043 2.48796 6
      vertex 0.487725 2.45196 6
    endloop
  endfacet
  facet normal 0 0 1
    outer loop
      vertex 4.06612 10.8983 6
      vertex 0 2.5 6
      vertex 0.245043 2.48796 6
    endloop
  endfacet
  facet normal 0 0 1
    outer loop
      vertex 4.06612 10.8983 6
      vertex -0.245043 2.48796 6
      vertex 0 2.5 6
    endloop
  endfacet
  facet normal 0 0 1
    outer loop
      vertex 4.06612 10.8983 6
      vertex -0.487725 2.45196 6
      vertex -0.245043 2.48796 6
    endloop
  endfacet
  facet normal 0 0 1
    outer loop
      vertex 4.06612 10.8983 6
      vertex -0.725711 2.39235 6
      vertex -0.487725 2.45196 6
    endloop
  endfacet
  facet normal 0 0 1
    outer loop
      vertex 4.06612 10.8983 6
      vertex -0.956708 2.3097 6
      vertex -0.725711 2.39235 6
    endloop
  endfacet
  facet normal 0 0 1
    outer loop
      vertex 4.06612 10.8983 6
      vertex -1.17849 2.2048 6
      vertex -0.956708 2.3097 6
    endloop
  endfacet
  facet normal 0 0 1
    outer loop
      vertex 4.06612 10.8983 6
      vertex -1.38893 2.07867 6
      vertex -1.17849 2.2048 6
    endloop
  endfacet
  facet normal 0 0 1
    outer loop
      vertex -17.0119 24.2285 6
      vertex -1.38893 2.07867 6
      vertex 4.06612 10.8983 6
    endloop
  endfacet
  facet normal 0 0 1
    outer loop
      vertex -1.38893 2.07867 6
      vertex -17.0119 24.2285 6
      vertex -1.58598 1.93253 6
    endloop
  endfacet
  facet normal 0 0 1
    outer loop
      vertex -1.58598 1.93253 6
      vertex -17.0119 24.2285 6
      vertex -1.76777 1.76777 6
    endloop
  endfacet
  facet normal 0 0 1
    outer loop
      vertex -1.76777 1.76777 6
      vertex -17.0119 24.2285 6
      vertex -1.93253 1.58598 6
    endloop
  endfacet
  facet normal 0 0 1
    outer loop
      vertex -2.48796 0.245043 6
      vertex -17.0119 24.2285 6
      vertex -2.5 0 6
    endloop
  endfacet
  facet normal 0 0 1
    outer loop
      vertex -2.45196 0.487725 6
      vertex -17.0119 24.2285 6
      vertex -2.48796 0.245043 6
    endloop
  endfacet
  facet normal 0 0 1
    outer loop
      vertex -2.39235 0.725711 6
      vertex -17.0119 24.2285 6
      vertex -2.45196 0.487725 6
    endloop
  endfacet
  facet normal 0 0 1
    outer loop
      vertex -2.3097 0.956708 6
      vertex -17.0119 24.2285 6
      vertex -2.39235 0.725711 6
    endloop
  endfacet
  facet normal 0 0 1
    outer loop
      vertex -2.2048 1.17849 6
      vertex -17.0119 24.2285 6
      vertex -2.3097 0.956708 6
    endloop
  endfacet
  facet normal 0 0 1
    outer loop
      vertex -2.07867 1.38893 6
      vertex -17.0119 24.2285 6
      vertex -2.2048 1.17849 6
    endloop
  endfacet
  facet normal 0 0 1
    outer loop
      vertex -1.93253 1.58598 6
      vertex -17.0119 24.2285 6
      vertex -2.07867 1.38893 6
    endloop
  endfacet
  facet normal 0 0 1
    outer loop
      vertex 4.06612 10.8983 6
      vertex -17.0459 24.9195 6
      vertex -17.0119 24.2285 6
    endloop
  endfacet
  facet normal 0 0 1
    outer loop
      vertex 4.06612 10.8983 6
      vertex -17.0613 25.0758 6
      vertex -17.0459 24.9195 6
    endloop
  endfacet
  facet normal 0 0 1
    outer loop
      vertex 4.06612 10.8983 6
      vertex -17.1628 25.7601 6
      vertex -17.0613 25.0758 6
    endloop
  endfacet
  facet normal 0 0 1
    outer loop
      vertex 4.06612 10.8983 6
      vertex -17.1934 25.9141 6
      vertex -17.1628 25.7601 6
    endloop
  endfacet
  facet normal 0 0 1
    outer loop
      vertex 4.06612 10.8983 6
      vertex -17.3615 26.5853 6
      vertex -17.1934 25.9141 6
    endloop
  endfacet
  facet normal 0 0 1
    outer loop
      vertex 4.06612 10.8983 6
      vertex -17.4071 26.7355 6
      vertex -17.3615 26.5853 6
    endloop
  endfacet
  facet normal 0 0 1
    outer loop
      vertex 4.06612 10.8983 6
      vertex -17.6402 27.3869 6
      vertex -17.4071 26.7355 6
    endloop
  endfacet
  facet normal 0 0 1
    outer loop
      vertex 4.06612 10.8983 6
      vertex -17.7003 27.532 6
      vertex -17.6402 27.3869 6
    endloop
  endfacet
  facet normal 0 0 1
    outer loop
      vertex 4.06612 10.8983 6
      vertex -17.9961 28.1574 6
      vertex -17.7003 27.532 6
    endloop
  endfacet
  facet normal 0 0 1
    outer loop
      vertex 4.06612 10.8983 6
      vertex -18.0701 28.2959 6
      vertex -17.9961 28.1574 6
    endloop
  endfacet
  facet normal 0 0 1
    outer loop
      vertex 4.06612 10.8983 6
      vertex -18.4258 28.8893 6
      vertex -18.0701 28.2959 6
    endloop
  endfacet
  facet normal 0 0 1
    outer loop
      vertex 4.06612 10.8983 6
      vertex -18.513 29.0199 6
      vertex -18.4258 28.8893 6
    endloop
  endfacet
  facet normal 0 0 1
    outer loop
      vertex 4.06612 10.8983 6
      vertex -18.9252 29.5756 6
      vertex -18.513 29.0199 6
    endloop
  endfacet
  facet normal 0 0 1
    outer loop
      vertex 4.06612 10.8983 6
      vertex -19.0248 29.697 6
      vertex -18.9252 29.5756 6
    endloop
  endfacet
  facet normal 0 0 1
    outer loop
      vertex 4.06612 10.8983 6
      vertex -19.4894 30.2096 6
      vertex -19.0248 29.697 6
    endloop
  endfacet
  facet normal 0 0 1
    outer loop
      vertex 4.06612 10.8983 6
      vertex -19.6004 30.3206 6
      vertex -19.4894 30.2096 6
    endloop
  endfacet
  facet normal -0 -0 1
    outer loop
      vertex -19.6004 30.3206 6
      vertex 4.06612 10.8983 6
      vertex -20.113 30.7852 6
    endloop
  endfacet
  facet normal -0 0 1
    outer loop
      vertex 2.2048 -1.17849 6
      vertex 11.1161 -8.56612 6
      vertex 2.3097 -0.956708 6
    endloop
  endfacet
  facet normal -0 0 1
    outer loop
      vertex 2.07867 -1.38893 6
      vertex 11.1161 -8.56612 6
      vertex 2.2048 -1.17849 6
    endloop
  endfacet
  facet normal -0 0 1
    outer loop
      vertex 1.93253 -1.58598 6
      vertex 11.1161 -8.56612 6
      vertex 2.07867 -1.38893 6
    endloop
  endfacet
  facet normal 0 0 1
    outer loop
      vertex 11.1161 -8.56612 6
      vertex 1.93253 -1.58598 6
      vertex 10.8451 -8.97165 6
    endloop
  endfacet
  facet normal 0 -0 1
    outer loop
      vertex 4.06612 -10.8983 6
      vertex 10.8451 -8.97165 6
      vertex 1.93253 -1.58598 6
    endloop
  endfacet
  facet normal 0 0 1
    outer loop
      vertex 10.8451 -8.97165 6
      vertex 4.06612 -10.8983 6
      vertex 10.75 -9.45 6
    endloop
  endfacet
  facet normal 0 0 1
    outer loop
      vertex 10.75 -9.45 6
      vertex 4.06612 -10.8983 6
      vertex 10.8451 -9.92835 6
    endloop
  endfacet
  facet normal -0 0 1
    outer loop
      vertex 1.76777 -1.76777 6
      vertex 4.06612 -10.8983 6
      vertex 1.93253 -1.58598 6
    endloop
  endfacet
  facet normal -0 0 1
    outer loop
      vertex 1.58598 -1.93253 6
      vertex 4.06612 -10.8983 6
      vertex 1.76777 -1.76777 6
    endloop
  endfacet
  facet normal -0 0 1
    outer loop
      vertex 1.38893 -2.07867 6
      vertex 4.06612 -10.8983 6
      vertex 1.58598 -1.93253 6
    endloop
  endfacet
  facet normal -0 0 1
    outer loop
      vertex 1.17849 -2.2048 6
      vertex 4.06612 -10.8983 6
      vertex 1.38893 -2.07867 6
    endloop
  endfacet
  facet normal -0 0 1
    outer loop
      vertex 0.956708 -2.3097 6
      vertex 4.06612 -10.8983 6
      vertex 1.17849 -2.2048 6
    endloop
  endfacet
  facet normal -0 0 1
    outer loop
      vertex 0.725711 -2.39235 6
      vertex 4.06612 -10.8983 6
      vertex 0.956708 -2.3097 6
    endloop
  endfacet
  facet normal -0 0 1
    outer loop
      vertex 0.487725 -2.45196 6
      vertex 4.06612 -10.8983 6
      vertex 0.725711 -2.39235 6
    endloop
  endfacet
  facet normal -0 0 1
    outer loop
      vertex 0.245043 -2.48796 6
      vertex 4.06612 -10.8983 6
      vertex 0.487725 -2.45196 6
    endloop
  endfacet
  facet normal -0 0 1
    outer loop
      vertex 0 -2.5 6
      vertex 4.06612 -10.8983 6
      vertex 0.245043 -2.48796 6
    endloop
  endfacet
  facet normal 0 0 1
    outer loop
      vertex -0.245043 -2.48796 6
      vertex 4.06612 -10.8983 6
      vertex 0 -2.5 6
    endloop
  endfacet
  facet normal 0 0 1
    outer loop
      vertex -0.487725 -2.45196 6
      vertex 4.06612 -10.8983 6
      vertex -0.245043 -2.48796 6
    endloop
  endfacet
  facet normal 0 0 1
    outer loop
      vertex -0.725711 -2.39235 6
      vertex 4.06612 -10.8983 6
      vertex -0.487725 -2.45196 6
    endloop
  endfacet
  facet normal 0 0 1
    outer loop
      vertex -0.956708 -2.3097 6
      vertex 4.06612 -10.8983 6
      vertex -0.725711 -2.39235 6
    endloop
  endfacet
  facet normal 0 0 1
    outer loop
      vertex -1.17849 -2.2048 6
      vertex 4.06612 -10.8983 6
      vertex -0.956708 -2.3097 6
    endloop
  endfacet
  facet normal 0 0 1
    outer loop
      vertex -1.38893 -2.07867 6
      vertex 4.06612 -10.8983 6
      vertex -1.17849 -2.2048 6
    endloop
  endfacet
  facet normal 0 0 1
    outer loop
      vertex -17.0119 -24.2285 6
      vertex -1.38893 -2.07867 6
      vertex -1.58598 -1.93253 6
    endloop
  endfacet
  facet normal 0 0 1
    outer loop
      vertex -17.0119 -24.2285 6
      vertex -1.58598 -1.93253 6
      vertex -1.76777 -1.76777 6
    endloop
  endfacet
  facet normal 0 0 1
    outer loop
      vertex -17.0119 -24.2285 6
      vertex -1.76777 -1.76777 6
      vertex -1.93253 -1.58598 6
    endloop
  endfacet
  facet normal 0 0 1
    outer loop
      vertex -17.0119 -24.2285 6
      vertex -1.93253 -1.58598 6
      vertex -2.07867 -1.38893 6
    endloop
  endfacet
  facet normal 0 0 1
    outer loop
      vertex -17.0119 -24.2285 6
      vertex -2.5 0 6
      vertex -17.0119 24.2285 6
    endloop
  endfacet
  facet normal 0 0 1
    outer loop
      vertex -2.5 0 6
      vertex -17.0119 -24.2285 6
      vertex -2.48796 -0.245043 6
    endloop
  endfacet
  facet normal 0 0 1
    outer loop
      vertex -2.48796 -0.245043 6
      vertex -17.0119 -24.2285 6
      vertex -2.45196 -0.487725 6
    endloop
  endfacet
  facet normal 0 0 1
    outer loop
      vertex -2.45196 -0.487725 6
      vertex -17.0119 -24.2285 6
      vertex -2.39235 -0.725711 6
    endloop
  endfacet
  facet normal 0 0 1
    outer loop
      vertex -2.39235 -0.725711 6
      vertex -17.0119 -24.2285 6
      vertex -2.3097 -0.956708 6
    endloop
  endfacet
  facet normal 0 0 1
    outer loop
      vertex -2.3097 -0.956708 6
      vertex -17.0119 -24.2285 6
      vertex -2.2048 -1.17849 6
    endloop
  endfacet
  facet normal 0 0 1
    outer loop
      vertex -17.0119 -24.2285 6
      vertex -2.07867 -1.38893 6
      vertex -2.2048 -1.17849 6
    endloop
  endfacet
  facet normal 0 0 1
    outer loop
      vertex -1.38893 -2.07867 6
      vertex -17.0119 -24.2285 6
      vertex 4.06612 -10.8983 6
    endloop
  endfacet
  facet normal 0 0 1
    outer loop
      vertex -17.0459 -24.9195 6
      vertex 4.06612 -10.8983 6
      vertex -17.0119 -24.2285 6
    endloop
  endfacet
  facet normal 0 0 1
    outer loop
      vertex -17.0613 -25.0758 6
      vertex 4.06612 -10.8983 6
      vertex -17.0459 -24.9195 6
    endloop
  endfacet
  facet normal 0 0 1
    outer loop
      vertex -17.1628 -25.7601 6
      vertex 4.06612 -10.8983 6
      vertex -17.0613 -25.0758 6
    endloop
  endfacet
  facet normal 0 0 1
    outer loop
      vertex -17.1934 -25.9141 6
      vertex 4.06612 -10.8983 6
      vertex -17.1628 -25.7601 6
    endloop
  endfacet
  facet normal 0 0 1
    outer loop
      vertex -17.3615 -26.5853 6
      vertex 4.06612 -10.8983 6
      vertex -17.1934 -25.9141 6
    endloop
  endfacet
  facet normal 0 0 1
    outer loop
      vertex -17.4071 -26.7355 6
      vertex 4.06612 -10.8983 6
      vertex -17.3615 -26.5853 6
    endloop
  endfacet
  facet normal 0 0 1
    outer loop
      vertex -17.6402 -27.3869 6
      vertex 4.06612 -10.8983 6
      vertex -17.4071 -26.7355 6
    endloop
  endfacet
  facet normal 0 0 1
    outer loop
      vertex -17.7003 -27.532 6
      vertex 4.06612 -10.8983 6
      vertex -17.6402 -27.3869 6
    endloop
  endfacet
  facet normal 0 0 1
    outer loop
      vertex -17.9961 -28.1574 6
      vertex 4.06612 -10.8983 6
      vertex -17.7003 -27.532 6
    endloop
  endfacet
  facet normal 0 0 1
    outer loop
      vertex -18.0701 -28.2959 6
      vertex 4.06612 -10.8983 6
      vertex -17.9961 -28.1574 6
    endloop
  endfacet
  facet normal 0 0 1
    outer loop
      vertex -18.4258 -28.8893 6
      vertex 4.06612 -10.8983 6
      vertex -18.0701 -28.2959 6
    endloop
  endfacet
  facet normal 0 0 1
    outer loop
      vertex -18.513 -29.0199 6
      vertex 4.06612 -10.8983 6
      vertex -18.4258 -28.8893 6
    endloop
  endfacet
  facet normal 0 0 1
    outer loop
      vertex -18.9252 -29.5756 6
      vertex 4.06612 -10.8983 6
      vertex -18.513 -29.0199 6
    endloop
  endfacet
  facet normal 0 0 1
    outer loop
      vertex -19.0248 -29.697 6
      vertex 4.06612 -10.8983 6
      vertex -18.9252 -29.5756 6
    endloop
  endfacet
  facet normal 0 0 1
    outer loop
      vertex -19.4894 -30.2096 6
      vertex 4.06612 -10.8983 6
      vertex -19.0248 -29.697 6
    endloop
  endfacet
  facet normal 0 0 1
    outer loop
      vertex -19.6004 -30.3206 6
      vertex 4.06612 -10.8983 6
      vertex -19.4894 -30.2096 6
    endloop
  endfacet
  facet normal 0 0 1
    outer loop
      vertex 4.06612 -10.8983 6
      vertex -19.6004 -30.3206 6
      vertex -20.113 -30.7852 6
    endloop
  endfacet
  facet normal 0.0490004 -0.998799 0
    outer loop
      vertex -25.5815 -32.798 0
      vertex -24.8905 -32.7641 15.3
      vertex -25.5815 -32.798 15.3
    endloop
  endfacet
  facet normal 0.0490004 -0.998799 0
    outer loop
      vertex -24.8905 -32.7641 15.3
      vertex -25.5815 -32.798 0
      vertex -24.8905 -32.7641 0
    endloop
  endfacet
  facet normal 0.0980537 -0.995181 0
    outer loop
      vertex -24.8905 -32.7641 0
      vertex -24.7342 -32.7487 15.3
      vertex -24.8905 -32.7641 15.3
    endloop
  endfacet
  facet normal 0.0980537 -0.995181 0
    outer loop
      vertex -24.7342 -32.7487 15.3
      vertex -24.8905 -32.7641 0
      vertex -24.7342 -32.7487 0
    endloop
  endfacet
  facet normal 0.146722 -0.989178 0
    outer loop
      vertex -24.7342 -32.7487 0
      vertex -24.0499 -32.6472 15.3
      vertex -24.7342 -32.7487 15.3
    endloop
  endfacet
  facet normal 0.146722 -0.989178 0
    outer loop
      vertex -24.0499 -32.6472 15.3
      vertex -24.7342 -32.7487 0
      vertex -24.0499 -32.6472 0
    endloop
  endfacet
  facet normal 0.19477 -0.980849 0
    outer loop
      vertex -24.0499 -32.6472 0
      vertex -23.8958 -32.6166 15.3
      vertex -24.0499 -32.6472 15.3
    endloop
  endfacet
  facet normal 0.19477 -0.980849 0
    outer loop
      vertex -23.8958 -32.6166 15.3
      vertex -24.0499 -32.6472 0
      vertex -23.8958 -32.6166 0
    endloop
  endfacet
  facet normal 0.242978 -0.970032 0
    outer loop
      vertex -23.8958 -32.6166 0
      vertex -23.2247 -32.4485 15.3
      vertex -23.8958 -32.6166 15.3
    endloop
  endfacet
  facet normal 0.242978 -0.970032 0
    outer loop
      vertex -23.2247 -32.4485 15.3
      vertex -23.8958 -32.6166 0
      vertex -23.2247 -32.4485 0
    endloop
  endfacet
  facet normal 0.290502 -0.956874 0
    outer loop
      vertex -23.2247 -32.4485 0
      vertex -23.0745 -32.4029 15.3
      vertex -23.2247 -32.4485 15.3
    endloop
  endfacet
  facet normal 0.290502 -0.956874 0
    outer loop
      vertex -23.0745 -32.4029 15.3
      vertex -23.2247 -32.4485 0
      vertex -23.0745 -32.4029 0
    endloop
  endfacet
  facet normal 0.336922 -0.941532 0
    outer loop
      vertex -23.0745 -32.4029 0
      vertex -22.4231 -32.1698 15.3
      vertex -23.0745 -32.4029 15.3
    endloop
  endfacet
  facet normal 0.336922 -0.941532 0
    outer loop
      vertex -22.4231 -32.1698 15.3
      vertex -23.0745 -32.4029 0
      vertex -22.4231 -32.1698 0
    endloop
  endfacet
  facet normal 0.38267 -0.923885 0
    outer loop
      vertex -22.4231 -32.1698 0
      vertex -22.278 -32.1097 15.3
      vertex -22.4231 -32.1698 15.3
    endloop
  endfacet
  facet normal 0.38267 -0.923885 0
    outer loop
      vertex -22.278 -32.1097 15.3
      vertex -22.4231 -32.1698 0
      vertex -22.278 -32.1097 0
    endloop
  endfacet
  facet normal 0.427564 -0.903985 0
    outer loop
      vertex -22.278 -32.1097 0
      vertex -21.6526 -31.8139 15.3
      vertex -22.278 -32.1097 15.3
    endloop
  endfacet
  facet normal 0.427564 -0.903985 0
    outer loop
      vertex -21.6526 -31.8139 15.3
      vertex -22.278 -32.1097 0
      vertex -21.6526 -31.8139 0
    endloop
  endfacet
  facet normal 0.471249 -0.882 0
    outer loop
      vertex -21.6526 -31.8139 0
      vertex -21.5141 -31.7399 15.3
      vertex -21.6526 -31.8139 15.3
    endloop
  endfacet
  facet normal 0.471249 -0.882 0
    outer loop
      vertex -21.5141 -31.7399 15.3
      vertex -21.6526 -31.8139 0
      vertex -21.5141 -31.7399 0
    endloop
  endfacet
  facet normal 0.514071 -0.857748 0
    outer loop
      vertex -21.5141 -31.7399 0
      vertex -20.9206 -31.3842 15.3
      vertex -21.5141 -31.7399 15.3
    endloop
  endfacet
  facet normal 0.514071 -0.857748 0
    outer loop
      vertex -20.9206 -31.3842 15.3
      vertex -21.5141 -31.7399 0
      vertex -20.9206 -31.3842 0
    endloop
  endfacet
  facet normal 0.555582 -0.831462 0
    outer loop
      vertex -20.9206 -31.3842 0
      vertex -20.7901 -31.297 15.3
      vertex -20.9206 -31.3842 15.3
    endloop
  endfacet
  facet normal 0.555582 -0.831462 0
    outer loop
      vertex -20.7901 -31.297 15.3
      vertex -20.9206 -31.3842 0
      vertex -20.7901 -31.297 0
    endloop
  endfacet
  facet normal 0.595666 -0.803232 0
    outer loop
      vertex -20.7901 -31.297 0
      vertex -20.2344 -30.8849 15.3
      vertex -20.7901 -31.297 15.3
    endloop
  endfacet
  facet normal 0.595666 -0.803232 0
    outer loop
      vertex -20.2344 -30.8849 15.3
      vertex -20.7901 -31.297 0
      vertex -20.2344 -30.8849 0
    endloop
  endfacet
  facet normal 0.634658 -0.772793 0
    outer loop
      vertex -20.2344 -30.8849 15.3
      vertex -20.113 -30.7852 6
      vertex -20.113 -30.7852 15.3
    endloop
  endfacet
  facet normal 0.634658 -0.772793 0
    outer loop
      vertex -20.2344 -30.8849 0
      vertex -20.113 -30.7852 6
      vertex -20.2344 -30.8849 15.3
    endloop
  endfacet
  facet normal 0.634658 -0.772793 0
    outer loop
      vertex -20.113 -30.7852 6
      vertex -20.2344 -30.8849 0
      vertex -20.113 -30.7852 0
    endloop
  endfacet
  facet normal 0.635225 -0.772327 0
    outer loop
      vertex -20.113 -30.7852 0
      vertex 4.06612 -10.8983 6
      vertex -20.113 -30.7852 6
    endloop
  endfacet
  facet normal 0.635225 -0.772327 0
    outer loop
      vertex 4.06612 -10.8983 6
      vertex -20.113 -30.7852 0
      vertex 4.06612 -10.8983 0
    endloop
  endfacet
  facet normal 0.0249863 -0.999688 0
    outer loop
      vertex 4.06612 -10.8983 6
      vertex 12 -10.7 5.99
      vertex 12 -10.7 6
    endloop
  endfacet
  facet normal 0.0249922 -0.999688 -7.84396e-06
    outer loop
      vertex 12 -10.7 5.99
      vertex 4.06612 -10.8983 0
      vertex 60 -9.5 5.99
    endloop
  endfacet
  facet normal 0.0249863 -0.999688 0
    outer loop
      vertex 4.06612 -10.8983 0
      vertex 12 -10.7 5.99
      vertex 4.06612 -10.8983 6
    endloop
  endfacet
  facet normal 0.0249922 -0.999688 0
    outer loop
      vertex 60 -9.5 5.99
      vertex 80 -9 6
      vertex 60 -9.5 6
    endloop
  endfacet
  facet normal 0.0249916 -0.999688 -2.066e-06
    outer loop
      vertex 80 -9 0
      vertex 60 -9.5 5.99
      vertex 4.06612 -10.8983 0
    endloop
  endfacet
  facet normal 0.0249922 -0.999688 0
    outer loop
      vertex 60 -9.5 5.99
      vertex 80 -9 0
      vertex 80 -9 6
    endloop
  endfacet
  facet normal 0.0490849 -0.998795 0
    outer loop
      vertex 80 -9 0
      vertex 80.8821 -8.95665 6
      vertex 80 -9 6
    endloop
  endfacet
  facet normal 0.0490849 -0.998795 0
    outer loop
      vertex 80.8821 -8.95665 6
      vertex 80 -9 0
      vertex 80.8821 -8.95665 0
    endloop
  endfacet
  facet normal 0.146718 -0.989178 0
    outer loop
      vertex 80.8821 -8.95665 0
      vertex 81.7558 -8.82706 6
      vertex 80.8821 -8.95665 6
    endloop
  endfacet
  facet normal 0.146718 -0.989178 0
    outer loop
      vertex 81.7558 -8.82706 6
      vertex 80.8821 -8.95665 0
      vertex 81.7558 -8.82706 0
    endloop
  endfacet
  facet normal 0.242989 -0.970029 0
    outer loop
      vertex 81.7558 -8.82706 0
      vertex 82.6125 -8.61246 6
      vertex 81.7558 -8.82706 6
    endloop
  endfacet
  facet normal 0.242989 -0.970029 0
    outer loop
      vertex 82.6125 -8.61246 6
      vertex 81.7558 -8.82706 0
      vertex 82.6125 -8.61246 0
    endloop
  endfacet
  facet normal 0.336889 -0.941545 0
    outer loop
      vertex 82.6125 -8.61246 0
      vertex 83.4441 -8.31491 6
      vertex 82.6125 -8.61246 6
    endloop
  endfacet
  facet normal 0.336889 -0.941545 0
    outer loop
      vertex 83.4441 -8.31491 6
      vertex 82.6125 -8.61246 0
      vertex 83.4441 -8.31491 0
    endloop
  endfacet
  facet normal 0.427516 -0.904008 0
    outer loop
      vertex 83.4441 -8.31491 0
      vertex 84.2426 -7.93729 6
      vertex 83.4441 -8.31491 6
    endloop
  endfacet
  facet normal 0.427516 -0.904008 0
    outer loop
      vertex 84.2426 -7.93729 6
      vertex 83.4441 -8.31491 0
      vertex 84.2426 -7.93729 0
    endloop
  endfacet
  facet normal 0.514138 -0.857708 0
    outer loop
      vertex 84.2426 -7.93729 0
      vertex 85.0001 -7.48322 6
      vertex 84.2426 -7.93729 6
    endloop
  endfacet
  facet normal 0.514138 -0.857708 0
    outer loop
      vertex 85.0001 -7.48322 6
      vertex 84.2426 -7.93729 0
      vertex 85.0001 -7.48322 0
    endloop
  endfacet
  facet normal 0.595702 -0.803206 0
    outer loop
      vertex 85.0001 -7.48322 0
      vertex 85.7095 -6.95709 6
      vertex 85.0001 -7.48322 6
    endloop
  endfacet
  facet normal 0.595702 -0.803206 0
    outer loop
      vertex 85.7095 -6.95709 6
      vertex 85.0001 -7.48322 0
      vertex 85.7095 -6.95709 0
    endloop
  endfacet
  facet normal 0.671519 -0.740987 0
    outer loop
      vertex 85.7095 -6.95709 0
      vertex 86.364 -6.36395 6
      vertex 85.7095 -6.95709 6
    endloop
  endfacet
  facet normal 0.671519 -0.740987 0
    outer loop
      vertex 86.364 -6.36395 6
      vertex 85.7095 -6.95709 0
      vertex 86.364 -6.36395 0
    endloop
  endfacet
  facet normal 0.740969 -0.671539 0
    outer loop
      vertex 86.364 -6.36395 6
      vertex 86.9571 -5.70953 0
      vertex 86.9571 -5.70953 6
    endloop
  endfacet
  facet normal 0.740969 -0.671539 0
    outer loop
      vertex 86.9571 -5.70953 0
      vertex 86.364 -6.36395 6
      vertex 86.364 -6.36395 0
    endloop
  endfacet
  facet normal 0.803226 -0.595674 0
    outer loop
      vertex 86.9571 -5.70953 6
      vertex 87.4832 -5.00012 0
      vertex 87.4832 -5.00012 6
    endloop
  endfacet
  facet normal 0.803226 -0.595674 0
    outer loop
      vertex 87.4832 -5.00012 0
      vertex 86.9571 -5.70953 6
      vertex 86.9571 -5.70953 0
    endloop
  endfacet
  facet normal 0.857708 -0.514138 0
    outer loop
      vertex 87.4832 -5.00012 6
      vertex 87.9373 -4.24257 0
      vertex 87.9373 -4.24257 6
    endloop
  endfacet
  facet normal 0.857708 -0.514138 0
    outer loop
      vertex 87.9373 -4.24257 0
      vertex 87.4832 -5.00012 6
      vertex 87.4832 -5.00012 0
    endloop
  endfacet
  facet normal 0.904002 -0.427528 0
    outer loop
      vertex 87.9373 -4.24257 6
      vertex 88.3149 -3.44414 0
      vertex 88.3149 -3.44414 6
    endloop
  endfacet
  facet normal 0.904002 -0.427528 0
    outer loop
      vertex 88.3149 -3.44414 0
      vertex 87.9373 -4.24257 6
      vertex 87.9373 -4.24257 0
    endloop
  endfacet
  facet normal 0.941525 -0.336942 0
    outer loop
      vertex 88.3149 -3.44414 6
      vertex 88.6125 -2.61255 0
      vertex 88.6125 -2.61255 6
    endloop
  endfacet
  facet normal 0.941525 -0.336942 0
    outer loop
      vertex 88.6125 -2.61255 0
      vertex 88.3149 -3.44414 6
      vertex 88.3149 -3.44414 0
    endloop
  endfacet
  facet normal 0.970033 -0.242975 0
    outer loop
      vertex 88.6125 -2.61255 6
      vertex 88.8271 -1.7558 0
      vertex 88.8271 -1.7558 6
    endloop
  endfacet
  facet normal 0.970033 -0.242975 0
    outer loop
      vertex 88.8271 -1.7558 0
      vertex 88.6125 -2.61255 6
      vertex 88.6125 -2.61255 0
    endloop
  endfacet
  facet normal 0.989192 -0.146625 0
    outer loop
      vertex 88.8271 -1.7558 6
      vertex 88.9566 -0.882141 0
      vertex 88.9566 -0.882141 6
    endloop
  endfacet
  facet normal 0.989192 -0.146625 0
    outer loop
      vertex 88.9566 -0.882141 0
      vertex 88.8271 -1.7558 6
      vertex 88.8271 -1.7558 0
    endloop
  endfacet
  facet normal 0.998792 -0.049139 0
    outer loop
      vertex 88.9566 -0.882141 6
      vertex 89 0 0
      vertex 89 0 6
    endloop
  endfacet
  facet normal 0.998792 -0.049139 0
    outer loop
      vertex 89 0 0
      vertex 88.9566 -0.882141 6
      vertex 88.9566 -0.882141 0
    endloop
  endfacet
  facet normal 0.998792 0.049139 0
    outer loop
      vertex 89 0 6
      vertex 88.9566 0.882141 0
      vertex 88.9566 0.882141 6
    endloop
  endfacet
  facet normal 0.998792 0.049139 0
    outer loop
      vertex 88.9566 0.882141 0
      vertex 89 0 6
      vertex 89 0 0
    endloop
  endfacet
  facet normal 0.989192 0.146625 0
    outer loop
      vertex 88.9566 0.882141 6
      vertex 88.8271 1.7558 0
      vertex 88.8271 1.7558 6
    endloop
  endfacet
  facet normal 0.989192 0.146625 0
    outer loop
      vertex 88.8271 1.7558 0
      vertex 88.9566 0.882141 6
      vertex 88.9566 0.882141 0
    endloop
  endfacet
  facet normal 0.970033 0.242975 0
    outer loop
      vertex 88.8271 1.7558 6
      vertex 88.6125 2.61255 0
      vertex 88.6125 2.61255 6
    endloop
  endfacet
  facet normal 0.970033 0.242975 0
    outer loop
      vertex 88.6125 2.61255 0
      vertex 88.8271 1.7558 6
      vertex 88.8271 1.7558 0
    endloop
  endfacet
  facet normal 0.941525 0.336942 0
    outer loop
      vertex 88.6125 2.61255 6
      vertex 88.3149 3.44414 0
      vertex 88.3149 3.44414 6
    endloop
  endfacet
  facet normal 0.941525 0.336942 0
    outer loop
      vertex 88.3149 3.44414 0
      vertex 88.6125 2.61255 6
      vertex 88.6125 2.61255 0
    endloop
  endfacet
  facet normal 0.904002 0.427528 0
    outer loop
      vertex 88.3149 3.44414 6
      vertex 87.9373 4.24257 0
      vertex 87.9373 4.24257 6
    endloop
  endfacet
  facet normal 0.904002 0.427528 0
    outer loop
      vertex 87.9373 4.24257 0
      vertex 88.3149 3.44414 6
      vertex 88.3149 3.44414 0
    endloop
  endfacet
  facet normal 0.857708 0.514138 0
    outer loop
      vertex 87.9373 4.24257 6
      vertex 87.4832 5.00012 0
      vertex 87.4832 5.00012 6
    endloop
  endfacet
  facet normal 0.857708 0.514138 0
    outer loop
      vertex 87.4832 5.00012 0
      vertex 87.9373 4.24257 6
      vertex 87.9373 4.24257 0
    endloop
  endfacet
  facet normal 0.803226 0.595674 0
    outer loop
      vertex 87.4832 5.00012 6
      vertex 86.9571 5.70953 0
      vertex 86.9571 5.70953 6
    endloop
  endfacet
  facet normal 0.803226 0.595674 0
    outer loop
      vertex 86.9571 5.70953 0
      vertex 87.4832 5.00012 6
      vertex 87.4832 5.00012 0
    endloop
  endfacet
  facet normal 0.740969 0.671539 0
    outer loop
      vertex 86.9571 5.70953 6
      vertex 86.364 6.36395 0
      vertex 86.364 6.36395 6
    endloop
  endfacet
  facet normal 0.740969 0.671539 0
    outer loop
      vertex 86.364 6.36395 0
      vertex 86.9571 5.70953 6
      vertex 86.9571 5.70953 0
    endloop
  endfacet
  facet normal 0.671519 0.740987 -0
    outer loop
      vertex 86.364 6.36395 0
      vertex 85.7095 6.95709 6
      vertex 86.364 6.36395 6
    endloop
  endfacet
  facet normal 0.671519 0.740987 0
    outer loop
      vertex 85.7095 6.95709 6
      vertex 86.364 6.36395 0
      vertex 85.7095 6.95709 0
    endloop
  endfacet
  facet normal 0.595702 0.803206 -0
    outer loop
      vertex 85.7095 6.95709 0
      vertex 85.0001 7.48322 6
      vertex 85.7095 6.95709 6
    endloop
  endfacet
  facet normal 0.595702 0.803206 0
    outer loop
      vertex 85.0001 7.48322 6
      vertex 85.7095 6.95709 0
      vertex 85.0001 7.48322 0
    endloop
  endfacet
  facet normal 0.514138 0.857708 -0
    outer loop
      vertex 85.0001 7.48322 0
      vertex 84.2426 7.93729 6
      vertex 85.0001 7.48322 6
    endloop
  endfacet
  facet normal 0.514138 0.857708 0
    outer loop
      vertex 84.2426 7.93729 6
      vertex 85.0001 7.48322 0
      vertex 84.2426 7.93729 0
    endloop
  endfacet
  facet normal 0.427516 0.904008 -0
    outer loop
      vertex 84.2426 7.93729 0
      vertex 83.4441 8.31491 6
      vertex 84.2426 7.93729 6
    endloop
  endfacet
  facet normal 0.427516 0.904008 0
    outer loop
      vertex 83.4441 8.31491 6
      vertex 84.2426 7.93729 0
      vertex 83.4441 8.31491 0
    endloop
  endfacet
  facet normal 0.336889 0.941545 -0
    outer loop
      vertex 83.4441 8.31491 0
      vertex 82.6125 8.61246 6
      vertex 83.4441 8.31491 6
    endloop
  endfacet
  facet normal 0.336889 0.941545 0
    outer loop
      vertex 82.6125 8.61246 6
      vertex 83.4441 8.31491 0
      vertex 82.6125 8.61246 0
    endloop
  endfacet
  facet normal 0.242989 0.970029 -0
    outer loop
      vertex 82.6125 8.61246 0
      vertex 81.7558 8.82706 6
      vertex 82.6125 8.61246 6
    endloop
  endfacet
  facet normal 0.242989 0.970029 0
    outer loop
      vertex 81.7558 8.82706 6
      vertex 82.6125 8.61246 0
      vertex 81.7558 8.82706 0
    endloop
  endfacet
  facet normal 0.146718 0.989178 -0
    outer loop
      vertex 81.7558 8.82706 0
      vertex 80.8821 8.95665 6
      vertex 81.7558 8.82706 6
    endloop
  endfacet
  facet normal 0.146718 0.989178 0
    outer loop
      vertex 80.8821 8.95665 6
      vertex 81.7558 8.82706 0
      vertex 80.8821 8.95665 0
    endloop
  endfacet
  facet normal 0.0490849 0.998795 -0
    outer loop
      vertex 80.8821 8.95665 0
      vertex 80 9 6
      vertex 80.8821 8.95665 6
    endloop
  endfacet
  facet normal 0.0490849 0.998795 0
    outer loop
      vertex 80 9 6
      vertex 80.8821 8.95665 0
      vertex 80 9 0
    endloop
  endfacet
  facet normal 0.0249922 0.999688 0
    outer loop
      vertex 80 9 6
      vertex 60 9.5 5.99
      vertex 60 9.5 6
    endloop
  endfacet
  facet normal 0.0249916 0.999688 -2.066e-06
    outer loop
      vertex 4.06612 10.8983 0
      vertex 60 9.5 5.99
      vertex 80 9 0
    endloop
  endfacet
  facet normal 0.0249922 0.999688 -0
    outer loop
      vertex 80 9 0
      vertex 60 9.5 5.99
      vertex 80 9 6
    endloop
  endfacet
  facet normal 0.0249863 0.999688 -0
    outer loop
      vertex 12 10.7 5.99
      vertex 4.06612 10.8983 6
      vertex 12 10.7 6
    endloop
  endfacet
  facet normal 0.0249922 0.999688 -7.84396e-06
    outer loop
      vertex 60 9.5 5.99
      vertex 4.06612 10.8983 0
      vertex 12 10.7 5.99
    endloop
  endfacet
  facet normal 0.0249863 0.999688 0
    outer loop
      vertex 12 10.7 5.99
      vertex 4.06612 10.8983 0
      vertex 4.06612 10.8983 6
    endloop
  endfacet
  facet normal 0.635225 0.772327 -0
    outer loop
      vertex 4.06612 10.8983 0
      vertex -20.113 30.7852 6
      vertex 4.06612 10.8983 6
    endloop
  endfacet
  facet normal 0.635225 0.772327 0
    outer loop
      vertex -20.113 30.7852 6
      vertex 4.06612 10.8983 0
      vertex -20.113 30.7852 0
    endloop
  endfacet
  facet normal 0.634658 0.772793 -0
    outer loop
      vertex -20.113 30.7852 6
      vertex -20.2344 30.8849 15.3
      vertex -20.113 30.7852 15.3
    endloop
  endfacet
  facet normal 0.634658 0.772793 0
    outer loop
      vertex -20.2344 30.8849 0
      vertex -20.113 30.7852 6
      vertex -20.113 30.7852 0
    endloop
  endfacet
  facet normal 0.634658 0.772793 0
    outer loop
      vertex -20.113 30.7852 6
      vertex -20.2344 30.8849 0
      vertex -20.2344 30.8849 15.3
    endloop
  endfacet
  facet normal 0.595666 0.803232 -0
    outer loop
      vertex -20.2344 30.8849 0
      vertex -20.7901 31.297 15.3
      vertex -20.2344 30.8849 15.3
    endloop
  endfacet
  facet normal 0.595666 0.803232 0
    outer loop
      vertex -20.7901 31.297 15.3
      vertex -20.2344 30.8849 0
      vertex -20.7901 31.297 0
    endloop
  endfacet
  facet normal 0.555582 0.831462 -0
    outer loop
      vertex -20.7901 31.297 0
      vertex -20.9206 31.3842 15.3
      vertex -20.7901 31.297 15.3
    endloop
  endfacet
  facet normal 0.555582 0.831462 0
    outer loop
      vertex -20.9206 31.3842 15.3
      vertex -20.7901 31.297 0
      vertex -20.9206 31.3842 0
    endloop
  endfacet
  facet normal 0.514071 0.857748 -0
    outer loop
      vertex -20.9206 31.3842 0
      vertex -21.5141 31.7399 15.3
      vertex -20.9206 31.3842 15.3
    endloop
  endfacet
  facet normal 0.514071 0.857748 0
    outer loop
      vertex -21.5141 31.7399 15.3
      vertex -20.9206 31.3842 0
      vertex -21.5141 31.7399 0
    endloop
  endfacet
  facet normal 0.471249 0.882 -0
    outer loop
      vertex -21.5141 31.7399 0
      vertex -21.6526 31.8139 15.3
      vertex -21.5141 31.7399 15.3
    endloop
  endfacet
  facet normal 0.471249 0.882 0
    outer loop
      vertex -21.6526 31.8139 15.3
      vertex -21.5141 31.7399 0
      vertex -21.6526 31.8139 0
    endloop
  endfacet
  facet normal 0.427564 0.903985 -0
    outer loop
      vertex -21.6526 31.8139 0
      vertex -22.278 32.1097 15.3
      vertex -21.6526 31.8139 15.3
    endloop
  endfacet
  facet normal 0.427564 0.903985 0
    outer loop
      vertex -22.278 32.1097 15.3
      vertex -21.6526 31.8139 0
      vertex -22.278 32.1097 0
    endloop
  endfacet
  facet normal 0.38267 0.923885 -0
    outer loop
      vertex -22.278 32.1097 0
      vertex -22.4231 32.1698 15.3
      vertex -22.278 32.1097 15.3
    endloop
  endfacet
  facet normal 0.38267 0.923885 0
    outer loop
      vertex -22.4231 32.1698 15.3
      vertex -22.278 32.1097 0
      vertex -22.4231 32.1698 0
    endloop
  endfacet
  facet normal 0.336922 0.941532 -0
    outer loop
      vertex -22.4231 32.1698 0
      vertex -23.0745 32.4029 15.3
      vertex -22.4231 32.1698 15.3
    endloop
  endfacet
  facet normal 0.336922 0.941532 0
    outer loop
      vertex -23.0745 32.4029 15.3
      vertex -22.4231 32.1698 0
      vertex -23.0745 32.4029 0
    endloop
  endfacet
  facet normal 0.290502 0.956874 -0
    outer loop
      vertex -23.0745 32.4029 0
      vertex -23.2247 32.4485 15.3
      vertex -23.0745 32.4029 15.3
    endloop
  endfacet
  facet normal 0.290502 0.956874 0
    outer loop
      vertex -23.2247 32.4485 15.3
      vertex -23.0745 32.4029 0
      vertex -23.2247 32.4485 0
    endloop
  endfacet
  facet normal 0.242978 0.970032 -0
    outer loop
      vertex -23.2247 32.4485 0
      vertex -23.8958 32.6166 15.3
      vertex -23.2247 32.4485 15.3
    endloop
  endfacet
  facet normal 0.242978 0.970032 0
    outer loop
      vertex -23.8958 32.6166 15.3
      vertex -23.2247 32.4485 0
      vertex -23.8958 32.6166 0
    endloop
  endfacet
  facet normal 0.19477 0.980849 -0
    outer loop
      vertex -23.8958 32.6166 0
      vertex -24.0499 32.6472 15.3
      vertex -23.8958 32.6166 15.3
    endloop
  endfacet
  facet normal 0.19477 0.980849 0
    outer loop
      vertex -24.0499 32.6472 15.3
      vertex -23.8958 32.6166 0
      vertex -24.0499 32.6472 0
    endloop
  endfacet
  facet normal 0.146722 0.989178 -0
    outer loop
      vertex -24.0499 32.6472 0
      vertex -24.7342 32.7487 15.3
      vertex -24.0499 32.6472 15.3
    endloop
  endfacet
  facet normal 0.146722 0.989178 0
    outer loop
      vertex -24.7342 32.7487 15.3
      vertex -24.0499 32.6472 0
      vertex -24.7342 32.7487 0
    endloop
  endfacet
  facet normal 0.0980537 0.995181 -0
    outer loop
      vertex -24.7342 32.7487 0
      vertex -24.8905 32.7641 15.3
      vertex -24.7342 32.7487 15.3
    endloop
  endfacet
  facet normal 0.0980537 0.995181 0
    outer loop
      vertex -24.8905 32.7641 15.3
      vertex -24.7342 32.7487 0
      vertex -24.8905 32.7641 0
    endloop
  endfacet
  facet normal 0.0490004 0.998799 -0
    outer loop
      vertex -24.8905 32.7641 0
      vertex -25.5815 32.798 15.3
      vertex -24.8905 32.7641 15.3
    endloop
  endfacet
  facet normal 0.0490004 0.998799 0
    outer loop
      vertex -25.5815 32.798 15.3
      vertex -24.8905 32.7641 0
      vertex -25.5815 32.798 0
    endloop
  endfacet
  facet normal 0.0254694 0.999676 -0
    outer loop
      vertex -25.5815 32.798 0
      vertex -25.66 32.8 15.3
      vertex -25.5815 32.798 15.3
    endloop
  endfacet
  facet normal 0.0254694 0.999676 0
    outer loop
      vertex -25.66 32.8 15.3
      vertex -25.5815 32.798 0
      vertex -25.66 32.8 0
    endloop
  endfacet
  facet normal 0 1 -0
    outer loop
      vertex -25.66 32.8 0
      vertex -34.34 32.8 15.3
      vertex -25.66 32.8 15.3
    endloop
  endfacet
  facet normal 0 1 0
    outer loop
      vertex -34.34 32.8 15.3
      vertex -25.66 32.8 0
      vertex -34.34 32.8 0
    endloop
  endfacet
  facet normal -0.0254694 0.999676 0
    outer loop
      vertex -34.34 32.8 0
      vertex -34.4185 32.798 15.3
      vertex -34.34 32.8 15.3
    endloop
  endfacet
  facet normal -0.0254694 0.999676 0
    outer loop
      vertex -34.4185 32.798 15.3
      vertex -34.34 32.8 0
      vertex -34.4185 32.798 0
    endloop
  endfacet
  facet normal -0.0490004 0.998799 0
    outer loop
      vertex -34.4185 32.798 0
      vertex -35.1095 32.7641 15.3
      vertex -34.4185 32.798 15.3
    endloop
  endfacet
  facet normal -0.0490004 0.998799 0
    outer loop
      vertex -35.1095 32.7641 15.3
      vertex -34.4185 32.798 0
      vertex -35.1095 32.7641 0
    endloop
  endfacet
  facet normal -0.0980537 0.995181 0
    outer loop
      vertex -35.1095 32.7641 0
      vertex -35.2658 32.7487 15.3
      vertex -35.1095 32.7641 15.3
    endloop
  endfacet
  facet normal -0.0980537 0.995181 0
    outer loop
      vertex -35.2658 32.7487 15.3
      vertex -35.1095 32.7641 0
      vertex -35.2658 32.7487 0
    endloop
  endfacet
  facet normal -0.146722 0.989178 0
    outer loop
      vertex -35.2658 32.7487 0
      vertex -35.9501 32.6472 15.3
      vertex -35.2658 32.7487 15.3
    endloop
  endfacet
  facet normal -0.146722 0.989178 0
    outer loop
      vertex -35.9501 32.6472 15.3
      vertex -35.2658 32.7487 0
      vertex -35.9501 32.6472 0
    endloop
  endfacet
  facet normal -0.19477 0.980849 0
    outer loop
      vertex -35.9501 32.6472 0
      vertex -36.1042 32.6166 15.3
      vertex -35.9501 32.6472 15.3
    endloop
  endfacet
  facet normal -0.19477 0.980849 0
    outer loop
      vertex -36.1042 32.6166 15.3
      vertex -35.9501 32.6472 0
      vertex -36.1042 32.6166 0
    endloop
  endfacet
  facet normal -0.242978 0.970032 0
    outer loop
      vertex -36.1042 32.6166 0
      vertex -36.7753 32.4485 15.3
      vertex -36.1042 32.6166 15.3
    endloop
  endfacet
  facet normal -0.242978 0.970032 0
    outer loop
      vertex -36.7753 32.4485 15.3
      vertex -36.1042 32.6166 0
      vertex -36.7753 32.4485 0
    endloop
  endfacet
  facet normal -0.290502 0.956874 0
    outer loop
      vertex -36.7753 32.4485 0
      vertex -36.9255 32.4029 15.3
      vertex -36.7753 32.4485 15.3
    endloop
  endfacet
  facet normal -0.290502 0.956874 0
    outer loop
      vertex -36.9255 32.4029 15.3
      vertex -36.7753 32.4485 0
      vertex -36.9255 32.4029 0
    endloop
  endfacet
  facet normal -0.336922 0.941532 0
    outer loop
      vertex -36.9255 32.4029 0
      vertex -37.5769 32.1698 15.3
      vertex -36.9255 32.4029 15.3
    endloop
  endfacet
  facet normal -0.336922 0.941532 0
    outer loop
      vertex -37.5769 32.1698 15.3
      vertex -36.9255 32.4029 0
      vertex -37.5769 32.1698 0
    endloop
  endfacet
  facet normal -0.38267 0.923885 0
    outer loop
      vertex -37.5769 32.1698 0
      vertex -37.722 32.1097 15.3
      vertex -37.5769 32.1698 15.3
    endloop
  endfacet
  facet normal -0.38267 0.923885 0
    outer loop
      vertex -37.722 32.1097 15.3
      vertex -37.5769 32.1698 0
      vertex -37.722 32.1097 0
    endloop
  endfacet
  facet normal -0.427564 0.903985 0
    outer loop
      vertex -37.722 32.1097 0
      vertex -38.3474 31.8139 15.3
      vertex -37.722 32.1097 15.3
    endloop
  endfacet
  facet normal -0.427564 0.903985 0
    outer loop
      vertex -38.3474 31.8139 15.3
      vertex -37.722 32.1097 0
      vertex -38.3474 31.8139 0
    endloop
  endfacet
  facet normal -0.471249 0.882 0
    outer loop
      vertex -38.3474 31.8139 0
      vertex -38.4859 31.7399 15.3
      vertex -38.3474 31.8139 15.3
    endloop
  endfacet
  facet normal -0.471249 0.882 0
    outer loop
      vertex -38.4859 31.7399 15.3
      vertex -38.3474 31.8139 0
      vertex -38.4859 31.7399 0
    endloop
  endfacet
  facet normal -0.514071 0.857748 0
    outer loop
      vertex -38.4859 31.7399 0
      vertex -39.0794 31.3842 15.3
      vertex -38.4859 31.7399 15.3
    endloop
  endfacet
  facet normal -0.514071 0.857748 0
    outer loop
      vertex -39.0794 31.3842 15.3
      vertex -38.4859 31.7399 0
      vertex -39.0794 31.3842 0
    endloop
  endfacet
  facet normal -0.555582 0.831462 0
    outer loop
      vertex -39.0794 31.3842 0
      vertex -39.2099 31.297 15.3
      vertex -39.0794 31.3842 15.3
    endloop
  endfacet
  facet normal -0.555582 0.831462 0
    outer loop
      vertex -39.2099 31.297 15.3
      vertex -39.0794 31.3842 0
      vertex -39.2099 31.297 0
    endloop
  endfacet
  facet normal -0.595666 0.803232 0
    outer loop
      vertex -39.2099 31.297 0
      vertex -39.7656 30.8849 15.3
      vertex -39.2099 31.297 15.3
    endloop
  endfacet
  facet normal -0.595666 0.803232 0
    outer loop
      vertex -39.7656 30.8849 15.3
      vertex -39.2099 31.297 0
      vertex -39.7656 30.8849 0
    endloop
  endfacet
  facet normal -0.634658 0.772793 0
    outer loop
      vertex -39.7656 30.8849 0
      vertex -39.887 30.7852 15.3
      vertex -39.7656 30.8849 15.3
    endloop
  endfacet
  facet normal -0.634658 0.772793 0
    outer loop
      vertex -39.887 30.7852 15.3
      vertex -39.7656 30.8849 0
      vertex -39.887 30.7852 0
    endloop
  endfacet
  facet normal -0.671564 0.740946 0
    outer loop
      vertex -39.887 30.7852 0
      vertex -40.3996 30.3206 15.3
      vertex -39.887 30.7852 15.3
    endloop
  endfacet
  facet normal -0.671564 0.740946 0
    outer loop
      vertex -40.3996 30.3206 15.3
      vertex -39.887 30.7852 0
      vertex -40.3996 30.3206 0
    endloop
  endfacet
  facet normal -0.707107 0.707107 0
    outer loop
      vertex -40.5106 30.2096 0
      vertex -40.3996 30.3206 15.3
      vertex -40.3996 30.3206 0
    endloop
  endfacet
  facet normal -0.707107 0.707107 0
    outer loop
      vertex -40.3996 30.3206 15.3
      vertex -40.5106 30.2096 0
      vertex -40.5106 30.2096 15.3
    endloop
  endfacet
  facet normal -0.740946 0.671564 0
    outer loop
      vertex -40.9752 29.697 0
      vertex -40.5106 30.2096 15.3
      vertex -40.5106 30.2096 0
    endloop
  endfacet
  facet normal -0.740946 0.671564 0
    outer loop
      vertex -40.5106 30.2096 15.3
      vertex -40.9752 29.697 0
      vertex -40.9752 29.697 15.3
    endloop
  endfacet
  facet normal -0.773105 0.634278 0
    outer loop
      vertex -41.0748 29.5756 0
      vertex -40.9752 29.697 15.3
      vertex -40.9752 29.697 0
    endloop
  endfacet
  facet normal -0.773105 0.634278 0
    outer loop
      vertex -40.9752 29.697 15.3
      vertex -41.0748 29.5756 0
      vertex -41.0748 29.5756 15.3
    endloop
  endfacet
  facet normal -0.803163 0.59576 0
    outer loop
      vertex -41.487 29.0199 0
      vertex -41.0748 29.5756 15.3
      vertex -41.0748 29.5756 0
    endloop
  endfacet
  facet normal -0.803163 0.59576 0
    outer loop
      vertex -41.0748 29.5756 15.3
      vertex -41.487 29.0199 0
      vertex -41.487 29.0199 15.3
    endloop
  endfacet
  facet normal -0.831658 0.555288 0
    outer loop
      vertex -41.5742 28.8893 0
      vertex -41.487 29.0199 15.3
      vertex -41.487 29.0199 0
    endloop
  endfacet
  facet normal -0.831658 0.555288 0
    outer loop
      vertex -41.487 29.0199 15.3
      vertex -41.5742 28.8893 0
      vertex -41.5742 28.8893 15.3
    endloop
  endfacet
  facet normal -0.85771 0.514134 0
    outer loop
      vertex -41.9299 28.2959 0
      vertex -41.5742 28.8893 15.3
      vertex -41.5742 28.8893 0
    endloop
  endfacet
  facet normal -0.85771 0.514134 0
    outer loop
      vertex -41.5742 28.8893 15.3
      vertex -41.9299 28.2959 0
      vertex -41.9299 28.2959 15.3
    endloop
  endfacet
  facet normal -0.882 0.471249 0
    outer loop
      vertex -42.0039 28.1574 0
      vertex -41.9299 28.2959 15.3
      vertex -41.9299 28.2959 0
    endloop
  endfacet
  facet normal -0.882 0.471249 0
    outer loop
      vertex -41.9299 28.2959 15.3
      vertex -42.0039 28.1574 0
      vertex -42.0039 28.1574 15.3
    endloop
  endfacet
  facet normal -0.903985 0.427564 0
    outer loop
      vertex -42.2997 27.532 0
      vertex -42.0039 28.1574 15.3
      vertex -42.0039 28.1574 0
    endloop
  endfacet
  facet normal -0.903985 0.427564 0
    outer loop
      vertex -42.0039 28.1574 15.3
      vertex -42.2997 27.532 0
      vertex -42.2997 27.532 15.3
    endloop
  endfacet
  facet normal -0.905965 0.423352 0
    outer loop
      vertex -50.5094 9.96341 0
      vertex -42.2997 27.532 15.3
      vertex -42.2997 27.532 0
    endloop
  endfacet
  facet normal -0.905965 0.423352 0
    outer loop
      vertex -42.2997 27.532 15.3
      vertex -50.5094 9.96341 0
      vertex -50.5094 9.96341 15.3
    endloop
  endfacet
  facet normal -0.941546 0.336885 0
    outer loop
      vertex -50.6747 9.50142 0
      vertex -50.5094 9.96341 15.3
      vertex -50.5094 9.96341 0
    endloop
  endfacet
  facet normal -0.941546 0.336885 0
    outer loop
      vertex -50.5094 9.96341 15.3
      vertex -50.6747 9.50142 0
      vertex -50.6747 9.50142 15.3
    endloop
  endfacet
  facet normal -0.970044 0.242929 0
    outer loop
      vertex -50.7939 9.02544 0
      vertex -50.6747 9.50142 15.3
      vertex -50.6747 9.50142 0
    endloop
  endfacet
  facet normal -0.970044 0.242929 0
    outer loop
      vertex -50.6747 9.50142 15.3
      vertex -50.7939 9.02544 0
      vertex -50.7939 9.02544 15.3
    endloop
  endfacet
  facet normal -0.989175 0.146738 0
    outer loop
      vertex -50.8659 8.54008 0
      vertex -50.7939 9.02544 15.3
      vertex -50.7939 9.02544 0
    endloop
  endfacet
  facet normal -0.989175 0.146738 0
    outer loop
      vertex -50.7939 9.02544 15.3
      vertex -50.8659 8.54008 0
      vertex -50.8659 8.54008 15.3
    endloop
  endfacet
  facet normal -0.998793 0.0491153 0
    outer loop
      vertex -50.89 8.04999 0
      vertex -50.8659 8.54008 15.3
      vertex -50.8659 8.54008 0
    endloop
  endfacet
  facet normal -0.998793 0.0491153 0
    outer loop
      vertex -50.8659 8.54008 15.3
      vertex -50.89 8.04999 0
      vertex -50.89 8.04999 15.3
    endloop
  endfacet
  facet normal -1 0 0
    outer loop
      vertex -50.89 -8.04999 0
      vertex -50.89 8.04999 15.3
      vertex -50.89 8.04999 0
    endloop
  endfacet
  facet normal -1 -0 0
    outer loop
      vertex -50.89 8.04999 15.3
      vertex -50.89 -8.04999 0
      vertex -50.89 -8.04999 15.3
    endloop
  endfacet
  facet normal -0.998793 -0.0491153 0
    outer loop
      vertex -50.8659 -8.54008 0
      vertex -50.89 -8.04999 15.3
      vertex -50.89 -8.04999 0
    endloop
  endfacet
  facet normal -0.998793 -0.0491153 0
    outer loop
      vertex -50.89 -8.04999 15.3
      vertex -50.8659 -8.54008 0
      vertex -50.8659 -8.54008 15.3
    endloop
  endfacet
  facet normal -0.989175 -0.146738 0
    outer loop
      vertex -50.7939 -9.02544 0
      vertex -50.8659 -8.54008 15.3
      vertex -50.8659 -8.54008 0
    endloop
  endfacet
  facet normal -0.989175 -0.146738 0
    outer loop
      vertex -50.8659 -8.54008 15.3
      vertex -50.7939 -9.02544 0
      vertex -50.7939 -9.02544 15.3
    endloop
  endfacet
  facet normal -0.970044 -0.242929 0
    outer loop
      vertex -50.6747 -9.50142 0
      vertex -50.7939 -9.02544 15.3
      vertex -50.7939 -9.02544 0
    endloop
  endfacet
  facet normal -0.970044 -0.242929 0
    outer loop
      vertex -50.7939 -9.02544 15.3
      vertex -50.6747 -9.50142 0
      vertex -50.6747 -9.50142 15.3
    endloop
  endfacet
  facet normal -0.941546 -0.336885 0
    outer loop
      vertex -50.5094 -9.96341 0
      vertex -50.6747 -9.50142 15.3
      vertex -50.6747 -9.50142 0
    endloop
  endfacet
  facet normal -0.941546 -0.336885 0
    outer loop
      vertex -50.6747 -9.50142 15.3
      vertex -50.5094 -9.96341 0
      vertex -50.5094 -9.96341 15.3
    endloop
  endfacet
  facet normal -0.905965 -0.423352 0
    outer loop
      vertex -42.2997 -27.532 0
      vertex -50.5094 -9.96341 15.3
      vertex -50.5094 -9.96341 0
    endloop
  endfacet
  facet normal -0.905965 -0.423352 0
    outer loop
      vertex -50.5094 -9.96341 15.3
      vertex -42.2997 -27.532 0
      vertex -42.2997 -27.532 15.3
    endloop
  endfacet
  facet normal -0.903985 -0.427564 0
    outer loop
      vertex -42.0039 -28.1574 0
      vertex -42.2997 -27.532 15.3
      vertex -42.2997 -27.532 0
    endloop
  endfacet
  facet normal -0.903985 -0.427564 0
    outer loop
      vertex -42.2997 -27.532 15.3
      vertex -42.0039 -28.1574 0
      vertex -42.0039 -28.1574 15.3
    endloop
  endfacet
  facet normal -0.882 -0.471249 0
    outer loop
      vertex -41.9299 -28.2959 0
      vertex -42.0039 -28.1574 15.3
      vertex -42.0039 -28.1574 0
    endloop
  endfacet
  facet normal -0.882 -0.471249 0
    outer loop
      vertex -42.0039 -28.1574 15.3
      vertex -41.9299 -28.2959 0
      vertex -41.9299 -28.2959 15.3
    endloop
  endfacet
  facet normal -0.85771 -0.514134 0
    outer loop
      vertex -41.5742 -28.8893 0
      vertex -41.9299 -28.2959 15.3
      vertex -41.9299 -28.2959 0
    endloop
  endfacet
  facet normal -0.85771 -0.514134 0
    outer loop
      vertex -41.9299 -28.2959 15.3
      vertex -41.5742 -28.8893 0
      vertex -41.5742 -28.8893 15.3
    endloop
  endfacet
  facet normal -0.831658 -0.555288 0
    outer loop
      vertex -41.487 -29.0199 0
      vertex -41.5742 -28.8893 15.3
      vertex -41.5742 -28.8893 0
    endloop
  endfacet
  facet normal -0.831658 -0.555288 0
    outer loop
      vertex -41.5742 -28.8893 15.3
      vertex -41.487 -29.0199 0
      vertex -41.487 -29.0199 15.3
    endloop
  endfacet
  facet normal -0.803163 -0.59576 0
    outer loop
      vertex -41.0748 -29.5756 0
      vertex -41.487 -29.0199 15.3
      vertex -41.487 -29.0199 0
    endloop
  endfacet
  facet normal -0.803163 -0.59576 0
    outer loop
      vertex -41.487 -29.0199 15.3
      vertex -41.0748 -29.5756 0
      vertex -41.0748 -29.5756 15.3
    endloop
  endfacet
  facet normal -0.773105 -0.634278 0
    outer loop
      vertex -40.9752 -29.697 0
      vertex -41.0748 -29.5756 15.3
      vertex -41.0748 -29.5756 0
    endloop
  endfacet
  facet normal -0.773105 -0.634278 0
    outer loop
      vertex -41.0748 -29.5756 15.3
      vertex -40.9752 -29.697 0
      vertex -40.9752 -29.697 15.3
    endloop
  endfacet
  facet normal -0.740946 -0.671564 0
    outer loop
      vertex -40.5106 -30.2096 0
      vertex -40.9752 -29.697 15.3
      vertex -40.9752 -29.697 0
    endloop
  endfacet
  facet normal -0.740946 -0.671564 0
    outer loop
      vertex -40.9752 -29.697 15.3
      vertex -40.5106 -30.2096 0
      vertex -40.5106 -30.2096 15.3
    endloop
  endfacet
  facet normal -0.707107 -0.707107 0
    outer loop
      vertex -40.3996 -30.3206 0
      vertex -40.5106 -30.2096 15.3
      vertex -40.5106 -30.2096 0
    endloop
  endfacet
  facet normal -0.707107 -0.707107 0
    outer loop
      vertex -40.5106 -30.2096 15.3
      vertex -40.3996 -30.3206 0
      vertex -40.3996 -30.3206 15.3
    endloop
  endfacet
  facet normal -0.671564 -0.740946 0
    outer loop
      vertex -40.3996 -30.3206 0
      vertex -39.887 -30.7852 15.3
      vertex -40.3996 -30.3206 15.3
    endloop
  endfacet
  facet normal -0.671564 -0.740946 -0
    outer loop
      vertex -39.887 -30.7852 15.3
      vertex -40.3996 -30.3206 0
      vertex -39.887 -30.7852 0
    endloop
  endfacet
  facet normal -0.634658 -0.772793 0
    outer loop
      vertex -39.887 -30.7852 0
      vertex -39.7656 -30.8849 15.3
      vertex -39.887 -30.7852 15.3
    endloop
  endfacet
  facet normal -0.634658 -0.772793 -0
    outer loop
      vertex -39.7656 -30.8849 15.3
      vertex -39.887 -30.7852 0
      vertex -39.7656 -30.8849 0
    endloop
  endfacet
  facet normal -0.595666 -0.803232 0
    outer loop
      vertex -39.7656 -30.8849 0
      vertex -39.2099 -31.297 15.3
      vertex -39.7656 -30.8849 15.3
    endloop
  endfacet
  facet normal -0.595666 -0.803232 -0
    outer loop
      vertex -39.2099 -31.297 15.3
      vertex -39.7656 -30.8849 0
      vertex -39.2099 -31.297 0
    endloop
  endfacet
  facet normal -0.555582 -0.831462 0
    outer loop
      vertex -39.2099 -31.297 0
      vertex -39.0794 -31.3842 15.3
      vertex -39.2099 -31.297 15.3
    endloop
  endfacet
  facet normal -0.555582 -0.831462 -0
    outer loop
      vertex -39.0794 -31.3842 15.3
      vertex -39.2099 -31.297 0
      vertex -39.0794 -31.3842 0
    endloop
  endfacet
  facet normal -0.514071 -0.857748 0
    outer loop
      vertex -39.0794 -31.3842 0
      vertex -38.4859 -31.7399 15.3
      vertex -39.0794 -31.3842 15.3
    endloop
  endfacet
  facet normal -0.514071 -0.857748 -0
    outer loop
      vertex -38.4859 -31.7399 15.3
      vertex -39.0794 -31.3842 0
      vertex -38.4859 -31.7399 0
    endloop
  endfacet
  facet normal -0.471249 -0.882 0
    outer loop
      vertex -38.4859 -31.7399 0
      vertex -38.3474 -31.8139 15.3
      vertex -38.4859 -31.7399 15.3
    endloop
  endfacet
  facet normal -0.471249 -0.882 -0
    outer loop
      vertex -38.3474 -31.8139 15.3
      vertex -38.4859 -31.7399 0
      vertex -38.3474 -31.8139 0
    endloop
  endfacet
  facet normal -0.427564 -0.903985 0
    outer loop
      vertex -38.3474 -31.8139 0
      vertex -37.722 -32.1097 15.3
      vertex -38.3474 -31.8139 15.3
    endloop
  endfacet
  facet normal -0.427564 -0.903985 -0
    outer loop
      vertex -37.722 -32.1097 15.3
      vertex -38.3474 -31.8139 0
      vertex -37.722 -32.1097 0
    endloop
  endfacet
  facet normal -0.38267 -0.923885 0
    outer loop
      vertex -37.722 -32.1097 0
      vertex -37.5769 -32.1698 15.3
      vertex -37.722 -32.1097 15.3
    endloop
  endfacet
  facet normal -0.38267 -0.923885 -0
    outer loop
      vertex -37.5769 -32.1698 15.3
      vertex -37.722 -32.1097 0
      vertex -37.5769 -32.1698 0
    endloop
  endfacet
  facet normal -0.336922 -0.941532 0
    outer loop
      vertex -37.5769 -32.1698 0
      vertex -36.9255 -32.4029 15.3
      vertex -37.5769 -32.1698 15.3
    endloop
  endfacet
  facet normal -0.336922 -0.941532 -0
    outer loop
      vertex -36.9255 -32.4029 15.3
      vertex -37.5769 -32.1698 0
      vertex -36.9255 -32.4029 0
    endloop
  endfacet
  facet normal -0.290502 -0.956874 0
    outer loop
      vertex -36.9255 -32.4029 0
      vertex -36.7753 -32.4485 15.3
      vertex -36.9255 -32.4029 15.3
    endloop
  endfacet
  facet normal -0.290502 -0.956874 -0
    outer loop
      vertex -36.7753 -32.4485 15.3
      vertex -36.9255 -32.4029 0
      vertex -36.7753 -32.4485 0
    endloop
  endfacet
  facet normal -0.242978 -0.970032 0
    outer loop
      vertex -36.7753 -32.4485 0
      vertex -36.1042 -32.6166 15.3
      vertex -36.7753 -32.4485 15.3
    endloop
  endfacet
  facet normal -0.242978 -0.970032 -0
    outer loop
      vertex -36.1042 -32.6166 15.3
      vertex -36.7753 -32.4485 0
      vertex -36.1042 -32.6166 0
    endloop
  endfacet
  facet normal -0.19477 -0.980849 0
    outer loop
      vertex -36.1042 -32.6166 0
      vertex -35.9501 -32.6472 15.3
      vertex -36.1042 -32.6166 15.3
    endloop
  endfacet
  facet normal -0.19477 -0.980849 -0
    outer loop
      vertex -35.9501 -32.6472 15.3
      vertex -36.1042 -32.6166 0
      vertex -35.9501 -32.6472 0
    endloop
  endfacet
  facet normal -0.146722 -0.989178 0
    outer loop
      vertex -35.9501 -32.6472 0
      vertex -35.2658 -32.7487 15.3
      vertex -35.9501 -32.6472 15.3
    endloop
  endfacet
  facet normal -0.146722 -0.989178 -0
    outer loop
      vertex -35.2658 -32.7487 15.3
      vertex -35.9501 -32.6472 0
      vertex -35.2658 -32.7487 0
    endloop
  endfacet
  facet normal -0.0980537 -0.995181 0
    outer loop
      vertex -35.2658 -32.7487 0
      vertex -35.1095 -32.7641 15.3
      vertex -35.2658 -32.7487 15.3
    endloop
  endfacet
  facet normal -0.0980537 -0.995181 -0
    outer loop
      vertex -35.1095 -32.7641 15.3
      vertex -35.2658 -32.7487 0
      vertex -35.1095 -32.7641 0
    endloop
  endfacet
  facet normal -0.0490004 -0.998799 0
    outer loop
      vertex -35.1095 -32.7641 0
      vertex -34.4185 -32.798 15.3
      vertex -35.1095 -32.7641 15.3
    endloop
  endfacet
  facet normal -0.0490004 -0.998799 -0
    outer loop
      vertex -34.4185 -32.798 15.3
      vertex -35.1095 -32.7641 0
      vertex -34.4185 -32.798 0
    endloop
  endfacet
  facet normal -0.0254694 -0.999676 0
    outer loop
      vertex -34.4185 -32.798 0
      vertex -34.34 -32.8 15.3
      vertex -34.4185 -32.798 15.3
    endloop
  endfacet
  facet normal -0.0254694 -0.999676 -0
    outer loop
      vertex -34.34 -32.8 15.3
      vertex -34.4185 -32.798 0
      vertex -34.34 -32.8 0
    endloop
  endfacet
  facet normal 0 -1 0
    outer loop
      vertex -34.34 -32.8 0
      vertex -25.66 -32.8 15.3
      vertex -34.34 -32.8 15.3
    endloop
  endfacet
  facet normal 0 -1 -0
    outer loop
      vertex -25.66 -32.8 15.3
      vertex -34.34 -32.8 0
      vertex -25.66 -32.8 0
    endloop
  endfacet
  facet normal 0.0254694 -0.999676 0
    outer loop
      vertex -25.66 -32.8 0
      vertex -25.5815 -32.798 15.3
      vertex -25.66 -32.8 15.3
    endloop
  endfacet
  facet normal 0.0254694 -0.999676 0
    outer loop
      vertex -25.5815 -32.798 15.3
      vertex -25.66 -32.8 0
      vertex -25.5815 -32.798 0
    endloop
  endfacet
  facet normal 1 -0 0
    outer loop
      vertex -17.0119 -24.2285 15.3
      vertex -17.0119 24.2285 6
      vertex -17.0119 24.2285 15.3
    endloop
  endfacet
  facet normal 1 0 0
    outer loop
      vertex -17.0119 24.2285 6
      vertex -17.0119 -24.2285 15.3
      vertex -17.0119 -24.2285 6
    endloop
  endfacet
  facet normal 0.989178 -0.146722 0
    outer loop
      vertex -17.1628 -25.7601 15.3
      vertex -17.0613 -25.0758 6
      vertex -17.0613 -25.0758 15.3
    endloop
  endfacet
  facet normal 0.989178 -0.146722 0
    outer loop
      vertex -17.0613 -25.0758 6
      vertex -17.1628 -25.7601 15.3
      vertex -17.1628 -25.7601 6
    endloop
  endfacet
  facet normal 0.882 0.471249 0
    outer loop
      vertex -17.9961 28.1574 15.3
      vertex -18.0701 28.2959 6
      vertex -18.0701 28.2959 15.3
    endloop
  endfacet
  facet normal 0.882 0.471249 0
    outer loop
      vertex -18.0701 28.2959 6
      vertex -17.9961 28.1574 15.3
      vertex -17.9961 28.1574 6
    endloop
  endfacet
  facet normal 0.85771 -0.514134 0
    outer loop
      vertex -18.4258 -28.8893 15.3
      vertex -18.0701 -28.2959 6
      vertex -18.0701 -28.2959 15.3
    endloop
  endfacet
  facet normal 0.85771 -0.514134 0
    outer loop
      vertex -18.0701 -28.2959 6
      vertex -18.4258 -28.8893 15.3
      vertex -18.4258 -28.8893 6
    endloop
  endfacet
  facet normal 0.998792 0.0491446 0
    outer loop
      vertex -17.0119 24.2285 15.3
      vertex -17.0459 24.9195 6
      vertex -17.0459 24.9195 15.3
    endloop
  endfacet
  facet normal 0.998792 0.0491446 0
    outer loop
      vertex -17.0459 24.9195 6
      vertex -17.0119 24.2285 15.3
      vertex -17.0119 24.2285 6
    endloop
  endfacet
  facet normal 0.923885 0.38267 0
    outer loop
      vertex -17.6402 27.3869 15.3
      vertex -17.7003 27.532 6
      vertex -17.7003 27.532 15.3
    endloop
  endfacet
  facet normal 0.923885 0.38267 0
    outer loop
      vertex -17.7003 27.532 6
      vertex -17.6402 27.3869 15.3
      vertex -17.6402 27.3869 6
    endloop
  endfacet
  facet normal 0.989178 0.146722 0
    outer loop
      vertex -17.0613 25.0758 15.3
      vertex -17.1628 25.7601 6
      vertex -17.1628 25.7601 15.3
    endloop
  endfacet
  facet normal 0.989178 0.146722 0
    outer loop
      vertex -17.1628 25.7601 6
      vertex -17.0613 25.0758 15.3
      vertex -17.0613 25.0758 6
    endloop
  endfacet
  facet normal 0.995181 0.0980537 0
    outer loop
      vertex -17.0459 24.9195 15.3
      vertex -17.0613 25.0758 6
      vertex -17.0613 25.0758 15.3
    endloop
  endfacet
  facet normal 0.995181 0.0980537 0
    outer loop
      vertex -17.0613 25.0758 6
      vertex -17.0459 24.9195 15.3
      vertex -17.0459 24.9195 6
    endloop
  endfacet
  facet normal 0.671564 -0.740946 0
    outer loop
      vertex -20.113 -30.7852 6
      vertex -19.6004 -30.3206 15.3
      vertex -20.113 -30.7852 15.3
    endloop
  endfacet
  facet normal 0.671564 -0.740946 0
    outer loop
      vertex -19.6004 -30.3206 15.3
      vertex -20.113 -30.7852 6
      vertex -19.6004 -30.3206 6
    endloop
  endfacet
  facet normal 0.903985 -0.427564 0
    outer loop
      vertex -17.9961 -28.1574 15.3
      vertex -17.7003 -27.532 6
      vertex -17.7003 -27.532 15.3
    endloop
  endfacet
  facet normal 0.903985 -0.427564 0
    outer loop
      vertex -17.7003 -27.532 6
      vertex -17.9961 -28.1574 15.3
      vertex -17.9961 -28.1574 6
    endloop
  endfacet
  facet normal 0.956874 0.290502 0
    outer loop
      vertex -17.3615 26.5853 15.3
      vertex -17.4071 26.7355 6
      vertex -17.4071 26.7355 15.3
    endloop
  endfacet
  facet normal 0.956874 0.290502 0
    outer loop
      vertex -17.4071 26.7355 6
      vertex -17.3615 26.5853 15.3
      vertex -17.3615 26.5853 6
    endloop
  endfacet
  facet normal 0.85771 0.514134 0
    outer loop
      vertex -18.0701 28.2959 15.3
      vertex -18.4258 28.8893 6
      vertex -18.4258 28.8893 15.3
    endloop
  endfacet
  facet normal 0.85771 0.514134 0
    outer loop
      vertex -18.4258 28.8893 6
      vertex -18.0701 28.2959 15.3
      vertex -18.0701 28.2959 6
    endloop
  endfacet
  facet normal 0.941532 0.336922 0
    outer loop
      vertex -17.4071 26.7355 15.3
      vertex -17.6402 27.3869 6
      vertex -17.6402 27.3869 15.3
    endloop
  endfacet
  facet normal 0.941532 0.336922 0
    outer loop
      vertex -17.6402 27.3869 6
      vertex -17.4071 26.7355 15.3
      vertex -17.4071 26.7355 6
    endloop
  endfacet
  facet normal 0.671564 0.740946 -0
    outer loop
      vertex -19.6004 30.3206 6
      vertex -20.113 30.7852 15.3
      vertex -19.6004 30.3206 15.3
    endloop
  endfacet
  facet normal 0.671564 0.740946 0
    outer loop
      vertex -20.113 30.7852 15.3
      vertex -19.6004 30.3206 6
      vertex -20.113 30.7852 6
    endloop
  endfacet
  facet normal 0.831658 -0.555288 0
    outer loop
      vertex -18.513 -29.0199 15.3
      vertex -18.4258 -28.8893 6
      vertex -18.4258 -28.8893 15.3
    endloop
  endfacet
  facet normal 0.831658 -0.555288 0
    outer loop
      vertex -18.4258 -28.8893 6
      vertex -18.513 -29.0199 15.3
      vertex -18.513 -29.0199 6
    endloop
  endfacet
  facet normal 0.831658 0.555288 0
    outer loop
      vertex -18.4258 28.8893 15.3
      vertex -18.513 29.0199 6
      vertex -18.513 29.0199 15.3
    endloop
  endfacet
  facet normal 0.831658 0.555288 0
    outer loop
      vertex -18.513 29.0199 6
      vertex -18.4258 28.8893 15.3
      vertex -18.4258 28.8893 6
    endloop
  endfacet
  facet normal 0.773105 0.634278 0
    outer loop
      vertex -18.9252 29.5756 15.3
      vertex -19.0248 29.697 6
      vertex -19.0248 29.697 15.3
    endloop
  endfacet
  facet normal 0.773105 0.634278 0
    outer loop
      vertex -19.0248 29.697 6
      vertex -18.9252 29.5756 15.3
      vertex -18.9252 29.5756 6
    endloop
  endfacet
  facet normal 0.740946 0.671564 0
    outer loop
      vertex -19.0248 29.697 15.3
      vertex -19.4894 30.2096 6
      vertex -19.4894 30.2096 15.3
    endloop
  endfacet
  facet normal 0.740946 0.671564 0
    outer loop
      vertex -19.4894 30.2096 6
      vertex -19.0248 29.697 15.3
      vertex -19.0248 29.697 6
    endloop
  endfacet
  facet normal 0.995181 -0.0980537 0
    outer loop
      vertex -17.0613 -25.0758 15.3
      vertex -17.0459 -24.9195 6
      vertex -17.0459 -24.9195 15.3
    endloop
  endfacet
  facet normal 0.995181 -0.0980537 0
    outer loop
      vertex -17.0459 -24.9195 6
      vertex -17.0613 -25.0758 15.3
      vertex -17.0613 -25.0758 6
    endloop
  endfacet
  facet normal 0.707107 0.707107 0
    outer loop
      vertex -19.4894 30.2096 15.3
      vertex -19.6004 30.3206 6
      vertex -19.6004 30.3206 15.3
    endloop
  endfacet
  facet normal 0.707107 0.707107 0
    outer loop
      vertex -19.6004 30.3206 6
      vertex -19.4894 30.2096 15.3
      vertex -19.4894 30.2096 6
    endloop
  endfacet
  facet normal 0.97004 0.242944 0
    outer loop
      vertex -17.1934 25.9141 15.3
      vertex -17.3615 26.5853 6
      vertex -17.3615 26.5853 15.3
    endloop
  endfacet
  facet normal 0.97004 0.242944 0
    outer loop
      vertex -17.3615 26.5853 6
      vertex -17.1934 25.9141 15.3
      vertex -17.1934 25.9141 6
    endloop
  endfacet
  facet normal 0.803163 -0.59576 0
    outer loop
      vertex -18.9252 -29.5756 15.3
      vertex -18.513 -29.0199 6
      vertex -18.513 -29.0199 15.3
    endloop
  endfacet
  facet normal 0.803163 -0.59576 0
    outer loop
      vertex -18.513 -29.0199 6
      vertex -18.9252 -29.5756 15.3
      vertex -18.9252 -29.5756 6
    endloop
  endfacet
  facet normal 0.980825 0.194891 0
    outer loop
      vertex -17.1628 25.7601 15.3
      vertex -17.1934 25.9141 6
      vertex -17.1934 25.9141 15.3
    endloop
  endfacet
  facet normal 0.980825 0.194891 0
    outer loop
      vertex -17.1934 25.9141 6
      vertex -17.1628 25.7601 15.3
      vertex -17.1628 25.7601 6
    endloop
  endfacet
  facet normal 0.707107 -0.707107 0
    outer loop
      vertex -19.6004 -30.3206 15.3
      vertex -19.4894 -30.2096 6
      vertex -19.4894 -30.2096 15.3
    endloop
  endfacet
  facet normal 0.707107 -0.707107 0
    outer loop
      vertex -19.4894 -30.2096 6
      vertex -19.6004 -30.3206 15.3
      vertex -19.6004 -30.3206 6
    endloop
  endfacet
  facet normal 0.903985 0.427564 0
    outer loop
      vertex -17.7003 27.532 15.3
      vertex -17.9961 28.1574 6
      vertex -17.9961 28.1574 15.3
    endloop
  endfacet
  facet normal 0.903985 0.427564 0
    outer loop
      vertex -17.9961 28.1574 6
      vertex -17.7003 27.532 15.3
      vertex -17.7003 27.532 6
    endloop
  endfacet
  facet normal 0.803163 0.59576 0
    outer loop
      vertex -18.513 29.0199 15.3
      vertex -18.9252 29.5756 6
      vertex -18.9252 29.5756 15.3
    endloop
  endfacet
  facet normal 0.803163 0.59576 0
    outer loop
      vertex -18.9252 29.5756 6
      vertex -18.513 29.0199 15.3
      vertex -18.513 29.0199 6
    endloop
  endfacet
  facet normal 0.740946 -0.671564 0
    outer loop
      vertex -19.4894 -30.2096 15.3
      vertex -19.0248 -29.697 6
      vertex -19.0248 -29.697 15.3
    endloop
  endfacet
  facet normal 0.740946 -0.671564 0
    outer loop
      vertex -19.0248 -29.697 6
      vertex -19.4894 -30.2096 15.3
      vertex -19.4894 -30.2096 6
    endloop
  endfacet
  facet normal 0.773105 -0.634278 0
    outer loop
      vertex -19.0248 -29.697 15.3
      vertex -18.9252 -29.5756 6
      vertex -18.9252 -29.5756 15.3
    endloop
  endfacet
  facet normal 0.773105 -0.634278 0
    outer loop
      vertex -18.9252 -29.5756 6
      vertex -19.0248 -29.697 15.3
      vertex -19.0248 -29.697 6
    endloop
  endfacet
  facet normal 0.882 -0.471249 0
    outer loop
      vertex -18.0701 -28.2959 15.3
      vertex -17.9961 -28.1574 6
      vertex -17.9961 -28.1574 15.3
    endloop
  endfacet
  facet normal 0.882 -0.471249 0
    outer loop
      vertex -17.9961 -28.1574 6
      vertex -18.0701 -28.2959 15.3
      vertex -18.0701 -28.2959 6
    endloop
  endfacet
  facet normal 0.97004 -0.242944 0
    outer loop
      vertex -17.3615 -26.5853 15.3
      vertex -17.1934 -25.9141 6
      vertex -17.1934 -25.9141 15.3
    endloop
  endfacet
  facet normal 0.97004 -0.242944 0
    outer loop
      vertex -17.1934 -25.9141 6
      vertex -17.3615 -26.5853 15.3
      vertex -17.3615 -26.5853 6
    endloop
  endfacet
  facet normal 0.941532 -0.336922 0
    outer loop
      vertex -17.6402 -27.3869 15.3
      vertex -17.4071 -26.7355 6
      vertex -17.4071 -26.7355 15.3
    endloop
  endfacet
  facet normal 0.941532 -0.336922 0
    outer loop
      vertex -17.4071 -26.7355 6
      vertex -17.6402 -27.3869 15.3
      vertex -17.6402 -27.3869 6
    endloop
  endfacet
  facet normal 0.980825 -0.194891 0
    outer loop
      vertex -17.1934 -25.9141 15.3
      vertex -17.1628 -25.7601 6
      vertex -17.1628 -25.7601 15.3
    endloop
  endfacet
  facet normal 0.980825 -0.194891 0
    outer loop
      vertex -17.1628 -25.7601 6
      vertex -17.1934 -25.9141 15.3
      vertex -17.1934 -25.9141 6
    endloop
  endfacet
  facet normal 0.998792 -0.0491446 0
    outer loop
      vertex -17.0459 -24.9195 15.3
      vertex -17.0119 -24.2285 6
      vertex -17.0119 -24.2285 15.3
    endloop
  endfacet
  facet normal 0.998792 -0.0491446 0
    outer loop
      vertex -17.0119 -24.2285 6
      vertex -17.0459 -24.9195 15.3
      vertex -17.0459 -24.9195 6
    endloop
  endfacet
  facet normal 0.956874 -0.290502 0
    outer loop
      vertex -17.4071 -26.7355 15.3
      vertex -17.3615 -26.5853 6
      vertex -17.3615 -26.5853 15.3
    endloop
  endfacet
  facet normal 0.956874 -0.290502 0
    outer loop
      vertex -17.3615 -26.5853 6
      vertex -17.4071 -26.7355 15.3
      vertex -17.4071 -26.7355 6
    endloop
  endfacet
  facet normal 0.923885 -0.38267 0
    outer loop
      vertex -17.7003 -27.532 15.3
      vertex -17.6402 -27.3869 6
      vertex -17.6402 -27.3869 15.3
    endloop
  endfacet
  facet normal 0.923885 -0.38267 0
    outer loop
      vertex -17.6402 -27.3869 6
      vertex -17.7003 -27.532 15.3
      vertex -17.7003 -27.532 6
    endloop
  endfacet
  facet normal 0 0 1
    outer loop
      vertex -41.2545 6.67462 15.3
      vertex -44.6532 7.03497 15.3
      vertex -41.0864 6.00351 15.3
    endloop
  endfacet
  facet normal 0 0 1
    outer loop
      vertex -40.5575 -4.72667 15.3
      vertex -44.2977 -7.89317 15.3
      vertex -44.29 -8.05 15.3
    endloop
  endfacet
  facet normal -0 0 1
    outer loop
      vertex -44.7586 6.91863 15.3
      vertex -41.0864 6.00351 15.3
      vertex -44.6532 7.03497 15.3
    endloop
  endfacet
  facet normal 0 0 1
    outer loop
      vertex -40.5575 -4.72667 15.3
      vertex -44.3207 -7.73786 15.3
      vertex -44.2977 -7.89317 15.3
    endloop
  endfacet
  facet normal -0 0 1
    outer loop
      vertex -44.875 6.81318 15.3
      vertex -41.0864 6.00351 15.3
      vertex -44.7586 6.91863 15.3
    endloop
  endfacet
  facet normal 0 0 1
    outer loop
      vertex -40.5575 -4.72667 15.3
      vertex -44.3589 -7.58555 15.3
      vertex -44.3207 -7.73786 15.3
    endloop
  endfacet
  facet normal 0 0 1
    outer loop
      vertex -41.0864 6.00351 15.3
      vertex -44.875 6.81318 15.3
      vertex -40.8533 5.35209 15.3
    endloop
  endfacet
  facet normal 0 0 1
    outer loop
      vertex -40.5575 -4.72667 15.3
      vertex -44.4118 -7.43771 15.3
      vertex -44.3589 -7.58555 15.3
    endloop
  endfacet
  facet normal -0 0 1
    outer loop
      vertex -45.0011 6.71965 15.3
      vertex -40.8533 5.35209 15.3
      vertex -44.875 6.81318 15.3
    endloop
  endfacet
  facet normal 0 0 1
    outer loop
      vertex -40.5575 -4.72667 15.3
      vertex -44.4789 -7.29577 15.3
      vertex -44.4118 -7.43771 15.3
    endloop
  endfacet
  facet normal -0 0 1
    outer loop
      vertex -45.1358 6.63893 15.3
      vertex -40.8533 5.35209 15.3
      vertex -45.0011 6.71965 15.3
    endloop
  endfacet
  facet normal 0 0 1
    outer loop
      vertex -40.5575 -4.72667 15.3
      vertex -44.5597 -7.16109 15.3
      vertex -44.4789 -7.29577 15.3
    endloop
  endfacet
  facet normal 0 0 1
    outer loop
      vertex -40.8533 5.35209 15.3
      vertex -45.1358 6.63893 15.3
      vertex -40.5575 4.72667 15.3
    endloop
  endfacet
  facet normal 0 0 1
    outer loop
      vertex -40.5575 -4.72667 15.3
      vertex -44.6532 -7.03497 15.3
      vertex -44.5597 -7.16109 15.3
    endloop
  endfacet
  facet normal -0 0 1
    outer loop
      vertex -45.2777 6.57179 15.3
      vertex -40.5575 4.72667 15.3
      vertex -45.1358 6.63893 15.3
    endloop
  endfacet
  facet normal 0 0 1
    outer loop
      vertex -40.5575 -4.72667 15.3
      vertex -44.7586 -6.91863 15.3
      vertex -44.6532 -7.03497 15.3
    endloop
  endfacet
  facet normal -0 0 1
    outer loop
      vertex -45.4255 6.5189 15.3
      vertex -40.5575 4.72667 15.3
      vertex -45.2777 6.57179 15.3
    endloop
  endfacet
  facet normal 0 0 1
    outer loop
      vertex -40.5575 -4.72667 15.3
      vertex -44.875 -6.81318 15.3
      vertex -44.7586 -6.91863 15.3
    endloop
  endfacet
  facet normal 0 0 1
    outer loop
      vertex -40.5575 4.72667 15.3
      vertex -45.4255 6.5189 15.3
      vertex -40.2019 4.13324 15.3
    endloop
  endfacet
  facet normal 0 0 1
    outer loop
      vertex -40.5575 -4.72667 15.3
      vertex -45.0011 -6.71965 15.3
      vertex -44.875 -6.81318 15.3
    endloop
  endfacet
  facet normal -0 0 1
    outer loop
      vertex -45.5779 6.48074 15.3
      vertex -40.2019 4.13324 15.3
      vertex -45.4255 6.5189 15.3
    endloop
  endfacet
  facet normal 0 0 1
    outer loop
      vertex -40.5575 -4.72667 15.3
      vertex -45.1358 -6.63893 15.3
      vertex -45.0011 -6.71965 15.3
    endloop
  endfacet
  facet normal -0 0 1
    outer loop
      vertex -45.7332 6.45771 15.3
      vertex -40.2019 4.13324 15.3
      vertex -45.5779 6.48074 15.3
    endloop
  endfacet
  facet normal 0 0 1
    outer loop
      vertex -40.5575 -4.72667 15.3
      vertex -45.2777 -6.57179 15.3
      vertex -45.1358 -6.63893 15.3
    endloop
  endfacet
  facet normal 0 0 1
    outer loop
      vertex -40.2019 4.13324 15.3
      vertex -45.7332 6.45771 15.3
      vertex -40.2019 -4.13324 15.3
    endloop
  endfacet
  facet normal 0 0 1
    outer loop
      vertex -40.5575 -4.72667 15.3
      vertex -45.4255 -6.5189 15.3
      vertex -45.2777 -6.57179 15.3
    endloop
  endfacet
  facet normal 0 0 1
    outer loop
      vertex -45.7332 -6.45771 15.3
      vertex -40.2019 -4.13324 15.3
      vertex -45.7332 6.45771 15.3
    endloop
  endfacet
  facet normal 0 0 1
    outer loop
      vertex -40.2019 -4.13324 15.3
      vertex -45.4255 -6.5189 15.3
      vertex -40.5575 -4.72667 15.3
    endloop
  endfacet
  facet normal 0 -0 1
    outer loop
      vertex -45.5779 -6.48074 15.3
      vertex -40.2019 -4.13324 15.3
      vertex -45.7332 -6.45771 15.3
    endloop
  endfacet
  facet normal 0 -0 1
    outer loop
      vertex -45.4255 -6.5189 15.3
      vertex -40.2019 -4.13324 15.3
      vertex -45.5779 -6.48074 15.3
    endloop
  endfacet
  facet normal -0 0 1
    outer loop
      vertex -45.89 6.45 15.3
      vertex -45.7332 -6.45771 15.3
      vertex -45.7332 6.45771 15.3
    endloop
  endfacet
  facet normal 0 0 1
    outer loop
      vertex -45.89 6.45 15.3
      vertex -45.89 -6.45 15.3
      vertex -45.7332 -6.45771 15.3
    endloop
  endfacet
  facet normal 0 0 1
    outer loop
      vertex -46.0468 6.45771 15.3
      vertex -45.89 -6.45 15.3
      vertex -45.89 6.45 15.3
    endloop
  endfacet
  facet normal 0 0 1
    outer loop
      vertex -46.0468 6.45771 15.3
      vertex -46.0468 -6.45771 15.3
      vertex -45.89 -6.45 15.3
    endloop
  endfacet
  facet normal 0 0 1
    outer loop
      vertex -46.2021 6.48074 15.3
      vertex -46.0468 -6.45771 15.3
      vertex -46.0468 6.45771 15.3
    endloop
  endfacet
  facet normal 0 0 1
    outer loop
      vertex -46.2021 6.48074 15.3
      vertex -46.2021 -6.48074 15.3
      vertex -46.0468 -6.45771 15.3
    endloop
  endfacet
  facet normal 0 0 1
    outer loop
      vertex -46.3545 6.5189 15.3
      vertex -46.2021 -6.48074 15.3
      vertex -46.2021 6.48074 15.3
    endloop
  endfacet
  facet normal 0 0 1
    outer loop
      vertex -46.3545 6.5189 15.3
      vertex -46.3545 -6.5189 15.3
      vertex -46.2021 -6.48074 15.3
    endloop
  endfacet
  facet normal 0 0 1
    outer loop
      vertex -46.5023 6.57179 15.3
      vertex -46.3545 -6.5189 15.3
      vertex -46.3545 6.5189 15.3
    endloop
  endfacet
  facet normal 0 0 1
    outer loop
      vertex -46.5023 6.57179 15.3
      vertex -46.5023 -6.57179 15.3
      vertex -46.3545 -6.5189 15.3
    endloop
  endfacet
  facet normal 0 0 1
    outer loop
      vertex -46.6442 6.63893 15.3
      vertex -46.5023 -6.57179 15.3
      vertex -46.5023 6.57179 15.3
    endloop
  endfacet
  facet normal 0 0 1
    outer loop
      vertex -46.6442 6.63893 15.3
      vertex -46.6442 -6.63893 15.3
      vertex -46.5023 -6.57179 15.3
    endloop
  endfacet
  facet normal 0 0 1
    outer loop
      vertex -46.7789 6.71965 15.3
      vertex -46.6442 -6.63893 15.3
      vertex -46.6442 6.63893 15.3
    endloop
  endfacet
  facet normal 0 0 1
    outer loop
      vertex -46.7789 6.71965 15.3
      vertex -46.7789 -6.71965 15.3
      vertex -46.6442 -6.63893 15.3
    endloop
  endfacet
  facet normal 0 0 1
    outer loop
      vertex -50.89 8.04999 15.3
      vertex -46.7789 6.71965 15.3
      vertex -46.905 6.81318 15.3
    endloop
  endfacet
  facet normal 0 0 1
    outer loop
      vertex -46.7789 6.71965 15.3
      vertex -50.89 8.04999 15.3
      vertex -46.7789 -6.71965 15.3
    endloop
  endfacet
  facet normal 0 0 1
    outer loop
      vertex -50.89 8.04999 15.3
      vertex -46.905 6.81318 15.3
      vertex -47.0214 6.91863 15.3
    endloop
  endfacet
  facet normal 0 0 1
    outer loop
      vertex -50.89 -8.04999 15.3
      vertex -46.7789 -6.71965 15.3
      vertex -50.89 8.04999 15.3
    endloop
  endfacet
  facet normal 0 0 1
    outer loop
      vertex -50.89 8.04999 15.3
      vertex -47.0214 6.91863 15.3
      vertex -47.1268 7.03497 15.3
    endloop
  endfacet
  facet normal 0 0 1
    outer loop
      vertex -46.7789 -6.71965 15.3
      vertex -50.89 -8.04999 15.3
      vertex -46.905 -6.81318 15.3
    endloop
  endfacet
  facet normal 0 0 1
    outer loop
      vertex -50.89 8.04999 15.3
      vertex -47.1268 7.03497 15.3
      vertex -47.2204 7.16109 15.3
    endloop
  endfacet
  facet normal 0 0 1
    outer loop
      vertex -46.905 -6.81318 15.3
      vertex -50.89 -8.04999 15.3
      vertex -47.0214 -6.91863 15.3
    endloop
  endfacet
  facet normal 0 0 1
    outer loop
      vertex -50.89 8.04999 15.3
      vertex -47.2204 7.16109 15.3
      vertex -47.3011 7.29577 15.3
    endloop
  endfacet
  facet normal 0 0 1
    outer loop
      vertex -47.0214 -6.91863 15.3
      vertex -50.89 -8.04999 15.3
      vertex -47.1268 -7.03497 15.3
    endloop
  endfacet
  facet normal 0 0 1
    outer loop
      vertex -50.89 8.04999 15.3
      vertex -47.3011 7.29577 15.3
      vertex -47.3682 7.43771 15.3
    endloop
  endfacet
  facet normal 0 0 1
    outer loop
      vertex -47.1268 -7.03497 15.3
      vertex -50.89 -8.04999 15.3
      vertex -47.2204 -7.16109 15.3
    endloop
  endfacet
  facet normal 0 0 1
    outer loop
      vertex -50.89 8.04999 15.3
      vertex -47.3682 7.43771 15.3
      vertex -47.4211 7.58555 15.3
    endloop
  endfacet
  facet normal 0 0 1
    outer loop
      vertex -47.2204 -7.16109 15.3
      vertex -50.89 -8.04999 15.3
      vertex -47.3011 -7.29577 15.3
    endloop
  endfacet
  facet normal 0 0 1
    outer loop
      vertex -50.89 8.04999 15.3
      vertex -47.4211 7.58555 15.3
      vertex -47.4593 7.73786 15.3
    endloop
  endfacet
  facet normal 0 0 1
    outer loop
      vertex -47.3011 -7.29577 15.3
      vertex -50.89 -8.04999 15.3
      vertex -47.3682 -7.43771 15.3
    endloop
  endfacet
  facet normal 0 0 1
    outer loop
      vertex -50.89 8.04999 15.3
      vertex -47.4593 7.73786 15.3
      vertex -47.4823 7.89317 15.3
    endloop
  endfacet
  facet normal 0 0 1
    outer loop
      vertex -47.3682 -7.43771 15.3
      vertex -50.89 -8.04999 15.3
      vertex -47.4211 -7.58555 15.3
    endloop
  endfacet
  facet normal -0 0 1
    outer loop
      vertex -50.89 8.04999 15.3
      vertex -47.4823 7.89317 15.3
      vertex -47.49 8.05 15.3
    endloop
  endfacet
  facet normal 0 0 1
    outer loop
      vertex -47.4211 -7.58555 15.3
      vertex -50.89 -8.04999 15.3
      vertex -47.4593 -7.73786 15.3
    endloop
  endfacet
  facet normal 0 0 1
    outer loop
      vertex -41.0864 -10.0965 15.3
      vertex -44.875 -9.28682 15.3
      vertex -40.8533 -10.7479 15.3
    endloop
  endfacet
  facet normal -0 0 1
    outer loop
      vertex -45.0011 -9.38035 15.3
      vertex -40.8533 -10.7479 15.3
      vertex -44.875 -9.28682 15.3
    endloop
  endfacet
  facet normal -0 0 1
    outer loop
      vertex -45.1358 -9.46107 15.3
      vertex -40.8533 -10.7479 15.3
      vertex -45.0011 -9.38035 15.3
    endloop
  endfacet
  facet normal 0 0 1
    outer loop
      vertex -40.8533 -10.7479 15.3
      vertex -45.1358 -9.46107 15.3
      vertex -40.5575 -11.3733 15.3
    endloop
  endfacet
  facet normal -0 0 1
    outer loop
      vertex -45.2777 -9.52821 15.3
      vertex -40.5575 -11.3733 15.3
      vertex -45.1358 -9.46107 15.3
    endloop
  endfacet
  facet normal -0 0 1
    outer loop
      vertex -45.4255 -9.5811 15.3
      vertex -40.5575 -11.3733 15.3
      vertex -45.2777 -9.52821 15.3
    endloop
  endfacet
  facet normal 0 0 1
    outer loop
      vertex -40.5575 -11.3733 15.3
      vertex -45.4255 -9.5811 15.3
      vertex -40.2019 -11.9668 15.3
    endloop
  endfacet
  facet normal -0 0 1
    outer loop
      vertex -45.5779 -9.61926 15.3
      vertex -40.2019 -11.9668 15.3
      vertex -45.4255 -9.5811 15.3
    endloop
  endfacet
  facet normal -0 0 1
    outer loop
      vertex -45.7332 -9.64229 15.3
      vertex -40.2019 -11.9668 15.3
      vertex -45.5779 -9.61926 15.3
    endloop
  endfacet
  facet normal 0 0 1
    outer loop
      vertex -40.2019 -11.9668 15.3
      vertex -45.7332 -9.64229 15.3
      vertex -40.2019 -20.2332 15.3
    endloop
  endfacet
  facet normal -0 0 1
    outer loop
      vertex -45.89 -9.65 15.3
      vertex -40.2019 -20.2332 15.3
      vertex -45.7332 -9.64229 15.3
    endloop
  endfacet
  facet normal 0 0 1
    outer loop
      vertex -46.0468 -9.64229 15.3
      vertex -40.2019 -20.2332 15.3
      vertex -45.89 -9.65 15.3
    endloop
  endfacet
  facet normal 0 0 1
    outer loop
      vertex -40.2019 -20.2332 15.3
      vertex -46.0468 -9.64229 15.3
      vertex -40.5575 -20.8267 15.3
    endloop
  endfacet
  facet normal 0 0 1
    outer loop
      vertex -46.2021 -9.61926 15.3
      vertex -40.5575 -20.8267 15.3
      vertex -46.0468 -9.64229 15.3
    endloop
  endfacet
  facet normal -0 0 1
    outer loop
      vertex -50.5094 -9.96341 15.3
      vertex -40.5575 -20.8267 15.3
      vertex -46.2021 -9.61926 15.3
    endloop
  endfacet
  facet normal 0 0 1
    outer loop
      vertex -40.5575 -20.8267 15.3
      vertex -50.5094 -9.96341 15.3
      vertex -40.8533 -21.4521 15.3
    endloop
  endfacet
  facet normal 0 0 1
    outer loop
      vertex -40.8533 -21.4521 15.3
      vertex -50.5094 -9.96341 15.3
      vertex -41.0864 -22.1035 15.3
    endloop
  endfacet
  facet normal 0 0 1
    outer loop
      vertex -41.0864 -22.1035 15.3
      vertex -50.5094 -9.96341 15.3
      vertex -41.2545 -22.7746 15.3
    endloop
  endfacet
  facet normal 0 0 1
    outer loop
      vertex -41.2545 -22.7746 15.3
      vertex -50.5094 -9.96341 15.3
      vertex -41.356 -23.459 15.3
    endloop
  endfacet
  facet normal 0 0 1
    outer loop
      vertex -50.5094 -9.96341 15.3
      vertex -46.2021 -9.61926 15.3
      vertex -46.3545 -9.5811 15.3
    endloop
  endfacet
  facet normal 0 0 1
    outer loop
      vertex -50.5094 -9.96341 15.3
      vertex -46.3545 -9.5811 15.3
      vertex -46.5023 -9.52821 15.3
    endloop
  endfacet
  facet normal 0 0 1
    outer loop
      vertex -50.5094 -9.96341 15.3
      vertex -46.5023 -9.52821 15.3
      vertex -46.6442 -9.46107 15.3
    endloop
  endfacet
  facet normal 0 0 1
    outer loop
      vertex -50.5094 -9.96341 15.3
      vertex -46.6442 -9.46107 15.3
      vertex -46.7789 -9.38035 15.3
    endloop
  endfacet
  facet normal 0 0 1
    outer loop
      vertex -50.5094 -9.96341 15.3
      vertex -46.7789 -9.38035 15.3
      vertex -46.905 -9.28682 15.3
    endloop
  endfacet
  facet normal 0 0 1
    outer loop
      vertex -50.5094 -9.96341 15.3
      vertex -46.905 -9.28682 15.3
      vertex -47.0214 -9.18137 15.3
    endloop
  endfacet
  facet normal 0 0 1
    outer loop
      vertex -50.5094 -9.96341 15.3
      vertex -47.0214 -9.18137 15.3
      vertex -47.1268 -9.06503 15.3
    endloop
  endfacet
  facet normal 0 0 1
    outer loop
      vertex -50.5094 -9.96341 15.3
      vertex -47.1268 -9.06503 15.3
      vertex -47.2204 -8.93891 15.3
    endloop
  endfacet
  facet normal 0 0 1
    outer loop
      vertex -50.5094 -9.96341 15.3
      vertex -47.2204 -8.93891 15.3
      vertex -47.3011 -8.80423 15.3
    endloop
  endfacet
  facet normal 0 0 1
    outer loop
      vertex -50.5094 -9.96341 15.3
      vertex -47.3011 -8.80423 15.3
      vertex -47.3682 -8.66229 15.3
    endloop
  endfacet
  facet normal 0 0 1
    outer loop
      vertex -50.5094 -9.96341 15.3
      vertex -47.3682 -8.66229 15.3
      vertex -47.4211 -8.51445 15.3
    endloop
  endfacet
  facet normal 0 0 1
    outer loop
      vertex -47.4593 -7.73786 15.3
      vertex -50.89 -8.04999 15.3
      vertex -47.4823 -7.89317 15.3
    endloop
  endfacet
  facet normal 0 0 1
    outer loop
      vertex -47.4823 -7.89317 15.3
      vertex -50.89 -8.04999 15.3
      vertex -47.49 -8.05 15.3
    endloop
  endfacet
  facet normal 0 0 1
    outer loop
      vertex -41.356 -23.459 15.3
      vertex -50.5094 -9.96341 15.3
      vertex -42.2997 -27.532 15.3
    endloop
  endfacet
  facet normal 0 0 1
    outer loop
      vertex -50.6747 -9.50142 15.3
      vertex -47.4211 -8.51445 15.3
      vertex -47.4593 -8.36214 15.3
    endloop
  endfacet
  facet normal 0 0 1
    outer loop
      vertex -47.49 -8.05 15.3
      vertex -50.89 -8.04999 15.3
      vertex -47.4823 -8.20683 15.3
    endloop
  endfacet
  facet normal 0 0 1
    outer loop
      vertex -50.89 8.04999 15.3
      vertex -50.5094 9.96341 15.3
      vertex -50.6747 9.50142 15.3
    endloop
  endfacet
  facet normal 0 -0 1
    outer loop
      vertex -50.8659 -8.54008 15.3
      vertex -47.4823 -8.20683 15.3
      vertex -50.89 -8.04999 15.3
    endloop
  endfacet
  facet normal 0 0 1
    outer loop
      vertex -50.89 8.04999 15.3
      vertex -50.6747 9.50142 15.3
      vertex -50.7939 9.02544 15.3
    endloop
  endfacet
  facet normal 0 0 1
    outer loop
      vertex -47.4823 -8.20683 15.3
      vertex -50.8659 -8.54008 15.3
      vertex -47.4593 -8.36214 15.3
    endloop
  endfacet
  facet normal 0 0 1
    outer loop
      vertex -50.89 8.04999 15.3
      vertex -50.7939 9.02544 15.3
      vertex -50.8659 8.54008 15.3
    endloop
  endfacet
  facet normal 0 0 1
    outer loop
      vertex -47.4211 -8.51445 15.3
      vertex -50.6747 -9.50142 15.3
      vertex -50.5094 -9.96341 15.3
    endloop
  endfacet
  facet normal 0 0 1
    outer loop
      vertex -47.4593 -8.36214 15.3
      vertex -50.7939 -9.02544 15.3
      vertex -50.6747 -9.50142 15.3
    endloop
  endfacet
  facet normal 0 0 1
    outer loop
      vertex -47.4593 -8.36214 15.3
      vertex -50.8659 -8.54008 15.3
      vertex -50.7939 -9.02544 15.3
    endloop
  endfacet
  facet normal -0 0 1
    outer loop
      vertex -18.7455 -9.42538 15.3
      vertex -17.0119 -24.2285 15.3
      vertex -18.644 -8.74101 15.3
    endloop
  endfacet
  facet normal 0 0 1
    outer loop
      vertex -17.0119 -24.2285 15.3
      vertex -18.644 -23.459 15.3
      vertex -18.61 -24.15 15.3
    endloop
  endfacet
  facet normal -0 0 1
    outer loop
      vertex -18.9136 -10.0965 15.3
      vertex -17.0119 -24.2285 15.3
      vertex -18.7455 -9.42538 15.3
    endloop
  endfacet
  facet normal 0 0 1
    outer loop
      vertex -17.0119 -24.2285 15.3
      vertex -18.7455 -22.7746 15.3
      vertex -18.644 -23.459 15.3
    endloop
  endfacet
  facet normal -0 0 1
    outer loop
      vertex -19.1467 -10.7479 15.3
      vertex -17.0119 -24.2285 15.3
      vertex -18.9136 -10.0965 15.3
    endloop
  endfacet
  facet normal 0 0 1
    outer loop
      vertex -17.0119 -24.2285 15.3
      vertex -18.9136 -22.1035 15.3
      vertex -18.7455 -22.7746 15.3
    endloop
  endfacet
  facet normal -0 0 1
    outer loop
      vertex -19.4425 -11.3733 15.3
      vertex -17.0119 -24.2285 15.3
      vertex -19.1467 -10.7479 15.3
    endloop
  endfacet
  facet normal 0 0 1
    outer loop
      vertex -17.0119 -24.2285 15.3
      vertex -19.1467 -21.4521 15.3
      vertex -18.9136 -22.1035 15.3
    endloop
  endfacet
  facet normal -0 0 1
    outer loop
      vertex -19.4425 -20.8267 15.3
      vertex -17.0119 -24.2285 15.3
      vertex -19.4425 -11.3733 15.3
    endloop
  endfacet
  facet normal 0 0 1
    outer loop
      vertex -17.0119 -24.2285 15.3
      vertex -19.4425 -20.8267 15.3
      vertex -19.1467 -21.4521 15.3
    endloop
  endfacet
  facet normal -0 0 1
    outer loop
      vertex -19.7981 -11.9668 15.3
      vertex -19.4425 -20.8267 15.3
      vertex -19.4425 -11.3733 15.3
    endloop
  endfacet
  facet normal 0 0 1
    outer loop
      vertex -19.7981 -11.9668 15.3
      vertex -19.7981 -20.2332 15.3
      vertex -19.4425 -20.8267 15.3
    endloop
  endfacet
  facet normal -0 0 1
    outer loop
      vertex -20.2103 -12.5225 15.3
      vertex -19.7981 -20.2332 15.3
      vertex -19.7981 -11.9668 15.3
    endloop
  endfacet
  facet normal 0 0 1
    outer loop
      vertex -20.2103 -12.5225 15.3
      vertex -20.2103 -19.6775 15.3
      vertex -19.7981 -20.2332 15.3
    endloop
  endfacet
  facet normal -0 0 1
    outer loop
      vertex -20.6749 -13.0351 15.3
      vertex -20.2103 -19.6775 15.3
      vertex -20.2103 -12.5225 15.3
    endloop
  endfacet
  facet normal 0 0 1
    outer loop
      vertex -20.6749 -13.0351 15.3
      vertex -20.6749 -19.1649 15.3
      vertex -20.2103 -19.6775 15.3
    endloop
  endfacet
  facet normal -0 0 1
    outer loop
      vertex -21.1875 -13.4997 15.3
      vertex -20.6749 -19.1649 15.3
      vertex -20.6749 -13.0351 15.3
    endloop
  endfacet
  facet normal 0 0 1
    outer loop
      vertex -21.1875 -13.4997 15.3
      vertex -21.1875 -18.7003 15.3
      vertex -20.6749 -19.1649 15.3
    endloop
  endfacet
  facet normal -0 0 1
    outer loop
      vertex -21.7432 -13.9118 15.3
      vertex -21.1875 -18.7003 15.3
      vertex -21.1875 -13.4997 15.3
    endloop
  endfacet
  facet normal 0 0 1
    outer loop
      vertex -21.7432 -13.9118 15.3
      vertex -21.7432 -18.2882 15.3
      vertex -21.1875 -18.7003 15.3
    endloop
  endfacet
  facet normal -0 0 1
    outer loop
      vertex -22.3367 -14.2675 15.3
      vertex -21.7432 -18.2882 15.3
      vertex -21.7432 -13.9118 15.3
    endloop
  endfacet
  facet normal 0 0 1
    outer loop
      vertex -22.3367 -14.2675 15.3
      vertex -22.3367 -17.9325 15.3
      vertex -21.7432 -18.2882 15.3
    endloop
  endfacet
  facet normal -0 0 1
    outer loop
      vertex -22.9621 -14.5633 15.3
      vertex -22.3367 -17.9325 15.3
      vertex -22.3367 -14.2675 15.3
    endloop
  endfacet
  facet normal 0 0 1
    outer loop
      vertex -22.9621 -14.5633 15.3
      vertex -22.9621 -17.6367 15.3
      vertex -22.3367 -17.9325 15.3
    endloop
  endfacet
  facet normal -0 0 1
    outer loop
      vertex -23.6135 -14.7964 15.3
      vertex -22.9621 -17.6367 15.3
      vertex -22.9621 -14.5633 15.3
    endloop
  endfacet
  facet normal 0 0 1
    outer loop
      vertex -23.6135 -14.7964 15.3
      vertex -23.6135 -17.4036 15.3
      vertex -22.9621 -17.6367 15.3
    endloop
  endfacet
  facet normal -0 0 1
    outer loop
      vertex -24.2846 -14.9645 15.3
      vertex -23.6135 -17.4036 15.3
      vertex -23.6135 -14.7964 15.3
    endloop
  endfacet
  facet normal 0 0 1
    outer loop
      vertex -24.2846 -14.9645 15.3
      vertex -24.2846 -17.2355 15.3
      vertex -23.6135 -17.4036 15.3
    endloop
  endfacet
  facet normal -0 0 1
    outer loop
      vertex -24.969 -15.0661 15.3
      vertex -24.2846 -17.2355 15.3
      vertex -24.2846 -14.9645 15.3
    endloop
  endfacet
  facet normal 0 0 1
    outer loop
      vertex -24.969 -15.0661 15.3
      vertex -24.969 -17.1339 15.3
      vertex -24.2846 -17.2355 15.3
    endloop
  endfacet
  facet normal -0 0 1
    outer loop
      vertex -25.66 -15.1 15.3
      vertex -24.969 -17.1339 15.3
      vertex -24.969 -15.0661 15.3
    endloop
  endfacet
  facet normal 0 0 1
    outer loop
      vertex -25.66 -15.1 15.3
      vertex -25.66 -17.1 15.3
      vertex -24.969 -17.1339 15.3
    endloop
  endfacet
  facet normal -0 0 1
    outer loop
      vertex -34.34 -15.1 15.3
      vertex -25.66 -17.1 15.3
      vertex -25.66 -15.1 15.3
    endloop
  endfacet
  facet normal 0 0 1
    outer loop
      vertex -34.34 -15.1 15.3
      vertex -34.34 -17.1 15.3
      vertex -25.66 -17.1 15.3
    endloop
  endfacet
  facet normal 0 0 1
    outer loop
      vertex -35.031 -15.0661 15.3
      vertex -34.34 -17.1 15.3
      vertex -34.34 -15.1 15.3
    endloop
  endfacet
  facet normal 0 0 1
    outer loop
      vertex -35.031 -15.0661 15.3
      vertex -35.031 -17.1339 15.3
      vertex -34.34 -17.1 15.3
    endloop
  endfacet
  facet normal 0 0 1
    outer loop
      vertex -35.7154 -14.9645 15.3
      vertex -35.031 -17.1339 15.3
      vertex -35.031 -15.0661 15.3
    endloop
  endfacet
  facet normal 0 0 1
    outer loop
      vertex -35.7154 -14.9645 15.3
      vertex -35.7154 -17.2355 15.3
      vertex -35.031 -17.1339 15.3
    endloop
  endfacet
  facet normal 0 0 1
    outer loop
      vertex -36.3865 -14.7964 15.3
      vertex -35.7154 -17.2355 15.3
      vertex -35.7154 -14.9645 15.3
    endloop
  endfacet
  facet normal 0 0 1
    outer loop
      vertex -36.3865 -14.7964 15.3
      vertex -36.3865 -17.4036 15.3
      vertex -35.7154 -17.2355 15.3
    endloop
  endfacet
  facet normal 0 0 1
    outer loop
      vertex -37.0379 -14.5633 15.3
      vertex -36.3865 -17.4036 15.3
      vertex -36.3865 -14.7964 15.3
    endloop
  endfacet
  facet normal 0 0 1
    outer loop
      vertex -37.0379 -14.5633 15.3
      vertex -37.0379 -17.6367 15.3
      vertex -36.3865 -17.4036 15.3
    endloop
  endfacet
  facet normal 0 0 1
    outer loop
      vertex -37.6633 -14.2675 15.3
      vertex -37.0379 -17.6367 15.3
      vertex -37.0379 -14.5633 15.3
    endloop
  endfacet
  facet normal 0 0 1
    outer loop
      vertex -37.6633 -14.2675 15.3
      vertex -37.6633 -17.9325 15.3
      vertex -37.0379 -17.6367 15.3
    endloop
  endfacet
  facet normal 0 0 1
    outer loop
      vertex -38.2568 -13.9118 15.3
      vertex -37.6633 -17.9325 15.3
      vertex -37.6633 -14.2675 15.3
    endloop
  endfacet
  facet normal 0 0 1
    outer loop
      vertex -38.2568 -13.9118 15.3
      vertex -38.2568 -18.2882 15.3
      vertex -37.6633 -17.9325 15.3
    endloop
  endfacet
  facet normal 0 0 1
    outer loop
      vertex -38.8125 -13.4997 15.3
      vertex -38.2568 -18.2882 15.3
      vertex -38.2568 -13.9118 15.3
    endloop
  endfacet
  facet normal 0 0 1
    outer loop
      vertex -38.8125 -13.4997 15.3
      vertex -38.8125 -18.7003 15.3
      vertex -38.2568 -18.2882 15.3
    endloop
  endfacet
  facet normal 0 0 1
    outer loop
      vertex -39.3251 -13.0351 15.3
      vertex -38.8125 -18.7003 15.3
      vertex -38.8125 -13.4997 15.3
    endloop
  endfacet
  facet normal 0 0 1
    outer loop
      vertex -39.3251 -13.0351 15.3
      vertex -39.3251 -19.1649 15.3
      vertex -38.8125 -18.7003 15.3
    endloop
  endfacet
  facet normal 0 0 1
    outer loop
      vertex -39.7897 -12.5225 15.3
      vertex -39.3251 -19.1649 15.3
      vertex -39.3251 -13.0351 15.3
    endloop
  endfacet
  facet normal 0 0 1
    outer loop
      vertex -39.7897 -12.5225 15.3
      vertex -39.7897 -19.6775 15.3
      vertex -39.3251 -19.1649 15.3
    endloop
  endfacet
  facet normal 0 0 1
    outer loop
      vertex -40.2019 -11.9668 15.3
      vertex -39.7897 -19.6775 15.3
      vertex -39.7897 -12.5225 15.3
    endloop
  endfacet
  facet normal 0 0 1
    outer loop
      vertex -40.2019 -11.9668 15.3
      vertex -40.2019 -20.2332 15.3
      vertex -39.7897 -19.6775 15.3
    endloop
  endfacet
  facet normal -0 0 1
    outer loop
      vertex -44.5597 -8.93891 15.3
      vertex -41.2545 -9.42538 15.3
      vertex -44.4789 -8.80423 15.3
    endloop
  endfacet
  facet normal -0 0 1
    outer loop
      vertex -44.6532 -9.06503 15.3
      vertex -41.2545 -9.42538 15.3
      vertex -44.5597 -8.93891 15.3
    endloop
  endfacet
  facet normal -0 0 1
    outer loop
      vertex -44.4118 -8.66229 15.3
      vertex -41.356 -8.74101 15.3
      vertex -44.3589 -8.51445 15.3
    endloop
  endfacet
  facet normal 0 0 1
    outer loop
      vertex -41.356 -8.74101 15.3
      vertex -44.4118 -8.66229 15.3
      vertex -41.2545 -9.42538 15.3
    endloop
  endfacet
  facet normal -0 0 1
    outer loop
      vertex -44.3589 -8.51445 15.3
      vertex -41.356 -8.74101 15.3
      vertex -44.3207 -8.36214 15.3
    endloop
  endfacet
  facet normal -0 0 1
    outer loop
      vertex -44.4789 -8.80423 15.3
      vertex -41.2545 -9.42538 15.3
      vertex -44.4118 -8.66229 15.3
    endloop
  endfacet
  facet normal -0 0 1
    outer loop
      vertex -44.3207 -8.36214 15.3
      vertex -41.356 -8.74101 15.3
      vertex -44.2977 -8.20683 15.3
    endloop
  endfacet
  facet normal 0 0 1
    outer loop
      vertex -41.2545 -9.42538 15.3
      vertex -44.6532 -9.06503 15.3
      vertex -41.0864 -10.0965 15.3
    endloop
  endfacet
  facet normal 0 0 1
    outer loop
      vertex -41.39 -8.05 15.3
      vertex -44.2977 -8.20683 15.3
      vertex -41.356 -8.74101 15.3
    endloop
  endfacet
  facet normal -0 0 1
    outer loop
      vertex -44.7586 -9.18137 15.3
      vertex -41.0864 -10.0965 15.3
      vertex -44.6532 -9.06503 15.3
    endloop
  endfacet
  facet normal 0 0 1
    outer loop
      vertex -41.356 -7.35899 15.3
      vertex -44.29 -8.05 15.3
      vertex -41.39 -8.05 15.3
    endloop
  endfacet
  facet normal -0 0 1
    outer loop
      vertex -44.875 -9.28682 15.3
      vertex -41.0864 -10.0965 15.3
      vertex -44.7586 -9.18137 15.3
    endloop
  endfacet
  facet normal -0 0 1
    outer loop
      vertex -18.644 7.35899 15.3
      vertex -18.61 -8.05 15.3
      vertex -18.61 8.05 15.3
    endloop
  endfacet
  facet normal 0 0 1
    outer loop
      vertex -18.644 7.35899 15.3
      vertex -18.644 -7.35899 15.3
      vertex -18.61 -8.05 15.3
    endloop
  endfacet
  facet normal -0 0 1
    outer loop
      vertex -18.7455 6.67462 15.3
      vertex -18.644 -7.35899 15.3
      vertex -18.644 7.35899 15.3
    endloop
  endfacet
  facet normal 0 0 1
    outer loop
      vertex -18.7455 6.67462 15.3
      vertex -18.7455 -6.67462 15.3
      vertex -18.644 -7.35899 15.3
    endloop
  endfacet
  facet normal -0 0 1
    outer loop
      vertex -18.9136 6.00351 15.3
      vertex -18.7455 -6.67462 15.3
      vertex -18.7455 6.67462 15.3
    endloop
  endfacet
  facet normal 0 0 1
    outer loop
      vertex -18.9136 6.00351 15.3
      vertex -18.9136 -6.00351 15.3
      vertex -18.7455 -6.67462 15.3
    endloop
  endfacet
  facet normal -0 0 1
    outer loop
      vertex -19.1467 5.35209 15.3
      vertex -18.9136 -6.00351 15.3
      vertex -18.9136 6.00351 15.3
    endloop
  endfacet
  facet normal 0 0 1
    outer loop
      vertex -19.1467 5.35209 15.3
      vertex -19.1467 -5.35209 15.3
      vertex -18.9136 -6.00351 15.3
    endloop
  endfacet
  facet normal -0 0 1
    outer loop
      vertex -19.4425 4.72667 15.3
      vertex -19.1467 -5.35209 15.3
      vertex -19.1467 5.35209 15.3
    endloop
  endfacet
  facet normal 0 0 1
    outer loop
      vertex -19.4425 4.72667 15.3
      vertex -19.4425 -4.72667 15.3
      vertex -19.1467 -5.35209 15.3
    endloop
  endfacet
  facet normal -0 0 1
    outer loop
      vertex -19.7981 4.13324 15.3
      vertex -19.4425 -4.72667 15.3
      vertex -19.4425 4.72667 15.3
    endloop
  endfacet
  facet normal 0 0 1
    outer loop
      vertex -19.7981 4.13324 15.3
      vertex -19.7981 -4.13324 15.3
      vertex -19.4425 -4.72667 15.3
    endloop
  endfacet
  facet normal -0 0 1
    outer loop
      vertex -20.2103 3.57754 15.3
      vertex -19.7981 -4.13324 15.3
      vertex -19.7981 4.13324 15.3
    endloop
  endfacet
  facet normal 0 0 1
    outer loop
      vertex -20.2103 3.57754 15.3
      vertex -20.2103 -3.57754 15.3
      vertex -19.7981 -4.13324 15.3
    endloop
  endfacet
  facet normal -0 0 1
    outer loop
      vertex -20.6749 3.06491 15.3
      vertex -20.2103 -3.57754 15.3
      vertex -20.2103 3.57754 15.3
    endloop
  endfacet
  facet normal 0 0 1
    outer loop
      vertex -20.6749 3.06491 15.3
      vertex -20.6749 -3.06491 15.3
      vertex -20.2103 -3.57754 15.3
    endloop
  endfacet
  facet normal -0 0 1
    outer loop
      vertex -21.1875 2.60028 15.3
      vertex -20.6749 -3.06491 15.3
      vertex -20.6749 3.06491 15.3
    endloop
  endfacet
  facet normal 0 0 1
    outer loop
      vertex -21.1875 2.60028 15.3
      vertex -21.1875 -2.60028 15.3
      vertex -20.6749 -3.06491 15.3
    endloop
  endfacet
  facet normal -0 0 1
    outer loop
      vertex -21.7432 2.18815 15.3
      vertex -21.1875 -2.60028 15.3
      vertex -21.1875 2.60028 15.3
    endloop
  endfacet
  facet normal 0 0 1
    outer loop
      vertex -21.7432 2.18815 15.3
      vertex -21.7432 -2.18815 15.3
      vertex -21.1875 -2.60028 15.3
    endloop
  endfacet
  facet normal -0 0 1
    outer loop
      vertex -22.3367 1.83245 15.3
      vertex -21.7432 -2.18815 15.3
      vertex -21.7432 2.18815 15.3
    endloop
  endfacet
  facet normal 0 0 1
    outer loop
      vertex -22.3367 1.83245 15.3
      vertex -22.3367 -1.83245 15.3
      vertex -21.7432 -2.18815 15.3
    endloop
  endfacet
  facet normal -0 0 1
    outer loop
      vertex -22.9621 1.53666 15.3
      vertex -22.3367 -1.83245 15.3
      vertex -22.3367 1.83245 15.3
    endloop
  endfacet
  facet normal 0 0 1
    outer loop
      vertex -22.9621 1.53666 15.3
      vertex -22.9621 -1.53666 15.3
      vertex -22.3367 -1.83245 15.3
    endloop
  endfacet
  facet normal -0 0 1
    outer loop
      vertex -23.6135 1.30359 15.3
      vertex -22.9621 -1.53666 15.3
      vertex -22.9621 1.53666 15.3
    endloop
  endfacet
  facet normal 0 0 1
    outer loop
      vertex -23.6135 1.30359 15.3
      vertex -23.6135 -1.30359 15.3
      vertex -22.9621 -1.53666 15.3
    endloop
  endfacet
  facet normal -0 0 1
    outer loop
      vertex -24.2846 1.13546 15.3
      vertex -23.6135 -1.30359 15.3
      vertex -23.6135 1.30359 15.3
    endloop
  endfacet
  facet normal 0 0 1
    outer loop
      vertex -24.2846 1.13546 15.3
      vertex -24.2846 -1.13546 15.3
      vertex -23.6135 -1.30359 15.3
    endloop
  endfacet
  facet normal -0 0 1
    outer loop
      vertex -24.969 1.03395 15.3
      vertex -24.2846 -1.13546 15.3
      vertex -24.2846 1.13546 15.3
    endloop
  endfacet
  facet normal 0 0 1
    outer loop
      vertex -24.969 1.03395 15.3
      vertex -24.969 -1.03395 15.3
      vertex -24.2846 -1.13546 15.3
    endloop
  endfacet
  facet normal -0 0 1
    outer loop
      vertex -25.66 1.00001 15.3
      vertex -24.969 -1.03395 15.3
      vertex -24.969 1.03395 15.3
    endloop
  endfacet
  facet normal 0 0 1
    outer loop
      vertex -25.66 1.00001 15.3
      vertex -25.66 -1.00001 15.3
      vertex -24.969 -1.03395 15.3
    endloop
  endfacet
  facet normal -0 0 1
    outer loop
      vertex -34.34 1.00001 15.3
      vertex -25.66 -1.00001 15.3
      vertex -25.66 1.00001 15.3
    endloop
  endfacet
  facet normal 0 0 1
    outer loop
      vertex -34.34 1.00001 15.3
      vertex -34.34 -1.00001 15.3
      vertex -25.66 -1.00001 15.3
    endloop
  endfacet
  facet normal 0 0 1
    outer loop
      vertex -35.031 1.03395 15.3
      vertex -34.34 -1.00001 15.3
      vertex -34.34 1.00001 15.3
    endloop
  endfacet
  facet normal 0 0 1
    outer loop
      vertex -35.031 1.03395 15.3
      vertex -35.031 -1.03395 15.3
      vertex -34.34 -1.00001 15.3
    endloop
  endfacet
  facet normal 0 0 1
    outer loop
      vertex -35.7154 1.13546 15.3
      vertex -35.031 -1.03395 15.3
      vertex -35.031 1.03395 15.3
    endloop
  endfacet
  facet normal 0 0 1
    outer loop
      vertex -35.7154 1.13546 15.3
      vertex -35.7154 -1.13546 15.3
      vertex -35.031 -1.03395 15.3
    endloop
  endfacet
  facet normal 0 0 1
    outer loop
      vertex -36.3865 1.30359 15.3
      vertex -35.7154 -1.13546 15.3
      vertex -35.7154 1.13546 15.3
    endloop
  endfacet
  facet normal 0 0 1
    outer loop
      vertex -36.3865 1.30359 15.3
      vertex -36.3865 -1.30359 15.3
      vertex -35.7154 -1.13546 15.3
    endloop
  endfacet
  facet normal 0 0 1
    outer loop
      vertex -37.0379 1.53666 15.3
      vertex -36.3865 -1.30359 15.3
      vertex -36.3865 1.30359 15.3
    endloop
  endfacet
  facet normal 0 0 1
    outer loop
      vertex -37.0379 1.53666 15.3
      vertex -37.0379 -1.53666 15.3
      vertex -36.3865 -1.30359 15.3
    endloop
  endfacet
  facet normal 0 0 1
    outer loop
      vertex -37.6633 1.83245 15.3
      vertex -37.0379 -1.53666 15.3
      vertex -37.0379 1.53666 15.3
    endloop
  endfacet
  facet normal 0 0 1
    outer loop
      vertex -37.6633 1.83245 15.3
      vertex -37.6633 -1.83245 15.3
      vertex -37.0379 -1.53666 15.3
    endloop
  endfacet
  facet normal 0 0 1
    outer loop
      vertex -38.2568 2.18815 15.3
      vertex -37.6633 -1.83245 15.3
      vertex -37.6633 1.83245 15.3
    endloop
  endfacet
  facet normal 0 0 1
    outer loop
      vertex -38.2568 2.18815 15.3
      vertex -38.2568 -2.18815 15.3
      vertex -37.6633 -1.83245 15.3
    endloop
  endfacet
  facet normal 0 0 1
    outer loop
      vertex -38.8125 2.60028 15.3
      vertex -38.2568 -2.18815 15.3
      vertex -38.2568 2.18815 15.3
    endloop
  endfacet
  facet normal 0 0 1
    outer loop
      vertex -38.8125 2.60028 15.3
      vertex -38.8125 -2.60028 15.3
      vertex -38.2568 -2.18815 15.3
    endloop
  endfacet
  facet normal 0 0 1
    outer loop
      vertex -39.3251 3.06491 15.3
      vertex -38.8125 -2.60028 15.3
      vertex -38.8125 2.60028 15.3
    endloop
  endfacet
  facet normal 0 0 1
    outer loop
      vertex -39.3251 3.06491 15.3
      vertex -39.3251 -3.06491 15.3
      vertex -38.8125 -2.60028 15.3
    endloop
  endfacet
  facet normal 0 0 1
    outer loop
      vertex -39.7897 3.57754 15.3
      vertex -39.3251 -3.06491 15.3
      vertex -39.3251 3.06491 15.3
    endloop
  endfacet
  facet normal 0 0 1
    outer loop
      vertex -39.7897 3.57754 15.3
      vertex -39.7897 -3.57754 15.3
      vertex -39.3251 -3.06491 15.3
    endloop
  endfacet
  facet normal 0 0 1
    outer loop
      vertex -40.2019 4.13324 15.3
      vertex -39.7897 -3.57754 15.3
      vertex -39.7897 3.57754 15.3
    endloop
  endfacet
  facet normal 0 0 1
    outer loop
      vertex -40.2019 4.13324 15.3
      vertex -40.2019 -4.13324 15.3
      vertex -39.7897 -3.57754 15.3
    endloop
  endfacet
  facet normal -0 0 1
    outer loop
      vertex -44.5597 7.16109 15.3
      vertex -41.2545 6.67462 15.3
      vertex -44.4789 7.29577 15.3
    endloop
  endfacet
  facet normal -0 0 1
    outer loop
      vertex -44.6532 7.03497 15.3
      vertex -41.2545 6.67462 15.3
      vertex -44.5597 7.16109 15.3
    endloop
  endfacet
  facet normal -0 0 1
    outer loop
      vertex -44.4118 7.43771 15.3
      vertex -41.356 7.35899 15.3
      vertex -44.3589 7.58555 15.3
    endloop
  endfacet
  facet normal 0 0 1
    outer loop
      vertex -41.356 7.35899 15.3
      vertex -44.4118 7.43771 15.3
      vertex -41.2545 6.67462 15.3
    endloop
  endfacet
  facet normal -0 0 1
    outer loop
      vertex -44.3589 7.58555 15.3
      vertex -41.356 7.35899 15.3
      vertex -44.3207 7.73786 15.3
    endloop
  endfacet
  facet normal -0 0 1
    outer loop
      vertex -44.4789 7.29577 15.3
      vertex -41.2545 6.67462 15.3
      vertex -44.4118 7.43771 15.3
    endloop
  endfacet
  facet normal -0 0 1
    outer loop
      vertex -44.3207 7.73786 15.3
      vertex -41.356 7.35899 15.3
      vertex -44.2977 7.89317 15.3
    endloop
  endfacet
  facet normal 0 0 1
    outer loop
      vertex -40.5575 -4.72667 15.3
      vertex -44.29 -8.05 15.3
      vertex -40.8533 -5.35209 15.3
    endloop
  endfacet
  facet normal 0 0 1
    outer loop
      vertex -41.39 8.05 15.3
      vertex -44.2977 7.89317 15.3
      vertex -41.356 7.35899 15.3
    endloop
  endfacet
  facet normal 0 0 1
    outer loop
      vertex -40.8533 -5.35209 15.3
      vertex -44.29 -8.05 15.3
      vertex -41.0864 -6.00351 15.3
    endloop
  endfacet
  facet normal 0 0 1
    outer loop
      vertex -44.2977 7.89317 15.3
      vertex -41.39 8.05 15.3
      vertex -44.29 8.05 15.3
    endloop
  endfacet
  facet normal 0 0 1
    outer loop
      vertex -41.0864 -6.00351 15.3
      vertex -44.29 -8.05 15.3
      vertex -41.2545 -6.67462 15.3
    endloop
  endfacet
  facet normal 0 0 1
    outer loop
      vertex -18.7455 22.7746 15.3
      vertex -17.0119 24.2285 15.3
      vertex -18.644 23.459 15.3
    endloop
  endfacet
  facet normal 0 0 1
    outer loop
      vertex -17.0119 24.2285 15.3
      vertex -18.644 8.74101 15.3
      vertex -18.61 8.05 15.3
    endloop
  endfacet
  facet normal 0 0 1
    outer loop
      vertex -18.9136 22.1035 15.3
      vertex -17.0119 24.2285 15.3
      vertex -18.7455 22.7746 15.3
    endloop
  endfacet
  facet normal 0 0 1
    outer loop
      vertex -17.0119 24.2285 15.3
      vertex -18.7455 9.42538 15.3
      vertex -18.644 8.74101 15.3
    endloop
  endfacet
  facet normal 0 0 1
    outer loop
      vertex -19.1467 21.4521 15.3
      vertex -17.0119 24.2285 15.3
      vertex -18.9136 22.1035 15.3
    endloop
  endfacet
  facet normal 0 0 1
    outer loop
      vertex -17.0119 24.2285 15.3
      vertex -18.9136 10.0965 15.3
      vertex -18.7455 9.42538 15.3
    endloop
  endfacet
  facet normal 0 0 1
    outer loop
      vertex -19.4425 20.8267 15.3
      vertex -17.0119 24.2285 15.3
      vertex -19.1467 21.4521 15.3
    endloop
  endfacet
  facet normal 0 0 1
    outer loop
      vertex -17.0119 24.2285 15.3
      vertex -19.1467 10.7479 15.3
      vertex -18.9136 10.0965 15.3
    endloop
  endfacet
  facet normal 0 0 1
    outer loop
      vertex -19.4425 11.3733 15.3
      vertex -17.0119 24.2285 15.3
      vertex -19.4425 20.8267 15.3
    endloop
  endfacet
  facet normal 0 0 1
    outer loop
      vertex -17.0119 24.2285 15.3
      vertex -19.4425 11.3733 15.3
      vertex -19.1467 10.7479 15.3
    endloop
  endfacet
  facet normal -0 0 1
    outer loop
      vertex -19.7981 20.2332 15.3
      vertex -19.4425 11.3733 15.3
      vertex -19.4425 20.8267 15.3
    endloop
  endfacet
  facet normal 0 0 1
    outer loop
      vertex -19.7981 20.2332 15.3
      vertex -19.7981 11.9668 15.3
      vertex -19.4425 11.3733 15.3
    endloop
  endfacet
  facet normal -0 0 1
    outer loop
      vertex -20.2103 19.6775 15.3
      vertex -19.7981 11.9668 15.3
      vertex -19.7981 20.2332 15.3
    endloop
  endfacet
  facet normal 0 0 1
    outer loop
      vertex -20.2103 19.6775 15.3
      vertex -20.2103 12.5225 15.3
      vertex -19.7981 11.9668 15.3
    endloop
  endfacet
  facet normal -0 0 1
    outer loop
      vertex -20.6749 19.1649 15.3
      vertex -20.2103 12.5225 15.3
      vertex -20.2103 19.6775 15.3
    endloop
  endfacet
  facet normal 0 0 1
    outer loop
      vertex -20.6749 19.1649 15.3
      vertex -20.6749 13.0351 15.3
      vertex -20.2103 12.5225 15.3
    endloop
  endfacet
  facet normal -0 0 1
    outer loop
      vertex -21.1875 18.7003 15.3
      vertex -20.6749 13.0351 15.3
      vertex -20.6749 19.1649 15.3
    endloop
  endfacet
  facet normal 0 0 1
    outer loop
      vertex -21.1875 18.7003 15.3
      vertex -21.1875 13.4997 15.3
      vertex -20.6749 13.0351 15.3
    endloop
  endfacet
  facet normal -0 0 1
    outer loop
      vertex -21.7432 18.2882 15.3
      vertex -21.1875 13.4997 15.3
      vertex -21.1875 18.7003 15.3
    endloop
  endfacet
  facet normal 0 0 1
    outer loop
      vertex -21.7432 18.2882 15.3
      vertex -21.7432 13.9118 15.3
      vertex -21.1875 13.4997 15.3
    endloop
  endfacet
  facet normal -0 0 1
    outer loop
      vertex -22.3367 17.9325 15.3
      vertex -21.7432 13.9118 15.3
      vertex -21.7432 18.2882 15.3
    endloop
  endfacet
  facet normal 0 0 1
    outer loop
      vertex -22.3367 17.9325 15.3
      vertex -22.3367 14.2675 15.3
      vertex -21.7432 13.9118 15.3
    endloop
  endfacet
  facet normal -0 0 1
    outer loop
      vertex -22.9621 17.6367 15.3
      vertex -22.3367 14.2675 15.3
      vertex -22.3367 17.9325 15.3
    endloop
  endfacet
  facet normal 0 0 1
    outer loop
      vertex -22.9621 17.6367 15.3
      vertex -22.9621 14.5633 15.3
      vertex -22.3367 14.2675 15.3
    endloop
  endfacet
  facet normal -0 0 1
    outer loop
      vertex -23.6135 17.4036 15.3
      vertex -22.9621 14.5633 15.3
      vertex -22.9621 17.6367 15.3
    endloop
  endfacet
  facet normal 0 0 1
    outer loop
      vertex -23.6135 17.4036 15.3
      vertex -23.6135 14.7964 15.3
      vertex -22.9621 14.5633 15.3
    endloop
  endfacet
  facet normal -0 0 1
    outer loop
      vertex -24.2846 17.2355 15.3
      vertex -23.6135 14.7964 15.3
      vertex -23.6135 17.4036 15.3
    endloop
  endfacet
  facet normal 0 0 1
    outer loop
      vertex -24.2846 17.2355 15.3
      vertex -24.2846 14.9645 15.3
      vertex -23.6135 14.7964 15.3
    endloop
  endfacet
  facet normal -0 0 1
    outer loop
      vertex -24.969 17.1339 15.3
      vertex -24.2846 14.9645 15.3
      vertex -24.2846 17.2355 15.3
    endloop
  endfacet
  facet normal 0 0 1
    outer loop
      vertex -24.969 17.1339 15.3
      vertex -24.969 15.0661 15.3
      vertex -24.2846 14.9645 15.3
    endloop
  endfacet
  facet normal -0 0 1
    outer loop
      vertex -25.66 17.1 15.3
      vertex -24.969 15.0661 15.3
      vertex -24.969 17.1339 15.3
    endloop
  endfacet
  facet normal 0 0 1
    outer loop
      vertex -25.66 17.1 15.3
      vertex -25.66 15.1 15.3
      vertex -24.969 15.0661 15.3
    endloop
  endfacet
  facet normal -0 0 1
    outer loop
      vertex -34.34 17.1 15.3
      vertex -25.66 15.1 15.3
      vertex -25.66 17.1 15.3
    endloop
  endfacet
  facet normal 0 0 1
    outer loop
      vertex -34.34 17.1 15.3
      vertex -34.34 15.1 15.3
      vertex -25.66 15.1 15.3
    endloop
  endfacet
  facet normal 0 0 1
    outer loop
      vertex -35.031 17.1339 15.3
      vertex -34.34 15.1 15.3
      vertex -34.34 17.1 15.3
    endloop
  endfacet
  facet normal 0 0 1
    outer loop
      vertex -35.031 17.1339 15.3
      vertex -35.031 15.0661 15.3
      vertex -34.34 15.1 15.3
    endloop
  endfacet
  facet normal 0 0 1
    outer loop
      vertex -35.7154 17.2355 15.3
      vertex -35.031 15.0661 15.3
      vertex -35.031 17.1339 15.3
    endloop
  endfacet
  facet normal 0 0 1
    outer loop
      vertex -35.7154 17.2355 15.3
      vertex -35.7154 14.9645 15.3
      vertex -35.031 15.0661 15.3
    endloop
  endfacet
  facet normal 0 0 1
    outer loop
      vertex -36.3865 17.4036 15.3
      vertex -35.7154 14.9645 15.3
      vertex -35.7154 17.2355 15.3
    endloop
  endfacet
  facet normal 0 0 1
    outer loop
      vertex -36.3865 17.4036 15.3
      vertex -36.3865 14.7964 15.3
      vertex -35.7154 14.9645 15.3
    endloop
  endfacet
  facet normal 0 0 1
    outer loop
      vertex -37.0379 17.6367 15.3
      vertex -36.3865 14.7964 15.3
      vertex -36.3865 17.4036 15.3
    endloop
  endfacet
  facet normal 0 0 1
    outer loop
      vertex -37.0379 17.6367 15.3
      vertex -37.0379 14.5633 15.3
      vertex -36.3865 14.7964 15.3
    endloop
  endfacet
  facet normal 0 0 1
    outer loop
      vertex -37.6633 17.9325 15.3
      vertex -37.0379 14.5633 15.3
      vertex -37.0379 17.6367 15.3
    endloop
  endfacet
  facet normal 0 0 1
    outer loop
      vertex -37.6633 17.9325 15.3
      vertex -37.6633 14.2675 15.3
      vertex -37.0379 14.5633 15.3
    endloop
  endfacet
  facet normal 0 0 1
    outer loop
      vertex -38.2568 18.2882 15.3
      vertex -37.6633 14.2675 15.3
      vertex -37.6633 17.9325 15.3
    endloop
  endfacet
  facet normal 0 0 1
    outer loop
      vertex -38.2568 18.2882 15.3
      vertex -38.2568 13.9118 15.3
      vertex -37.6633 14.2675 15.3
    endloop
  endfacet
  facet normal 0 0 1
    outer loop
      vertex -38.8125 18.7003 15.3
      vertex -38.2568 13.9118 15.3
      vertex -38.2568 18.2882 15.3
    endloop
  endfacet
  facet normal 0 0 1
    outer loop
      vertex -38.8125 18.7003 15.3
      vertex -38.8125 13.4997 15.3
      vertex -38.2568 13.9118 15.3
    endloop
  endfacet
  facet normal 0 0 1
    outer loop
      vertex -39.3251 19.1649 15.3
      vertex -38.8125 13.4997 15.3
      vertex -38.8125 18.7003 15.3
    endloop
  endfacet
  facet normal 0 0 1
    outer loop
      vertex -39.3251 19.1649 15.3
      vertex -39.3251 13.0351 15.3
      vertex -38.8125 13.4997 15.3
    endloop
  endfacet
  facet normal 0 0 1
    outer loop
      vertex -39.7897 19.6775 15.3
      vertex -39.3251 13.0351 15.3
      vertex -39.3251 19.1649 15.3
    endloop
  endfacet
  facet normal 0 0 1
    outer loop
      vertex -39.7897 19.6775 15.3
      vertex -39.7897 12.5225 15.3
      vertex -39.3251 13.0351 15.3
    endloop
  endfacet
  facet normal 0 0 1
    outer loop
      vertex -40.2019 20.2332 15.3
      vertex -39.7897 12.5225 15.3
      vertex -39.7897 19.6775 15.3
    endloop
  endfacet
  facet normal 0 0 1
    outer loop
      vertex -40.2019 20.2332 15.3
      vertex -40.2019 11.9668 15.3
      vertex -39.7897 12.5225 15.3
    endloop
  endfacet
  facet normal 0 0 1
    outer loop
      vertex -46.0468 9.64229 15.3
      vertex -40.2019 20.2332 15.3
      vertex -40.5575 20.8267 15.3
    endloop
  endfacet
  facet normal 0 0 1
    outer loop
      vertex -40.2019 20.2332 15.3
      vertex -45.7332 9.64229 15.3
      vertex -40.2019 11.9668 15.3
    endloop
  endfacet
  facet normal 0 0 1
    outer loop
      vertex -50.5094 9.96341 15.3
      vertex -40.5575 20.8267 15.3
      vertex -40.8533 21.4521 15.3
    endloop
  endfacet
  facet normal 0 -0 1
    outer loop
      vertex -45.5779 9.61926 15.3
      vertex -40.2019 11.9668 15.3
      vertex -45.7332 9.64229 15.3
    endloop
  endfacet
  facet normal 0 0 1
    outer loop
      vertex -50.5094 9.96341 15.3
      vertex -40.8533 21.4521 15.3
      vertex -41.0864 22.1035 15.3
    endloop
  endfacet
  facet normal 0 0 1
    outer loop
      vertex -40.2019 11.9668 15.3
      vertex -45.4255 9.5811 15.3
      vertex -40.5575 11.3733 15.3
    endloop
  endfacet
  facet normal 0 0 1
    outer loop
      vertex -50.5094 9.96341 15.3
      vertex -41.0864 22.1035 15.3
      vertex -41.2545 22.7746 15.3
    endloop
  endfacet
  facet normal 0 -0 1
    outer loop
      vertex -45.2777 9.52821 15.3
      vertex -40.5575 11.3733 15.3
      vertex -45.4255 9.5811 15.3
    endloop
  endfacet
  facet normal 0 0 1
    outer loop
      vertex -50.5094 9.96341 15.3
      vertex -41.2545 22.7746 15.3
      vertex -41.356 23.459 15.3
    endloop
  endfacet
  facet normal 0 0 1
    outer loop
      vertex -40.5575 11.3733 15.3
      vertex -45.1358 9.46107 15.3
      vertex -40.8533 10.7479 15.3
    endloop
  endfacet
  facet normal 0 0 1
    outer loop
      vertex -42.2997 27.532 15.3
      vertex -41.356 23.459 15.3
      vertex -41.39 24.15 15.3
    endloop
  endfacet
  facet normal 0 0 1
    outer loop
      vertex -40.8533 10.7479 15.3
      vertex -44.875 9.28682 15.3
      vertex -41.0864 10.0965 15.3
    endloop
  endfacet
  facet normal 0 0 1
    outer loop
      vertex -18.61 24.15 15.3
      vertex -17.0119 24.2285 15.3
      vertex -17.0459 24.9195 15.3
    endloop
  endfacet
  facet normal 0 0 1
    outer loop
      vertex -17.0119 24.2285 15.3
      vertex -18.61 8.05 15.3
      vertex -17.0119 -24.2285 15.3
    endloop
  endfacet
  facet normal 0 0 1
    outer loop
      vertex -18.644 24.841 15.3
      vertex -17.0459 24.9195 15.3
      vertex -17.0613 25.0758 15.3
    endloop
  endfacet
  facet normal -0 0 1
    outer loop
      vertex -18.61 -8.05 15.3
      vertex -17.0119 -24.2285 15.3
      vertex -18.61 8.05 15.3
    endloop
  endfacet
  facet normal 0 0 1
    outer loop
      vertex -18.644 24.841 15.3
      vertex -17.0613 25.0758 15.3
      vertex -17.1628 25.7601 15.3
    endloop
  endfacet
  facet normal -0 0 1
    outer loop
      vertex -18.644 -8.74101 15.3
      vertex -17.0119 -24.2285 15.3
      vertex -18.61 -8.05 15.3
    endloop
  endfacet
  facet normal 0 0 1
    outer loop
      vertex -18.7455 25.5254 15.3
      vertex -17.1628 25.7601 15.3
      vertex -17.1934 25.9141 15.3
    endloop
  endfacet
  facet normal 0 0 1
    outer loop
      vertex -17.0119 -24.2285 15.3
      vertex -18.61 -24.15 15.3
      vertex -17.0459 -24.9195 15.3
    endloop
  endfacet
  facet normal 0 0 1
    outer loop
      vertex -18.7455 25.5254 15.3
      vertex -17.1934 25.9141 15.3
      vertex -17.3615 26.5853 15.3
    endloop
  endfacet
  facet normal -0 0 1
    outer loop
      vertex -18.644 -24.841 15.3
      vertex -17.0459 -24.9195 15.3
      vertex -18.61 -24.15 15.3
    endloop
  endfacet
  facet normal 0 0 1
    outer loop
      vertex -18.9136 26.1965 15.3
      vertex -17.3615 26.5853 15.3
      vertex -17.4071 26.7355 15.3
    endloop
  endfacet
  facet normal 0 0 1
    outer loop
      vertex -17.0459 -24.9195 15.3
      vertex -18.644 -24.841 15.3
      vertex -17.0613 -25.0758 15.3
    endloop
  endfacet
  facet normal 0 0 1
    outer loop
      vertex -18.9136 26.1965 15.3
      vertex -17.4071 26.7355 15.3
      vertex -17.6402 27.3869 15.3
    endloop
  endfacet
  facet normal 0 0 1
    outer loop
      vertex -17.0613 -25.0758 15.3
      vertex -18.644 -24.841 15.3
      vertex -17.1628 -25.7601 15.3
    endloop
  endfacet
  facet normal 0 0 1
    outer loop
      vertex -19.1467 26.8479 15.3
      vertex -17.6402 27.3869 15.3
      vertex -17.7003 27.532 15.3
    endloop
  endfacet
  facet normal -0 0 1
    outer loop
      vertex -18.7455 -25.5254 15.3
      vertex -17.1628 -25.7601 15.3
      vertex -18.644 -24.841 15.3
    endloop
  endfacet
  facet normal 0 0 1
    outer loop
      vertex -19.1467 26.8479 15.3
      vertex -17.7003 27.532 15.3
      vertex -17.9961 28.1574 15.3
    endloop
  endfacet
  facet normal 0 0 1
    outer loop
      vertex -17.1628 -25.7601 15.3
      vertex -18.7455 -25.5254 15.3
      vertex -17.1934 -25.9141 15.3
    endloop
  endfacet
  facet normal 0 0 1
    outer loop
      vertex -19.4425 27.4733 15.3
      vertex -17.9961 28.1574 15.3
      vertex -18.0701 28.2959 15.3
    endloop
  endfacet
  facet normal 0 0 1
    outer loop
      vertex -17.1934 -25.9141 15.3
      vertex -18.7455 -25.5254 15.3
      vertex -17.3615 -26.5853 15.3
    endloop
  endfacet
  facet normal 0 0 1
    outer loop
      vertex -19.4425 27.4733 15.3
      vertex -18.0701 28.2959 15.3
      vertex -18.4258 28.8893 15.3
    endloop
  endfacet
  facet normal -0 0 1
    outer loop
      vertex -18.9136 -26.1965 15.3
      vertex -17.3615 -26.5853 15.3
      vertex -18.7455 -25.5254 15.3
    endloop
  endfacet
  facet normal 0 0 1
    outer loop
      vertex -19.7981 28.0668 15.3
      vertex -18.4258 28.8893 15.3
      vertex -18.513 29.0199 15.3
    endloop
  endfacet
  facet normal 0 0 1
    outer loop
      vertex -17.3615 -26.5853 15.3
      vertex -18.9136 -26.1965 15.3
      vertex -17.4071 -26.7355 15.3
    endloop
  endfacet
  facet normal 0 0 1
    outer loop
      vertex -18.644 23.459 15.3
      vertex -17.0119 24.2285 15.3
      vertex -18.61 24.15 15.3
    endloop
  endfacet
  facet normal 0 0 1
    outer loop
      vertex -17.0459 24.9195 15.3
      vertex -18.644 24.841 15.3
      vertex -18.61 24.15 15.3
    endloop
  endfacet
  facet normal 0 0 1
    outer loop
      vertex -17.1628 25.7601 15.3
      vertex -18.7455 25.5254 15.3
      vertex -18.644 24.841 15.3
    endloop
  endfacet
  facet normal 0 0 1
    outer loop
      vertex -17.3615 26.5853 15.3
      vertex -18.9136 26.1965 15.3
      vertex -18.7455 25.5254 15.3
    endloop
  endfacet
  facet normal 0 0 1
    outer loop
      vertex -19.7981 28.0668 15.3
      vertex -18.513 29.0199 15.3
      vertex -18.9252 29.5756 15.3
    endloop
  endfacet
  facet normal 0 0 1
    outer loop
      vertex -20.2103 28.6225 15.3
      vertex -18.9252 29.5756 15.3
      vertex -19.0248 29.697 15.3
    endloop
  endfacet
  facet normal 0 0 1
    outer loop
      vertex -17.6402 27.3869 15.3
      vertex -19.1467 26.8479 15.3
      vertex -18.9136 26.1965 15.3
    endloop
  endfacet
  facet normal 0 0 1
    outer loop
      vertex -17.9961 28.1574 15.3
      vertex -19.4425 27.4733 15.3
      vertex -19.1467 26.8479 15.3
    endloop
  endfacet
  facet normal 0 0 1
    outer loop
      vertex -20.2103 28.6225 15.3
      vertex -19.0248 29.697 15.3
      vertex -19.4894 30.2096 15.3
    endloop
  endfacet
  facet normal 0 0 1
    outer loop
      vertex -20.6749 29.1351 15.3
      vertex -19.4894 30.2096 15.3
      vertex -19.6004 30.3206 15.3
    endloop
  endfacet
  facet normal 0 0 1
    outer loop
      vertex -18.4258 28.8893 15.3
      vertex -19.7981 28.0668 15.3
      vertex -19.4425 27.4733 15.3
    endloop
  endfacet
  facet normal 0 0 1
    outer loop
      vertex -20.6749 29.1351 15.3
      vertex -19.6004 30.3206 15.3
      vertex -20.113 30.7852 15.3
    endloop
  endfacet
  facet normal 0 0 1
    outer loop
      vertex -18.9252 29.5756 15.3
      vertex -20.2103 28.6225 15.3
      vertex -19.7981 28.0668 15.3
    endloop
  endfacet
  facet normal 0 0 1
    outer loop
      vertex -21.1875 29.5997 15.3
      vertex -20.113 30.7852 15.3
      vertex -20.2344 30.8849 15.3
    endloop
  endfacet
  facet normal 0 0 1
    outer loop
      vertex -19.4894 30.2096 15.3
      vertex -20.6749 29.1351 15.3
      vertex -20.2103 28.6225 15.3
    endloop
  endfacet
  facet normal 0 0 1
    outer loop
      vertex -21.1875 29.5997 15.3
      vertex -20.2344 30.8849 15.3
      vertex -20.7901 31.297 15.3
    endloop
  endfacet
  facet normal 0 0 1
    outer loop
      vertex -21.7432 30.0118 15.3
      vertex -20.7901 31.297 15.3
      vertex -20.9206 31.3842 15.3
    endloop
  endfacet
  facet normal 0 0 1
    outer loop
      vertex -20.113 30.7852 15.3
      vertex -21.1875 29.5997 15.3
      vertex -20.6749 29.1351 15.3
    endloop
  endfacet
  facet normal 0 0 1
    outer loop
      vertex -21.7432 30.0118 15.3
      vertex -20.9206 31.3842 15.3
      vertex -21.5141 31.7399 15.3
    endloop
  endfacet
  facet normal 0 0 1
    outer loop
      vertex -22.3367 30.3675 15.3
      vertex -21.5141 31.7399 15.3
      vertex -21.6526 31.8139 15.3
    endloop
  endfacet
  facet normal 0 0 1
    outer loop
      vertex -20.7901 31.297 15.3
      vertex -21.7432 30.0118 15.3
      vertex -21.1875 29.5997 15.3
    endloop
  endfacet
  facet normal 0 0 1
    outer loop
      vertex -22.3367 30.3675 15.3
      vertex -21.6526 31.8139 15.3
      vertex -22.278 32.1097 15.3
    endloop
  endfacet
  facet normal 0 0 1
    outer loop
      vertex -21.5141 31.7399 15.3
      vertex -22.3367 30.3675 15.3
      vertex -21.7432 30.0118 15.3
    endloop
  endfacet
  facet normal 0 0 1
    outer loop
      vertex -22.9621 30.6633 15.3
      vertex -22.278 32.1097 15.3
      vertex -22.4231 32.1698 15.3
    endloop
  endfacet
  facet normal 0 0 1
    outer loop
      vertex -22.278 32.1097 15.3
      vertex -22.9621 30.6633 15.3
      vertex -22.3367 30.3675 15.3
    endloop
  endfacet
  facet normal 0 0 1
    outer loop
      vertex -23.0745 32.4029 15.3
      vertex -22.9621 30.6633 15.3
      vertex -22.4231 32.1698 15.3
    endloop
  endfacet
  facet normal 0 0 1
    outer loop
      vertex -23.6135 30.8964 15.3
      vertex -23.0745 32.4029 15.3
      vertex -23.2247 32.4485 15.3
    endloop
  endfacet
  facet normal 0 0 1
    outer loop
      vertex -23.0745 32.4029 15.3
      vertex -23.6135 30.8964 15.3
      vertex -22.9621 30.6633 15.3
    endloop
  endfacet
  facet normal 0 0 1
    outer loop
      vertex -23.8958 32.6166 15.3
      vertex -23.6135 30.8964 15.3
      vertex -23.2247 32.4485 15.3
    endloop
  endfacet
  facet normal 0 0 1
    outer loop
      vertex -24.2846 31.0645 15.3
      vertex -23.8958 32.6166 15.3
      vertex -24.0499 32.6472 15.3
    endloop
  endfacet
  facet normal 0 0 1
    outer loop
      vertex -23.8958 32.6166 15.3
      vertex -24.2846 31.0645 15.3
      vertex -23.6135 30.8964 15.3
    endloop
  endfacet
  facet normal 0 0 1
    outer loop
      vertex -24.7342 32.7487 15.3
      vertex -24.2846 31.0645 15.3
      vertex -24.0499 32.6472 15.3
    endloop
  endfacet
  facet normal 0 0 1
    outer loop
      vertex -24.969 31.1661 15.3
      vertex -24.7342 32.7487 15.3
      vertex -24.8905 32.7641 15.3
    endloop
  endfacet
  facet normal 0 0 1
    outer loop
      vertex -24.7342 32.7487 15.3
      vertex -24.969 31.1661 15.3
      vertex -24.2846 31.0645 15.3
    endloop
  endfacet
  facet normal 0 0 1
    outer loop
      vertex -25.5815 32.798 15.3
      vertex -24.969 31.1661 15.3
      vertex -24.8905 32.7641 15.3
    endloop
  endfacet
  facet normal 0 0 1
    outer loop
      vertex -25.66 31.2 15.3
      vertex -25.5815 32.798 15.3
      vertex -25.66 32.8 15.3
    endloop
  endfacet
  facet normal 0 0 1
    outer loop
      vertex -25.5815 32.798 15.3
      vertex -25.66 31.2 15.3
      vertex -24.969 31.1661 15.3
    endloop
  endfacet
  facet normal -0 0 1
    outer loop
      vertex -34.34 32.8 15.3
      vertex -25.66 31.2 15.3
      vertex -25.66 32.8 15.3
    endloop
  endfacet
  facet normal 0 0 1
    outer loop
      vertex -34.34 32.8 15.3
      vertex -34.34 31.2 15.3
      vertex -25.66 31.2 15.3
    endloop
  endfacet
  facet normal -0 0 1
    outer loop
      vertex -34.4185 32.798 15.3
      vertex -34.34 31.2 15.3
      vertex -34.34 32.8 15.3
    endloop
  endfacet
  facet normal 0 0 1
    outer loop
      vertex -34.4185 32.798 15.3
      vertex -35.031 31.1661 15.3
      vertex -34.34 31.2 15.3
    endloop
  endfacet
  facet normal -0 0 1
    outer loop
      vertex -35.1095 32.7641 15.3
      vertex -35.031 31.1661 15.3
      vertex -34.4185 32.798 15.3
    endloop
  endfacet
  facet normal -0 0 1
    outer loop
      vertex -35.2658 32.7487 15.3
      vertex -35.031 31.1661 15.3
      vertex -35.1095 32.7641 15.3
    endloop
  endfacet
  facet normal 0 0 1
    outer loop
      vertex -35.2658 32.7487 15.3
      vertex -35.7154 31.0645 15.3
      vertex -35.031 31.1661 15.3
    endloop
  endfacet
  facet normal -0 0 1
    outer loop
      vertex -35.9501 32.6472 15.3
      vertex -35.7154 31.0645 15.3
      vertex -35.2658 32.7487 15.3
    endloop
  endfacet
  facet normal -0 0 1
    outer loop
      vertex -36.1042 32.6166 15.3
      vertex -35.7154 31.0645 15.3
      vertex -35.9501 32.6472 15.3
    endloop
  endfacet
  facet normal 0 0 1
    outer loop
      vertex -36.1042 32.6166 15.3
      vertex -36.3865 30.8964 15.3
      vertex -35.7154 31.0645 15.3
    endloop
  endfacet
  facet normal -0 0 1
    outer loop
      vertex -36.7753 32.4485 15.3
      vertex -36.3865 30.8964 15.3
      vertex -36.1042 32.6166 15.3
    endloop
  endfacet
  facet normal -0 0 1
    outer loop
      vertex -36.9255 32.4029 15.3
      vertex -36.3865 30.8964 15.3
      vertex -36.7753 32.4485 15.3
    endloop
  endfacet
  facet normal 0 0 1
    outer loop
      vertex -36.9255 32.4029 15.3
      vertex -37.0379 30.6633 15.3
      vertex -36.3865 30.8964 15.3
    endloop
  endfacet
  facet normal -0 0 1
    outer loop
      vertex -37.5769 32.1698 15.3
      vertex -37.0379 30.6633 15.3
      vertex -36.9255 32.4029 15.3
    endloop
  endfacet
  facet normal -0 0 1
    outer loop
      vertex -37.722 32.1097 15.3
      vertex -37.0379 30.6633 15.3
      vertex -37.5769 32.1698 15.3
    endloop
  endfacet
  facet normal 0 0 1
    outer loop
      vertex -37.0379 30.6633 15.3
      vertex -37.722 32.1097 15.3
      vertex -37.6633 30.3675 15.3
    endloop
  endfacet
  facet normal -0 0 1
    outer loop
      vertex -38.3474 31.8139 15.3
      vertex -37.6633 30.3675 15.3
      vertex -37.722 32.1097 15.3
    endloop
  endfacet
  facet normal -0 0 1
    outer loop
      vertex -38.4859 31.7399 15.3
      vertex -37.6633 30.3675 15.3
      vertex -38.3474 31.8139 15.3
    endloop
  endfacet
  facet normal 0 0 1
    outer loop
      vertex -37.6633 30.3675 15.3
      vertex -38.4859 31.7399 15.3
      vertex -38.2568 30.0118 15.3
    endloop
  endfacet
  facet normal -0 0 1
    outer loop
      vertex -39.0794 31.3842 15.3
      vertex -38.2568 30.0118 15.3
      vertex -38.4859 31.7399 15.3
    endloop
  endfacet
  facet normal -0 0 1
    outer loop
      vertex -39.2099 31.297 15.3
      vertex -38.2568 30.0118 15.3
      vertex -39.0794 31.3842 15.3
    endloop
  endfacet
  facet normal 0 0 1
    outer loop
      vertex -38.2568 30.0118 15.3
      vertex -39.2099 31.297 15.3
      vertex -38.8125 29.5997 15.3
    endloop
  endfacet
  facet normal -0 0 1
    outer loop
      vertex -39.7656 30.8849 15.3
      vertex -38.8125 29.5997 15.3
      vertex -39.2099 31.297 15.3
    endloop
  endfacet
  facet normal -0 0 1
    outer loop
      vertex -39.887 30.7852 15.3
      vertex -38.8125 29.5997 15.3
      vertex -39.7656 30.8849 15.3
    endloop
  endfacet
  facet normal 0 0 1
    outer loop
      vertex -38.8125 29.5997 15.3
      vertex -39.887 30.7852 15.3
      vertex -39.3251 29.1351 15.3
    endloop
  endfacet
  facet normal -0 0 1
    outer loop
      vertex -40.3996 30.3206 15.3
      vertex -39.3251 29.1351 15.3
      vertex -39.887 30.7852 15.3
    endloop
  endfacet
  facet normal -0 0 1
    outer loop
      vertex -40.5106 30.2096 15.3
      vertex -39.3251 29.1351 15.3
      vertex -40.3996 30.3206 15.3
    endloop
  endfacet
  facet normal 0 0 1
    outer loop
      vertex -39.3251 29.1351 15.3
      vertex -40.5106 30.2096 15.3
      vertex -39.7897 28.6225 15.3
    endloop
  endfacet
  facet normal -0 0 1
    outer loop
      vertex -40.9752 29.697 15.3
      vertex -39.7897 28.6225 15.3
      vertex -40.5106 30.2096 15.3
    endloop
  endfacet
  facet normal -0 0 1
    outer loop
      vertex -41.0748 29.5756 15.3
      vertex -39.7897 28.6225 15.3
      vertex -40.9752 29.697 15.3
    endloop
  endfacet
  facet normal 0 0 1
    outer loop
      vertex -39.7897 28.6225 15.3
      vertex -41.0748 29.5756 15.3
      vertex -40.2019 28.0668 15.3
    endloop
  endfacet
  facet normal -0 0 1
    outer loop
      vertex -41.487 29.0199 15.3
      vertex -40.2019 28.0668 15.3
      vertex -41.0748 29.5756 15.3
    endloop
  endfacet
  facet normal -0 0 1
    outer loop
      vertex -41.5742 28.8893 15.3
      vertex -40.2019 28.0668 15.3
      vertex -41.487 29.0199 15.3
    endloop
  endfacet
  facet normal 0 0 1
    outer loop
      vertex -40.2019 28.0668 15.3
      vertex -41.5742 28.8893 15.3
      vertex -40.5575 27.4733 15.3
    endloop
  endfacet
  facet normal -0 0 1
    outer loop
      vertex -41.9299 28.2959 15.3
      vertex -40.5575 27.4733 15.3
      vertex -41.5742 28.8893 15.3
    endloop
  endfacet
  facet normal -0 0 1
    outer loop
      vertex -42.0039 28.1574 15.3
      vertex -40.5575 27.4733 15.3
      vertex -41.9299 28.2959 15.3
    endloop
  endfacet
  facet normal 0 -0 1
    outer loop
      vertex -44.6532 9.06503 15.3
      vertex -41.0864 10.0965 15.3
      vertex -44.7586 9.18137 15.3
    endloop
  endfacet
  facet normal 0 0 1
    outer loop
      vertex -41.2545 -6.67462 15.3
      vertex -44.29 -8.05 15.3
      vertex -41.356 -7.35899 15.3
    endloop
  endfacet
  facet normal 0 0 1
    outer loop
      vertex -40.8533 26.8479 15.3
      vertex -42.2997 27.532 15.3
      vertex -41.0864 26.1965 15.3
    endloop
  endfacet
  facet normal -0 0 1
    outer loop
      vertex -42.2997 27.532 15.3
      vertex -40.8533 26.8479 15.3
      vertex -42.0039 28.1574 15.3
    endloop
  endfacet
  facet normal 0 0 1
    outer loop
      vertex -40.5575 27.4733 15.3
      vertex -42.0039 28.1574 15.3
      vertex -40.8533 26.8479 15.3
    endloop
  endfacet
  facet normal 0 0 1
    outer loop
      vertex -17.4071 -26.7355 15.3
      vertex -18.9136 -26.1965 15.3
      vertex -17.6402 -27.3869 15.3
    endloop
  endfacet
  facet normal -0 0 1
    outer loop
      vertex -19.1467 -26.8479 15.3
      vertex -17.6402 -27.3869 15.3
      vertex -18.9136 -26.1965 15.3
    endloop
  endfacet
  facet normal 0 0 1
    outer loop
      vertex -17.6402 -27.3869 15.3
      vertex -19.1467 -26.8479 15.3
      vertex -17.7003 -27.532 15.3
    endloop
  endfacet
  facet normal 0 0 1
    outer loop
      vertex -17.7003 -27.532 15.3
      vertex -19.1467 -26.8479 15.3
      vertex -17.9961 -28.1574 15.3
    endloop
  endfacet
  facet normal -0 0 1
    outer loop
      vertex -19.4425 -27.4733 15.3
      vertex -17.9961 -28.1574 15.3
      vertex -19.1467 -26.8479 15.3
    endloop
  endfacet
  facet normal 0 0 1
    outer loop
      vertex -17.9961 -28.1574 15.3
      vertex -19.4425 -27.4733 15.3
      vertex -18.0701 -28.2959 15.3
    endloop
  endfacet
  facet normal 0 0 1
    outer loop
      vertex -18.0701 -28.2959 15.3
      vertex -19.4425 -27.4733 15.3
      vertex -18.4258 -28.8893 15.3
    endloop
  endfacet
  facet normal -0 0 1
    outer loop
      vertex -19.7981 -28.0668 15.3
      vertex -18.4258 -28.8893 15.3
      vertex -19.4425 -27.4733 15.3
    endloop
  endfacet
  facet normal 0 0 1
    outer loop
      vertex -18.4258 -28.8893 15.3
      vertex -19.7981 -28.0668 15.3
      vertex -18.513 -29.0199 15.3
    endloop
  endfacet
  facet normal 0 0 1
    outer loop
      vertex -18.513 -29.0199 15.3
      vertex -19.7981 -28.0668 15.3
      vertex -18.9252 -29.5756 15.3
    endloop
  endfacet
  facet normal -0 0 1
    outer loop
      vertex -20.2103 -28.6225 15.3
      vertex -18.9252 -29.5756 15.3
      vertex -19.7981 -28.0668 15.3
    endloop
  endfacet
  facet normal 0 0 1
    outer loop
      vertex -18.9252 -29.5756 15.3
      vertex -20.2103 -28.6225 15.3
      vertex -19.0248 -29.697 15.3
    endloop
  endfacet
  facet normal 0 0 1
    outer loop
      vertex -19.0248 -29.697 15.3
      vertex -20.2103 -28.6225 15.3
      vertex -19.4894 -30.2096 15.3
    endloop
  endfacet
  facet normal -0 0 1
    outer loop
      vertex -20.6749 -29.1351 15.3
      vertex -19.4894 -30.2096 15.3
      vertex -20.2103 -28.6225 15.3
    endloop
  endfacet
  facet normal 0 0 1
    outer loop
      vertex -19.4894 -30.2096 15.3
      vertex -20.6749 -29.1351 15.3
      vertex -19.6004 -30.3206 15.3
    endloop
  endfacet
  facet normal 0 0 1
    outer loop
      vertex -19.6004 -30.3206 15.3
      vertex -20.6749 -29.1351 15.3
      vertex -20.113 -30.7852 15.3
    endloop
  endfacet
  facet normal -0 0 1
    outer loop
      vertex -21.1875 -29.5997 15.3
      vertex -20.113 -30.7852 15.3
      vertex -20.6749 -29.1351 15.3
    endloop
  endfacet
  facet normal 0 0 1
    outer loop
      vertex -20.113 -30.7852 15.3
      vertex -21.1875 -29.5997 15.3
      vertex -20.2344 -30.8849 15.3
    endloop
  endfacet
  facet normal 0 0 1
    outer loop
      vertex -20.2344 -30.8849 15.3
      vertex -21.1875 -29.5997 15.3
      vertex -20.7901 -31.297 15.3
    endloop
  endfacet
  facet normal -0 0 1
    outer loop
      vertex -21.7432 -30.0118 15.3
      vertex -20.7901 -31.297 15.3
      vertex -21.1875 -29.5997 15.3
    endloop
  endfacet
  facet normal 0 0 1
    outer loop
      vertex -20.7901 -31.297 15.3
      vertex -21.7432 -30.0118 15.3
      vertex -20.9206 -31.3842 15.3
    endloop
  endfacet
  facet normal 0 0 1
    outer loop
      vertex -20.9206 -31.3842 15.3
      vertex -21.7432 -30.0118 15.3
      vertex -21.5141 -31.7399 15.3
    endloop
  endfacet
  facet normal -0 0 1
    outer loop
      vertex -22.3367 -30.3675 15.3
      vertex -21.5141 -31.7399 15.3
      vertex -21.7432 -30.0118 15.3
    endloop
  endfacet
  facet normal 0 0 1
    outer loop
      vertex -21.5141 -31.7399 15.3
      vertex -22.3367 -30.3675 15.3
      vertex -21.6526 -31.8139 15.3
    endloop
  endfacet
  facet normal 0 0 1
    outer loop
      vertex -21.6526 -31.8139 15.3
      vertex -22.3367 -30.3675 15.3
      vertex -22.278 -32.1097 15.3
    endloop
  endfacet
  facet normal -0 0 1
    outer loop
      vertex -22.9621 -30.6633 15.3
      vertex -22.278 -32.1097 15.3
      vertex -22.3367 -30.3675 15.3
    endloop
  endfacet
  facet normal 0 0 1
    outer loop
      vertex -22.278 -32.1097 15.3
      vertex -22.9621 -30.6633 15.3
      vertex -22.4231 -32.1698 15.3
    endloop
  endfacet
  facet normal 0 0 1
    outer loop
      vertex -22.9621 -30.6633 15.3
      vertex -23.0745 -32.4029 15.3
      vertex -22.4231 -32.1698 15.3
    endloop
  endfacet
  facet normal -0 0 1
    outer loop
      vertex -23.6135 -30.8964 15.3
      vertex -23.0745 -32.4029 15.3
      vertex -22.9621 -30.6633 15.3
    endloop
  endfacet
  facet normal 0 0 1
    outer loop
      vertex -23.0745 -32.4029 15.3
      vertex -23.6135 -30.8964 15.3
      vertex -23.2247 -32.4485 15.3
    endloop
  endfacet
  facet normal 0 0 1
    outer loop
      vertex -23.6135 -30.8964 15.3
      vertex -23.8958 -32.6166 15.3
      vertex -23.2247 -32.4485 15.3
    endloop
  endfacet
  facet normal -0 0 1
    outer loop
      vertex -24.2846 -31.0645 15.3
      vertex -23.8958 -32.6166 15.3
      vertex -23.6135 -30.8964 15.3
    endloop
  endfacet
  facet normal 0 0 1
    outer loop
      vertex -23.8958 -32.6166 15.3
      vertex -24.2846 -31.0645 15.3
      vertex -24.0499 -32.6472 15.3
    endloop
  endfacet
  facet normal 0 0 1
    outer loop
      vertex -24.2846 -31.0645 15.3
      vertex -24.7342 -32.7487 15.3
      vertex -24.0499 -32.6472 15.3
    endloop
  endfacet
  facet normal -0 0 1
    outer loop
      vertex -24.969 -31.1661 15.3
      vertex -24.7342 -32.7487 15.3
      vertex -24.2846 -31.0645 15.3
    endloop
  endfacet
  facet normal 0 0 1
    outer loop
      vertex -24.7342 -32.7487 15.3
      vertex -24.969 -31.1661 15.3
      vertex -24.8905 -32.7641 15.3
    endloop
  endfacet
  facet normal 0 0 1
    outer loop
      vertex -24.969 -31.1661 15.3
      vertex -25.5815 -32.798 15.3
      vertex -24.8905 -32.7641 15.3
    endloop
  endfacet
  facet normal -0 0 1
    outer loop
      vertex -25.66 -31.2 15.3
      vertex -25.5815 -32.798 15.3
      vertex -24.969 -31.1661 15.3
    endloop
  endfacet
  facet normal 0 0 1
    outer loop
      vertex -25.66 -31.2 15.3
      vertex -25.66 -32.8 15.3
      vertex -25.5815 -32.798 15.3
    endloop
  endfacet
  facet normal -0 0 1
    outer loop
      vertex -34.34 -31.2 15.3
      vertex -25.66 -32.8 15.3
      vertex -25.66 -31.2 15.3
    endloop
  endfacet
  facet normal 0 0 1
    outer loop
      vertex -34.34 -31.2 15.3
      vertex -34.34 -32.8 15.3
      vertex -25.66 -32.8 15.3
    endloop
  endfacet
  facet normal 0 0 1
    outer loop
      vertex -34.34 -31.2 15.3
      vertex -34.4185 -32.798 15.3
      vertex -34.34 -32.8 15.3
    endloop
  endfacet
  facet normal 0 0 1
    outer loop
      vertex -35.031 -31.1661 15.3
      vertex -34.4185 -32.798 15.3
      vertex -34.34 -31.2 15.3
    endloop
  endfacet
  facet normal 0 0 1
    outer loop
      vertex -35.031 -31.1661 15.3
      vertex -35.1095 -32.7641 15.3
      vertex -34.4185 -32.798 15.3
    endloop
  endfacet
  facet normal 0 0 1
    outer loop
      vertex -35.031 -31.1661 15.3
      vertex -35.2658 -32.7487 15.3
      vertex -35.1095 -32.7641 15.3
    endloop
  endfacet
  facet normal 0 0 1
    outer loop
      vertex -35.7154 -31.0645 15.3
      vertex -35.2658 -32.7487 15.3
      vertex -35.031 -31.1661 15.3
    endloop
  endfacet
  facet normal 0 0 1
    outer loop
      vertex -35.7154 -31.0645 15.3
      vertex -35.9501 -32.6472 15.3
      vertex -35.2658 -32.7487 15.3
    endloop
  endfacet
  facet normal 0 0 1
    outer loop
      vertex -35.7154 -31.0645 15.3
      vertex -36.1042 -32.6166 15.3
      vertex -35.9501 -32.6472 15.3
    endloop
  endfacet
  facet normal 0 0 1
    outer loop
      vertex -36.3865 -30.8964 15.3
      vertex -36.1042 -32.6166 15.3
      vertex -35.7154 -31.0645 15.3
    endloop
  endfacet
  facet normal 0 0 1
    outer loop
      vertex -36.3865 -30.8964 15.3
      vertex -36.7753 -32.4485 15.3
      vertex -36.1042 -32.6166 15.3
    endloop
  endfacet
  facet normal 0 0 1
    outer loop
      vertex -36.3865 -30.8964 15.3
      vertex -36.9255 -32.4029 15.3
      vertex -36.7753 -32.4485 15.3
    endloop
  endfacet
  facet normal 0 0 1
    outer loop
      vertex -37.0379 -30.6633 15.3
      vertex -36.9255 -32.4029 15.3
      vertex -36.3865 -30.8964 15.3
    endloop
  endfacet
  facet normal 0 0 1
    outer loop
      vertex -37.0379 -30.6633 15.3
      vertex -37.5769 -32.1698 15.3
      vertex -36.9255 -32.4029 15.3
    endloop
  endfacet
  facet normal 0 0 1
    outer loop
      vertex -37.722 -32.1097 15.3
      vertex -37.0379 -30.6633 15.3
      vertex -37.6633 -30.3675 15.3
    endloop
  endfacet
  facet normal 0 0 1
    outer loop
      vertex -37.0379 -30.6633 15.3
      vertex -37.722 -32.1097 15.3
      vertex -37.5769 -32.1698 15.3
    endloop
  endfacet
  facet normal 0 0 1
    outer loop
      vertex -38.4859 -31.7399 15.3
      vertex -37.6633 -30.3675 15.3
      vertex -38.2568 -30.0118 15.3
    endloop
  endfacet
  facet normal 0 0 1
    outer loop
      vertex -37.6633 -30.3675 15.3
      vertex -38.3474 -31.8139 15.3
      vertex -37.722 -32.1097 15.3
    endloop
  endfacet
  facet normal 0 0 1
    outer loop
      vertex -37.6633 -30.3675 15.3
      vertex -38.4859 -31.7399 15.3
      vertex -38.3474 -31.8139 15.3
    endloop
  endfacet
  facet normal 0 0 1
    outer loop
      vertex -39.2099 -31.297 15.3
      vertex -38.2568 -30.0118 15.3
      vertex -38.8125 -29.5997 15.3
    endloop
  endfacet
  facet normal 0 0 1
    outer loop
      vertex -38.2568 -30.0118 15.3
      vertex -39.0794 -31.3842 15.3
      vertex -38.4859 -31.7399 15.3
    endloop
  endfacet
  facet normal 0 0 1
    outer loop
      vertex -38.2568 -30.0118 15.3
      vertex -39.2099 -31.297 15.3
      vertex -39.0794 -31.3842 15.3
    endloop
  endfacet
  facet normal 0 0 1
    outer loop
      vertex -39.887 -30.7852 15.3
      vertex -38.8125 -29.5997 15.3
      vertex -39.3251 -29.1351 15.3
    endloop
  endfacet
  facet normal 0 0 1
    outer loop
      vertex -38.8125 -29.5997 15.3
      vertex -39.7656 -30.8849 15.3
      vertex -39.2099 -31.297 15.3
    endloop
  endfacet
  facet normal 0 0 1
    outer loop
      vertex -40.5106 -30.2096 15.3
      vertex -39.3251 -29.1351 15.3
      vertex -39.7897 -28.6225 15.3
    endloop
  endfacet
  facet normal 0 0 1
    outer loop
      vertex -38.8125 -29.5997 15.3
      vertex -39.887 -30.7852 15.3
      vertex -39.7656 -30.8849 15.3
    endloop
  endfacet
  facet normal 0 0 1
    outer loop
      vertex -41.0748 -29.5756 15.3
      vertex -39.7897 -28.6225 15.3
      vertex -40.2019 -28.0668 15.3
    endloop
  endfacet
  facet normal 0 0 1
    outer loop
      vertex -39.3251 -29.1351 15.3
      vertex -40.3996 -30.3206 15.3
      vertex -39.887 -30.7852 15.3
    endloop
  endfacet
  facet normal 0 0 1
    outer loop
      vertex -39.3251 -29.1351 15.3
      vertex -40.5106 -30.2096 15.3
      vertex -40.3996 -30.3206 15.3
    endloop
  endfacet
  facet normal 0 0 1
    outer loop
      vertex -41.5742 -28.8893 15.3
      vertex -40.2019 -28.0668 15.3
      vertex -40.5575 -27.4733 15.3
    endloop
  endfacet
  facet normal 0 0 1
    outer loop
      vertex -42.0039 -28.1574 15.3
      vertex -40.5575 -27.4733 15.3
      vertex -40.8533 -26.8479 15.3
    endloop
  endfacet
  facet normal 0 0 1
    outer loop
      vertex -39.7897 -28.6225 15.3
      vertex -40.9752 -29.697 15.3
      vertex -40.5106 -30.2096 15.3
    endloop
  endfacet
  facet normal 0 0 1
    outer loop
      vertex -39.7897 -28.6225 15.3
      vertex -41.0748 -29.5756 15.3
      vertex -40.9752 -29.697 15.3
    endloop
  endfacet
  facet normal 0 0 1
    outer loop
      vertex -42.2997 -27.532 15.3
      vertex -40.8533 -26.8479 15.3
      vertex -41.0864 -26.1965 15.3
    endloop
  endfacet
  facet normal 0 0 1
    outer loop
      vertex -42.2997 -27.532 15.3
      vertex -41.0864 -26.1965 15.3
      vertex -41.2545 -25.5254 15.3
    endloop
  endfacet
  facet normal 0 0 1
    outer loop
      vertex -42.2997 -27.532 15.3
      vertex -41.2545 -25.5254 15.3
      vertex -41.356 -24.841 15.3
    endloop
  endfacet
  facet normal 0 0 1
    outer loop
      vertex -40.2019 -28.0668 15.3
      vertex -41.487 -29.0199 15.3
      vertex -41.0748 -29.5756 15.3
    endloop
  endfacet
  facet normal 0 0 1
    outer loop
      vertex -42.2997 -27.532 15.3
      vertex -41.356 -24.841 15.3
      vertex -41.39 -24.15 15.3
    endloop
  endfacet
  facet normal 0 0 1
    outer loop
      vertex -44.2977 -8.20683 15.3
      vertex -41.39 -8.05 15.3
      vertex -44.29 -8.05 15.3
    endloop
  endfacet
  facet normal 0 0 1
    outer loop
      vertex -41.0864 26.1965 15.3
      vertex -42.2997 27.532 15.3
      vertex -41.2545 25.5254 15.3
    endloop
  endfacet
  facet normal 0 0 1
    outer loop
      vertex -41.356 -23.459 15.3
      vertex -42.2997 -27.532 15.3
      vertex -41.39 -24.15 15.3
    endloop
  endfacet
  facet normal 0 0 1
    outer loop
      vertex -41.2545 25.5254 15.3
      vertex -42.2997 27.532 15.3
      vertex -41.356 24.841 15.3
    endloop
  endfacet
  facet normal 0 0 1
    outer loop
      vertex -40.8533 -26.8479 15.3
      vertex -42.2997 -27.532 15.3
      vertex -42.0039 -28.1574 15.3
    endloop
  endfacet
  facet normal 0 0 1
    outer loop
      vertex -41.356 24.841 15.3
      vertex -42.2997 27.532 15.3
      vertex -41.39 24.15 15.3
    endloop
  endfacet
  facet normal 0 0 1
    outer loop
      vertex -40.2019 -28.0668 15.3
      vertex -41.5742 -28.8893 15.3
      vertex -41.487 -29.0199 15.3
    endloop
  endfacet
  facet normal 0 0 1
    outer loop
      vertex -41.356 23.459 15.3
      vertex -42.2997 27.532 15.3
      vertex -50.5094 9.96341 15.3
    endloop
  endfacet
  facet normal 0 0 1
    outer loop
      vertex -40.5575 -27.4733 15.3
      vertex -41.9299 -28.2959 15.3
      vertex -41.5742 -28.8893 15.3
    endloop
  endfacet
  facet normal 0 0 1
    outer loop
      vertex -40.5575 -27.4733 15.3
      vertex -42.0039 -28.1574 15.3
      vertex -41.9299 -28.2959 15.3
    endloop
  endfacet
  facet normal 0 0 1
    outer loop
      vertex -41.39 8.05 15.3
      vertex -44.2977 8.20683 15.3
      vertex -44.29 8.05 15.3
    endloop
  endfacet
  facet normal 0 0 1
    outer loop
      vertex -41.356 8.74101 15.3
      vertex -44.2977 8.20683 15.3
      vertex -41.39 8.05 15.3
    endloop
  endfacet
  facet normal 0 -0 1
    outer loop
      vertex -44.2977 8.20683 15.3
      vertex -41.356 8.74101 15.3
      vertex -44.3207 8.36214 15.3
    endloop
  endfacet
  facet normal 0 -0 1
    outer loop
      vertex -44.3207 8.36214 15.3
      vertex -41.356 8.74101 15.3
      vertex -44.3589 8.51445 15.3
    endloop
  endfacet
  facet normal 0 -0 1
    outer loop
      vertex -44.3589 8.51445 15.3
      vertex -41.356 8.74101 15.3
      vertex -44.4118 8.66229 15.3
    endloop
  endfacet
  facet normal 0 0 1
    outer loop
      vertex -41.2545 9.42538 15.3
      vertex -44.4118 8.66229 15.3
      vertex -41.356 8.74101 15.3
    endloop
  endfacet
  facet normal 0 -0 1
    outer loop
      vertex -44.4118 8.66229 15.3
      vertex -41.2545 9.42538 15.3
      vertex -44.4789 8.80423 15.3
    endloop
  endfacet
  facet normal 0 -0 1
    outer loop
      vertex -44.4789 8.80423 15.3
      vertex -41.2545 9.42538 15.3
      vertex -44.5597 8.93891 15.3
    endloop
  endfacet
  facet normal 0 -0 1
    outer loop
      vertex -44.5597 8.93891 15.3
      vertex -41.2545 9.42538 15.3
      vertex -44.6532 9.06503 15.3
    endloop
  endfacet
  facet normal 0 0 1
    outer loop
      vertex -41.0864 10.0965 15.3
      vertex -44.6532 9.06503 15.3
      vertex -41.2545 9.42538 15.3
    endloop
  endfacet
  facet normal 0 -0 1
    outer loop
      vertex -44.7586 9.18137 15.3
      vertex -41.0864 10.0965 15.3
      vertex -44.875 9.28682 15.3
    endloop
  endfacet
  facet normal 0 -0 1
    outer loop
      vertex -44.875 9.28682 15.3
      vertex -40.8533 10.7479 15.3
      vertex -45.0011 9.38035 15.3
    endloop
  endfacet
  facet normal 0 -0 1
    outer loop
      vertex -45.0011 9.38035 15.3
      vertex -40.8533 10.7479 15.3
      vertex -45.1358 9.46107 15.3
    endloop
  endfacet
  facet normal 0 -0 1
    outer loop
      vertex -45.1358 9.46107 15.3
      vertex -40.5575 11.3733 15.3
      vertex -45.2777 9.52821 15.3
    endloop
  endfacet
  facet normal 0 -0 1
    outer loop
      vertex -45.4255 9.5811 15.3
      vertex -40.2019 11.9668 15.3
      vertex -45.5779 9.61926 15.3
    endloop
  endfacet
  facet normal 0 0 1
    outer loop
      vertex -40.2019 20.2332 15.3
      vertex -45.89 9.65 15.3
      vertex -45.7332 9.64229 15.3
    endloop
  endfacet
  facet normal 0 0 1
    outer loop
      vertex -40.2019 20.2332 15.3
      vertex -46.0468 9.64229 15.3
      vertex -45.89 9.65 15.3
    endloop
  endfacet
  facet normal 0 0 1
    outer loop
      vertex -40.5575 20.8267 15.3
      vertex -46.2021 9.61926 15.3
      vertex -46.0468 9.64229 15.3
    endloop
  endfacet
  facet normal 0 0 1
    outer loop
      vertex -40.5575 20.8267 15.3
      vertex -50.5094 9.96341 15.3
      vertex -46.2021 9.61926 15.3
    endloop
  endfacet
  facet normal 0 0 1
    outer loop
      vertex -46.2021 9.61926 15.3
      vertex -50.5094 9.96341 15.3
      vertex -46.3545 9.5811 15.3
    endloop
  endfacet
  facet normal 0 0 1
    outer loop
      vertex -46.3545 9.5811 15.3
      vertex -50.5094 9.96341 15.3
      vertex -46.5023 9.52821 15.3
    endloop
  endfacet
  facet normal 0 0 1
    outer loop
      vertex -46.5023 9.52821 15.3
      vertex -50.5094 9.96341 15.3
      vertex -46.6442 9.46107 15.3
    endloop
  endfacet
  facet normal 0 0 1
    outer loop
      vertex -46.6442 9.46107 15.3
      vertex -50.5094 9.96341 15.3
      vertex -46.7789 9.38035 15.3
    endloop
  endfacet
  facet normal 0 0 1
    outer loop
      vertex -46.7789 9.38035 15.3
      vertex -50.5094 9.96341 15.3
      vertex -46.905 9.28682 15.3
    endloop
  endfacet
  facet normal 0 0 1
    outer loop
      vertex -46.905 9.28682 15.3
      vertex -50.5094 9.96341 15.3
      vertex -47.0214 9.18137 15.3
    endloop
  endfacet
  facet normal 0 0 1
    outer loop
      vertex -47.0214 9.18137 15.3
      vertex -50.5094 9.96341 15.3
      vertex -47.1268 9.06503 15.3
    endloop
  endfacet
  facet normal 0 0 1
    outer loop
      vertex -47.1268 9.06503 15.3
      vertex -50.5094 9.96341 15.3
      vertex -47.2204 8.93891 15.3
    endloop
  endfacet
  facet normal 0 0 1
    outer loop
      vertex -47.2204 8.93891 15.3
      vertex -50.5094 9.96341 15.3
      vertex -47.3011 8.80423 15.3
    endloop
  endfacet
  facet normal 0 0 1
    outer loop
      vertex -47.3011 8.80423 15.3
      vertex -50.5094 9.96341 15.3
      vertex -47.3682 8.66229 15.3
    endloop
  endfacet
  facet normal 0 0 1
    outer loop
      vertex -47.4823 8.20683 15.3
      vertex -50.89 8.04999 15.3
      vertex -47.49 8.05 15.3
    endloop
  endfacet
  facet normal 0 0 1
    outer loop
      vertex -47.4593 8.36214 15.3
      vertex -50.89 8.04999 15.3
      vertex -47.4823 8.20683 15.3
    endloop
  endfacet
  facet normal 0 0 1
    outer loop
      vertex -50.89 8.04999 15.3
      vertex -47.4593 8.36214 15.3
      vertex -50.5094 9.96341 15.3
    endloop
  endfacet
  facet normal 0 0 1
    outer loop
      vertex -47.4211 8.51445 15.3
      vertex -50.5094 9.96341 15.3
      vertex -47.4593 8.36214 15.3
    endloop
  endfacet
  facet normal 0 0 1
    outer loop
      vertex -47.3682 8.66229 15.3
      vertex -50.5094 9.96341 15.3
      vertex -47.4211 8.51445 15.3
    endloop
  endfacet
  facet normal 0.989176 0.146736 0
    outer loop
      vertex 83.4831 0.34306 6.5
      vertex 83.4327 0.682816 6
      vertex 83.4327 0.682816 6.5
    endloop
  endfacet
  facet normal 0.989176 0.146736 0
    outer loop
      vertex 83.4327 0.682816 6
      vertex 83.4831 0.34306 6.5
      vertex 83.4831 0.34306 6
    endloop
  endfacet
  facet normal 0.998789 0.0492029 0
    outer loop
      vertex 83.5 0 6.5
      vertex 83.4831 0.34306 6
      vertex 83.4831 0.34306 6.5
    endloop
  endfacet
  facet normal 0.998789 0.0492029 0
    outer loop
      vertex 83.4831 0.34306 6
      vertex 83.5 0 6.5
      vertex 83.5 0 6
    endloop
  endfacet
  facet normal 0.970071 0.242821 0
    outer loop
      vertex 83.4327 0.682816 6.5
      vertex 83.3493 1.016 6
      vertex 83.3493 1.016 6.5
    endloop
  endfacet
  facet normal 0.970071 0.242821 0
    outer loop
      vertex 83.3493 1.016 6
      vertex 83.4327 0.682816 6.5
      vertex 83.4327 0.682816 6
    endloop
  endfacet
  facet normal 0.427566 0.903984 -0
    outer loop
      vertex 81.6499 3.08672 6
      vertex 81.3394 3.23358 6.5
      vertex 81.6499 3.08672 6.5
    endloop
  endfacet
  facet normal 0.427566 0.903984 0
    outer loop
      vertex 81.3394 3.23358 6.5
      vertex 81.6499 3.08672 6
      vertex 81.3394 3.23358 6
    endloop
  endfacet
  facet normal -0.242974 0.970033 0
    outer loop
      vertex 79.3172 3.43275 6
      vertex 78.984 3.34929 6.5
      vertex 79.3172 3.43275 6.5
    endloop
  endfacet
  facet normal -0.242974 0.970033 0
    outer loop
      vertex 78.984 3.34929 6.5
      vertex 79.3172 3.43275 6
      vertex 78.984 3.34929 6
    endloop
  endfacet
  facet normal -0.14676 0.989172 0
    outer loop
      vertex 79.6569 3.48315 6
      vertex 79.3172 3.43275 6.5
      vertex 79.6569 3.48315 6.5
    endloop
  endfacet
  facet normal -0.14676 0.989172 0
    outer loop
      vertex 79.3172 3.43275 6.5
      vertex 79.6569 3.48315 6
      vertex 79.3172 3.43275 6
    endloop
  endfacet
  facet normal 0.998789 -0.0492029 0
    outer loop
      vertex 83.4831 -0.34306 6.5
      vertex 83.5 0 6
      vertex 83.5 0 6.5
    endloop
  endfacet
  facet normal 0.998789 -0.0492029 0
    outer loop
      vertex 83.5 0 6
      vertex 83.4831 -0.34306 6.5
      vertex 83.4831 -0.34306 6
    endloop
  endfacet
  facet normal -0.336879 -0.941548 0
    outer loop
      vertex 78.6606 -3.23358 6
      vertex 78.984 -3.34929 6.5
      vertex 78.6606 -3.23358 6.5
    endloop
  endfacet
  facet normal -0.336879 -0.941548 -0
    outer loop
      vertex 78.984 -3.34929 6.5
      vertex 78.6606 -3.23358 6
      vertex 78.984 -3.34929 6
    endloop
  endfacet
  facet normal 0.803217 -0.595687 0
    outer loop
      vertex 82.7055 -2.22038 6.5
      vertex 82.9101 -1.9445 6
      vertex 82.9101 -1.9445 6.5
    endloop
  endfacet
  facet normal 0.803217 -0.595687 0
    outer loop
      vertex 82.9101 -1.9445 6
      vertex 82.7055 -2.22038 6.5
      vertex 82.7055 -2.22038 6
    endloop
  endfacet
  facet normal 0.336879 -0.941548 0
    outer loop
      vertex 81.016 -3.34929 6
      vertex 81.3394 -3.23358 6.5
      vertex 81.016 -3.34929 6.5
    endloop
  endfacet
  facet normal 0.336879 -0.941548 0
    outer loop
      vertex 81.3394 -3.23358 6.5
      vertex 81.016 -3.34929 6
      vertex 81.3394 -3.23358 6
    endloop
  endfacet
  facet normal -0.741033 -0.671469 0
    outer loop
      vertex 77.5251 -2.47487 6
      vertex 77.2945 -2.22038 6.5
      vertex 77.2945 -2.22038 6
    endloop
  endfacet
  facet normal -0.741033 -0.671469 0
    outer loop
      vertex 77.2945 -2.22038 6.5
      vertex 77.5251 -2.47487 6
      vertex 77.5251 -2.47487 6.5
    endloop
  endfacet
  facet normal -0.595659 -0.803237 0
    outer loop
      vertex 77.7796 -2.70554 6
      vertex 78.0555 -2.91014 6.5
      vertex 77.7796 -2.70554 6.5
    endloop
  endfacet
  facet normal -0.595659 -0.803237 -0
    outer loop
      vertex 78.0555 -2.91014 6.5
      vertex 77.7796 -2.70554 6
      vertex 78.0555 -2.91014 6
    endloop
  endfacet
  facet normal 0.857706 -0.51414 0
    outer loop
      vertex 82.9101 -1.9445 6.5
      vertex 83.0867 -1.64989 6
      vertex 83.0867 -1.64989 6.5
    endloop
  endfacet
  facet normal 0.857706 -0.51414 0
    outer loop
      vertex 83.0867 -1.64989 6
      vertex 82.9101 -1.9445 6.5
      vertex 82.9101 -1.9445 6
    endloop
  endfacet
  facet normal 0.427566 -0.903984 0
    outer loop
      vertex 81.3394 -3.23358 6
      vertex 81.6499 -3.08672 6.5
      vertex 81.3394 -3.23358 6.5
    endloop
  endfacet
  facet normal 0.427566 -0.903984 0
    outer loop
      vertex 81.6499 -3.08672 6.5
      vertex 81.3394 -3.23358 6
      vertex 81.6499 -3.08672 6
    endloop
  endfacet
  facet normal -0.0490519 -0.998796 0
    outer loop
      vertex 79.6569 -3.48315 6
      vertex 80 -3.5 6.5
      vertex 79.6569 -3.48315 6.5
    endloop
  endfacet
  facet normal -0.0490519 -0.998796 -0
    outer loop
      vertex 80 -3.5 6.5
      vertex 79.6569 -3.48315 6
      vertex 80 -3.5 6
    endloop
  endfacet
  facet normal 0.0490519 0.998796 -0
    outer loop
      vertex 80.3431 3.48315 6
      vertex 80 3.5 6.5
      vertex 80.3431 3.48315 6.5
    endloop
  endfacet
  facet normal 0.0490519 0.998796 0
    outer loop
      vertex 80 3.5 6.5
      vertex 80.3431 3.48315 6
      vertex 80 3.5 6
    endloop
  endfacet
  facet normal 0.242974 0.970033 -0
    outer loop
      vertex 81.016 3.34929 6
      vertex 80.6828 3.43275 6.5
      vertex 81.016 3.34929 6.5
    endloop
  endfacet
  facet normal 0.242974 0.970033 0
    outer loop
      vertex 80.6828 3.43275 6.5
      vertex 81.016 3.34929 6
      vertex 80.6828 3.43275 6
    endloop
  endfacet
  facet normal -0.970071 -0.242821 0
    outer loop
      vertex 76.6507 -1.016 6
      vertex 76.5673 -0.682816 6.5
      vertex 76.5673 -0.682816 6
    endloop
  endfacet
  facet normal -0.970071 -0.242821 0
    outer loop
      vertex 76.5673 -0.682816 6.5
      vertex 76.6507 -1.016 6
      vertex 76.6507 -1.016 6.5
    endloop
  endfacet
  facet normal -0.336879 0.941548 0
    outer loop
      vertex 78.984 3.34929 6
      vertex 78.6606 3.23358 6.5
      vertex 78.984 3.34929 6.5
    endloop
  endfacet
  facet normal -0.336879 0.941548 0
    outer loop
      vertex 78.6606 3.23358 6.5
      vertex 78.984 3.34929 6
      vertex 78.6606 3.23358 6
    endloop
  endfacet
  facet normal 0.14676 -0.989172 0
    outer loop
      vertex 80.3431 -3.48315 6
      vertex 80.6828 -3.43275 6.5
      vertex 80.3431 -3.48315 6.5
    endloop
  endfacet
  facet normal 0.14676 -0.989172 0
    outer loop
      vertex 80.6828 -3.43275 6.5
      vertex 80.3431 -3.48315 6
      vertex 80.6828 -3.43275 6
    endloop
  endfacet
  facet normal 0.51411 0.857724 -0
    outer loop
      vertex 81.9445 2.91014 6
      vertex 81.6499 3.08672 6.5
      vertex 81.9445 2.91014 6.5
    endloop
  endfacet
  facet normal 0.51411 0.857724 0
    outer loop
      vertex 81.6499 3.08672 6.5
      vertex 81.9445 2.91014 6
      vertex 81.6499 3.08672 6
    endloop
  endfacet
  facet normal 0.595659 -0.803237 0
    outer loop
      vertex 81.9445 -2.91014 6
      vertex 82.2204 -2.70554 6.5
      vertex 81.9445 -2.91014 6.5
    endloop
  endfacet
  facet normal 0.595659 -0.803237 0
    outer loop
      vertex 82.2204 -2.70554 6.5
      vertex 81.9445 -2.91014 6
      vertex 82.2204 -2.70554 6
    endloop
  endfacet
  facet normal 0.0490519 -0.998796 0
    outer loop
      vertex 80 -3.5 6
      vertex 80.3431 -3.48315 6.5
      vertex 80 -3.5 6.5
    endloop
  endfacet
  facet normal 0.0490519 -0.998796 0
    outer loop
      vertex 80.3431 -3.48315 6.5
      vertex 80 -3.5 6
      vertex 80.3431 -3.48315 6
    endloop
  endfacet
  facet normal 0.741033 0.671469 0
    outer loop
      vertex 82.7055 2.22038 6.5
      vertex 82.4749 2.47487 6
      vertex 82.4749 2.47487 6.5
    endloop
  endfacet
  facet normal 0.741033 0.671469 0
    outer loop
      vertex 82.4749 2.47487 6
      vertex 82.7055 2.22038 6.5
      vertex 82.7055 2.22038 6
    endloop
  endfacet
  facet normal -0.857706 0.51414 0
    outer loop
      vertex 76.9133 1.64989 6
      vertex 77.0899 1.9445 6.5
      vertex 77.0899 1.9445 6
    endloop
  endfacet
  facet normal -0.857706 0.51414 0
    outer loop
      vertex 77.0899 1.9445 6.5
      vertex 76.9133 1.64989 6
      vertex 76.9133 1.64989 6.5
    endloop
  endfacet
  facet normal 0.803217 0.595687 0
    outer loop
      vertex 82.9101 1.9445 6.5
      vertex 82.7055 2.22038 6
      vertex 82.7055 2.22038 6.5
    endloop
  endfacet
  facet normal 0.803217 0.595687 0
    outer loop
      vertex 82.7055 2.22038 6
      vertex 82.9101 1.9445 6.5
      vertex 82.9101 1.9445 6
    endloop
  endfacet
  facet normal -0.903939 -0.427661 0
    outer loop
      vertex 76.9133 -1.64989 6
      vertex 76.7664 -1.33939 6.5
      vertex 76.7664 -1.33939 6
    endloop
  endfacet
  facet normal -0.903939 -0.427661 0
    outer loop
      vertex 76.7664 -1.33939 6.5
      vertex 76.9133 -1.64989 6
      vertex 76.9133 -1.64989 6.5
    endloop
  endfacet
  facet normal 0.336879 0.941548 -0
    outer loop
      vertex 81.3394 3.23358 6
      vertex 81.016 3.34929 6.5
      vertex 81.3394 3.23358 6.5
    endloop
  endfacet
  facet normal 0.336879 0.941548 0
    outer loop
      vertex 81.016 3.34929 6.5
      vertex 81.3394 3.23358 6
      vertex 81.016 3.34929 6
    endloop
  endfacet
  facet normal -0.941554 0.336862 0
    outer loop
      vertex 76.6507 1.016 6
      vertex 76.7664 1.33939 6.5
      vertex 76.7664 1.33939 6
    endloop
  endfacet
  facet normal -0.941554 0.336862 0
    outer loop
      vertex 76.7664 1.33939 6.5
      vertex 76.6507 1.016 6
      vertex 76.6507 1.016 6.5
    endloop
  endfacet
  facet normal -0.803217 -0.595687 0
    outer loop
      vertex 77.2945 -2.22038 6
      vertex 77.0899 -1.9445 6.5
      vertex 77.0899 -1.9445 6
    endloop
  endfacet
  facet normal -0.803217 -0.595687 0
    outer loop
      vertex 77.0899 -1.9445 6.5
      vertex 77.2945 -2.22038 6
      vertex 77.2945 -2.22038 6.5
    endloop
  endfacet
  facet normal 0.970071 -0.242821 0
    outer loop
      vertex 83.3493 -1.016 6.5
      vertex 83.4327 -0.682816 6
      vertex 83.4327 -0.682816 6.5
    endloop
  endfacet
  facet normal 0.970071 -0.242821 0
    outer loop
      vertex 83.4327 -0.682816 6
      vertex 83.3493 -1.016 6.5
      vertex 83.3493 -1.016 6
    endloop
  endfacet
  facet normal 0.14676 0.989172 -0
    outer loop
      vertex 80.6828 3.43275 6
      vertex 80.3431 3.48315 6.5
      vertex 80.6828 3.43275 6.5
    endloop
  endfacet
  facet normal 0.14676 0.989172 0
    outer loop
      vertex 80.3431 3.48315 6.5
      vertex 80.6828 3.43275 6
      vertex 80.3431 3.48315 6
    endloop
  endfacet
  facet normal 0.903939 -0.427661 0
    outer loop
      vertex 83.0867 -1.64989 6.5
      vertex 83.2336 -1.33939 6
      vertex 83.2336 -1.33939 6.5
    endloop
  endfacet
  facet normal 0.903939 -0.427661 0
    outer loop
      vertex 83.2336 -1.33939 6
      vertex 83.0867 -1.64989 6.5
      vertex 83.0867 -1.64989 6
    endloop
  endfacet
  facet normal 0.989176 -0.146736 0
    outer loop
      vertex 83.4327 -0.682816 6.5
      vertex 83.4831 -0.34306 6
      vertex 83.4831 -0.34306 6.5
    endloop
  endfacet
  facet normal 0.989176 -0.146736 0
    outer loop
      vertex 83.4831 -0.34306 6
      vertex 83.4327 -0.682816 6.5
      vertex 83.4327 -0.682816 6
    endloop
  endfacet
  facet normal -0.989176 -0.146736 0
    outer loop
      vertex 76.5673 -0.682816 6
      vertex 76.5169 -0.34306 6.5
      vertex 76.5169 -0.34306 6
    endloop
  endfacet
  facet normal -0.989176 -0.146736 0
    outer loop
      vertex 76.5169 -0.34306 6.5
      vertex 76.5673 -0.682816 6
      vertex 76.5673 -0.682816 6.5
    endloop
  endfacet
  facet normal 0.941554 0.336862 0
    outer loop
      vertex 83.3493 1.016 6.5
      vertex 83.2336 1.33939 6
      vertex 83.2336 1.33939 6.5
    endloop
  endfacet
  facet normal 0.941554 0.336862 0
    outer loop
      vertex 83.2336 1.33939 6
      vertex 83.3493 1.016 6.5
      vertex 83.3493 1.016 6
    endloop
  endfacet
  facet normal -0.427566 0.903984 0
    outer loop
      vertex 78.6606 3.23358 6
      vertex 78.3501 3.08672 6.5
      vertex 78.6606 3.23358 6.5
    endloop
  endfacet
  facet normal -0.427566 0.903984 0
    outer loop
      vertex 78.3501 3.08672 6.5
      vertex 78.6606 3.23358 6
      vertex 78.3501 3.08672 6
    endloop
  endfacet
  facet normal 0.595659 0.803237 -0
    outer loop
      vertex 82.2204 2.70554 6
      vertex 81.9445 2.91014 6.5
      vertex 82.2204 2.70554 6.5
    endloop
  endfacet
  facet normal 0.595659 0.803237 0
    outer loop
      vertex 81.9445 2.91014 6.5
      vertex 82.2204 2.70554 6
      vertex 81.9445 2.91014 6
    endloop
  endfacet
  facet normal 0.903939 0.427661 0
    outer loop
      vertex 83.2336 1.33939 6.5
      vertex 83.0867 1.64989 6
      vertex 83.0867 1.64989 6.5
    endloop
  endfacet
  facet normal 0.903939 0.427661 0
    outer loop
      vertex 83.0867 1.64989 6
      vertex 83.2336 1.33939 6.5
      vertex 83.2336 1.33939 6
    endloop
  endfacet
  facet normal -0.903939 0.427661 0
    outer loop
      vertex 76.7664 1.33939 6
      vertex 76.9133 1.64989 6.5
      vertex 76.9133 1.64989 6
    endloop
  endfacet
  facet normal -0.903939 0.427661 0
    outer loop
      vertex 76.9133 1.64989 6.5
      vertex 76.7664 1.33939 6
      vertex 76.7664 1.33939 6.5
    endloop
  endfacet
  facet normal 0.741033 -0.671469 0
    outer loop
      vertex 82.4749 -2.47487 6.5
      vertex 82.7055 -2.22038 6
      vertex 82.7055 -2.22038 6.5
    endloop
  endfacet
  facet normal 0.741033 -0.671469 0
    outer loop
      vertex 82.7055 -2.22038 6
      vertex 82.4749 -2.47487 6.5
      vertex 82.4749 -2.47487 6
    endloop
  endfacet
  facet normal 0.857706 0.51414 0
    outer loop
      vertex 83.0867 1.64989 6.5
      vertex 82.9101 1.9445 6
      vertex 82.9101 1.9445 6.5
    endloop
  endfacet
  facet normal 0.857706 0.51414 0
    outer loop
      vertex 82.9101 1.9445 6
      vertex 83.0867 1.64989 6.5
      vertex 83.0867 1.64989 6
    endloop
  endfacet
  facet normal -0.989176 0.146736 0
    outer loop
      vertex 76.5169 0.34306 6
      vertex 76.5673 0.682816 6.5
      vertex 76.5673 0.682816 6
    endloop
  endfacet
  facet normal -0.989176 0.146736 0
    outer loop
      vertex 76.5673 0.682816 6.5
      vertex 76.5169 0.34306 6
      vertex 76.5169 0.34306 6.5
    endloop
  endfacet
  facet normal -0.803217 0.595687 0
    outer loop
      vertex 77.0899 1.9445 6
      vertex 77.2945 2.22038 6.5
      vertex 77.2945 2.22038 6
    endloop
  endfacet
  facet normal -0.803217 0.595687 0
    outer loop
      vertex 77.2945 2.22038 6.5
      vertex 77.0899 1.9445 6
      vertex 77.0899 1.9445 6.5
    endloop
  endfacet
  facet normal -0.671566 0.740944 0
    outer loop
      vertex 77.7796 2.70554 6
      vertex 77.5251 2.47487 6.5
      vertex 77.7796 2.70554 6.5
    endloop
  endfacet
  facet normal -0.671566 0.740944 0
    outer loop
      vertex 77.5251 2.47487 6.5
      vertex 77.7796 2.70554 6
      vertex 77.5251 2.47487 6
    endloop
  endfacet
  facet normal 0.242974 -0.970033 0
    outer loop
      vertex 80.6828 -3.43275 6
      vertex 81.016 -3.34929 6.5
      vertex 80.6828 -3.43275 6.5
    endloop
  endfacet
  facet normal 0.242974 -0.970033 0
    outer loop
      vertex 81.016 -3.34929 6.5
      vertex 80.6828 -3.43275 6
      vertex 81.016 -3.34929 6
    endloop
  endfacet
  facet normal -0.741033 0.671469 0
    outer loop
      vertex 77.2945 2.22038 6
      vertex 77.5251 2.47487 6.5
      vertex 77.5251 2.47487 6
    endloop
  endfacet
  facet normal -0.741033 0.671469 0
    outer loop
      vertex 77.5251 2.47487 6.5
      vertex 77.2945 2.22038 6
      vertex 77.2945 2.22038 6.5
    endloop
  endfacet
  facet normal -0.671566 -0.740944 0
    outer loop
      vertex 77.5251 -2.47487 6
      vertex 77.7796 -2.70554 6.5
      vertex 77.5251 -2.47487 6.5
    endloop
  endfacet
  facet normal -0.671566 -0.740944 -0
    outer loop
      vertex 77.7796 -2.70554 6.5
      vertex 77.5251 -2.47487 6
      vertex 77.7796 -2.70554 6
    endloop
  endfacet
  facet normal -0.970071 0.242821 0
    outer loop
      vertex 76.5673 0.682816 6
      vertex 76.6507 1.016 6.5
      vertex 76.6507 1.016 6
    endloop
  endfacet
  facet normal -0.970071 0.242821 0
    outer loop
      vertex 76.6507 1.016 6.5
      vertex 76.5673 0.682816 6
      vertex 76.5673 0.682816 6.5
    endloop
  endfacet
  facet normal -0.0490519 0.998796 0
    outer loop
      vertex 80 3.5 6
      vertex 79.6569 3.48315 6.5
      vertex 80 3.5 6.5
    endloop
  endfacet
  facet normal -0.0490519 0.998796 0
    outer loop
      vertex 79.6569 3.48315 6.5
      vertex 80 3.5 6
      vertex 79.6569 3.48315 6
    endloop
  endfacet
  facet normal -0.51411 0.857724 0
    outer loop
      vertex 78.3501 3.08672 6
      vertex 78.0555 2.91014 6.5
      vertex 78.3501 3.08672 6.5
    endloop
  endfacet
  facet normal -0.51411 0.857724 0
    outer loop
      vertex 78.0555 2.91014 6.5
      vertex 78.3501 3.08672 6
      vertex 78.0555 2.91014 6
    endloop
  endfacet
  facet normal -0.595659 0.803237 0
    outer loop
      vertex 78.0555 2.91014 6
      vertex 77.7796 2.70554 6.5
      vertex 78.0555 2.91014 6.5
    endloop
  endfacet
  facet normal -0.595659 0.803237 0
    outer loop
      vertex 77.7796 2.70554 6.5
      vertex 78.0555 2.91014 6
      vertex 77.7796 2.70554 6
    endloop
  endfacet
  facet normal 0.51411 -0.857724 0
    outer loop
      vertex 81.6499 -3.08672 6
      vertex 81.9445 -2.91014 6.5
      vertex 81.6499 -3.08672 6.5
    endloop
  endfacet
  facet normal 0.51411 -0.857724 0
    outer loop
      vertex 81.9445 -2.91014 6.5
      vertex 81.6499 -3.08672 6
      vertex 81.9445 -2.91014 6
    endloop
  endfacet
  facet normal -0.941554 -0.336862 0
    outer loop
      vertex 76.7664 -1.33939 6
      vertex 76.6507 -1.016 6.5
      vertex 76.6507 -1.016 6
    endloop
  endfacet
  facet normal -0.941554 -0.336862 0
    outer loop
      vertex 76.6507 -1.016 6.5
      vertex 76.7664 -1.33939 6
      vertex 76.7664 -1.33939 6.5
    endloop
  endfacet
  facet normal 0.671566 0.740944 -0
    outer loop
      vertex 82.4749 2.47487 6
      vertex 82.2204 2.70554 6.5
      vertex 82.4749 2.47487 6.5
    endloop
  endfacet
  facet normal 0.671566 0.740944 0
    outer loop
      vertex 82.2204 2.70554 6.5
      vertex 82.4749 2.47487 6
      vertex 82.2204 2.70554 6
    endloop
  endfacet
  facet normal 0.941554 -0.336862 0
    outer loop
      vertex 83.2336 -1.33939 6.5
      vertex 83.3493 -1.016 6
      vertex 83.3493 -1.016 6.5
    endloop
  endfacet
  facet normal 0.941554 -0.336862 0
    outer loop
      vertex 83.3493 -1.016 6
      vertex 83.2336 -1.33939 6.5
      vertex 83.2336 -1.33939 6
    endloop
  endfacet
  facet normal -0.242974 -0.970033 0
    outer loop
      vertex 78.984 -3.34929 6
      vertex 79.3172 -3.43275 6.5
      vertex 78.984 -3.34929 6.5
    endloop
  endfacet
  facet normal -0.242974 -0.970033 -0
    outer loop
      vertex 79.3172 -3.43275 6.5
      vertex 78.984 -3.34929 6
      vertex 79.3172 -3.43275 6
    endloop
  endfacet
  facet normal 0 0 1
    outer loop
      vertex 81.6 0 6.5
      vertex 83.5 0 6.5
      vertex 83.4831 0.34306 6.5
    endloop
  endfacet
  facet normal 0 0 1
    outer loop
      vertex 81.5923 0.156827 6.5
      vertex 83.4831 0.34306 6.5
      vertex 83.4327 0.682816 6.5
    endloop
  endfacet
  facet normal 0 0 1
    outer loop
      vertex 83.5 0 6.5
      vertex 81.6 0 6.5
      vertex 83.4831 -0.34306 6.5
    endloop
  endfacet
  facet normal 0 0 1
    outer loop
      vertex 81.5693 0.312144 6.5
      vertex 83.4327 0.682816 6.5
      vertex 83.3493 1.016 6.5
    endloop
  endfacet
  facet normal -0 0 1
    outer loop
      vertex 81.5923 -0.156827 6.5
      vertex 83.4831 -0.34306 6.5
      vertex 81.6 0 6.5
    endloop
  endfacet
  facet normal 0 0 1
    outer loop
      vertex 81.5311 0.464455 6.5
      vertex 83.3493 1.016 6.5
      vertex 83.2336 1.33939 6.5
    endloop
  endfacet
  facet normal 0 0 1
    outer loop
      vertex 83.4831 -0.34306 6.5
      vertex 81.5923 -0.156827 6.5
      vertex 83.4327 -0.682816 6.5
    endloop
  endfacet
  facet normal 0 0 1
    outer loop
      vertex 81.4782 0.612293 6.5
      vertex 83.2336 1.33939 6.5
      vertex 83.0867 1.64989 6.5
    endloop
  endfacet
  facet normal -0 0 1
    outer loop
      vertex 81.5693 -0.312144 6.5
      vertex 83.4327 -0.682816 6.5
      vertex 81.5923 -0.156827 6.5
    endloop
  endfacet
  facet normal 0 0 1
    outer loop
      vertex 81.4111 0.754234 6.5
      vertex 83.0867 1.64989 6.5
      vertex 82.9101 1.9445 6.5
    endloop
  endfacet
  facet normal 0 0 1
    outer loop
      vertex 83.4327 -0.682816 6.5
      vertex 81.5693 -0.312144 6.5
      vertex 83.3493 -1.016 6.5
    endloop
  endfacet
  facet normal 0 0 1
    outer loop
      vertex 81.3304 0.888912 6.5
      vertex 82.9101 1.9445 6.5
      vertex 82.7055 2.22038 6.5
    endloop
  endfacet
  facet normal -0 0 1
    outer loop
      vertex 81.5311 -0.464455 6.5
      vertex 83.3493 -1.016 6.5
      vertex 81.5693 -0.312144 6.5
    endloop
  endfacet
  facet normal 0 0 1
    outer loop
      vertex 81.2368 1.01503 6.5
      vertex 82.7055 2.22038 6.5
      vertex 82.4749 2.47487 6.5
    endloop
  endfacet
  facet normal 0 0 1
    outer loop
      vertex 83.3493 -1.016 6.5
      vertex 81.5311 -0.464455 6.5
      vertex 83.2336 -1.33939 6.5
    endloop
  endfacet
  facet normal 0 0 1
    outer loop
      vertex 81.1314 1.13137 6.5
      vertex 82.4749 2.47487 6.5
      vertex 82.2204 2.70554 6.5
    endloop
  endfacet
  facet normal -0 0 1
    outer loop
      vertex 81.4782 -0.612293 6.5
      vertex 83.2336 -1.33939 6.5
      vertex 81.5311 -0.464455 6.5
    endloop
  endfacet
  facet normal 0 0 1
    outer loop
      vertex 81.015 1.23682 6.5
      vertex 82.2204 2.70554 6.5
      vertex 81.9445 2.91014 6.5
    endloop
  endfacet
  facet normal 0 0 1
    outer loop
      vertex 83.2336 -1.33939 6.5
      vertex 81.4782 -0.612293 6.5
      vertex 83.0867 -1.64989 6.5
    endloop
  endfacet
  facet normal 0 0 1
    outer loop
      vertex 80.8889 1.33035 6.5
      vertex 81.9445 2.91014 6.5
      vertex 81.6499 3.08672 6.5
    endloop
  endfacet
  facet normal -0 0 1
    outer loop
      vertex 81.4111 -0.754234 6.5
      vertex 83.0867 -1.64989 6.5
      vertex 81.4782 -0.612293 6.5
    endloop
  endfacet
  facet normal 0 0 1
    outer loop
      vertex 83.0867 -1.64989 6.5
      vertex 81.4111 -0.754234 6.5
      vertex 82.9101 -1.9445 6.5
    endloop
  endfacet
  facet normal 0 0 1
    outer loop
      vertex 83.4831 0.34306 6.5
      vertex 81.5923 0.156827 6.5
      vertex 81.6 0 6.5
    endloop
  endfacet
  facet normal 0 0 1
    outer loop
      vertex 83.4327 0.682816 6.5
      vertex 81.5693 0.312144 6.5
      vertex 81.5923 0.156827 6.5
    endloop
  endfacet
  facet normal 0 0 1
    outer loop
      vertex 83.3493 1.016 6.5
      vertex 81.5311 0.464455 6.5
      vertex 81.5693 0.312144 6.5
    endloop
  endfacet
  facet normal 0 0 1
    outer loop
      vertex 83.2336 1.33939 6.5
      vertex 81.4782 0.612293 6.5
      vertex 81.5311 0.464455 6.5
    endloop
  endfacet
  facet normal 0 0 1
    outer loop
      vertex 83.0867 1.64989 6.5
      vertex 81.4111 0.754234 6.5
      vertex 81.4782 0.612293 6.5
    endloop
  endfacet
  facet normal 0 0 1
    outer loop
      vertex 80.7542 1.41107 6.5
      vertex 81.6499 3.08672 6.5
      vertex 81.3394 3.23358 6.5
    endloop
  endfacet
  facet normal 0 0 1
    outer loop
      vertex 82.9101 1.9445 6.5
      vertex 81.3304 0.888912 6.5
      vertex 81.4111 0.754234 6.5
    endloop
  endfacet
  facet normal 0 0 1
    outer loop
      vertex 82.7055 2.22038 6.5
      vertex 81.2368 1.01503 6.5
      vertex 81.3304 0.888912 6.5
    endloop
  endfacet
  facet normal 0 0 1
    outer loop
      vertex 82.4749 2.47487 6.5
      vertex 81.1314 1.13137 6.5
      vertex 81.2368 1.01503 6.5
    endloop
  endfacet
  facet normal 0 0 1
    outer loop
      vertex 80.6123 1.47821 6.5
      vertex 81.3394 3.23358 6.5
      vertex 81.016 3.34929 6.5
    endloop
  endfacet
  facet normal 0 0 1
    outer loop
      vertex 82.2204 2.70554 6.5
      vertex 81.015 1.23682 6.5
      vertex 81.1314 1.13137 6.5
    endloop
  endfacet
  facet normal 0 0 1
    outer loop
      vertex 81.9445 2.91014 6.5
      vertex 80.8889 1.33035 6.5
      vertex 81.015 1.23682 6.5
    endloop
  endfacet
  facet normal 0 0 1
    outer loop
      vertex 81.6499 3.08672 6.5
      vertex 80.7542 1.41107 6.5
      vertex 80.8889 1.33035 6.5
    endloop
  endfacet
  facet normal 0 0 1
    outer loop
      vertex 80.4645 1.5311 6.5
      vertex 81.016 3.34929 6.5
      vertex 80.6828 3.43275 6.5
    endloop
  endfacet
  facet normal 0 0 1
    outer loop
      vertex 81.3394 3.23358 6.5
      vertex 80.6123 1.47821 6.5
      vertex 80.7542 1.41107 6.5
    endloop
  endfacet
  facet normal 0 0 1
    outer loop
      vertex 81.016 3.34929 6.5
      vertex 80.4645 1.5311 6.5
      vertex 80.6123 1.47821 6.5
    endloop
  endfacet
  facet normal 0 0 1
    outer loop
      vertex 80.3121 1.56926 6.5
      vertex 80.6828 3.43275 6.5
      vertex 80.3431 3.48315 6.5
    endloop
  endfacet
  facet normal 0 0 1
    outer loop
      vertex 80.6828 3.43275 6.5
      vertex 80.3121 1.56926 6.5
      vertex 80.4645 1.5311 6.5
    endloop
  endfacet
  facet normal 0 0 1
    outer loop
      vertex 80.3431 3.48315 6.5
      vertex 80.1568 1.59229 6.5
      vertex 80.3121 1.56926 6.5
    endloop
  endfacet
  facet normal 0 0 1
    outer loop
      vertex 80 3.5 6.5
      vertex 80.1568 1.59229 6.5
      vertex 80.3431 3.48315 6.5
    endloop
  endfacet
  facet normal 0 0 1
    outer loop
      vertex 80 3.5 6.5
      vertex 80 1.6 6.5
      vertex 80.1568 1.59229 6.5
    endloop
  endfacet
  facet normal 0 0 1
    outer loop
      vertex 80 3.5 6.5
      vertex 79.8432 1.59229 6.5
      vertex 80 1.6 6.5
    endloop
  endfacet
  facet normal -0 0 1
    outer loop
      vertex 79.6569 3.48315 6.5
      vertex 79.8432 1.59229 6.5
      vertex 80 3.5 6.5
    endloop
  endfacet
  facet normal 0 0 1
    outer loop
      vertex 79.8432 1.59229 6.5
      vertex 79.6569 3.48315 6.5
      vertex 79.6879 1.56926 6.5
    endloop
  endfacet
  facet normal -0 0 1
    outer loop
      vertex 79.3172 3.43275 6.5
      vertex 79.6879 1.56926 6.5
      vertex 79.6569 3.48315 6.5
    endloop
  endfacet
  facet normal 0 0 1
    outer loop
      vertex 79.6879 1.56926 6.5
      vertex 79.3172 3.43275 6.5
      vertex 79.5355 1.5311 6.5
    endloop
  endfacet
  facet normal -0 0 1
    outer loop
      vertex 78.984 3.34929 6.5
      vertex 79.5355 1.5311 6.5
      vertex 79.3172 3.43275 6.5
    endloop
  endfacet
  facet normal 0 0 1
    outer loop
      vertex 79.5355 1.5311 6.5
      vertex 78.984 3.34929 6.5
      vertex 79.3877 1.47821 6.5
    endloop
  endfacet
  facet normal -0 0 1
    outer loop
      vertex 78.6606 3.23358 6.5
      vertex 79.3877 1.47821 6.5
      vertex 78.984 3.34929 6.5
    endloop
  endfacet
  facet normal 0 0 1
    outer loop
      vertex 79.3877 1.47821 6.5
      vertex 78.6606 3.23358 6.5
      vertex 79.2458 1.41107 6.5
    endloop
  endfacet
  facet normal -0 0 1
    outer loop
      vertex 78.3501 3.08672 6.5
      vertex 79.2458 1.41107 6.5
      vertex 78.6606 3.23358 6.5
    endloop
  endfacet
  facet normal 0 0 1
    outer loop
      vertex 79.2458 1.41107 6.5
      vertex 78.3501 3.08672 6.5
      vertex 79.1111 1.33035 6.5
    endloop
  endfacet
  facet normal -0 0 1
    outer loop
      vertex 78.0555 2.91014 6.5
      vertex 79.1111 1.33035 6.5
      vertex 78.3501 3.08672 6.5
    endloop
  endfacet
  facet normal 0 0 1
    outer loop
      vertex 79.1111 1.33035 6.5
      vertex 78.0555 2.91014 6.5
      vertex 78.985 1.23682 6.5
    endloop
  endfacet
  facet normal -0 0 1
    outer loop
      vertex 77.7796 2.70554 6.5
      vertex 78.985 1.23682 6.5
      vertex 78.0555 2.91014 6.5
    endloop
  endfacet
  facet normal 0 0 1
    outer loop
      vertex 78.985 1.23682 6.5
      vertex 77.7796 2.70554 6.5
      vertex 78.8686 1.13137 6.5
    endloop
  endfacet
  facet normal -0 0 1
    outer loop
      vertex 77.5251 2.47487 6.5
      vertex 78.8686 1.13137 6.5
      vertex 77.7796 2.70554 6.5
    endloop
  endfacet
  facet normal 0 0 1
    outer loop
      vertex 78.8686 1.13137 6.5
      vertex 77.5251 2.47487 6.5
      vertex 78.7632 1.01503 6.5
    endloop
  endfacet
  facet normal -0 0 1
    outer loop
      vertex 77.2945 2.22038 6.5
      vertex 78.7632 1.01503 6.5
      vertex 77.5251 2.47487 6.5
    endloop
  endfacet
  facet normal 0 0 1
    outer loop
      vertex 78.7632 1.01503 6.5
      vertex 77.2945 2.22038 6.5
      vertex 78.6696 0.888912 6.5
    endloop
  endfacet
  facet normal 0 0 1
    outer loop
      vertex 78.6696 0.888912 6.5
      vertex 77.0899 1.9445 6.5
      vertex 78.5889 0.754234 6.5
    endloop
  endfacet
  facet normal -0 0 1
    outer loop
      vertex 77.0899 1.9445 6.5
      vertex 78.6696 0.888912 6.5
      vertex 77.2945 2.22038 6.5
    endloop
  endfacet
  facet normal -0 0 1
    outer loop
      vertex 81.3304 -0.888912 6.5
      vertex 82.9101 -1.9445 6.5
      vertex 81.4111 -0.754234 6.5
    endloop
  endfacet
  facet normal 0 0 1
    outer loop
      vertex 82.9101 -1.9445 6.5
      vertex 81.3304 -0.888912 6.5
      vertex 82.7055 -2.22038 6.5
    endloop
  endfacet
  facet normal -0 0 1
    outer loop
      vertex 81.2368 -1.01503 6.5
      vertex 82.7055 -2.22038 6.5
      vertex 81.3304 -0.888912 6.5
    endloop
  endfacet
  facet normal 0 0 1
    outer loop
      vertex 82.7055 -2.22038 6.5
      vertex 81.2368 -1.01503 6.5
      vertex 82.4749 -2.47487 6.5
    endloop
  endfacet
  facet normal -0 0 1
    outer loop
      vertex 81.1314 -1.13137 6.5
      vertex 82.4749 -2.47487 6.5
      vertex 81.2368 -1.01503 6.5
    endloop
  endfacet
  facet normal 0 0 1
    outer loop
      vertex 82.4749 -2.47487 6.5
      vertex 81.1314 -1.13137 6.5
      vertex 82.2204 -2.70554 6.5
    endloop
  endfacet
  facet normal -0 0 1
    outer loop
      vertex 81.015 -1.23682 6.5
      vertex 82.2204 -2.70554 6.5
      vertex 81.1314 -1.13137 6.5
    endloop
  endfacet
  facet normal 0 0 1
    outer loop
      vertex 82.2204 -2.70554 6.5
      vertex 81.015 -1.23682 6.5
      vertex 81.9445 -2.91014 6.5
    endloop
  endfacet
  facet normal -0 0 1
    outer loop
      vertex 80.8889 -1.33035 6.5
      vertex 81.9445 -2.91014 6.5
      vertex 81.015 -1.23682 6.5
    endloop
  endfacet
  facet normal 0 0 1
    outer loop
      vertex 81.9445 -2.91014 6.5
      vertex 80.8889 -1.33035 6.5
      vertex 81.6499 -3.08672 6.5
    endloop
  endfacet
  facet normal -0 0 1
    outer loop
      vertex 80.7542 -1.41107 6.5
      vertex 81.6499 -3.08672 6.5
      vertex 80.8889 -1.33035 6.5
    endloop
  endfacet
  facet normal 0 0 1
    outer loop
      vertex 81.6499 -3.08672 6.5
      vertex 80.7542 -1.41107 6.5
      vertex 81.3394 -3.23358 6.5
    endloop
  endfacet
  facet normal -0 0 1
    outer loop
      vertex 80.6123 -1.47821 6.5
      vertex 81.3394 -3.23358 6.5
      vertex 80.7542 -1.41107 6.5
    endloop
  endfacet
  facet normal 0 0 1
    outer loop
      vertex 81.3394 -3.23358 6.5
      vertex 80.6123 -1.47821 6.5
      vertex 81.016 -3.34929 6.5
    endloop
  endfacet
  facet normal -0 0 1
    outer loop
      vertex 80.4645 -1.5311 6.5
      vertex 81.016 -3.34929 6.5
      vertex 80.6123 -1.47821 6.5
    endloop
  endfacet
  facet normal 0 0 1
    outer loop
      vertex 81.016 -3.34929 6.5
      vertex 80.4645 -1.5311 6.5
      vertex 80.6828 -3.43275 6.5
    endloop
  endfacet
  facet normal -0 0 1
    outer loop
      vertex 80.3121 -1.56926 6.5
      vertex 80.6828 -3.43275 6.5
      vertex 80.4645 -1.5311 6.5
    endloop
  endfacet
  facet normal 0 0 1
    outer loop
      vertex 80.6828 -3.43275 6.5
      vertex 80.3121 -1.56926 6.5
      vertex 80.3431 -3.48315 6.5
    endloop
  endfacet
  facet normal -0 0 1
    outer loop
      vertex 80.1568 -1.59229 6.5
      vertex 80.3431 -3.48315 6.5
      vertex 80.3121 -1.56926 6.5
    endloop
  endfacet
  facet normal -0 0 1
    outer loop
      vertex 80 -1.6 6.5
      vertex 80.3431 -3.48315 6.5
      vertex 80.1568 -1.59229 6.5
    endloop
  endfacet
  facet normal 0 0 1
    outer loop
      vertex 80 -1.6 6.5
      vertex 80 -3.5 6.5
      vertex 80.3431 -3.48315 6.5
    endloop
  endfacet
  facet normal 0 0 1
    outer loop
      vertex 79.8432 -1.59229 6.5
      vertex 80 -3.5 6.5
      vertex 80 -1.6 6.5
    endloop
  endfacet
  facet normal 0 0 1
    outer loop
      vertex 79.6569 -3.48315 6.5
      vertex 79.8432 -1.59229 6.5
      vertex 79.6879 -1.56926 6.5
    endloop
  endfacet
  facet normal 0 0 1
    outer loop
      vertex 79.8432 -1.59229 6.5
      vertex 79.6569 -3.48315 6.5
      vertex 80 -3.5 6.5
    endloop
  endfacet
  facet normal 0 0 1
    outer loop
      vertex 79.3172 -3.43275 6.5
      vertex 79.6879 -1.56926 6.5
      vertex 79.5355 -1.5311 6.5
    endloop
  endfacet
  facet normal 0 0 1
    outer loop
      vertex 78.984 -3.34929 6.5
      vertex 79.5355 -1.5311 6.5
      vertex 79.3877 -1.47821 6.5
    endloop
  endfacet
  facet normal 0 0 1
    outer loop
      vertex 79.6879 -1.56926 6.5
      vertex 79.3172 -3.43275 6.5
      vertex 79.6569 -3.48315 6.5
    endloop
  endfacet
  facet normal 0 0 1
    outer loop
      vertex 78.6606 -3.23358 6.5
      vertex 79.3877 -1.47821 6.5
      vertex 79.2458 -1.41107 6.5
    endloop
  endfacet
  facet normal 0 0 1
    outer loop
      vertex 78.3501 -3.08672 6.5
      vertex 79.2458 -1.41107 6.5
      vertex 79.1111 -1.33035 6.5
    endloop
  endfacet
  facet normal 0 0 1
    outer loop
      vertex 78.0555 -2.91014 6.5
      vertex 79.1111 -1.33035 6.5
      vertex 78.985 -1.23682 6.5
    endloop
  endfacet
  facet normal 0 0 1
    outer loop
      vertex 79.5355 -1.5311 6.5
      vertex 78.984 -3.34929 6.5
      vertex 79.3172 -3.43275 6.5
    endloop
  endfacet
  facet normal 0 0 1
    outer loop
      vertex 77.7796 -2.70554 6.5
      vertex 78.985 -1.23682 6.5
      vertex 78.8686 -1.13137 6.5
    endloop
  endfacet
  facet normal 0 0 1
    outer loop
      vertex 77.5251 -2.47487 6.5
      vertex 78.8686 -1.13137 6.5
      vertex 78.7632 -1.01503 6.5
    endloop
  endfacet
  facet normal 0 0 1
    outer loop
      vertex 77.2945 -2.22038 6.5
      vertex 78.7632 -1.01503 6.5
      vertex 78.6696 -0.888912 6.5
    endloop
  endfacet
  facet normal 0 0 1
    outer loop
      vertex 79.3877 -1.47821 6.5
      vertex 78.6606 -3.23358 6.5
      vertex 78.984 -3.34929 6.5
    endloop
  endfacet
  facet normal 0 0 1
    outer loop
      vertex 77.0899 -1.9445 6.5
      vertex 78.6696 -0.888912 6.5
      vertex 78.5889 -0.754234 6.5
    endloop
  endfacet
  facet normal 0 0 1
    outer loop
      vertex 76.9133 -1.64989 6.5
      vertex 78.5889 -0.754234 6.5
      vertex 78.5218 -0.612293 6.5
    endloop
  endfacet
  facet normal 0 0 1
    outer loop
      vertex 76.7664 -1.33939 6.5
      vertex 78.5218 -0.612293 6.5
      vertex 78.4689 -0.464455 6.5
    endloop
  endfacet
  facet normal 0 0 1
    outer loop
      vertex 76.6507 -1.016 6.5
      vertex 78.4689 -0.464455 6.5
      vertex 78.4307 -0.312144 6.5
    endloop
  endfacet
  facet normal 0 0 1
    outer loop
      vertex 76.5673 -0.682816 6.5
      vertex 78.4307 -0.312144 6.5
      vertex 78.4077 -0.156827 6.5
    endloop
  endfacet
  facet normal 0 0 1
    outer loop
      vertex 79.2458 -1.41107 6.5
      vertex 78.3501 -3.08672 6.5
      vertex 78.6606 -3.23358 6.5
    endloop
  endfacet
  facet normal 0 0 1
    outer loop
      vertex 76.5169 -0.34306 6.5
      vertex 78.4077 -0.156827 6.5
      vertex 78.4 0 6.5
    endloop
  endfacet
  facet normal -0 0 1
    outer loop
      vertex 76.9133 1.64989 6.5
      vertex 78.5889 0.754234 6.5
      vertex 77.0899 1.9445 6.5
    endloop
  endfacet
  facet normal 0 0 1
    outer loop
      vertex 78.5889 0.754234 6.5
      vertex 76.9133 1.64989 6.5
      vertex 78.5218 0.612293 6.5
    endloop
  endfacet
  facet normal 0 0 1
    outer loop
      vertex 79.1111 -1.33035 6.5
      vertex 78.0555 -2.91014 6.5
      vertex 78.3501 -3.08672 6.5
    endloop
  endfacet
  facet normal -0 0 1
    outer loop
      vertex 76.7664 1.33939 6.5
      vertex 78.5218 0.612293 6.5
      vertex 76.9133 1.64989 6.5
    endloop
  endfacet
  facet normal 0 0 1
    outer loop
      vertex 78.985 -1.23682 6.5
      vertex 77.7796 -2.70554 6.5
      vertex 78.0555 -2.91014 6.5
    endloop
  endfacet
  facet normal 0 0 1
    outer loop
      vertex 78.5218 0.612293 6.5
      vertex 76.7664 1.33939 6.5
      vertex 78.4689 0.464455 6.5
    endloop
  endfacet
  facet normal 0 0 1
    outer loop
      vertex 78.8686 -1.13137 6.5
      vertex 77.5251 -2.47487 6.5
      vertex 77.7796 -2.70554 6.5
    endloop
  endfacet
  facet normal -0 0 1
    outer loop
      vertex 76.6507 1.016 6.5
      vertex 78.4689 0.464455 6.5
      vertex 76.7664 1.33939 6.5
    endloop
  endfacet
  facet normal 0 0 1
    outer loop
      vertex 78.7632 -1.01503 6.5
      vertex 77.2945 -2.22038 6.5
      vertex 77.5251 -2.47487 6.5
    endloop
  endfacet
  facet normal 0 0 1
    outer loop
      vertex 78.4689 0.464455 6.5
      vertex 76.6507 1.016 6.5
      vertex 78.4307 0.312144 6.5
    endloop
  endfacet
  facet normal 0 0 1
    outer loop
      vertex 78.6696 -0.888912 6.5
      vertex 77.0899 -1.9445 6.5
      vertex 77.2945 -2.22038 6.5
    endloop
  endfacet
  facet normal -0 0 1
    outer loop
      vertex 76.5673 0.682816 6.5
      vertex 78.4307 0.312144 6.5
      vertex 76.6507 1.016 6.5
    endloop
  endfacet
  facet normal 0 0 1
    outer loop
      vertex 78.5889 -0.754234 6.5
      vertex 76.9133 -1.64989 6.5
      vertex 77.0899 -1.9445 6.5
    endloop
  endfacet
  facet normal 0 0 1
    outer loop
      vertex 78.4307 0.312144 6.5
      vertex 76.5673 0.682816 6.5
      vertex 78.4077 0.156827 6.5
    endloop
  endfacet
  facet normal 0 0 1
    outer loop
      vertex 78.5218 -0.612293 6.5
      vertex 76.7664 -1.33939 6.5
      vertex 76.9133 -1.64989 6.5
    endloop
  endfacet
  facet normal -0 0 1
    outer loop
      vertex 76.5169 0.34306 6.5
      vertex 78.4077 0.156827 6.5
      vertex 76.5673 0.682816 6.5
    endloop
  endfacet
  facet normal 0 0 1
    outer loop
      vertex 78.4689 -0.464455 6.5
      vertex 76.6507 -1.016 6.5
      vertex 76.7664 -1.33939 6.5
    endloop
  endfacet
  facet normal 0 0 1
    outer loop
      vertex 78.4077 0.156827 6.5
      vertex 76.5169 0.34306 6.5
      vertex 78.4 0 6.5
    endloop
  endfacet
  facet normal 0 0 1
    outer loop
      vertex 78.4307 -0.312144 6.5
      vertex 76.5673 -0.682816 6.5
      vertex 76.6507 -1.016 6.5
    endloop
  endfacet
  facet normal 0 0 1
    outer loop
      vertex 76.5 0 6.5
      vertex 78.4 0 6.5
      vertex 76.5169 0.34306 6.5
    endloop
  endfacet
  facet normal 0 0 1
    outer loop
      vertex 78.4077 -0.156827 6.5
      vertex 76.5169 -0.34306 6.5
      vertex 76.5673 -0.682816 6.5
    endloop
  endfacet
  facet normal 0 0 1
    outer loop
      vertex 78.4 0 6.5
      vertex 76.5 0 6.5
      vertex 76.5169 -0.34306 6.5
    endloop
  endfacet
  facet normal 0.671566 -0.740944 0
    outer loop
      vertex 82.2204 -2.70554 6
      vertex 82.4749 -2.47487 6.5
      vertex 82.2204 -2.70554 6.5
    endloop
  endfacet
  facet normal 0.671566 -0.740944 0
    outer loop
      vertex 82.4749 -2.47487 6.5
      vertex 82.2204 -2.70554 6
      vertex 82.4749 -2.47487 6
    endloop
  endfacet
  facet normal -0.427566 -0.903984 0
    outer loop
      vertex 78.3501 -3.08672 6
      vertex 78.6606 -3.23358 6.5
      vertex 78.3501 -3.08672 6.5
    endloop
  endfacet
  facet normal -0.427566 -0.903984 -0
    outer loop
      vertex 78.6606 -3.23358 6.5
      vertex 78.3501 -3.08672 6
      vertex 78.6606 -3.23358 6
    endloop
  endfacet
  facet normal -0.998789 0.0492029 0
    outer loop
      vertex 76.5 0 6
      vertex 76.5169 0.34306 6.5
      vertex 76.5169 0.34306 6
    endloop
  endfacet
  facet normal -0.998789 0.0492029 0
    outer loop
      vertex 76.5169 0.34306 6.5
      vertex 76.5 0 6
      vertex 76.5 0 6.5
    endloop
  endfacet
  facet normal -0.998789 -0.0492029 0
    outer loop
      vertex 76.5169 -0.34306 6
      vertex 76.5 0 6.5
      vertex 76.5 0 6
    endloop
  endfacet
  facet normal -0.998789 -0.0492029 0
    outer loop
      vertex 76.5 0 6.5
      vertex 76.5169 -0.34306 6
      vertex 76.5169 -0.34306 6.5
    endloop
  endfacet
  facet normal -0.857706 -0.51414 0
    outer loop
      vertex 77.0899 -1.9445 6
      vertex 76.9133 -1.64989 6.5
      vertex 76.9133 -1.64989 6
    endloop
  endfacet
  facet normal -0.857706 -0.51414 0
    outer loop
      vertex 76.9133 -1.64989 6.5
      vertex 77.0899 -1.9445 6
      vertex 77.0899 -1.9445 6.5
    endloop
  endfacet
  facet normal -0.14676 -0.989172 0
    outer loop
      vertex 79.3172 -3.43275 6
      vertex 79.6569 -3.48315 6.5
      vertex 79.3172 -3.43275 6.5
    endloop
  endfacet
  facet normal -0.14676 -0.989172 -0
    outer loop
      vertex 79.6569 -3.48315 6.5
      vertex 79.3172 -3.43275 6
      vertex 79.6569 -3.48315 6
    endloop
  endfacet
  facet normal -0.51411 -0.857724 0
    outer loop
      vertex 78.0555 -2.91014 6
      vertex 78.3501 -3.08672 6.5
      vertex 78.0555 -2.91014 6.5
    endloop
  endfacet
  facet normal -0.51411 -0.857724 -0
    outer loop
      vertex 78.3501 -3.08672 6.5
      vertex 78.0555 -2.91014 6
      vertex 78.3501 -3.08672 6
    endloop
  endfacet
  facet normal 0.998794 -0.0490974 0
    outer loop
      vertex -16.95 0 1.69
      vertex -16.9394 0.215637 0
      vertex -16.9394 0.215637 1.69
    endloop
  endfacet
  facet normal 0.998794 -0.0490974 0
    outer loop
      vertex -16.9394 0.215637 0
      vertex -16.95 0 1.69
      vertex -16.95 0 0
    endloop
  endfacet
  facet normal -0.10847 -0.9941 0
    outer loop
      vertex 0.372464 3.7817 0
      vertex 14.9656 2.18939 1.69
      vertex 0.372464 3.7817 1.69
    endloop
  endfacet
  facet normal -0.10847 -0.9941 -0
    outer loop
      vertex 14.9656 2.18939 1.69
      vertex 0.372464 3.7817 0
      vertex 14.9656 2.18939 0
    endloop
  endfacet
  facet normal -0.514291 -0.857616 0
    outer loop
      vertex 15.7871 1.94022 0
      vertex 15.9722 1.82922 1.69
      vertex 15.7871 1.94022 1.69
    endloop
  endfacet
  facet normal -0.514291 -0.857616 -0
    outer loop
      vertex 15.9722 1.82922 1.69
      vertex 15.7871 1.94022 0
      vertex 15.9722 1.82922 0
    endloop
  endfacet
  facet normal 0.740924 -0.671589 0
    outer loop
      vertex -16.4506 1.39566 1.69
      vertex -16.3056 1.55563 0
      vertex -16.3056 1.55563 1.69
    endloop
  endfacet
  facet normal 0.740924 -0.671589 0
    outer loop
      vertex -16.3056 1.55563 0
      vertex -16.4506 1.39566 1.69
      vertex -16.4506 1.39566 0
    endloop
  endfacet
  facet normal -0.0490731 0.998795 0
    outer loop
      vertex 0.372464 -3.7817 0
      vertex 0 -3.8 1.69
      vertex 0.372464 -3.7817 1.69
    endloop
  endfacet
  facet normal -0.0490731 0.998795 0
    outer loop
      vertex 0 -3.8 1.69
      vertex 0.372464 -3.7817 0
      vertex 0 -3.8 0
    endloop
  endfacet
  facet normal 0.0490731 -0.998795 0
    outer loop
      vertex -0.372464 3.7817 0
      vertex 0 3.8 1.69
      vertex -0.372464 3.7817 1.69
    endloop
  endfacet
  facet normal 0.0490731 -0.998795 0
    outer loop
      vertex 0 3.8 1.69
      vertex -0.372464 3.7817 0
      vertex 0 3.8 0
    endloop
  endfacet
  facet normal 0.14671 0.98918 -0
    outer loop
      vertex -14.9656 -2.18939 0
      vertex -15.1792 -2.15771 1.69
      vertex -14.9656 -2.18939 1.69
    endloop
  endfacet
  facet normal 0.14671 0.98918 0
    outer loop
      vertex -15.1792 -2.15771 1.69
      vertex -14.9656 -2.18939 0
      vertex -15.1792 -2.15771 0
    endloop
  endfacet
  facet normal -0.857714 0.514128 0
    outer loop
      vertex 16.5792 -1.22224 0
      vertex 16.6902 -1.03706 1.69
      vertex 16.6902 -1.03706 0
    endloop
  endfacet
  facet normal -0.857714 0.514128 0
    outer loop
      vertex 16.6902 -1.03706 1.69
      vertex 16.5792 -1.22224 0
      vertex 16.5792 -1.22224 1.69
    endloop
  endfacet
  facet normal 0.14671 -0.98918 0
    outer loop
      vertex -15.1792 2.15771 0
      vertex -14.9656 2.18939 1.69
      vertex -15.1792 2.15771 1.69
    endloop
  endfacet
  facet normal 0.14671 -0.98918 0
    outer loop
      vertex -14.9656 2.18939 1.69
      vertex -15.1792 2.15771 0
      vertex -14.9656 2.18939 0
    endloop
  endfacet
  facet normal -0.514291 0.857616 0
    outer loop
      vertex 15.9722 -1.82922 0
      vertex 15.7871 -1.94022 1.69
      vertex 15.9722 -1.82922 1.69
    endloop
  endfacet
  facet normal -0.514291 0.857616 0
    outer loop
      vertex 15.7871 -1.94022 1.69
      vertex 15.9722 -1.82922 0
      vertex 15.7871 -1.94022 0
    endloop
  endfacet
  facet normal 0.595471 0.803377 -0
    outer loop
      vertex -15.9722 -1.82922 0
      vertex -16.1457 -1.70062 1.69
      vertex -15.9722 -1.82922 1.69
    endloop
  endfacet
  facet normal 0.595471 0.803377 0
    outer loop
      vertex -16.1457 -1.70062 1.69
      vertex -15.9722 -1.82922 0
      vertex -16.1457 -1.70062 0
    endloop
  endfacet
  facet normal -0.970099 0.242708 0
    outer loop
      vertex 16.8553 -0.638626 0
      vertex 16.9077 -0.429184 1.69
      vertex 16.9077 -0.429184 0
    endloop
  endfacet
  facet normal -0.970099 0.242708 0
    outer loop
      vertex 16.9077 -0.429184 1.69
      vertex 16.8553 -0.638626 0
      vertex 16.8553 -0.638626 1.69
    endloop
  endfacet
  facet normal -0.0490731 -0.998795 0
    outer loop
      vertex 0 3.8 0
      vertex 0.372464 3.7817 1.69
      vertex 0 3.8 1.69
    endloop
  endfacet
  facet normal -0.0490731 -0.998795 -0
    outer loop
      vertex 0.372464 3.7817 1.69
      vertex 0 3.8 0
      vertex 0.372464 3.7817 0
    endloop
  endfacet
  facet normal -0.998794 0.0490974 0
    outer loop
      vertex 16.9394 -0.215637 0
      vertex 16.95 0 1.69
      vertex 16.95 0 0
    endloop
  endfacet
  facet normal -0.998794 0.0490974 0
    outer loop
      vertex 16.95 0 1.69
      vertex 16.9394 -0.215637 0
      vertex 16.9394 -0.215637 1.69
    endloop
  endfacet
  facet normal -0.427507 -0.904012 0
    outer loop
      vertex 15.5919 2.03253 0
      vertex 15.7871 1.94022 1.69
      vertex 15.5919 2.03253 1.69
    endloop
  endfacet
  facet normal -0.427507 -0.904012 -0
    outer loop
      vertex 15.7871 1.94022 1.69
      vertex 15.5919 2.03253 0
      vertex 15.7871 1.94022 0
    endloop
  endfacet
  facet normal -0.904006 0.427519 0
    outer loop
      vertex 16.6902 -1.03706 0
      vertex 16.7825 -0.841888 1.69
      vertex 16.7825 -0.841888 0
    endloop
  endfacet
  facet normal -0.904006 0.427519 0
    outer loop
      vertex 16.7825 -0.841888 1.69
      vertex 16.6902 -1.03706 0
      vertex 16.6902 -1.03706 1.69
    endloop
  endfacet
  facet normal -0.803245 -0.595648 0
    outer loop
      vertex 16.5792 1.22224 0
      vertex 16.4506 1.39566 1.69
      vertex 16.4506 1.39566 0
    endloop
  endfacet
  facet normal -0.803245 -0.595648 0
    outer loop
      vertex 16.4506 1.39566 1.69
      vertex 16.5792 1.22224 0
      vertex 16.5792 1.22224 1.69
    endloop
  endfacet
  facet normal 0.10847 -0.9941 0
    outer loop
      vertex -14.9656 2.18939 0
      vertex -0.372464 3.7817 1.69
      vertex -14.9656 2.18939 1.69
    endloop
  endfacet
  facet normal 0.10847 -0.9941 0
    outer loop
      vertex -0.372464 3.7817 1.69
      vertex -14.9656 2.18939 0
      vertex -0.372464 3.7817 0
    endloop
  endfacet
  facet normal -0.998794 -0.0490974 0
    outer loop
      vertex 16.95 0 0
      vertex 16.9394 0.215637 1.69
      vertex 16.9394 0.215637 0
    endloop
  endfacet
  facet normal -0.998794 -0.0490974 0
    outer loop
      vertex 16.9394 0.215637 1.69
      vertex 16.95 0 0
      vertex 16.95 0 1.69
    endloop
  endfacet
  facet normal 0.0490731 0.998795 -0
    outer loop
      vertex 0 -3.8 0
      vertex -0.372464 -3.7817 1.69
      vertex 0 -3.8 1.69
    endloop
  endfacet
  facet normal 0.0490731 0.998795 0
    outer loop
      vertex -0.372464 -3.7817 1.69
      vertex 0 -3.8 0
      vertex -0.372464 -3.7817 0
    endloop
  endfacet
  facet normal -0.803245 0.595648 0
    outer loop
      vertex 16.4506 -1.39566 0
      vertex 16.5792 -1.22224 1.69
      vertex 16.5792 -1.22224 0
    endloop
  endfacet
  facet normal -0.803245 0.595648 0
    outer loop
      vertex 16.5792 -1.22224 1.69
      vertex 16.4506 -1.39566 0
      vertex 16.4506 -1.39566 1.69
    endloop
  endfacet
  facet normal -0.14671 -0.98918 0
    outer loop
      vertex 14.9656 2.18939 0
      vertex 15.1792 2.15771 1.69
      vertex 14.9656 2.18939 1.69
    endloop
  endfacet
  facet normal -0.14671 -0.98918 -0
    outer loop
      vertex 15.1792 2.15771 1.69
      vertex 14.9656 2.18939 0
      vertex 15.1792 2.15771 0
    endloop
  endfacet
  facet normal 0.595471 -0.803377 0
    outer loop
      vertex -16.1457 1.70062 0
      vertex -15.9722 1.82922 1.69
      vertex -16.1457 1.70062 1.69
    endloop
  endfacet
  facet normal 0.595471 -0.803377 0
    outer loop
      vertex -15.9722 1.82922 1.69
      vertex -16.1457 1.70062 0
      vertex -15.9722 1.82922 0
    endloop
  endfacet
  facet normal 0.857714 0.514128 0
    outer loop
      vertex -16.5792 -1.22224 1.69
      vertex -16.6902 -1.03706 0
      vertex -16.6902 -1.03706 1.69
    endloop
  endfacet
  facet normal 0.857714 0.514128 0
    outer loop
      vertex -16.6902 -1.03706 0
      vertex -16.5792 -1.22224 1.69
      vertex -16.5792 -1.22224 0
    endloop
  endfacet
  facet normal 0.803245 0.595648 0
    outer loop
      vertex -16.4506 -1.39566 1.69
      vertex -16.5792 -1.22224 0
      vertex -16.5792 -1.22224 1.69
    endloop
  endfacet
  facet normal 0.803245 0.595648 0
    outer loop
      vertex -16.5792 -1.22224 0
      vertex -16.4506 -1.39566 1.69
      vertex -16.4506 -1.39566 0
    endloop
  endfacet
  facet normal -0.10847 0.9941 0
    outer loop
      vertex 14.9656 -2.18939 0
      vertex 0.372464 -3.7817 1.69
      vertex 14.9656 -2.18939 1.69
    endloop
  endfacet
  facet normal -0.10847 0.9941 0
    outer loop
      vertex 0.372464 -3.7817 1.69
      vertex 14.9656 -2.18939 0
      vertex 0.372464 -3.7817 0
    endloop
  endfacet
  facet normal 0.970099 0.242708 0
    outer loop
      vertex -16.8553 -0.638626 1.69
      vertex -16.9077 -0.429184 0
      vertex -16.9077 -0.429184 1.69
    endloop
  endfacet
  facet normal 0.970099 0.242708 0
    outer loop
      vertex -16.9077 -0.429184 0
      vertex -16.8553 -0.638626 1.69
      vertex -16.8553 -0.638626 0
    endloop
  endfacet
  facet normal -0.336841 -0.941562 0
    outer loop
      vertex 15.3886 2.10526 0
      vertex 15.5919 2.03253 1.69
      vertex 15.3886 2.10526 1.69
    endloop
  endfacet
  facet normal -0.336841 -0.941562 -0
    outer loop
      vertex 15.5919 2.03253 1.69
      vertex 15.3886 2.10526 0
      vertex 15.5919 2.03253 0
    endloop
  endfacet
  facet normal 0.336841 -0.941562 0
    outer loop
      vertex -15.5919 2.03253 0
      vertex -15.3886 2.10526 1.69
      vertex -15.5919 2.03253 1.69
    endloop
  endfacet
  facet normal 0.336841 -0.941562 0
    outer loop
      vertex -15.3886 2.10526 1.69
      vertex -15.5919 2.03253 0
      vertex -15.3886 2.10526 0
    endloop
  endfacet
  facet normal -0.941439 0.337184 0
    outer loop
      vertex 16.7825 -0.841888 0
      vertex 16.8553 -0.638626 1.69
      vertex 16.8553 -0.638626 0
    endloop
  endfacet
  facet normal -0.941439 0.337184 0
    outer loop
      vertex 16.8553 -0.638626 1.69
      vertex 16.7825 -0.841888 0
      vertex 16.7825 -0.841888 1.69
    endloop
  endfacet
  facet normal 0.941439 -0.337184 0
    outer loop
      vertex -16.8553 0.638626 1.69
      vertex -16.7825 0.841888 0
      vertex -16.7825 0.841888 1.69
    endloop
  endfacet
  facet normal 0.941439 -0.337184 0
    outer loop
      vertex -16.7825 0.841888 0
      vertex -16.8553 0.638626 1.69
      vertex -16.8553 0.638626 0
    endloop
  endfacet
  facet normal 0.970099 -0.242708 0
    outer loop
      vertex -16.9077 0.429184 1.69
      vertex -16.8553 0.638626 0
      vertex -16.8553 0.638626 1.69
    endloop
  endfacet
  facet normal 0.970099 -0.242708 0
    outer loop
      vertex -16.8553 0.638626 0
      vertex -16.9077 0.429184 1.69
      vertex -16.9077 0.429184 0
    endloop
  endfacet
  facet normal 0.989161 -0.146836 0
    outer loop
      vertex -16.9394 0.215637 1.69
      vertex -16.9077 0.429184 0
      vertex -16.9077 0.429184 1.69
    endloop
  endfacet
  facet normal 0.989161 -0.146836 0
    outer loop
      vertex -16.9077 0.429184 0
      vertex -16.9394 0.215637 1.69
      vertex -16.9394 0.215637 0
    endloop
  endfacet
  facet normal -0.941439 -0.337184 0
    outer loop
      vertex 16.8553 0.638626 0
      vertex 16.7825 0.841888 1.69
      vertex 16.7825 0.841888 0
    endloop
  endfacet
  facet normal -0.941439 -0.337184 0
    outer loop
      vertex 16.7825 0.841888 1.69
      vertex 16.8553 0.638626 0
      vertex 16.8553 0.638626 1.69
    endloop
  endfacet
  facet normal -0.671724 0.740801 0
    outer loop
      vertex 16.3056 -1.55563 0
      vertex 16.1457 -1.70062 1.69
      vertex 16.3056 -1.55563 1.69
    endloop
  endfacet
  facet normal -0.671724 0.740801 0
    outer loop
      vertex 16.1457 -1.70062 1.69
      vertex 16.3056 -1.55563 0
      vertex 16.1457 -1.70062 0
    endloop
  endfacet
  facet normal -0.242972 -0.970033 0
    outer loop
      vertex 15.1792 2.15771 0
      vertex 15.3886 2.10526 1.69
      vertex 15.1792 2.15771 1.69
    endloop
  endfacet
  facet normal -0.242972 -0.970033 -0
    outer loop
      vertex 15.3886 2.10526 1.69
      vertex 15.1792 2.15771 0
      vertex 15.3886 2.10526 0
    endloop
  endfacet
  facet normal -0.671724 -0.740801 0
    outer loop
      vertex 16.1457 1.70062 0
      vertex 16.3056 1.55563 1.69
      vertex 16.1457 1.70062 1.69
    endloop
  endfacet
  facet normal -0.671724 -0.740801 -0
    outer loop
      vertex 16.3056 1.55563 1.69
      vertex 16.1457 1.70062 0
      vertex 16.3056 1.55563 0
    endloop
  endfacet
  facet normal -0.904006 -0.427519 0
    outer loop
      vertex 16.7825 0.841888 0
      vertex 16.6902 1.03706 1.69
      vertex 16.6902 1.03706 0
    endloop
  endfacet
  facet normal -0.904006 -0.427519 0
    outer loop
      vertex 16.6902 1.03706 1.69
      vertex 16.7825 0.841888 0
      vertex 16.7825 0.841888 1.69
    endloop
  endfacet
  facet normal 0.427507 0.904012 -0
    outer loop
      vertex -15.5919 -2.03253 0
      vertex -15.7871 -1.94022 1.69
      vertex -15.5919 -2.03253 1.69
    endloop
  endfacet
  facet normal 0.427507 0.904012 0
    outer loop
      vertex -15.7871 -1.94022 1.69
      vertex -15.5919 -2.03253 0
      vertex -15.7871 -1.94022 0
    endloop
  endfacet
  facet normal 0.671724 -0.740801 0
    outer loop
      vertex -16.3056 1.55563 0
      vertex -16.1457 1.70062 1.69
      vertex -16.3056 1.55563 1.69
    endloop
  endfacet
  facet normal 0.671724 -0.740801 0
    outer loop
      vertex -16.1457 1.70062 1.69
      vertex -16.3056 1.55563 0
      vertex -16.1457 1.70062 0
    endloop
  endfacet
  facet normal 0.803245 -0.595648 0
    outer loop
      vertex -16.5792 1.22224 1.69
      vertex -16.4506 1.39566 0
      vertex -16.4506 1.39566 1.69
    endloop
  endfacet
  facet normal 0.803245 -0.595648 0
    outer loop
      vertex -16.4506 1.39566 0
      vertex -16.5792 1.22224 1.69
      vertex -16.5792 1.22224 0
    endloop
  endfacet
  facet normal 0.10847 0.9941 -0
    outer loop
      vertex -0.372464 -3.7817 0
      vertex -14.9656 -2.18939 1.69
      vertex -0.372464 -3.7817 1.69
    endloop
  endfacet
  facet normal 0.10847 0.9941 0
    outer loop
      vertex -14.9656 -2.18939 1.69
      vertex -0.372464 -3.7817 0
      vertex -14.9656 -2.18939 0
    endloop
  endfacet
  facet normal 0.514291 -0.857616 0
    outer loop
      vertex -15.9722 1.82922 0
      vertex -15.7871 1.94022 1.69
      vertex -15.9722 1.82922 1.69
    endloop
  endfacet
  facet normal 0.514291 -0.857616 0
    outer loop
      vertex -15.7871 1.94022 1.69
      vertex -15.9722 1.82922 0
      vertex -15.7871 1.94022 0
    endloop
  endfacet
  facet normal 0.242972 -0.970033 0
    outer loop
      vertex -15.3886 2.10526 0
      vertex -15.1792 2.15771 1.69
      vertex -15.3886 2.10526 1.69
    endloop
  endfacet
  facet normal 0.242972 -0.970033 0
    outer loop
      vertex -15.1792 2.15771 1.69
      vertex -15.3886 2.10526 0
      vertex -15.1792 2.15771 0
    endloop
  endfacet
  facet normal -0.427507 0.904012 0
    outer loop
      vertex 15.7871 -1.94022 0
      vertex 15.5919 -2.03253 1.69
      vertex 15.7871 -1.94022 1.69
    endloop
  endfacet
  facet normal -0.427507 0.904012 0
    outer loop
      vertex 15.5919 -2.03253 1.69
      vertex 15.7871 -1.94022 0
      vertex 15.5919 -2.03253 0
    endloop
  endfacet
  facet normal 0.427507 -0.904012 0
    outer loop
      vertex -15.7871 1.94022 0
      vertex -15.5919 2.03253 1.69
      vertex -15.7871 1.94022 1.69
    endloop
  endfacet
  facet normal 0.427507 -0.904012 0
    outer loop
      vertex -15.5919 2.03253 1.69
      vertex -15.7871 1.94022 0
      vertex -15.5919 2.03253 0
    endloop
  endfacet
  facet normal -0.989161 0.146836 0
    outer loop
      vertex 16.9077 -0.429184 0
      vertex 16.9394 -0.215637 1.69
      vertex 16.9394 -0.215637 0
    endloop
  endfacet
  facet normal -0.989161 0.146836 0
    outer loop
      vertex 16.9394 -0.215637 1.69
      vertex 16.9077 -0.429184 0
      vertex 16.9077 -0.429184 1.69
    endloop
  endfacet
  facet normal -0.970099 -0.242708 0
    outer loop
      vertex 16.9077 0.429184 0
      vertex 16.8553 0.638626 1.69
      vertex 16.8553 0.638626 0
    endloop
  endfacet
  facet normal -0.970099 -0.242708 0
    outer loop
      vertex 16.8553 0.638626 1.69
      vertex 16.9077 0.429184 0
      vertex 16.9077 0.429184 1.69
    endloop
  endfacet
  facet normal -0.14671 0.98918 0
    outer loop
      vertex 15.1792 -2.15771 0
      vertex 14.9656 -2.18939 1.69
      vertex 15.1792 -2.15771 1.69
    endloop
  endfacet
  facet normal -0.14671 0.98918 0
    outer loop
      vertex 14.9656 -2.18939 1.69
      vertex 15.1792 -2.15771 0
      vertex 14.9656 -2.18939 0
    endloop
  endfacet
  facet normal -0.740924 -0.671589 0
    outer loop
      vertex 16.4506 1.39566 0
      vertex 16.3056 1.55563 1.69
      vertex 16.3056 1.55563 0
    endloop
  endfacet
  facet normal -0.740924 -0.671589 0
    outer loop
      vertex 16.3056 1.55563 1.69
      vertex 16.4506 1.39566 0
      vertex 16.4506 1.39566 1.69
    endloop
  endfacet
  facet normal 0.904006 -0.427519 0
    outer loop
      vertex -16.7825 0.841888 1.69
      vertex -16.6902 1.03706 0
      vertex -16.6902 1.03706 1.69
    endloop
  endfacet
  facet normal 0.904006 -0.427519 0
    outer loop
      vertex -16.6902 1.03706 0
      vertex -16.7825 0.841888 1.69
      vertex -16.7825 0.841888 0
    endloop
  endfacet
  facet normal -0.989161 -0.146836 0
    outer loop
      vertex 16.9394 0.215637 0
      vertex 16.9077 0.429184 1.69
      vertex 16.9077 0.429184 0
    endloop
  endfacet
  facet normal -0.989161 -0.146836 0
    outer loop
      vertex 16.9077 0.429184 1.69
      vertex 16.9394 0.215637 0
      vertex 16.9394 0.215637 1.69
    endloop
  endfacet
  facet normal -0.595471 0.803377 0
    outer loop
      vertex 16.1457 -1.70062 0
      vertex 15.9722 -1.82922 1.69
      vertex 16.1457 -1.70062 1.69
    endloop
  endfacet
  facet normal -0.595471 0.803377 0
    outer loop
      vertex 15.9722 -1.82922 1.69
      vertex 16.1457 -1.70062 0
      vertex 15.9722 -1.82922 0
    endloop
  endfacet
  facet normal 0.941439 0.337184 0
    outer loop
      vertex -16.7825 -0.841888 1.69
      vertex -16.8553 -0.638626 0
      vertex -16.8553 -0.638626 1.69
    endloop
  endfacet
  facet normal 0.941439 0.337184 0
    outer loop
      vertex -16.8553 -0.638626 0
      vertex -16.7825 -0.841888 1.69
      vertex -16.7825 -0.841888 0
    endloop
  endfacet
  facet normal 0.998794 0.0490974 0
    outer loop
      vertex -16.9394 -0.215637 1.69
      vertex -16.95 0 0
      vertex -16.95 0 1.69
    endloop
  endfacet
  facet normal 0.998794 0.0490974 0
    outer loop
      vertex -16.95 0 0
      vertex -16.9394 -0.215637 1.69
      vertex -16.9394 -0.215637 0
    endloop
  endfacet
  facet normal 0.857714 -0.514128 0
    outer loop
      vertex -16.6902 1.03706 1.69
      vertex -16.5792 1.22224 0
      vertex -16.5792 1.22224 1.69
    endloop
  endfacet
  facet normal 0.857714 -0.514128 0
    outer loop
      vertex -16.5792 1.22224 0
      vertex -16.6902 1.03706 1.69
      vertex -16.6902 1.03706 0
    endloop
  endfacet
  facet normal -0.336841 0.941562 0
    outer loop
      vertex 15.5919 -2.03253 0
      vertex 15.3886 -2.10526 1.69
      vertex 15.5919 -2.03253 1.69
    endloop
  endfacet
  facet normal -0.336841 0.941562 0
    outer loop
      vertex 15.3886 -2.10526 1.69
      vertex 15.5919 -2.03253 0
      vertex 15.3886 -2.10526 0
    endloop
  endfacet
  facet normal -0.242972 0.970033 0
    outer loop
      vertex 15.3886 -2.10526 0
      vertex 15.1792 -2.15771 1.69
      vertex 15.3886 -2.10526 1.69
    endloop
  endfacet
  facet normal -0.242972 0.970033 0
    outer loop
      vertex 15.1792 -2.15771 1.69
      vertex 15.3886 -2.10526 0
      vertex 15.1792 -2.15771 0
    endloop
  endfacet
  facet normal -0.857714 -0.514128 0
    outer loop
      vertex 16.6902 1.03706 0
      vertex 16.5792 1.22224 1.69
      vertex 16.5792 1.22224 0
    endloop
  endfacet
  facet normal -0.857714 -0.514128 0
    outer loop
      vertex 16.5792 1.22224 1.69
      vertex 16.6902 1.03706 0
      vertex 16.6902 1.03706 1.69
    endloop
  endfacet
  facet normal -0.740924 0.671589 0
    outer loop
      vertex 16.3056 -1.55563 0
      vertex 16.4506 -1.39566 1.69
      vertex 16.4506 -1.39566 0
    endloop
  endfacet
  facet normal -0.740924 0.671589 0
    outer loop
      vertex 16.4506 -1.39566 1.69
      vertex 16.3056 -1.55563 0
      vertex 16.3056 -1.55563 1.69
    endloop
  endfacet
  facet normal 0.671724 0.740801 -0
    outer loop
      vertex -16.1457 -1.70062 0
      vertex -16.3056 -1.55563 1.69
      vertex -16.1457 -1.70062 1.69
    endloop
  endfacet
  facet normal 0.671724 0.740801 0
    outer loop
      vertex -16.3056 -1.55563 1.69
      vertex -16.1457 -1.70062 0
      vertex -16.3056 -1.55563 0
    endloop
  endfacet
  facet normal 0 0 -1
    outer loop
      vertex 16.9394 -0.215637 1.69
      vertex 16.9394 0.215637 1.69
      vertex 16.95 0 1.69
    endloop
  endfacet
  facet normal 0 0 -1
    outer loop
      vertex 16.9077 -0.429184 1.69
      vertex 16.9394 0.215637 1.69
      vertex 16.9394 -0.215637 1.69
    endloop
  endfacet
  facet normal 0 0 -1
    outer loop
      vertex 16.9077 -0.429184 1.69
      vertex 16.9077 0.429184 1.69
      vertex 16.9394 0.215637 1.69
    endloop
  endfacet
  facet normal 0 0 -1
    outer loop
      vertex 16.8553 -0.638626 1.69
      vertex 16.9077 0.429184 1.69
      vertex 16.9077 -0.429184 1.69
    endloop
  endfacet
  facet normal 0 0 -1
    outer loop
      vertex 16.8553 -0.638626 1.69
      vertex 16.8553 0.638626 1.69
      vertex 16.9077 0.429184 1.69
    endloop
  endfacet
  facet normal 0 0 -1
    outer loop
      vertex 16.7825 -0.841888 1.69
      vertex 16.8553 0.638626 1.69
      vertex 16.8553 -0.638626 1.69
    endloop
  endfacet
  facet normal 0 0 -1
    outer loop
      vertex 16.7825 -0.841888 1.69
      vertex 16.7825 0.841888 1.69
      vertex 16.8553 0.638626 1.69
    endloop
  endfacet
  facet normal 0 0 -1
    outer loop
      vertex 16.6902 -1.03706 1.69
      vertex 16.7825 0.841888 1.69
      vertex 16.7825 -0.841888 1.69
    endloop
  endfacet
  facet normal 0 0 -1
    outer loop
      vertex 16.6902 -1.03706 1.69
      vertex 16.6902 1.03706 1.69
      vertex 16.7825 0.841888 1.69
    endloop
  endfacet
  facet normal 0 0 -1
    outer loop
      vertex 16.5792 -1.22224 1.69
      vertex 16.6902 1.03706 1.69
      vertex 16.6902 -1.03706 1.69
    endloop
  endfacet
  facet normal 0 0 -1
    outer loop
      vertex 16.5792 -1.22224 1.69
      vertex 16.5792 1.22224 1.69
      vertex 16.6902 1.03706 1.69
    endloop
  endfacet
  facet normal 0 0 -1
    outer loop
      vertex 16.4506 -1.39566 1.69
      vertex 16.5792 1.22224 1.69
      vertex 16.5792 -1.22224 1.69
    endloop
  endfacet
  facet normal 0 0 -1
    outer loop
      vertex 16.4506 -1.39566 1.69
      vertex 16.4506 1.39566 1.69
      vertex 16.5792 1.22224 1.69
    endloop
  endfacet
  facet normal 0 0 -1
    outer loop
      vertex 16.3056 -1.55563 1.69
      vertex 16.4506 1.39566 1.69
      vertex 16.4506 -1.39566 1.69
    endloop
  endfacet
  facet normal 0 0 -1
    outer loop
      vertex 16.3056 -1.55563 1.69
      vertex 16.3056 1.55563 1.69
      vertex 16.4506 1.39566 1.69
    endloop
  endfacet
  facet normal 0 0 -1
    outer loop
      vertex 16.1457 -1.70062 1.69
      vertex 16.3056 1.55563 1.69
      vertex 16.3056 -1.55563 1.69
    endloop
  endfacet
  facet normal 0 0 -1
    outer loop
      vertex 16.1457 -1.70062 1.69
      vertex 16.1457 1.70062 1.69
      vertex 16.3056 1.55563 1.69
    endloop
  endfacet
  facet normal 0 0 -1
    outer loop
      vertex 15.9722 -1.82922 1.69
      vertex 16.1457 1.70062 1.69
      vertex 16.1457 -1.70062 1.69
    endloop
  endfacet
  facet normal 0 0 -1
    outer loop
      vertex 15.9722 -1.82922 1.69
      vertex 15.9722 1.82922 1.69
      vertex 16.1457 1.70062 1.69
    endloop
  endfacet
  facet normal 0 0 -1
    outer loop
      vertex 15.7871 -1.94022 1.69
      vertex 15.9722 1.82922 1.69
      vertex 15.9722 -1.82922 1.69
    endloop
  endfacet
  facet normal 0 0 -1
    outer loop
      vertex 15.7871 -1.94022 1.69
      vertex 15.7871 1.94022 1.69
      vertex 15.9722 1.82922 1.69
    endloop
  endfacet
  facet normal 0 0 -1
    outer loop
      vertex 15.5919 -2.03253 1.69
      vertex 15.7871 1.94022 1.69
      vertex 15.7871 -1.94022 1.69
    endloop
  endfacet
  facet normal 0 0 -1
    outer loop
      vertex 15.5919 -2.03253 1.69
      vertex 15.5919 2.03253 1.69
      vertex 15.7871 1.94022 1.69
    endloop
  endfacet
  facet normal 0 0 -1
    outer loop
      vertex 15.3886 -2.10526 1.69
      vertex 15.5919 2.03253 1.69
      vertex 15.5919 -2.03253 1.69
    endloop
  endfacet
  facet normal 0 0 -1
    outer loop
      vertex 15.3886 -2.10526 1.69
      vertex 15.3886 2.10526 1.69
      vertex 15.5919 2.03253 1.69
    endloop
  endfacet
  facet normal 0 0 -1
    outer loop
      vertex 15.1792 -2.15771 1.69
      vertex 15.3886 2.10526 1.69
      vertex 15.3886 -2.10526 1.69
    endloop
  endfacet
  facet normal 0 0 -1
    outer loop
      vertex 15.1792 -2.15771 1.69
      vertex 15.1792 2.15771 1.69
      vertex 15.3886 2.10526 1.69
    endloop
  endfacet
  facet normal 0 0 -1
    outer loop
      vertex 14.9656 -2.18939 1.69
      vertex 15.1792 2.15771 1.69
      vertex 15.1792 -2.15771 1.69
    endloop
  endfacet
  facet normal 0 0 -1
    outer loop
      vertex 14.9656 -2.18939 1.69
      vertex 14.9656 2.18939 1.69
      vertex 15.1792 2.15771 1.69
    endloop
  endfacet
  facet normal 0 0 -1
    outer loop
      vertex 14.9656 -2.18939 1.69
      vertex 1.1 0 1.69
      vertex 14.9656 2.18939 1.69
    endloop
  endfacet
  facet normal 0 0 -1
    outer loop
      vertex 14.9656 -2.18939 1.69
      vertex 1.0947 -0.107819 1.69
      vertex 1.1 0 1.69
    endloop
  endfacet
  facet normal 0 0 -1
    outer loop
      vertex 14.9656 -2.18939 1.69
      vertex 1.07886 -0.214599 1.69
      vertex 1.0947 -0.107819 1.69
    endloop
  endfacet
  facet normal 0 0 -1
    outer loop
      vertex 14.9656 -2.18939 1.69
      vertex 1.05263 -0.319313 1.69
      vertex 1.07886 -0.214599 1.69
    endloop
  endfacet
  facet normal 0 0 -1
    outer loop
      vertex 14.9656 -2.18939 1.69
      vertex 1.01627 -0.420951 1.69
      vertex 1.05263 -0.319313 1.69
    endloop
  endfacet
  facet normal 0 0 -1
    outer loop
      vertex 0.372464 -3.7817 1.69
      vertex 1.01627 -0.420951 1.69
      vertex 14.9656 -2.18939 1.69
    endloop
  endfacet
  facet normal 0 0 -1
    outer loop
      vertex 1.01627 -0.420951 1.69
      vertex 0.372464 -3.7817 1.69
      vertex 0.970113 -0.518536 1.69
    endloop
  endfacet
  facet normal 0 0 -1
    outer loop
      vertex 0.970113 -0.518536 1.69
      vertex 0.372464 -3.7817 1.69
      vertex 0.914616 -0.611127 1.69
    endloop
  endfacet
  facet normal 0 0 -1
    outer loop
      vertex 0.914616 -0.611127 1.69
      vertex 0.372464 -3.7817 1.69
      vertex 0.850311 -0.697832 1.69
    endloop
  endfacet
  facet normal 0 0 -1
    outer loop
      vertex 0.850311 -0.697832 1.69
      vertex 0.372464 -3.7817 1.69
      vertex 0.777817 -0.777817 1.69
    endloop
  endfacet
  facet normal 0 0 -1
    outer loop
      vertex 0.777817 -0.777817 1.69
      vertex 0.372464 -3.7817 1.69
      vertex 0.697832 -0.850311 1.69
    endloop
  endfacet
  facet normal 0 0 -1
    outer loop
      vertex 0.697832 -0.850311 1.69
      vertex 0.372464 -3.7817 1.69
      vertex 0.611127 -0.914616 1.69
    endloop
  endfacet
  facet normal 0 0 -1
    outer loop
      vertex 0.611127 -0.914616 1.69
      vertex 0.372464 -3.7817 1.69
      vertex 0.518536 -0.970113 1.69
    endloop
  endfacet
  facet normal 0 0 -1
    outer loop
      vertex 0.518536 -0.970113 1.69
      vertex 0.372464 -3.7817 1.69
      vertex 0.420951 -1.01627 1.69
    endloop
  endfacet
  facet normal 0 0 -1
    outer loop
      vertex 0.372464 -3.7817 1.69
      vertex 0.319313 -1.05263 1.69
      vertex 0.420951 -1.01627 1.69
    endloop
  endfacet
  facet normal 0 0 -1
    outer loop
      vertex 0.372464 -3.7817 1.69
      vertex 0.214599 -1.07886 1.69
      vertex 0.319313 -1.05263 1.69
    endloop
  endfacet
  facet normal 0 0 -1
    outer loop
      vertex 0.372464 -3.7817 1.69
      vertex 0.107819 -1.0947 1.69
      vertex 0.214599 -1.07886 1.69
    endloop
  endfacet
  facet normal 0 0 -1
    outer loop
      vertex 0 -3.8 1.69
      vertex 0.107819 -1.0947 1.69
      vertex 0.372464 -3.7817 1.69
    endloop
  endfacet
  facet normal 0 0 -1
    outer loop
      vertex 0 -3.8 1.69
      vertex 0 -1.1 1.69
      vertex 0.107819 -1.0947 1.69
    endloop
  endfacet
  facet normal 0 0 -1
    outer loop
      vertex 0 -3.8 1.69
      vertex -0.107819 -1.0947 1.69
      vertex 0 -1.1 1.69
    endloop
  endfacet
  facet normal 0 0 -1
    outer loop
      vertex -0.372464 -3.7817 1.69
      vertex -0.107819 -1.0947 1.69
      vertex 0 -3.8 1.69
    endloop
  endfacet
  facet normal -0 0 -1
    outer loop
      vertex -0.107819 -1.0947 1.69
      vertex -0.372464 -3.7817 1.69
      vertex -0.214599 -1.07886 1.69
    endloop
  endfacet
  facet normal -0 0 -1
    outer loop
      vertex -0.214599 -1.07886 1.69
      vertex -0.372464 -3.7817 1.69
      vertex -0.319313 -1.05263 1.69
    endloop
  endfacet
  facet normal 0 0 -1
    outer loop
      vertex -0.372464 -3.7817 1.69
      vertex -0.420951 -1.01627 1.69
      vertex -0.319313 -1.05263 1.69
    endloop
  endfacet
  facet normal 0 0 -1
    outer loop
      vertex -0.372464 -3.7817 1.69
      vertex -0.518536 -0.970113 1.69
      vertex -0.420951 -1.01627 1.69
    endloop
  endfacet
  facet normal 0 0 -1
    outer loop
      vertex -0.372464 -3.7817 1.69
      vertex -0.611127 -0.914616 1.69
      vertex -0.518536 -0.970113 1.69
    endloop
  endfacet
  facet normal 0 0 -1
    outer loop
      vertex -0.372464 -3.7817 1.69
      vertex -0.697832 -0.850311 1.69
      vertex -0.611127 -0.914616 1.69
    endloop
  endfacet
  facet normal 0 0 -1
    outer loop
      vertex -0.372464 -3.7817 1.69
      vertex -0.777817 -0.777817 1.69
      vertex -0.697832 -0.850311 1.69
    endloop
  endfacet
  facet normal 0 0 -1
    outer loop
      vertex -0.372464 -3.7817 1.69
      vertex -0.850311 -0.697832 1.69
      vertex -0.777817 -0.777817 1.69
    endloop
  endfacet
  facet normal 0 0 -1
    outer loop
      vertex -0.372464 -3.7817 1.69
      vertex -0.914616 -0.611127 1.69
      vertex -0.850311 -0.697832 1.69
    endloop
  endfacet
  facet normal 0 0 -1
    outer loop
      vertex -0.372464 -3.7817 1.69
      vertex -0.970113 -0.518536 1.69
      vertex -0.914616 -0.611127 1.69
    endloop
  endfacet
  facet normal 0 0 -1
    outer loop
      vertex -0.372464 -3.7817 1.69
      vertex -1.01627 -0.420951 1.69
      vertex -0.970113 -0.518536 1.69
    endloop
  endfacet
  facet normal 0 0 -1
    outer loop
      vertex -14.9656 -2.18939 1.69
      vertex -1.01627 -0.420951 1.69
      vertex -0.372464 -3.7817 1.69
    endloop
  endfacet
  facet normal -0 0 -1
    outer loop
      vertex -1.01627 -0.420951 1.69
      vertex -14.9656 -2.18939 1.69
      vertex -1.05263 -0.319313 1.69
    endloop
  endfacet
  facet normal -0 0 -1
    outer loop
      vertex -1.0947 -0.107819 1.69
      vertex -14.9656 -2.18939 1.69
      vertex -1.1 0 1.69
    endloop
  endfacet
  facet normal -0 0 -1
    outer loop
      vertex -1.07886 -0.214599 1.69
      vertex -14.9656 -2.18939 1.69
      vertex -1.0947 -0.107819 1.69
    endloop
  endfacet
  facet normal -0 0 -1
    outer loop
      vertex -1.05263 -0.319313 1.69
      vertex -14.9656 -2.18939 1.69
      vertex -1.07886 -0.214599 1.69
    endloop
  endfacet
  facet normal 0 0 -1
    outer loop
      vertex 1.0947 0.107819 1.69
      vertex 14.9656 2.18939 1.69
      vertex 1.1 0 1.69
    endloop
  endfacet
  facet normal 0 0 -1
    outer loop
      vertex 1.07886 0.214599 1.69
      vertex 14.9656 2.18939 1.69
      vertex 1.0947 0.107819 1.69
    endloop
  endfacet
  facet normal 0 0 -1
    outer loop
      vertex 1.05263 0.319313 1.69
      vertex 14.9656 2.18939 1.69
      vertex 1.07886 0.214599 1.69
    endloop
  endfacet
  facet normal 0 0 -1
    outer loop
      vertex 1.01627 0.420951 1.69
      vertex 14.9656 2.18939 1.69
      vertex 1.05263 0.319313 1.69
    endloop
  endfacet
  facet normal 0 0 -1
    outer loop
      vertex 0.372464 3.7817 1.69
      vertex 1.01627 0.420951 1.69
      vertex 0.970113 0.518536 1.69
    endloop
  endfacet
  facet normal 0 0 -1
    outer loop
      vertex 0.372464 3.7817 1.69
      vertex 0.970113 0.518536 1.69
      vertex 0.914616 0.611127 1.69
    endloop
  endfacet
  facet normal 0 0 -1
    outer loop
      vertex 0.372464 3.7817 1.69
      vertex 0.914616 0.611127 1.69
      vertex 0.850311 0.697832 1.69
    endloop
  endfacet
  facet normal 0 0 -1
    outer loop
      vertex 0.372464 3.7817 1.69
      vertex 0.850311 0.697832 1.69
      vertex 0.777817 0.777817 1.69
    endloop
  endfacet
  facet normal 0 0 -1
    outer loop
      vertex 0.372464 3.7817 1.69
      vertex 0.777817 0.777817 1.69
      vertex 0.697832 0.850311 1.69
    endloop
  endfacet
  facet normal 0 0 -1
    outer loop
      vertex 0.372464 3.7817 1.69
      vertex 0.697832 0.850311 1.69
      vertex 0.611127 0.914616 1.69
    endloop
  endfacet
  facet normal 0 0 -1
    outer loop
      vertex 0.372464 3.7817 1.69
      vertex 0.611127 0.914616 1.69
      vertex 0.518536 0.970113 1.69
    endloop
  endfacet
  facet normal 0 0 -1
    outer loop
      vertex 0.372464 3.7817 1.69
      vertex 0.518536 0.970113 1.69
      vertex 0.420951 1.01627 1.69
    endloop
  endfacet
  facet normal 0 0 -1
    outer loop
      vertex 1.01627 0.420951 1.69
      vertex 0.372464 3.7817 1.69
      vertex 14.9656 2.18939 1.69
    endloop
  endfacet
  facet normal 0 0 -1
    outer loop
      vertex 0.319313 1.05263 1.69
      vertex 0.372464 3.7817 1.69
      vertex 0.420951 1.01627 1.69
    endloop
  endfacet
  facet normal 0 0 -1
    outer loop
      vertex 0.214599 1.07886 1.69
      vertex 0.372464 3.7817 1.69
      vertex 0.319313 1.05263 1.69
    endloop
  endfacet
  facet normal 0 0 -1
    outer loop
      vertex 0.107819 1.0947 1.69
      vertex 0.372464 3.7817 1.69
      vertex 0.214599 1.07886 1.69
    endloop
  endfacet
  facet normal 0 0 -1
    outer loop
      vertex 0 1.1 1.69
      vertex 0.372464 3.7817 1.69
      vertex 0.107819 1.0947 1.69
    endloop
  endfacet
  facet normal 0 0 -1
    outer loop
      vertex 0 1.1 1.69
      vertex 0 3.8 1.69
      vertex 0.372464 3.7817 1.69
    endloop
  endfacet
  facet normal 0 0 -1
    outer loop
      vertex -0.107819 1.0947 1.69
      vertex 0 3.8 1.69
      vertex 0 1.1 1.69
    endloop
  endfacet
  facet normal 0 0 -1
    outer loop
      vertex -0.372464 3.7817 1.69
      vertex -0.107819 1.0947 1.69
      vertex -0.214599 1.07886 1.69
    endloop
  endfacet
  facet normal 0 0 -1
    outer loop
      vertex -0.372464 3.7817 1.69
      vertex -0.214599 1.07886 1.69
      vertex -0.319313 1.05263 1.69
    endloop
  endfacet
  facet normal 0 0 -1
    outer loop
      vertex -0.107819 1.0947 1.69
      vertex -0.372464 3.7817 1.69
      vertex 0 3.8 1.69
    endloop
  endfacet
  facet normal 0 0 -1
    outer loop
      vertex -0.420951 1.01627 1.69
      vertex -0.372464 3.7817 1.69
      vertex -0.319313 1.05263 1.69
    endloop
  endfacet
  facet normal 0 0 -1
    outer loop
      vertex -0.518536 0.970113 1.69
      vertex -0.372464 3.7817 1.69
      vertex -0.420951 1.01627 1.69
    endloop
  endfacet
  facet normal 0 0 -1
    outer loop
      vertex -0.611127 0.914616 1.69
      vertex -0.372464 3.7817 1.69
      vertex -0.518536 0.970113 1.69
    endloop
  endfacet
  facet normal 0 0 -1
    outer loop
      vertex -0.697832 0.850311 1.69
      vertex -0.372464 3.7817 1.69
      vertex -0.611127 0.914616 1.69
    endloop
  endfacet
  facet normal 0 0 -1
    outer loop
      vertex -0.777817 0.777817 1.69
      vertex -0.372464 3.7817 1.69
      vertex -0.697832 0.850311 1.69
    endloop
  endfacet
  facet normal 0 0 -1
    outer loop
      vertex -0.850311 0.697832 1.69
      vertex -0.372464 3.7817 1.69
      vertex -0.777817 0.777817 1.69
    endloop
  endfacet
  facet normal 0 0 -1
    outer loop
      vertex -0.914616 0.611127 1.69
      vertex -0.372464 3.7817 1.69
      vertex -0.850311 0.697832 1.69
    endloop
  endfacet
  facet normal 0 0 -1
    outer loop
      vertex -0.970113 0.518536 1.69
      vertex -0.372464 3.7817 1.69
      vertex -0.914616 0.611127 1.69
    endloop
  endfacet
  facet normal 0 0 -1
    outer loop
      vertex -1.01627 0.420951 1.69
      vertex -0.372464 3.7817 1.69
      vertex -0.970113 0.518536 1.69
    endloop
  endfacet
  facet normal 0 0 -1
    outer loop
      vertex -14.9656 2.18939 1.69
      vertex -1.01627 0.420951 1.69
      vertex -1.05263 0.319313 1.69
    endloop
  endfacet
  facet normal 0 0 -1
    outer loop
      vertex -14.9656 2.18939 1.69
      vertex -1.05263 0.319313 1.69
      vertex -1.07886 0.214599 1.69
    endloop
  endfacet
  facet normal 0 0 -1
    outer loop
      vertex -14.9656 2.18939 1.69
      vertex -1.1 0 1.69
      vertex -14.9656 -2.18939 1.69
    endloop
  endfacet
  facet normal 0 0 -1
    outer loop
      vertex -1.1 0 1.69
      vertex -14.9656 2.18939 1.69
      vertex -1.0947 0.107819 1.69
    endloop
  endfacet
  facet normal 0 0 -1
    outer loop
      vertex -1.0947 0.107819 1.69
      vertex -14.9656 2.18939 1.69
      vertex -1.07886 0.214599 1.69
    endloop
  endfacet
  facet normal 0 0 -1
    outer loop
      vertex -1.01627 0.420951 1.69
      vertex -14.9656 2.18939 1.69
      vertex -0.372464 3.7817 1.69
    endloop
  endfacet
  facet normal 0 0 -1
    outer loop
      vertex -15.1792 -2.15771 1.69
      vertex -14.9656 2.18939 1.69
      vertex -14.9656 -2.18939 1.69
    endloop
  endfacet
  facet normal 0 0 -1
    outer loop
      vertex -15.1792 -2.15771 1.69
      vertex -15.1792 2.15771 1.69
      vertex -14.9656 2.18939 1.69
    endloop
  endfacet
  facet normal 0 0 -1
    outer loop
      vertex -15.3886 -2.10526 1.69
      vertex -15.1792 2.15771 1.69
      vertex -15.1792 -2.15771 1.69
    endloop
  endfacet
  facet normal 0 0 -1
    outer loop
      vertex -15.3886 -2.10526 1.69
      vertex -15.3886 2.10526 1.69
      vertex -15.1792 2.15771 1.69
    endloop
  endfacet
  facet normal 0 0 -1
    outer loop
      vertex -15.5919 -2.03253 1.69
      vertex -15.3886 2.10526 1.69
      vertex -15.3886 -2.10526 1.69
    endloop
  endfacet
  facet normal 0 0 -1
    outer loop
      vertex -15.5919 -2.03253 1.69
      vertex -15.5919 2.03253 1.69
      vertex -15.3886 2.10526 1.69
    endloop
  endfacet
  facet normal 0 0 -1
    outer loop
      vertex -15.7871 -1.94022 1.69
      vertex -15.5919 2.03253 1.69
      vertex -15.5919 -2.03253 1.69
    endloop
  endfacet
  facet normal 0 0 -1
    outer loop
      vertex -15.7871 -1.94022 1.69
      vertex -15.7871 1.94022 1.69
      vertex -15.5919 2.03253 1.69
    endloop
  endfacet
  facet normal 0 0 -1
    outer loop
      vertex -15.9722 -1.82922 1.69
      vertex -15.7871 1.94022 1.69
      vertex -15.7871 -1.94022 1.69
    endloop
  endfacet
  facet normal 0 0 -1
    outer loop
      vertex -15.9722 -1.82922 1.69
      vertex -15.9722 1.82922 1.69
      vertex -15.7871 1.94022 1.69
    endloop
  endfacet
  facet normal 0 0 -1
    outer loop
      vertex -16.1457 -1.70062 1.69
      vertex -15.9722 1.82922 1.69
      vertex -15.9722 -1.82922 1.69
    endloop
  endfacet
  facet normal 0 0 -1
    outer loop
      vertex -16.1457 -1.70062 1.69
      vertex -16.1457 1.70062 1.69
      vertex -15.9722 1.82922 1.69
    endloop
  endfacet
  facet normal 0 0 -1
    outer loop
      vertex -16.3056 -1.55563 1.69
      vertex -16.1457 1.70062 1.69
      vertex -16.1457 -1.70062 1.69
    endloop
  endfacet
  facet normal 0 0 -1
    outer loop
      vertex -16.3056 -1.55563 1.69
      vertex -16.3056 1.55563 1.69
      vertex -16.1457 1.70062 1.69
    endloop
  endfacet
  facet normal 0 0 -1
    outer loop
      vertex -16.4506 -1.39566 1.69
      vertex -16.3056 1.55563 1.69
      vertex -16.3056 -1.55563 1.69
    endloop
  endfacet
  facet normal 0 0 -1
    outer loop
      vertex -16.4506 -1.39566 1.69
      vertex -16.4506 1.39566 1.69
      vertex -16.3056 1.55563 1.69
    endloop
  endfacet
  facet normal 0 0 -1
    outer loop
      vertex -16.5792 -1.22224 1.69
      vertex -16.4506 1.39566 1.69
      vertex -16.4506 -1.39566 1.69
    endloop
  endfacet
  facet normal 0 0 -1
    outer loop
      vertex -16.5792 -1.22224 1.69
      vertex -16.5792 1.22224 1.69
      vertex -16.4506 1.39566 1.69
    endloop
  endfacet
  facet normal 0 0 -1
    outer loop
      vertex -16.6902 -1.03706 1.69
      vertex -16.5792 1.22224 1.69
      vertex -16.5792 -1.22224 1.69
    endloop
  endfacet
  facet normal 0 0 -1
    outer loop
      vertex -16.6902 -1.03706 1.69
      vertex -16.6902 1.03706 1.69
      vertex -16.5792 1.22224 1.69
    endloop
  endfacet
  facet normal 0 0 -1
    outer loop
      vertex -16.7825 -0.841888 1.69
      vertex -16.6902 1.03706 1.69
      vertex -16.6902 -1.03706 1.69
    endloop
  endfacet
  facet normal 0 0 -1
    outer loop
      vertex -16.7825 -0.841888 1.69
      vertex -16.7825 0.841888 1.69
      vertex -16.6902 1.03706 1.69
    endloop
  endfacet
  facet normal 0 0 -1
    outer loop
      vertex -16.8553 -0.638626 1.69
      vertex -16.7825 0.841888 1.69
      vertex -16.7825 -0.841888 1.69
    endloop
  endfacet
  facet normal 0 0 -1
    outer loop
      vertex -16.8553 -0.638626 1.69
      vertex -16.8553 0.638626 1.69
      vertex -16.7825 0.841888 1.69
    endloop
  endfacet
  facet normal 0 0 -1
    outer loop
      vertex -16.9077 -0.429184 1.69
      vertex -16.8553 0.638626 1.69
      vertex -16.8553 -0.638626 1.69
    endloop
  endfacet
  facet normal 0 0 -1
    outer loop
      vertex -16.9077 -0.429184 1.69
      vertex -16.9077 0.429184 1.69
      vertex -16.8553 0.638626 1.69
    endloop
  endfacet
  facet normal 0 0 -1
    outer loop
      vertex -16.9394 -0.215637 1.69
      vertex -16.9077 0.429184 1.69
      vertex -16.9077 -0.429184 1.69
    endloop
  endfacet
  facet normal 0 0 -1
    outer loop
      vertex -16.9394 -0.215637 1.69
      vertex -16.9394 0.215637 1.69
      vertex -16.9077 0.429184 1.69
    endloop
  endfacet
  facet normal 0 -0 -1
    outer loop
      vertex -16.9394 0.215637 1.69
      vertex -16.9394 -0.215637 1.69
      vertex -16.95 0 1.69
    endloop
  endfacet
  facet normal 0.904006 0.427519 0
    outer loop
      vertex -16.6902 -1.03706 1.69
      vertex -16.7825 -0.841888 0
      vertex -16.7825 -0.841888 1.69
    endloop
  endfacet
  facet normal 0.904006 0.427519 0
    outer loop
      vertex -16.7825 -0.841888 0
      vertex -16.6902 -1.03706 1.69
      vertex -16.6902 -1.03706 0
    endloop
  endfacet
  facet normal 0.740924 0.671589 0
    outer loop
      vertex -16.3056 -1.55563 1.69
      vertex -16.4506 -1.39566 0
      vertex -16.4506 -1.39566 1.69
    endloop
  endfacet
  facet normal 0.740924 0.671589 0
    outer loop
      vertex -16.4506 -1.39566 0
      vertex -16.3056 -1.55563 1.69
      vertex -16.3056 -1.55563 0
    endloop
  endfacet
  facet normal -0.595471 -0.803377 0
    outer loop
      vertex 15.9722 1.82922 0
      vertex 16.1457 1.70062 1.69
      vertex 15.9722 1.82922 1.69
    endloop
  endfacet
  facet normal -0.595471 -0.803377 -0
    outer loop
      vertex 16.1457 1.70062 1.69
      vertex 15.9722 1.82922 0
      vertex 16.1457 1.70062 0
    endloop
  endfacet
  facet normal 0.989161 0.146836 0
    outer loop
      vertex -16.9077 -0.429184 1.69
      vertex -16.9394 -0.215637 0
      vertex -16.9394 -0.215637 1.69
    endloop
  endfacet
  facet normal 0.989161 0.146836 0
    outer loop
      vertex -16.9394 -0.215637 0
      vertex -16.9077 -0.429184 1.69
      vertex -16.9077 -0.429184 0
    endloop
  endfacet
  facet normal 0.514291 0.857616 -0
    outer loop
      vertex -15.7871 -1.94022 0
      vertex -15.9722 -1.82922 1.69
      vertex -15.7871 -1.94022 1.69
    endloop
  endfacet
  facet normal 0.514291 0.857616 0
    outer loop
      vertex -15.9722 -1.82922 1.69
      vertex -15.7871 -1.94022 0
      vertex -15.9722 -1.82922 0
    endloop
  endfacet
  facet normal 0.242972 0.970033 -0
    outer loop
      vertex -15.1792 -2.15771 0
      vertex -15.3886 -2.10526 1.69
      vertex -15.1792 -2.15771 1.69
    endloop
  endfacet
  facet normal 0.242972 0.970033 0
    outer loop
      vertex -15.3886 -2.10526 1.69
      vertex -15.1792 -2.15771 0
      vertex -15.3886 -2.10526 0
    endloop
  endfacet
  facet normal 0.336841 0.941562 -0
    outer loop
      vertex -15.3886 -2.10526 0
      vertex -15.5919 -2.03253 1.69
      vertex -15.3886 -2.10526 1.69
    endloop
  endfacet
  facet normal 0.336841 0.941562 0
    outer loop
      vertex -15.5919 -2.03253 1.69
      vertex -15.3886 -2.10526 0
      vertex -15.5919 -2.03253 0
    endloop
  endfacet
  facet normal -0.989176 -0.146737 0
    outer loop
      vertex 1.0947 0.107819 1.69
      vertex 1.07886 0.214599 3.2
      vertex 1.07886 0.214599 1.69
    endloop
  endfacet
  facet normal -0.989176 -0.146737 0
    outer loop
      vertex 1.07886 0.214599 3.2
      vertex 1.0947 0.107819 1.69
      vertex 1.0947 0.107819 3.2
    endloop
  endfacet
  facet normal -0.998794 -0.0490972 0
    outer loop
      vertex 1.1 0 1.69
      vertex 1.0947 0.107819 3.2
      vertex 1.0947 0.107819 1.69
    endloop
  endfacet
  facet normal -0.998794 -0.0490972 0
    outer loop
      vertex 1.0947 0.107819 3.2
      vertex 1.1 0 1.69
      vertex 1.1 0 3.2
    endloop
  endfacet
  facet normal -0.97003 -0.242985 0
    outer loop
      vertex 1.07886 0.214599 1.69
      vertex 1.05263 0.319313 3.2
      vertex 1.05263 0.319313 1.69
    endloop
  endfacet
  facet normal -0.97003 -0.242985 0
    outer loop
      vertex 1.05263 0.319313 3.2
      vertex 1.07886 0.214599 1.69
      vertex 1.07886 0.214599 3.2
    endloop
  endfacet
  facet normal 0.5957 -0.803207 0
    outer loop
      vertex -0.697832 0.850311 1.69
      vertex -0.611127 0.914616 3.2
      vertex -0.697832 0.850311 3.2
    endloop
  endfacet
  facet normal 0.5957 -0.803207 0
    outer loop
      vertex -0.611127 0.914616 3.2
      vertex -0.697832 0.850311 1.69
      vertex -0.611127 0.914616 1.69
    endloop
  endfacet
  facet normal 0.803207 -0.5957 0
    outer loop
      vertex -0.914616 0.611127 3.2
      vertex -0.850311 0.697832 1.69
      vertex -0.850311 0.697832 3.2
    endloop
  endfacet
  facet normal 0.803207 -0.5957 0
    outer loop
      vertex -0.850311 0.697832 1.69
      vertex -0.914616 0.611127 3.2
      vertex -0.914616 0.611127 1.69
    endloop
  endfacet
  facet normal 0.427576 -0.90398 0
    outer loop
      vertex -0.518536 0.970113 1.69
      vertex -0.420951 1.01627 3.2
      vertex -0.518536 0.970113 3.2
    endloop
  endfacet
  facet normal 0.427576 -0.90398 0
    outer loop
      vertex -0.420951 1.01627 3.2
      vertex -0.518536 0.970113 1.69
      vertex -0.420951 1.01627 1.69
    endloop
  endfacet
  facet normal -0.336835 -0.941564 0
    outer loop
      vertex 0.319313 1.05263 1.69
      vertex 0.420951 1.01627 3.2
      vertex 0.319313 1.05263 3.2
    endloop
  endfacet
  facet normal -0.336835 -0.941564 -0
    outer loop
      vertex 0.420951 1.01627 3.2
      vertex 0.319313 1.05263 1.69
      vertex 0.420951 1.01627 1.69
    endloop
  endfacet
  facet normal -0.146737 -0.989176 0
    outer loop
      vertex 0.107819 1.0947 1.69
      vertex 0.214599 1.07886 3.2
      vertex 0.107819 1.0947 3.2
    endloop
  endfacet
  facet normal -0.146737 -0.989176 -0
    outer loop
      vertex 0.214599 1.07886 3.2
      vertex 0.107819 1.0947 1.69
      vertex 0.214599 1.07886 1.69
    endloop
  endfacet
  facet normal -0.998794 0.0490972 0
    outer loop
      vertex 1.0947 -0.107819 1.69
      vertex 1.1 0 3.2
      vertex 1.1 0 1.69
    endloop
  endfacet
  facet normal -0.998794 0.0490972 0
    outer loop
      vertex 1.1 0 3.2
      vertex 1.0947 -0.107819 1.69
      vertex 1.0947 -0.107819 3.2
    endloop
  endfacet
  facet normal 0.336835 -0.941564 0
    outer loop
      vertex -0.420951 1.01627 1.69
      vertex -0.319313 1.05263 3.2
      vertex -0.420951 1.01627 3.2
    endloop
  endfacet
  facet normal 0.336835 -0.941564 0
    outer loop
      vertex -0.319313 1.05263 3.2
      vertex -0.420951 1.01627 1.69
      vertex -0.319313 1.05263 1.69
    endloop
  endfacet
  facet normal -0.242985 0.97003 0
    outer loop
      vertex 0.319313 -1.05263 1.69
      vertex 0.214599 -1.07886 3.2
      vertex 0.319313 -1.05263 3.2
    endloop
  endfacet
  facet normal -0.242985 0.97003 0
    outer loop
      vertex 0.214599 -1.07886 3.2
      vertex 0.319313 -1.05263 1.69
      vertex 0.214599 -1.07886 1.69
    endloop
  endfacet
  facet normal -0.803207 0.5957 0
    outer loop
      vertex 0.850311 -0.697832 1.69
      vertex 0.914616 -0.611127 3.2
      vertex 0.914616 -0.611127 1.69
    endloop
  endfacet
  facet normal -0.803207 0.5957 0
    outer loop
      vertex 0.914616 -0.611127 3.2
      vertex 0.850311 -0.697832 1.69
      vertex 0.850311 -0.697832 3.2
    endloop
  endfacet
  facet normal 0.514103 -0.857728 0
    outer loop
      vertex -0.611127 0.914616 1.69
      vertex -0.518536 0.970113 3.2
      vertex -0.611127 0.914616 3.2
    endloop
  endfacet
  facet normal 0.514103 -0.857728 0
    outer loop
      vertex -0.518536 0.970113 3.2
      vertex -0.611127 0.914616 1.69
      vertex -0.518536 0.970113 1.69
    endloop
  endfacet
  facet normal 0.989176 0.146737 0
    outer loop
      vertex -1.07886 -0.214599 3.2
      vertex -1.0947 -0.107819 1.69
      vertex -1.0947 -0.107819 3.2
    endloop
  endfacet
  facet normal 0.989176 0.146737 0
    outer loop
      vertex -1.0947 -0.107819 1.69
      vertex -1.07886 -0.214599 3.2
      vertex -1.07886 -0.214599 1.69
    endloop
  endfacet
  facet normal 0.740952 -0.671558 0
    outer loop
      vertex -0.850311 0.697832 3.2
      vertex -0.777817 0.777817 1.69
      vertex -0.777817 0.777817 3.2
    endloop
  endfacet
  facet normal 0.740952 -0.671558 0
    outer loop
      vertex -0.777817 0.777817 1.69
      vertex -0.850311 0.697832 3.2
      vertex -0.850311 0.697832 1.69
    endloop
  endfacet
  facet normal 0.97003 -0.242985 0
    outer loop
      vertex -1.07886 0.214599 3.2
      vertex -1.05263 0.319313 1.69
      vertex -1.05263 0.319313 3.2
    endloop
  endfacet
  facet normal 0.97003 -0.242985 0
    outer loop
      vertex -1.05263 0.319313 1.69
      vertex -1.07886 0.214599 3.2
      vertex -1.07886 0.214599 1.69
    endloop
  endfacet
  facet normal -0.427576 0.90398 0
    outer loop
      vertex 0.518536 -0.970113 1.69
      vertex 0.420951 -1.01627 3.2
      vertex 0.518536 -0.970113 3.2
    endloop
  endfacet
  facet normal -0.427576 0.90398 0
    outer loop
      vertex 0.420951 -1.01627 3.2
      vertex 0.518536 -0.970113 1.69
      vertex 0.420951 -1.01627 1.69
    endloop
  endfacet
  facet normal 0.5957 0.803207 -0
    outer loop
      vertex -0.611127 -0.914616 1.69
      vertex -0.697832 -0.850311 3.2
      vertex -0.611127 -0.914616 3.2
    endloop
  endfacet
  facet normal 0.5957 0.803207 0
    outer loop
      vertex -0.697832 -0.850311 3.2
      vertex -0.611127 -0.914616 1.69
      vertex -0.697832 -0.850311 1.69
    endloop
  endfacet
  facet normal -0.146737 0.989176 0
    outer loop
      vertex 0.214599 -1.07886 1.69
      vertex 0.107819 -1.0947 3.2
      vertex 0.214599 -1.07886 3.2
    endloop
  endfacet
  facet normal -0.146737 0.989176 0
    outer loop
      vertex 0.107819 -1.0947 3.2
      vertex 0.214599 -1.07886 1.69
      vertex 0.107819 -1.0947 1.69
    endloop
  endfacet
  facet normal 0.146737 -0.989176 0
    outer loop
      vertex -0.214599 1.07886 1.69
      vertex -0.107819 1.0947 3.2
      vertex -0.214599 1.07886 3.2
    endloop
  endfacet
  facet normal 0.146737 -0.989176 0
    outer loop
      vertex -0.107819 1.0947 3.2
      vertex -0.214599 1.07886 1.69
      vertex -0.107819 1.0947 1.69
    endloop
  endfacet
  facet normal 0.989176 -0.146737 0
    outer loop
      vertex -1.0947 0.107819 3.2
      vertex -1.07886 0.214599 1.69
      vertex -1.07886 0.214599 3.2
    endloop
  endfacet
  facet normal 0.989176 -0.146737 0
    outer loop
      vertex -1.07886 0.214599 1.69
      vertex -1.0947 0.107819 3.2
      vertex -1.0947 0.107819 1.69
    endloop
  endfacet
  facet normal 0.803207 0.5957 0
    outer loop
      vertex -0.850311 -0.697832 3.2
      vertex -0.914616 -0.611127 1.69
      vertex -0.914616 -0.611127 3.2
    endloop
  endfacet
  facet normal 0.803207 0.5957 0
    outer loop
      vertex -0.914616 -0.611127 1.69
      vertex -0.850311 -0.697832 3.2
      vertex -0.850311 -0.697832 1.69
    endloop
  endfacet
  facet normal -0.90398 0.427576 0
    outer loop
      vertex 0.970113 -0.518536 1.69
      vertex 1.01627 -0.420951 3.2
      vertex 1.01627 -0.420951 1.69
    endloop
  endfacet
  facet normal -0.90398 0.427576 0
    outer loop
      vertex 1.01627 -0.420951 3.2
      vertex 0.970113 -0.518536 1.69
      vertex 0.970113 -0.518536 3.2
    endloop
  endfacet
  facet normal -0.671558 -0.740952 0
    outer loop
      vertex 0.697832 0.850311 1.69
      vertex 0.777817 0.777817 3.2
      vertex 0.697832 0.850311 3.2
    endloop
  endfacet
  facet normal -0.671558 -0.740952 -0
    outer loop
      vertex 0.777817 0.777817 3.2
      vertex 0.697832 0.850311 1.69
      vertex 0.777817 0.777817 1.69
    endloop
  endfacet
  facet normal -0.857728 -0.514103 0
    outer loop
      vertex 0.970113 0.518536 1.69
      vertex 0.914616 0.611127 3.2
      vertex 0.914616 0.611127 1.69
    endloop
  endfacet
  facet normal -0.857728 -0.514103 0
    outer loop
      vertex 0.914616 0.611127 3.2
      vertex 0.970113 0.518536 1.69
      vertex 0.970113 0.518536 3.2
    endloop
  endfacet
  facet normal 0.242985 -0.97003 0
    outer loop
      vertex -0.319313 1.05263 1.69
      vertex -0.214599 1.07886 3.2
      vertex -0.319313 1.05263 3.2
    endloop
  endfacet
  facet normal 0.242985 -0.97003 0
    outer loop
      vertex -0.214599 1.07886 3.2
      vertex -0.319313 1.05263 1.69
      vertex -0.214599 1.07886 1.69
    endloop
  endfacet
  facet normal -0.427576 -0.90398 0
    outer loop
      vertex 0.420951 1.01627 1.69
      vertex 0.518536 0.970113 3.2
      vertex 0.420951 1.01627 3.2
    endloop
  endfacet
  facet normal -0.427576 -0.90398 -0
    outer loop
      vertex 0.518536 0.970113 3.2
      vertex 0.420951 1.01627 1.69
      vertex 0.518536 0.970113 1.69
    endloop
  endfacet
  facet normal -0.0490972 0.998794 0
    outer loop
      vertex 0.107819 -1.0947 1.69
      vertex 0 -1.1 3.2
      vertex 0.107819 -1.0947 3.2
    endloop
  endfacet
  facet normal -0.0490972 0.998794 0
    outer loop
      vertex 0 -1.1 3.2
      vertex 0.107819 -1.0947 1.69
      vertex 0 -1.1 1.69
    endloop
  endfacet
  facet normal -0.803207 -0.5957 0
    outer loop
      vertex 0.914616 0.611127 1.69
      vertex 0.850311 0.697832 3.2
      vertex 0.850311 0.697832 1.69
    endloop
  endfacet
  facet normal -0.803207 -0.5957 0
    outer loop
      vertex 0.850311 0.697832 3.2
      vertex 0.914616 0.611127 1.69
      vertex 0.914616 0.611127 3.2
    endloop
  endfacet
  facet normal 0.90398 0.427576 0
    outer loop
      vertex -0.970113 -0.518536 3.2
      vertex -1.01627 -0.420951 1.69
      vertex -1.01627 -0.420951 3.2
    endloop
  endfacet
  facet normal 0.90398 0.427576 0
    outer loop
      vertex -1.01627 -0.420951 1.69
      vertex -0.970113 -0.518536 3.2
      vertex -0.970113 -0.518536 1.69
    endloop
  endfacet
  facet normal 0.740952 0.671558 0
    outer loop
      vertex -0.777817 -0.777817 3.2
      vertex -0.850311 -0.697832 1.69
      vertex -0.850311 -0.697832 3.2
    endloop
  endfacet
  facet normal 0.740952 0.671558 0
    outer loop
      vertex -0.850311 -0.697832 1.69
      vertex -0.777817 -0.777817 3.2
      vertex -0.777817 -0.777817 1.69
    endloop
  endfacet
  facet normal 0.336835 0.941564 -0
    outer loop
      vertex -0.319313 -1.05263 1.69
      vertex -0.420951 -1.01627 3.2
      vertex -0.319313 -1.05263 3.2
    endloop
  endfacet
  facet normal 0.336835 0.941564 0
    outer loop
      vertex -0.420951 -1.01627 3.2
      vertex -0.319313 -1.05263 1.69
      vertex -0.420951 -1.01627 1.69
    endloop
  endfacet
  facet normal 0.0490972 0.998794 -0
    outer loop
      vertex 0 -1.1 1.69
      vertex -0.107819 -1.0947 3.2
      vertex 0 -1.1 3.2
    endloop
  endfacet
  facet normal 0.0490972 0.998794 0
    outer loop
      vertex -0.107819 -1.0947 3.2
      vertex 0 -1.1 1.69
      vertex -0.107819 -1.0947 1.69
    endloop
  endfacet
  facet normal 0.998794 -0.0490972 0
    outer loop
      vertex -1.1 0 3.2
      vertex -1.0947 0.107819 1.69
      vertex -1.0947 0.107819 3.2
    endloop
  endfacet
  facet normal 0.998794 -0.0490972 0
    outer loop
      vertex -1.0947 0.107819 1.69
      vertex -1.1 0 3.2
      vertex -1.1 0 1.69
    endloop
  endfacet
  facet normal -0.336835 0.941564 0
    outer loop
      vertex 0.420951 -1.01627 1.69
      vertex 0.319313 -1.05263 3.2
      vertex 0.420951 -1.01627 3.2
    endloop
  endfacet
  facet normal -0.336835 0.941564 0
    outer loop
      vertex 0.319313 -1.05263 3.2
      vertex 0.420951 -1.01627 1.69
      vertex 0.319313 -1.05263 1.69
    endloop
  endfacet
  facet normal -0.97003 0.242985 0
    outer loop
      vertex 1.05263 -0.319313 1.69
      vertex 1.07886 -0.214599 3.2
      vertex 1.07886 -0.214599 1.69
    endloop
  endfacet
  facet normal -0.97003 0.242985 0
    outer loop
      vertex 1.07886 -0.214599 3.2
      vertex 1.05263 -0.319313 1.69
      vertex 1.05263 -0.319313 3.2
    endloop
  endfacet
  facet normal -0.941564 0.336835 0
    outer loop
      vertex 1.01627 -0.420951 1.69
      vertex 1.05263 -0.319313 3.2
      vertex 1.05263 -0.319313 1.69
    endloop
  endfacet
  facet normal -0.941564 0.336835 0
    outer loop
      vertex 1.05263 -0.319313 3.2
      vertex 1.01627 -0.420951 1.69
      vertex 1.01627 -0.420951 3.2
    endloop
  endfacet
  facet normal -0.740952 0.671558 0
    outer loop
      vertex 0.777817 -0.777817 1.69
      vertex 0.850311 -0.697832 3.2
      vertex 0.850311 -0.697832 1.69
    endloop
  endfacet
  facet normal -0.740952 0.671558 0
    outer loop
      vertex 0.850311 -0.697832 3.2
      vertex 0.777817 -0.777817 1.69
      vertex 0.777817 -0.777817 3.2
    endloop
  endfacet
  facet normal -0.514103 -0.857728 0
    outer loop
      vertex 0.518536 0.970113 1.69
      vertex 0.611127 0.914616 3.2
      vertex 0.518536 0.970113 3.2
    endloop
  endfacet
  facet normal -0.514103 -0.857728 -0
    outer loop
      vertex 0.611127 0.914616 3.2
      vertex 0.518536 0.970113 1.69
      vertex 0.611127 0.914616 1.69
    endloop
  endfacet
  facet normal -0.242985 -0.97003 0
    outer loop
      vertex 0.214599 1.07886 1.69
      vertex 0.319313 1.05263 3.2
      vertex 0.214599 1.07886 3.2
    endloop
  endfacet
  facet normal -0.242985 -0.97003 -0
    outer loop
      vertex 0.319313 1.05263 3.2
      vertex 0.214599 1.07886 1.69
      vertex 0.319313 1.05263 1.69
    endloop
  endfacet
  facet normal -0.941564 -0.336835 0
    outer loop
      vertex 1.05263 0.319313 1.69
      vertex 1.01627 0.420951 3.2
      vertex 1.01627 0.420951 1.69
    endloop
  endfacet
  facet normal -0.941564 -0.336835 0
    outer loop
      vertex 1.01627 0.420951 3.2
      vertex 1.05263 0.319313 1.69
      vertex 1.05263 0.319313 3.2
    endloop
  endfacet
  facet normal -0.5957 -0.803207 0
    outer loop
      vertex 0.611127 0.914616 1.69
      vertex 0.697832 0.850311 3.2
      vertex 0.611127 0.914616 3.2
    endloop
  endfacet
  facet normal -0.5957 -0.803207 -0
    outer loop
      vertex 0.697832 0.850311 3.2
      vertex 0.611127 0.914616 1.69
      vertex 0.697832 0.850311 1.69
    endloop
  endfacet
  facet normal 0.97003 0.242985 0
    outer loop
      vertex -1.05263 -0.319313 3.2
      vertex -1.07886 -0.214599 1.69
      vertex -1.07886 -0.214599 3.2
    endloop
  endfacet
  facet normal 0.97003 0.242985 0
    outer loop
      vertex -1.07886 -0.214599 1.69
      vertex -1.05263 -0.319313 3.2
      vertex -1.05263 -0.319313 1.69
    endloop
  endfacet
  facet normal -0.90398 -0.427576 0
    outer loop
      vertex 1.01627 0.420951 1.69
      vertex 0.970113 0.518536 3.2
      vertex 0.970113 0.518536 1.69
    endloop
  endfacet
  facet normal -0.90398 -0.427576 0
    outer loop
      vertex 0.970113 0.518536 3.2
      vertex 1.01627 0.420951 1.69
      vertex 1.01627 0.420951 3.2
    endloop
  endfacet
  facet normal -0.0490972 -0.998794 0
    outer loop
      vertex 0 1.1 1.69
      vertex 0.107819 1.0947 3.2
      vertex 0 1.1 3.2
    endloop
  endfacet
  facet normal -0.0490972 -0.998794 -0
    outer loop
      vertex 0.107819 1.0947 3.2
      vertex 0 1.1 1.69
      vertex 0.107819 1.0947 1.69
    endloop
  endfacet
  facet normal -0.989176 0.146737 0
    outer loop
      vertex 1.07886 -0.214599 1.69
      vertex 1.0947 -0.107819 3.2
      vertex 1.0947 -0.107819 1.69
    endloop
  endfacet
  facet normal -0.989176 0.146737 0
    outer loop
      vertex 1.0947 -0.107819 3.2
      vertex 1.07886 -0.214599 1.69
      vertex 1.07886 -0.214599 3.2
    endloop
  endfacet
  facet normal 0.671558 0.740952 -0
    outer loop
      vertex -0.697832 -0.850311 1.69
      vertex -0.777817 -0.777817 3.2
      vertex -0.697832 -0.850311 3.2
    endloop
  endfacet
  facet normal 0.671558 0.740952 0
    outer loop
      vertex -0.777817 -0.777817 3.2
      vertex -0.697832 -0.850311 1.69
      vertex -0.777817 -0.777817 1.69
    endloop
  endfacet
  facet normal 0.671558 -0.740952 0
    outer loop
      vertex -0.777817 0.777817 1.69
      vertex -0.697832 0.850311 3.2
      vertex -0.777817 0.777817 3.2
    endloop
  endfacet
  facet normal 0.671558 -0.740952 0
    outer loop
      vertex -0.697832 0.850311 3.2
      vertex -0.777817 0.777817 1.69
      vertex -0.697832 0.850311 1.69
    endloop
  endfacet
  facet normal 0.857728 0.514103 0
    outer loop
      vertex -0.914616 -0.611127 3.2
      vertex -0.970113 -0.518536 1.69
      vertex -0.970113 -0.518536 3.2
    endloop
  endfacet
  facet normal 0.857728 0.514103 0
    outer loop
      vertex -0.970113 -0.518536 1.69
      vertex -0.914616 -0.611127 3.2
      vertex -0.914616 -0.611127 1.69
    endloop
  endfacet
  facet normal -0.671558 0.740952 0
    outer loop
      vertex 0.777817 -0.777817 1.69
      vertex 0.697832 -0.850311 3.2
      vertex 0.777817 -0.777817 3.2
    endloop
  endfacet
  facet normal -0.671558 0.740952 0
    outer loop
      vertex 0.697832 -0.850311 3.2
      vertex 0.777817 -0.777817 1.69
      vertex 0.697832 -0.850311 1.69
    endloop
  endfacet
  facet normal -0.5957 0.803207 0
    outer loop
      vertex 0.697832 -0.850311 1.69
      vertex 0.611127 -0.914616 3.2
      vertex 0.697832 -0.850311 3.2
    endloop
  endfacet
  facet normal -0.5957 0.803207 0
    outer loop
      vertex 0.611127 -0.914616 3.2
      vertex 0.697832 -0.850311 1.69
      vertex 0.611127 -0.914616 1.69
    endloop
  endfacet
  facet normal 0.857728 -0.514103 0
    outer loop
      vertex -0.970113 0.518536 3.2
      vertex -0.914616 0.611127 1.69
      vertex -0.914616 0.611127 3.2
    endloop
  endfacet
  facet normal 0.857728 -0.514103 0
    outer loop
      vertex -0.914616 0.611127 1.69
      vertex -0.970113 0.518536 3.2
      vertex -0.970113 0.518536 1.69
    endloop
  endfacet
  facet normal 0.146737 0.989176 -0
    outer loop
      vertex -0.107819 -1.0947 1.69
      vertex -0.214599 -1.07886 3.2
      vertex -0.107819 -1.0947 3.2
    endloop
  endfacet
  facet normal 0.146737 0.989176 0
    outer loop
      vertex -0.214599 -1.07886 3.2
      vertex -0.107819 -1.0947 1.69
      vertex -0.214599 -1.07886 1.69
    endloop
  endfacet
  facet normal 0.941564 0.336835 0
    outer loop
      vertex -1.01627 -0.420951 3.2
      vertex -1.05263 -0.319313 1.69
      vertex -1.05263 -0.319313 3.2
    endloop
  endfacet
  facet normal 0.941564 0.336835 0
    outer loop
      vertex -1.05263 -0.319313 1.69
      vertex -1.01627 -0.420951 3.2
      vertex -1.01627 -0.420951 1.69
    endloop
  endfacet
  facet normal -0.857728 0.514103 0
    outer loop
      vertex 0.914616 -0.611127 1.69
      vertex 0.970113 -0.518536 3.2
      vertex 0.970113 -0.518536 1.69
    endloop
  endfacet
  facet normal -0.857728 0.514103 0
    outer loop
      vertex 0.970113 -0.518536 3.2
      vertex 0.914616 -0.611127 1.69
      vertex 0.914616 -0.611127 3.2
    endloop
  endfacet
  facet normal -0.740952 -0.671558 0
    outer loop
      vertex 0.850311 0.697832 1.69
      vertex 0.777817 0.777817 3.2
      vertex 0.777817 0.777817 1.69
    endloop
  endfacet
  facet normal -0.740952 -0.671558 0
    outer loop
      vertex 0.777817 0.777817 3.2
      vertex 0.850311 0.697832 1.69
      vertex 0.850311 0.697832 3.2
    endloop
  endfacet
  facet normal 0.90398 -0.427576 0
    outer loop
      vertex -1.01627 0.420951 3.2
      vertex -0.970113 0.518536 1.69
      vertex -0.970113 0.518536 3.2
    endloop
  endfacet
  facet normal 0.90398 -0.427576 0
    outer loop
      vertex -0.970113 0.518536 1.69
      vertex -1.01627 0.420951 3.2
      vertex -1.01627 0.420951 1.69
    endloop
  endfacet
  facet normal 0.0490972 -0.998794 0
    outer loop
      vertex -0.107819 1.0947 1.69
      vertex 0 1.1 3.2
      vertex -0.107819 1.0947 3.2
    endloop
  endfacet
  facet normal 0.0490972 -0.998794 0
    outer loop
      vertex 0 1.1 3.2
      vertex -0.107819 1.0947 1.69
      vertex 0 1.1 1.69
    endloop
  endfacet
  facet normal 0.998794 0.0490972 0
    outer loop
      vertex -1.0947 -0.107819 3.2
      vertex -1.1 0 1.69
      vertex -1.1 0 3.2
    endloop
  endfacet
  facet normal 0.998794 0.0490972 0
    outer loop
      vertex -1.1 0 1.69
      vertex -1.0947 -0.107819 3.2
      vertex -1.0947 -0.107819 1.69
    endloop
  endfacet
  facet normal -0.514103 0.857728 0
    outer loop
      vertex 0.611127 -0.914616 1.69
      vertex 0.518536 -0.970113 3.2
      vertex 0.611127 -0.914616 3.2
    endloop
  endfacet
  facet normal -0.514103 0.857728 0
    outer loop
      vertex 0.518536 -0.970113 3.2
      vertex 0.611127 -0.914616 1.69
      vertex 0.518536 -0.970113 1.69
    endloop
  endfacet
  facet normal 0.242985 0.97003 -0
    outer loop
      vertex -0.214599 -1.07886 1.69
      vertex -0.319313 -1.05263 3.2
      vertex -0.214599 -1.07886 3.2
    endloop
  endfacet
  facet normal 0.242985 0.97003 0
    outer loop
      vertex -0.319313 -1.05263 3.2
      vertex -0.214599 -1.07886 1.69
      vertex -0.319313 -1.05263 1.69
    endloop
  endfacet
  facet normal 0.514103 0.857728 -0
    outer loop
      vertex -0.518536 -0.970113 1.69
      vertex -0.611127 -0.914616 3.2
      vertex -0.518536 -0.970113 3.2
    endloop
  endfacet
  facet normal 0.514103 0.857728 0
    outer loop
      vertex -0.611127 -0.914616 3.2
      vertex -0.518536 -0.970113 1.69
      vertex -0.611127 -0.914616 1.69
    endloop
  endfacet
  facet normal 0.427576 0.90398 -0
    outer loop
      vertex -0.420951 -1.01627 1.69
      vertex -0.518536 -0.970113 3.2
      vertex -0.420951 -1.01627 3.2
    endloop
  endfacet
  facet normal 0.427576 0.90398 0
    outer loop
      vertex -0.518536 -0.970113 3.2
      vertex -0.420951 -1.01627 1.69
      vertex -0.518536 -0.970113 1.69
    endloop
  endfacet
  facet normal 0.941564 -0.336835 0
    outer loop
      vertex -1.05263 0.319313 3.2
      vertex -1.01627 0.420951 1.69
      vertex -1.01627 0.420951 3.2
    endloop
  endfacet
  facet normal 0.941564 -0.336835 0
    outer loop
      vertex -1.01627 0.420951 1.69
      vertex -1.05263 0.319313 3.2
      vertex -1.05263 0.319313 1.69
    endloop
  endfacet
  facet normal -0.242978 0.970032 0
    outer loop
      vertex -23.6135 -30.8964 1.2
      vertex -24.2846 -31.0645 15.3
      vertex -23.6135 -30.8964 15.3
    endloop
  endfacet
  facet normal -0.242978 0.970032 0
    outer loop
      vertex -24.2846 -31.0645 15.3
      vertex -23.6135 -30.8964 1.2
      vertex -24.2846 -31.0645 1.2
    endloop
  endfacet
  facet normal 0.803163 0.59576 0
    outer loop
      vertex -39.7897 -28.6225 15.3
      vertex -40.2019 -28.0668 1.2
      vertex -40.2019 -28.0668 15.3
    endloop
  endfacet
  facet normal 0.803163 0.59576 0
    outer loop
      vertex -40.2019 -28.0668 1.2
      vertex -39.7897 -28.6225 15.3
      vertex -39.7897 -28.6225 1.2
    endloop
  endfacet
  facet normal -0.146842 0.98916 0
    outer loop
      vertex -24.2846 -31.0645 1.2
      vertex -24.969 -31.1661 15.3
      vertex -24.2846 -31.0645 15.3
    endloop
  endfacet
  facet normal -0.146842 0.98916 0
    outer loop
      vertex -24.969 -31.1661 15.3
      vertex -24.2846 -31.0645 1.2
      vertex -24.969 -31.1661 1.2
    endloop
  endfacet
  facet normal -0.146842 -0.98916 0
    outer loop
      vertex -24.969 -17.1339 1.2
      vertex -24.2846 -17.2355 15.3
      vertex -24.969 -17.1339 15.3
    endloop
  endfacet
  facet normal -0.146842 -0.98916 -0
    outer loop
      vertex -24.2846 -17.2355 15.3
      vertex -24.969 -17.1339 1.2
      vertex -24.2846 -17.2355 1.2
    endloop
  endfacet
  facet normal -0.0490004 0.998799 0
    outer loop
      vertex -24.969 -31.1661 1.2
      vertex -25.66 -31.2 15.3
      vertex -24.969 -31.1661 15.3
    endloop
  endfacet
  facet normal -0.0490004 0.998799 0
    outer loop
      vertex -25.66 -31.2 15.3
      vertex -24.969 -31.1661 1.2
      vertex -25.66 -31.2 1.2
    endloop
  endfacet
  facet normal 0 1 -0
    outer loop
      vertex -25.66 -31.2 1.2
      vertex -34.34 -31.2 15.3
      vertex -25.66 -31.2 15.3
    endloop
  endfacet
  facet normal 0 1 0
    outer loop
      vertex -34.34 -31.2 15.3
      vertex -25.66 -31.2 1.2
      vertex -34.34 -31.2 1.2
    endloop
  endfacet
  facet normal 0.998792 -0.0491446 0
    outer loop
      vertex -41.39 -24.15 15.3
      vertex -41.356 -23.459 1.2
      vertex -41.356 -23.459 15.3
    endloop
  endfacet
  facet normal 0.998792 -0.0491446 0
    outer loop
      vertex -41.356 -23.459 1.2
      vertex -41.39 -24.15 15.3
      vertex -41.39 -24.15 1.2
    endloop
  endfacet
  facet normal 0 -1 0
    outer loop
      vertex -34.34 -17.1 1.2
      vertex -25.66 -17.1 15.3
      vertex -34.34 -17.1 15.3
    endloop
  endfacet
  facet normal 0 -1 -0
    outer loop
      vertex -25.66 -17.1 15.3
      vertex -34.34 -17.1 1.2
      vertex -25.66 -17.1 1.2
    endloop
  endfacet
  facet normal -0.514071 0.857748 0
    outer loop
      vertex -21.7432 -30.0118 1.2
      vertex -22.3367 -30.3675 15.3
      vertex -21.7432 -30.0118 15.3
    endloop
  endfacet
  facet normal -0.514071 0.857748 0
    outer loop
      vertex -22.3367 -30.3675 15.3
      vertex -21.7432 -30.0118 1.2
      vertex -22.3367 -30.3675 1.2
    endloop
  endfacet
  facet normal -0.595666 -0.803232 0
    outer loop
      vertex -21.7432 -18.2882 1.2
      vertex -21.1875 -18.7003 15.3
      vertex -21.7432 -18.2882 15.3
    endloop
  endfacet
  facet normal -0.595666 -0.803232 -0
    outer loop
      vertex -21.1875 -18.7003 15.3
      vertex -21.7432 -18.2882 1.2
      vertex -21.1875 -18.7003 1.2
    endloop
  endfacet
  facet normal 0.671564 0.740946 -0
    outer loop
      vertex -38.8125 -29.5997 1.2
      vertex -39.3251 -29.1351 15.3
      vertex -38.8125 -29.5997 15.3
    endloop
  endfacet
  facet normal 0.671564 0.740946 0
    outer loop
      vertex -39.3251 -29.1351 15.3
      vertex -38.8125 -29.5997 1.2
      vertex -39.3251 -29.1351 1.2
    endloop
  endfacet
  facet normal -0.857812 0.513964 0
    outer loop
      vertex -19.7981 -28.0668 1.2
      vertex -19.4425 -27.4733 15.3
      vertex -19.4425 -27.4733 1.2
    endloop
  endfacet
  facet normal -0.857812 0.513964 0
    outer loop
      vertex -19.4425 -27.4733 15.3
      vertex -19.7981 -28.0668 1.2
      vertex -19.7981 -28.0668 15.3
    endloop
  endfacet
  facet normal 0.427564 0.903985 -0
    outer loop
      vertex -37.0379 -30.6633 1.2
      vertex -37.6633 -30.3675 15.3
      vertex -37.0379 -30.6633 15.3
    endloop
  endfacet
  facet normal 0.427564 0.903985 0
    outer loop
      vertex -37.6633 -30.3675 15.3
      vertex -37.0379 -30.6633 1.2
      vertex -37.6633 -30.3675 1.2
    endloop
  endfacet
  facet normal -0.740946 0.671564 0
    outer loop
      vertex -20.6749 -29.1351 1.2
      vertex -20.2103 -28.6225 15.3
      vertex -20.2103 -28.6225 1.2
    endloop
  endfacet
  facet normal -0.740946 0.671564 0
    outer loop
      vertex -20.2103 -28.6225 15.3
      vertex -20.6749 -29.1351 1.2
      vertex -20.6749 -29.1351 15.3
    endloop
  endfacet
  facet normal 0.0490004 0.998799 -0
    outer loop
      vertex -34.34 -31.2 1.2
      vertex -35.031 -31.1661 15.3
      vertex -34.34 -31.2 15.3
    endloop
  endfacet
  facet normal 0.0490004 0.998799 0
    outer loop
      vertex -35.031 -31.1661 15.3
      vertex -34.34 -31.2 1.2
      vertex -35.031 -31.1661 1.2
    endloop
  endfacet
  facet normal -0.998792 -0.0491446 0
    outer loop
      vertex -18.61 -24.15 1.2
      vertex -18.644 -23.459 15.3
      vertex -18.644 -23.459 1.2
    endloop
  endfacet
  facet normal -0.998792 -0.0491446 0
    outer loop
      vertex -18.644 -23.459 15.3
      vertex -18.61 -24.15 1.2
      vertex -18.61 -24.15 15.3
    endloop
  endfacet
  facet normal -0.941532 -0.336922 0
    outer loop
      vertex -18.9136 -22.1035 1.2
      vertex -19.1467 -21.4521 15.3
      vertex -19.1467 -21.4521 1.2
    endloop
  endfacet
  facet normal -0.941532 -0.336922 0
    outer loop
      vertex -19.1467 -21.4521 15.3
      vertex -18.9136 -22.1035 1.2
      vertex -18.9136 -22.1035 15.3
    endloop
  endfacet
  facet normal 0.595666 -0.803232 0
    outer loop
      vertex -38.8125 -18.7003 1.2
      vertex -38.2568 -18.2882 15.3
      vertex -38.8125 -18.7003 15.3
    endloop
  endfacet
  facet normal 0.595666 -0.803232 0
    outer loop
      vertex -38.2568 -18.2882 15.3
      vertex -38.8125 -18.7003 1.2
      vertex -38.2568 -18.2882 1.2
    endloop
  endfacet
  facet normal 0.903985 0.427564 0
    outer loop
      vertex -40.5575 -27.4733 15.3
      vertex -40.8533 -26.8479 1.2
      vertex -40.8533 -26.8479 15.3
    endloop
  endfacet
  facet normal 0.903985 0.427564 0
    outer loop
      vertex -40.8533 -26.8479 1.2
      vertex -40.5575 -27.4733 15.3
      vertex -40.5575 -27.4733 1.2
    endloop
  endfacet
  facet normal 0.803163 -0.59576 0
    outer loop
      vertex -40.2019 -20.2332 15.3
      vertex -39.7897 -19.6775 1.2
      vertex -39.7897 -19.6775 15.3
    endloop
  endfacet
  facet normal 0.803163 -0.59576 0
    outer loop
      vertex -39.7897 -19.6775 1.2
      vertex -40.2019 -20.2332 15.3
      vertex -40.2019 -20.2332 1.2
    endloop
  endfacet
  facet normal 0.242978 0.970032 -0
    outer loop
      vertex -35.7154 -31.0645 1.2
      vertex -36.3865 -30.8964 15.3
      vertex -35.7154 -31.0645 15.3
    endloop
  endfacet
  facet normal 0.242978 0.970032 0
    outer loop
      vertex -36.3865 -30.8964 15.3
      vertex -35.7154 -31.0645 1.2
      vertex -36.3865 -30.8964 1.2
    endloop
  endfacet
  facet normal -0.989181 -0.146701 0
    outer loop
      vertex -18.644 -23.459 1.2
      vertex -18.7455 -22.7746 15.3
      vertex -18.7455 -22.7746 1.2
    endloop
  endfacet
  facet normal -0.989181 -0.146701 0
    outer loop
      vertex -18.7455 -22.7746 15.3
      vertex -18.644 -23.459 1.2
      vertex -18.644 -23.459 15.3
    endloop
  endfacet
  facet normal 0.857812 0.513964 0
    outer loop
      vertex -40.2019 -28.0668 15.3
      vertex -40.5575 -27.4733 1.2
      vertex -40.5575 -27.4733 15.3
    endloop
  endfacet
  facet normal 0.857812 0.513964 0
    outer loop
      vertex -40.5575 -27.4733 1.2
      vertex -40.2019 -28.0668 15.3
      vertex -40.2019 -28.0668 1.2
    endloop
  endfacet
  facet normal 0.336922 -0.941532 0
    outer loop
      vertex -37.0379 -17.6367 1.2
      vertex -36.3865 -17.4036 15.3
      vertex -37.0379 -17.6367 15.3
    endloop
  endfacet
  facet normal 0.336922 -0.941532 0
    outer loop
      vertex -36.3865 -17.4036 15.3
      vertex -37.0379 -17.6367 1.2
      vertex -36.3865 -17.4036 1.2
    endloop
  endfacet
  facet normal 0.242978 -0.970032 0
    outer loop
      vertex -36.3865 -17.4036 1.2
      vertex -35.7154 -17.2355 15.3
      vertex -36.3865 -17.4036 15.3
    endloop
  endfacet
  facet normal 0.242978 -0.970032 0
    outer loop
      vertex -35.7154 -17.2355 15.3
      vertex -36.3865 -17.4036 1.2
      vertex -35.7154 -17.2355 1.2
    endloop
  endfacet
  facet normal 0.989181 -0.146701 0
    outer loop
      vertex -41.356 -23.459 15.3
      vertex -41.2545 -22.7746 1.2
      vertex -41.2545 -22.7746 15.3
    endloop
  endfacet
  facet normal 0.989181 -0.146701 0
    outer loop
      vertex -41.2545 -22.7746 1.2
      vertex -41.356 -23.459 15.3
      vertex -41.356 -23.459 1.2
    endloop
  endfacet
  facet normal -0.857812 -0.513964 0
    outer loop
      vertex -19.4425 -20.8267 1.2
      vertex -19.7981 -20.2332 15.3
      vertex -19.7981 -20.2332 1.2
    endloop
  endfacet
  facet normal -0.857812 -0.513964 0
    outer loop
      vertex -19.7981 -20.2332 15.3
      vertex -19.4425 -20.8267 1.2
      vertex -19.4425 -20.8267 15.3
    endloop
  endfacet
  facet normal 0.941532 -0.336922 0
    outer loop
      vertex -41.0864 -22.1035 15.3
      vertex -40.8533 -21.4521 1.2
      vertex -40.8533 -21.4521 15.3
    endloop
  endfacet
  facet normal 0.941532 -0.336922 0
    outer loop
      vertex -40.8533 -21.4521 1.2
      vertex -41.0864 -22.1035 15.3
      vertex -41.0864 -22.1035 1.2
    endloop
  endfacet
  facet normal 0.146842 0.98916 -0
    outer loop
      vertex -35.031 -31.1661 1.2
      vertex -35.7154 -31.0645 15.3
      vertex -35.031 -31.1661 15.3
    endloop
  endfacet
  facet normal 0.146842 0.98916 0
    outer loop
      vertex -35.7154 -31.0645 15.3
      vertex -35.031 -31.1661 1.2
      vertex -35.7154 -31.0645 1.2
    endloop
  endfacet
  facet normal -0.970032 0.242978 0
    outer loop
      vertex -18.9136 -26.1965 1.2
      vertex -18.7455 -25.5254 15.3
      vertex -18.7455 -25.5254 1.2
    endloop
  endfacet
  facet normal -0.970032 0.242978 0
    outer loop
      vertex -18.7455 -25.5254 15.3
      vertex -18.9136 -26.1965 1.2
      vertex -18.9136 -26.1965 15.3
    endloop
  endfacet
  facet normal 0.427564 -0.903985 0
    outer loop
      vertex -37.6633 -17.9325 1.2
      vertex -37.0379 -17.6367 15.3
      vertex -37.6633 -17.9325 15.3
    endloop
  endfacet
  facet normal 0.427564 -0.903985 0
    outer loop
      vertex -37.0379 -17.6367 15.3
      vertex -37.6633 -17.9325 1.2
      vertex -37.0379 -17.6367 1.2
    endloop
  endfacet
  facet normal 0.514071 -0.857748 0
    outer loop
      vertex -38.2568 -18.2882 1.2
      vertex -37.6633 -17.9325 15.3
      vertex -38.2568 -18.2882 15.3
    endloop
  endfacet
  facet normal 0.514071 -0.857748 0
    outer loop
      vertex -37.6633 -17.9325 15.3
      vertex -38.2568 -18.2882 1.2
      vertex -37.6633 -17.9325 1.2
    endloop
  endfacet
  facet normal 0.857812 -0.513964 0
    outer loop
      vertex -40.5575 -20.8267 15.3
      vertex -40.2019 -20.2332 1.2
      vertex -40.2019 -20.2332 15.3
    endloop
  endfacet
  facet normal 0.857812 -0.513964 0
    outer loop
      vertex -40.2019 -20.2332 1.2
      vertex -40.5575 -20.8267 15.3
      vertex -40.5575 -20.8267 1.2
    endloop
  endfacet
  facet normal -0.242978 -0.970032 0
    outer loop
      vertex -24.2846 -17.2355 1.2
      vertex -23.6135 -17.4036 15.3
      vertex -24.2846 -17.2355 15.3
    endloop
  endfacet
  facet normal -0.242978 -0.970032 -0
    outer loop
      vertex -23.6135 -17.4036 15.3
      vertex -24.2846 -17.2355 1.2
      vertex -23.6135 -17.4036 1.2
    endloop
  endfacet
  facet normal -0.740946 -0.671564 0
    outer loop
      vertex -20.2103 -19.6775 1.2
      vertex -20.6749 -19.1649 15.3
      vertex -20.6749 -19.1649 1.2
    endloop
  endfacet
  facet normal -0.740946 -0.671564 0
    outer loop
      vertex -20.6749 -19.1649 15.3
      vertex -20.2103 -19.6775 1.2
      vertex -20.2103 -19.6775 15.3
    endloop
  endfacet
  facet normal 0.0490004 -0.998799 0
    outer loop
      vertex -35.031 -17.1339 1.2
      vertex -34.34 -17.1 15.3
      vertex -35.031 -17.1339 15.3
    endloop
  endfacet
  facet normal 0.0490004 -0.998799 0
    outer loop
      vertex -34.34 -17.1 15.3
      vertex -35.031 -17.1339 1.2
      vertex -34.34 -17.1 1.2
    endloop
  endfacet
  facet normal 0.740946 0.671564 0
    outer loop
      vertex -39.3251 -29.1351 15.3
      vertex -39.7897 -28.6225 1.2
      vertex -39.7897 -28.6225 15.3
    endloop
  endfacet
  facet normal 0.740946 0.671564 0
    outer loop
      vertex -39.7897 -28.6225 1.2
      vertex -39.3251 -29.1351 15.3
      vertex -39.3251 -29.1351 1.2
    endloop
  endfacet
  facet normal -0.671564 0.740946 0
    outer loop
      vertex -20.6749 -29.1351 1.2
      vertex -21.1875 -29.5997 15.3
      vertex -20.6749 -29.1351 15.3
    endloop
  endfacet
  facet normal -0.671564 0.740946 0
    outer loop
      vertex -21.1875 -29.5997 15.3
      vertex -20.6749 -29.1351 1.2
      vertex -21.1875 -29.5997 1.2
    endloop
  endfacet
  facet normal 0.146842 -0.98916 0
    outer loop
      vertex -35.7154 -17.2355 1.2
      vertex -35.031 -17.1339 15.3
      vertex -35.7154 -17.2355 15.3
    endloop
  endfacet
  facet normal 0.146842 -0.98916 0
    outer loop
      vertex -35.031 -17.1339 15.3
      vertex -35.7154 -17.2355 1.2
      vertex -35.031 -17.1339 1.2
    endloop
  endfacet
  facet normal 0.998792 0.0491446 0
    outer loop
      vertex -41.356 -24.841 15.3
      vertex -41.39 -24.15 1.2
      vertex -41.39 -24.15 15.3
    endloop
  endfacet
  facet normal 0.998792 0.0491446 0
    outer loop
      vertex -41.39 -24.15 1.2
      vertex -41.356 -24.841 15.3
      vertex -41.356 -24.841 1.2
    endloop
  endfacet
  facet normal 0.970032 -0.242978 0
    outer loop
      vertex -41.2545 -22.7746 15.3
      vertex -41.0864 -22.1035 1.2
      vertex -41.0864 -22.1035 15.3
    endloop
  endfacet
  facet normal 0.970032 -0.242978 0
    outer loop
      vertex -41.0864 -22.1035 1.2
      vertex -41.2545 -22.7746 15.3
      vertex -41.2545 -22.7746 1.2
    endloop
  endfacet
  facet normal -0.514071 -0.857748 0
    outer loop
      vertex -22.3367 -17.9325 1.2
      vertex -21.7432 -18.2882 15.3
      vertex -22.3367 -17.9325 15.3
    endloop
  endfacet
  facet normal -0.514071 -0.857748 -0
    outer loop
      vertex -21.7432 -18.2882 15.3
      vertex -22.3367 -17.9325 1.2
      vertex -21.7432 -18.2882 1.2
    endloop
  endfacet
  facet normal -0.989181 0.146701 0
    outer loop
      vertex -18.7455 -25.5254 1.2
      vertex -18.644 -24.841 15.3
      vertex -18.644 -24.841 1.2
    endloop
  endfacet
  facet normal -0.989181 0.146701 0
    outer loop
      vertex -18.644 -24.841 15.3
      vertex -18.7455 -25.5254 1.2
      vertex -18.7455 -25.5254 15.3
    endloop
  endfacet
  facet normal 0.903985 -0.427564 0
    outer loop
      vertex -40.8533 -21.4521 15.3
      vertex -40.5575 -20.8267 1.2
      vertex -40.5575 -20.8267 15.3
    endloop
  endfacet
  facet normal 0.903985 -0.427564 0
    outer loop
      vertex -40.5575 -20.8267 1.2
      vertex -40.8533 -21.4521 15.3
      vertex -40.8533 -21.4521 1.2
    endloop
  endfacet
  facet normal -0.427564 0.903985 0
    outer loop
      vertex -22.3367 -30.3675 1.2
      vertex -22.9621 -30.6633 15.3
      vertex -22.3367 -30.3675 15.3
    endloop
  endfacet
  facet normal -0.427564 0.903985 0
    outer loop
      vertex -22.9621 -30.6633 15.3
      vertex -22.3367 -30.3675 1.2
      vertex -22.9621 -30.6633 1.2
    endloop
  endfacet
  facet normal -0.0490004 -0.998799 0
    outer loop
      vertex -25.66 -17.1 1.2
      vertex -24.969 -17.1339 15.3
      vertex -25.66 -17.1 15.3
    endloop
  endfacet
  facet normal -0.0490004 -0.998799 -0
    outer loop
      vertex -24.969 -17.1339 15.3
      vertex -25.66 -17.1 1.2
      vertex -24.969 -17.1339 1.2
    endloop
  endfacet
  facet normal 0.595666 0.803232 -0
    outer loop
      vertex -38.2568 -30.0118 1.2
      vertex -38.8125 -29.5997 15.3
      vertex -38.2568 -30.0118 15.3
    endloop
  endfacet
  facet normal 0.595666 0.803232 0
    outer loop
      vertex -38.8125 -29.5997 15.3
      vertex -38.2568 -30.0118 1.2
      vertex -38.8125 -29.5997 1.2
    endloop
  endfacet
  facet normal 0.514071 0.857748 -0
    outer loop
      vertex -37.6633 -30.3675 1.2
      vertex -38.2568 -30.0118 15.3
      vertex -37.6633 -30.3675 15.3
    endloop
  endfacet
  facet normal 0.514071 0.857748 0
    outer loop
      vertex -38.2568 -30.0118 15.3
      vertex -37.6633 -30.3675 1.2
      vertex -38.2568 -30.0118 1.2
    endloop
  endfacet
  facet normal -0.595666 0.803232 0
    outer loop
      vertex -21.1875 -29.5997 1.2
      vertex -21.7432 -30.0118 15.3
      vertex -21.1875 -29.5997 15.3
    endloop
  endfacet
  facet normal -0.595666 0.803232 0
    outer loop
      vertex -21.7432 -30.0118 15.3
      vertex -21.1875 -29.5997 1.2
      vertex -21.7432 -30.0118 1.2
    endloop
  endfacet
  facet normal 0.740946 -0.671564 0
    outer loop
      vertex -39.7897 -19.6775 15.3
      vertex -39.3251 -19.1649 1.2
      vertex -39.3251 -19.1649 15.3
    endloop
  endfacet
  facet normal 0.740946 -0.671564 0
    outer loop
      vertex -39.3251 -19.1649 1.2
      vertex -39.7897 -19.6775 15.3
      vertex -39.7897 -19.6775 1.2
    endloop
  endfacet
  facet normal 0.671564 -0.740946 0
    outer loop
      vertex -39.3251 -19.1649 1.2
      vertex -38.8125 -18.7003 15.3
      vertex -39.3251 -19.1649 15.3
    endloop
  endfacet
  facet normal 0.671564 -0.740946 0
    outer loop
      vertex -38.8125 -18.7003 15.3
      vertex -39.3251 -19.1649 1.2
      vertex -38.8125 -18.7003 1.2
    endloop
  endfacet
  facet normal 0.941532 0.336922 0
    outer loop
      vertex -40.8533 -26.8479 15.3
      vertex -41.0864 -26.1965 1.2
      vertex -41.0864 -26.1965 15.3
    endloop
  endfacet
  facet normal 0.941532 0.336922 0
    outer loop
      vertex -41.0864 -26.1965 1.2
      vertex -40.8533 -26.8479 15.3
      vertex -40.8533 -26.8479 1.2
    endloop
  endfacet
  facet normal -0.671564 -0.740946 0
    outer loop
      vertex -21.1875 -18.7003 1.2
      vertex -20.6749 -19.1649 15.3
      vertex -21.1875 -18.7003 15.3
    endloop
  endfacet
  facet normal -0.671564 -0.740946 -0
    outer loop
      vertex -20.6749 -19.1649 15.3
      vertex -21.1875 -18.7003 1.2
      vertex -20.6749 -19.1649 1.2
    endloop
  endfacet
  facet normal -0.970032 -0.242978 0
    outer loop
      vertex -18.7455 -22.7746 1.2
      vertex -18.9136 -22.1035 15.3
      vertex -18.9136 -22.1035 1.2
    endloop
  endfacet
  facet normal -0.970032 -0.242978 0
    outer loop
      vertex -18.9136 -22.1035 15.3
      vertex -18.7455 -22.7746 1.2
      vertex -18.7455 -22.7746 15.3
    endloop
  endfacet
  facet normal -0.903985 -0.427564 0
    outer loop
      vertex -19.1467 -21.4521 1.2
      vertex -19.4425 -20.8267 15.3
      vertex -19.4425 -20.8267 1.2
    endloop
  endfacet
  facet normal -0.903985 -0.427564 0
    outer loop
      vertex -19.4425 -20.8267 15.3
      vertex -19.1467 -21.4521 1.2
      vertex -19.1467 -21.4521 15.3
    endloop
  endfacet
  facet normal -0.803163 -0.59576 0
    outer loop
      vertex -19.7981 -20.2332 1.2
      vertex -20.2103 -19.6775 15.3
      vertex -20.2103 -19.6775 1.2
    endloop
  endfacet
  facet normal -0.803163 -0.59576 0
    outer loop
      vertex -20.2103 -19.6775 15.3
      vertex -19.7981 -20.2332 1.2
      vertex -19.7981 -20.2332 15.3
    endloop
  endfacet
  facet normal 0.336922 0.941532 -0
    outer loop
      vertex -36.3865 -30.8964 1.2
      vertex -37.0379 -30.6633 15.3
      vertex -36.3865 -30.8964 15.3
    endloop
  endfacet
  facet normal 0.336922 0.941532 0
    outer loop
      vertex -37.0379 -30.6633 15.3
      vertex -36.3865 -30.8964 1.2
      vertex -37.0379 -30.6633 1.2
    endloop
  endfacet
  facet normal 0.989181 0.146701 0
    outer loop
      vertex -41.2545 -25.5254 15.3
      vertex -41.356 -24.841 1.2
      vertex -41.356 -24.841 15.3
    endloop
  endfacet
  facet normal 0.989181 0.146701 0
    outer loop
      vertex -41.356 -24.841 1.2
      vertex -41.2545 -25.5254 15.3
      vertex -41.2545 -25.5254 1.2
    endloop
  endfacet
  facet normal -0.427564 -0.903985 0
    outer loop
      vertex -22.9621 -17.6367 1.2
      vertex -22.3367 -17.9325 15.3
      vertex -22.9621 -17.6367 15.3
    endloop
  endfacet
  facet normal -0.427564 -0.903985 -0
    outer loop
      vertex -22.3367 -17.9325 15.3
      vertex -22.9621 -17.6367 1.2
      vertex -22.3367 -17.9325 1.2
    endloop
  endfacet
  facet normal 0.970032 0.242978 0
    outer loop
      vertex -41.0864 -26.1965 15.3
      vertex -41.2545 -25.5254 1.2
      vertex -41.2545 -25.5254 15.3
    endloop
  endfacet
  facet normal 0.970032 0.242978 0
    outer loop
      vertex -41.2545 -25.5254 1.2
      vertex -41.0864 -26.1965 15.3
      vertex -41.0864 -26.1965 1.2
    endloop
  endfacet
  facet normal -0.998792 0.0491446 0
    outer loop
      vertex -18.644 -24.841 1.2
      vertex -18.61 -24.15 15.3
      vertex -18.61 -24.15 1.2
    endloop
  endfacet
  facet normal -0.998792 0.0491446 0
    outer loop
      vertex -18.61 -24.15 15.3
      vertex -18.644 -24.841 1.2
      vertex -18.644 -24.841 15.3
    endloop
  endfacet
  facet normal -0.336922 -0.941532 0
    outer loop
      vertex -23.6135 -17.4036 1.2
      vertex -22.9621 -17.6367 15.3
      vertex -23.6135 -17.4036 15.3
    endloop
  endfacet
  facet normal -0.336922 -0.941532 -0
    outer loop
      vertex -22.9621 -17.6367 15.3
      vertex -23.6135 -17.4036 1.2
      vertex -22.9621 -17.6367 1.2
    endloop
  endfacet
  facet normal -0.803163 0.59576 0
    outer loop
      vertex -20.2103 -28.6225 1.2
      vertex -19.7981 -28.0668 15.3
      vertex -19.7981 -28.0668 1.2
    endloop
  endfacet
  facet normal -0.803163 0.59576 0
    outer loop
      vertex -19.7981 -28.0668 15.3
      vertex -20.2103 -28.6225 1.2
      vertex -20.2103 -28.6225 15.3
    endloop
  endfacet
  facet normal -0.941532 0.336922 0
    outer loop
      vertex -19.1467 -26.8479 1.2
      vertex -18.9136 -26.1965 15.3
      vertex -18.9136 -26.1965 1.2
    endloop
  endfacet
  facet normal -0.941532 0.336922 0
    outer loop
      vertex -18.9136 -26.1965 15.3
      vertex -19.1467 -26.8479 1.2
      vertex -19.1467 -26.8479 15.3
    endloop
  endfacet
  facet normal -0.903985 0.427564 0
    outer loop
      vertex -19.4425 -27.4733 1.2
      vertex -19.1467 -26.8479 15.3
      vertex -19.1467 -26.8479 1.2
    endloop
  endfacet
  facet normal -0.903985 0.427564 0
    outer loop
      vertex -19.1467 -26.8479 15.3
      vertex -19.4425 -27.4733 1.2
      vertex -19.4425 -27.4733 15.3
    endloop
  endfacet
  facet normal 0 0 1
    outer loop
      vertex -18.644 -23.459 1.2
      vertex -18.644 -24.841 1.2
      vertex -18.61 -24.15 1.2
    endloop
  endfacet
  facet normal 0 0 1
    outer loop
      vertex -18.7455 -22.7746 1.2
      vertex -18.644 -24.841 1.2
      vertex -18.644 -23.459 1.2
    endloop
  endfacet
  facet normal 0 0 1
    outer loop
      vertex -18.7455 -22.7746 1.2
      vertex -18.7455 -25.5254 1.2
      vertex -18.644 -24.841 1.2
    endloop
  endfacet
  facet normal 0 0 1
    outer loop
      vertex -18.9136 -22.1035 1.2
      vertex -18.7455 -25.5254 1.2
      vertex -18.7455 -22.7746 1.2
    endloop
  endfacet
  facet normal 0 0 1
    outer loop
      vertex -18.9136 -22.1035 1.2
      vertex -18.9136 -26.1965 1.2
      vertex -18.7455 -25.5254 1.2
    endloop
  endfacet
  facet normal 0 0 1
    outer loop
      vertex -19.1467 -21.4521 1.2
      vertex -18.9136 -26.1965 1.2
      vertex -18.9136 -22.1035 1.2
    endloop
  endfacet
  facet normal 0 0 1
    outer loop
      vertex -19.1467 -21.4521 1.2
      vertex -19.1467 -26.8479 1.2
      vertex -18.9136 -26.1965 1.2
    endloop
  endfacet
  facet normal 0 0 1
    outer loop
      vertex -19.4425 -20.8267 1.2
      vertex -19.1467 -26.8479 1.2
      vertex -19.1467 -21.4521 1.2
    endloop
  endfacet
  facet normal 0 0 1
    outer loop
      vertex -19.4425 -20.8267 1.2
      vertex -19.4425 -27.4733 1.2
      vertex -19.1467 -26.8479 1.2
    endloop
  endfacet
  facet normal 0 0 1
    outer loop
      vertex -19.7981 -20.2332 1.2
      vertex -19.4425 -27.4733 1.2
      vertex -19.4425 -20.8267 1.2
    endloop
  endfacet
  facet normal 0 0 1
    outer loop
      vertex -19.7981 -20.2332 1.2
      vertex -19.7981 -28.0668 1.2
      vertex -19.4425 -27.4733 1.2
    endloop
  endfacet
  facet normal 0 0 1
    outer loop
      vertex -20.2103 -19.6775 1.2
      vertex -19.7981 -28.0668 1.2
      vertex -19.7981 -20.2332 1.2
    endloop
  endfacet
  facet normal 0 0 1
    outer loop
      vertex -20.2103 -19.6775 1.2
      vertex -20.2103 -28.6225 1.2
      vertex -19.7981 -28.0668 1.2
    endloop
  endfacet
  facet normal 0 0 1
    outer loop
      vertex -20.6749 -19.1649 1.2
      vertex -20.2103 -28.6225 1.2
      vertex -20.2103 -19.6775 1.2
    endloop
  endfacet
  facet normal 0 0 1
    outer loop
      vertex -20.6749 -19.1649 1.2
      vertex -20.6749 -29.1351 1.2
      vertex -20.2103 -28.6225 1.2
    endloop
  endfacet
  facet normal 0 0 1
    outer loop
      vertex -21.1875 -18.7003 1.2
      vertex -20.6749 -29.1351 1.2
      vertex -20.6749 -19.1649 1.2
    endloop
  endfacet
  facet normal 0 0 1
    outer loop
      vertex -21.1875 -18.7003 1.2
      vertex -21.1875 -29.5997 1.2
      vertex -20.6749 -29.1351 1.2
    endloop
  endfacet
  facet normal 0 0 1
    outer loop
      vertex -21.7432 -18.2882 1.2
      vertex -21.1875 -29.5997 1.2
      vertex -21.1875 -18.7003 1.2
    endloop
  endfacet
  facet normal 0 0 1
    outer loop
      vertex -21.7432 -18.2882 1.2
      vertex -21.7432 -30.0118 1.2
      vertex -21.1875 -29.5997 1.2
    endloop
  endfacet
  facet normal 0 0 1
    outer loop
      vertex -22.3367 -17.9325 1.2
      vertex -21.7432 -30.0118 1.2
      vertex -21.7432 -18.2882 1.2
    endloop
  endfacet
  facet normal 0 0 1
    outer loop
      vertex -22.3367 -17.9325 1.2
      vertex -22.3367 -30.3675 1.2
      vertex -21.7432 -30.0118 1.2
    endloop
  endfacet
  facet normal 0 0 1
    outer loop
      vertex -22.9621 -17.6367 1.2
      vertex -22.3367 -30.3675 1.2
      vertex -22.3367 -17.9325 1.2
    endloop
  endfacet
  facet normal 0 0 1
    outer loop
      vertex -22.9621 -17.6367 1.2
      vertex -22.9621 -30.6633 1.2
      vertex -22.3367 -30.3675 1.2
    endloop
  endfacet
  facet normal 0 0 1
    outer loop
      vertex -23.6135 -17.4036 1.2
      vertex -22.9621 -30.6633 1.2
      vertex -22.9621 -17.6367 1.2
    endloop
  endfacet
  facet normal 0 0 1
    outer loop
      vertex -23.6135 -17.4036 1.2
      vertex -23.6135 -30.8964 1.2
      vertex -22.9621 -30.6633 1.2
    endloop
  endfacet
  facet normal 0 0 1
    outer loop
      vertex -24.2846 -17.2355 1.2
      vertex -23.6135 -30.8964 1.2
      vertex -23.6135 -17.4036 1.2
    endloop
  endfacet
  facet normal 0 0 1
    outer loop
      vertex -24.2846 -17.2355 1.2
      vertex -24.2846 -31.0645 1.2
      vertex -23.6135 -30.8964 1.2
    endloop
  endfacet
  facet normal 0 0 1
    outer loop
      vertex -24.969 -17.1339 1.2
      vertex -24.2846 -31.0645 1.2
      vertex -24.2846 -17.2355 1.2
    endloop
  endfacet
  facet normal 0 0 1
    outer loop
      vertex -24.969 -17.1339 1.2
      vertex -24.969 -31.1661 1.2
      vertex -24.2846 -31.0645 1.2
    endloop
  endfacet
  facet normal 0 0 1
    outer loop
      vertex -25.66 -17.1 1.2
      vertex -24.969 -31.1661 1.2
      vertex -24.969 -17.1339 1.2
    endloop
  endfacet
  facet normal 0 0 1
    outer loop
      vertex -25.66 -17.1 1.2
      vertex -25.66 -31.2 1.2
      vertex -24.969 -31.1661 1.2
    endloop
  endfacet
  facet normal -0 0 1
    outer loop
      vertex -34.34 -17.1 1.2
      vertex -25.66 -31.2 1.2
      vertex -25.66 -17.1 1.2
    endloop
  endfacet
  facet normal 0 0 1
    outer loop
      vertex -34.34 -17.1 1.2
      vertex -34.34 -31.2 1.2
      vertex -25.66 -31.2 1.2
    endloop
  endfacet
  facet normal -0 0 1
    outer loop
      vertex -35.031 -17.1339 1.2
      vertex -34.34 -31.2 1.2
      vertex -34.34 -17.1 1.2
    endloop
  endfacet
  facet normal 0 0 1
    outer loop
      vertex -35.031 -17.1339 1.2
      vertex -35.031 -31.1661 1.2
      vertex -34.34 -31.2 1.2
    endloop
  endfacet
  facet normal -0 0 1
    outer loop
      vertex -35.7154 -17.2355 1.2
      vertex -35.031 -31.1661 1.2
      vertex -35.031 -17.1339 1.2
    endloop
  endfacet
  facet normal 0 0 1
    outer loop
      vertex -35.7154 -17.2355 1.2
      vertex -35.7154 -31.0645 1.2
      vertex -35.031 -31.1661 1.2
    endloop
  endfacet
  facet normal -0 0 1
    outer loop
      vertex -36.3865 -17.4036 1.2
      vertex -35.7154 -31.0645 1.2
      vertex -35.7154 -17.2355 1.2
    endloop
  endfacet
  facet normal 0 0 1
    outer loop
      vertex -36.3865 -17.4036 1.2
      vertex -36.3865 -30.8964 1.2
      vertex -35.7154 -31.0645 1.2
    endloop
  endfacet
  facet normal -0 0 1
    outer loop
      vertex -37.0379 -17.6367 1.2
      vertex -36.3865 -30.8964 1.2
      vertex -36.3865 -17.4036 1.2
    endloop
  endfacet
  facet normal 0 0 1
    outer loop
      vertex -37.0379 -17.6367 1.2
      vertex -37.0379 -30.6633 1.2
      vertex -36.3865 -30.8964 1.2
    endloop
  endfacet
  facet normal -0 0 1
    outer loop
      vertex -37.6633 -17.9325 1.2
      vertex -37.0379 -30.6633 1.2
      vertex -37.0379 -17.6367 1.2
    endloop
  endfacet
  facet normal 0 0 1
    outer loop
      vertex -37.6633 -17.9325 1.2
      vertex -37.6633 -30.3675 1.2
      vertex -37.0379 -30.6633 1.2
    endloop
  endfacet
  facet normal -0 0 1
    outer loop
      vertex -38.2568 -18.2882 1.2
      vertex -37.6633 -30.3675 1.2
      vertex -37.6633 -17.9325 1.2
    endloop
  endfacet
  facet normal 0 0 1
    outer loop
      vertex -38.2568 -18.2882 1.2
      vertex -38.2568 -30.0118 1.2
      vertex -37.6633 -30.3675 1.2
    endloop
  endfacet
  facet normal -0 0 1
    outer loop
      vertex -38.8125 -18.7003 1.2
      vertex -38.2568 -30.0118 1.2
      vertex -38.2568 -18.2882 1.2
    endloop
  endfacet
  facet normal 0 0 1
    outer loop
      vertex -38.8125 -18.7003 1.2
      vertex -38.8125 -29.5997 1.2
      vertex -38.2568 -30.0118 1.2
    endloop
  endfacet
  facet normal -0 0 1
    outer loop
      vertex -39.3251 -19.1649 1.2
      vertex -38.8125 -29.5997 1.2
      vertex -38.8125 -18.7003 1.2
    endloop
  endfacet
  facet normal 0 0 1
    outer loop
      vertex -39.3251 -19.1649 1.2
      vertex -39.3251 -29.1351 1.2
      vertex -38.8125 -29.5997 1.2
    endloop
  endfacet
  facet normal -0 0 1
    outer loop
      vertex -39.7897 -19.6775 1.2
      vertex -39.3251 -29.1351 1.2
      vertex -39.3251 -19.1649 1.2
    endloop
  endfacet
  facet normal 0 0 1
    outer loop
      vertex -39.7897 -19.6775 1.2
      vertex -39.7897 -28.6225 1.2
      vertex -39.3251 -29.1351 1.2
    endloop
  endfacet
  facet normal -0 0 1
    outer loop
      vertex -40.2019 -20.2332 1.2
      vertex -39.7897 -28.6225 1.2
      vertex -39.7897 -19.6775 1.2
    endloop
  endfacet
  facet normal 0 0 1
    outer loop
      vertex -40.2019 -20.2332 1.2
      vertex -40.2019 -28.0668 1.2
      vertex -39.7897 -28.6225 1.2
    endloop
  endfacet
  facet normal -0 0 1
    outer loop
      vertex -40.5575 -20.8267 1.2
      vertex -40.2019 -28.0668 1.2
      vertex -40.2019 -20.2332 1.2
    endloop
  endfacet
  facet normal 0 0 1
    outer loop
      vertex -40.5575 -20.8267 1.2
      vertex -40.5575 -27.4733 1.2
      vertex -40.2019 -28.0668 1.2
    endloop
  endfacet
  facet normal -0 0 1
    outer loop
      vertex -40.8533 -21.4521 1.2
      vertex -40.5575 -27.4733 1.2
      vertex -40.5575 -20.8267 1.2
    endloop
  endfacet
  facet normal 0 0 1
    outer loop
      vertex -40.8533 -21.4521 1.2
      vertex -40.8533 -26.8479 1.2
      vertex -40.5575 -27.4733 1.2
    endloop
  endfacet
  facet normal -0 0 1
    outer loop
      vertex -41.0864 -22.1035 1.2
      vertex -40.8533 -26.8479 1.2
      vertex -40.8533 -21.4521 1.2
    endloop
  endfacet
  facet normal 0 0 1
    outer loop
      vertex -41.0864 -22.1035 1.2
      vertex -41.0864 -26.1965 1.2
      vertex -40.8533 -26.8479 1.2
    endloop
  endfacet
  facet normal -0 0 1
    outer loop
      vertex -41.2545 -22.7746 1.2
      vertex -41.0864 -26.1965 1.2
      vertex -41.0864 -22.1035 1.2
    endloop
  endfacet
  facet normal 0 0 1
    outer loop
      vertex -41.2545 -22.7746 1.2
      vertex -41.2545 -25.5254 1.2
      vertex -41.0864 -26.1965 1.2
    endloop
  endfacet
  facet normal -0 0 1
    outer loop
      vertex -41.356 -23.459 1.2
      vertex -41.2545 -25.5254 1.2
      vertex -41.2545 -22.7746 1.2
    endloop
  endfacet
  facet normal 0 0 1
    outer loop
      vertex -41.356 -23.459 1.2
      vertex -41.356 -24.841 1.2
      vertex -41.2545 -25.5254 1.2
    endloop
  endfacet
  facet normal 0 -0 1
    outer loop
      vertex -41.356 -24.841 1.2
      vertex -41.356 -23.459 1.2
      vertex -41.39 -24.15 1.2
    endloop
  endfacet
  facet normal -0.336922 0.941532 0
    outer loop
      vertex -22.9621 -30.6633 1.2
      vertex -23.6135 -30.8964 15.3
      vertex -22.9621 -30.6633 15.3
    endloop
  endfacet
  facet normal -0.336922 0.941532 0
    outer loop
      vertex -23.6135 -30.8964 15.3
      vertex -22.9621 -30.6633 1.2
      vertex -23.6135 -30.8964 1.2
    endloop
  endfacet
  facet normal -0.242978 0.970032 0
    outer loop
      vertex -23.6135 -14.7964 1.2
      vertex -24.2846 -14.9645 15.3
      vertex -23.6135 -14.7964 15.3
    endloop
  endfacet
  facet normal -0.242978 0.970032 0
    outer loop
      vertex -24.2846 -14.9645 15.3
      vertex -23.6135 -14.7964 1.2
      vertex -24.2846 -14.9645 1.2
    endloop
  endfacet
  facet normal 0.803163 0.59576 0
    outer loop
      vertex -39.7897 -12.5225 15.3
      vertex -40.2019 -11.9668 1.2
      vertex -40.2019 -11.9668 15.3
    endloop
  endfacet
  facet normal 0.803163 0.59576 0
    outer loop
      vertex -40.2019 -11.9668 1.2
      vertex -39.7897 -12.5225 15.3
      vertex -39.7897 -12.5225 1.2
    endloop
  endfacet
  facet normal -0.146842 0.98916 0
    outer loop
      vertex -24.2846 -14.9645 1.2
      vertex -24.969 -15.0661 15.3
      vertex -24.2846 -14.9645 15.3
    endloop
  endfacet
  facet normal -0.146842 0.98916 0
    outer loop
      vertex -24.969 -15.0661 15.3
      vertex -24.2846 -14.9645 1.2
      vertex -24.969 -15.0661 1.2
    endloop
  endfacet
  facet normal -0.146715 -0.989179 0
    outer loop
      vertex -24.969 -1.03395 1.2
      vertex -24.2846 -1.13546 15.3
      vertex -24.969 -1.03395 15.3
    endloop
  endfacet
  facet normal -0.146715 -0.989179 -0
    outer loop
      vertex -24.2846 -1.13546 15.3
      vertex -24.969 -1.03395 1.2
      vertex -24.2846 -1.13546 1.2
    endloop
  endfacet
  facet normal -0.0490004 0.998799 0
    outer loop
      vertex -24.969 -15.0661 1.2
      vertex -25.66 -15.1 15.3
      vertex -24.969 -15.0661 15.3
    endloop
  endfacet
  facet normal -0.0490004 0.998799 0
    outer loop
      vertex -25.66 -15.1 15.3
      vertex -24.969 -15.0661 1.2
      vertex -25.66 -15.1 1.2
    endloop
  endfacet
  facet normal 0 1 -0
    outer loop
      vertex -25.66 -15.1 1.2
      vertex -34.34 -15.1 15.3
      vertex -25.66 -15.1 15.3
    endloop
  endfacet
  facet normal 0 1 0
    outer loop
      vertex -34.34 -15.1 15.3
      vertex -25.66 -15.1 1.2
      vertex -34.34 -15.1 1.2
    endloop
  endfacet
  facet normal 0.998792 -0.0491439 0
    outer loop
      vertex -41.39 -8.05 15.3
      vertex -41.356 -7.35899 1.2
      vertex -41.356 -7.35899 15.3
    endloop
  endfacet
  facet normal 0.998792 -0.0491439 0
    outer loop
      vertex -41.356 -7.35899 1.2
      vertex -41.39 -8.05 15.3
      vertex -41.39 -8.05 1.2
    endloop
  endfacet
  facet normal -0.514071 0.857748 0
    outer loop
      vertex -21.7432 -13.9118 1.2
      vertex -22.3367 -14.2675 15.3
      vertex -21.7432 -13.9118 15.3
    endloop
  endfacet
  facet normal -0.514071 0.857748 0
    outer loop
      vertex -22.3367 -14.2675 15.3
      vertex -21.7432 -13.9118 1.2
      vertex -22.3367 -14.2675 1.2
    endloop
  endfacet
  facet normal -0.595694 -0.803211 0
    outer loop
      vertex -21.7432 -2.18815 1.2
      vertex -21.1875 -2.60028 15.3
      vertex -21.7432 -2.18815 15.3
    endloop
  endfacet
  facet normal -0.595694 -0.803211 -0
    outer loop
      vertex -21.1875 -2.60028 15.3
      vertex -21.7432 -2.18815 1.2
      vertex -21.1875 -2.60028 1.2
    endloop
  endfacet
  facet normal 0.671564 0.740946 -0
    outer loop
      vertex -38.8125 -13.4997 1.2
      vertex -39.3251 -13.0351 15.3
      vertex -38.8125 -13.4997 15.3
    endloop
  endfacet
  facet normal 0.671564 0.740946 0
    outer loop
      vertex -39.3251 -13.0351 15.3
      vertex -38.8125 -13.4997 1.2
      vertex -39.3251 -13.0351 1.2
    endloop
  endfacet
  facet normal -0.857812 0.513964 0
    outer loop
      vertex -19.7981 -11.9668 1.2
      vertex -19.4425 -11.3733 15.3
      vertex -19.4425 -11.3733 1.2
    endloop
  endfacet
  facet normal -0.857812 0.513964 0
    outer loop
      vertex -19.4425 -11.3733 15.3
      vertex -19.7981 -11.9668 1.2
      vertex -19.7981 -11.9668 15.3
    endloop
  endfacet
  facet normal 0.427564 0.903985 -0
    outer loop
      vertex -37.0379 -14.5633 1.2
      vertex -37.6633 -14.2675 15.3
      vertex -37.0379 -14.5633 15.3
    endloop
  endfacet
  facet normal 0.427564 0.903985 0
    outer loop
      vertex -37.6633 -14.2675 15.3
      vertex -37.0379 -14.5633 1.2
      vertex -37.6633 -14.2675 1.2
    endloop
  endfacet
  facet normal -0.740946 0.671564 0
    outer loop
      vertex -20.6749 -13.0351 1.2
      vertex -20.2103 -12.5225 15.3
      vertex -20.2103 -12.5225 1.2
    endloop
  endfacet
  facet normal -0.740946 0.671564 0
    outer loop
      vertex -20.2103 -12.5225 15.3
      vertex -20.6749 -13.0351 1.2
      vertex -20.6749 -13.0351 15.3
    endloop
  endfacet
  facet normal 0.0490004 0.998799 -0
    outer loop
      vertex -34.34 -15.1 1.2
      vertex -35.031 -15.0661 15.3
      vertex -34.34 -15.1 15.3
    endloop
  endfacet
  facet normal 0.0490004 0.998799 0
    outer loop
      vertex -35.031 -15.0661 15.3
      vertex -34.34 -15.1 1.2
      vertex -35.031 -15.0661 1.2
    endloop
  endfacet
  facet normal -0.998792 -0.0491439 0
    outer loop
      vertex -18.61 -8.05 1.2
      vertex -18.644 -7.35899 15.3
      vertex -18.644 -7.35899 1.2
    endloop
  endfacet
  facet normal -0.998792 -0.0491439 0
    outer loop
      vertex -18.644 -7.35899 15.3
      vertex -18.61 -8.05 1.2
      vertex -18.61 -8.05 15.3
    endloop
  endfacet
  facet normal -0.941536 -0.336913 0
    outer loop
      vertex -18.9136 -6.00351 1.2
      vertex -19.1467 -5.35209 15.3
      vertex -19.1467 -5.35209 1.2
    endloop
  endfacet
  facet normal -0.941536 -0.336913 0
    outer loop
      vertex -19.1467 -5.35209 15.3
      vertex -18.9136 -6.00351 1.2
      vertex -18.9136 -6.00351 15.3
    endloop
  endfacet
  facet normal 0.595694 -0.803211 0
    outer loop
      vertex -38.8125 -2.60028 1.2
      vertex -38.2568 -2.18815 15.3
      vertex -38.8125 -2.60028 15.3
    endloop
  endfacet
  facet normal 0.595694 -0.803211 0
    outer loop
      vertex -38.2568 -2.18815 15.3
      vertex -38.8125 -2.60028 1.2
      vertex -38.2568 -2.18815 1.2
    endloop
  endfacet
  facet normal 0.903985 0.427564 0
    outer loop
      vertex -40.5575 -11.3733 15.3
      vertex -40.8533 -10.7479 1.2
      vertex -40.8533 -10.7479 15.3
    endloop
  endfacet
  facet normal 0.903985 0.427564 0
    outer loop
      vertex -40.8533 -10.7479 1.2
      vertex -40.5575 -11.3733 15.3
      vertex -40.5575 -11.3733 1.2
    endloop
  endfacet
  facet normal 0.803163 -0.59576 0
    outer loop
      vertex -40.2019 -4.13324 15.3
      vertex -39.7897 -3.57754 1.2
      vertex -39.7897 -3.57754 15.3
    endloop
  endfacet
  facet normal 0.803163 -0.59576 0
    outer loop
      vertex -39.7897 -3.57754 1.2
      vertex -40.2019 -4.13324 15.3
      vertex -40.2019 -4.13324 1.2
    endloop
  endfacet
  facet normal 0.242978 0.970032 -0
    outer loop
      vertex -35.7154 -14.9645 1.2
      vertex -36.3865 -14.7964 15.3
      vertex -35.7154 -14.9645 15.3
    endloop
  endfacet
  facet normal 0.242978 0.970032 0
    outer loop
      vertex -36.3865 -14.7964 15.3
      vertex -35.7154 -14.9645 1.2
      vertex -36.3865 -14.7964 1.2
    endloop
  endfacet
  facet normal -0.98918 -0.146707 0
    outer loop
      vertex -18.644 -7.35899 1.2
      vertex -18.7455 -6.67462 15.3
      vertex -18.7455 -6.67462 1.2
    endloop
  endfacet
  facet normal -0.98918 -0.146707 0
    outer loop
      vertex -18.7455 -6.67462 15.3
      vertex -18.644 -7.35899 1.2
      vertex -18.644 -7.35899 15.3
    endloop
  endfacet
  facet normal 0.857812 0.513964 0
    outer loop
      vertex -40.2019 -11.9668 15.3
      vertex -40.5575 -11.3733 1.2
      vertex -40.5575 -11.3733 15.3
    endloop
  endfacet
  facet normal 0.857812 0.513964 0
    outer loop
      vertex -40.5575 -11.3733 1.2
      vertex -40.2019 -11.9668 15.3
      vertex -40.2019 -11.9668 1.2
    endloop
  endfacet
  facet normal 0.336884 -0.941546 0
    outer loop
      vertex -37.0379 -1.53666 1.2
      vertex -36.3865 -1.30359 15.3
      vertex -37.0379 -1.53666 15.3
    endloop
  endfacet
  facet normal 0.336884 -0.941546 0
    outer loop
      vertex -36.3865 -1.30359 15.3
      vertex -37.0379 -1.53666 1.2
      vertex -36.3865 -1.30359 1.2
    endloop
  endfacet
  facet normal 0.243019 -0.970022 0
    outer loop
      vertex -36.3865 -1.30359 1.2
      vertex -35.7154 -1.13546 15.3
      vertex -36.3865 -1.30359 15.3
    endloop
  endfacet
  facet normal 0.243019 -0.970022 0
    outer loop
      vertex -35.7154 -1.13546 15.3
      vertex -36.3865 -1.30359 1.2
      vertex -35.7154 -1.13546 1.2
    endloop
  endfacet
  facet normal 0.98918 -0.146707 0
    outer loop
      vertex -41.356 -7.35899 15.3
      vertex -41.2545 -6.67462 1.2
      vertex -41.2545 -6.67462 15.3
    endloop
  endfacet
  facet normal 0.98918 -0.146707 0
    outer loop
      vertex -41.2545 -6.67462 1.2
      vertex -41.356 -7.35899 15.3
      vertex -41.356 -7.35899 1.2
    endloop
  endfacet
  facet normal -0.857785 -0.514009 0
    outer loop
      vertex -19.4425 -4.72667 1.2
      vertex -19.7981 -4.13324 15.3
      vertex -19.7981 -4.13324 1.2
    endloop
  endfacet
  facet normal -0.857785 -0.514009 0
    outer loop
      vertex -19.7981 -4.13324 15.3
      vertex -19.4425 -4.72667 1.2
      vertex -19.4425 -4.72667 15.3
    endloop
  endfacet
  facet normal 0.941536 -0.336913 0
    outer loop
      vertex -41.0864 -6.00351 15.3
      vertex -40.8533 -5.35209 1.2
      vertex -40.8533 -5.35209 15.3
    endloop
  endfacet
  facet normal 0.941536 -0.336913 0
    outer loop
      vertex -40.8533 -5.35209 1.2
      vertex -41.0864 -6.00351 15.3
      vertex -41.0864 -6.00351 1.2
    endloop
  endfacet
  facet normal 0.146842 0.98916 -0
    outer loop
      vertex -35.031 -15.0661 1.2
      vertex -35.7154 -14.9645 15.3
      vertex -35.031 -15.0661 15.3
    endloop
  endfacet
  facet normal 0.146842 0.98916 0
    outer loop
      vertex -35.7154 -14.9645 15.3
      vertex -35.031 -15.0661 1.2
      vertex -35.7154 -14.9645 1.2
    endloop
  endfacet
  facet normal -0.970034 0.242971 0
    outer loop
      vertex -18.9136 -10.0965 1.2
      vertex -18.7455 -9.42538 15.3
      vertex -18.7455 -9.42538 1.2
    endloop
  endfacet
  facet normal -0.970034 0.242971 0
    outer loop
      vertex -18.7455 -9.42538 15.3
      vertex -18.9136 -10.0965 1.2
      vertex -18.9136 -10.0965 15.3
    endloop
  endfacet
  facet normal 0.427553 -0.903991 0
    outer loop
      vertex -37.6633 -1.83245 1.2
      vertex -37.0379 -1.53666 15.3
      vertex -37.6633 -1.83245 15.3
    endloop
  endfacet
  facet normal 0.427553 -0.903991 0
    outer loop
      vertex -37.0379 -1.53666 15.3
      vertex -37.6633 -1.83245 1.2
      vertex -37.0379 -1.53666 1.2
    endloop
  endfacet
  facet normal 0.514071 -0.857748 0
    outer loop
      vertex -38.2568 -2.18815 1.2
      vertex -37.6633 -1.83245 15.3
      vertex -38.2568 -2.18815 15.3
    endloop
  endfacet
  facet normal 0.514071 -0.857748 0
    outer loop
      vertex -37.6633 -1.83245 15.3
      vertex -38.2568 -2.18815 1.2
      vertex -37.6633 -1.83245 1.2
    endloop
  endfacet
  facet normal 0.857785 -0.514009 0
    outer loop
      vertex -40.5575 -4.72667 15.3
      vertex -40.2019 -4.13324 1.2
      vertex -40.2019 -4.13324 15.3
    endloop
  endfacet
  facet normal 0.857785 -0.514009 0
    outer loop
      vertex -40.2019 -4.13324 1.2
      vertex -40.5575 -4.72667 15.3
      vertex -40.5575 -4.72667 1.2
    endloop
  endfacet
  facet normal -0.243019 -0.970022 0
    outer loop
      vertex -24.2846 -1.13546 1.2
      vertex -23.6135 -1.30359 15.3
      vertex -24.2846 -1.13546 15.3
    endloop
  endfacet
  facet normal -0.243019 -0.970022 -0
    outer loop
      vertex -23.6135 -1.30359 15.3
      vertex -24.2846 -1.13546 1.2
      vertex -23.6135 -1.30359 1.2
    endloop
  endfacet
  facet normal -0.740966 -0.671542 0
    outer loop
      vertex -20.2103 -3.57754 1.2
      vertex -20.6749 -3.06491 15.3
      vertex -20.6749 -3.06491 1.2
    endloop
  endfacet
  facet normal -0.740966 -0.671542 0
    outer loop
      vertex -20.6749 -3.06491 15.3
      vertex -20.2103 -3.57754 1.2
      vertex -20.2103 -3.57754 15.3
    endloop
  endfacet
  facet normal 0.0490581 -0.998796 0
    outer loop
      vertex -35.031 -1.03395 1.2
      vertex -34.34 -1.00001 15.3
      vertex -35.031 -1.03395 15.3
    endloop
  endfacet
  facet normal 0.0490581 -0.998796 0
    outer loop
      vertex -34.34 -1.00001 15.3
      vertex -35.031 -1.03395 1.2
      vertex -34.34 -1.00001 1.2
    endloop
  endfacet
  facet normal 0.740946 0.671564 0
    outer loop
      vertex -39.3251 -13.0351 15.3
      vertex -39.7897 -12.5225 1.2
      vertex -39.7897 -12.5225 15.3
    endloop
  endfacet
  facet normal 0.740946 0.671564 0
    outer loop
      vertex -39.7897 -12.5225 1.2
      vertex -39.3251 -13.0351 15.3
      vertex -39.3251 -13.0351 1.2
    endloop
  endfacet
  facet normal -0.671564 0.740946 0
    outer loop
      vertex -20.6749 -13.0351 1.2
      vertex -21.1875 -13.4997 15.3
      vertex -20.6749 -13.0351 15.3
    endloop
  endfacet
  facet normal -0.671564 0.740946 0
    outer loop
      vertex -21.1875 -13.4997 15.3
      vertex -20.6749 -13.0351 1.2
      vertex -21.1875 -13.4997 1.2
    endloop
  endfacet
  facet normal 0.146715 -0.989179 0
    outer loop
      vertex -35.7154 -1.13546 1.2
      vertex -35.031 -1.03395 15.3
      vertex -35.7154 -1.13546 15.3
    endloop
  endfacet
  facet normal 0.146715 -0.989179 0
    outer loop
      vertex -35.031 -1.03395 15.3
      vertex -35.7154 -1.13546 1.2
      vertex -35.031 -1.03395 1.2
    endloop
  endfacet
  facet normal 0.998792 0.0491439 0
    outer loop
      vertex -41.356 -8.74101 15.3
      vertex -41.39 -8.05 1.2
      vertex -41.39 -8.05 15.3
    endloop
  endfacet
  facet normal 0.998792 0.0491439 0
    outer loop
      vertex -41.39 -8.05 1.2
      vertex -41.356 -8.74101 15.3
      vertex -41.356 -8.74101 1.2
    endloop
  endfacet
  facet normal 0.970033 -0.242974 0
    outer loop
      vertex -41.2545 -6.67462 15.3
      vertex -41.0864 -6.00351 1.2
      vertex -41.0864 -6.00351 15.3
    endloop
  endfacet
  facet normal 0.970033 -0.242974 0
    outer loop
      vertex -41.0864 -6.00351 1.2
      vertex -41.2545 -6.67462 15.3
      vertex -41.2545 -6.67462 1.2
    endloop
  endfacet
  facet normal -0.514071 -0.857748 0
    outer loop
      vertex -22.3367 -1.83245 1.2
      vertex -21.7432 -2.18815 15.3
      vertex -22.3367 -1.83245 15.3
    endloop
  endfacet
  facet normal -0.514071 -0.857748 -0
    outer loop
      vertex -21.7432 -2.18815 15.3
      vertex -22.3367 -1.83245 1.2
      vertex -21.7432 -2.18815 1.2
    endloop
  endfacet
  facet normal -0.98918 0.146707 0
    outer loop
      vertex -18.7455 -9.42538 1.2
      vertex -18.644 -8.74101 15.3
      vertex -18.644 -8.74101 1.2
    endloop
  endfacet
  facet normal -0.98918 0.146707 0
    outer loop
      vertex -18.644 -8.74101 15.3
      vertex -18.7455 -9.42538 1.2
      vertex -18.7455 -9.42538 15.3
    endloop
  endfacet
  facet normal 0.90399 -0.427553 0
    outer loop
      vertex -40.8533 -5.35209 15.3
      vertex -40.5575 -4.72667 1.2
      vertex -40.5575 -4.72667 15.3
    endloop
  endfacet
  facet normal 0.90399 -0.427553 0
    outer loop
      vertex -40.5575 -4.72667 1.2
      vertex -40.8533 -5.35209 15.3
      vertex -40.8533 -5.35209 1.2
    endloop
  endfacet
  facet normal -0.427564 0.903985 0
    outer loop
      vertex -22.3367 -14.2675 1.2
      vertex -22.9621 -14.5633 15.3
      vertex -22.3367 -14.2675 15.3
    endloop
  endfacet
  facet normal -0.427564 0.903985 0
    outer loop
      vertex -22.9621 -14.5633 15.3
      vertex -22.3367 -14.2675 1.2
      vertex -22.9621 -14.5633 1.2
    endloop
  endfacet
  facet normal -0.0490581 -0.998796 0
    outer loop
      vertex -25.66 -1.00001 1.2
      vertex -24.969 -1.03395 15.3
      vertex -25.66 -1.00001 15.3
    endloop
  endfacet
  facet normal -0.0490581 -0.998796 -0
    outer loop
      vertex -24.969 -1.03395 15.3
      vertex -25.66 -1.00001 1.2
      vertex -24.969 -1.03395 1.2
    endloop
  endfacet
  facet normal 0.595666 0.803232 -0
    outer loop
      vertex -38.2568 -13.9118 1.2
      vertex -38.8125 -13.4997 15.3
      vertex -38.2568 -13.9118 15.3
    endloop
  endfacet
  facet normal 0.595666 0.803232 0
    outer loop
      vertex -38.8125 -13.4997 15.3
      vertex -38.2568 -13.9118 1.2
      vertex -38.8125 -13.4997 1.2
    endloop
  endfacet
  facet normal 0.514071 0.857748 -0
    outer loop
      vertex -37.6633 -14.2675 1.2
      vertex -38.2568 -13.9118 15.3
      vertex -37.6633 -14.2675 15.3
    endloop
  endfacet
  facet normal 0.514071 0.857748 0
    outer loop
      vertex -38.2568 -13.9118 15.3
      vertex -37.6633 -14.2675 1.2
      vertex -38.2568 -13.9118 1.2
    endloop
  endfacet
  facet normal -0.595666 0.803232 0
    outer loop
      vertex -21.1875 -13.4997 1.2
      vertex -21.7432 -13.9118 15.3
      vertex -21.1875 -13.4997 15.3
    endloop
  endfacet
  facet normal -0.595666 0.803232 0
    outer loop
      vertex -21.7432 -13.9118 15.3
      vertex -21.1875 -13.4997 1.2
      vertex -21.7432 -13.9118 1.2
    endloop
  endfacet
  facet normal 0 -1 0
    outer loop
      vertex -34.34 -1.00001 1.2
      vertex -25.66 -1.00001 15.3
      vertex -34.34 -1.00001 15.3
    endloop
  endfacet
  facet normal 0 -1 -0
    outer loop
      vertex -25.66 -1.00001 15.3
      vertex -34.34 -1.00001 1.2
      vertex -25.66 -1.00001 1.2
    endloop
  endfacet
  facet normal 0.740966 -0.671542 0
    outer loop
      vertex -39.7897 -3.57754 15.3
      vertex -39.3251 -3.06491 1.2
      vertex -39.3251 -3.06491 15.3
    endloop
  endfacet
  facet normal 0.740966 -0.671542 0
    outer loop
      vertex -39.3251 -3.06491 1.2
      vertex -39.7897 -3.57754 15.3
      vertex -39.7897 -3.57754 1.2
    endloop
  endfacet
  facet normal 0.671588 -0.740925 0
    outer loop
      vertex -39.3251 -3.06491 1.2
      vertex -38.8125 -2.60028 15.3
      vertex -39.3251 -3.06491 15.3
    endloop
  endfacet
  facet normal 0.671588 -0.740925 0
    outer loop
      vertex -38.8125 -2.60028 15.3
      vertex -39.3251 -3.06491 1.2
      vertex -38.8125 -2.60028 1.2
    endloop
  endfacet
  facet normal 0.941532 0.336922 0
    outer loop
      vertex -40.8533 -10.7479 15.3
      vertex -41.0864 -10.0965 1.2
      vertex -41.0864 -10.0965 15.3
    endloop
  endfacet
  facet normal 0.941532 0.336922 0
    outer loop
      vertex -41.0864 -10.0965 1.2
      vertex -40.8533 -10.7479 15.3
      vertex -40.8533 -10.7479 1.2
    endloop
  endfacet
  facet normal -0.671588 -0.740925 0
    outer loop
      vertex -21.1875 -2.60028 1.2
      vertex -20.6749 -3.06491 15.3
      vertex -21.1875 -2.60028 15.3
    endloop
  endfacet
  facet normal -0.671588 -0.740925 -0
    outer loop
      vertex -20.6749 -3.06491 15.3
      vertex -21.1875 -2.60028 1.2
      vertex -20.6749 -3.06491 1.2
    endloop
  endfacet
  facet normal -0.970033 -0.242974 0
    outer loop
      vertex -18.7455 -6.67462 1.2
      vertex -18.9136 -6.00351 15.3
      vertex -18.9136 -6.00351 1.2
    endloop
  endfacet
  facet normal -0.970033 -0.242974 0
    outer loop
      vertex -18.9136 -6.00351 15.3
      vertex -18.7455 -6.67462 1.2
      vertex -18.7455 -6.67462 15.3
    endloop
  endfacet
  facet normal -0.90399 -0.427553 0
    outer loop
      vertex -19.1467 -5.35209 1.2
      vertex -19.4425 -4.72667 15.3
      vertex -19.4425 -4.72667 1.2
    endloop
  endfacet
  facet normal -0.90399 -0.427553 0
    outer loop
      vertex -19.4425 -4.72667 15.3
      vertex -19.1467 -5.35209 1.2
      vertex -19.1467 -5.35209 15.3
    endloop
  endfacet
  facet normal -0.803163 -0.59576 0
    outer loop
      vertex -19.7981 -4.13324 1.2
      vertex -20.2103 -3.57754 15.3
      vertex -20.2103 -3.57754 1.2
    endloop
  endfacet
  facet normal -0.803163 -0.59576 0
    outer loop
      vertex -20.2103 -3.57754 15.3
      vertex -19.7981 -4.13324 1.2
      vertex -19.7981 -4.13324 15.3
    endloop
  endfacet
  facet normal 0.336922 0.941532 -0
    outer loop
      vertex -36.3865 -14.7964 1.2
      vertex -37.0379 -14.5633 15.3
      vertex -36.3865 -14.7964 15.3
    endloop
  endfacet
  facet normal 0.336922 0.941532 0
    outer loop
      vertex -37.0379 -14.5633 15.3
      vertex -36.3865 -14.7964 1.2
      vertex -37.0379 -14.5633 1.2
    endloop
  endfacet
  facet normal 0.98918 0.146707 0
    outer loop
      vertex -41.2545 -9.42538 15.3
      vertex -41.356 -8.74101 1.2
      vertex -41.356 -8.74101 15.3
    endloop
  endfacet
  facet normal 0.98918 0.146707 0
    outer loop
      vertex -41.356 -8.74101 1.2
      vertex -41.2545 -9.42538 15.3
      vertex -41.2545 -9.42538 1.2
    endloop
  endfacet
  facet normal -0.427553 -0.903991 0
    outer loop
      vertex -22.9621 -1.53666 1.2
      vertex -22.3367 -1.83245 15.3
      vertex -22.9621 -1.53666 15.3
    endloop
  endfacet
  facet normal -0.427553 -0.903991 -0
    outer loop
      vertex -22.3367 -1.83245 15.3
      vertex -22.9621 -1.53666 1.2
      vertex -22.3367 -1.83245 1.2
    endloop
  endfacet
  facet normal 0.970034 0.242971 0
    outer loop
      vertex -41.0864 -10.0965 15.3
      vertex -41.2545 -9.42538 1.2
      vertex -41.2545 -9.42538 15.3
    endloop
  endfacet
  facet normal 0.970034 0.242971 0
    outer loop
      vertex -41.2545 -9.42538 1.2
      vertex -41.0864 -10.0965 15.3
      vertex -41.0864 -10.0965 1.2
    endloop
  endfacet
  facet normal -0.998792 0.0491439 0
    outer loop
      vertex -18.644 -8.74101 1.2
      vertex -18.61 -8.05 15.3
      vertex -18.61 -8.05 1.2
    endloop
  endfacet
  facet normal -0.998792 0.0491439 0
    outer loop
      vertex -18.61 -8.05 15.3
      vertex -18.644 -8.74101 1.2
      vertex -18.644 -8.74101 15.3
    endloop
  endfacet
  facet normal -0.336884 -0.941546 0
    outer loop
      vertex -23.6135 -1.30359 1.2
      vertex -22.9621 -1.53666 15.3
      vertex -23.6135 -1.30359 15.3
    endloop
  endfacet
  facet normal -0.336884 -0.941546 -0
    outer loop
      vertex -22.9621 -1.53666 15.3
      vertex -23.6135 -1.30359 1.2
      vertex -22.9621 -1.53666 1.2
    endloop
  endfacet
  facet normal -0.803163 0.59576 0
    outer loop
      vertex -20.2103 -12.5225 1.2
      vertex -19.7981 -11.9668 15.3
      vertex -19.7981 -11.9668 1.2
    endloop
  endfacet
  facet normal -0.803163 0.59576 0
    outer loop
      vertex -19.7981 -11.9668 15.3
      vertex -20.2103 -12.5225 1.2
      vertex -20.2103 -12.5225 15.3
    endloop
  endfacet
  facet normal -0.941532 0.336922 0
    outer loop
      vertex -19.1467 -10.7479 1.2
      vertex -18.9136 -10.0965 15.3
      vertex -18.9136 -10.0965 1.2
    endloop
  endfacet
  facet normal -0.941532 0.336922 0
    outer loop
      vertex -18.9136 -10.0965 15.3
      vertex -19.1467 -10.7479 1.2
      vertex -19.1467 -10.7479 15.3
    endloop
  endfacet
  facet normal -0.903985 0.427564 0
    outer loop
      vertex -19.4425 -11.3733 1.2
      vertex -19.1467 -10.7479 15.3
      vertex -19.1467 -10.7479 1.2
    endloop
  endfacet
  facet normal -0.903985 0.427564 0
    outer loop
      vertex -19.1467 -10.7479 15.3
      vertex -19.4425 -11.3733 1.2
      vertex -19.4425 -11.3733 15.3
    endloop
  endfacet
  facet normal 0 0 1
    outer loop
      vertex -18.644 -7.35899 1.2
      vertex -18.644 -8.74101 1.2
      vertex -18.61 -8.05 1.2
    endloop
  endfacet
  facet normal 0 0 1
    outer loop
      vertex -18.7455 -6.67462 1.2
      vertex -18.644 -8.74101 1.2
      vertex -18.644 -7.35899 1.2
    endloop
  endfacet
  facet normal 0 0 1
    outer loop
      vertex -18.7455 -6.67462 1.2
      vertex -18.7455 -9.42538 1.2
      vertex -18.644 -8.74101 1.2
    endloop
  endfacet
  facet normal 0 0 1
    outer loop
      vertex -18.9136 -6.00351 1.2
      vertex -18.7455 -9.42538 1.2
      vertex -18.7455 -6.67462 1.2
    endloop
  endfacet
  facet normal 0 0 1
    outer loop
      vertex -18.9136 -6.00351 1.2
      vertex -18.9136 -10.0965 1.2
      vertex -18.7455 -9.42538 1.2
    endloop
  endfacet
  facet normal 0 0 1
    outer loop
      vertex -19.1467 -5.35209 1.2
      vertex -18.9136 -10.0965 1.2
      vertex -18.9136 -6.00351 1.2
    endloop
  endfacet
  facet normal 0 0 1
    outer loop
      vertex -19.1467 -5.35209 1.2
      vertex -19.1467 -10.7479 1.2
      vertex -18.9136 -10.0965 1.2
    endloop
  endfacet
  facet normal 0 0 1
    outer loop
      vertex -19.4425 -4.72667 1.2
      vertex -19.1467 -10.7479 1.2
      vertex -19.1467 -5.35209 1.2
    endloop
  endfacet
  facet normal 0 0 1
    outer loop
      vertex -19.4425 -4.72667 1.2
      vertex -19.4425 -11.3733 1.2
      vertex -19.1467 -10.7479 1.2
    endloop
  endfacet
  facet normal 0 0 1
    outer loop
      vertex -19.7981 -4.13324 1.2
      vertex -19.4425 -11.3733 1.2
      vertex -19.4425 -4.72667 1.2
    endloop
  endfacet
  facet normal 0 0 1
    outer loop
      vertex -19.7981 -4.13324 1.2
      vertex -19.7981 -11.9668 1.2
      vertex -19.4425 -11.3733 1.2
    endloop
  endfacet
  facet normal 0 0 1
    outer loop
      vertex -20.2103 -3.57754 1.2
      vertex -19.7981 -11.9668 1.2
      vertex -19.7981 -4.13324 1.2
    endloop
  endfacet
  facet normal 0 0 1
    outer loop
      vertex -20.2103 -3.57754 1.2
      vertex -20.2103 -12.5225 1.2
      vertex -19.7981 -11.9668 1.2
    endloop
  endfacet
  facet normal 0 0 1
    outer loop
      vertex -20.6749 -3.06491 1.2
      vertex -20.2103 -12.5225 1.2
      vertex -20.2103 -3.57754 1.2
    endloop
  endfacet
  facet normal 0 0 1
    outer loop
      vertex -20.6749 -3.06491 1.2
      vertex -20.6749 -13.0351 1.2
      vertex -20.2103 -12.5225 1.2
    endloop
  endfacet
  facet normal 0 0 1
    outer loop
      vertex -21.1875 -2.60028 1.2
      vertex -20.6749 -13.0351 1.2
      vertex -20.6749 -3.06491 1.2
    endloop
  endfacet
  facet normal 0 0 1
    outer loop
      vertex -21.1875 -2.60028 1.2
      vertex -21.1875 -13.4997 1.2
      vertex -20.6749 -13.0351 1.2
    endloop
  endfacet
  facet normal 0 0 1
    outer loop
      vertex -21.7432 -2.18815 1.2
      vertex -21.1875 -13.4997 1.2
      vertex -21.1875 -2.60028 1.2
    endloop
  endfacet
  facet normal 0 0 1
    outer loop
      vertex -21.7432 -2.18815 1.2
      vertex -21.7432 -13.9118 1.2
      vertex -21.1875 -13.4997 1.2
    endloop
  endfacet
  facet normal 0 0 1
    outer loop
      vertex -22.3367 -1.83245 1.2
      vertex -21.7432 -13.9118 1.2
      vertex -21.7432 -2.18815 1.2
    endloop
  endfacet
  facet normal 0 0 1
    outer loop
      vertex -22.3367 -1.83245 1.2
      vertex -22.3367 -14.2675 1.2
      vertex -21.7432 -13.9118 1.2
    endloop
  endfacet
  facet normal 0 0 1
    outer loop
      vertex -22.9621 -1.53666 1.2
      vertex -22.3367 -14.2675 1.2
      vertex -22.3367 -1.83245 1.2
    endloop
  endfacet
  facet normal 0 0 1
    outer loop
      vertex -22.9621 -1.53666 1.2
      vertex -22.9621 -14.5633 1.2
      vertex -22.3367 -14.2675 1.2
    endloop
  endfacet
  facet normal 0 0 1
    outer loop
      vertex -23.6135 -1.30359 1.2
      vertex -22.9621 -14.5633 1.2
      vertex -22.9621 -1.53666 1.2
    endloop
  endfacet
  facet normal 0 0 1
    outer loop
      vertex -23.6135 -1.30359 1.2
      vertex -23.6135 -14.7964 1.2
      vertex -22.9621 -14.5633 1.2
    endloop
  endfacet
  facet normal 0 0 1
    outer loop
      vertex -24.2846 -1.13546 1.2
      vertex -23.6135 -14.7964 1.2
      vertex -23.6135 -1.30359 1.2
    endloop
  endfacet
  facet normal 0 0 1
    outer loop
      vertex -24.2846 -1.13546 1.2
      vertex -24.2846 -14.9645 1.2
      vertex -23.6135 -14.7964 1.2
    endloop
  endfacet
  facet normal 0 0 1
    outer loop
      vertex -24.969 -1.03395 1.2
      vertex -24.2846 -14.9645 1.2
      vertex -24.2846 -1.13546 1.2
    endloop
  endfacet
  facet normal 0 0 1
    outer loop
      vertex -24.969 -1.03395 1.2
      vertex -24.969 -15.0661 1.2
      vertex -24.2846 -14.9645 1.2
    endloop
  endfacet
  facet normal 0 0 1
    outer loop
      vertex -25.66 -1.00001 1.2
      vertex -24.969 -15.0661 1.2
      vertex -24.969 -1.03395 1.2
    endloop
  endfacet
  facet normal 0 0 1
    outer loop
      vertex -25.66 -1.00001 1.2
      vertex -25.66 -15.1 1.2
      vertex -24.969 -15.0661 1.2
    endloop
  endfacet
  facet normal -0 0 1
    outer loop
      vertex -34.34 -1.00001 1.2
      vertex -25.66 -15.1 1.2
      vertex -25.66 -1.00001 1.2
    endloop
  endfacet
  facet normal 0 0 1
    outer loop
      vertex -34.34 -1.00001 1.2
      vertex -34.34 -15.1 1.2
      vertex -25.66 -15.1 1.2
    endloop
  endfacet
  facet normal -0 0 1
    outer loop
      vertex -35.031 -1.03395 1.2
      vertex -34.34 -15.1 1.2
      vertex -34.34 -1.00001 1.2
    endloop
  endfacet
  facet normal 0 0 1
    outer loop
      vertex -35.031 -1.03395 1.2
      vertex -35.031 -15.0661 1.2
      vertex -34.34 -15.1 1.2
    endloop
  endfacet
  facet normal -0 0 1
    outer loop
      vertex -35.7154 -1.13546 1.2
      vertex -35.031 -15.0661 1.2
      vertex -35.031 -1.03395 1.2
    endloop
  endfacet
  facet normal 0 0 1
    outer loop
      vertex -35.7154 -1.13546 1.2
      vertex -35.7154 -14.9645 1.2
      vertex -35.031 -15.0661 1.2
    endloop
  endfacet
  facet normal -0 0 1
    outer loop
      vertex -36.3865 -1.30359 1.2
      vertex -35.7154 -14.9645 1.2
      vertex -35.7154 -1.13546 1.2
    endloop
  endfacet
  facet normal 0 0 1
    outer loop
      vertex -36.3865 -1.30359 1.2
      vertex -36.3865 -14.7964 1.2
      vertex -35.7154 -14.9645 1.2
    endloop
  endfacet
  facet normal -0 0 1
    outer loop
      vertex -37.0379 -1.53666 1.2
      vertex -36.3865 -14.7964 1.2
      vertex -36.3865 -1.30359 1.2
    endloop
  endfacet
  facet normal 0 0 1
    outer loop
      vertex -37.0379 -1.53666 1.2
      vertex -37.0379 -14.5633 1.2
      vertex -36.3865 -14.7964 1.2
    endloop
  endfacet
  facet normal -0 0 1
    outer loop
      vertex -37.6633 -1.83245 1.2
      vertex -37.0379 -14.5633 1.2
      vertex -37.0379 -1.53666 1.2
    endloop
  endfacet
  facet normal 0 0 1
    outer loop
      vertex -37.6633 -1.83245 1.2
      vertex -37.6633 -14.2675 1.2
      vertex -37.0379 -14.5633 1.2
    endloop
  endfacet
  facet normal -0 0 1
    outer loop
      vertex -38.2568 -2.18815 1.2
      vertex -37.6633 -14.2675 1.2
      vertex -37.6633 -1.83245 1.2
    endloop
  endfacet
  facet normal 0 0 1
    outer loop
      vertex -38.2568 -2.18815 1.2
      vertex -38.2568 -13.9118 1.2
      vertex -37.6633 -14.2675 1.2
    endloop
  endfacet
  facet normal -0 0 1
    outer loop
      vertex -38.8125 -2.60028 1.2
      vertex -38.2568 -13.9118 1.2
      vertex -38.2568 -2.18815 1.2
    endloop
  endfacet
  facet normal 0 0 1
    outer loop
      vertex -38.8125 -2.60028 1.2
      vertex -38.8125 -13.4997 1.2
      vertex -38.2568 -13.9118 1.2
    endloop
  endfacet
  facet normal -0 0 1
    outer loop
      vertex -39.3251 -3.06491 1.2
      vertex -38.8125 -13.4997 1.2
      vertex -38.8125 -2.60028 1.2
    endloop
  endfacet
  facet normal 0 0 1
    outer loop
      vertex -39.3251 -3.06491 1.2
      vertex -39.3251 -13.0351 1.2
      vertex -38.8125 -13.4997 1.2
    endloop
  endfacet
  facet normal -0 0 1
    outer loop
      vertex -39.7897 -3.57754 1.2
      vertex -39.3251 -13.0351 1.2
      vertex -39.3251 -3.06491 1.2
    endloop
  endfacet
  facet normal 0 0 1
    outer loop
      vertex -39.7897 -3.57754 1.2
      vertex -39.7897 -12.5225 1.2
      vertex -39.3251 -13.0351 1.2
    endloop
  endfacet
  facet normal -0 0 1
    outer loop
      vertex -40.2019 -4.13324 1.2
      vertex -39.7897 -12.5225 1.2
      vertex -39.7897 -3.57754 1.2
    endloop
  endfacet
  facet normal 0 0 1
    outer loop
      vertex -40.2019 -4.13324 1.2
      vertex -40.2019 -11.9668 1.2
      vertex -39.7897 -12.5225 1.2
    endloop
  endfacet
  facet normal -0 0 1
    outer loop
      vertex -40.5575 -4.72667 1.2
      vertex -40.2019 -11.9668 1.2
      vertex -40.2019 -4.13324 1.2
    endloop
  endfacet
  facet normal 0 0 1
    outer loop
      vertex -40.5575 -4.72667 1.2
      vertex -40.5575 -11.3733 1.2
      vertex -40.2019 -11.9668 1.2
    endloop
  endfacet
  facet normal -0 0 1
    outer loop
      vertex -40.8533 -5.35209 1.2
      vertex -40.5575 -11.3733 1.2
      vertex -40.5575 -4.72667 1.2
    endloop
  endfacet
  facet normal 0 0 1
    outer loop
      vertex -40.8533 -5.35209 1.2
      vertex -40.8533 -10.7479 1.2
      vertex -40.5575 -11.3733 1.2
    endloop
  endfacet
  facet normal -0 0 1
    outer loop
      vertex -41.0864 -6.00351 1.2
      vertex -40.8533 -10.7479 1.2
      vertex -40.8533 -5.35209 1.2
    endloop
  endfacet
  facet normal 0 0 1
    outer loop
      vertex -41.0864 -6.00351 1.2
      vertex -41.0864 -10.0965 1.2
      vertex -40.8533 -10.7479 1.2
    endloop
  endfacet
  facet normal -0 0 1
    outer loop
      vertex -41.2545 -6.67462 1.2
      vertex -41.0864 -10.0965 1.2
      vertex -41.0864 -6.00351 1.2
    endloop
  endfacet
  facet normal 0 0 1
    outer loop
      vertex -41.2545 -6.67462 1.2
      vertex -41.2545 -9.42538 1.2
      vertex -41.0864 -10.0965 1.2
    endloop
  endfacet
  facet normal -0 0 1
    outer loop
      vertex -41.356 -7.35899 1.2
      vertex -41.2545 -9.42538 1.2
      vertex -41.2545 -6.67462 1.2
    endloop
  endfacet
  facet normal 0 0 1
    outer loop
      vertex -41.356 -7.35899 1.2
      vertex -41.356 -8.74101 1.2
      vertex -41.2545 -9.42538 1.2
    endloop
  endfacet
  facet normal 0 -0 1
    outer loop
      vertex -41.356 -8.74101 1.2
      vertex -41.356 -7.35899 1.2
      vertex -41.39 -8.05 1.2
    endloop
  endfacet
  facet normal -0.336922 0.941532 0
    outer loop
      vertex -22.9621 -14.5633 1.2
      vertex -23.6135 -14.7964 15.3
      vertex -22.9621 -14.5633 15.3
    endloop
  endfacet
  facet normal -0.336922 0.941532 0
    outer loop
      vertex -23.6135 -14.7964 15.3
      vertex -22.9621 -14.5633 1.2
      vertex -23.6135 -14.7964 1.2
    endloop
  endfacet
  facet normal -0.243019 0.970022 0
    outer loop
      vertex -23.6135 1.30359 1.2
      vertex -24.2846 1.13546 15.3
      vertex -23.6135 1.30359 15.3
    endloop
  endfacet
  facet normal -0.243019 0.970022 0
    outer loop
      vertex -24.2846 1.13546 15.3
      vertex -23.6135 1.30359 1.2
      vertex -24.2846 1.13546 1.2
    endloop
  endfacet
  facet normal 0.803163 0.59576 0
    outer loop
      vertex -39.7897 3.57754 15.3
      vertex -40.2019 4.13324 1.2
      vertex -40.2019 4.13324 15.3
    endloop
  endfacet
  facet normal 0.803163 0.59576 0
    outer loop
      vertex -40.2019 4.13324 1.2
      vertex -39.7897 3.57754 15.3
      vertex -39.7897 3.57754 1.2
    endloop
  endfacet
  facet normal -0.146715 0.989179 0
    outer loop
      vertex -24.2846 1.13546 1.2
      vertex -24.969 1.03395 15.3
      vertex -24.2846 1.13546 15.3
    endloop
  endfacet
  facet normal -0.146715 0.989179 0
    outer loop
      vertex -24.969 1.03395 15.3
      vertex -24.2846 1.13546 1.2
      vertex -24.969 1.03395 1.2
    endloop
  endfacet
  facet normal -0.146842 -0.98916 0
    outer loop
      vertex -24.969 15.0661 1.2
      vertex -24.2846 14.9645 15.3
      vertex -24.969 15.0661 15.3
    endloop
  endfacet
  facet normal -0.146842 -0.98916 -0
    outer loop
      vertex -24.2846 14.9645 15.3
      vertex -24.969 15.0661 1.2
      vertex -24.2846 14.9645 1.2
    endloop
  endfacet
  facet normal -0.0490581 0.998796 0
    outer loop
      vertex -24.969 1.03395 1.2
      vertex -25.66 1.00001 15.3
      vertex -24.969 1.03395 15.3
    endloop
  endfacet
  facet normal -0.0490581 0.998796 0
    outer loop
      vertex -25.66 1.00001 15.3
      vertex -24.969 1.03395 1.2
      vertex -25.66 1.00001 1.2
    endloop
  endfacet
  facet normal 0 1 -0
    outer loop
      vertex -25.66 1.00001 1.2
      vertex -34.34 1.00001 15.3
      vertex -25.66 1.00001 15.3
    endloop
  endfacet
  facet normal 0 1 0
    outer loop
      vertex -34.34 1.00001 15.3
      vertex -25.66 1.00001 1.2
      vertex -34.34 1.00001 1.2
    endloop
  endfacet
  facet normal 0.998792 -0.0491439 0
    outer loop
      vertex -41.39 8.05 15.3
      vertex -41.356 8.74101 1.2
      vertex -41.356 8.74101 15.3
    endloop
  endfacet
  facet normal 0.998792 -0.0491439 0
    outer loop
      vertex -41.356 8.74101 1.2
      vertex -41.39 8.05 15.3
      vertex -41.39 8.05 1.2
    endloop
  endfacet
  facet normal 0 -1 0
    outer loop
      vertex -34.34 15.1 1.2
      vertex -25.66 15.1 15.3
      vertex -34.34 15.1 15.3
    endloop
  endfacet
  facet normal 0 -1 -0
    outer loop
      vertex -25.66 15.1 15.3
      vertex -34.34 15.1 1.2
      vertex -25.66 15.1 1.2
    endloop
  endfacet
  facet normal -0.514071 0.857748 0
    outer loop
      vertex -21.7432 2.18815 1.2
      vertex -22.3367 1.83245 15.3
      vertex -21.7432 2.18815 15.3
    endloop
  endfacet
  facet normal -0.514071 0.857748 0
    outer loop
      vertex -22.3367 1.83245 15.3
      vertex -21.7432 2.18815 1.2
      vertex -22.3367 1.83245 1.2
    endloop
  endfacet
  facet normal -0.595666 -0.803232 0
    outer loop
      vertex -21.7432 13.9118 1.2
      vertex -21.1875 13.4997 15.3
      vertex -21.7432 13.9118 15.3
    endloop
  endfacet
  facet normal -0.595666 -0.803232 -0
    outer loop
      vertex -21.1875 13.4997 15.3
      vertex -21.7432 13.9118 1.2
      vertex -21.1875 13.4997 1.2
    endloop
  endfacet
  facet normal 0.671588 0.740925 -0
    outer loop
      vertex -38.8125 2.60028 1.2
      vertex -39.3251 3.06491 15.3
      vertex -38.8125 2.60028 15.3
    endloop
  endfacet
  facet normal 0.671588 0.740925 0
    outer loop
      vertex -39.3251 3.06491 15.3
      vertex -38.8125 2.60028 1.2
      vertex -39.3251 3.06491 1.2
    endloop
  endfacet
  facet normal -0.857785 0.514009 0
    outer loop
      vertex -19.7981 4.13324 1.2
      vertex -19.4425 4.72667 15.3
      vertex -19.4425 4.72667 1.2
    endloop
  endfacet
  facet normal -0.857785 0.514009 0
    outer loop
      vertex -19.4425 4.72667 15.3
      vertex -19.7981 4.13324 1.2
      vertex -19.7981 4.13324 15.3
    endloop
  endfacet
  facet normal 0.427553 0.903991 -0
    outer loop
      vertex -37.0379 1.53666 1.2
      vertex -37.6633 1.83245 15.3
      vertex -37.0379 1.53666 15.3
    endloop
  endfacet
  facet normal 0.427553 0.903991 0
    outer loop
      vertex -37.6633 1.83245 15.3
      vertex -37.0379 1.53666 1.2
      vertex -37.6633 1.83245 1.2
    endloop
  endfacet
  facet normal -0.740966 0.671542 0
    outer loop
      vertex -20.6749 3.06491 1.2
      vertex -20.2103 3.57754 15.3
      vertex -20.2103 3.57754 1.2
    endloop
  endfacet
  facet normal -0.740966 0.671542 0
    outer loop
      vertex -20.2103 3.57754 15.3
      vertex -20.6749 3.06491 1.2
      vertex -20.6749 3.06491 15.3
    endloop
  endfacet
  facet normal 0.0490581 0.998796 -0
    outer loop
      vertex -34.34 1.00001 1.2
      vertex -35.031 1.03395 15.3
      vertex -34.34 1.00001 15.3
    endloop
  endfacet
  facet normal 0.0490581 0.998796 0
    outer loop
      vertex -35.031 1.03395 15.3
      vertex -34.34 1.00001 1.2
      vertex -35.031 1.03395 1.2
    endloop
  endfacet
  facet normal -0.998792 -0.0491439 0
    outer loop
      vertex -18.61 8.05 1.2
      vertex -18.644 8.74101 15.3
      vertex -18.644 8.74101 1.2
    endloop
  endfacet
  facet normal -0.998792 -0.0491439 0
    outer loop
      vertex -18.644 8.74101 15.3
      vertex -18.61 8.05 1.2
      vertex -18.61 8.05 15.3
    endloop
  endfacet
  facet normal -0.941532 -0.336922 0
    outer loop
      vertex -18.9136 10.0965 1.2
      vertex -19.1467 10.7479 15.3
      vertex -19.1467 10.7479 1.2
    endloop
  endfacet
  facet normal -0.941532 -0.336922 0
    outer loop
      vertex -19.1467 10.7479 15.3
      vertex -18.9136 10.0965 1.2
      vertex -18.9136 10.0965 15.3
    endloop
  endfacet
  facet normal 0.595666 -0.803232 0
    outer loop
      vertex -38.8125 13.4997 1.2
      vertex -38.2568 13.9118 15.3
      vertex -38.8125 13.4997 15.3
    endloop
  endfacet
  facet normal 0.595666 -0.803232 0
    outer loop
      vertex -38.2568 13.9118 15.3
      vertex -38.8125 13.4997 1.2
      vertex -38.2568 13.9118 1.2
    endloop
  endfacet
  facet normal 0.90399 0.427553 0
    outer loop
      vertex -40.5575 4.72667 15.3
      vertex -40.8533 5.35209 1.2
      vertex -40.8533 5.35209 15.3
    endloop
  endfacet
  facet normal 0.90399 0.427553 0
    outer loop
      vertex -40.8533 5.35209 1.2
      vertex -40.5575 4.72667 15.3
      vertex -40.5575 4.72667 1.2
    endloop
  endfacet
  facet normal 0.803163 -0.59576 0
    outer loop
      vertex -40.2019 11.9668 15.3
      vertex -39.7897 12.5225 1.2
      vertex -39.7897 12.5225 15.3
    endloop
  endfacet
  facet normal 0.803163 -0.59576 0
    outer loop
      vertex -39.7897 12.5225 1.2
      vertex -40.2019 11.9668 15.3
      vertex -40.2019 11.9668 1.2
    endloop
  endfacet
  facet normal 0.243019 0.970022 -0
    outer loop
      vertex -35.7154 1.13546 1.2
      vertex -36.3865 1.30359 15.3
      vertex -35.7154 1.13546 15.3
    endloop
  endfacet
  facet normal 0.243019 0.970022 0
    outer loop
      vertex -36.3865 1.30359 15.3
      vertex -35.7154 1.13546 1.2
      vertex -36.3865 1.30359 1.2
    endloop
  endfacet
  facet normal -0.98918 -0.146707 0
    outer loop
      vertex -18.644 8.74101 1.2
      vertex -18.7455 9.42538 15.3
      vertex -18.7455 9.42538 1.2
    endloop
  endfacet
  facet normal -0.98918 -0.146707 0
    outer loop
      vertex -18.7455 9.42538 15.3
      vertex -18.644 8.74101 1.2
      vertex -18.644 8.74101 15.3
    endloop
  endfacet
  facet normal 0.857785 0.514009 0
    outer loop
      vertex -40.2019 4.13324 15.3
      vertex -40.5575 4.72667 1.2
      vertex -40.5575 4.72667 15.3
    endloop
  endfacet
  facet normal 0.857785 0.514009 0
    outer loop
      vertex -40.5575 4.72667 1.2
      vertex -40.2019 4.13324 15.3
      vertex -40.2019 4.13324 1.2
    endloop
  endfacet
  facet normal 0.336922 -0.941532 0
    outer loop
      vertex -37.0379 14.5633 1.2
      vertex -36.3865 14.7964 15.3
      vertex -37.0379 14.5633 15.3
    endloop
  endfacet
  facet normal 0.336922 -0.941532 0
    outer loop
      vertex -36.3865 14.7964 15.3
      vertex -37.0379 14.5633 1.2
      vertex -36.3865 14.7964 1.2
    endloop
  endfacet
  facet normal 0.242978 -0.970032 0
    outer loop
      vertex -36.3865 14.7964 1.2
      vertex -35.7154 14.9645 15.3
      vertex -36.3865 14.7964 15.3
    endloop
  endfacet
  facet normal 0.242978 -0.970032 0
    outer loop
      vertex -35.7154 14.9645 15.3
      vertex -36.3865 14.7964 1.2
      vertex -35.7154 14.9645 1.2
    endloop
  endfacet
  facet normal 0.98918 -0.146707 0
    outer loop
      vertex -41.356 8.74101 15.3
      vertex -41.2545 9.42538 1.2
      vertex -41.2545 9.42538 15.3
    endloop
  endfacet
  facet normal 0.98918 -0.146707 0
    outer loop
      vertex -41.2545 9.42538 1.2
      vertex -41.356 8.74101 15.3
      vertex -41.356 8.74101 1.2
    endloop
  endfacet
  facet normal -0.857812 -0.513964 0
    outer loop
      vertex -19.4425 11.3733 1.2
      vertex -19.7981 11.9668 15.3
      vertex -19.7981 11.9668 1.2
    endloop
  endfacet
  facet normal -0.857812 -0.513964 0
    outer loop
      vertex -19.7981 11.9668 15.3
      vertex -19.4425 11.3733 1.2
      vertex -19.4425 11.3733 15.3
    endloop
  endfacet
  facet normal 0.941532 -0.336922 0
    outer loop
      vertex -41.0864 10.0965 15.3
      vertex -40.8533 10.7479 1.2
      vertex -40.8533 10.7479 15.3
    endloop
  endfacet
  facet normal 0.941532 -0.336922 0
    outer loop
      vertex -40.8533 10.7479 1.2
      vertex -41.0864 10.0965 15.3
      vertex -41.0864 10.0965 1.2
    endloop
  endfacet
  facet normal -0.803163 0.59576 0
    outer loop
      vertex -20.2103 3.57754 1.2
      vertex -19.7981 4.13324 15.3
      vertex -19.7981 4.13324 1.2
    endloop
  endfacet
  facet normal -0.803163 0.59576 0
    outer loop
      vertex -19.7981 4.13324 15.3
      vertex -20.2103 3.57754 1.2
      vertex -20.2103 3.57754 15.3
    endloop
  endfacet
  facet normal 0.146715 0.989179 -0
    outer loop
      vertex -35.031 1.03395 1.2
      vertex -35.7154 1.13546 15.3
      vertex -35.031 1.03395 15.3
    endloop
  endfacet
  facet normal 0.146715 0.989179 0
    outer loop
      vertex -35.7154 1.13546 15.3
      vertex -35.031 1.03395 1.2
      vertex -35.7154 1.13546 1.2
    endloop
  endfacet
  facet normal -0.970033 0.242974 0
    outer loop
      vertex -18.9136 6.00351 1.2
      vertex -18.7455 6.67462 15.3
      vertex -18.7455 6.67462 1.2
    endloop
  endfacet
  facet normal -0.970033 0.242974 0
    outer loop
      vertex -18.7455 6.67462 15.3
      vertex -18.9136 6.00351 1.2
      vertex -18.9136 6.00351 15.3
    endloop
  endfacet
  facet normal 0.427564 -0.903985 0
    outer loop
      vertex -37.6633 14.2675 1.2
      vertex -37.0379 14.5633 15.3
      vertex -37.6633 14.2675 15.3
    endloop
  endfacet
  facet normal 0.427564 -0.903985 0
    outer loop
      vertex -37.0379 14.5633 15.3
      vertex -37.6633 14.2675 1.2
      vertex -37.0379 14.5633 1.2
    endloop
  endfacet
  facet normal 0.514071 -0.857748 0
    outer loop
      vertex -38.2568 13.9118 1.2
      vertex -37.6633 14.2675 15.3
      vertex -38.2568 13.9118 15.3
    endloop
  endfacet
  facet normal 0.514071 -0.857748 0
    outer loop
      vertex -37.6633 14.2675 15.3
      vertex -38.2568 13.9118 1.2
      vertex -37.6633 14.2675 1.2
    endloop
  endfacet
  facet normal 0.857812 -0.513964 0
    outer loop
      vertex -40.5575 11.3733 15.3
      vertex -40.2019 11.9668 1.2
      vertex -40.2019 11.9668 15.3
    endloop
  endfacet
  facet normal 0.857812 -0.513964 0
    outer loop
      vertex -40.2019 11.9668 1.2
      vertex -40.5575 11.3733 15.3
      vertex -40.5575 11.3733 1.2
    endloop
  endfacet
  facet normal -0.242978 -0.970032 0
    outer loop
      vertex -24.2846 14.9645 1.2
      vertex -23.6135 14.7964 15.3
      vertex -24.2846 14.9645 15.3
    endloop
  endfacet
  facet normal -0.242978 -0.970032 -0
    outer loop
      vertex -23.6135 14.7964 15.3
      vertex -24.2846 14.9645 1.2
      vertex -23.6135 14.7964 1.2
    endloop
  endfacet
  facet normal -0.740946 -0.671564 0
    outer loop
      vertex -20.2103 12.5225 1.2
      vertex -20.6749 13.0351 15.3
      vertex -20.6749 13.0351 1.2
    endloop
  endfacet
  facet normal -0.740946 -0.671564 0
    outer loop
      vertex -20.6749 13.0351 15.3
      vertex -20.2103 12.5225 1.2
      vertex -20.2103 12.5225 15.3
    endloop
  endfacet
  facet normal 0.0490004 -0.998799 0
    outer loop
      vertex -35.031 15.0661 1.2
      vertex -34.34 15.1 15.3
      vertex -35.031 15.0661 15.3
    endloop
  endfacet
  facet normal 0.0490004 -0.998799 0
    outer loop
      vertex -34.34 15.1 15.3
      vertex -35.031 15.0661 1.2
      vertex -34.34 15.1 1.2
    endloop
  endfacet
  facet normal 0.740966 0.671542 0
    outer loop
      vertex -39.3251 3.06491 15.3
      vertex -39.7897 3.57754 1.2
      vertex -39.7897 3.57754 15.3
    endloop
  endfacet
  facet normal 0.740966 0.671542 0
    outer loop
      vertex -39.7897 3.57754 1.2
      vertex -39.3251 3.06491 15.3
      vertex -39.3251 3.06491 1.2
    endloop
  endfacet
  facet normal -0.671588 0.740925 0
    outer loop
      vertex -20.6749 3.06491 1.2
      vertex -21.1875 2.60028 15.3
      vertex -20.6749 3.06491 15.3
    endloop
  endfacet
  facet normal -0.671588 0.740925 0
    outer loop
      vertex -21.1875 2.60028 15.3
      vertex -20.6749 3.06491 1.2
      vertex -21.1875 2.60028 1.2
    endloop
  endfacet
  facet normal 0.146842 -0.98916 0
    outer loop
      vertex -35.7154 14.9645 1.2
      vertex -35.031 15.0661 15.3
      vertex -35.7154 14.9645 15.3
    endloop
  endfacet
  facet normal 0.146842 -0.98916 0
    outer loop
      vertex -35.031 15.0661 15.3
      vertex -35.7154 14.9645 1.2
      vertex -35.031 15.0661 1.2
    endloop
  endfacet
  facet normal 0.998792 0.0491439 0
    outer loop
      vertex -41.356 7.35899 15.3
      vertex -41.39 8.05 1.2
      vertex -41.39 8.05 15.3
    endloop
  endfacet
  facet normal 0.998792 0.0491439 0
    outer loop
      vertex -41.39 8.05 1.2
      vertex -41.356 7.35899 15.3
      vertex -41.356 7.35899 1.2
    endloop
  endfacet
  facet normal 0.970034 -0.242971 0
    outer loop
      vertex -41.2545 9.42538 15.3
      vertex -41.0864 10.0965 1.2
      vertex -41.0864 10.0965 15.3
    endloop
  endfacet
  facet normal 0.970034 -0.242971 0
    outer loop
      vertex -41.0864 10.0965 1.2
      vertex -41.2545 9.42538 15.3
      vertex -41.2545 9.42538 1.2
    endloop
  endfacet
  facet normal -0.514071 -0.857748 0
    outer loop
      vertex -22.3367 14.2675 1.2
      vertex -21.7432 13.9118 15.3
      vertex -22.3367 14.2675 15.3
    endloop
  endfacet
  facet normal -0.514071 -0.857748 -0
    outer loop
      vertex -21.7432 13.9118 15.3
      vertex -22.3367 14.2675 1.2
      vertex -21.7432 13.9118 1.2
    endloop
  endfacet
  facet normal -0.98918 0.146707 0
    outer loop
      vertex -18.7455 6.67462 1.2
      vertex -18.644 7.35899 15.3
      vertex -18.644 7.35899 1.2
    endloop
  endfacet
  facet normal -0.98918 0.146707 0
    outer loop
      vertex -18.644 7.35899 15.3
      vertex -18.7455 6.67462 1.2
      vertex -18.7455 6.67462 15.3
    endloop
  endfacet
  facet normal 0.903985 -0.427564 0
    outer loop
      vertex -40.8533 10.7479 15.3
      vertex -40.5575 11.3733 1.2
      vertex -40.5575 11.3733 15.3
    endloop
  endfacet
  facet normal 0.903985 -0.427564 0
    outer loop
      vertex -40.5575 11.3733 1.2
      vertex -40.8533 10.7479 15.3
      vertex -40.8533 10.7479 1.2
    endloop
  endfacet
  facet normal -0.427553 0.903991 0
    outer loop
      vertex -22.3367 1.83245 1.2
      vertex -22.9621 1.53666 15.3
      vertex -22.3367 1.83245 15.3
    endloop
  endfacet
  facet normal -0.427553 0.903991 0
    outer loop
      vertex -22.9621 1.53666 15.3
      vertex -22.3367 1.83245 1.2
      vertex -22.9621 1.53666 1.2
    endloop
  endfacet
  facet normal -0.0490004 -0.998799 0
    outer loop
      vertex -25.66 15.1 1.2
      vertex -24.969 15.0661 15.3
      vertex -25.66 15.1 15.3
    endloop
  endfacet
  facet normal -0.0490004 -0.998799 -0
    outer loop
      vertex -24.969 15.0661 15.3
      vertex -25.66 15.1 1.2
      vertex -24.969 15.0661 1.2
    endloop
  endfacet
  facet normal 0.595694 0.803211 -0
    outer loop
      vertex -38.2568 2.18815 1.2
      vertex -38.8125 2.60028 15.3
      vertex -38.2568 2.18815 15.3
    endloop
  endfacet
  facet normal 0.595694 0.803211 0
    outer loop
      vertex -38.8125 2.60028 15.3
      vertex -38.2568 2.18815 1.2
      vertex -38.8125 2.60028 1.2
    endloop
  endfacet
  facet normal 0.514071 0.857748 -0
    outer loop
      vertex -37.6633 1.83245 1.2
      vertex -38.2568 2.18815 15.3
      vertex -37.6633 1.83245 15.3
    endloop
  endfacet
  facet normal 0.514071 0.857748 0
    outer loop
      vertex -38.2568 2.18815 15.3
      vertex -37.6633 1.83245 1.2
      vertex -38.2568 2.18815 1.2
    endloop
  endfacet
  facet normal -0.595694 0.803211 0
    outer loop
      vertex -21.1875 2.60028 1.2
      vertex -21.7432 2.18815 15.3
      vertex -21.1875 2.60028 15.3
    endloop
  endfacet
  facet normal -0.595694 0.803211 0
    outer loop
      vertex -21.7432 2.18815 15.3
      vertex -21.1875 2.60028 1.2
      vertex -21.7432 2.18815 1.2
    endloop
  endfacet
  facet normal 0.740946 -0.671564 0
    outer loop
      vertex -39.7897 12.5225 15.3
      vertex -39.3251 13.0351 1.2
      vertex -39.3251 13.0351 15.3
    endloop
  endfacet
  facet normal 0.740946 -0.671564 0
    outer loop
      vertex -39.3251 13.0351 1.2
      vertex -39.7897 12.5225 15.3
      vertex -39.7897 12.5225 1.2
    endloop
  endfacet
  facet normal 0.671564 -0.740946 0
    outer loop
      vertex -39.3251 13.0351 1.2
      vertex -38.8125 13.4997 15.3
      vertex -39.3251 13.0351 15.3
    endloop
  endfacet
  facet normal 0.671564 -0.740946 0
    outer loop
      vertex -38.8125 13.4997 15.3
      vertex -39.3251 13.0351 1.2
      vertex -38.8125 13.4997 1.2
    endloop
  endfacet
  facet normal 0.941536 0.336913 0
    outer loop
      vertex -40.8533 5.35209 15.3
      vertex -41.0864 6.00351 1.2
      vertex -41.0864 6.00351 15.3
    endloop
  endfacet
  facet normal 0.941536 0.336913 0
    outer loop
      vertex -41.0864 6.00351 1.2
      vertex -40.8533 5.35209 15.3
      vertex -40.8533 5.35209 1.2
    endloop
  endfacet
  facet normal -0.671564 -0.740946 0
    outer loop
      vertex -21.1875 13.4997 1.2
      vertex -20.6749 13.0351 15.3
      vertex -21.1875 13.4997 15.3
    endloop
  endfacet
  facet normal -0.671564 -0.740946 -0
    outer loop
      vertex -20.6749 13.0351 15.3
      vertex -21.1875 13.4997 1.2
      vertex -20.6749 13.0351 1.2
    endloop
  endfacet
  facet normal -0.970034 -0.242971 0
    outer loop
      vertex -18.7455 9.42538 1.2
      vertex -18.9136 10.0965 15.3
      vertex -18.9136 10.0965 1.2
    endloop
  endfacet
  facet normal -0.970034 -0.242971 0
    outer loop
      vertex -18.9136 10.0965 15.3
      vertex -18.7455 9.42538 1.2
      vertex -18.7455 9.42538 15.3
    endloop
  endfacet
  facet normal -0.903985 -0.427564 0
    outer loop
      vertex -19.1467 10.7479 1.2
      vertex -19.4425 11.3733 15.3
      vertex -19.4425 11.3733 1.2
    endloop
  endfacet
  facet normal -0.903985 -0.427564 0
    outer loop
      vertex -19.4425 11.3733 15.3
      vertex -19.1467 10.7479 1.2
      vertex -19.1467 10.7479 15.3
    endloop
  endfacet
  facet normal -0.803163 -0.59576 0
    outer loop
      vertex -19.7981 11.9668 1.2
      vertex -20.2103 12.5225 15.3
      vertex -20.2103 12.5225 1.2
    endloop
  endfacet
  facet normal -0.803163 -0.59576 0
    outer loop
      vertex -20.2103 12.5225 15.3
      vertex -19.7981 11.9668 1.2
      vertex -19.7981 11.9668 15.3
    endloop
  endfacet
  facet normal 0.336884 0.941546 -0
    outer loop
      vertex -36.3865 1.30359 1.2
      vertex -37.0379 1.53666 15.3
      vertex -36.3865 1.30359 15.3
    endloop
  endfacet
  facet normal 0.336884 0.941546 0
    outer loop
      vertex -37.0379 1.53666 15.3
      vertex -36.3865 1.30359 1.2
      vertex -37.0379 1.53666 1.2
    endloop
  endfacet
  facet normal 0.98918 0.146707 0
    outer loop
      vertex -41.2545 6.67462 15.3
      vertex -41.356 7.35899 1.2
      vertex -41.356 7.35899 15.3
    endloop
  endfacet
  facet normal 0.98918 0.146707 0
    outer loop
      vertex -41.356 7.35899 1.2
      vertex -41.2545 6.67462 15.3
      vertex -41.2545 6.67462 1.2
    endloop
  endfacet
  facet normal -0.427564 -0.903985 0
    outer loop
      vertex -22.9621 14.5633 1.2
      vertex -22.3367 14.2675 15.3
      vertex -22.9621 14.5633 15.3
    endloop
  endfacet
  facet normal -0.427564 -0.903985 -0
    outer loop
      vertex -22.3367 14.2675 15.3
      vertex -22.9621 14.5633 1.2
      vertex -22.3367 14.2675 1.2
    endloop
  endfacet
  facet normal 0.970033 0.242974 0
    outer loop
      vertex -41.0864 6.00351 15.3
      vertex -41.2545 6.67462 1.2
      vertex -41.2545 6.67462 15.3
    endloop
  endfacet
  facet normal 0.970033 0.242974 0
    outer loop
      vertex -41.2545 6.67462 1.2
      vertex -41.0864 6.00351 15.3
      vertex -41.0864 6.00351 1.2
    endloop
  endfacet
  facet normal -0.998792 0.0491439 0
    outer loop
      vertex -18.644 7.35899 1.2
      vertex -18.61 8.05 15.3
      vertex -18.61 8.05 1.2
    endloop
  endfacet
  facet normal -0.998792 0.0491439 0
    outer loop
      vertex -18.61 8.05 15.3
      vertex -18.644 7.35899 1.2
      vertex -18.644 7.35899 15.3
    endloop
  endfacet
  facet normal -0.336922 -0.941532 0
    outer loop
      vertex -23.6135 14.7964 1.2
      vertex -22.9621 14.5633 15.3
      vertex -23.6135 14.7964 15.3
    endloop
  endfacet
  facet normal -0.336922 -0.941532 -0
    outer loop
      vertex -22.9621 14.5633 15.3
      vertex -23.6135 14.7964 1.2
      vertex -22.9621 14.5633 1.2
    endloop
  endfacet
  facet normal -0.941536 0.336913 0
    outer loop
      vertex -19.1467 5.35209 1.2
      vertex -18.9136 6.00351 15.3
      vertex -18.9136 6.00351 1.2
    endloop
  endfacet
  facet normal -0.941536 0.336913 0
    outer loop
      vertex -18.9136 6.00351 15.3
      vertex -19.1467 5.35209 1.2
      vertex -19.1467 5.35209 15.3
    endloop
  endfacet
  facet normal -0.90399 0.427553 0
    outer loop
      vertex -19.4425 4.72667 1.2
      vertex -19.1467 5.35209 15.3
      vertex -19.1467 5.35209 1.2
    endloop
  endfacet
  facet normal -0.90399 0.427553 0
    outer loop
      vertex -19.1467 5.35209 15.3
      vertex -19.4425 4.72667 1.2
      vertex -19.4425 4.72667 15.3
    endloop
  endfacet
  facet normal 0 0 1
    outer loop
      vertex -18.644 8.74101 1.2
      vertex -18.644 7.35899 1.2
      vertex -18.61 8.05 1.2
    endloop
  endfacet
  facet normal 0 0 1
    outer loop
      vertex -18.7455 9.42538 1.2
      vertex -18.644 7.35899 1.2
      vertex -18.644 8.74101 1.2
    endloop
  endfacet
  facet normal 0 0 1
    outer loop
      vertex -18.7455 9.42538 1.2
      vertex -18.7455 6.67462 1.2
      vertex -18.644 7.35899 1.2
    endloop
  endfacet
  facet normal 0 0 1
    outer loop
      vertex -18.9136 10.0965 1.2
      vertex -18.7455 6.67462 1.2
      vertex -18.7455 9.42538 1.2
    endloop
  endfacet
  facet normal 0 0 1
    outer loop
      vertex -18.9136 10.0965 1.2
      vertex -18.9136 6.00351 1.2
      vertex -18.7455 6.67462 1.2
    endloop
  endfacet
  facet normal 0 0 1
    outer loop
      vertex -19.1467 10.7479 1.2
      vertex -18.9136 6.00351 1.2
      vertex -18.9136 10.0965 1.2
    endloop
  endfacet
  facet normal 0 0 1
    outer loop
      vertex -19.1467 10.7479 1.2
      vertex -19.1467 5.35209 1.2
      vertex -18.9136 6.00351 1.2
    endloop
  endfacet
  facet normal 0 0 1
    outer loop
      vertex -19.4425 11.3733 1.2
      vertex -19.1467 5.35209 1.2
      vertex -19.1467 10.7479 1.2
    endloop
  endfacet
  facet normal 0 0 1
    outer loop
      vertex -19.4425 11.3733 1.2
      vertex -19.4425 4.72667 1.2
      vertex -19.1467 5.35209 1.2
    endloop
  endfacet
  facet normal 0 0 1
    outer loop
      vertex -19.7981 11.9668 1.2
      vertex -19.4425 4.72667 1.2
      vertex -19.4425 11.3733 1.2
    endloop
  endfacet
  facet normal 0 0 1
    outer loop
      vertex -19.7981 11.9668 1.2
      vertex -19.7981 4.13324 1.2
      vertex -19.4425 4.72667 1.2
    endloop
  endfacet
  facet normal 0 0 1
    outer loop
      vertex -20.2103 12.5225 1.2
      vertex -19.7981 4.13324 1.2
      vertex -19.7981 11.9668 1.2
    endloop
  endfacet
  facet normal 0 0 1
    outer loop
      vertex -20.2103 12.5225 1.2
      vertex -20.2103 3.57754 1.2
      vertex -19.7981 4.13324 1.2
    endloop
  endfacet
  facet normal 0 0 1
    outer loop
      vertex -20.6749 13.0351 1.2
      vertex -20.2103 3.57754 1.2
      vertex -20.2103 12.5225 1.2
    endloop
  endfacet
  facet normal 0 0 1
    outer loop
      vertex -20.6749 13.0351 1.2
      vertex -20.6749 3.06491 1.2
      vertex -20.2103 3.57754 1.2
    endloop
  endfacet
  facet normal 0 0 1
    outer loop
      vertex -21.1875 13.4997 1.2
      vertex -20.6749 3.06491 1.2
      vertex -20.6749 13.0351 1.2
    endloop
  endfacet
  facet normal 0 0 1
    outer loop
      vertex -21.1875 13.4997 1.2
      vertex -21.1875 2.60028 1.2
      vertex -20.6749 3.06491 1.2
    endloop
  endfacet
  facet normal 0 0 1
    outer loop
      vertex -21.7432 13.9118 1.2
      vertex -21.1875 2.60028 1.2
      vertex -21.1875 13.4997 1.2
    endloop
  endfacet
  facet normal 0 0 1
    outer loop
      vertex -21.7432 13.9118 1.2
      vertex -21.7432 2.18815 1.2
      vertex -21.1875 2.60028 1.2
    endloop
  endfacet
  facet normal 0 0 1
    outer loop
      vertex -22.3367 14.2675 1.2
      vertex -21.7432 2.18815 1.2
      vertex -21.7432 13.9118 1.2
    endloop
  endfacet
  facet normal 0 0 1
    outer loop
      vertex -22.3367 14.2675 1.2
      vertex -22.3367 1.83245 1.2
      vertex -21.7432 2.18815 1.2
    endloop
  endfacet
  facet normal 0 0 1
    outer loop
      vertex -22.9621 14.5633 1.2
      vertex -22.3367 1.83245 1.2
      vertex -22.3367 14.2675 1.2
    endloop
  endfacet
  facet normal 0 0 1
    outer loop
      vertex -22.9621 14.5633 1.2
      vertex -22.9621 1.53666 1.2
      vertex -22.3367 1.83245 1.2
    endloop
  endfacet
  facet normal 0 0 1
    outer loop
      vertex -23.6135 14.7964 1.2
      vertex -22.9621 1.53666 1.2
      vertex -22.9621 14.5633 1.2
    endloop
  endfacet
  facet normal 0 0 1
    outer loop
      vertex -23.6135 14.7964 1.2
      vertex -23.6135 1.30359 1.2
      vertex -22.9621 1.53666 1.2
    endloop
  endfacet
  facet normal 0 0 1
    outer loop
      vertex -24.2846 14.9645 1.2
      vertex -23.6135 1.30359 1.2
      vertex -23.6135 14.7964 1.2
    endloop
  endfacet
  facet normal 0 0 1
    outer loop
      vertex -24.2846 14.9645 1.2
      vertex -24.2846 1.13546 1.2
      vertex -23.6135 1.30359 1.2
    endloop
  endfacet
  facet normal 0 0 1
    outer loop
      vertex -24.969 15.0661 1.2
      vertex -24.2846 1.13546 1.2
      vertex -24.2846 14.9645 1.2
    endloop
  endfacet
  facet normal 0 0 1
    outer loop
      vertex -24.969 15.0661 1.2
      vertex -24.969 1.03395 1.2
      vertex -24.2846 1.13546 1.2
    endloop
  endfacet
  facet normal 0 0 1
    outer loop
      vertex -25.66 15.1 1.2
      vertex -24.969 1.03395 1.2
      vertex -24.969 15.0661 1.2
    endloop
  endfacet
  facet normal 0 0 1
    outer loop
      vertex -25.66 15.1 1.2
      vertex -25.66 1.00001 1.2
      vertex -24.969 1.03395 1.2
    endloop
  endfacet
  facet normal -0 0 1
    outer loop
      vertex -34.34 15.1 1.2
      vertex -25.66 1.00001 1.2
      vertex -25.66 15.1 1.2
    endloop
  endfacet
  facet normal 0 0 1
    outer loop
      vertex -34.34 15.1 1.2
      vertex -34.34 1.00001 1.2
      vertex -25.66 1.00001 1.2
    endloop
  endfacet
  facet normal -0 0 1
    outer loop
      vertex -35.031 15.0661 1.2
      vertex -34.34 1.00001 1.2
      vertex -34.34 15.1 1.2
    endloop
  endfacet
  facet normal 0 0 1
    outer loop
      vertex -35.031 15.0661 1.2
      vertex -35.031 1.03395 1.2
      vertex -34.34 1.00001 1.2
    endloop
  endfacet
  facet normal -0 0 1
    outer loop
      vertex -35.7154 14.9645 1.2
      vertex -35.031 1.03395 1.2
      vertex -35.031 15.0661 1.2
    endloop
  endfacet
  facet normal 0 0 1
    outer loop
      vertex -35.7154 14.9645 1.2
      vertex -35.7154 1.13546 1.2
      vertex -35.031 1.03395 1.2
    endloop
  endfacet
  facet normal -0 0 1
    outer loop
      vertex -36.3865 14.7964 1.2
      vertex -35.7154 1.13546 1.2
      vertex -35.7154 14.9645 1.2
    endloop
  endfacet
  facet normal 0 0 1
    outer loop
      vertex -36.3865 14.7964 1.2
      vertex -36.3865 1.30359 1.2
      vertex -35.7154 1.13546 1.2
    endloop
  endfacet
  facet normal -0 0 1
    outer loop
      vertex -37.0379 14.5633 1.2
      vertex -36.3865 1.30359 1.2
      vertex -36.3865 14.7964 1.2
    endloop
  endfacet
  facet normal 0 0 1
    outer loop
      vertex -37.0379 14.5633 1.2
      vertex -37.0379 1.53666 1.2
      vertex -36.3865 1.30359 1.2
    endloop
  endfacet
  facet normal -0 0 1
    outer loop
      vertex -37.6633 14.2675 1.2
      vertex -37.0379 1.53666 1.2
      vertex -37.0379 14.5633 1.2
    endloop
  endfacet
  facet normal 0 0 1
    outer loop
      vertex -37.6633 14.2675 1.2
      vertex -37.6633 1.83245 1.2
      vertex -37.0379 1.53666 1.2
    endloop
  endfacet
  facet normal -0 0 1
    outer loop
      vertex -38.2568 13.9118 1.2
      vertex -37.6633 1.83245 1.2
      vertex -37.6633 14.2675 1.2
    endloop
  endfacet
  facet normal 0 0 1
    outer loop
      vertex -38.2568 13.9118 1.2
      vertex -38.2568 2.18815 1.2
      vertex -37.6633 1.83245 1.2
    endloop
  endfacet
  facet normal -0 0 1
    outer loop
      vertex -38.8125 13.4997 1.2
      vertex -38.2568 2.18815 1.2
      vertex -38.2568 13.9118 1.2
    endloop
  endfacet
  facet normal 0 0 1
    outer loop
      vertex -38.8125 13.4997 1.2
      vertex -38.8125 2.60028 1.2
      vertex -38.2568 2.18815 1.2
    endloop
  endfacet
  facet normal -0 0 1
    outer loop
      vertex -39.3251 13.0351 1.2
      vertex -38.8125 2.60028 1.2
      vertex -38.8125 13.4997 1.2
    endloop
  endfacet
  facet normal 0 0 1
    outer loop
      vertex -39.3251 13.0351 1.2
      vertex -39.3251 3.06491 1.2
      vertex -38.8125 2.60028 1.2
    endloop
  endfacet
  facet normal -0 0 1
    outer loop
      vertex -39.7897 12.5225 1.2
      vertex -39.3251 3.06491 1.2
      vertex -39.3251 13.0351 1.2
    endloop
  endfacet
  facet normal 0 0 1
    outer loop
      vertex -39.7897 12.5225 1.2
      vertex -39.7897 3.57754 1.2
      vertex -39.3251 3.06491 1.2
    endloop
  endfacet
  facet normal -0 0 1
    outer loop
      vertex -40.2019 11.9668 1.2
      vertex -39.7897 3.57754 1.2
      vertex -39.7897 12.5225 1.2
    endloop
  endfacet
  facet normal 0 0 1
    outer loop
      vertex -40.2019 11.9668 1.2
      vertex -40.2019 4.13324 1.2
      vertex -39.7897 3.57754 1.2
    endloop
  endfacet
  facet normal -0 0 1
    outer loop
      vertex -40.5575 11.3733 1.2
      vertex -40.2019 4.13324 1.2
      vertex -40.2019 11.9668 1.2
    endloop
  endfacet
  facet normal 0 0 1
    outer loop
      vertex -40.5575 11.3733 1.2
      vertex -40.5575 4.72667 1.2
      vertex -40.2019 4.13324 1.2
    endloop
  endfacet
  facet normal -0 0 1
    outer loop
      vertex -40.8533 10.7479 1.2
      vertex -40.5575 4.72667 1.2
      vertex -40.5575 11.3733 1.2
    endloop
  endfacet
  facet normal 0 0 1
    outer loop
      vertex -40.8533 10.7479 1.2
      vertex -40.8533 5.35209 1.2
      vertex -40.5575 4.72667 1.2
    endloop
  endfacet
  facet normal -0 0 1
    outer loop
      vertex -41.0864 10.0965 1.2
      vertex -40.8533 5.35209 1.2
      vertex -40.8533 10.7479 1.2
    endloop
  endfacet
  facet normal 0 0 1
    outer loop
      vertex -41.0864 10.0965 1.2
      vertex -41.0864 6.00351 1.2
      vertex -40.8533 5.35209 1.2
    endloop
  endfacet
  facet normal -0 0 1
    outer loop
      vertex -41.2545 9.42538 1.2
      vertex -41.0864 6.00351 1.2
      vertex -41.0864 10.0965 1.2
    endloop
  endfacet
  facet normal 0 0 1
    outer loop
      vertex -41.2545 9.42538 1.2
      vertex -41.2545 6.67462 1.2
      vertex -41.0864 6.00351 1.2
    endloop
  endfacet
  facet normal -0 0 1
    outer loop
      vertex -41.356 8.74101 1.2
      vertex -41.2545 6.67462 1.2
      vertex -41.2545 9.42538 1.2
    endloop
  endfacet
  facet normal 0 0 1
    outer loop
      vertex -41.356 8.74101 1.2
      vertex -41.356 7.35899 1.2
      vertex -41.2545 6.67462 1.2
    endloop
  endfacet
  facet normal 0 -0 1
    outer loop
      vertex -41.356 7.35899 1.2
      vertex -41.356 8.74101 1.2
      vertex -41.39 8.05 1.2
    endloop
  endfacet
  facet normal -0.336884 0.941546 0
    outer loop
      vertex -22.9621 1.53666 1.2
      vertex -23.6135 1.30359 15.3
      vertex -22.9621 1.53666 15.3
    endloop
  endfacet
  facet normal -0.336884 0.941546 0
    outer loop
      vertex -23.6135 1.30359 15.3
      vertex -22.9621 1.53666 1.2
      vertex -23.6135 1.30359 1.2
    endloop
  endfacet
  facet normal -0.242978 0.970032 0
    outer loop
      vertex -23.6135 17.4036 1.2
      vertex -24.2846 17.2355 15.3
      vertex -23.6135 17.4036 15.3
    endloop
  endfacet
  facet normal -0.242978 0.970032 0
    outer loop
      vertex -24.2846 17.2355 15.3
      vertex -23.6135 17.4036 1.2
      vertex -24.2846 17.2355 1.2
    endloop
  endfacet
  facet normal 0.803163 0.59576 0
    outer loop
      vertex -39.7897 19.6775 15.3
      vertex -40.2019 20.2332 1.2
      vertex -40.2019 20.2332 15.3
    endloop
  endfacet
  facet normal 0.803163 0.59576 0
    outer loop
      vertex -40.2019 20.2332 1.2
      vertex -39.7897 19.6775 15.3
      vertex -39.7897 19.6775 1.2
    endloop
  endfacet
  facet normal -0.146842 0.98916 0
    outer loop
      vertex -24.2846 17.2355 1.2
      vertex -24.969 17.1339 15.3
      vertex -24.2846 17.2355 15.3
    endloop
  endfacet
  facet normal -0.146842 0.98916 0
    outer loop
      vertex -24.969 17.1339 15.3
      vertex -24.2846 17.2355 1.2
      vertex -24.969 17.1339 1.2
    endloop
  endfacet
  facet normal -0.146842 -0.98916 0
    outer loop
      vertex -24.969 31.1661 1.2
      vertex -24.2846 31.0645 15.3
      vertex -24.969 31.1661 15.3
    endloop
  endfacet
  facet normal -0.146842 -0.98916 -0
    outer loop
      vertex -24.2846 31.0645 15.3
      vertex -24.969 31.1661 1.2
      vertex -24.2846 31.0645 1.2
    endloop
  endfacet
  facet normal -0.0490004 0.998799 0
    outer loop
      vertex -24.969 17.1339 1.2
      vertex -25.66 17.1 15.3
      vertex -24.969 17.1339 15.3
    endloop
  endfacet
  facet normal -0.0490004 0.998799 0
    outer loop
      vertex -25.66 17.1 15.3
      vertex -24.969 17.1339 1.2
      vertex -25.66 17.1 1.2
    endloop
  endfacet
  facet normal 0 1 -0
    outer loop
      vertex -25.66 17.1 1.2
      vertex -34.34 17.1 15.3
      vertex -25.66 17.1 15.3
    endloop
  endfacet
  facet normal 0 1 0
    outer loop
      vertex -34.34 17.1 15.3
      vertex -25.66 17.1 1.2
      vertex -34.34 17.1 1.2
    endloop
  endfacet
  facet normal 0.998792 -0.0491446 0
    outer loop
      vertex -41.39 24.15 15.3
      vertex -41.356 24.841 1.2
      vertex -41.356 24.841 15.3
    endloop
  endfacet
  facet normal 0.998792 -0.0491446 0
    outer loop
      vertex -41.356 24.841 1.2
      vertex -41.39 24.15 15.3
      vertex -41.39 24.15 1.2
    endloop
  endfacet
  facet normal 0 -1 0
    outer loop
      vertex -34.34 31.2 1.2
      vertex -25.66 31.2 15.3
      vertex -34.34 31.2 15.3
    endloop
  endfacet
  facet normal 0 -1 -0
    outer loop
      vertex -25.66 31.2 15.3
      vertex -34.34 31.2 1.2
      vertex -25.66 31.2 1.2
    endloop
  endfacet
  facet normal -0.514071 0.857748 0
    outer loop
      vertex -21.7432 18.2882 1.2
      vertex -22.3367 17.9325 15.3
      vertex -21.7432 18.2882 15.3
    endloop
  endfacet
  facet normal -0.514071 0.857748 0
    outer loop
      vertex -22.3367 17.9325 15.3
      vertex -21.7432 18.2882 1.2
      vertex -22.3367 17.9325 1.2
    endloop
  endfacet
  facet normal -0.595666 -0.803232 0
    outer loop
      vertex -21.7432 30.0118 1.2
      vertex -21.1875 29.5997 15.3
      vertex -21.7432 30.0118 15.3
    endloop
  endfacet
  facet normal -0.595666 -0.803232 -0
    outer loop
      vertex -21.1875 29.5997 15.3
      vertex -21.7432 30.0118 1.2
      vertex -21.1875 29.5997 1.2
    endloop
  endfacet
  facet normal 0.671564 0.740946 -0
    outer loop
      vertex -38.8125 18.7003 1.2
      vertex -39.3251 19.1649 15.3
      vertex -38.8125 18.7003 15.3
    endloop
  endfacet
  facet normal 0.671564 0.740946 0
    outer loop
      vertex -39.3251 19.1649 15.3
      vertex -38.8125 18.7003 1.2
      vertex -39.3251 19.1649 1.2
    endloop
  endfacet
  facet normal -0.857812 0.513964 0
    outer loop
      vertex -19.7981 20.2332 1.2
      vertex -19.4425 20.8267 15.3
      vertex -19.4425 20.8267 1.2
    endloop
  endfacet
  facet normal -0.857812 0.513964 0
    outer loop
      vertex -19.4425 20.8267 15.3
      vertex -19.7981 20.2332 1.2
      vertex -19.7981 20.2332 15.3
    endloop
  endfacet
  facet normal 0.427564 0.903985 -0
    outer loop
      vertex -37.0379 17.6367 1.2
      vertex -37.6633 17.9325 15.3
      vertex -37.0379 17.6367 15.3
    endloop
  endfacet
  facet normal 0.427564 0.903985 0
    outer loop
      vertex -37.6633 17.9325 15.3
      vertex -37.0379 17.6367 1.2
      vertex -37.6633 17.9325 1.2
    endloop
  endfacet
  facet normal -0.740946 0.671564 0
    outer loop
      vertex -20.6749 19.1649 1.2
      vertex -20.2103 19.6775 15.3
      vertex -20.2103 19.6775 1.2
    endloop
  endfacet
  facet normal -0.740946 0.671564 0
    outer loop
      vertex -20.2103 19.6775 15.3
      vertex -20.6749 19.1649 1.2
      vertex -20.6749 19.1649 15.3
    endloop
  endfacet
  facet normal 0.903985 -0.427564 0
    outer loop
      vertex -40.8533 26.8479 15.3
      vertex -40.5575 27.4733 1.2
      vertex -40.5575 27.4733 15.3
    endloop
  endfacet
  facet normal 0.903985 -0.427564 0
    outer loop
      vertex -40.5575 27.4733 1.2
      vertex -40.8533 26.8479 15.3
      vertex -40.8533 26.8479 1.2
    endloop
  endfacet
  facet normal 0.0490004 0.998799 -0
    outer loop
      vertex -34.34 17.1 1.2
      vertex -35.031 17.1339 15.3
      vertex -34.34 17.1 15.3
    endloop
  endfacet
  facet normal 0.0490004 0.998799 0
    outer loop
      vertex -35.031 17.1339 15.3
      vertex -34.34 17.1 1.2
      vertex -35.031 17.1339 1.2
    endloop
  endfacet
  facet normal -0.998792 -0.0491446 0
    outer loop
      vertex -18.61 24.15 1.2
      vertex -18.644 24.841 15.3
      vertex -18.644 24.841 1.2
    endloop
  endfacet
  facet normal -0.998792 -0.0491446 0
    outer loop
      vertex -18.644 24.841 15.3
      vertex -18.61 24.15 1.2
      vertex -18.61 24.15 15.3
    endloop
  endfacet
  facet normal -0.941532 -0.336922 0
    outer loop
      vertex -18.9136 26.1965 1.2
      vertex -19.1467 26.8479 15.3
      vertex -19.1467 26.8479 1.2
    endloop
  endfacet
  facet normal -0.941532 -0.336922 0
    outer loop
      vertex -19.1467 26.8479 15.3
      vertex -18.9136 26.1965 1.2
      vertex -18.9136 26.1965 15.3
    endloop
  endfacet
  facet normal 0.595666 -0.803232 0
    outer loop
      vertex -38.8125 29.5997 1.2
      vertex -38.2568 30.0118 15.3
      vertex -38.8125 29.5997 15.3
    endloop
  endfacet
  facet normal 0.595666 -0.803232 0
    outer loop
      vertex -38.2568 30.0118 15.3
      vertex -38.8125 29.5997 1.2
      vertex -38.2568 30.0118 1.2
    endloop
  endfacet
  facet normal 0.903985 0.427564 0
    outer loop
      vertex -40.5575 20.8267 15.3
      vertex -40.8533 21.4521 1.2
      vertex -40.8533 21.4521 15.3
    endloop
  endfacet
  facet normal 0.903985 0.427564 0
    outer loop
      vertex -40.8533 21.4521 1.2
      vertex -40.5575 20.8267 15.3
      vertex -40.5575 20.8267 1.2
    endloop
  endfacet
  facet normal 0.803163 -0.59576 0
    outer loop
      vertex -40.2019 28.0668 15.3
      vertex -39.7897 28.6225 1.2
      vertex -39.7897 28.6225 15.3
    endloop
  endfacet
  facet normal 0.803163 -0.59576 0
    outer loop
      vertex -39.7897 28.6225 1.2
      vertex -40.2019 28.0668 15.3
      vertex -40.2019 28.0668 1.2
    endloop
  endfacet
  facet normal 0.242978 0.970032 -0
    outer loop
      vertex -35.7154 17.2355 1.2
      vertex -36.3865 17.4036 15.3
      vertex -35.7154 17.2355 15.3
    endloop
  endfacet
  facet normal 0.242978 0.970032 0
    outer loop
      vertex -36.3865 17.4036 15.3
      vertex -35.7154 17.2355 1.2
      vertex -36.3865 17.4036 1.2
    endloop
  endfacet
  facet normal -0.989181 -0.146701 0
    outer loop
      vertex -18.644 24.841 1.2
      vertex -18.7455 25.5254 15.3
      vertex -18.7455 25.5254 1.2
    endloop
  endfacet
  facet normal -0.989181 -0.146701 0
    outer loop
      vertex -18.7455 25.5254 15.3
      vertex -18.644 24.841 1.2
      vertex -18.644 24.841 15.3
    endloop
  endfacet
  facet normal 0.857812 0.513964 0
    outer loop
      vertex -40.2019 20.2332 15.3
      vertex -40.5575 20.8267 1.2
      vertex -40.5575 20.8267 15.3
    endloop
  endfacet
  facet normal 0.857812 0.513964 0
    outer loop
      vertex -40.5575 20.8267 1.2
      vertex -40.2019 20.2332 15.3
      vertex -40.2019 20.2332 1.2
    endloop
  endfacet
  facet normal 0.336922 -0.941532 0
    outer loop
      vertex -37.0379 30.6633 1.2
      vertex -36.3865 30.8964 15.3
      vertex -37.0379 30.6633 15.3
    endloop
  endfacet
  facet normal 0.336922 -0.941532 0
    outer loop
      vertex -36.3865 30.8964 15.3
      vertex -37.0379 30.6633 1.2
      vertex -36.3865 30.8964 1.2
    endloop
  endfacet
  facet normal 0.242978 -0.970032 0
    outer loop
      vertex -36.3865 30.8964 1.2
      vertex -35.7154 31.0645 15.3
      vertex -36.3865 30.8964 15.3
    endloop
  endfacet
  facet normal 0.242978 -0.970032 0
    outer loop
      vertex -35.7154 31.0645 15.3
      vertex -36.3865 30.8964 1.2
      vertex -35.7154 31.0645 1.2
    endloop
  endfacet
  facet normal 0.989181 -0.146701 0
    outer loop
      vertex -41.356 24.841 15.3
      vertex -41.2545 25.5254 1.2
      vertex -41.2545 25.5254 15.3
    endloop
  endfacet
  facet normal 0.989181 -0.146701 0
    outer loop
      vertex -41.2545 25.5254 1.2
      vertex -41.356 24.841 15.3
      vertex -41.356 24.841 1.2
    endloop
  endfacet
  facet normal -0.857812 -0.513964 0
    outer loop
      vertex -19.4425 27.4733 1.2
      vertex -19.7981 28.0668 15.3
      vertex -19.7981 28.0668 1.2
    endloop
  endfacet
  facet normal -0.857812 -0.513964 0
    outer loop
      vertex -19.7981 28.0668 15.3
      vertex -19.4425 27.4733 1.2
      vertex -19.4425 27.4733 15.3
    endloop
  endfacet
  facet normal 0.941532 -0.336922 0
    outer loop
      vertex -41.0864 26.1965 15.3
      vertex -40.8533 26.8479 1.2
      vertex -40.8533 26.8479 15.3
    endloop
  endfacet
  facet normal 0.941532 -0.336922 0
    outer loop
      vertex -40.8533 26.8479 1.2
      vertex -41.0864 26.1965 15.3
      vertex -41.0864 26.1965 1.2
    endloop
  endfacet
  facet normal -0.803163 0.59576 0
    outer loop
      vertex -20.2103 19.6775 1.2
      vertex -19.7981 20.2332 15.3
      vertex -19.7981 20.2332 1.2
    endloop
  endfacet
  facet normal -0.803163 0.59576 0
    outer loop
      vertex -19.7981 20.2332 15.3
      vertex -20.2103 19.6775 1.2
      vertex -20.2103 19.6775 15.3
    endloop
  endfacet
  facet normal 0.146842 0.98916 -0
    outer loop
      vertex -35.031 17.1339 1.2
      vertex -35.7154 17.2355 15.3
      vertex -35.031 17.1339 15.3
    endloop
  endfacet
  facet normal 0.146842 0.98916 0
    outer loop
      vertex -35.7154 17.2355 15.3
      vertex -35.031 17.1339 1.2
      vertex -35.7154 17.2355 1.2
    endloop
  endfacet
  facet normal -0.970032 0.242978 0
    outer loop
      vertex -18.9136 22.1035 1.2
      vertex -18.7455 22.7746 15.3
      vertex -18.7455 22.7746 1.2
    endloop
  endfacet
  facet normal -0.970032 0.242978 0
    outer loop
      vertex -18.7455 22.7746 15.3
      vertex -18.9136 22.1035 1.2
      vertex -18.9136 22.1035 15.3
    endloop
  endfacet
  facet normal 0.427564 -0.903985 0
    outer loop
      vertex -37.6633 30.3675 1.2
      vertex -37.0379 30.6633 15.3
      vertex -37.6633 30.3675 15.3
    endloop
  endfacet
  facet normal 0.427564 -0.903985 0
    outer loop
      vertex -37.0379 30.6633 15.3
      vertex -37.6633 30.3675 1.2
      vertex -37.0379 30.6633 1.2
    endloop
  endfacet
  facet normal 0.514071 -0.857748 0
    outer loop
      vertex -38.2568 30.0118 1.2
      vertex -37.6633 30.3675 15.3
      vertex -38.2568 30.0118 15.3
    endloop
  endfacet
  facet normal 0.514071 -0.857748 0
    outer loop
      vertex -37.6633 30.3675 15.3
      vertex -38.2568 30.0118 1.2
      vertex -37.6633 30.3675 1.2
    endloop
  endfacet
  facet normal 0.857812 -0.513964 0
    outer loop
      vertex -40.5575 27.4733 15.3
      vertex -40.2019 28.0668 1.2
      vertex -40.2019 28.0668 15.3
    endloop
  endfacet
  facet normal 0.857812 -0.513964 0
    outer loop
      vertex -40.2019 28.0668 1.2
      vertex -40.5575 27.4733 15.3
      vertex -40.5575 27.4733 1.2
    endloop
  endfacet
  facet normal -0.242978 -0.970032 0
    outer loop
      vertex -24.2846 31.0645 1.2
      vertex -23.6135 30.8964 15.3
      vertex -24.2846 31.0645 15.3
    endloop
  endfacet
  facet normal -0.242978 -0.970032 -0
    outer loop
      vertex -23.6135 30.8964 15.3
      vertex -24.2846 31.0645 1.2
      vertex -23.6135 30.8964 1.2
    endloop
  endfacet
  facet normal -0.740946 -0.671564 0
    outer loop
      vertex -20.2103 28.6225 1.2
      vertex -20.6749 29.1351 15.3
      vertex -20.6749 29.1351 1.2
    endloop
  endfacet
  facet normal -0.740946 -0.671564 0
    outer loop
      vertex -20.6749 29.1351 15.3
      vertex -20.2103 28.6225 1.2
      vertex -20.2103 28.6225 15.3
    endloop
  endfacet
  facet normal 0.0490004 -0.998799 0
    outer loop
      vertex -35.031 31.1661 1.2
      vertex -34.34 31.2 15.3
      vertex -35.031 31.1661 15.3
    endloop
  endfacet
  facet normal 0.0490004 -0.998799 0
    outer loop
      vertex -34.34 31.2 15.3
      vertex -35.031 31.1661 1.2
      vertex -34.34 31.2 1.2
    endloop
  endfacet
  facet normal 0.740946 0.671564 0
    outer loop
      vertex -39.3251 19.1649 15.3
      vertex -39.7897 19.6775 1.2
      vertex -39.7897 19.6775 15.3
    endloop
  endfacet
  facet normal 0.740946 0.671564 0
    outer loop
      vertex -39.7897 19.6775 1.2
      vertex -39.3251 19.1649 15.3
      vertex -39.3251 19.1649 1.2
    endloop
  endfacet
  facet normal -0.671564 0.740946 0
    outer loop
      vertex -20.6749 19.1649 1.2
      vertex -21.1875 18.7003 15.3
      vertex -20.6749 19.1649 15.3
    endloop
  endfacet
  facet normal -0.671564 0.740946 0
    outer loop
      vertex -21.1875 18.7003 15.3
      vertex -20.6749 19.1649 1.2
      vertex -21.1875 18.7003 1.2
    endloop
  endfacet
  facet normal 0.146842 -0.98916 0
    outer loop
      vertex -35.7154 31.0645 1.2
      vertex -35.031 31.1661 15.3
      vertex -35.7154 31.0645 15.3
    endloop
  endfacet
  facet normal 0.146842 -0.98916 0
    outer loop
      vertex -35.031 31.1661 15.3
      vertex -35.7154 31.0645 1.2
      vertex -35.031 31.1661 1.2
    endloop
  endfacet
  facet normal 0.998792 0.0491446 0
    outer loop
      vertex -41.356 23.459 15.3
      vertex -41.39 24.15 1.2
      vertex -41.39 24.15 15.3
    endloop
  endfacet
  facet normal 0.998792 0.0491446 0
    outer loop
      vertex -41.39 24.15 1.2
      vertex -41.356 23.459 15.3
      vertex -41.356 23.459 1.2
    endloop
  endfacet
  facet normal 0.970032 -0.242978 0
    outer loop
      vertex -41.2545 25.5254 15.3
      vertex -41.0864 26.1965 1.2
      vertex -41.0864 26.1965 15.3
    endloop
  endfacet
  facet normal 0.970032 -0.242978 0
    outer loop
      vertex -41.0864 26.1965 1.2
      vertex -41.2545 25.5254 15.3
      vertex -41.2545 25.5254 1.2
    endloop
  endfacet
  facet normal -0.514071 -0.857748 0
    outer loop
      vertex -22.3367 30.3675 1.2
      vertex -21.7432 30.0118 15.3
      vertex -22.3367 30.3675 15.3
    endloop
  endfacet
  facet normal -0.514071 -0.857748 -0
    outer loop
      vertex -21.7432 30.0118 15.3
      vertex -22.3367 30.3675 1.2
      vertex -21.7432 30.0118 1.2
    endloop
  endfacet
  facet normal -0.989181 0.146701 0
    outer loop
      vertex -18.7455 22.7746 1.2
      vertex -18.644 23.459 15.3
      vertex -18.644 23.459 1.2
    endloop
  endfacet
  facet normal -0.989181 0.146701 0
    outer loop
      vertex -18.644 23.459 15.3
      vertex -18.7455 22.7746 1.2
      vertex -18.7455 22.7746 15.3
    endloop
  endfacet
  facet normal -0.427564 0.903985 0
    outer loop
      vertex -22.3367 17.9325 1.2
      vertex -22.9621 17.6367 15.3
      vertex -22.3367 17.9325 15.3
    endloop
  endfacet
  facet normal -0.427564 0.903985 0
    outer loop
      vertex -22.9621 17.6367 15.3
      vertex -22.3367 17.9325 1.2
      vertex -22.9621 17.6367 1.2
    endloop
  endfacet
  facet normal -0.0490004 -0.998799 0
    outer loop
      vertex -25.66 31.2 1.2
      vertex -24.969 31.1661 15.3
      vertex -25.66 31.2 15.3
    endloop
  endfacet
  facet normal -0.0490004 -0.998799 -0
    outer loop
      vertex -24.969 31.1661 15.3
      vertex -25.66 31.2 1.2
      vertex -24.969 31.1661 1.2
    endloop
  endfacet
  facet normal 0.595666 0.803232 -0
    outer loop
      vertex -38.2568 18.2882 1.2
      vertex -38.8125 18.7003 15.3
      vertex -38.2568 18.2882 15.3
    endloop
  endfacet
  facet normal 0.595666 0.803232 0
    outer loop
      vertex -38.8125 18.7003 15.3
      vertex -38.2568 18.2882 1.2
      vertex -38.8125 18.7003 1.2
    endloop
  endfacet
  facet normal 0.514071 0.857748 -0
    outer loop
      vertex -37.6633 17.9325 1.2
      vertex -38.2568 18.2882 15.3
      vertex -37.6633 17.9325 15.3
    endloop
  endfacet
  facet normal 0.514071 0.857748 0
    outer loop
      vertex -38.2568 18.2882 15.3
      vertex -37.6633 17.9325 1.2
      vertex -38.2568 18.2882 1.2
    endloop
  endfacet
  facet normal -0.595666 0.803232 0
    outer loop
      vertex -21.1875 18.7003 1.2
      vertex -21.7432 18.2882 15.3
      vertex -21.1875 18.7003 15.3
    endloop
  endfacet
  facet normal -0.595666 0.803232 0
    outer loop
      vertex -21.7432 18.2882 15.3
      vertex -21.1875 18.7003 1.2
      vertex -21.7432 18.2882 1.2
    endloop
  endfacet
  facet normal 0.740946 -0.671564 0
    outer loop
      vertex -39.7897 28.6225 15.3
      vertex -39.3251 29.1351 1.2
      vertex -39.3251 29.1351 15.3
    endloop
  endfacet
  facet normal 0.740946 -0.671564 0
    outer loop
      vertex -39.3251 29.1351 1.2
      vertex -39.7897 28.6225 15.3
      vertex -39.7897 28.6225 1.2
    endloop
  endfacet
  facet normal 0.671564 -0.740946 0
    outer loop
      vertex -39.3251 29.1351 1.2
      vertex -38.8125 29.5997 15.3
      vertex -39.3251 29.1351 15.3
    endloop
  endfacet
  facet normal 0.671564 -0.740946 0
    outer loop
      vertex -38.8125 29.5997 15.3
      vertex -39.3251 29.1351 1.2
      vertex -38.8125 29.5997 1.2
    endloop
  endfacet
  facet normal 0.941532 0.336922 0
    outer loop
      vertex -40.8533 21.4521 15.3
      vertex -41.0864 22.1035 1.2
      vertex -41.0864 22.1035 15.3
    endloop
  endfacet
  facet normal 0.941532 0.336922 0
    outer loop
      vertex -41.0864 22.1035 1.2
      vertex -40.8533 21.4521 15.3
      vertex -40.8533 21.4521 1.2
    endloop
  endfacet
  facet normal -0.671564 -0.740946 0
    outer loop
      vertex -21.1875 29.5997 1.2
      vertex -20.6749 29.1351 15.3
      vertex -21.1875 29.5997 15.3
    endloop
  endfacet
  facet normal -0.671564 -0.740946 -0
    outer loop
      vertex -20.6749 29.1351 15.3
      vertex -21.1875 29.5997 1.2
      vertex -20.6749 29.1351 1.2
    endloop
  endfacet
  facet normal -0.970032 -0.242978 0
    outer loop
      vertex -18.7455 25.5254 1.2
      vertex -18.9136 26.1965 15.3
      vertex -18.9136 26.1965 1.2
    endloop
  endfacet
  facet normal -0.970032 -0.242978 0
    outer loop
      vertex -18.9136 26.1965 15.3
      vertex -18.7455 25.5254 1.2
      vertex -18.7455 25.5254 15.3
    endloop
  endfacet
  facet normal -0.903985 -0.427564 0
    outer loop
      vertex -19.1467 26.8479 1.2
      vertex -19.4425 27.4733 15.3
      vertex -19.4425 27.4733 1.2
    endloop
  endfacet
  facet normal -0.903985 -0.427564 0
    outer loop
      vertex -19.4425 27.4733 15.3
      vertex -19.1467 26.8479 1.2
      vertex -19.1467 26.8479 15.3
    endloop
  endfacet
  facet normal -0.803163 -0.59576 0
    outer loop
      vertex -19.7981 28.0668 1.2
      vertex -20.2103 28.6225 15.3
      vertex -20.2103 28.6225 1.2
    endloop
  endfacet
  facet normal -0.803163 -0.59576 0
    outer loop
      vertex -20.2103 28.6225 15.3
      vertex -19.7981 28.0668 1.2
      vertex -19.7981 28.0668 15.3
    endloop
  endfacet
  facet normal 0.336922 0.941532 -0
    outer loop
      vertex -36.3865 17.4036 1.2
      vertex -37.0379 17.6367 15.3
      vertex -36.3865 17.4036 15.3
    endloop
  endfacet
  facet normal 0.336922 0.941532 0
    outer loop
      vertex -37.0379 17.6367 15.3
      vertex -36.3865 17.4036 1.2
      vertex -37.0379 17.6367 1.2
    endloop
  endfacet
  facet normal 0.989181 0.146701 0
    outer loop
      vertex -41.2545 22.7746 15.3
      vertex -41.356 23.459 1.2
      vertex -41.356 23.459 15.3
    endloop
  endfacet
  facet normal 0.989181 0.146701 0
    outer loop
      vertex -41.356 23.459 1.2
      vertex -41.2545 22.7746 15.3
      vertex -41.2545 22.7746 1.2
    endloop
  endfacet
  facet normal -0.427564 -0.903985 0
    outer loop
      vertex -22.9621 30.6633 1.2
      vertex -22.3367 30.3675 15.3
      vertex -22.9621 30.6633 15.3
    endloop
  endfacet
  facet normal -0.427564 -0.903985 -0
    outer loop
      vertex -22.3367 30.3675 15.3
      vertex -22.9621 30.6633 1.2
      vertex -22.3367 30.3675 1.2
    endloop
  endfacet
  facet normal 0.970032 0.242978 0
    outer loop
      vertex -41.0864 22.1035 15.3
      vertex -41.2545 22.7746 1.2
      vertex -41.2545 22.7746 15.3
    endloop
  endfacet
  facet normal 0.970032 0.242978 0
    outer loop
      vertex -41.2545 22.7746 1.2
      vertex -41.0864 22.1035 15.3
      vertex -41.0864 22.1035 1.2
    endloop
  endfacet
  facet normal -0.998792 0.0491446 0
    outer loop
      vertex -18.644 23.459 1.2
      vertex -18.61 24.15 15.3
      vertex -18.61 24.15 1.2
    endloop
  endfacet
  facet normal -0.998792 0.0491446 0
    outer loop
      vertex -18.61 24.15 15.3
      vertex -18.644 23.459 1.2
      vertex -18.644 23.459 15.3
    endloop
  endfacet
  facet normal -0.336922 -0.941532 0
    outer loop
      vertex -23.6135 30.8964 1.2
      vertex -22.9621 30.6633 15.3
      vertex -23.6135 30.8964 15.3
    endloop
  endfacet
  facet normal -0.336922 -0.941532 -0
    outer loop
      vertex -22.9621 30.6633 15.3
      vertex -23.6135 30.8964 1.2
      vertex -22.9621 30.6633 1.2
    endloop
  endfacet
  facet normal -0.941532 0.336922 0
    outer loop
      vertex -19.1467 21.4521 1.2
      vertex -18.9136 22.1035 15.3
      vertex -18.9136 22.1035 1.2
    endloop
  endfacet
  facet normal -0.941532 0.336922 0
    outer loop
      vertex -18.9136 22.1035 15.3
      vertex -19.1467 21.4521 1.2
      vertex -19.1467 21.4521 15.3
    endloop
  endfacet
  facet normal -0.903985 0.427564 0
    outer loop
      vertex -19.4425 20.8267 1.2
      vertex -19.1467 21.4521 15.3
      vertex -19.1467 21.4521 1.2
    endloop
  endfacet
  facet normal -0.903985 0.427564 0
    outer loop
      vertex -19.1467 21.4521 15.3
      vertex -19.4425 20.8267 1.2
      vertex -19.4425 20.8267 15.3
    endloop
  endfacet
  facet normal 0 0 1
    outer loop
      vertex -18.644 24.841 1.2
      vertex -18.644 23.459 1.2
      vertex -18.61 24.15 1.2
    endloop
  endfacet
  facet normal 0 0 1
    outer loop
      vertex -18.7455 25.5254 1.2
      vertex -18.644 23.459 1.2
      vertex -18.644 24.841 1.2
    endloop
  endfacet
  facet normal 0 0 1
    outer loop
      vertex -18.7455 25.5254 1.2
      vertex -18.7455 22.7746 1.2
      vertex -18.644 23.459 1.2
    endloop
  endfacet
  facet normal 0 0 1
    outer loop
      vertex -18.9136 26.1965 1.2
      vertex -18.7455 22.7746 1.2
      vertex -18.7455 25.5254 1.2
    endloop
  endfacet
  facet normal 0 0 1
    outer loop
      vertex -18.9136 26.1965 1.2
      vertex -18.9136 22.1035 1.2
      vertex -18.7455 22.7746 1.2
    endloop
  endfacet
  facet normal 0 0 1
    outer loop
      vertex -19.1467 26.8479 1.2
      vertex -18.9136 22.1035 1.2
      vertex -18.9136 26.1965 1.2
    endloop
  endfacet
  facet normal 0 0 1
    outer loop
      vertex -19.1467 26.8479 1.2
      vertex -19.1467 21.4521 1.2
      vertex -18.9136 22.1035 1.2
    endloop
  endfacet
  facet normal 0 0 1
    outer loop
      vertex -19.4425 27.4733 1.2
      vertex -19.1467 21.4521 1.2
      vertex -19.1467 26.8479 1.2
    endloop
  endfacet
  facet normal 0 0 1
    outer loop
      vertex -19.4425 27.4733 1.2
      vertex -19.4425 20.8267 1.2
      vertex -19.1467 21.4521 1.2
    endloop
  endfacet
  facet normal 0 0 1
    outer loop
      vertex -19.7981 28.0668 1.2
      vertex -19.4425 20.8267 1.2
      vertex -19.4425 27.4733 1.2
    endloop
  endfacet
  facet normal 0 0 1
    outer loop
      vertex -19.7981 28.0668 1.2
      vertex -19.7981 20.2332 1.2
      vertex -19.4425 20.8267 1.2
    endloop
  endfacet
  facet normal 0 0 1
    outer loop
      vertex -20.2103 28.6225 1.2
      vertex -19.7981 20.2332 1.2
      vertex -19.7981 28.0668 1.2
    endloop
  endfacet
  facet normal 0 0 1
    outer loop
      vertex -20.2103 28.6225 1.2
      vertex -20.2103 19.6775 1.2
      vertex -19.7981 20.2332 1.2
    endloop
  endfacet
  facet normal 0 0 1
    outer loop
      vertex -20.6749 29.1351 1.2
      vertex -20.2103 19.6775 1.2
      vertex -20.2103 28.6225 1.2
    endloop
  endfacet
  facet normal 0 0 1
    outer loop
      vertex -20.6749 29.1351 1.2
      vertex -20.6749 19.1649 1.2
      vertex -20.2103 19.6775 1.2
    endloop
  endfacet
  facet normal 0 0 1
    outer loop
      vertex -21.1875 29.5997 1.2
      vertex -20.6749 19.1649 1.2
      vertex -20.6749 29.1351 1.2
    endloop
  endfacet
  facet normal 0 0 1
    outer loop
      vertex -21.1875 29.5997 1.2
      vertex -21.1875 18.7003 1.2
      vertex -20.6749 19.1649 1.2
    endloop
  endfacet
  facet normal 0 0 1
    outer loop
      vertex -21.7432 30.0118 1.2
      vertex -21.1875 18.7003 1.2
      vertex -21.1875 29.5997 1.2
    endloop
  endfacet
  facet normal 0 0 1
    outer loop
      vertex -21.7432 30.0118 1.2
      vertex -21.7432 18.2882 1.2
      vertex -21.1875 18.7003 1.2
    endloop
  endfacet
  facet normal 0 0 1
    outer loop
      vertex -22.3367 30.3675 1.2
      vertex -21.7432 18.2882 1.2
      vertex -21.7432 30.0118 1.2
    endloop
  endfacet
  facet normal 0 0 1
    outer loop
      vertex -22.3367 30.3675 1.2
      vertex -22.3367 17.9325 1.2
      vertex -21.7432 18.2882 1.2
    endloop
  endfacet
  facet normal 0 0 1
    outer loop
      vertex -22.9621 30.6633 1.2
      vertex -22.3367 17.9325 1.2
      vertex -22.3367 30.3675 1.2
    endloop
  endfacet
  facet normal 0 0 1
    outer loop
      vertex -22.9621 30.6633 1.2
      vertex -22.9621 17.6367 1.2
      vertex -22.3367 17.9325 1.2
    endloop
  endfacet
  facet normal 0 0 1
    outer loop
      vertex -23.6135 30.8964 1.2
      vertex -22.9621 17.6367 1.2
      vertex -22.9621 30.6633 1.2
    endloop
  endfacet
  facet normal 0 0 1
    outer loop
      vertex -23.6135 30.8964 1.2
      vertex -23.6135 17.4036 1.2
      vertex -22.9621 17.6367 1.2
    endloop
  endfacet
  facet normal 0 0 1
    outer loop
      vertex -24.2846 31.0645 1.2
      vertex -23.6135 17.4036 1.2
      vertex -23.6135 30.8964 1.2
    endloop
  endfacet
  facet normal 0 0 1
    outer loop
      vertex -24.2846 31.0645 1.2
      vertex -24.2846 17.2355 1.2
      vertex -23.6135 17.4036 1.2
    endloop
  endfacet
  facet normal 0 0 1
    outer loop
      vertex -24.969 31.1661 1.2
      vertex -24.2846 17.2355 1.2
      vertex -24.2846 31.0645 1.2
    endloop
  endfacet
  facet normal 0 0 1
    outer loop
      vertex -24.969 31.1661 1.2
      vertex -24.969 17.1339 1.2
      vertex -24.2846 17.2355 1.2
    endloop
  endfacet
  facet normal 0 0 1
    outer loop
      vertex -25.66 31.2 1.2
      vertex -24.969 17.1339 1.2
      vertex -24.969 31.1661 1.2
    endloop
  endfacet
  facet normal 0 0 1
    outer loop
      vertex -25.66 31.2 1.2
      vertex -25.66 17.1 1.2
      vertex -24.969 17.1339 1.2
    endloop
  endfacet
  facet normal -0 0 1
    outer loop
      vertex -34.34 31.2 1.2
      vertex -25.66 17.1 1.2
      vertex -25.66 31.2 1.2
    endloop
  endfacet
  facet normal 0 0 1
    outer loop
      vertex -34.34 31.2 1.2
      vertex -34.34 17.1 1.2
      vertex -25.66 17.1 1.2
    endloop
  endfacet
  facet normal -0 0 1
    outer loop
      vertex -35.031 31.1661 1.2
      vertex -34.34 17.1 1.2
      vertex -34.34 31.2 1.2
    endloop
  endfacet
  facet normal 0 0 1
    outer loop
      vertex -35.031 31.1661 1.2
      vertex -35.031 17.1339 1.2
      vertex -34.34 17.1 1.2
    endloop
  endfacet
  facet normal -0 0 1
    outer loop
      vertex -35.7154 31.0645 1.2
      vertex -35.031 17.1339 1.2
      vertex -35.031 31.1661 1.2
    endloop
  endfacet
  facet normal 0 0 1
    outer loop
      vertex -35.7154 31.0645 1.2
      vertex -35.7154 17.2355 1.2
      vertex -35.031 17.1339 1.2
    endloop
  endfacet
  facet normal -0 0 1
    outer loop
      vertex -36.3865 30.8964 1.2
      vertex -35.7154 17.2355 1.2
      vertex -35.7154 31.0645 1.2
    endloop
  endfacet
  facet normal 0 0 1
    outer loop
      vertex -36.3865 30.8964 1.2
      vertex -36.3865 17.4036 1.2
      vertex -35.7154 17.2355 1.2
    endloop
  endfacet
  facet normal -0 0 1
    outer loop
      vertex -37.0379 30.6633 1.2
      vertex -36.3865 17.4036 1.2
      vertex -36.3865 30.8964 1.2
    endloop
  endfacet
  facet normal 0 0 1
    outer loop
      vertex -37.0379 30.6633 1.2
      vertex -37.0379 17.6367 1.2
      vertex -36.3865 17.4036 1.2
    endloop
  endfacet
  facet normal -0 0 1
    outer loop
      vertex -37.6633 30.3675 1.2
      vertex -37.0379 17.6367 1.2
      vertex -37.0379 30.6633 1.2
    endloop
  endfacet
  facet normal 0 0 1
    outer loop
      vertex -37.6633 30.3675 1.2
      vertex -37.6633 17.9325 1.2
      vertex -37.0379 17.6367 1.2
    endloop
  endfacet
  facet normal -0 0 1
    outer loop
      vertex -38.2568 30.0118 1.2
      vertex -37.6633 17.9325 1.2
      vertex -37.6633 30.3675 1.2
    endloop
  endfacet
  facet normal 0 0 1
    outer loop
      vertex -38.2568 30.0118 1.2
      vertex -38.2568 18.2882 1.2
      vertex -37.6633 17.9325 1.2
    endloop
  endfacet
  facet normal -0 0 1
    outer loop
      vertex -38.8125 29.5997 1.2
      vertex -38.2568 18.2882 1.2
      vertex -38.2568 30.0118 1.2
    endloop
  endfacet
  facet normal 0 0 1
    outer loop
      vertex -38.8125 29.5997 1.2
      vertex -38.8125 18.7003 1.2
      vertex -38.2568 18.2882 1.2
    endloop
  endfacet
  facet normal -0 0 1
    outer loop
      vertex -39.3251 29.1351 1.2
      vertex -38.8125 18.7003 1.2
      vertex -38.8125 29.5997 1.2
    endloop
  endfacet
  facet normal 0 0 1
    outer loop
      vertex -39.3251 29.1351 1.2
      vertex -39.3251 19.1649 1.2
      vertex -38.8125 18.7003 1.2
    endloop
  endfacet
  facet normal -0 0 1
    outer loop
      vertex -39.7897 28.6225 1.2
      vertex -39.3251 19.1649 1.2
      vertex -39.3251 29.1351 1.2
    endloop
  endfacet
  facet normal 0 0 1
    outer loop
      vertex -39.7897 28.6225 1.2
      vertex -39.7897 19.6775 1.2
      vertex -39.3251 19.1649 1.2
    endloop
  endfacet
  facet normal -0 0 1
    outer loop
      vertex -40.2019 28.0668 1.2
      vertex -39.7897 19.6775 1.2
      vertex -39.7897 28.6225 1.2
    endloop
  endfacet
  facet normal 0 0 1
    outer loop
      vertex -40.2019 28.0668 1.2
      vertex -40.2019 20.2332 1.2
      vertex -39.7897 19.6775 1.2
    endloop
  endfacet
  facet normal -0 0 1
    outer loop
      vertex -40.5575 27.4733 1.2
      vertex -40.2019 20.2332 1.2
      vertex -40.2019 28.0668 1.2
    endloop
  endfacet
  facet normal 0 0 1
    outer loop
      vertex -40.5575 27.4733 1.2
      vertex -40.5575 20.8267 1.2
      vertex -40.2019 20.2332 1.2
    endloop
  endfacet
  facet normal -0 0 1
    outer loop
      vertex -40.8533 26.8479 1.2
      vertex -40.5575 20.8267 1.2
      vertex -40.5575 27.4733 1.2
    endloop
  endfacet
  facet normal 0 0 1
    outer loop
      vertex -40.8533 26.8479 1.2
      vertex -40.8533 21.4521 1.2
      vertex -40.5575 20.8267 1.2
    endloop
  endfacet
  facet normal -0 0 1
    outer loop
      vertex -41.0864 26.1965 1.2
      vertex -40.8533 21.4521 1.2
      vertex -40.8533 26.8479 1.2
    endloop
  endfacet
  facet normal 0 0 1
    outer loop
      vertex -41.0864 26.1965 1.2
      vertex -41.0864 22.1035 1.2
      vertex -40.8533 21.4521 1.2
    endloop
  endfacet
  facet normal -0 0 1
    outer loop
      vertex -41.2545 25.5254 1.2
      vertex -41.0864 22.1035 1.2
      vertex -41.0864 26.1965 1.2
    endloop
  endfacet
  facet normal 0 0 1
    outer loop
      vertex -41.2545 25.5254 1.2
      vertex -41.2545 22.7746 1.2
      vertex -41.0864 22.1035 1.2
    endloop
  endfacet
  facet normal -0 0 1
    outer loop
      vertex -41.356 24.841 1.2
      vertex -41.2545 22.7746 1.2
      vertex -41.2545 25.5254 1.2
    endloop
  endfacet
  facet normal 0 0 1
    outer loop
      vertex -41.356 24.841 1.2
      vertex -41.356 23.459 1.2
      vertex -41.2545 22.7746 1.2
    endloop
  endfacet
  facet normal 0 -0 1
    outer loop
      vertex -41.356 23.459 1.2
      vertex -41.356 24.841 1.2
      vertex -41.39 24.15 1.2
    endloop
  endfacet
  facet normal -0.336922 0.941532 0
    outer loop
      vertex -22.9621 17.6367 1.2
      vertex -23.6135 17.4036 15.3
      vertex -22.9621 17.6367 15.3
    endloop
  endfacet
  facet normal -0.336922 0.941532 0
    outer loop
      vertex -23.6135 17.4036 15.3
      vertex -22.9621 17.6367 1.2
      vertex -23.6135 17.4036 1.2
    endloop
  endfacet
  facet normal -0.989212 -0.146493 0
    outer loop
      vertex -44.2977 8.20683 2.59
      vertex -44.3207 8.36214 15.3
      vertex -44.3207 8.36214 2.59
    endloop
  endfacet
  facet normal -0.989212 -0.146493 0
    outer loop
      vertex -44.3207 8.36214 15.3
      vertex -44.2977 8.20683 2.59
      vertex -44.2977 8.20683 15.3
    endloop
  endfacet
  facet normal -0.998797 -0.0490387 0
    outer loop
      vertex -44.29 8.05 2.59
      vertex -44.2977 8.20683 15.3
      vertex -44.2977 8.20683 2.59
    endloop
  endfacet
  facet normal -0.998797 -0.0490387 0
    outer loop
      vertex -44.2977 8.20683 15.3
      vertex -44.29 8.05 2.59
      vertex -44.29 8.05 15.3
    endloop
  endfacet
  facet normal -0.969959 -0.24327 0
    outer loop
      vertex -44.3207 8.36214 2.59
      vertex -44.3589 8.51445 15.3
      vertex -44.3589 8.51445 2.59
    endloop
  endfacet
  facet normal -0.969959 -0.24327 0
    outer loop
      vertex -44.3589 8.51445 15.3
      vertex -44.3207 8.36214 2.59
      vertex -44.3207 8.36214 15.3
    endloop
  endfacet
  facet normal -0.427692 -0.903925 0
    outer loop
      vertex -45.2777 9.52821 2.59
      vertex -45.1358 9.46107 15.3
      vertex -45.2777 9.52821 15.3
    endloop
  endfacet
  facet normal -0.427692 -0.903925 -0
    outer loop
      vertex -45.1358 9.46107 15.3
      vertex -45.2777 9.52821 2.59
      vertex -45.1358 9.46107 2.59
    endloop
  endfacet
  facet normal 0.242895 0.970053 -0
    outer loop
      vertex -46.2021 6.48074 2.59
      vertex -46.3545 6.5189 15.3
      vertex -46.2021 6.48074 15.3
    endloop
  endfacet
  facet normal 0.242895 0.970053 0
    outer loop
      vertex -46.3545 6.5189 15.3
      vertex -46.2021 6.48074 2.59
      vertex -46.3545 6.5189 2.59
    endloop
  endfacet
  facet normal 0.857796 0.51399 0
    outer loop
      vertex -47.2204 7.16109 15.3
      vertex -47.3011 7.29577 2.59
      vertex -47.3011 7.29577 15.3
    endloop
  endfacet
  facet normal 0.857796 0.51399 0
    outer loop
      vertex -47.3011 7.29577 2.59
      vertex -47.2204 7.16109 15.3
      vertex -47.2204 7.16109 2.59
    endloop
  endfacet
  facet normal -0.146689 0.989183 0
    outer loop
      vertex -45.5779 6.48074 2.59
      vertex -45.7332 6.45771 15.3
      vertex -45.5779 6.48074 15.3
    endloop
  endfacet
  facet normal -0.146689 0.989183 0
    outer loop
      vertex -45.7332 6.45771 15.3
      vertex -45.5779 6.48074 2.59
      vertex -45.7332 6.45771 2.59
    endloop
  endfacet
  facet normal -0.741092 -0.671404 0
    outer loop
      vertex -44.6532 9.06503 2.59
      vertex -44.7586 9.18137 15.3
      vertex -44.7586 9.18137 2.59
    endloop
  endfacet
  facet normal -0.741092 -0.671404 0
    outer loop
      vertex -44.7586 9.18137 15.3
      vertex -44.6532 9.06503 2.59
      vertex -44.6532 9.06503 15.3
    endloop
  endfacet
  facet normal 0.514027 -0.857774 0
    outer loop
      vertex -46.7789 9.38035 2.59
      vertex -46.6442 9.46107 15.3
      vertex -46.7789 9.38035 15.3
    endloop
  endfacet
  facet normal 0.514027 -0.857774 0
    outer loop
      vertex -46.6442 9.46107 15.3
      vertex -46.7789 9.38035 2.59
      vertex -46.6442 9.46107 2.59
    endloop
  endfacet
  facet normal -0.741092 0.671404 0
    outer loop
      vertex -44.7586 6.91863 2.59
      vertex -44.6532 7.03497 15.3
      vertex -44.6532 7.03497 2.59
    endloop
  endfacet
  facet normal -0.741092 0.671404 0
    outer loop
      vertex -44.6532 7.03497 15.3
      vertex -44.7586 6.91863 2.59
      vertex -44.7586 6.91863 15.3
    endloop
  endfacet
  facet normal -0.514027 0.857774 0
    outer loop
      vertex -45.0011 6.71965 2.59
      vertex -45.1358 6.63893 15.3
      vertex -45.0011 6.71965 15.3
    endloop
  endfacet
  facet normal -0.514027 0.857774 0
    outer loop
      vertex -45.1358 6.63893 15.3
      vertex -45.0011 6.71965 2.59
      vertex -45.1358 6.63893 2.59
    endloop
  endfacet
  facet normal -0.242895 -0.970053 0
    outer loop
      vertex -45.5779 9.61926 2.59
      vertex -45.4255 9.5811 15.3
      vertex -45.5779 9.61926 15.3
    endloop
  endfacet
  facet normal -0.242895 -0.970053 -0
    outer loop
      vertex -45.4255 9.5811 15.3
      vertex -45.5779 9.61926 2.59
      vertex -45.4255 9.5811 2.59
    endloop
  endfacet
  facet normal 0.989212 -0.146493 0
    outer loop
      vertex -47.4823 8.20683 15.3
      vertex -47.4593 8.36214 2.59
      vertex -47.4593 8.36214 15.3
    endloop
  endfacet
  facet normal 0.989212 -0.146493 0
    outer loop
      vertex -47.4593 8.36214 2.59
      vertex -47.4823 8.20683 15.3
      vertex -47.4823 8.20683 2.59
    endloop
  endfacet
  facet normal -0.857515 -0.514458 0
    outer loop
      vertex -44.4789 8.80423 2.59
      vertex -44.5597 8.93891 15.3
      vertex -44.5597 8.93891 2.59
    endloop
  endfacet
  facet normal -0.857515 -0.514458 0
    outer loop
      vertex -44.5597 8.93891 15.3
      vertex -44.4789 8.80423 2.59
      vertex -44.4789 8.80423 15.3
    endloop
  endfacet
  facet normal -0.969959 0.24327 0
    outer loop
      vertex -44.3589 7.58555 2.59
      vertex -44.3207 7.73786 15.3
      vertex -44.3207 7.73786 2.59
    endloop
  endfacet
  facet normal -0.969959 0.24327 0
    outer loop
      vertex -44.3207 7.73786 15.3
      vertex -44.3589 7.58555 2.59
      vertex -44.3589 7.58555 15.3
    endloop
  endfacet
  facet normal 0.146689 0.989183 -0
    outer loop
      vertex -46.0468 6.45771 2.59
      vertex -46.2021 6.48074 15.3
      vertex -46.0468 6.45771 15.3
    endloop
  endfacet
  facet normal 0.146689 0.989183 0
    outer loop
      vertex -46.2021 6.48074 15.3
      vertex -46.0468 6.45771 2.59
      vertex -46.2021 6.48074 2.59
    endloop
  endfacet
  facet normal 0.998797 0.0490387 0
    outer loop
      vertex -47.4823 7.89317 15.3
      vertex -47.49 8.05 2.59
      vertex -47.49 8.05 15.3
    endloop
  endfacet
  facet normal 0.998797 0.0490387 0
    outer loop
      vertex -47.49 8.05 2.59
      vertex -47.4823 7.89317 15.3
      vertex -47.4823 7.89317 2.59
    endloop
  endfacet
  facet normal -0.146689 -0.989183 0
    outer loop
      vertex -45.7332 9.64229 2.59
      vertex -45.5779 9.61926 15.3
      vertex -45.7332 9.64229 15.3
    endloop
  endfacet
  facet normal -0.146689 -0.989183 -0
    outer loop
      vertex -45.5779 9.61926 15.3
      vertex -45.7332 9.64229 2.59
      vertex -45.5779 9.61926 2.59
    endloop
  endfacet
  facet normal -0.94154 -0.336901 0
    outer loop
      vertex -44.3589 8.51445 2.59
      vertex -44.4118 8.66229 15.3
      vertex -44.4118 8.66229 2.59
    endloop
  endfacet
  facet normal -0.94154 -0.336901 0
    outer loop
      vertex -44.4118 8.66229 15.3
      vertex -44.3589 8.51445 2.59
      vertex -44.3589 8.51445 15.3
    endloop
  endfacet
  facet normal -0.671388 -0.741106 0
    outer loop
      vertex -44.875 9.28682 2.59
      vertex -44.7586 9.18137 15.3
      vertex -44.875 9.28682 15.3
    endloop
  endfacet
  facet normal -0.671388 -0.741106 -0
    outer loop
      vertex -44.7586 9.18137 15.3
      vertex -44.875 9.28682 2.59
      vertex -44.7586 9.18137 2.59
    endloop
  endfacet
  facet normal 0.741092 -0.671404 0
    outer loop
      vertex -47.1268 9.06503 15.3
      vertex -47.0214 9.18137 2.59
      vertex -47.0214 9.18137 15.3
    endloop
  endfacet
  facet normal 0.741092 -0.671404 0
    outer loop
      vertex -47.0214 9.18137 2.59
      vertex -47.1268 9.06503 15.3
      vertex -47.1268 9.06503 2.59
    endloop
  endfacet
  facet normal 0.969959 0.24327 0
    outer loop
      vertex -47.4211 7.58555 15.3
      vertex -47.4593 7.73786 2.59
      vertex -47.4593 7.73786 15.3
    endloop
  endfacet
  facet normal 0.969959 0.24327 0
    outer loop
      vertex -47.4593 7.73786 2.59
      vertex -47.4211 7.58555 15.3
      vertex -47.4211 7.58555 2.59
    endloop
  endfacet
  facet normal 0.336926 -0.941531 0
    outer loop
      vertex -46.5023 9.52821 2.59
      vertex -46.3545 9.5811 15.3
      vertex -46.5023 9.52821 15.3
    endloop
  endfacet
  facet normal 0.336926 -0.941531 0
    outer loop
      vertex -46.3545 9.5811 15.3
      vertex -46.5023 9.52821 2.59
      vertex -46.3545 9.5811 2.59
    endloop
  endfacet
  facet normal 0.94154 0.336901 0
    outer loop
      vertex -47.3682 7.43771 15.3
      vertex -47.4211 7.58555 2.59
      vertex -47.4211 7.58555 15.3
    endloop
  endfacet
  facet normal 0.94154 0.336901 0
    outer loop
      vertex -47.4211 7.58555 2.59
      vertex -47.3682 7.43771 15.3
      vertex -47.3682 7.43771 2.59
    endloop
  endfacet
  facet normal -0.336926 -0.941531 0
    outer loop
      vertex -45.4255 9.5811 2.59
      vertex -45.2777 9.52821 15.3
      vertex -45.4255 9.5811 15.3
    endloop
  endfacet
  facet normal -0.336926 -0.941531 -0
    outer loop
      vertex -45.2777 9.52821 15.3
      vertex -45.4255 9.5811 2.59
      vertex -45.2777 9.52821 2.59
    endloop
  endfacet
  facet normal 0.803015 -0.595958 0
    outer loop
      vertex -47.2204 8.93891 15.3
      vertex -47.1268 9.06503 2.59
      vertex -47.1268 9.06503 15.3
    endloop
  endfacet
  facet normal 0.803015 -0.595958 0
    outer loop
      vertex -47.1268 9.06503 2.59
      vertex -47.2204 8.93891 15.3
      vertex -47.2204 8.93891 2.59
    endloop
  endfacet
  facet normal -0.80332 -0.595547 0
    outer loop
      vertex -44.5597 8.93891 2.59
      vertex -44.6532 9.06503 15.3
      vertex -44.6532 9.06503 2.59
    endloop
  endfacet
  facet normal -0.80332 -0.595547 0
    outer loop
      vertex -44.6532 9.06503 15.3
      vertex -44.5597 8.93891 2.59
      vertex -44.5597 8.93891 15.3
    endloop
  endfacet
  facet normal 0.969959 -0.24327 0
    outer loop
      vertex -47.4593 8.36214 15.3
      vertex -47.4211 8.51445 2.59
      vertex -47.4211 8.51445 15.3
    endloop
  endfacet
  facet normal 0.969959 -0.24327 0
    outer loop
      vertex -47.4211 8.51445 2.59
      vertex -47.4593 8.36214 15.3
      vertex -47.4593 8.36214 2.59
    endloop
  endfacet
  facet normal 0.671388 -0.741106 0
    outer loop
      vertex -47.0214 9.18137 2.59
      vertex -46.905 9.28682 15.3
      vertex -47.0214 9.18137 15.3
    endloop
  endfacet
  facet normal 0.671388 -0.741106 0
    outer loop
      vertex -46.905 9.28682 15.3
      vertex -47.0214 9.18137 2.59
      vertex -46.905 9.28682 2.59
    endloop
  endfacet
  facet normal -0.427692 0.903925 0
    outer loop
      vertex -45.1358 6.63893 2.59
      vertex -45.2777 6.57179 15.3
      vertex -45.1358 6.63893 15.3
    endloop
  endfacet
  facet normal -0.427692 0.903925 0
    outer loop
      vertex -45.2777 6.57179 15.3
      vertex -45.1358 6.63893 2.59
      vertex -45.2777 6.57179 2.59
    endloop
  endfacet
  facet normal 0.242895 -0.970053 0
    outer loop
      vertex -46.3545 9.5811 2.59
      vertex -46.2021 9.61926 15.3
      vertex -46.3545 9.5811 15.3
    endloop
  endfacet
  facet normal 0.242895 -0.970053 0
    outer loop
      vertex -46.2021 9.61926 15.3
      vertex -46.3545 9.5811 2.59
      vertex -46.2021 9.61926 2.59
    endloop
  endfacet
  facet normal 0.94154 -0.336901 0
    outer loop
      vertex -47.4211 8.51445 15.3
      vertex -47.3682 8.66229 2.59
      vertex -47.3682 8.66229 15.3
    endloop
  endfacet
  facet normal 0.94154 -0.336901 0
    outer loop
      vertex -47.3682 8.66229 2.59
      vertex -47.4211 8.51445 15.3
      vertex -47.4211 8.51445 2.59
    endloop
  endfacet
  facet normal -0.514027 -0.857774 0
    outer loop
      vertex -45.1358 9.46107 2.59
      vertex -45.0011 9.38035 15.3
      vertex -45.1358 9.46107 15.3
    endloop
  endfacet
  facet normal -0.514027 -0.857774 -0
    outer loop
      vertex -45.0011 9.38035 15.3
      vertex -45.1358 9.46107 2.59
      vertex -45.0011 9.38035 2.59
    endloop
  endfacet
  facet normal 0.514027 0.857774 -0
    outer loop
      vertex -46.6442 6.63893 2.59
      vertex -46.7789 6.71965 15.3
      vertex -46.6442 6.63893 15.3
    endloop
  endfacet
  facet normal 0.514027 0.857774 0
    outer loop
      vertex -46.7789 6.71965 15.3
      vertex -46.6442 6.63893 2.59
      vertex -46.7789 6.71965 2.59
    endloop
  endfacet
  facet normal 0.595732 -0.803184 0
    outer loop
      vertex -46.905 9.28682 2.59
      vertex -46.7789 9.38035 15.3
      vertex -46.905 9.28682 15.3
    endloop
  endfacet
  facet normal 0.595732 -0.803184 0
    outer loop
      vertex -46.7789 9.38035 15.3
      vertex -46.905 9.28682 2.59
      vertex -46.7789 9.38035 2.59
    endloop
  endfacet
  facet normal 0.0491116 -0.998793 0
    outer loop
      vertex -46.0468 9.64229 2.59
      vertex -45.89 9.65 15.3
      vertex -46.0468 9.64229 15.3
    endloop
  endfacet
  facet normal 0.0491116 -0.998793 0
    outer loop
      vertex -45.89 9.65 15.3
      vertex -46.0468 9.64229 2.59
      vertex -45.89 9.65 2.59
    endloop
  endfacet
  facet normal -0.0491116 0.998793 0
    outer loop
      vertex -45.7332 6.45771 2.59
      vertex -45.89 6.45 15.3
      vertex -45.7332 6.45771 15.3
    endloop
  endfacet
  facet normal -0.0491116 0.998793 0
    outer loop
      vertex -45.89 6.45 15.3
      vertex -45.7332 6.45771 2.59
      vertex -45.89 6.45 2.59
    endloop
  endfacet
  facet normal -0.94154 0.336901 0
    outer loop
      vertex -44.4118 7.43771 2.59
      vertex -44.3589 7.58555 15.3
      vertex -44.3589 7.58555 2.59
    endloop
  endfacet
  facet normal -0.94154 0.336901 0
    outer loop
      vertex -44.3589 7.58555 15.3
      vertex -44.4118 7.43771 2.59
      vertex -44.4118 7.43771 15.3
    endloop
  endfacet
  facet normal -0.80332 0.595547 0
    outer loop
      vertex -44.6532 7.03497 2.59
      vertex -44.5597 7.16109 15.3
      vertex -44.5597 7.16109 2.59
    endloop
  endfacet
  facet normal -0.80332 0.595547 0
    outer loop
      vertex -44.5597 7.16109 15.3
      vertex -44.6532 7.03497 2.59
      vertex -44.6532 7.03497 15.3
    endloop
  endfacet
  facet normal -0.989212 0.146493 0
    outer loop
      vertex -44.3207 7.73786 2.59
      vertex -44.2977 7.89317 15.3
      vertex -44.2977 7.89317 2.59
    endloop
  endfacet
  facet normal -0.989212 0.146493 0
    outer loop
      vertex -44.2977 7.89317 15.3
      vertex -44.3207 7.73786 2.59
      vertex -44.3207 7.73786 15.3
    endloop
  endfacet
  facet normal 0.857796 -0.51399 0
    outer loop
      vertex -47.3011 8.80423 15.3
      vertex -47.2204 8.93891 2.59
      vertex -47.2204 8.93891 15.3
    endloop
  endfacet
  facet normal 0.857796 -0.51399 0
    outer loop
      vertex -47.2204 8.93891 2.59
      vertex -47.3011 8.80423 15.3
      vertex -47.3011 8.80423 2.59
    endloop
  endfacet
  facet normal 0.336926 0.941531 -0
    outer loop
      vertex -46.3545 6.5189 2.59
      vertex -46.5023 6.57179 15.3
      vertex -46.3545 6.5189 15.3
    endloop
  endfacet
  facet normal 0.336926 0.941531 0
    outer loop
      vertex -46.5023 6.57179 15.3
      vertex -46.3545 6.5189 2.59
      vertex -46.5023 6.57179 2.59
    endloop
  endfacet
  facet normal -0.90407 -0.427385 0
    outer loop
      vertex -44.4118 8.66229 2.59
      vertex -44.4789 8.80423 15.3
      vertex -44.4789 8.80423 2.59
    endloop
  endfacet
  facet normal -0.90407 -0.427385 0
    outer loop
      vertex -44.4789 8.80423 15.3
      vertex -44.4118 8.66229 2.59
      vertex -44.4118 8.66229 15.3
    endloop
  endfacet
  facet normal 0.427692 -0.903925 0
    outer loop
      vertex -46.6442 9.46107 2.59
      vertex -46.5023 9.52821 15.3
      vertex -46.6442 9.46107 15.3
    endloop
  endfacet
  facet normal 0.427692 -0.903925 0
    outer loop
      vertex -46.5023 9.52821 15.3
      vertex -46.6442 9.46107 2.59
      vertex -46.5023 9.52821 2.59
    endloop
  endfacet
  facet normal -0.595732 0.803184 0
    outer loop
      vertex -44.875 6.81318 2.59
      vertex -45.0011 6.71965 15.3
      vertex -44.875 6.81318 15.3
    endloop
  endfacet
  facet normal -0.595732 0.803184 0
    outer loop
      vertex -45.0011 6.71965 15.3
      vertex -44.875 6.81318 2.59
      vertex -45.0011 6.71965 2.59
    endloop
  endfacet
  facet normal -0.595732 -0.803184 0
    outer loop
      vertex -45.0011 9.38035 2.59
      vertex -44.875 9.28682 15.3
      vertex -45.0011 9.38035 15.3
    endloop
  endfacet
  facet normal -0.595732 -0.803184 -0
    outer loop
      vertex -44.875 9.28682 15.3
      vertex -45.0011 9.38035 2.59
      vertex -44.875 9.28682 2.59
    endloop
  endfacet
  facet normal 0.671388 0.741106 -0
    outer loop
      vertex -46.905 6.81318 2.59
      vertex -47.0214 6.91863 15.3
      vertex -46.905 6.81318 15.3
    endloop
  endfacet
  facet normal 0.671388 0.741106 0
    outer loop
      vertex -47.0214 6.91863 15.3
      vertex -46.905 6.81318 2.59
      vertex -47.0214 6.91863 2.59
    endloop
  endfacet
  facet normal -0.998797 0.0490387 0
    outer loop
      vertex -44.2977 7.89317 2.59
      vertex -44.29 8.05 15.3
      vertex -44.29 8.05 2.59
    endloop
  endfacet
  facet normal -0.998797 0.0490387 0
    outer loop
      vertex -44.29 8.05 15.3
      vertex -44.2977 7.89317 2.59
      vertex -44.2977 7.89317 15.3
    endloop
  endfacet
  facet normal 0.803015 0.595958 0
    outer loop
      vertex -47.1268 7.03497 15.3
      vertex -47.2204 7.16109 2.59
      vertex -47.2204 7.16109 15.3
    endloop
  endfacet
  facet normal 0.803015 0.595958 0
    outer loop
      vertex -47.2204 7.16109 2.59
      vertex -47.1268 7.03497 15.3
      vertex -47.1268 7.03497 2.59
    endloop
  endfacet
  facet normal 0.90407 0.427385 0
    outer loop
      vertex -47.3011 7.29577 15.3
      vertex -47.3682 7.43771 2.59
      vertex -47.3682 7.43771 15.3
    endloop
  endfacet
  facet normal 0.90407 0.427385 0
    outer loop
      vertex -47.3682 7.43771 2.59
      vertex -47.3011 7.29577 15.3
      vertex -47.3011 7.29577 2.59
    endloop
  endfacet
  facet normal -0.0491116 -0.998793 0
    outer loop
      vertex -45.89 9.65 2.59
      vertex -45.7332 9.64229 15.3
      vertex -45.89 9.65 15.3
    endloop
  endfacet
  facet normal -0.0491116 -0.998793 -0
    outer loop
      vertex -45.7332 9.64229 15.3
      vertex -45.89 9.65 2.59
      vertex -45.7332 9.64229 2.59
    endloop
  endfacet
  facet normal 0.427692 0.903925 -0
    outer loop
      vertex -46.5023 6.57179 2.59
      vertex -46.6442 6.63893 15.3
      vertex -46.5023 6.57179 15.3
    endloop
  endfacet
  facet normal 0.427692 0.903925 0
    outer loop
      vertex -46.6442 6.63893 15.3
      vertex -46.5023 6.57179 2.59
      vertex -46.6442 6.63893 2.59
    endloop
  endfacet
  facet normal 0.146689 -0.989183 0
    outer loop
      vertex -46.2021 9.61926 2.59
      vertex -46.0468 9.64229 15.3
      vertex -46.2021 9.61926 15.3
    endloop
  endfacet
  facet normal 0.146689 -0.989183 0
    outer loop
      vertex -46.0468 9.64229 15.3
      vertex -46.2021 9.61926 2.59
      vertex -46.0468 9.64229 2.59
    endloop
  endfacet
  facet normal 0.989212 0.146493 0
    outer loop
      vertex -47.4593 7.73786 15.3
      vertex -47.4823 7.89317 2.59
      vertex -47.4823 7.89317 15.3
    endloop
  endfacet
  facet normal 0.989212 0.146493 0
    outer loop
      vertex -47.4823 7.89317 2.59
      vertex -47.4593 7.73786 15.3
      vertex -47.4593 7.73786 2.59
    endloop
  endfacet
  facet normal -0.336926 0.941531 0
    outer loop
      vertex -45.2777 6.57179 2.59
      vertex -45.4255 6.5189 15.3
      vertex -45.2777 6.57179 15.3
    endloop
  endfacet
  facet normal -0.336926 0.941531 0
    outer loop
      vertex -45.4255 6.5189 15.3
      vertex -45.2777 6.57179 2.59
      vertex -45.4255 6.5189 2.59
    endloop
  endfacet
  facet normal -0.242895 0.970053 0
    outer loop
      vertex -45.4255 6.5189 2.59
      vertex -45.5779 6.48074 15.3
      vertex -45.4255 6.5189 15.3
    endloop
  endfacet
  facet normal -0.242895 0.970053 0
    outer loop
      vertex -45.5779 6.48074 15.3
      vertex -45.4255 6.5189 2.59
      vertex -45.5779 6.48074 2.59
    endloop
  endfacet
  facet normal 0.90407 -0.427385 0
    outer loop
      vertex -47.3682 8.66229 15.3
      vertex -47.3011 8.80423 2.59
      vertex -47.3011 8.80423 15.3
    endloop
  endfacet
  facet normal 0.90407 -0.427385 0
    outer loop
      vertex -47.3011 8.80423 2.59
      vertex -47.3682 8.66229 15.3
      vertex -47.3682 8.66229 2.59
    endloop
  endfacet
  facet normal 0.741092 0.671404 0
    outer loop
      vertex -47.0214 6.91863 15.3
      vertex -47.1268 7.03497 2.59
      vertex -47.1268 7.03497 15.3
    endloop
  endfacet
  facet normal 0.741092 0.671404 0
    outer loop
      vertex -47.1268 7.03497 2.59
      vertex -47.0214 6.91863 15.3
      vertex -47.0214 6.91863 2.59
    endloop
  endfacet
  facet normal 0.595732 0.803184 -0
    outer loop
      vertex -46.7789 6.71965 2.59
      vertex -46.905 6.81318 15.3
      vertex -46.7789 6.71965 15.3
    endloop
  endfacet
  facet normal 0.595732 0.803184 0
    outer loop
      vertex -46.905 6.81318 15.3
      vertex -46.7789 6.71965 2.59
      vertex -46.905 6.81318 2.59
    endloop
  endfacet
  facet normal -0.90407 0.427385 0
    outer loop
      vertex -44.4789 7.29577 2.59
      vertex -44.4118 7.43771 15.3
      vertex -44.4118 7.43771 2.59
    endloop
  endfacet
  facet normal -0.90407 0.427385 0
    outer loop
      vertex -44.4118 7.43771 15.3
      vertex -44.4789 7.29577 2.59
      vertex -44.4789 7.29577 15.3
    endloop
  endfacet
  facet normal -0.857515 0.514458 0
    outer loop
      vertex -44.5597 7.16109 2.59
      vertex -44.4789 7.29577 15.3
      vertex -44.4789 7.29577 2.59
    endloop
  endfacet
  facet normal -0.857515 0.514458 0
    outer loop
      vertex -44.4789 7.29577 15.3
      vertex -44.5597 7.16109 2.59
      vertex -44.5597 7.16109 15.3
    endloop
  endfacet
  facet normal 0.0491116 0.998793 -0
    outer loop
      vertex -45.89 6.45 2.59
      vertex -46.0468 6.45771 15.3
      vertex -45.89 6.45 15.3
    endloop
  endfacet
  facet normal 0.0491116 0.998793 0
    outer loop
      vertex -46.0468 6.45771 15.3
      vertex -45.89 6.45 2.59
      vertex -46.0468 6.45771 2.59
    endloop
  endfacet
  facet normal 0.998797 -0.0490387 0
    outer loop
      vertex -47.49 8.05 15.3
      vertex -47.4823 8.20683 2.59
      vertex -47.4823 8.20683 15.3
    endloop
  endfacet
  facet normal 0.998797 -0.0490387 0
    outer loop
      vertex -47.4823 8.20683 2.59
      vertex -47.49 8.05 15.3
      vertex -47.49 8.05 2.59
    endloop
  endfacet
  facet normal -0.671388 0.741106 0
    outer loop
      vertex -44.7586 6.91863 2.59
      vertex -44.875 6.81318 15.3
      vertex -44.7586 6.91863 15.3
    endloop
  endfacet
  facet normal -0.671388 0.741106 0
    outer loop
      vertex -44.875 6.81318 15.3
      vertex -44.7586 6.91863 2.59
      vertex -44.875 6.81318 2.59
    endloop
  endfacet
  facet normal -0.500001 0.866025 0
    outer loop
      vertex -42.94 6.34682 0
      vertex -45.89 4.64363 2.59
      vertex -42.94 6.34682 2.59
    endloop
  endfacet
  facet normal -0.500001 0.866025 0
    outer loop
      vertex -45.89 4.64363 2.59
      vertex -42.94 6.34682 0
      vertex -45.89 4.64363 0
    endloop
  endfacet
  facet normal -1 0 0
    outer loop
      vertex -42.94 6.34682 0
      vertex -42.94 9.75318 2.59
      vertex -42.94 9.75318 0
    endloop
  endfacet
  facet normal -1 -0 0
    outer loop
      vertex -42.94 9.75318 2.59
      vertex -42.94 6.34682 0
      vertex -42.94 6.34682 2.59
    endloop
  endfacet
  facet normal 0.500008 -0.866021 0
    outer loop
      vertex -48.84 9.75318 0
      vertex -45.89 11.4564 2.59
      vertex -48.84 9.75318 2.59
    endloop
  endfacet
  facet normal 0.500008 -0.866021 0
    outer loop
      vertex -45.89 11.4564 2.59
      vertex -48.84 9.75318 0
      vertex -45.89 11.4564 0
    endloop
  endfacet
  facet normal -0.500008 -0.866021 0
    outer loop
      vertex -45.89 11.4564 0
      vertex -42.94 9.75318 2.59
      vertex -45.89 11.4564 2.59
    endloop
  endfacet
  facet normal -0.500008 -0.866021 -0
    outer loop
      vertex -42.94 9.75318 2.59
      vertex -45.89 11.4564 0
      vertex -42.94 9.75318 0
    endloop
  endfacet
  facet normal 1 -0 0
    outer loop
      vertex -48.84 6.34682 2.59
      vertex -48.84 9.75318 0
      vertex -48.84 9.75318 2.59
    endloop
  endfacet
  facet normal 1 0 0
    outer loop
      vertex -48.84 9.75318 0
      vertex -48.84 6.34682 2.59
      vertex -48.84 6.34682 0
    endloop
  endfacet
  facet normal 0.500001 0.866025 -0
    outer loop
      vertex -45.89 4.64363 0
      vertex -48.84 6.34682 2.59
      vertex -45.89 4.64363 2.59
    endloop
  endfacet
  facet normal 0.500001 0.866025 0
    outer loop
      vertex -48.84 6.34682 2.59
      vertex -45.89 4.64363 0
      vertex -48.84 6.34682 0
    endloop
  endfacet
  facet normal 0 0 -1
    outer loop
      vertex -42.94 6.34682 2.59
      vertex -44.29 8.05 2.59
      vertex -42.94 9.75318 2.59
    endloop
  endfacet
  facet normal 0 0 -1
    outer loop
      vertex -42.94 6.34682 2.59
      vertex -44.2977 7.89317 2.59
      vertex -44.29 8.05 2.59
    endloop
  endfacet
  facet normal 0 0 -1
    outer loop
      vertex -42.94 6.34682 2.59
      vertex -44.3207 7.73786 2.59
      vertex -44.2977 7.89317 2.59
    endloop
  endfacet
  facet normal 0 0 -1
    outer loop
      vertex -42.94 6.34682 2.59
      vertex -44.3589 7.58555 2.59
      vertex -44.3207 7.73786 2.59
    endloop
  endfacet
  facet normal 0 0 -1
    outer loop
      vertex -42.94 6.34682 2.59
      vertex -44.4118 7.43771 2.59
      vertex -44.3589 7.58555 2.59
    endloop
  endfacet
  facet normal 0 0 -1
    outer loop
      vertex -42.94 6.34682 2.59
      vertex -44.4789 7.29577 2.59
      vertex -44.4118 7.43771 2.59
    endloop
  endfacet
  facet normal 0 0 -1
    outer loop
      vertex -42.94 6.34682 2.59
      vertex -44.5597 7.16109 2.59
      vertex -44.4789 7.29577 2.59
    endloop
  endfacet
  facet normal 0 0 -1
    outer loop
      vertex -42.94 6.34682 2.59
      vertex -44.6532 7.03497 2.59
      vertex -44.5597 7.16109 2.59
    endloop
  endfacet
  facet normal 0 0 -1
    outer loop
      vertex -42.94 6.34682 2.59
      vertex -44.7586 6.91863 2.59
      vertex -44.6532 7.03497 2.59
    endloop
  endfacet
  facet normal 0 0 -1
    outer loop
      vertex -42.94 6.34682 2.59
      vertex -44.875 6.81318 2.59
      vertex -44.7586 6.91863 2.59
    endloop
  endfacet
  facet normal 0 0 -1
    outer loop
      vertex -42.94 6.34682 2.59
      vertex -45.0011 6.71965 2.59
      vertex -44.875 6.81318 2.59
    endloop
  endfacet
  facet normal 0 0 -1
    outer loop
      vertex -42.94 6.34682 2.59
      vertex -45.1358 6.63893 2.59
      vertex -45.0011 6.71965 2.59
    endloop
  endfacet
  facet normal 0 0 -1
    outer loop
      vertex -45.89 4.64363 2.59
      vertex -45.1358 6.63893 2.59
      vertex -42.94 6.34682 2.59
    endloop
  endfacet
  facet normal 0 0 -1
    outer loop
      vertex -45.1358 6.63893 2.59
      vertex -45.89 4.64363 2.59
      vertex -45.2777 6.57179 2.59
    endloop
  endfacet
  facet normal 0 0 -1
    outer loop
      vertex -45.2777 6.57179 2.59
      vertex -45.89 4.64363 2.59
      vertex -45.4255 6.5189 2.59
    endloop
  endfacet
  facet normal 0 0 -1
    outer loop
      vertex -45.4255 6.5189 2.59
      vertex -45.89 4.64363 2.59
      vertex -45.5779 6.48074 2.59
    endloop
  endfacet
  facet normal 0 0 -1
    outer loop
      vertex -45.5779 6.48074 2.59
      vertex -45.89 4.64363 2.59
      vertex -45.7332 6.45771 2.59
    endloop
  endfacet
  facet normal 0 0 -1
    outer loop
      vertex -45.89 4.64363 2.59
      vertex -45.89 6.45 2.59
      vertex -45.7332 6.45771 2.59
    endloop
  endfacet
  facet normal 0 0 -1
    outer loop
      vertex -45.89 4.64363 2.59
      vertex -46.0468 6.45771 2.59
      vertex -45.89 6.45 2.59
    endloop
  endfacet
  facet normal 0 0 -1
    outer loop
      vertex -45.89 4.64363 2.59
      vertex -46.2021 6.48074 2.59
      vertex -46.0468 6.45771 2.59
    endloop
  endfacet
  facet normal 0 0 -1
    outer loop
      vertex -45.89 4.64363 2.59
      vertex -46.3545 6.5189 2.59
      vertex -46.2021 6.48074 2.59
    endloop
  endfacet
  facet normal 0 0 -1
    outer loop
      vertex -45.89 4.64363 2.59
      vertex -46.5023 6.57179 2.59
      vertex -46.3545 6.5189 2.59
    endloop
  endfacet
  facet normal 0 0 -1
    outer loop
      vertex -45.89 4.64363 2.59
      vertex -46.6442 6.63893 2.59
      vertex -46.5023 6.57179 2.59
    endloop
  endfacet
  facet normal 0 0 -1
    outer loop
      vertex -48.84 6.34682 2.59
      vertex -46.6442 6.63893 2.59
      vertex -45.89 4.64363 2.59
    endloop
  endfacet
  facet normal -0 0 -1
    outer loop
      vertex -46.6442 6.63893 2.59
      vertex -48.84 6.34682 2.59
      vertex -46.7789 6.71965 2.59
    endloop
  endfacet
  facet normal -0 0 -1
    outer loop
      vertex -46.7789 6.71965 2.59
      vertex -48.84 6.34682 2.59
      vertex -46.905 6.81318 2.59
    endloop
  endfacet
  facet normal -0 0 -1
    outer loop
      vertex -46.905 6.81318 2.59
      vertex -48.84 6.34682 2.59
      vertex -47.0214 6.91863 2.59
    endloop
  endfacet
  facet normal -0 0 -1
    outer loop
      vertex -47.0214 6.91863 2.59
      vertex -48.84 6.34682 2.59
      vertex -47.1268 7.03497 2.59
    endloop
  endfacet
  facet normal -0 0 -1
    outer loop
      vertex -47.1268 7.03497 2.59
      vertex -48.84 6.34682 2.59
      vertex -47.2204 7.16109 2.59
    endloop
  endfacet
  facet normal -0 0 -1
    outer loop
      vertex -47.4823 7.89317 2.59
      vertex -48.84 6.34682 2.59
      vertex -47.49 8.05 2.59
    endloop
  endfacet
  facet normal -0 0 -1
    outer loop
      vertex -47.4593 7.73786 2.59
      vertex -48.84 6.34682 2.59
      vertex -47.4823 7.89317 2.59
    endloop
  endfacet
  facet normal -0 0 -1
    outer loop
      vertex -47.4211 7.58555 2.59
      vertex -48.84 6.34682 2.59
      vertex -47.4593 7.73786 2.59
    endloop
  endfacet
  facet normal -0 0 -1
    outer loop
      vertex -47.3682 7.43771 2.59
      vertex -48.84 6.34682 2.59
      vertex -47.4211 7.58555 2.59
    endloop
  endfacet
  facet normal -0 0 -1
    outer loop
      vertex -47.3011 7.29577 2.59
      vertex -48.84 6.34682 2.59
      vertex -47.3682 7.43771 2.59
    endloop
  endfacet
  facet normal -0 0 -1
    outer loop
      vertex -47.2204 7.16109 2.59
      vertex -48.84 6.34682 2.59
      vertex -47.3011 7.29577 2.59
    endloop
  endfacet
  facet normal 0 0 -1
    outer loop
      vertex -44.2977 8.20683 2.59
      vertex -42.94 9.75318 2.59
      vertex -44.29 8.05 2.59
    endloop
  endfacet
  facet normal 0 0 -1
    outer loop
      vertex -44.3207 8.36214 2.59
      vertex -42.94 9.75318 2.59
      vertex -44.2977 8.20683 2.59
    endloop
  endfacet
  facet normal 0 0 -1
    outer loop
      vertex -44.3589 8.51445 2.59
      vertex -42.94 9.75318 2.59
      vertex -44.3207 8.36214 2.59
    endloop
  endfacet
  facet normal 0 0 -1
    outer loop
      vertex -44.4118 8.66229 2.59
      vertex -42.94 9.75318 2.59
      vertex -44.3589 8.51445 2.59
    endloop
  endfacet
  facet normal 0 0 -1
    outer loop
      vertex -44.4789 8.80423 2.59
      vertex -42.94 9.75318 2.59
      vertex -44.4118 8.66229 2.59
    endloop
  endfacet
  facet normal 0 0 -1
    outer loop
      vertex -44.5597 8.93891 2.59
      vertex -42.94 9.75318 2.59
      vertex -44.4789 8.80423 2.59
    endloop
  endfacet
  facet normal 0 0 -1
    outer loop
      vertex -44.6532 9.06503 2.59
      vertex -42.94 9.75318 2.59
      vertex -44.5597 8.93891 2.59
    endloop
  endfacet
  facet normal 0 0 -1
    outer loop
      vertex -44.7586 9.18137 2.59
      vertex -42.94 9.75318 2.59
      vertex -44.6532 9.06503 2.59
    endloop
  endfacet
  facet normal 0 0 -1
    outer loop
      vertex -44.875 9.28682 2.59
      vertex -42.94 9.75318 2.59
      vertex -44.7586 9.18137 2.59
    endloop
  endfacet
  facet normal 0 0 -1
    outer loop
      vertex -45.0011 9.38035 2.59
      vertex -42.94 9.75318 2.59
      vertex -44.875 9.28682 2.59
    endloop
  endfacet
  facet normal 0 0 -1
    outer loop
      vertex -45.1358 9.46107 2.59
      vertex -42.94 9.75318 2.59
      vertex -45.0011 9.38035 2.59
    endloop
  endfacet
  facet normal 0 0 -1
    outer loop
      vertex -45.89 11.4564 2.59
      vertex -45.1358 9.46107 2.59
      vertex -45.2777 9.52821 2.59
    endloop
  endfacet
  facet normal 0 0 -1
    outer loop
      vertex -45.89 11.4564 2.59
      vertex -45.2777 9.52821 2.59
      vertex -45.4255 9.5811 2.59
    endloop
  endfacet
  facet normal 0 0 -1
    outer loop
      vertex -45.89 11.4564 2.59
      vertex -45.4255 9.5811 2.59
      vertex -45.5779 9.61926 2.59
    endloop
  endfacet
  facet normal 0 0 -1
    outer loop
      vertex -45.89 11.4564 2.59
      vertex -45.5779 9.61926 2.59
      vertex -45.7332 9.64229 2.59
    endloop
  endfacet
  facet normal 0 0 -1
    outer loop
      vertex -45.89 11.4564 2.59
      vertex -45.7332 9.64229 2.59
      vertex -45.89 9.65 2.59
    endloop
  endfacet
  facet normal 0 0 -1
    outer loop
      vertex -45.1358 9.46107 2.59
      vertex -45.89 11.4564 2.59
      vertex -42.94 9.75318 2.59
    endloop
  endfacet
  facet normal 0 0 -1
    outer loop
      vertex -46.0468 9.64229 2.59
      vertex -45.89 11.4564 2.59
      vertex -45.89 9.65 2.59
    endloop
  endfacet
  facet normal 0 0 -1
    outer loop
      vertex -46.2021 9.61926 2.59
      vertex -45.89 11.4564 2.59
      vertex -46.0468 9.64229 2.59
    endloop
  endfacet
  facet normal 0 0 -1
    outer loop
      vertex -46.3545 9.5811 2.59
      vertex -45.89 11.4564 2.59
      vertex -46.2021 9.61926 2.59
    endloop
  endfacet
  facet normal 0 0 -1
    outer loop
      vertex -46.5023 9.52821 2.59
      vertex -45.89 11.4564 2.59
      vertex -46.3545 9.5811 2.59
    endloop
  endfacet
  facet normal 0 0 -1
    outer loop
      vertex -46.6442 9.46107 2.59
      vertex -45.89 11.4564 2.59
      vertex -46.5023 9.52821 2.59
    endloop
  endfacet
  facet normal 0 0 -1
    outer loop
      vertex -48.84 9.75318 2.59
      vertex -46.6442 9.46107 2.59
      vertex -46.7789 9.38035 2.59
    endloop
  endfacet
  facet normal 0 0 -1
    outer loop
      vertex -48.84 9.75318 2.59
      vertex -46.7789 9.38035 2.59
      vertex -46.905 9.28682 2.59
    endloop
  endfacet
  facet normal 0 0 -1
    outer loop
      vertex -48.84 9.75318 2.59
      vertex -46.905 9.28682 2.59
      vertex -47.0214 9.18137 2.59
    endloop
  endfacet
  facet normal 0 0 -1
    outer loop
      vertex -48.84 9.75318 2.59
      vertex -47.0214 9.18137 2.59
      vertex -47.1268 9.06503 2.59
    endloop
  endfacet
  facet normal 0 0 -1
    outer loop
      vertex -48.84 9.75318 2.59
      vertex -47.1268 9.06503 2.59
      vertex -47.2204 8.93891 2.59
    endloop
  endfacet
  facet normal 0 0 -1
    outer loop
      vertex -48.84 9.75318 2.59
      vertex -47.2204 8.93891 2.59
      vertex -47.3011 8.80423 2.59
    endloop
  endfacet
  facet normal 0 0 -1
    outer loop
      vertex -48.84 9.75318 2.59
      vertex -47.49 8.05 2.59
      vertex -48.84 6.34682 2.59
    endloop
  endfacet
  facet normal 0 0 -1
    outer loop
      vertex -47.49 8.05 2.59
      vertex -48.84 9.75318 2.59
      vertex -47.4823 8.20683 2.59
    endloop
  endfacet
  facet normal 0 0 -1
    outer loop
      vertex -47.4823 8.20683 2.59
      vertex -48.84 9.75318 2.59
      vertex -47.4593 8.36214 2.59
    endloop
  endfacet
  facet normal 0 0 -1
    outer loop
      vertex -47.4593 8.36214 2.59
      vertex -48.84 9.75318 2.59
      vertex -47.4211 8.51445 2.59
    endloop
  endfacet
  facet normal 0 0 -1
    outer loop
      vertex -47.4211 8.51445 2.59
      vertex -48.84 9.75318 2.59
      vertex -47.3682 8.66229 2.59
    endloop
  endfacet
  facet normal 0 0 -1
    outer loop
      vertex -47.3682 8.66229 2.59
      vertex -48.84 9.75318 2.59
      vertex -47.3011 8.80423 2.59
    endloop
  endfacet
  facet normal 0 0 -1
    outer loop
      vertex -46.6442 9.46107 2.59
      vertex -48.84 9.75318 2.59
      vertex -45.89 11.4564 2.59
    endloop
  endfacet
  facet normal -0.989212 -0.146493 0
    outer loop
      vertex -44.2977 -7.89317 2.59
      vertex -44.3207 -7.73786 15.3
      vertex -44.3207 -7.73786 2.59
    endloop
  endfacet
  facet normal -0.989212 -0.146493 0
    outer loop
      vertex -44.3207 -7.73786 15.3
      vertex -44.2977 -7.89317 2.59
      vertex -44.2977 -7.89317 15.3
    endloop
  endfacet
  facet normal -0.998797 -0.0490387 0
    outer loop
      vertex -44.29 -8.05 2.59
      vertex -44.2977 -7.89317 15.3
      vertex -44.2977 -7.89317 2.59
    endloop
  endfacet
  facet normal -0.998797 -0.0490387 0
    outer loop
      vertex -44.2977 -7.89317 15.3
      vertex -44.29 -8.05 2.59
      vertex -44.29 -8.05 15.3
    endloop
  endfacet
  facet normal -0.969959 -0.24327 0
    outer loop
      vertex -44.3207 -7.73786 2.59
      vertex -44.3589 -7.58555 15.3
      vertex -44.3589 -7.58555 2.59
    endloop
  endfacet
  facet normal -0.969959 -0.24327 0
    outer loop
      vertex -44.3589 -7.58555 15.3
      vertex -44.3207 -7.73786 2.59
      vertex -44.3207 -7.73786 15.3
    endloop
  endfacet
  facet normal -0.427692 -0.903925 0
    outer loop
      vertex -45.2777 -6.57179 2.59
      vertex -45.1358 -6.63893 15.3
      vertex -45.2777 -6.57179 15.3
    endloop
  endfacet
  facet normal -0.427692 -0.903925 -0
    outer loop
      vertex -45.1358 -6.63893 15.3
      vertex -45.2777 -6.57179 2.59
      vertex -45.1358 -6.63893 2.59
    endloop
  endfacet
  facet normal 0.242895 0.970053 -0
    outer loop
      vertex -46.2021 -9.61926 2.59
      vertex -46.3545 -9.5811 15.3
      vertex -46.2021 -9.61926 15.3
    endloop
  endfacet
  facet normal 0.242895 0.970053 0
    outer loop
      vertex -46.3545 -9.5811 15.3
      vertex -46.2021 -9.61926 2.59
      vertex -46.3545 -9.5811 2.59
    endloop
  endfacet
  facet normal 0.857796 0.51399 0
    outer loop
      vertex -47.2204 -8.93891 15.3
      vertex -47.3011 -8.80423 2.59
      vertex -47.3011 -8.80423 15.3
    endloop
  endfacet
  facet normal 0.857796 0.51399 0
    outer loop
      vertex -47.3011 -8.80423 2.59
      vertex -47.2204 -8.93891 15.3
      vertex -47.2204 -8.93891 2.59
    endloop
  endfacet
  facet normal -0.146689 0.989183 0
    outer loop
      vertex -45.5779 -9.61926 2.59
      vertex -45.7332 -9.64229 15.3
      vertex -45.5779 -9.61926 15.3
    endloop
  endfacet
  facet normal -0.146689 0.989183 0
    outer loop
      vertex -45.7332 -9.64229 15.3
      vertex -45.5779 -9.61926 2.59
      vertex -45.7332 -9.64229 2.59
    endloop
  endfacet
  facet normal -0.741092 -0.671404 0
    outer loop
      vertex -44.6532 -7.03497 2.59
      vertex -44.7586 -6.91863 15.3
      vertex -44.7586 -6.91863 2.59
    endloop
  endfacet
  facet normal -0.741092 -0.671404 0
    outer loop
      vertex -44.7586 -6.91863 15.3
      vertex -44.6532 -7.03497 2.59
      vertex -44.6532 -7.03497 15.3
    endloop
  endfacet
  facet normal 0.514027 -0.857774 0
    outer loop
      vertex -46.7789 -6.71965 2.59
      vertex -46.6442 -6.63893 15.3
      vertex -46.7789 -6.71965 15.3
    endloop
  endfacet
  facet normal 0.514027 -0.857774 0
    outer loop
      vertex -46.6442 -6.63893 15.3
      vertex -46.7789 -6.71965 2.59
      vertex -46.6442 -6.63893 2.59
    endloop
  endfacet
  facet normal -0.741092 0.671404 0
    outer loop
      vertex -44.7586 -9.18137 2.59
      vertex -44.6532 -9.06503 15.3
      vertex -44.6532 -9.06503 2.59
    endloop
  endfacet
  facet normal -0.741092 0.671404 0
    outer loop
      vertex -44.6532 -9.06503 15.3
      vertex -44.7586 -9.18137 2.59
      vertex -44.7586 -9.18137 15.3
    endloop
  endfacet
  facet normal -0.514027 0.857774 0
    outer loop
      vertex -45.0011 -9.38035 2.59
      vertex -45.1358 -9.46107 15.3
      vertex -45.0011 -9.38035 15.3
    endloop
  endfacet
  facet normal -0.514027 0.857774 0
    outer loop
      vertex -45.1358 -9.46107 15.3
      vertex -45.0011 -9.38035 2.59
      vertex -45.1358 -9.46107 2.59
    endloop
  endfacet
  facet normal -0.242895 -0.970053 0
    outer loop
      vertex -45.5779 -6.48074 2.59
      vertex -45.4255 -6.5189 15.3
      vertex -45.5779 -6.48074 15.3
    endloop
  endfacet
  facet normal -0.242895 -0.970053 -0
    outer loop
      vertex -45.4255 -6.5189 15.3
      vertex -45.5779 -6.48074 2.59
      vertex -45.4255 -6.5189 2.59
    endloop
  endfacet
  facet normal 0.989212 -0.146493 0
    outer loop
      vertex -47.4823 -7.89317 15.3
      vertex -47.4593 -7.73786 2.59
      vertex -47.4593 -7.73786 15.3
    endloop
  endfacet
  facet normal 0.989212 -0.146493 0
    outer loop
      vertex -47.4593 -7.73786 2.59
      vertex -47.4823 -7.89317 15.3
      vertex -47.4823 -7.89317 2.59
    endloop
  endfacet
  facet normal -0.857515 -0.514458 0
    outer loop
      vertex -44.4789 -7.29577 2.59
      vertex -44.5597 -7.16109 15.3
      vertex -44.5597 -7.16109 2.59
    endloop
  endfacet
  facet normal -0.857515 -0.514458 0
    outer loop
      vertex -44.5597 -7.16109 15.3
      vertex -44.4789 -7.29577 2.59
      vertex -44.4789 -7.29577 15.3
    endloop
  endfacet
  facet normal -0.969959 0.24327 0
    outer loop
      vertex -44.3589 -8.51445 2.59
      vertex -44.3207 -8.36214 15.3
      vertex -44.3207 -8.36214 2.59
    endloop
  endfacet
  facet normal -0.969959 0.24327 0
    outer loop
      vertex -44.3207 -8.36214 15.3
      vertex -44.3589 -8.51445 2.59
      vertex -44.3589 -8.51445 15.3
    endloop
  endfacet
  facet normal 0.146689 0.989183 -0
    outer loop
      vertex -46.0468 -9.64229 2.59
      vertex -46.2021 -9.61926 15.3
      vertex -46.0468 -9.64229 15.3
    endloop
  endfacet
  facet normal 0.146689 0.989183 0
    outer loop
      vertex -46.2021 -9.61926 15.3
      vertex -46.0468 -9.64229 2.59
      vertex -46.2021 -9.61926 2.59
    endloop
  endfacet
  facet normal 0.998797 0.0490387 0
    outer loop
      vertex -47.4823 -8.20683 15.3
      vertex -47.49 -8.05 2.59
      vertex -47.49 -8.05 15.3
    endloop
  endfacet
  facet normal 0.998797 0.0490387 0
    outer loop
      vertex -47.49 -8.05 2.59
      vertex -47.4823 -8.20683 15.3
      vertex -47.4823 -8.20683 2.59
    endloop
  endfacet
  facet normal -0.146689 -0.989183 0
    outer loop
      vertex -45.7332 -6.45771 2.59
      vertex -45.5779 -6.48074 15.3
      vertex -45.7332 -6.45771 15.3
    endloop
  endfacet
  facet normal -0.146689 -0.989183 -0
    outer loop
      vertex -45.5779 -6.48074 15.3
      vertex -45.7332 -6.45771 2.59
      vertex -45.5779 -6.48074 2.59
    endloop
  endfacet
  facet normal -0.94154 -0.336901 0
    outer loop
      vertex -44.3589 -7.58555 2.59
      vertex -44.4118 -7.43771 15.3
      vertex -44.4118 -7.43771 2.59
    endloop
  endfacet
  facet normal -0.94154 -0.336901 0
    outer loop
      vertex -44.4118 -7.43771 15.3
      vertex -44.3589 -7.58555 2.59
      vertex -44.3589 -7.58555 15.3
    endloop
  endfacet
  facet normal -0.671388 -0.741106 0
    outer loop
      vertex -44.875 -6.81318 2.59
      vertex -44.7586 -6.91863 15.3
      vertex -44.875 -6.81318 15.3
    endloop
  endfacet
  facet normal -0.671388 -0.741106 -0
    outer loop
      vertex -44.7586 -6.91863 15.3
      vertex -44.875 -6.81318 2.59
      vertex -44.7586 -6.91863 2.59
    endloop
  endfacet
  facet normal 0.741092 -0.671404 0
    outer loop
      vertex -47.1268 -7.03497 15.3
      vertex -47.0214 -6.91863 2.59
      vertex -47.0214 -6.91863 15.3
    endloop
  endfacet
  facet normal 0.741092 -0.671404 0
    outer loop
      vertex -47.0214 -6.91863 2.59
      vertex -47.1268 -7.03497 15.3
      vertex -47.1268 -7.03497 2.59
    endloop
  endfacet
  facet normal 0.969959 0.24327 0
    outer loop
      vertex -47.4211 -8.51445 15.3
      vertex -47.4593 -8.36214 2.59
      vertex -47.4593 -8.36214 15.3
    endloop
  endfacet
  facet normal 0.969959 0.24327 0
    outer loop
      vertex -47.4593 -8.36214 2.59
      vertex -47.4211 -8.51445 15.3
      vertex -47.4211 -8.51445 2.59
    endloop
  endfacet
  facet normal 0.336926 -0.941531 0
    outer loop
      vertex -46.5023 -6.57179 2.59
      vertex -46.3545 -6.5189 15.3
      vertex -46.5023 -6.57179 15.3
    endloop
  endfacet
  facet normal 0.336926 -0.941531 0
    outer loop
      vertex -46.3545 -6.5189 15.3
      vertex -46.5023 -6.57179 2.59
      vertex -46.3545 -6.5189 2.59
    endloop
  endfacet
  facet normal 0.94154 0.336901 0
    outer loop
      vertex -47.3682 -8.66229 15.3
      vertex -47.4211 -8.51445 2.59
      vertex -47.4211 -8.51445 15.3
    endloop
  endfacet
  facet normal 0.94154 0.336901 0
    outer loop
      vertex -47.4211 -8.51445 2.59
      vertex -47.3682 -8.66229 15.3
      vertex -47.3682 -8.66229 2.59
    endloop
  endfacet
  facet normal -0.336926 -0.941531 0
    outer loop
      vertex -45.4255 -6.5189 2.59
      vertex -45.2777 -6.57179 15.3
      vertex -45.4255 -6.5189 15.3
    endloop
  endfacet
  facet normal -0.336926 -0.941531 -0
    outer loop
      vertex -45.2777 -6.57179 15.3
      vertex -45.4255 -6.5189 2.59
      vertex -45.2777 -6.57179 2.59
    endloop
  endfacet
  facet normal 0.803015 -0.595958 0
    outer loop
      vertex -47.2204 -7.16109 15.3
      vertex -47.1268 -7.03497 2.59
      vertex -47.1268 -7.03497 15.3
    endloop
  endfacet
  facet normal 0.803015 -0.595958 0
    outer loop
      vertex -47.1268 -7.03497 2.59
      vertex -47.2204 -7.16109 15.3
      vertex -47.2204 -7.16109 2.59
    endloop
  endfacet
  facet normal -0.80332 -0.595547 0
    outer loop
      vertex -44.5597 -7.16109 2.59
      vertex -44.6532 -7.03497 15.3
      vertex -44.6532 -7.03497 2.59
    endloop
  endfacet
  facet normal -0.80332 -0.595547 0
    outer loop
      vertex -44.6532 -7.03497 15.3
      vertex -44.5597 -7.16109 2.59
      vertex -44.5597 -7.16109 15.3
    endloop
  endfacet
  facet normal 0.969959 -0.24327 0
    outer loop
      vertex -47.4593 -7.73786 15.3
      vertex -47.4211 -7.58555 2.59
      vertex -47.4211 -7.58555 15.3
    endloop
  endfacet
  facet normal 0.969959 -0.24327 0
    outer loop
      vertex -47.4211 -7.58555 2.59
      vertex -47.4593 -7.73786 15.3
      vertex -47.4593 -7.73786 2.59
    endloop
  endfacet
  facet normal 0.671388 -0.741106 0
    outer loop
      vertex -47.0214 -6.91863 2.59
      vertex -46.905 -6.81318 15.3
      vertex -47.0214 -6.91863 15.3
    endloop
  endfacet
  facet normal 0.671388 -0.741106 0
    outer loop
      vertex -46.905 -6.81318 15.3
      vertex -47.0214 -6.91863 2.59
      vertex -46.905 -6.81318 2.59
    endloop
  endfacet
  facet normal -0.427692 0.903925 0
    outer loop
      vertex -45.1358 -9.46107 2.59
      vertex -45.2777 -9.52821 15.3
      vertex -45.1358 -9.46107 15.3
    endloop
  endfacet
  facet normal -0.427692 0.903925 0
    outer loop
      vertex -45.2777 -9.52821 15.3
      vertex -45.1358 -9.46107 2.59
      vertex -45.2777 -9.52821 2.59
    endloop
  endfacet
  facet normal 0.242895 -0.970053 0
    outer loop
      vertex -46.3545 -6.5189 2.59
      vertex -46.2021 -6.48074 15.3
      vertex -46.3545 -6.5189 15.3
    endloop
  endfacet
  facet normal 0.242895 -0.970053 0
    outer loop
      vertex -46.2021 -6.48074 15.3
      vertex -46.3545 -6.5189 2.59
      vertex -46.2021 -6.48074 2.59
    endloop
  endfacet
  facet normal 0.94154 -0.336901 0
    outer loop
      vertex -47.4211 -7.58555 15.3
      vertex -47.3682 -7.43771 2.59
      vertex -47.3682 -7.43771 15.3
    endloop
  endfacet
  facet normal 0.94154 -0.336901 0
    outer loop
      vertex -47.3682 -7.43771 2.59
      vertex -47.4211 -7.58555 15.3
      vertex -47.4211 -7.58555 2.59
    endloop
  endfacet
  facet normal -0.514027 -0.857774 0
    outer loop
      vertex -45.1358 -6.63893 2.59
      vertex -45.0011 -6.71965 15.3
      vertex -45.1358 -6.63893 15.3
    endloop
  endfacet
  facet normal -0.514027 -0.857774 -0
    outer loop
      vertex -45.0011 -6.71965 15.3
      vertex -45.1358 -6.63893 2.59
      vertex -45.0011 -6.71965 2.59
    endloop
  endfacet
  facet normal 0.514027 0.857774 -0
    outer loop
      vertex -46.6442 -9.46107 2.59
      vertex -46.7789 -9.38035 15.3
      vertex -46.6442 -9.46107 15.3
    endloop
  endfacet
  facet normal 0.514027 0.857774 0
    outer loop
      vertex -46.7789 -9.38035 15.3
      vertex -46.6442 -9.46107 2.59
      vertex -46.7789 -9.38035 2.59
    endloop
  endfacet
  facet normal 0.595732 -0.803184 0
    outer loop
      vertex -46.905 -6.81318 2.59
      vertex -46.7789 -6.71965 15.3
      vertex -46.905 -6.81318 15.3
    endloop
  endfacet
  facet normal 0.595732 -0.803184 0
    outer loop
      vertex -46.7789 -6.71965 15.3
      vertex -46.905 -6.81318 2.59
      vertex -46.7789 -6.71965 2.59
    endloop
  endfacet
  facet normal 0.0491116 -0.998793 0
    outer loop
      vertex -46.0468 -6.45771 2.59
      vertex -45.89 -6.45 15.3
      vertex -46.0468 -6.45771 15.3
    endloop
  endfacet
  facet normal 0.0491116 -0.998793 0
    outer loop
      vertex -45.89 -6.45 15.3
      vertex -46.0468 -6.45771 2.59
      vertex -45.89 -6.45 2.59
    endloop
  endfacet
  facet normal -0.0491116 0.998793 0
    outer loop
      vertex -45.7332 -9.64229 2.59
      vertex -45.89 -9.65 15.3
      vertex -45.7332 -9.64229 15.3
    endloop
  endfacet
  facet normal -0.0491116 0.998793 0
    outer loop
      vertex -45.89 -9.65 15.3
      vertex -45.7332 -9.64229 2.59
      vertex -45.89 -9.65 2.59
    endloop
  endfacet
  facet normal -0.94154 0.336901 0
    outer loop
      vertex -44.4118 -8.66229 2.59
      vertex -44.3589 -8.51445 15.3
      vertex -44.3589 -8.51445 2.59
    endloop
  endfacet
  facet normal -0.94154 0.336901 0
    outer loop
      vertex -44.3589 -8.51445 15.3
      vertex -44.4118 -8.66229 2.59
      vertex -44.4118 -8.66229 15.3
    endloop
  endfacet
  facet normal -0.80332 0.595547 0
    outer loop
      vertex -44.6532 -9.06503 2.59
      vertex -44.5597 -8.93891 15.3
      vertex -44.5597 -8.93891 2.59
    endloop
  endfacet
  facet normal -0.80332 0.595547 0
    outer loop
      vertex -44.5597 -8.93891 15.3
      vertex -44.6532 -9.06503 2.59
      vertex -44.6532 -9.06503 15.3
    endloop
  endfacet
  facet normal -0.989212 0.146493 0
    outer loop
      vertex -44.3207 -8.36214 2.59
      vertex -44.2977 -8.20683 15.3
      vertex -44.2977 -8.20683 2.59
    endloop
  endfacet
  facet normal -0.989212 0.146493 0
    outer loop
      vertex -44.2977 -8.20683 15.3
      vertex -44.3207 -8.36214 2.59
      vertex -44.3207 -8.36214 15.3
    endloop
  endfacet
  facet normal 0.857796 -0.51399 0
    outer loop
      vertex -47.3011 -7.29577 15.3
      vertex -47.2204 -7.16109 2.59
      vertex -47.2204 -7.16109 15.3
    endloop
  endfacet
  facet normal 0.857796 -0.51399 0
    outer loop
      vertex -47.2204 -7.16109 2.59
      vertex -47.3011 -7.29577 15.3
      vertex -47.3011 -7.29577 2.59
    endloop
  endfacet
  facet normal 0.336926 0.941531 -0
    outer loop
      vertex -46.3545 -9.5811 2.59
      vertex -46.5023 -9.52821 15.3
      vertex -46.3545 -9.5811 15.3
    endloop
  endfacet
  facet normal 0.336926 0.941531 0
    outer loop
      vertex -46.5023 -9.52821 15.3
      vertex -46.3545 -9.5811 2.59
      vertex -46.5023 -9.52821 2.59
    endloop
  endfacet
  facet normal -0.90407 -0.427385 0
    outer loop
      vertex -44.4118 -7.43771 2.59
      vertex -44.4789 -7.29577 15.3
      vertex -44.4789 -7.29577 2.59
    endloop
  endfacet
  facet normal -0.90407 -0.427385 0
    outer loop
      vertex -44.4789 -7.29577 15.3
      vertex -44.4118 -7.43771 2.59
      vertex -44.4118 -7.43771 15.3
    endloop
  endfacet
  facet normal 0.427692 -0.903925 0
    outer loop
      vertex -46.6442 -6.63893 2.59
      vertex -46.5023 -6.57179 15.3
      vertex -46.6442 -6.63893 15.3
    endloop
  endfacet
  facet normal 0.427692 -0.903925 0
    outer loop
      vertex -46.5023 -6.57179 15.3
      vertex -46.6442 -6.63893 2.59
      vertex -46.5023 -6.57179 2.59
    endloop
  endfacet
  facet normal -0.595732 0.803184 0
    outer loop
      vertex -44.875 -9.28682 2.59
      vertex -45.0011 -9.38035 15.3
      vertex -44.875 -9.28682 15.3
    endloop
  endfacet
  facet normal -0.595732 0.803184 0
    outer loop
      vertex -45.0011 -9.38035 15.3
      vertex -44.875 -9.28682 2.59
      vertex -45.0011 -9.38035 2.59
    endloop
  endfacet
  facet normal -0.595732 -0.803184 0
    outer loop
      vertex -45.0011 -6.71965 2.59
      vertex -44.875 -6.81318 15.3
      vertex -45.0011 -6.71965 15.3
    endloop
  endfacet
  facet normal -0.595732 -0.803184 -0
    outer loop
      vertex -44.875 -6.81318 15.3
      vertex -45.0011 -6.71965 2.59
      vertex -44.875 -6.81318 2.59
    endloop
  endfacet
  facet normal 0.671388 0.741106 -0
    outer loop
      vertex -46.905 -9.28682 2.59
      vertex -47.0214 -9.18137 15.3
      vertex -46.905 -9.28682 15.3
    endloop
  endfacet
  facet normal 0.671388 0.741106 0
    outer loop
      vertex -47.0214 -9.18137 15.3
      vertex -46.905 -9.28682 2.59
      vertex -47.0214 -9.18137 2.59
    endloop
  endfacet
  facet normal -0.998797 0.0490387 0
    outer loop
      vertex -44.2977 -8.20683 2.59
      vertex -44.29 -8.05 15.3
      vertex -44.29 -8.05 2.59
    endloop
  endfacet
  facet normal -0.998797 0.0490387 0
    outer loop
      vertex -44.29 -8.05 15.3
      vertex -44.2977 -8.20683 2.59
      vertex -44.2977 -8.20683 15.3
    endloop
  endfacet
  facet normal 0.803015 0.595958 0
    outer loop
      vertex -47.1268 -9.06503 15.3
      vertex -47.2204 -8.93891 2.59
      vertex -47.2204 -8.93891 15.3
    endloop
  endfacet
  facet normal 0.803015 0.595958 0
    outer loop
      vertex -47.2204 -8.93891 2.59
      vertex -47.1268 -9.06503 15.3
      vertex -47.1268 -9.06503 2.59
    endloop
  endfacet
  facet normal 0.90407 0.427385 0
    outer loop
      vertex -47.3011 -8.80423 15.3
      vertex -47.3682 -8.66229 2.59
      vertex -47.3682 -8.66229 15.3
    endloop
  endfacet
  facet normal 0.90407 0.427385 0
    outer loop
      vertex -47.3682 -8.66229 2.59
      vertex -47.3011 -8.80423 15.3
      vertex -47.3011 -8.80423 2.59
    endloop
  endfacet
  facet normal -0.0491116 -0.998793 0
    outer loop
      vertex -45.89 -6.45 2.59
      vertex -45.7332 -6.45771 15.3
      vertex -45.89 -6.45 15.3
    endloop
  endfacet
  facet normal -0.0491116 -0.998793 -0
    outer loop
      vertex -45.7332 -6.45771 15.3
      vertex -45.89 -6.45 2.59
      vertex -45.7332 -6.45771 2.59
    endloop
  endfacet
  facet normal 0.427692 0.903925 -0
    outer loop
      vertex -46.5023 -9.52821 2.59
      vertex -46.6442 -9.46107 15.3
      vertex -46.5023 -9.52821 15.3
    endloop
  endfacet
  facet normal 0.427692 0.903925 0
    outer loop
      vertex -46.6442 -9.46107 15.3
      vertex -46.5023 -9.52821 2.59
      vertex -46.6442 -9.46107 2.59
    endloop
  endfacet
  facet normal 0.146689 -0.989183 0
    outer loop
      vertex -46.2021 -6.48074 2.59
      vertex -46.0468 -6.45771 15.3
      vertex -46.2021 -6.48074 15.3
    endloop
  endfacet
  facet normal 0.146689 -0.989183 0
    outer loop
      vertex -46.0468 -6.45771 15.3
      vertex -46.2021 -6.48074 2.59
      vertex -46.0468 -6.45771 2.59
    endloop
  endfacet
  facet normal 0.989212 0.146493 0
    outer loop
      vertex -47.4593 -8.36214 15.3
      vertex -47.4823 -8.20683 2.59
      vertex -47.4823 -8.20683 15.3
    endloop
  endfacet
  facet normal 0.989212 0.146493 0
    outer loop
      vertex -47.4823 -8.20683 2.59
      vertex -47.4593 -8.36214 15.3
      vertex -47.4593 -8.36214 2.59
    endloop
  endfacet
  facet normal -0.336926 0.941531 0
    outer loop
      vertex -45.2777 -9.52821 2.59
      vertex -45.4255 -9.5811 15.3
      vertex -45.2777 -9.52821 15.3
    endloop
  endfacet
  facet normal -0.336926 0.941531 0
    outer loop
      vertex -45.4255 -9.5811 15.3
      vertex -45.2777 -9.52821 2.59
      vertex -45.4255 -9.5811 2.59
    endloop
  endfacet
  facet normal -0.242895 0.970053 0
    outer loop
      vertex -45.4255 -9.5811 2.59
      vertex -45.5779 -9.61926 15.3
      vertex -45.4255 -9.5811 15.3
    endloop
  endfacet
  facet normal -0.242895 0.970053 0
    outer loop
      vertex -45.5779 -9.61926 15.3
      vertex -45.4255 -9.5811 2.59
      vertex -45.5779 -9.61926 2.59
    endloop
  endfacet
  facet normal 0.90407 -0.427385 0
    outer loop
      vertex -47.3682 -7.43771 15.3
      vertex -47.3011 -7.29577 2.59
      vertex -47.3011 -7.29577 15.3
    endloop
  endfacet
  facet normal 0.90407 -0.427385 0
    outer loop
      vertex -47.3011 -7.29577 2.59
      vertex -47.3682 -7.43771 15.3
      vertex -47.3682 -7.43771 2.59
    endloop
  endfacet
  facet normal 0.741092 0.671404 0
    outer loop
      vertex -47.0214 -9.18137 15.3
      vertex -47.1268 -9.06503 2.59
      vertex -47.1268 -9.06503 15.3
    endloop
  endfacet
  facet normal 0.741092 0.671404 0
    outer loop
      vertex -47.1268 -9.06503 2.59
      vertex -47.0214 -9.18137 15.3
      vertex -47.0214 -9.18137 2.59
    endloop
  endfacet
  facet normal 0.595732 0.803184 -0
    outer loop
      vertex -46.7789 -9.38035 2.59
      vertex -46.905 -9.28682 15.3
      vertex -46.7789 -9.38035 15.3
    endloop
  endfacet
  facet normal 0.595732 0.803184 0
    outer loop
      vertex -46.905 -9.28682 15.3
      vertex -46.7789 -9.38035 2.59
      vertex -46.905 -9.28682 2.59
    endloop
  endfacet
  facet normal -0.90407 0.427385 0
    outer loop
      vertex -44.4789 -8.80423 2.59
      vertex -44.4118 -8.66229 15.3
      vertex -44.4118 -8.66229 2.59
    endloop
  endfacet
  facet normal -0.90407 0.427385 0
    outer loop
      vertex -44.4118 -8.66229 15.3
      vertex -44.4789 -8.80423 2.59
      vertex -44.4789 -8.80423 15.3
    endloop
  endfacet
  facet normal -0.857515 0.514458 0
    outer loop
      vertex -44.5597 -8.93891 2.59
      vertex -44.4789 -8.80423 15.3
      vertex -44.4789 -8.80423 2.59
    endloop
  endfacet
  facet normal -0.857515 0.514458 0
    outer loop
      vertex -44.4789 -8.80423 15.3
      vertex -44.5597 -8.93891 2.59
      vertex -44.5597 -8.93891 15.3
    endloop
  endfacet
  facet normal 0.0491116 0.998793 -0
    outer loop
      vertex -45.89 -9.65 2.59
      vertex -46.0468 -9.64229 15.3
      vertex -45.89 -9.65 15.3
    endloop
  endfacet
  facet normal 0.0491116 0.998793 0
    outer loop
      vertex -46.0468 -9.64229 15.3
      vertex -45.89 -9.65 2.59
      vertex -46.0468 -9.64229 2.59
    endloop
  endfacet
  facet normal 0.998797 -0.0490387 0
    outer loop
      vertex -47.49 -8.05 15.3
      vertex -47.4823 -7.89317 2.59
      vertex -47.4823 -7.89317 15.3
    endloop
  endfacet
  facet normal 0.998797 -0.0490387 0
    outer loop
      vertex -47.4823 -7.89317 2.59
      vertex -47.49 -8.05 15.3
      vertex -47.49 -8.05 2.59
    endloop
  endfacet
  facet normal -0.671388 0.741106 0
    outer loop
      vertex -44.7586 -9.18137 2.59
      vertex -44.875 -9.28682 15.3
      vertex -44.7586 -9.18137 15.3
    endloop
  endfacet
  facet normal -0.671388 0.741106 0
    outer loop
      vertex -44.875 -9.28682 15.3
      vertex -44.7586 -9.18137 2.59
      vertex -44.875 -9.28682 2.59
    endloop
  endfacet
  facet normal -0.500008 0.866021 0
    outer loop
      vertex -42.94 -9.75318 0
      vertex -45.89 -11.4564 2.59
      vertex -42.94 -9.75318 2.59
    endloop
  endfacet
  facet normal -0.500008 0.866021 0
    outer loop
      vertex -45.89 -11.4564 2.59
      vertex -42.94 -9.75318 0
      vertex -45.89 -11.4564 0
    endloop
  endfacet
  facet normal -1 0 0
    outer loop
      vertex -42.94 -9.75318 0
      vertex -42.94 -6.34682 2.59
      vertex -42.94 -6.34682 0
    endloop
  endfacet
  facet normal -1 -0 0
    outer loop
      vertex -42.94 -6.34682 2.59
      vertex -42.94 -9.75318 0
      vertex -42.94 -9.75318 2.59
    endloop
  endfacet
  facet normal 0.500001 -0.866025 0
    outer loop
      vertex -48.84 -6.34682 0
      vertex -45.89 -4.64363 2.59
      vertex -48.84 -6.34682 2.59
    endloop
  endfacet
  facet normal 0.500001 -0.866025 0
    outer loop
      vertex -45.89 -4.64363 2.59
      vertex -48.84 -6.34682 0
      vertex -45.89 -4.64363 0
    endloop
  endfacet
  facet normal -0.500001 -0.866025 0
    outer loop
      vertex -45.89 -4.64363 0
      vertex -42.94 -6.34682 2.59
      vertex -45.89 -4.64363 2.59
    endloop
  endfacet
  facet normal -0.500001 -0.866025 -0
    outer loop
      vertex -42.94 -6.34682 2.59
      vertex -45.89 -4.64363 0
      vertex -42.94 -6.34682 0
    endloop
  endfacet
  facet normal 1 -0 0
    outer loop
      vertex -48.84 -9.75318 2.59
      vertex -48.84 -6.34682 0
      vertex -48.84 -6.34682 2.59
    endloop
  endfacet
  facet normal 1 0 0
    outer loop
      vertex -48.84 -6.34682 0
      vertex -48.84 -9.75318 2.59
      vertex -48.84 -9.75318 0
    endloop
  endfacet
  facet normal 0.500008 0.866021 -0
    outer loop
      vertex -45.89 -11.4564 0
      vertex -48.84 -9.75318 2.59
      vertex -45.89 -11.4564 2.59
    endloop
  endfacet
  facet normal 0.500008 0.866021 0
    outer loop
      vertex -48.84 -9.75318 2.59
      vertex -45.89 -11.4564 0
      vertex -48.84 -9.75318 0
    endloop
  endfacet
  facet normal 0 0 -1
    outer loop
      vertex -42.94 -9.75318 2.59
      vertex -44.29 -8.05 2.59
      vertex -42.94 -6.34682 2.59
    endloop
  endfacet
  facet normal 0 0 -1
    outer loop
      vertex -42.94 -9.75318 2.59
      vertex -44.2977 -8.20683 2.59
      vertex -44.29 -8.05 2.59
    endloop
  endfacet
  facet normal 0 0 -1
    outer loop
      vertex -42.94 -9.75318 2.59
      vertex -44.3207 -8.36214 2.59
      vertex -44.2977 -8.20683 2.59
    endloop
  endfacet
  facet normal 0 0 -1
    outer loop
      vertex -42.94 -9.75318 2.59
      vertex -44.3589 -8.51445 2.59
      vertex -44.3207 -8.36214 2.59
    endloop
  endfacet
  facet normal 0 0 -1
    outer loop
      vertex -42.94 -9.75318 2.59
      vertex -44.4118 -8.66229 2.59
      vertex -44.3589 -8.51445 2.59
    endloop
  endfacet
  facet normal 0 0 -1
    outer loop
      vertex -42.94 -9.75318 2.59
      vertex -44.4789 -8.80423 2.59
      vertex -44.4118 -8.66229 2.59
    endloop
  endfacet
  facet normal 0 0 -1
    outer loop
      vertex -42.94 -9.75318 2.59
      vertex -44.5597 -8.93891 2.59
      vertex -44.4789 -8.80423 2.59
    endloop
  endfacet
  facet normal 0 0 -1
    outer loop
      vertex -42.94 -9.75318 2.59
      vertex -44.6532 -9.06503 2.59
      vertex -44.5597 -8.93891 2.59
    endloop
  endfacet
  facet normal 0 0 -1
    outer loop
      vertex -42.94 -9.75318 2.59
      vertex -44.7586 -9.18137 2.59
      vertex -44.6532 -9.06503 2.59
    endloop
  endfacet
  facet normal 0 0 -1
    outer loop
      vertex -42.94 -9.75318 2.59
      vertex -44.875 -9.28682 2.59
      vertex -44.7586 -9.18137 2.59
    endloop
  endfacet
  facet normal 0 0 -1
    outer loop
      vertex -42.94 -9.75318 2.59
      vertex -45.0011 -9.38035 2.59
      vertex -44.875 -9.28682 2.59
    endloop
  endfacet
  facet normal 0 0 -1
    outer loop
      vertex -42.94 -9.75318 2.59
      vertex -45.1358 -9.46107 2.59
      vertex -45.0011 -9.38035 2.59
    endloop
  endfacet
  facet normal 0 0 -1
    outer loop
      vertex -45.89 -11.4564 2.59
      vertex -45.1358 -9.46107 2.59
      vertex -42.94 -9.75318 2.59
    endloop
  endfacet
  facet normal 0 0 -1
    outer loop
      vertex -45.1358 -9.46107 2.59
      vertex -45.89 -11.4564 2.59
      vertex -45.2777 -9.52821 2.59
    endloop
  endfacet
  facet normal 0 0 -1
    outer loop
      vertex -45.2777 -9.52821 2.59
      vertex -45.89 -11.4564 2.59
      vertex -45.4255 -9.5811 2.59
    endloop
  endfacet
  facet normal 0 0 -1
    outer loop
      vertex -45.4255 -9.5811 2.59
      vertex -45.89 -11.4564 2.59
      vertex -45.5779 -9.61926 2.59
    endloop
  endfacet
  facet normal 0 0 -1
    outer loop
      vertex -45.5779 -9.61926 2.59
      vertex -45.89 -11.4564 2.59
      vertex -45.7332 -9.64229 2.59
    endloop
  endfacet
  facet normal 0 0 -1
    outer loop
      vertex -45.89 -11.4564 2.59
      vertex -45.89 -9.65 2.59
      vertex -45.7332 -9.64229 2.59
    endloop
  endfacet
  facet normal 0 0 -1
    outer loop
      vertex -45.89 -11.4564 2.59
      vertex -46.0468 -9.64229 2.59
      vertex -45.89 -9.65 2.59
    endloop
  endfacet
  facet normal 0 0 -1
    outer loop
      vertex -45.89 -11.4564 2.59
      vertex -46.2021 -9.61926 2.59
      vertex -46.0468 -9.64229 2.59
    endloop
  endfacet
  facet normal 0 0 -1
    outer loop
      vertex -45.89 -11.4564 2.59
      vertex -46.3545 -9.5811 2.59
      vertex -46.2021 -9.61926 2.59
    endloop
  endfacet
  facet normal 0 0 -1
    outer loop
      vertex -45.89 -11.4564 2.59
      vertex -46.5023 -9.52821 2.59
      vertex -46.3545 -9.5811 2.59
    endloop
  endfacet
  facet normal 0 0 -1
    outer loop
      vertex -45.89 -11.4564 2.59
      vertex -46.6442 -9.46107 2.59
      vertex -46.5023 -9.52821 2.59
    endloop
  endfacet
  facet normal 0 0 -1
    outer loop
      vertex -48.84 -9.75318 2.59
      vertex -46.6442 -9.46107 2.59
      vertex -45.89 -11.4564 2.59
    endloop
  endfacet
  facet normal -0 0 -1
    outer loop
      vertex -46.6442 -9.46107 2.59
      vertex -48.84 -9.75318 2.59
      vertex -46.7789 -9.38035 2.59
    endloop
  endfacet
  facet normal -0 0 -1
    outer loop
      vertex -46.7789 -9.38035 2.59
      vertex -48.84 -9.75318 2.59
      vertex -46.905 -9.28682 2.59
    endloop
  endfacet
  facet normal -0 0 -1
    outer loop
      vertex -46.905 -9.28682 2.59
      vertex -48.84 -9.75318 2.59
      vertex -47.0214 -9.18137 2.59
    endloop
  endfacet
  facet normal -0 0 -1
    outer loop
      vertex -47.0214 -9.18137 2.59
      vertex -48.84 -9.75318 2.59
      vertex -47.1268 -9.06503 2.59
    endloop
  endfacet
  facet normal -0 0 -1
    outer loop
      vertex -47.1268 -9.06503 2.59
      vertex -48.84 -9.75318 2.59
      vertex -47.2204 -8.93891 2.59
    endloop
  endfacet
  facet normal -0 0 -1
    outer loop
      vertex -47.4823 -8.20683 2.59
      vertex -48.84 -9.75318 2.59
      vertex -47.49 -8.05 2.59
    endloop
  endfacet
  facet normal -0 0 -1
    outer loop
      vertex -47.4593 -8.36214 2.59
      vertex -48.84 -9.75318 2.59
      vertex -47.4823 -8.20683 2.59
    endloop
  endfacet
  facet normal -0 0 -1
    outer loop
      vertex -47.4211 -8.51445 2.59
      vertex -48.84 -9.75318 2.59
      vertex -47.4593 -8.36214 2.59
    endloop
  endfacet
  facet normal -0 0 -1
    outer loop
      vertex -47.3682 -8.66229 2.59
      vertex -48.84 -9.75318 2.59
      vertex -47.4211 -8.51445 2.59
    endloop
  endfacet
  facet normal -0 0 -1
    outer loop
      vertex -47.3011 -8.80423 2.59
      vertex -48.84 -9.75318 2.59
      vertex -47.3682 -8.66229 2.59
    endloop
  endfacet
  facet normal -0 0 -1
    outer loop
      vertex -47.2204 -8.93891 2.59
      vertex -48.84 -9.75318 2.59
      vertex -47.3011 -8.80423 2.59
    endloop
  endfacet
  facet normal 0 0 -1
    outer loop
      vertex -44.2977 -7.89317 2.59
      vertex -42.94 -6.34682 2.59
      vertex -44.29 -8.05 2.59
    endloop
  endfacet
  facet normal 0 0 -1
    outer loop
      vertex -44.3207 -7.73786 2.59
      vertex -42.94 -6.34682 2.59
      vertex -44.2977 -7.89317 2.59
    endloop
  endfacet
  facet normal 0 0 -1
    outer loop
      vertex -44.3589 -7.58555 2.59
      vertex -42.94 -6.34682 2.59
      vertex -44.3207 -7.73786 2.59
    endloop
  endfacet
  facet normal 0 0 -1
    outer loop
      vertex -44.4118 -7.43771 2.59
      vertex -42.94 -6.34682 2.59
      vertex -44.3589 -7.58555 2.59
    endloop
  endfacet
  facet normal 0 0 -1
    outer loop
      vertex -44.4789 -7.29577 2.59
      vertex -42.94 -6.34682 2.59
      vertex -44.4118 -7.43771 2.59
    endloop
  endfacet
  facet normal 0 0 -1
    outer loop
      vertex -44.5597 -7.16109 2.59
      vertex -42.94 -6.34682 2.59
      vertex -44.4789 -7.29577 2.59
    endloop
  endfacet
  facet normal 0 0 -1
    outer loop
      vertex -44.6532 -7.03497 2.59
      vertex -42.94 -6.34682 2.59
      vertex -44.5597 -7.16109 2.59
    endloop
  endfacet
  facet normal 0 0 -1
    outer loop
      vertex -44.7586 -6.91863 2.59
      vertex -42.94 -6.34682 2.59
      vertex -44.6532 -7.03497 2.59
    endloop
  endfacet
  facet normal 0 0 -1
    outer loop
      vertex -44.875 -6.81318 2.59
      vertex -42.94 -6.34682 2.59
      vertex -44.7586 -6.91863 2.59
    endloop
  endfacet
  facet normal 0 0 -1
    outer loop
      vertex -45.0011 -6.71965 2.59
      vertex -42.94 -6.34682 2.59
      vertex -44.875 -6.81318 2.59
    endloop
  endfacet
  facet normal 0 0 -1
    outer loop
      vertex -45.1358 -6.63893 2.59
      vertex -42.94 -6.34682 2.59
      vertex -45.0011 -6.71965 2.59
    endloop
  endfacet
  facet normal 0 0 -1
    outer loop
      vertex -45.89 -4.64363 2.59
      vertex -45.1358 -6.63893 2.59
      vertex -45.2777 -6.57179 2.59
    endloop
  endfacet
  facet normal 0 0 -1
    outer loop
      vertex -45.89 -4.64363 2.59
      vertex -45.2777 -6.57179 2.59
      vertex -45.4255 -6.5189 2.59
    endloop
  endfacet
  facet normal 0 0 -1
    outer loop
      vertex -45.89 -4.64363 2.59
      vertex -45.4255 -6.5189 2.59
      vertex -45.5779 -6.48074 2.59
    endloop
  endfacet
  facet normal 0 0 -1
    outer loop
      vertex -45.89 -4.64363 2.59
      vertex -45.5779 -6.48074 2.59
      vertex -45.7332 -6.45771 2.59
    endloop
  endfacet
  facet normal 0 0 -1
    outer loop
      vertex -45.89 -4.64363 2.59
      vertex -45.7332 -6.45771 2.59
      vertex -45.89 -6.45 2.59
    endloop
  endfacet
  facet normal 0 0 -1
    outer loop
      vertex -45.1358 -6.63893 2.59
      vertex -45.89 -4.64363 2.59
      vertex -42.94 -6.34682 2.59
    endloop
  endfacet
  facet normal 0 0 -1
    outer loop
      vertex -46.0468 -6.45771 2.59
      vertex -45.89 -4.64363 2.59
      vertex -45.89 -6.45 2.59
    endloop
  endfacet
  facet normal 0 0 -1
    outer loop
      vertex -46.2021 -6.48074 2.59
      vertex -45.89 -4.64363 2.59
      vertex -46.0468 -6.45771 2.59
    endloop
  endfacet
  facet normal 0 0 -1
    outer loop
      vertex -46.3545 -6.5189 2.59
      vertex -45.89 -4.64363 2.59
      vertex -46.2021 -6.48074 2.59
    endloop
  endfacet
  facet normal 0 0 -1
    outer loop
      vertex -46.5023 -6.57179 2.59
      vertex -45.89 -4.64363 2.59
      vertex -46.3545 -6.5189 2.59
    endloop
  endfacet
  facet normal 0 0 -1
    outer loop
      vertex -46.6442 -6.63893 2.59
      vertex -45.89 -4.64363 2.59
      vertex -46.5023 -6.57179 2.59
    endloop
  endfacet
  facet normal 0 0 -1
    outer loop
      vertex -48.84 -6.34682 2.59
      vertex -46.6442 -6.63893 2.59
      vertex -46.7789 -6.71965 2.59
    endloop
  endfacet
  facet normal 0 0 -1
    outer loop
      vertex -48.84 -6.34682 2.59
      vertex -46.7789 -6.71965 2.59
      vertex -46.905 -6.81318 2.59
    endloop
  endfacet
  facet normal 0 0 -1
    outer loop
      vertex -48.84 -6.34682 2.59
      vertex -46.905 -6.81318 2.59
      vertex -47.0214 -6.91863 2.59
    endloop
  endfacet
  facet normal 0 0 -1
    outer loop
      vertex -48.84 -6.34682 2.59
      vertex -47.0214 -6.91863 2.59
      vertex -47.1268 -7.03497 2.59
    endloop
  endfacet
  facet normal 0 0 -1
    outer loop
      vertex -48.84 -6.34682 2.59
      vertex -47.1268 -7.03497 2.59
      vertex -47.2204 -7.16109 2.59
    endloop
  endfacet
  facet normal 0 0 -1
    outer loop
      vertex -48.84 -6.34682 2.59
      vertex -47.2204 -7.16109 2.59
      vertex -47.3011 -7.29577 2.59
    endloop
  endfacet
  facet normal 0 0 -1
    outer loop
      vertex -48.84 -6.34682 2.59
      vertex -47.49 -8.05 2.59
      vertex -48.84 -9.75318 2.59
    endloop
  endfacet
  facet normal 0 0 -1
    outer loop
      vertex -47.49 -8.05 2.59
      vertex -48.84 -6.34682 2.59
      vertex -47.4823 -7.89317 2.59
    endloop
  endfacet
  facet normal 0 0 -1
    outer loop
      vertex -47.4823 -7.89317 2.59
      vertex -48.84 -6.34682 2.59
      vertex -47.4593 -7.73786 2.59
    endloop
  endfacet
  facet normal 0 0 -1
    outer loop
      vertex -47.4593 -7.73786 2.59
      vertex -48.84 -6.34682 2.59
      vertex -47.4211 -7.58555 2.59
    endloop
  endfacet
  facet normal 0 0 -1
    outer loop
      vertex -47.4211 -7.58555 2.59
      vertex -48.84 -6.34682 2.59
      vertex -47.3682 -7.43771 2.59
    endloop
  endfacet
  facet normal 0 0 -1
    outer loop
      vertex -47.3682 -7.43771 2.59
      vertex -48.84 -6.34682 2.59
      vertex -47.3011 -7.29577 2.59
    endloop
  endfacet
  facet normal 0 0 -1
    outer loop
      vertex -46.6442 -6.63893 2.59
      vertex -48.84 -6.34682 2.59
      vertex -45.89 -4.64363 2.59
    endloop
  endfacet
  facet normal 1 -0 0
    outer loop
      vertex 33 1.1 0.799999
      vertex 33 2.5 0
      vertex 33 2.5 0.799999
    endloop
  endfacet
  facet normal 1 0 0
    outer loop
      vertex 33 2.5 0
      vertex 33 1.1 0.799999
      vertex 33 1.1 0
    endloop
  endfacet
  facet normal 1 -0 0
    outer loop
      vertex 33 -2.5 0.799999
      vertex 33 -1.1 0
      vertex 33 -1.1 0.799999
    endloop
  endfacet
  facet normal 1 0 0
    outer loop
      vertex 33 -1.1 0
      vertex 33 -2.5 0.799999
      vertex 33 -2.5 0
    endloop
  endfacet
  facet normal -0 0 1
    outer loop
      vertex 30 2.5 0.799999
      vertex 33 1.1 0.799999
      vertex 33 2.5 0.799999
    endloop
  endfacet
  facet normal 0 0 1
    outer loop
      vertex 33 1.1 0.799999
      vertex 30 2.5 0.799999
      vertex 30 1.1 0.799999
    endloop
  endfacet
  facet normal -0 0 1
    outer loop
      vertex 30 -1.1 0.799999
      vertex 33 -2.5 0.799999
      vertex 33 -1.1 0.799999
    endloop
  endfacet
  facet normal 0 0 1
    outer loop
      vertex 33 -2.5 0.799999
      vertex 30 -1.1 0.799999
      vertex 30 -2.5 0.799999
    endloop
  endfacet
  facet normal -1 0 0
    outer loop
      vertex 30 1.1 0
      vertex 30 2.5 0.799999
      vertex 30 2.5 0
    endloop
  endfacet
  facet normal -1 -0 0
    outer loop
      vertex 30 2.5 0.799999
      vertex 30 1.1 0
      vertex 30 1.1 0.799999
    endloop
  endfacet
  facet normal -1 0 0
    outer loop
      vertex 30 -2.5 0
      vertex 30 -1.1 0.799999
      vertex 30 -1.1 0
    endloop
  endfacet
  facet normal -1 -0 0
    outer loop
      vertex 30 -1.1 0.799999
      vertex 30 -2.5 0
      vertex 30 -2.5 0.799999
    endloop
  endfacet
  facet normal 0 -1 0
    outer loop
      vertex 49 2.5 0
      vertex 62 2.5 0.799999
      vertex 49 2.5 0.799999
    endloop
  endfacet
  facet normal 0 -1 -0
    outer loop
      vertex 62 2.5 0.799999
      vertex 49 2.5 0
      vertex 62 2.5 0
    endloop
  endfacet
  facet normal 0 -1 0
    outer loop
      vertex 33 2.5 0
      vertex 46 2.5 0.799999
      vertex 33 2.5 0.799999
    endloop
  endfacet
  facet normal 0 -1 -0
    outer loop
      vertex 46 2.5 0.799999
      vertex 33 2.5 0
      vertex 46 2.5 0
    endloop
  endfacet
  facet normal 0 -1 0
    outer loop
      vertex 33 2.5 0.799999
      vertex 18 2.5 3
      vertex 30 2.5 0.799999
    endloop
  endfacet
  facet normal 0 -1 0
    outer loop
      vertex 18 2.5 0
      vertex 30 2.5 0.799999
      vertex 18 2.5 3
    endloop
  endfacet
  facet normal 0 -1 -0
    outer loop
      vertex 30 2.5 0.799999
      vertex 18 2.5 0
      vertex 30 2.5 0
    endloop
  endfacet
  facet normal 0 -1 0
    outer loop
      vertex 46 2.5 0.799999
      vertex 18 2.5 3
      vertex 33 2.5 0.799999
    endloop
  endfacet
  facet normal 0 -1 0
    outer loop
      vertex 18 2.5 3
      vertex 46 2.5 0.799999
      vertex 69 2.5 3
    endloop
  endfacet
  facet normal 0 -1 0
    outer loop
      vertex 49 2.5 0.799999
      vertex 69 2.5 3
      vertex 46 2.5 0.799999
    endloop
  endfacet
  facet normal 0 -1 0
    outer loop
      vertex 62 2.5 0.799999
      vertex 69 2.5 3
      vertex 49 2.5 0.799999
    endloop
  endfacet
  facet normal 0 -1 0
    outer loop
      vertex 65 2.5 0.799999
      vertex 69 2.5 3
      vertex 62 2.5 0.799999
    endloop
  endfacet
  facet normal 0 -1 0
    outer loop
      vertex 69 2.5 0
      vertex 65 2.5 0.799999
      vertex 65 2.5 0
    endloop
  endfacet
  facet normal 0 -1 0
    outer loop
      vertex 65 2.5 0.799999
      vertex 69 2.5 0
      vertex 69 2.5 3
    endloop
  endfacet
  facet normal 0 1 -0
    outer loop
      vertex 46 -2.5 0
      vertex 33 -2.5 0.799999
      vertex 46 -2.5 0.799999
    endloop
  endfacet
  facet normal 0 1 0
    outer loop
      vertex 33 -2.5 0.799999
      vertex 46 -2.5 0
      vertex 33 -2.5 0
    endloop
  endfacet
  facet normal 0 1 -0
    outer loop
      vertex 62 -2.5 0
      vertex 49 -2.5 0.799999
      vertex 62 -2.5 0.799999
    endloop
  endfacet
  facet normal 0 1 0
    outer loop
      vertex 49 -2.5 0.799999
      vertex 62 -2.5 0
      vertex 49 -2.5 0
    endloop
  endfacet
  facet normal 0 1 0
    outer loop
      vertex 62 -2.5 0.799999
      vertex 69 -2.5 3
      vertex 65 -2.5 0.799999
    endloop
  endfacet
  facet normal 0 1 -0
    outer loop
      vertex 69 -2.5 0
      vertex 65 -2.5 0.799999
      vertex 69 -2.5 3
    endloop
  endfacet
  facet normal 0 1 0
    outer loop
      vertex 65 -2.5 0.799999
      vertex 69 -2.5 0
      vertex 65 -2.5 0
    endloop
  endfacet
  facet normal 0 1 0
    outer loop
      vertex 49 -2.5 0.799999
      vertex 69 -2.5 3
      vertex 62 -2.5 0.799999
    endloop
  endfacet
  facet normal 0 1 0
    outer loop
      vertex 46 -2.5 0.799999
      vertex 69 -2.5 3
      vertex 49 -2.5 0.799999
    endloop
  endfacet
  facet normal 0 1 0
    outer loop
      vertex 69 -2.5 3
      vertex 46 -2.5 0.799999
      vertex 18 -2.5 3
    endloop
  endfacet
  facet normal 0 1 -0
    outer loop
      vertex 33 -2.5 0.799999
      vertex 18 -2.5 3
      vertex 46 -2.5 0.799999
    endloop
  endfacet
  facet normal 0 1 -0
    outer loop
      vertex 30 -2.5 0.799999
      vertex 18 -2.5 3
      vertex 33 -2.5 0.799999
    endloop
  endfacet
  facet normal 0 1 0
    outer loop
      vertex 18 -2.5 0
      vertex 30 -2.5 0.799999
      vertex 30 -2.5 0
    endloop
  endfacet
  facet normal 0 1 0
    outer loop
      vertex 30 -2.5 0.799999
      vertex 18 -2.5 0
      vertex 18 -2.5 3
    endloop
  endfacet
  facet normal 0 -1 0
    outer loop
      vertex 30 1.1 0
      vertex 33 1.1 0.799999
      vertex 30 1.1 0.799999
    endloop
  endfacet
  facet normal 0 -1 -0
    outer loop
      vertex 33 1.1 0.799999
      vertex 30 1.1 0
      vertex 33 1.1 0
    endloop
  endfacet
  facet normal 0 1 -0
    outer loop
      vertex 33 -1.1 0
      vertex 30 -1.1 0.799999
      vertex 33 -1.1 0.799999
    endloop
  endfacet
  facet normal 0 1 0
    outer loop
      vertex 30 -1.1 0.799999
      vertex 33 -1.1 0
      vertex 30 -1.1 0
    endloop
  endfacet
  facet normal 1 -0 0
    outer loop
      vertex 49 1.1 0.799999
      vertex 49 2.5 0
      vertex 49 2.5 0.799999
    endloop
  endfacet
  facet normal 1 0 0
    outer loop
      vertex 49 2.5 0
      vertex 49 1.1 0.799999
      vertex 49 1.1 0
    endloop
  endfacet
  facet normal 1 -0 0
    outer loop
      vertex 49 -2.5 0.799999
      vertex 49 -1.1 0
      vertex 49 -1.1 0.799999
    endloop
  endfacet
  facet normal 1 0 0
    outer loop
      vertex 49 -1.1 0
      vertex 49 -2.5 0.799999
      vertex 49 -2.5 0
    endloop
  endfacet
  facet normal -0 0 1
    outer loop
      vertex 46 2.5 0.799999
      vertex 49 1.1 0.799999
      vertex 49 2.5 0.799999
    endloop
  endfacet
  facet normal 0 0 1
    outer loop
      vertex 49 1.1 0.799999
      vertex 46 2.5 0.799999
      vertex 46 1.1 0.799999
    endloop
  endfacet
  facet normal -0 0 1
    outer loop
      vertex 46 -1.1 0.799999
      vertex 49 -2.5 0.799999
      vertex 49 -1.1 0.799999
    endloop
  endfacet
  facet normal 0 0 1
    outer loop
      vertex 49 -2.5 0.799999
      vertex 46 -1.1 0.799999
      vertex 46 -2.5 0.799999
    endloop
  endfacet
  facet normal -1 0 0
    outer loop
      vertex 46 1.1 0
      vertex 46 2.5 0.799999
      vertex 46 2.5 0
    endloop
  endfacet
  facet normal -1 -0 0
    outer loop
      vertex 46 2.5 0.799999
      vertex 46 1.1 0
      vertex 46 1.1 0.799999
    endloop
  endfacet
  facet normal -1 0 0
    outer loop
      vertex 46 -2.5 0
      vertex 46 -1.1 0.799999
      vertex 46 -1.1 0
    endloop
  endfacet
  facet normal -1 -0 0
    outer loop
      vertex 46 -1.1 0.799999
      vertex 46 -2.5 0
      vertex 46 -2.5 0.799999
    endloop
  endfacet
  facet normal 0 -1 0
    outer loop
      vertex 46 1.1 0
      vertex 49 1.1 0.799999
      vertex 46 1.1 0.799999
    endloop
  endfacet
  facet normal 0 -1 -0
    outer loop
      vertex 49 1.1 0.799999
      vertex 46 1.1 0
      vertex 49 1.1 0
    endloop
  endfacet
  facet normal 0 1 -0
    outer loop
      vertex 49 -1.1 0
      vertex 46 -1.1 0.799999
      vertex 49 -1.1 0.799999
    endloop
  endfacet
  facet normal 0 1 0
    outer loop
      vertex 46 -1.1 0.799999
      vertex 49 -1.1 0
      vertex 46 -1.1 0
    endloop
  endfacet
  facet normal 1 -0 0
    outer loop
      vertex 65 1.1 0.799999
      vertex 65 2.5 0
      vertex 65 2.5 0.799999
    endloop
  endfacet
  facet normal 1 0 0
    outer loop
      vertex 65 2.5 0
      vertex 65 1.1 0.799999
      vertex 65 1.1 0
    endloop
  endfacet
  facet normal 1 -0 0
    outer loop
      vertex 65 -2.5 0.799999
      vertex 65 -1.1 0
      vertex 65 -1.1 0.799999
    endloop
  endfacet
  facet normal 1 0 0
    outer loop
      vertex 65 -1.1 0
      vertex 65 -2.5 0.799999
      vertex 65 -2.5 0
    endloop
  endfacet
  facet normal -0 0 1
    outer loop
      vertex 62 2.5 0.799999
      vertex 65 1.1 0.799999
      vertex 65 2.5 0.799999
    endloop
  endfacet
  facet normal 0 0 1
    outer loop
      vertex 65 1.1 0.799999
      vertex 62 2.5 0.799999
      vertex 62 1.1 0.799999
    endloop
  endfacet
  facet normal -0 0 1
    outer loop
      vertex 62 -1.1 0.799999
      vertex 65 -2.5 0.799999
      vertex 65 -1.1 0.799999
    endloop
  endfacet
  facet normal 0 0 1
    outer loop
      vertex 65 -2.5 0.799999
      vertex 62 -1.1 0.799999
      vertex 62 -2.5 0.799999
    endloop
  endfacet
  facet normal -1 0 0
    outer loop
      vertex 62 1.1 0
      vertex 62 2.5 0.799999
      vertex 62 2.5 0
    endloop
  endfacet
  facet normal -1 -0 0
    outer loop
      vertex 62 2.5 0.799999
      vertex 62 1.1 0
      vertex 62 1.1 0.799999
    endloop
  endfacet
  facet normal -1 0 0
    outer loop
      vertex 62 -2.5 0
      vertex 62 -1.1 0.799999
      vertex 62 -1.1 0
    endloop
  endfacet
  facet normal -1 -0 0
    outer loop
      vertex 62 -1.1 0.799999
      vertex 62 -2.5 0
      vertex 62 -2.5 0.799999
    endloop
  endfacet
  facet normal 0 -1 0
    outer loop
      vertex 62 1.1 0
      vertex 65 1.1 0.799999
      vertex 62 1.1 0.799999
    endloop
  endfacet
  facet normal 0 -1 -0
    outer loop
      vertex 65 1.1 0.799999
      vertex 62 1.1 0
      vertex 65 1.1 0
    endloop
  endfacet
  facet normal 0 1 -0
    outer loop
      vertex 65 -1.1 0
      vertex 62 -1.1 0.799999
      vertex 65 -1.1 0.799999
    endloop
  endfacet
  facet normal 0 1 0
    outer loop
      vertex 62 -1.1 0.799999
      vertex 65 -1.1 0
      vertex 62 -1.1 0
    endloop
  endfacet
  facet normal -1 0 0
    outer loop
      vertex 69 -2.5 0
      vertex 69 2.5 3
      vertex 69 2.5 0
    endloop
  endfacet
  facet normal -1 -0 0
    outer loop
      vertex 69 2.5 3
      vertex 69 -2.5 0
      vertex 69 -2.5 3
    endloop
  endfacet
  facet normal 0 0 -1
    outer loop
      vertex 18 -2.5 3
      vertex 69 2.5 3
      vertex 69 -2.5 3
    endloop
  endfacet
  facet normal -0 0 -1
    outer loop
      vertex 69 2.5 3
      vertex 18 -2.5 3
      vertex 18 2.5 3
    endloop
  endfacet
  facet normal 1 -0 0
    outer loop
      vertex 18 -2.5 3
      vertex 18 2.5 0
      vertex 18 2.5 3
    endloop
  endfacet
  facet normal 1 0 0
    outer loop
      vertex 18 2.5 0
      vertex 18 -2.5 3
      vertex 18 -2.5 0
    endloop
  endfacet
  facet normal -0.857734 0.514094 0
    outer loop
      vertex 2.07867 -1.38893 3.2
      vertex 2.2048 -1.17849 6
      vertex 2.2048 -1.17849 3.2
    endloop
  endfacet
  facet normal -0.857734 0.514094 0
    outer loop
      vertex 2.2048 -1.17849 6
      vertex 2.07867 -1.38893 3.2
      vertex 2.07867 -1.38893 6
    endloop
  endfacet
  facet normal -0.989176 -0.146737 0
    outer loop
      vertex 2.48796 0.245043 3.2
      vertex 2.45196 0.487725 6
      vertex 2.45196 0.487725 3.2
    endloop
  endfacet
  facet normal -0.989176 -0.146737 0
    outer loop
      vertex 2.45196 0.487725 6
      vertex 2.48796 0.245043 3.2
      vertex 2.48796 0.245043 6
    endloop
  endfacet
  facet normal -0.998795 -0.049075 0
    outer loop
      vertex 2.5 0 3.2
      vertex 2.48796 0.245043 6
      vertex 2.48796 0.245043 3.2
    endloop
  endfacet
  facet normal -0.998795 -0.049075 0
    outer loop
      vertex 2.48796 0.245043 6
      vertex 2.5 0 3.2
      vertex 2.5 0 6
    endloop
  endfacet
  facet normal -0.970034 -0.242971 0
    outer loop
      vertex 2.45196 0.487725 3.2
      vertex 2.39235 0.725711 6
      vertex 2.39235 0.725711 3.2
    endloop
  endfacet
  facet normal -0.970034 -0.242971 0
    outer loop
      vertex 2.39235 0.725711 6
      vertex 2.45196 0.487725 3.2
      vertex 2.45196 0.487725 6
    endloop
  endfacet
  facet normal -0.857734 -0.514094 0
    outer loop
      vertex 2.2048 1.17849 3.2
      vertex 2.07867 1.38893 6
      vertex 2.07867 1.38893 3.2
    endloop
  endfacet
  facet normal -0.857734 -0.514094 0
    outer loop
      vertex 2.07867 1.38893 6
      vertex 2.2048 1.17849 3.2
      vertex 2.2048 1.17849 6
    endloop
  endfacet
  facet normal 0.970034 0.242971 0
    outer loop
      vertex -2.39235 -0.725711 6
      vertex -2.45196 -0.487725 3.2
      vertex -2.45196 -0.487725 6
    endloop
  endfacet
  facet normal 0.970034 0.242971 0
    outer loop
      vertex -2.45196 -0.487725 3.2
      vertex -2.39235 -0.725711 6
      vertex -2.39235 -0.725711 3.2
    endloop
  endfacet
  facet normal -0.941547 0.336882 0
    outer loop
      vertex 2.3097 -0.956708 3.2
      vertex 2.39235 -0.725711 6
      vertex 2.39235 -0.725711 3.2
    endloop
  endfacet
  facet normal -0.941547 0.336882 0
    outer loop
      vertex 2.39235 -0.725711 6
      vertex 2.3097 -0.956708 3.2
      vertex 2.3097 -0.956708 6
    endloop
  endfacet
  facet normal -0.803212 0.595693 0
    outer loop
      vertex 1.93253 -1.58598 3.2
      vertex 2.07867 -1.38893 6
      vertex 2.07867 -1.38893 3.2
    endloop
  endfacet
  facet normal -0.803212 0.595693 0
    outer loop
      vertex 2.07867 -1.38893 6
      vertex 1.93253 -1.58598 3.2
      vertex 1.93253 -1.58598 6
    endloop
  endfacet
  facet normal 0.941547 -0.336882 0
    outer loop
      vertex -2.39235 0.725711 6
      vertex -2.3097 0.956708 3.2
      vertex -2.3097 0.956708 6
    endloop
  endfacet
  facet normal 0.941547 -0.336882 0
    outer loop
      vertex -2.3097 0.956708 3.2
      vertex -2.39235 0.725711 6
      vertex -2.39235 0.725711 3.2
    endloop
  endfacet
  facet normal -0.671548 -0.740961 0
    outer loop
      vertex 1.58598 1.93253 3.2
      vertex 1.76777 1.76777 6
      vertex 1.58598 1.93253 6
    endloop
  endfacet
  facet normal -0.671548 -0.740961 -0
    outer loop
      vertex 1.76777 1.76777 6
      vertex 1.58598 1.93253 3.2
      vertex 1.76777 1.76777 3.2
    endloop
  endfacet
  facet normal -0.740961 -0.671548 0
    outer loop
      vertex 1.93253 1.58598 3.2
      vertex 1.76777 1.76777 6
      vertex 1.76777 1.76777 3.2
    endloop
  endfacet
  facet normal -0.740961 -0.671548 0
    outer loop
      vertex 1.76777 1.76777 6
      vertex 1.93253 1.58598 3.2
      vertex 1.93253 1.58598 6
    endloop
  endfacet
  facet normal 0.671548 -0.740961 0
    outer loop
      vertex -1.76777 1.76777 3.2
      vertex -1.58598 1.93253 6
      vertex -1.76777 1.76777 6
    endloop
  endfacet
  facet normal 0.671548 -0.740961 0
    outer loop
      vertex -1.58598 1.93253 6
      vertex -1.76777 1.76777 3.2
      vertex -1.58598 1.93253 3.2
    endloop
  endfacet
  facet normal -0.514094 -0.857734 0
    outer loop
      vertex 1.17849 2.2048 3.2
      vertex 1.38893 2.07867 6
      vertex 1.17849 2.2048 6
    endloop
  endfacet
  facet normal -0.514094 -0.857734 -0
    outer loop
      vertex 1.38893 2.07867 6
      vertex 1.17849 2.2048 3.2
      vertex 1.38893 2.07867 3.2
    endloop
  endfacet
  facet normal -0.595693 -0.803212 0
    outer loop
      vertex 1.38893 2.07867 3.2
      vertex 1.58598 1.93253 6
      vertex 1.38893 2.07867 6
    endloop
  endfacet
  facet normal -0.595693 -0.803212 -0
    outer loop
      vertex 1.58598 1.93253 6
      vertex 1.38893 2.07867 3.2
      vertex 1.58598 1.93253 3.2
    endloop
  endfacet
  facet normal -0.336882 0.941547 0
    outer loop
      vertex 0.956708 -2.3097 3.2
      vertex 0.725711 -2.39235 6
      vertex 0.956708 -2.3097 6
    endloop
  endfacet
  facet normal -0.336882 0.941547 0
    outer loop
      vertex 0.725711 -2.39235 6
      vertex 0.956708 -2.3097 3.2
      vertex 0.725711 -2.39235 3.2
    endloop
  endfacet
  facet normal 0.146737 0.989176 -0
    outer loop
      vertex -0.245043 -2.48796 3.2
      vertex -0.487725 -2.45196 6
      vertex -0.245043 -2.48796 6
    endloop
  endfacet
  facet normal 0.146737 0.989176 0
    outer loop
      vertex -0.487725 -2.45196 6
      vertex -0.245043 -2.48796 3.2
      vertex -0.487725 -2.45196 3.2
    endloop
  endfacet
  facet normal -0.049075 -0.998795 0
    outer loop
      vertex 0 2.5 3.2
      vertex 0.245043 2.48796 6
      vertex 0 2.5 6
    endloop
  endfacet
  facet normal -0.049075 -0.998795 -0
    outer loop
      vertex 0.245043 2.48796 6
      vertex 0 2.5 3.2
      vertex 0.245043 2.48796 3.2
    endloop
  endfacet
  facet normal 0.857734 -0.514094 0
    outer loop
      vertex -2.2048 1.17849 6
      vertex -2.07867 1.38893 3.2
      vertex -2.07867 1.38893 6
    endloop
  endfacet
  facet normal 0.857734 -0.514094 0
    outer loop
      vertex -2.07867 1.38893 3.2
      vertex -2.2048 1.17849 6
      vertex -2.2048 1.17849 3.2
    endloop
  endfacet
  facet normal 0.049075 0.998795 -0
    outer loop
      vertex 0 -2.5 3.2
      vertex -0.245043 -2.48796 6
      vertex 0 -2.5 6
    endloop
  endfacet
  facet normal 0.049075 0.998795 0
    outer loop
      vertex -0.245043 -2.48796 6
      vertex 0 -2.5 3.2
      vertex -0.245043 -2.48796 3.2
    endloop
  endfacet
  facet normal 0.989176 -0.146737 0
    outer loop
      vertex -2.48796 0.245043 6
      vertex -2.45196 0.487725 3.2
      vertex -2.45196 0.487725 6
    endloop
  endfacet
  facet normal 0.989176 -0.146737 0
    outer loop
      vertex -2.45196 0.487725 3.2
      vertex -2.48796 0.245043 6
      vertex -2.48796 0.245043 3.2
    endloop
  endfacet
  facet normal -0.998795 0.049075 0
    outer loop
      vertex 2.48796 -0.245043 3.2
      vertex 2.5 0 6
      vertex 2.5 0 3.2
    endloop
  endfacet
  facet normal -0.998795 0.049075 0
    outer loop
      vertex 2.5 0 6
      vertex 2.48796 -0.245043 3.2
      vertex 2.48796 -0.245043 6
    endloop
  endfacet
  facet normal 0.903982 0.427572 0
    outer loop
      vertex -2.2048 -1.17849 6
      vertex -2.3097 -0.956708 3.2
      vertex -2.3097 -0.956708 6
    endloop
  endfacet
  facet normal 0.903982 0.427572 0
    outer loop
      vertex -2.3097 -0.956708 3.2
      vertex -2.2048 -1.17849 6
      vertex -2.2048 -1.17849 3.2
    endloop
  endfacet
  facet normal 0.998795 0.049075 0
    outer loop
      vertex -2.48796 -0.245043 6
      vertex -2.5 0 3.2
      vertex -2.5 0 6
    endloop
  endfacet
  facet normal 0.998795 0.049075 0
    outer loop
      vertex -2.5 0 3.2
      vertex -2.48796 -0.245043 6
      vertex -2.48796 -0.245043 3.2
    endloop
  endfacet
  facet normal -0.514094 0.857734 0
    outer loop
      vertex 1.38893 -2.07867 3.2
      vertex 1.17849 -2.2048 6
      vertex 1.38893 -2.07867 6
    endloop
  endfacet
  facet normal -0.514094 0.857734 0
    outer loop
      vertex 1.17849 -2.2048 6
      vertex 1.38893 -2.07867 3.2
      vertex 1.17849 -2.2048 3.2
    endloop
  endfacet
  facet normal 0.427572 0.903982 -0
    outer loop
      vertex -0.956708 -2.3097 3.2
      vertex -1.17849 -2.2048 6
      vertex -0.956708 -2.3097 6
    endloop
  endfacet
  facet normal 0.427572 0.903982 0
    outer loop
      vertex -1.17849 -2.2048 6
      vertex -0.956708 -2.3097 3.2
      vertex -1.17849 -2.2048 3.2
    endloop
  endfacet
  facet normal -0.903982 -0.427572 0
    outer loop
      vertex 2.3097 0.956708 3.2
      vertex 2.2048 1.17849 6
      vertex 2.2048 1.17849 3.2
    endloop
  endfacet
  facet normal -0.903982 -0.427572 0
    outer loop
      vertex 2.2048 1.17849 6
      vertex 2.3097 0.956708 3.2
      vertex 2.3097 0.956708 6
    endloop
  endfacet
  facet normal 0.427572 -0.903982 0
    outer loop
      vertex -1.17849 2.2048 3.2
      vertex -0.956708 2.3097 6
      vertex -1.17849 2.2048 6
    endloop
  endfacet
  facet normal 0.427572 -0.903982 0
    outer loop
      vertex -0.956708 2.3097 6
      vertex -1.17849 2.2048 3.2
      vertex -0.956708 2.3097 3.2
    endloop
  endfacet
  facet normal 0.242971 -0.970034 0
    outer loop
      vertex -0.725711 2.39235 3.2
      vertex -0.487725 2.45196 6
      vertex -0.725711 2.39235 6
    endloop
  endfacet
  facet normal 0.242971 -0.970034 0
    outer loop
      vertex -0.487725 2.45196 6
      vertex -0.725711 2.39235 3.2
      vertex -0.487725 2.45196 3.2
    endloop
  endfacet
  facet normal -0.146737 0.989176 0
    outer loop
      vertex 0.487725 -2.45196 3.2
      vertex 0.245043 -2.48796 6
      vertex 0.487725 -2.45196 6
    endloop
  endfacet
  facet normal -0.146737 0.989176 0
    outer loop
      vertex 0.245043 -2.48796 6
      vertex 0.487725 -2.45196 3.2
      vertex 0.245043 -2.48796 3.2
    endloop
  endfacet
  facet normal 0.941547 0.336882 0
    outer loop
      vertex -2.3097 -0.956708 6
      vertex -2.39235 -0.725711 3.2
      vertex -2.39235 -0.725711 6
    endloop
  endfacet
  facet normal 0.941547 0.336882 0
    outer loop
      vertex -2.39235 -0.725711 3.2
      vertex -2.3097 -0.956708 6
      vertex -2.3097 -0.956708 3.2
    endloop
  endfacet
  facet normal -0.740961 0.671548 0
    outer loop
      vertex 1.76777 -1.76777 3.2
      vertex 1.93253 -1.58598 6
      vertex 1.93253 -1.58598 3.2
    endloop
  endfacet
  facet normal -0.740961 0.671548 0
    outer loop
      vertex 1.93253 -1.58598 6
      vertex 1.76777 -1.76777 3.2
      vertex 1.76777 -1.76777 6
    endloop
  endfacet
  facet normal -0.989176 0.146737 0
    outer loop
      vertex 2.45196 -0.487725 3.2
      vertex 2.48796 -0.245043 6
      vertex 2.48796 -0.245043 3.2
    endloop
  endfacet
  facet normal -0.989176 0.146737 0
    outer loop
      vertex 2.48796 -0.245043 6
      vertex 2.45196 -0.487725 3.2
      vertex 2.45196 -0.487725 6
    endloop
  endfacet
  facet normal -0.427572 0.903982 0
    outer loop
      vertex 1.17849 -2.2048 3.2
      vertex 0.956708 -2.3097 6
      vertex 1.17849 -2.2048 6
    endloop
  endfacet
  facet normal -0.427572 0.903982 0
    outer loop
      vertex 0.956708 -2.3097 6
      vertex 1.17849 -2.2048 3.2
      vertex 0.956708 -2.3097 3.2
    endloop
  endfacet
  facet normal 0.336882 0.941547 -0
    outer loop
      vertex -0.725711 -2.39235 3.2
      vertex -0.956708 -2.3097 6
      vertex -0.725711 -2.39235 6
    endloop
  endfacet
  facet normal 0.336882 0.941547 0
    outer loop
      vertex -0.956708 -2.3097 6
      vertex -0.725711 -2.39235 3.2
      vertex -0.956708 -2.3097 3.2
    endloop
  endfacet
  facet normal 0.336882 -0.941547 0
    outer loop
      vertex -0.956708 2.3097 3.2
      vertex -0.725711 2.39235 6
      vertex -0.956708 2.3097 6
    endloop
  endfacet
  facet normal 0.336882 -0.941547 0
    outer loop
      vertex -0.725711 2.39235 6
      vertex -0.956708 2.3097 3.2
      vertex -0.725711 2.39235 3.2
    endloop
  endfacet
  facet normal -0.803212 -0.595693 0
    outer loop
      vertex 2.07867 1.38893 3.2
      vertex 1.93253 1.58598 6
      vertex 1.93253 1.58598 3.2
    endloop
  endfacet
  facet normal -0.803212 -0.595693 0
    outer loop
      vertex 1.93253 1.58598 6
      vertex 2.07867 1.38893 3.2
      vertex 2.07867 1.38893 6
    endloop
  endfacet
  facet normal 0.595693 -0.803212 0
    outer loop
      vertex -1.58598 1.93253 3.2
      vertex -1.38893 2.07867 6
      vertex -1.58598 1.93253 6
    endloop
  endfacet
  facet normal 0.595693 -0.803212 0
    outer loop
      vertex -1.38893 2.07867 6
      vertex -1.58598 1.93253 3.2
      vertex -1.38893 2.07867 3.2
    endloop
  endfacet
  facet normal 0.970034 -0.242971 0
    outer loop
      vertex -2.45196 0.487725 6
      vertex -2.39235 0.725711 3.2
      vertex -2.39235 0.725711 6
    endloop
  endfacet
  facet normal 0.970034 -0.242971 0
    outer loop
      vertex -2.39235 0.725711 3.2
      vertex -2.45196 0.487725 6
      vertex -2.45196 0.487725 3.2
    endloop
  endfacet
  facet normal 0.514094 0.857734 -0
    outer loop
      vertex -1.17849 -2.2048 3.2
      vertex -1.38893 -2.07867 6
      vertex -1.17849 -2.2048 6
    endloop
  endfacet
  facet normal 0.514094 0.857734 0
    outer loop
      vertex -1.38893 -2.07867 6
      vertex -1.17849 -2.2048 3.2
      vertex -1.38893 -2.07867 3.2
    endloop
  endfacet
  facet normal -0.049075 0.998795 0
    outer loop
      vertex 0.245043 -2.48796 3.2
      vertex 0 -2.5 6
      vertex 0.245043 -2.48796 6
    endloop
  endfacet
  facet normal -0.049075 0.998795 0
    outer loop
      vertex 0 -2.5 6
      vertex 0.245043 -2.48796 3.2
      vertex 0 -2.5 3.2
    endloop
  endfacet
  facet normal -0.242971 -0.970034 0
    outer loop
      vertex 0.487725 2.45196 3.2
      vertex 0.725711 2.39235 6
      vertex 0.487725 2.45196 6
    endloop
  endfacet
  facet normal -0.242971 -0.970034 -0
    outer loop
      vertex 0.725711 2.39235 6
      vertex 0.487725 2.45196 3.2
      vertex 0.725711 2.39235 3.2
    endloop
  endfacet
  facet normal 0.595693 0.803212 -0
    outer loop
      vertex -1.38893 -2.07867 3.2
      vertex -1.58598 -1.93253 6
      vertex -1.38893 -2.07867 6
    endloop
  endfacet
  facet normal 0.595693 0.803212 0
    outer loop
      vertex -1.58598 -1.93253 6
      vertex -1.38893 -2.07867 3.2
      vertex -1.58598 -1.93253 3.2
    endloop
  endfacet
  facet normal -0.146737 -0.989176 0
    outer loop
      vertex 0.245043 2.48796 3.2
      vertex 0.487725 2.45196 6
      vertex 0.245043 2.48796 6
    endloop
  endfacet
  facet normal -0.146737 -0.989176 -0
    outer loop
      vertex 0.487725 2.45196 6
      vertex 0.245043 2.48796 3.2
      vertex 0.487725 2.45196 3.2
    endloop
  endfacet
  facet normal -0.427572 -0.903982 0
    outer loop
      vertex 0.956708 2.3097 3.2
      vertex 1.17849 2.2048 6
      vertex 0.956708 2.3097 6
    endloop
  endfacet
  facet normal -0.427572 -0.903982 -0
    outer loop
      vertex 1.17849 2.2048 6
      vertex 0.956708 2.3097 3.2
      vertex 1.17849 2.2048 3.2
    endloop
  endfacet
  facet normal 0.803212 -0.595693 0
    outer loop
      vertex -2.07867 1.38893 6
      vertex -1.93253 1.58598 3.2
      vertex -1.93253 1.58598 6
    endloop
  endfacet
  facet normal 0.803212 -0.595693 0
    outer loop
      vertex -1.93253 1.58598 3.2
      vertex -2.07867 1.38893 6
      vertex -2.07867 1.38893 3.2
    endloop
  endfacet
  facet normal -0.903982 0.427572 0
    outer loop
      vertex 2.2048 -1.17849 3.2
      vertex 2.3097 -0.956708 6
      vertex 2.3097 -0.956708 3.2
    endloop
  endfacet
  facet normal -0.903982 0.427572 0
    outer loop
      vertex 2.3097 -0.956708 6
      vertex 2.2048 -1.17849 3.2
      vertex 2.2048 -1.17849 6
    endloop
  endfacet
  facet normal -0.941547 -0.336882 0
    outer loop
      vertex 2.39235 0.725711 3.2
      vertex 2.3097 0.956708 6
      vertex 2.3097 0.956708 3.2
    endloop
  endfacet
  facet normal -0.941547 -0.336882 0
    outer loop
      vertex 2.3097 0.956708 6
      vertex 2.39235 0.725711 3.2
      vertex 2.39235 0.725711 6
    endloop
  endfacet
  facet normal 0.803212 0.595693 0
    outer loop
      vertex -1.93253 -1.58598 6
      vertex -2.07867 -1.38893 3.2
      vertex -2.07867 -1.38893 6
    endloop
  endfacet
  facet normal 0.803212 0.595693 0
    outer loop
      vertex -2.07867 -1.38893 3.2
      vertex -1.93253 -1.58598 6
      vertex -1.93253 -1.58598 3.2
    endloop
  endfacet
  facet normal 0.514094 -0.857734 0
    outer loop
      vertex -1.38893 2.07867 3.2
      vertex -1.17849 2.2048 6
      vertex -1.38893 2.07867 6
    endloop
  endfacet
  facet normal 0.514094 -0.857734 0
    outer loop
      vertex -1.17849 2.2048 6
      vertex -1.38893 2.07867 3.2
      vertex -1.17849 2.2048 3.2
    endloop
  endfacet
  facet normal -0.595693 0.803212 0
    outer loop
      vertex 1.58598 -1.93253 3.2
      vertex 1.38893 -2.07867 6
      vertex 1.58598 -1.93253 6
    endloop
  endfacet
  facet normal -0.595693 0.803212 0
    outer loop
      vertex 1.38893 -2.07867 6
      vertex 1.58598 -1.93253 3.2
      vertex 1.38893 -2.07867 3.2
    endloop
  endfacet
  facet normal 0.049075 -0.998795 0
    outer loop
      vertex -0.245043 2.48796 3.2
      vertex 0 2.5 6
      vertex -0.245043 2.48796 6
    endloop
  endfacet
  facet normal 0.049075 -0.998795 0
    outer loop
      vertex 0 2.5 6
      vertex -0.245043 2.48796 3.2
      vertex 0 2.5 3.2
    endloop
  endfacet
  facet normal -0.336882 -0.941547 0
    outer loop
      vertex 0.725711 2.39235 3.2
      vertex 0.956708 2.3097 6
      vertex 0.725711 2.39235 6
    endloop
  endfacet
  facet normal -0.336882 -0.941547 -0
    outer loop
      vertex 0.956708 2.3097 6
      vertex 0.725711 2.39235 3.2
      vertex 0.956708 2.3097 3.2
    endloop
  endfacet
  facet normal 0.998795 -0.049075 0
    outer loop
      vertex -2.5 0 6
      vertex -2.48796 0.245043 3.2
      vertex -2.48796 0.245043 6
    endloop
  endfacet
  facet normal 0.998795 -0.049075 0
    outer loop
      vertex -2.48796 0.245043 3.2
      vertex -2.5 0 6
      vertex -2.5 0 3.2
    endloop
  endfacet
  facet normal 0.146737 -0.989176 0
    outer loop
      vertex -0.487725 2.45196 3.2
      vertex -0.245043 2.48796 6
      vertex -0.487725 2.45196 6
    endloop
  endfacet
  facet normal 0.146737 -0.989176 0
    outer loop
      vertex -0.245043 2.48796 6
      vertex -0.487725 2.45196 3.2
      vertex -0.245043 2.48796 3.2
    endloop
  endfacet
  facet normal 0 0 1
    outer loop
      vertex 1.1 0 3.2
      vertex 2.5 0 3.2
      vertex 2.48796 0.245043 3.2
    endloop
  endfacet
  facet normal 0 0 1
    outer loop
      vertex 1.0947 0.107819 3.2
      vertex 2.48796 0.245043 3.2
      vertex 2.45196 0.487725 3.2
    endloop
  endfacet
  facet normal 0 0 1
    outer loop
      vertex 2.5 0 3.2
      vertex 1.1 0 3.2
      vertex 2.48796 -0.245043 3.2
    endloop
  endfacet
  facet normal 0 0 1
    outer loop
      vertex 1.07886 0.214599 3.2
      vertex 2.45196 0.487725 3.2
      vertex 2.39235 0.725711 3.2
    endloop
  endfacet
  facet normal -0 0 1
    outer loop
      vertex 1.0947 -0.107819 3.2
      vertex 2.48796 -0.245043 3.2
      vertex 1.1 0 3.2
    endloop
  endfacet
  facet normal 0 0 1
    outer loop
      vertex 1.05263 0.319313 3.2
      vertex 2.39235 0.725711 3.2
      vertex 2.3097 0.956708 3.2
    endloop
  endfacet
  facet normal 0 0 1
    outer loop
      vertex 2.48796 -0.245043 3.2
      vertex 1.0947 -0.107819 3.2
      vertex 2.45196 -0.487725 3.2
    endloop
  endfacet
  facet normal 0 0 1
    outer loop
      vertex 1.01627 0.420951 3.2
      vertex 2.3097 0.956708 3.2
      vertex 2.2048 1.17849 3.2
    endloop
  endfacet
  facet normal -0 0 1
    outer loop
      vertex 1.07886 -0.214599 3.2
      vertex 2.45196 -0.487725 3.2
      vertex 1.0947 -0.107819 3.2
    endloop
  endfacet
  facet normal 0 0 1
    outer loop
      vertex 0.970113 0.518536 3.2
      vertex 2.2048 1.17849 3.2
      vertex 2.07867 1.38893 3.2
    endloop
  endfacet
  facet normal 0 0 1
    outer loop
      vertex 2.45196 -0.487725 3.2
      vertex 1.07886 -0.214599 3.2
      vertex 2.39235 -0.725711 3.2
    endloop
  endfacet
  facet normal 0 0 1
    outer loop
      vertex 0.914616 0.611127 3.2
      vertex 2.07867 1.38893 3.2
      vertex 1.93253 1.58598 3.2
    endloop
  endfacet
  facet normal -0 0 1
    outer loop
      vertex 1.05263 -0.319313 3.2
      vertex 2.39235 -0.725711 3.2
      vertex 1.07886 -0.214599 3.2
    endloop
  endfacet
  facet normal 0 0 1
    outer loop
      vertex 0.850311 0.697832 3.2
      vertex 1.93253 1.58598 3.2
      vertex 1.76777 1.76777 3.2
    endloop
  endfacet
  facet normal 0 0 1
    outer loop
      vertex 2.39235 -0.725711 3.2
      vertex 1.05263 -0.319313 3.2
      vertex 2.3097 -0.956708 3.2
    endloop
  endfacet
  facet normal 0 0 1
    outer loop
      vertex 0.777817 0.777817 3.2
      vertex 1.76777 1.76777 3.2
      vertex 1.58598 1.93253 3.2
    endloop
  endfacet
  facet normal -0 0 1
    outer loop
      vertex 1.01627 -0.420951 3.2
      vertex 2.3097 -0.956708 3.2
      vertex 1.05263 -0.319313 3.2
    endloop
  endfacet
  facet normal 0 0 1
    outer loop
      vertex 0.697832 0.850311 3.2
      vertex 1.58598 1.93253 3.2
      vertex 1.38893 2.07867 3.2
    endloop
  endfacet
  facet normal 0 0 1
    outer loop
      vertex 2.3097 -0.956708 3.2
      vertex 1.01627 -0.420951 3.2
      vertex 2.2048 -1.17849 3.2
    endloop
  endfacet
  facet normal 0 0 1
    outer loop
      vertex 0.611127 0.914616 3.2
      vertex 1.38893 2.07867 3.2
      vertex 1.17849 2.2048 3.2
    endloop
  endfacet
  facet normal -0 0 1
    outer loop
      vertex 0.970113 -0.518536 3.2
      vertex 2.2048 -1.17849 3.2
      vertex 1.01627 -0.420951 3.2
    endloop
  endfacet
  facet normal 0 0 1
    outer loop
      vertex 2.2048 -1.17849 3.2
      vertex 0.970113 -0.518536 3.2
      vertex 2.07867 -1.38893 3.2
    endloop
  endfacet
  facet normal 0 0 1
    outer loop
      vertex 2.48796 0.245043 3.2
      vertex 1.0947 0.107819 3.2
      vertex 1.1 0 3.2
    endloop
  endfacet
  facet normal 0 0 1
    outer loop
      vertex 2.45196 0.487725 3.2
      vertex 1.07886 0.214599 3.2
      vertex 1.0947 0.107819 3.2
    endloop
  endfacet
  facet normal 0 0 1
    outer loop
      vertex 2.39235 0.725711 3.2
      vertex 1.05263 0.319313 3.2
      vertex 1.07886 0.214599 3.2
    endloop
  endfacet
  facet normal 0 0 1
    outer loop
      vertex 2.3097 0.956708 3.2
      vertex 1.01627 0.420951 3.2
      vertex 1.05263 0.319313 3.2
    endloop
  endfacet
  facet normal 0 0 1
    outer loop
      vertex 2.2048 1.17849 3.2
      vertex 0.970113 0.518536 3.2
      vertex 1.01627 0.420951 3.2
    endloop
  endfacet
  facet normal 0 0 1
    outer loop
      vertex 0.518536 0.970113 3.2
      vertex 1.17849 2.2048 3.2
      vertex 0.956708 2.3097 3.2
    endloop
  endfacet
  facet normal 0 0 1
    outer loop
      vertex 2.07867 1.38893 3.2
      vertex 0.914616 0.611127 3.2
      vertex 0.970113 0.518536 3.2
    endloop
  endfacet
  facet normal 0 0 1
    outer loop
      vertex 1.93253 1.58598 3.2
      vertex 0.850311 0.697832 3.2
      vertex 0.914616 0.611127 3.2
    endloop
  endfacet
  facet normal 0 0 1
    outer loop
      vertex 1.76777 1.76777 3.2
      vertex 0.777817 0.777817 3.2
      vertex 0.850311 0.697832 3.2
    endloop
  endfacet
  facet normal 0 0 1
    outer loop
      vertex 0.420951 1.01627 3.2
      vertex 0.956708 2.3097 3.2
      vertex 0.725711 2.39235 3.2
    endloop
  endfacet
  facet normal 0 0 1
    outer loop
      vertex 1.58598 1.93253 3.2
      vertex 0.697832 0.850311 3.2
      vertex 0.777817 0.777817 3.2
    endloop
  endfacet
  facet normal 0 0 1
    outer loop
      vertex 1.38893 2.07867 3.2
      vertex 0.611127 0.914616 3.2
      vertex 0.697832 0.850311 3.2
    endloop
  endfacet
  facet normal 0 0 1
    outer loop
      vertex 1.17849 2.2048 3.2
      vertex 0.518536 0.970113 3.2
      vertex 0.611127 0.914616 3.2
    endloop
  endfacet
  facet normal 0 0 1
    outer loop
      vertex 0.319313 1.05263 3.2
      vertex 0.725711 2.39235 3.2
      vertex 0.487725 2.45196 3.2
    endloop
  endfacet
  facet normal 0 0 1
    outer loop
      vertex 0.956708 2.3097 3.2
      vertex 0.420951 1.01627 3.2
      vertex 0.518536 0.970113 3.2
    endloop
  endfacet
  facet normal 0 0 1
    outer loop
      vertex 0.725711 2.39235 3.2
      vertex 0.319313 1.05263 3.2
      vertex 0.420951 1.01627 3.2
    endloop
  endfacet
  facet normal 0 0 1
    outer loop
      vertex 0.214599 1.07886 3.2
      vertex 0.487725 2.45196 3.2
      vertex 0.245043 2.48796 3.2
    endloop
  endfacet
  facet normal 0 0 1
    outer loop
      vertex 0.487725 2.45196 3.2
      vertex 0.214599 1.07886 3.2
      vertex 0.319313 1.05263 3.2
    endloop
  endfacet
  facet normal 0 0 1
    outer loop
      vertex 0.245043 2.48796 3.2
      vertex 0.107819 1.0947 3.2
      vertex 0.214599 1.07886 3.2
    endloop
  endfacet
  facet normal 0 0 1
    outer loop
      vertex 0 2.5 3.2
      vertex 0.107819 1.0947 3.2
      vertex 0.245043 2.48796 3.2
    endloop
  endfacet
  facet normal 0 0 1
    outer loop
      vertex 0 2.5 3.2
      vertex 0 1.1 3.2
      vertex 0.107819 1.0947 3.2
    endloop
  endfacet
  facet normal 0 0 1
    outer loop
      vertex 0 2.5 3.2
      vertex -0.107819 1.0947 3.2
      vertex 0 1.1 3.2
    endloop
  endfacet
  facet normal -0 0 1
    outer loop
      vertex -0.245043 2.48796 3.2
      vertex -0.107819 1.0947 3.2
      vertex 0 2.5 3.2
    endloop
  endfacet
  facet normal 0 0 1
    outer loop
      vertex -0.107819 1.0947 3.2
      vertex -0.245043 2.48796 3.2
      vertex -0.214599 1.07886 3.2
    endloop
  endfacet
  facet normal -0 0 1
    outer loop
      vertex -0.487725 2.45196 3.2
      vertex -0.214599 1.07886 3.2
      vertex -0.245043 2.48796 3.2
    endloop
  endfacet
  facet normal 0 0 1
    outer loop
      vertex -0.214599 1.07886 3.2
      vertex -0.487725 2.45196 3.2
      vertex -0.319313 1.05263 3.2
    endloop
  endfacet
  facet normal -0 0 1
    outer loop
      vertex -0.725711 2.39235 3.2
      vertex -0.319313 1.05263 3.2
      vertex -0.487725 2.45196 3.2
    endloop
  endfacet
  facet normal 0 0 1
    outer loop
      vertex -0.319313 1.05263 3.2
      vertex -0.725711 2.39235 3.2
      vertex -0.420951 1.01627 3.2
    endloop
  endfacet
  facet normal -0 0 1
    outer loop
      vertex -0.956708 2.3097 3.2
      vertex -0.420951 1.01627 3.2
      vertex -0.725711 2.39235 3.2
    endloop
  endfacet
  facet normal 0 0 1
    outer loop
      vertex -0.420951 1.01627 3.2
      vertex -0.956708 2.3097 3.2
      vertex -0.518536 0.970113 3.2
    endloop
  endfacet
  facet normal -0 0 1
    outer loop
      vertex -1.17849 2.2048 3.2
      vertex -0.518536 0.970113 3.2
      vertex -0.956708 2.3097 3.2
    endloop
  endfacet
  facet normal 0 0 1
    outer loop
      vertex -0.518536 0.970113 3.2
      vertex -1.17849 2.2048 3.2
      vertex -0.611127 0.914616 3.2
    endloop
  endfacet
  facet normal -0 0 1
    outer loop
      vertex -1.38893 2.07867 3.2
      vertex -0.611127 0.914616 3.2
      vertex -1.17849 2.2048 3.2
    endloop
  endfacet
  facet normal 0 0 1
    outer loop
      vertex -0.611127 0.914616 3.2
      vertex -1.38893 2.07867 3.2
      vertex -0.697832 0.850311 3.2
    endloop
  endfacet
  facet normal -0 0 1
    outer loop
      vertex -1.58598 1.93253 3.2
      vertex -0.697832 0.850311 3.2
      vertex -1.38893 2.07867 3.2
    endloop
  endfacet
  facet normal 0 0 1
    outer loop
      vertex -0.697832 0.850311 3.2
      vertex -1.58598 1.93253 3.2
      vertex -0.777817 0.777817 3.2
    endloop
  endfacet
  facet normal -0 0 1
    outer loop
      vertex -1.76777 1.76777 3.2
      vertex -0.777817 0.777817 3.2
      vertex -1.58598 1.93253 3.2
    endloop
  endfacet
  facet normal 0 0 1
    outer loop
      vertex -0.777817 0.777817 3.2
      vertex -1.76777 1.76777 3.2
      vertex -0.850311 0.697832 3.2
    endloop
  endfacet
  facet normal -0 0 1
    outer loop
      vertex -1.93253 1.58598 3.2
      vertex -0.850311 0.697832 3.2
      vertex -1.76777 1.76777 3.2
    endloop
  endfacet
  facet normal 0 0 1
    outer loop
      vertex -0.850311 0.697832 3.2
      vertex -1.93253 1.58598 3.2
      vertex -0.914616 0.611127 3.2
    endloop
  endfacet
  facet normal 0 0 1
    outer loop
      vertex -0.914616 0.611127 3.2
      vertex -2.07867 1.38893 3.2
      vertex -0.970113 0.518536 3.2
    endloop
  endfacet
  facet normal -0 0 1
    outer loop
      vertex -2.07867 1.38893 3.2
      vertex -0.914616 0.611127 3.2
      vertex -1.93253 1.58598 3.2
    endloop
  endfacet
  facet normal -0 0 1
    outer loop
      vertex 0.914616 -0.611127 3.2
      vertex 2.07867 -1.38893 3.2
      vertex 0.970113 -0.518536 3.2
    endloop
  endfacet
  facet normal 0 0 1
    outer loop
      vertex 2.07867 -1.38893 3.2
      vertex 0.914616 -0.611127 3.2
      vertex 1.93253 -1.58598 3.2
    endloop
  endfacet
  facet normal -0 0 1
    outer loop
      vertex 0.850311 -0.697832 3.2
      vertex 1.93253 -1.58598 3.2
      vertex 0.914616 -0.611127 3.2
    endloop
  endfacet
  facet normal 0 0 1
    outer loop
      vertex 1.93253 -1.58598 3.2
      vertex 0.850311 -0.697832 3.2
      vertex 1.76777 -1.76777 3.2
    endloop
  endfacet
  facet normal -0 0 1
    outer loop
      vertex 0.777817 -0.777817 3.2
      vertex 1.76777 -1.76777 3.2
      vertex 0.850311 -0.697832 3.2
    endloop
  endfacet
  facet normal 0 0 1
    outer loop
      vertex 1.76777 -1.76777 3.2
      vertex 0.777817 -0.777817 3.2
      vertex 1.58598 -1.93253 3.2
    endloop
  endfacet
  facet normal -0 0 1
    outer loop
      vertex 0.697832 -0.850311 3.2
      vertex 1.58598 -1.93253 3.2
      vertex 0.777817 -0.777817 3.2
    endloop
  endfacet
  facet normal 0 0 1
    outer loop
      vertex 1.58598 -1.93253 3.2
      vertex 0.697832 -0.850311 3.2
      vertex 1.38893 -2.07867 3.2
    endloop
  endfacet
  facet normal -0 0 1
    outer loop
      vertex 0.611127 -0.914616 3.2
      vertex 1.38893 -2.07867 3.2
      vertex 0.697832 -0.850311 3.2
    endloop
  endfacet
  facet normal 0 0 1
    outer loop
      vertex 1.38893 -2.07867 3.2
      vertex 0.611127 -0.914616 3.2
      vertex 1.17849 -2.2048 3.2
    endloop
  endfacet
  facet normal -0 0 1
    outer loop
      vertex 0.518536 -0.970113 3.2
      vertex 1.17849 -2.2048 3.2
      vertex 0.611127 -0.914616 3.2
    endloop
  endfacet
  facet normal 0 0 1
    outer loop
      vertex 1.17849 -2.2048 3.2
      vertex 0.518536 -0.970113 3.2
      vertex 0.956708 -2.3097 3.2
    endloop
  endfacet
  facet normal -0 0 1
    outer loop
      vertex 0.420951 -1.01627 3.2
      vertex 0.956708 -2.3097 3.2
      vertex 0.518536 -0.970113 3.2
    endloop
  endfacet
  facet normal 0 0 1
    outer loop
      vertex 0.956708 -2.3097 3.2
      vertex 0.420951 -1.01627 3.2
      vertex 0.725711 -2.39235 3.2
    endloop
  endfacet
  facet normal -0 0 1
    outer loop
      vertex 0.319313 -1.05263 3.2
      vertex 0.725711 -2.39235 3.2
      vertex 0.420951 -1.01627 3.2
    endloop
  endfacet
  facet normal 0 0 1
    outer loop
      vertex 0.725711 -2.39235 3.2
      vertex 0.319313 -1.05263 3.2
      vertex 0.487725 -2.45196 3.2
    endloop
  endfacet
  facet normal -0 0 1
    outer loop
      vertex 0.214599 -1.07886 3.2
      vertex 0.487725 -2.45196 3.2
      vertex 0.319313 -1.05263 3.2
    endloop
  endfacet
  facet normal 0 0 1
    outer loop
      vertex 0.487725 -2.45196 3.2
      vertex 0.214599 -1.07886 3.2
      vertex 0.245043 -2.48796 3.2
    endloop
  endfacet
  facet normal -0 0 1
    outer loop
      vertex 0.107819 -1.0947 3.2
      vertex 0.245043 -2.48796 3.2
      vertex 0.214599 -1.07886 3.2
    endloop
  endfacet
  facet normal -0 0 1
    outer loop
      vertex 0 -1.1 3.2
      vertex 0.245043 -2.48796 3.2
      vertex 0.107819 -1.0947 3.2
    endloop
  endfacet
  facet normal 0 0 1
    outer loop
      vertex 0 -1.1 3.2
      vertex 0 -2.5 3.2
      vertex 0.245043 -2.48796 3.2
    endloop
  endfacet
  facet normal 0 0 1
    outer loop
      vertex -0.107819 -1.0947 3.2
      vertex 0 -2.5 3.2
      vertex 0 -1.1 3.2
    endloop
  endfacet
  facet normal 0 0 1
    outer loop
      vertex -0.245043 -2.48796 3.2
      vertex -0.107819 -1.0947 3.2
      vertex -0.214599 -1.07886 3.2
    endloop
  endfacet
  facet normal 0 0 1
    outer loop
      vertex -0.107819 -1.0947 3.2
      vertex -0.245043 -2.48796 3.2
      vertex 0 -2.5 3.2
    endloop
  endfacet
  facet normal 0 0 1
    outer loop
      vertex -0.487725 -2.45196 3.2
      vertex -0.214599 -1.07886 3.2
      vertex -0.319313 -1.05263 3.2
    endloop
  endfacet
  facet normal 0 0 1
    outer loop
      vertex -0.725711 -2.39235 3.2
      vertex -0.319313 -1.05263 3.2
      vertex -0.420951 -1.01627 3.2
    endloop
  endfacet
  facet normal 0 0 1
    outer loop
      vertex -0.214599 -1.07886 3.2
      vertex -0.487725 -2.45196 3.2
      vertex -0.245043 -2.48796 3.2
    endloop
  endfacet
  facet normal 0 0 1
    outer loop
      vertex -0.956708 -2.3097 3.2
      vertex -0.420951 -1.01627 3.2
      vertex -0.518536 -0.970113 3.2
    endloop
  endfacet
  facet normal 0 0 1
    outer loop
      vertex -1.17849 -2.2048 3.2
      vertex -0.518536 -0.970113 3.2
      vertex -0.611127 -0.914616 3.2
    endloop
  endfacet
  facet normal 0 0 1
    outer loop
      vertex -1.38893 -2.07867 3.2
      vertex -0.611127 -0.914616 3.2
      vertex -0.697832 -0.850311 3.2
    endloop
  endfacet
  facet normal 0 0 1
    outer loop
      vertex -0.319313 -1.05263 3.2
      vertex -0.725711 -2.39235 3.2
      vertex -0.487725 -2.45196 3.2
    endloop
  endfacet
  facet normal 0 0 1
    outer loop
      vertex -1.58598 -1.93253 3.2
      vertex -0.697832 -0.850311 3.2
      vertex -0.777817 -0.777817 3.2
    endloop
  endfacet
  facet normal 0 0 1
    outer loop
      vertex -1.76777 -1.76777 3.2
      vertex -0.777817 -0.777817 3.2
      vertex -0.850311 -0.697832 3.2
    endloop
  endfacet
  facet normal 0 0 1
    outer loop
      vertex -1.93253 -1.58598 3.2
      vertex -0.850311 -0.697832 3.2
      vertex -0.914616 -0.611127 3.2
    endloop
  endfacet
  facet normal 0 0 1
    outer loop
      vertex -0.420951 -1.01627 3.2
      vertex -0.956708 -2.3097 3.2
      vertex -0.725711 -2.39235 3.2
    endloop
  endfacet
  facet normal 0 0 1
    outer loop
      vertex -2.07867 -1.38893 3.2
      vertex -0.914616 -0.611127 3.2
      vertex -0.970113 -0.518536 3.2
    endloop
  endfacet
  facet normal 0 0 1
    outer loop
      vertex -2.2048 -1.17849 3.2
      vertex -0.970113 -0.518536 3.2
      vertex -1.01627 -0.420951 3.2
    endloop
  endfacet
  facet normal 0 0 1
    outer loop
      vertex -2.3097 -0.956708 3.2
      vertex -1.01627 -0.420951 3.2
      vertex -1.05263 -0.319313 3.2
    endloop
  endfacet
  facet normal 0 0 1
    outer loop
      vertex -2.39235 -0.725711 3.2
      vertex -1.05263 -0.319313 3.2
      vertex -1.07886 -0.214599 3.2
    endloop
  endfacet
  facet normal 0 0 1
    outer loop
      vertex -2.45196 -0.487725 3.2
      vertex -1.07886 -0.214599 3.2
      vertex -1.0947 -0.107819 3.2
    endloop
  endfacet
  facet normal 0 0 1
    outer loop
      vertex -0.518536 -0.970113 3.2
      vertex -1.17849 -2.2048 3.2
      vertex -0.956708 -2.3097 3.2
    endloop
  endfacet
  facet normal 0 0 1
    outer loop
      vertex -2.48796 -0.245043 3.2
      vertex -1.0947 -0.107819 3.2
      vertex -1.1 0 3.2
    endloop
  endfacet
  facet normal -0 0 1
    outer loop
      vertex -2.2048 1.17849 3.2
      vertex -0.970113 0.518536 3.2
      vertex -2.07867 1.38893 3.2
    endloop
  endfacet
  facet normal 0 0 1
    outer loop
      vertex -0.970113 0.518536 3.2
      vertex -2.2048 1.17849 3.2
      vertex -1.01627 0.420951 3.2
    endloop
  endfacet
  facet normal 0 0 1
    outer loop
      vertex -0.611127 -0.914616 3.2
      vertex -1.38893 -2.07867 3.2
      vertex -1.17849 -2.2048 3.2
    endloop
  endfacet
  facet normal -0 0 1
    outer loop
      vertex -2.3097 0.956708 3.2
      vertex -1.01627 0.420951 3.2
      vertex -2.2048 1.17849 3.2
    endloop
  endfacet
  facet normal 0 0 1
    outer loop
      vertex -0.697832 -0.850311 3.2
      vertex -1.58598 -1.93253 3.2
      vertex -1.38893 -2.07867 3.2
    endloop
  endfacet
  facet normal 0 0 1
    outer loop
      vertex -1.01627 0.420951 3.2
      vertex -2.3097 0.956708 3.2
      vertex -1.05263 0.319313 3.2
    endloop
  endfacet
  facet normal 0 0 1
    outer loop
      vertex -0.777817 -0.777817 3.2
      vertex -1.76777 -1.76777 3.2
      vertex -1.58598 -1.93253 3.2
    endloop
  endfacet
  facet normal -0 0 1
    outer loop
      vertex -2.39235 0.725711 3.2
      vertex -1.05263 0.319313 3.2
      vertex -2.3097 0.956708 3.2
    endloop
  endfacet
  facet normal 0 0 1
    outer loop
      vertex -0.850311 -0.697832 3.2
      vertex -1.93253 -1.58598 3.2
      vertex -1.76777 -1.76777 3.2
    endloop
  endfacet
  facet normal 0 0 1
    outer loop
      vertex -1.05263 0.319313 3.2
      vertex -2.39235 0.725711 3.2
      vertex -1.07886 0.214599 3.2
    endloop
  endfacet
  facet normal 0 0 1
    outer loop
      vertex -0.914616 -0.611127 3.2
      vertex -2.07867 -1.38893 3.2
      vertex -1.93253 -1.58598 3.2
    endloop
  endfacet
  facet normal -0 0 1
    outer loop
      vertex -2.45196 0.487725 3.2
      vertex -1.07886 0.214599 3.2
      vertex -2.39235 0.725711 3.2
    endloop
  endfacet
  facet normal 0 0 1
    outer loop
      vertex -0.970113 -0.518536 3.2
      vertex -2.2048 -1.17849 3.2
      vertex -2.07867 -1.38893 3.2
    endloop
  endfacet
  facet normal 0 0 1
    outer loop
      vertex -1.07886 0.214599 3.2
      vertex -2.45196 0.487725 3.2
      vertex -1.0947 0.107819 3.2
    endloop
  endfacet
  facet normal 0 0 1
    outer loop
      vertex -1.01627 -0.420951 3.2
      vertex -2.3097 -0.956708 3.2
      vertex -2.2048 -1.17849 3.2
    endloop
  endfacet
  facet normal -0 0 1
    outer loop
      vertex -2.48796 0.245043 3.2
      vertex -1.0947 0.107819 3.2
      vertex -2.45196 0.487725 3.2
    endloop
  endfacet
  facet normal 0 0 1
    outer loop
      vertex -1.05263 -0.319313 3.2
      vertex -2.39235 -0.725711 3.2
      vertex -2.3097 -0.956708 3.2
    endloop
  endfacet
  facet normal 0 0 1
    outer loop
      vertex -1.0947 0.107819 3.2
      vertex -2.48796 0.245043 3.2
      vertex -1.1 0 3.2
    endloop
  endfacet
  facet normal 0 0 1
    outer loop
      vertex -1.07886 -0.214599 3.2
      vertex -2.45196 -0.487725 3.2
      vertex -2.39235 -0.725711 3.2
    endloop
  endfacet
  facet normal 0 0 1
    outer loop
      vertex -2.5 0 3.2
      vertex -1.1 0 3.2
      vertex -2.48796 0.245043 3.2
    endloop
  endfacet
  facet normal 0 0 1
    outer loop
      vertex -1.0947 -0.107819 3.2
      vertex -2.48796 -0.245043 3.2
      vertex -2.45196 -0.487725 3.2
    endloop
  endfacet
  facet normal 0 0 1
    outer loop
      vertex -1.1 0 3.2
      vertex -2.5 0 3.2
      vertex -2.48796 -0.245043 3.2
    endloop
  endfacet
  facet normal 0.989176 0.146737 0
    outer loop
      vertex -2.45196 -0.487725 6
      vertex -2.48796 -0.245043 3.2
      vertex -2.48796 -0.245043 6
    endloop
  endfacet
  facet normal 0.989176 0.146737 0
    outer loop
      vertex -2.48796 -0.245043 3.2
      vertex -2.45196 -0.487725 6
      vertex -2.45196 -0.487725 3.2
    endloop
  endfacet
  facet normal 0.903982 -0.427572 0
    outer loop
      vertex -2.3097 0.956708 6
      vertex -2.2048 1.17849 3.2
      vertex -2.2048 1.17849 6
    endloop
  endfacet
  facet normal 0.903982 -0.427572 0
    outer loop
      vertex -2.2048 1.17849 3.2
      vertex -2.3097 0.956708 6
      vertex -2.3097 0.956708 3.2
    endloop
  endfacet
  facet normal -0.242971 0.970034 0
    outer loop
      vertex 0.725711 -2.39235 3.2
      vertex 0.487725 -2.45196 6
      vertex 0.725711 -2.39235 6
    endloop
  endfacet
  facet normal -0.242971 0.970034 0
    outer loop
      vertex 0.487725 -2.45196 6
      vertex 0.725711 -2.39235 3.2
      vertex 0.487725 -2.45196 3.2
    endloop
  endfacet
  facet normal 0.740961 0.671548 0
    outer loop
      vertex -1.76777 -1.76777 6
      vertex -1.93253 -1.58598 3.2
      vertex -1.93253 -1.58598 6
    endloop
  endfacet
  facet normal 0.740961 0.671548 0
    outer loop
      vertex -1.93253 -1.58598 3.2
      vertex -1.76777 -1.76777 6
      vertex -1.76777 -1.76777 3.2
    endloop
  endfacet
  facet normal -0.970034 0.242971 0
    outer loop
      vertex 2.39235 -0.725711 3.2
      vertex 2.45196 -0.487725 6
      vertex 2.45196 -0.487725 3.2
    endloop
  endfacet
  facet normal -0.970034 0.242971 0
    outer loop
      vertex 2.45196 -0.487725 6
      vertex 2.39235 -0.725711 3.2
      vertex 2.39235 -0.725711 6
    endloop
  endfacet
  facet normal 0.671548 0.740961 -0
    outer loop
      vertex -1.58598 -1.93253 3.2
      vertex -1.76777 -1.76777 6
      vertex -1.58598 -1.93253 6
    endloop
  endfacet
  facet normal 0.671548 0.740961 0
    outer loop
      vertex -1.76777 -1.76777 6
      vertex -1.58598 -1.93253 3.2
      vertex -1.76777 -1.76777 3.2
    endloop
  endfacet
  facet normal 0.740961 -0.671548 0
    outer loop
      vertex -1.93253 1.58598 6
      vertex -1.76777 1.76777 3.2
      vertex -1.76777 1.76777 6
    endloop
  endfacet
  facet normal 0.740961 -0.671548 0
    outer loop
      vertex -1.76777 1.76777 3.2
      vertex -1.93253 1.58598 6
      vertex -1.93253 1.58598 3.2
    endloop
  endfacet
  facet normal 0.242971 0.970034 -0
    outer loop
      vertex -0.487725 -2.45196 3.2
      vertex -0.725711 -2.39235 6
      vertex -0.487725 -2.45196 6
    endloop
  endfacet
  facet normal 0.242971 0.970034 0
    outer loop
      vertex -0.725711 -2.39235 6
      vertex -0.487725 -2.45196 3.2
      vertex -0.725711 -2.39235 3.2
    endloop
  endfacet
  facet normal 0.857734 0.514094 0
    outer loop
      vertex -2.07867 -1.38893 6
      vertex -2.2048 -1.17849 3.2
      vertex -2.2048 -1.17849 6
    endloop
  endfacet
  facet normal 0.857734 0.514094 0
    outer loop
      vertex -2.2048 -1.17849 3.2
      vertex -2.07867 -1.38893 6
      vertex -2.07867 -1.38893 3.2
    endloop
  endfacet
  facet normal -0.671548 0.740961 0
    outer loop
      vertex 1.76777 -1.76777 3.2
      vertex 1.58598 -1.93253 6
      vertex 1.76777 -1.76777 6
    endloop
  endfacet
  facet normal -0.671548 0.740961 0
    outer loop
      vertex 1.58598 -1.93253 6
      vertex 1.76777 -1.76777 3.2
      vertex 1.58598 -1.93253 3.2
    endloop
  endfacet
  facet normal -0.989213 -0.146487 0
    outer loop
      vertex 81.5923 0.156827 0
      vertex 81.5693 0.312144 6.5
      vertex 81.5693 0.312144 0
    endloop
  endfacet
  facet normal -0.989213 -0.146487 0
    outer loop
      vertex 81.5693 0.312144 6.5
      vertex 81.5923 0.156827 0
      vertex 81.5923 0.156827 6.5
    endloop
  endfacet
  facet normal -0.998797 -0.0490396 0
    outer loop
      vertex 81.6 0 0
      vertex 81.5923 0.156827 6.5
      vertex 81.5923 0.156827 0
    endloop
  endfacet
  facet normal -0.998797 -0.0490396 0
    outer loop
      vertex 81.5923 0.156827 6.5
      vertex 81.6 0 0
      vertex 81.6 0 6.5
    endloop
  endfacet
  facet normal -0.969959 -0.243268 0
    outer loop
      vertex 81.5693 0.312144 0
      vertex 81.5311 0.464455 6.5
      vertex 81.5311 0.464455 0
    endloop
  endfacet
  facet normal -0.969959 -0.243268 0
    outer loop
      vertex 81.5311 0.464455 6.5
      vertex 81.5693 0.312144 0
      vertex 81.5693 0.312144 6.5
    endloop
  endfacet
  facet normal -0.427692 -0.903925 0
    outer loop
      vertex 80.6123 1.47821 0
      vertex 80.7542 1.41107 6.5
      vertex 80.6123 1.47821 6.5
    endloop
  endfacet
  facet normal -0.427692 -0.903925 -0
    outer loop
      vertex 80.7542 1.41107 6.5
      vertex 80.6123 1.47821 0
      vertex 80.7542 1.41107 0
    endloop
  endfacet
  facet normal 0.242895 0.970053 -0
    outer loop
      vertex 79.6879 -1.56926 0
      vertex 79.5355 -1.5311 6.5
      vertex 79.6879 -1.56926 6.5
    endloop
  endfacet
  facet normal 0.242895 0.970053 0
    outer loop
      vertex 79.5355 -1.5311 6.5
      vertex 79.6879 -1.56926 0
      vertex 79.5355 -1.5311 0
    endloop
  endfacet
  facet normal 0.857793 0.513995 0
    outer loop
      vertex 78.6696 -0.888912 6.5
      vertex 78.5889 -0.754234 0
      vertex 78.5889 -0.754234 6.5
    endloop
  endfacet
  facet normal 0.857793 0.513995 0
    outer loop
      vertex 78.5889 -0.754234 0
      vertex 78.6696 -0.888912 6.5
      vertex 78.6696 -0.888912 0
    endloop
  endfacet
  facet normal -0.146689 0.989183 0
    outer loop
      vertex 80.3121 -1.56926 0
      vertex 80.1568 -1.59229 6.5
      vertex 80.3121 -1.56926 6.5
    endloop
  endfacet
  facet normal -0.146689 0.989183 0
    outer loop
      vertex 80.1568 -1.59229 6.5
      vertex 80.3121 -1.56926 0
      vertex 80.1568 -1.59229 0
    endloop
  endfacet
  facet normal -0.741092 -0.671404 0
    outer loop
      vertex 81.2368 1.01503 0
      vertex 81.1314 1.13137 6.5
      vertex 81.1314 1.13137 0
    endloop
  endfacet
  facet normal -0.741092 -0.671404 0
    outer loop
      vertex 81.1314 1.13137 6.5
      vertex 81.2368 1.01503 0
      vertex 81.2368 1.01503 6.5
    endloop
  endfacet
  facet normal 0.514027 -0.857774 0
    outer loop
      vertex 79.1111 1.33035 0
      vertex 79.2458 1.41107 6.5
      vertex 79.1111 1.33035 6.5
    endloop
  endfacet
  facet normal 0.514027 -0.857774 0
    outer loop
      vertex 79.2458 1.41107 6.5
      vertex 79.1111 1.33035 0
      vertex 79.2458 1.41107 0
    endloop
  endfacet
  facet normal -0.741092 0.671404 0
    outer loop
      vertex 81.1314 -1.13137 0
      vertex 81.2368 -1.01503 6.5
      vertex 81.2368 -1.01503 0
    endloop
  endfacet
  facet normal -0.741092 0.671404 0
    outer loop
      vertex 81.2368 -1.01503 6.5
      vertex 81.1314 -1.13137 0
      vertex 81.1314 -1.13137 6.5
    endloop
  endfacet
  facet normal -0.514027 0.857774 0
    outer loop
      vertex 80.8889 -1.33035 0
      vertex 80.7542 -1.41107 6.5
      vertex 80.8889 -1.33035 6.5
    endloop
  endfacet
  facet normal -0.514027 0.857774 0
    outer loop
      vertex 80.7542 -1.41107 6.5
      vertex 80.8889 -1.33035 0
      vertex 80.7542 -1.41107 0
    endloop
  endfacet
  facet normal -0.242895 -0.970053 0
    outer loop
      vertex 80.3121 1.56926 0
      vertex 80.4645 1.5311 6.5
      vertex 80.3121 1.56926 6.5
    endloop
  endfacet
  facet normal -0.242895 -0.970053 -0
    outer loop
      vertex 80.4645 1.5311 6.5
      vertex 80.3121 1.56926 0
      vertex 80.4645 1.5311 0
    endloop
  endfacet
  facet normal 0.989213 -0.146487 0
    outer loop
      vertex 78.4077 0.156827 6.5
      vertex 78.4307 0.312144 0
      vertex 78.4307 0.312144 6.5
    endloop
  endfacet
  facet normal 0.989213 -0.146487 0
    outer loop
      vertex 78.4307 0.312144 0
      vertex 78.4077 0.156827 6.5
      vertex 78.4077 0.156827 0
    endloop
  endfacet
  facet normal -0.857793 -0.513995 0
    outer loop
      vertex 81.4111 0.754234 0
      vertex 81.3304 0.888912 6.5
      vertex 81.3304 0.888912 0
    endloop
  endfacet
  facet normal -0.857793 -0.513995 0
    outer loop
      vertex 81.3304 0.888912 6.5
      vertex 81.4111 0.754234 0
      vertex 81.4111 0.754234 6.5
    endloop
  endfacet
  facet normal -0.969959 0.243268 0
    outer loop
      vertex 81.5311 -0.464455 0
      vertex 81.5693 -0.312144 6.5
      vertex 81.5693 -0.312144 0
    endloop
  endfacet
  facet normal -0.969959 0.243268 0
    outer loop
      vertex 81.5693 -0.312144 6.5
      vertex 81.5311 -0.464455 0
      vertex 81.5311 -0.464455 6.5
    endloop
  endfacet
  facet normal 0.146689 0.989183 -0
    outer loop
      vertex 79.8432 -1.59229 0
      vertex 79.6879 -1.56926 6.5
      vertex 79.8432 -1.59229 6.5
    endloop
  endfacet
  facet normal 0.146689 0.989183 0
    outer loop
      vertex 79.6879 -1.56926 6.5
      vertex 79.8432 -1.59229 0
      vertex 79.6879 -1.56926 0
    endloop
  endfacet
  facet normal 0.998797 0.0490396 0
    outer loop
      vertex 78.4077 -0.156827 6.5
      vertex 78.4 0 0
      vertex 78.4 0 6.5
    endloop
  endfacet
  facet normal 0.998797 0.0490396 0
    outer loop
      vertex 78.4 0 0
      vertex 78.4077 -0.156827 6.5
      vertex 78.4077 -0.156827 0
    endloop
  endfacet
  facet normal -0.146689 -0.989183 0
    outer loop
      vertex 80.1568 1.59229 0
      vertex 80.3121 1.56926 6.5
      vertex 80.1568 1.59229 6.5
    endloop
  endfacet
  facet normal -0.146689 -0.989183 -0
    outer loop
      vertex 80.3121 1.56926 6.5
      vertex 80.1568 1.59229 0
      vertex 80.3121 1.56926 0
    endloop
  endfacet
  facet normal -0.941539 -0.336905 0
    outer loop
      vertex 81.5311 0.464455 0
      vertex 81.4782 0.612293 6.5
      vertex 81.4782 0.612293 0
    endloop
  endfacet
  facet normal -0.941539 -0.336905 0
    outer loop
      vertex 81.4782 0.612293 6.5
      vertex 81.5311 0.464455 0
      vertex 81.5311 0.464455 6.5
    endloop
  endfacet
  facet normal -0.671388 -0.741106 0
    outer loop
      vertex 81.015 1.23682 0
      vertex 81.1314 1.13137 6.5
      vertex 81.015 1.23682 6.5
    endloop
  endfacet
  facet normal -0.671388 -0.741106 -0
    outer loop
      vertex 81.1314 1.13137 6.5
      vertex 81.015 1.23682 0
      vertex 81.1314 1.13137 0
    endloop
  endfacet
  facet normal 0.741092 -0.671404 0
    outer loop
      vertex 78.7632 1.01503 6.5
      vertex 78.8686 1.13137 0
      vertex 78.8686 1.13137 6.5
    endloop
  endfacet
  facet normal 0.741092 -0.671404 0
    outer loop
      vertex 78.8686 1.13137 0
      vertex 78.7632 1.01503 6.5
      vertex 78.7632 1.01503 0
    endloop
  endfacet
  facet normal 0.969959 0.243268 0
    outer loop
      vertex 78.4689 -0.464455 6.5
      vertex 78.4307 -0.312144 0
      vertex 78.4307 -0.312144 6.5
    endloop
  endfacet
  facet normal 0.969959 0.243268 0
    outer loop
      vertex 78.4307 -0.312144 0
      vertex 78.4689 -0.464455 6.5
      vertex 78.4689 -0.464455 0
    endloop
  endfacet
  facet normal 0.336926 -0.941531 0
    outer loop
      vertex 79.3877 1.47821 0
      vertex 79.5355 1.5311 6.5
      vertex 79.3877 1.47821 6.5
    endloop
  endfacet
  facet normal 0.336926 -0.941531 0
    outer loop
      vertex 79.5355 1.5311 6.5
      vertex 79.3877 1.47821 0
      vertex 79.5355 1.5311 0
    endloop
  endfacet
  facet normal 0.941539 0.336905 0
    outer loop
      vertex 78.5218 -0.612293 6.5
      vertex 78.4689 -0.464455 0
      vertex 78.4689 -0.464455 6.5
    endloop
  endfacet
  facet normal 0.941539 0.336905 0
    outer loop
      vertex 78.4689 -0.464455 0
      vertex 78.5218 -0.612293 6.5
      vertex 78.5218 -0.612293 0
    endloop
  endfacet
  facet normal -0.336926 -0.941531 0
    outer loop
      vertex 80.4645 1.5311 0
      vertex 80.6123 1.47821 6.5
      vertex 80.4645 1.5311 6.5
    endloop
  endfacet
  facet normal -0.336926 -0.941531 -0
    outer loop
      vertex 80.6123 1.47821 6.5
      vertex 80.4645 1.5311 0
      vertex 80.6123 1.47821 0
    endloop
  endfacet
  facet normal 0.803011 -0.595964 0
    outer loop
      vertex 78.6696 0.888912 6.5
      vertex 78.7632 1.01503 0
      vertex 78.7632 1.01503 6.5
    endloop
  endfacet
  facet normal 0.803011 -0.595964 0
    outer loop
      vertex 78.7632 1.01503 0
      vertex 78.6696 0.888912 6.5
      vertex 78.6696 0.888912 0
    endloop
  endfacet
  facet normal -0.803011 -0.595964 0
    outer loop
      vertex 81.3304 0.888912 0
      vertex 81.2368 1.01503 6.5
      vertex 81.2368 1.01503 0
    endloop
  endfacet
  facet normal -0.803011 -0.595964 0
    outer loop
      vertex 81.2368 1.01503 6.5
      vertex 81.3304 0.888912 0
      vertex 81.3304 0.888912 6.5
    endloop
  endfacet
  facet normal 0.969959 -0.243268 0
    outer loop
      vertex 78.4307 0.312144 6.5
      vertex 78.4689 0.464455 0
      vertex 78.4689 0.464455 6.5
    endloop
  endfacet
  facet normal 0.969959 -0.243268 0
    outer loop
      vertex 78.4689 0.464455 0
      vertex 78.4307 0.312144 6.5
      vertex 78.4307 0.312144 0
    endloop
  endfacet
  facet normal 0.671388 -0.741106 0
    outer loop
      vertex 78.8686 1.13137 0
      vertex 78.985 1.23682 6.5
      vertex 78.8686 1.13137 6.5
    endloop
  endfacet
  facet normal 0.671388 -0.741106 0
    outer loop
      vertex 78.985 1.23682 6.5
      vertex 78.8686 1.13137 0
      vertex 78.985 1.23682 0
    endloop
  endfacet
  facet normal -0.427692 0.903925 0
    outer loop
      vertex 80.7542 -1.41107 0
      vertex 80.6123 -1.47821 6.5
      vertex 80.7542 -1.41107 6.5
    endloop
  endfacet
  facet normal -0.427692 0.903925 0
    outer loop
      vertex 80.6123 -1.47821 6.5
      vertex 80.7542 -1.41107 0
      vertex 80.6123 -1.47821 0
    endloop
  endfacet
  facet normal 0.242895 -0.970053 0
    outer loop
      vertex 79.5355 1.5311 0
      vertex 79.6879 1.56926 6.5
      vertex 79.5355 1.5311 6.5
    endloop
  endfacet
  facet normal 0.242895 -0.970053 0
    outer loop
      vertex 79.6879 1.56926 6.5
      vertex 79.5355 1.5311 0
      vertex 79.6879 1.56926 0
    endloop
  endfacet
  facet normal 0.941539 -0.336905 0
    outer loop
      vertex 78.4689 0.464455 6.5
      vertex 78.5218 0.612293 0
      vertex 78.5218 0.612293 6.5
    endloop
  endfacet
  facet normal 0.941539 -0.336905 0
    outer loop
      vertex 78.5218 0.612293 0
      vertex 78.4689 0.464455 6.5
      vertex 78.4689 0.464455 0
    endloop
  endfacet
  facet normal -0.514027 -0.857774 0
    outer loop
      vertex 80.7542 1.41107 0
      vertex 80.8889 1.33035 6.5
      vertex 80.7542 1.41107 6.5
    endloop
  endfacet
  facet normal -0.514027 -0.857774 -0
    outer loop
      vertex 80.8889 1.33035 6.5
      vertex 80.7542 1.41107 0
      vertex 80.8889 1.33035 0
    endloop
  endfacet
  facet normal 0.514027 0.857774 -0
    outer loop
      vertex 79.2458 -1.41107 0
      vertex 79.1111 -1.33035 6.5
      vertex 79.2458 -1.41107 6.5
    endloop
  endfacet
  facet normal 0.514027 0.857774 0
    outer loop
      vertex 79.1111 -1.33035 6.5
      vertex 79.2458 -1.41107 0
      vertex 79.1111 -1.33035 0
    endloop
  endfacet
  facet normal 0.595732 -0.803184 0
    outer loop
      vertex 78.985 1.23682 0
      vertex 79.1111 1.33035 6.5
      vertex 78.985 1.23682 6.5
    endloop
  endfacet
  facet normal 0.595732 -0.803184 0
    outer loop
      vertex 79.1111 1.33035 6.5
      vertex 78.985 1.23682 0
      vertex 79.1111 1.33035 0
    endloop
  endfacet
  facet normal -0.0491116 0.998793 0
    outer loop
      vertex 80.1568 -1.59229 0
      vertex 80 -1.6 6.5
      vertex 80.1568 -1.59229 6.5
    endloop
  endfacet
  facet normal -0.0491116 0.998793 0
    outer loop
      vertex 80 -1.6 6.5
      vertex 80.1568 -1.59229 0
      vertex 80 -1.6 0
    endloop
  endfacet
  facet normal -0.941539 0.336905 0
    outer loop
      vertex 81.4782 -0.612293 0
      vertex 81.5311 -0.464455 6.5
      vertex 81.5311 -0.464455 0
    endloop
  endfacet
  facet normal -0.941539 0.336905 0
    outer loop
      vertex 81.5311 -0.464455 6.5
      vertex 81.4782 -0.612293 0
      vertex 81.4782 -0.612293 6.5
    endloop
  endfacet
  facet normal -0.803011 0.595964 0
    outer loop
      vertex 81.2368 -1.01503 0
      vertex 81.3304 -0.888912 6.5
      vertex 81.3304 -0.888912 0
    endloop
  endfacet
  facet normal -0.803011 0.595964 0
    outer loop
      vertex 81.3304 -0.888912 6.5
      vertex 81.2368 -1.01503 0
      vertex 81.2368 -1.01503 6.5
    endloop
  endfacet
  facet normal -0.989213 0.146487 0
    outer loop
      vertex 81.5693 -0.312144 0
      vertex 81.5923 -0.156827 6.5
      vertex 81.5923 -0.156827 0
    endloop
  endfacet
  facet normal -0.989213 0.146487 0
    outer loop
      vertex 81.5923 -0.156827 6.5
      vertex 81.5693 -0.312144 0
      vertex 81.5693 -0.312144 6.5
    endloop
  endfacet
  facet normal 0.857793 -0.513995 0
    outer loop
      vertex 78.5889 0.754234 6.5
      vertex 78.6696 0.888912 0
      vertex 78.6696 0.888912 6.5
    endloop
  endfacet
  facet normal 0.857793 -0.513995 0
    outer loop
      vertex 78.6696 0.888912 0
      vertex 78.5889 0.754234 6.5
      vertex 78.5889 0.754234 0
    endloop
  endfacet
  facet normal -0.904071 -0.427383 0
    outer loop
      vertex 81.4782 0.612293 0
      vertex 81.4111 0.754234 6.5
      vertex 81.4111 0.754234 0
    endloop
  endfacet
  facet normal -0.904071 -0.427383 0
    outer loop
      vertex 81.4111 0.754234 6.5
      vertex 81.4782 0.612293 0
      vertex 81.4782 0.612293 6.5
    endloop
  endfacet
  facet normal 0.427692 -0.903925 0
    outer loop
      vertex 79.2458 1.41107 0
      vertex 79.3877 1.47821 6.5
      vertex 79.2458 1.41107 6.5
    endloop
  endfacet
  facet normal 0.427692 -0.903925 0
    outer loop
      vertex 79.3877 1.47821 6.5
      vertex 79.2458 1.41107 0
      vertex 79.3877 1.47821 0
    endloop
  endfacet
  facet normal -0.595732 0.803184 0
    outer loop
      vertex 81.015 -1.23682 0
      vertex 80.8889 -1.33035 6.5
      vertex 81.015 -1.23682 6.5
    endloop
  endfacet
  facet normal -0.595732 0.803184 0
    outer loop
      vertex 80.8889 -1.33035 6.5
      vertex 81.015 -1.23682 0
      vertex 80.8889 -1.33035 0
    endloop
  endfacet
  facet normal -0.595732 -0.803184 0
    outer loop
      vertex 80.8889 1.33035 0
      vertex 81.015 1.23682 6.5
      vertex 80.8889 1.33035 6.5
    endloop
  endfacet
  facet normal -0.595732 -0.803184 -0
    outer loop
      vertex 81.015 1.23682 6.5
      vertex 80.8889 1.33035 0
      vertex 81.015 1.23682 0
    endloop
  endfacet
  facet normal 0.671388 0.741106 -0
    outer loop
      vertex 78.985 -1.23682 0
      vertex 78.8686 -1.13137 6.5
      vertex 78.985 -1.23682 6.5
    endloop
  endfacet
  facet normal 0.671388 0.741106 0
    outer loop
      vertex 78.8686 -1.13137 6.5
      vertex 78.985 -1.23682 0
      vertex 78.8686 -1.13137 0
    endloop
  endfacet
  facet normal -0.998797 0.0490396 0
    outer loop
      vertex 81.5923 -0.156827 0
      vertex 81.6 0 6.5
      vertex 81.6 0 0
    endloop
  endfacet
  facet normal -0.998797 0.0490396 0
    outer loop
      vertex 81.6 0 6.5
      vertex 81.5923 -0.156827 0
      vertex 81.5923 -0.156827 6.5
    endloop
  endfacet
  facet normal 0.803011 0.595964 0
    outer loop
      vertex 78.7632 -1.01503 6.5
      vertex 78.6696 -0.888912 0
      vertex 78.6696 -0.888912 6.5
    endloop
  endfacet
  facet normal 0.803011 0.595964 0
    outer loop
      vertex 78.6696 -0.888912 0
      vertex 78.7632 -1.01503 6.5
      vertex 78.7632 -1.01503 0
    endloop
  endfacet
  facet normal 0.904071 0.427383 0
    outer loop
      vertex 78.5889 -0.754234 6.5
      vertex 78.5218 -0.612293 0
      vertex 78.5218 -0.612293 6.5
    endloop
  endfacet
  facet normal 0.904071 0.427383 0
    outer loop
      vertex 78.5218 -0.612293 0
      vertex 78.5889 -0.754234 6.5
      vertex 78.5889 -0.754234 0
    endloop
  endfacet
  facet normal 0.0491116 -0.998793 0
    outer loop
      vertex 79.8432 1.59229 0
      vertex 80 1.6 6.5
      vertex 79.8432 1.59229 6.5
    endloop
  endfacet
  facet normal 0.0491116 -0.998793 0
    outer loop
      vertex 80 1.6 6.5
      vertex 79.8432 1.59229 0
      vertex 80 1.6 0
    endloop
  endfacet
  facet normal 0.427692 0.903925 -0
    outer loop
      vertex 79.3877 -1.47821 0
      vertex 79.2458 -1.41107 6.5
      vertex 79.3877 -1.47821 6.5
    endloop
  endfacet
  facet normal 0.427692 0.903925 0
    outer loop
      vertex 79.2458 -1.41107 6.5
      vertex 79.3877 -1.47821 0
      vertex 79.2458 -1.41107 0
    endloop
  endfacet
  facet normal 0.146689 -0.989183 0
    outer loop
      vertex 79.6879 1.56926 0
      vertex 79.8432 1.59229 6.5
      vertex 79.6879 1.56926 6.5
    endloop
  endfacet
  facet normal 0.146689 -0.989183 0
    outer loop
      vertex 79.8432 1.59229 6.5
      vertex 79.6879 1.56926 0
      vertex 79.8432 1.59229 0
    endloop
  endfacet
  facet normal 0.989213 0.146487 0
    outer loop
      vertex 78.4307 -0.312144 6.5
      vertex 78.4077 -0.156827 0
      vertex 78.4077 -0.156827 6.5
    endloop
  endfacet
  facet normal 0.989213 0.146487 0
    outer loop
      vertex 78.4077 -0.156827 0
      vertex 78.4307 -0.312144 6.5
      vertex 78.4307 -0.312144 0
    endloop
  endfacet
  facet normal -0.336926 0.941531 0
    outer loop
      vertex 80.6123 -1.47821 0
      vertex 80.4645 -1.5311 6.5
      vertex 80.6123 -1.47821 6.5
    endloop
  endfacet
  facet normal -0.336926 0.941531 0
    outer loop
      vertex 80.4645 -1.5311 6.5
      vertex 80.6123 -1.47821 0
      vertex 80.4645 -1.5311 0
    endloop
  endfacet
  facet normal -0.242895 0.970053 0
    outer loop
      vertex 80.4645 -1.5311 0
      vertex 80.3121 -1.56926 6.5
      vertex 80.4645 -1.5311 6.5
    endloop
  endfacet
  facet normal -0.242895 0.970053 0
    outer loop
      vertex 80.3121 -1.56926 6.5
      vertex 80.4645 -1.5311 0
      vertex 80.3121 -1.56926 0
    endloop
  endfacet
  facet normal 0.904071 -0.427383 0
    outer loop
      vertex 78.5218 0.612293 6.5
      vertex 78.5889 0.754234 0
      vertex 78.5889 0.754234 6.5
    endloop
  endfacet
  facet normal 0.904071 -0.427383 0
    outer loop
      vertex 78.5889 0.754234 0
      vertex 78.5218 0.612293 6.5
      vertex 78.5218 0.612293 0
    endloop
  endfacet
  facet normal 0.741092 0.671404 0
    outer loop
      vertex 78.8686 -1.13137 6.5
      vertex 78.7632 -1.01503 0
      vertex 78.7632 -1.01503 6.5
    endloop
  endfacet
  facet normal 0.741092 0.671404 0
    outer loop
      vertex 78.7632 -1.01503 0
      vertex 78.8686 -1.13137 6.5
      vertex 78.8686 -1.13137 0
    endloop
  endfacet
  facet normal 0.595732 0.803184 -0
    outer loop
      vertex 79.1111 -1.33035 0
      vertex 78.985 -1.23682 6.5
      vertex 79.1111 -1.33035 6.5
    endloop
  endfacet
  facet normal 0.595732 0.803184 0
    outer loop
      vertex 78.985 -1.23682 6.5
      vertex 79.1111 -1.33035 0
      vertex 78.985 -1.23682 0
    endloop
  endfacet
  facet normal -0.904071 0.427383 0
    outer loop
      vertex 81.4111 -0.754234 0
      vertex 81.4782 -0.612293 6.5
      vertex 81.4782 -0.612293 0
    endloop
  endfacet
  facet normal -0.904071 0.427383 0
    outer loop
      vertex 81.4782 -0.612293 6.5
      vertex 81.4111 -0.754234 0
      vertex 81.4111 -0.754234 6.5
    endloop
  endfacet
  facet normal -0.857793 0.513995 0
    outer loop
      vertex 81.3304 -0.888912 0
      vertex 81.4111 -0.754234 6.5
      vertex 81.4111 -0.754234 0
    endloop
  endfacet
  facet normal -0.857793 0.513995 0
    outer loop
      vertex 81.4111 -0.754234 6.5
      vertex 81.3304 -0.888912 0
      vertex 81.3304 -0.888912 6.5
    endloop
  endfacet
  facet normal -0.0491116 -0.998793 0
    outer loop
      vertex 80 1.6 0
      vertex 80.1568 1.59229 6.5
      vertex 80 1.6 6.5
    endloop
  endfacet
  facet normal -0.0491116 -0.998793 -0
    outer loop
      vertex 80.1568 1.59229 6.5
      vertex 80 1.6 0
      vertex 80.1568 1.59229 0
    endloop
  endfacet
  facet normal 0.0491116 0.998793 -0
    outer loop
      vertex 80 -1.6 0
      vertex 79.8432 -1.59229 6.5
      vertex 80 -1.6 6.5
    endloop
  endfacet
  facet normal 0.0491116 0.998793 0
    outer loop
      vertex 79.8432 -1.59229 6.5
      vertex 80 -1.6 0
      vertex 79.8432 -1.59229 0
    endloop
  endfacet
  facet normal 0.998797 -0.0490396 0
    outer loop
      vertex 78.4 0 6.5
      vertex 78.4077 0.156827 0
      vertex 78.4077 0.156827 6.5
    endloop
  endfacet
  facet normal 0.998797 -0.0490396 0
    outer loop
      vertex 78.4077 0.156827 0
      vertex 78.4 0 6.5
      vertex 78.4 0 0
    endloop
  endfacet
  facet normal 0.336926 0.941531 -0
    outer loop
      vertex 79.5355 -1.5311 0
      vertex 79.3877 -1.47821 6.5
      vertex 79.5355 -1.5311 6.5
    endloop
  endfacet
  facet normal 0.336926 0.941531 0
    outer loop
      vertex 79.3877 -1.47821 6.5
      vertex 79.5355 -1.5311 0
      vertex 79.3877 -1.47821 0
    endloop
  endfacet
  facet normal -0.671388 0.741106 0
    outer loop
      vertex 81.1314 -1.13137 0
      vertex 81.015 -1.23682 6.5
      vertex 81.1314 -1.13137 6.5
    endloop
  endfacet
  facet normal -0.671388 0.741106 0
    outer loop
      vertex 81.015 -1.23682 6.5
      vertex 81.1314 -1.13137 0
      vertex 81.015 -1.23682 0
    endloop
  endfacet
endsolid OpenSCAD_Model
