solid OpenSCAD_Model
  facet normal 0.989213 0.146484 0
    outer loop
      vertex -47.4593 7.73785 1.6
      vertex -47.4823 7.89317 0
      vertex -47.4823 7.89317 1.6
    endloop
  endfacet
  facet normal 0.989213 0.146484 0
    outer loop
      vertex -47.4823 7.89317 0
      vertex -47.4593 7.73785 1.6
      vertex -47.4593 7.73785 0
    endloop
  endfacet
  facet normal -0.989212 -0.146493 0
    outer loop
      vertex -44.2977 8.20683 0
      vertex -44.3207 8.36214 1.6
      vertex -44.3207 8.36214 0
    endloop
  endfacet
  facet normal -0.989212 -0.146493 0
    outer loop
      vertex -44.3207 8.36214 1.6
      vertex -44.2977 8.20683 0
      vertex -44.2977 8.20683 1.6
    endloop
  endfacet
  facet normal -0.998797 -0.0490387 0
    outer loop
      vertex -44.29 8.05 0
      vertex -44.2977 8.20683 1.6
      vertex -44.2977 8.20683 0
    endloop
  endfacet
  facet normal -0.998797 -0.0490387 0
    outer loop
      vertex -44.2977 8.20683 1.6
      vertex -44.29 8.05 0
      vertex -44.29 8.05 1.6
    endloop
  endfacet
  facet normal -0.969959 -0.24327 0
    outer loop
      vertex -44.3207 8.36214 0
      vertex -44.3589 8.51445 1.6
      vertex -44.3589 8.51445 0
    endloop
  endfacet
  facet normal -0.969959 -0.24327 0
    outer loop
      vertex -44.3589 8.51445 1.6
      vertex -44.3207 8.36214 0
      vertex -44.3207 8.36214 1.6
    endloop
  endfacet
  facet normal 0.0491116 -0.998793 0
    outer loop
      vertex -46.0468 9.64229 0
      vertex -45.89 9.65 1.6
      vertex -46.0468 9.64229 1.6
    endloop
  endfacet
  facet normal 0.0491116 -0.998793 0
    outer loop
      vertex -45.89 9.65 1.6
      vertex -46.0468 9.64229 0
      vertex -45.89 9.65 0
    endloop
  endfacet
  facet normal -0.336926 0.941531 0
    outer loop
      vertex -45.2777 6.57179 0
      vertex -45.4255 6.5189 1.6
      vertex -45.2777 6.57179 1.6
    endloop
  endfacet
  facet normal -0.336926 0.941531 0
    outer loop
      vertex -45.4255 6.5189 1.6
      vertex -45.2777 6.57179 0
      vertex -45.4255 6.5189 0
    endloop
  endfacet
  facet normal 0.242895 0.970053 -0
    outer loop
      vertex -46.2021 6.48074 0
      vertex -46.3545 6.5189 1.6
      vertex -46.2021 6.48074 1.6
    endloop
  endfacet
  facet normal 0.242895 0.970053 0
    outer loop
      vertex -46.3545 6.5189 1.6
      vertex -46.2021 6.48074 0
      vertex -46.3545 6.5189 0
    endloop
  endfacet
  facet normal -0.146752 0.989173 0
    outer loop
      vertex -45.5779 6.48074 0
      vertex -45.7332 6.4577 1.6
      vertex -45.5779 6.48074 1.6
    endloop
  endfacet
  facet normal -0.146752 0.989173 0
    outer loop
      vertex -45.7332 6.4577 1.6
      vertex -45.5779 6.48074 0
      vertex -45.7332 6.4577 0
    endloop
  endfacet
  facet normal 0.146689 -0.989183 0
    outer loop
      vertex -46.2021 9.61926 0
      vertex -46.0468 9.64229 1.6
      vertex -46.2021 9.61926 1.6
    endloop
  endfacet
  facet normal 0.146689 -0.989183 0
    outer loop
      vertex -46.0468 9.64229 1.6
      vertex -46.2021 9.61926 0
      vertex -46.0468 9.64229 0
    endloop
  endfacet
  facet normal -0.514027 -0.857774 0
    outer loop
      vertex -45.1358 9.46107 0
      vertex -45.0011 9.38035 1.6
      vertex -45.1358 9.46107 1.6
    endloop
  endfacet
  facet normal -0.514027 -0.857774 -0
    outer loop
      vertex -45.0011 9.38035 1.6
      vertex -45.1358 9.46107 0
      vertex -45.0011 9.38035 0
    endloop
  endfacet
  facet normal -0.904081 0.427361 0
    outer loop
      vertex -44.4789 7.29576 0
      vertex -44.4118 7.43771 1.6
      vertex -44.4118 7.43771 0
    endloop
  endfacet
  facet normal -0.904081 0.427361 0
    outer loop
      vertex -44.4118 7.43771 1.6
      vertex -44.4789 7.29576 0
      vertex -44.4789 7.29576 1.6
    endloop
  endfacet
  facet normal -0.741092 0.671404 0
    outer loop
      vertex -44.7586 6.91863 0
      vertex -44.6532 7.03497 1.6
      vertex -44.6532 7.03497 0
    endloop
  endfacet
  facet normal -0.741092 0.671404 0
    outer loop
      vertex -44.6532 7.03497 1.6
      vertex -44.7586 6.91863 0
      vertex -44.7586 6.91863 1.6
    endloop
  endfacet
  facet normal -0.049048 0.998796 0
    outer loop
      vertex -45.7332 6.4577 0
      vertex -45.89 6.45 1.6
      vertex -45.7332 6.4577 1.6
    endloop
  endfacet
  facet normal -0.049048 0.998796 0
    outer loop
      vertex -45.89 6.45 1.6
      vertex -45.7332 6.4577 0
      vertex -45.89 6.45 0
    endloop
  endfacet
  facet normal 0.146752 0.989173 -0
    outer loop
      vertex -46.0468 6.4577 0
      vertex -46.2021 6.48074 1.6
      vertex -46.0468 6.4577 1.6
    endloop
  endfacet
  facet normal 0.146752 0.989173 0
    outer loop
      vertex -46.2021 6.48074 1.6
      vertex -46.0468 6.4577 0
      vertex -46.2021 6.48074 0
    endloop
  endfacet
  facet normal 0.998797 0.0490387 0
    outer loop
      vertex -47.4823 7.89317 1.6
      vertex -47.49 8.05 0
      vertex -47.49 8.05 1.6
    endloop
  endfacet
  facet normal 0.998797 0.0490387 0
    outer loop
      vertex -47.49 8.05 0
      vertex -47.4823 7.89317 1.6
      vertex -47.4823 7.89317 0
    endloop
  endfacet
  facet normal 0.427692 0.903925 -0
    outer loop
      vertex -46.5023 6.57179 0
      vertex -46.6442 6.63893 1.6
      vertex -46.5023 6.57179 1.6
    endloop
  endfacet
  facet normal 0.427692 0.903925 0
    outer loop
      vertex -46.6442 6.63893 1.6
      vertex -46.5023 6.57179 0
      vertex -46.6442 6.63893 0
    endloop
  endfacet
  facet normal -0.242895 0.970053 0
    outer loop
      vertex -45.4255 6.5189 0
      vertex -45.5779 6.48074 1.6
      vertex -45.4255 6.5189 1.6
    endloop
  endfacet
  facet normal -0.242895 0.970053 0
    outer loop
      vertex -45.5779 6.48074 1.6
      vertex -45.4255 6.5189 0
      vertex -45.5779 6.48074 0
    endloop
  endfacet
  facet normal 0.242895 -0.970053 0
    outer loop
      vertex -46.3545 9.5811 0
      vertex -46.2021 9.61926 1.6
      vertex -46.3545 9.5811 1.6
    endloop
  endfacet
  facet normal 0.242895 -0.970053 0
    outer loop
      vertex -46.2021 9.61926 1.6
      vertex -46.3545 9.5811 0
      vertex -46.2021 9.61926 0
    endloop
  endfacet
  facet normal -0.803015 -0.595958 0
    outer loop
      vertex -44.5596 8.93891 0
      vertex -44.6532 9.06503 1.6
      vertex -44.6532 9.06503 0
    endloop
  endfacet
  facet normal -0.803015 -0.595958 0
    outer loop
      vertex -44.6532 9.06503 1.6
      vertex -44.5596 8.93891 0
      vertex -44.5596 8.93891 1.6
    endloop
  endfacet
  facet normal 0.049048 0.998796 -0
    outer loop
      vertex -45.89 6.45 0
      vertex -46.0468 6.4577 1.6
      vertex -45.89 6.45 1.6
    endloop
  endfacet
  facet normal 0.049048 0.998796 0
    outer loop
      vertex -46.0468 6.4577 1.6
      vertex -45.89 6.45 0
      vertex -46.0468 6.4577 0
    endloop
  endfacet
  facet normal -0.595732 -0.803184 0
    outer loop
      vertex -45.0011 9.38035 0
      vertex -44.875 9.28682 1.6
      vertex -45.0011 9.38035 1.6
    endloop
  endfacet
  facet normal -0.595732 -0.803184 -0
    outer loop
      vertex -44.875 9.28682 1.6
      vertex -45.0011 9.38035 0
      vertex -44.875 9.28682 0
    endloop
  endfacet
  facet normal -0.336926 -0.941531 0
    outer loop
      vertex -45.4255 9.5811 0
      vertex -45.2777 9.52821 1.6
      vertex -45.4255 9.5811 1.6
    endloop
  endfacet
  facet normal -0.336926 -0.941531 -0
    outer loop
      vertex -45.2777 9.52821 1.6
      vertex -45.4255 9.5811 0
      vertex -45.2777 9.52821 0
    endloop
  endfacet
  facet normal -0.514027 0.857774 0
    outer loop
      vertex -45.0011 6.71965 0
      vertex -45.1358 6.63893 1.6
      vertex -45.0011 6.71965 1.6
    endloop
  endfacet
  facet normal -0.514027 0.857774 0
    outer loop
      vertex -45.1358 6.63893 1.6
      vertex -45.0011 6.71965 0
      vertex -45.1358 6.63893 0
    endloop
  endfacet
  facet normal -0.803015 0.595958 0
    outer loop
      vertex -44.6532 7.03497 0
      vertex -44.5596 7.16109 1.6
      vertex -44.5596 7.16109 0
    endloop
  endfacet
  facet normal -0.803015 0.595958 0
    outer loop
      vertex -44.5596 7.16109 1.6
      vertex -44.6532 7.03497 0
      vertex -44.6532 7.03497 1.6
    endloop
  endfacet
  facet normal -0.146689 -0.989183 0
    outer loop
      vertex -45.7332 9.64229 0
      vertex -45.5779 9.61926 1.6
      vertex -45.7332 9.64229 1.6
    endloop
  endfacet
  facet normal -0.146689 -0.989183 -0
    outer loop
      vertex -45.5779 9.61926 1.6
      vertex -45.7332 9.64229 0
      vertex -45.5779 9.61926 0
    endloop
  endfacet
  facet normal -0.671388 0.741106 0
    outer loop
      vertex -44.7586 6.91863 0
      vertex -44.875 6.81318 1.6
      vertex -44.7586 6.91863 1.6
    endloop
  endfacet
  facet normal -0.671388 0.741106 0
    outer loop
      vertex -44.875 6.81318 1.6
      vertex -44.7586 6.91863 0
      vertex -44.875 6.81318 0
    endloop
  endfacet
  facet normal 0.94154 -0.336901 0
    outer loop
      vertex -47.4211 8.51445 1.6
      vertex -47.3682 8.66229 0
      vertex -47.3682 8.66229 1.6
    endloop
  endfacet
  facet normal 0.94154 -0.336901 0
    outer loop
      vertex -47.3682 8.66229 0
      vertex -47.4211 8.51445 1.6
      vertex -47.4211 8.51445 0
    endloop
  endfacet
  facet normal 0.969959 0.24327 0
    outer loop
      vertex -47.4211 7.58554 1.6
      vertex -47.4593 7.73785 0
      vertex -47.4593 7.73785 1.6
    endloop
  endfacet
  facet normal 0.969959 0.24327 0
    outer loop
      vertex -47.4593 7.73785 0
      vertex -47.4211 7.58554 1.6
      vertex -47.4211 7.58554 0
    endloop
  endfacet
  facet normal -0.242895 -0.970053 0
    outer loop
      vertex -45.5779 9.61926 0
      vertex -45.4255 9.5811 1.6
      vertex -45.5779 9.61926 1.6
    endloop
  endfacet
  facet normal -0.242895 -0.970053 -0
    outer loop
      vertex -45.4255 9.5811 1.6
      vertex -45.5779 9.61926 0
      vertex -45.4255 9.5811 0
    endloop
  endfacet
  facet normal 0.595732 -0.803184 0
    outer loop
      vertex -46.905 9.28682 0
      vertex -46.7789 9.38035 1.6
      vertex -46.905 9.28682 1.6
    endloop
  endfacet
  facet normal 0.595732 -0.803184 0
    outer loop
      vertex -46.7789 9.38035 1.6
      vertex -46.905 9.28682 0
      vertex -46.7789 9.38035 0
    endloop
  endfacet
  facet normal -0.427692 -0.903925 0
    outer loop
      vertex -45.2777 9.52821 0
      vertex -45.1358 9.46107 1.6
      vertex -45.2777 9.52821 1.6
    endloop
  endfacet
  facet normal -0.427692 -0.903925 -0
    outer loop
      vertex -45.1358 9.46107 1.6
      vertex -45.2777 9.52821 0
      vertex -45.1358 9.46107 0
    endloop
  endfacet
  facet normal -0.94154 -0.336901 0
    outer loop
      vertex -44.3589 8.51445 0
      vertex -44.4118 8.66229 1.6
      vertex -44.4118 8.66229 0
    endloop
  endfacet
  facet normal -0.94154 -0.336901 0
    outer loop
      vertex -44.4118 8.66229 1.6
      vertex -44.3589 8.51445 0
      vertex -44.3589 8.51445 1.6
    endloop
  endfacet
  facet normal -0.989213 0.146484 0
    outer loop
      vertex -44.3207 7.73785 0
      vertex -44.2977 7.89317 1.6
      vertex -44.2977 7.89317 0
    endloop
  endfacet
  facet normal -0.989213 0.146484 0
    outer loop
      vertex -44.2977 7.89317 1.6
      vertex -44.3207 7.73785 0
      vertex -44.3207 7.73785 1.6
    endloop
  endfacet
  facet normal -0.998797 0.0490387 0
    outer loop
      vertex -44.2977 7.89317 0
      vertex -44.29 8.05 1.6
      vertex -44.29 8.05 0
    endloop
  endfacet
  facet normal -0.998797 0.0490387 0
    outer loop
      vertex -44.29 8.05 1.6
      vertex -44.2977 7.89317 0
      vertex -44.2977 7.89317 1.6
    endloop
  endfacet
  facet normal -0.90407 -0.427385 0
    outer loop
      vertex -44.4118 8.66229 0
      vertex -44.4789 8.80423 1.6
      vertex -44.4789 8.80423 0
    endloop
  endfacet
  facet normal -0.90407 -0.427385 0
    outer loop
      vertex -44.4789 8.80423 1.6
      vertex -44.4118 8.66229 0
      vertex -44.4118 8.66229 1.6
    endloop
  endfacet
  facet normal -0.427692 0.903925 0
    outer loop
      vertex -45.1358 6.63893 0
      vertex -45.2777 6.57179 1.6
      vertex -45.1358 6.63893 1.6
    endloop
  endfacet
  facet normal -0.427692 0.903925 0
    outer loop
      vertex -45.2777 6.57179 1.6
      vertex -45.1358 6.63893 0
      vertex -45.2777 6.57179 0
    endloop
  endfacet
  facet normal 0.857779 0.514018 0
    outer loop
      vertex -47.2204 7.16109 1.6
      vertex -47.3011 7.29576 0
      vertex -47.3011 7.29576 1.6
    endloop
  endfacet
  facet normal 0.857779 0.514018 0
    outer loop
      vertex -47.3011 7.29576 0
      vertex -47.2204 7.16109 1.6
      vertex -47.2204 7.16109 0
    endloop
  endfacet
  facet normal -0.671388 -0.741106 0
    outer loop
      vertex -44.875 9.28682 0
      vertex -44.7586 9.18137 1.6
      vertex -44.875 9.28682 1.6
    endloop
  endfacet
  facet normal -0.671388 -0.741106 -0
    outer loop
      vertex -44.7586 9.18137 1.6
      vertex -44.875 9.28682 0
      vertex -44.7586 9.18137 0
    endloop
  endfacet
  facet normal 0.989212 -0.146493 0
    outer loop
      vertex -47.4823 8.20683 1.6
      vertex -47.4593 8.36214 0
      vertex -47.4593 8.36214 1.6
    endloop
  endfacet
  facet normal 0.989212 -0.146493 0
    outer loop
      vertex -47.4593 8.36214 0
      vertex -47.4823 8.20683 1.6
      vertex -47.4823 8.20683 0
    endloop
  endfacet
  facet normal 0.427692 -0.903925 0
    outer loop
      vertex -46.6442 9.46107 0
      vertex -46.5023 9.52821 1.6
      vertex -46.6442 9.46107 1.6
    endloop
  endfacet
  facet normal 0.427692 -0.903925 0
    outer loop
      vertex -46.5023 9.52821 1.6
      vertex -46.6442 9.46107 0
      vertex -46.5023 9.52821 0
    endloop
  endfacet
  facet normal 0.998797 -0.0490387 0
    outer loop
      vertex -47.49 8.05 1.6
      vertex -47.4823 8.20683 0
      vertex -47.4823 8.20683 1.6
    endloop
  endfacet
  facet normal 0.998797 -0.0490387 0
    outer loop
      vertex -47.4823 8.20683 0
      vertex -47.49 8.05 1.6
      vertex -47.49 8.05 0
    endloop
  endfacet
  facet normal 0.336926 -0.941531 0
    outer loop
      vertex -46.5023 9.52821 0
      vertex -46.3545 9.5811 1.6
      vertex -46.5023 9.52821 1.6
    endloop
  endfacet
  facet normal 0.336926 -0.941531 0
    outer loop
      vertex -46.3545 9.5811 1.6
      vertex -46.5023 9.52821 0
      vertex -46.3545 9.5811 0
    endloop
  endfacet
  facet normal -0.969959 0.24327 0
    outer loop
      vertex -44.3589 7.58554 0
      vertex -44.3207 7.73785 1.6
      vertex -44.3207 7.73785 0
    endloop
  endfacet
  facet normal -0.969959 0.24327 0
    outer loop
      vertex -44.3207 7.73785 1.6
      vertex -44.3589 7.58554 0
      vertex -44.3589 7.58554 1.6
    endloop
  endfacet
  facet normal -0.941533 0.336921 0
    outer loop
      vertex -44.4118 7.43771 0
      vertex -44.3589 7.58554 1.6
      vertex -44.3589 7.58554 0
    endloop
  endfacet
  facet normal -0.941533 0.336921 0
    outer loop
      vertex -44.3589 7.58554 1.6
      vertex -44.4118 7.43771 0
      vertex -44.4118 7.43771 1.6
    endloop
  endfacet
  facet normal 0.857796 -0.51399 0
    outer loop
      vertex -47.3011 8.80423 1.6
      vertex -47.2204 8.93891 0
      vertex -47.2204 8.93891 1.6
    endloop
  endfacet
  facet normal 0.857796 -0.51399 0
    outer loop
      vertex -47.2204 8.93891 0
      vertex -47.3011 8.80423 1.6
      vertex -47.3011 8.80423 0
    endloop
  endfacet
  facet normal -0.857796 -0.51399 0
    outer loop
      vertex -44.4789 8.80423 0
      vertex -44.5596 8.93891 1.6
      vertex -44.5596 8.93891 0
    endloop
  endfacet
  facet normal -0.857796 -0.51399 0
    outer loop
      vertex -44.5596 8.93891 1.6
      vertex -44.4789 8.80423 0
      vertex -44.4789 8.80423 1.6
    endloop
  endfacet
  facet normal 0.803015 0.595958 0
    outer loop
      vertex -47.1268 7.03497 1.6
      vertex -47.2204 7.16109 0
      vertex -47.2204 7.16109 1.6
    endloop
  endfacet
  facet normal 0.803015 0.595958 0
    outer loop
      vertex -47.2204 7.16109 0
      vertex -47.1268 7.03497 1.6
      vertex -47.1268 7.03497 0
    endloop
  endfacet
  facet normal 0.741092 0.671404 0
    outer loop
      vertex -47.0214 6.91863 1.6
      vertex -47.1268 7.03497 0
      vertex -47.1268 7.03497 1.6
    endloop
  endfacet
  facet normal 0.741092 0.671404 0
    outer loop
      vertex -47.1268 7.03497 0
      vertex -47.0214 6.91863 1.6
      vertex -47.0214 6.91863 0
    endloop
  endfacet
  facet normal 0.336926 0.941531 -0
    outer loop
      vertex -46.3545 6.5189 0
      vertex -46.5023 6.57179 1.6
      vertex -46.3545 6.5189 1.6
    endloop
  endfacet
  facet normal 0.336926 0.941531 0
    outer loop
      vertex -46.5023 6.57179 1.6
      vertex -46.3545 6.5189 0
      vertex -46.5023 6.57179 0
    endloop
  endfacet
  facet normal 0.803015 -0.595958 0
    outer loop
      vertex -47.2204 8.93891 1.6
      vertex -47.1268 9.06503 0
      vertex -47.1268 9.06503 1.6
    endloop
  endfacet
  facet normal 0.803015 -0.595958 0
    outer loop
      vertex -47.1268 9.06503 0
      vertex -47.2204 8.93891 1.6
      vertex -47.2204 8.93891 0
    endloop
  endfacet
  facet normal 0.904081 0.427361 0
    outer loop
      vertex -47.3011 7.29576 1.6
      vertex -47.3682 7.43771 0
      vertex -47.3682 7.43771 1.6
    endloop
  endfacet
  facet normal 0.904081 0.427361 0
    outer loop
      vertex -47.3682 7.43771 0
      vertex -47.3011 7.29576 1.6
      vertex -47.3011 7.29576 0
    endloop
  endfacet
  facet normal 0.941533 0.336921 0
    outer loop
      vertex -47.3682 7.43771 1.6
      vertex -47.4211 7.58554 0
      vertex -47.4211 7.58554 1.6
    endloop
  endfacet
  facet normal 0.941533 0.336921 0
    outer loop
      vertex -47.4211 7.58554 0
      vertex -47.3682 7.43771 1.6
      vertex -47.3682 7.43771 0
    endloop
  endfacet
  facet normal 0.671388 -0.741106 0
    outer loop
      vertex -47.0214 9.18137 0
      vertex -46.905 9.28682 1.6
      vertex -47.0214 9.18137 1.6
    endloop
  endfacet
  facet normal 0.671388 -0.741106 0
    outer loop
      vertex -46.905 9.28682 1.6
      vertex -47.0214 9.18137 0
      vertex -46.905 9.28682 0
    endloop
  endfacet
  facet normal 0.969959 -0.24327 0
    outer loop
      vertex -47.4593 8.36214 1.6
      vertex -47.4211 8.51445 0
      vertex -47.4211 8.51445 1.6
    endloop
  endfacet
  facet normal 0.969959 -0.24327 0
    outer loop
      vertex -47.4211 8.51445 0
      vertex -47.4593 8.36214 1.6
      vertex -47.4593 8.36214 0
    endloop
  endfacet
  facet normal -0.0491116 -0.998793 0
    outer loop
      vertex -45.89 9.65 0
      vertex -45.7332 9.64229 1.6
      vertex -45.89 9.65 1.6
    endloop
  endfacet
  facet normal -0.0491116 -0.998793 -0
    outer loop
      vertex -45.7332 9.64229 1.6
      vertex -45.89 9.65 0
      vertex -45.7332 9.64229 0
    endloop
  endfacet
  facet normal -0.857779 0.514018 0
    outer loop
      vertex -44.5596 7.16109 0
      vertex -44.4789 7.29576 1.6
      vertex -44.4789 7.29576 0
    endloop
  endfacet
  facet normal -0.857779 0.514018 0
    outer loop
      vertex -44.4789 7.29576 1.6
      vertex -44.5596 7.16109 0
      vertex -44.5596 7.16109 1.6
    endloop
  endfacet
  facet normal 0.671388 0.741106 -0
    outer loop
      vertex -46.905 6.81318 0
      vertex -47.0214 6.91863 1.6
      vertex -46.905 6.81318 1.6
    endloop
  endfacet
  facet normal 0.671388 0.741106 0
    outer loop
      vertex -47.0214 6.91863 1.6
      vertex -46.905 6.81318 0
      vertex -47.0214 6.91863 0
    endloop
  endfacet
  facet normal -0.741092 -0.671404 0
    outer loop
      vertex -44.6532 9.06503 0
      vertex -44.7586 9.18137 1.6
      vertex -44.7586 9.18137 0
    endloop
  endfacet
  facet normal -0.741092 -0.671404 0
    outer loop
      vertex -44.7586 9.18137 1.6
      vertex -44.6532 9.06503 0
      vertex -44.6532 9.06503 1.6
    endloop
  endfacet
  facet normal 0.741092 -0.671404 0
    outer loop
      vertex -47.1268 9.06503 1.6
      vertex -47.0214 9.18137 0
      vertex -47.0214 9.18137 1.6
    endloop
  endfacet
  facet normal 0.741092 -0.671404 0
    outer loop
      vertex -47.0214 9.18137 0
      vertex -47.1268 9.06503 1.6
      vertex -47.1268 9.06503 0
    endloop
  endfacet
  facet normal 0.595732 0.803184 -0
    outer loop
      vertex -46.7789 6.71965 0
      vertex -46.905 6.81318 1.6
      vertex -46.7789 6.71965 1.6
    endloop
  endfacet
  facet normal 0.595732 0.803184 0
    outer loop
      vertex -46.905 6.81318 1.6
      vertex -46.7789 6.71965 0
      vertex -46.905 6.81318 0
    endloop
  endfacet
  facet normal -0.595732 0.803184 0
    outer loop
      vertex -44.875 6.81318 0
      vertex -45.0011 6.71965 1.6
      vertex -44.875 6.81318 1.6
    endloop
  endfacet
  facet normal -0.595732 0.803184 0
    outer loop
      vertex -45.0011 6.71965 1.6
      vertex -44.875 6.81318 0
      vertex -45.0011 6.71965 0
    endloop
  endfacet
  facet normal 0.90407 -0.427385 0
    outer loop
      vertex -47.3682 8.66229 1.6
      vertex -47.3011 8.80423 0
      vertex -47.3011 8.80423 1.6
    endloop
  endfacet
  facet normal 0.90407 -0.427385 0
    outer loop
      vertex -47.3011 8.80423 0
      vertex -47.3682 8.66229 1.6
      vertex -47.3682 8.66229 0
    endloop
  endfacet
  facet normal 0.514027 -0.857774 0
    outer loop
      vertex -46.7789 9.38035 0
      vertex -46.6442 9.46107 1.6
      vertex -46.7789 9.38035 1.6
    endloop
  endfacet
  facet normal 0.514027 -0.857774 0
    outer loop
      vertex -46.6442 9.46107 1.6
      vertex -46.7789 9.38035 0
      vertex -46.6442 9.46107 0
    endloop
  endfacet
  facet normal 0.514027 0.857774 -0
    outer loop
      vertex -46.6442 6.63893 0
      vertex -46.7789 6.71965 1.6
      vertex -46.6442 6.63893 1.6
    endloop
  endfacet
  facet normal 0.514027 0.857774 0
    outer loop
      vertex -46.7789 6.71965 1.6
      vertex -46.6442 6.63893 0
      vertex -46.7789 6.71965 0
    endloop
  endfacet
  facet normal -0.989213 -0.146484 0
    outer loop
      vertex -44.2977 -7.89317 0
      vertex -44.3207 -7.73785 1.6
      vertex -44.3207 -7.73785 0
    endloop
  endfacet
  facet normal -0.989213 -0.146484 0
    outer loop
      vertex -44.3207 -7.73785 1.6
      vertex -44.2977 -7.89317 0
      vertex -44.2977 -7.89317 1.6
    endloop
  endfacet
  facet normal -0.998797 -0.0490387 0
    outer loop
      vertex -44.29 -8.05 0
      vertex -44.2977 -7.89317 1.6
      vertex -44.2977 -7.89317 0
    endloop
  endfacet
  facet normal -0.998797 -0.0490387 0
    outer loop
      vertex -44.2977 -7.89317 1.6
      vertex -44.29 -8.05 0
      vertex -44.29 -8.05 1.6
    endloop
  endfacet
  facet normal -0.969959 -0.24327 0
    outer loop
      vertex -44.3207 -7.73785 0
      vertex -44.3589 -7.58554 1.6
      vertex -44.3589 -7.58554 0
    endloop
  endfacet
  facet normal -0.969959 -0.24327 0
    outer loop
      vertex -44.3589 -7.58554 1.6
      vertex -44.3207 -7.73785 0
      vertex -44.3207 -7.73785 1.6
    endloop
  endfacet
  facet normal 0.671388 -0.741106 0
    outer loop
      vertex -47.0214 -6.91863 0
      vertex -46.905 -6.81318 1.6
      vertex -47.0214 -6.91863 1.6
    endloop
  endfacet
  facet normal 0.671388 -0.741106 0
    outer loop
      vertex -46.905 -6.81318 1.6
      vertex -47.0214 -6.91863 0
      vertex -46.905 -6.81318 0
    endloop
  endfacet
  facet normal 0.514027 0.857774 -0
    outer loop
      vertex -46.6442 -9.46107 0
      vertex -46.7789 -9.38035 1.6
      vertex -46.6442 -9.46107 1.6
    endloop
  endfacet
  facet normal 0.514027 0.857774 0
    outer loop
      vertex -46.7789 -9.38035 1.6
      vertex -46.6442 -9.46107 0
      vertex -46.7789 -9.38035 0
    endloop
  endfacet
  facet normal -0.595732 -0.803184 0
    outer loop
      vertex -45.0011 -6.71965 0
      vertex -44.875 -6.81318 1.6
      vertex -45.0011 -6.71965 1.6
    endloop
  endfacet
  facet normal -0.595732 -0.803184 -0
    outer loop
      vertex -44.875 -6.81318 1.6
      vertex -45.0011 -6.71965 0
      vertex -44.875 -6.81318 0
    endloop
  endfacet
  facet normal 0.242895 0.970053 -0
    outer loop
      vertex -46.2021 -9.61926 0
      vertex -46.3545 -9.5811 1.6
      vertex -46.2021 -9.61926 1.6
    endloop
  endfacet
  facet normal 0.242895 0.970053 0
    outer loop
      vertex -46.3545 -9.5811 1.6
      vertex -46.2021 -9.61926 0
      vertex -46.3545 -9.5811 0
    endloop
  endfacet
  facet normal -0.0491116 0.998793 0
    outer loop
      vertex -45.7332 -9.64229 0
      vertex -45.89 -9.65 1.6
      vertex -45.7332 -9.64229 1.6
    endloop
  endfacet
  facet normal -0.0491116 0.998793 0
    outer loop
      vertex -45.89 -9.65 1.6
      vertex -45.7332 -9.64229 0
      vertex -45.89 -9.65 0
    endloop
  endfacet
  facet normal 0.336926 0.941531 -0
    outer loop
      vertex -46.3545 -9.5811 0
      vertex -46.5023 -9.52821 1.6
      vertex -46.3545 -9.5811 1.6
    endloop
  endfacet
  facet normal 0.336926 0.941531 0
    outer loop
      vertex -46.5023 -9.52821 1.6
      vertex -46.3545 -9.5811 0
      vertex -46.5023 -9.52821 0
    endloop
  endfacet
  facet normal 0.94154 0.336901 0
    outer loop
      vertex -47.3682 -8.66229 1.6
      vertex -47.4211 -8.51445 0
      vertex -47.4211 -8.51445 1.6
    endloop
  endfacet
  facet normal 0.94154 0.336901 0
    outer loop
      vertex -47.4211 -8.51445 0
      vertex -47.3682 -8.66229 1.6
      vertex -47.3682 -8.66229 0
    endloop
  endfacet
  facet normal 0.595732 0.803184 -0
    outer loop
      vertex -46.7789 -9.38035 0
      vertex -46.905 -9.28682 1.6
      vertex -46.7789 -9.38035 1.6
    endloop
  endfacet
  facet normal 0.595732 0.803184 0
    outer loop
      vertex -46.905 -9.28682 1.6
      vertex -46.7789 -9.38035 0
      vertex -46.905 -9.28682 0
    endloop
  endfacet
  facet normal 0.989212 0.146493 0
    outer loop
      vertex -47.4593 -8.36214 1.6
      vertex -47.4823 -8.20683 0
      vertex -47.4823 -8.20683 1.6
    endloop
  endfacet
  facet normal 0.989212 0.146493 0
    outer loop
      vertex -47.4823 -8.20683 0
      vertex -47.4593 -8.36214 1.6
      vertex -47.4593 -8.36214 0
    endloop
  endfacet
  facet normal 0.514027 -0.857774 0
    outer loop
      vertex -46.7789 -6.71965 0
      vertex -46.6442 -6.63893 1.6
      vertex -46.7789 -6.71965 1.6
    endloop
  endfacet
  facet normal 0.514027 -0.857774 0
    outer loop
      vertex -46.6442 -6.63893 1.6
      vertex -46.7789 -6.71965 0
      vertex -46.6442 -6.63893 0
    endloop
  endfacet
  facet normal -0.336926 -0.941531 0
    outer loop
      vertex -45.4255 -6.5189 0
      vertex -45.2777 -6.57179 1.6
      vertex -45.4255 -6.5189 1.6
    endloop
  endfacet
  facet normal -0.336926 -0.941531 -0
    outer loop
      vertex -45.2777 -6.57179 1.6
      vertex -45.4255 -6.5189 0
      vertex -45.2777 -6.57179 0
    endloop
  endfacet
  facet normal 0.857779 -0.514018 0
    outer loop
      vertex -47.3011 -7.29576 1.6
      vertex -47.2204 -7.16109 0
      vertex -47.2204 -7.16109 1.6
    endloop
  endfacet
  facet normal 0.857779 -0.514018 0
    outer loop
      vertex -47.2204 -7.16109 0
      vertex -47.3011 -7.29576 1.6
      vertex -47.3011 -7.29576 0
    endloop
  endfacet
  facet normal 0.803015 0.595958 0
    outer loop
      vertex -47.1268 -9.06503 1.6
      vertex -47.2204 -8.93891 0
      vertex -47.2204 -8.93891 1.6
    endloop
  endfacet
  facet normal 0.803015 0.595958 0
    outer loop
      vertex -47.2204 -8.93891 0
      vertex -47.1268 -9.06503 1.6
      vertex -47.1268 -9.06503 0
    endloop
  endfacet
  facet normal 0.336926 -0.941531 0
    outer loop
      vertex -46.5023 -6.57179 0
      vertex -46.3545 -6.5189 1.6
      vertex -46.5023 -6.57179 1.6
    endloop
  endfacet
  facet normal 0.336926 -0.941531 0
    outer loop
      vertex -46.3545 -6.5189 1.6
      vertex -46.5023 -6.57179 0
      vertex -46.3545 -6.5189 0
    endloop
  endfacet
  facet normal 0.595732 -0.803184 0
    outer loop
      vertex -46.905 -6.81318 0
      vertex -46.7789 -6.71965 1.6
      vertex -46.905 -6.81318 1.6
    endloop
  endfacet
  facet normal 0.595732 -0.803184 0
    outer loop
      vertex -46.7789 -6.71965 1.6
      vertex -46.905 -6.81318 0
      vertex -46.7789 -6.71965 0
    endloop
  endfacet
  facet normal 0.049048 -0.998796 0
    outer loop
      vertex -46.0468 -6.4577 0
      vertex -45.89 -6.45 1.6
      vertex -46.0468 -6.4577 1.6
    endloop
  endfacet
  facet normal 0.049048 -0.998796 0
    outer loop
      vertex -45.89 -6.45 1.6
      vertex -46.0468 -6.4577 0
      vertex -45.89 -6.45 0
    endloop
  endfacet
  facet normal 0.90407 0.427385 0
    outer loop
      vertex -47.3011 -8.80423 1.6
      vertex -47.3682 -8.66229 0
      vertex -47.3682 -8.66229 1.6
    endloop
  endfacet
  facet normal 0.90407 0.427385 0
    outer loop
      vertex -47.3682 -8.66229 0
      vertex -47.3011 -8.80423 1.6
      vertex -47.3011 -8.80423 0
    endloop
  endfacet
  facet normal 0.904081 -0.427361 0
    outer loop
      vertex -47.3682 -7.43771 1.6
      vertex -47.3011 -7.29576 0
      vertex -47.3011 -7.29576 1.6
    endloop
  endfacet
  facet normal 0.904081 -0.427361 0
    outer loop
      vertex -47.3011 -7.29576 0
      vertex -47.3682 -7.43771 1.6
      vertex -47.3682 -7.43771 0
    endloop
  endfacet
  facet normal -0.803015 -0.595958 0
    outer loop
      vertex -44.5596 -7.16109 0
      vertex -44.6532 -7.03497 1.6
      vertex -44.6532 -7.03497 0
    endloop
  endfacet
  facet normal -0.803015 -0.595958 0
    outer loop
      vertex -44.6532 -7.03497 1.6
      vertex -44.5596 -7.16109 0
      vertex -44.5596 -7.16109 1.6
    endloop
  endfacet
  facet normal 0.857796 0.51399 0
    outer loop
      vertex -47.2204 -8.93891 1.6
      vertex -47.3011 -8.80423 0
      vertex -47.3011 -8.80423 1.6
    endloop
  endfacet
  facet normal 0.857796 0.51399 0
    outer loop
      vertex -47.3011 -8.80423 0
      vertex -47.2204 -8.93891 1.6
      vertex -47.2204 -8.93891 0
    endloop
  endfacet
  facet normal -0.427692 -0.903925 0
    outer loop
      vertex -45.2777 -6.57179 0
      vertex -45.1358 -6.63893 1.6
      vertex -45.2777 -6.57179 1.6
    endloop
  endfacet
  facet normal -0.427692 -0.903925 -0
    outer loop
      vertex -45.1358 -6.63893 1.6
      vertex -45.2777 -6.57179 0
      vertex -45.1358 -6.63893 0
    endloop
  endfacet
  facet normal -0.998797 0.0490387 0
    outer loop
      vertex -44.2977 -8.20683 0
      vertex -44.29 -8.05 1.6
      vertex -44.29 -8.05 0
    endloop
  endfacet
  facet normal -0.998797 0.0490387 0
    outer loop
      vertex -44.29 -8.05 1.6
      vertex -44.2977 -8.20683 0
      vertex -44.2977 -8.20683 1.6
    endloop
  endfacet
  facet normal 0.741092 -0.671404 0
    outer loop
      vertex -47.1268 -7.03497 1.6
      vertex -47.0214 -6.91863 0
      vertex -47.0214 -6.91863 1.6
    endloop
  endfacet
  facet normal 0.741092 -0.671404 0
    outer loop
      vertex -47.0214 -6.91863 0
      vertex -47.1268 -7.03497 1.6
      vertex -47.1268 -7.03497 0
    endloop
  endfacet
  facet normal -0.989212 0.146493 0
    outer loop
      vertex -44.3207 -8.36214 0
      vertex -44.2977 -8.20683 1.6
      vertex -44.2977 -8.20683 0
    endloop
  endfacet
  facet normal -0.989212 0.146493 0
    outer loop
      vertex -44.2977 -8.20683 1.6
      vertex -44.3207 -8.36214 0
      vertex -44.3207 -8.36214 1.6
    endloop
  endfacet
  facet normal -0.514027 -0.857774 0
    outer loop
      vertex -45.1358 -6.63893 0
      vertex -45.0011 -6.71965 1.6
      vertex -45.1358 -6.63893 1.6
    endloop
  endfacet
  facet normal -0.514027 -0.857774 -0
    outer loop
      vertex -45.0011 -6.71965 1.6
      vertex -45.1358 -6.63893 0
      vertex -45.0011 -6.71965 0
    endloop
  endfacet
  facet normal -0.941533 -0.336921 0
    outer loop
      vertex -44.3589 -7.58554 0
      vertex -44.4118 -7.43771 1.6
      vertex -44.4118 -7.43771 0
    endloop
  endfacet
  facet normal -0.941533 -0.336921 0
    outer loop
      vertex -44.4118 -7.43771 1.6
      vertex -44.3589 -7.58554 0
      vertex -44.3589 -7.58554 1.6
    endloop
  endfacet
  facet normal 0.427692 0.903925 -0
    outer loop
      vertex -46.5023 -9.52821 0
      vertex -46.6442 -9.46107 1.6
      vertex -46.5023 -9.52821 1.6
    endloop
  endfacet
  facet normal 0.427692 0.903925 0
    outer loop
      vertex -46.6442 -9.46107 1.6
      vertex -46.5023 -9.52821 0
      vertex -46.6442 -9.46107 0
    endloop
  endfacet
  facet normal 0.941533 -0.336921 0
    outer loop
      vertex -47.4211 -7.58554 1.6
      vertex -47.3682 -7.43771 0
      vertex -47.3682 -7.43771 1.6
    endloop
  endfacet
  facet normal 0.941533 -0.336921 0
    outer loop
      vertex -47.3682 -7.43771 0
      vertex -47.4211 -7.58554 1.6
      vertex -47.4211 -7.58554 0
    endloop
  endfacet
  facet normal 0.998797 0.0490387 0
    outer loop
      vertex -47.4823 -8.20683 1.6
      vertex -47.49 -8.05 0
      vertex -47.49 -8.05 1.6
    endloop
  endfacet
  facet normal 0.998797 0.0490387 0
    outer loop
      vertex -47.49 -8.05 0
      vertex -47.4823 -8.20683 1.6
      vertex -47.4823 -8.20683 0
    endloop
  endfacet
  facet normal -0.336926 0.941531 0
    outer loop
      vertex -45.2777 -9.52821 0
      vertex -45.4255 -9.5811 1.6
      vertex -45.2777 -9.52821 1.6
    endloop
  endfacet
  facet normal -0.336926 0.941531 0
    outer loop
      vertex -45.4255 -9.5811 1.6
      vertex -45.2777 -9.52821 0
      vertex -45.4255 -9.5811 0
    endloop
  endfacet
  facet normal 0.969959 -0.24327 0
    outer loop
      vertex -47.4593 -7.73785 1.6
      vertex -47.4211 -7.58554 0
      vertex -47.4211 -7.58554 1.6
    endloop
  endfacet
  facet normal 0.969959 -0.24327 0
    outer loop
      vertex -47.4211 -7.58554 0
      vertex -47.4593 -7.73785 1.6
      vertex -47.4593 -7.73785 0
    endloop
  endfacet
  facet normal 0.998797 -0.0490387 0
    outer loop
      vertex -47.49 -8.05 1.6
      vertex -47.4823 -7.89317 0
      vertex -47.4823 -7.89317 1.6
    endloop
  endfacet
  facet normal 0.998797 -0.0490387 0
    outer loop
      vertex -47.4823 -7.89317 0
      vertex -47.49 -8.05 1.6
      vertex -47.49 -8.05 0
    endloop
  endfacet
  facet normal -0.514027 0.857774 0
    outer loop
      vertex -45.0011 -9.38035 0
      vertex -45.1358 -9.46107 1.6
      vertex -45.0011 -9.38035 1.6
    endloop
  endfacet
  facet normal -0.514027 0.857774 0
    outer loop
      vertex -45.1358 -9.46107 1.6
      vertex -45.0011 -9.38035 0
      vertex -45.1358 -9.46107 0
    endloop
  endfacet
  facet normal -0.741092 0.671404 0
    outer loop
      vertex -44.7586 -9.18137 0
      vertex -44.6532 -9.06503 1.6
      vertex -44.6532 -9.06503 0
    endloop
  endfacet
  facet normal -0.741092 0.671404 0
    outer loop
      vertex -44.6532 -9.06503 1.6
      vertex -44.7586 -9.18137 0
      vertex -44.7586 -9.18137 1.6
    endloop
  endfacet
  facet normal 0.242895 -0.970053 0
    outer loop
      vertex -46.3545 -6.5189 0
      vertex -46.2021 -6.48074 1.6
      vertex -46.3545 -6.5189 1.6
    endloop
  endfacet
  facet normal 0.242895 -0.970053 0
    outer loop
      vertex -46.2021 -6.48074 1.6
      vertex -46.3545 -6.5189 0
      vertex -46.2021 -6.48074 0
    endloop
  endfacet
  facet normal -0.427692 0.903925 0
    outer loop
      vertex -45.1358 -9.46107 0
      vertex -45.2777 -9.52821 1.6
      vertex -45.1358 -9.46107 1.6
    endloop
  endfacet
  facet normal -0.427692 0.903925 0
    outer loop
      vertex -45.2777 -9.52821 1.6
      vertex -45.1358 -9.46107 0
      vertex -45.2777 -9.52821 0
    endloop
  endfacet
  facet normal 0.146752 -0.989173 0
    outer loop
      vertex -46.2021 -6.48074 0
      vertex -46.0468 -6.4577 1.6
      vertex -46.2021 -6.48074 1.6
    endloop
  endfacet
  facet normal 0.146752 -0.989173 0
    outer loop
      vertex -46.0468 -6.4577 1.6
      vertex -46.2021 -6.48074 0
      vertex -46.0468 -6.4577 0
    endloop
  endfacet
  facet normal -0.595732 0.803184 0
    outer loop
      vertex -44.875 -9.28682 0
      vertex -45.0011 -9.38035 1.6
      vertex -44.875 -9.28682 1.6
    endloop
  endfacet
  facet normal -0.595732 0.803184 0
    outer loop
      vertex -45.0011 -9.38035 1.6
      vertex -44.875 -9.28682 0
      vertex -45.0011 -9.38035 0
    endloop
  endfacet
  facet normal -0.146689 0.989183 0
    outer loop
      vertex -45.5779 -9.61926 0
      vertex -45.7332 -9.64229 1.6
      vertex -45.5779 -9.61926 1.6
    endloop
  endfacet
  facet normal -0.146689 0.989183 0
    outer loop
      vertex -45.7332 -9.64229 1.6
      vertex -45.5779 -9.61926 0
      vertex -45.7332 -9.64229 0
    endloop
  endfacet
  facet normal -0.94154 0.336901 0
    outer loop
      vertex -44.4118 -8.66229 0
      vertex -44.3589 -8.51445 1.6
      vertex -44.3589 -8.51445 0
    endloop
  endfacet
  facet normal -0.94154 0.336901 0
    outer loop
      vertex -44.3589 -8.51445 1.6
      vertex -44.4118 -8.66229 0
      vertex -44.4118 -8.66229 1.6
    endloop
  endfacet
  facet normal -0.803015 0.595958 0
    outer loop
      vertex -44.6532 -9.06503 0
      vertex -44.5596 -8.93891 1.6
      vertex -44.5596 -8.93891 0
    endloop
  endfacet
  facet normal -0.803015 0.595958 0
    outer loop
      vertex -44.5596 -8.93891 1.6
      vertex -44.6532 -9.06503 0
      vertex -44.6532 -9.06503 1.6
    endloop
  endfacet
  facet normal 0.803015 -0.595958 0
    outer loop
      vertex -47.2204 -7.16109 1.6
      vertex -47.1268 -7.03497 0
      vertex -47.1268 -7.03497 1.6
    endloop
  endfacet
  facet normal 0.803015 -0.595958 0
    outer loop
      vertex -47.1268 -7.03497 0
      vertex -47.2204 -7.16109 1.6
      vertex -47.2204 -7.16109 0
    endloop
  endfacet
  facet normal 0.146689 0.989183 -0
    outer loop
      vertex -46.0468 -9.64229 0
      vertex -46.2021 -9.61926 1.6
      vertex -46.0468 -9.64229 1.6
    endloop
  endfacet
  facet normal 0.146689 0.989183 0
    outer loop
      vertex -46.2021 -9.61926 1.6
      vertex -46.0468 -9.64229 0
      vertex -46.2021 -9.61926 0
    endloop
  endfacet
  facet normal -0.904081 -0.427361 0
    outer loop
      vertex -44.4118 -7.43771 0
      vertex -44.4789 -7.29576 1.6
      vertex -44.4789 -7.29576 0
    endloop
  endfacet
  facet normal -0.904081 -0.427361 0
    outer loop
      vertex -44.4789 -7.29576 1.6
      vertex -44.4118 -7.43771 0
      vertex -44.4118 -7.43771 1.6
    endloop
  endfacet
  facet normal -0.741092 -0.671404 0
    outer loop
      vertex -44.6532 -7.03497 0
      vertex -44.7586 -6.91863 1.6
      vertex -44.7586 -6.91863 0
    endloop
  endfacet
  facet normal -0.741092 -0.671404 0
    outer loop
      vertex -44.7586 -6.91863 1.6
      vertex -44.6532 -7.03497 0
      vertex -44.6532 -7.03497 1.6
    endloop
  endfacet
  facet normal -0.857779 -0.514018 0
    outer loop
      vertex -44.4789 -7.29576 0
      vertex -44.5596 -7.16109 1.6
      vertex -44.5596 -7.16109 0
    endloop
  endfacet
  facet normal -0.857779 -0.514018 0
    outer loop
      vertex -44.5596 -7.16109 1.6
      vertex -44.4789 -7.29576 0
      vertex -44.4789 -7.29576 1.6
    endloop
  endfacet
  facet normal -0.049048 -0.998796 0
    outer loop
      vertex -45.89 -6.45 0
      vertex -45.7332 -6.4577 1.6
      vertex -45.89 -6.45 1.6
    endloop
  endfacet
  facet normal -0.049048 -0.998796 -0
    outer loop
      vertex -45.7332 -6.4577 1.6
      vertex -45.89 -6.45 0
      vertex -45.7332 -6.4577 0
    endloop
  endfacet
  facet normal -0.146752 -0.989173 0
    outer loop
      vertex -45.7332 -6.4577 0
      vertex -45.5779 -6.48074 1.6
      vertex -45.7332 -6.4577 1.6
    endloop
  endfacet
  facet normal -0.146752 -0.989173 -0
    outer loop
      vertex -45.5779 -6.48074 1.6
      vertex -45.7332 -6.4577 0
      vertex -45.5779 -6.48074 0
    endloop
  endfacet
  facet normal 0.427692 -0.903925 0
    outer loop
      vertex -46.6442 -6.63893 0
      vertex -46.5023 -6.57179 1.6
      vertex -46.6442 -6.63893 1.6
    endloop
  endfacet
  facet normal 0.427692 -0.903925 0
    outer loop
      vertex -46.5023 -6.57179 1.6
      vertex -46.6442 -6.63893 0
      vertex -46.5023 -6.57179 0
    endloop
  endfacet
  facet normal -0.242895 0.970053 0
    outer loop
      vertex -45.4255 -9.5811 0
      vertex -45.5779 -9.61926 1.6
      vertex -45.4255 -9.5811 1.6
    endloop
  endfacet
  facet normal -0.242895 0.970053 0
    outer loop
      vertex -45.5779 -9.61926 1.6
      vertex -45.4255 -9.5811 0
      vertex -45.5779 -9.61926 0
    endloop
  endfacet
  facet normal -0.969959 0.24327 0
    outer loop
      vertex -44.3589 -8.51445 0
      vertex -44.3207 -8.36214 1.6
      vertex -44.3207 -8.36214 0
    endloop
  endfacet
  facet normal -0.969959 0.24327 0
    outer loop
      vertex -44.3207 -8.36214 1.6
      vertex -44.3589 -8.51445 0
      vertex -44.3589 -8.51445 1.6
    endloop
  endfacet
  facet normal 0.989213 -0.146484 0
    outer loop
      vertex -47.4823 -7.89317 1.6
      vertex -47.4593 -7.73785 0
      vertex -47.4593 -7.73785 1.6
    endloop
  endfacet
  facet normal 0.989213 -0.146484 0
    outer loop
      vertex -47.4593 -7.73785 0
      vertex -47.4823 -7.89317 1.6
      vertex -47.4823 -7.89317 0
    endloop
  endfacet
  facet normal -0.671388 -0.741106 0
    outer loop
      vertex -44.875 -6.81318 0
      vertex -44.7586 -6.91863 1.6
      vertex -44.875 -6.81318 1.6
    endloop
  endfacet
  facet normal -0.671388 -0.741106 -0
    outer loop
      vertex -44.7586 -6.91863 1.6
      vertex -44.875 -6.81318 0
      vertex -44.7586 -6.91863 0
    endloop
  endfacet
  facet normal 0.969959 0.24327 0
    outer loop
      vertex -47.4211 -8.51445 1.6
      vertex -47.4593 -8.36214 0
      vertex -47.4593 -8.36214 1.6
    endloop
  endfacet
  facet normal 0.969959 0.24327 0
    outer loop
      vertex -47.4593 -8.36214 0
      vertex -47.4211 -8.51445 1.6
      vertex -47.4211 -8.51445 0
    endloop
  endfacet
  facet normal 0.741092 0.671404 0
    outer loop
      vertex -47.0214 -9.18137 1.6
      vertex -47.1268 -9.06503 0
      vertex -47.1268 -9.06503 1.6
    endloop
  endfacet
  facet normal 0.741092 0.671404 0
    outer loop
      vertex -47.1268 -9.06503 0
      vertex -47.0214 -9.18137 1.6
      vertex -47.0214 -9.18137 0
    endloop
  endfacet
  facet normal -0.90407 0.427385 0
    outer loop
      vertex -44.4789 -8.80423 0
      vertex -44.4118 -8.66229 1.6
      vertex -44.4118 -8.66229 0
    endloop
  endfacet
  facet normal -0.90407 0.427385 0
    outer loop
      vertex -44.4118 -8.66229 1.6
      vertex -44.4789 -8.80423 0
      vertex -44.4789 -8.80423 1.6
    endloop
  endfacet
  facet normal -0.857796 0.51399 0
    outer loop
      vertex -44.5596 -8.93891 0
      vertex -44.4789 -8.80423 1.6
      vertex -44.4789 -8.80423 0
    endloop
  endfacet
  facet normal -0.857796 0.51399 0
    outer loop
      vertex -44.4789 -8.80423 1.6
      vertex -44.5596 -8.93891 0
      vertex -44.5596 -8.93891 1.6
    endloop
  endfacet
  facet normal 0.671388 0.741106 -0
    outer loop
      vertex -46.905 -9.28682 0
      vertex -47.0214 -9.18137 1.6
      vertex -46.905 -9.28682 1.6
    endloop
  endfacet
  facet normal 0.671388 0.741106 0
    outer loop
      vertex -47.0214 -9.18137 1.6
      vertex -46.905 -9.28682 0
      vertex -47.0214 -9.18137 0
    endloop
  endfacet
  facet normal -0.242895 -0.970053 0
    outer loop
      vertex -45.5779 -6.48074 0
      vertex -45.4255 -6.5189 1.6
      vertex -45.5779 -6.48074 1.6
    endloop
  endfacet
  facet normal -0.242895 -0.970053 -0
    outer loop
      vertex -45.4255 -6.5189 1.6
      vertex -45.5779 -6.48074 0
      vertex -45.4255 -6.5189 0
    endloop
  endfacet
  facet normal 0.0491116 0.998793 -0
    outer loop
      vertex -45.89 -9.65 0
      vertex -46.0468 -9.64229 1.6
      vertex -45.89 -9.65 1.6
    endloop
  endfacet
  facet normal 0.0491116 0.998793 0
    outer loop
      vertex -46.0468 -9.64229 1.6
      vertex -45.89 -9.65 0
      vertex -46.0468 -9.64229 0
    endloop
  endfacet
  facet normal -0.671388 0.741106 0
    outer loop
      vertex -44.7586 -9.18137 0
      vertex -44.875 -9.28682 1.6
      vertex -44.7586 -9.18137 1.6
    endloop
  endfacet
  facet normal -0.671388 0.741106 0
    outer loop
      vertex -44.875 -9.28682 1.6
      vertex -44.7586 -9.18137 0
      vertex -44.875 -9.28682 0
    endloop
  endfacet
  facet normal -0.989176 -0.146737 0
    outer loop
      vertex -49.8131 -8.83035 0
      vertex -49.8707 -8.44206 1.6
      vertex -49.8707 -8.44206 0
    endloop
  endfacet
  facet normal -0.989176 -0.146737 0
    outer loop
      vertex -49.8707 -8.44206 1.6
      vertex -49.8131 -8.83035 0
      vertex -49.8131 -8.83035 1.6
    endloop
  endfacet
  facet normal 0.941532 -0.336922 0
    outer loop
      vertex -17.6402 -11.2869 1.6
      vertex -17.4071 -10.6355 0
      vertex -17.4071 -10.6355 1.6
    endloop
  endfacet
  facet normal 0.941532 -0.336922 0
    outer loop
      vertex -17.4071 -10.6355 0
      vertex -17.6402 -11.2869 1.6
      vertex -17.6402 -11.2869 0
    endloop
  endfacet
  facet normal 0.980822 0.194903 0
    outer loop
      vertex -17.1628 9.66014 1.6
      vertex -17.1934 9.81413 0
      vertex -17.1934 9.81413 1.6
    endloop
  endfacet
  facet normal 0.980822 0.194903 0
    outer loop
      vertex -17.1934 9.81413 0
      vertex -17.1628 9.66014 1.6
      vertex -17.1628 9.66014 0
    endloop
  endfacet
  facet normal 0.773105 0.634278 0
    outer loop
      vertex -18.9252 13.4756 1.6
      vertex -19.0248 13.597 0
      vertex -19.0248 13.597 1.6
    endloop
  endfacet
  facet normal 0.773105 0.634278 0
    outer loop
      vertex -19.0248 13.597 0
      vertex -18.9252 13.4756 1.6
      vertex -18.9252 13.4756 0
    endloop
  endfacet
  facet normal -0.0980537 -0.995181 0
    outer loop
      vertex -35.2658 -16.6487 0
      vertex -35.1095 -16.6641 1.6
      vertex -35.2658 -16.6487 1.6
    endloop
  endfacet
  facet normal -0.0980537 -0.995181 -0
    outer loop
      vertex -35.1095 -16.6641 1.6
      vertex -35.2658 -16.6487 0
      vertex -35.1095 -16.6641 0
    endloop
  endfacet
  facet normal -0.998791 -0.0491664 0
    outer loop
      vertex -49.8707 -8.44206 0
      vertex -49.89 -8.04999 1.6
      vertex -49.89 -8.04999 0
    endloop
  endfacet
  facet normal -0.998791 -0.0491664 0
    outer loop
      vertex -49.89 -8.04999 1.6
      vertex -49.8707 -8.44206 0
      vertex -49.8707 -8.44206 1.6
    endloop
  endfacet
  facet normal 0.773105 -0.634278 0
    outer loop
      vertex -19.0248 -13.597 1.6
      vertex -18.9252 -13.4756 0
      vertex -18.9252 -13.4756 1.6
    endloop
  endfacet
  facet normal 0.773105 -0.634278 0
    outer loop
      vertex -18.9252 -13.4756 0
      vertex -19.0248 -13.597 1.6
      vertex -19.0248 -13.597 0
    endloop
  endfacet
  facet normal 0.98918 0.146707 0
    outer loop
      vertex -17.0613 8.97577 1.6
      vertex -17.1628 9.66014 0
      vertex -17.1628 9.66014 1.6
    endloop
  endfacet
  facet normal 0.98918 0.146707 0
    outer loop
      vertex -17.1628 9.66014 0
      vertex -17.0613 8.97577 1.6
      vertex -17.0613 8.97577 0
    endloop
  endfacet
  facet normal 1 -0 0
    outer loop
      vertex -17.0119 -8.12851 1.6
      vertex -17.0119 8.12851 0
      vertex -17.0119 8.12851 1.6
    endloop
  endfacet
  facet normal 1 0 0
    outer loop
      vertex -17.0119 8.12851 0
      vertex -17.0119 -8.12851 1.6
      vertex -17.0119 -8.12851 0
    endloop
  endfacet
  facet normal 0 0 -1
    outer loop
      vertex -34.34 -16.7 0
      vertex -44.3589 -7.58554 0
      vertex -17.0119 -8.12851 0
    endloop
  endfacet
  facet normal 0 0 -1
    outer loop
      vertex -17.0119 8.12851 0
      vertex -44.2977 7.89317 0
      vertex -44.29 8.05 0
    endloop
  endfacet
  facet normal 0 0 -1
    outer loop
      vertex -44.4118 -7.43771 0
      vertex -17.0119 -8.12851 0
      vertex -44.3589 -7.58554 0
    endloop
  endfacet
  facet normal 0 0 -1
    outer loop
      vertex -17.0119 8.12851 0
      vertex -44.3207 7.73785 0
      vertex -44.2977 7.89317 0
    endloop
  endfacet
  facet normal 0 0 -1
    outer loop
      vertex -44.4789 -7.29576 0
      vertex -17.0119 -8.12851 0
      vertex -44.4118 -7.43771 0
    endloop
  endfacet
  facet normal 0 0 -1
    outer loop
      vertex -17.0119 8.12851 0
      vertex -44.3589 7.58554 0
      vertex -44.3207 7.73785 0
    endloop
  endfacet
  facet normal 0 0 -1
    outer loop
      vertex -17.0119 -8.12851 0
      vertex -44.4789 -7.29576 0
      vertex -17.0119 8.12851 0
    endloop
  endfacet
  facet normal 0 0 -1
    outer loop
      vertex -17.0119 8.12851 0
      vertex -44.4118 7.43771 0
      vertex -44.3589 7.58554 0
    endloop
  endfacet
  facet normal 0 0 -1
    outer loop
      vertex -44.4789 7.29576 0
      vertex -17.0119 8.12851 0
      vertex -44.4789 -7.29576 0
    endloop
  endfacet
  facet normal 0 0 -1
    outer loop
      vertex -17.0119 8.12851 0
      vertex -44.4789 7.29576 0
      vertex -44.4118 7.43771 0
    endloop
  endfacet
  facet normal 0 0 -1
    outer loop
      vertex -44.5596 -7.16109 0
      vertex -44.4789 7.29576 0
      vertex -44.4789 -7.29576 0
    endloop
  endfacet
  facet normal 0 0 -1
    outer loop
      vertex -44.5596 -7.16109 0
      vertex -44.5596 7.16109 0
      vertex -44.4789 7.29576 0
    endloop
  endfacet
  facet normal 0 0 -1
    outer loop
      vertex -44.6532 -7.03497 0
      vertex -44.5596 7.16109 0
      vertex -44.5596 -7.16109 0
    endloop
  endfacet
  facet normal 0 0 -1
    outer loop
      vertex -44.6532 -7.03497 0
      vertex -44.6532 7.03497 0
      vertex -44.5596 7.16109 0
    endloop
  endfacet
  facet normal 0 0 -1
    outer loop
      vertex -44.7586 -6.91863 0
      vertex -44.6532 7.03497 0
      vertex -44.6532 -7.03497 0
    endloop
  endfacet
  facet normal 0 0 -1
    outer loop
      vertex -44.7586 -6.91863 0
      vertex -44.7586 6.91863 0
      vertex -44.6532 7.03497 0
    endloop
  endfacet
  facet normal 0 0 -1
    outer loop
      vertex -44.875 -6.81318 0
      vertex -44.7586 6.91863 0
      vertex -44.7586 -6.91863 0
    endloop
  endfacet
  facet normal 0 0 -1
    outer loop
      vertex -44.875 -6.81318 0
      vertex -44.875 6.81318 0
      vertex -44.7586 6.91863 0
    endloop
  endfacet
  facet normal 0 0 -1
    outer loop
      vertex -45.0011 -6.71965 0
      vertex -44.875 6.81318 0
      vertex -44.875 -6.81318 0
    endloop
  endfacet
  facet normal 0 0 -1
    outer loop
      vertex -45.0011 -6.71965 0
      vertex -45.0011 6.71965 0
      vertex -44.875 6.81318 0
    endloop
  endfacet
  facet normal 0 0 -1
    outer loop
      vertex -45.1358 -6.63893 0
      vertex -45.0011 6.71965 0
      vertex -45.0011 -6.71965 0
    endloop
  endfacet
  facet normal 0 0 -1
    outer loop
      vertex -45.1358 -6.63893 0
      vertex -45.1358 6.63893 0
      vertex -45.0011 6.71965 0
    endloop
  endfacet
  facet normal 0 0 -1
    outer loop
      vertex -45.2777 -6.57179 0
      vertex -45.1358 6.63893 0
      vertex -45.1358 -6.63893 0
    endloop
  endfacet
  facet normal 0 0 -1
    outer loop
      vertex -45.2777 -6.57179 0
      vertex -45.2777 6.57179 0
      vertex -45.1358 6.63893 0
    endloop
  endfacet
  facet normal 0 0 -1
    outer loop
      vertex -45.4255 -6.5189 0
      vertex -45.2777 6.57179 0
      vertex -45.2777 -6.57179 0
    endloop
  endfacet
  facet normal 0 0 -1
    outer loop
      vertex -45.4255 -6.5189 0
      vertex -45.4255 6.5189 0
      vertex -45.2777 6.57179 0
    endloop
  endfacet
  facet normal 0 0 -1
    outer loop
      vertex -45.5779 -6.48074 0
      vertex -45.4255 6.5189 0
      vertex -45.4255 -6.5189 0
    endloop
  endfacet
  facet normal 0 0 -1
    outer loop
      vertex -45.5779 -6.48074 0
      vertex -45.5779 6.48074 0
      vertex -45.4255 6.5189 0
    endloop
  endfacet
  facet normal 0 0 -1
    outer loop
      vertex -45.7332 -6.4577 0
      vertex -45.5779 6.48074 0
      vertex -45.5779 -6.48074 0
    endloop
  endfacet
  facet normal 0 0 -1
    outer loop
      vertex -45.7332 -6.4577 0
      vertex -45.7332 6.4577 0
      vertex -45.5779 6.48074 0
    endloop
  endfacet
  facet normal 0 0 -1
    outer loop
      vertex -45.89 -6.45 0
      vertex -45.7332 6.4577 0
      vertex -45.7332 -6.4577 0
    endloop
  endfacet
  facet normal 0 0 -1
    outer loop
      vertex -45.89 -6.45 0
      vertex -45.89 6.45 0
      vertex -45.7332 6.4577 0
    endloop
  endfacet
  facet normal 0 0 -1
    outer loop
      vertex -46.0468 -6.4577 0
      vertex -45.89 6.45 0
      vertex -45.89 -6.45 0
    endloop
  endfacet
  facet normal 0 0 -1
    outer loop
      vertex -46.0468 -6.4577 0
      vertex -46.0468 6.4577 0
      vertex -45.89 6.45 0
    endloop
  endfacet
  facet normal 0 0 -1
    outer loop
      vertex -46.2021 -6.48074 0
      vertex -46.0468 6.4577 0
      vertex -46.0468 -6.4577 0
    endloop
  endfacet
  facet normal 0 0 -1
    outer loop
      vertex -46.2021 -6.48074 0
      vertex -46.2021 6.48074 0
      vertex -46.0468 6.4577 0
    endloop
  endfacet
  facet normal 0 0 -1
    outer loop
      vertex -46.3545 -6.5189 0
      vertex -46.2021 6.48074 0
      vertex -46.2021 -6.48074 0
    endloop
  endfacet
  facet normal 0 0 -1
    outer loop
      vertex -46.3545 -6.5189 0
      vertex -46.3545 6.5189 0
      vertex -46.2021 6.48074 0
    endloop
  endfacet
  facet normal 0 0 -1
    outer loop
      vertex -46.5023 -6.57179 0
      vertex -46.3545 6.5189 0
      vertex -46.3545 -6.5189 0
    endloop
  endfacet
  facet normal 0 0 -1
    outer loop
      vertex -46.5023 -6.57179 0
      vertex -46.5023 6.57179 0
      vertex -46.3545 6.5189 0
    endloop
  endfacet
  facet normal 0 0 -1
    outer loop
      vertex -46.6442 -6.63893 0
      vertex -46.5023 6.57179 0
      vertex -46.5023 -6.57179 0
    endloop
  endfacet
  facet normal 0 0 -1
    outer loop
      vertex -46.6442 -6.63893 0
      vertex -46.6442 6.63893 0
      vertex -46.5023 6.57179 0
    endloop
  endfacet
  facet normal 0 0 -1
    outer loop
      vertex -46.7789 -6.71965 0
      vertex -46.6442 6.63893 0
      vertex -46.6442 -6.63893 0
    endloop
  endfacet
  facet normal 0 0 -1
    outer loop
      vertex -46.7789 -6.71965 0
      vertex -46.7789 6.71965 0
      vertex -46.6442 6.63893 0
    endloop
  endfacet
  facet normal 0 0 -1
    outer loop
      vertex -49.89 -8.04999 0
      vertex -46.7789 -6.71965 0
      vertex -46.905 -6.81318 0
    endloop
  endfacet
  facet normal -0 0 -1
    outer loop
      vertex -46.7789 -6.71965 0
      vertex -49.89 -8.04999 0
      vertex -46.7789 6.71965 0
    endloop
  endfacet
  facet normal 0 0 -1
    outer loop
      vertex -49.89 -8.04999 0
      vertex -46.905 -6.81318 0
      vertex -47.0214 -6.91863 0
    endloop
  endfacet
  facet normal 0 0 -1
    outer loop
      vertex -49.89 8.04999 0
      vertex -46.7789 6.71965 0
      vertex -49.89 -8.04999 0
    endloop
  endfacet
  facet normal 0 0 -1
    outer loop
      vertex -49.89 -8.04999 0
      vertex -47.0214 -6.91863 0
      vertex -47.1268 -7.03497 0
    endloop
  endfacet
  facet normal 0 0 -1
    outer loop
      vertex -46.7789 6.71965 0
      vertex -49.89 8.04999 0
      vertex -46.905 6.81318 0
    endloop
  endfacet
  facet normal 0 0 -1
    outer loop
      vertex -49.89 -8.04999 0
      vertex -47.1268 -7.03497 0
      vertex -47.2204 -7.16109 0
    endloop
  endfacet
  facet normal 0 0 -1
    outer loop
      vertex -46.905 6.81318 0
      vertex -49.89 8.04999 0
      vertex -47.0214 6.91863 0
    endloop
  endfacet
  facet normal 0 0 -1
    outer loop
      vertex -49.89 -8.04999 0
      vertex -47.2204 -7.16109 0
      vertex -47.3011 -7.29576 0
    endloop
  endfacet
  facet normal 0 0 -1
    outer loop
      vertex -47.0214 6.91863 0
      vertex -49.89 8.04999 0
      vertex -47.1268 7.03497 0
    endloop
  endfacet
  facet normal 0 0 -1
    outer loop
      vertex -49.89 -8.04999 0
      vertex -47.3011 -7.29576 0
      vertex -47.3682 -7.43771 0
    endloop
  endfacet
  facet normal 0 0 -1
    outer loop
      vertex -47.1268 7.03497 0
      vertex -49.89 8.04999 0
      vertex -47.2204 7.16109 0
    endloop
  endfacet
  facet normal 0 0 -1
    outer loop
      vertex -49.89 -8.04999 0
      vertex -47.3682 -7.43771 0
      vertex -47.4211 -7.58554 0
    endloop
  endfacet
  facet normal 0 0 -1
    outer loop
      vertex -47.2204 7.16109 0
      vertex -49.89 8.04999 0
      vertex -47.3011 7.29576 0
    endloop
  endfacet
  facet normal 0 0 -1
    outer loop
      vertex -49.89 -8.04999 0
      vertex -47.4211 -7.58554 0
      vertex -47.4593 -7.73785 0
    endloop
  endfacet
  facet normal 0 0 -1
    outer loop
      vertex -47.3011 7.29576 0
      vertex -49.89 8.04999 0
      vertex -47.3682 7.43771 0
    endloop
  endfacet
  facet normal 0 0 -1
    outer loop
      vertex -49.89 -8.04999 0
      vertex -47.4593 -7.73785 0
      vertex -47.4823 -7.89317 0
    endloop
  endfacet
  facet normal 0 0 -1
    outer loop
      vertex -47.3682 7.43771 0
      vertex -49.89 8.04999 0
      vertex -47.4211 7.58554 0
    endloop
  endfacet
  facet normal 0 0 -1
    outer loop
      vertex -49.89 -8.04999 0
      vertex -47.4823 -7.89317 0
      vertex -47.49 -8.05 0
    endloop
  endfacet
  facet normal 0 0 -1
    outer loop
      vertex -47.4211 7.58554 0
      vertex -49.89 8.04999 0
      vertex -47.4593 7.73785 0
    endloop
  endfacet
  facet normal 0 0 -1
    outer loop
      vertex -25.5815 -16.698 0
      vertex -17.0119 -8.12851 0
      vertex -17.0459 -8.81952 0
    endloop
  endfacet
  facet normal 0 0 -1
    outer loop
      vertex -44.3207 -7.73785 0
      vertex -34.34 -16.7 0
      vertex -44.2977 -7.89317 0
    endloop
  endfacet
  facet normal 0 0 -1
    outer loop
      vertex -25.5815 -16.698 0
      vertex -17.0459 -8.81952 0
      vertex -17.0613 -8.97577 0
    endloop
  endfacet
  facet normal 0 0 -1
    outer loop
      vertex -44.3589 -7.58554 0
      vertex -34.34 -16.7 0
      vertex -44.3207 -7.73785 0
    endloop
  endfacet
  facet normal 0 0 -1
    outer loop
      vertex -25.5815 -16.698 0
      vertex -17.0613 -8.97577 0
      vertex -17.1628 -9.66014 0
    endloop
  endfacet
  facet normal 0 -0 -1
    outer loop
      vertex -34.34 16.7 0
      vertex -17.0119 8.12851 0
      vertex -44.29 8.05 0
    endloop
  endfacet
  facet normal 0 0 -1
    outer loop
      vertex -25.5815 -16.698 0
      vertex -17.1628 -9.66014 0
      vertex -17.1934 -9.81413 0
    endloop
  endfacet
  facet normal -0 -0 -1
    outer loop
      vertex -25.66 16.7 0
      vertex -17.0119 8.12851 0
      vertex -34.34 16.7 0
    endloop
  endfacet
  facet normal 0 0 -1
    outer loop
      vertex -25.5815 -16.698 0
      vertex -17.1934 -9.81413 0
      vertex -17.3615 -10.4852 0
    endloop
  endfacet
  facet normal -0 -0 -1
    outer loop
      vertex -25.5815 16.698 0
      vertex -17.0119 8.12851 0
      vertex -25.66 16.7 0
    endloop
  endfacet
  facet normal 0 0 -1
    outer loop
      vertex -25.5815 -16.698 0
      vertex -17.3615 -10.4852 0
      vertex -17.4071 -10.6355 0
    endloop
  endfacet
  facet normal 0 0 -1
    outer loop
      vertex -17.0119 8.12851 0
      vertex -25.5815 16.698 0
      vertex -17.0459 8.81952 0
    endloop
  endfacet
  facet normal 0 0 -1
    outer loop
      vertex -25.5815 -16.698 0
      vertex -17.4071 -10.6355 0
      vertex -17.6402 -11.2869 0
    endloop
  endfacet
  facet normal 0 0 -1
    outer loop
      vertex -17.0459 8.81952 0
      vertex -25.5815 16.698 0
      vertex -17.0613 8.97577 0
    endloop
  endfacet
  facet normal 0 0 -1
    outer loop
      vertex -25.5815 -16.698 0
      vertex -17.6402 -11.2869 0
      vertex -17.7003 -11.432 0
    endloop
  endfacet
  facet normal 0 0 -1
    outer loop
      vertex -17.0613 8.97577 0
      vertex -25.5815 16.698 0
      vertex -17.1628 9.66014 0
    endloop
  endfacet
  facet normal 0 0 -1
    outer loop
      vertex -25.5815 -16.698 0
      vertex -17.7003 -11.432 0
      vertex -17.9961 -12.0574 0
    endloop
  endfacet
  facet normal 0 0 -1
    outer loop
      vertex -17.1628 9.66014 0
      vertex -25.5815 16.698 0
      vertex -17.1934 9.81413 0
    endloop
  endfacet
  facet normal 0 0 -1
    outer loop
      vertex -25.5815 -16.698 0
      vertex -17.9961 -12.0574 0
      vertex -18.0701 -12.1959 0
    endloop
  endfacet
  facet normal 0 0 -1
    outer loop
      vertex -17.3615 10.4852 0
      vertex -25.5815 16.698 0
      vertex -17.4071 10.6355 0
    endloop
  endfacet
  facet normal 0 0 -1
    outer loop
      vertex -25.5815 -16.698 0
      vertex -18.0701 -12.1959 0
      vertex -18.4258 -12.7893 0
    endloop
  endfacet
  facet normal 0 0 -1
    outer loop
      vertex -17.4071 10.6355 0
      vertex -25.5815 16.698 0
      vertex -17.6402 11.2869 0
    endloop
  endfacet
  facet normal 0 0 -1
    outer loop
      vertex -25.5815 -16.698 0
      vertex -18.4258 -12.7893 0
      vertex -18.513 -12.9199 0
    endloop
  endfacet
  facet normal 0 0 -1
    outer loop
      vertex -17.6402 11.2869 0
      vertex -25.5815 16.698 0
      vertex -17.7003 11.432 0
    endloop
  endfacet
  facet normal 0 0 -1
    outer loop
      vertex -25.5815 -16.698 0
      vertex -18.513 -12.9199 0
      vertex -18.9252 -13.4756 0
    endloop
  endfacet
  facet normal 0 0 -1
    outer loop
      vertex -17.7003 11.432 0
      vertex -25.5815 16.698 0
      vertex -17.9961 12.0574 0
    endloop
  endfacet
  facet normal 0 0 -1
    outer loop
      vertex -25.5815 -16.698 0
      vertex -18.9252 -13.4756 0
      vertex -19.0248 -13.597 0
    endloop
  endfacet
  facet normal 0 0 -1
    outer loop
      vertex -17.0119 -8.12851 0
      vertex -25.66 -16.7 0
      vertex -34.34 -16.7 0
    endloop
  endfacet
  facet normal 0 0 -1
    outer loop
      vertex -25.5815 -16.698 0
      vertex -19.0248 -13.597 0
      vertex -19.4894 -14.1096 0
    endloop
  endfacet
  facet normal 0 0 -1
    outer loop
      vertex -17.9961 12.0574 0
      vertex -25.5815 16.698 0
      vertex -18.0701 12.1959 0
    endloop
  endfacet
  facet normal 0 0 -1
    outer loop
      vertex -25.5815 -16.698 0
      vertex -19.4894 -14.1096 0
      vertex -19.6004 -14.2206 0
    endloop
  endfacet
  facet normal 0 0 -1
    outer loop
      vertex -18.0701 12.1959 0
      vertex -25.5815 16.698 0
      vertex -18.4258 12.7893 0
    endloop
  endfacet
  facet normal 0 0 -1
    outer loop
      vertex -25.5815 -16.698 0
      vertex -19.6004 -14.2206 0
      vertex -20.113 -14.6852 0
    endloop
  endfacet
  facet normal 0 0 -1
    outer loop
      vertex -18.9252 13.4756 0
      vertex -25.5815 16.698 0
      vertex -19.0248 13.597 0
    endloop
  endfacet
  facet normal 0 0 -1
    outer loop
      vertex -25.5815 -16.698 0
      vertex -20.113 -14.6852 0
      vertex -20.2344 -14.7849 0
    endloop
  endfacet
  facet normal 0 0 -1
    outer loop
      vertex -19.0248 13.597 0
      vertex -25.5815 16.698 0
      vertex -19.4894 14.1096 0
    endloop
  endfacet
  facet normal 0 0 -1
    outer loop
      vertex -25.5815 -16.698 0
      vertex -20.2344 -14.7849 0
      vertex -20.7901 -15.197 0
    endloop
  endfacet
  facet normal 0 0 -1
    outer loop
      vertex -19.4894 14.1096 0
      vertex -25.5815 16.698 0
      vertex -19.6004 14.2206 0
    endloop
  endfacet
  facet normal 0 0 -1
    outer loop
      vertex -25.5815 -16.698 0
      vertex -20.7901 -15.197 0
      vertex -20.9206 -15.2842 0
    endloop
  endfacet
  facet normal 0 0 -1
    outer loop
      vertex -19.6004 14.2206 0
      vertex -25.5815 16.698 0
      vertex -20.113 14.6852 0
    endloop
  endfacet
  facet normal 0 0 -1
    outer loop
      vertex -25.5815 -16.698 0
      vertex -20.9206 -15.2842 0
      vertex -21.5141 -15.6399 0
    endloop
  endfacet
  facet normal 0 0 -1
    outer loop
      vertex -20.113 14.6852 0
      vertex -25.5815 16.698 0
      vertex -20.2344 14.7849 0
    endloop
  endfacet
  facet normal 0 0 -1
    outer loop
      vertex -25.5815 -16.698 0
      vertex -21.5141 -15.6399 0
      vertex -21.6526 -15.7139 0
    endloop
  endfacet
  facet normal 0 0 -1
    outer loop
      vertex -20.2344 14.7849 0
      vertex -25.5815 16.698 0
      vertex -20.7901 15.197 0
    endloop
  endfacet
  facet normal 0 0 -1
    outer loop
      vertex -25.5815 -16.698 0
      vertex -21.6526 -15.7139 0
      vertex -22.278 -16.0097 0
    endloop
  endfacet
  facet normal 0 0 -1
    outer loop
      vertex -20.7901 15.197 0
      vertex -25.5815 16.698 0
      vertex -20.9206 15.2842 0
    endloop
  endfacet
  facet normal 0 0 -1
    outer loop
      vertex -25.5815 -16.698 0
      vertex -22.278 -16.0097 0
      vertex -22.4231 -16.0698 0
    endloop
  endfacet
  facet normal 0 0 -1
    outer loop
      vertex -20.9206 15.2842 0
      vertex -25.5815 16.698 0
      vertex -21.5141 15.6399 0
    endloop
  endfacet
  facet normal 0 0 -1
    outer loop
      vertex -25.5815 -16.698 0
      vertex -22.4231 -16.0698 0
      vertex -23.0745 -16.3029 0
    endloop
  endfacet
  facet normal 0 0 -1
    outer loop
      vertex -21.5141 15.6399 0
      vertex -25.5815 16.698 0
      vertex -21.6526 15.7139 0
    endloop
  endfacet
  facet normal 0 0 -1
    outer loop
      vertex -25.5815 -16.698 0
      vertex -23.0745 -16.3029 0
      vertex -23.2247 -16.3484 0
    endloop
  endfacet
  facet normal 0 0 -1
    outer loop
      vertex -21.6526 15.7139 0
      vertex -25.5815 16.698 0
      vertex -22.278 16.0097 0
    endloop
  endfacet
  facet normal 0 0 -1
    outer loop
      vertex -25.5815 -16.698 0
      vertex -23.2247 -16.3484 0
      vertex -23.8958 -16.5166 0
    endloop
  endfacet
  facet normal 0 0 -1
    outer loop
      vertex -22.278 16.0097 0
      vertex -25.5815 16.698 0
      vertex -22.4231 16.0698 0
    endloop
  endfacet
  facet normal 0 0 -1
    outer loop
      vertex -25.5815 -16.698 0
      vertex -23.8958 -16.5166 0
      vertex -24.0499 -16.5472 0
    endloop
  endfacet
  facet normal 0 0 -1
    outer loop
      vertex -22.4231 16.0698 0
      vertex -25.5815 16.698 0
      vertex -23.0745 16.3029 0
    endloop
  endfacet
  facet normal 0 0 -1
    outer loop
      vertex -25.5815 -16.698 0
      vertex -24.0499 -16.5472 0
      vertex -24.7342 -16.6487 0
    endloop
  endfacet
  facet normal 0 0 -1
    outer loop
      vertex -17.0119 -8.12851 0
      vertex -25.5815 -16.698 0
      vertex -25.66 -16.7 0
    endloop
  endfacet
  facet normal 0 0 -1
    outer loop
      vertex -25.5815 -16.698 0
      vertex -24.7342 -16.6487 0
      vertex -24.8905 -16.6641 0
    endloop
  endfacet
  facet normal 0 0 -1
    outer loop
      vertex -23.0745 16.3029 0
      vertex -25.5815 16.698 0
      vertex -23.2247 16.3484 0
    endloop
  endfacet
  facet normal 0 0 -1
    outer loop
      vertex -24.0499 16.5472 0
      vertex -25.5815 16.698 0
      vertex -24.7342 16.6487 0
    endloop
  endfacet
  facet normal 0 0 -1
    outer loop
      vertex -24.7342 16.6487 0
      vertex -25.5815 16.698 0
      vertex -24.8905 16.6641 0
    endloop
  endfacet
  facet normal 0 0 -1
    outer loop
      vertex -23.2247 16.3484 0
      vertex -25.5815 16.698 0
      vertex -23.8958 16.5166 0
    endloop
  endfacet
  facet normal 0 0 -1
    outer loop
      vertex -23.8958 16.5166 0
      vertex -25.5815 16.698 0
      vertex -24.0499 16.5472 0
    endloop
  endfacet
  facet normal 0 0 -1
    outer loop
      vertex -37.722 -16.0097 0
      vertex -44.2977 -7.89317 0
      vertex -34.34 -16.7 0
    endloop
  endfacet
  facet normal 0 0 -1
    outer loop
      vertex -18.513 12.9199 0
      vertex -25.5815 16.698 0
      vertex -18.9252 13.4756 0
    endloop
  endfacet
  facet normal 0 0 -1
    outer loop
      vertex -37.722 -16.0097 0
      vertex -34.34 -16.7 0
      vertex -34.4185 -16.698 0
    endloop
  endfacet
  facet normal 0 0 -1
    outer loop
      vertex -18.4258 12.7893 0
      vertex -25.5815 16.698 0
      vertex -18.513 12.9199 0
    endloop
  endfacet
  facet normal 0 0 -1
    outer loop
      vertex -37.722 -16.0097 0
      vertex -34.4185 -16.698 0
      vertex -35.1095 -16.6641 0
    endloop
  endfacet
  facet normal 0 0 -1
    outer loop
      vertex -17.1934 9.81413 0
      vertex -25.5815 16.698 0
      vertex -17.3615 10.4852 0
    endloop
  endfacet
  facet normal 0 0 -1
    outer loop
      vertex -37.722 -16.0097 0
      vertex -35.1095 -16.6641 0
      vertex -35.2658 -16.6487 0
    endloop
  endfacet
  facet normal 0 -0 -1
    outer loop
      vertex -37.722 16.0097 0
      vertex -34.34 16.7 0
      vertex -44.29 8.05 0
    endloop
  endfacet
  facet normal 0 0 -1
    outer loop
      vertex -37.722 -16.0097 0
      vertex -35.2658 -16.6487 0
      vertex -35.9501 -16.5472 0
    endloop
  endfacet
  facet normal 0 0 -1
    outer loop
      vertex -34.34 16.7 0
      vertex -37.722 16.0097 0
      vertex -34.4185 16.698 0
    endloop
  endfacet
  facet normal 0 0 -1
    outer loop
      vertex -37.722 -16.0097 0
      vertex -35.9501 -16.5472 0
      vertex -36.1042 -16.5166 0
    endloop
  endfacet
  facet normal 0 0 -1
    outer loop
      vertex -34.4185 16.698 0
      vertex -37.722 16.0097 0
      vertex -35.1095 16.6641 0
    endloop
  endfacet
  facet normal 0 0 -1
    outer loop
      vertex -37.722 -16.0097 0
      vertex -36.1042 -16.5166 0
      vertex -36.7753 -16.3484 0
    endloop
  endfacet
  facet normal 0 0 -1
    outer loop
      vertex -35.1095 16.6641 0
      vertex -37.722 16.0097 0
      vertex -35.2658 16.6487 0
    endloop
  endfacet
  facet normal 0 0 -1
    outer loop
      vertex -37.722 -16.0097 0
      vertex -36.7753 -16.3484 0
      vertex -36.9255 -16.3029 0
    endloop
  endfacet
  facet normal 0 0 -1
    outer loop
      vertex -35.2658 16.6487 0
      vertex -37.722 16.0097 0
      vertex -35.9501 16.5472 0
    endloop
  endfacet
  facet normal 0 0 -1
    outer loop
      vertex -37.722 -16.0097 0
      vertex -36.9255 -16.3029 0
      vertex -37.5769 -16.0698 0
    endloop
  endfacet
  facet normal 0 0 -1
    outer loop
      vertex -35.9501 16.5472 0
      vertex -37.722 16.0097 0
      vertex -36.1042 16.5166 0
    endloop
  endfacet
  facet normal 0 0 -1
    outer loop
      vertex -44.2977 -7.89317 0
      vertex -37.722 -16.0097 0
      vertex -44.29 -8.05 0
    endloop
  endfacet
  facet normal 0 0 -1
    outer loop
      vertex -36.1042 16.5166 0
      vertex -37.722 16.0097 0
      vertex -36.7753 16.3484 0
    endloop
  endfacet
  facet normal 0 0 -1
    outer loop
      vertex -36.7753 16.3484 0
      vertex -37.722 16.0097 0
      vertex -36.9255 16.3029 0
    endloop
  endfacet
  facet normal 0 0 -1
    outer loop
      vertex -37.722 -16.0097 0
      vertex -44.2977 -8.20683 0
      vertex -44.29 -8.05 0
    endloop
  endfacet
  facet normal 0 0 -1
    outer loop
      vertex -37.722 -16.0097 0
      vertex -44.3207 -8.36214 0
      vertex -44.2977 -8.20683 0
    endloop
  endfacet
  facet normal 0 0 -1
    outer loop
      vertex -37.722 -16.0097 0
      vertex -44.3589 -8.51445 0
      vertex -44.3207 -8.36214 0
    endloop
  endfacet
  facet normal 0 0 -1
    outer loop
      vertex -37.722 -16.0097 0
      vertex -44.4118 -8.66229 0
      vertex -44.3589 -8.51445 0
    endloop
  endfacet
  facet normal 0 0 -1
    outer loop
      vertex -37.722 -16.0097 0
      vertex -44.4789 -8.80423 0
      vertex -44.4118 -8.66229 0
    endloop
  endfacet
  facet normal 0 0 -1
    outer loop
      vertex -37.722 -16.0097 0
      vertex -44.5596 -8.93891 0
      vertex -44.4789 -8.80423 0
    endloop
  endfacet
  facet normal 0 0 -1
    outer loop
      vertex -37.722 -16.0097 0
      vertex -44.6532 -9.06503 0
      vertex -44.5596 -8.93891 0
    endloop
  endfacet
  facet normal 0 0 -1
    outer loop
      vertex -37.722 -16.0097 0
      vertex -44.7586 -9.18137 0
      vertex -44.6532 -9.06503 0
    endloop
  endfacet
  facet normal 0 0 -1
    outer loop
      vertex -37.722 -16.0097 0
      vertex -44.875 -9.28682 0
      vertex -44.7586 -9.18137 0
    endloop
  endfacet
  facet normal 0 0 -1
    outer loop
      vertex -37.722 -16.0097 0
      vertex -45.0011 -9.38035 0
      vertex -44.875 -9.28682 0
    endloop
  endfacet
  facet normal 0 0 -1
    outer loop
      vertex -37.722 -16.0097 0
      vertex -45.1358 -9.46107 0
      vertex -45.0011 -9.38035 0
    endloop
  endfacet
  facet normal 0 0 -1
    outer loop
      vertex -47.4207 -11.7455 0
      vertex -45.1358 -9.46107 0
      vertex -37.722 -16.0097 0
    endloop
  endfacet
  facet normal 0 0 -1
    outer loop
      vertex -45.1358 -9.46107 0
      vertex -47.4207 -11.7455 0
      vertex -45.2777 -9.52821 0
    endloop
  endfacet
  facet normal 0 0 -1
    outer loop
      vertex -45.2777 -9.52821 0
      vertex -47.4207 -11.7455 0
      vertex -45.4255 -9.5811 0
    endloop
  endfacet
  facet normal 0 0 -1
    outer loop
      vertex -45.4255 -9.5811 0
      vertex -47.4207 -11.7455 0
      vertex -45.5779 -9.61926 0
    endloop
  endfacet
  facet normal 0 0 -1
    outer loop
      vertex -45.5779 -9.61926 0
      vertex -47.4207 -11.7455 0
      vertex -45.7332 -9.64229 0
    endloop
  endfacet
  facet normal 0 0 -1
    outer loop
      vertex -45.7332 -9.64229 0
      vertex -47.4207 -11.7455 0
      vertex -45.89 -9.65 0
    endloop
  endfacet
  facet normal -0 0 -1
    outer loop
      vertex -45.89 -9.65 0
      vertex -47.4207 -11.7455 0
      vertex -46.0468 -9.64229 0
    endloop
  endfacet
  facet normal -0 0 -1
    outer loop
      vertex -46.0468 -9.64229 0
      vertex -47.4207 -11.7455 0
      vertex -46.2021 -9.61926 0
    endloop
  endfacet
  facet normal -0 0 -1
    outer loop
      vertex -46.2021 -9.61926 0
      vertex -47.4207 -11.7455 0
      vertex -46.3545 -9.5811 0
    endloop
  endfacet
  facet normal -0 0 -1
    outer loop
      vertex -46.3545 -9.5811 0
      vertex -47.4207 -11.7455 0
      vertex -46.5023 -9.52821 0
    endloop
  endfacet
  facet normal -0 0 -1
    outer loop
      vertex -46.5023 -9.52821 0
      vertex -47.4207 -11.7455 0
      vertex -46.6442 -9.46107 0
    endloop
  endfacet
  facet normal 0 0 -1
    outer loop
      vertex -47.7756 -11.5777 0
      vertex -46.6442 -9.46107 0
      vertex -47.4207 -11.7455 0
    endloop
  endfacet
  facet normal -0 0 -1
    outer loop
      vertex -46.6442 -9.46107 0
      vertex -47.7756 -11.5777 0
      vertex -46.7789 -9.38035 0
    endloop
  endfacet
  facet normal 0 0 -1
    outer loop
      vertex -48.1123 -11.3759 0
      vertex -46.7789 -9.38035 0
      vertex -47.7756 -11.5777 0
    endloop
  endfacet
  facet normal -0 0 -1
    outer loop
      vertex -46.7789 -9.38035 0
      vertex -48.1123 -11.3759 0
      vertex -46.905 -9.28682 0
    endloop
  endfacet
  facet normal 0 0 -1
    outer loop
      vertex -48.4276 -11.142 0
      vertex -46.905 -9.28682 0
      vertex -48.1123 -11.3759 0
    endloop
  endfacet
  facet normal -0 0 -1
    outer loop
      vertex -46.905 -9.28682 0
      vertex -48.4276 -11.142 0
      vertex -47.0214 -9.18137 0
    endloop
  endfacet
  facet normal 0 0 -1
    outer loop
      vertex -48.7184 -10.8784 0
      vertex -47.0214 -9.18137 0
      vertex -48.4276 -11.142 0
    endloop
  endfacet
  facet normal -0 0 -1
    outer loop
      vertex -47.0214 -9.18137 0
      vertex -48.7184 -10.8784 0
      vertex -47.1268 -9.06503 0
    endloop
  endfacet
  facet normal 0 0 -1
    outer loop
      vertex -48.982 -10.5876 0
      vertex -47.1268 -9.06503 0
      vertex -48.7184 -10.8784 0
    endloop
  endfacet
  facet normal -0 0 -1
    outer loop
      vertex -47.1268 -9.06503 0
      vertex -48.982 -10.5876 0
      vertex -47.2204 -8.93891 0
    endloop
  endfacet
  facet normal 0 0 -1
    outer loop
      vertex -49.2159 -10.2723 0
      vertex -47.2204 -8.93891 0
      vertex -48.982 -10.5876 0
    endloop
  endfacet
  facet normal 0 0 -1
    outer loop
      vertex -49.4177 -9.93558 0
      vertex -47.3011 -8.80423 0
      vertex -49.2159 -10.2723 0
    endloop
  endfacet
  facet normal -0 0 -1
    outer loop
      vertex -47.2204 -8.93891 0
      vertex -49.2159 -10.2723 0
      vertex -47.3011 -8.80423 0
    endloop
  endfacet
  facet normal 0 0 -1
    outer loop
      vertex -36.9255 16.3029 0
      vertex -37.722 16.0097 0
      vertex -37.5769 16.0698 0
    endloop
  endfacet
  facet normal 0 0 -1
    outer loop
      vertex -44.2977 8.20683 0
      vertex -37.722 16.0097 0
      vertex -44.29 8.05 0
    endloop
  endfacet
  facet normal 0 0 -1
    outer loop
      vertex -44.3207 8.36214 0
      vertex -37.722 16.0097 0
      vertex -44.2977 8.20683 0
    endloop
  endfacet
  facet normal 0 0 -1
    outer loop
      vertex -44.3589 8.51445 0
      vertex -37.722 16.0097 0
      vertex -44.3207 8.36214 0
    endloop
  endfacet
  facet normal 0 0 -1
    outer loop
      vertex -44.4118 8.66229 0
      vertex -37.722 16.0097 0
      vertex -44.3589 8.51445 0
    endloop
  endfacet
  facet normal 0 0 -1
    outer loop
      vertex -44.4789 8.80423 0
      vertex -37.722 16.0097 0
      vertex -44.4118 8.66229 0
    endloop
  endfacet
  facet normal 0 0 -1
    outer loop
      vertex -44.5596 8.93891 0
      vertex -37.722 16.0097 0
      vertex -44.4789 8.80423 0
    endloop
  endfacet
  facet normal 0 0 -1
    outer loop
      vertex -44.6532 9.06503 0
      vertex -37.722 16.0097 0
      vertex -44.5596 8.93891 0
    endloop
  endfacet
  facet normal 0 0 -1
    outer loop
      vertex -44.7586 9.18137 0
      vertex -37.722 16.0097 0
      vertex -44.6532 9.06503 0
    endloop
  endfacet
  facet normal 0 0 -1
    outer loop
      vertex -44.875 9.28682 0
      vertex -37.722 16.0097 0
      vertex -44.7586 9.18137 0
    endloop
  endfacet
  facet normal 0 0 -1
    outer loop
      vertex -45.0011 9.38035 0
      vertex -37.722 16.0097 0
      vertex -44.875 9.28682 0
    endloop
  endfacet
  facet normal 0 0 -1
    outer loop
      vertex -45.1358 9.46107 0
      vertex -37.722 16.0097 0
      vertex -45.0011 9.38035 0
    endloop
  endfacet
  facet normal 0 0 -1
    outer loop
      vertex -47.4207 11.7455 0
      vertex -45.1358 9.46107 0
      vertex -45.2777 9.52821 0
    endloop
  endfacet
  facet normal 0 0 -1
    outer loop
      vertex -47.4207 11.7455 0
      vertex -45.2777 9.52821 0
      vertex -45.4255 9.5811 0
    endloop
  endfacet
  facet normal 0 0 -1
    outer loop
      vertex -47.4207 11.7455 0
      vertex -45.4255 9.5811 0
      vertex -45.5779 9.61926 0
    endloop
  endfacet
  facet normal 0 0 -1
    outer loop
      vertex -47.4207 11.7455 0
      vertex -45.5779 9.61926 0
      vertex -45.7332 9.64229 0
    endloop
  endfacet
  facet normal 0 0 -1
    outer loop
      vertex -47.4207 11.7455 0
      vertex -45.7332 9.64229 0
      vertex -45.89 9.65 0
    endloop
  endfacet
  facet normal 0 0 -1
    outer loop
      vertex -47.4207 11.7455 0
      vertex -45.89 9.65 0
      vertex -46.0468 9.64229 0
    endloop
  endfacet
  facet normal 0 0 -1
    outer loop
      vertex -47.4207 11.7455 0
      vertex -46.0468 9.64229 0
      vertex -46.2021 9.61926 0
    endloop
  endfacet
  facet normal 0 0 -1
    outer loop
      vertex -47.4207 11.7455 0
      vertex -46.2021 9.61926 0
      vertex -46.3545 9.5811 0
    endloop
  endfacet
  facet normal 0 0 -1
    outer loop
      vertex -47.4207 11.7455 0
      vertex -46.3545 9.5811 0
      vertex -46.5023 9.52821 0
    endloop
  endfacet
  facet normal 0 0 -1
    outer loop
      vertex -47.4207 11.7455 0
      vertex -46.5023 9.52821 0
      vertex -46.6442 9.46107 0
    endloop
  endfacet
  facet normal 0 0 -1
    outer loop
      vertex -47.7756 11.5777 0
      vertex -46.6442 9.46107 0
      vertex -46.7789 9.38035 0
    endloop
  endfacet
  facet normal 0 0 -1
    outer loop
      vertex -45.1358 9.46107 0
      vertex -47.4207 11.7455 0
      vertex -37.722 16.0097 0
    endloop
  endfacet
  facet normal 0 0 -1
    outer loop
      vertex -48.1123 11.3759 0
      vertex -46.7789 9.38035 0
      vertex -46.905 9.28682 0
    endloop
  endfacet
  facet normal 0 0 -1
    outer loop
      vertex -48.4276 11.142 0
      vertex -46.905 9.28682 0
      vertex -47.0214 9.18137 0
    endloop
  endfacet
  facet normal 0 0 -1
    outer loop
      vertex -48.7184 10.8784 0
      vertex -47.0214 9.18137 0
      vertex -47.1268 9.06503 0
    endloop
  endfacet
  facet normal 0 0 -1
    outer loop
      vertex -48.982 10.5876 0
      vertex -47.1268 9.06503 0
      vertex -47.2204 8.93891 0
    endloop
  endfacet
  facet normal 0 0 -1
    outer loop
      vertex -49.2159 10.2723 0
      vertex -47.2204 8.93891 0
      vertex -47.3011 8.80423 0
    endloop
  endfacet
  facet normal 0 0 -1
    outer loop
      vertex -49.4177 9.93558 0
      vertex -47.3011 8.80423 0
      vertex -47.3682 8.66229 0
    endloop
  endfacet
  facet normal 0 0 -1
    outer loop
      vertex -49.5855 9.58072 0
      vertex -47.3682 8.66229 0
      vertex -47.4211 8.51445 0
    endloop
  endfacet
  facet normal 0 0 -1
    outer loop
      vertex -49.7178 9.21114 0
      vertex -47.4211 8.51445 0
      vertex -47.4593 8.36214 0
    endloop
  endfacet
  facet normal 0 0 -1
    outer loop
      vertex -49.8131 8.83035 0
      vertex -47.4593 8.36214 0
      vertex -47.4823 8.20683 0
    endloop
  endfacet
  facet normal 0 0 -1
    outer loop
      vertex -49.8707 8.44206 0
      vertex -47.4823 8.20683 0
      vertex -47.49 8.05 0
    endloop
  endfacet
  facet normal 0 0 -1
    outer loop
      vertex -46.6442 9.46107 0
      vertex -47.7756 11.5777 0
      vertex -47.4207 11.7455 0
    endloop
  endfacet
  facet normal 0 0 -1
    outer loop
      vertex -47.4593 7.73785 0
      vertex -49.89 8.04999 0
      vertex -47.4823 7.89317 0
    endloop
  endfacet
  facet normal -0 0 -1
    outer loop
      vertex -47.3011 -8.80423 0
      vertex -49.4177 -9.93558 0
      vertex -47.3682 -8.66229 0
    endloop
  endfacet
  facet normal 0 0 -1
    outer loop
      vertex -47.4823 7.89317 0
      vertex -49.89 8.04999 0
      vertex -47.49 8.05 0
    endloop
  endfacet
  facet normal 0 0 -1
    outer loop
      vertex -49.5855 -9.58072 0
      vertex -47.3682 -8.66229 0
      vertex -49.4177 -9.93558 0
    endloop
  endfacet
  facet normal 0 -0 -1
    outer loop
      vertex -49.8707 8.44206 0
      vertex -47.49 8.05 0
      vertex -49.89 8.04999 0
    endloop
  endfacet
  facet normal -0 0 -1
    outer loop
      vertex -47.3682 -8.66229 0
      vertex -49.5855 -9.58072 0
      vertex -47.4211 -8.51445 0
    endloop
  endfacet
  facet normal 0 0 -1
    outer loop
      vertex -46.7789 9.38035 0
      vertex -48.1123 11.3759 0
      vertex -47.7756 11.5777 0
    endloop
  endfacet
  facet normal 0 0 -1
    outer loop
      vertex -49.7178 -9.21114 0
      vertex -47.4211 -8.51445 0
      vertex -49.5855 -9.58072 0
    endloop
  endfacet
  facet normal 0 0 -1
    outer loop
      vertex -46.905 9.28682 0
      vertex -48.4276 11.142 0
      vertex -48.1123 11.3759 0
    endloop
  endfacet
  facet normal -0 0 -1
    outer loop
      vertex -47.4211 -8.51445 0
      vertex -49.7178 -9.21114 0
      vertex -47.4593 -8.36214 0
    endloop
  endfacet
  facet normal 0 0 -1
    outer loop
      vertex -47.0214 9.18137 0
      vertex -48.7184 10.8784 0
      vertex -48.4276 11.142 0
    endloop
  endfacet
  facet normal 0 0 -1
    outer loop
      vertex -49.8131 -8.83035 0
      vertex -47.4593 -8.36214 0
      vertex -49.7178 -9.21114 0
    endloop
  endfacet
  facet normal 0 0 -1
    outer loop
      vertex -47.1268 9.06503 0
      vertex -48.982 10.5876 0
      vertex -48.7184 10.8784 0
    endloop
  endfacet
  facet normal -0 0 -1
    outer loop
      vertex -47.4593 -8.36214 0
      vertex -49.8131 -8.83035 0
      vertex -47.4823 -8.20683 0
    endloop
  endfacet
  facet normal 0 0 -1
    outer loop
      vertex -47.2204 8.93891 0
      vertex -49.2159 10.2723 0
      vertex -48.982 10.5876 0
    endloop
  endfacet
  facet normal 0 0 -1
    outer loop
      vertex -49.8707 -8.44206 0
      vertex -47.4823 -8.20683 0
      vertex -49.8131 -8.83035 0
    endloop
  endfacet
  facet normal 0 0 -1
    outer loop
      vertex -47.3011 8.80423 0
      vertex -49.4177 9.93558 0
      vertex -49.2159 10.2723 0
    endloop
  endfacet
  facet normal -0 0 -1
    outer loop
      vertex -47.4823 -8.20683 0
      vertex -49.8707 -8.44206 0
      vertex -47.49 -8.05 0
    endloop
  endfacet
  facet normal 0 0 -1
    outer loop
      vertex -47.3682 8.66229 0
      vertex -49.5855 9.58072 0
      vertex -49.4177 9.93558 0
    endloop
  endfacet
  facet normal -0 0 -1
    outer loop
      vertex -47.49 -8.05 0
      vertex -49.8707 -8.44206 0
      vertex -49.89 -8.04999 0
    endloop
  endfacet
  facet normal 0 0 -1
    outer loop
      vertex -47.4211 8.51445 0
      vertex -49.7178 9.21114 0
      vertex -49.5855 9.58072 0
    endloop
  endfacet
  facet normal 0 0 -1
    outer loop
      vertex -47.4593 8.36214 0
      vertex -49.8131 8.83035 0
      vertex -49.7178 9.21114 0
    endloop
  endfacet
  facet normal 0 0 -1
    outer loop
      vertex -47.4823 8.20683 0
      vertex -49.8707 8.44206 0
      vertex -49.8131 8.83035 0
    endloop
  endfacet
  facet normal -0.289919 0.957051 0
    outer loop
      vertex -36.7753 16.3484 0
      vertex -36.9255 16.3029 1.6
      vertex -36.7753 16.3484 1.6
    endloop
  endfacet
  facet normal -0.289919 0.957051 0
    outer loop
      vertex -36.9255 16.3029 1.6
      vertex -36.7753 16.3484 0
      vertex -36.9255 16.3029 0
    endloop
  endfacet
  facet normal -0.0254694 -0.999676 0
    outer loop
      vertex -34.4185 -16.698 0
      vertex -34.34 -16.7 1.6
      vertex -34.4185 -16.698 1.6
    endloop
  endfacet
  facet normal -0.0254694 -0.999676 -0
    outer loop
      vertex -34.34 -16.7 1.6
      vertex -34.4185 -16.698 0
      vertex -34.34 -16.7 0
    endloop
  endfacet
  facet normal -0.998791 0.0491664 0
    outer loop
      vertex -49.89 8.04999 0
      vertex -49.8707 8.44206 1.6
      vertex -49.8707 8.44206 0
    endloop
  endfacet
  facet normal -0.998791 0.0491664 0
    outer loop
      vertex -49.8707 8.44206 1.6
      vertex -49.89 8.04999 0
      vertex -49.89 8.04999 1.6
    endloop
  endfacet
  facet normal -1 0 0
    outer loop
      vertex -49.89 -8.04999 0
      vertex -49.89 8.04999 1.6
      vertex -49.89 8.04999 0
    endloop
  endfacet
  facet normal -1 -0 0
    outer loop
      vertex -49.89 8.04999 1.6
      vertex -49.89 -8.04999 0
      vertex -49.89 -8.04999 1.6
    endloop
  endfacet
  facet normal 0.555582 0.831462 -0
    outer loop
      vertex -20.7901 15.197 0
      vertex -20.9206 15.2842 1.6
      vertex -20.7901 15.197 1.6
    endloop
  endfacet
  facet normal 0.555582 0.831462 0
    outer loop
      vertex -20.9206 15.2842 1.6
      vertex -20.7901 15.197 0
      vertex -20.9206 15.2842 0
    endloop
  endfacet
  facet normal 0.0980537 0.995181 -0
    outer loop
      vertex -24.7342 16.6487 0
      vertex -24.8905 16.6641 1.6
      vertex -24.7342 16.6487 1.6
    endloop
  endfacet
  facet normal 0.0980537 0.995181 0
    outer loop
      vertex -24.8905 16.6641 1.6
      vertex -24.7342 16.6487 0
      vertex -24.8905 16.6641 0
    endloop
  endfacet
  facet normal -0.289919 -0.957051 0
    outer loop
      vertex -36.9255 -16.3029 0
      vertex -36.7753 -16.3484 1.6
      vertex -36.9255 -16.3029 1.6
    endloop
  endfacet
  facet normal -0.289919 -0.957051 -0
    outer loop
      vertex -36.7753 -16.3484 1.6
      vertex -36.9255 -16.3029 0
      vertex -36.7753 -16.3484 0
    endloop
  endfacet
  facet normal 0.98918 -0.146707 0
    outer loop
      vertex -17.1628 -9.66014 1.6
      vertex -17.0613 -8.97577 0
      vertex -17.0613 -8.97577 1.6
    endloop
  endfacet
  facet normal 0.98918 -0.146707 0
    outer loop
      vertex -17.0613 -8.97577 0
      vertex -17.1628 -9.66014 1.6
      vertex -17.1628 -9.66014 0
    endloop
  endfacet
  facet normal 0.634658 0.772793 -0
    outer loop
      vertex -20.113 14.6852 0
      vertex -20.2344 14.7849 1.6
      vertex -20.113 14.6852 1.6
    endloop
  endfacet
  facet normal 0.634658 0.772793 0
    outer loop
      vertex -20.2344 14.7849 1.6
      vertex -20.113 14.6852 0
      vertex -20.2344 14.7849 0
    endloop
  endfacet
  facet normal -0.42744 0.904044 0
    outer loop
      vertex -47.4207 11.7455 0
      vertex -47.7756 11.5777 1.6
      vertex -47.4207 11.7455 1.6
    endloop
  endfacet
  facet normal -0.42744 0.904044 0
    outer loop
      vertex -47.7756 11.5777 1.6
      vertex -47.4207 11.7455 0
      vertex -47.7756 11.5777 0
    endloop
  endfacet
  facet normal 0.707107 -0.707107 0
    outer loop
      vertex -19.6004 -14.2206 1.6
      vertex -19.4894 -14.1096 0
      vertex -19.4894 -14.1096 1.6
    endloop
  endfacet
  facet normal 0.707107 -0.707107 0
    outer loop
      vertex -19.4894 -14.1096 0
      vertex -19.6004 -14.2206 1.6
      vertex -19.6004 -14.2206 0
    endloop
  endfacet
  facet normal 0.882 0.471249 0
    outer loop
      vertex -17.9961 12.0574 1.6
      vertex -18.0701 12.1959 0
      vertex -18.0701 12.1959 1.6
    endloop
  endfacet
  facet normal 0.882 0.471249 0
    outer loop
      vertex -18.0701 12.1959 0
      vertex -17.9961 12.0574 1.6
      vertex -17.9961 12.0574 0
    endloop
  endfacet
  facet normal -0.595794 -0.803137 0
    outer loop
      vertex -48.4276 -11.142 0
      vertex -48.1123 -11.3759 1.6
      vertex -48.4276 -11.142 1.6
    endloop
  endfacet
  facet normal -0.595794 -0.803137 -0
    outer loop
      vertex -48.1123 -11.3759 1.6
      vertex -48.4276 -11.142 0
      vertex -48.1123 -11.3759 0
    endloop
  endfacet
  facet normal 0.882 -0.471249 0
    outer loop
      vertex -18.0701 -12.1959 1.6
      vertex -17.9961 -12.0574 0
      vertex -17.9961 -12.0574 1.6
    endloop
  endfacet
  facet normal 0.882 -0.471249 0
    outer loop
      vertex -17.9961 -12.0574 0
      vertex -18.0701 -12.1959 1.6
      vertex -18.0701 -12.1959 0
    endloop
  endfacet
  facet normal -0.595794 0.803137 0
    outer loop
      vertex -48.1123 11.3759 0
      vertex -48.4276 11.142 1.6
      vertex -48.1123 11.3759 1.6
    endloop
  endfacet
  facet normal -0.595794 0.803137 0
    outer loop
      vertex -48.4276 11.142 1.6
      vertex -48.1123 11.3759 0
      vertex -48.4276 11.142 0
    endloop
  endfacet
  facet normal 0.671564 -0.740946 0
    outer loop
      vertex -20.113 -14.6852 0
      vertex -19.6004 -14.2206 1.6
      vertex -20.113 -14.6852 1.6
    endloop
  endfacet
  facet normal 0.671564 -0.740946 0
    outer loop
      vertex -19.6004 -14.2206 1.6
      vertex -20.113 -14.6852 0
      vertex -19.6004 -14.2206 0
    endloop
  endfacet
  facet normal -0.514084 0.85774 0
    outer loop
      vertex -47.7756 11.5777 0
      vertex -48.1123 11.3759 1.6
      vertex -47.7756 11.5777 1.6
    endloop
  endfacet
  facet normal -0.514084 0.85774 0
    outer loop
      vertex -48.1123 11.3759 1.6
      vertex -47.7756 11.5777 0
      vertex -48.1123 11.3759 0
    endloop
  endfacet
  facet normal -0.904025 0.42748 0
    outer loop
      vertex -49.5855 9.58072 0
      vertex -49.4177 9.93558 1.6
      vertex -49.4177 9.93558 0
    endloop
  endfacet
  facet normal -0.904025 0.42748 0
    outer loop
      vertex -49.4177 9.93558 1.6
      vertex -49.5855 9.58072 0
      vertex -49.5855 9.58072 1.6
    endloop
  endfacet
  facet normal -0.941494 0.33703 0
    outer loop
      vertex -49.7178 9.21114 0
      vertex -49.5855 9.58072 1.6
      vertex -49.5855 9.58072 0
    endloop
  endfacet
  facet normal -0.941494 0.33703 0
    outer loop
      vertex -49.5855 9.58072 1.6
      vertex -49.7178 9.21114 0
      vertex -49.7178 9.21114 1.6
    endloop
  endfacet
  facet normal -0.970081 -0.242781 0
    outer loop
      vertex -49.7178 -9.21114 0
      vertex -49.8131 -8.83035 1.6
      vertex -49.8131 -8.83035 0
    endloop
  endfacet
  facet normal -0.970081 -0.242781 0
    outer loop
      vertex -49.8131 -8.83035 1.6
      vertex -49.7178 -9.21114 0
      vertex -49.7178 -9.21114 1.6
    endloop
  endfacet
  facet normal 0.740946 0.671564 0
    outer loop
      vertex -19.0248 13.597 1.6
      vertex -19.4894 14.1096 0
      vertex -19.4894 14.1096 1.6
    endloop
  endfacet
  facet normal 0.740946 0.671564 0
    outer loop
      vertex -19.4894 14.1096 0
      vertex -19.0248 13.597 1.6
      vertex -19.0248 13.597 0
    endloop
  endfacet
  facet normal 0 1 -0
    outer loop
      vertex -25.66 16.7 0
      vertex -34.34 16.7 1.6
      vertex -25.66 16.7 1.6
    endloop
  endfacet
  facet normal 0 1 0
    outer loop
      vertex -34.34 16.7 1.6
      vertex -25.66 16.7 0
      vertex -34.34 16.7 0
    endloop
  endfacet
  facet normal 0 -1 0
    outer loop
      vertex -34.34 -16.7 0
      vertex -25.66 -16.7 1.6
      vertex -34.34 -16.7 1.6
    endloop
  endfacet
  facet normal 0 -1 -0
    outer loop
      vertex -25.66 -16.7 1.6
      vertex -34.34 -16.7 0
      vertex -25.66 -16.7 0
    endloop
  endfacet
  facet normal 0.85771 -0.514134 0
    outer loop
      vertex -18.4258 -12.7893 1.6
      vertex -18.0701 -12.1959 0
      vertex -18.0701 -12.1959 1.6
    endloop
  endfacet
  facet normal 0.85771 -0.514134 0
    outer loop
      vertex -18.0701 -12.1959 0
      vertex -18.4258 -12.7893 1.6
      vertex -18.4258 -12.7893 0
    endloop
  endfacet
  facet normal 0.923885 -0.38267 0
    outer loop
      vertex -17.7003 -11.432 1.6
      vertex -17.6402 -11.2869 0
      vertex -17.6402 -11.2869 1.6
    endloop
  endfacet
  facet normal 0.923885 -0.38267 0
    outer loop
      vertex -17.6402 -11.2869 0
      vertex -17.7003 -11.432 1.6
      vertex -17.7003 -11.432 0
    endloop
  endfacet
  facet normal 0.995178 -0.0980848 0
    outer loop
      vertex -17.0613 -8.97577 1.6
      vertex -17.0459 -8.81952 0
      vertex -17.0459 -8.81952 1.6
    endloop
  endfacet
  facet normal 0.995178 -0.0980848 0
    outer loop
      vertex -17.0459 -8.81952 0
      vertex -17.0613 -8.97577 1.6
      vertex -17.0613 -8.97577 0
    endloop
  endfacet
  facet normal 0.38267 0.923885 -0
    outer loop
      vertex -22.278 16.0097 0
      vertex -22.4231 16.0698 1.6
      vertex -22.278 16.0097 1.6
    endloop
  endfacet
  facet normal 0.38267 0.923885 0
    outer loop
      vertex -22.4231 16.0698 1.6
      vertex -22.278 16.0097 0
      vertex -22.4231 16.0698 0
    endloop
  endfacet
  facet normal 0.956928 -0.290325 0
    outer loop
      vertex -17.4071 -10.6355 1.6
      vertex -17.3615 -10.4852 0
      vertex -17.3615 -10.4852 1.6
    endloop
  endfacet
  facet normal 0.956928 -0.290325 0
    outer loop
      vertex -17.3615 -10.4852 0
      vertex -17.4071 -10.6355 1.6
      vertex -17.4071 -10.6355 0
    endloop
  endfacet
  facet normal 0.803163 -0.59576 0
    outer loop
      vertex -18.9252 -13.4756 1.6
      vertex -18.513 -12.9199 0
      vertex -18.513 -12.9199 1.6
    endloop
  endfacet
  facet normal 0.803163 -0.59576 0
    outer loop
      vertex -18.513 -12.9199 0
      vertex -18.9252 -13.4756 1.6
      vertex -18.9252 -13.4756 0
    endloop
  endfacet
  facet normal -0.402483 0.915427 0
    outer loop
      vertex -37.722 16.0097 0
      vertex -47.4207 11.7455 1.6
      vertex -37.722 16.0097 1.6
    endloop
  endfacet
  facet normal -0.402483 0.915427 0
    outer loop
      vertex -47.4207 11.7455 1.6
      vertex -37.722 16.0097 0
      vertex -47.4207 11.7455 0
    endloop
  endfacet
  facet normal 0.514071 -0.857748 0
    outer loop
      vertex -21.5141 -15.6399 0
      vertex -20.9206 -15.2842 1.6
      vertex -21.5141 -15.6399 1.6
    endloop
  endfacet
  facet normal 0.514071 -0.857748 0
    outer loop
      vertex -20.9206 -15.2842 1.6
      vertex -21.5141 -15.6399 0
      vertex -20.9206 -15.2842 0
    endloop
  endfacet
  facet normal 0.998792 -0.0491439 0
    outer loop
      vertex -17.0459 -8.81952 1.6
      vertex -17.0119 -8.12851 0
      vertex -17.0119 -8.12851 1.6
    endloop
  endfacet
  facet normal 0.998792 -0.0491439 0
    outer loop
      vertex -17.0119 -8.12851 0
      vertex -17.0459 -8.81952 1.6
      vertex -17.0459 -8.81952 0
    endloop
  endfacet
  facet normal -0.970081 0.242781 0
    outer loop
      vertex -49.8131 8.83035 0
      vertex -49.7178 9.21114 1.6
      vertex -49.7178 9.21114 0
    endloop
  endfacet
  facet normal -0.970081 0.242781 0
    outer loop
      vertex -49.7178 9.21114 1.6
      vertex -49.8131 8.83035 0
      vertex -49.8131 8.83035 1.6
    endloop
  endfacet
  facet normal -0.989176 0.146737 0
    outer loop
      vertex -49.8707 8.44206 0
      vertex -49.8131 8.83035 1.6
      vertex -49.8131 8.83035 0
    endloop
  endfacet
  facet normal -0.989176 0.146737 0
    outer loop
      vertex -49.8131 8.83035 1.6
      vertex -49.8707 8.44206 0
      vertex -49.8707 8.44206 1.6
    endloop
  endfacet
  facet normal -0.0254694 0.999676 0
    outer loop
      vertex -34.34 16.7 0
      vertex -34.4185 16.698 1.6
      vertex -34.34 16.7 1.6
    endloop
  endfacet
  facet normal -0.0254694 0.999676 0
    outer loop
      vertex -34.4185 16.698 1.6
      vertex -34.34 16.7 0
      vertex -34.4185 16.698 0
    endloop
  endfacet
  facet normal -0.857754 0.514061 0
    outer loop
      vertex -49.4177 9.93558 0
      vertex -49.2159 10.2723 1.6
      vertex -49.2159 10.2723 0
    endloop
  endfacet
  facet normal -0.857754 0.514061 0
    outer loop
      vertex -49.2159 10.2723 1.6
      vertex -49.4177 9.93558 0
      vertex -49.4177 9.93558 1.6
    endloop
  endfacet
  facet normal 0.831658 0.555288 0
    outer loop
      vertex -18.4258 12.7893 1.6
      vertex -18.513 12.9199 0
      vertex -18.513 12.9199 1.6
    endloop
  endfacet
  facet normal 0.831658 0.555288 0
    outer loop
      vertex -18.513 12.9199 0
      vertex -18.4258 12.7893 1.6
      vertex -18.4258 12.7893 0
    endloop
  endfacet
  facet normal 0.85771 0.514134 0
    outer loop
      vertex -18.0701 12.1959 1.6
      vertex -18.4258 12.7893 0
      vertex -18.4258 12.7893 1.6
    endloop
  endfacet
  facet normal 0.85771 0.514134 0
    outer loop
      vertex -18.4258 12.7893 0
      vertex -18.0701 12.1959 1.6
      vertex -18.0701 12.1959 0
    endloop
  endfacet
  facet normal 0.740946 -0.671564 0
    outer loop
      vertex -19.4894 -14.1096 1.6
      vertex -19.0248 -13.597 0
      vertex -19.0248 -13.597 1.6
    endloop
  endfacet
  facet normal 0.740946 -0.671564 0
    outer loop
      vertex -19.0248 -13.597 0
      vertex -19.4894 -14.1096 1.6
      vertex -19.4894 -14.1096 0
    endloop
  endfacet
  facet normal 0.941532 0.336922 0
    outer loop
      vertex -17.4071 10.6355 1.6
      vertex -17.6402 11.2869 0
      vertex -17.6402 11.2869 1.6
    endloop
  endfacet
  facet normal 0.941532 0.336922 0
    outer loop
      vertex -17.6402 11.2869 0
      vertex -17.4071 10.6355 1.6
      vertex -17.4071 10.6355 0
    endloop
  endfacet
  facet normal 0.671564 0.740946 -0
    outer loop
      vertex -19.6004 14.2206 0
      vertex -20.113 14.6852 1.6
      vertex -19.6004 14.2206 1.6
    endloop
  endfacet
  facet normal 0.671564 0.740946 0
    outer loop
      vertex -20.113 14.6852 1.6
      vertex -19.6004 14.2206 0
      vertex -20.113 14.6852 0
    endloop
  endfacet
  facet normal -0.514084 -0.85774 0
    outer loop
      vertex -48.1123 -11.3759 0
      vertex -47.7756 -11.5777 1.6
      vertex -48.1123 -11.3759 1.6
    endloop
  endfacet
  facet normal -0.514084 -0.85774 -0
    outer loop
      vertex -47.7756 -11.5777 1.6
      vertex -48.1123 -11.3759 0
      vertex -47.7756 -11.5777 0
    endloop
  endfacet
  facet normal 0.555582 -0.831462 0
    outer loop
      vertex -20.9206 -15.2842 0
      vertex -20.7901 -15.197 1.6
      vertex -20.9206 -15.2842 1.6
    endloop
  endfacet
  facet normal 0.555582 -0.831462 0
    outer loop
      vertex -20.7901 -15.197 1.6
      vertex -20.9206 -15.2842 0
      vertex -20.7901 -15.197 0
    endloop
  endfacet
  facet normal -0.336922 -0.941532 0
    outer loop
      vertex -37.5769 -16.0698 0
      vertex -36.9255 -16.3029 1.6
      vertex -37.5769 -16.0698 1.6
    endloop
  endfacet
  facet normal -0.336922 -0.941532 -0
    outer loop
      vertex -36.9255 -16.3029 1.6
      vertex -37.5769 -16.0698 0
      vertex -36.9255 -16.3029 0
    endloop
  endfacet
  facet normal 0.427564 -0.903985 0
    outer loop
      vertex -22.278 -16.0097 0
      vertex -21.6526 -15.7139 1.6
      vertex -22.278 -16.0097 1.6
    endloop
  endfacet
  facet normal 0.427564 -0.903985 0
    outer loop
      vertex -21.6526 -15.7139 1.6
      vertex -22.278 -16.0097 0
      vertex -21.6526 -15.7139 0
    endloop
  endfacet
  facet normal -0.42744 -0.904044 0
    outer loop
      vertex -47.7756 -11.5777 0
      vertex -47.4207 -11.7455 1.6
      vertex -47.7756 -11.5777 1.6
    endloop
  endfacet
  facet normal -0.42744 -0.904044 -0
    outer loop
      vertex -47.4207 -11.7455 1.6
      vertex -47.7756 -11.5777 0
      vertex -47.4207 -11.7455 0
    endloop
  endfacet
  facet normal -0.146722 -0.989178 0
    outer loop
      vertex -35.9501 -16.5472 0
      vertex -35.2658 -16.6487 1.6
      vertex -35.9501 -16.5472 1.6
    endloop
  endfacet
  facet normal -0.146722 -0.989178 -0
    outer loop
      vertex -35.2658 -16.6487 1.6
      vertex -35.9501 -16.5472 0
      vertex -35.2658 -16.6487 0
    endloop
  endfacet
  facet normal 0.243114 0.969998 -0
    outer loop
      vertex -23.2247 16.3484 0
      vertex -23.8958 16.5166 1.6
      vertex -23.2247 16.3484 1.6
    endloop
  endfacet
  facet normal 0.243114 0.969998 0
    outer loop
      vertex -23.8958 16.5166 1.6
      vertex -23.2247 16.3484 0
      vertex -23.8958 16.5166 0
    endloop
  endfacet
  facet normal -0.402483 -0.915427 0
    outer loop
      vertex -47.4207 -11.7455 0
      vertex -37.722 -16.0097 1.6
      vertex -47.4207 -11.7455 1.6
    endloop
  endfacet
  facet normal -0.402483 -0.915427 -0
    outer loop
      vertex -37.722 -16.0097 1.6
      vertex -47.4207 -11.7455 0
      vertex -37.722 -16.0097 0
    endloop
  endfacet
  facet normal 0.903985 0.427564 0
    outer loop
      vertex -17.7003 11.432 1.6
      vertex -17.9961 12.0574 0
      vertex -17.9961 12.0574 1.6
    endloop
  endfacet
  facet normal 0.903985 0.427564 0
    outer loop
      vertex -17.9961 12.0574 0
      vertex -17.7003 11.432 1.6
      vertex -17.7003 11.432 0
    endloop
  endfacet
  facet normal 0.995178 0.0980848 0
    outer loop
      vertex -17.0459 8.81952 1.6
      vertex -17.0613 8.97577 0
      vertex -17.0613 8.97577 1.6
    endloop
  endfacet
  facet normal 0.995178 0.0980848 0
    outer loop
      vertex -17.0613 8.97577 0
      vertex -17.0459 8.81952 1.6
      vertex -17.0459 8.81952 0
    endloop
  endfacet
  facet normal 0.998792 0.0491439 0
    outer loop
      vertex -17.0119 8.12851 1.6
      vertex -17.0459 8.81952 0
      vertex -17.0459 8.81952 1.6
    endloop
  endfacet
  facet normal 0.998792 0.0491439 0
    outer loop
      vertex -17.0459 8.81952 0
      vertex -17.0119 8.12851 1.6
      vertex -17.0119 8.12851 0
    endloop
  endfacet
  facet normal -0.904025 -0.42748 0
    outer loop
      vertex -49.4177 -9.93558 0
      vertex -49.5855 -9.58072 1.6
      vertex -49.5855 -9.58072 0
    endloop
  endfacet
  facet normal -0.904025 -0.42748 0
    outer loop
      vertex -49.5855 -9.58072 1.6
      vertex -49.4177 -9.93558 0
      vertex -49.4177 -9.93558 1.6
    endloop
  endfacet
  facet normal 0.336922 0.941532 -0
    outer loop
      vertex -22.4231 16.0698 0
      vertex -23.0745 16.3029 1.6
      vertex -22.4231 16.0698 1.6
    endloop
  endfacet
  facet normal 0.336922 0.941532 0
    outer loop
      vertex -23.0745 16.3029 1.6
      vertex -22.4231 16.0698 0
      vertex -23.0745 16.3029 0
    endloop
  endfacet
  facet normal 0.146722 0.989178 -0
    outer loop
      vertex -24.0499 16.5472 0
      vertex -24.7342 16.6487 1.6
      vertex -24.0499 16.5472 1.6
    endloop
  endfacet
  facet normal 0.146722 0.989178 0
    outer loop
      vertex -24.7342 16.6487 1.6
      vertex -24.0499 16.5472 0
      vertex -24.7342 16.6487 0
    endloop
  endfacet
  facet normal -0.243114 0.969998 0
    outer loop
      vertex -36.1042 16.5166 0
      vertex -36.7753 16.3484 1.6
      vertex -36.1042 16.5166 1.6
    endloop
  endfacet
  facet normal -0.243114 0.969998 0
    outer loop
      vertex -36.7753 16.3484 1.6
      vertex -36.1042 16.5166 0
      vertex -36.7753 16.3484 0
    endloop
  endfacet
  facet normal 0.970029 0.242988 0
    outer loop
      vertex -17.1934 9.81413 1.6
      vertex -17.3615 10.4852 0
      vertex -17.3615 10.4852 1.6
    endloop
  endfacet
  facet normal 0.970029 0.242988 0
    outer loop
      vertex -17.3615 10.4852 0
      vertex -17.1934 9.81413 1.6
      vertex -17.1934 9.81413 0
    endloop
  endfacet
  facet normal 0.831658 -0.555288 0
    outer loop
      vertex -18.513 -12.9199 1.6
      vertex -18.4258 -12.7893 0
      vertex -18.4258 -12.7893 1.6
    endloop
  endfacet
  facet normal 0.831658 -0.555288 0
    outer loop
      vertex -18.4258 -12.7893 0
      vertex -18.513 -12.9199 1.6
      vertex -18.513 -12.9199 0
    endloop
  endfacet
  facet normal -0.740908 -0.671607 0
    outer loop
      vertex -48.7184 -10.8784 0
      vertex -48.982 -10.5876 1.6
      vertex -48.982 -10.5876 0
    endloop
  endfacet
  facet normal -0.740908 -0.671607 0
    outer loop
      vertex -48.982 -10.5876 1.6
      vertex -48.7184 -10.8784 0
      vertex -48.7184 -10.8784 1.6
    endloop
  endfacet
  facet normal 0.514071 0.857748 -0
    outer loop
      vertex -20.9206 15.2842 0
      vertex -21.5141 15.6399 1.6
      vertex -20.9206 15.2842 1.6
    endloop
  endfacet
  facet normal 0.514071 0.857748 0
    outer loop
      vertex -21.5141 15.6399 1.6
      vertex -20.9206 15.2842 0
      vertex -21.5141 15.6399 0
    endloop
  endfacet
  facet normal 0.0980537 -0.995181 0
    outer loop
      vertex -24.8905 -16.6641 0
      vertex -24.7342 -16.6487 1.6
      vertex -24.8905 -16.6641 1.6
    endloop
  endfacet
  facet normal 0.0980537 -0.995181 0
    outer loop
      vertex -24.7342 -16.6487 1.6
      vertex -24.8905 -16.6641 0
      vertex -24.7342 -16.6487 0
    endloop
  endfacet
  facet normal 0.471249 0.882 -0
    outer loop
      vertex -21.5141 15.6399 0
      vertex -21.6526 15.7139 1.6
      vertex -21.5141 15.6399 1.6
    endloop
  endfacet
  facet normal 0.471249 0.882 0
    outer loop
      vertex -21.6526 15.7139 1.6
      vertex -21.5141 15.6399 0
      vertex -21.6526 15.7139 0
    endloop
  endfacet
  facet normal -0.740908 0.671607 0
    outer loop
      vertex -48.982 10.5876 0
      vertex -48.7184 10.8784 1.6
      vertex -48.7184 10.8784 0
    endloop
  endfacet
  facet normal -0.740908 0.671607 0
    outer loop
      vertex -48.7184 10.8784 1.6
      vertex -48.982 10.5876 0
      vertex -48.982 10.5876 1.6
    endloop
  endfacet
  facet normal 0.803163 0.59576 0
    outer loop
      vertex -18.513 12.9199 1.6
      vertex -18.9252 13.4756 0
      vertex -18.9252 13.4756 1.6
    endloop
  endfacet
  facet normal 0.803163 0.59576 0
    outer loop
      vertex -18.9252 13.4756 0
      vertex -18.513 12.9199 1.6
      vertex -18.513 12.9199 0
    endloop
  endfacet
  facet normal 0.0490004 0.998799 -0
    outer loop
      vertex -24.8905 16.6641 0
      vertex -25.5815 16.698 1.6
      vertex -24.8905 16.6641 1.6
    endloop
  endfacet
  facet normal 0.0490004 0.998799 0
    outer loop
      vertex -25.5815 16.698 1.6
      vertex -24.8905 16.6641 0
      vertex -25.5815 16.698 0
    endloop
  endfacet
  facet normal 0.0254694 0.999676 -0
    outer loop
      vertex -25.5815 16.698 0
      vertex -25.66 16.7 1.6
      vertex -25.5815 16.698 1.6
    endloop
  endfacet
  facet normal 0.0254694 0.999676 0
    outer loop
      vertex -25.66 16.7 1.6
      vertex -25.5815 16.698 0
      vertex -25.66 16.7 0
    endloop
  endfacet
  facet normal 0.471249 -0.882 0
    outer loop
      vertex -21.6526 -15.7139 0
      vertex -21.5141 -15.6399 1.6
      vertex -21.6526 -15.7139 1.6
    endloop
  endfacet
  facet normal 0.471249 -0.882 0
    outer loop
      vertex -21.5141 -15.6399 1.6
      vertex -21.6526 -15.7139 0
      vertex -21.5141 -15.6399 0
    endloop
  endfacet
  facet normal -0.671607 -0.740908 0
    outer loop
      vertex -48.7184 -10.8784 0
      vertex -48.4276 -11.142 1.6
      vertex -48.7184 -10.8784 1.6
    endloop
  endfacet
  facet normal -0.671607 -0.740908 -0
    outer loop
      vertex -48.4276 -11.142 1.6
      vertex -48.7184 -10.8784 0
      vertex -48.4276 -11.142 0
    endloop
  endfacet
  facet normal -0.243114 -0.969998 0
    outer loop
      vertex -36.7753 -16.3484 0
      vertex -36.1042 -16.5166 1.6
      vertex -36.7753 -16.3484 1.6
    endloop
  endfacet
  facet normal -0.243114 -0.969998 -0
    outer loop
      vertex -36.1042 -16.5166 1.6
      vertex -36.7753 -16.3484 0
      vertex -36.1042 -16.5166 0
    endloop
  endfacet
  facet normal -0.803137 -0.595794 0
    outer loop
      vertex -48.982 -10.5876 0
      vertex -49.2159 -10.2723 1.6
      vertex -49.2159 -10.2723 0
    endloop
  endfacet
  facet normal -0.803137 -0.595794 0
    outer loop
      vertex -49.2159 -10.2723 1.6
      vertex -48.982 -10.5876 0
      vertex -48.982 -10.5876 1.6
    endloop
  endfacet
  facet normal 0.19477 0.980849 -0
    outer loop
      vertex -23.8958 16.5166 0
      vertex -24.0499 16.5472 1.6
      vertex -23.8958 16.5166 1.6
    endloop
  endfacet
  facet normal 0.19477 0.980849 0
    outer loop
      vertex -24.0499 16.5472 1.6
      vertex -23.8958 16.5166 0
      vertex -24.0499 16.5472 0
    endloop
  endfacet
  facet normal -0.19477 -0.980849 0
    outer loop
      vertex -36.1042 -16.5166 0
      vertex -35.9501 -16.5472 1.6
      vertex -36.1042 -16.5166 1.6
    endloop
  endfacet
  facet normal -0.19477 -0.980849 -0
    outer loop
      vertex -35.9501 -16.5472 1.6
      vertex -36.1042 -16.5166 0
      vertex -35.9501 -16.5472 0
    endloop
  endfacet
  facet normal -0.0490004 -0.998799 0
    outer loop
      vertex -35.1095 -16.6641 0
      vertex -34.4185 -16.698 1.6
      vertex -35.1095 -16.6641 1.6
    endloop
  endfacet
  facet normal -0.0490004 -0.998799 -0
    outer loop
      vertex -34.4185 -16.698 1.6
      vertex -35.1095 -16.6641 0
      vertex -34.4185 -16.698 0
    endloop
  endfacet
  facet normal 0.289919 0.957051 -0
    outer loop
      vertex -23.0745 16.3029 0
      vertex -23.2247 16.3484 1.6
      vertex -23.0745 16.3029 1.6
    endloop
  endfacet
  facet normal 0.289919 0.957051 0
    outer loop
      vertex -23.2247 16.3484 1.6
      vertex -23.0745 16.3029 0
      vertex -23.2247 16.3484 0
    endloop
  endfacet
  facet normal 0.903985 -0.427564 0
    outer loop
      vertex -17.9961 -12.0574 1.6
      vertex -17.7003 -11.432 0
      vertex -17.7003 -11.432 1.6
    endloop
  endfacet
  facet normal 0.903985 -0.427564 0
    outer loop
      vertex -17.7003 -11.432 0
      vertex -17.9961 -12.0574 1.6
      vertex -17.9961 -12.0574 0
    endloop
  endfacet
  facet normal -0.38267 -0.923885 0
    outer loop
      vertex -37.722 -16.0097 0
      vertex -37.5769 -16.0698 1.6
      vertex -37.722 -16.0097 1.6
    endloop
  endfacet
  facet normal -0.38267 -0.923885 -0
    outer loop
      vertex -37.5769 -16.0698 1.6
      vertex -37.722 -16.0097 0
      vertex -37.5769 -16.0698 0
    endloop
  endfacet
  facet normal 0.634658 -0.772793 0
    outer loop
      vertex -20.2344 -14.7849 0
      vertex -20.113 -14.6852 1.6
      vertex -20.2344 -14.7849 1.6
    endloop
  endfacet
  facet normal 0.634658 -0.772793 0
    outer loop
      vertex -20.113 -14.6852 1.6
      vertex -20.2344 -14.7849 0
      vertex -20.113 -14.6852 0
    endloop
  endfacet
  facet normal -0.803137 0.595794 0
    outer loop
      vertex -49.2159 10.2723 0
      vertex -48.982 10.5876 1.6
      vertex -48.982 10.5876 0
    endloop
  endfacet
  facet normal -0.803137 0.595794 0
    outer loop
      vertex -48.982 10.5876 1.6
      vertex -49.2159 10.2723 0
      vertex -49.2159 10.2723 1.6
    endloop
  endfacet
  facet normal -0.336922 0.941532 0
    outer loop
      vertex -36.9255 16.3029 0
      vertex -37.5769 16.0698 1.6
      vertex -36.9255 16.3029 1.6
    endloop
  endfacet
  facet normal -0.336922 0.941532 0
    outer loop
      vertex -37.5769 16.0698 1.6
      vertex -36.9255 16.3029 0
      vertex -37.5769 16.0698 0
    endloop
  endfacet
  facet normal -0.38267 0.923885 0
    outer loop
      vertex -37.5769 16.0698 0
      vertex -37.722 16.0097 1.6
      vertex -37.5769 16.0698 1.6
    endloop
  endfacet
  facet normal -0.38267 0.923885 0
    outer loop
      vertex -37.722 16.0097 1.6
      vertex -37.5769 16.0698 0
      vertex -37.722 16.0097 0
    endloop
  endfacet
  facet normal 0.923885 0.38267 0
    outer loop
      vertex -17.6402 11.2869 1.6
      vertex -17.7003 11.432 0
      vertex -17.7003 11.432 1.6
    endloop
  endfacet
  facet normal 0.923885 0.38267 0
    outer loop
      vertex -17.7003 11.432 0
      vertex -17.6402 11.2869 1.6
      vertex -17.6402 11.2869 0
    endloop
  endfacet
  facet normal -0.146722 0.989178 0
    outer loop
      vertex -35.2658 16.6487 0
      vertex -35.9501 16.5472 1.6
      vertex -35.2658 16.6487 1.6
    endloop
  endfacet
  facet normal -0.146722 0.989178 0
    outer loop
      vertex -35.9501 16.5472 1.6
      vertex -35.2658 16.6487 0
      vertex -35.9501 16.5472 0
    endloop
  endfacet
  facet normal -0.857754 -0.514061 0
    outer loop
      vertex -49.2159 -10.2723 0
      vertex -49.4177 -9.93558 1.6
      vertex -49.4177 -9.93558 0
    endloop
  endfacet
  facet normal -0.857754 -0.514061 0
    outer loop
      vertex -49.4177 -9.93558 1.6
      vertex -49.2159 -10.2723 0
      vertex -49.2159 -10.2723 1.6
    endloop
  endfacet
  facet normal 0.595666 0.803232 -0
    outer loop
      vertex -20.2344 14.7849 0
      vertex -20.7901 15.197 1.6
      vertex -20.2344 14.7849 1.6
    endloop
  endfacet
  facet normal 0.595666 0.803232 0
    outer loop
      vertex -20.7901 15.197 1.6
      vertex -20.2344 14.7849 0
      vertex -20.7901 15.197 0
    endloop
  endfacet
  facet normal 0.19477 -0.980849 0
    outer loop
      vertex -24.0499 -16.5472 0
      vertex -23.8958 -16.5166 1.6
      vertex -24.0499 -16.5472 1.6
    endloop
  endfacet
  facet normal 0.19477 -0.980849 0
    outer loop
      vertex -23.8958 -16.5166 1.6
      vertex -24.0499 -16.5472 0
      vertex -23.8958 -16.5166 0
    endloop
  endfacet
  facet normal 0.243114 -0.969998 0
    outer loop
      vertex -23.8958 -16.5166 0
      vertex -23.2247 -16.3484 1.6
      vertex -23.8958 -16.5166 1.6
    endloop
  endfacet
  facet normal 0.243114 -0.969998 0
    outer loop
      vertex -23.2247 -16.3484 1.6
      vertex -23.8958 -16.5166 0
      vertex -23.2247 -16.3484 0
    endloop
  endfacet
  facet normal -0.0980537 0.995181 0
    outer loop
      vertex -35.1095 16.6641 0
      vertex -35.2658 16.6487 1.6
      vertex -35.1095 16.6641 1.6
    endloop
  endfacet
  facet normal -0.0980537 0.995181 0
    outer loop
      vertex -35.2658 16.6487 1.6
      vertex -35.1095 16.6641 0
      vertex -35.2658 16.6487 0
    endloop
  endfacet
  facet normal 0.0490004 -0.998799 0
    outer loop
      vertex -25.5815 -16.698 0
      vertex -24.8905 -16.6641 1.6
      vertex -25.5815 -16.698 1.6
    endloop
  endfacet
  facet normal 0.0490004 -0.998799 0
    outer loop
      vertex -24.8905 -16.6641 1.6
      vertex -25.5815 -16.698 0
      vertex -24.8905 -16.6641 0
    endloop
  endfacet
  facet normal 0.0254694 -0.999676 0
    outer loop
      vertex -25.66 -16.7 0
      vertex -25.5815 -16.698 1.6
      vertex -25.66 -16.7 1.6
    endloop
  endfacet
  facet normal 0.0254694 -0.999676 0
    outer loop
      vertex -25.5815 -16.698 1.6
      vertex -25.66 -16.7 0
      vertex -25.5815 -16.698 0
    endloop
  endfacet
  facet normal 0.595666 -0.803232 0
    outer loop
      vertex -20.7901 -15.197 0
      vertex -20.2344 -14.7849 1.6
      vertex -20.7901 -15.197 1.6
    endloop
  endfacet
  facet normal 0.595666 -0.803232 0
    outer loop
      vertex -20.2344 -14.7849 1.6
      vertex -20.7901 -15.197 0
      vertex -20.2344 -14.7849 0
    endloop
  endfacet
  facet normal 0.980822 -0.194903 0
    outer loop
      vertex -17.1934 -9.81413 1.6
      vertex -17.1628 -9.66014 0
      vertex -17.1628 -9.66014 1.6
    endloop
  endfacet
  facet normal 0.980822 -0.194903 0
    outer loop
      vertex -17.1628 -9.66014 0
      vertex -17.1934 -9.81413 1.6
      vertex -17.1934 -9.81413 0
    endloop
  endfacet
  facet normal -0.941494 -0.33703 0
    outer loop
      vertex -49.5855 -9.58072 0
      vertex -49.7178 -9.21114 1.6
      vertex -49.7178 -9.21114 0
    endloop
  endfacet
  facet normal -0.941494 -0.33703 0
    outer loop
      vertex -49.7178 -9.21114 1.6
      vertex -49.5855 -9.58072 0
      vertex -49.5855 -9.58072 1.6
    endloop
  endfacet
  facet normal 0.970029 -0.242988 0
    outer loop
      vertex -17.3615 -10.4852 1.6
      vertex -17.1934 -9.81413 0
      vertex -17.1934 -9.81413 1.6
    endloop
  endfacet
  facet normal 0.970029 -0.242988 0
    outer loop
      vertex -17.1934 -9.81413 0
      vertex -17.3615 -10.4852 1.6
      vertex -17.3615 -10.4852 0
    endloop
  endfacet
  facet normal 0.707107 0.707107 0
    outer loop
      vertex -19.4894 14.1096 1.6
      vertex -19.6004 14.2206 0
      vertex -19.6004 14.2206 1.6
    endloop
  endfacet
  facet normal 0.707107 0.707107 0
    outer loop
      vertex -19.6004 14.2206 0
      vertex -19.4894 14.1096 1.6
      vertex -19.4894 14.1096 0
    endloop
  endfacet
  facet normal 0.956928 0.290325 0
    outer loop
      vertex -17.3615 10.4852 1.6
      vertex -17.4071 10.6355 0
      vertex -17.4071 10.6355 1.6
    endloop
  endfacet
  facet normal 0.956928 0.290325 0
    outer loop
      vertex -17.4071 10.6355 0
      vertex -17.3615 10.4852 1.6
      vertex -17.3615 10.4852 0
    endloop
  endfacet
  facet normal 0.427564 0.903985 -0
    outer loop
      vertex -21.6526 15.7139 0
      vertex -22.278 16.0097 1.6
      vertex -21.6526 15.7139 1.6
    endloop
  endfacet
  facet normal 0.427564 0.903985 0
    outer loop
      vertex -22.278 16.0097 1.6
      vertex -21.6526 15.7139 0
      vertex -22.278 16.0097 0
    endloop
  endfacet
  facet normal -0.19477 0.980849 0
    outer loop
      vertex -35.9501 16.5472 0
      vertex -36.1042 16.5166 1.6
      vertex -35.9501 16.5472 1.6
    endloop
  endfacet
  facet normal -0.19477 0.980849 0
    outer loop
      vertex -36.1042 16.5166 1.6
      vertex -35.9501 16.5472 0
      vertex -36.1042 16.5166 0
    endloop
  endfacet
  facet normal 0.38267 -0.923885 0
    outer loop
      vertex -22.4231 -16.0698 0
      vertex -22.278 -16.0097 1.6
      vertex -22.4231 -16.0698 1.6
    endloop
  endfacet
  facet normal 0.38267 -0.923885 0
    outer loop
      vertex -22.278 -16.0097 1.6
      vertex -22.4231 -16.0698 0
      vertex -22.278 -16.0097 0
    endloop
  endfacet
  facet normal -0.0490004 0.998799 0
    outer loop
      vertex -34.4185 16.698 0
      vertex -35.1095 16.6641 1.6
      vertex -34.4185 16.698 1.6
    endloop
  endfacet
  facet normal -0.0490004 0.998799 0
    outer loop
      vertex -35.1095 16.6641 1.6
      vertex -34.4185 16.698 0
      vertex -35.1095 16.6641 0
    endloop
  endfacet
  facet normal 0.336922 -0.941532 0
    outer loop
      vertex -23.0745 -16.3029 0
      vertex -22.4231 -16.0698 1.6
      vertex -23.0745 -16.3029 1.6
    endloop
  endfacet
  facet normal 0.336922 -0.941532 0
    outer loop
      vertex -22.4231 -16.0698 1.6
      vertex -23.0745 -16.3029 0
      vertex -22.4231 -16.0698 0
    endloop
  endfacet
  facet normal 0.146722 -0.989178 0
    outer loop
      vertex -24.7342 -16.6487 0
      vertex -24.0499 -16.5472 1.6
      vertex -24.7342 -16.6487 1.6
    endloop
  endfacet
  facet normal 0.146722 -0.989178 0
    outer loop
      vertex -24.0499 -16.5472 1.6
      vertex -24.7342 -16.6487 0
      vertex -24.0499 -16.5472 0
    endloop
  endfacet
  facet normal -0.671607 0.740908 0
    outer loop
      vertex -48.4276 11.142 0
      vertex -48.7184 10.8784 1.6
      vertex -48.4276 11.142 1.6
    endloop
  endfacet
  facet normal -0.671607 0.740908 0
    outer loop
      vertex -48.7184 10.8784 1.6
      vertex -48.4276 11.142 0
      vertex -48.7184 10.8784 0
    endloop
  endfacet
  facet normal 0.289919 -0.957051 0
    outer loop
      vertex -23.2247 -16.3484 0
      vertex -23.0745 -16.3029 1.6
      vertex -23.2247 -16.3484 1.6
    endloop
  endfacet
  facet normal 0.289919 -0.957051 0
    outer loop
      vertex -23.0745 -16.3029 1.6
      vertex -23.2247 -16.3484 0
      vertex -23.0745 -16.3029 0
    endloop
  endfacet
  facet normal 0 0 1
    outer loop
      vertex -34.34 16.7 1.6
      vertex -44.3589 7.58554 1.6
      vertex -17.0119 8.12851 1.6
    endloop
  endfacet
  facet normal 0 0 1
    outer loop
      vertex -17.0119 -8.12851 1.6
      vertex -44.2977 -7.89317 1.6
      vertex -44.29 -8.05 1.6
    endloop
  endfacet
  facet normal 0 0 1
    outer loop
      vertex -44.4118 7.43771 1.6
      vertex -17.0119 8.12851 1.6
      vertex -44.3589 7.58554 1.6
    endloop
  endfacet
  facet normal 0 0 1
    outer loop
      vertex -17.0119 -8.12851 1.6
      vertex -44.3207 -7.73785 1.6
      vertex -44.2977 -7.89317 1.6
    endloop
  endfacet
  facet normal 0 0 1
    outer loop
      vertex -44.4789 7.29576 1.6
      vertex -17.0119 8.12851 1.6
      vertex -44.4118 7.43771 1.6
    endloop
  endfacet
  facet normal 0 0 1
    outer loop
      vertex -17.0119 -8.12851 1.6
      vertex -44.3589 -7.58554 1.6
      vertex -44.3207 -7.73785 1.6
    endloop
  endfacet
  facet normal 0 0 1
    outer loop
      vertex -17.0119 8.12851 1.6
      vertex -44.4789 7.29576 1.6
      vertex -17.0119 -8.12851 1.6
    endloop
  endfacet
  facet normal 0 0 1
    outer loop
      vertex -17.0119 -8.12851 1.6
      vertex -44.4118 -7.43771 1.6
      vertex -44.3589 -7.58554 1.6
    endloop
  endfacet
  facet normal -0 0 1
    outer loop
      vertex -44.4789 -7.29576 1.6
      vertex -17.0119 -8.12851 1.6
      vertex -44.4789 7.29576 1.6
    endloop
  endfacet
  facet normal 0 0 1
    outer loop
      vertex -17.0119 -8.12851 1.6
      vertex -44.4789 -7.29576 1.6
      vertex -44.4118 -7.43771 1.6
    endloop
  endfacet
  facet normal -0 0 1
    outer loop
      vertex -44.5596 7.16109 1.6
      vertex -44.4789 -7.29576 1.6
      vertex -44.4789 7.29576 1.6
    endloop
  endfacet
  facet normal 0 0 1
    outer loop
      vertex -44.5596 7.16109 1.6
      vertex -44.5596 -7.16109 1.6
      vertex -44.4789 -7.29576 1.6
    endloop
  endfacet
  facet normal -0 0 1
    outer loop
      vertex -44.6532 7.03497 1.6
      vertex -44.5596 -7.16109 1.6
      vertex -44.5596 7.16109 1.6
    endloop
  endfacet
  facet normal 0 0 1
    outer loop
      vertex -44.6532 7.03497 1.6
      vertex -44.6532 -7.03497 1.6
      vertex -44.5596 -7.16109 1.6
    endloop
  endfacet
  facet normal -0 0 1
    outer loop
      vertex -44.7586 6.91863 1.6
      vertex -44.6532 -7.03497 1.6
      vertex -44.6532 7.03497 1.6
    endloop
  endfacet
  facet normal 0 0 1
    outer loop
      vertex -44.7586 6.91863 1.6
      vertex -44.7586 -6.91863 1.6
      vertex -44.6532 -7.03497 1.6
    endloop
  endfacet
  facet normal -0 0 1
    outer loop
      vertex -44.875 6.81318 1.6
      vertex -44.7586 -6.91863 1.6
      vertex -44.7586 6.91863 1.6
    endloop
  endfacet
  facet normal 0 0 1
    outer loop
      vertex -44.875 6.81318 1.6
      vertex -44.875 -6.81318 1.6
      vertex -44.7586 -6.91863 1.6
    endloop
  endfacet
  facet normal -0 0 1
    outer loop
      vertex -45.0011 6.71965 1.6
      vertex -44.875 -6.81318 1.6
      vertex -44.875 6.81318 1.6
    endloop
  endfacet
  facet normal 0 0 1
    outer loop
      vertex -45.0011 6.71965 1.6
      vertex -45.0011 -6.71965 1.6
      vertex -44.875 -6.81318 1.6
    endloop
  endfacet
  facet normal -0 0 1
    outer loop
      vertex -45.1358 6.63893 1.6
      vertex -45.0011 -6.71965 1.6
      vertex -45.0011 6.71965 1.6
    endloop
  endfacet
  facet normal 0 0 1
    outer loop
      vertex -45.1358 6.63893 1.6
      vertex -45.1358 -6.63893 1.6
      vertex -45.0011 -6.71965 1.6
    endloop
  endfacet
  facet normal -0 0 1
    outer loop
      vertex -45.2777 6.57179 1.6
      vertex -45.1358 -6.63893 1.6
      vertex -45.1358 6.63893 1.6
    endloop
  endfacet
  facet normal 0 0 1
    outer loop
      vertex -45.2777 6.57179 1.6
      vertex -45.2777 -6.57179 1.6
      vertex -45.1358 -6.63893 1.6
    endloop
  endfacet
  facet normal -0 0 1
    outer loop
      vertex -45.4255 6.5189 1.6
      vertex -45.2777 -6.57179 1.6
      vertex -45.2777 6.57179 1.6
    endloop
  endfacet
  facet normal 0 0 1
    outer loop
      vertex -45.4255 6.5189 1.6
      vertex -45.4255 -6.5189 1.6
      vertex -45.2777 -6.57179 1.6
    endloop
  endfacet
  facet normal -0 0 1
    outer loop
      vertex -45.5779 6.48074 1.6
      vertex -45.4255 -6.5189 1.6
      vertex -45.4255 6.5189 1.6
    endloop
  endfacet
  facet normal 0 0 1
    outer loop
      vertex -45.5779 6.48074 1.6
      vertex -45.5779 -6.48074 1.6
      vertex -45.4255 -6.5189 1.6
    endloop
  endfacet
  facet normal -0 0 1
    outer loop
      vertex -45.7332 6.4577 1.6
      vertex -45.5779 -6.48074 1.6
      vertex -45.5779 6.48074 1.6
    endloop
  endfacet
  facet normal 0 0 1
    outer loop
      vertex -45.7332 6.4577 1.6
      vertex -45.7332 -6.4577 1.6
      vertex -45.5779 -6.48074 1.6
    endloop
  endfacet
  facet normal -0 0 1
    outer loop
      vertex -45.89 6.45 1.6
      vertex -45.7332 -6.4577 1.6
      vertex -45.7332 6.4577 1.6
    endloop
  endfacet
  facet normal 0 0 1
    outer loop
      vertex -45.89 6.45 1.6
      vertex -45.89 -6.45 1.6
      vertex -45.7332 -6.4577 1.6
    endloop
  endfacet
  facet normal 0 0 1
    outer loop
      vertex -46.0468 6.4577 1.6
      vertex -45.89 -6.45 1.6
      vertex -45.89 6.45 1.6
    endloop
  endfacet
  facet normal 0 0 1
    outer loop
      vertex -46.0468 6.4577 1.6
      vertex -46.0468 -6.4577 1.6
      vertex -45.89 -6.45 1.6
    endloop
  endfacet
  facet normal 0 0 1
    outer loop
      vertex -46.2021 6.48074 1.6
      vertex -46.0468 -6.4577 1.6
      vertex -46.0468 6.4577 1.6
    endloop
  endfacet
  facet normal 0 0 1
    outer loop
      vertex -46.2021 6.48074 1.6
      vertex -46.2021 -6.48074 1.6
      vertex -46.0468 -6.4577 1.6
    endloop
  endfacet
  facet normal 0 0 1
    outer loop
      vertex -46.3545 6.5189 1.6
      vertex -46.2021 -6.48074 1.6
      vertex -46.2021 6.48074 1.6
    endloop
  endfacet
  facet normal 0 0 1
    outer loop
      vertex -46.3545 6.5189 1.6
      vertex -46.3545 -6.5189 1.6
      vertex -46.2021 -6.48074 1.6
    endloop
  endfacet
  facet normal 0 0 1
    outer loop
      vertex -46.5023 6.57179 1.6
      vertex -46.3545 -6.5189 1.6
      vertex -46.3545 6.5189 1.6
    endloop
  endfacet
  facet normal 0 0 1
    outer loop
      vertex -46.5023 6.57179 1.6
      vertex -46.5023 -6.57179 1.6
      vertex -46.3545 -6.5189 1.6
    endloop
  endfacet
  facet normal 0 0 1
    outer loop
      vertex -46.6442 6.63893 1.6
      vertex -46.5023 -6.57179 1.6
      vertex -46.5023 6.57179 1.6
    endloop
  endfacet
  facet normal 0 0 1
    outer loop
      vertex -46.6442 6.63893 1.6
      vertex -46.6442 -6.63893 1.6
      vertex -46.5023 -6.57179 1.6
    endloop
  endfacet
  facet normal 0 0 1
    outer loop
      vertex -46.7789 6.71965 1.6
      vertex -46.6442 -6.63893 1.6
      vertex -46.6442 6.63893 1.6
    endloop
  endfacet
  facet normal 0 0 1
    outer loop
      vertex -46.7789 6.71965 1.6
      vertex -46.7789 -6.71965 1.6
      vertex -46.6442 -6.63893 1.6
    endloop
  endfacet
  facet normal 0 0 1
    outer loop
      vertex -49.89 8.04999 1.6
      vertex -46.7789 6.71965 1.6
      vertex -46.905 6.81318 1.6
    endloop
  endfacet
  facet normal 0 0 1
    outer loop
      vertex -46.7789 6.71965 1.6
      vertex -49.89 8.04999 1.6
      vertex -46.7789 -6.71965 1.6
    endloop
  endfacet
  facet normal 0 0 1
    outer loop
      vertex -49.89 8.04999 1.6
      vertex -46.905 6.81318 1.6
      vertex -47.0214 6.91863 1.6
    endloop
  endfacet
  facet normal 0 0 1
    outer loop
      vertex -49.89 -8.04999 1.6
      vertex -46.7789 -6.71965 1.6
      vertex -49.89 8.04999 1.6
    endloop
  endfacet
  facet normal 0 0 1
    outer loop
      vertex -49.89 8.04999 1.6
      vertex -47.0214 6.91863 1.6
      vertex -47.1268 7.03497 1.6
    endloop
  endfacet
  facet normal 0 0 1
    outer loop
      vertex -46.7789 -6.71965 1.6
      vertex -49.89 -8.04999 1.6
      vertex -46.905 -6.81318 1.6
    endloop
  endfacet
  facet normal 0 0 1
    outer loop
      vertex -49.89 8.04999 1.6
      vertex -47.1268 7.03497 1.6
      vertex -47.2204 7.16109 1.6
    endloop
  endfacet
  facet normal 0 0 1
    outer loop
      vertex -46.905 -6.81318 1.6
      vertex -49.89 -8.04999 1.6
      vertex -47.0214 -6.91863 1.6
    endloop
  endfacet
  facet normal 0 0 1
    outer loop
      vertex -49.89 8.04999 1.6
      vertex -47.2204 7.16109 1.6
      vertex -47.3011 7.29576 1.6
    endloop
  endfacet
  facet normal 0 0 1
    outer loop
      vertex -47.0214 -6.91863 1.6
      vertex -49.89 -8.04999 1.6
      vertex -47.1268 -7.03497 1.6
    endloop
  endfacet
  facet normal 0 0 1
    outer loop
      vertex -49.89 8.04999 1.6
      vertex -47.3011 7.29576 1.6
      vertex -47.3682 7.43771 1.6
    endloop
  endfacet
  facet normal 0 0 1
    outer loop
      vertex -47.1268 -7.03497 1.6
      vertex -49.89 -8.04999 1.6
      vertex -47.2204 -7.16109 1.6
    endloop
  endfacet
  facet normal 0 0 1
    outer loop
      vertex -49.89 8.04999 1.6
      vertex -47.3682 7.43771 1.6
      vertex -47.4211 7.58554 1.6
    endloop
  endfacet
  facet normal 0 0 1
    outer loop
      vertex -47.2204 -7.16109 1.6
      vertex -49.89 -8.04999 1.6
      vertex -47.3011 -7.29576 1.6
    endloop
  endfacet
  facet normal 0 0 1
    outer loop
      vertex -49.89 8.04999 1.6
      vertex -47.4211 7.58554 1.6
      vertex -47.4593 7.73785 1.6
    endloop
  endfacet
  facet normal 0 0 1
    outer loop
      vertex -47.3011 -7.29576 1.6
      vertex -49.89 -8.04999 1.6
      vertex -47.3682 -7.43771 1.6
    endloop
  endfacet
  facet normal 0 0 1
    outer loop
      vertex -49.89 8.04999 1.6
      vertex -47.4593 7.73785 1.6
      vertex -47.4823 7.89317 1.6
    endloop
  endfacet
  facet normal 0 0 1
    outer loop
      vertex -47.3682 -7.43771 1.6
      vertex -49.89 -8.04999 1.6
      vertex -47.4211 -7.58554 1.6
    endloop
  endfacet
  facet normal -0 0 1
    outer loop
      vertex -49.89 8.04999 1.6
      vertex -47.4823 7.89317 1.6
      vertex -47.49 8.05 1.6
    endloop
  endfacet
  facet normal 0 0 1
    outer loop
      vertex -47.4211 -7.58554 1.6
      vertex -49.89 -8.04999 1.6
      vertex -47.4593 -7.73785 1.6
    endloop
  endfacet
  facet normal 0 0 1
    outer loop
      vertex -25.5815 16.698 1.6
      vertex -17.0119 8.12851 1.6
      vertex -17.0459 8.81952 1.6
    endloop
  endfacet
  facet normal 0 0 1
    outer loop
      vertex -44.3207 7.73785 1.6
      vertex -34.34 16.7 1.6
      vertex -44.2977 7.89317 1.6
    endloop
  endfacet
  facet normal 0 0 1
    outer loop
      vertex -25.5815 16.698 1.6
      vertex -17.0459 8.81952 1.6
      vertex -17.0613 8.97577 1.6
    endloop
  endfacet
  facet normal 0 0 1
    outer loop
      vertex -44.3589 7.58554 1.6
      vertex -34.34 16.7 1.6
      vertex -44.3207 7.73785 1.6
    endloop
  endfacet
  facet normal 0 0 1
    outer loop
      vertex -25.5815 16.698 1.6
      vertex -17.0613 8.97577 1.6
      vertex -17.1628 9.66014 1.6
    endloop
  endfacet
  facet normal 0 -0 1
    outer loop
      vertex -34.34 -16.7 1.6
      vertex -17.0119 -8.12851 1.6
      vertex -44.29 -8.05 1.6
    endloop
  endfacet
  facet normal 0 0 1
    outer loop
      vertex -25.5815 16.698 1.6
      vertex -17.1628 9.66014 1.6
      vertex -17.1934 9.81413 1.6
    endloop
  endfacet
  facet normal 0 -0 1
    outer loop
      vertex -25.66 -16.7 1.6
      vertex -17.0119 -8.12851 1.6
      vertex -34.34 -16.7 1.6
    endloop
  endfacet
  facet normal 0 0 1
    outer loop
      vertex -25.5815 16.698 1.6
      vertex -17.1934 9.81413 1.6
      vertex -17.3615 10.4852 1.6
    endloop
  endfacet
  facet normal 0 -0 1
    outer loop
      vertex -25.5815 -16.698 1.6
      vertex -17.0119 -8.12851 1.6
      vertex -25.66 -16.7 1.6
    endloop
  endfacet
  facet normal 0 0 1
    outer loop
      vertex -25.5815 16.698 1.6
      vertex -17.3615 10.4852 1.6
      vertex -17.4071 10.6355 1.6
    endloop
  endfacet
  facet normal 0 0 1
    outer loop
      vertex -17.0119 -8.12851 1.6
      vertex -25.5815 -16.698 1.6
      vertex -17.0459 -8.81952 1.6
    endloop
  endfacet
  facet normal 0 0 1
    outer loop
      vertex -25.5815 16.698 1.6
      vertex -17.4071 10.6355 1.6
      vertex -17.6402 11.2869 1.6
    endloop
  endfacet
  facet normal 0 0 1
    outer loop
      vertex -17.0459 -8.81952 1.6
      vertex -25.5815 -16.698 1.6
      vertex -17.0613 -8.97577 1.6
    endloop
  endfacet
  facet normal 0 0 1
    outer loop
      vertex -25.5815 16.698 1.6
      vertex -17.6402 11.2869 1.6
      vertex -17.7003 11.432 1.6
    endloop
  endfacet
  facet normal 0 0 1
    outer loop
      vertex -17.0613 -8.97577 1.6
      vertex -25.5815 -16.698 1.6
      vertex -17.1628 -9.66014 1.6
    endloop
  endfacet
  facet normal 0 0 1
    outer loop
      vertex -25.5815 16.698 1.6
      vertex -17.7003 11.432 1.6
      vertex -17.9961 12.0574 1.6
    endloop
  endfacet
  facet normal 0 0 1
    outer loop
      vertex -17.1628 -9.66014 1.6
      vertex -25.5815 -16.698 1.6
      vertex -17.1934 -9.81413 1.6
    endloop
  endfacet
  facet normal 0 0 1
    outer loop
      vertex -25.5815 16.698 1.6
      vertex -17.9961 12.0574 1.6
      vertex -18.0701 12.1959 1.6
    endloop
  endfacet
  facet normal 0 0 1
    outer loop
      vertex -17.3615 -10.4852 1.6
      vertex -25.5815 -16.698 1.6
      vertex -17.4071 -10.6355 1.6
    endloop
  endfacet
  facet normal 0 0 1
    outer loop
      vertex -25.5815 16.698 1.6
      vertex -18.0701 12.1959 1.6
      vertex -18.4258 12.7893 1.6
    endloop
  endfacet
  facet normal 0 0 1
    outer loop
      vertex -17.4071 -10.6355 1.6
      vertex -25.5815 -16.698 1.6
      vertex -17.6402 -11.2869 1.6
    endloop
  endfacet
  facet normal 0 0 1
    outer loop
      vertex -25.5815 16.698 1.6
      vertex -18.4258 12.7893 1.6
      vertex -18.513 12.9199 1.6
    endloop
  endfacet
  facet normal 0 0 1
    outer loop
      vertex -17.6402 -11.2869 1.6
      vertex -25.5815 -16.698 1.6
      vertex -17.7003 -11.432 1.6
    endloop
  endfacet
  facet normal 0 0 1
    outer loop
      vertex -25.5815 16.698 1.6
      vertex -18.513 12.9199 1.6
      vertex -18.9252 13.4756 1.6
    endloop
  endfacet
  facet normal 0 0 1
    outer loop
      vertex -17.7003 -11.432 1.6
      vertex -25.5815 -16.698 1.6
      vertex -17.9961 -12.0574 1.6
    endloop
  endfacet
  facet normal 0 0 1
    outer loop
      vertex -25.5815 16.698 1.6
      vertex -18.9252 13.4756 1.6
      vertex -19.0248 13.597 1.6
    endloop
  endfacet
  facet normal 0 0 1
    outer loop
      vertex -17.0119 8.12851 1.6
      vertex -25.66 16.7 1.6
      vertex -34.34 16.7 1.6
    endloop
  endfacet
  facet normal 0 0 1
    outer loop
      vertex -25.5815 16.698 1.6
      vertex -19.0248 13.597 1.6
      vertex -19.4894 14.1096 1.6
    endloop
  endfacet
  facet normal 0 0 1
    outer loop
      vertex -17.9961 -12.0574 1.6
      vertex -25.5815 -16.698 1.6
      vertex -18.0701 -12.1959 1.6
    endloop
  endfacet
  facet normal 0 0 1
    outer loop
      vertex -25.5815 16.698 1.6
      vertex -19.4894 14.1096 1.6
      vertex -19.6004 14.2206 1.6
    endloop
  endfacet
  facet normal 0 0 1
    outer loop
      vertex -18.0701 -12.1959 1.6
      vertex -25.5815 -16.698 1.6
      vertex -18.4258 -12.7893 1.6
    endloop
  endfacet
  facet normal 0 0 1
    outer loop
      vertex -25.5815 16.698 1.6
      vertex -19.6004 14.2206 1.6
      vertex -20.113 14.6852 1.6
    endloop
  endfacet
  facet normal 0 0 1
    outer loop
      vertex -18.9252 -13.4756 1.6
      vertex -25.5815 -16.698 1.6
      vertex -19.0248 -13.597 1.6
    endloop
  endfacet
  facet normal 0 0 1
    outer loop
      vertex -25.5815 16.698 1.6
      vertex -20.113 14.6852 1.6
      vertex -20.2344 14.7849 1.6
    endloop
  endfacet
  facet normal 0 0 1
    outer loop
      vertex -19.0248 -13.597 1.6
      vertex -25.5815 -16.698 1.6
      vertex -19.4894 -14.1096 1.6
    endloop
  endfacet
  facet normal 0 0 1
    outer loop
      vertex -25.5815 16.698 1.6
      vertex -20.2344 14.7849 1.6
      vertex -20.7901 15.197 1.6
    endloop
  endfacet
  facet normal 0 0 1
    outer loop
      vertex -19.4894 -14.1096 1.6
      vertex -25.5815 -16.698 1.6
      vertex -19.6004 -14.2206 1.6
    endloop
  endfacet
  facet normal 0 0 1
    outer loop
      vertex -25.5815 16.698 1.6
      vertex -20.7901 15.197 1.6
      vertex -20.9206 15.2842 1.6
    endloop
  endfacet
  facet normal 0 0 1
    outer loop
      vertex -19.6004 -14.2206 1.6
      vertex -25.5815 -16.698 1.6
      vertex -20.113 -14.6852 1.6
    endloop
  endfacet
  facet normal 0 0 1
    outer loop
      vertex -25.5815 16.698 1.6
      vertex -20.9206 15.2842 1.6
      vertex -21.5141 15.6399 1.6
    endloop
  endfacet
  facet normal 0 0 1
    outer loop
      vertex -20.113 -14.6852 1.6
      vertex -25.5815 -16.698 1.6
      vertex -20.2344 -14.7849 1.6
    endloop
  endfacet
  facet normal 0 0 1
    outer loop
      vertex -25.5815 16.698 1.6
      vertex -21.5141 15.6399 1.6
      vertex -21.6526 15.7139 1.6
    endloop
  endfacet
  facet normal 0 0 1
    outer loop
      vertex -20.2344 -14.7849 1.6
      vertex -25.5815 -16.698 1.6
      vertex -20.7901 -15.197 1.6
    endloop
  endfacet
  facet normal 0 0 1
    outer loop
      vertex -25.5815 16.698 1.6
      vertex -21.6526 15.7139 1.6
      vertex -22.278 16.0097 1.6
    endloop
  endfacet
  facet normal 0 0 1
    outer loop
      vertex -20.7901 -15.197 1.6
      vertex -25.5815 -16.698 1.6
      vertex -20.9206 -15.2842 1.6
    endloop
  endfacet
  facet normal 0 0 1
    outer loop
      vertex -25.5815 16.698 1.6
      vertex -22.278 16.0097 1.6
      vertex -22.4231 16.0698 1.6
    endloop
  endfacet
  facet normal 0 0 1
    outer loop
      vertex -20.9206 -15.2842 1.6
      vertex -25.5815 -16.698 1.6
      vertex -21.5141 -15.6399 1.6
    endloop
  endfacet
  facet normal 0 0 1
    outer loop
      vertex -25.5815 16.698 1.6
      vertex -22.4231 16.0698 1.6
      vertex -23.0745 16.3029 1.6
    endloop
  endfacet
  facet normal 0 0 1
    outer loop
      vertex -21.5141 -15.6399 1.6
      vertex -25.5815 -16.698 1.6
      vertex -21.6526 -15.7139 1.6
    endloop
  endfacet
  facet normal 0 0 1
    outer loop
      vertex -25.5815 16.698 1.6
      vertex -23.0745 16.3029 1.6
      vertex -23.2247 16.3484 1.6
    endloop
  endfacet
  facet normal 0 0 1
    outer loop
      vertex -21.6526 -15.7139 1.6
      vertex -25.5815 -16.698 1.6
      vertex -22.278 -16.0097 1.6
    endloop
  endfacet
  facet normal 0 0 1
    outer loop
      vertex -25.5815 16.698 1.6
      vertex -23.2247 16.3484 1.6
      vertex -23.8958 16.5166 1.6
    endloop
  endfacet
  facet normal 0 0 1
    outer loop
      vertex -22.278 -16.0097 1.6
      vertex -25.5815 -16.698 1.6
      vertex -22.4231 -16.0698 1.6
    endloop
  endfacet
  facet normal 0 0 1
    outer loop
      vertex -25.5815 16.698 1.6
      vertex -23.8958 16.5166 1.6
      vertex -24.0499 16.5472 1.6
    endloop
  endfacet
  facet normal 0 0 1
    outer loop
      vertex -22.4231 -16.0698 1.6
      vertex -25.5815 -16.698 1.6
      vertex -23.0745 -16.3029 1.6
    endloop
  endfacet
  facet normal 0 0 1
    outer loop
      vertex -25.5815 16.698 1.6
      vertex -24.0499 16.5472 1.6
      vertex -24.7342 16.6487 1.6
    endloop
  endfacet
  facet normal 0 0 1
    outer loop
      vertex -17.0119 8.12851 1.6
      vertex -25.5815 16.698 1.6
      vertex -25.66 16.7 1.6
    endloop
  endfacet
  facet normal 0 0 1
    outer loop
      vertex -25.5815 16.698 1.6
      vertex -24.7342 16.6487 1.6
      vertex -24.8905 16.6641 1.6
    endloop
  endfacet
  facet normal 0 0 1
    outer loop
      vertex -23.0745 -16.3029 1.6
      vertex -25.5815 -16.698 1.6
      vertex -23.2247 -16.3484 1.6
    endloop
  endfacet
  facet normal 0 0 1
    outer loop
      vertex -24.0499 -16.5472 1.6
      vertex -25.5815 -16.698 1.6
      vertex -24.7342 -16.6487 1.6
    endloop
  endfacet
  facet normal 0 0 1
    outer loop
      vertex -24.7342 -16.6487 1.6
      vertex -25.5815 -16.698 1.6
      vertex -24.8905 -16.6641 1.6
    endloop
  endfacet
  facet normal 0 0 1
    outer loop
      vertex -23.2247 -16.3484 1.6
      vertex -25.5815 -16.698 1.6
      vertex -23.8958 -16.5166 1.6
    endloop
  endfacet
  facet normal 0 0 1
    outer loop
      vertex -23.8958 -16.5166 1.6
      vertex -25.5815 -16.698 1.6
      vertex -24.0499 -16.5472 1.6
    endloop
  endfacet
  facet normal -0 0 1
    outer loop
      vertex -37.722 16.0097 1.6
      vertex -44.2977 7.89317 1.6
      vertex -34.34 16.7 1.6
    endloop
  endfacet
  facet normal 0 0 1
    outer loop
      vertex -18.513 -12.9199 1.6
      vertex -25.5815 -16.698 1.6
      vertex -18.9252 -13.4756 1.6
    endloop
  endfacet
  facet normal 0 0 1
    outer loop
      vertex -37.722 16.0097 1.6
      vertex -34.34 16.7 1.6
      vertex -34.4185 16.698 1.6
    endloop
  endfacet
  facet normal 0 0 1
    outer loop
      vertex -18.4258 -12.7893 1.6
      vertex -25.5815 -16.698 1.6
      vertex -18.513 -12.9199 1.6
    endloop
  endfacet
  facet normal 0 0 1
    outer loop
      vertex -37.722 16.0097 1.6
      vertex -34.4185 16.698 1.6
      vertex -35.1095 16.6641 1.6
    endloop
  endfacet
  facet normal 0 0 1
    outer loop
      vertex -17.1934 -9.81413 1.6
      vertex -25.5815 -16.698 1.6
      vertex -17.3615 -10.4852 1.6
    endloop
  endfacet
  facet normal 0 0 1
    outer loop
      vertex -37.722 16.0097 1.6
      vertex -35.1095 16.6641 1.6
      vertex -35.2658 16.6487 1.6
    endloop
  endfacet
  facet normal -0 -0 1
    outer loop
      vertex -37.722 -16.0097 1.6
      vertex -34.34 -16.7 1.6
      vertex -44.29 -8.05 1.6
    endloop
  endfacet
  facet normal 0 0 1
    outer loop
      vertex -37.722 16.0097 1.6
      vertex -35.2658 16.6487 1.6
      vertex -35.9501 16.5472 1.6
    endloop
  endfacet
  facet normal 0 0 1
    outer loop
      vertex -34.34 -16.7 1.6
      vertex -37.722 -16.0097 1.6
      vertex -34.4185 -16.698 1.6
    endloop
  endfacet
  facet normal 0 0 1
    outer loop
      vertex -37.722 16.0097 1.6
      vertex -35.9501 16.5472 1.6
      vertex -36.1042 16.5166 1.6
    endloop
  endfacet
  facet normal 0 0 1
    outer loop
      vertex -34.4185 -16.698 1.6
      vertex -37.722 -16.0097 1.6
      vertex -35.1095 -16.6641 1.6
    endloop
  endfacet
  facet normal 0 0 1
    outer loop
      vertex -37.722 16.0097 1.6
      vertex -36.1042 16.5166 1.6
      vertex -36.7753 16.3484 1.6
    endloop
  endfacet
  facet normal 0 0 1
    outer loop
      vertex -35.1095 -16.6641 1.6
      vertex -37.722 -16.0097 1.6
      vertex -35.2658 -16.6487 1.6
    endloop
  endfacet
  facet normal 0 0 1
    outer loop
      vertex -37.722 16.0097 1.6
      vertex -36.7753 16.3484 1.6
      vertex -36.9255 16.3029 1.6
    endloop
  endfacet
  facet normal 0 0 1
    outer loop
      vertex -35.2658 -16.6487 1.6
      vertex -37.722 -16.0097 1.6
      vertex -35.9501 -16.5472 1.6
    endloop
  endfacet
  facet normal 0 0 1
    outer loop
      vertex -37.722 16.0097 1.6
      vertex -36.9255 16.3029 1.6
      vertex -37.5769 16.0698 1.6
    endloop
  endfacet
  facet normal 0 0 1
    outer loop
      vertex -35.9501 -16.5472 1.6
      vertex -37.722 -16.0097 1.6
      vertex -36.1042 -16.5166 1.6
    endloop
  endfacet
  facet normal 0 0 1
    outer loop
      vertex -44.2977 7.89317 1.6
      vertex -37.722 16.0097 1.6
      vertex -44.29 8.05 1.6
    endloop
  endfacet
  facet normal 0 0 1
    outer loop
      vertex -36.1042 -16.5166 1.6
      vertex -37.722 -16.0097 1.6
      vertex -36.7753 -16.3484 1.6
    endloop
  endfacet
  facet normal 0 0 1
    outer loop
      vertex -36.7753 -16.3484 1.6
      vertex -37.722 -16.0097 1.6
      vertex -36.9255 -16.3029 1.6
    endloop
  endfacet
  facet normal 0 0 1
    outer loop
      vertex -37.722 16.0097 1.6
      vertex -44.2977 8.20683 1.6
      vertex -44.29 8.05 1.6
    endloop
  endfacet
  facet normal 0 0 1
    outer loop
      vertex -37.722 16.0097 1.6
      vertex -44.3207 8.36214 1.6
      vertex -44.2977 8.20683 1.6
    endloop
  endfacet
  facet normal 0 0 1
    outer loop
      vertex -37.722 16.0097 1.6
      vertex -44.3589 8.51445 1.6
      vertex -44.3207 8.36214 1.6
    endloop
  endfacet
  facet normal 0 0 1
    outer loop
      vertex -37.722 16.0097 1.6
      vertex -44.4118 8.66229 1.6
      vertex -44.3589 8.51445 1.6
    endloop
  endfacet
  facet normal 0 0 1
    outer loop
      vertex -37.722 16.0097 1.6
      vertex -44.4789 8.80423 1.6
      vertex -44.4118 8.66229 1.6
    endloop
  endfacet
  facet normal 0 0 1
    outer loop
      vertex -37.722 16.0097 1.6
      vertex -44.5596 8.93891 1.6
      vertex -44.4789 8.80423 1.6
    endloop
  endfacet
  facet normal 0 0 1
    outer loop
      vertex -37.722 16.0097 1.6
      vertex -44.6532 9.06503 1.6
      vertex -44.5596 8.93891 1.6
    endloop
  endfacet
  facet normal 0 0 1
    outer loop
      vertex -37.722 16.0097 1.6
      vertex -44.7586 9.18137 1.6
      vertex -44.6532 9.06503 1.6
    endloop
  endfacet
  facet normal 0 0 1
    outer loop
      vertex -37.722 16.0097 1.6
      vertex -44.875 9.28682 1.6
      vertex -44.7586 9.18137 1.6
    endloop
  endfacet
  facet normal 0 0 1
    outer loop
      vertex -37.722 16.0097 1.6
      vertex -45.0011 9.38035 1.6
      vertex -44.875 9.28682 1.6
    endloop
  endfacet
  facet normal 0 0 1
    outer loop
      vertex -37.722 16.0097 1.6
      vertex -45.1358 9.46107 1.6
      vertex -45.0011 9.38035 1.6
    endloop
  endfacet
  facet normal -0 0 1
    outer loop
      vertex -47.4207 11.7455 1.6
      vertex -45.1358 9.46107 1.6
      vertex -37.722 16.0097 1.6
    endloop
  endfacet
  facet normal 0 0 1
    outer loop
      vertex -45.1358 9.46107 1.6
      vertex -47.4207 11.7455 1.6
      vertex -45.2777 9.52821 1.6
    endloop
  endfacet
  facet normal 0 0 1
    outer loop
      vertex -45.2777 9.52821 1.6
      vertex -47.4207 11.7455 1.6
      vertex -45.4255 9.5811 1.6
    endloop
  endfacet
  facet normal 0 0 1
    outer loop
      vertex -45.4255 9.5811 1.6
      vertex -47.4207 11.7455 1.6
      vertex -45.5779 9.61926 1.6
    endloop
  endfacet
  facet normal 0 0 1
    outer loop
      vertex -45.5779 9.61926 1.6
      vertex -47.4207 11.7455 1.6
      vertex -45.7332 9.64229 1.6
    endloop
  endfacet
  facet normal 0 0 1
    outer loop
      vertex -45.7332 9.64229 1.6
      vertex -47.4207 11.7455 1.6
      vertex -45.89 9.65 1.6
    endloop
  endfacet
  facet normal 0 0 1
    outer loop
      vertex -45.89 9.65 1.6
      vertex -47.4207 11.7455 1.6
      vertex -46.0468 9.64229 1.6
    endloop
  endfacet
  facet normal 0 0 1
    outer loop
      vertex -46.0468 9.64229 1.6
      vertex -47.4207 11.7455 1.6
      vertex -46.2021 9.61926 1.6
    endloop
  endfacet
  facet normal 0 0 1
    outer loop
      vertex -46.2021 9.61926 1.6
      vertex -47.4207 11.7455 1.6
      vertex -46.3545 9.5811 1.6
    endloop
  endfacet
  facet normal 0 0 1
    outer loop
      vertex -46.3545 9.5811 1.6
      vertex -47.4207 11.7455 1.6
      vertex -46.5023 9.52821 1.6
    endloop
  endfacet
  facet normal 0 0 1
    outer loop
      vertex -46.5023 9.52821 1.6
      vertex -47.4207 11.7455 1.6
      vertex -46.6442 9.46107 1.6
    endloop
  endfacet
  facet normal -0 0 1
    outer loop
      vertex -47.7756 11.5777 1.6
      vertex -46.6442 9.46107 1.6
      vertex -47.4207 11.7455 1.6
    endloop
  endfacet
  facet normal 0 0 1
    outer loop
      vertex -46.6442 9.46107 1.6
      vertex -47.7756 11.5777 1.6
      vertex -46.7789 9.38035 1.6
    endloop
  endfacet
  facet normal -0 0 1
    outer loop
      vertex -48.1123 11.3759 1.6
      vertex -46.7789 9.38035 1.6
      vertex -47.7756 11.5777 1.6
    endloop
  endfacet
  facet normal 0 0 1
    outer loop
      vertex -46.7789 9.38035 1.6
      vertex -48.1123 11.3759 1.6
      vertex -46.905 9.28682 1.6
    endloop
  endfacet
  facet normal -0 0 1
    outer loop
      vertex -48.4276 11.142 1.6
      vertex -46.905 9.28682 1.6
      vertex -48.1123 11.3759 1.6
    endloop
  endfacet
  facet normal 0 0 1
    outer loop
      vertex -46.905 9.28682 1.6
      vertex -48.4276 11.142 1.6
      vertex -47.0214 9.18137 1.6
    endloop
  endfacet
  facet normal -0 0 1
    outer loop
      vertex -48.7184 10.8784 1.6
      vertex -47.0214 9.18137 1.6
      vertex -48.4276 11.142 1.6
    endloop
  endfacet
  facet normal 0 0 1
    outer loop
      vertex -47.0214 9.18137 1.6
      vertex -48.7184 10.8784 1.6
      vertex -47.1268 9.06503 1.6
    endloop
  endfacet
  facet normal -0 0 1
    outer loop
      vertex -48.982 10.5876 1.6
      vertex -47.1268 9.06503 1.6
      vertex -48.7184 10.8784 1.6
    endloop
  endfacet
  facet normal 0 0 1
    outer loop
      vertex -47.1268 9.06503 1.6
      vertex -48.982 10.5876 1.6
      vertex -47.2204 8.93891 1.6
    endloop
  endfacet
  facet normal -0 0 1
    outer loop
      vertex -49.2159 10.2723 1.6
      vertex -47.2204 8.93891 1.6
      vertex -48.982 10.5876 1.6
    endloop
  endfacet
  facet normal -0 0 1
    outer loop
      vertex -49.4177 9.93558 1.6
      vertex -47.3011 8.80423 1.6
      vertex -49.2159 10.2723 1.6
    endloop
  endfacet
  facet normal 0 0 1
    outer loop
      vertex -47.2204 8.93891 1.6
      vertex -49.2159 10.2723 1.6
      vertex -47.3011 8.80423 1.6
    endloop
  endfacet
  facet normal 0 0 1
    outer loop
      vertex -36.9255 -16.3029 1.6
      vertex -37.722 -16.0097 1.6
      vertex -37.5769 -16.0698 1.6
    endloop
  endfacet
  facet normal -0 0 1
    outer loop
      vertex -44.2977 -8.20683 1.6
      vertex -37.722 -16.0097 1.6
      vertex -44.29 -8.05 1.6
    endloop
  endfacet
  facet normal -0 0 1
    outer loop
      vertex -44.3207 -8.36214 1.6
      vertex -37.722 -16.0097 1.6
      vertex -44.2977 -8.20683 1.6
    endloop
  endfacet
  facet normal -0 0 1
    outer loop
      vertex -44.3589 -8.51445 1.6
      vertex -37.722 -16.0097 1.6
      vertex -44.3207 -8.36214 1.6
    endloop
  endfacet
  facet normal -0 0 1
    outer loop
      vertex -44.4118 -8.66229 1.6
      vertex -37.722 -16.0097 1.6
      vertex -44.3589 -8.51445 1.6
    endloop
  endfacet
  facet normal -0 0 1
    outer loop
      vertex -44.4789 -8.80423 1.6
      vertex -37.722 -16.0097 1.6
      vertex -44.4118 -8.66229 1.6
    endloop
  endfacet
  facet normal -0 0 1
    outer loop
      vertex -44.5596 -8.93891 1.6
      vertex -37.722 -16.0097 1.6
      vertex -44.4789 -8.80423 1.6
    endloop
  endfacet
  facet normal -0 0 1
    outer loop
      vertex -44.6532 -9.06503 1.6
      vertex -37.722 -16.0097 1.6
      vertex -44.5596 -8.93891 1.6
    endloop
  endfacet
  facet normal -0 0 1
    outer loop
      vertex -44.7586 -9.18137 1.6
      vertex -37.722 -16.0097 1.6
      vertex -44.6532 -9.06503 1.6
    endloop
  endfacet
  facet normal -0 0 1
    outer loop
      vertex -44.875 -9.28682 1.6
      vertex -37.722 -16.0097 1.6
      vertex -44.7586 -9.18137 1.6
    endloop
  endfacet
  facet normal -0 0 1
    outer loop
      vertex -45.0011 -9.38035 1.6
      vertex -37.722 -16.0097 1.6
      vertex -44.875 -9.28682 1.6
    endloop
  endfacet
  facet normal -0 0 1
    outer loop
      vertex -45.1358 -9.46107 1.6
      vertex -37.722 -16.0097 1.6
      vertex -45.0011 -9.38035 1.6
    endloop
  endfacet
  facet normal 0 0 1
    outer loop
      vertex -47.4207 -11.7455 1.6
      vertex -45.1358 -9.46107 1.6
      vertex -45.2777 -9.52821 1.6
    endloop
  endfacet
  facet normal 0 0 1
    outer loop
      vertex -47.4207 -11.7455 1.6
      vertex -45.2777 -9.52821 1.6
      vertex -45.4255 -9.5811 1.6
    endloop
  endfacet
  facet normal 0 0 1
    outer loop
      vertex -47.4207 -11.7455 1.6
      vertex -45.4255 -9.5811 1.6
      vertex -45.5779 -9.61926 1.6
    endloop
  endfacet
  facet normal 0 0 1
    outer loop
      vertex -47.4207 -11.7455 1.6
      vertex -45.5779 -9.61926 1.6
      vertex -45.7332 -9.64229 1.6
    endloop
  endfacet
  facet normal 0 0 1
    outer loop
      vertex -47.4207 -11.7455 1.6
      vertex -45.7332 -9.64229 1.6
      vertex -45.89 -9.65 1.6
    endloop
  endfacet
  facet normal 0 0 1
    outer loop
      vertex -47.4207 -11.7455 1.6
      vertex -45.89 -9.65 1.6
      vertex -46.0468 -9.64229 1.6
    endloop
  endfacet
  facet normal 0 0 1
    outer loop
      vertex -47.4207 -11.7455 1.6
      vertex -46.0468 -9.64229 1.6
      vertex -46.2021 -9.61926 1.6
    endloop
  endfacet
  facet normal 0 0 1
    outer loop
      vertex -47.4207 -11.7455 1.6
      vertex -46.2021 -9.61926 1.6
      vertex -46.3545 -9.5811 1.6
    endloop
  endfacet
  facet normal 0 0 1
    outer loop
      vertex -47.4207 -11.7455 1.6
      vertex -46.3545 -9.5811 1.6
      vertex -46.5023 -9.52821 1.6
    endloop
  endfacet
  facet normal 0 0 1
    outer loop
      vertex -47.4207 -11.7455 1.6
      vertex -46.5023 -9.52821 1.6
      vertex -46.6442 -9.46107 1.6
    endloop
  endfacet
  facet normal 0 0 1
    outer loop
      vertex -47.7756 -11.5777 1.6
      vertex -46.6442 -9.46107 1.6
      vertex -46.7789 -9.38035 1.6
    endloop
  endfacet
  facet normal 0 0 1
    outer loop
      vertex -45.1358 -9.46107 1.6
      vertex -47.4207 -11.7455 1.6
      vertex -37.722 -16.0097 1.6
    endloop
  endfacet
  facet normal 0 0 1
    outer loop
      vertex -48.1123 -11.3759 1.6
      vertex -46.7789 -9.38035 1.6
      vertex -46.905 -9.28682 1.6
    endloop
  endfacet
  facet normal 0 0 1
    outer loop
      vertex -48.4276 -11.142 1.6
      vertex -46.905 -9.28682 1.6
      vertex -47.0214 -9.18137 1.6
    endloop
  endfacet
  facet normal 0 0 1
    outer loop
      vertex -48.7184 -10.8784 1.6
      vertex -47.0214 -9.18137 1.6
      vertex -47.1268 -9.06503 1.6
    endloop
  endfacet
  facet normal 0 0 1
    outer loop
      vertex -48.982 -10.5876 1.6
      vertex -47.1268 -9.06503 1.6
      vertex -47.2204 -8.93891 1.6
    endloop
  endfacet
  facet normal 0 0 1
    outer loop
      vertex -49.2159 -10.2723 1.6
      vertex -47.2204 -8.93891 1.6
      vertex -47.3011 -8.80423 1.6
    endloop
  endfacet
  facet normal 0 0 1
    outer loop
      vertex -49.4177 -9.93558 1.6
      vertex -47.3011 -8.80423 1.6
      vertex -47.3682 -8.66229 1.6
    endloop
  endfacet
  facet normal 0 0 1
    outer loop
      vertex -49.5855 -9.58072 1.6
      vertex -47.3682 -8.66229 1.6
      vertex -47.4211 -8.51445 1.6
    endloop
  endfacet
  facet normal 0 0 1
    outer loop
      vertex -49.7178 -9.21114 1.6
      vertex -47.4211 -8.51445 1.6
      vertex -47.4593 -8.36214 1.6
    endloop
  endfacet
  facet normal 0 0 1
    outer loop
      vertex -49.8131 -8.83035 1.6
      vertex -47.4593 -8.36214 1.6
      vertex -47.4823 -8.20683 1.6
    endloop
  endfacet
  facet normal 0 0 1
    outer loop
      vertex -49.8707 -8.44206 1.6
      vertex -47.4823 -8.20683 1.6
      vertex -47.49 -8.05 1.6
    endloop
  endfacet
  facet normal 0 0 1
    outer loop
      vertex -46.6442 -9.46107 1.6
      vertex -47.7756 -11.5777 1.6
      vertex -47.4207 -11.7455 1.6
    endloop
  endfacet
  facet normal 0 0 1
    outer loop
      vertex -47.4593 -7.73785 1.6
      vertex -49.89 -8.04999 1.6
      vertex -47.4823 -7.89317 1.6
    endloop
  endfacet
  facet normal 0 0 1
    outer loop
      vertex -47.3011 8.80423 1.6
      vertex -49.4177 9.93558 1.6
      vertex -47.3682 8.66229 1.6
    endloop
  endfacet
  facet normal 0 0 1
    outer loop
      vertex -47.4823 -7.89317 1.6
      vertex -49.89 -8.04999 1.6
      vertex -47.49 -8.05 1.6
    endloop
  endfacet
  facet normal -0 0 1
    outer loop
      vertex -49.5855 9.58072 1.6
      vertex -47.3682 8.66229 1.6
      vertex -49.4177 9.93558 1.6
    endloop
  endfacet
  facet normal 0 -0 1
    outer loop
      vertex -49.8707 -8.44206 1.6
      vertex -47.49 -8.05 1.6
      vertex -49.89 -8.04999 1.6
    endloop
  endfacet
  facet normal 0 0 1
    outer loop
      vertex -47.3682 8.66229 1.6
      vertex -49.5855 9.58072 1.6
      vertex -47.4211 8.51445 1.6
    endloop
  endfacet
  facet normal 0 0 1
    outer loop
      vertex -46.7789 -9.38035 1.6
      vertex -48.1123 -11.3759 1.6
      vertex -47.7756 -11.5777 1.6
    endloop
  endfacet
  facet normal -0 0 1
    outer loop
      vertex -49.7178 9.21114 1.6
      vertex -47.4211 8.51445 1.6
      vertex -49.5855 9.58072 1.6
    endloop
  endfacet
  facet normal 0 0 1
    outer loop
      vertex -46.905 -9.28682 1.6
      vertex -48.4276 -11.142 1.6
      vertex -48.1123 -11.3759 1.6
    endloop
  endfacet
  facet normal 0 0 1
    outer loop
      vertex -47.4211 8.51445 1.6
      vertex -49.7178 9.21114 1.6
      vertex -47.4593 8.36214 1.6
    endloop
  endfacet
  facet normal 0 0 1
    outer loop
      vertex -47.0214 -9.18137 1.6
      vertex -48.7184 -10.8784 1.6
      vertex -48.4276 -11.142 1.6
    endloop
  endfacet
  facet normal -0 0 1
    outer loop
      vertex -49.8131 8.83035 1.6
      vertex -47.4593 8.36214 1.6
      vertex -49.7178 9.21114 1.6
    endloop
  endfacet
  facet normal 0 0 1
    outer loop
      vertex -47.1268 -9.06503 1.6
      vertex -48.982 -10.5876 1.6
      vertex -48.7184 -10.8784 1.6
    endloop
  endfacet
  facet normal 0 0 1
    outer loop
      vertex -47.4593 8.36214 1.6
      vertex -49.8131 8.83035 1.6
      vertex -47.4823 8.20683 1.6
    endloop
  endfacet
  facet normal 0 0 1
    outer loop
      vertex -47.2204 -8.93891 1.6
      vertex -49.2159 -10.2723 1.6
      vertex -48.982 -10.5876 1.6
    endloop
  endfacet
  facet normal -0 0 1
    outer loop
      vertex -49.8707 8.44206 1.6
      vertex -47.4823 8.20683 1.6
      vertex -49.8131 8.83035 1.6
    endloop
  endfacet
  facet normal 0 0 1
    outer loop
      vertex -47.3011 -8.80423 1.6
      vertex -49.4177 -9.93558 1.6
      vertex -49.2159 -10.2723 1.6
    endloop
  endfacet
  facet normal 0 0 1
    outer loop
      vertex -47.4823 8.20683 1.6
      vertex -49.8707 8.44206 1.6
      vertex -47.49 8.05 1.6
    endloop
  endfacet
  facet normal 0 0 1
    outer loop
      vertex -47.3682 -8.66229 1.6
      vertex -49.5855 -9.58072 1.6
      vertex -49.4177 -9.93558 1.6
    endloop
  endfacet
  facet normal 0 0 1
    outer loop
      vertex -47.49 8.05 1.6
      vertex -49.8707 8.44206 1.6
      vertex -49.89 8.04999 1.6
    endloop
  endfacet
  facet normal 0 0 1
    outer loop
      vertex -47.4211 -8.51445 1.6
      vertex -49.7178 -9.21114 1.6
      vertex -49.5855 -9.58072 1.6
    endloop
  endfacet
  facet normal 0 0 1
    outer loop
      vertex -47.4593 -8.36214 1.6
      vertex -49.8131 -8.83035 1.6
      vertex -49.7178 -9.21114 1.6
    endloop
  endfacet
  facet normal 0 0 1
    outer loop
      vertex -47.4823 -8.20683 1.6
      vertex -49.8707 -8.44206 1.6
      vertex -49.8131 -8.83035 1.6
    endloop
  endfacet
endsolid OpenSCAD_Model
