solid OpenSCAD_Model
  facet normal -0.989178 0 0.146722
    outer loop
      vertex -6.96629 0 7.68612
      vertex -6.8655 4 8.36563
      vertex -6.96629 4 7.68612
    endloop
  endfacet
  facet normal -0.989178 0 0.146722
    outer loop
      vertex -6.8655 4 8.36563
      vertex -6.96629 0 7.68612
      vertex -6.8655 0 8.36563
    endloop
  endfacet
  facet normal -0.998795 0 0.0490722
    outer loop
      vertex -7 0 7
      vertex -6.96629 4 7.68612
      vertex -7 4 7
    endloop
  endfacet
  facet normal -0.998795 0 0.0490722
    outer loop
      vertex -6.96629 4 7.68612
      vertex -7 0 7
      vertex -6.96629 0 7.68612
    endloop
  endfacet
  facet normal 0 0 -1
    outer loop
      vertex 80 0 0
      vertex 40 4 0
      vertex 80 4 0
    endloop
  endfacet
  facet normal 0 0 -1
    outer loop
      vertex 40 4 0
      vertex 30 4 0
      vertex 40 23.3 0
    endloop
  endfacet
  facet normal 0 0 -1
    outer loop
      vertex 0 0 0
      vertex 40 4 0
      vertex 80 0 0
    endloop
  endfacet
  facet normal -0 0 -1
    outer loop
      vertex 40 4 0
      vertex 0 0 0
      vertex 30 4 0
    endloop
  endfacet
  facet normal -0 0 -1
    outer loop
      vertex 30 4 0
      vertex 0 0 0
      vertex 0 4 0
    endloop
  endfacet
  facet normal 0 0 -1
    outer loop
      vertex 40 23.3 0
      vertex 80 27.3 0
      vertex 80 23.3 0
    endloop
  endfacet
  facet normal 0 0 -1
    outer loop
      vertex 30 23.3 0
      vertex 40 23.3 0
      vertex 30 4 0
    endloop
  endfacet
  facet normal 0 0 -1
    outer loop
      vertex 30 23.3 0
      vertex 80 27.3 0
      vertex 40 23.3 0
    endloop
  endfacet
  facet normal 0 0 -1
    outer loop
      vertex -20 27.3 0
      vertex 30 23.3 0
      vertex -20 23.3 0
    endloop
  endfacet
  facet normal 0 0 -1
    outer loop
      vertex 30 23.3 0
      vertex -20 27.3 0
      vertex 80 27.3 0
    endloop
  endfacet
  facet normal -0.595706 0 -0.803203
    outer loop
      vertex -4.44075 0 1.58893
      vertex -3.88899 4 1.17971
      vertex -3.88899 0 1.17971
    endloop
  endfacet
  facet normal -0.595706 0 -0.803203
    outer loop
      vertex -3.88899 4 1.17971
      vertex -4.44075 0 1.58893
      vertex -4.44075 4 1.58893
    endloop
  endfacet
  facet normal 0.146739 0 0.989175
    outer loop
      vertex 80.6861 4 13.9663
      vertex 81.3656 0 13.8655
      vertex 81.3656 4 13.8655
    endloop
  endfacet
  facet normal 0.146739 0 0.989175
    outer loop
      vertex 81.3656 0 13.8655
      vertex 80.6861 4 13.9663
      vertex 80.6861 0 13.9663
    endloop
  endfacet
  facet normal -0.970029 0 -0.242988
    outer loop
      vertex -6.69858 0 4.96801
      vertex -6.8655 4 5.63437
      vertex -6.69858 4 4.96801
    endloop
  endfacet
  facet normal -0.970029 -0 -0.242988
    outer loop
      vertex -6.8655 4 5.63437
      vertex -6.69858 0 4.96801
      vertex -6.8655 0 5.63437
    endloop
  endfacet
  facet normal -0.0490687 0 -0.998795
    outer loop
      vertex -0.686119 0 0.0337076
      vertex 0 4 0
      vertex 0 0 0
    endloop
  endfacet
  facet normal -0.0490687 0 -0.998795
    outer loop
      vertex 0 4 0
      vertex -0.686119 0 0.0337076
      vertex -0.686119 4 0.0337076
    endloop
  endfacet
  facet normal 0.903945 -0 0.42765
    outer loop
      vertex 86.1734 0 10.2998
      vertex 86.4672 4 9.67878
      vertex 86.1734 4 10.2998
    endloop
  endfacet
  facet normal 0.903945 0 0.42765
    outer loop
      vertex 86.4672 4 9.67878
      vertex 86.1734 0 10.2998
      vertex 86.4672 0 9.67878
    endloop
  endfacet
  facet normal -0.857728 0 -0.514104
    outer loop
      vertex -5.82029 0 3.11101
      vertex -6.17345 4 3.70022
      vertex -5.82029 4 3.11101
    endloop
  endfacet
  facet normal -0.857728 -0 -0.514104
    outer loop
      vertex -6.17345 4 3.70022
      vertex -5.82029 0 3.11101
      vertex -6.17345 0 3.70022
    endloop
  endfacet
  facet normal 0.970036 -0 0.24296
    outer loop
      vertex 86.6986 0 9.03199
      vertex 86.8655 4 8.36563
      vertex 86.6986 4 9.03199
    endloop
  endfacet
  facet normal 0.970036 0 0.24296
    outer loop
      vertex 86.8655 4 8.36563
      vertex 86.6986 0 9.03199
      vertex 86.8655 0 8.36563
    endloop
  endfacet
  facet normal -0.51404 0 0.857766
    outer loop
      vertex -3.88899 4 12.8203
      vertex -3.29978 0 13.1734
      vertex -3.29978 4 13.1734
    endloop
  endfacet
  facet normal -0.51404 0 0.857766
    outer loop
      vertex -3.29978 0 13.1734
      vertex -3.88899 4 12.8203
      vertex -3.88899 0 12.8203
    endloop
  endfacet
  facet normal -0.0490577 0 0.998796
    outer loop
      vertex -0.686119 4 13.9663
      vertex 0 0 14
      vertex 0 4 14
    endloop
  endfacet
  facet normal -0.0490577 0 0.998796
    outer loop
      vertex 0 0 14
      vertex -0.686119 4 13.9663
      vertex -0.686119 0 13.9663
    endloop
  endfacet
  facet normal 0.671623 0 -0.740893
    outer loop
      vertex 84.4408 0 1.58893
      vertex 84.9497 4 2.05025
      vertex 84.9497 0 2.05025
    endloop
  endfacet
  facet normal 0.671623 0 -0.740893
    outer loop
      vertex 84.9497 4 2.05025
      vertex 84.4408 0 1.58893
      vertex 84.4408 4 1.58893
    endloop
  endfacet
  facet normal -0.24296 0 0.970036
    outer loop
      vertex -2.03199 4 13.6986
      vertex -1.36563 0 13.8655
      vertex -1.36563 4 13.8655
    endloop
  endfacet
  facet normal -0.24296 0 0.970036
    outer loop
      vertex -1.36563 0 13.8655
      vertex -2.03199 4 13.6986
      vertex -2.03199 0 13.6986
    endloop
  endfacet
  facet normal -0.803203 0 -0.595706
    outer loop
      vertex -5.41107 0 2.55925
      vertex -5.82029 4 3.11101
      vertex -5.41107 4 2.55925
    endloop
  endfacet
  facet normal -0.803203 -0 -0.595706
    outer loop
      vertex -5.82029 4 3.11101
      vertex -5.41107 0 2.55925
      vertex -5.82029 0 3.11101
    endloop
  endfacet
  facet normal 0.803237 -0 0.595659
    outer loop
      vertex 85.4111 0 11.4408
      vertex 85.8203 4 10.889
      vertex 85.4111 4 11.4408
    endloop
  endfacet
  facet normal 0.803237 0 0.595659
    outer loop
      vertex 85.8203 4 10.889
      vertex 85.4111 0 11.4408
      vertex 85.8203 0 10.889
    endloop
  endfacet
  facet normal -0.970029 0 0.242988
    outer loop
      vertex -6.8655 0 8.36563
      vertex -6.69858 4 9.03199
      vertex -6.8655 4 8.36563
    endloop
  endfacet
  facet normal -0.970029 0 0.242988
    outer loop
      vertex -6.69858 4 9.03199
      vertex -6.8655 0 8.36563
      vertex -6.69858 0 9.03199
    endloop
  endfacet
  facet normal 0.0490701 0 -0.998795
    outer loop
      vertex 80 0 0
      vertex 80.6861 4 0.0337076
      vertex 80.6861 0 0.0337076
    endloop
  endfacet
  facet normal 0.0490701 0 -0.998795
    outer loop
      vertex 80.6861 4 0.0337076
      vertex 80 0 0
      vertex 80 4 0
    endloop
  endfacet
  facet normal 0.427661 0 0.903939
    outer loop
      vertex 82.6788 4 13.4672
      vertex 83.2998 0 13.1734
      vertex 83.2998 4 13.1734
    endloop
  endfacet
  facet normal 0.427661 0 0.903939
    outer loop
      vertex 83.2998 0 13.1734
      vertex 82.6788 4 13.4672
      vertex 82.6788 0 13.4672
    endloop
  endfacet
  facet normal 0.595659 0 0.803237
    outer loop
      vertex 83.889 4 12.8203
      vertex 84.4408 0 12.4111
      vertex 84.4408 4 12.4111
    endloop
  endfacet
  facet normal 0.595659 0 0.803237
    outer loop
      vertex 84.4408 0 12.4111
      vertex 83.889 4 12.8203
      vertex 83.889 0 12.8203
    endloop
  endfacet
  facet normal -0.42755 0 -0.903992
    outer loop
      vertex -3.29978 0 0.826551
      vertex -2.67878 4 0.532844
      vertex -2.67878 0 0.532844
    endloop
  endfacet
  facet normal -0.42755 0 -0.903992
    outer loop
      vertex -2.67878 4 0.532844
      vertex -3.29978 0 0.826551
      vertex -3.29978 4 0.826551
    endloop
  endfacet
  facet normal 0.671687 0 0.740835
    outer loop
      vertex 84.4408 4 12.4111
      vertex 84.9497 0 11.9497
      vertex 84.9497 4 11.9497
    endloop
  endfacet
  facet normal 0.671687 0 0.740835
    outer loop
      vertex 84.9497 0 11.9497
      vertex 84.4408 4 12.4111
      vertex 84.4408 0 12.4111
    endloop
  endfacet
  facet normal -0 0 1
    outer loop
      vertex 0 4 14
      vertex 80 0 14
      vertex 80 4 14
    endloop
  endfacet
  facet normal 0 0 1
    outer loop
      vertex 80 0 14
      vertex 0 4 14
      vertex 0 0 14
    endloop
  endfacet
  facet normal 0.595678 0 -0.803223
    outer loop
      vertex 83.889 0 1.17971
      vertex 84.4408 4 1.58893
      vertex 84.4408 0 1.58893
    endloop
  endfacet
  facet normal 0.595678 0 -0.803223
    outer loop
      vertex 84.4408 4 1.58893
      vertex 83.889 0 1.17971
      vertex 83.889 4 1.17971
    endloop
  endfacet
  facet normal -0.740959 0 -0.67155
    outer loop
      vertex -4.94975 0 2.05025
      vertex -5.41107 4 2.55925
      vertex -4.94975 4 2.05025
    endloop
  endfacet
  facet normal -0.740959 -0 -0.67155
    outer loop
      vertex -5.41107 4 2.55925
      vertex -4.94975 0 2.05025
      vertex -5.41107 0 2.55925
    endloop
  endfacet
  facet normal 0.998796 0 -0.0490576
    outer loop
      vertex 87 0 7
      vertex 86.9663 4 6.31388
      vertex 87 4 7
    endloop
  endfacet
  facet normal 0.998796 0 -0.0490576
    outer loop
      vertex 86.9663 4 6.31388
      vertex 87 0 7
      vertex 86.9663 0 6.31388
    endloop
  endfacet
  facet normal 0.336853 0 0.941557
    outer loop
      vertex 82.032 4 13.6986
      vertex 82.6788 0 13.4672
      vertex 82.6788 4 13.4672
    endloop
  endfacet
  facet normal 0.336853 0 0.941557
    outer loop
      vertex 82.6788 0 13.4672
      vertex 82.032 4 13.6986
      vertex 82.032 0 13.6986
    endloop
  endfacet
  facet normal 0.941556 0 -0.336857
    outer loop
      vertex 86.6986 0 4.96801
      vertex 86.4672 4 4.32122
      vertex 86.6986 4 4.96801
    endloop
  endfacet
  facet normal 0.941556 0 -0.336857
    outer loop
      vertex 86.4672 4 4.32122
      vertex 86.6986 0 4.96801
      vertex 86.4672 0 4.32122
    endloop
  endfacet
  facet normal -0.14673 0 -0.989177
    outer loop
      vertex -1.36563 0 0.134503
      vertex -0.686119 4 0.0337076
      vertex -0.686119 0 0.0337076
    endloop
  endfacet
  facet normal -0.14673 0 -0.989177
    outer loop
      vertex -0.686119 4 0.0337076
      vertex -1.36563 0 0.134503
      vertex -1.36563 4 0.134503
    endloop
  endfacet
  facet normal -0.514103 0 -0.857729
    outer loop
      vertex -3.88899 0 1.17971
      vertex -3.29978 4 0.826551
      vertex -3.29978 0 0.826551
    endloop
  endfacet
  facet normal -0.514103 0 -0.857729
    outer loop
      vertex -3.29978 4 0.826551
      vertex -3.88899 0 1.17971
      vertex -3.88899 4 1.17971
    endloop
  endfacet
  facet normal -0.941546 0 -0.336883
    outer loop
      vertex -6.46716 0 4.32122
      vertex -6.69858 4 4.96801
      vertex -6.46716 4 4.32122
    endloop
  endfacet
  facet normal -0.941546 -0 -0.336883
    outer loop
      vertex -6.69858 4 4.96801
      vertex -6.46716 0 4.32122
      vertex -6.69858 0 4.96801
    endloop
  endfacet
  facet normal 0.242967 0 -0.970035
    outer loop
      vertex 81.3656 0 0.134503
      vertex 82.032 4 0.301418
      vertex 82.032 0 0.301418
    endloop
  endfacet
  facet normal 0.242967 0 -0.970035
    outer loop
      vertex 82.032 4 0.301418
      vertex 81.3656 0 0.134503
      vertex 81.3656 4 0.134503
    endloop
  endfacet
  facet normal -0.67155 0 -0.740959
    outer loop
      vertex -4.94975 0 2.05025
      vertex -4.44075 4 1.58893
      vertex -4.44075 0 1.58893
    endloop
  endfacet
  facet normal -0.67155 0 -0.740959
    outer loop
      vertex -4.44075 4 1.58893
      vertex -4.94975 0 2.05025
      vertex -4.94975 4 2.05025
    endloop
  endfacet
  facet normal 0.903939 0 -0.427661
    outer loop
      vertex 86.4672 0 4.32122
      vertex 86.1734 4 3.70022
      vertex 86.4672 4 4.32122
    endloop
  endfacet
  facet normal 0.903939 0 -0.427661
    outer loop
      vertex 86.1734 4 3.70022
      vertex 86.4672 0 4.32122
      vertex 86.1734 0 3.70022
    endloop
  endfacet
  facet normal 0.242947 0 0.97004
    outer loop
      vertex 81.3656 4 13.8655
      vertex 82.032 0 13.6986
      vertex 82.032 4 13.6986
    endloop
  endfacet
  facet normal 0.242947 0 0.97004
    outer loop
      vertex 82.032 0 13.6986
      vertex 81.3656 4 13.8655
      vertex 81.3656 0 13.8655
    endloop
  endfacet
  facet normal 0.740901 0 -0.671614
    outer loop
      vertex 85.4111 0 2.55925
      vertex 84.9497 4 2.05025
      vertex 85.4111 4 2.55925
    endloop
  endfacet
  facet normal 0.740901 0 -0.671614
    outer loop
      vertex 84.9497 4 2.05025
      vertex 85.4111 0 2.55925
      vertex 84.9497 0 2.05025
    endloop
  endfacet
  facet normal -0.989178 0 -0.146722
    outer loop
      vertex -6.8655 0 5.63437
      vertex -6.96629 4 6.31388
      vertex -6.8655 4 5.63437
    endloop
  endfacet
  facet normal -0.989178 -0 -0.146722
    outer loop
      vertex -6.96629 4 6.31388
      vertex -6.8655 0 5.63437
      vertex -6.96629 0 6.31388
    endloop
  endfacet
  facet normal -0.998795 0 -0.0490722
    outer loop
      vertex -6.96629 0 6.31388
      vertex -7 4 7
      vertex -6.96629 4 6.31388
    endloop
  endfacet
  facet normal -0.998795 -0 -0.0490722
    outer loop
      vertex -7 4 7
      vertex -6.96629 0 6.31388
      vertex -7 0 7
    endloop
  endfacet
  facet normal 0.803217 0 -0.595687
    outer loop
      vertex 85.8203 0 3.11101
      vertex 85.4111 4 2.55925
      vertex 85.8203 4 3.11101
    endloop
  endfacet
  facet normal 0.803217 0 -0.595687
    outer loop
      vertex 85.4111 4 2.55925
      vertex 85.8203 0 3.11101
      vertex 85.4111 0 2.55925
    endloop
  endfacet
  facet normal 0.989176 0 -0.146736
    outer loop
      vertex 86.9663 0 6.31388
      vertex 86.8655 4 5.63437
      vertex 86.9663 4 6.31388
    endloop
  endfacet
  facet normal 0.989176 0 -0.146736
    outer loop
      vertex 86.8655 4 5.63437
      vertex 86.9663 0 6.31388
      vertex 86.8655 0 5.63437
    endloop
  endfacet
  facet normal 0.970036 0 -0.24296
    outer loop
      vertex 86.8655 0 5.63437
      vertex 86.6986 4 4.96801
      vertex 86.8655 4 5.63437
    endloop
  endfacet
  facet normal 0.970036 0 -0.24296
    outer loop
      vertex 86.6986 4 4.96801
      vertex 86.8655 0 5.63437
      vertex 86.6986 0 4.96801
    endloop
  endfacet
  facet normal -0.336891 0 -0.941544
    outer loop
      vertex -2.67878 0 0.532844
      vertex -2.03199 4 0.301418
      vertex -2.03199 0 0.301418
    endloop
  endfacet
  facet normal -0.336891 0 -0.941544
    outer loop
      vertex -2.03199 4 0.301418
      vertex -2.67878 0 0.532844
      vertex -2.67878 4 0.532844
    endloop
  endfacet
  facet normal 0.857766 0 -0.51404
    outer loop
      vertex 86.1734 0 3.70022
      vertex 85.8203 4 3.11101
      vertex 86.1734 4 3.70022
    endloop
  endfacet
  facet normal 0.857766 0 -0.51404
    outer loop
      vertex 85.8203 4 3.11101
      vertex 86.1734 0 3.70022
      vertex 85.8203 0 3.11101
    endloop
  endfacet
  facet normal 0.857763 -0 0.514046
    outer loop
      vertex 85.8203 0 10.889
      vertex 86.1734 4 10.2998
      vertex 85.8203 4 10.889
    endloop
  endfacet
  facet normal 0.857763 0 0.514046
    outer loop
      vertex 86.1734 4 10.2998
      vertex 85.8203 0 10.889
      vertex 86.1734 0 10.2998
    endloop
  endfacet
  facet normal 0.146732 0 -0.989176
    outer loop
      vertex 80.6861 0 0.0337076
      vertex 81.3656 4 0.134503
      vertex 81.3656 0 0.134503
    endloop
  endfacet
  facet normal 0.146732 0 -0.989176
    outer loop
      vertex 81.3656 4 0.134503
      vertex 80.6861 0 0.0337076
      vertex 80.6861 4 0.0337076
    endloop
  endfacet
  facet normal -0.242981 0 -0.970031
    outer loop
      vertex -2.03199 0 0.301418
      vertex -1.36563 4 0.134503
      vertex -1.36563 0 0.134503
    endloop
  endfacet
  facet normal -0.242981 0 -0.970031
    outer loop
      vertex -1.36563 4 0.134503
      vertex -2.03199 0 0.301418
      vertex -2.03199 4 0.301418
    endloop
  endfacet
  facet normal 0.336886 0 -0.941545
    outer loop
      vertex 82.032 0 0.301418
      vertex 82.6788 4 0.532844
      vertex 82.6788 0 0.532844
    endloop
  endfacet
  facet normal 0.336886 0 -0.941545
    outer loop
      vertex 82.6788 4 0.532844
      vertex 82.032 0 0.301418
      vertex 82.032 4 0.301418
    endloop
  endfacet
  facet normal 0.998796 -0 0.0490576
    outer loop
      vertex 86.9663 0 7.68612
      vertex 87 4 7
      vertex 86.9663 4 7.68612
    endloop
  endfacet
  facet normal 0.998796 0 0.0490576
    outer loop
      vertex 87 4 7
      vertex 86.9663 0 7.68612
      vertex 87 0 7
    endloop
  endfacet
  facet normal -0.90399 0 -0.427554
    outer loop
      vertex -6.17345 0 3.70022
      vertex -6.46716 4 4.32122
      vertex -6.17345 4 3.70022
    endloop
  endfacet
  facet normal -0.90399 -0 -0.427554
    outer loop
      vertex -6.46716 4 4.32122
      vertex -6.17345 0 3.70022
      vertex -6.46716 0 4.32122
    endloop
  endfacet
  facet normal 0.42755 0 -0.903992
    outer loop
      vertex 82.6788 0 0.532844
      vertex 83.2998 4 0.826551
      vertex 83.2998 0 0.826551
    endloop
  endfacet
  facet normal 0.42755 0 -0.903992
    outer loop
      vertex 83.2998 4 0.826551
      vertex 82.6788 0 0.532844
      vertex 82.6788 4 0.532844
    endloop
  endfacet
  facet normal 0.989176 -0 0.146736
    outer loop
      vertex 86.8655 0 8.36563
      vertex 86.9663 4 7.68612
      vertex 86.8655 4 8.36563
    endloop
  endfacet
  facet normal 0.989176 0 0.146736
    outer loop
      vertex 86.9663 4 7.68612
      vertex 86.8655 0 8.36563
      vertex 86.9663 0 7.68612
    endloop
  endfacet
  facet normal -0.903995 0 0.427543
    outer loop
      vertex -6.46716 0 9.67878
      vertex -6.17345 4 10.2998
      vertex -6.46716 4 9.67878
    endloop
  endfacet
  facet normal -0.903995 0 0.427543
    outer loop
      vertex -6.17345 4 10.2998
      vertex -6.46716 0 9.67878
      vertex -6.17345 0 10.2998
    endloop
  endfacet
  facet normal 0.514109 0 -0.857725
    outer loop
      vertex 83.2998 0 0.826551
      vertex 83.889 4 1.17971
      vertex 83.889 0 1.17971
    endloop
  endfacet
  facet normal 0.514109 0 -0.857725
    outer loop
      vertex 83.889 4 1.17971
      vertex 83.2998 0 0.826551
      vertex 83.2998 4 0.826551
    endloop
  endfacet
  facet normal -0.857724 0 0.51411
    outer loop
      vertex -6.17345 0 10.2998
      vertex -5.82029 4 10.889
      vertex -6.17345 4 10.2998
    endloop
  endfacet
  facet normal -0.857724 0 0.51411
    outer loop
      vertex -5.82029 4 10.889
      vertex -6.17345 0 10.2998
      vertex -5.82029 0 10.889
    endloop
  endfacet
  facet normal 0.0490591 0 0.998796
    outer loop
      vertex 80 4 14
      vertex 80.6861 0 13.9663
      vertex 80.6861 4 13.9663
    endloop
  endfacet
  facet normal 0.0490591 0 0.998796
    outer loop
      vertex 80.6861 0 13.9663
      vertex 80 4 14
      vertex 80 0 14
    endloop
  endfacet
  facet normal 0.941556 -0 0.336857
    outer loop
      vertex 86.4672 0 9.67878
      vertex 86.6986 4 9.03199
      vertex 86.4672 4 9.67878
    endloop
  endfacet
  facet normal 0.941556 0 0.336857
    outer loop
      vertex 86.6986 4 9.03199
      vertex 86.4672 0 9.67878
      vertex 86.6986 0 9.03199
    endloop
  endfacet
  facet normal -0.803223 0 0.595678
    outer loop
      vertex -5.82029 0 10.889
      vertex -5.41107 4 11.4408
      vertex -5.82029 4 10.889
    endloop
  endfacet
  facet normal -0.803223 0 0.595678
    outer loop
      vertex -5.41107 4 11.4408
      vertex -5.82029 0 10.889
      vertex -5.41107 0 11.4408
    endloop
  endfacet
  facet normal 0.740835 -0 0.671687
    outer loop
      vertex 84.9497 0 11.9497
      vertex 85.4111 4 11.4408
      vertex 84.9497 4 11.9497
    endloop
  endfacet
  facet normal 0.740835 0 0.671687
    outer loop
      vertex 85.4111 4 11.4408
      vertex 84.9497 0 11.9497
      vertex 85.4111 0 11.4408
    endloop
  endfacet
  facet normal -0.146736 0 0.989176
    outer loop
      vertex -1.36563 4 13.8655
      vertex -0.686119 0 13.9663
      vertex -0.686119 4 13.9663
    endloop
  endfacet
  facet normal -0.146736 0 0.989176
    outer loop
      vertex -0.686119 0 13.9663
      vertex -1.36563 4 13.8655
      vertex -1.36563 0 13.8655
    endloop
  endfacet
  facet normal 0.514046 0 0.857763
    outer loop
      vertex 83.2998 4 13.1734
      vertex 83.889 0 12.8203
      vertex 83.889 4 12.8203
    endloop
  endfacet
  facet normal 0.514046 0 0.857763
    outer loop
      vertex 83.889 0 12.8203
      vertex 83.2998 4 13.1734
      vertex 83.2998 0 13.1734
    endloop
  endfacet
  facet normal -0.740893 0 0.671623
    outer loop
      vertex -5.41107 0 11.4408
      vertex -4.94975 4 11.9497
      vertex -5.41107 4 11.4408
    endloop
  endfacet
  facet normal -0.740893 0 0.671623
    outer loop
      vertex -4.94975 4 11.9497
      vertex -5.41107 0 11.4408
      vertex -4.94975 0 11.9497
    endloop
  endfacet
  facet normal -0.427661 0 0.903939
    outer loop
      vertex -3.29978 4 13.1734
      vertex -2.67878 0 13.4672
      vertex -2.67878 4 13.4672
    endloop
  endfacet
  facet normal -0.427661 0 0.903939
    outer loop
      vertex -2.67878 0 13.4672
      vertex -3.29978 4 13.1734
      vertex -3.29978 0 13.1734
    endloop
  endfacet
  facet normal -0.336857 0 0.941556
    outer loop
      vertex -2.67878 4 13.4672
      vertex -2.03199 0 13.6986
      vertex -2.03199 4 13.6986
    endloop
  endfacet
  facet normal -0.336857 0 0.941556
    outer loop
      vertex -2.03199 0 13.6986
      vertex -2.67878 4 13.4672
      vertex -2.67878 0 13.4672
    endloop
  endfacet
  facet normal -0.595687 0 0.803217
    outer loop
      vertex -4.44075 4 12.4111
      vertex -3.88899 0 12.8203
      vertex -3.88899 4 12.8203
    endloop
  endfacet
  facet normal -0.595687 0 0.803217
    outer loop
      vertex -3.88899 0 12.8203
      vertex -4.44075 4 12.4111
      vertex -4.44075 0 12.4111
    endloop
  endfacet
  facet normal 0 1 0
    outer loop
      vertex 40 4 6
      vertex 53 4 11.5
      vertex 53 4 9.5
    endloop
  endfacet
  facet normal 0 1 0
    outer loop
      vertex 53 4 11.5
      vertex 40 4 6
      vertex 24 4 11.5
    endloop
  endfacet
  facet normal 0 1 0
    outer loop
      vertex 79.8432 4 8.59229
      vertex 80 4 14
      vertex 80.6861 4 13.9663
    endloop
  endfacet
  facet normal 0 1 0
    outer loop
      vertex 80 4 14
      vertex 53 4 11.5
      vertex 0 4 14
    endloop
  endfacet
  facet normal 0 1 0
    outer loop
      vertex 79.8432 4 8.59229
      vertex 80.6861 4 13.9663
      vertex 81.3656 4 13.8655
    endloop
  endfacet
  facet normal 0 1 -0
    outer loop
      vertex 24 4 11.5
      vertex 0 4 14
      vertex 53 4 11.5
    endloop
  endfacet
  facet normal 0 1 0
    outer loop
      vertex 79.8432 4 8.59229
      vertex 81.3656 4 13.8655
      vertex 82.032 4 13.6986
    endloop
  endfacet
  facet normal 0 1 -0
    outer loop
      vertex 20 4 11.5
      vertex 0 4 14
      vertex 24 4 11.5
    endloop
  endfacet
  facet normal 0 1 0
    outer loop
      vertex 79.8432 4 8.59229
      vertex 82.032 4 13.6986
      vertex 82.6788 4 13.4672
    endloop
  endfacet
  facet normal 0 1 -0
    outer loop
      vertex 1.37192 4 7.91669
      vertex 0 4 14
      vertex 20 4 11.5
    endloop
  endfacet
  facet normal 0 1 0
    outer loop
      vertex 79.8432 4 8.59229
      vertex 82.6788 4 13.4672
      vertex 83.2998 4 13.1734
    endloop
  endfacet
  facet normal -0 1 -0
    outer loop
      vertex 1.16673 4 8.16673
      vertex 0 4 14
      vertex 1.27547 4 8.04675
    endloop
  endfacet
  facet normal 0 1 0
    outer loop
      vertex 79.8432 4 8.59229
      vertex 83.2998 4 13.1734
      vertex 83.889 4 12.8203
    endloop
  endfacet
  facet normal -0 1 -0
    outer loop
      vertex 1.04675 4 8.27547
      vertex 0 4 14
      vertex 1.16673 4 8.16673
    endloop
  endfacet
  facet normal 0 1 0
    outer loop
      vertex 79.8432 4 8.59229
      vertex 83.889 4 12.8203
      vertex 84.4408 4 12.4111
    endloop
  endfacet
  facet normal -0 1 -0
    outer loop
      vertex 0.777804 4 8.45517
      vertex 0 4 14
      vertex 0.916691 4 8.37192
    endloop
  endfacet
  facet normal 0 1 0
    outer loop
      vertex 79.8432 4 8.59229
      vertex 84.4408 4 12.4111
      vertex 84.9497 4 11.9497
    endloop
  endfacet
  facet normal 0 1 0
    outer loop
      vertex 80 4 14
      vertex 57 4 11.5
      vertex 53 4 11.5
    endloop
  endfacet
  facet normal -0 1 -0
    outer loop
      vertex 0.47897 4 8.57895
      vertex 0 4 14
      vertex 0.631427 4 8.5244
    endloop
  endfacet
  facet normal 0 1 0
    outer loop
      vertex 79.8432 4 8.59229
      vertex 84.9497 4 11.9497
      vertex 85.4111 4 11.4408
    endloop
  endfacet
  facet normal 0 1 0
    outer loop
      vertex 79.8432 4 8.59229
      vertex 85.4111 4 11.4408
      vertex 85.8203 4 10.889
    endloop
  endfacet
  facet normal 0 1 0
    outer loop
      vertex 79.8432 4 8.59229
      vertex 85.8203 4 10.889
      vertex 86.1734 4 10.2998
    endloop
  endfacet
  facet normal 0 1 0
    outer loop
      vertex 79.8432 4 8.59229
      vertex 86.1734 4 10.2998
      vertex 86.4672 4 9.67878
    endloop
  endfacet
  facet normal 0 1 0
    outer loop
      vertex 80 4 14
      vertex 79.8432 4 8.59229
      vertex 79.6879 4 8.56926
    endloop
  endfacet
  facet normal 0 1 0
    outer loop
      vertex 53 4 4.5
      vertex 53 4 9.5
      vertex 57 4 9.5
    endloop
  endfacet
  facet normal 0 1 -0
    outer loop
      vertex 30 4 6
      vertex 24 4 11.5
      vertex 40 4 6
    endloop
  endfacet
  facet normal 0 1 0
    outer loop
      vertex 80 4 14
      vertex 79.6879 4 8.56926
      vertex 79.5355 4 8.5311
    endloop
  endfacet
  facet normal 0 1 0
    outer loop
      vertex 79.8432 4 8.59229
      vertex 86.4672 4 9.67878
      vertex 86.6986 4 9.03199
    endloop
  endfacet
  facet normal -0 1 -0
    outer loop
      vertex 0.161728 4 8.64205
      vertex 0 4 14
      vertex 0.321898 4 8.6183
    endloop
  endfacet
  facet normal 0 1 0
    outer loop
      vertex 0 4 14
      vertex 0 4 8.65
      vertex -0.686119 4 13.9663
    endloop
  endfacet
  facet normal 0 1 -0
    outer loop
      vertex -0.161728 4 8.64205
      vertex -0.686119 4 13.9663
      vertex 0 4 8.65
    endloop
  endfacet
  facet normal 0 1 -0
    outer loop
      vertex -0.321898 4 8.6183
      vertex -1.36563 4 13.8655
      vertex -0.161728 4 8.64205
    endloop
  endfacet
  facet normal 0 1 -0
    outer loop
      vertex -0.47897 4 8.57895
      vertex -2.03199 4 13.6986
      vertex -0.321898 4 8.6183
    endloop
  endfacet
  facet normal 0 1 -0
    outer loop
      vertex -0.631427 4 8.5244
      vertex -2.67878 4 13.4672
      vertex -0.47897 4 8.57895
    endloop
  endfacet
  facet normal 0 1 -0
    outer loop
      vertex -0.777804 4 8.45517
      vertex -3.29978 4 13.1734
      vertex -0.631427 4 8.5244
    endloop
  endfacet
  facet normal 0 1 0
    outer loop
      vertex 1.57895 4 7.47897
      vertex 20 4 11.5
      vertex 20 4 9.5
    endloop
  endfacet
  facet normal 0 1 0
    outer loop
      vertex 80 4 14
      vertex 79.5355 4 8.5311
      vertex 79.3877 4 8.47821
    endloop
  endfacet
  facet normal 0 1 0
    outer loop
      vertex 80 4 14
      vertex 79.3877 4 8.47821
      vertex 79.2458 4 8.41107
    endloop
  endfacet
  facet normal 0 1 0
    outer loop
      vertex -3.88899 4 12.8203
      vertex -0.916691 4 8.37192
      vertex -4.44075 4 12.4111
    endloop
  endfacet
  facet normal 0 1 -0
    outer loop
      vertex -0.916691 4 8.37192
      vertex -3.88899 4 12.8203
      vertex -0.777804 4 8.45517
    endloop
  endfacet
  facet normal 0 1 0
    outer loop
      vertex 24 4 4.5
      vertex 24 4 9.5
      vertex 30 4 6
    endloop
  endfacet
  facet normal 0 1 0
    outer loop
      vertex 79.8432 4 8.59229
      vertex 86.6986 4 9.03199
      vertex 80 4 8.6
    endloop
  endfacet
  facet normal 0 1 0
    outer loop
      vertex 86.6986 4 9.03199
      vertex 80.1568 4 8.59229
      vertex 80 4 8.6
    endloop
  endfacet
  facet normal 0 1 0
    outer loop
      vertex 86.6986 4 9.03199
      vertex 80.3121 4 8.56926
      vertex 80.1568 4 8.59229
    endloop
  endfacet
  facet normal 0 1 0
    outer loop
      vertex 86.6986 4 9.03199
      vertex 80.4645 4 8.5311
      vertex 80.3121 4 8.56926
    endloop
  endfacet
  facet normal 0 1 0
    outer loop
      vertex 86.6986 4 9.03199
      vertex 80.6123 4 8.47821
      vertex 80.4645 4 8.5311
    endloop
  endfacet
  facet normal 0 1 0
    outer loop
      vertex 86.6986 4 9.03199
      vertex 80.7542 4 8.41107
      vertex 80.6123 4 8.47821
    endloop
  endfacet
  facet normal 0 1 0
    outer loop
      vertex 81.5311 4 7.46445
      vertex 86.6986 4 9.03199
      vertex 86.8655 4 8.36563
    endloop
  endfacet
  facet normal 0 1 0
    outer loop
      vertex 86.6986 4 9.03199
      vertex 80.8889 4 8.33035
      vertex 80.7542 4 8.41107
    endloop
  endfacet
  facet normal 0 1 0
    outer loop
      vertex 86.6986 4 9.03199
      vertex 81.015 4 8.23682
      vertex 80.8889 4 8.33035
    endloop
  endfacet
  facet normal 0 1 0
    outer loop
      vertex 86.6986 4 9.03199
      vertex 81.1314 4 8.13137
      vertex 81.015 4 8.23682
    endloop
  endfacet
  facet normal 0 1 0
    outer loop
      vertex 86.6986 4 9.03199
      vertex 81.2368 4 8.01503
      vertex 81.1314 4 8.13137
    endloop
  endfacet
  facet normal 0 1 0
    outer loop
      vertex 86.6986 4 9.03199
      vertex 81.3304 4 7.88891
      vertex 81.2368 4 8.01503
    endloop
  endfacet
  facet normal 0 1 0
    outer loop
      vertex 86.6986 4 9.03199
      vertex 81.4111 4 7.75423
      vertex 81.3304 4 7.88891
    endloop
  endfacet
  facet normal 0 1 0
    outer loop
      vertex 81.5693 4 7.31214
      vertex 86.8655 4 8.36563
      vertex 86.9663 4 7.68612
    endloop
  endfacet
  facet normal 0 1 0
    outer loop
      vertex 86.6986 4 9.03199
      vertex 81.4782 4 7.61229
      vertex 81.4111 4 7.75423
    endloop
  endfacet
  facet normal 0 1 0
    outer loop
      vertex 86.6986 4 9.03199
      vertex 81.5311 4 7.46445
      vertex 81.4782 4 7.61229
    endloop
  endfacet
  facet normal 0 1 0
    outer loop
      vertex 86.8655 4 8.36563
      vertex 81.5693 4 7.31214
      vertex 81.5311 4 7.46445
    endloop
  endfacet
  facet normal 0 1 0
    outer loop
      vertex 86.9663 4 7.68612
      vertex 81.5923 4 7.15683
      vertex 81.5693 4 7.31214
    endloop
  endfacet
  facet normal 0 1 0
    outer loop
      vertex 87 4 7
      vertex 81.5923 4 7.15683
      vertex 86.9663 4 7.68612
    endloop
  endfacet
  facet normal 0 1 0
    outer loop
      vertex 87 4 7
      vertex 81.6 4 7
      vertex 81.5923 4 7.15683
    endloop
  endfacet
  facet normal 0 1 0
    outer loop
      vertex 87 4 7
      vertex 81.5923 4 6.84317
      vertex 81.6 4 7
    endloop
  endfacet
  facet normal 0 1 -0
    outer loop
      vertex 86.9663 4 6.31388
      vertex 81.5923 4 6.84317
      vertex 87 4 7
    endloop
  endfacet
  facet normal 0 1 0
    outer loop
      vertex 81.5923 4 6.84317
      vertex 86.9663 4 6.31388
      vertex 81.5693 4 6.68786
    endloop
  endfacet
  facet normal 0 1 -0
    outer loop
      vertex 86.8655 4 5.63437
      vertex 81.5693 4 6.68786
      vertex 86.9663 4 6.31388
    endloop
  endfacet
  facet normal 0 1 0
    outer loop
      vertex 81.5693 4 6.68786
      vertex 86.8655 4 5.63437
      vertex 81.5311 4 6.53555
    endloop
  endfacet
  facet normal 0 1 -0
    outer loop
      vertex 86.6986 4 4.96801
      vertex 81.5311 4 6.53555
      vertex 86.8655 4 5.63437
    endloop
  endfacet
  facet normal 0 1 0
    outer loop
      vertex 81.5311 4 6.53555
      vertex 86.6986 4 4.96801
      vertex 81.4782 4 6.38771
    endloop
  endfacet
  facet normal 0 1 -0
    outer loop
      vertex 86.4672 4 4.32122
      vertex 81.4782 4 6.38771
      vertex 86.6986 4 4.96801
    endloop
  endfacet
  facet normal 0 1 0
    outer loop
      vertex 81.4782 4 6.38771
      vertex 86.4672 4 4.32122
      vertex 81.4111 4 6.24577
    endloop
  endfacet
  facet normal 0 1 -0
    outer loop
      vertex 86.1734 4 3.70022
      vertex 81.4111 4 6.24577
      vertex 86.4672 4 4.32122
    endloop
  endfacet
  facet normal 0 1 0
    outer loop
      vertex 81.4111 4 6.24577
      vertex 86.1734 4 3.70022
      vertex 81.3304 4 6.11109
    endloop
  endfacet
  facet normal 0 1 -0
    outer loop
      vertex 85.8203 4 3.11101
      vertex 81.3304 4 6.11109
      vertex 86.1734 4 3.70022
    endloop
  endfacet
  facet normal 0 1 0
    outer loop
      vertex 81.3304 4 6.11109
      vertex 85.8203 4 3.11101
      vertex 81.2368 4 5.98497
    endloop
  endfacet
  facet normal 0 1 -0
    outer loop
      vertex 85.4111 4 2.55925
      vertex 81.2368 4 5.98497
      vertex 85.8203 4 3.11101
    endloop
  endfacet
  facet normal 0 1 0
    outer loop
      vertex 81.2368 4 5.98497
      vertex 85.4111 4 2.55925
      vertex 81.1314 4 5.86863
    endloop
  endfacet
  facet normal 0 1 -0
    outer loop
      vertex 84.9497 4 2.05025
      vertex 81.1314 4 5.86863
      vertex 85.4111 4 2.55925
    endloop
  endfacet
  facet normal 0 1 0
    outer loop
      vertex 81.1314 4 5.86863
      vertex 84.9497 4 2.05025
      vertex 81.015 4 5.76318
    endloop
  endfacet
  facet normal 0 1 -0
    outer loop
      vertex 84.4408 4 1.58893
      vertex 81.015 4 5.76318
      vertex 84.9497 4 2.05025
    endloop
  endfacet
  facet normal 0 1 0
    outer loop
      vertex 81.015 4 5.76318
      vertex 84.4408 4 1.58893
      vertex 80.8889 4 5.66965
    endloop
  endfacet
  facet normal 0 1 -0
    outer loop
      vertex 83.2998 4 0.826551
      vertex 80.7542 4 5.58893
      vertex 83.889 4 1.17971
    endloop
  endfacet
  facet normal 0 1 0
    outer loop
      vertex 80.7542 4 5.58893
      vertex 83.2998 4 0.826551
      vertex 80.6123 4 5.52179
    endloop
  endfacet
  facet normal 0 1 -0
    outer loop
      vertex 82.6788 4 0.532844
      vertex 80.6123 4 5.52179
      vertex 83.2998 4 0.826551
    endloop
  endfacet
  facet normal 0 1 0
    outer loop
      vertex 80.6123 4 5.52179
      vertex 82.6788 4 0.532844
      vertex 80.4645 4 5.4689
    endloop
  endfacet
  facet normal -0 1 0
    outer loop
      vertex 57 4 2.5
      vertex 79.8432 4 5.40771
      vertex 80 4 0
    endloop
  endfacet
  facet normal 0 1 0
    outer loop
      vertex 79.8432 4 5.40771
      vertex 57 4 2.5
      vertex 57 4 4.5
    endloop
  endfacet
  facet normal 0 1 -0
    outer loop
      vertex 82.032 4 0.301418
      vertex 80.4645 4 5.4689
      vertex 82.6788 4 0.532844
    endloop
  endfacet
  facet normal 0 1 0
    outer loop
      vertex 0.321898 4 5.3817
      vertex 0 4 0
      vertex 0.161728 4 5.35795
    endloop
  endfacet
  facet normal -0 1 0
    outer loop
      vertex -0.686119 4 0.0337076
      vertex 0 4 5.35
      vertex 0 4 0
    endloop
  endfacet
  facet normal 0 1 0
    outer loop
      vertex 0 4 5.35
      vertex -6.46716 4 4.32122
      vertex -6.69858 4 4.96801
    endloop
  endfacet
  facet normal 0 1 0
    outer loop
      vertex 0 4 5.35
      vertex -6.17345 4 3.70022
      vertex -6.46716 4 4.32122
    endloop
  endfacet
  facet normal 0 1 0
    outer loop
      vertex 0 4 5.35
      vertex -5.82029 4 3.11101
      vertex -6.17345 4 3.70022
    endloop
  endfacet
  facet normal 0 1 0
    outer loop
      vertex 0.161728 4 5.35795
      vertex 0 4 0
      vertex 0 4 5.35
    endloop
  endfacet
  facet normal 0 1 0
    outer loop
      vertex 0 4 5.35
      vertex -5.41107 4 2.55925
      vertex -5.82029 4 3.11101
    endloop
  endfacet
  facet normal 0 1 -0
    outer loop
      vertex -1.04675 4 8.27547
      vertex -4.44075 4 12.4111
      vertex -0.916691 4 8.37192
    endloop
  endfacet
  facet normal 0 1 0
    outer loop
      vertex -4.44075 4 12.4111
      vertex -1.04675 4 8.27547
      vertex -4.94975 4 11.9497
    endloop
  endfacet
  facet normal 0 1 -0
    outer loop
      vertex -1.16673 4 8.16673
      vertex -4.94975 4 11.9497
      vertex -1.04675 4 8.27547
    endloop
  endfacet
  facet normal 0 1 0
    outer loop
      vertex -4.94975 4 11.9497
      vertex -1.16673 4 8.16673
      vertex -5.41107 4 11.4408
    endloop
  endfacet
  facet normal 0 1 -0
    outer loop
      vertex -1.27547 4 8.04675
      vertex -5.41107 4 11.4408
      vertex -1.16673 4 8.16673
    endloop
  endfacet
  facet normal 0 1 0
    outer loop
      vertex -5.41107 4 11.4408
      vertex -1.27547 4 8.04675
      vertex -5.82029 4 10.889
    endloop
  endfacet
  facet normal 0 1 -0
    outer loop
      vertex -1.37192 4 7.91669
      vertex -5.82029 4 10.889
      vertex -1.27547 4 8.04675
    endloop
  endfacet
  facet normal 0 1 0
    outer loop
      vertex -5.82029 4 10.889
      vertex -1.37192 4 7.91669
      vertex -6.17345 4 10.2998
    endloop
  endfacet
  facet normal 0 1 -0
    outer loop
      vertex -1.45517 4 7.7778
      vertex -6.17345 4 10.2998
      vertex -1.37192 4 7.91669
    endloop
  endfacet
  facet normal 0 1 0
    outer loop
      vertex -6.17345 4 10.2998
      vertex -1.45517 4 7.7778
      vertex -6.46716 4 9.67878
    endloop
  endfacet
  facet normal 0 1 -0
    outer loop
      vertex -1.5244 4 7.63143
      vertex -6.46716 4 9.67878
      vertex -1.45517 4 7.7778
    endloop
  endfacet
  facet normal 0 1 0
    outer loop
      vertex -6.46716 4 9.67878
      vertex -1.5244 4 7.63143
      vertex -6.69858 4 9.03199
    endloop
  endfacet
  facet normal 0 1 -0
    outer loop
      vertex -1.57895 4 7.47897
      vertex -6.69858 4 9.03199
      vertex -1.5244 4 7.63143
    endloop
  endfacet
  facet normal 0 1 0
    outer loop
      vertex -6.69858 4 9.03199
      vertex -1.57895 4 7.47897
      vertex -6.8655 4 8.36563
    endloop
  endfacet
  facet normal 0 1 -0
    outer loop
      vertex -1.6183 4 7.3219
      vertex -6.8655 4 8.36563
      vertex -1.57895 4 7.47897
    endloop
  endfacet
  facet normal 0 1 0
    outer loop
      vertex -6.8655 4 8.36563
      vertex -1.6183 4 7.3219
      vertex -6.96629 4 7.68612
    endloop
  endfacet
  facet normal 0 1 -0
    outer loop
      vertex -1.64205 4 7.16173
      vertex -6.96629 4 7.68612
      vertex -1.6183 4 7.3219
    endloop
  endfacet
  facet normal 0 1 -0
    outer loop
      vertex -1.65 4 7
      vertex -6.96629 4 7.68612
      vertex -1.64205 4 7.16173
    endloop
  endfacet
  facet normal 0 1 0
    outer loop
      vertex -1.65 4 7
      vertex -7 4 7
      vertex -6.96629 4 7.68612
    endloop
  endfacet
  facet normal 0 1 0
    outer loop
      vertex -1.64205 4 6.83827
      vertex -7 4 7
      vertex -1.65 4 7
    endloop
  endfacet
  facet normal 0 1 0
    outer loop
      vertex -6.96629 4 6.31388
      vertex -1.64205 4 6.83827
      vertex -1.6183 4 6.6781
    endloop
  endfacet
  facet normal 0 1 0
    outer loop
      vertex -6.8655 4 5.63437
      vertex -1.6183 4 6.6781
      vertex -1.57895 4 6.52103
    endloop
  endfacet
  facet normal 0 1 0
    outer loop
      vertex -6.69858 4 4.96801
      vertex -1.57895 4 6.52103
      vertex -1.5244 4 6.36857
    endloop
  endfacet
  facet normal 0 1 0
    outer loop
      vertex -1.64205 4 6.83827
      vertex -6.96629 4 6.31388
      vertex -7 4 7
    endloop
  endfacet
  facet normal 0 1 0
    outer loop
      vertex -6.69858 4 4.96801
      vertex -1.5244 4 6.36857
      vertex -1.45517 4 6.2222
    endloop
  endfacet
  facet normal 0 1 0
    outer loop
      vertex -6.69858 4 4.96801
      vertex -1.45517 4 6.2222
      vertex -1.37192 4 6.08331
    endloop
  endfacet
  facet normal 0 1 0
    outer loop
      vertex -6.69858 4 4.96801
      vertex -1.37192 4 6.08331
      vertex -1.27547 4 5.95325
    endloop
  endfacet
  facet normal 0 1 0
    outer loop
      vertex -6.69858 4 4.96801
      vertex -1.27547 4 5.95325
      vertex -1.16673 4 5.83327
    endloop
  endfacet
  facet normal 0 1 0
    outer loop
      vertex -6.69858 4 4.96801
      vertex -1.16673 4 5.83327
      vertex -1.04675 4 5.72453
    endloop
  endfacet
  facet normal 0 1 0
    outer loop
      vertex -1.6183 4 6.6781
      vertex -6.8655 4 5.63437
      vertex -6.96629 4 6.31388
    endloop
  endfacet
  facet normal 0 1 0
    outer loop
      vertex -6.69858 4 4.96801
      vertex -1.04675 4 5.72453
      vertex -0.916691 4 5.62808
    endloop
  endfacet
  facet normal 0 1 0
    outer loop
      vertex -6.69858 4 4.96801
      vertex -0.916691 4 5.62808
      vertex -0.777804 4 5.54483
    endloop
  endfacet
  facet normal 0 1 0
    outer loop
      vertex -6.69858 4 4.96801
      vertex -0.777804 4 5.54483
      vertex -0.631427 4 5.4756
    endloop
  endfacet
  facet normal 0 1 0
    outer loop
      vertex -6.69858 4 4.96801
      vertex -0.631427 4 5.4756
      vertex -0.47897 4 5.42105
    endloop
  endfacet
  facet normal 0 1 0
    outer loop
      vertex -6.69858 4 4.96801
      vertex -0.47897 4 5.42105
      vertex -0.321898 4 5.3817
    endloop
  endfacet
  facet normal 0 1 0
    outer loop
      vertex -6.69858 4 4.96801
      vertex -0.321898 4 5.3817
      vertex -0.161728 4 5.35795
    endloop
  endfacet
  facet normal 0 1 0
    outer loop
      vertex -6.69858 4 4.96801
      vertex -0.161728 4 5.35795
      vertex 0 4 5.35
    endloop
  endfacet
  facet normal 0 1 0
    outer loop
      vertex -1.57895 4 6.52103
      vertex -6.69858 4 4.96801
      vertex -6.8655 4 5.63437
    endloop
  endfacet
  facet normal 0 1 0
    outer loop
      vertex -3.29978 4 13.1734
      vertex -0.777804 4 8.45517
      vertex -3.88899 4 12.8203
    endloop
  endfacet
  facet normal 0 1 0
    outer loop
      vertex -2.67878 4 13.4672
      vertex -0.631427 4 8.5244
      vertex -3.29978 4 13.1734
    endloop
  endfacet
  facet normal 0 1 0
    outer loop
      vertex 24 4 11.5
      vertex 30 4 6
      vertex 24 4 9.5
    endloop
  endfacet
  facet normal 0 1 0
    outer loop
      vertex 80 4 14
      vertex 79.2458 4 8.41107
      vertex 79.1111 4 8.33035
    endloop
  endfacet
  facet normal 0 1 0
    outer loop
      vertex 24 4 9.5
      vertex 24 4 4.5
      vertex 20 4 9.5
    endloop
  endfacet
  facet normal 0 1 0
    outer loop
      vertex 80 4 14
      vertex 79.1111 4 8.33035
      vertex 78.985 4 8.23682
    endloop
  endfacet
  facet normal 0 1 0
    outer loop
      vertex -2.03199 4 13.6986
      vertex -0.47897 4 8.57895
      vertex -2.67878 4 13.4672
    endloop
  endfacet
  facet normal 0 1 0
    outer loop
      vertex 80 4 14
      vertex 78.985 4 8.23682
      vertex 78.8686 4 8.13137
    endloop
  endfacet
  facet normal 0 1 0
    outer loop
      vertex -1.36563 4 13.8655
      vertex -0.321898 4 8.6183
      vertex -2.03199 4 13.6986
    endloop
  endfacet
  facet normal 0 1 0
    outer loop
      vertex 80 4 14
      vertex 78.8686 4 8.13137
      vertex 78.7632 4 8.01503
    endloop
  endfacet
  facet normal 0 1 0
    outer loop
      vertex -0.686119 4 13.9663
      vertex -0.161728 4 8.64205
      vertex -1.36563 4 13.8655
    endloop
  endfacet
  facet normal 0 1 0
    outer loop
      vertex 80 4 14
      vertex 78.7632 4 8.01503
      vertex 78.6696 4 7.88891
    endloop
  endfacet
  facet normal 0 1 0
    outer loop
      vertex 20 4 9.5
      vertex 24 4 4.5
      vertex 20 4 4.5
    endloop
  endfacet
  facet normal 0 1 0
    outer loop
      vertex 78.5889 4 7.75423
      vertex 80 4 14
      vertex 78.6696 4 7.88891
    endloop
  endfacet
  facet normal -0 1 0
    outer loop
      vertex 1.65 4 7
      vertex 20 4 9.5
      vertex 20 4 4.5
    endloop
  endfacet
  facet normal 0 1 0
    outer loop
      vertex 80 4 14
      vertex 78.5889 4 7.75423
      vertex 57 4 11.5
    endloop
  endfacet
  facet normal -0 1 0
    outer loop
      vertex 0 4 8.65
      vertex 0 4 14
      vertex 0.161728 4 8.64205
    endloop
  endfacet
  facet normal 0 1 -0
    outer loop
      vertex 78.5218 4 7.61229
      vertex 57 4 11.5
      vertex 78.5889 4 7.75423
    endloop
  endfacet
  facet normal -0 1 -0
    outer loop
      vertex 0.321898 4 8.6183
      vertex 0 4 14
      vertex 0.47897 4 8.57895
    endloop
  endfacet
  facet normal 0 1 -0
    outer loop
      vertex 78.4689 4 7.46445
      vertex 57 4 11.5
      vertex 78.5218 4 7.61229
    endloop
  endfacet
  facet normal -0 1 -0
    outer loop
      vertex 0.631427 4 8.5244
      vertex 0 4 14
      vertex 0.777804 4 8.45517
    endloop
  endfacet
  facet normal 0 1 0
    outer loop
      vertex 57 4 11.5
      vertex 78.4689 4 7.46445
      vertex 57 4 9.5
    endloop
  endfacet
  facet normal -0 1 -0
    outer loop
      vertex 0.916691 4 8.37192
      vertex 0 4 14
      vertex 1.04675 4 8.27547
    endloop
  endfacet
  facet normal 0 1 -0
    outer loop
      vertex 78.4307 4 7.31214
      vertex 57 4 9.5
      vertex 78.4689 4 7.46445
    endloop
  endfacet
  facet normal 0 1 0
    outer loop
      vertex 0 4 14
      vertex 1.37192 4 7.91669
      vertex 1.27547 4 8.04675
    endloop
  endfacet
  facet normal 0 1 -0
    outer loop
      vertex 78.4077 4 7.15683
      vertex 57 4 9.5
      vertex 78.4307 4 7.31214
    endloop
  endfacet
  facet normal 0 1 0
    outer loop
      vertex 20 4 11.5
      vertex 1.45517 4 7.7778
      vertex 1.37192 4 7.91669
    endloop
  endfacet
  facet normal 0 1 -0
    outer loop
      vertex 78.4 4 7
      vertex 57 4 9.5
      vertex 78.4077 4 7.15683
    endloop
  endfacet
  facet normal 0 1 0
    outer loop
      vertex 57 4 9.5
      vertex 78.4 4 7
      vertex 57 4 4.5
    endloop
  endfacet
  facet normal 0 1 0
    outer loop
      vertex 20 4 11.5
      vertex 1.5244 4 7.63143
      vertex 1.45517 4 7.7778
    endloop
  endfacet
  facet normal 0 1 0
    outer loop
      vertex 57 4 4.5
      vertex 78.4 4 7
      vertex 78.4077 4 6.84317
    endloop
  endfacet
  facet normal 0 1 0
    outer loop
      vertex 20 4 11.5
      vertex 1.57895 4 7.47897
      vertex 1.5244 4 7.63143
    endloop
  endfacet
  facet normal 0 1 0
    outer loop
      vertex 57 4 4.5
      vertex 78.4077 4 6.84317
      vertex 78.4307 4 6.68786
    endloop
  endfacet
  facet normal 0 1 0
    outer loop
      vertex 20 4 9.5
      vertex 1.6183 4 7.3219
      vertex 1.57895 4 7.47897
    endloop
  endfacet
  facet normal 0 1 0
    outer loop
      vertex 57 4 4.5
      vertex 78.4307 4 6.68786
      vertex 78.4689 4 6.53555
    endloop
  endfacet
  facet normal 0 1 0
    outer loop
      vertex 20 4 9.5
      vertex 1.64205 4 7.16173
      vertex 1.6183 4 7.3219
    endloop
  endfacet
  facet normal 0 1 0
    outer loop
      vertex 57 4 4.5
      vertex 78.4689 4 6.53555
      vertex 78.5218 4 6.38771
    endloop
  endfacet
  facet normal 0 1 0
    outer loop
      vertex 20 4 9.5
      vertex 1.65 4 7
      vertex 1.64205 4 7.16173
    endloop
  endfacet
  facet normal 0 1 0
    outer loop
      vertex 57 4 4.5
      vertex 78.5218 4 6.38771
      vertex 78.5889 4 6.24577
    endloop
  endfacet
  facet normal 0 1 0
    outer loop
      vertex 1.65 4 7
      vertex 20 4 4.5
      vertex 1.64205 4 6.83827
    endloop
  endfacet
  facet normal 0 1 0
    outer loop
      vertex 57 4 4.5
      vertex 78.5889 4 6.24577
      vertex 78.6696 4 6.11109
    endloop
  endfacet
  facet normal 0 1 0
    outer loop
      vertex 1.64205 4 6.83827
      vertex 20 4 4.5
      vertex 1.6183 4 6.6781
    endloop
  endfacet
  facet normal 0 1 0
    outer loop
      vertex 1.6183 4 6.6781
      vertex 20 4 4.5
      vertex 1.57895 4 6.52103
    endloop
  endfacet
  facet normal 0 1 0
    outer loop
      vertex 57 4 4.5
      vertex 78.6696 4 6.11109
      vertex 78.7632 4 5.98497
    endloop
  endfacet
  facet normal 0 1 0
    outer loop
      vertex 57 4 4.5
      vertex 78.7632 4 5.98497
      vertex 78.8686 4 5.86863
    endloop
  endfacet
  facet normal 0 1 0
    outer loop
      vertex 57 4 4.5
      vertex 78.8686 4 5.86863
      vertex 78.985 4 5.76318
    endloop
  endfacet
  facet normal 0 1 0
    outer loop
      vertex 57 4 4.5
      vertex 78.985 4 5.76318
      vertex 79.1111 4 5.66965
    endloop
  endfacet
  facet normal 0 1 0
    outer loop
      vertex 57 4 4.5
      vertex 79.1111 4 5.66965
      vertex 79.2458 4 5.58893
    endloop
  endfacet
  facet normal 0 1 0
    outer loop
      vertex 57 4 4.5
      vertex 79.2458 4 5.58893
      vertex 79.3877 4 5.52179
    endloop
  endfacet
  facet normal 0 1 0
    outer loop
      vertex 57 4 4.5
      vertex 79.3877 4 5.52179
      vertex 79.5355 4 5.4689
    endloop
  endfacet
  facet normal 0 1 0
    outer loop
      vertex 57 4 4.5
      vertex 79.5355 4 5.4689
      vertex 79.6879 4 5.43074
    endloop
  endfacet
  facet normal 0 1 0
    outer loop
      vertex 57 4 4.5
      vertex 79.6879 4 5.43074
      vertex 79.8432 4 5.40771
    endloop
  endfacet
  facet normal 0 1 0
    outer loop
      vertex 80.8889 4 5.66965
      vertex 83.889 4 1.17971
      vertex 80.7542 4 5.58893
    endloop
  endfacet
  facet normal 0 1 -0
    outer loop
      vertex 83.889 4 1.17971
      vertex 80.8889 4 5.66965
      vertex 84.4408 4 1.58893
    endloop
  endfacet
  facet normal 0 1 0
    outer loop
      vertex 53 4 4.5
      vertex 57 4 9.5
      vertex 57 4 4.5
    endloop
  endfacet
  facet normal 0 1 0
    outer loop
      vertex 53 4 9.5
      vertex 53 4 4.5
      vertex 40 4 6
    endloop
  endfacet
  facet normal 0 1 -0
    outer loop
      vertex 53 4 2.5
      vertex 40 4 6
      vertex 53 4 4.5
    endloop
  endfacet
  facet normal 0 1 0
    outer loop
      vertex 80.4645 4 5.4689
      vertex 82.032 4 0.301418
      vertex 80.3121 4 5.43074
    endloop
  endfacet
  facet normal 0 1 -0
    outer loop
      vertex 81.3656 4 0.134503
      vertex 80.3121 4 5.43074
      vertex 82.032 4 0.301418
    endloop
  endfacet
  facet normal 0 1 0
    outer loop
      vertex 80.3121 4 5.43074
      vertex 81.3656 4 0.134503
      vertex 80.1568 4 5.40771
    endloop
  endfacet
  facet normal 0 1 -0
    outer loop
      vertex 80.6861 4 0.0337076
      vertex 80.1568 4 5.40771
      vertex 81.3656 4 0.134503
    endloop
  endfacet
  facet normal 0 1 0
    outer loop
      vertex 80.1568 4 5.40771
      vertex 80.6861 4 0.0337076
      vertex 80 4 5.4
    endloop
  endfacet
  facet normal 0 1 0
    outer loop
      vertex 80 4 0
      vertex 80 4 5.4
      vertex 80.6861 4 0.0337076
    endloop
  endfacet
  facet normal 0 1 0
    outer loop
      vertex 80 4 5.4
      vertex 80 4 0
      vertex 79.8432 4 5.40771
    endloop
  endfacet
  facet normal 0 1 0
    outer loop
      vertex 40 4 0
      vertex 57 4 2.5
      vertex 80 4 0
    endloop
  endfacet
  facet normal 0 1 0
    outer loop
      vertex 53 4 2.5
      vertex 40 4 0
      vertex 40 4 6
    endloop
  endfacet
  facet normal 0 1 0
    outer loop
      vertex 57 4 2.5
      vertex 40 4 0
      vertex 53 4 2.5
    endloop
  endfacet
  facet normal 0 1 -0
    outer loop
      vertex 20 4 2.5
      vertex 1.57895 4 6.52103
      vertex 20 4 4.5
    endloop
  endfacet
  facet normal 0 1 0
    outer loop
      vertex 1.57895 4 6.52103
      vertex 20 4 2.5
      vertex 1.5244 4 6.36857
    endloop
  endfacet
  facet normal 0 1 0
    outer loop
      vertex 1.5244 4 6.36857
      vertex 20 4 2.5
      vertex 1.45517 4 6.2222
    endloop
  endfacet
  facet normal 0 1 0
    outer loop
      vertex 1.45517 4 6.2222
      vertex 20 4 2.5
      vertex 1.37192 4 6.08331
    endloop
  endfacet
  facet normal 0 1 0
    outer loop
      vertex 0 4 0
      vertex 1.37192 4 6.08331
      vertex 20 4 2.5
    endloop
  endfacet
  facet normal 0 1 0
    outer loop
      vertex 1.37192 4 6.08331
      vertex 0 4 0
      vertex 1.27547 4 5.95325
    endloop
  endfacet
  facet normal 0 1 0
    outer loop
      vertex 1.27547 4 5.95325
      vertex 0 4 0
      vertex 1.16673 4 5.83327
    endloop
  endfacet
  facet normal 0 1 0
    outer loop
      vertex 1.16673 4 5.83327
      vertex 0 4 0
      vertex 1.04675 4 5.72453
    endloop
  endfacet
  facet normal 0 1 0
    outer loop
      vertex 1.04675 4 5.72453
      vertex 0 4 0
      vertex 0.916691 4 5.62808
    endloop
  endfacet
  facet normal 0 1 0
    outer loop
      vertex 0.916691 4 5.62808
      vertex 0 4 0
      vertex 0.777804 4 5.54483
    endloop
  endfacet
  facet normal 0 1 0
    outer loop
      vertex 0.777804 4 5.54483
      vertex 0 4 0
      vertex 0.631427 4 5.4756
    endloop
  endfacet
  facet normal 0 1 0
    outer loop
      vertex 0.631427 4 5.4756
      vertex 0 4 0
      vertex 0.47897 4 5.42105
    endloop
  endfacet
  facet normal 0 1 0
    outer loop
      vertex 0.47897 4 5.42105
      vertex 0 4 0
      vertex 0.321898 4 5.3817
    endloop
  endfacet
  facet normal 0 1 0
    outer loop
      vertex 30 4 6
      vertex 24 4 2.5
      vertex 24 4 4.5
    endloop
  endfacet
  facet normal 0 1 0
    outer loop
      vertex 30 4 0
      vertex 20 4 2.5
      vertex 24 4 2.5
    endloop
  endfacet
  facet normal 0 1 0
    outer loop
      vertex 0 4 5.35
      vertex -4.94975 4 2.05025
      vertex -5.41107 4 2.55925
    endloop
  endfacet
  facet normal 0 1 0
    outer loop
      vertex 0 4 5.35
      vertex -4.44075 4 1.58893
      vertex -4.94975 4 2.05025
    endloop
  endfacet
  facet normal 0 1 0
    outer loop
      vertex 0 4 5.35
      vertex -3.88899 4 1.17971
      vertex -4.44075 4 1.58893
    endloop
  endfacet
  facet normal 0 1 0
    outer loop
      vertex 0 4 5.35
      vertex -3.29978 4 0.826551
      vertex -3.88899 4 1.17971
    endloop
  endfacet
  facet normal 0 1 0
    outer loop
      vertex 0 4 5.35
      vertex -2.67878 4 0.532844
      vertex -3.29978 4 0.826551
    endloop
  endfacet
  facet normal 0 1 0
    outer loop
      vertex 0 4 5.35
      vertex -2.03199 4 0.301418
      vertex -2.67878 4 0.532844
    endloop
  endfacet
  facet normal 0 1 0
    outer loop
      vertex 0 4 5.35
      vertex -1.36563 4 0.134503
      vertex -2.03199 4 0.301418
    endloop
  endfacet
  facet normal 0 1 -0
    outer loop
      vertex 30 4 0
      vertex 24 4 2.5
      vertex 30 4 6
    endloop
  endfacet
  facet normal 0 1 0
    outer loop
      vertex 20 4 2.5
      vertex 30 4 0
      vertex 0 4 0
    endloop
  endfacet
  facet normal 0 1 0
    outer loop
      vertex 0 4 5.35
      vertex -0.686119 4 0.0337076
      vertex -1.36563 4 0.134503
    endloop
  endfacet
  facet normal -0.671614 0 0.740901
    outer loop
      vertex -4.94975 4 11.9497
      vertex -4.44075 0 12.4111
      vertex -4.44075 4 12.4111
    endloop
  endfacet
  facet normal -0.671614 0 0.740901
    outer loop
      vertex -4.44075 0 12.4111
      vertex -4.94975 4 11.9497
      vertex -4.94975 0 11.9497
    endloop
  endfacet
  facet normal 0 -1 0
    outer loop
      vertex 24 0 9.5
      vertex 53 0 11.5
      vertex 24 0 11.5
    endloop
  endfacet
  facet normal 0 -1 -0
    outer loop
      vertex 53 0 11.5
      vertex 24 0 9.5
      vertex 53 0 9.5
    endloop
  endfacet
  facet normal 0 -1 0
    outer loop
      vertex 0 0 8.65
      vertex 0 0 14
      vertex -0.686119 0 13.9663
    endloop
  endfacet
  facet normal 0 -1 0
    outer loop
      vertex 0 0 14
      vertex 53 0 11.5
      vertex 80 0 14
    endloop
  endfacet
  facet normal 0 -1 0
    outer loop
      vertex 0 0 8.65
      vertex -0.686119 0 13.9663
      vertex -1.36563 0 13.8655
    endloop
  endfacet
  facet normal 0 -1 0
    outer loop
      vertex 0 0 14
      vertex 24 0 11.5
      vertex 53 0 11.5
    endloop
  endfacet
  facet normal 0 -1 0
    outer loop
      vertex 0 0 8.65
      vertex -1.36563 0 13.8655
      vertex -2.03199 0 13.6986
    endloop
  endfacet
  facet normal 0 -1 0
    outer loop
      vertex 57 0 11.5
      vertex 80 0 14
      vertex 53 0 11.5
    endloop
  endfacet
  facet normal 0 -1 0
    outer loop
      vertex 0 0 8.65
      vertex -2.03199 0 13.6986
      vertex -2.67878 0 13.4672
    endloop
  endfacet
  facet normal 0 -1 0
    outer loop
      vertex 78.5889 0 7.75423
      vertex 80 0 14
      vertex 57 0 11.5
    endloop
  endfacet
  facet normal 0 -1 0
    outer loop
      vertex 0 0 8.65
      vertex -2.67878 0 13.4672
      vertex -3.29978 0 13.1734
    endloop
  endfacet
  facet normal -0 -1 0
    outer loop
      vertex 78.7632 0 8.01503
      vertex 80 0 14
      vertex 78.6696 0 7.88891
    endloop
  endfacet
  facet normal 0 -1 0
    outer loop
      vertex 0 0 8.65
      vertex -3.29978 0 13.1734
      vertex -3.88899 0 12.8203
    endloop
  endfacet
  facet normal -0 -1 0
    outer loop
      vertex 78.985 0 8.23682
      vertex 80 0 14
      vertex 78.8686 0 8.13137
    endloop
  endfacet
  facet normal 0 -1 0
    outer loop
      vertex 0 0 8.65
      vertex -3.88899 0 12.8203
      vertex -4.44075 0 12.4111
    endloop
  endfacet
  facet normal -0 -1 0
    outer loop
      vertex 79.2458 0 8.41107
      vertex 80 0 14
      vertex 79.1111 0 8.33035
    endloop
  endfacet
  facet normal 0 -1 0
    outer loop
      vertex 0 0 8.65
      vertex -4.44075 0 12.4111
      vertex -4.94975 0 11.9497
    endloop
  endfacet
  facet normal -0 -1 0
    outer loop
      vertex 79.5355 0 8.5311
      vertex 80 0 14
      vertex 79.3877 0 8.47821
    endloop
  endfacet
  facet normal 0 -1 0
    outer loop
      vertex 0 0 14
      vertex 20 0 11.5
      vertex 24 0 11.5
    endloop
  endfacet
  facet normal 0 -1 0
    outer loop
      vertex 0 0 8.65
      vertex -4.94975 0 11.9497
      vertex -5.41107 0 11.4408
    endloop
  endfacet
  facet normal 0 -1 0
    outer loop
      vertex 0 0 8.65
      vertex -5.41107 0 11.4408
      vertex -5.82029 0 10.889
    endloop
  endfacet
  facet normal 0 -1 0
    outer loop
      vertex 0 0 8.65
      vertex -5.82029 0 10.889
      vertex -6.17345 0 10.2998
    endloop
  endfacet
  facet normal 0 -1 0
    outer loop
      vertex 0 0 8.65
      vertex -6.17345 0 10.2998
      vertex -6.46716 0 9.67878
    endloop
  endfacet
  facet normal 0 -1 0
    outer loop
      vertex 0 0 14
      vertex 0.161728 0 8.64205
      vertex 0.321898 0 8.6183
    endloop
  endfacet
  facet normal 0 -1 0
    outer loop
      vertex 24 0 4.5
      vertex 24 0 9.5
      vertex 20 0 9.5
    endloop
  endfacet
  facet normal 0 -1 0
    outer loop
      vertex 24 0 9.5
      vertex 24 0 4.5
      vertex 53 0 9.5
    endloop
  endfacet
  facet normal 0 -1 0
    outer loop
      vertex 0 0 14
      vertex 0 0 8.65
      vertex 0.161728 0 8.64205
    endloop
  endfacet
  facet normal 0 -1 0
    outer loop
      vertex 0 0 8.65
      vertex -6.46716 0 9.67878
      vertex -6.69858 0 9.03199
    endloop
  endfacet
  facet normal -0 -1 0
    outer loop
      vertex 79.8432 0 8.59229
      vertex 80 0 14
      vertex 79.6879 0 8.56926
    endloop
  endfacet
  facet normal -0 -1 0
    outer loop
      vertex 80 0 8.6
      vertex 80 0 14
      vertex 79.8432 0 8.59229
    endloop
  endfacet
  facet normal 0 -1 0
    outer loop
      vertex 80.1568 0 8.59229
      vertex 80.6861 0 13.9663
      vertex 80 0 8.6
    endloop
  endfacet
  facet normal 0 -1 0
    outer loop
      vertex 80.3121 0 8.56926
      vertex 81.3656 0 13.8655
      vertex 80.1568 0 8.59229
    endloop
  endfacet
  facet normal 0 -1 0
    outer loop
      vertex 80.4645 0 8.5311
      vertex 82.032 0 13.6986
      vertex 80.3121 0 8.56926
    endloop
  endfacet
  facet normal 0 -1 0
    outer loop
      vertex 80.6123 0 8.47821
      vertex 82.6788 0 13.4672
      vertex 80.4645 0 8.5311
    endloop
  endfacet
  facet normal 0 -1 -0
    outer loop
      vertex 82.6788 0 13.4672
      vertex 80.6123 0 8.47821
      vertex 83.2998 0 13.1734
    endloop
  endfacet
  facet normal 0 -1 0
    outer loop
      vertex 78.4689 0 7.46445
      vertex 57 0 11.5
      vertex 57 0 9.5
    endloop
  endfacet
  facet normal 0 -1 0
    outer loop
      vertex 0 0 14
      vertex 0.321898 0 8.6183
      vertex 0.47897 0 8.57895
    endloop
  endfacet
  facet normal 0 -1 0
    outer loop
      vertex 0 0 14
      vertex 0.47897 0 8.57895
      vertex 0.631427 0 8.5244
    endloop
  endfacet
  facet normal 0 -1 0
    outer loop
      vertex 0 0 14
      vertex 0.631427 0 8.5244
      vertex 0.777804 0 8.45517
    endloop
  endfacet
  facet normal 0 -1 0
    outer loop
      vertex -6.69858 0 9.03199
      vertex -0.161728 0 8.64205
      vertex 0 0 8.65
    endloop
  endfacet
  facet normal 0 -1 0
    outer loop
      vertex -6.69858 0 9.03199
      vertex -0.321898 0 8.6183
      vertex -0.161728 0 8.64205
    endloop
  endfacet
  facet normal 0 -1 0
    outer loop
      vertex -6.69858 0 9.03199
      vertex -0.47897 0 8.57895
      vertex -0.321898 0 8.6183
    endloop
  endfacet
  facet normal 0 -1 0
    outer loop
      vertex -6.69858 0 9.03199
      vertex -0.631427 0 8.5244
      vertex -0.47897 0 8.57895
    endloop
  endfacet
  facet normal 0 -1 0
    outer loop
      vertex -6.69858 0 9.03199
      vertex -0.777804 0 8.45517
      vertex -0.631427 0 8.5244
    endloop
  endfacet
  facet normal 0 -1 0
    outer loop
      vertex -6.69858 0 9.03199
      vertex -0.916691 0 8.37192
      vertex -0.777804 0 8.45517
    endloop
  endfacet
  facet normal 0 -1 0
    outer loop
      vertex -1.57895 0 7.47897
      vertex -6.69858 0 9.03199
      vertex -6.8655 0 8.36563
    endloop
  endfacet
  facet normal 0 -1 0
    outer loop
      vertex -6.69858 0 9.03199
      vertex -1.04675 0 8.27547
      vertex -0.916691 0 8.37192
    endloop
  endfacet
  facet normal 0 -1 0
    outer loop
      vertex -6.69858 0 9.03199
      vertex -1.16673 0 8.16673
      vertex -1.04675 0 8.27547
    endloop
  endfacet
  facet normal 0 -1 0
    outer loop
      vertex -6.69858 0 9.03199
      vertex -1.27547 0 8.04675
      vertex -1.16673 0 8.16673
    endloop
  endfacet
  facet normal 0 -1 0
    outer loop
      vertex -6.69858 0 9.03199
      vertex -1.37192 0 7.91669
      vertex -1.27547 0 8.04675
    endloop
  endfacet
  facet normal 0 -1 0
    outer loop
      vertex -6.69858 0 9.03199
      vertex -1.45517 0 7.7778
      vertex -1.37192 0 7.91669
    endloop
  endfacet
  facet normal 0 -1 0
    outer loop
      vertex -1.6183 0 7.3219
      vertex -6.8655 0 8.36563
      vertex -6.96629 0 7.68612
    endloop
  endfacet
  facet normal 0 -1 0
    outer loop
      vertex -6.69858 0 9.03199
      vertex -1.5244 0 7.63143
      vertex -1.45517 0 7.7778
    endloop
  endfacet
  facet normal 0 -1 0
    outer loop
      vertex -6.69858 0 9.03199
      vertex -1.57895 0 7.47897
      vertex -1.5244 0 7.63143
    endloop
  endfacet
  facet normal 0 -1 0
    outer loop
      vertex -6.8655 0 8.36563
      vertex -1.6183 0 7.3219
      vertex -1.57895 0 7.47897
    endloop
  endfacet
  facet normal 0 -1 0
    outer loop
      vertex -6.96629 0 7.68612
      vertex -1.64205 0 7.16173
      vertex -1.6183 0 7.3219
    endloop
  endfacet
  facet normal 0 -1 0
    outer loop
      vertex -7 0 7
      vertex -1.64205 0 7.16173
      vertex -6.96629 0 7.68612
    endloop
  endfacet
  facet normal 0 -1 0
    outer loop
      vertex -7 0 7
      vertex -1.65 0 7
      vertex -1.64205 0 7.16173
    endloop
  endfacet
  facet normal 0 -1 0
    outer loop
      vertex -7 0 7
      vertex -1.64205 0 6.83827
      vertex -1.65 0 7
    endloop
  endfacet
  facet normal 0 -1 0
    outer loop
      vertex -6.96629 0 6.31388
      vertex -1.64205 0 6.83827
      vertex -7 0 7
    endloop
  endfacet
  facet normal 0 -1 -0
    outer loop
      vertex -1.64205 0 6.83827
      vertex -6.96629 0 6.31388
      vertex -1.6183 0 6.6781
    endloop
  endfacet
  facet normal 0 -1 0
    outer loop
      vertex -6.8655 0 5.63437
      vertex -1.6183 0 6.6781
      vertex -6.96629 0 6.31388
    endloop
  endfacet
  facet normal 0 -1 -0
    outer loop
      vertex -1.6183 0 6.6781
      vertex -6.8655 0 5.63437
      vertex -1.57895 0 6.52103
    endloop
  endfacet
  facet normal 0 -1 0
    outer loop
      vertex -6.69858 0 4.96801
      vertex -1.57895 0 6.52103
      vertex -6.8655 0 5.63437
    endloop
  endfacet
  facet normal 0 -1 -0
    outer loop
      vertex -1.57895 0 6.52103
      vertex -6.69858 0 4.96801
      vertex -1.5244 0 6.36857
    endloop
  endfacet
  facet normal 0 -1 0
    outer loop
      vertex -6.46716 0 4.32122
      vertex -1.5244 0 6.36857
      vertex -6.69858 0 4.96801
    endloop
  endfacet
  facet normal 0 -1 -0
    outer loop
      vertex -1.5244 0 6.36857
      vertex -6.46716 0 4.32122
      vertex -1.45517 0 6.2222
    endloop
  endfacet
  facet normal 0 -1 0
    outer loop
      vertex -6.17345 0 3.70022
      vertex -1.45517 0 6.2222
      vertex -6.46716 0 4.32122
    endloop
  endfacet
  facet normal 0 -1 -0
    outer loop
      vertex -1.45517 0 6.2222
      vertex -6.17345 0 3.70022
      vertex -1.37192 0 6.08331
    endloop
  endfacet
  facet normal 0 -1 0
    outer loop
      vertex -5.82029 0 3.11101
      vertex -1.37192 0 6.08331
      vertex -6.17345 0 3.70022
    endloop
  endfacet
  facet normal 0 -1 -0
    outer loop
      vertex -1.37192 0 6.08331
      vertex -5.82029 0 3.11101
      vertex -1.27547 0 5.95325
    endloop
  endfacet
  facet normal 0 -1 0
    outer loop
      vertex -5.41107 0 2.55925
      vertex -1.27547 0 5.95325
      vertex -5.82029 0 3.11101
    endloop
  endfacet
  facet normal 0 -1 -0
    outer loop
      vertex -1.27547 0 5.95325
      vertex -5.41107 0 2.55925
      vertex -1.16673 0 5.83327
    endloop
  endfacet
  facet normal 0 -1 0
    outer loop
      vertex -4.94975 0 2.05025
      vertex -1.16673 0 5.83327
      vertex -5.41107 0 2.55925
    endloop
  endfacet
  facet normal 0 -1 -0
    outer loop
      vertex -1.16673 0 5.83327
      vertex -4.94975 0 2.05025
      vertex -1.04675 0 5.72453
    endloop
  endfacet
  facet normal 0 -1 0
    outer loop
      vertex -4.44075 0 1.58893
      vertex -1.04675 0 5.72453
      vertex -4.94975 0 2.05025
    endloop
  endfacet
  facet normal 0 -1 -0
    outer loop
      vertex -1.04675 0 5.72453
      vertex -4.44075 0 1.58893
      vertex -0.916691 0 5.62808
    endloop
  endfacet
  facet normal 0 -1 0
    outer loop
      vertex 24 0 2.5
      vertex 53 0 4.5
      vertex 24 0 4.5
    endloop
  endfacet
  facet normal 0 -1 -0
    outer loop
      vertex 53 0 4.5
      vertex 24 0 2.5
      vertex 53 0 2.5
    endloop
  endfacet
  facet normal 0 -1 0
    outer loop
      vertex 79.3877 0 5.52179
      vertex 80 0 0
      vertex 79.5355 0 5.4689
    endloop
  endfacet
  facet normal 0 -1 0
    outer loop
      vertex 79.5355 0 5.4689
      vertex 80 0 0
      vertex 79.6879 0 5.43074
    endloop
  endfacet
  facet normal 0 -1 0
    outer loop
      vertex 79.6879 0 5.43074
      vertex 80 0 0
      vertex 79.8432 0 5.40771
    endloop
  endfacet
  facet normal -0 -1 0
    outer loop
      vertex 80.6861 0 0.0337076
      vertex 80 0 5.4
      vertex 80 0 0
    endloop
  endfacet
  facet normal 0 -1 0
    outer loop
      vertex 80 0 5.4
      vertex 86.4672 0 4.32122
      vertex 86.6986 0 4.96801
    endloop
  endfacet
  facet normal 0 -1 0
    outer loop
      vertex 80 0 5.4
      vertex 86.1734 0 3.70022
      vertex 86.4672 0 4.32122
    endloop
  endfacet
  facet normal 0 -1 0
    outer loop
      vertex 80 0 5.4
      vertex 85.8203 0 3.11101
      vertex 86.1734 0 3.70022
    endloop
  endfacet
  facet normal 0 -1 0
    outer loop
      vertex 79.8432 0 5.40771
      vertex 80 0 0
      vertex 80 0 5.4
    endloop
  endfacet
  facet normal 0 -1 0
    outer loop
      vertex 80 0 0
      vertex 53 0 2.5
      vertex 0 0 0
    endloop
  endfacet
  facet normal 0 -1 0
    outer loop
      vertex 53 0 2.5
      vertex 80 0 0
      vertex 57 0 2.5
    endloop
  endfacet
  facet normal 0 -1 -0
    outer loop
      vertex -0.631427 0 5.4756
      vertex -2.67878 0 0.532844
      vertex -0.47897 0 5.42105
    endloop
  endfacet
  facet normal 0 -1 0
    outer loop
      vertex 80 0 5.4
      vertex 85.4111 0 2.55925
      vertex 85.8203 0 3.11101
    endloop
  endfacet
  facet normal 0 -1 0
    outer loop
      vertex -2.03199 0 0.301418
      vertex -0.47897 0 5.42105
      vertex -2.67878 0 0.532844
    endloop
  endfacet
  facet normal 0 -1 0
    outer loop
      vertex 80 0 5.4
      vertex 84.9497 0 2.05025
      vertex 85.4111 0 2.55925
    endloop
  endfacet
  facet normal 0 -1 -0
    outer loop
      vertex -0.47897 0 5.42105
      vertex -2.03199 0 0.301418
      vertex -0.321898 0 5.3817
    endloop
  endfacet
  facet normal 0 -1 0
    outer loop
      vertex 80 0 5.4
      vertex 84.4408 0 1.58893
      vertex 84.9497 0 2.05025
    endloop
  endfacet
  facet normal 0 -1 0
    outer loop
      vertex -1.36563 0 0.134503
      vertex -0.321898 0 5.3817
      vertex -2.03199 0 0.301418
    endloop
  endfacet
  facet normal 0 -1 0
    outer loop
      vertex 80 0 5.4
      vertex 83.889 0 1.17971
      vertex 84.4408 0 1.58893
    endloop
  endfacet
  facet normal 0 -1 -0
    outer loop
      vertex -0.321898 0 5.3817
      vertex -1.36563 0 0.134503
      vertex -0.161728 0 5.35795
    endloop
  endfacet
  facet normal 0 -1 0
    outer loop
      vertex 80 0 5.4
      vertex 83.2998 0 0.826551
      vertex 83.889 0 1.17971
    endloop
  endfacet
  facet normal 0 -1 0
    outer loop
      vertex -0.686119 0 0.0337076
      vertex -0.161728 0 5.35795
      vertex -1.36563 0 0.134503
    endloop
  endfacet
  facet normal 0 -1 0
    outer loop
      vertex 80 0 5.4
      vertex 82.6788 0 0.532844
      vertex 83.2998 0 0.826551
    endloop
  endfacet
  facet normal 0 -1 -0
    outer loop
      vertex -0.161728 0 5.35795
      vertex -0.686119 0 0.0337076
      vertex 0 0 0
    endloop
  endfacet
  facet normal 0 -1 0
    outer loop
      vertex 80 0 5.4
      vertex 82.032 0 0.301418
      vertex 82.6788 0 0.532844
    endloop
  endfacet
  facet normal 0 -1 0
    outer loop
      vertex 80 0 5.4
      vertex 81.3656 0 0.134503
      vertex 82.032 0 0.301418
    endloop
  endfacet
  facet normal 0 -1 0
    outer loop
      vertex 80 0 5.4
      vertex 80.6861 0 0.0337076
      vertex 81.3656 0 0.134503
    endloop
  endfacet
  facet normal 0 -1 -0
    outer loop
      vertex 83.889 0 12.8203
      vertex 80.8889 0 8.33035
      vertex 84.4408 0 12.4111
    endloop
  endfacet
  facet normal 0 -1 0
    outer loop
      vertex 53 0 4.5
      vertex 53 0 9.5
      vertex 24 0 4.5
    endloop
  endfacet
  facet normal 0 -1 0
    outer loop
      vertex 80.7542 0 8.41107
      vertex 83.2998 0 13.1734
      vertex 80.6123 0 8.47821
    endloop
  endfacet
  facet normal 0 -1 0
    outer loop
      vertex 57 0 4.5
      vertex 57 0 9.5
      vertex 53 0 4.5
    endloop
  endfacet
  facet normal 0 -1 0
    outer loop
      vertex 20 0 9.5
      vertex 20 0 4.5
      vertex 24 0 4.5
    endloop
  endfacet
  facet normal 0 -1 0
    outer loop
      vertex 0 0 14
      vertex 0.916691 0 8.37192
      vertex 1.04675 0 8.27547
    endloop
  endfacet
  facet normal 0 -1 0
    outer loop
      vertex 0 0 14
      vertex 1.04675 0 8.27547
      vertex 1.16673 0 8.16673
    endloop
  endfacet
  facet normal 0 -1 0
    outer loop
      vertex 53 0 9.5
      vertex 53 0 4.5
      vertex 57 0 9.5
    endloop
  endfacet
  facet normal 0 -1 0
    outer loop
      vertex 0 0 14
      vertex 1.16673 0 8.16673
      vertex 1.27547 0 8.04675
    endloop
  endfacet
  facet normal 0 -1 -0
    outer loop
      vertex 82.032 0 13.6986
      vertex 80.4645 0 8.5311
      vertex 82.6788 0 13.4672
    endloop
  endfacet
  facet normal 0 -1 0
    outer loop
      vertex 1.37192 0 7.91669
      vertex 0 0 14
      vertex 1.27547 0 8.04675
    endloop
  endfacet
  facet normal -0 -1 0
    outer loop
      vertex 78.4 0 7
      vertex 57 0 9.5
      vertex 57 0 4.5
    endloop
  endfacet
  facet normal 0 -1 0
    outer loop
      vertex 0 0 14
      vertex 1.37192 0 7.91669
      vertex 20 0 11.5
    endloop
  endfacet
  facet normal 0 -1 -0
    outer loop
      vertex 81.3656 0 13.8655
      vertex 80.3121 0 8.56926
      vertex 82.032 0 13.6986
    endloop
  endfacet
  facet normal 0 -1 0
    outer loop
      vertex 1.45517 0 7.7778
      vertex 20 0 11.5
      vertex 1.37192 0 7.91669
    endloop
  endfacet
  facet normal 0 -1 -0
    outer loop
      vertex 80.6861 0 13.9663
      vertex 80.1568 0 8.59229
      vertex 81.3656 0 13.8655
    endloop
  endfacet
  facet normal 0 -1 0
    outer loop
      vertex 1.5244 0 7.63143
      vertex 20 0 11.5
      vertex 1.45517 0 7.7778
    endloop
  endfacet
  facet normal 0 -1 0
    outer loop
      vertex 80 0 14
      vertex 80 0 8.6
      vertex 80.6861 0 13.9663
    endloop
  endfacet
  facet normal 0 -1 0
    outer loop
      vertex 1.57895 0 7.47897
      vertex 20 0 11.5
      vertex 1.5244 0 7.63143
    endloop
  endfacet
  facet normal -0 -1 0
    outer loop
      vertex 79.6879 0 8.56926
      vertex 80 0 14
      vertex 79.5355 0 8.5311
    endloop
  endfacet
  facet normal 0 -1 -0
    outer loop
      vertex 20 0 11.5
      vertex 1.57895 0 7.47897
      vertex 20 0 9.5
    endloop
  endfacet
  facet normal -0 -1 0
    outer loop
      vertex 79.3877 0 8.47821
      vertex 80 0 14
      vertex 79.2458 0 8.41107
    endloop
  endfacet
  facet normal 0 -1 0
    outer loop
      vertex 1.6183 0 7.3219
      vertex 20 0 9.5
      vertex 1.57895 0 7.47897
    endloop
  endfacet
  facet normal -0 -1 0
    outer loop
      vertex 79.1111 0 8.33035
      vertex 80 0 14
      vertex 78.985 0 8.23682
    endloop
  endfacet
  facet normal 0 -1 0
    outer loop
      vertex 1.64205 0 7.16173
      vertex 20 0 9.5
      vertex 1.6183 0 7.3219
    endloop
  endfacet
  facet normal -0 -1 0
    outer loop
      vertex 78.8686 0 8.13137
      vertex 80 0 14
      vertex 78.7632 0 8.01503
    endloop
  endfacet
  facet normal 0 -1 0
    outer loop
      vertex 1.65 0 7
      vertex 20 0 9.5
      vertex 1.64205 0 7.16173
    endloop
  endfacet
  facet normal 0 -1 0
    outer loop
      vertex 80 0 14
      vertex 78.5889 0 7.75423
      vertex 78.6696 0 7.88891
    endloop
  endfacet
  facet normal 0 -1 -0
    outer loop
      vertex 20 0 9.5
      vertex 1.65 0 7
      vertex 20 0 4.5
    endloop
  endfacet
  facet normal 0 -1 0
    outer loop
      vertex 57 0 11.5
      vertex 78.5218 0 7.61229
      vertex 78.5889 0 7.75423
    endloop
  endfacet
  facet normal 0 -1 0
    outer loop
      vertex 57 0 11.5
      vertex 78.4689 0 7.46445
      vertex 78.5218 0 7.61229
    endloop
  endfacet
  facet normal 0 -1 0
    outer loop
      vertex 20 0 4.5
      vertex 1.65 0 7
      vertex 1.64205 0 6.83827
    endloop
  endfacet
  facet normal 0 -1 0
    outer loop
      vertex 57 0 9.5
      vertex 78.4307 0 7.31214
      vertex 78.4689 0 7.46445
    endloop
  endfacet
  facet normal 0 -1 0
    outer loop
      vertex 20 0 4.5
      vertex 1.64205 0 6.83827
      vertex 1.6183 0 6.6781
    endloop
  endfacet
  facet normal 0 -1 0
    outer loop
      vertex 57 0 9.5
      vertex 78.4077 0 7.15683
      vertex 78.4307 0 7.31214
    endloop
  endfacet
  facet normal 0 -1 0
    outer loop
      vertex 20 0 4.5
      vertex 1.6183 0 6.6781
      vertex 1.57895 0 6.52103
    endloop
  endfacet
  facet normal 0 -1 0
    outer loop
      vertex 57 0 9.5
      vertex 78.4 0 7
      vertex 78.4077 0 7.15683
    endloop
  endfacet
  facet normal 0 -1 0
    outer loop
      vertex 20 0 2.5
      vertex 1.57895 0 6.52103
      vertex 1.5244 0 6.36857
    endloop
  endfacet
  facet normal 0 -1 -0
    outer loop
      vertex 78.4 0 7
      vertex 57 0 4.5
      vertex 78.4077 0 6.84317
    endloop
  endfacet
  facet normal 0 -1 0
    outer loop
      vertex 20 0 2.5
      vertex 1.5244 0 6.36857
      vertex 1.45517 0 6.2222
    endloop
  endfacet
  facet normal 0 -1 -0
    outer loop
      vertex 78.4077 0 6.84317
      vertex 57 0 4.5
      vertex 78.4307 0 6.68786
    endloop
  endfacet
  facet normal 0 -1 0
    outer loop
      vertex 20 0 2.5
      vertex 1.45517 0 6.2222
      vertex 1.37192 0 6.08331
    endloop
  endfacet
  facet normal 0 -1 -0
    outer loop
      vertex 78.4307 0 6.68786
      vertex 57 0 4.5
      vertex 78.4689 0 6.53555
    endloop
  endfacet
  facet normal 0 -1 0
    outer loop
      vertex 0 0 0
      vertex 1.37192 0 6.08331
      vertex 1.27547 0 5.95325
    endloop
  endfacet
  facet normal 0 -1 0
    outer loop
      vertex 57 0 2.5
      vertex 78.4689 0 6.53555
      vertex 57 0 4.5
    endloop
  endfacet
  facet normal 0 -1 0
    outer loop
      vertex 0 0 0
      vertex 1.27547 0 5.95325
      vertex 1.16673 0 5.83327
    endloop
  endfacet
  facet normal 0 -1 -0
    outer loop
      vertex 78.4689 0 6.53555
      vertex 57 0 2.5
      vertex 78.5218 0 6.38771
    endloop
  endfacet
  facet normal 0 -1 0
    outer loop
      vertex 0 0 0
      vertex 1.16673 0 5.83327
      vertex 1.04675 0 5.72453
    endloop
  endfacet
  facet normal 0 -1 -0
    outer loop
      vertex 78.5218 0 6.38771
      vertex 57 0 2.5
      vertex 78.5889 0 6.24577
    endloop
  endfacet
  facet normal 0 -1 0
    outer loop
      vertex 0 0 0
      vertex 1.04675 0 5.72453
      vertex 0.916691 0 5.62808
    endloop
  endfacet
  facet normal 0 -1 0
    outer loop
      vertex 80 0 0
      vertex 78.5889 0 6.24577
      vertex 57 0 2.5
    endloop
  endfacet
  facet normal 0 -1 0
    outer loop
      vertex 0 0 0
      vertex 0.916691 0 5.62808
      vertex 0.777804 0 5.54483
    endloop
  endfacet
  facet normal 0 -1 0
    outer loop
      vertex 78.5889 0 6.24577
      vertex 80 0 0
      vertex 78.6696 0 6.11109
    endloop
  endfacet
  facet normal 0 -1 0
    outer loop
      vertex 0 0 0
      vertex 0.777804 0 5.54483
      vertex 0.631427 0 5.4756
    endloop
  endfacet
  facet normal 0 -1 0
    outer loop
      vertex 78.6696 0 6.11109
      vertex 80 0 0
      vertex 78.7632 0 5.98497
    endloop
  endfacet
  facet normal 0 -1 0
    outer loop
      vertex 78.7632 0 5.98497
      vertex 80 0 0
      vertex 78.8686 0 5.86863
    endloop
  endfacet
  facet normal 0 -1 -0
    outer loop
      vertex 0.321898 0 5.3817
      vertex 0 0 0
      vertex 0.47897 0 5.42105
    endloop
  endfacet
  facet normal 0 -1 0
    outer loop
      vertex 78.8686 0 5.86863
      vertex 80 0 0
      vertex 78.985 0 5.76318
    endloop
  endfacet
  facet normal 0 -1 0
    outer loop
      vertex 78.985 0 5.76318
      vertex 80 0 0
      vertex 79.1111 0 5.66965
    endloop
  endfacet
  facet normal 0 -1 -0
    outer loop
      vertex 0.161728 0 5.35795
      vertex 0 0 0
      vertex 0.321898 0 5.3817
    endloop
  endfacet
  facet normal 0 -1 -0
    outer loop
      vertex 83.2998 0 13.1734
      vertex 80.7542 0 8.41107
      vertex 83.889 0 12.8203
    endloop
  endfacet
  facet normal 0 -1 0
    outer loop
      vertex 0 0 14
      vertex 0.777804 0 8.45517
      vertex 0.916691 0 8.37192
    endloop
  endfacet
  facet normal 0 -1 0
    outer loop
      vertex 80.8889 0 8.33035
      vertex 83.889 0 12.8203
      vertex 80.7542 0 8.41107
    endloop
  endfacet
  facet normal 0 -1 0
    outer loop
      vertex 81.015 0 8.23682
      vertex 84.4408 0 12.4111
      vertex 80.8889 0 8.33035
    endloop
  endfacet
  facet normal 0 -1 -0
    outer loop
      vertex 84.4408 0 12.4111
      vertex 81.015 0 8.23682
      vertex 84.9497 0 11.9497
    endloop
  endfacet
  facet normal 0 -1 0
    outer loop
      vertex 81.1314 0 8.13137
      vertex 84.9497 0 11.9497
      vertex 81.015 0 8.23682
    endloop
  endfacet
  facet normal 0 -1 -0
    outer loop
      vertex 84.9497 0 11.9497
      vertex 81.1314 0 8.13137
      vertex 85.4111 0 11.4408
    endloop
  endfacet
  facet normal 0 -1 0
    outer loop
      vertex 81.2368 0 8.01503
      vertex 85.4111 0 11.4408
      vertex 81.1314 0 8.13137
    endloop
  endfacet
  facet normal 0 -1 -0
    outer loop
      vertex 85.4111 0 11.4408
      vertex 81.2368 0 8.01503
      vertex 85.8203 0 10.889
    endloop
  endfacet
  facet normal 0 -1 0
    outer loop
      vertex 81.3304 0 7.88891
      vertex 85.8203 0 10.889
      vertex 81.2368 0 8.01503
    endloop
  endfacet
  facet normal 0 -1 -0
    outer loop
      vertex 85.8203 0 10.889
      vertex 81.3304 0 7.88891
      vertex 86.1734 0 10.2998
    endloop
  endfacet
  facet normal 0 -1 0
    outer loop
      vertex 81.4111 0 7.75423
      vertex 86.1734 0 10.2998
      vertex 81.3304 0 7.88891
    endloop
  endfacet
  facet normal 0 -1 -0
    outer loop
      vertex 86.1734 0 10.2998
      vertex 81.4111 0 7.75423
      vertex 86.4672 0 9.67878
    endloop
  endfacet
  facet normal 0 -1 0
    outer loop
      vertex 81.4782 0 7.61229
      vertex 86.4672 0 9.67878
      vertex 81.4111 0 7.75423
    endloop
  endfacet
  facet normal 0 -1 -0
    outer loop
      vertex 86.4672 0 9.67878
      vertex 81.4782 0 7.61229
      vertex 86.6986 0 9.03199
    endloop
  endfacet
  facet normal 0 -1 0
    outer loop
      vertex 81.5311 0 7.46445
      vertex 86.6986 0 9.03199
      vertex 81.4782 0 7.61229
    endloop
  endfacet
  facet normal 0 -1 -0
    outer loop
      vertex 86.6986 0 9.03199
      vertex 81.5311 0 7.46445
      vertex 86.8655 0 8.36563
    endloop
  endfacet
  facet normal 0 -1 0
    outer loop
      vertex 81.5693 0 7.31214
      vertex 86.8655 0 8.36563
      vertex 81.5311 0 7.46445
    endloop
  endfacet
  facet normal 0 -1 -0
    outer loop
      vertex 86.8655 0 8.36563
      vertex 81.5693 0 7.31214
      vertex 86.9663 0 7.68612
    endloop
  endfacet
  facet normal 0 -1 0
    outer loop
      vertex 81.5923 0 7.15683
      vertex 86.9663 0 7.68612
      vertex 81.5693 0 7.31214
    endloop
  endfacet
  facet normal 0 -1 0
    outer loop
      vertex 81.6 0 7
      vertex 86.9663 0 7.68612
      vertex 81.5923 0 7.15683
    endloop
  endfacet
  facet normal 0 -1 0
    outer loop
      vertex 81.6 0 7
      vertex 87 0 7
      vertex 86.9663 0 7.68612
    endloop
  endfacet
  facet normal 0 -1 0
    outer loop
      vertex 81.5923 0 6.84317
      vertex 87 0 7
      vertex 81.6 0 7
    endloop
  endfacet
  facet normal 0 -1 0
    outer loop
      vertex 86.9663 0 6.31388
      vertex 81.5923 0 6.84317
      vertex 81.5693 0 6.68786
    endloop
  endfacet
  facet normal 0 -1 0
    outer loop
      vertex 86.8655 0 5.63437
      vertex 81.5693 0 6.68786
      vertex 81.5311 0 6.53555
    endloop
  endfacet
  facet normal 0 -1 0
    outer loop
      vertex 86.6986 0 4.96801
      vertex 81.5311 0 6.53555
      vertex 81.4782 0 6.38771
    endloop
  endfacet
  facet normal 0 -1 0
    outer loop
      vertex 81.5923 0 6.84317
      vertex 86.9663 0 6.31388
      vertex 87 0 7
    endloop
  endfacet
  facet normal 0 -1 0
    outer loop
      vertex 86.6986 0 4.96801
      vertex 81.4782 0 6.38771
      vertex 81.4111 0 6.24577
    endloop
  endfacet
  facet normal 0 -1 0
    outer loop
      vertex 86.6986 0 4.96801
      vertex 81.4111 0 6.24577
      vertex 81.3304 0 6.11109
    endloop
  endfacet
  facet normal 0 -1 0
    outer loop
      vertex 86.6986 0 4.96801
      vertex 81.3304 0 6.11109
      vertex 81.2368 0 5.98497
    endloop
  endfacet
  facet normal 0 -1 0
    outer loop
      vertex 86.6986 0 4.96801
      vertex 81.2368 0 5.98497
      vertex 81.1314 0 5.86863
    endloop
  endfacet
  facet normal 0 -1 0
    outer loop
      vertex 86.6986 0 4.96801
      vertex 81.1314 0 5.86863
      vertex 81.015 0 5.76318
    endloop
  endfacet
  facet normal 0 -1 0
    outer loop
      vertex 86.6986 0 4.96801
      vertex 81.015 0 5.76318
      vertex 80.8889 0 5.66965
    endloop
  endfacet
  facet normal 0 -1 0
    outer loop
      vertex 81.5693 0 6.68786
      vertex 86.8655 0 5.63437
      vertex 86.9663 0 6.31388
    endloop
  endfacet
  facet normal 0 -1 0
    outer loop
      vertex 86.6986 0 4.96801
      vertex 80.8889 0 5.66965
      vertex 80.7542 0 5.58893
    endloop
  endfacet
  facet normal 0 -1 0
    outer loop
      vertex 86.6986 0 4.96801
      vertex 80.7542 0 5.58893
      vertex 80.6123 0 5.52179
    endloop
  endfacet
  facet normal 0 -1 0
    outer loop
      vertex 86.6986 0 4.96801
      vertex 80.6123 0 5.52179
      vertex 80.4645 0 5.4689
    endloop
  endfacet
  facet normal 0 -1 0
    outer loop
      vertex 86.6986 0 4.96801
      vertex 80.4645 0 5.4689
      vertex 80.3121 0 5.43074
    endloop
  endfacet
  facet normal 0 -1 0
    outer loop
      vertex 86.6986 0 4.96801
      vertex 80.3121 0 5.43074
      vertex 80.1568 0 5.40771
    endloop
  endfacet
  facet normal 0 -1 0
    outer loop
      vertex 86.6986 0 4.96801
      vertex 80.1568 0 5.40771
      vertex 80 0 5.4
    endloop
  endfacet
  facet normal 0 -1 0
    outer loop
      vertex 0 0 5.35
      vertex 0 0 0
      vertex 0.161728 0 5.35795
    endloop
  endfacet
  facet normal 0 -1 0
    outer loop
      vertex -0.161728 0 5.35795
      vertex 0 0 0
      vertex 0 0 5.35
    endloop
  endfacet
  facet normal 0 -1 0
    outer loop
      vertex -3.88899 0 1.17971
      vertex -0.916691 0 5.62808
      vertex -4.44075 0 1.58893
    endloop
  endfacet
  facet normal 0 -1 0
    outer loop
      vertex 81.5311 0 6.53555
      vertex 86.6986 0 4.96801
      vertex 86.8655 0 5.63437
    endloop
  endfacet
  facet normal 0 -1 0
    outer loop
      vertex 79.1111 0 5.66965
      vertex 80 0 0
      vertex 79.2458 0 5.58893
    endloop
  endfacet
  facet normal 0 -1 0
    outer loop
      vertex 79.2458 0 5.58893
      vertex 80 0 0
      vertex 79.3877 0 5.52179
    endloop
  endfacet
  facet normal 0 -1 -0
    outer loop
      vertex -0.916691 0 5.62808
      vertex -3.88899 0 1.17971
      vertex -0.777804 0 5.54483
    endloop
  endfacet
  facet normal 0 -1 0
    outer loop
      vertex -3.29978 0 0.826551
      vertex -0.777804 0 5.54483
      vertex -3.88899 0 1.17971
    endloop
  endfacet
  facet normal 0 -1 -0
    outer loop
      vertex -0.777804 0 5.54483
      vertex -3.29978 0 0.826551
      vertex -0.631427 0 5.4756
    endloop
  endfacet
  facet normal 0 -1 0
    outer loop
      vertex -2.67878 0 0.532844
      vertex -0.631427 0 5.4756
      vertex -3.29978 0 0.826551
    endloop
  endfacet
  facet normal 0 -1 -0
    outer loop
      vertex 0.47897 0 5.42105
      vertex 0 0 0
      vertex 0.631427 0 5.4756
    endloop
  endfacet
  facet normal 0 -1 -0
    outer loop
      vertex 1.37192 0 6.08331
      vertex 0 0 0
      vertex 20 0 2.5
    endloop
  endfacet
  facet normal 0 -1 -0
    outer loop
      vertex 20 0 2.5
      vertex 0 0 0
      vertex 24 0 2.5
    endloop
  endfacet
  facet normal 0 -1 -0
    outer loop
      vertex 24 0 2.5
      vertex 0 0 0
      vertex 53 0 2.5
    endloop
  endfacet
  facet normal 0 -1 0
    outer loop
      vertex 1.57895 0 6.52103
      vertex 20 0 2.5
      vertex 20 0 4.5
    endloop
  endfacet
  facet normal -0.941546 0 0.336883
    outer loop
      vertex -6.69858 0 9.03199
      vertex -6.46716 4 9.67878
      vertex -6.69858 4 9.03199
    endloop
  endfacet
  facet normal -0.941546 0 0.336883
    outer loop
      vertex -6.46716 4 9.67878
      vertex -6.69858 0 9.03199
      vertex -6.46716 0 9.67878
    endloop
  endfacet
  facet normal -0.998796 0 -0.0490576
    outer loop
      vertex -26.9663 23.3 6.31388
      vertex -27 27.3 7
      vertex -26.9663 27.3 6.31388
    endloop
  endfacet
  facet normal -0.998796 -0 -0.0490576
    outer loop
      vertex -27 27.3 7
      vertex -26.9663 23.3 6.31388
      vertex -27 23.3 7
    endloop
  endfacet
  facet normal -0.857766 0 -0.51404
    outer loop
      vertex -25.8203 23.3 3.11101
      vertex -26.1734 27.3 3.70022
      vertex -25.8203 27.3 3.11101
    endloop
  endfacet
  facet normal -0.857766 -0 -0.51404
    outer loop
      vertex -26.1734 27.3 3.70022
      vertex -25.8203 23.3 3.11101
      vertex -26.1734 23.3 3.70022
    endloop
  endfacet
  facet normal 0.803217 0 -0.595687
    outer loop
      vertex 85.8203 23.3 3.11101
      vertex 85.4111 27.3 2.55925
      vertex 85.8203 27.3 3.11101
    endloop
  endfacet
  facet normal 0.803217 0 -0.595687
    outer loop
      vertex 85.4111 27.3 2.55925
      vertex 85.8203 23.3 3.11101
      vertex 85.4111 23.3 2.55925
    endloop
  endfacet
  facet normal 0.857766 0 -0.51404
    outer loop
      vertex 86.1734 23.3 3.70022
      vertex 85.8203 27.3 3.11101
      vertex 86.1734 27.3 3.70022
    endloop
  endfacet
  facet normal 0.857766 0 -0.51404
    outer loop
      vertex 85.8203 27.3 3.11101
      vertex 86.1734 23.3 3.70022
      vertex 85.8203 23.3 3.11101
    endloop
  endfacet
  facet normal 0.595678 0 -0.803223
    outer loop
      vertex 83.889 23.3 1.17971
      vertex 84.4408 27.3 1.58893
      vertex 84.4408 23.3 1.58893
    endloop
  endfacet
  facet normal 0.595678 0 -0.803223
    outer loop
      vertex 84.4408 27.3 1.58893
      vertex 83.889 23.3 1.17971
      vertex 83.889 27.3 1.17971
    endloop
  endfacet
  facet normal 0.989176 -0 0.146736
    outer loop
      vertex 86.8655 23.3 8.36563
      vertex 86.9663 27.3 7.68612
      vertex 86.8655 27.3 8.36563
    endloop
  endfacet
  facet normal 0.989176 0 0.146736
    outer loop
      vertex 86.9663 27.3 7.68612
      vertex 86.8655 23.3 8.36563
      vertex 86.9663 23.3 7.68612
    endloop
  endfacet
  facet normal -0.803237 0 0.595659
    outer loop
      vertex -25.8203 23.3 10.889
      vertex -25.4111 27.3 11.4408
      vertex -25.8203 27.3 10.889
    endloop
  endfacet
  facet normal -0.803237 0 0.595659
    outer loop
      vertex -25.4111 27.3 11.4408
      vertex -25.8203 23.3 10.889
      vertex -25.4111 23.3 11.4408
    endloop
  endfacet
  facet normal -0.146732 0 -0.989176
    outer loop
      vertex -21.3656 23.3 0.134503
      vertex -20.6861 27.3 0.0337076
      vertex -20.6861 23.3 0.0337076
    endloop
  endfacet
  facet normal -0.146732 0 -0.989176
    outer loop
      vertex -20.6861 27.3 0.0337076
      vertex -21.3656 23.3 0.134503
      vertex -21.3656 27.3 0.134503
    endloop
  endfacet
  facet normal 0.970036 0 -0.24296
    outer loop
      vertex 86.8655 23.3 5.63437
      vertex 86.6986 27.3 4.96801
      vertex 86.8655 27.3 5.63437
    endloop
  endfacet
  facet normal 0.970036 0 -0.24296
    outer loop
      vertex 86.6986 27.3 4.96801
      vertex 86.8655 23.3 5.63437
      vertex 86.6986 23.3 4.96801
    endloop
  endfacet
  facet normal -0.336853 0 0.941557
    outer loop
      vertex -22.6788 27.3 13.4672
      vertex -22.032 23.3 13.6986
      vertex -22.032 27.3 13.6986
    endloop
  endfacet
  facet normal -0.336853 0 0.941557
    outer loop
      vertex -22.032 23.3 13.6986
      vertex -22.6788 27.3 13.4672
      vertex -22.6788 23.3 13.4672
    endloop
  endfacet
  facet normal 0.998796 -0 0.0490576
    outer loop
      vertex 86.9663 23.3 7.68612
      vertex 87 27.3 7
      vertex 86.9663 27.3 7.68612
    endloop
  endfacet
  facet normal 0.998796 0 0.0490576
    outer loop
      vertex 87 27.3 7
      vertex 86.9663 23.3 7.68612
      vertex 87 23.3 7
    endloop
  endfacet
  facet normal 0.941556 -0 0.336857
    outer loop
      vertex 86.4672 23.3 9.67878
      vertex 86.6986 27.3 9.03199
      vertex 86.4672 27.3 9.67878
    endloop
  endfacet
  facet normal 0.941556 0 0.336857
    outer loop
      vertex 86.6986 27.3 9.03199
      vertex 86.4672 23.3 9.67878
      vertex 86.6986 23.3 9.03199
    endloop
  endfacet
  facet normal 0.740835 -0 0.671687
    outer loop
      vertex 84.9497 23.3 11.9497
      vertex 85.4111 27.3 11.4408
      vertex 84.9497 27.3 11.9497
    endloop
  endfacet
  facet normal 0.740835 0 0.671687
    outer loop
      vertex 85.4111 27.3 11.4408
      vertex 84.9497 23.3 11.9497
      vertex 85.4111 23.3 11.4408
    endloop
  endfacet
  facet normal -0.42755 0 -0.903992
    outer loop
      vertex -23.2998 23.3 0.826551
      vertex -22.6788 27.3 0.532844
      vertex -22.6788 23.3 0.532844
    endloop
  endfacet
  facet normal -0.42755 0 -0.903992
    outer loop
      vertex -22.6788 27.3 0.532844
      vertex -23.2998 23.3 0.826551
      vertex -23.2998 27.3 0.826551
    endloop
  endfacet
  facet normal 0.903945 -0 0.42765
    outer loop
      vertex 86.1734 23.3 10.2998
      vertex 86.4672 27.3 9.67878
      vertex 86.1734 27.3 10.2998
    endloop
  endfacet
  facet normal 0.903945 0 0.42765
    outer loop
      vertex 86.4672 27.3 9.67878
      vertex 86.1734 23.3 10.2998
      vertex 86.4672 23.3 9.67878
    endloop
  endfacet
  facet normal -0 0 1
    outer loop
      vertex -20 27.3 14
      vertex 80 23.3 14
      vertex 80 27.3 14
    endloop
  endfacet
  facet normal 0 0 1
    outer loop
      vertex 80 23.3 14
      vertex -20 27.3 14
      vertex -20 23.3 14
    endloop
  endfacet
  facet normal -0.427661 0 0.903939
    outer loop
      vertex -23.2998 27.3 13.1734
      vertex -22.6788 23.3 13.4672
      vertex -22.6788 27.3 13.4672
    endloop
  endfacet
  facet normal -0.427661 0 0.903939
    outer loop
      vertex -22.6788 23.3 13.4672
      vertex -23.2998 27.3 13.1734
      vertex -23.2998 23.3 13.1734
    endloop
  endfacet
  facet normal -0.903945 0 0.42765
    outer loop
      vertex -26.4672 23.3 9.67878
      vertex -26.1734 27.3 10.2998
      vertex -26.4672 27.3 9.67878
    endloop
  endfacet
  facet normal -0.903945 0 0.42765
    outer loop
      vertex -26.1734 27.3 10.2998
      vertex -26.4672 23.3 9.67878
      vertex -26.1734 23.3 10.2998
    endloop
  endfacet
  facet normal 0.514109 0 -0.857725
    outer loop
      vertex 83.2998 23.3 0.826551
      vertex 83.889 27.3 1.17971
      vertex 83.889 23.3 1.17971
    endloop
  endfacet
  facet normal 0.514109 0 -0.857725
    outer loop
      vertex 83.889 27.3 1.17971
      vertex 83.2998 23.3 0.826551
      vertex 83.2998 27.3 0.826551
    endloop
  endfacet
  facet normal -0.595659 0 0.803237
    outer loop
      vertex -24.4408 27.3 12.4111
      vertex -23.889 23.3 12.8203
      vertex -23.889 27.3 12.8203
    endloop
  endfacet
  facet normal -0.595659 0 0.803237
    outer loop
      vertex -23.889 23.3 12.8203
      vertex -24.4408 27.3 12.4111
      vertex -24.4408 23.3 12.4111
    endloop
  endfacet
  facet normal -0.242947 0 0.97004
    outer loop
      vertex -22.032 27.3 13.6986
      vertex -21.3656 23.3 13.8655
      vertex -21.3656 27.3 13.8655
    endloop
  endfacet
  facet normal -0.242947 0 0.97004
    outer loop
      vertex -21.3656 23.3 13.8655
      vertex -22.032 27.3 13.6986
      vertex -22.032 23.3 13.6986
    endloop
  endfacet
  facet normal -0.903939 0 -0.427661
    outer loop
      vertex -26.1734 23.3 3.70022
      vertex -26.4672 27.3 4.32122
      vertex -26.1734 27.3 3.70022
    endloop
  endfacet
  facet normal -0.903939 -0 -0.427661
    outer loop
      vertex -26.4672 27.3 4.32122
      vertex -26.1734 23.3 3.70022
      vertex -26.4672 23.3 4.32122
    endloop
  endfacet
  facet normal 0 -1 0
    outer loop
      vertex 30 23.3 0
      vertex 1.37192 23.3 6.08331
      vertex 1.27547 23.3 5.95325
    endloop
  endfacet
  facet normal 0 -1 0
    outer loop
      vertex 30 23.3 0
      vertex 1.27547 23.3 5.95325
      vertex 1.16673 23.3 5.83327
    endloop
  endfacet
  facet normal 0 -1 0
    outer loop
      vertex 30 23.3 0
      vertex 1.16673 23.3 5.83327
      vertex 1.04675 23.3 5.72453
    endloop
  endfacet
  facet normal 0 -1 0
    outer loop
      vertex 30 23.3 0
      vertex 1.04675 23.3 5.72453
      vertex 0.916691 23.3 5.62808
    endloop
  endfacet
  facet normal 0 -1 0
    outer loop
      vertex 30 23.3 0
      vertex 0.916691 23.3 5.62808
      vertex 0.777804 23.3 5.54483
    endloop
  endfacet
  facet normal 0 -1 0
    outer loop
      vertex 30 23.3 0
      vertex 0.777804 23.3 5.54483
      vertex 0.631427 23.3 5.4756
    endloop
  endfacet
  facet normal 0 -1 0
    outer loop
      vertex 30 23.3 0
      vertex 0.631427 23.3 5.4756
      vertex 0.47897 23.3 5.42105
    endloop
  endfacet
  facet normal 0 -1 0
    outer loop
      vertex 30 23.3 0
      vertex 0.47897 23.3 5.42105
      vertex 0.321898 23.3 5.3817
    endloop
  endfacet
  facet normal 0 -1 0
    outer loop
      vertex 30 23.3 0
      vertex 0.321898 23.3 5.3817
      vertex 0.161728 23.3 5.35795
    endloop
  endfacet
  facet normal 0 -1 0
    outer loop
      vertex -20 23.3 0
      vertex 0.161728 23.3 5.35795
      vertex 0 23.3 5.35
    endloop
  endfacet
  facet normal 0 -1 -0
    outer loop
      vertex -0.161728 23.3 5.35795
      vertex -20 23.3 0
      vertex 0 23.3 5.35
    endloop
  endfacet
  facet normal 0 -1 0
    outer loop
      vertex -25.4111 23.3 2.55925
      vertex -21.7032 23.3 4.05
      vertex -25.8203 23.3 3.11101
    endloop
  endfacet
  facet normal 0 -1 0
    outer loop
      vertex -24.9497 23.3 2.05025
      vertex -21.7032 23.3 4.05
      vertex -25.4111 23.3 2.55925
    endloop
  endfacet
  facet normal 0 -1 0
    outer loop
      vertex -24.4408 23.3 1.58893
      vertex -21.7032 23.3 4.05
      vertex -24.9497 23.3 2.05025
    endloop
  endfacet
  facet normal 0 -1 0
    outer loop
      vertex -23.889 23.3 1.17971
      vertex -21.7032 23.3 4.05
      vertex -24.4408 23.3 1.58893
    endloop
  endfacet
  facet normal 0 -1 0
    outer loop
      vertex -23.2998 23.3 0.826551
      vertex -21.7032 23.3 4.05
      vertex -23.889 23.3 1.17971
    endloop
  endfacet
  facet normal 0 -1 0
    outer loop
      vertex -22.6788 23.3 0.532844
      vertex -21.7032 23.3 4.05
      vertex -23.2998 23.3 0.826551
    endloop
  endfacet
  facet normal 0 -1 0
    outer loop
      vertex -22.032 23.3 0.301418
      vertex -21.7032 23.3 4.05
      vertex -22.6788 23.3 0.532844
    endloop
  endfacet
  facet normal 0 -1 0
    outer loop
      vertex -21.3656 23.3 0.134503
      vertex -21.7032 23.3 4.05
      vertex -22.032 23.3 0.301418
    endloop
  endfacet
  facet normal 0 -1 0
    outer loop
      vertex -20.6861 23.3 0.0337076
      vertex -21.7032 23.3 4.05
      vertex -21.3656 23.3 0.134503
    endloop
  endfacet
  facet normal 0 -1 0
    outer loop
      vertex -20 23.3 0
      vertex -21.7032 23.3 4.05
      vertex -20.6861 23.3 0.0337076
    endloop
  endfacet
  facet normal 0 -1 0
    outer loop
      vertex -21.7032 23.3 4.05
      vertex -20 23.3 0
      vertex -18.2968 23.3 4.05
    endloop
  endfacet
  facet normal 0 -1 -0
    outer loop
      vertex 0.161728 23.3 5.35795
      vertex -20 23.3 0
      vertex 30 23.3 0
    endloop
  endfacet
  facet normal 0 -1 0
    outer loop
      vertex 1.37192 23.3 6.08331
      vertex 30 23.3 0
      vertex 30 23.3 6
    endloop
  endfacet
  facet normal 0 -1 -0
    outer loop
      vertex 80 23.3 14
      vertex 79.8432 23.3 8.59229
      vertex 80 23.3 8.6
    endloop
  endfacet
  facet normal 0 -1 0
    outer loop
      vertex 30 23.3 6
      vertex 0.321898 23.3 8.6183
      vertex 0.47897 23.3 8.57895
    endloop
  endfacet
  facet normal -0 -1 0
    outer loop
      vertex 78.5218 23.3 7.61229
      vertex 80 23.3 14
      vertex 40 23.3 6
    endloop
  endfacet
  facet normal 0 -1 0
    outer loop
      vertex 80 23.3 14
      vertex 79.6879 23.3 8.56926
      vertex 79.8432 23.3 8.59229
    endloop
  endfacet
  facet normal 0 -1 0
    outer loop
      vertex 30 23.3 6
      vertex 0.47897 23.3 8.57895
      vertex 0.631427 23.3 8.5244
    endloop
  endfacet
  facet normal 0 -1 0
    outer loop
      vertex 80 23.3 14
      vertex 79.5355 23.3 8.5311
      vertex 79.6879 23.3 8.56926
    endloop
  endfacet
  facet normal 0 -1 0
    outer loop
      vertex 30 23.3 6
      vertex 0.631427 23.3 8.5244
      vertex 0.777804 23.3 8.45517
    endloop
  endfacet
  facet normal 0 -1 0
    outer loop
      vertex 80 23.3 14
      vertex 79.3877 23.3 8.47821
      vertex 79.5355 23.3 8.5311
    endloop
  endfacet
  facet normal 0 -1 0
    outer loop
      vertex 30 23.3 6
      vertex 0.777804 23.3 8.45517
      vertex 0.916691 23.3 8.37192
    endloop
  endfacet
  facet normal 0 -1 0
    outer loop
      vertex 80 23.3 14
      vertex 79.2458 23.3 8.41107
      vertex 79.3877 23.3 8.47821
    endloop
  endfacet
  facet normal 0 -1 0
    outer loop
      vertex 30 23.3 6
      vertex 0.916691 23.3 8.37192
      vertex 1.04675 23.3 8.27547
    endloop
  endfacet
  facet normal 0 -1 0
    outer loop
      vertex 80 23.3 14
      vertex 79.1111 23.3 8.33035
      vertex 79.2458 23.3 8.41107
    endloop
  endfacet
  facet normal 0 -1 0
    outer loop
      vertex 30 23.3 6
      vertex 1.04675 23.3 8.27547
      vertex 1.16673 23.3 8.16673
    endloop
  endfacet
  facet normal 0 -1 0
    outer loop
      vertex 80 23.3 14
      vertex 78.985 23.3 8.23682
      vertex 79.1111 23.3 8.33035
    endloop
  endfacet
  facet normal 0 -1 0
    outer loop
      vertex 30 23.3 6
      vertex 1.16673 23.3 8.16673
      vertex 1.27547 23.3 8.04675
    endloop
  endfacet
  facet normal 0 -1 0
    outer loop
      vertex 80 23.3 14
      vertex 78.8686 23.3 8.13137
      vertex 78.985 23.3 8.23682
    endloop
  endfacet
  facet normal 0 -1 0
    outer loop
      vertex 30 23.3 6
      vertex 1.27547 23.3 8.04675
      vertex 1.37192 23.3 7.91669
    endloop
  endfacet
  facet normal 0 -1 0
    outer loop
      vertex 80 23.3 14
      vertex 78.7632 23.3 8.01503
      vertex 78.8686 23.3 8.13137
    endloop
  endfacet
  facet normal 0 -1 0
    outer loop
      vertex 30 23.3 6
      vertex 1.37192 23.3 7.91669
      vertex 1.45517 23.3 7.7778
    endloop
  endfacet
  facet normal 0 -1 0
    outer loop
      vertex 80 23.3 14
      vertex 78.6696 23.3 7.88891
      vertex 78.7632 23.3 8.01503
    endloop
  endfacet
  facet normal 0 -1 0
    outer loop
      vertex 30 23.3 6
      vertex 1.45517 23.3 7.7778
      vertex 1.5244 23.3 7.63143
    endloop
  endfacet
  facet normal 0 -1 0
    outer loop
      vertex 80 23.3 14
      vertex 78.5889 23.3 7.75423
      vertex 78.6696 23.3 7.88891
    endloop
  endfacet
  facet normal 0 -1 0
    outer loop
      vertex 30 23.3 6
      vertex 1.5244 23.3 7.63143
      vertex 1.57895 23.3 7.47897
    endloop
  endfacet
  facet normal 0 -1 0
    outer loop
      vertex 80 23.3 14
      vertex 78.5218 23.3 7.61229
      vertex 78.5889 23.3 7.75423
    endloop
  endfacet
  facet normal 0 -1 0
    outer loop
      vertex 30 23.3 6
      vertex 1.57895 23.3 7.47897
      vertex 1.6183 23.3 7.3219
    endloop
  endfacet
  facet normal 0 -1 0
    outer loop
      vertex 78.5218 23.3 7.61229
      vertex 40 23.3 6
      vertex 78.4689 23.3 7.46445
    endloop
  endfacet
  facet normal 0 -1 0
    outer loop
      vertex 30 23.3 6
      vertex 1.6183 23.3 7.3219
      vertex 1.64205 23.3 7.16173
    endloop
  endfacet
  facet normal 0 -1 0
    outer loop
      vertex 78.4689 23.3 7.46445
      vertex 40 23.3 6
      vertex 78.4307 23.3 7.31214
    endloop
  endfacet
  facet normal 0 -1 0
    outer loop
      vertex 30 23.3 6
      vertex 1.64205 23.3 7.16173
      vertex 1.65 23.3 7
    endloop
  endfacet
  facet normal 0 -1 0
    outer loop
      vertex 78.4307 23.3 7.31214
      vertex 40 23.3 6
      vertex 78.4077 23.3 7.15683
    endloop
  endfacet
  facet normal 0 -1 0
    outer loop
      vertex 78.4077 23.3 7.15683
      vertex 40 23.3 6
      vertex 78.4 23.3 7
    endloop
  endfacet
  facet normal 0 -1 0
    outer loop
      vertex 30 23.3 6
      vertex 1.65 23.3 7
      vertex 1.64205 23.3 6.83827
    endloop
  endfacet
  facet normal 0 -1 0
    outer loop
      vertex 80 23.3 14
      vertex 30 23.3 6
      vertex 40 23.3 6
    endloop
  endfacet
  facet normal 0 -1 0
    outer loop
      vertex 30 23.3 6
      vertex 1.64205 23.3 6.83827
      vertex 1.6183 23.3 6.6781
    endloop
  endfacet
  facet normal 0 -1 -0
    outer loop
      vertex 78.4 23.3 7
      vertex 40 23.3 6
      vertex 78.4077 23.3 6.84317
    endloop
  endfacet
  facet normal 0 -1 0
    outer loop
      vertex 30 23.3 6
      vertex 1.6183 23.3 6.6781
      vertex 1.57895 23.3 6.52103
    endloop
  endfacet
  facet normal 0 -1 -0
    outer loop
      vertex 78.4077 23.3 6.84317
      vertex 40 23.3 6
      vertex 78.4307 23.3 6.68786
    endloop
  endfacet
  facet normal 0 -1 0
    outer loop
      vertex 30 23.3 6
      vertex 1.57895 23.3 6.52103
      vertex 1.5244 23.3 6.36857
    endloop
  endfacet
  facet normal 0 -1 0
    outer loop
      vertex 40 23.3 0
      vertex 78.4307 23.3 6.68786
      vertex 40 23.3 6
    endloop
  endfacet
  facet normal 0 -1 0
    outer loop
      vertex 30 23.3 6
      vertex 1.5244 23.3 6.36857
      vertex 1.45517 23.3 6.2222
    endloop
  endfacet
  facet normal 0 -1 -0
    outer loop
      vertex 78.4307 23.3 6.68786
      vertex 40 23.3 0
      vertex 78.4689 23.3 6.53555
    endloop
  endfacet
  facet normal 0 -1 0
    outer loop
      vertex 30 23.3 6
      vertex 1.45517 23.3 6.2222
      vertex 1.37192 23.3 6.08331
    endloop
  endfacet
  facet normal 0 -1 -0
    outer loop
      vertex 78.4689 23.3 6.53555
      vertex 40 23.3 0
      vertex 78.5218 23.3 6.38771
    endloop
  endfacet
  facet normal 0 -1 0
    outer loop
      vertex 80 23.3 0
      vertex 78.5218 23.3 6.38771
      vertex 40 23.3 0
    endloop
  endfacet
  facet normal 0 -1 0
    outer loop
      vertex 78.5218 23.3 6.38771
      vertex 80 23.3 0
      vertex 78.5889 23.3 6.24577
    endloop
  endfacet
  facet normal 0 -1 0
    outer loop
      vertex 78.5889 23.3 6.24577
      vertex 80 23.3 0
      vertex 78.6696 23.3 6.11109
    endloop
  endfacet
  facet normal 0 -1 0
    outer loop
      vertex 78.6696 23.3 6.11109
      vertex 80 23.3 0
      vertex 78.7632 23.3 5.98497
    endloop
  endfacet
  facet normal 0 -1 0
    outer loop
      vertex 78.7632 23.3 5.98497
      vertex 80 23.3 0
      vertex 78.8686 23.3 5.86863
    endloop
  endfacet
  facet normal 0 -1 0
    outer loop
      vertex 78.8686 23.3 5.86863
      vertex 80 23.3 0
      vertex 78.985 23.3 5.76318
    endloop
  endfacet
  facet normal 0 -1 0
    outer loop
      vertex 78.985 23.3 5.76318
      vertex 80 23.3 0
      vertex 79.1111 23.3 5.66965
    endloop
  endfacet
  facet normal 0 -1 0
    outer loop
      vertex 79.1111 23.3 5.66965
      vertex 80 23.3 0
      vertex 79.2458 23.3 5.58893
    endloop
  endfacet
  facet normal 0 -1 0
    outer loop
      vertex 79.2458 23.3 5.58893
      vertex 80 23.3 0
      vertex 79.3877 23.3 5.52179
    endloop
  endfacet
  facet normal 0 -1 0
    outer loop
      vertex 79.3877 23.3 5.52179
      vertex 80 23.3 0
      vertex 79.5355 23.3 5.4689
    endloop
  endfacet
  facet normal 0 -1 0
    outer loop
      vertex 79.5355 23.3 5.4689
      vertex 80 23.3 0
      vertex 79.6879 23.3 5.43074
    endloop
  endfacet
  facet normal 0 -1 0
    outer loop
      vertex 79.6879 23.3 5.43074
      vertex 80 23.3 0
      vertex 79.8432 23.3 5.40771
    endloop
  endfacet
  facet normal -0 -1 0
    outer loop
      vertex 80.6861 23.3 0.0337076
      vertex 80 23.3 5.4
      vertex 80 23.3 0
    endloop
  endfacet
  facet normal 0 -1 0
    outer loop
      vertex 80 23.3 5.4
      vertex 86.4672 23.3 4.32122
      vertex 86.6986 23.3 4.96801
    endloop
  endfacet
  facet normal 0 -1 0
    outer loop
      vertex 80 23.3 5.4
      vertex 86.1734 23.3 3.70022
      vertex 86.4672 23.3 4.32122
    endloop
  endfacet
  facet normal 0 -1 0
    outer loop
      vertex 80 23.3 5.4
      vertex 85.8203 23.3 3.11101
      vertex 86.1734 23.3 3.70022
    endloop
  endfacet
  facet normal 0 -1 0
    outer loop
      vertex 80 23.3 5.4
      vertex 85.4111 23.3 2.55925
      vertex 85.8203 23.3 3.11101
    endloop
  endfacet
  facet normal 0 -1 0
    outer loop
      vertex 80 23.3 5.4
      vertex 84.9497 23.3 2.05025
      vertex 85.4111 23.3 2.55925
    endloop
  endfacet
  facet normal 0 -1 0
    outer loop
      vertex 80 23.3 5.4
      vertex 84.4408 23.3 1.58893
      vertex 84.9497 23.3 2.05025
    endloop
  endfacet
  facet normal 0 -1 0
    outer loop
      vertex 80 23.3 5.4
      vertex 83.889 23.3 1.17971
      vertex 84.4408 23.3 1.58893
    endloop
  endfacet
  facet normal 0 -1 0
    outer loop
      vertex 80 23.3 5.4
      vertex 83.2998 23.3 0.826551
      vertex 83.889 23.3 1.17971
    endloop
  endfacet
  facet normal 0 -1 0
    outer loop
      vertex 80 23.3 5.4
      vertex 82.6788 23.3 0.532844
      vertex 83.2998 23.3 0.826551
    endloop
  endfacet
  facet normal 0 -1 0
    outer loop
      vertex 80 23.3 5.4
      vertex 82.032 23.3 0.301418
      vertex 82.6788 23.3 0.532844
    endloop
  endfacet
  facet normal 0 -1 0
    outer loop
      vertex 80 23.3 5.4
      vertex 81.3656 23.3 0.134503
      vertex 82.032 23.3 0.301418
    endloop
  endfacet
  facet normal 0 -1 0
    outer loop
      vertex 79.8432 23.3 5.40771
      vertex 80 23.3 0
      vertex 80 23.3 5.4
    endloop
  endfacet
  facet normal 0 -1 0
    outer loop
      vertex 80 23.3 5.4
      vertex 80.6861 23.3 0.0337076
      vertex 81.3656 23.3 0.134503
    endloop
  endfacet
  facet normal 0 -1 0
    outer loop
      vertex -21.7032 23.3 9.95
      vertex -20 23.3 14
      vertex -20.6861 23.3 13.9663
    endloop
  endfacet
  facet normal 0 -1 0
    outer loop
      vertex 30 23.3 6
      vertex -20 23.3 14
      vertex 0.321898 23.3 8.6183
    endloop
  endfacet
  facet normal 0 -1 0
    outer loop
      vertex -21.7032 23.3 9.95
      vertex -20.6861 23.3 13.9663
      vertex -21.3656 23.3 13.8655
    endloop
  endfacet
  facet normal 0 -1 0
    outer loop
      vertex -20 23.3 14
      vertex 30 23.3 6
      vertex 80 23.3 14
    endloop
  endfacet
  facet normal 0 -1 0
    outer loop
      vertex -21.7032 23.3 9.95
      vertex -21.3656 23.3 13.8655
      vertex -22.032 23.3 13.6986
    endloop
  endfacet
  facet normal 0 -1 0
    outer loop
      vertex 80 23.3 14
      vertex 80 23.3 8.6
      vertex 80.6861 23.3 13.9663
    endloop
  endfacet
  facet normal 0 -1 0
    outer loop
      vertex -21.7032 23.3 9.95
      vertex -22.032 23.3 13.6986
      vertex -22.6788 23.3 13.4672
    endloop
  endfacet
  facet normal 0 -1 0
    outer loop
      vertex -20 23.3 14
      vertex 0.161728 23.3 8.64205
      vertex 0.321898 23.3 8.6183
    endloop
  endfacet
  facet normal 0 -1 0
    outer loop
      vertex -21.7032 23.3 9.95
      vertex -22.6788 23.3 13.4672
      vertex -23.2998 23.3 13.1734
    endloop
  endfacet
  facet normal 0 -1 0
    outer loop
      vertex 80.1568 23.3 8.59229
      vertex 80.6861 23.3 13.9663
      vertex 80 23.3 8.6
    endloop
  endfacet
  facet normal 0 -1 0
    outer loop
      vertex -21.7032 23.3 9.95
      vertex -23.2998 23.3 13.1734
      vertex -23.889 23.3 12.8203
    endloop
  endfacet
  facet normal 0 -1 -0
    outer loop
      vertex 80.6861 23.3 13.9663
      vertex 80.1568 23.3 8.59229
      vertex 81.3656 23.3 13.8655
    endloop
  endfacet
  facet normal 0 -1 0
    outer loop
      vertex -21.7032 23.3 9.95
      vertex -23.889 23.3 12.8203
      vertex -24.4408 23.3 12.4111
    endloop
  endfacet
  facet normal 0 -1 0
    outer loop
      vertex 80.3121 23.3 8.56926
      vertex 81.3656 23.3 13.8655
      vertex 80.1568 23.3 8.59229
    endloop
  endfacet
  facet normal 0 -1 0
    outer loop
      vertex -21.7032 23.3 9.95
      vertex -24.4408 23.3 12.4111
      vertex -24.9497 23.3 11.9497
    endloop
  endfacet
  facet normal 0 -1 -0
    outer loop
      vertex 81.3656 23.3 13.8655
      vertex 80.3121 23.3 8.56926
      vertex 82.032 23.3 13.6986
    endloop
  endfacet
  facet normal 0 -1 0
    outer loop
      vertex -21.7032 23.3 9.95
      vertex -24.9497 23.3 11.9497
      vertex -25.4111 23.3 11.4408
    endloop
  endfacet
  facet normal 0 -1 0
    outer loop
      vertex 80.4645 23.3 8.5311
      vertex 82.032 23.3 13.6986
      vertex 80.3121 23.3 8.56926
    endloop
  endfacet
  facet normal 0 -1 0
    outer loop
      vertex -21.7032 23.3 9.95
      vertex -25.4111 23.3 11.4408
      vertex -25.8203 23.3 10.889
    endloop
  endfacet
  facet normal 0 -1 -0
    outer loop
      vertex 82.032 23.3 13.6986
      vertex 80.4645 23.3 8.5311
      vertex 82.6788 23.3 13.4672
    endloop
  endfacet
  facet normal 0 -1 0
    outer loop
      vertex -21.7032 23.3 9.95
      vertex -25.8203 23.3 10.889
      vertex -26.1734 23.3 10.2998
    endloop
  endfacet
  facet normal 0 -1 0
    outer loop
      vertex -1.16673 23.3 8.16673
      vertex -20 23.3 14
      vertex -18.2968 23.3 9.95
    endloop
  endfacet
  facet normal 0 -1 -0
    outer loop
      vertex -20 23.3 14
      vertex -21.7032 23.3 9.95
      vertex -18.2968 23.3 9.95
    endloop
  endfacet
  facet normal 0 -1 0
    outer loop
      vertex -23.4064 23.3 7
      vertex -26.1734 23.3 10.2998
      vertex -26.4672 23.3 9.67878
    endloop
  endfacet
  facet normal 0 -1 0
    outer loop
      vertex -23.4064 23.3 7
      vertex -26.4672 23.3 9.67878
      vertex -26.6986 23.3 9.03199
    endloop
  endfacet
  facet normal 0 -1 0
    outer loop
      vertex -23.4064 23.3 7
      vertex -26.6986 23.3 9.03199
      vertex -26.8655 23.3 8.36563
    endloop
  endfacet
  facet normal 0 -1 0
    outer loop
      vertex -23.4064 23.3 7
      vertex -26.8655 23.3 8.36563
      vertex -26.9663 23.3 7.68612
    endloop
  endfacet
  facet normal 0 -1 0
    outer loop
      vertex -23.4064 23.3 7
      vertex -26.9663 23.3 7.68612
      vertex -27 23.3 7
    endloop
  endfacet
  facet normal 0 -1 0
    outer loop
      vertex -26.1734 23.3 10.2998
      vertex -23.4064 23.3 7
      vertex -21.7032 23.3 9.95
    endloop
  endfacet
  facet normal 0 -1 0
    outer loop
      vertex -26.9663 23.3 6.31388
      vertex -23.4064 23.3 7
      vertex -27 23.3 7
    endloop
  endfacet
  facet normal 0 -1 0
    outer loop
      vertex -26.8655 23.3 5.63437
      vertex -23.4064 23.3 7
      vertex -26.9663 23.3 6.31388
    endloop
  endfacet
  facet normal 0 -1 0
    outer loop
      vertex -26.6986 23.3 4.96801
      vertex -23.4064 23.3 7
      vertex -26.8655 23.3 5.63437
    endloop
  endfacet
  facet normal 0 -1 0
    outer loop
      vertex -26.4672 23.3 4.32122
      vertex -23.4064 23.3 7
      vertex -26.6986 23.3 4.96801
    endloop
  endfacet
  facet normal 0 -1 0
    outer loop
      vertex -26.1734 23.3 3.70022
      vertex -23.4064 23.3 7
      vertex -26.4672 23.3 4.32122
    endloop
  endfacet
  facet normal 0 -1 0
    outer loop
      vertex -25.8203 23.3 3.11101
      vertex -21.7032 23.3 4.05
      vertex -26.1734 23.3 3.70022
    endloop
  endfacet
  facet normal 0 -1 -0
    outer loop
      vertex -23.4064 23.3 7
      vertex -26.1734 23.3 3.70022
      vertex -21.7032 23.3 4.05
    endloop
  endfacet
  facet normal 0 -1 0
    outer loop
      vertex -20 23.3 14
      vertex 0 23.3 8.65
      vertex 0.161728 23.3 8.64205
    endloop
  endfacet
  facet normal 0 -1 0
    outer loop
      vertex 80.6123 23.3 8.47821
      vertex 82.6788 23.3 13.4672
      vertex 80.4645 23.3 8.5311
    endloop
  endfacet
  facet normal 0 -1 -0
    outer loop
      vertex 82.6788 23.3 13.4672
      vertex 80.6123 23.3 8.47821
      vertex 83.2998 23.3 13.1734
    endloop
  endfacet
  facet normal 0 -1 0
    outer loop
      vertex 80.7542 23.3 8.41107
      vertex 83.2998 23.3 13.1734
      vertex 80.6123 23.3 8.47821
    endloop
  endfacet
  facet normal 0 -1 0
    outer loop
      vertex -20 23.3 14
      vertex -0.161728 23.3 8.64205
      vertex 0 23.3 8.65
    endloop
  endfacet
  facet normal 0 -1 0
    outer loop
      vertex -20 23.3 14
      vertex -0.321898 23.3 8.6183
      vertex -0.161728 23.3 8.64205
    endloop
  endfacet
  facet normal 0 -1 0
    outer loop
      vertex -20 23.3 14
      vertex -0.47897 23.3 8.57895
      vertex -0.321898 23.3 8.6183
    endloop
  endfacet
  facet normal 0 -1 0
    outer loop
      vertex -20 23.3 14
      vertex -0.631427 23.3 8.5244
      vertex -0.47897 23.3 8.57895
    endloop
  endfacet
  facet normal 0 -1 0
    outer loop
      vertex -20 23.3 14
      vertex -0.777804 23.3 8.45517
      vertex -0.631427 23.3 8.5244
    endloop
  endfacet
  facet normal 0 -1 0
    outer loop
      vertex -20 23.3 14
      vertex -0.916691 23.3 8.37192
      vertex -0.777804 23.3 8.45517
    endloop
  endfacet
  facet normal 0 -1 0
    outer loop
      vertex -20 23.3 14
      vertex -1.04675 23.3 8.27547
      vertex -0.916691 23.3 8.37192
    endloop
  endfacet
  facet normal 0 -1 0
    outer loop
      vertex -20 23.3 14
      vertex -1.16673 23.3 8.16673
      vertex -1.04675 23.3 8.27547
    endloop
  endfacet
  facet normal 0 -1 0
    outer loop
      vertex -18.2968 23.3 9.95
      vertex -1.27547 23.3 8.04675
      vertex -1.16673 23.3 8.16673
    endloop
  endfacet
  facet normal 0 -1 0
    outer loop
      vertex -18.2968 23.3 9.95
      vertex -1.37192 23.3 7.91669
      vertex -1.27547 23.3 8.04675
    endloop
  endfacet
  facet normal 0 -1 0
    outer loop
      vertex -16.5936 23.3 7
      vertex -1.37192 23.3 7.91669
      vertex -18.2968 23.3 9.95
    endloop
  endfacet
  facet normal 0 -1 0
    outer loop
      vertex -1.37192 23.3 7.91669
      vertex -16.5936 23.3 7
      vertex -1.45517 23.3 7.7778
    endloop
  endfacet
  facet normal 0 -1 0
    outer loop
      vertex -1.45517 23.3 7.7778
      vertex -16.5936 23.3 7
      vertex -1.5244 23.3 7.63143
    endloop
  endfacet
  facet normal 0 -1 0
    outer loop
      vertex -1.5244 23.3 7.63143
      vertex -16.5936 23.3 7
      vertex -1.57895 23.3 7.47897
    endloop
  endfacet
  facet normal 0 -1 0
    outer loop
      vertex -1.57895 23.3 7.47897
      vertex -16.5936 23.3 7
      vertex -1.6183 23.3 7.3219
    endloop
  endfacet
  facet normal 0 -1 0
    outer loop
      vertex -1.6183 23.3 7.3219
      vertex -16.5936 23.3 7
      vertex -1.64205 23.3 7.16173
    endloop
  endfacet
  facet normal 0 -1 0
    outer loop
      vertex -16.5936 23.3 7
      vertex -1.65 23.3 7
      vertex -1.64205 23.3 7.16173
    endloop
  endfacet
  facet normal 0 -1 0
    outer loop
      vertex -16.5936 23.3 7
      vertex -1.64205 23.3 6.83827
      vertex -1.65 23.3 7
    endloop
  endfacet
  facet normal 0 -1 0
    outer loop
      vertex -16.5936 23.3 7
      vertex -1.6183 23.3 6.6781
      vertex -1.64205 23.3 6.83827
    endloop
  endfacet
  facet normal 0 -1 0
    outer loop
      vertex -16.5936 23.3 7
      vertex -1.57895 23.3 6.52103
      vertex -1.6183 23.3 6.6781
    endloop
  endfacet
  facet normal 0 -1 0
    outer loop
      vertex -16.5936 23.3 7
      vertex -1.5244 23.3 6.36857
      vertex -1.57895 23.3 6.52103
    endloop
  endfacet
  facet normal 0 -1 0
    outer loop
      vertex -16.5936 23.3 7
      vertex -1.45517 23.3 6.2222
      vertex -1.5244 23.3 6.36857
    endloop
  endfacet
  facet normal 0 -1 0
    outer loop
      vertex -16.5936 23.3 7
      vertex -1.37192 23.3 6.08331
      vertex -1.45517 23.3 6.2222
    endloop
  endfacet
  facet normal 0 -1 0
    outer loop
      vertex -18.2968 23.3 4.05
      vertex -1.37192 23.3 6.08331
      vertex -16.5936 23.3 7
    endloop
  endfacet
  facet normal 0 -1 -0
    outer loop
      vertex -1.37192 23.3 6.08331
      vertex -18.2968 23.3 4.05
      vertex -1.27547 23.3 5.95325
    endloop
  endfacet
  facet normal 0 -1 -0
    outer loop
      vertex -1.27547 23.3 5.95325
      vertex -18.2968 23.3 4.05
      vertex -1.16673 23.3 5.83327
    endloop
  endfacet
  facet normal 0 -1 0
    outer loop
      vertex -20 23.3 0
      vertex -1.16673 23.3 5.83327
      vertex -18.2968 23.3 4.05
    endloop
  endfacet
  facet normal 0 -1 -0
    outer loop
      vertex -1.16673 23.3 5.83327
      vertex -20 23.3 0
      vertex -1.04675 23.3 5.72453
    endloop
  endfacet
  facet normal 0 -1 -0
    outer loop
      vertex -1.04675 23.3 5.72453
      vertex -20 23.3 0
      vertex -0.916691 23.3 5.62808
    endloop
  endfacet
  facet normal 0 -1 -0
    outer loop
      vertex -0.916691 23.3 5.62808
      vertex -20 23.3 0
      vertex -0.777804 23.3 5.54483
    endloop
  endfacet
  facet normal 0 -1 -0
    outer loop
      vertex -0.777804 23.3 5.54483
      vertex -20 23.3 0
      vertex -0.631427 23.3 5.4756
    endloop
  endfacet
  facet normal 0 -1 -0
    outer loop
      vertex -0.631427 23.3 5.4756
      vertex -20 23.3 0
      vertex -0.47897 23.3 5.42105
    endloop
  endfacet
  facet normal 0 -1 -0
    outer loop
      vertex -0.321898 23.3 5.3817
      vertex -20 23.3 0
      vertex -0.161728 23.3 5.35795
    endloop
  endfacet
  facet normal 0 -1 -0
    outer loop
      vertex -0.47897 23.3 5.42105
      vertex -20 23.3 0
      vertex -0.321898 23.3 5.3817
    endloop
  endfacet
  facet normal 0 -1 0
    outer loop
      vertex 80.8889 23.3 8.33035
      vertex 83.889 23.3 12.8203
      vertex 80.7542 23.3 8.41107
    endloop
  endfacet
  facet normal 0 -1 -0
    outer loop
      vertex 83.2998 23.3 13.1734
      vertex 80.7542 23.3 8.41107
      vertex 83.889 23.3 12.8203
    endloop
  endfacet
  facet normal 0 -1 -0
    outer loop
      vertex 83.889 23.3 12.8203
      vertex 80.8889 23.3 8.33035
      vertex 84.4408 23.3 12.4111
    endloop
  endfacet
  facet normal 0 -1 0
    outer loop
      vertex 81.015 23.3 8.23682
      vertex 84.4408 23.3 12.4111
      vertex 80.8889 23.3 8.33035
    endloop
  endfacet
  facet normal 0 -1 -0
    outer loop
      vertex 84.4408 23.3 12.4111
      vertex 81.015 23.3 8.23682
      vertex 84.9497 23.3 11.9497
    endloop
  endfacet
  facet normal 0 -1 0
    outer loop
      vertex 81.1314 23.3 8.13137
      vertex 84.9497 23.3 11.9497
      vertex 81.015 23.3 8.23682
    endloop
  endfacet
  facet normal 0 -1 -0
    outer loop
      vertex 84.9497 23.3 11.9497
      vertex 81.1314 23.3 8.13137
      vertex 85.4111 23.3 11.4408
    endloop
  endfacet
  facet normal 0 -1 0
    outer loop
      vertex 81.2368 23.3 8.01503
      vertex 85.4111 23.3 11.4408
      vertex 81.1314 23.3 8.13137
    endloop
  endfacet
  facet normal 0 -1 -0
    outer loop
      vertex 85.4111 23.3 11.4408
      vertex 81.2368 23.3 8.01503
      vertex 85.8203 23.3 10.889
    endloop
  endfacet
  facet normal 0 -1 0
    outer loop
      vertex 81.3304 23.3 7.88891
      vertex 85.8203 23.3 10.889
      vertex 81.2368 23.3 8.01503
    endloop
  endfacet
  facet normal 0 -1 -0
    outer loop
      vertex 85.8203 23.3 10.889
      vertex 81.3304 23.3 7.88891
      vertex 86.1734 23.3 10.2998
    endloop
  endfacet
  facet normal 0 -1 0
    outer loop
      vertex 81.4111 23.3 7.75423
      vertex 86.1734 23.3 10.2998
      vertex 81.3304 23.3 7.88891
    endloop
  endfacet
  facet normal 0 -1 -0
    outer loop
      vertex 86.1734 23.3 10.2998
      vertex 81.4111 23.3 7.75423
      vertex 86.4672 23.3 9.67878
    endloop
  endfacet
  facet normal 0 -1 0
    outer loop
      vertex 81.4782 23.3 7.61229
      vertex 86.4672 23.3 9.67878
      vertex 81.4111 23.3 7.75423
    endloop
  endfacet
  facet normal 0 -1 -0
    outer loop
      vertex 86.4672 23.3 9.67878
      vertex 81.4782 23.3 7.61229
      vertex 86.6986 23.3 9.03199
    endloop
  endfacet
  facet normal 0 -1 0
    outer loop
      vertex 81.5311 23.3 7.46445
      vertex 86.6986 23.3 9.03199
      vertex 81.4782 23.3 7.61229
    endloop
  endfacet
  facet normal 0 -1 -0
    outer loop
      vertex 86.6986 23.3 9.03199
      vertex 81.5311 23.3 7.46445
      vertex 86.8655 23.3 8.36563
    endloop
  endfacet
  facet normal 0 -1 0
    outer loop
      vertex 81.5693 23.3 7.31214
      vertex 86.8655 23.3 8.36563
      vertex 81.5311 23.3 7.46445
    endloop
  endfacet
  facet normal 0 -1 -0
    outer loop
      vertex 86.8655 23.3 8.36563
      vertex 81.5693 23.3 7.31214
      vertex 86.9663 23.3 7.68612
    endloop
  endfacet
  facet normal 0 -1 0
    outer loop
      vertex 81.5923 23.3 7.15683
      vertex 86.9663 23.3 7.68612
      vertex 81.5693 23.3 7.31214
    endloop
  endfacet
  facet normal 0 -1 0
    outer loop
      vertex 81.6 23.3 7
      vertex 86.9663 23.3 7.68612
      vertex 81.5923 23.3 7.15683
    endloop
  endfacet
  facet normal 0 -1 0
    outer loop
      vertex 81.6 23.3 7
      vertex 87 23.3 7
      vertex 86.9663 23.3 7.68612
    endloop
  endfacet
  facet normal 0 -1 0
    outer loop
      vertex 81.5923 23.3 6.84317
      vertex 87 23.3 7
      vertex 81.6 23.3 7
    endloop
  endfacet
  facet normal 0 -1 0
    outer loop
      vertex 86.9663 23.3 6.31388
      vertex 81.5923 23.3 6.84317
      vertex 81.5693 23.3 6.68786
    endloop
  endfacet
  facet normal 0 -1 0
    outer loop
      vertex 86.8655 23.3 5.63437
      vertex 81.5693 23.3 6.68786
      vertex 81.5311 23.3 6.53555
    endloop
  endfacet
  facet normal 0 -1 0
    outer loop
      vertex 86.6986 23.3 4.96801
      vertex 81.5311 23.3 6.53555
      vertex 81.4782 23.3 6.38771
    endloop
  endfacet
  facet normal 0 -1 0
    outer loop
      vertex 81.5923 23.3 6.84317
      vertex 86.9663 23.3 6.31388
      vertex 87 23.3 7
    endloop
  endfacet
  facet normal 0 -1 0
    outer loop
      vertex 86.6986 23.3 4.96801
      vertex 81.4782 23.3 6.38771
      vertex 81.4111 23.3 6.24577
    endloop
  endfacet
  facet normal 0 -1 0
    outer loop
      vertex 86.6986 23.3 4.96801
      vertex 81.4111 23.3 6.24577
      vertex 81.3304 23.3 6.11109
    endloop
  endfacet
  facet normal 0 -1 0
    outer loop
      vertex 86.6986 23.3 4.96801
      vertex 81.3304 23.3 6.11109
      vertex 81.2368 23.3 5.98497
    endloop
  endfacet
  facet normal 0 -1 0
    outer loop
      vertex 86.6986 23.3 4.96801
      vertex 81.2368 23.3 5.98497
      vertex 81.1314 23.3 5.86863
    endloop
  endfacet
  facet normal 0 -1 0
    outer loop
      vertex 86.6986 23.3 4.96801
      vertex 81.1314 23.3 5.86863
      vertex 81.015 23.3 5.76318
    endloop
  endfacet
  facet normal 0 -1 0
    outer loop
      vertex 86.6986 23.3 4.96801
      vertex 81.015 23.3 5.76318
      vertex 80.8889 23.3 5.66965
    endloop
  endfacet
  facet normal 0 -1 0
    outer loop
      vertex 81.5693 23.3 6.68786
      vertex 86.8655 23.3 5.63437
      vertex 86.9663 23.3 6.31388
    endloop
  endfacet
  facet normal 0 -1 0
    outer loop
      vertex 86.6986 23.3 4.96801
      vertex 80.8889 23.3 5.66965
      vertex 80.7542 23.3 5.58893
    endloop
  endfacet
  facet normal 0 -1 0
    outer loop
      vertex 86.6986 23.3 4.96801
      vertex 80.7542 23.3 5.58893
      vertex 80.6123 23.3 5.52179
    endloop
  endfacet
  facet normal 0 -1 0
    outer loop
      vertex 86.6986 23.3 4.96801
      vertex 80.6123 23.3 5.52179
      vertex 80.4645 23.3 5.4689
    endloop
  endfacet
  facet normal 0 -1 0
    outer loop
      vertex 86.6986 23.3 4.96801
      vertex 80.4645 23.3 5.4689
      vertex 80.3121 23.3 5.43074
    endloop
  endfacet
  facet normal 0 -1 0
    outer loop
      vertex 86.6986 23.3 4.96801
      vertex 80.3121 23.3 5.43074
      vertex 80.1568 23.3 5.40771
    endloop
  endfacet
  facet normal 0 -1 0
    outer loop
      vertex 86.6986 23.3 4.96801
      vertex 80.1568 23.3 5.40771
      vertex 80 23.3 5.4
    endloop
  endfacet
  facet normal 0 -1 0
    outer loop
      vertex 81.5311 23.3 6.53555
      vertex 86.6986 23.3 4.96801
      vertex 86.8655 23.3 5.63437
    endloop
  endfacet
  facet normal 0.970036 -0 0.24296
    outer loop
      vertex 86.6986 23.3 9.03199
      vertex 86.8655 27.3 8.36563
      vertex 86.6986 27.3 9.03199
    endloop
  endfacet
  facet normal 0.970036 0 0.24296
    outer loop
      vertex 86.8655 27.3 8.36563
      vertex 86.6986 23.3 9.03199
      vertex 86.8655 23.3 8.36563
    endloop
  endfacet
  facet normal 0.941556 0 -0.336857
    outer loop
      vertex 86.6986 23.3 4.96801
      vertex 86.4672 27.3 4.32122
      vertex 86.6986 27.3 4.96801
    endloop
  endfacet
  facet normal 0.941556 0 -0.336857
    outer loop
      vertex 86.4672 27.3 4.32122
      vertex 86.6986 23.3 4.96801
      vertex 86.4672 23.3 4.32122
    endloop
  endfacet
  facet normal 0.740901 0 -0.671614
    outer loop
      vertex 85.4111 23.3 2.55925
      vertex 84.9497 27.3 2.05025
      vertex 85.4111 27.3 2.55925
    endloop
  endfacet
  facet normal 0.740901 0 -0.671614
    outer loop
      vertex 84.9497 27.3 2.05025
      vertex 85.4111 23.3 2.55925
      vertex 84.9497 23.3 2.05025
    endloop
  endfacet
  facet normal -0.941556 0 -0.336857
    outer loop
      vertex -26.4672 23.3 4.32122
      vertex -26.6986 27.3 4.96801
      vertex -26.4672 27.3 4.32122
    endloop
  endfacet
  facet normal -0.941556 -0 -0.336857
    outer loop
      vertex -26.6986 27.3 4.96801
      vertex -26.4672 23.3 4.32122
      vertex -26.6986 23.3 4.96801
    endloop
  endfacet
  facet normal 0.989176 0 -0.146736
    outer loop
      vertex 86.9663 23.3 6.31388
      vertex 86.8655 27.3 5.63437
      vertex 86.9663 27.3 6.31388
    endloop
  endfacet
  facet normal 0.989176 0 -0.146736
    outer loop
      vertex 86.8655 27.3 5.63437
      vertex 86.9663 23.3 6.31388
      vertex 86.8655 23.3 5.63437
    endloop
  endfacet
  facet normal 0.0490591 0 0.998796
    outer loop
      vertex 80 27.3 14
      vertex 80.6861 23.3 13.9663
      vertex 80.6861 27.3 13.9663
    endloop
  endfacet
  facet normal 0.0490591 0 0.998796
    outer loop
      vertex 80.6861 23.3 13.9663
      vertex 80 27.3 14
      vertex 80 23.3 14
    endloop
  endfacet
  facet normal -0.803217 0 -0.595687
    outer loop
      vertex -25.4111 23.3 2.55925
      vertex -25.8203 27.3 3.11101
      vertex -25.4111 27.3 2.55925
    endloop
  endfacet
  facet normal -0.803217 -0 -0.595687
    outer loop
      vertex -25.8203 27.3 3.11101
      vertex -25.4111 23.3 2.55925
      vertex -25.8203 23.3 3.11101
    endloop
  endfacet
  facet normal 0.42755 0 -0.903992
    outer loop
      vertex 82.6788 23.3 0.532844
      vertex 83.2998 27.3 0.826551
      vertex 83.2998 23.3 0.826551
    endloop
  endfacet
  facet normal 0.42755 0 -0.903992
    outer loop
      vertex 83.2998 27.3 0.826551
      vertex 82.6788 23.3 0.532844
      vertex 82.6788 27.3 0.532844
    endloop
  endfacet
  facet normal -0.0490701 0 -0.998795
    outer loop
      vertex -20.6861 23.3 0.0337076
      vertex -20 27.3 0
      vertex -20 23.3 0
    endloop
  endfacet
  facet normal -0.0490701 0 -0.998795
    outer loop
      vertex -20 27.3 0
      vertex -20.6861 23.3 0.0337076
      vertex -20.6861 27.3 0.0337076
    endloop
  endfacet
  facet normal 0.336853 0 0.941557
    outer loop
      vertex 82.032 27.3 13.6986
      vertex 82.6788 23.3 13.4672
      vertex 82.6788 27.3 13.4672
    endloop
  endfacet
  facet normal 0.336853 0 0.941557
    outer loop
      vertex 82.6788 23.3 13.4672
      vertex 82.032 27.3 13.6986
      vertex 82.032 23.3 13.6986
    endloop
  endfacet
  facet normal 0.336886 0 -0.941545
    outer loop
      vertex 82.032 23.3 0.301418
      vertex 82.6788 27.3 0.532844
      vertex 82.6788 23.3 0.532844
    endloop
  endfacet
  facet normal 0.336886 0 -0.941545
    outer loop
      vertex 82.6788 27.3 0.532844
      vertex 82.032 23.3 0.301418
      vertex 82.032 27.3 0.301418
    endloop
  endfacet
  facet normal 0.242947 0 0.97004
    outer loop
      vertex 81.3656 27.3 13.8655
      vertex 82.032 23.3 13.6986
      vertex 82.032 27.3 13.6986
    endloop
  endfacet
  facet normal 0.242947 0 0.97004
    outer loop
      vertex 82.032 23.3 13.6986
      vertex 81.3656 27.3 13.8655
      vertex 81.3656 23.3 13.8655
    endloop
  endfacet
  facet normal -0.671687 0 0.740835
    outer loop
      vertex -24.9497 27.3 11.9497
      vertex -24.4408 23.3 12.4111
      vertex -24.4408 27.3 12.4111
    endloop
  endfacet
  facet normal -0.671687 0 0.740835
    outer loop
      vertex -24.4408 23.3 12.4111
      vertex -24.9497 27.3 11.9497
      vertex -24.9497 23.3 11.9497
    endloop
  endfacet
  facet normal 0.242967 0 -0.970035
    outer loop
      vertex 81.3656 23.3 0.134503
      vertex 82.032 27.3 0.301418
      vertex 82.032 23.3 0.301418
    endloop
  endfacet
  facet normal 0.242967 0 -0.970035
    outer loop
      vertex 82.032 27.3 0.301418
      vertex 81.3656 23.3 0.134503
      vertex 81.3656 27.3 0.134503
    endloop
  endfacet
  facet normal 0.671687 0 0.740835
    outer loop
      vertex 84.4408 27.3 12.4111
      vertex 84.9497 23.3 11.9497
      vertex 84.9497 27.3 11.9497
    endloop
  endfacet
  facet normal 0.671687 0 0.740835
    outer loop
      vertex 84.9497 23.3 11.9497
      vertex 84.4408 27.3 12.4111
      vertex 84.4408 23.3 12.4111
    endloop
  endfacet
  facet normal 0.998796 0 -0.0490576
    outer loop
      vertex 87 23.3 7
      vertex 86.9663 27.3 6.31388
      vertex 87 27.3 7
    endloop
  endfacet
  facet normal 0.998796 0 -0.0490576
    outer loop
      vertex 86.9663 27.3 6.31388
      vertex 87 23.3 7
      vertex 86.9663 23.3 6.31388
    endloop
  endfacet
  facet normal 0.671623 0 -0.740893
    outer loop
      vertex 84.4408 23.3 1.58893
      vertex 84.9497 27.3 2.05025
      vertex 84.9497 23.3 2.05025
    endloop
  endfacet
  facet normal 0.671623 0 -0.740893
    outer loop
      vertex 84.9497 27.3 2.05025
      vertex 84.4408 23.3 1.58893
      vertex 84.4408 27.3 1.58893
    endloop
  endfacet
  facet normal -0.671623 0 -0.740893
    outer loop
      vertex -24.9497 23.3 2.05025
      vertex -24.4408 27.3 1.58893
      vertex -24.4408 23.3 1.58893
    endloop
  endfacet
  facet normal -0.671623 0 -0.740893
    outer loop
      vertex -24.4408 27.3 1.58893
      vertex -24.9497 23.3 2.05025
      vertex -24.9497 27.3 2.05025
    endloop
  endfacet
  facet normal 0.146732 0 -0.989176
    outer loop
      vertex 80.6861 23.3 0.0337076
      vertex 81.3656 27.3 0.134503
      vertex 81.3656 23.3 0.134503
    endloop
  endfacet
  facet normal 0.146732 0 -0.989176
    outer loop
      vertex 81.3656 27.3 0.134503
      vertex 80.6861 23.3 0.0337076
      vertex 80.6861 27.3 0.0337076
    endloop
  endfacet
  facet normal -0.595678 0 -0.803223
    outer loop
      vertex -24.4408 23.3 1.58893
      vertex -23.889 27.3 1.17971
      vertex -23.889 23.3 1.17971
    endloop
  endfacet
  facet normal -0.595678 0 -0.803223
    outer loop
      vertex -23.889 27.3 1.17971
      vertex -24.4408 23.3 1.58893
      vertex -24.4408 27.3 1.58893
    endloop
  endfacet
  facet normal -0.514046 0 0.857763
    outer loop
      vertex -23.889 27.3 12.8203
      vertex -23.2998 23.3 13.1734
      vertex -23.2998 27.3 13.1734
    endloop
  endfacet
  facet normal -0.514046 0 0.857763
    outer loop
      vertex -23.2998 23.3 13.1734
      vertex -23.889 27.3 12.8203
      vertex -23.889 23.3 12.8203
    endloop
  endfacet
  facet normal -0.146739 0 0.989175
    outer loop
      vertex -21.3656 27.3 13.8655
      vertex -20.6861 23.3 13.9663
      vertex -20.6861 27.3 13.9663
    endloop
  endfacet
  facet normal -0.146739 0 0.989175
    outer loop
      vertex -20.6861 23.3 13.9663
      vertex -21.3656 27.3 13.8655
      vertex -21.3656 23.3 13.8655
    endloop
  endfacet
  facet normal -0.0490591 0 0.998796
    outer loop
      vertex -20.6861 27.3 13.9663
      vertex -20 23.3 14
      vertex -20 27.3 14
    endloop
  endfacet
  facet normal -0.0490591 0 0.998796
    outer loop
      vertex -20 23.3 14
      vertex -20.6861 27.3 13.9663
      vertex -20.6861 23.3 13.9663
    endloop
  endfacet
  facet normal 0.857763 -0 0.514046
    outer loop
      vertex 85.8203 23.3 10.889
      vertex 86.1734 27.3 10.2998
      vertex 85.8203 27.3 10.889
    endloop
  endfacet
  facet normal 0.857763 0 0.514046
    outer loop
      vertex 86.1734 27.3 10.2998
      vertex 85.8203 23.3 10.889
      vertex 86.1734 23.3 10.2998
    endloop
  endfacet
  facet normal 0.803237 -0 0.595659
    outer loop
      vertex 85.4111 23.3 11.4408
      vertex 85.8203 27.3 10.889
      vertex 85.4111 27.3 11.4408
    endloop
  endfacet
  facet normal 0.803237 0 0.595659
    outer loop
      vertex 85.8203 27.3 10.889
      vertex 85.4111 23.3 11.4408
      vertex 85.8203 23.3 10.889
    endloop
  endfacet
  facet normal -0.740835 0 0.671687
    outer loop
      vertex -25.4111 23.3 11.4408
      vertex -24.9497 27.3 11.9497
      vertex -25.4111 27.3 11.4408
    endloop
  endfacet
  facet normal -0.740835 0 0.671687
    outer loop
      vertex -24.9497 27.3 11.9497
      vertex -25.4111 23.3 11.4408
      vertex -24.9497 23.3 11.9497
    endloop
  endfacet
  facet normal -0.970036 0 -0.24296
    outer loop
      vertex -26.6986 23.3 4.96801
      vertex -26.8655 27.3 5.63437
      vertex -26.6986 27.3 4.96801
    endloop
  endfacet
  facet normal -0.970036 -0 -0.24296
    outer loop
      vertex -26.8655 27.3 5.63437
      vertex -26.6986 23.3 4.96801
      vertex -26.8655 23.3 5.63437
    endloop
  endfacet
  facet normal -0.989176 0 -0.146736
    outer loop
      vertex -26.8655 23.3 5.63437
      vertex -26.9663 27.3 6.31388
      vertex -26.8655 27.3 5.63437
    endloop
  endfacet
  facet normal -0.989176 -0 -0.146736
    outer loop
      vertex -26.9663 27.3 6.31388
      vertex -26.8655 23.3 5.63437
      vertex -26.9663 23.3 6.31388
    endloop
  endfacet
  facet normal 0.903939 0 -0.427661
    outer loop
      vertex 86.4672 23.3 4.32122
      vertex 86.1734 27.3 3.70022
      vertex 86.4672 27.3 4.32122
    endloop
  endfacet
  facet normal 0.903939 0 -0.427661
    outer loop
      vertex 86.1734 27.3 3.70022
      vertex 86.4672 23.3 4.32122
      vertex 86.1734 23.3 3.70022
    endloop
  endfacet
  facet normal 0 1 0
    outer loop
      vertex -20 27.3 14
      vertex -19.8432 27.3 8.59229
      vertex -20 27.3 8.6
    endloop
  endfacet
  facet normal 0 1 -0
    outer loop
      vertex -0.631427 27.3 8.5244
      vertex -20 27.3 14
      vertex -0.47897 27.3 8.57895
    endloop
  endfacet
  facet normal 0 1 0
    outer loop
      vertex -20 27.3 14
      vertex -19.6879 27.3 8.56926
      vertex -19.8432 27.3 8.59229
    endloop
  endfacet
  facet normal 0 1 0
    outer loop
      vertex -20 27.3 14
      vertex -19.5355 27.3 8.5311
      vertex -19.6879 27.3 8.56926
    endloop
  endfacet
  facet normal 0 1 -0
    outer loop
      vertex -0.777804 27.3 8.45517
      vertex -20 27.3 14
      vertex -0.631427 27.3 8.5244
    endloop
  endfacet
  facet normal 0 1 0
    outer loop
      vertex -20 27.3 14
      vertex -19.3877 27.3 8.47821
      vertex -19.5355 27.3 8.5311
    endloop
  endfacet
  facet normal 0 1 -0
    outer loop
      vertex -0.916691 27.3 8.37192
      vertex -20 27.3 14
      vertex -0.777804 27.3 8.45517
    endloop
  endfacet
  facet normal 0 1 0
    outer loop
      vertex -20 27.3 14
      vertex -19.2458 27.3 8.41107
      vertex -19.3877 27.3 8.47821
    endloop
  endfacet
  facet normal 0 1 -0
    outer loop
      vertex -1.04675 27.3 8.27547
      vertex -20 27.3 14
      vertex -0.916691 27.3 8.37192
    endloop
  endfacet
  facet normal 0 1 0
    outer loop
      vertex -20 27.3 14
      vertex -19.1111 27.3 8.33035
      vertex -19.2458 27.3 8.41107
    endloop
  endfacet
  facet normal 0 1 -0
    outer loop
      vertex -1.16673 27.3 8.16673
      vertex -20 27.3 14
      vertex -1.04675 27.3 8.27547
    endloop
  endfacet
  facet normal 0 1 0
    outer loop
      vertex -20 27.3 14
      vertex -18.985 27.3 8.23682
      vertex -19.1111 27.3 8.33035
    endloop
  endfacet
  facet normal 0 1 -0
    outer loop
      vertex -1.27547 27.3 8.04675
      vertex -20 27.3 14
      vertex -1.16673 27.3 8.16673
    endloop
  endfacet
  facet normal 0 1 0
    outer loop
      vertex -20 27.3 14
      vertex -18.8686 27.3 8.13137
      vertex -18.985 27.3 8.23682
    endloop
  endfacet
  facet normal 0 1 -0
    outer loop
      vertex -1.37192 27.3 7.91669
      vertex -20 27.3 14
      vertex -1.27547 27.3 8.04675
    endloop
  endfacet
  facet normal 0 1 0
    outer loop
      vertex -20 27.3 14
      vertex -18.7632 27.3 8.01503
      vertex -18.8686 27.3 8.13137
    endloop
  endfacet
  facet normal 0 1 -0
    outer loop
      vertex -18.6696 27.3 7.88891
      vertex -20 27.3 14
      vertex -1.37192 27.3 7.91669
    endloop
  endfacet
  facet normal 0 1 0
    outer loop
      vertex -20 27.3 14
      vertex -18.6696 27.3 7.88891
      vertex -18.7632 27.3 8.01503
    endloop
  endfacet
  facet normal 0 1 -0
    outer loop
      vertex -1.45517 27.3 7.7778
      vertex -18.6696 27.3 7.88891
      vertex -1.37192 27.3 7.91669
    endloop
  endfacet
  facet normal 0 1 0
    outer loop
      vertex -1.45517 27.3 7.7778
      vertex -18.5889 27.3 7.75423
      vertex -18.6696 27.3 7.88891
    endloop
  endfacet
  facet normal 0 1 -0
    outer loop
      vertex -1.5244 27.3 7.63143
      vertex -18.5889 27.3 7.75423
      vertex -1.45517 27.3 7.7778
    endloop
  endfacet
  facet normal 0 1 0
    outer loop
      vertex -1.5244 27.3 7.63143
      vertex -18.5218 27.3 7.61229
      vertex -18.5889 27.3 7.75423
    endloop
  endfacet
  facet normal 0 1 -0
    outer loop
      vertex -1.57895 27.3 7.47897
      vertex -18.5218 27.3 7.61229
      vertex -1.5244 27.3 7.63143
    endloop
  endfacet
  facet normal 0 1 0
    outer loop
      vertex -1.57895 27.3 7.47897
      vertex -18.4689 27.3 7.46445
      vertex -18.5218 27.3 7.61229
    endloop
  endfacet
  facet normal 0 1 -0
    outer loop
      vertex -1.6183 27.3 7.3219
      vertex -18.4689 27.3 7.46445
      vertex -1.57895 27.3 7.47897
    endloop
  endfacet
  facet normal 0 1 0
    outer loop
      vertex -1.6183 27.3 7.3219
      vertex -18.4307 27.3 7.31214
      vertex -18.4689 27.3 7.46445
    endloop
  endfacet
  facet normal 0 1 -0
    outer loop
      vertex -1.64205 27.3 7.16173
      vertex -18.4307 27.3 7.31214
      vertex -1.6183 27.3 7.3219
    endloop
  endfacet
  facet normal 0 1 0
    outer loop
      vertex -1.64205 27.3 7.16173
      vertex -18.4077 27.3 7.15683
      vertex -18.4307 27.3 7.31214
    endloop
  endfacet
  facet normal 0 1 -0
    outer loop
      vertex -1.65 27.3 7
      vertex -18.4077 27.3 7.15683
      vertex -1.64205 27.3 7.16173
    endloop
  endfacet
  facet normal 0 1 0
    outer loop
      vertex -1.65 27.3 7
      vertex -18.4 27.3 7
      vertex -18.4077 27.3 7.15683
    endloop
  endfacet
  facet normal 0 1 0
    outer loop
      vertex -1.65 27.3 7
      vertex -18.4077 27.3 6.84317
      vertex -18.4 27.3 7
    endloop
  endfacet
  facet normal 0 1 0
    outer loop
      vertex -1.64205 27.3 6.83827
      vertex -18.4077 27.3 6.84317
      vertex -1.65 27.3 7
    endloop
  endfacet
  facet normal 0 1 0
    outer loop
      vertex -1.64205 27.3 6.83827
      vertex -18.4307 27.3 6.68786
      vertex -18.4077 27.3 6.84317
    endloop
  endfacet
  facet normal 0 1 0
    outer loop
      vertex -1.6183 27.3 6.6781
      vertex -18.4307 27.3 6.68786
      vertex -1.64205 27.3 6.83827
    endloop
  endfacet
  facet normal 0 1 0
    outer loop
      vertex -1.6183 27.3 6.6781
      vertex -18.4689 27.3 6.53555
      vertex -18.4307 27.3 6.68786
    endloop
  endfacet
  facet normal 0 1 0
    outer loop
      vertex -1.57895 27.3 6.52103
      vertex -18.4689 27.3 6.53555
      vertex -1.6183 27.3 6.6781
    endloop
  endfacet
  facet normal 0 1 0
    outer loop
      vertex -1.57895 27.3 6.52103
      vertex -18.5218 27.3 6.38771
      vertex -18.4689 27.3 6.53555
    endloop
  endfacet
  facet normal 0 1 0
    outer loop
      vertex -1.5244 27.3 6.36857
      vertex -18.5218 27.3 6.38771
      vertex -1.57895 27.3 6.52103
    endloop
  endfacet
  facet normal 0 1 0
    outer loop
      vertex -1.5244 27.3 6.36857
      vertex -18.5889 27.3 6.24577
      vertex -18.5218 27.3 6.38771
    endloop
  endfacet
  facet normal 0 1 0
    outer loop
      vertex -1.45517 27.3 6.2222
      vertex -18.5889 27.3 6.24577
      vertex -1.5244 27.3 6.36857
    endloop
  endfacet
  facet normal 0 1 0
    outer loop
      vertex -1.45517 27.3 6.2222
      vertex -18.6696 27.3 6.11109
      vertex -18.5889 27.3 6.24577
    endloop
  endfacet
  facet normal 0 1 0
    outer loop
      vertex -1.37192 27.3 6.08331
      vertex -18.6696 27.3 6.11109
      vertex -1.45517 27.3 6.2222
    endloop
  endfacet
  facet normal 0 1 0
    outer loop
      vertex -20 27.3 0
      vertex -18.6696 27.3 6.11109
      vertex -1.37192 27.3 6.08331
    endloop
  endfacet
  facet normal 0 1 0
    outer loop
      vertex -20 27.3 0
      vertex -1.37192 27.3 6.08331
      vertex -1.27547 27.3 5.95325
    endloop
  endfacet
  facet normal 0 1 0
    outer loop
      vertex -18.6696 27.3 6.11109
      vertex -20 27.3 0
      vertex -18.7632 27.3 5.98497
    endloop
  endfacet
  facet normal 0 1 0
    outer loop
      vertex -20 27.3 0
      vertex -1.27547 27.3 5.95325
      vertex -1.16673 27.3 5.83327
    endloop
  endfacet
  facet normal 0 1 0
    outer loop
      vertex -18.7632 27.3 5.98497
      vertex -20 27.3 0
      vertex -18.8686 27.3 5.86863
    endloop
  endfacet
  facet normal 0 1 0
    outer loop
      vertex -20 27.3 0
      vertex -1.16673 27.3 5.83327
      vertex -1.04675 27.3 5.72453
    endloop
  endfacet
  facet normal 0 1 0
    outer loop
      vertex -18.8686 27.3 5.86863
      vertex -20 27.3 0
      vertex -18.985 27.3 5.76318
    endloop
  endfacet
  facet normal 0 1 0
    outer loop
      vertex -20 27.3 0
      vertex -1.04675 27.3 5.72453
      vertex -0.916691 27.3 5.62808
    endloop
  endfacet
  facet normal 0 1 0
    outer loop
      vertex -18.985 27.3 5.76318
      vertex -20 27.3 0
      vertex -19.1111 27.3 5.66965
    endloop
  endfacet
  facet normal 0 1 0
    outer loop
      vertex -20 27.3 0
      vertex -0.916691 27.3 5.62808
      vertex -0.777804 27.3 5.54483
    endloop
  endfacet
  facet normal 0 1 0
    outer loop
      vertex -19.1111 27.3 5.66965
      vertex -20 27.3 0
      vertex -19.2458 27.3 5.58893
    endloop
  endfacet
  facet normal 0 1 0
    outer loop
      vertex -20 27.3 0
      vertex -0.777804 27.3 5.54483
      vertex -0.631427 27.3 5.4756
    endloop
  endfacet
  facet normal 0 1 0
    outer loop
      vertex -19.2458 27.3 5.58893
      vertex -20 27.3 0
      vertex -19.3877 27.3 5.52179
    endloop
  endfacet
  facet normal 0 1 0
    outer loop
      vertex -19.3877 27.3 5.52179
      vertex -20 27.3 0
      vertex -19.5355 27.3 5.4689
    endloop
  endfacet
  facet normal 0 1 0
    outer loop
      vertex -20 27.3 0
      vertex -0.631427 27.3 5.4756
      vertex -0.47897 27.3 5.42105
    endloop
  endfacet
  facet normal 0 1 0
    outer loop
      vertex -19.5355 27.3 5.4689
      vertex -20 27.3 0
      vertex -19.6879 27.3 5.43074
    endloop
  endfacet
  facet normal 0 1 0
    outer loop
      vertex -19.6879 27.3 5.43074
      vertex -20 27.3 0
      vertex -19.8432 27.3 5.40771
    endloop
  endfacet
  facet normal 0 1 0
    outer loop
      vertex -20 27.3 0
      vertex -0.47897 27.3 5.42105
      vertex -0.321898 27.3 5.3817
    endloop
  endfacet
  facet normal 0 1 0
    outer loop
      vertex 80 27.3 8.6
      vertex 80 27.3 14
      vertex 80.6861 27.3 13.9663
    endloop
  endfacet
  facet normal 0 1 0
    outer loop
      vertex 80 27.3 14
      vertex 0.321898 27.3 8.6183
      vertex -20 27.3 14
    endloop
  endfacet
  facet normal 0 1 0
    outer loop
      vertex 80.1568 27.3 8.59229
      vertex 80.6861 27.3 13.9663
      vertex 81.3656 27.3 13.8655
    endloop
  endfacet
  facet normal -0 1 -0
    outer loop
      vertex 0.161728 27.3 8.64205
      vertex -20 27.3 14
      vertex 0.321898 27.3 8.6183
    endloop
  endfacet
  facet normal 0 1 0
    outer loop
      vertex 80.3121 27.3 8.56926
      vertex 81.3656 27.3 13.8655
      vertex 82.032 27.3 13.6986
    endloop
  endfacet
  facet normal -0 1 -0
    outer loop
      vertex 0 27.3 8.65
      vertex -20 27.3 14
      vertex 0.161728 27.3 8.64205
    endloop
  endfacet
  facet normal 0 1 0
    outer loop
      vertex 80.4645 27.3 8.5311
      vertex 82.032 27.3 13.6986
      vertex 82.6788 27.3 13.4672
    endloop
  endfacet
  facet normal 0 1 -0
    outer loop
      vertex -0.161728 27.3 8.64205
      vertex -20 27.3 14
      vertex 0 27.3 8.65
    endloop
  endfacet
  facet normal 0 1 0
    outer loop
      vertex 80.6123 27.3 8.47821
      vertex 82.6788 27.3 13.4672
      vertex 83.2998 27.3 13.1734
    endloop
  endfacet
  facet normal 0 1 -0
    outer loop
      vertex -0.47897 27.3 8.57895
      vertex -20 27.3 14
      vertex -0.321898 27.3 8.6183
    endloop
  endfacet
  facet normal 0 1 0
    outer loop
      vertex 80.7542 27.3 8.41107
      vertex 83.2998 27.3 13.1734
      vertex 83.889 27.3 12.8203
    endloop
  endfacet
  facet normal 0 1 0
    outer loop
      vertex -20 27.3 14
      vertex -20 27.3 8.6
      vertex -20.6861 27.3 13.9663
    endloop
  endfacet
  facet normal 0 1 0
    outer loop
      vertex 80.8889 27.3 8.33035
      vertex 83.889 27.3 12.8203
      vertex 84.4408 27.3 12.4111
    endloop
  endfacet
  facet normal 0 1 -0
    outer loop
      vertex -20.1568 27.3 8.59229
      vertex -20.6861 27.3 13.9663
      vertex -20 27.3 8.6
    endloop
  endfacet
  facet normal 0 1 0
    outer loop
      vertex 81.015 27.3 8.23682
      vertex 84.4408 27.3 12.4111
      vertex 84.9497 27.3 11.9497
    endloop
  endfacet
  facet normal 0 1 0
    outer loop
      vertex -20.6861 27.3 13.9663
      vertex -20.1568 27.3 8.59229
      vertex -21.3656 27.3 13.8655
    endloop
  endfacet
  facet normal 0 1 0
    outer loop
      vertex 81.1314 27.3 8.13137
      vertex 84.9497 27.3 11.9497
      vertex 85.4111 27.3 11.4408
    endloop
  endfacet
  facet normal 0 1 -0
    outer loop
      vertex -20.3121 27.3 8.56926
      vertex -21.3656 27.3 13.8655
      vertex -20.1568 27.3 8.59229
    endloop
  endfacet
  facet normal 0 1 0
    outer loop
      vertex 81.2368 27.3 8.01503
      vertex 85.4111 27.3 11.4408
      vertex 85.8203 27.3 10.889
    endloop
  endfacet
  facet normal 0 1 0
    outer loop
      vertex -21.3656 27.3 13.8655
      vertex -20.3121 27.3 8.56926
      vertex -22.032 27.3 13.6986
    endloop
  endfacet
  facet normal 0 1 0
    outer loop
      vertex 81.3304 27.3 7.88891
      vertex 85.8203 27.3 10.889
      vertex 86.1734 27.3 10.2998
    endloop
  endfacet
  facet normal 0 1 -0
    outer loop
      vertex -20.4645 27.3 8.5311
      vertex -22.032 27.3 13.6986
      vertex -20.3121 27.3 8.56926
    endloop
  endfacet
  facet normal 0 1 0
    outer loop
      vertex 81.4111 27.3 7.75423
      vertex 86.1734 27.3 10.2998
      vertex 86.4672 27.3 9.67878
    endloop
  endfacet
  facet normal 0 1 -0
    outer loop
      vertex -20.6123 27.3 8.47821
      vertex -22.6788 27.3 13.4672
      vertex -20.4645 27.3 8.5311
    endloop
  endfacet
  facet normal 0 1 0
    outer loop
      vertex 81.4782 27.3 7.61229
      vertex 86.4672 27.3 9.67878
      vertex 86.6986 27.3 9.03199
    endloop
  endfacet
  facet normal 0 1 0
    outer loop
      vertex -22.6788 27.3 13.4672
      vertex -20.6123 27.3 8.47821
      vertex -23.2998 27.3 13.1734
    endloop
  endfacet
  facet normal 0 1 -0
    outer loop
      vertex -20.7542 27.3 8.41107
      vertex -23.2998 27.3 13.1734
      vertex -20.6123 27.3 8.47821
    endloop
  endfacet
  facet normal 0 1 0
    outer loop
      vertex -22.032 27.3 13.6986
      vertex -20.4645 27.3 8.5311
      vertex -22.6788 27.3 13.4672
    endloop
  endfacet
  facet normal 0 1 0
    outer loop
      vertex 80 27.3 14
      vertex 79.8432 27.3 8.59229
      vertex 79.6879 27.3 8.56926
    endloop
  endfacet
  facet normal 0 1 0
    outer loop
      vertex 80 27.3 14
      vertex 80 27.3 8.6
      vertex 79.8432 27.3 8.59229
    endloop
  endfacet
  facet normal 0 1 0
    outer loop
      vertex 80.6861 27.3 13.9663
      vertex 80.1568 27.3 8.59229
      vertex 80 27.3 8.6
    endloop
  endfacet
  facet normal 0 1 0
    outer loop
      vertex 81.3656 27.3 13.8655
      vertex 80.3121 27.3 8.56926
      vertex 80.1568 27.3 8.59229
    endloop
  endfacet
  facet normal 0 1 0
    outer loop
      vertex 82.032 27.3 13.6986
      vertex 80.4645 27.3 8.5311
      vertex 80.3121 27.3 8.56926
    endloop
  endfacet
  facet normal 0 1 0
    outer loop
      vertex 82.6788 27.3 13.4672
      vertex 80.6123 27.3 8.47821
      vertex 80.4645 27.3 8.5311
    endloop
  endfacet
  facet normal 0 1 0
    outer loop
      vertex 83.2998 27.3 13.1734
      vertex 80.7542 27.3 8.41107
      vertex 80.6123 27.3 8.47821
    endloop
  endfacet
  facet normal 0 1 0
    outer loop
      vertex 81.5311 27.3 7.46445
      vertex 86.6986 27.3 9.03199
      vertex 86.8655 27.3 8.36563
    endloop
  endfacet
  facet normal 0 1 0
    outer loop
      vertex 83.889 27.3 12.8203
      vertex 80.8889 27.3 8.33035
      vertex 80.7542 27.3 8.41107
    endloop
  endfacet
  facet normal 0 1 0
    outer loop
      vertex 84.4408 27.3 12.4111
      vertex 81.015 27.3 8.23682
      vertex 80.8889 27.3 8.33035
    endloop
  endfacet
  facet normal 0 1 0
    outer loop
      vertex 84.9497 27.3 11.9497
      vertex 81.1314 27.3 8.13137
      vertex 81.015 27.3 8.23682
    endloop
  endfacet
  facet normal 0 1 0
    outer loop
      vertex 85.4111 27.3 11.4408
      vertex 81.2368 27.3 8.01503
      vertex 81.1314 27.3 8.13137
    endloop
  endfacet
  facet normal 0 1 0
    outer loop
      vertex 85.8203 27.3 10.889
      vertex 81.3304 27.3 7.88891
      vertex 81.2368 27.3 8.01503
    endloop
  endfacet
  facet normal 0 1 0
    outer loop
      vertex 86.1734 27.3 10.2998
      vertex 81.4111 27.3 7.75423
      vertex 81.3304 27.3 7.88891
    endloop
  endfacet
  facet normal 0 1 0
    outer loop
      vertex 81.5693 27.3 7.31214
      vertex 86.8655 27.3 8.36563
      vertex 86.9663 27.3 7.68612
    endloop
  endfacet
  facet normal 0 1 0
    outer loop
      vertex 86.4672 27.3 9.67878
      vertex 81.4782 27.3 7.61229
      vertex 81.4111 27.3 7.75423
    endloop
  endfacet
  facet normal 0 1 0
    outer loop
      vertex 86.6986 27.3 9.03199
      vertex 81.5311 27.3 7.46445
      vertex 81.4782 27.3 7.61229
    endloop
  endfacet
  facet normal 0 1 0
    outer loop
      vertex 86.8655 27.3 8.36563
      vertex 81.5693 27.3 7.31214
      vertex 81.5311 27.3 7.46445
    endloop
  endfacet
  facet normal 0 1 0
    outer loop
      vertex 86.9663 27.3 7.68612
      vertex 81.5923 27.3 7.15683
      vertex 81.5693 27.3 7.31214
    endloop
  endfacet
  facet normal 0 1 0
    outer loop
      vertex 87 27.3 7
      vertex 81.5923 27.3 7.15683
      vertex 86.9663 27.3 7.68612
    endloop
  endfacet
  facet normal 0 1 0
    outer loop
      vertex 87 27.3 7
      vertex 81.6 27.3 7
      vertex 81.5923 27.3 7.15683
    endloop
  endfacet
  facet normal 0 1 0
    outer loop
      vertex 87 27.3 7
      vertex 81.5923 27.3 6.84317
      vertex 81.6 27.3 7
    endloop
  endfacet
  facet normal 0 1 -0
    outer loop
      vertex 86.9663 27.3 6.31388
      vertex 81.5923 27.3 6.84317
      vertex 87 27.3 7
    endloop
  endfacet
  facet normal 0 1 0
    outer loop
      vertex 81.5923 27.3 6.84317
      vertex 86.9663 27.3 6.31388
      vertex 81.5693 27.3 6.68786
    endloop
  endfacet
  facet normal 0 1 -0
    outer loop
      vertex 86.8655 27.3 5.63437
      vertex 81.5693 27.3 6.68786
      vertex 86.9663 27.3 6.31388
    endloop
  endfacet
  facet normal 0 1 0
    outer loop
      vertex 81.5693 27.3 6.68786
      vertex 86.8655 27.3 5.63437
      vertex 81.5311 27.3 6.53555
    endloop
  endfacet
  facet normal 0 1 -0
    outer loop
      vertex 86.6986 27.3 4.96801
      vertex 81.5311 27.3 6.53555
      vertex 86.8655 27.3 5.63437
    endloop
  endfacet
  facet normal 0 1 0
    outer loop
      vertex 81.5311 27.3 6.53555
      vertex 86.6986 27.3 4.96801
      vertex 81.4782 27.3 6.38771
    endloop
  endfacet
  facet normal 0 1 -0
    outer loop
      vertex 86.4672 27.3 4.32122
      vertex 81.4782 27.3 6.38771
      vertex 86.6986 27.3 4.96801
    endloop
  endfacet
  facet normal 0 1 0
    outer loop
      vertex 81.4782 27.3 6.38771
      vertex 86.4672 27.3 4.32122
      vertex 81.4111 27.3 6.24577
    endloop
  endfacet
  facet normal 0 1 -0
    outer loop
      vertex 86.1734 27.3 3.70022
      vertex 81.4111 27.3 6.24577
      vertex 86.4672 27.3 4.32122
    endloop
  endfacet
  facet normal 0 1 0
    outer loop
      vertex 81.4111 27.3 6.24577
      vertex 86.1734 27.3 3.70022
      vertex 81.3304 27.3 6.11109
    endloop
  endfacet
  facet normal 0 1 -0
    outer loop
      vertex 85.8203 27.3 3.11101
      vertex 81.3304 27.3 6.11109
      vertex 86.1734 27.3 3.70022
    endloop
  endfacet
  facet normal 0 1 0
    outer loop
      vertex 81.3304 27.3 6.11109
      vertex 85.8203 27.3 3.11101
      vertex 81.2368 27.3 5.98497
    endloop
  endfacet
  facet normal 0 1 -0
    outer loop
      vertex 85.4111 27.3 2.55925
      vertex 81.2368 27.3 5.98497
      vertex 85.8203 27.3 3.11101
    endloop
  endfacet
  facet normal 0 1 0
    outer loop
      vertex 81.2368 27.3 5.98497
      vertex 85.4111 27.3 2.55925
      vertex 81.1314 27.3 5.86863
    endloop
  endfacet
  facet normal 0 1 -0
    outer loop
      vertex 84.9497 27.3 2.05025
      vertex 81.1314 27.3 5.86863
      vertex 85.4111 27.3 2.55925
    endloop
  endfacet
  facet normal 0 1 0
    outer loop
      vertex 81.1314 27.3 5.86863
      vertex 84.9497 27.3 2.05025
      vertex 81.015 27.3 5.76318
    endloop
  endfacet
  facet normal 0 1 -0
    outer loop
      vertex 84.4408 27.3 1.58893
      vertex 81.015 27.3 5.76318
      vertex 84.9497 27.3 2.05025
    endloop
  endfacet
  facet normal 0 1 0
    outer loop
      vertex 79.8432 27.3 5.40771
      vertex 0.161728 27.3 5.35795
      vertex 0.321898 27.3 5.3817
    endloop
  endfacet
  facet normal 0 1 0
    outer loop
      vertex 79.8432 27.3 5.40771
      vertex 80 27.3 0
      vertex 0.161728 27.3 5.35795
    endloop
  endfacet
  facet normal 0 1 -0
    outer loop
      vertex 83.889 27.3 1.17971
      vertex 80.8889 27.3 5.66965
      vertex 84.4408 27.3 1.58893
    endloop
  endfacet
  facet normal 0 1 0
    outer loop
      vertex 81.015 27.3 5.76318
      vertex 84.4408 27.3 1.58893
      vertex 80.8889 27.3 5.66965
    endloop
  endfacet
  facet normal 0 1 -0
    outer loop
      vertex -20.8889 27.3 8.33035
      vertex -23.889 27.3 12.8203
      vertex -20.7542 27.3 8.41107
    endloop
  endfacet
  facet normal 0 1 0
    outer loop
      vertex -23.2998 27.3 13.1734
      vertex -20.7542 27.3 8.41107
      vertex -23.889 27.3 12.8203
    endloop
  endfacet
  facet normal 0 1 0
    outer loop
      vertex -23.889 27.3 12.8203
      vertex -20.8889 27.3 8.33035
      vertex -24.4408 27.3 12.4111
    endloop
  endfacet
  facet normal 0 1 -0
    outer loop
      vertex -21.015 27.3 8.23682
      vertex -24.4408 27.3 12.4111
      vertex -20.8889 27.3 8.33035
    endloop
  endfacet
  facet normal 0 1 0
    outer loop
      vertex -24.4408 27.3 12.4111
      vertex -21.015 27.3 8.23682
      vertex -24.9497 27.3 11.9497
    endloop
  endfacet
  facet normal 0 1 -0
    outer loop
      vertex -21.1314 27.3 8.13137
      vertex -24.9497 27.3 11.9497
      vertex -21.015 27.3 8.23682
    endloop
  endfacet
  facet normal 0 1 0
    outer loop
      vertex -24.9497 27.3 11.9497
      vertex -21.1314 27.3 8.13137
      vertex -25.4111 27.3 11.4408
    endloop
  endfacet
  facet normal 0 1 -0
    outer loop
      vertex -21.2368 27.3 8.01503
      vertex -25.4111 27.3 11.4408
      vertex -21.1314 27.3 8.13137
    endloop
  endfacet
  facet normal 0 1 0
    outer loop
      vertex -25.4111 27.3 11.4408
      vertex -21.2368 27.3 8.01503
      vertex -25.8203 27.3 10.889
    endloop
  endfacet
  facet normal 0 1 -0
    outer loop
      vertex -21.3304 27.3 7.88891
      vertex -25.8203 27.3 10.889
      vertex -21.2368 27.3 8.01503
    endloop
  endfacet
  facet normal 0 1 0
    outer loop
      vertex -25.8203 27.3 10.889
      vertex -21.3304 27.3 7.88891
      vertex -26.1734 27.3 10.2998
    endloop
  endfacet
  facet normal 0 1 -0
    outer loop
      vertex -21.4111 27.3 7.75423
      vertex -26.1734 27.3 10.2998
      vertex -21.3304 27.3 7.88891
    endloop
  endfacet
  facet normal 0 1 0
    outer loop
      vertex -26.1734 27.3 10.2998
      vertex -21.4111 27.3 7.75423
      vertex -26.4672 27.3 9.67878
    endloop
  endfacet
  facet normal 0 1 -0
    outer loop
      vertex -21.4782 27.3 7.61229
      vertex -26.4672 27.3 9.67878
      vertex -21.4111 27.3 7.75423
    endloop
  endfacet
  facet normal 0 1 0
    outer loop
      vertex -26.4672 27.3 9.67878
      vertex -21.4782 27.3 7.61229
      vertex -26.6986 27.3 9.03199
    endloop
  endfacet
  facet normal 0 1 -0
    outer loop
      vertex -21.5311 27.3 7.46445
      vertex -26.6986 27.3 9.03199
      vertex -21.4782 27.3 7.61229
    endloop
  endfacet
  facet normal 0 1 0
    outer loop
      vertex -26.6986 27.3 9.03199
      vertex -21.5311 27.3 7.46445
      vertex -26.8655 27.3 8.36563
    endloop
  endfacet
  facet normal 0 1 -0
    outer loop
      vertex -21.5693 27.3 7.31214
      vertex -26.8655 27.3 8.36563
      vertex -21.5311 27.3 7.46445
    endloop
  endfacet
  facet normal 0 1 0
    outer loop
      vertex -26.8655 27.3 8.36563
      vertex -21.5693 27.3 7.31214
      vertex -26.9663 27.3 7.68612
    endloop
  endfacet
  facet normal 0 1 -0
    outer loop
      vertex -21.5923 27.3 7.15683
      vertex -26.9663 27.3 7.68612
      vertex -21.5693 27.3 7.31214
    endloop
  endfacet
  facet normal 0 1 -0
    outer loop
      vertex -21.6 27.3 7
      vertex -26.9663 27.3 7.68612
      vertex -21.5923 27.3 7.15683
    endloop
  endfacet
  facet normal 0 1 0
    outer loop
      vertex -21.6 27.3 7
      vertex -27 27.3 7
      vertex -26.9663 27.3 7.68612
    endloop
  endfacet
  facet normal 0 1 0
    outer loop
      vertex -21.5923 27.3 6.84317
      vertex -27 27.3 7
      vertex -21.6 27.3 7
    endloop
  endfacet
  facet normal 0 1 0
    outer loop
      vertex -26.9663 27.3 6.31388
      vertex -21.5923 27.3 6.84317
      vertex -21.5693 27.3 6.68786
    endloop
  endfacet
  facet normal 0 1 0
    outer loop
      vertex -26.8655 27.3 5.63437
      vertex -21.5693 27.3 6.68786
      vertex -21.5311 27.3 6.53555
    endloop
  endfacet
  facet normal 0 1 0
    outer loop
      vertex -26.6986 27.3 4.96801
      vertex -21.5311 27.3 6.53555
      vertex -21.4782 27.3 6.38771
    endloop
  endfacet
  facet normal 0 1 0
    outer loop
      vertex -21.5923 27.3 6.84317
      vertex -26.9663 27.3 6.31388
      vertex -27 27.3 7
    endloop
  endfacet
  facet normal 0 1 0
    outer loop
      vertex -26.4672 27.3 4.32122
      vertex -21.4782 27.3 6.38771
      vertex -21.4111 27.3 6.24577
    endloop
  endfacet
  facet normal 0 1 0
    outer loop
      vertex -26.1734 27.3 3.70022
      vertex -21.4111 27.3 6.24577
      vertex -21.3304 27.3 6.11109
    endloop
  endfacet
  facet normal 0 1 0
    outer loop
      vertex -25.8203 27.3 3.11101
      vertex -21.3304 27.3 6.11109
      vertex -21.2368 27.3 5.98497
    endloop
  endfacet
  facet normal 0 1 0
    outer loop
      vertex -25.4111 27.3 2.55925
      vertex -21.2368 27.3 5.98497
      vertex -21.1314 27.3 5.86863
    endloop
  endfacet
  facet normal 0 1 0
    outer loop
      vertex -24.9497 27.3 2.05025
      vertex -21.1314 27.3 5.86863
      vertex -21.015 27.3 5.76318
    endloop
  endfacet
  facet normal 0 1 0
    outer loop
      vertex -24.4408 27.3 1.58893
      vertex -21.015 27.3 5.76318
      vertex -20.8889 27.3 5.66965
    endloop
  endfacet
  facet normal 0 1 0
    outer loop
      vertex -21.5693 27.3 6.68786
      vertex -26.8655 27.3 5.63437
      vertex -26.9663 27.3 6.31388
    endloop
  endfacet
  facet normal 0 1 0
    outer loop
      vertex -23.889 27.3 1.17971
      vertex -20.8889 27.3 5.66965
      vertex -20.7542 27.3 5.58893
    endloop
  endfacet
  facet normal 0 1 0
    outer loop
      vertex -23.2998 27.3 0.826551
      vertex -20.7542 27.3 5.58893
      vertex -20.6123 27.3 5.52179
    endloop
  endfacet
  facet normal 0 1 0
    outer loop
      vertex -22.6788 27.3 0.532844
      vertex -20.6123 27.3 5.52179
      vertex -20.4645 27.3 5.4689
    endloop
  endfacet
  facet normal 0 1 0
    outer loop
      vertex -22.032 27.3 0.301418
      vertex -20.4645 27.3 5.4689
      vertex -20.3121 27.3 5.43074
    endloop
  endfacet
  facet normal 0 1 0
    outer loop
      vertex -21.3656 27.3 0.134503
      vertex -20.3121 27.3 5.43074
      vertex -20.1568 27.3 5.40771
    endloop
  endfacet
  facet normal 0 1 0
    outer loop
      vertex -20.6861 27.3 0.0337076
      vertex -20.1568 27.3 5.40771
      vertex -20 27.3 5.4
    endloop
  endfacet
  facet normal 0 1 0
    outer loop
      vertex -20 27.3 0
      vertex -0.321898 27.3 5.3817
      vertex -0.161728 27.3 5.35795
    endloop
  endfacet
  facet normal 0 1 0
    outer loop
      vertex -20 27.3 0
      vertex -0.161728 27.3 5.35795
      vertex 0 27.3 5.35
    endloop
  endfacet
  facet normal 0 1 0
    outer loop
      vertex -20 27.3 0
      vertex 0.161728 27.3 5.35795
      vertex 80 27.3 0
    endloop
  endfacet
  facet normal 0 1 0
    outer loop
      vertex -21.5311 27.3 6.53555
      vertex -26.6986 27.3 4.96801
      vertex -26.8655 27.3 5.63437
    endloop
  endfacet
  facet normal 0 1 0
    outer loop
      vertex 0.161728 27.3 5.35795
      vertex -20 27.3 0
      vertex 0 27.3 5.35
    endloop
  endfacet
  facet normal 0 1 0
    outer loop
      vertex 80.8889 27.3 5.66965
      vertex 83.889 27.3 1.17971
      vertex 80.7542 27.3 5.58893
    endloop
  endfacet
  facet normal 0 1 0
    outer loop
      vertex -19.8432 27.3 5.40771
      vertex -20 27.3 0
      vertex -20 27.3 5.4
    endloop
  endfacet
  facet normal 0 1 -0
    outer loop
      vertex 83.2998 27.3 0.826551
      vertex 80.7542 27.3 5.58893
      vertex 83.889 27.3 1.17971
    endloop
  endfacet
  facet normal -0 1 0
    outer loop
      vertex -20.6861 27.3 0.0337076
      vertex -20 27.3 5.4
      vertex -20 27.3 0
    endloop
  endfacet
  facet normal 0 1 0
    outer loop
      vertex 80.7542 27.3 5.58893
      vertex 83.2998 27.3 0.826551
      vertex 80.6123 27.3 5.52179
    endloop
  endfacet
  facet normal 0 1 0
    outer loop
      vertex -21.4782 27.3 6.38771
      vertex -26.4672 27.3 4.32122
      vertex -26.6986 27.3 4.96801
    endloop
  endfacet
  facet normal 0 1 -0
    outer loop
      vertex 82.6788 27.3 0.532844
      vertex 80.6123 27.3 5.52179
      vertex 83.2998 27.3 0.826551
    endloop
  endfacet
  facet normal 0 1 0
    outer loop
      vertex -21.4111 27.3 6.24577
      vertex -26.1734 27.3 3.70022
      vertex -26.4672 27.3 4.32122
    endloop
  endfacet
  facet normal 0 1 0
    outer loop
      vertex 80.6123 27.3 5.52179
      vertex 82.6788 27.3 0.532844
      vertex 80.4645 27.3 5.4689
    endloop
  endfacet
  facet normal 0 1 0
    outer loop
      vertex -21.3304 27.3 6.11109
      vertex -25.8203 27.3 3.11101
      vertex -26.1734 27.3 3.70022
    endloop
  endfacet
  facet normal 0 1 -0
    outer loop
      vertex 82.032 27.3 0.301418
      vertex 80.4645 27.3 5.4689
      vertex 82.6788 27.3 0.532844
    endloop
  endfacet
  facet normal 0 1 0
    outer loop
      vertex -21.2368 27.3 5.98497
      vertex -25.4111 27.3 2.55925
      vertex -25.8203 27.3 3.11101
    endloop
  endfacet
  facet normal 0 1 0
    outer loop
      vertex 80.4645 27.3 5.4689
      vertex 82.032 27.3 0.301418
      vertex 80.3121 27.3 5.43074
    endloop
  endfacet
  facet normal 0 1 0
    outer loop
      vertex -21.1314 27.3 5.86863
      vertex -24.9497 27.3 2.05025
      vertex -25.4111 27.3 2.55925
    endloop
  endfacet
  facet normal 0 1 -0
    outer loop
      vertex 81.3656 27.3 0.134503
      vertex 80.3121 27.3 5.43074
      vertex 82.032 27.3 0.301418
    endloop
  endfacet
  facet normal 0 1 0
    outer loop
      vertex -21.015 27.3 5.76318
      vertex -24.4408 27.3 1.58893
      vertex -24.9497 27.3 2.05025
    endloop
  endfacet
  facet normal 0 1 0
    outer loop
      vertex 80.3121 27.3 5.43074
      vertex 81.3656 27.3 0.134503
      vertex 80.1568 27.3 5.40771
    endloop
  endfacet
  facet normal 0 1 0
    outer loop
      vertex -20.8889 27.3 5.66965
      vertex -23.889 27.3 1.17971
      vertex -24.4408 27.3 1.58893
    endloop
  endfacet
  facet normal 0 1 -0
    outer loop
      vertex 80.6861 27.3 0.0337076
      vertex 80.1568 27.3 5.40771
      vertex 81.3656 27.3 0.134503
    endloop
  endfacet
  facet normal 0 1 0
    outer loop
      vertex -20.7542 27.3 5.58893
      vertex -23.2998 27.3 0.826551
      vertex -23.889 27.3 1.17971
    endloop
  endfacet
  facet normal 0 1 0
    outer loop
      vertex 80.1568 27.3 5.40771
      vertex 80.6861 27.3 0.0337076
      vertex 80 27.3 5.4
    endloop
  endfacet
  facet normal 0 1 0
    outer loop
      vertex -20.6123 27.3 5.52179
      vertex -22.6788 27.3 0.532844
      vertex -23.2998 27.3 0.826551
    endloop
  endfacet
  facet normal 0 1 0
    outer loop
      vertex 80 27.3 5.4
      vertex 80.6861 27.3 0.0337076
      vertex 80 27.3 0
    endloop
  endfacet
  facet normal 0 1 0
    outer loop
      vertex -20.4645 27.3 5.4689
      vertex -22.032 27.3 0.301418
      vertex -22.6788 27.3 0.532844
    endloop
  endfacet
  facet normal 0 1 0
    outer loop
      vertex -20.3121 27.3 5.43074
      vertex -21.3656 27.3 0.134503
      vertex -22.032 27.3 0.301418
    endloop
  endfacet
  facet normal 0 1 0
    outer loop
      vertex -20.1568 27.3 5.40771
      vertex -20.6861 27.3 0.0337076
      vertex -21.3656 27.3 0.134503
    endloop
  endfacet
  facet normal 0 1 -0
    outer loop
      vertex -0.321898 27.3 8.6183
      vertex -20 27.3 14
      vertex -0.161728 27.3 8.64205
    endloop
  endfacet
  facet normal 0 1 0
    outer loop
      vertex 80 27.3 14
      vertex 79.6879 27.3 8.56926
      vertex 79.5355 27.3 8.5311
    endloop
  endfacet
  facet normal 0 1 0
    outer loop
      vertex 80 27.3 14
      vertex 0.47897 27.3 8.57895
      vertex 0.321898 27.3 8.6183
    endloop
  endfacet
  facet normal 0 1 0
    outer loop
      vertex 80 27.3 14
      vertex 79.5355 27.3 8.5311
      vertex 79.3877 27.3 8.47821
    endloop
  endfacet
  facet normal 0 1 0
    outer loop
      vertex 80 27.3 14
      vertex 0.631427 27.3 8.5244
      vertex 0.47897 27.3 8.57895
    endloop
  endfacet
  facet normal 0 1 0
    outer loop
      vertex 80 27.3 14
      vertex 79.3877 27.3 8.47821
      vertex 79.2458 27.3 8.41107
    endloop
  endfacet
  facet normal 0 1 0
    outer loop
      vertex 80 27.3 14
      vertex 0.777804 27.3 8.45517
      vertex 0.631427 27.3 8.5244
    endloop
  endfacet
  facet normal 0 1 0
    outer loop
      vertex 80 27.3 14
      vertex 79.2458 27.3 8.41107
      vertex 79.1111 27.3 8.33035
    endloop
  endfacet
  facet normal 0 1 0
    outer loop
      vertex 80 27.3 14
      vertex 0.916691 27.3 8.37192
      vertex 0.777804 27.3 8.45517
    endloop
  endfacet
  facet normal 0 1 0
    outer loop
      vertex 80 27.3 14
      vertex 79.1111 27.3 8.33035
      vertex 78.985 27.3 8.23682
    endloop
  endfacet
  facet normal 0 1 0
    outer loop
      vertex 80 27.3 14
      vertex 1.04675 27.3 8.27547
      vertex 0.916691 27.3 8.37192
    endloop
  endfacet
  facet normal 0 1 0
    outer loop
      vertex 80 27.3 14
      vertex 78.985 27.3 8.23682
      vertex 78.8686 27.3 8.13137
    endloop
  endfacet
  facet normal 0 1 0
    outer loop
      vertex 80 27.3 14
      vertex 1.16673 27.3 8.16673
      vertex 1.04675 27.3 8.27547
    endloop
  endfacet
  facet normal 0 1 0
    outer loop
      vertex 80 27.3 14
      vertex 78.8686 27.3 8.13137
      vertex 78.7632 27.3 8.01503
    endloop
  endfacet
  facet normal 0 1 0
    outer loop
      vertex 80 27.3 14
      vertex 1.27547 27.3 8.04675
      vertex 1.16673 27.3 8.16673
    endloop
  endfacet
  facet normal 0 1 0
    outer loop
      vertex 80 27.3 14
      vertex 78.7632 27.3 8.01503
      vertex 78.6696 27.3 7.88891
    endloop
  endfacet
  facet normal 0 1 0
    outer loop
      vertex 80 27.3 14
      vertex 1.37192 27.3 7.91669
      vertex 1.27547 27.3 8.04675
    endloop
  endfacet
  facet normal 0 1 0
    outer loop
      vertex 80 27.3 14
      vertex 78.6696 27.3 7.88891
      vertex 78.5889 27.3 7.75423
    endloop
  endfacet
  facet normal 0 1 0
    outer loop
      vertex 80 27.3 14
      vertex 1.45517 27.3 7.7778
      vertex 1.37192 27.3 7.91669
    endloop
  endfacet
  facet normal 0 1 0
    outer loop
      vertex 80 27.3 14
      vertex 78.5889 27.3 7.75423
      vertex 78.5218 27.3 7.61229
    endloop
  endfacet
  facet normal 0 1 0
    outer loop
      vertex 80 27.3 14
      vertex 1.5244 27.3 7.63143
      vertex 1.45517 27.3 7.7778
    endloop
  endfacet
  facet normal 0 1 0
    outer loop
      vertex 78.4689 27.3 7.46445
      vertex 80 27.3 14
      vertex 78.5218 27.3 7.61229
    endloop
  endfacet
  facet normal 0 1 0
    outer loop
      vertex 80 27.3 14
      vertex 1.57895 27.3 7.47897
      vertex 1.5244 27.3 7.63143
    endloop
  endfacet
  facet normal 0 1 0
    outer loop
      vertex 80 27.3 14
      vertex 78.4689 27.3 7.46445
      vertex 1.57895 27.3 7.47897
    endloop
  endfacet
  facet normal 0 1 0
    outer loop
      vertex 78.4689 27.3 7.46445
      vertex 1.6183 27.3 7.3219
      vertex 1.57895 27.3 7.47897
    endloop
  endfacet
  facet normal 0 1 -0
    outer loop
      vertex 78.4307 27.3 7.31214
      vertex 1.6183 27.3 7.3219
      vertex 78.4689 27.3 7.46445
    endloop
  endfacet
  facet normal 0 1 0
    outer loop
      vertex 78.4307 27.3 7.31214
      vertex 1.64205 27.3 7.16173
      vertex 1.6183 27.3 7.3219
    endloop
  endfacet
  facet normal 0 1 -0
    outer loop
      vertex 78.4077 27.3 7.15683
      vertex 1.64205 27.3 7.16173
      vertex 78.4307 27.3 7.31214
    endloop
  endfacet
  facet normal 0 1 -0
    outer loop
      vertex 78.4 27.3 7
      vertex 1.64205 27.3 7.16173
      vertex 78.4077 27.3 7.15683
    endloop
  endfacet
  facet normal 0 1 0
    outer loop
      vertex 78.4 27.3 7
      vertex 1.65 27.3 7
      vertex 1.64205 27.3 7.16173
    endloop
  endfacet
  facet normal 0 1 0
    outer loop
      vertex 78.4077 27.3 6.84317
      vertex 1.65 27.3 7
      vertex 78.4 27.3 7
    endloop
  endfacet
  facet normal 0 1 0
    outer loop
      vertex 78.4077 27.3 6.84317
      vertex 1.64205 27.3 6.83827
      vertex 1.65 27.3 7
    endloop
  endfacet
  facet normal 0 1 0
    outer loop
      vertex 78.4307 27.3 6.68786
      vertex 1.64205 27.3 6.83827
      vertex 78.4077 27.3 6.84317
    endloop
  endfacet
  facet normal 0 1 0
    outer loop
      vertex 78.4307 27.3 6.68786
      vertex 1.6183 27.3 6.6781
      vertex 1.64205 27.3 6.83827
    endloop
  endfacet
  facet normal 0 1 0
    outer loop
      vertex 78.4689 27.3 6.53555
      vertex 1.6183 27.3 6.6781
      vertex 78.4307 27.3 6.68786
    endloop
  endfacet
  facet normal 0 1 0
    outer loop
      vertex 78.4689 27.3 6.53555
      vertex 1.57895 27.3 6.52103
      vertex 1.6183 27.3 6.6781
    endloop
  endfacet
  facet normal 0 1 0
    outer loop
      vertex 78.5218 27.3 6.38771
      vertex 1.57895 27.3 6.52103
      vertex 78.4689 27.3 6.53555
    endloop
  endfacet
  facet normal 0 1 0
    outer loop
      vertex 78.5218 27.3 6.38771
      vertex 1.5244 27.3 6.36857
      vertex 1.57895 27.3 6.52103
    endloop
  endfacet
  facet normal 0 1 0
    outer loop
      vertex 78.5889 27.3 6.24577
      vertex 1.5244 27.3 6.36857
      vertex 78.5218 27.3 6.38771
    endloop
  endfacet
  facet normal 0 1 0
    outer loop
      vertex 78.5889 27.3 6.24577
      vertex 1.45517 27.3 6.2222
      vertex 1.5244 27.3 6.36857
    endloop
  endfacet
  facet normal 0 1 0
    outer loop
      vertex 78.6696 27.3 6.11109
      vertex 1.45517 27.3 6.2222
      vertex 78.5889 27.3 6.24577
    endloop
  endfacet
  facet normal 0 1 0
    outer loop
      vertex 78.6696 27.3 6.11109
      vertex 1.37192 27.3 6.08331
      vertex 1.45517 27.3 6.2222
    endloop
  endfacet
  facet normal 0 1 0
    outer loop
      vertex 78.7632 27.3 5.98497
      vertex 1.37192 27.3 6.08331
      vertex 78.6696 27.3 6.11109
    endloop
  endfacet
  facet normal 0 1 0
    outer loop
      vertex 78.7632 27.3 5.98497
      vertex 1.27547 27.3 5.95325
      vertex 1.37192 27.3 6.08331
    endloop
  endfacet
  facet normal 0 1 0
    outer loop
      vertex 78.8686 27.3 5.86863
      vertex 1.27547 27.3 5.95325
      vertex 78.7632 27.3 5.98497
    endloop
  endfacet
  facet normal 0 1 0
    outer loop
      vertex 78.8686 27.3 5.86863
      vertex 1.16673 27.3 5.83327
      vertex 1.27547 27.3 5.95325
    endloop
  endfacet
  facet normal 0 1 0
    outer loop
      vertex 78.985 27.3 5.76318
      vertex 1.16673 27.3 5.83327
      vertex 78.8686 27.3 5.86863
    endloop
  endfacet
  facet normal 0 1 0
    outer loop
      vertex 78.985 27.3 5.76318
      vertex 1.04675 27.3 5.72453
      vertex 1.16673 27.3 5.83327
    endloop
  endfacet
  facet normal 0 1 0
    outer loop
      vertex 79.1111 27.3 5.66965
      vertex 1.04675 27.3 5.72453
      vertex 78.985 27.3 5.76318
    endloop
  endfacet
  facet normal 0 1 0
    outer loop
      vertex 79.1111 27.3 5.66965
      vertex 0.916691 27.3 5.62808
      vertex 1.04675 27.3 5.72453
    endloop
  endfacet
  facet normal 0 1 0
    outer loop
      vertex 79.2458 27.3 5.58893
      vertex 0.916691 27.3 5.62808
      vertex 79.1111 27.3 5.66965
    endloop
  endfacet
  facet normal 0 1 0
    outer loop
      vertex 79.2458 27.3 5.58893
      vertex 0.777804 27.3 5.54483
      vertex 0.916691 27.3 5.62808
    endloop
  endfacet
  facet normal 0 1 0
    outer loop
      vertex 79.3877 27.3 5.52179
      vertex 0.777804 27.3 5.54483
      vertex 79.2458 27.3 5.58893
    endloop
  endfacet
  facet normal 0 1 0
    outer loop
      vertex 79.3877 27.3 5.52179
      vertex 0.631427 27.3 5.4756
      vertex 0.777804 27.3 5.54483
    endloop
  endfacet
  facet normal 0 1 0
    outer loop
      vertex 79.5355 27.3 5.4689
      vertex 0.631427 27.3 5.4756
      vertex 79.3877 27.3 5.52179
    endloop
  endfacet
  facet normal 0 1 0
    outer loop
      vertex 0.47897 27.3 5.42105
      vertex 79.5355 27.3 5.4689
      vertex 79.6879 27.3 5.43074
    endloop
  endfacet
  facet normal 0 1 0
    outer loop
      vertex 79.5355 27.3 5.4689
      vertex 0.47897 27.3 5.42105
      vertex 0.631427 27.3 5.4756
    endloop
  endfacet
  facet normal 0 1 0
    outer loop
      vertex 0.321898 27.3 5.3817
      vertex 79.6879 27.3 5.43074
      vertex 79.8432 27.3 5.40771
    endloop
  endfacet
  facet normal 0 1 -0
    outer loop
      vertex 80 27.3 0
      vertex 79.8432 27.3 5.40771
      vertex 80 27.3 5.4
    endloop
  endfacet
  facet normal 0 1 0
    outer loop
      vertex 79.6879 27.3 5.43074
      vertex 0.321898 27.3 5.3817
      vertex 0.47897 27.3 5.42105
    endloop
  endfacet
  facet normal -0.740901 0 -0.671614
    outer loop
      vertex -24.9497 23.3 2.05025
      vertex -25.4111 27.3 2.55925
      vertex -24.9497 27.3 2.05025
    endloop
  endfacet
  facet normal -0.740901 -0 -0.671614
    outer loop
      vertex -25.4111 27.3 2.55925
      vertex -24.9497 23.3 2.05025
      vertex -25.4111 23.3 2.55925
    endloop
  endfacet
  facet normal 0.0490701 0 -0.998795
    outer loop
      vertex 80 23.3 0
      vertex 80.6861 27.3 0.0337076
      vertex 80.6861 23.3 0.0337076
    endloop
  endfacet
  facet normal 0.0490701 0 -0.998795
    outer loop
      vertex 80.6861 27.3 0.0337076
      vertex 80 23.3 0
      vertex 80 27.3 0
    endloop
  endfacet
  facet normal 0.514046 0 0.857763
    outer loop
      vertex 83.2998 27.3 13.1734
      vertex 83.889 23.3 12.8203
      vertex 83.889 27.3 12.8203
    endloop
  endfacet
  facet normal 0.514046 0 0.857763
    outer loop
      vertex 83.889 23.3 12.8203
      vertex 83.2998 27.3 13.1734
      vertex 83.2998 23.3 13.1734
    endloop
  endfacet
  facet normal 0.595659 0 0.803237
    outer loop
      vertex 83.889 27.3 12.8203
      vertex 84.4408 23.3 12.4111
      vertex 84.4408 27.3 12.4111
    endloop
  endfacet
  facet normal 0.595659 0 0.803237
    outer loop
      vertex 84.4408 23.3 12.4111
      vertex 83.889 27.3 12.8203
      vertex 83.889 23.3 12.8203
    endloop
  endfacet
  facet normal -0.998796 0 0.0490576
    outer loop
      vertex -27 23.3 7
      vertex -26.9663 27.3 7.68612
      vertex -27 27.3 7
    endloop
  endfacet
  facet normal -0.998796 0 0.0490576
    outer loop
      vertex -26.9663 27.3 7.68612
      vertex -27 23.3 7
      vertex -26.9663 23.3 7.68612
    endloop
  endfacet
  facet normal -0.336886 0 -0.941545
    outer loop
      vertex -22.6788 23.3 0.532844
      vertex -22.032 27.3 0.301418
      vertex -22.032 23.3 0.301418
    endloop
  endfacet
  facet normal -0.336886 0 -0.941545
    outer loop
      vertex -22.032 27.3 0.301418
      vertex -22.6788 23.3 0.532844
      vertex -22.6788 27.3 0.532844
    endloop
  endfacet
  facet normal -0.970036 0 0.24296
    outer loop
      vertex -26.8655 23.3 8.36563
      vertex -26.6986 27.3 9.03199
      vertex -26.8655 27.3 8.36563
    endloop
  endfacet
  facet normal -0.970036 0 0.24296
    outer loop
      vertex -26.6986 27.3 9.03199
      vertex -26.8655 23.3 8.36563
      vertex -26.6986 23.3 9.03199
    endloop
  endfacet
  facet normal 0.146739 0 0.989175
    outer loop
      vertex 80.6861 27.3 13.9663
      vertex 81.3656 23.3 13.8655
      vertex 81.3656 27.3 13.8655
    endloop
  endfacet
  facet normal 0.146739 0 0.989175
    outer loop
      vertex 81.3656 23.3 13.8655
      vertex 80.6861 27.3 13.9663
      vertex 80.6861 23.3 13.9663
    endloop
  endfacet
  facet normal -0.857763 0 0.514046
    outer loop
      vertex -26.1734 23.3 10.2998
      vertex -25.8203 27.3 10.889
      vertex -26.1734 27.3 10.2998
    endloop
  endfacet
  facet normal -0.857763 0 0.514046
    outer loop
      vertex -25.8203 27.3 10.889
      vertex -26.1734 23.3 10.2998
      vertex -25.8203 23.3 10.889
    endloop
  endfacet
  facet normal -0.242967 0 -0.970035
    outer loop
      vertex -22.032 23.3 0.301418
      vertex -21.3656 27.3 0.134503
      vertex -21.3656 23.3 0.134503
    endloop
  endfacet
  facet normal -0.242967 0 -0.970035
    outer loop
      vertex -21.3656 27.3 0.134503
      vertex -22.032 23.3 0.301418
      vertex -22.032 27.3 0.301418
    endloop
  endfacet
  facet normal 0.427661 0 0.903939
    outer loop
      vertex 82.6788 27.3 13.4672
      vertex 83.2998 23.3 13.1734
      vertex 83.2998 27.3 13.1734
    endloop
  endfacet
  facet normal 0.427661 0 0.903939
    outer loop
      vertex 83.2998 23.3 13.1734
      vertex 82.6788 27.3 13.4672
      vertex 82.6788 23.3 13.4672
    endloop
  endfacet
  facet normal -0.941556 0 0.336857
    outer loop
      vertex -26.6986 23.3 9.03199
      vertex -26.4672 27.3 9.67878
      vertex -26.6986 27.3 9.03199
    endloop
  endfacet
  facet normal -0.941556 0 0.336857
    outer loop
      vertex -26.4672 27.3 9.67878
      vertex -26.6986 23.3 9.03199
      vertex -26.4672 23.3 9.67878
    endloop
  endfacet
  facet normal -0.514109 0 -0.857725
    outer loop
      vertex -23.889 23.3 1.17971
      vertex -23.2998 27.3 0.826551
      vertex -23.2998 23.3 0.826551
    endloop
  endfacet
  facet normal -0.514109 0 -0.857725
    outer loop
      vertex -23.2998 27.3 0.826551
      vertex -23.889 23.3 1.17971
      vertex -23.889 27.3 1.17971
    endloop
  endfacet
  facet normal -0.989176 0 0.146736
    outer loop
      vertex -26.9663 23.3 7.68612
      vertex -26.8655 27.3 8.36563
      vertex -26.9663 27.3 7.68612
    endloop
  endfacet
  facet normal -0.989176 0 0.146736
    outer loop
      vertex -26.8655 27.3 8.36563
      vertex -26.9663 23.3 7.68612
      vertex -26.8655 23.3 8.36563
    endloop
  endfacet
  facet normal 1 -0 0
    outer loop
      vertex 40 4 6
      vertex 40 23.3 0
      vertex 40 23.3 6
    endloop
  endfacet
  facet normal 1 0 0
    outer loop
      vertex 40 23.3 0
      vertex 40 4 6
      vertex 40 4 0
    endloop
  endfacet
  facet normal -1 0 0
    outer loop
      vertex 30 4 0
      vertex 30 23.3 6
      vertex 30 23.3 0
    endloop
  endfacet
  facet normal -1 -0 0
    outer loop
      vertex 30 23.3 6
      vertex 30 4 0
      vertex 30 4 6
    endloop
  endfacet
  facet normal -0 0 1
    outer loop
      vertex 30 23.3 6
      vertex 40 4 6
      vertex 40 23.3 6
    endloop
  endfacet
  facet normal 0 0 1
    outer loop
      vertex 40 4 6
      vertex 30 23.3 6
      vertex 30 4 6
    endloop
  endfacet
  facet normal -1 0 0
    outer loop
      vertex 24 0 9.5
      vertex 24 4 11.5
      vertex 24 4 9.5
    endloop
  endfacet
  facet normal -1 -0 0
    outer loop
      vertex 24 4 11.5
      vertex 24 0 9.5
      vertex 24 0 11.5
    endloop
  endfacet
  facet normal 1 -0 0
    outer loop
      vertex 20 0 11.5
      vertex 20 4 9.5
      vertex 20 4 11.5
    endloop
  endfacet
  facet normal 1 0 0
    outer loop
      vertex 20 4 9.5
      vertex 20 0 11.5
      vertex 20 0 9.5
    endloop
  endfacet
  facet normal -0 0 1
    outer loop
      vertex 20 4 9.5
      vertex 24 0 9.5
      vertex 24 4 9.5
    endloop
  endfacet
  facet normal 0 0 1
    outer loop
      vertex 24 0 9.5
      vertex 20 4 9.5
      vertex 20 0 9.5
    endloop
  endfacet
  facet normal 0 0 -1
    outer loop
      vertex 20 0 11.5
      vertex 24 4 11.5
      vertex 24 0 11.5
    endloop
  endfacet
  facet normal -0 0 -1
    outer loop
      vertex 24 4 11.5
      vertex 20 0 11.5
      vertex 20 4 11.5
    endloop
  endfacet
  facet normal -1 0 0
    outer loop
      vertex 24 0 2.5
      vertex 24 4 4.5
      vertex 24 4 2.5
    endloop
  endfacet
  facet normal -1 -0 0
    outer loop
      vertex 24 4 4.5
      vertex 24 0 2.5
      vertex 24 0 4.5
    endloop
  endfacet
  facet normal 1 -0 0
    outer loop
      vertex 20 0 4.5
      vertex 20 4 2.5
      vertex 20 4 4.5
    endloop
  endfacet
  facet normal 1 0 0
    outer loop
      vertex 20 4 2.5
      vertex 20 0 4.5
      vertex 20 0 2.5
    endloop
  endfacet
  facet normal -0 0 1
    outer loop
      vertex 20 4 2.5
      vertex 24 0 2.5
      vertex 24 4 2.5
    endloop
  endfacet
  facet normal 0 0 1
    outer loop
      vertex 24 0 2.5
      vertex 20 4 2.5
      vertex 20 0 2.5
    endloop
  endfacet
  facet normal 0 0 -1
    outer loop
      vertex 20 0 4.5
      vertex 24 4 4.5
      vertex 24 0 4.5
    endloop
  endfacet
  facet normal -0 0 -1
    outer loop
      vertex 24 4 4.5
      vertex 20 0 4.5
      vertex 20 4 4.5
    endloop
  endfacet
  facet normal -1 0 0
    outer loop
      vertex 57 0 9.5
      vertex 57 4 11.5
      vertex 57 4 9.5
    endloop
  endfacet
  facet normal -1 -0 0
    outer loop
      vertex 57 4 11.5
      vertex 57 0 9.5
      vertex 57 0 11.5
    endloop
  endfacet
  facet normal 1 -0 0
    outer loop
      vertex 53 0 11.5
      vertex 53 4 9.5
      vertex 53 4 11.5
    endloop
  endfacet
  facet normal 1 0 0
    outer loop
      vertex 53 4 9.5
      vertex 53 0 11.5
      vertex 53 0 9.5
    endloop
  endfacet
  facet normal -0 0 1
    outer loop
      vertex 53 4 9.5
      vertex 57 0 9.5
      vertex 57 4 9.5
    endloop
  endfacet
  facet normal 0 0 1
    outer loop
      vertex 57 0 9.5
      vertex 53 4 9.5
      vertex 53 0 9.5
    endloop
  endfacet
  facet normal 0 0 -1
    outer loop
      vertex 53 0 11.5
      vertex 57 4 11.5
      vertex 57 0 11.5
    endloop
  endfacet
  facet normal -0 0 -1
    outer loop
      vertex 57 4 11.5
      vertex 53 0 11.5
      vertex 53 4 11.5
    endloop
  endfacet
  facet normal -1 0 0
    outer loop
      vertex 57 0 2.5
      vertex 57 4 4.5
      vertex 57 4 2.5
    endloop
  endfacet
  facet normal -1 -0 0
    outer loop
      vertex 57 4 4.5
      vertex 57 0 2.5
      vertex 57 0 4.5
    endloop
  endfacet
  facet normal 1 -0 0
    outer loop
      vertex 53 0 4.5
      vertex 53 4 2.5
      vertex 53 4 4.5
    endloop
  endfacet
  facet normal 1 0 0
    outer loop
      vertex 53 4 2.5
      vertex 53 0 4.5
      vertex 53 0 2.5
    endloop
  endfacet
  facet normal -0 0 1
    outer loop
      vertex 53 4 2.5
      vertex 57 0 2.5
      vertex 57 4 2.5
    endloop
  endfacet
  facet normal 0 0 1
    outer loop
      vertex 57 0 2.5
      vertex 53 4 2.5
      vertex 53 0 2.5
    endloop
  endfacet
  facet normal 0 0 -1
    outer loop
      vertex 53 0 4.5
      vertex 57 4 4.5
      vertex 57 0 4.5
    endloop
  endfacet
  facet normal -0 0 -1
    outer loop
      vertex 57 4 4.5
      vertex 53 0 4.5
      vertex 53 4 4.5
    endloop
  endfacet
  facet normal -0.989185 0 0.146676
    outer loop
      vertex 1.6183 23.3 6.6781
      vertex 1.64205 27.3 6.83827
      vertex 1.6183 27.3 6.6781
    endloop
  endfacet
  facet normal -0.989185 0 0.146676
    outer loop
      vertex 1.64205 27.3 6.83827
      vertex 1.6183 23.3 6.6781
      vertex 1.64205 23.3 6.83827
    endloop
  endfacet
  facet normal -0.989185 0 0.146676
    outer loop
      vertex 1.6183 0 6.6781
      vertex 1.64205 4 6.83827
      vertex 1.6183 4 6.6781
    endloop
  endfacet
  facet normal -0.989185 0 0.146676
    outer loop
      vertex 1.64205 4 6.83827
      vertex 1.6183 0 6.6781
      vertex 1.64205 0 6.83827
    endloop
  endfacet
  facet normal -0.998794 0 0.0490967
    outer loop
      vertex 1.64205 23.3 6.83827
      vertex 1.65 27.3 7
      vertex 1.64205 27.3 6.83827
    endloop
  endfacet
  facet normal -0.998794 0 0.0490967
    outer loop
      vertex 1.65 27.3 7
      vertex 1.64205 23.3 6.83827
      vertex 1.65 23.3 7
    endloop
  endfacet
  facet normal -0.998794 0 0.0490967
    outer loop
      vertex 1.64205 0 6.83827
      vertex 1.65 4 7
      vertex 1.64205 4 6.83827
    endloop
  endfacet
  facet normal -0.998794 0 0.0490967
    outer loop
      vertex 1.65 4 7
      vertex 1.64205 0 6.83827
      vertex 1.65 0 7
    endloop
  endfacet
  facet normal -0.970022 0 0.243015
    outer loop
      vertex 1.57895 23.3 6.52103
      vertex 1.6183 27.3 6.6781
      vertex 1.57895 27.3 6.52103
    endloop
  endfacet
  facet normal -0.970022 0 0.243015
    outer loop
      vertex 1.6183 27.3 6.6781
      vertex 1.57895 23.3 6.52103
      vertex 1.6183 23.3 6.6781
    endloop
  endfacet
  facet normal -0.970022 0 0.243015
    outer loop
      vertex 1.57895 0 6.52103
      vertex 1.6183 4 6.6781
      vertex 1.57895 4 6.52103
    endloop
  endfacet
  facet normal -0.970022 0 0.243015
    outer loop
      vertex 1.6183 4 6.6781
      vertex 1.57895 0 6.52103
      vertex 1.6183 0 6.6781
    endloop
  endfacet
  facet normal -0.903984 0 0.427566
    outer loop
      vertex 1.45517 23.3 6.2222
      vertex 1.5244 27.3 6.36857
      vertex 1.45517 27.3 6.2222
    endloop
  endfacet
  facet normal -0.903984 0 0.427566
    outer loop
      vertex 1.5244 27.3 6.36857
      vertex 1.45517 23.3 6.2222
      vertex 1.5244 23.3 6.36857
    endloop
  endfacet
  facet normal -0.903984 0 0.427566
    outer loop
      vertex 1.45517 0 6.2222
      vertex 1.5244 4 6.36857
      vertex 1.45517 4 6.2222
    endloop
  endfacet
  facet normal -0.903984 0 0.427566
    outer loop
      vertex 1.5244 4 6.36857
      vertex 1.45517 0 6.2222
      vertex 1.5244 0 6.36857
    endloop
  endfacet
  facet normal -0.427549 0 -0.903992
    outer loop
      vertex 0.631427 23.3 8.5244
      vertex 0.777804 27.3 8.45517
      vertex 0.777804 23.3 8.45517
    endloop
  endfacet
  facet normal -0.427549 0 -0.903992
    outer loop
      vertex 0.777804 27.3 8.45517
      vertex 0.631427 23.3 8.5244
      vertex 0.631427 27.3 8.5244
    endloop
  endfacet
  facet normal -0.427549 0 -0.903992
    outer loop
      vertex 0.631427 0 8.5244
      vertex 0.777804 4 8.45517
      vertex 0.777804 0 8.45517
    endloop
  endfacet
  facet normal -0.427549 0 -0.903992
    outer loop
      vertex 0.777804 4 8.45517
      vertex 0.631427 0 8.5244
      vertex 0.631427 4 8.5244
    endloop
  endfacet
  facet normal -0.33689 0 -0.941544
    outer loop
      vertex 0.47897 23.3 8.57895
      vertex 0.631427 27.3 8.5244
      vertex 0.631427 23.3 8.5244
    endloop
  endfacet
  facet normal -0.33689 0 -0.941544
    outer loop
      vertex 0.631427 27.3 8.5244
      vertex 0.47897 23.3 8.57895
      vertex 0.47897 27.3 8.57895
    endloop
  endfacet
  facet normal -0.33689 0 -0.941544
    outer loop
      vertex 0.47897 0 8.57895
      vertex 0.631427 4 8.5244
      vertex 0.631427 0 8.5244
    endloop
  endfacet
  facet normal -0.33689 0 -0.941544
    outer loop
      vertex 0.631427 4 8.5244
      vertex 0.47897 0 8.57895
      vertex 0.47897 4 8.57895
    endloop
  endfacet
  facet normal -0.0490973 0 0.998794
    outer loop
      vertex 0 27.3 5.35
      vertex 0.161728 23.3 5.35795
      vertex 0.161728 27.3 5.35795
    endloop
  endfacet
  facet normal -0.0490973 0 0.998794
    outer loop
      vertex 0.161728 23.3 5.35795
      vertex 0 27.3 5.35
      vertex 0 23.3 5.35
    endloop
  endfacet
  facet normal -0.0490973 0 0.998794
    outer loop
      vertex 0 4 5.35
      vertex 0.161728 0 5.35795
      vertex 0.161728 4 5.35795
    endloop
  endfacet
  facet normal -0.0490973 0 0.998794
    outer loop
      vertex 0.161728 0 5.35795
      vertex 0 4 5.35
      vertex 0 0 5.35
    endloop
  endfacet
  facet normal -0.146676 0 -0.989185
    outer loop
      vertex 0.161728 23.3 8.64205
      vertex 0.321898 27.3 8.6183
      vertex 0.321898 23.3 8.6183
    endloop
  endfacet
  facet normal -0.146676 0 -0.989185
    outer loop
      vertex 0.321898 27.3 8.6183
      vertex 0.161728 23.3 8.64205
      vertex 0.161728 27.3 8.64205
    endloop
  endfacet
  facet normal -0.146676 0 -0.989185
    outer loop
      vertex 0.161728 0 8.64205
      vertex 0.321898 4 8.6183
      vertex 0.321898 0 8.6183
    endloop
  endfacet
  facet normal -0.146676 0 -0.989185
    outer loop
      vertex 0.321898 4 8.6183
      vertex 0.161728 0 8.64205
      vertex 0.161728 4 8.64205
    endloop
  endfacet
  facet normal 0.0490973 0 -0.998794
    outer loop
      vertex -0.161728 23.3 8.64205
      vertex 0 27.3 8.65
      vertex 0 23.3 8.65
    endloop
  endfacet
  facet normal 0.0490973 0 -0.998794
    outer loop
      vertex 0 27.3 8.65
      vertex -0.161728 23.3 8.64205
      vertex -0.161728 27.3 8.64205
    endloop
  endfacet
  facet normal 0.0490973 0 -0.998794
    outer loop
      vertex -0.161728 0 8.64205
      vertex 0 4 8.65
      vertex 0 0 8.65
    endloop
  endfacet
  facet normal 0.0490973 0 -0.998794
    outer loop
      vertex 0 4 8.65
      vertex -0.161728 0 8.64205
      vertex -0.161728 4 8.64205
    endloop
  endfacet
  facet normal 0.803234 -0 0.595663
    outer loop
      vertex -1.37192 23.3 6.08331
      vertex -1.27547 27.3 5.95325
      vertex -1.37192 27.3 6.08331
    endloop
  endfacet
  facet normal 0.803234 0 0.595663
    outer loop
      vertex -1.27547 27.3 5.95325
      vertex -1.37192 23.3 6.08331
      vertex -1.27547 23.3 5.95325
    endloop
  endfacet
  facet normal 0.803234 -0 0.595663
    outer loop
      vertex -1.37192 0 6.08331
      vertex -1.27547 4 5.95325
      vertex -1.37192 4 6.08331
    endloop
  endfacet
  facet normal 0.803234 0 0.595663
    outer loop
      vertex -1.27547 4 5.95325
      vertex -1.37192 0 6.08331
      vertex -1.27547 0 5.95325
    endloop
  endfacet
  facet normal 0.989185 -0 0.146676
    outer loop
      vertex -1.64205 23.3 6.83827
      vertex -1.6183 27.3 6.6781
      vertex -1.64205 27.3 6.83827
    endloop
  endfacet
  facet normal 0.989185 0 0.146676
    outer loop
      vertex -1.6183 27.3 6.6781
      vertex -1.64205 23.3 6.83827
      vertex -1.6183 23.3 6.6781
    endloop
  endfacet
  facet normal 0.989185 -0 0.146676
    outer loop
      vertex -1.64205 0 6.83827
      vertex -1.6183 4 6.6781
      vertex -1.64205 4 6.83827
    endloop
  endfacet
  facet normal 0.989185 0 0.146676
    outer loop
      vertex -1.6183 4 6.6781
      vertex -1.64205 0 6.83827
      vertex -1.6183 0 6.6781
    endloop
  endfacet
  facet normal 0.671547 0 -0.740962
    outer loop
      vertex -1.16673 23.3 8.16673
      vertex -1.04675 27.3 8.27547
      vertex -1.04675 23.3 8.27547
    endloop
  endfacet
  facet normal 0.671547 0 -0.740962
    outer loop
      vertex -1.04675 27.3 8.27547
      vertex -1.16673 23.3 8.16673
      vertex -1.16673 27.3 8.16673
    endloop
  endfacet
  facet normal 0.671547 0 -0.740962
    outer loop
      vertex -1.16673 0 8.16673
      vertex -1.04675 4 8.27547
      vertex -1.04675 0 8.27547
    endloop
  endfacet
  facet normal 0.671547 0 -0.740962
    outer loop
      vertex -1.04675 4 8.27547
      vertex -1.16673 0 8.16673
      vertex -1.16673 4 8.16673
    endloop
  endfacet
  facet normal -0.803234 0 0.595663
    outer loop
      vertex 1.27547 23.3 5.95325
      vertex 1.37192 27.3 6.08331
      vertex 1.27547 27.3 5.95325
    endloop
  endfacet
  facet normal -0.803234 0 0.595663
    outer loop
      vertex 1.37192 27.3 6.08331
      vertex 1.27547 23.3 5.95325
      vertex 1.37192 23.3 6.08331
    endloop
  endfacet
  facet normal -0.803234 0 0.595663
    outer loop
      vertex 1.27547 0 5.95325
      vertex 1.37192 4 6.08331
      vertex 1.27547 4 5.95325
    endloop
  endfacet
  facet normal -0.803234 0 0.595663
    outer loop
      vertex 1.37192 4 6.08331
      vertex 1.27547 0 5.95325
      vertex 1.37192 0 6.08331
    endloop
  endfacet
  facet normal -0.514122 0 -0.857717
    outer loop
      vertex 0.777804 23.3 8.45517
      vertex 0.916691 27.3 8.37192
      vertex 0.916691 23.3 8.37192
    endloop
  endfacet
  facet normal -0.514122 0 -0.857717
    outer loop
      vertex 0.916691 27.3 8.37192
      vertex 0.777804 23.3 8.45517
      vertex 0.777804 27.3 8.45517
    endloop
  endfacet
  facet normal -0.514122 0 -0.857717
    outer loop
      vertex 0.777804 0 8.45517
      vertex 0.916691 4 8.37192
      vertex 0.916691 0 8.37192
    endloop
  endfacet
  facet normal -0.514122 0 -0.857717
    outer loop
      vertex 0.916691 4 8.37192
      vertex 0.777804 0 8.45517
      vertex 0.777804 4 8.45517
    endloop
  endfacet
  facet normal 0.33689 0 -0.941544
    outer loop
      vertex -0.631427 23.3 8.5244
      vertex -0.47897 27.3 8.57895
      vertex -0.47897 23.3 8.57895
    endloop
  endfacet
  facet normal 0.33689 0 -0.941544
    outer loop
      vertex -0.47897 27.3 8.57895
      vertex -0.631427 23.3 8.5244
      vertex -0.631427 27.3 8.5244
    endloop
  endfacet
  facet normal 0.33689 0 -0.941544
    outer loop
      vertex -0.631427 0 8.5244
      vertex -0.47897 4 8.57895
      vertex -0.47897 0 8.57895
    endloop
  endfacet
  facet normal 0.33689 0 -0.941544
    outer loop
      vertex -0.47897 4 8.57895
      vertex -0.631427 0 8.5244
      vertex -0.631427 4 8.5244
    endloop
  endfacet
  facet normal -0.740962 0 -0.671547
    outer loop
      vertex 1.27547 23.3 8.04675
      vertex 1.16673 27.3 8.16673
      vertex 1.27547 27.3 8.04675
    endloop
  endfacet
  facet normal -0.740962 -0 -0.671547
    outer loop
      vertex 1.16673 27.3 8.16673
      vertex 1.27547 23.3 8.04675
      vertex 1.16673 23.3 8.16673
    endloop
  endfacet
  facet normal -0.740962 0 -0.671547
    outer loop
      vertex 1.27547 0 8.04675
      vertex 1.16673 4 8.16673
      vertex 1.27547 4 8.04675
    endloop
  endfacet
  facet normal -0.740962 -0 -0.671547
    outer loop
      vertex 1.16673 4 8.16673
      vertex 1.27547 0 8.04675
      vertex 1.16673 0 8.16673
    endloop
  endfacet
  facet normal 0.941546 -0 0.336884
    outer loop
      vertex -1.57895 23.3 6.52103
      vertex -1.5244 27.3 6.36857
      vertex -1.57895 27.3 6.52103
    endloop
  endfacet
  facet normal 0.941546 0 0.336884
    outer loop
      vertex -1.5244 27.3 6.36857
      vertex -1.57895 23.3 6.52103
      vertex -1.5244 23.3 6.36857
    endloop
  endfacet
  facet normal 0.941546 -0 0.336884
    outer loop
      vertex -1.57895 0 6.52103
      vertex -1.5244 4 6.36857
      vertex -1.57895 4 6.52103
    endloop
  endfacet
  facet normal 0.941546 0 0.336884
    outer loop
      vertex -1.5244 4 6.36857
      vertex -1.57895 0 6.52103
      vertex -1.5244 0 6.36857
    endloop
  endfacet
  facet normal -0.514122 0 0.857717
    outer loop
      vertex 0.777804 27.3 5.54483
      vertex 0.916691 23.3 5.62808
      vertex 0.916691 27.3 5.62808
    endloop
  endfacet
  facet normal -0.514122 0 0.857717
    outer loop
      vertex 0.916691 23.3 5.62808
      vertex 0.777804 27.3 5.54483
      vertex 0.777804 23.3 5.54483
    endloop
  endfacet
  facet normal -0.514122 0 0.857717
    outer loop
      vertex 0.777804 4 5.54483
      vertex 0.916691 0 5.62808
      vertex 0.916691 4 5.62808
    endloop
  endfacet
  facet normal -0.514122 0 0.857717
    outer loop
      vertex 0.916691 0 5.62808
      vertex 0.777804 4 5.54483
      vertex 0.777804 0 5.54483
    endloop
  endfacet
  facet normal -0.427549 0 0.903992
    outer loop
      vertex 0.631427 27.3 5.4756
      vertex 0.777804 23.3 5.54483
      vertex 0.777804 27.3 5.54483
    endloop
  endfacet
  facet normal -0.427549 0 0.903992
    outer loop
      vertex 0.777804 23.3 5.54483
      vertex 0.631427 27.3 5.4756
      vertex 0.631427 23.3 5.4756
    endloop
  endfacet
  facet normal -0.427549 0 0.903992
    outer loop
      vertex 0.631427 4 5.4756
      vertex 0.777804 0 5.54483
      vertex 0.777804 4 5.54483
    endloop
  endfacet
  facet normal -0.427549 0 0.903992
    outer loop
      vertex 0.777804 0 5.54483
      vertex 0.631427 4 5.4756
      vertex 0.631427 0 5.4756
    endloop
  endfacet
  facet normal -0.970022 0 -0.243015
    outer loop
      vertex 1.6183 23.3 7.3219
      vertex 1.57895 27.3 7.47897
      vertex 1.6183 27.3 7.3219
    endloop
  endfacet
  facet normal -0.970022 -0 -0.243015
    outer loop
      vertex 1.57895 27.3 7.47897
      vertex 1.6183 23.3 7.3219
      vertex 1.57895 23.3 7.47897
    endloop
  endfacet
  facet normal -0.970022 0 -0.243015
    outer loop
      vertex 1.6183 0 7.3219
      vertex 1.57895 4 7.47897
      vertex 1.6183 4 7.3219
    endloop
  endfacet
  facet normal -0.970022 -0 -0.243015
    outer loop
      vertex 1.57895 4 7.47897
      vertex 1.6183 0 7.3219
      vertex 1.57895 0 7.47897
    endloop
  endfacet
  facet normal 0.514122 0 0.857717
    outer loop
      vertex -0.916691 27.3 5.62808
      vertex -0.777804 23.3 5.54483
      vertex -0.777804 27.3 5.54483
    endloop
  endfacet
  facet normal 0.514122 0 0.857717
    outer loop
      vertex -0.777804 23.3 5.54483
      vertex -0.916691 27.3 5.62808
      vertex -0.916691 23.3 5.62808
    endloop
  endfacet
  facet normal 0.514122 0 0.857717
    outer loop
      vertex -0.916691 4 5.62808
      vertex -0.777804 0 5.54483
      vertex -0.777804 4 5.54483
    endloop
  endfacet
  facet normal 0.514122 0 0.857717
    outer loop
      vertex -0.777804 0 5.54483
      vertex -0.916691 4 5.62808
      vertex -0.916691 0 5.62808
    endloop
  endfacet
  facet normal 0.33689 0 0.941544
    outer loop
      vertex -0.631427 27.3 5.4756
      vertex -0.47897 23.3 5.42105
      vertex -0.47897 27.3 5.42105
    endloop
  endfacet
  facet normal 0.33689 0 0.941544
    outer loop
      vertex -0.47897 23.3 5.42105
      vertex -0.631427 27.3 5.4756
      vertex -0.631427 23.3 5.4756
    endloop
  endfacet
  facet normal 0.33689 0 0.941544
    outer loop
      vertex -0.631427 4 5.4756
      vertex -0.47897 0 5.42105
      vertex -0.47897 4 5.42105
    endloop
  endfacet
  facet normal 0.33689 0 0.941544
    outer loop
      vertex -0.47897 0 5.42105
      vertex -0.631427 4 5.4756
      vertex -0.631427 0 5.4756
    endloop
  endfacet
  facet normal 0.998794 0 -0.0490967
    outer loop
      vertex -1.64205 23.3 7.16173
      vertex -1.65 27.3 7
      vertex -1.64205 27.3 7.16173
    endloop
  endfacet
  facet normal 0.998794 0 -0.0490967
    outer loop
      vertex -1.65 27.3 7
      vertex -1.64205 23.3 7.16173
      vertex -1.65 23.3 7
    endloop
  endfacet
  facet normal 0.998794 0 -0.0490967
    outer loop
      vertex -1.64205 0 7.16173
      vertex -1.65 4 7
      vertex -1.64205 4 7.16173
    endloop
  endfacet
  facet normal 0.998794 0 -0.0490967
    outer loop
      vertex -1.65 4 7
      vertex -1.64205 0 7.16173
      vertex -1.65 0 7
    endloop
  endfacet
  facet normal -0.33689 0 0.941544
    outer loop
      vertex 0.47897 27.3 5.42105
      vertex 0.631427 23.3 5.4756
      vertex 0.631427 27.3 5.4756
    endloop
  endfacet
  facet normal -0.33689 0 0.941544
    outer loop
      vertex 0.631427 23.3 5.4756
      vertex 0.47897 27.3 5.42105
      vertex 0.47897 23.3 5.42105
    endloop
  endfacet
  facet normal -0.33689 0 0.941544
    outer loop
      vertex 0.47897 4 5.42105
      vertex 0.631427 0 5.4756
      vertex 0.631427 4 5.4756
    endloop
  endfacet
  facet normal -0.33689 0 0.941544
    outer loop
      vertex 0.631427 0 5.4756
      vertex 0.47897 4 5.42105
      vertex 0.47897 0 5.42105
    endloop
  endfacet
  facet normal 0.595666 0 0.803232
    outer loop
      vertex -1.04675 27.3 5.72453
      vertex -0.916691 23.3 5.62808
      vertex -0.916691 27.3 5.62808
    endloop
  endfacet
  facet normal 0.595666 0 0.803232
    outer loop
      vertex -0.916691 23.3 5.62808
      vertex -1.04675 27.3 5.72453
      vertex -1.04675 23.3 5.72453
    endloop
  endfacet
  facet normal 0.595666 0 0.803232
    outer loop
      vertex -1.04675 4 5.72453
      vertex -0.916691 0 5.62808
      vertex -0.916691 4 5.62808
    endloop
  endfacet
  facet normal 0.595666 0 0.803232
    outer loop
      vertex -0.916691 0 5.62808
      vertex -1.04675 4 5.72453
      vertex -1.04675 0 5.72453
    endloop
  endfacet
  facet normal 0.941546 0 -0.336884
    outer loop
      vertex -1.5244 23.3 7.63143
      vertex -1.57895 27.3 7.47897
      vertex -1.5244 27.3 7.63143
    endloop
  endfacet
  facet normal 0.941546 0 -0.336884
    outer loop
      vertex -1.57895 27.3 7.47897
      vertex -1.5244 23.3 7.63143
      vertex -1.57895 23.3 7.47897
    endloop
  endfacet
  facet normal 0.941546 0 -0.336884
    outer loop
      vertex -1.5244 0 7.63143
      vertex -1.57895 4 7.47897
      vertex -1.5244 4 7.63143
    endloop
  endfacet
  facet normal 0.941546 0 -0.336884
    outer loop
      vertex -1.57895 4 7.47897
      vertex -1.5244 0 7.63143
      vertex -1.57895 0 7.47897
    endloop
  endfacet
  facet normal 0.970022 -0 0.243015
    outer loop
      vertex -1.6183 23.3 6.6781
      vertex -1.57895 27.3 6.52103
      vertex -1.6183 27.3 6.6781
    endloop
  endfacet
  facet normal 0.970022 0 0.243015
    outer loop
      vertex -1.57895 27.3 6.52103
      vertex -1.6183 23.3 6.6781
      vertex -1.57895 23.3 6.52103
    endloop
  endfacet
  facet normal 0.970022 -0 0.243015
    outer loop
      vertex -1.6183 0 6.6781
      vertex -1.57895 4 6.52103
      vertex -1.6183 4 6.6781
    endloop
  endfacet
  facet normal 0.970022 0 0.243015
    outer loop
      vertex -1.57895 4 6.52103
      vertex -1.6183 0 6.6781
      vertex -1.57895 0 6.52103
    endloop
  endfacet
  facet normal -0.671547 0 0.740962
    outer loop
      vertex 1.04675 27.3 5.72453
      vertex 1.16673 23.3 5.83327
      vertex 1.16673 27.3 5.83327
    endloop
  endfacet
  facet normal -0.671547 0 0.740962
    outer loop
      vertex 1.16673 23.3 5.83327
      vertex 1.04675 27.3 5.72453
      vertex 1.04675 23.3 5.72453
    endloop
  endfacet
  facet normal -0.671547 0 0.740962
    outer loop
      vertex 1.04675 4 5.72453
      vertex 1.16673 0 5.83327
      vertex 1.16673 4 5.83327
    endloop
  endfacet
  facet normal -0.671547 0 0.740962
    outer loop
      vertex 1.16673 0 5.83327
      vertex 1.04675 4 5.72453
      vertex 1.04675 0 5.72453
    endloop
  endfacet
  facet normal -0.989185 0 -0.146676
    outer loop
      vertex 1.64205 23.3 7.16173
      vertex 1.6183 27.3 7.3219
      vertex 1.64205 27.3 7.16173
    endloop
  endfacet
  facet normal -0.989185 -0 -0.146676
    outer loop
      vertex 1.6183 27.3 7.3219
      vertex 1.64205 23.3 7.16173
      vertex 1.6183 23.3 7.3219
    endloop
  endfacet
  facet normal -0.989185 0 -0.146676
    outer loop
      vertex 1.64205 0 7.16173
      vertex 1.6183 4 7.3219
      vertex 1.64205 4 7.16173
    endloop
  endfacet
  facet normal -0.989185 -0 -0.146676
    outer loop
      vertex 1.6183 4 7.3219
      vertex 1.64205 0 7.16173
      vertex 1.6183 0 7.3219
    endloop
  endfacet
  facet normal -0.998794 0 -0.0490967
    outer loop
      vertex 1.65 23.3 7
      vertex 1.64205 27.3 7.16173
      vertex 1.65 27.3 7
    endloop
  endfacet
  facet normal -0.998794 -0 -0.0490967
    outer loop
      vertex 1.64205 27.3 7.16173
      vertex 1.65 23.3 7
      vertex 1.64205 23.3 7.16173
    endloop
  endfacet
  facet normal -0.998794 0 -0.0490967
    outer loop
      vertex 1.65 0 7
      vertex 1.64205 4 7.16173
      vertex 1.65 4 7
    endloop
  endfacet
  facet normal -0.998794 -0 -0.0490967
    outer loop
      vertex 1.64205 4 7.16173
      vertex 1.65 0 7
      vertex 1.64205 0 7.16173
    endloop
  endfacet
  facet normal -0.941546 0 -0.336884
    outer loop
      vertex 1.57895 23.3 7.47897
      vertex 1.5244 27.3 7.63143
      vertex 1.57895 27.3 7.47897
    endloop
  endfacet
  facet normal -0.941546 -0 -0.336884
    outer loop
      vertex 1.5244 27.3 7.63143
      vertex 1.57895 23.3 7.47897
      vertex 1.5244 23.3 7.63143
    endloop
  endfacet
  facet normal -0.941546 0 -0.336884
    outer loop
      vertex 1.57895 0 7.47897
      vertex 1.5244 4 7.63143
      vertex 1.57895 4 7.47897
    endloop
  endfacet
  facet normal -0.941546 -0 -0.336884
    outer loop
      vertex 1.5244 4 7.63143
      vertex 1.57895 0 7.47897
      vertex 1.5244 0 7.63143
    endloop
  endfacet
  facet normal 0.989185 0 -0.146676
    outer loop
      vertex -1.6183 23.3 7.3219
      vertex -1.64205 27.3 7.16173
      vertex -1.6183 27.3 7.3219
    endloop
  endfacet
  facet normal 0.989185 0 -0.146676
    outer loop
      vertex -1.64205 27.3 7.16173
      vertex -1.6183 23.3 7.3219
      vertex -1.64205 23.3 7.16173
    endloop
  endfacet
  facet normal 0.989185 0 -0.146676
    outer loop
      vertex -1.6183 0 7.3219
      vertex -1.64205 4 7.16173
      vertex -1.6183 4 7.3219
    endloop
  endfacet
  facet normal 0.989185 0 -0.146676
    outer loop
      vertex -1.64205 4 7.16173
      vertex -1.6183 0 7.3219
      vertex -1.64205 0 7.16173
    endloop
  endfacet
  facet normal 0.146676 0 -0.989185
    outer loop
      vertex -0.321898 23.3 8.6183
      vertex -0.161728 27.3 8.64205
      vertex -0.161728 23.3 8.64205
    endloop
  endfacet
  facet normal 0.146676 0 -0.989185
    outer loop
      vertex -0.161728 27.3 8.64205
      vertex -0.321898 23.3 8.6183
      vertex -0.321898 27.3 8.6183
    endloop
  endfacet
  facet normal 0.146676 0 -0.989185
    outer loop
      vertex -0.321898 0 8.6183
      vertex -0.161728 4 8.64205
      vertex -0.161728 0 8.64205
    endloop
  endfacet
  facet normal 0.146676 0 -0.989185
    outer loop
      vertex -0.161728 4 8.64205
      vertex -0.321898 0 8.6183
      vertex -0.321898 4 8.6183
    endloop
  endfacet
  facet normal 0.146676 0 0.989185
    outer loop
      vertex -0.321898 27.3 5.3817
      vertex -0.161728 23.3 5.35795
      vertex -0.161728 27.3 5.35795
    endloop
  endfacet
  facet normal 0.146676 0 0.989185
    outer loop
      vertex -0.161728 23.3 5.35795
      vertex -0.321898 27.3 5.3817
      vertex -0.321898 23.3 5.3817
    endloop
  endfacet
  facet normal 0.146676 0 0.989185
    outer loop
      vertex -0.321898 4 5.3817
      vertex -0.161728 0 5.35795
      vertex -0.161728 4 5.35795
    endloop
  endfacet
  facet normal 0.146676 0 0.989185
    outer loop
      vertex -0.161728 0 5.35795
      vertex -0.321898 4 5.3817
      vertex -0.321898 0 5.3817
    endloop
  endfacet
  facet normal -0.857722 0 -0.514114
    outer loop
      vertex 1.45517 23.3 7.7778
      vertex 1.37192 27.3 7.91669
      vertex 1.45517 27.3 7.7778
    endloop
  endfacet
  facet normal -0.857722 -0 -0.514114
    outer loop
      vertex 1.37192 27.3 7.91669
      vertex 1.45517 23.3 7.7778
      vertex 1.37192 23.3 7.91669
    endloop
  endfacet
  facet normal -0.857722 0 -0.514114
    outer loop
      vertex 1.45517 0 7.7778
      vertex 1.37192 4 7.91669
      vertex 1.45517 4 7.7778
    endloop
  endfacet
  facet normal -0.857722 -0 -0.514114
    outer loop
      vertex 1.37192 4 7.91669
      vertex 1.45517 0 7.7778
      vertex 1.37192 0 7.91669
    endloop
  endfacet
  facet normal -0.941546 0 0.336884
    outer loop
      vertex 1.5244 23.3 6.36857
      vertex 1.57895 27.3 6.52103
      vertex 1.5244 27.3 6.36857
    endloop
  endfacet
  facet normal -0.941546 0 0.336884
    outer loop
      vertex 1.57895 27.3 6.52103
      vertex 1.5244 23.3 6.36857
      vertex 1.57895 23.3 6.52103
    endloop
  endfacet
  facet normal -0.941546 0 0.336884
    outer loop
      vertex 1.5244 0 6.36857
      vertex 1.57895 4 6.52103
      vertex 1.5244 4 6.36857
    endloop
  endfacet
  facet normal -0.941546 0 0.336884
    outer loop
      vertex 1.57895 4 6.52103
      vertex 1.5244 0 6.36857
      vertex 1.57895 0 6.52103
    endloop
  endfacet
  facet normal 0.857722 0 -0.514114
    outer loop
      vertex -1.37192 23.3 7.91669
      vertex -1.45517 27.3 7.7778
      vertex -1.37192 27.3 7.91669
    endloop
  endfacet
  facet normal 0.857722 0 -0.514114
    outer loop
      vertex -1.45517 27.3 7.7778
      vertex -1.37192 23.3 7.91669
      vertex -1.45517 23.3 7.7778
    endloop
  endfacet
  facet normal 0.857722 0 -0.514114
    outer loop
      vertex -1.37192 0 7.91669
      vertex -1.45517 4 7.7778
      vertex -1.37192 4 7.91669
    endloop
  endfacet
  facet normal 0.857722 0 -0.514114
    outer loop
      vertex -1.45517 4 7.7778
      vertex -1.37192 0 7.91669
      vertex -1.45517 0 7.7778
    endloop
  endfacet
  facet normal 0.740962 -0 0.671547
    outer loop
      vertex -1.27547 23.3 5.95325
      vertex -1.16673 27.3 5.83327
      vertex -1.27547 27.3 5.95325
    endloop
  endfacet
  facet normal 0.740962 0 0.671547
    outer loop
      vertex -1.16673 27.3 5.83327
      vertex -1.27547 23.3 5.95325
      vertex -1.16673 23.3 5.83327
    endloop
  endfacet
  facet normal 0.740962 -0 0.671547
    outer loop
      vertex -1.27547 0 5.95325
      vertex -1.16673 4 5.83327
      vertex -1.27547 4 5.95325
    endloop
  endfacet
  facet normal 0.740962 0 0.671547
    outer loop
      vertex -1.16673 4 5.83327
      vertex -1.27547 0 5.95325
      vertex -1.16673 0 5.83327
    endloop
  endfacet
  facet normal -0.243012 0 -0.970023
    outer loop
      vertex 0.321898 23.3 8.6183
      vertex 0.47897 27.3 8.57895
      vertex 0.47897 23.3 8.57895
    endloop
  endfacet
  facet normal -0.243012 0 -0.970023
    outer loop
      vertex 0.47897 27.3 8.57895
      vertex 0.321898 23.3 8.6183
      vertex 0.321898 27.3 8.6183
    endloop
  endfacet
  facet normal -0.243012 0 -0.970023
    outer loop
      vertex 0.321898 0 8.6183
      vertex 0.47897 4 8.57895
      vertex 0.47897 0 8.57895
    endloop
  endfacet
  facet normal -0.243012 0 -0.970023
    outer loop
      vertex 0.47897 4 8.57895
      vertex 0.321898 0 8.6183
      vertex 0.321898 4 8.6183
    endloop
  endfacet
  facet normal -0.740962 0 0.671547
    outer loop
      vertex 1.16673 23.3 5.83327
      vertex 1.27547 27.3 5.95325
      vertex 1.16673 27.3 5.83327
    endloop
  endfacet
  facet normal -0.740962 0 0.671547
    outer loop
      vertex 1.27547 27.3 5.95325
      vertex 1.16673 23.3 5.83327
      vertex 1.27547 23.3 5.95325
    endloop
  endfacet
  facet normal -0.740962 0 0.671547
    outer loop
      vertex 1.16673 0 5.83327
      vertex 1.27547 4 5.95325
      vertex 1.16673 4 5.83327
    endloop
  endfacet
  facet normal -0.740962 0 0.671547
    outer loop
      vertex 1.27547 4 5.95325
      vertex 1.16673 0 5.83327
      vertex 1.27547 0 5.95325
    endloop
  endfacet
  facet normal -0.595666 0 0.803232
    outer loop
      vertex 0.916691 27.3 5.62808
      vertex 1.04675 23.3 5.72453
      vertex 1.04675 27.3 5.72453
    endloop
  endfacet
  facet normal -0.595666 0 0.803232
    outer loop
      vertex 1.04675 23.3 5.72453
      vertex 0.916691 27.3 5.62808
      vertex 0.916691 23.3 5.62808
    endloop
  endfacet
  facet normal -0.595666 0 0.803232
    outer loop
      vertex 0.916691 4 5.62808
      vertex 1.04675 0 5.72453
      vertex 1.04675 4 5.72453
    endloop
  endfacet
  facet normal -0.595666 0 0.803232
    outer loop
      vertex 1.04675 0 5.72453
      vertex 0.916691 4 5.62808
      vertex 0.916691 0 5.62808
    endloop
  endfacet
  facet normal 0.427549 0 -0.903992
    outer loop
      vertex -0.777804 23.3 8.45517
      vertex -0.631427 27.3 8.5244
      vertex -0.631427 23.3 8.5244
    endloop
  endfacet
  facet normal 0.427549 0 -0.903992
    outer loop
      vertex -0.631427 27.3 8.5244
      vertex -0.777804 23.3 8.45517
      vertex -0.777804 27.3 8.45517
    endloop
  endfacet
  facet normal 0.427549 0 -0.903992
    outer loop
      vertex -0.777804 0 8.45517
      vertex -0.631427 4 8.5244
      vertex -0.631427 0 8.5244
    endloop
  endfacet
  facet normal 0.427549 0 -0.903992
    outer loop
      vertex -0.631427 4 8.5244
      vertex -0.777804 0 8.45517
      vertex -0.777804 4 8.45517
    endloop
  endfacet
  facet normal -0.857722 0 0.514114
    outer loop
      vertex 1.37192 23.3 6.08331
      vertex 1.45517 27.3 6.2222
      vertex 1.37192 27.3 6.08331
    endloop
  endfacet
  facet normal -0.857722 0 0.514114
    outer loop
      vertex 1.45517 27.3 6.2222
      vertex 1.37192 23.3 6.08331
      vertex 1.45517 23.3 6.2222
    endloop
  endfacet
  facet normal -0.857722 0 0.514114
    outer loop
      vertex 1.37192 0 6.08331
      vertex 1.45517 4 6.2222
      vertex 1.37192 4 6.08331
    endloop
  endfacet
  facet normal -0.857722 0 0.514114
    outer loop
      vertex 1.45517 4 6.2222
      vertex 1.37192 0 6.08331
      vertex 1.45517 0 6.2222
    endloop
  endfacet
  facet normal 0.671547 0 0.740962
    outer loop
      vertex -1.16673 27.3 5.83327
      vertex -1.04675 23.3 5.72453
      vertex -1.04675 27.3 5.72453
    endloop
  endfacet
  facet normal 0.671547 0 0.740962
    outer loop
      vertex -1.04675 23.3 5.72453
      vertex -1.16673 27.3 5.83327
      vertex -1.16673 23.3 5.83327
    endloop
  endfacet
  facet normal 0.671547 0 0.740962
    outer loop
      vertex -1.16673 4 5.83327
      vertex -1.04675 0 5.72453
      vertex -1.04675 4 5.72453
    endloop
  endfacet
  facet normal 0.671547 0 0.740962
    outer loop
      vertex -1.04675 0 5.72453
      vertex -1.16673 4 5.83327
      vertex -1.16673 0 5.83327
    endloop
  endfacet
  facet normal 0.427549 0 0.903992
    outer loop
      vertex -0.777804 27.3 5.54483
      vertex -0.631427 23.3 5.4756
      vertex -0.631427 27.3 5.4756
    endloop
  endfacet
  facet normal 0.427549 0 0.903992
    outer loop
      vertex -0.631427 23.3 5.4756
      vertex -0.777804 27.3 5.54483
      vertex -0.777804 23.3 5.54483
    endloop
  endfacet
  facet normal 0.427549 0 0.903992
    outer loop
      vertex -0.777804 4 5.54483
      vertex -0.631427 0 5.4756
      vertex -0.631427 4 5.4756
    endloop
  endfacet
  facet normal 0.427549 0 0.903992
    outer loop
      vertex -0.631427 0 5.4756
      vertex -0.777804 4 5.54483
      vertex -0.777804 0 5.54483
    endloop
  endfacet
  facet normal -0.803234 0 -0.595663
    outer loop
      vertex 1.37192 23.3 7.91669
      vertex 1.27547 27.3 8.04675
      vertex 1.37192 27.3 7.91669
    endloop
  endfacet
  facet normal -0.803234 -0 -0.595663
    outer loop
      vertex 1.27547 27.3 8.04675
      vertex 1.37192 23.3 7.91669
      vertex 1.27547 23.3 8.04675
    endloop
  endfacet
  facet normal -0.803234 0 -0.595663
    outer loop
      vertex 1.37192 0 7.91669
      vertex 1.27547 4 8.04675
      vertex 1.37192 4 7.91669
    endloop
  endfacet
  facet normal -0.803234 -0 -0.595663
    outer loop
      vertex 1.27547 4 8.04675
      vertex 1.37192 0 7.91669
      vertex 1.27547 0 8.04675
    endloop
  endfacet
  facet normal 0.243012 0 0.970023
    outer loop
      vertex -0.47897 27.3 5.42105
      vertex -0.321898 23.3 5.3817
      vertex -0.321898 27.3 5.3817
    endloop
  endfacet
  facet normal 0.243012 0 0.970023
    outer loop
      vertex -0.321898 23.3 5.3817
      vertex -0.47897 27.3 5.42105
      vertex -0.47897 23.3 5.42105
    endloop
  endfacet
  facet normal 0.243012 0 0.970023
    outer loop
      vertex -0.47897 4 5.42105
      vertex -0.321898 0 5.3817
      vertex -0.321898 4 5.3817
    endloop
  endfacet
  facet normal 0.243012 0 0.970023
    outer loop
      vertex -0.321898 0 5.3817
      vertex -0.47897 4 5.42105
      vertex -0.47897 0 5.42105
    endloop
  endfacet
  facet normal 0.803234 0 -0.595663
    outer loop
      vertex -1.27547 23.3 8.04675
      vertex -1.37192 27.3 7.91669
      vertex -1.27547 27.3 8.04675
    endloop
  endfacet
  facet normal 0.803234 0 -0.595663
    outer loop
      vertex -1.37192 27.3 7.91669
      vertex -1.27547 23.3 8.04675
      vertex -1.37192 23.3 7.91669
    endloop
  endfacet
  facet normal 0.803234 0 -0.595663
    outer loop
      vertex -1.27547 0 8.04675
      vertex -1.37192 4 7.91669
      vertex -1.27547 4 8.04675
    endloop
  endfacet
  facet normal 0.803234 0 -0.595663
    outer loop
      vertex -1.37192 4 7.91669
      vertex -1.27547 0 8.04675
      vertex -1.37192 0 7.91669
    endloop
  endfacet
  facet normal 0.740962 0 -0.671547
    outer loop
      vertex -1.16673 23.3 8.16673
      vertex -1.27547 27.3 8.04675
      vertex -1.16673 27.3 8.16673
    endloop
  endfacet
  facet normal 0.740962 0 -0.671547
    outer loop
      vertex -1.27547 27.3 8.04675
      vertex -1.16673 23.3 8.16673
      vertex -1.27547 23.3 8.04675
    endloop
  endfacet
  facet normal 0.740962 0 -0.671547
    outer loop
      vertex -1.16673 0 8.16673
      vertex -1.27547 4 8.04675
      vertex -1.16673 4 8.16673
    endloop
  endfacet
  facet normal 0.740962 0 -0.671547
    outer loop
      vertex -1.27547 4 8.04675
      vertex -1.16673 0 8.16673
      vertex -1.27547 0 8.04675
    endloop
  endfacet
  facet normal 0.514122 0 -0.857717
    outer loop
      vertex -0.916691 23.3 8.37192
      vertex -0.777804 27.3 8.45517
      vertex -0.777804 23.3 8.45517
    endloop
  endfacet
  facet normal 0.514122 0 -0.857717
    outer loop
      vertex -0.777804 27.3 8.45517
      vertex -0.916691 23.3 8.37192
      vertex -0.916691 27.3 8.37192
    endloop
  endfacet
  facet normal 0.514122 0 -0.857717
    outer loop
      vertex -0.916691 0 8.37192
      vertex -0.777804 4 8.45517
      vertex -0.777804 0 8.45517
    endloop
  endfacet
  facet normal 0.514122 0 -0.857717
    outer loop
      vertex -0.777804 4 8.45517
      vertex -0.916691 0 8.37192
      vertex -0.916691 4 8.37192
    endloop
  endfacet
  facet normal 0.970022 0 -0.243015
    outer loop
      vertex -1.57895 23.3 7.47897
      vertex -1.6183 27.3 7.3219
      vertex -1.57895 27.3 7.47897
    endloop
  endfacet
  facet normal 0.970022 0 -0.243015
    outer loop
      vertex -1.6183 27.3 7.3219
      vertex -1.57895 23.3 7.47897
      vertex -1.6183 23.3 7.3219
    endloop
  endfacet
  facet normal 0.970022 0 -0.243015
    outer loop
      vertex -1.57895 0 7.47897
      vertex -1.6183 4 7.3219
      vertex -1.57895 4 7.47897
    endloop
  endfacet
  facet normal 0.970022 0 -0.243015
    outer loop
      vertex -1.6183 4 7.3219
      vertex -1.57895 0 7.47897
      vertex -1.6183 0 7.3219
    endloop
  endfacet
  facet normal 0.595666 0 -0.803232
    outer loop
      vertex -1.04675 23.3 8.27547
      vertex -0.916691 27.3 8.37192
      vertex -0.916691 23.3 8.37192
    endloop
  endfacet
  facet normal 0.595666 0 -0.803232
    outer loop
      vertex -0.916691 27.3 8.37192
      vertex -1.04675 23.3 8.27547
      vertex -1.04675 27.3 8.27547
    endloop
  endfacet
  facet normal 0.595666 0 -0.803232
    outer loop
      vertex -1.04675 0 8.27547
      vertex -0.916691 4 8.37192
      vertex -0.916691 0 8.37192
    endloop
  endfacet
  facet normal 0.595666 0 -0.803232
    outer loop
      vertex -0.916691 4 8.37192
      vertex -1.04675 0 8.27547
      vertex -1.04675 4 8.27547
    endloop
  endfacet
  facet normal 0.0490973 0 0.998794
    outer loop
      vertex -0.161728 27.3 5.35795
      vertex 0 23.3 5.35
      vertex 0 27.3 5.35
    endloop
  endfacet
  facet normal 0.0490973 0 0.998794
    outer loop
      vertex 0 23.3 5.35
      vertex -0.161728 27.3 5.35795
      vertex -0.161728 23.3 5.35795
    endloop
  endfacet
  facet normal 0.0490973 0 0.998794
    outer loop
      vertex -0.161728 4 5.35795
      vertex 0 0 5.35
      vertex 0 4 5.35
    endloop
  endfacet
  facet normal 0.0490973 0 0.998794
    outer loop
      vertex 0 0 5.35
      vertex -0.161728 4 5.35795
      vertex -0.161728 0 5.35795
    endloop
  endfacet
  facet normal 0.243012 0 -0.970023
    outer loop
      vertex -0.47897 23.3 8.57895
      vertex -0.321898 27.3 8.6183
      vertex -0.321898 23.3 8.6183
    endloop
  endfacet
  facet normal 0.243012 0 -0.970023
    outer loop
      vertex -0.321898 27.3 8.6183
      vertex -0.47897 23.3 8.57895
      vertex -0.47897 27.3 8.57895
    endloop
  endfacet
  facet normal 0.243012 0 -0.970023
    outer loop
      vertex -0.47897 0 8.57895
      vertex -0.321898 4 8.6183
      vertex -0.321898 0 8.6183
    endloop
  endfacet
  facet normal 0.243012 0 -0.970023
    outer loop
      vertex -0.321898 4 8.6183
      vertex -0.47897 0 8.57895
      vertex -0.47897 4 8.57895
    endloop
  endfacet
  facet normal -0.243012 0 0.970023
    outer loop
      vertex 0.321898 27.3 5.3817
      vertex 0.47897 23.3 5.42105
      vertex 0.47897 27.3 5.42105
    endloop
  endfacet
  facet normal -0.243012 0 0.970023
    outer loop
      vertex 0.47897 23.3 5.42105
      vertex 0.321898 27.3 5.3817
      vertex 0.321898 23.3 5.3817
    endloop
  endfacet
  facet normal -0.243012 0 0.970023
    outer loop
      vertex 0.321898 4 5.3817
      vertex 0.47897 0 5.42105
      vertex 0.47897 4 5.42105
    endloop
  endfacet
  facet normal -0.243012 0 0.970023
    outer loop
      vertex 0.47897 0 5.42105
      vertex 0.321898 4 5.3817
      vertex 0.321898 0 5.3817
    endloop
  endfacet
  facet normal -0.0490973 0 -0.998794
    outer loop
      vertex 0 23.3 8.65
      vertex 0.161728 27.3 8.64205
      vertex 0.161728 23.3 8.64205
    endloop
  endfacet
  facet normal -0.0490973 0 -0.998794
    outer loop
      vertex 0.161728 27.3 8.64205
      vertex 0 23.3 8.65
      vertex 0 27.3 8.65
    endloop
  endfacet
  facet normal -0.0490973 0 -0.998794
    outer loop
      vertex 0 0 8.65
      vertex 0.161728 4 8.64205
      vertex 0.161728 0 8.64205
    endloop
  endfacet
  facet normal -0.0490973 0 -0.998794
    outer loop
      vertex 0.161728 4 8.64205
      vertex 0 0 8.65
      vertex 0 4 8.65
    endloop
  endfacet
  facet normal -0.595666 0 -0.803232
    outer loop
      vertex 0.916691 23.3 8.37192
      vertex 1.04675 27.3 8.27547
      vertex 1.04675 23.3 8.27547
    endloop
  endfacet
  facet normal -0.595666 0 -0.803232
    outer loop
      vertex 1.04675 27.3 8.27547
      vertex 0.916691 23.3 8.37192
      vertex 0.916691 27.3 8.37192
    endloop
  endfacet
  facet normal -0.595666 0 -0.803232
    outer loop
      vertex 0.916691 0 8.37192
      vertex 1.04675 4 8.27547
      vertex 1.04675 0 8.27547
    endloop
  endfacet
  facet normal -0.595666 0 -0.803232
    outer loop
      vertex 1.04675 4 8.27547
      vertex 0.916691 0 8.37192
      vertex 0.916691 4 8.37192
    endloop
  endfacet
  facet normal 0.857722 -0 0.514114
    outer loop
      vertex -1.45517 23.3 6.2222
      vertex -1.37192 27.3 6.08331
      vertex -1.45517 27.3 6.2222
    endloop
  endfacet
  facet normal 0.857722 0 0.514114
    outer loop
      vertex -1.37192 27.3 6.08331
      vertex -1.45517 23.3 6.2222
      vertex -1.37192 23.3 6.08331
    endloop
  endfacet
  facet normal 0.857722 -0 0.514114
    outer loop
      vertex -1.45517 0 6.2222
      vertex -1.37192 4 6.08331
      vertex -1.45517 4 6.2222
    endloop
  endfacet
  facet normal 0.857722 0 0.514114
    outer loop
      vertex -1.37192 4 6.08331
      vertex -1.45517 0 6.2222
      vertex -1.37192 0 6.08331
    endloop
  endfacet
  facet normal -0.671547 0 -0.740962
    outer loop
      vertex 1.04675 23.3 8.27547
      vertex 1.16673 27.3 8.16673
      vertex 1.16673 23.3 8.16673
    endloop
  endfacet
  facet normal -0.671547 0 -0.740962
    outer loop
      vertex 1.16673 27.3 8.16673
      vertex 1.04675 23.3 8.27547
      vertex 1.04675 27.3 8.27547
    endloop
  endfacet
  facet normal -0.671547 0 -0.740962
    outer loop
      vertex 1.04675 0 8.27547
      vertex 1.16673 4 8.16673
      vertex 1.16673 0 8.16673
    endloop
  endfacet
  facet normal -0.671547 0 -0.740962
    outer loop
      vertex 1.16673 4 8.16673
      vertex 1.04675 0 8.27547
      vertex 1.04675 4 8.27547
    endloop
  endfacet
  facet normal 0.903984 -0 0.427566
    outer loop
      vertex -1.5244 23.3 6.36857
      vertex -1.45517 27.3 6.2222
      vertex -1.5244 27.3 6.36857
    endloop
  endfacet
  facet normal 0.903984 0 0.427566
    outer loop
      vertex -1.45517 27.3 6.2222
      vertex -1.5244 23.3 6.36857
      vertex -1.45517 23.3 6.2222
    endloop
  endfacet
  facet normal 0.903984 -0 0.427566
    outer loop
      vertex -1.5244 0 6.36857
      vertex -1.45517 4 6.2222
      vertex -1.5244 4 6.36857
    endloop
  endfacet
  facet normal 0.903984 0 0.427566
    outer loop
      vertex -1.45517 4 6.2222
      vertex -1.5244 0 6.36857
      vertex -1.45517 0 6.2222
    endloop
  endfacet
  facet normal -0.903984 0 -0.427566
    outer loop
      vertex 1.5244 23.3 7.63143
      vertex 1.45517 27.3 7.7778
      vertex 1.5244 27.3 7.63143
    endloop
  endfacet
  facet normal -0.903984 -0 -0.427566
    outer loop
      vertex 1.45517 27.3 7.7778
      vertex 1.5244 23.3 7.63143
      vertex 1.45517 23.3 7.7778
    endloop
  endfacet
  facet normal -0.903984 0 -0.427566
    outer loop
      vertex 1.5244 0 7.63143
      vertex 1.45517 4 7.7778
      vertex 1.5244 4 7.63143
    endloop
  endfacet
  facet normal -0.903984 -0 -0.427566
    outer loop
      vertex 1.45517 4 7.7778
      vertex 1.5244 0 7.63143
      vertex 1.45517 0 7.7778
    endloop
  endfacet
  facet normal -0.146676 0 0.989185
    outer loop
      vertex 0.161728 27.3 5.35795
      vertex 0.321898 23.3 5.3817
      vertex 0.321898 27.3 5.3817
    endloop
  endfacet
  facet normal -0.146676 0 0.989185
    outer loop
      vertex 0.321898 23.3 5.3817
      vertex 0.161728 27.3 5.35795
      vertex 0.161728 23.3 5.35795
    endloop
  endfacet
  facet normal -0.146676 0 0.989185
    outer loop
      vertex 0.161728 4 5.35795
      vertex 0.321898 0 5.3817
      vertex 0.321898 4 5.3817
    endloop
  endfacet
  facet normal -0.146676 0 0.989185
    outer loop
      vertex 0.321898 0 5.3817
      vertex 0.161728 4 5.35795
      vertex 0.161728 0 5.35795
    endloop
  endfacet
  facet normal 0.998794 -0 0.0490967
    outer loop
      vertex -1.65 23.3 7
      vertex -1.64205 27.3 6.83827
      vertex -1.65 27.3 7
    endloop
  endfacet
  facet normal 0.998794 0 0.0490967
    outer loop
      vertex -1.64205 27.3 6.83827
      vertex -1.65 23.3 7
      vertex -1.64205 23.3 6.83827
    endloop
  endfacet
  facet normal 0.998794 -0 0.0490967
    outer loop
      vertex -1.65 0 7
      vertex -1.64205 4 6.83827
      vertex -1.65 4 7
    endloop
  endfacet
  facet normal 0.998794 0 0.0490967
    outer loop
      vertex -1.64205 4 6.83827
      vertex -1.65 0 7
      vertex -1.64205 0 6.83827
    endloop
  endfacet
  facet normal 0.903984 0 -0.427566
    outer loop
      vertex -1.45517 23.3 7.7778
      vertex -1.5244 27.3 7.63143
      vertex -1.45517 27.3 7.7778
    endloop
  endfacet
  facet normal 0.903984 0 -0.427566
    outer loop
      vertex -1.5244 27.3 7.63143
      vertex -1.45517 23.3 7.7778
      vertex -1.5244 23.3 7.63143
    endloop
  endfacet
  facet normal 0.903984 0 -0.427566
    outer loop
      vertex -1.45517 0 7.7778
      vertex -1.5244 4 7.63143
      vertex -1.45517 4 7.7778
    endloop
  endfacet
  facet normal 0.903984 0 -0.427566
    outer loop
      vertex -1.5244 4 7.63143
      vertex -1.45517 0 7.7778
      vertex -1.5244 0 7.63143
    endloop
  endfacet
  facet normal -0.989212 0 0.146493
    outer loop
      vertex 81.5693 23.3 6.68786
      vertex 81.5923 27.3 6.84317
      vertex 81.5693 27.3 6.68786
    endloop
  endfacet
  facet normal -0.989212 0 0.146493
    outer loop
      vertex 81.5923 27.3 6.84317
      vertex 81.5693 23.3 6.68786
      vertex 81.5923 23.3 6.84317
    endloop
  endfacet
  facet normal -0.989212 0 0.146493
    outer loop
      vertex 81.5693 0 6.68786
      vertex 81.5923 4 6.84317
      vertex 81.5693 4 6.68786
    endloop
  endfacet
  facet normal -0.989212 0 0.146493
    outer loop
      vertex 81.5923 4 6.84317
      vertex 81.5693 0 6.68786
      vertex 81.5923 0 6.84317
    endloop
  endfacet
  facet normal -0.998797 0 0.0490387
    outer loop
      vertex 81.5923 23.3 6.84317
      vertex 81.6 27.3 7
      vertex 81.5923 27.3 6.84317
    endloop
  endfacet
  facet normal -0.998797 0 0.0490387
    outer loop
      vertex 81.6 27.3 7
      vertex 81.5923 23.3 6.84317
      vertex 81.6 23.3 7
    endloop
  endfacet
  facet normal -0.998797 0 0.0490387
    outer loop
      vertex 81.5923 0 6.84317
      vertex 81.6 4 7
      vertex 81.5923 4 6.84317
    endloop
  endfacet
  facet normal -0.998797 0 0.0490387
    outer loop
      vertex 81.6 4 7
      vertex 81.5923 0 6.84317
      vertex 81.6 0 7
    endloop
  endfacet
  facet normal -0.969959 0 0.24327
    outer loop
      vertex 81.5311 23.3 6.53555
      vertex 81.5693 27.3 6.68786
      vertex 81.5311 27.3 6.53555
    endloop
  endfacet
  facet normal -0.969959 0 0.24327
    outer loop
      vertex 81.5693 27.3 6.68786
      vertex 81.5311 23.3 6.53555
      vertex 81.5693 23.3 6.68786
    endloop
  endfacet
  facet normal -0.969959 0 0.24327
    outer loop
      vertex 81.5311 0 6.53555
      vertex 81.5693 4 6.68786
      vertex 81.5311 4 6.53555
    endloop
  endfacet
  facet normal -0.969959 0 0.24327
    outer loop
      vertex 81.5693 4 6.68786
      vertex 81.5311 0 6.53555
      vertex 81.5693 0 6.68786
    endloop
  endfacet
  facet normal -0.427692 0 0.903925
    outer loop
      vertex 80.6123 27.3 5.52179
      vertex 80.7542 23.3 5.58893
      vertex 80.7542 27.3 5.58893
    endloop
  endfacet
  facet normal -0.427692 0 0.903925
    outer loop
      vertex 80.7542 23.3 5.58893
      vertex 80.6123 27.3 5.52179
      vertex 80.6123 23.3 5.52179
    endloop
  endfacet
  facet normal -0.427692 0 0.903925
    outer loop
      vertex 80.6123 4 5.52179
      vertex 80.7542 0 5.58893
      vertex 80.7542 4 5.58893
    endloop
  endfacet
  facet normal -0.427692 0 0.903925
    outer loop
      vertex 80.7542 0 5.58893
      vertex 80.6123 4 5.52179
      vertex 80.6123 0 5.52179
    endloop
  endfacet
  facet normal 0.242895 0 -0.970053
    outer loop
      vertex 79.5355 23.3 8.5311
      vertex 79.6879 27.3 8.56926
      vertex 79.6879 23.3 8.56926
    endloop
  endfacet
  facet normal 0.242895 0 -0.970053
    outer loop
      vertex 79.6879 27.3 8.56926
      vertex 79.5355 23.3 8.5311
      vertex 79.5355 27.3 8.5311
    endloop
  endfacet
  facet normal 0.242895 0 -0.970053
    outer loop
      vertex 79.5355 0 8.5311
      vertex 79.6879 4 8.56926
      vertex 79.6879 0 8.56926
    endloop
  endfacet
  facet normal 0.242895 0 -0.970053
    outer loop
      vertex 79.6879 4 8.56926
      vertex 79.5355 0 8.5311
      vertex 79.5355 4 8.5311
    endloop
  endfacet
  facet normal 0.857796 0 -0.51399
    outer loop
      vertex 78.6696 23.3 7.88891
      vertex 78.5889 27.3 7.75423
      vertex 78.6696 27.3 7.88891
    endloop
  endfacet
  facet normal 0.857796 0 -0.51399
    outer loop
      vertex 78.5889 27.3 7.75423
      vertex 78.6696 23.3 7.88891
      vertex 78.5889 23.3 7.75423
    endloop
  endfacet
  facet normal 0.857796 0 -0.51399
    outer loop
      vertex 78.6696 0 7.88891
      vertex 78.5889 4 7.75423
      vertex 78.6696 4 7.88891
    endloop
  endfacet
  facet normal 0.857796 0 -0.51399
    outer loop
      vertex 78.5889 4 7.75423
      vertex 78.6696 0 7.88891
      vertex 78.5889 0 7.75423
    endloop
  endfacet
  facet normal -0.146689 0 -0.989183
    outer loop
      vertex 80.1568 23.3 8.59229
      vertex 80.3121 27.3 8.56926
      vertex 80.3121 23.3 8.56926
    endloop
  endfacet
  facet normal -0.146689 0 -0.989183
    outer loop
      vertex 80.3121 27.3 8.56926
      vertex 80.1568 23.3 8.59229
      vertex 80.1568 27.3 8.59229
    endloop
  endfacet
  facet normal -0.146689 0 -0.989183
    outer loop
      vertex 80.1568 0 8.59229
      vertex 80.3121 4 8.56926
      vertex 80.3121 0 8.56926
    endloop
  endfacet
  facet normal -0.146689 0 -0.989183
    outer loop
      vertex 80.3121 4 8.56926
      vertex 80.1568 0 8.59229
      vertex 80.1568 4 8.59229
    endloop
  endfacet
  facet normal -0.741092 0 0.671404
    outer loop
      vertex 81.1314 23.3 5.86863
      vertex 81.2368 27.3 5.98497
      vertex 81.1314 27.3 5.86863
    endloop
  endfacet
  facet normal -0.741092 0 0.671404
    outer loop
      vertex 81.2368 27.3 5.98497
      vertex 81.1314 23.3 5.86863
      vertex 81.2368 23.3 5.98497
    endloop
  endfacet
  facet normal -0.741092 0 0.671404
    outer loop
      vertex 81.1314 0 5.86863
      vertex 81.2368 4 5.98497
      vertex 81.1314 4 5.86863
    endloop
  endfacet
  facet normal -0.741092 0 0.671404
    outer loop
      vertex 81.2368 4 5.98497
      vertex 81.1314 0 5.86863
      vertex 81.2368 0 5.98497
    endloop
  endfacet
  facet normal 0.514027 0 0.857774
    outer loop
      vertex 79.1111 27.3 5.66965
      vertex 79.2458 23.3 5.58893
      vertex 79.2458 27.3 5.58893
    endloop
  endfacet
  facet normal 0.514027 0 0.857774
    outer loop
      vertex 79.2458 23.3 5.58893
      vertex 79.1111 27.3 5.66965
      vertex 79.1111 23.3 5.66965
    endloop
  endfacet
  facet normal 0.514027 0 0.857774
    outer loop
      vertex 79.1111 4 5.66965
      vertex 79.2458 0 5.58893
      vertex 79.2458 4 5.58893
    endloop
  endfacet
  facet normal 0.514027 0 0.857774
    outer loop
      vertex 79.2458 0 5.58893
      vertex 79.1111 4 5.66965
      vertex 79.1111 0 5.66965
    endloop
  endfacet
  facet normal -0.741092 0 -0.671404
    outer loop
      vertex 81.2368 23.3 8.01503
      vertex 81.1314 27.3 8.13137
      vertex 81.2368 27.3 8.01503
    endloop
  endfacet
  facet normal -0.741092 -0 -0.671404
    outer loop
      vertex 81.1314 27.3 8.13137
      vertex 81.2368 23.3 8.01503
      vertex 81.1314 23.3 8.13137
    endloop
  endfacet
  facet normal -0.741092 0 -0.671404
    outer loop
      vertex 81.2368 0 8.01503
      vertex 81.1314 4 8.13137
      vertex 81.2368 4 8.01503
    endloop
  endfacet
  facet normal -0.741092 -0 -0.671404
    outer loop
      vertex 81.1314 4 8.13137
      vertex 81.2368 0 8.01503
      vertex 81.1314 0 8.13137
    endloop
  endfacet
  facet normal -0.514027 0 -0.857774
    outer loop
      vertex 80.7542 23.3 8.41107
      vertex 80.8889 27.3 8.33035
      vertex 80.8889 23.3 8.33035
    endloop
  endfacet
  facet normal -0.514027 0 -0.857774
    outer loop
      vertex 80.8889 27.3 8.33035
      vertex 80.7542 23.3 8.41107
      vertex 80.7542 27.3 8.41107
    endloop
  endfacet
  facet normal -0.514027 0 -0.857774
    outer loop
      vertex 80.7542 0 8.41107
      vertex 80.8889 4 8.33035
      vertex 80.8889 0 8.33035
    endloop
  endfacet
  facet normal -0.514027 0 -0.857774
    outer loop
      vertex 80.8889 4 8.33035
      vertex 80.7542 0 8.41107
      vertex 80.7542 4 8.41107
    endloop
  endfacet
  facet normal -0.242895 0 0.970053
    outer loop
      vertex 80.3121 27.3 5.43074
      vertex 80.4645 23.3 5.4689
      vertex 80.4645 27.3 5.4689
    endloop
  endfacet
  facet normal -0.242895 0 0.970053
    outer loop
      vertex 80.4645 23.3 5.4689
      vertex 80.3121 27.3 5.43074
      vertex 80.3121 23.3 5.43074
    endloop
  endfacet
  facet normal -0.242895 0 0.970053
    outer loop
      vertex 80.3121 4 5.43074
      vertex 80.4645 0 5.4689
      vertex 80.4645 4 5.4689
    endloop
  endfacet
  facet normal -0.242895 0 0.970053
    outer loop
      vertex 80.4645 0 5.4689
      vertex 80.3121 4 5.43074
      vertex 80.3121 0 5.43074
    endloop
  endfacet
  facet normal 0.989212 -0 0.146493
    outer loop
      vertex 78.4077 23.3 6.84317
      vertex 78.4307 27.3 6.68786
      vertex 78.4077 27.3 6.84317
    endloop
  endfacet
  facet normal 0.989212 0 0.146493
    outer loop
      vertex 78.4307 27.3 6.68786
      vertex 78.4077 23.3 6.84317
      vertex 78.4307 23.3 6.68786
    endloop
  endfacet
  facet normal 0.989212 -0 0.146493
    outer loop
      vertex 78.4077 0 6.84317
      vertex 78.4307 4 6.68786
      vertex 78.4077 4 6.84317
    endloop
  endfacet
  facet normal 0.989212 0 0.146493
    outer loop
      vertex 78.4307 4 6.68786
      vertex 78.4077 0 6.84317
      vertex 78.4307 0 6.68786
    endloop
  endfacet
  facet normal -0.857796 0 0.51399
    outer loop
      vertex 81.3304 23.3 6.11109
      vertex 81.4111 27.3 6.24577
      vertex 81.3304 27.3 6.11109
    endloop
  endfacet
  facet normal -0.857796 0 0.51399
    outer loop
      vertex 81.4111 27.3 6.24577
      vertex 81.3304 23.3 6.11109
      vertex 81.4111 23.3 6.24577
    endloop
  endfacet
  facet normal -0.857796 0 0.51399
    outer loop
      vertex 81.3304 0 6.11109
      vertex 81.4111 4 6.24577
      vertex 81.3304 4 6.11109
    endloop
  endfacet
  facet normal -0.857796 0 0.51399
    outer loop
      vertex 81.4111 4 6.24577
      vertex 81.3304 0 6.11109
      vertex 81.4111 0 6.24577
    endloop
  endfacet
  facet normal -0.969959 0 -0.24327
    outer loop
      vertex 81.5693 23.3 7.31214
      vertex 81.5311 27.3 7.46445
      vertex 81.5693 27.3 7.31214
    endloop
  endfacet
  facet normal -0.969959 -0 -0.24327
    outer loop
      vertex 81.5311 27.3 7.46445
      vertex 81.5693 23.3 7.31214
      vertex 81.5311 23.3 7.46445
    endloop
  endfacet
  facet normal -0.969959 0 -0.24327
    outer loop
      vertex 81.5693 0 7.31214
      vertex 81.5311 4 7.46445
      vertex 81.5693 4 7.31214
    endloop
  endfacet
  facet normal -0.969959 -0 -0.24327
    outer loop
      vertex 81.5311 4 7.46445
      vertex 81.5693 0 7.31214
      vertex 81.5311 0 7.46445
    endloop
  endfacet
  facet normal 0.146689 0 -0.989183
    outer loop
      vertex 79.6879 23.3 8.56926
      vertex 79.8432 27.3 8.59229
      vertex 79.8432 23.3 8.59229
    endloop
  endfacet
  facet normal 0.146689 0 -0.989183
    outer loop
      vertex 79.8432 27.3 8.59229
      vertex 79.6879 23.3 8.56926
      vertex 79.6879 27.3 8.56926
    endloop
  endfacet
  facet normal 0.146689 0 -0.989183
    outer loop
      vertex 79.6879 0 8.56926
      vertex 79.8432 4 8.59229
      vertex 79.8432 0 8.59229
    endloop
  endfacet
  facet normal 0.146689 0 -0.989183
    outer loop
      vertex 79.8432 4 8.59229
      vertex 79.6879 0 8.56926
      vertex 79.6879 4 8.56926
    endloop
  endfacet
  facet normal 0.998797 0 -0.0490387
    outer loop
      vertex 78.4077 23.3 7.15683
      vertex 78.4 27.3 7
      vertex 78.4077 27.3 7.15683
    endloop
  endfacet
  facet normal 0.998797 0 -0.0490387
    outer loop
      vertex 78.4 27.3 7
      vertex 78.4077 23.3 7.15683
      vertex 78.4 23.3 7
    endloop
  endfacet
  facet normal 0.998797 0 -0.0490387
    outer loop
      vertex 78.4077 0 7.15683
      vertex 78.4 4 7
      vertex 78.4077 4 7.15683
    endloop
  endfacet
  facet normal 0.998797 0 -0.0490387
    outer loop
      vertex 78.4 4 7
      vertex 78.4077 0 7.15683
      vertex 78.4 0 7
    endloop
  endfacet
  facet normal -0.146689 0 0.989183
    outer loop
      vertex 80.1568 27.3 5.40771
      vertex 80.3121 23.3 5.43074
      vertex 80.3121 27.3 5.43074
    endloop
  endfacet
  facet normal -0.146689 0 0.989183
    outer loop
      vertex 80.3121 23.3 5.43074
      vertex 80.1568 27.3 5.40771
      vertex 80.1568 23.3 5.40771
    endloop
  endfacet
  facet normal -0.146689 0 0.989183
    outer loop
      vertex 80.1568 4 5.40771
      vertex 80.3121 0 5.43074
      vertex 80.3121 4 5.43074
    endloop
  endfacet
  facet normal -0.146689 0 0.989183
    outer loop
      vertex 80.3121 0 5.43074
      vertex 80.1568 4 5.40771
      vertex 80.1568 0 5.40771
    endloop
  endfacet
  facet normal -0.94154 0 0.336901
    outer loop
      vertex 81.4782 23.3 6.38771
      vertex 81.5311 27.3 6.53555
      vertex 81.4782 27.3 6.38771
    endloop
  endfacet
  facet normal -0.94154 0 0.336901
    outer loop
      vertex 81.5311 27.3 6.53555
      vertex 81.4782 23.3 6.38771
      vertex 81.5311 23.3 6.53555
    endloop
  endfacet
  facet normal -0.94154 0 0.336901
    outer loop
      vertex 81.4782 0 6.38771
      vertex 81.5311 4 6.53555
      vertex 81.4782 4 6.38771
    endloop
  endfacet
  facet normal -0.94154 0 0.336901
    outer loop
      vertex 81.5311 4 6.53555
      vertex 81.4782 0 6.38771
      vertex 81.5311 0 6.53555
    endloop
  endfacet
  facet normal -0.671388 0 0.741106
    outer loop
      vertex 81.015 27.3 5.76318
      vertex 81.1314 23.3 5.86863
      vertex 81.1314 27.3 5.86863
    endloop
  endfacet
  facet normal -0.671388 0 0.741106
    outer loop
      vertex 81.1314 23.3 5.86863
      vertex 81.015 27.3 5.76318
      vertex 81.015 23.3 5.76318
    endloop
  endfacet
  facet normal -0.671388 0 0.741106
    outer loop
      vertex 81.015 4 5.76318
      vertex 81.1314 0 5.86863
      vertex 81.1314 4 5.86863
    endloop
  endfacet
  facet normal -0.671388 0 0.741106
    outer loop
      vertex 81.1314 0 5.86863
      vertex 81.015 4 5.76318
      vertex 81.015 0 5.76318
    endloop
  endfacet
  facet normal 0.741092 -0 0.671404
    outer loop
      vertex 78.7632 23.3 5.98497
      vertex 78.8686 27.3 5.86863
      vertex 78.7632 27.3 5.98497
    endloop
  endfacet
  facet normal 0.741092 0 0.671404
    outer loop
      vertex 78.8686 27.3 5.86863
      vertex 78.7632 23.3 5.98497
      vertex 78.8686 23.3 5.86863
    endloop
  endfacet
  facet normal 0.741092 -0 0.671404
    outer loop
      vertex 78.7632 0 5.98497
      vertex 78.8686 4 5.86863
      vertex 78.7632 4 5.98497
    endloop
  endfacet
  facet normal 0.741092 0 0.671404
    outer loop
      vertex 78.8686 4 5.86863
      vertex 78.7632 0 5.98497
      vertex 78.8686 0 5.86863
    endloop
  endfacet
  facet normal 0.969959 0 -0.24327
    outer loop
      vertex 78.4689 23.3 7.46445
      vertex 78.4307 27.3 7.31214
      vertex 78.4689 27.3 7.46445
    endloop
  endfacet
  facet normal 0.969959 0 -0.24327
    outer loop
      vertex 78.4307 27.3 7.31214
      vertex 78.4689 23.3 7.46445
      vertex 78.4307 23.3 7.31214
    endloop
  endfacet
  facet normal 0.969959 0 -0.24327
    outer loop
      vertex 78.4689 0 7.46445
      vertex 78.4307 4 7.31214
      vertex 78.4689 4 7.46445
    endloop
  endfacet
  facet normal 0.969959 0 -0.24327
    outer loop
      vertex 78.4307 4 7.31214
      vertex 78.4689 0 7.46445
      vertex 78.4307 0 7.31214
    endloop
  endfacet
  facet normal 0.336926 0 0.941531
    outer loop
      vertex 79.3877 27.3 5.52179
      vertex 79.5355 23.3 5.4689
      vertex 79.5355 27.3 5.4689
    endloop
  endfacet
  facet normal 0.336926 0 0.941531
    outer loop
      vertex 79.5355 23.3 5.4689
      vertex 79.3877 27.3 5.52179
      vertex 79.3877 23.3 5.52179
    endloop
  endfacet
  facet normal 0.336926 0 0.941531
    outer loop
      vertex 79.3877 4 5.52179
      vertex 79.5355 0 5.4689
      vertex 79.5355 4 5.4689
    endloop
  endfacet
  facet normal 0.336926 0 0.941531
    outer loop
      vertex 79.5355 0 5.4689
      vertex 79.3877 4 5.52179
      vertex 79.3877 0 5.52179
    endloop
  endfacet
  facet normal 0.94154 0 -0.336901
    outer loop
      vertex 78.5218 23.3 7.61229
      vertex 78.4689 27.3 7.46445
      vertex 78.5218 27.3 7.61229
    endloop
  endfacet
  facet normal 0.94154 0 -0.336901
    outer loop
      vertex 78.4689 27.3 7.46445
      vertex 78.5218 23.3 7.61229
      vertex 78.4689 23.3 7.46445
    endloop
  endfacet
  facet normal 0.94154 0 -0.336901
    outer loop
      vertex 78.5218 0 7.61229
      vertex 78.4689 4 7.46445
      vertex 78.5218 4 7.61229
    endloop
  endfacet
  facet normal 0.94154 0 -0.336901
    outer loop
      vertex 78.4689 4 7.46445
      vertex 78.5218 0 7.61229
      vertex 78.4689 0 7.46445
    endloop
  endfacet
  facet normal -0.336926 0 0.941531
    outer loop
      vertex 80.4645 27.3 5.4689
      vertex 80.6123 23.3 5.52179
      vertex 80.6123 27.3 5.52179
    endloop
  endfacet
  facet normal -0.336926 0 0.941531
    outer loop
      vertex 80.6123 23.3 5.52179
      vertex 80.4645 27.3 5.4689
      vertex 80.4645 23.3 5.4689
    endloop
  endfacet
  facet normal -0.336926 0 0.941531
    outer loop
      vertex 80.4645 4 5.4689
      vertex 80.6123 0 5.52179
      vertex 80.6123 4 5.52179
    endloop
  endfacet
  facet normal -0.336926 0 0.941531
    outer loop
      vertex 80.6123 0 5.52179
      vertex 80.4645 4 5.4689
      vertex 80.4645 0 5.4689
    endloop
  endfacet
  facet normal 0.803015 -0 0.595958
    outer loop
      vertex 78.6696 23.3 6.11109
      vertex 78.7632 27.3 5.98497
      vertex 78.6696 27.3 6.11109
    endloop
  endfacet
  facet normal 0.803015 0 0.595958
    outer loop
      vertex 78.7632 27.3 5.98497
      vertex 78.6696 23.3 6.11109
      vertex 78.7632 23.3 5.98497
    endloop
  endfacet
  facet normal 0.803015 -0 0.595958
    outer loop
      vertex 78.6696 0 6.11109
      vertex 78.7632 4 5.98497
      vertex 78.6696 4 6.11109
    endloop
  endfacet
  facet normal 0.803015 0 0.595958
    outer loop
      vertex 78.7632 4 5.98497
      vertex 78.6696 0 6.11109
      vertex 78.7632 0 5.98497
    endloop
  endfacet
  facet normal -0.803015 0 0.595958
    outer loop
      vertex 81.2368 23.3 5.98497
      vertex 81.3304 27.3 6.11109
      vertex 81.2368 27.3 5.98497
    endloop
  endfacet
  facet normal -0.803015 0 0.595958
    outer loop
      vertex 81.3304 27.3 6.11109
      vertex 81.2368 23.3 5.98497
      vertex 81.3304 23.3 6.11109
    endloop
  endfacet
  facet normal -0.803015 0 0.595958
    outer loop
      vertex 81.2368 0 5.98497
      vertex 81.3304 4 6.11109
      vertex 81.2368 4 5.98497
    endloop
  endfacet
  facet normal -0.803015 0 0.595958
    outer loop
      vertex 81.3304 4 6.11109
      vertex 81.2368 0 5.98497
      vertex 81.3304 0 6.11109
    endloop
  endfacet
  facet normal 0.969959 -0 0.24327
    outer loop
      vertex 78.4307 23.3 6.68786
      vertex 78.4689 27.3 6.53555
      vertex 78.4307 27.3 6.68786
    endloop
  endfacet
  facet normal 0.969959 0 0.24327
    outer loop
      vertex 78.4689 27.3 6.53555
      vertex 78.4307 23.3 6.68786
      vertex 78.4689 23.3 6.53555
    endloop
  endfacet
  facet normal 0.969959 -0 0.24327
    outer loop
      vertex 78.4307 0 6.68786
      vertex 78.4689 4 6.53555
      vertex 78.4307 4 6.68786
    endloop
  endfacet
  facet normal 0.969959 0 0.24327
    outer loop
      vertex 78.4689 4 6.53555
      vertex 78.4307 0 6.68786
      vertex 78.4689 0 6.53555
    endloop
  endfacet
  facet normal 0.671388 0 0.741106
    outer loop
      vertex 78.8686 27.3 5.86863
      vertex 78.985 23.3 5.76318
      vertex 78.985 27.3 5.76318
    endloop
  endfacet
  facet normal 0.671388 0 0.741106
    outer loop
      vertex 78.985 23.3 5.76318
      vertex 78.8686 27.3 5.86863
      vertex 78.8686 23.3 5.86863
    endloop
  endfacet
  facet normal 0.671388 0 0.741106
    outer loop
      vertex 78.8686 4 5.86863
      vertex 78.985 0 5.76318
      vertex 78.985 4 5.76318
    endloop
  endfacet
  facet normal 0.671388 0 0.741106
    outer loop
      vertex 78.985 0 5.76318
      vertex 78.8686 4 5.86863
      vertex 78.8686 0 5.86863
    endloop
  endfacet
  facet normal -0.427692 0 -0.903925
    outer loop
      vertex 80.6123 23.3 8.47821
      vertex 80.7542 27.3 8.41107
      vertex 80.7542 23.3 8.41107
    endloop
  endfacet
  facet normal -0.427692 0 -0.903925
    outer loop
      vertex 80.7542 27.3 8.41107
      vertex 80.6123 23.3 8.47821
      vertex 80.6123 27.3 8.47821
    endloop
  endfacet
  facet normal -0.427692 0 -0.903925
    outer loop
      vertex 80.6123 0 8.47821
      vertex 80.7542 4 8.41107
      vertex 80.7542 0 8.41107
    endloop
  endfacet
  facet normal -0.427692 0 -0.903925
    outer loop
      vertex 80.7542 4 8.41107
      vertex 80.6123 0 8.47821
      vertex 80.6123 4 8.47821
    endloop
  endfacet
  facet normal 0.242895 0 0.970053
    outer loop
      vertex 79.5355 27.3 5.4689
      vertex 79.6879 23.3 5.43074
      vertex 79.6879 27.3 5.43074
    endloop
  endfacet
  facet normal 0.242895 0 0.970053
    outer loop
      vertex 79.6879 23.3 5.43074
      vertex 79.5355 27.3 5.4689
      vertex 79.5355 23.3 5.4689
    endloop
  endfacet
  facet normal 0.242895 0 0.970053
    outer loop
      vertex 79.5355 4 5.4689
      vertex 79.6879 0 5.43074
      vertex 79.6879 4 5.43074
    endloop
  endfacet
  facet normal 0.242895 0 0.970053
    outer loop
      vertex 79.6879 0 5.43074
      vertex 79.5355 4 5.4689
      vertex 79.5355 0 5.4689
    endloop
  endfacet
  facet normal 0.94154 -0 0.336901
    outer loop
      vertex 78.4689 23.3 6.53555
      vertex 78.5218 27.3 6.38771
      vertex 78.4689 27.3 6.53555
    endloop
  endfacet
  facet normal 0.94154 0 0.336901
    outer loop
      vertex 78.5218 27.3 6.38771
      vertex 78.4689 23.3 6.53555
      vertex 78.5218 23.3 6.38771
    endloop
  endfacet
  facet normal 0.94154 -0 0.336901
    outer loop
      vertex 78.4689 0 6.53555
      vertex 78.5218 4 6.38771
      vertex 78.4689 4 6.53555
    endloop
  endfacet
  facet normal 0.94154 0 0.336901
    outer loop
      vertex 78.5218 4 6.38771
      vertex 78.4689 0 6.53555
      vertex 78.5218 0 6.38771
    endloop
  endfacet
  facet normal -0.514027 0 0.857774
    outer loop
      vertex 80.7542 27.3 5.58893
      vertex 80.8889 23.3 5.66965
      vertex 80.8889 27.3 5.66965
    endloop
  endfacet
  facet normal -0.514027 0 0.857774
    outer loop
      vertex 80.8889 23.3 5.66965
      vertex 80.7542 27.3 5.58893
      vertex 80.7542 23.3 5.58893
    endloop
  endfacet
  facet normal -0.514027 0 0.857774
    outer loop
      vertex 80.7542 4 5.58893
      vertex 80.8889 0 5.66965
      vertex 80.8889 4 5.66965
    endloop
  endfacet
  facet normal -0.514027 0 0.857774
    outer loop
      vertex 80.8889 0 5.66965
      vertex 80.7542 4 5.58893
      vertex 80.7542 0 5.58893
    endloop
  endfacet
  facet normal 0.514027 0 -0.857774
    outer loop
      vertex 79.1111 23.3 8.33035
      vertex 79.2458 27.3 8.41107
      vertex 79.2458 23.3 8.41107
    endloop
  endfacet
  facet normal 0.514027 0 -0.857774
    outer loop
      vertex 79.2458 27.3 8.41107
      vertex 79.1111 23.3 8.33035
      vertex 79.1111 27.3 8.33035
    endloop
  endfacet
  facet normal 0.514027 0 -0.857774
    outer loop
      vertex 79.1111 0 8.33035
      vertex 79.2458 4 8.41107
      vertex 79.2458 0 8.41107
    endloop
  endfacet
  facet normal 0.514027 0 -0.857774
    outer loop
      vertex 79.2458 4 8.41107
      vertex 79.1111 0 8.33035
      vertex 79.1111 4 8.33035
    endloop
  endfacet
  facet normal 0.595732 0 0.803184
    outer loop
      vertex 78.985 27.3 5.76318
      vertex 79.1111 23.3 5.66965
      vertex 79.1111 27.3 5.66965
    endloop
  endfacet
  facet normal 0.595732 0 0.803184
    outer loop
      vertex 79.1111 23.3 5.66965
      vertex 78.985 27.3 5.76318
      vertex 78.985 23.3 5.76318
    endloop
  endfacet
  facet normal 0.595732 0 0.803184
    outer loop
      vertex 78.985 4 5.76318
      vertex 79.1111 0 5.66965
      vertex 79.1111 4 5.66965
    endloop
  endfacet
  facet normal 0.595732 0 0.803184
    outer loop
      vertex 79.1111 0 5.66965
      vertex 78.985 4 5.76318
      vertex 78.985 0 5.76318
    endloop
  endfacet
  facet normal 0.0491116 0 0.998793
    outer loop
      vertex 79.8432 27.3 5.40771
      vertex 80 23.3 5.4
      vertex 80 27.3 5.4
    endloop
  endfacet
  facet normal 0.0491116 0 0.998793
    outer loop
      vertex 80 23.3 5.4
      vertex 79.8432 27.3 5.40771
      vertex 79.8432 23.3 5.40771
    endloop
  endfacet
  facet normal 0.0491116 0 0.998793
    outer loop
      vertex 79.8432 4 5.40771
      vertex 80 0 5.4
      vertex 80 4 5.4
    endloop
  endfacet
  facet normal 0.0491116 0 0.998793
    outer loop
      vertex 80 0 5.4
      vertex 79.8432 4 5.40771
      vertex 79.8432 0 5.40771
    endloop
  endfacet
  facet normal -0.0491116 0 -0.998793
    outer loop
      vertex 80 23.3 8.6
      vertex 80.1568 27.3 8.59229
      vertex 80.1568 23.3 8.59229
    endloop
  endfacet
  facet normal -0.0491116 0 -0.998793
    outer loop
      vertex 80.1568 27.3 8.59229
      vertex 80 23.3 8.6
      vertex 80 27.3 8.6
    endloop
  endfacet
  facet normal -0.0491116 0 -0.998793
    outer loop
      vertex 80 0 8.6
      vertex 80.1568 4 8.59229
      vertex 80.1568 0 8.59229
    endloop
  endfacet
  facet normal -0.0491116 0 -0.998793
    outer loop
      vertex 80.1568 4 8.59229
      vertex 80 0 8.6
      vertex 80 4 8.6
    endloop
  endfacet
  facet normal -0.94154 0 -0.336901
    outer loop
      vertex 81.5311 23.3 7.46445
      vertex 81.4782 27.3 7.61229
      vertex 81.5311 27.3 7.46445
    endloop
  endfacet
  facet normal -0.94154 -0 -0.336901
    outer loop
      vertex 81.4782 27.3 7.61229
      vertex 81.5311 23.3 7.46445
      vertex 81.4782 23.3 7.61229
    endloop
  endfacet
  facet normal -0.94154 0 -0.336901
    outer loop
      vertex 81.5311 0 7.46445
      vertex 81.4782 4 7.61229
      vertex 81.5311 4 7.46445
    endloop
  endfacet
  facet normal -0.94154 -0 -0.336901
    outer loop
      vertex 81.4782 4 7.61229
      vertex 81.5311 0 7.46445
      vertex 81.4782 0 7.61229
    endloop
  endfacet
  facet normal -0.803015 0 -0.595958
    outer loop
      vertex 81.3304 23.3 7.88891
      vertex 81.2368 27.3 8.01503
      vertex 81.3304 27.3 7.88891
    endloop
  endfacet
  facet normal -0.803015 -0 -0.595958
    outer loop
      vertex 81.2368 27.3 8.01503
      vertex 81.3304 23.3 7.88891
      vertex 81.2368 23.3 8.01503
    endloop
  endfacet
  facet normal -0.803015 0 -0.595958
    outer loop
      vertex 81.3304 0 7.88891
      vertex 81.2368 4 8.01503
      vertex 81.3304 4 7.88891
    endloop
  endfacet
  facet normal -0.803015 -0 -0.595958
    outer loop
      vertex 81.2368 4 8.01503
      vertex 81.3304 0 7.88891
      vertex 81.2368 0 8.01503
    endloop
  endfacet
  facet normal -0.989212 0 -0.146493
    outer loop
      vertex 81.5923 23.3 7.15683
      vertex 81.5693 27.3 7.31214
      vertex 81.5923 27.3 7.15683
    endloop
  endfacet
  facet normal -0.989212 -0 -0.146493
    outer loop
      vertex 81.5693 27.3 7.31214
      vertex 81.5923 23.3 7.15683
      vertex 81.5693 23.3 7.31214
    endloop
  endfacet
  facet normal -0.989212 0 -0.146493
    outer loop
      vertex 81.5923 0 7.15683
      vertex 81.5693 4 7.31214
      vertex 81.5923 4 7.15683
    endloop
  endfacet
  facet normal -0.989212 -0 -0.146493
    outer loop
      vertex 81.5693 4 7.31214
      vertex 81.5923 0 7.15683
      vertex 81.5693 0 7.31214
    endloop
  endfacet
  facet normal 0.857796 -0 0.51399
    outer loop
      vertex 78.5889 23.3 6.24577
      vertex 78.6696 27.3 6.11109
      vertex 78.5889 27.3 6.24577
    endloop
  endfacet
  facet normal 0.857796 0 0.51399
    outer loop
      vertex 78.6696 27.3 6.11109
      vertex 78.5889 23.3 6.24577
      vertex 78.6696 23.3 6.11109
    endloop
  endfacet
  facet normal 0.857796 -0 0.51399
    outer loop
      vertex 78.5889 0 6.24577
      vertex 78.6696 4 6.11109
      vertex 78.5889 4 6.24577
    endloop
  endfacet
  facet normal 0.857796 0 0.51399
    outer loop
      vertex 78.6696 4 6.11109
      vertex 78.5889 0 6.24577
      vertex 78.6696 0 6.11109
    endloop
  endfacet
  facet normal -0.90407 0 0.427385
    outer loop
      vertex 81.4111 23.3 6.24577
      vertex 81.4782 27.3 6.38771
      vertex 81.4111 27.3 6.24577
    endloop
  endfacet
  facet normal -0.90407 0 0.427385
    outer loop
      vertex 81.4782 27.3 6.38771
      vertex 81.4111 23.3 6.24577
      vertex 81.4782 23.3 6.38771
    endloop
  endfacet
  facet normal -0.90407 0 0.427385
    outer loop
      vertex 81.4111 0 6.24577
      vertex 81.4782 4 6.38771
      vertex 81.4111 4 6.24577
    endloop
  endfacet
  facet normal -0.90407 0 0.427385
    outer loop
      vertex 81.4782 4 6.38771
      vertex 81.4111 0 6.24577
      vertex 81.4782 0 6.38771
    endloop
  endfacet
  facet normal 0.427692 0 0.903925
    outer loop
      vertex 79.2458 27.3 5.58893
      vertex 79.3877 23.3 5.52179
      vertex 79.3877 27.3 5.52179
    endloop
  endfacet
  facet normal 0.427692 0 0.903925
    outer loop
      vertex 79.3877 23.3 5.52179
      vertex 79.2458 27.3 5.58893
      vertex 79.2458 23.3 5.58893
    endloop
  endfacet
  facet normal 0.427692 0 0.903925
    outer loop
      vertex 79.2458 4 5.58893
      vertex 79.3877 0 5.52179
      vertex 79.3877 4 5.52179
    endloop
  endfacet
  facet normal 0.427692 0 0.903925
    outer loop
      vertex 79.3877 0 5.52179
      vertex 79.2458 4 5.58893
      vertex 79.2458 0 5.58893
    endloop
  endfacet
  facet normal -0.595732 0 -0.803184
    outer loop
      vertex 80.8889 23.3 8.33035
      vertex 81.015 27.3 8.23682
      vertex 81.015 23.3 8.23682
    endloop
  endfacet
  facet normal -0.595732 0 -0.803184
    outer loop
      vertex 81.015 27.3 8.23682
      vertex 80.8889 23.3 8.33035
      vertex 80.8889 27.3 8.33035
    endloop
  endfacet
  facet normal -0.595732 0 -0.803184
    outer loop
      vertex 80.8889 0 8.33035
      vertex 81.015 4 8.23682
      vertex 81.015 0 8.23682
    endloop
  endfacet
  facet normal -0.595732 0 -0.803184
    outer loop
      vertex 81.015 4 8.23682
      vertex 80.8889 0 8.33035
      vertex 80.8889 4 8.33035
    endloop
  endfacet
  facet normal -0.595732 0 0.803184
    outer loop
      vertex 80.8889 27.3 5.66965
      vertex 81.015 23.3 5.76318
      vertex 81.015 27.3 5.76318
    endloop
  endfacet
  facet normal -0.595732 0 0.803184
    outer loop
      vertex 81.015 23.3 5.76318
      vertex 80.8889 27.3 5.66965
      vertex 80.8889 23.3 5.66965
    endloop
  endfacet
  facet normal -0.595732 0 0.803184
    outer loop
      vertex 80.8889 4 5.66965
      vertex 81.015 0 5.76318
      vertex 81.015 4 5.76318
    endloop
  endfacet
  facet normal -0.595732 0 0.803184
    outer loop
      vertex 81.015 0 5.76318
      vertex 80.8889 4 5.66965
      vertex 80.8889 0 5.66965
    endloop
  endfacet
  facet normal 0.671388 0 -0.741106
    outer loop
      vertex 78.8686 23.3 8.13137
      vertex 78.985 27.3 8.23682
      vertex 78.985 23.3 8.23682
    endloop
  endfacet
  facet normal 0.671388 0 -0.741106
    outer loop
      vertex 78.985 27.3 8.23682
      vertex 78.8686 23.3 8.13137
      vertex 78.8686 27.3 8.13137
    endloop
  endfacet
  facet normal 0.671388 0 -0.741106
    outer loop
      vertex 78.8686 0 8.13137
      vertex 78.985 4 8.23682
      vertex 78.985 0 8.23682
    endloop
  endfacet
  facet normal 0.671388 0 -0.741106
    outer loop
      vertex 78.985 4 8.23682
      vertex 78.8686 0 8.13137
      vertex 78.8686 4 8.13137
    endloop
  endfacet
  facet normal -0.998797 0 -0.0490387
    outer loop
      vertex 81.6 23.3 7
      vertex 81.5923 27.3 7.15683
      vertex 81.6 27.3 7
    endloop
  endfacet
  facet normal -0.998797 -0 -0.0490387
    outer loop
      vertex 81.5923 27.3 7.15683
      vertex 81.6 23.3 7
      vertex 81.5923 23.3 7.15683
    endloop
  endfacet
  facet normal -0.998797 0 -0.0490387
    outer loop
      vertex 81.6 0 7
      vertex 81.5923 4 7.15683
      vertex 81.6 4 7
    endloop
  endfacet
  facet normal -0.998797 -0 -0.0490387
    outer loop
      vertex 81.5923 4 7.15683
      vertex 81.6 0 7
      vertex 81.5923 0 7.15683
    endloop
  endfacet
  facet normal 0.803015 0 -0.595958
    outer loop
      vertex 78.7632 23.3 8.01503
      vertex 78.6696 27.3 7.88891
      vertex 78.7632 27.3 8.01503
    endloop
  endfacet
  facet normal 0.803015 0 -0.595958
    outer loop
      vertex 78.6696 27.3 7.88891
      vertex 78.7632 23.3 8.01503
      vertex 78.6696 23.3 7.88891
    endloop
  endfacet
  facet normal 0.803015 0 -0.595958
    outer loop
      vertex 78.7632 0 8.01503
      vertex 78.6696 4 7.88891
      vertex 78.7632 4 8.01503
    endloop
  endfacet
  facet normal 0.803015 0 -0.595958
    outer loop
      vertex 78.6696 4 7.88891
      vertex 78.7632 0 8.01503
      vertex 78.6696 0 7.88891
    endloop
  endfacet
  facet normal 0.90407 0 -0.427385
    outer loop
      vertex 78.5889 23.3 7.75423
      vertex 78.5218 27.3 7.61229
      vertex 78.5889 27.3 7.75423
    endloop
  endfacet
  facet normal 0.90407 0 -0.427385
    outer loop
      vertex 78.5218 27.3 7.61229
      vertex 78.5889 23.3 7.75423
      vertex 78.5218 23.3 7.61229
    endloop
  endfacet
  facet normal 0.90407 0 -0.427385
    outer loop
      vertex 78.5889 0 7.75423
      vertex 78.5218 4 7.61229
      vertex 78.5889 4 7.75423
    endloop
  endfacet
  facet normal 0.90407 0 -0.427385
    outer loop
      vertex 78.5218 4 7.61229
      vertex 78.5889 0 7.75423
      vertex 78.5218 0 7.61229
    endloop
  endfacet
  facet normal -0.0491116 0 0.998793
    outer loop
      vertex 80 27.3 5.4
      vertex 80.1568 23.3 5.40771
      vertex 80.1568 27.3 5.40771
    endloop
  endfacet
  facet normal -0.0491116 0 0.998793
    outer loop
      vertex 80.1568 23.3 5.40771
      vertex 80 27.3 5.4
      vertex 80 23.3 5.4
    endloop
  endfacet
  facet normal -0.0491116 0 0.998793
    outer loop
      vertex 80 4 5.4
      vertex 80.1568 0 5.40771
      vertex 80.1568 4 5.40771
    endloop
  endfacet
  facet normal -0.0491116 0 0.998793
    outer loop
      vertex 80.1568 0 5.40771
      vertex 80 4 5.4
      vertex 80 0 5.4
    endloop
  endfacet
  facet normal 0.427692 0 -0.903925
    outer loop
      vertex 79.2458 23.3 8.41107
      vertex 79.3877 27.3 8.47821
      vertex 79.3877 23.3 8.47821
    endloop
  endfacet
  facet normal 0.427692 0 -0.903925
    outer loop
      vertex 79.3877 27.3 8.47821
      vertex 79.2458 23.3 8.41107
      vertex 79.2458 27.3 8.41107
    endloop
  endfacet
  facet normal 0.427692 0 -0.903925
    outer loop
      vertex 79.2458 0 8.41107
      vertex 79.3877 4 8.47821
      vertex 79.3877 0 8.47821
    endloop
  endfacet
  facet normal 0.427692 0 -0.903925
    outer loop
      vertex 79.3877 4 8.47821
      vertex 79.2458 0 8.41107
      vertex 79.2458 4 8.41107
    endloop
  endfacet
  facet normal 0.146689 0 0.989183
    outer loop
      vertex 79.6879 27.3 5.43074
      vertex 79.8432 23.3 5.40771
      vertex 79.8432 27.3 5.40771
    endloop
  endfacet
  facet normal 0.146689 0 0.989183
    outer loop
      vertex 79.8432 23.3 5.40771
      vertex 79.6879 27.3 5.43074
      vertex 79.6879 23.3 5.43074
    endloop
  endfacet
  facet normal 0.146689 0 0.989183
    outer loop
      vertex 79.6879 4 5.43074
      vertex 79.8432 0 5.40771
      vertex 79.8432 4 5.40771
    endloop
  endfacet
  facet normal 0.146689 0 0.989183
    outer loop
      vertex 79.8432 0 5.40771
      vertex 79.6879 4 5.43074
      vertex 79.6879 0 5.43074
    endloop
  endfacet
  facet normal 0.989212 0 -0.146493
    outer loop
      vertex 78.4307 23.3 7.31214
      vertex 78.4077 27.3 7.15683
      vertex 78.4307 27.3 7.31214
    endloop
  endfacet
  facet normal 0.989212 0 -0.146493
    outer loop
      vertex 78.4077 27.3 7.15683
      vertex 78.4307 23.3 7.31214
      vertex 78.4077 23.3 7.15683
    endloop
  endfacet
  facet normal 0.989212 0 -0.146493
    outer loop
      vertex 78.4307 0 7.31214
      vertex 78.4077 4 7.15683
      vertex 78.4307 4 7.31214
    endloop
  endfacet
  facet normal 0.989212 0 -0.146493
    outer loop
      vertex 78.4077 4 7.15683
      vertex 78.4307 0 7.31214
      vertex 78.4077 0 7.15683
    endloop
  endfacet
  facet normal -0.336926 0 -0.941531
    outer loop
      vertex 80.4645 23.3 8.5311
      vertex 80.6123 27.3 8.47821
      vertex 80.6123 23.3 8.47821
    endloop
  endfacet
  facet normal -0.336926 0 -0.941531
    outer loop
      vertex 80.6123 27.3 8.47821
      vertex 80.4645 23.3 8.5311
      vertex 80.4645 27.3 8.5311
    endloop
  endfacet
  facet normal -0.336926 0 -0.941531
    outer loop
      vertex 80.4645 0 8.5311
      vertex 80.6123 4 8.47821
      vertex 80.6123 0 8.47821
    endloop
  endfacet
  facet normal -0.336926 0 -0.941531
    outer loop
      vertex 80.6123 4 8.47821
      vertex 80.4645 0 8.5311
      vertex 80.4645 4 8.5311
    endloop
  endfacet
  facet normal -0.242895 0 -0.970053
    outer loop
      vertex 80.3121 23.3 8.56926
      vertex 80.4645 27.3 8.5311
      vertex 80.4645 23.3 8.5311
    endloop
  endfacet
  facet normal -0.242895 0 -0.970053
    outer loop
      vertex 80.4645 27.3 8.5311
      vertex 80.3121 23.3 8.56926
      vertex 80.3121 27.3 8.56926
    endloop
  endfacet
  facet normal -0.242895 0 -0.970053
    outer loop
      vertex 80.3121 0 8.56926
      vertex 80.4645 4 8.5311
      vertex 80.4645 0 8.5311
    endloop
  endfacet
  facet normal -0.242895 0 -0.970053
    outer loop
      vertex 80.4645 4 8.5311
      vertex 80.3121 0 8.56926
      vertex 80.3121 4 8.56926
    endloop
  endfacet
  facet normal 0.90407 -0 0.427385
    outer loop
      vertex 78.5218 23.3 6.38771
      vertex 78.5889 27.3 6.24577
      vertex 78.5218 27.3 6.38771
    endloop
  endfacet
  facet normal 0.90407 0 0.427385
    outer loop
      vertex 78.5889 27.3 6.24577
      vertex 78.5218 23.3 6.38771
      vertex 78.5889 23.3 6.24577
    endloop
  endfacet
  facet normal 0.90407 -0 0.427385
    outer loop
      vertex 78.5218 0 6.38771
      vertex 78.5889 4 6.24577
      vertex 78.5218 4 6.38771
    endloop
  endfacet
  facet normal 0.90407 0 0.427385
    outer loop
      vertex 78.5889 4 6.24577
      vertex 78.5218 0 6.38771
      vertex 78.5889 0 6.24577
    endloop
  endfacet
  facet normal 0.741092 0 -0.671404
    outer loop
      vertex 78.8686 23.3 8.13137
      vertex 78.7632 27.3 8.01503
      vertex 78.8686 27.3 8.13137
    endloop
  endfacet
  facet normal 0.741092 0 -0.671404
    outer loop
      vertex 78.7632 27.3 8.01503
      vertex 78.8686 23.3 8.13137
      vertex 78.7632 23.3 8.01503
    endloop
  endfacet
  facet normal 0.741092 0 -0.671404
    outer loop
      vertex 78.8686 0 8.13137
      vertex 78.7632 4 8.01503
      vertex 78.8686 4 8.13137
    endloop
  endfacet
  facet normal 0.741092 0 -0.671404
    outer loop
      vertex 78.7632 4 8.01503
      vertex 78.8686 0 8.13137
      vertex 78.7632 0 8.01503
    endloop
  endfacet
  facet normal 0.595732 0 -0.803184
    outer loop
      vertex 78.985 23.3 8.23682
      vertex 79.1111 27.3 8.33035
      vertex 79.1111 23.3 8.33035
    endloop
  endfacet
  facet normal 0.595732 0 -0.803184
    outer loop
      vertex 79.1111 27.3 8.33035
      vertex 78.985 23.3 8.23682
      vertex 78.985 27.3 8.23682
    endloop
  endfacet
  facet normal 0.595732 0 -0.803184
    outer loop
      vertex 78.985 0 8.23682
      vertex 79.1111 4 8.33035
      vertex 79.1111 0 8.33035
    endloop
  endfacet
  facet normal 0.595732 0 -0.803184
    outer loop
      vertex 79.1111 4 8.33035
      vertex 78.985 0 8.23682
      vertex 78.985 4 8.23682
    endloop
  endfacet
  facet normal -0.90407 0 -0.427385
    outer loop
      vertex 81.4782 23.3 7.61229
      vertex 81.4111 27.3 7.75423
      vertex 81.4782 27.3 7.61229
    endloop
  endfacet
  facet normal -0.90407 -0 -0.427385
    outer loop
      vertex 81.4111 27.3 7.75423
      vertex 81.4782 23.3 7.61229
      vertex 81.4111 23.3 7.75423
    endloop
  endfacet
  facet normal -0.90407 0 -0.427385
    outer loop
      vertex 81.4782 0 7.61229
      vertex 81.4111 4 7.75423
      vertex 81.4782 4 7.61229
    endloop
  endfacet
  facet normal -0.90407 -0 -0.427385
    outer loop
      vertex 81.4111 4 7.75423
      vertex 81.4782 0 7.61229
      vertex 81.4111 0 7.75423
    endloop
  endfacet
  facet normal -0.857796 0 -0.51399
    outer loop
      vertex 81.4111 23.3 7.75423
      vertex 81.3304 27.3 7.88891
      vertex 81.4111 27.3 7.75423
    endloop
  endfacet
  facet normal -0.857796 -0 -0.51399
    outer loop
      vertex 81.3304 27.3 7.88891
      vertex 81.4111 23.3 7.75423
      vertex 81.3304 23.3 7.88891
    endloop
  endfacet
  facet normal -0.857796 0 -0.51399
    outer loop
      vertex 81.4111 0 7.75423
      vertex 81.3304 4 7.88891
      vertex 81.4111 4 7.75423
    endloop
  endfacet
  facet normal -0.857796 -0 -0.51399
    outer loop
      vertex 81.3304 4 7.88891
      vertex 81.4111 0 7.75423
      vertex 81.3304 0 7.88891
    endloop
  endfacet
  facet normal 0.0491116 0 -0.998793
    outer loop
      vertex 79.8432 23.3 8.59229
      vertex 80 27.3 8.6
      vertex 80 23.3 8.6
    endloop
  endfacet
  facet normal 0.0491116 0 -0.998793
    outer loop
      vertex 80 27.3 8.6
      vertex 79.8432 23.3 8.59229
      vertex 79.8432 27.3 8.59229
    endloop
  endfacet
  facet normal 0.0491116 0 -0.998793
    outer loop
      vertex 79.8432 0 8.59229
      vertex 80 4 8.6
      vertex 80 0 8.6
    endloop
  endfacet
  facet normal 0.0491116 0 -0.998793
    outer loop
      vertex 80 4 8.6
      vertex 79.8432 0 8.59229
      vertex 79.8432 4 8.59229
    endloop
  endfacet
  facet normal 0.998797 -0 0.0490387
    outer loop
      vertex 78.4 23.3 7
      vertex 78.4077 27.3 6.84317
      vertex 78.4 27.3 7
    endloop
  endfacet
  facet normal 0.998797 0 0.0490387
    outer loop
      vertex 78.4077 27.3 6.84317
      vertex 78.4 23.3 7
      vertex 78.4077 23.3 6.84317
    endloop
  endfacet
  facet normal 0.998797 -0 0.0490387
    outer loop
      vertex 78.4 0 7
      vertex 78.4077 4 6.84317
      vertex 78.4 4 7
    endloop
  endfacet
  facet normal 0.998797 0 0.0490387
    outer loop
      vertex 78.4077 4 6.84317
      vertex 78.4 0 7
      vertex 78.4077 0 6.84317
    endloop
  endfacet
  facet normal 0.336926 0 -0.941531
    outer loop
      vertex 79.3877 23.3 8.47821
      vertex 79.5355 27.3 8.5311
      vertex 79.5355 23.3 8.5311
    endloop
  endfacet
  facet normal 0.336926 0 -0.941531
    outer loop
      vertex 79.5355 27.3 8.5311
      vertex 79.3877 23.3 8.47821
      vertex 79.3877 27.3 8.47821
    endloop
  endfacet
  facet normal 0.336926 0 -0.941531
    outer loop
      vertex 79.3877 0 8.47821
      vertex 79.5355 4 8.5311
      vertex 79.5355 0 8.5311
    endloop
  endfacet
  facet normal 0.336926 0 -0.941531
    outer loop
      vertex 79.5355 4 8.5311
      vertex 79.3877 0 8.47821
      vertex 79.3877 4 8.47821
    endloop
  endfacet
  facet normal -0.671388 0 -0.741106
    outer loop
      vertex 81.015 23.3 8.23682
      vertex 81.1314 27.3 8.13137
      vertex 81.1314 23.3 8.13137
    endloop
  endfacet
  facet normal -0.671388 0 -0.741106
    outer loop
      vertex 81.1314 27.3 8.13137
      vertex 81.015 23.3 8.23682
      vertex 81.015 27.3 8.23682
    endloop
  endfacet
  facet normal -0.671388 0 -0.741106
    outer loop
      vertex 81.015 0 8.23682
      vertex 81.1314 4 8.13137
      vertex 81.1314 0 8.13137
    endloop
  endfacet
  facet normal -0.671388 0 -0.741106
    outer loop
      vertex 81.1314 4 8.13137
      vertex 81.015 0 8.23682
      vertex 81.015 4 8.23682
    endloop
  endfacet
  facet normal 0.90407 0 -0.427385
    outer loop
      vertex -21.4111 25.89 7.75423
      vertex -21.4782 27.3 7.61229
      vertex -21.4111 27.3 7.75423
    endloop
  endfacet
  facet normal 0.90407 0 -0.427385
    outer loop
      vertex -21.4782 27.3 7.61229
      vertex -21.4111 25.89 7.75423
      vertex -21.4782 25.89 7.61229
    endloop
  endfacet
  facet normal -0.989212 0 0.146493
    outer loop
      vertex -18.4307 25.89 6.68786
      vertex -18.4077 27.3 6.84317
      vertex -18.4307 27.3 6.68786
    endloop
  endfacet
  facet normal -0.989212 0 0.146493
    outer loop
      vertex -18.4077 27.3 6.84317
      vertex -18.4307 25.89 6.68786
      vertex -18.4077 25.89 6.84317
    endloop
  endfacet
  facet normal -0.998797 0 0.0490387
    outer loop
      vertex -18.4077 25.89 6.84317
      vertex -18.4 27.3 7
      vertex -18.4077 27.3 6.84317
    endloop
  endfacet
  facet normal -0.998797 0 0.0490387
    outer loop
      vertex -18.4 27.3 7
      vertex -18.4077 25.89 6.84317
      vertex -18.4 25.89 7
    endloop
  endfacet
  facet normal -0.969959 0 0.24327
    outer loop
      vertex -18.4689 25.89 6.53555
      vertex -18.4307 27.3 6.68786
      vertex -18.4689 27.3 6.53555
    endloop
  endfacet
  facet normal -0.969959 0 0.24327
    outer loop
      vertex -18.4307 27.3 6.68786
      vertex -18.4689 25.89 6.53555
      vertex -18.4307 25.89 6.68786
    endloop
  endfacet
  facet normal 0.427692 0 0.903925
    outer loop
      vertex -20.7542 27.3 5.58893
      vertex -20.6123 25.89 5.52179
      vertex -20.6123 27.3 5.52179
    endloop
  endfacet
  facet normal 0.427692 0 0.903925
    outer loop
      vertex -20.6123 25.89 5.52179
      vertex -20.7542 27.3 5.58893
      vertex -20.7542 25.89 5.58893
    endloop
  endfacet
  facet normal 0.857796 0 -0.51399
    outer loop
      vertex -21.3304 25.89 7.88891
      vertex -21.4111 27.3 7.75423
      vertex -21.3304 27.3 7.88891
    endloop
  endfacet
  facet normal 0.857796 0 -0.51399
    outer loop
      vertex -21.4111 27.3 7.75423
      vertex -21.3304 25.89 7.88891
      vertex -21.4111 25.89 7.75423
    endloop
  endfacet
  facet normal 0.242895 0 -0.970053
    outer loop
      vertex -20.4645 25.89 8.5311
      vertex -20.3121 27.3 8.56926
      vertex -20.3121 25.89 8.56926
    endloop
  endfacet
  facet normal 0.242895 0 -0.970053
    outer loop
      vertex -20.3121 27.3 8.56926
      vertex -20.4645 25.89 8.5311
      vertex -20.4645 27.3 8.5311
    endloop
  endfacet
  facet normal 0.514027 0 0.857774
    outer loop
      vertex -20.8889 27.3 5.66965
      vertex -20.7542 25.89 5.58893
      vertex -20.7542 27.3 5.58893
    endloop
  endfacet
  facet normal 0.514027 0 0.857774
    outer loop
      vertex -20.7542 25.89 5.58893
      vertex -20.8889 27.3 5.66965
      vertex -20.8889 25.89 5.66965
    endloop
  endfacet
  facet normal 0.427692 0 -0.903925
    outer loop
      vertex -20.7542 25.89 8.41107
      vertex -20.6123 27.3 8.47821
      vertex -20.6123 25.89 8.47821
    endloop
  endfacet
  facet normal 0.427692 0 -0.903925
    outer loop
      vertex -20.6123 27.3 8.47821
      vertex -20.7542 25.89 8.41107
      vertex -20.7542 27.3 8.41107
    endloop
  endfacet
  facet normal 0.242895 0 0.970053
    outer loop
      vertex -20.4645 27.3 5.4689
      vertex -20.3121 25.89 5.43074
      vertex -20.3121 27.3 5.43074
    endloop
  endfacet
  facet normal 0.242895 0 0.970053
    outer loop
      vertex -20.3121 25.89 5.43074
      vertex -20.4645 27.3 5.4689
      vertex -20.4645 25.89 5.4689
    endloop
  endfacet
  facet normal 0.969959 -0 0.24327
    outer loop
      vertex -21.5693 25.89 6.68786
      vertex -21.5311 27.3 6.53555
      vertex -21.5693 27.3 6.68786
    endloop
  endfacet
  facet normal 0.969959 0 0.24327
    outer loop
      vertex -21.5311 27.3 6.53555
      vertex -21.5693 25.89 6.68786
      vertex -21.5311 25.89 6.53555
    endloop
  endfacet
  facet normal -0.146689 0 -0.989183
    outer loop
      vertex -19.8432 25.89 8.59229
      vertex -19.6879 27.3 8.56926
      vertex -19.6879 25.89 8.56926
    endloop
  endfacet
  facet normal -0.146689 0 -0.989183
    outer loop
      vertex -19.6879 27.3 8.56926
      vertex -19.8432 25.89 8.59229
      vertex -19.8432 27.3 8.59229
    endloop
  endfacet
  facet normal -0.0491116 0 0.998793
    outer loop
      vertex -20 27.3 5.4
      vertex -19.8432 25.89 5.40771
      vertex -19.8432 27.3 5.40771
    endloop
  endfacet
  facet normal -0.0491116 0 0.998793
    outer loop
      vertex -19.8432 25.89 5.40771
      vertex -20 27.3 5.4
      vertex -20 25.89 5.4
    endloop
  endfacet
  facet normal 0.94154 0 -0.336901
    outer loop
      vertex -21.4782 25.89 7.61229
      vertex -21.5311 27.3 7.46445
      vertex -21.4782 27.3 7.61229
    endloop
  endfacet
  facet normal 0.94154 0 -0.336901
    outer loop
      vertex -21.5311 27.3 7.46445
      vertex -21.4782 25.89 7.61229
      vertex -21.5311 25.89 7.46445
    endloop
  endfacet
  facet normal -0.741092 0 -0.671404
    outer loop
      vertex -18.7632 25.89 8.01503
      vertex -18.8686 27.3 8.13137
      vertex -18.7632 27.3 8.01503
    endloop
  endfacet
  facet normal -0.741092 -0 -0.671404
    outer loop
      vertex -18.8686 27.3 8.13137
      vertex -18.7632 25.89 8.01503
      vertex -18.8686 25.89 8.13137
    endloop
  endfacet
  facet normal -0.803015 0 0.595958
    outer loop
      vertex -18.7632 25.89 5.98497
      vertex -18.6696 27.3 6.11109
      vertex -18.7632 27.3 5.98497
    endloop
  endfacet
  facet normal -0.803015 0 0.595958
    outer loop
      vertex -18.6696 27.3 6.11109
      vertex -18.7632 25.89 5.98497
      vertex -18.6696 25.89 6.11109
    endloop
  endfacet
  facet normal -0.969959 0 -0.24327
    outer loop
      vertex -18.4307 25.89 7.31214
      vertex -18.4689 27.3 7.46445
      vertex -18.4307 27.3 7.31214
    endloop
  endfacet
  facet normal -0.969959 -0 -0.24327
    outer loop
      vertex -18.4689 27.3 7.46445
      vertex -18.4307 25.89 7.31214
      vertex -18.4689 25.89 7.46445
    endloop
  endfacet
  facet normal 0.146689 0 -0.989183
    outer loop
      vertex -20.3121 25.89 8.56926
      vertex -20.1568 27.3 8.59229
      vertex -20.1568 25.89 8.59229
    endloop
  endfacet
  facet normal 0.146689 0 -0.989183
    outer loop
      vertex -20.1568 27.3 8.59229
      vertex -20.3121 25.89 8.56926
      vertex -20.3121 27.3 8.56926
    endloop
  endfacet
  facet normal 0.803015 0 -0.595958
    outer loop
      vertex -21.2368 25.89 8.01503
      vertex -21.3304 27.3 7.88891
      vertex -21.2368 27.3 8.01503
    endloop
  endfacet
  facet normal 0.803015 0 -0.595958
    outer loop
      vertex -21.3304 27.3 7.88891
      vertex -21.2368 25.89 8.01503
      vertex -21.3304 25.89 7.88891
    endloop
  endfacet
  facet normal -0.427692 0 0.903925
    outer loop
      vertex -19.3877 27.3 5.52179
      vertex -19.2458 25.89 5.58893
      vertex -19.2458 27.3 5.58893
    endloop
  endfacet
  facet normal -0.427692 0 0.903925
    outer loop
      vertex -19.2458 25.89 5.58893
      vertex -19.3877 27.3 5.52179
      vertex -19.3877 25.89 5.52179
    endloop
  endfacet
  facet normal -0.671388 0 0.741106
    outer loop
      vertex -18.985 27.3 5.76318
      vertex -18.8686 25.89 5.86863
      vertex -18.8686 27.3 5.86863
    endloop
  endfacet
  facet normal -0.671388 0 0.741106
    outer loop
      vertex -18.8686 25.89 5.86863
      vertex -18.985 27.3 5.76318
      vertex -18.985 25.89 5.76318
    endloop
  endfacet
  facet normal -0.514027 0 0.857774
    outer loop
      vertex -19.2458 27.3 5.58893
      vertex -19.1111 25.89 5.66965
      vertex -19.1111 27.3 5.66965
    endloop
  endfacet
  facet normal -0.514027 0 0.857774
    outer loop
      vertex -19.1111 25.89 5.66965
      vertex -19.2458 27.3 5.58893
      vertex -19.2458 25.89 5.58893
    endloop
  endfacet
  facet normal 0.595732 0 0.803184
    outer loop
      vertex -21.015 27.3 5.76318
      vertex -20.8889 25.89 5.66965
      vertex -20.8889 27.3 5.66965
    endloop
  endfacet
  facet normal 0.595732 0 0.803184
    outer loop
      vertex -20.8889 25.89 5.66965
      vertex -21.015 27.3 5.76318
      vertex -21.015 25.89 5.76318
    endloop
  endfacet
  facet normal -0.94154 0 0.336901
    outer loop
      vertex -18.5218 25.89 6.38771
      vertex -18.4689 27.3 6.53555
      vertex -18.5218 27.3 6.38771
    endloop
  endfacet
  facet normal -0.94154 0 0.336901
    outer loop
      vertex -18.4689 27.3 6.53555
      vertex -18.5218 25.89 6.38771
      vertex -18.4689 25.89 6.53555
    endloop
  endfacet
  facet normal -0.336926 0 0.941531
    outer loop
      vertex -19.5355 27.3 5.4689
      vertex -19.3877 25.89 5.52179
      vertex -19.3877 27.3 5.52179
    endloop
  endfacet
  facet normal -0.336926 0 0.941531
    outer loop
      vertex -19.3877 25.89 5.52179
      vertex -19.5355 27.3 5.4689
      vertex -19.5355 25.89 5.4689
    endloop
  endfacet
  facet normal 0.595732 0 -0.803184
    outer loop
      vertex -21.015 25.89 8.23682
      vertex -20.8889 27.3 8.33035
      vertex -20.8889 25.89 8.33035
    endloop
  endfacet
  facet normal 0.595732 0 -0.803184
    outer loop
      vertex -20.8889 27.3 8.33035
      vertex -21.015 25.89 8.23682
      vertex -21.015 27.3 8.23682
    endloop
  endfacet
  facet normal -0.514027 0 -0.857774
    outer loop
      vertex -19.2458 25.89 8.41107
      vertex -19.1111 27.3 8.33035
      vertex -19.1111 25.89 8.33035
    endloop
  endfacet
  facet normal -0.514027 0 -0.857774
    outer loop
      vertex -19.1111 27.3 8.33035
      vertex -19.2458 25.89 8.41107
      vertex -19.2458 27.3 8.41107
    endloop
  endfacet
  facet normal -0.242895 0 0.970053
    outer loop
      vertex -19.6879 27.3 5.43074
      vertex -19.5355 25.89 5.4689
      vertex -19.5355 27.3 5.4689
    endloop
  endfacet
  facet normal -0.242895 0 0.970053
    outer loop
      vertex -19.5355 25.89 5.4689
      vertex -19.6879 27.3 5.43074
      vertex -19.6879 25.89 5.43074
    endloop
  endfacet
  facet normal -0.427692 0 -0.903925
    outer loop
      vertex -19.3877 25.89 8.47821
      vertex -19.2458 27.3 8.41107
      vertex -19.2458 25.89 8.41107
    endloop
  endfacet
  facet normal -0.427692 0 -0.903925
    outer loop
      vertex -19.2458 27.3 8.41107
      vertex -19.3877 25.89 8.47821
      vertex -19.3877 27.3 8.47821
    endloop
  endfacet
  facet normal 0.741092 -0 0.671404
    outer loop
      vertex -21.2368 25.89 5.98497
      vertex -21.1314 27.3 5.86863
      vertex -21.2368 27.3 5.98497
    endloop
  endfacet
  facet normal 0.741092 0 0.671404
    outer loop
      vertex -21.1314 27.3 5.86863
      vertex -21.2368 25.89 5.98497
      vertex -21.1314 25.89 5.86863
    endloop
  endfacet
  facet normal -0.595732 0 0.803184
    outer loop
      vertex -19.1111 27.3 5.66965
      vertex -18.985 25.89 5.76318
      vertex -18.985 27.3 5.76318
    endloop
  endfacet
  facet normal -0.595732 0 0.803184
    outer loop
      vertex -18.985 25.89 5.76318
      vertex -19.1111 27.3 5.66965
      vertex -19.1111 25.89 5.66965
    endloop
  endfacet
  facet normal -0.0491116 0 -0.998793
    outer loop
      vertex -20 25.89 8.6
      vertex -19.8432 27.3 8.59229
      vertex -19.8432 25.89 8.59229
    endloop
  endfacet
  facet normal -0.0491116 0 -0.998793
    outer loop
      vertex -19.8432 27.3 8.59229
      vertex -20 25.89 8.6
      vertex -20 27.3 8.6
    endloop
  endfacet
  facet normal -0.94154 0 -0.336901
    outer loop
      vertex -18.4689 25.89 7.46445
      vertex -18.5218 27.3 7.61229
      vertex -18.4689 27.3 7.46445
    endloop
  endfacet
  facet normal -0.94154 -0 -0.336901
    outer loop
      vertex -18.5218 27.3 7.61229
      vertex -18.4689 25.89 7.46445
      vertex -18.5218 25.89 7.61229
    endloop
  endfacet
  facet normal -0.803015 0 -0.595958
    outer loop
      vertex -18.6696 25.89 7.88891
      vertex -18.7632 27.3 8.01503
      vertex -18.6696 27.3 7.88891
    endloop
  endfacet
  facet normal -0.803015 -0 -0.595958
    outer loop
      vertex -18.7632 27.3 8.01503
      vertex -18.6696 25.89 7.88891
      vertex -18.7632 25.89 8.01503
    endloop
  endfacet
  facet normal 0.146689 0 0.989183
    outer loop
      vertex -20.3121 27.3 5.43074
      vertex -20.1568 25.89 5.40771
      vertex -20.1568 27.3 5.40771
    endloop
  endfacet
  facet normal 0.146689 0 0.989183
    outer loop
      vertex -20.1568 25.89 5.40771
      vertex -20.3121 27.3 5.43074
      vertex -20.3121 25.89 5.43074
    endloop
  endfacet
  facet normal 0.94154 -0 0.336901
    outer loop
      vertex -21.5311 25.89 6.53555
      vertex -21.4782 27.3 6.38771
      vertex -21.5311 27.3 6.53555
    endloop
  endfacet
  facet normal 0.94154 0 0.336901
    outer loop
      vertex -21.4782 27.3 6.38771
      vertex -21.5311 25.89 6.53555
      vertex -21.4782 25.89 6.38771
    endloop
  endfacet
  facet normal -0.989212 0 -0.146493
    outer loop
      vertex -18.4077 25.89 7.15683
      vertex -18.4307 27.3 7.31214
      vertex -18.4077 27.3 7.15683
    endloop
  endfacet
  facet normal -0.989212 -0 -0.146493
    outer loop
      vertex -18.4307 27.3 7.31214
      vertex -18.4077 25.89 7.15683
      vertex -18.4307 25.89 7.31214
    endloop
  endfacet
  facet normal 0.989212 -0 0.146493
    outer loop
      vertex -21.5923 25.89 6.84317
      vertex -21.5693 27.3 6.68786
      vertex -21.5923 27.3 6.84317
    endloop
  endfacet
  facet normal 0.989212 0 0.146493
    outer loop
      vertex -21.5693 27.3 6.68786
      vertex -21.5923 25.89 6.84317
      vertex -21.5693 25.89 6.68786
    endloop
  endfacet
  facet normal 0.969959 0 -0.24327
    outer loop
      vertex -21.5311 25.89 7.46445
      vertex -21.5693 27.3 7.31214
      vertex -21.5311 27.3 7.46445
    endloop
  endfacet
  facet normal 0.969959 0 -0.24327
    outer loop
      vertex -21.5693 27.3 7.31214
      vertex -21.5311 25.89 7.46445
      vertex -21.5693 25.89 7.31214
    endloop
  endfacet
  facet normal -0.90407 0 0.427385
    outer loop
      vertex -18.5889 25.89 6.24577
      vertex -18.5218 27.3 6.38771
      vertex -18.5889 27.3 6.24577
    endloop
  endfacet
  facet normal -0.90407 0 0.427385
    outer loop
      vertex -18.5218 27.3 6.38771
      vertex -18.5889 25.89 6.24577
      vertex -18.5218 25.89 6.38771
    endloop
  endfacet
  facet normal -0.595732 0 -0.803184
    outer loop
      vertex -19.1111 25.89 8.33035
      vertex -18.985 27.3 8.23682
      vertex -18.985 25.89 8.23682
    endloop
  endfacet
  facet normal -0.595732 0 -0.803184
    outer loop
      vertex -18.985 27.3 8.23682
      vertex -19.1111 25.89 8.33035
      vertex -19.1111 27.3 8.33035
    endloop
  endfacet
  facet normal -0.857796 0 0.51399
    outer loop
      vertex -18.6696 25.89 6.11109
      vertex -18.5889 27.3 6.24577
      vertex -18.6696 27.3 6.11109
    endloop
  endfacet
  facet normal -0.857796 0 0.51399
    outer loop
      vertex -18.5889 27.3 6.24577
      vertex -18.6696 25.89 6.11109
      vertex -18.5889 25.89 6.24577
    endloop
  endfacet
  facet normal -0.998797 0 -0.0490387
    outer loop
      vertex -18.4 25.89 7
      vertex -18.4077 27.3 7.15683
      vertex -18.4 27.3 7
    endloop
  endfacet
  facet normal -0.998797 -0 -0.0490387
    outer loop
      vertex -18.4077 27.3 7.15683
      vertex -18.4 25.89 7
      vertex -18.4077 25.89 7.15683
    endloop
  endfacet
  facet normal 0.671388 0 0.741106
    outer loop
      vertex -21.1314 27.3 5.86863
      vertex -21.015 25.89 5.76318
      vertex -21.015 27.3 5.76318
    endloop
  endfacet
  facet normal 0.671388 0 0.741106
    outer loop
      vertex -21.015 25.89 5.76318
      vertex -21.1314 27.3 5.86863
      vertex -21.1314 25.89 5.86863
    endloop
  endfacet
  facet normal 0.336926 0 0.941531
    outer loop
      vertex -20.6123 27.3 5.52179
      vertex -20.4645 25.89 5.4689
      vertex -20.4645 27.3 5.4689
    endloop
  endfacet
  facet normal 0.336926 0 0.941531
    outer loop
      vertex -20.4645 25.89 5.4689
      vertex -20.6123 27.3 5.52179
      vertex -20.6123 25.89 5.52179
    endloop
  endfacet
  facet normal 0.998797 0 -0.0490387
    outer loop
      vertex -21.5923 25.89 7.15683
      vertex -21.6 27.3 7
      vertex -21.5923 27.3 7.15683
    endloop
  endfacet
  facet normal 0.998797 0 -0.0490387
    outer loop
      vertex -21.6 27.3 7
      vertex -21.5923 25.89 7.15683
      vertex -21.6 25.89 7
    endloop
  endfacet
  facet normal 0.0491116 0 0.998793
    outer loop
      vertex -20.1568 27.3 5.40771
      vertex -20 25.89 5.4
      vertex -20 27.3 5.4
    endloop
  endfacet
  facet normal 0.0491116 0 0.998793
    outer loop
      vertex -20 25.89 5.4
      vertex -20.1568 27.3 5.40771
      vertex -20.1568 25.89 5.40771
    endloop
  endfacet
  facet normal -0.146689 0 0.989183
    outer loop
      vertex -19.8432 27.3 5.40771
      vertex -19.6879 25.89 5.43074
      vertex -19.6879 27.3 5.43074
    endloop
  endfacet
  facet normal -0.146689 0 0.989183
    outer loop
      vertex -19.6879 25.89 5.43074
      vertex -19.8432 27.3 5.40771
      vertex -19.8432 25.89 5.40771
    endloop
  endfacet
  facet normal -0.336926 0 -0.941531
    outer loop
      vertex -19.5355 25.89 8.5311
      vertex -19.3877 27.3 8.47821
      vertex -19.3877 25.89 8.47821
    endloop
  endfacet
  facet normal -0.336926 0 -0.941531
    outer loop
      vertex -19.3877 27.3 8.47821
      vertex -19.5355 25.89 8.5311
      vertex -19.5355 27.3 8.5311
    endloop
  endfacet
  facet normal -0.242895 0 -0.970053
    outer loop
      vertex -19.6879 25.89 8.56926
      vertex -19.5355 27.3 8.5311
      vertex -19.5355 25.89 8.5311
    endloop
  endfacet
  facet normal -0.242895 0 -0.970053
    outer loop
      vertex -19.5355 27.3 8.5311
      vertex -19.6879 25.89 8.56926
      vertex -19.6879 27.3 8.56926
    endloop
  endfacet
  facet normal 0.741092 0 -0.671404
    outer loop
      vertex -21.1314 25.89 8.13137
      vertex -21.2368 27.3 8.01503
      vertex -21.1314 27.3 8.13137
    endloop
  endfacet
  facet normal 0.741092 0 -0.671404
    outer loop
      vertex -21.2368 27.3 8.01503
      vertex -21.1314 25.89 8.13137
      vertex -21.2368 25.89 8.01503
    endloop
  endfacet
  facet normal 0.857796 -0 0.51399
    outer loop
      vertex -21.4111 25.89 6.24577
      vertex -21.3304 27.3 6.11109
      vertex -21.4111 27.3 6.24577
    endloop
  endfacet
  facet normal 0.857796 0 0.51399
    outer loop
      vertex -21.3304 27.3 6.11109
      vertex -21.4111 25.89 6.24577
      vertex -21.3304 25.89 6.11109
    endloop
  endfacet
  facet normal 0.989212 0 -0.146493
    outer loop
      vertex -21.5693 25.89 7.31214
      vertex -21.5923 27.3 7.15683
      vertex -21.5693 27.3 7.31214
    endloop
  endfacet
  facet normal 0.989212 0 -0.146493
    outer loop
      vertex -21.5923 27.3 7.15683
      vertex -21.5693 25.89 7.31214
      vertex -21.5923 25.89 7.15683
    endloop
  endfacet
  facet normal -0.741092 0 0.671404
    outer loop
      vertex -18.8686 25.89 5.86863
      vertex -18.7632 27.3 5.98497
      vertex -18.8686 27.3 5.86863
    endloop
  endfacet
  facet normal -0.741092 0 0.671404
    outer loop
      vertex -18.7632 27.3 5.98497
      vertex -18.8686 25.89 5.86863
      vertex -18.7632 25.89 5.98497
    endloop
  endfacet
  facet normal 0.514027 0 -0.857774
    outer loop
      vertex -20.8889 25.89 8.33035
      vertex -20.7542 27.3 8.41107
      vertex -20.7542 25.89 8.41107
    endloop
  endfacet
  facet normal 0.514027 0 -0.857774
    outer loop
      vertex -20.7542 27.3 8.41107
      vertex -20.8889 25.89 8.33035
      vertex -20.8889 27.3 8.33035
    endloop
  endfacet
  facet normal -0.857796 0 -0.51399
    outer loop
      vertex -18.5889 25.89 7.75423
      vertex -18.6696 27.3 7.88891
      vertex -18.5889 27.3 7.75423
    endloop
  endfacet
  facet normal -0.857796 -0 -0.51399
    outer loop
      vertex -18.6696 27.3 7.88891
      vertex -18.5889 25.89 7.75423
      vertex -18.6696 25.89 7.88891
    endloop
  endfacet
  facet normal 0.803015 -0 0.595958
    outer loop
      vertex -21.3304 25.89 6.11109
      vertex -21.2368 27.3 5.98497
      vertex -21.3304 27.3 6.11109
    endloop
  endfacet
  facet normal 0.803015 0 0.595958
    outer loop
      vertex -21.2368 27.3 5.98497
      vertex -21.3304 25.89 6.11109
      vertex -21.2368 25.89 5.98497
    endloop
  endfacet
  facet normal -0.90407 0 -0.427385
    outer loop
      vertex -18.5218 25.89 7.61229
      vertex -18.5889 27.3 7.75423
      vertex -18.5218 27.3 7.61229
    endloop
  endfacet
  facet normal -0.90407 -0 -0.427385
    outer loop
      vertex -18.5889 27.3 7.75423
      vertex -18.5218 25.89 7.61229
      vertex -18.5889 25.89 7.75423
    endloop
  endfacet
  facet normal 0.671388 0 -0.741106
    outer loop
      vertex -21.1314 25.89 8.13137
      vertex -21.015 27.3 8.23682
      vertex -21.015 25.89 8.23682
    endloop
  endfacet
  facet normal 0.671388 0 -0.741106
    outer loop
      vertex -21.015 27.3 8.23682
      vertex -21.1314 25.89 8.13137
      vertex -21.1314 27.3 8.13137
    endloop
  endfacet
  facet normal 0.336926 0 -0.941531
    outer loop
      vertex -20.6123 25.89 8.47821
      vertex -20.4645 27.3 8.5311
      vertex -20.4645 25.89 8.5311
    endloop
  endfacet
  facet normal 0.336926 0 -0.941531
    outer loop
      vertex -20.4645 27.3 8.5311
      vertex -20.6123 25.89 8.47821
      vertex -20.6123 27.3 8.47821
    endloop
  endfacet
  facet normal 0.90407 -0 0.427385
    outer loop
      vertex -21.4782 25.89 6.38771
      vertex -21.4111 27.3 6.24577
      vertex -21.4782 27.3 6.38771
    endloop
  endfacet
  facet normal 0.90407 0 0.427385
    outer loop
      vertex -21.4111 27.3 6.24577
      vertex -21.4782 25.89 6.38771
      vertex -21.4111 25.89 6.24577
    endloop
  endfacet
  facet normal 0.0491116 0 -0.998793
    outer loop
      vertex -20.1568 25.89 8.59229
      vertex -20 27.3 8.6
      vertex -20 25.89 8.6
    endloop
  endfacet
  facet normal 0.0491116 0 -0.998793
    outer loop
      vertex -20 27.3 8.6
      vertex -20.1568 25.89 8.59229
      vertex -20.1568 27.3 8.59229
    endloop
  endfacet
  facet normal 0.998797 -0 0.0490387
    outer loop
      vertex -21.6 25.89 7
      vertex -21.5923 27.3 6.84317
      vertex -21.6 27.3 7
    endloop
  endfacet
  facet normal 0.998797 0 0.0490387
    outer loop
      vertex -21.5923 27.3 6.84317
      vertex -21.6 25.89 7
      vertex -21.5923 25.89 6.84317
    endloop
  endfacet
  facet normal -0.671388 0 -0.741106
    outer loop
      vertex -18.985 25.89 8.23682
      vertex -18.8686 27.3 8.13137
      vertex -18.8686 25.89 8.13137
    endloop
  endfacet
  facet normal -0.671388 0 -0.741106
    outer loop
      vertex -18.8686 27.3 8.13137
      vertex -18.985 25.89 8.23682
      vertex -18.985 27.3 8.23682
    endloop
  endfacet
  facet normal 0 0 -1
    outer loop
      vertex -21.7032 23.3 9.95
      vertex -18.2968 25.89 9.95
      vertex -18.2968 23.3 9.95
    endloop
  endfacet
  facet normal -0 0 -1
    outer loop
      vertex -18.2968 25.89 9.95
      vertex -21.7032 23.3 9.95
      vertex -21.7032 25.89 9.95
    endloop
  endfacet
  facet normal -0.866023 0 -0.500004
    outer loop
      vertex -16.5936 23.3 7
      vertex -18.2968 25.89 9.95
      vertex -16.5936 25.89 7
    endloop
  endfacet
  facet normal -0.866023 -0 -0.500004
    outer loop
      vertex -18.2968 25.89 9.95
      vertex -16.5936 23.3 7
      vertex -18.2968 23.3 9.95
    endloop
  endfacet
  facet normal -0 0 1
    outer loop
      vertex -21.7032 25.89 4.05
      vertex -18.2968 23.3 4.05
      vertex -18.2968 25.89 4.05
    endloop
  endfacet
  facet normal 0 0 1
    outer loop
      vertex -18.2968 23.3 4.05
      vertex -21.7032 25.89 4.05
      vertex -21.7032 23.3 4.05
    endloop
  endfacet
  facet normal -0.866023 0 0.500004
    outer loop
      vertex -18.2968 23.3 4.05
      vertex -16.5936 25.89 7
      vertex -18.2968 25.89 4.05
    endloop
  endfacet
  facet normal -0.866023 0 0.500004
    outer loop
      vertex -16.5936 25.89 7
      vertex -18.2968 23.3 4.05
      vertex -16.5936 23.3 7
    endloop
  endfacet
  facet normal 0.866023 -0 0.500004
    outer loop
      vertex -23.4064 23.3 7
      vertex -21.7032 25.89 4.05
      vertex -23.4064 25.89 7
    endloop
  endfacet
  facet normal 0.866023 0 0.500004
    outer loop
      vertex -21.7032 25.89 4.05
      vertex -23.4064 23.3 7
      vertex -21.7032 23.3 4.05
    endloop
  endfacet
  facet normal 0.866023 0 -0.500004
    outer loop
      vertex -21.7032 23.3 9.95
      vertex -23.4064 25.89 7
      vertex -21.7032 25.89 9.95
    endloop
  endfacet
  facet normal 0.866023 0 -0.500004
    outer loop
      vertex -23.4064 25.89 7
      vertex -21.7032 23.3 9.95
      vertex -23.4064 23.3 7
    endloop
  endfacet
  facet normal 0 -1 0
    outer loop
      vertex -21.7032 25.89 9.95
      vertex -20 25.89 8.6
      vertex -18.2968 25.89 9.95
    endloop
  endfacet
  facet normal 0 -1 0
    outer loop
      vertex -21.7032 25.89 9.95
      vertex -20.1568 25.89 8.59229
      vertex -20 25.89 8.6
    endloop
  endfacet
  facet normal 0 -1 0
    outer loop
      vertex -21.7032 25.89 9.95
      vertex -20.3121 25.89 8.56926
      vertex -20.1568 25.89 8.59229
    endloop
  endfacet
  facet normal 0 -1 0
    outer loop
      vertex -21.7032 25.89 9.95
      vertex -20.4645 25.89 8.5311
      vertex -20.3121 25.89 8.56926
    endloop
  endfacet
  facet normal 0 -1 0
    outer loop
      vertex -21.7032 25.89 9.95
      vertex -20.6123 25.89 8.47821
      vertex -20.4645 25.89 8.5311
    endloop
  endfacet
  facet normal 0 -1 0
    outer loop
      vertex -21.7032 25.89 9.95
      vertex -20.7542 25.89 8.41107
      vertex -20.6123 25.89 8.47821
    endloop
  endfacet
  facet normal 0 -1 0
    outer loop
      vertex -21.7032 25.89 9.95
      vertex -20.8889 25.89 8.33035
      vertex -20.7542 25.89 8.41107
    endloop
  endfacet
  facet normal 0 -1 0
    outer loop
      vertex -21.7032 25.89 9.95
      vertex -21.015 25.89 8.23682
      vertex -20.8889 25.89 8.33035
    endloop
  endfacet
  facet normal 0 -1 0
    outer loop
      vertex -21.7032 25.89 9.95
      vertex -21.1314 25.89 8.13137
      vertex -21.015 25.89 8.23682
    endloop
  endfacet
  facet normal 0 -1 0
    outer loop
      vertex -21.7032 25.89 9.95
      vertex -21.2368 25.89 8.01503
      vertex -21.1314 25.89 8.13137
    endloop
  endfacet
  facet normal 0 -1 0
    outer loop
      vertex -21.7032 25.89 9.95
      vertex -21.3304 25.89 7.88891
      vertex -21.2368 25.89 8.01503
    endloop
  endfacet
  facet normal 0 -1 0
    outer loop
      vertex -21.7032 25.89 9.95
      vertex -21.4111 25.89 7.75423
      vertex -21.3304 25.89 7.88891
    endloop
  endfacet
  facet normal 0 -1 0
    outer loop
      vertex -23.4064 25.89 7
      vertex -21.4111 25.89 7.75423
      vertex -21.7032 25.89 9.95
    endloop
  endfacet
  facet normal 0 -1 0
    outer loop
      vertex -21.4111 25.89 7.75423
      vertex -23.4064 25.89 7
      vertex -21.4782 25.89 7.61229
    endloop
  endfacet
  facet normal 0 -1 0
    outer loop
      vertex -21.4782 25.89 7.61229
      vertex -23.4064 25.89 7
      vertex -21.5311 25.89 7.46445
    endloop
  endfacet
  facet normal 0 -1 0
    outer loop
      vertex -21.5311 25.89 7.46445
      vertex -23.4064 25.89 7
      vertex -21.5693 25.89 7.31214
    endloop
  endfacet
  facet normal 0 -1 0
    outer loop
      vertex -21.5693 25.89 7.31214
      vertex -23.4064 25.89 7
      vertex -21.5923 25.89 7.15683
    endloop
  endfacet
  facet normal 0 -1 0
    outer loop
      vertex -23.4064 25.89 7
      vertex -21.6 25.89 7
      vertex -21.5923 25.89 7.15683
    endloop
  endfacet
  facet normal 0 -1 0
    outer loop
      vertex -23.4064 25.89 7
      vertex -21.5923 25.89 6.84317
      vertex -21.6 25.89 7
    endloop
  endfacet
  facet normal 0 -1 0
    outer loop
      vertex -23.4064 25.89 7
      vertex -21.5693 25.89 6.68786
      vertex -21.5923 25.89 6.84317
    endloop
  endfacet
  facet normal 0 -1 0
    outer loop
      vertex -23.4064 25.89 7
      vertex -21.5311 25.89 6.53555
      vertex -21.5693 25.89 6.68786
    endloop
  endfacet
  facet normal 0 -1 0
    outer loop
      vertex -23.4064 25.89 7
      vertex -21.4782 25.89 6.38771
      vertex -21.5311 25.89 6.53555
    endloop
  endfacet
  facet normal 0 -1 0
    outer loop
      vertex -23.4064 25.89 7
      vertex -21.4111 25.89 6.24577
      vertex -21.4782 25.89 6.38771
    endloop
  endfacet
  facet normal 0 -1 0
    outer loop
      vertex -21.7032 25.89 4.05
      vertex -21.4111 25.89 6.24577
      vertex -23.4064 25.89 7
    endloop
  endfacet
  facet normal 0 -1 -0
    outer loop
      vertex -21.4111 25.89 6.24577
      vertex -21.7032 25.89 4.05
      vertex -21.3304 25.89 6.11109
    endloop
  endfacet
  facet normal 0 -1 -0
    outer loop
      vertex -21.3304 25.89 6.11109
      vertex -21.7032 25.89 4.05
      vertex -21.2368 25.89 5.98497
    endloop
  endfacet
  facet normal 0 -1 -0
    outer loop
      vertex -21.2368 25.89 5.98497
      vertex -21.7032 25.89 4.05
      vertex -21.1314 25.89 5.86863
    endloop
  endfacet
  facet normal 0 -1 -0
    outer loop
      vertex -21.1314 25.89 5.86863
      vertex -21.7032 25.89 4.05
      vertex -21.015 25.89 5.76318
    endloop
  endfacet
  facet normal 0 -1 -0
    outer loop
      vertex -21.015 25.89 5.76318
      vertex -21.7032 25.89 4.05
      vertex -20.8889 25.89 5.66965
    endloop
  endfacet
  facet normal 0 -1 -0
    outer loop
      vertex -20.1568 25.89 5.40771
      vertex -21.7032 25.89 4.05
      vertex -20 25.89 5.4
    endloop
  endfacet
  facet normal 0 -1 -0
    outer loop
      vertex -20.3121 25.89 5.43074
      vertex -21.7032 25.89 4.05
      vertex -20.1568 25.89 5.40771
    endloop
  endfacet
  facet normal 0 -1 -0
    outer loop
      vertex -20.4645 25.89 5.4689
      vertex -21.7032 25.89 4.05
      vertex -20.3121 25.89 5.43074
    endloop
  endfacet
  facet normal 0 -1 -0
    outer loop
      vertex -20.6123 25.89 5.52179
      vertex -21.7032 25.89 4.05
      vertex -20.4645 25.89 5.4689
    endloop
  endfacet
  facet normal 0 -1 -0
    outer loop
      vertex -20.7542 25.89 5.58893
      vertex -21.7032 25.89 4.05
      vertex -20.6123 25.89 5.52179
    endloop
  endfacet
  facet normal 0 -1 -0
    outer loop
      vertex -20.8889 25.89 5.66965
      vertex -21.7032 25.89 4.05
      vertex -20.7542 25.89 5.58893
    endloop
  endfacet
  facet normal 0 -1 0
    outer loop
      vertex -19.8432 25.89 8.59229
      vertex -18.2968 25.89 9.95
      vertex -20 25.89 8.6
    endloop
  endfacet
  facet normal 0 -1 0
    outer loop
      vertex -19.6879 25.89 8.56926
      vertex -18.2968 25.89 9.95
      vertex -19.8432 25.89 8.59229
    endloop
  endfacet
  facet normal 0 -1 0
    outer loop
      vertex -19.5355 25.89 8.5311
      vertex -18.2968 25.89 9.95
      vertex -19.6879 25.89 8.56926
    endloop
  endfacet
  facet normal 0 -1 0
    outer loop
      vertex -19.3877 25.89 8.47821
      vertex -18.2968 25.89 9.95
      vertex -19.5355 25.89 8.5311
    endloop
  endfacet
  facet normal 0 -1 0
    outer loop
      vertex -19.2458 25.89 8.41107
      vertex -18.2968 25.89 9.95
      vertex -19.3877 25.89 8.47821
    endloop
  endfacet
  facet normal 0 -1 0
    outer loop
      vertex -19.1111 25.89 8.33035
      vertex -18.2968 25.89 9.95
      vertex -19.2458 25.89 8.41107
    endloop
  endfacet
  facet normal 0 -1 0
    outer loop
      vertex -18.985 25.89 8.23682
      vertex -18.2968 25.89 9.95
      vertex -19.1111 25.89 8.33035
    endloop
  endfacet
  facet normal 0 -1 0
    outer loop
      vertex -18.8686 25.89 8.13137
      vertex -18.2968 25.89 9.95
      vertex -18.985 25.89 8.23682
    endloop
  endfacet
  facet normal 0 -1 0
    outer loop
      vertex -18.7632 25.89 8.01503
      vertex -18.2968 25.89 9.95
      vertex -18.8686 25.89 8.13137
    endloop
  endfacet
  facet normal 0 -1 0
    outer loop
      vertex -18.6696 25.89 7.88891
      vertex -18.2968 25.89 9.95
      vertex -18.7632 25.89 8.01503
    endloop
  endfacet
  facet normal 0 -1 0
    outer loop
      vertex -18.5889 25.89 7.75423
      vertex -18.2968 25.89 9.95
      vertex -18.6696 25.89 7.88891
    endloop
  endfacet
  facet normal 0 -1 0
    outer loop
      vertex -16.5936 25.89 7
      vertex -18.5889 25.89 7.75423
      vertex -18.5218 25.89 7.61229
    endloop
  endfacet
  facet normal 0 -1 0
    outer loop
      vertex -16.5936 25.89 7
      vertex -18.5218 25.89 7.61229
      vertex -18.4689 25.89 7.46445
    endloop
  endfacet
  facet normal 0 -1 0
    outer loop
      vertex -16.5936 25.89 7
      vertex -18.4689 25.89 7.46445
      vertex -18.4307 25.89 7.31214
    endloop
  endfacet
  facet normal 0 -1 0
    outer loop
      vertex -16.5936 25.89 7
      vertex -18.4307 25.89 7.31214
      vertex -18.4077 25.89 7.15683
    endloop
  endfacet
  facet normal 0 -1 0
    outer loop
      vertex -16.5936 25.89 7
      vertex -18.4077 25.89 7.15683
      vertex -18.4 25.89 7
    endloop
  endfacet
  facet normal 0 -1 0
    outer loop
      vertex -18.5889 25.89 7.75423
      vertex -16.5936 25.89 7
      vertex -18.2968 25.89 9.95
    endloop
  endfacet
  facet normal 0 -1 0
    outer loop
      vertex -18.4077 25.89 6.84317
      vertex -16.5936 25.89 7
      vertex -18.4 25.89 7
    endloop
  endfacet
  facet normal 0 -1 0
    outer loop
      vertex -18.4307 25.89 6.68786
      vertex -16.5936 25.89 7
      vertex -18.4077 25.89 6.84317
    endloop
  endfacet
  facet normal 0 -1 0
    outer loop
      vertex -18.4689 25.89 6.53555
      vertex -16.5936 25.89 7
      vertex -18.4307 25.89 6.68786
    endloop
  endfacet
  facet normal 0 -1 0
    outer loop
      vertex -18.5218 25.89 6.38771
      vertex -16.5936 25.89 7
      vertex -18.4689 25.89 6.53555
    endloop
  endfacet
  facet normal 0 -1 0
    outer loop
      vertex -18.5889 25.89 6.24577
      vertex -16.5936 25.89 7
      vertex -18.5218 25.89 6.38771
    endloop
  endfacet
  facet normal 0 -1 0
    outer loop
      vertex -18.2968 25.89 4.05
      vertex -18.5889 25.89 6.24577
      vertex -18.6696 25.89 6.11109
    endloop
  endfacet
  facet normal 0 -1 0
    outer loop
      vertex -18.2968 25.89 4.05
      vertex -18.6696 25.89 6.11109
      vertex -18.7632 25.89 5.98497
    endloop
  endfacet
  facet normal 0 -1 0
    outer loop
      vertex -18.2968 25.89 4.05
      vertex -18.7632 25.89 5.98497
      vertex -18.8686 25.89 5.86863
    endloop
  endfacet
  facet normal 0 -1 0
    outer loop
      vertex -18.2968 25.89 4.05
      vertex -18.8686 25.89 5.86863
      vertex -18.985 25.89 5.76318
    endloop
  endfacet
  facet normal 0 -1 0
    outer loop
      vertex -18.2968 25.89 4.05
      vertex -18.985 25.89 5.76318
      vertex -19.1111 25.89 5.66965
    endloop
  endfacet
  facet normal 0 -1 0
    outer loop
      vertex -18.2968 25.89 4.05
      vertex -19.1111 25.89 5.66965
      vertex -19.2458 25.89 5.58893
    endloop
  endfacet
  facet normal 0 -1 0
    outer loop
      vertex -18.2968 25.89 4.05
      vertex -20 25.89 5.4
      vertex -21.7032 25.89 4.05
    endloop
  endfacet
  facet normal 0 -1 0
    outer loop
      vertex -20 25.89 5.4
      vertex -18.2968 25.89 4.05
      vertex -19.8432 25.89 5.40771
    endloop
  endfacet
  facet normal 0 -1 0
    outer loop
      vertex -19.8432 25.89 5.40771
      vertex -18.2968 25.89 4.05
      vertex -19.6879 25.89 5.43074
    endloop
  endfacet
  facet normal 0 -1 0
    outer loop
      vertex -19.6879 25.89 5.43074
      vertex -18.2968 25.89 4.05
      vertex -19.5355 25.89 5.4689
    endloop
  endfacet
  facet normal 0 -1 0
    outer loop
      vertex -19.5355 25.89 5.4689
      vertex -18.2968 25.89 4.05
      vertex -19.3877 25.89 5.52179
    endloop
  endfacet
  facet normal 0 -1 0
    outer loop
      vertex -19.3877 25.89 5.52179
      vertex -18.2968 25.89 4.05
      vertex -19.2458 25.89 5.58893
    endloop
  endfacet
  facet normal 0 -1 0
    outer loop
      vertex -18.5889 25.89 6.24577
      vertex -18.2968 25.89 4.05
      vertex -16.5936 25.89 7
    endloop
  endfacet
endsolid OpenSCAD_Model
