solid OpenSCAD_Model
  facet normal 0.989172 0.14676 0
    outer loop
      vertex 45.4831 -21.6569 20.8
      vertex 45.4327 -21.3172 3
      vertex 45.4327 -21.3172 20.8
    endloop
  endfacet
  facet normal 0.989172 0.14676 0
    outer loop
      vertex 45.4327 -21.3172 3
      vertex 45.4831 -21.6569 20.8
      vertex 45.4831 -21.6569 3
    endloop
  endfacet
  facet normal 0.998789 0.0491971 0
    outer loop
      vertex 45.5 -22 20.8
      vertex 45.4831 -21.6569 3
      vertex 45.4831 -21.6569 20.8
    endloop
  endfacet
  facet normal 0.998789 0.0491971 0
    outer loop
      vertex 45.4831 -21.6569 3
      vertex 45.5 -22 20.8
      vertex 45.5 -22 3
    endloop
  endfacet
  facet normal 0.970074 0.24281 0
    outer loop
      vertex 45.4327 -21.3172 20.8
      vertex 45.3493 -20.984 3
      vertex 45.3493 -20.984 20.8
    endloop
  endfacet
  facet normal 0.970074 0.24281 0
    outer loop
      vertex 45.3493 -20.984 3
      vertex 45.4327 -21.3172 20.8
      vertex 45.4327 -21.3172 3
    endloop
  endfacet
  facet normal 0.427661 0.903939 -0
    outer loop
      vertex 43.6499 -18.9133 3
      vertex 43.3394 -18.7664 20.8
      vertex 43.6499 -18.9133 20.8
    endloop
  endfacet
  facet normal 0.427661 0.903939 0
    outer loop
      vertex 43.3394 -18.7664 20.8
      vertex 43.6499 -18.9133 3
      vertex 43.3394 -18.7664 3
    endloop
  endfacet
  facet normal -0.24281 0.970074 0
    outer loop
      vertex 41.3172 -18.5673 3
      vertex 40.984 -18.6507 20.8
      vertex 41.3172 -18.5673 20.8
    endloop
  endfacet
  facet normal -0.24281 0.970074 0
    outer loop
      vertex 40.984 -18.6507 20.8
      vertex 41.3172 -18.5673 3
      vertex 40.984 -18.6507 3
    endloop
  endfacet
  facet normal -0.14676 0.989172 0
    outer loop
      vertex 41.6569 -18.5169 3
      vertex 41.3172 -18.5673 20.8
      vertex 41.6569 -18.5169 20.8
    endloop
  endfacet
  facet normal -0.14676 0.989172 0
    outer loop
      vertex 41.3172 -18.5673 20.8
      vertex 41.6569 -18.5169 3
      vertex 41.3172 -18.5673 3
    endloop
  endfacet
  facet normal 0.998789 -0.0491971 0
    outer loop
      vertex 45.4831 -22.3431 20.8
      vertex 45.5 -22 3
      vertex 45.5 -22 20.8
    endloop
  endfacet
  facet normal 0.998789 -0.0491971 0
    outer loop
      vertex 45.5 -22 3
      vertex 45.4831 -22.3431 20.8
      vertex 45.4831 -22.3431 3
    endloop
  endfacet
  facet normal -0.336853 -0.941557 0
    outer loop
      vertex 40.6606 -25.2336 3
      vertex 40.984 -25.3493 20.8
      vertex 40.6606 -25.2336 20.8
    endloop
  endfacet
  facet normal -0.336853 -0.941557 -0
    outer loop
      vertex 40.984 -25.3493 20.8
      vertex 40.6606 -25.2336 3
      vertex 40.984 -25.3493 3
    endloop
  endfacet
  facet normal 0.803237 -0.595659 0
    outer loop
      vertex 44.7055 -24.2204 20.8
      vertex 44.9101 -23.9445 3
      vertex 44.9101 -23.9445 20.8
    endloop
  endfacet
  facet normal 0.803237 -0.595659 0
    outer loop
      vertex 44.9101 -23.9445 3
      vertex 44.7055 -24.2204 20.8
      vertex 44.7055 -24.2204 3
    endloop
  endfacet
  facet normal 0.336853 -0.941557 0
    outer loop
      vertex 43.016 -25.3493 3
      vertex 43.3394 -25.2336 20.8
      vertex 43.016 -25.3493 20.8
    endloop
  endfacet
  facet normal 0.336853 -0.941557 0
    outer loop
      vertex 43.3394 -25.2336 20.8
      vertex 43.016 -25.3493 3
      vertex 43.3394 -25.2336 3
    endloop
  endfacet
  facet normal -0.741046 -0.671454 0
    outer loop
      vertex 39.5251 -24.4749 3
      vertex 39.2945 -24.2204 20.8
      vertex 39.2945 -24.2204 3
    endloop
  endfacet
  facet normal -0.741046 -0.671454 0
    outer loop
      vertex 39.2945 -24.2204 20.8
      vertex 39.5251 -24.4749 3
      vertex 39.5251 -24.4749 20.8
    endloop
  endfacet
  facet normal -0.595659 -0.803237 0
    outer loop
      vertex 39.7796 -24.7055 3
      vertex 40.0555 -24.9101 20.8
      vertex 39.7796 -24.7055 20.8
    endloop
  endfacet
  facet normal -0.595659 -0.803237 -0
    outer loop
      vertex 40.0555 -24.9101 20.8
      vertex 39.7796 -24.7055 3
      vertex 40.0555 -24.9101 3
    endloop
  endfacet
  facet normal 0.857698 -0.514153 0
    outer loop
      vertex 44.9101 -23.9445 20.8
      vertex 45.0867 -23.6499 3
      vertex 45.0867 -23.6499 20.8
    endloop
  endfacet
  facet normal 0.857698 -0.514153 0
    outer loop
      vertex 45.0867 -23.6499 3
      vertex 44.9101 -23.9445 20.8
      vertex 44.9101 -23.9445 3
    endloop
  endfacet
  facet normal 0.427661 -0.903939 0
    outer loop
      vertex 43.3394 -25.2336 3
      vertex 43.6499 -25.0867 20.8
      vertex 43.3394 -25.2336 20.8
    endloop
  endfacet
  facet normal 0.427661 -0.903939 0
    outer loop
      vertex 43.6499 -25.0867 20.8
      vertex 43.3394 -25.2336 3
      vertex 43.6499 -25.0867 3
    endloop
  endfacet
  facet normal -0.0491971 -0.998789 0
    outer loop
      vertex 41.6569 -25.4831 3
      vertex 42 -25.5 20.8
      vertex 41.6569 -25.4831 20.8
    endloop
  endfacet
  facet normal -0.0491971 -0.998789 -0
    outer loop
      vertex 42 -25.5 20.8
      vertex 41.6569 -25.4831 3
      vertex 42 -25.5 3
    endloop
  endfacet
  facet normal 0.0491971 0.998789 -0
    outer loop
      vertex 42.3431 -18.5169 3
      vertex 42 -18.5 20.8
      vertex 42.3431 -18.5169 20.8
    endloop
  endfacet
  facet normal 0.0491971 0.998789 0
    outer loop
      vertex 42 -18.5 20.8
      vertex 42.3431 -18.5169 3
      vertex 42 -18.5 3
    endloop
  endfacet
  facet normal 0 0 1
    outer loop
      vertex 43.25 -22 20.8
      vertex 45.5 -22 20.8
      vertex 45.4831 -21.6569 20.8
    endloop
  endfacet
  facet normal 0 0 1
    outer loop
      vertex 43.244 -21.8775 20.8
      vertex 45.4831 -21.6569 20.8
      vertex 45.4327 -21.3172 20.8
    endloop
  endfacet
  facet normal 0 0 1
    outer loop
      vertex 45.5 -22 20.8
      vertex 43.25 -22 20.8
      vertex 45.4831 -22.3431 20.8
    endloop
  endfacet
  facet normal 0 0 1
    outer loop
      vertex 43.226 -21.7561 20.8
      vertex 45.4327 -21.3172 20.8
      vertex 45.3493 -20.984 20.8
    endloop
  endfacet
  facet normal -0 0 1
    outer loop
      vertex 43.244 -22.1225 20.8
      vertex 45.4831 -22.3431 20.8
      vertex 43.25 -22 20.8
    endloop
  endfacet
  facet normal 0 0 1
    outer loop
      vertex 43.1962 -21.6371 20.8
      vertex 45.3493 -20.984 20.8
      vertex 45.2336 -20.6606 20.8
    endloop
  endfacet
  facet normal 0 0 1
    outer loop
      vertex 45.4831 -22.3431 20.8
      vertex 43.244 -22.1225 20.8
      vertex 45.4327 -22.6828 20.8
    endloop
  endfacet
  facet normal 0 0 1
    outer loop
      vertex 43.1549 -21.5216 20.8
      vertex 45.2336 -20.6606 20.8
      vertex 45.0867 -20.3501 20.8
    endloop
  endfacet
  facet normal -0 0 1
    outer loop
      vertex 43.226 -22.2439 20.8
      vertex 45.4327 -22.6828 20.8
      vertex 43.244 -22.1225 20.8
    endloop
  endfacet
  facet normal 0 0 1
    outer loop
      vertex 43.1024 -21.4108 20.8
      vertex 45.0867 -20.3501 20.8
      vertex 44.9101 -20.0555 20.8
    endloop
  endfacet
  facet normal 0 0 1
    outer loop
      vertex 45.4327 -22.6828 20.8
      vertex 43.226 -22.2439 20.8
      vertex 45.3493 -23.016 20.8
    endloop
  endfacet
  facet normal 0 0 1
    outer loop
      vertex 43.0393 -21.3055 20.8
      vertex 44.9101 -20.0555 20.8
      vertex 44.7055 -19.7796 20.8
    endloop
  endfacet
  facet normal -0 0 1
    outer loop
      vertex 43.1962 -22.3629 20.8
      vertex 45.3493 -23.016 20.8
      vertex 43.226 -22.2439 20.8
    endloop
  endfacet
  facet normal 0 0 1
    outer loop
      vertex 42.9663 -21.207 20.8
      vertex 44.7055 -19.7796 20.8
      vertex 44.4749 -19.5251 20.8
    endloop
  endfacet
  facet normal 0 0 1
    outer loop
      vertex 45.3493 -23.016 20.8
      vertex 43.1962 -22.3629 20.8
      vertex 45.2336 -23.3394 20.8
    endloop
  endfacet
  facet normal 0 0 1
    outer loop
      vertex 42.8839 -21.1161 20.8
      vertex 44.4749 -19.5251 20.8
      vertex 44.2204 -19.2945 20.8
    endloop
  endfacet
  facet normal -0 0 1
    outer loop
      vertex 43.1549 -22.4784 20.8
      vertex 45.2336 -23.3394 20.8
      vertex 43.1962 -22.3629 20.8
    endloop
  endfacet
  facet normal 0 0 1
    outer loop
      vertex 42.793 -21.0337 20.8
      vertex 44.2204 -19.2945 20.8
      vertex 43.9445 -19.0899 20.8
    endloop
  endfacet
  facet normal 0 0 1
    outer loop
      vertex 45.2336 -23.3394 20.8
      vertex 43.1549 -22.4784 20.8
      vertex 45.0867 -23.6499 20.8
    endloop
  endfacet
  facet normal 0 0 1
    outer loop
      vertex 42.6945 -20.9607 20.8
      vertex 43.9445 -19.0899 20.8
      vertex 43.6499 -18.9133 20.8
    endloop
  endfacet
  facet normal -0 0 1
    outer loop
      vertex 43.1024 -22.5892 20.8
      vertex 45.0867 -23.6499 20.8
      vertex 43.1549 -22.4784 20.8
    endloop
  endfacet
  facet normal 0 0 1
    outer loop
      vertex 42.5892 -20.8976 20.8
      vertex 43.6499 -18.9133 20.8
      vertex 43.3394 -18.7664 20.8
    endloop
  endfacet
  facet normal 0 0 1
    outer loop
      vertex 45.0867 -23.6499 20.8
      vertex 43.1024 -22.5892 20.8
      vertex 44.9101 -23.9445 20.8
    endloop
  endfacet
  facet normal -0 0 1
    outer loop
      vertex 43.0393 -22.6945 20.8
      vertex 44.9101 -23.9445 20.8
      vertex 43.1024 -22.5892 20.8
    endloop
  endfacet
  facet normal 0 0 1
    outer loop
      vertex 45.4831 -21.6569 20.8
      vertex 43.244 -21.8775 20.8
      vertex 43.25 -22 20.8
    endloop
  endfacet
  facet normal 0 0 1
    outer loop
      vertex 45.4327 -21.3172 20.8
      vertex 43.226 -21.7561 20.8
      vertex 43.244 -21.8775 20.8
    endloop
  endfacet
  facet normal 0 0 1
    outer loop
      vertex 45.3493 -20.984 20.8
      vertex 43.1962 -21.6371 20.8
      vertex 43.226 -21.7561 20.8
    endloop
  endfacet
  facet normal 0 0 1
    outer loop
      vertex 45.2336 -20.6606 20.8
      vertex 43.1549 -21.5216 20.8
      vertex 43.1962 -21.6371 20.8
    endloop
  endfacet
  facet normal 0 0 1
    outer loop
      vertex 45.0867 -20.3501 20.8
      vertex 43.1024 -21.4108 20.8
      vertex 43.1549 -21.5216 20.8
    endloop
  endfacet
  facet normal 0 0 1
    outer loop
      vertex 44.9101 -20.0555 20.8
      vertex 43.0393 -21.3055 20.8
      vertex 43.1024 -21.4108 20.8
    endloop
  endfacet
  facet normal 0 0 1
    outer loop
      vertex 42.4784 -20.8451 20.8
      vertex 43.3394 -18.7664 20.8
      vertex 43.016 -18.6507 20.8
    endloop
  endfacet
  facet normal 0 0 1
    outer loop
      vertex 44.7055 -19.7796 20.8
      vertex 42.9663 -21.207 20.8
      vertex 43.0393 -21.3055 20.8
    endloop
  endfacet
  facet normal 0 0 1
    outer loop
      vertex 44.4749 -19.5251 20.8
      vertex 42.8839 -21.1161 20.8
      vertex 42.9663 -21.207 20.8
    endloop
  endfacet
  facet normal 0 0 1
    outer loop
      vertex 44.2204 -19.2945 20.8
      vertex 42.793 -21.0337 20.8
      vertex 42.8839 -21.1161 20.8
    endloop
  endfacet
  facet normal 0 0 1
    outer loop
      vertex 43.9445 -19.0899 20.8
      vertex 42.6945 -20.9607 20.8
      vertex 42.793 -21.0337 20.8
    endloop
  endfacet
  facet normal 0 0 1
    outer loop
      vertex 42.3629 -20.8038 20.8
      vertex 43.016 -18.6507 20.8
      vertex 42.6828 -18.5673 20.8
    endloop
  endfacet
  facet normal 0 0 1
    outer loop
      vertex 43.6499 -18.9133 20.8
      vertex 42.5892 -20.8976 20.8
      vertex 42.6945 -20.9607 20.8
    endloop
  endfacet
  facet normal 0 0 1
    outer loop
      vertex 43.3394 -18.7664 20.8
      vertex 42.4784 -20.8451 20.8
      vertex 42.5892 -20.8976 20.8
    endloop
  endfacet
  facet normal 0 0 1
    outer loop
      vertex 43.016 -18.6507 20.8
      vertex 42.3629 -20.8038 20.8
      vertex 42.4784 -20.8451 20.8
    endloop
  endfacet
  facet normal 0 0 1
    outer loop
      vertex 42.2439 -20.774 20.8
      vertex 42.6828 -18.5673 20.8
      vertex 42.3431 -18.5169 20.8
    endloop
  endfacet
  facet normal 0 0 1
    outer loop
      vertex 42.6828 -18.5673 20.8
      vertex 42.2439 -20.774 20.8
      vertex 42.3629 -20.8038 20.8
    endloop
  endfacet
  facet normal 0 0 1
    outer loop
      vertex 42.3431 -18.5169 20.8
      vertex 42.1225 -20.756 20.8
      vertex 42.2439 -20.774 20.8
    endloop
  endfacet
  facet normal 0 0 1
    outer loop
      vertex 42 -18.5 20.8
      vertex 42.1225 -20.756 20.8
      vertex 42.3431 -18.5169 20.8
    endloop
  endfacet
  facet normal 0 0 1
    outer loop
      vertex 42 -18.5 20.8
      vertex 42 -20.75 20.8
      vertex 42.1225 -20.756 20.8
    endloop
  endfacet
  facet normal 0 0 1
    outer loop
      vertex 42 -18.5 20.8
      vertex 41.8775 -20.756 20.8
      vertex 42 -20.75 20.8
    endloop
  endfacet
  facet normal -0 0 1
    outer loop
      vertex 41.6569 -18.5169 20.8
      vertex 41.8775 -20.756 20.8
      vertex 42 -18.5 20.8
    endloop
  endfacet
  facet normal 0 0 1
    outer loop
      vertex 41.8775 -20.756 20.8
      vertex 41.6569 -18.5169 20.8
      vertex 41.7561 -20.774 20.8
    endloop
  endfacet
  facet normal -0 0 1
    outer loop
      vertex 41.3172 -18.5673 20.8
      vertex 41.7561 -20.774 20.8
      vertex 41.6569 -18.5169 20.8
    endloop
  endfacet
  facet normal 0 0 1
    outer loop
      vertex 41.7561 -20.774 20.8
      vertex 41.3172 -18.5673 20.8
      vertex 41.6371 -20.8038 20.8
    endloop
  endfacet
  facet normal -0 0 1
    outer loop
      vertex 40.984 -18.6507 20.8
      vertex 41.6371 -20.8038 20.8
      vertex 41.3172 -18.5673 20.8
    endloop
  endfacet
  facet normal 0 0 1
    outer loop
      vertex 41.6371 -20.8038 20.8
      vertex 40.984 -18.6507 20.8
      vertex 41.5216 -20.8451 20.8
    endloop
  endfacet
  facet normal -0 0 1
    outer loop
      vertex 40.6606 -18.7664 20.8
      vertex 41.5216 -20.8451 20.8
      vertex 40.984 -18.6507 20.8
    endloop
  endfacet
  facet normal 0 0 1
    outer loop
      vertex 41.5216 -20.8451 20.8
      vertex 40.6606 -18.7664 20.8
      vertex 41.4108 -20.8976 20.8
    endloop
  endfacet
  facet normal -0 0 1
    outer loop
      vertex 40.3501 -18.9133 20.8
      vertex 41.4108 -20.8976 20.8
      vertex 40.6606 -18.7664 20.8
    endloop
  endfacet
  facet normal 0 0 1
    outer loop
      vertex 41.4108 -20.8976 20.8
      vertex 40.3501 -18.9133 20.8
      vertex 41.3055 -20.9607 20.8
    endloop
  endfacet
  facet normal -0 0 1
    outer loop
      vertex 40.0555 -19.0899 20.8
      vertex 41.3055 -20.9607 20.8
      vertex 40.3501 -18.9133 20.8
    endloop
  endfacet
  facet normal 0 0 1
    outer loop
      vertex 41.3055 -20.9607 20.8
      vertex 40.0555 -19.0899 20.8
      vertex 41.207 -21.0337 20.8
    endloop
  endfacet
  facet normal -0 0 1
    outer loop
      vertex 39.7796 -19.2945 20.8
      vertex 41.207 -21.0337 20.8
      vertex 40.0555 -19.0899 20.8
    endloop
  endfacet
  facet normal 0 0 1
    outer loop
      vertex 41.207 -21.0337 20.8
      vertex 39.7796 -19.2945 20.8
      vertex 41.1161 -21.1161 20.8
    endloop
  endfacet
  facet normal -0 0 1
    outer loop
      vertex 39.5251 -19.5251 20.8
      vertex 41.1161 -21.1161 20.8
      vertex 39.7796 -19.2945 20.8
    endloop
  endfacet
  facet normal 0 0 1
    outer loop
      vertex 41.1161 -21.1161 20.8
      vertex 39.5251 -19.5251 20.8
      vertex 41.0337 -21.207 20.8
    endloop
  endfacet
  facet normal -0 0 1
    outer loop
      vertex 39.2945 -19.7796 20.8
      vertex 41.0337 -21.207 20.8
      vertex 39.5251 -19.5251 20.8
    endloop
  endfacet
  facet normal -0 0 1
    outer loop
      vertex 39.0899 -20.0555 20.8
      vertex 40.9607 -21.3055 20.8
      vertex 39.2945 -19.7796 20.8
    endloop
  endfacet
  facet normal 0 0 1
    outer loop
      vertex 41.0337 -21.207 20.8
      vertex 39.2945 -19.7796 20.8
      vertex 40.9607 -21.3055 20.8
    endloop
  endfacet
  facet normal 0 0 1
    outer loop
      vertex 44.9101 -23.9445 20.8
      vertex 43.0393 -22.6945 20.8
      vertex 44.7055 -24.2204 20.8
    endloop
  endfacet
  facet normal -0 0 1
    outer loop
      vertex 42.9663 -22.793 20.8
      vertex 44.7055 -24.2204 20.8
      vertex 43.0393 -22.6945 20.8
    endloop
  endfacet
  facet normal 0 0 1
    outer loop
      vertex 44.7055 -24.2204 20.8
      vertex 42.9663 -22.793 20.8
      vertex 44.4749 -24.4749 20.8
    endloop
  endfacet
  facet normal -0 0 1
    outer loop
      vertex 42.8839 -22.8839 20.8
      vertex 44.4749 -24.4749 20.8
      vertex 42.9663 -22.793 20.8
    endloop
  endfacet
  facet normal 0 0 1
    outer loop
      vertex 44.4749 -24.4749 20.8
      vertex 42.8839 -22.8839 20.8
      vertex 44.2204 -24.7055 20.8
    endloop
  endfacet
  facet normal -0 0 1
    outer loop
      vertex 42.793 -22.9663 20.8
      vertex 44.2204 -24.7055 20.8
      vertex 42.8839 -22.8839 20.8
    endloop
  endfacet
  facet normal 0 0 1
    outer loop
      vertex 44.2204 -24.7055 20.8
      vertex 42.793 -22.9663 20.8
      vertex 43.9445 -24.9101 20.8
    endloop
  endfacet
  facet normal -0 0 1
    outer loop
      vertex 42.6945 -23.0393 20.8
      vertex 43.9445 -24.9101 20.8
      vertex 42.793 -22.9663 20.8
    endloop
  endfacet
  facet normal 0 0 1
    outer loop
      vertex 43.9445 -24.9101 20.8
      vertex 42.6945 -23.0393 20.8
      vertex 43.6499 -25.0867 20.8
    endloop
  endfacet
  facet normal -0 0 1
    outer loop
      vertex 42.5892 -23.1024 20.8
      vertex 43.6499 -25.0867 20.8
      vertex 42.6945 -23.0393 20.8
    endloop
  endfacet
  facet normal 0 0 1
    outer loop
      vertex 43.6499 -25.0867 20.8
      vertex 42.5892 -23.1024 20.8
      vertex 43.3394 -25.2336 20.8
    endloop
  endfacet
  facet normal -0 0 1
    outer loop
      vertex 42.4784 -23.1549 20.8
      vertex 43.3394 -25.2336 20.8
      vertex 42.5892 -23.1024 20.8
    endloop
  endfacet
  facet normal 0 0 1
    outer loop
      vertex 43.3394 -25.2336 20.8
      vertex 42.4784 -23.1549 20.8
      vertex 43.016 -25.3493 20.8
    endloop
  endfacet
  facet normal -0 0 1
    outer loop
      vertex 42.3629 -23.1962 20.8
      vertex 43.016 -25.3493 20.8
      vertex 42.4784 -23.1549 20.8
    endloop
  endfacet
  facet normal 0 0 1
    outer loop
      vertex 43.016 -25.3493 20.8
      vertex 42.3629 -23.1962 20.8
      vertex 42.6828 -25.4327 20.8
    endloop
  endfacet
  facet normal -0 0 1
    outer loop
      vertex 42.2439 -23.226 20.8
      vertex 42.6828 -25.4327 20.8
      vertex 42.3629 -23.1962 20.8
    endloop
  endfacet
  facet normal 0 0 1
    outer loop
      vertex 42.6828 -25.4327 20.8
      vertex 42.2439 -23.226 20.8
      vertex 42.3431 -25.4831 20.8
    endloop
  endfacet
  facet normal -0 0 1
    outer loop
      vertex 42.1225 -23.244 20.8
      vertex 42.3431 -25.4831 20.8
      vertex 42.2439 -23.226 20.8
    endloop
  endfacet
  facet normal -0 0 1
    outer loop
      vertex 42 -23.25 20.8
      vertex 42.3431 -25.4831 20.8
      vertex 42.1225 -23.244 20.8
    endloop
  endfacet
  facet normal 0 0 1
    outer loop
      vertex 42 -23.25 20.8
      vertex 42 -25.5 20.8
      vertex 42.3431 -25.4831 20.8
    endloop
  endfacet
  facet normal 0 0 1
    outer loop
      vertex 41.8775 -23.244 20.8
      vertex 42 -25.5 20.8
      vertex 42 -23.25 20.8
    endloop
  endfacet
  facet normal 0 0 1
    outer loop
      vertex 41.6569 -25.4831 20.8
      vertex 41.8775 -23.244 20.8
      vertex 41.7561 -23.226 20.8
    endloop
  endfacet
  facet normal 0 0 1
    outer loop
      vertex 41.8775 -23.244 20.8
      vertex 41.6569 -25.4831 20.8
      vertex 42 -25.5 20.8
    endloop
  endfacet
  facet normal 0 0 1
    outer loop
      vertex 41.3172 -25.4327 20.8
      vertex 41.7561 -23.226 20.8
      vertex 41.6371 -23.1962 20.8
    endloop
  endfacet
  facet normal 0 0 1
    outer loop
      vertex 40.984 -25.3493 20.8
      vertex 41.6371 -23.1962 20.8
      vertex 41.5216 -23.1549 20.8
    endloop
  endfacet
  facet normal 0 0 1
    outer loop
      vertex 40.6606 -25.2336 20.8
      vertex 41.5216 -23.1549 20.8
      vertex 41.4108 -23.1024 20.8
    endloop
  endfacet
  facet normal 0 0 1
    outer loop
      vertex 41.7561 -23.226 20.8
      vertex 41.3172 -25.4327 20.8
      vertex 41.6569 -25.4831 20.8
    endloop
  endfacet
  facet normal 0 0 1
    outer loop
      vertex 40.3501 -25.0867 20.8
      vertex 41.4108 -23.1024 20.8
      vertex 41.3055 -23.0393 20.8
    endloop
  endfacet
  facet normal 0 0 1
    outer loop
      vertex 40.0555 -24.9101 20.8
      vertex 41.3055 -23.0393 20.8
      vertex 41.207 -22.9663 20.8
    endloop
  endfacet
  facet normal 0 0 1
    outer loop
      vertex 39.7796 -24.7055 20.8
      vertex 41.207 -22.9663 20.8
      vertex 41.1161 -22.8839 20.8
    endloop
  endfacet
  facet normal 0 0 1
    outer loop
      vertex 39.5251 -24.4749 20.8
      vertex 41.1161 -22.8839 20.8
      vertex 41.0337 -22.793 20.8
    endloop
  endfacet
  facet normal 0 0 1
    outer loop
      vertex 41.6371 -23.1962 20.8
      vertex 40.984 -25.3493 20.8
      vertex 41.3172 -25.4327 20.8
    endloop
  endfacet
  facet normal 0 0 1
    outer loop
      vertex 39.2945 -24.2204 20.8
      vertex 41.0337 -22.793 20.8
      vertex 40.9607 -22.6945 20.8
    endloop
  endfacet
  facet normal 0 0 1
    outer loop
      vertex 39.0899 -23.9445 20.8
      vertex 40.9607 -22.6945 20.8
      vertex 40.8976 -22.5892 20.8
    endloop
  endfacet
  facet normal 0 0 1
    outer loop
      vertex 38.9133 -23.6499 20.8
      vertex 40.8976 -22.5892 20.8
      vertex 40.8451 -22.4784 20.8
    endloop
  endfacet
  facet normal 0 0 1
    outer loop
      vertex 38.7664 -23.3394 20.8
      vertex 40.8451 -22.4784 20.8
      vertex 40.8038 -22.3629 20.8
    endloop
  endfacet
  facet normal 0 0 1
    outer loop
      vertex 38.6507 -23.016 20.8
      vertex 40.8038 -22.3629 20.8
      vertex 40.774 -22.2439 20.8
    endloop
  endfacet
  facet normal 0 0 1
    outer loop
      vertex 38.5673 -22.6828 20.8
      vertex 40.774 -22.2439 20.8
      vertex 40.756 -22.1225 20.8
    endloop
  endfacet
  facet normal 0 0 1
    outer loop
      vertex 41.5216 -23.1549 20.8
      vertex 40.6606 -25.2336 20.8
      vertex 40.984 -25.3493 20.8
    endloop
  endfacet
  facet normal 0 0 1
    outer loop
      vertex 38.5169 -22.3431 20.8
      vertex 40.756 -22.1225 20.8
      vertex 40.75 -22 20.8
    endloop
  endfacet
  facet normal 0 0 1
    outer loop
      vertex 40.9607 -21.3055 20.8
      vertex 39.0899 -20.0555 20.8
      vertex 40.8976 -21.4108 20.8
    endloop
  endfacet
  facet normal -0 0 1
    outer loop
      vertex 38.9133 -20.3501 20.8
      vertex 40.8976 -21.4108 20.8
      vertex 39.0899 -20.0555 20.8
    endloop
  endfacet
  facet normal 0 0 1
    outer loop
      vertex 41.4108 -23.1024 20.8
      vertex 40.3501 -25.0867 20.8
      vertex 40.6606 -25.2336 20.8
    endloop
  endfacet
  facet normal 0 0 1
    outer loop
      vertex 40.8976 -21.4108 20.8
      vertex 38.9133 -20.3501 20.8
      vertex 40.8451 -21.5216 20.8
    endloop
  endfacet
  facet normal 0 0 1
    outer loop
      vertex 41.3055 -23.0393 20.8
      vertex 40.0555 -24.9101 20.8
      vertex 40.3501 -25.0867 20.8
    endloop
  endfacet
  facet normal -0 0 1
    outer loop
      vertex 38.7664 -20.6606 20.8
      vertex 40.8451 -21.5216 20.8
      vertex 38.9133 -20.3501 20.8
    endloop
  endfacet
  facet normal 0 0 1
    outer loop
      vertex 41.207 -22.9663 20.8
      vertex 39.7796 -24.7055 20.8
      vertex 40.0555 -24.9101 20.8
    endloop
  endfacet
  facet normal 0 0 1
    outer loop
      vertex 40.8451 -21.5216 20.8
      vertex 38.7664 -20.6606 20.8
      vertex 40.8038 -21.6371 20.8
    endloop
  endfacet
  facet normal 0 0 1
    outer loop
      vertex 41.1161 -22.8839 20.8
      vertex 39.5251 -24.4749 20.8
      vertex 39.7796 -24.7055 20.8
    endloop
  endfacet
  facet normal -0 0 1
    outer loop
      vertex 38.6507 -20.984 20.8
      vertex 40.8038 -21.6371 20.8
      vertex 38.7664 -20.6606 20.8
    endloop
  endfacet
  facet normal 0 0 1
    outer loop
      vertex 41.0337 -22.793 20.8
      vertex 39.2945 -24.2204 20.8
      vertex 39.5251 -24.4749 20.8
    endloop
  endfacet
  facet normal 0 0 1
    outer loop
      vertex 40.8038 -21.6371 20.8
      vertex 38.6507 -20.984 20.8
      vertex 40.774 -21.7561 20.8
    endloop
  endfacet
  facet normal 0 0 1
    outer loop
      vertex 40.9607 -22.6945 20.8
      vertex 39.0899 -23.9445 20.8
      vertex 39.2945 -24.2204 20.8
    endloop
  endfacet
  facet normal -0 0 1
    outer loop
      vertex 38.5673 -21.3172 20.8
      vertex 40.774 -21.7561 20.8
      vertex 38.6507 -20.984 20.8
    endloop
  endfacet
  facet normal 0 0 1
    outer loop
      vertex 40.8976 -22.5892 20.8
      vertex 38.9133 -23.6499 20.8
      vertex 39.0899 -23.9445 20.8
    endloop
  endfacet
  facet normal 0 0 1
    outer loop
      vertex 40.774 -21.7561 20.8
      vertex 38.5673 -21.3172 20.8
      vertex 40.756 -21.8775 20.8
    endloop
  endfacet
  facet normal 0 0 1
    outer loop
      vertex 40.8451 -22.4784 20.8
      vertex 38.7664 -23.3394 20.8
      vertex 38.9133 -23.6499 20.8
    endloop
  endfacet
  facet normal -0 0 1
    outer loop
      vertex 38.5169 -21.6569 20.8
      vertex 40.756 -21.8775 20.8
      vertex 38.5673 -21.3172 20.8
    endloop
  endfacet
  facet normal 0 0 1
    outer loop
      vertex 40.8038 -22.3629 20.8
      vertex 38.6507 -23.016 20.8
      vertex 38.7664 -23.3394 20.8
    endloop
  endfacet
  facet normal 0 0 1
    outer loop
      vertex 40.756 -21.8775 20.8
      vertex 38.5169 -21.6569 20.8
      vertex 40.75 -22 20.8
    endloop
  endfacet
  facet normal 0 0 1
    outer loop
      vertex 40.774 -22.2439 20.8
      vertex 38.5673 -22.6828 20.8
      vertex 38.6507 -23.016 20.8
    endloop
  endfacet
  facet normal 0 0 1
    outer loop
      vertex 38.5 -22 20.8
      vertex 40.75 -22 20.8
      vertex 38.5169 -21.6569 20.8
    endloop
  endfacet
  facet normal 0 0 1
    outer loop
      vertex 40.756 -22.1225 20.8
      vertex 38.5169 -22.3431 20.8
      vertex 38.5673 -22.6828 20.8
    endloop
  endfacet
  facet normal 0 0 1
    outer loop
      vertex 40.75 -22 20.8
      vertex 38.5 -22 20.8
      vertex 38.5169 -22.3431 20.8
    endloop
  endfacet
  facet normal 0.24281 0.970074 -0
    outer loop
      vertex 43.016 -18.6507 3
      vertex 42.6828 -18.5673 20.8
      vertex 43.016 -18.6507 20.8
    endloop
  endfacet
  facet normal 0.24281 0.970074 0
    outer loop
      vertex 42.6828 -18.5673 20.8
      vertex 43.016 -18.6507 3
      vertex 42.6828 -18.5673 3
    endloop
  endfacet
  facet normal -0.970074 -0.24281 0
    outer loop
      vertex 38.6507 -23.016 3
      vertex 38.5673 -22.6828 20.8
      vertex 38.5673 -22.6828 3
    endloop
  endfacet
  facet normal -0.970074 -0.24281 0
    outer loop
      vertex 38.5673 -22.6828 20.8
      vertex 38.6507 -23.016 3
      vertex 38.6507 -23.016 20.8
    endloop
  endfacet
  facet normal 0.857698 0.514153 0
    outer loop
      vertex 45.0867 -20.3501 20.8
      vertex 44.9101 -20.0555 3
      vertex 44.9101 -20.0555 20.8
    endloop
  endfacet
  facet normal 0.857698 0.514153 0
    outer loop
      vertex 44.9101 -20.0555 3
      vertex 45.0867 -20.3501 20.8
      vertex 45.0867 -20.3501 3
    endloop
  endfacet
  facet normal -0.336853 0.941557 0
    outer loop
      vertex 40.984 -18.6507 3
      vertex 40.6606 -18.7664 20.8
      vertex 40.984 -18.6507 20.8
    endloop
  endfacet
  facet normal -0.336853 0.941557 0
    outer loop
      vertex 40.6606 -18.7664 20.8
      vertex 40.984 -18.6507 3
      vertex 40.6606 -18.7664 3
    endloop
  endfacet
  facet normal 0.14676 -0.989172 0
    outer loop
      vertex 42.3431 -25.4831 3
      vertex 42.6828 -25.4327 20.8
      vertex 42.3431 -25.4831 20.8
    endloop
  endfacet
  facet normal 0.14676 -0.989172 0
    outer loop
      vertex 42.6828 -25.4327 20.8
      vertex 42.3431 -25.4831 3
      vertex 42.6828 -25.4327 3
    endloop
  endfacet
  facet normal 0.514153 0.857698 -0
    outer loop
      vertex 43.9445 -19.0899 3
      vertex 43.6499 -18.9133 20.8
      vertex 43.9445 -19.0899 20.8
    endloop
  endfacet
  facet normal 0.514153 0.857698 0
    outer loop
      vertex 43.6499 -18.9133 20.8
      vertex 43.9445 -19.0899 3
      vertex 43.6499 -18.9133 3
    endloop
  endfacet
  facet normal 0.595659 -0.803237 0
    outer loop
      vertex 43.9445 -24.9101 3
      vertex 44.2204 -24.7055 20.8
      vertex 43.9445 -24.9101 20.8
    endloop
  endfacet
  facet normal 0.595659 -0.803237 0
    outer loop
      vertex 44.2204 -24.7055 20.8
      vertex 43.9445 -24.9101 3
      vertex 44.2204 -24.7055 3
    endloop
  endfacet
  facet normal 0.0491971 -0.998789 0
    outer loop
      vertex 42 -25.5 3
      vertex 42.3431 -25.4831 20.8
      vertex 42 -25.5 20.8
    endloop
  endfacet
  facet normal 0.0491971 -0.998789 0
    outer loop
      vertex 42.3431 -25.4831 20.8
      vertex 42 -25.5 3
      vertex 42.3431 -25.4831 3
    endloop
  endfacet
  facet normal 0.741046 0.671454 0
    outer loop
      vertex 44.7055 -19.7796 20.8
      vertex 44.4749 -19.5251 3
      vertex 44.4749 -19.5251 20.8
    endloop
  endfacet
  facet normal 0.741046 0.671454 0
    outer loop
      vertex 44.4749 -19.5251 3
      vertex 44.7055 -19.7796 20.8
      vertex 44.7055 -19.7796 3
    endloop
  endfacet
  facet normal -0.857698 0.514153 0
    outer loop
      vertex 38.9133 -20.3501 3
      vertex 39.0899 -20.0555 20.8
      vertex 39.0899 -20.0555 3
    endloop
  endfacet
  facet normal -0.857698 0.514153 0
    outer loop
      vertex 39.0899 -20.0555 20.8
      vertex 38.9133 -20.3501 3
      vertex 38.9133 -20.3501 20.8
    endloop
  endfacet
  facet normal 0.803237 0.595659 0
    outer loop
      vertex 44.9101 -20.0555 20.8
      vertex 44.7055 -19.7796 3
      vertex 44.7055 -19.7796 20.8
    endloop
  endfacet
  facet normal 0.803237 0.595659 0
    outer loop
      vertex 44.7055 -19.7796 3
      vertex 44.9101 -20.0555 20.8
      vertex 44.9101 -20.0555 3
    endloop
  endfacet
  facet normal -0.903939 -0.427661 0
    outer loop
      vertex 38.9133 -23.6499 3
      vertex 38.7664 -23.3394 20.8
      vertex 38.7664 -23.3394 3
    endloop
  endfacet
  facet normal -0.903939 -0.427661 0
    outer loop
      vertex 38.7664 -23.3394 20.8
      vertex 38.9133 -23.6499 3
      vertex 38.9133 -23.6499 20.8
    endloop
  endfacet
  facet normal 0.336853 0.941557 -0
    outer loop
      vertex 43.3394 -18.7664 3
      vertex 43.016 -18.6507 20.8
      vertex 43.3394 -18.7664 20.8
    endloop
  endfacet
  facet normal 0.336853 0.941557 0
    outer loop
      vertex 43.016 -18.6507 20.8
      vertex 43.3394 -18.7664 3
      vertex 43.016 -18.6507 3
    endloop
  endfacet
  facet normal -0.941557 0.336853 0
    outer loop
      vertex 38.6507 -20.984 3
      vertex 38.7664 -20.6606 20.8
      vertex 38.7664 -20.6606 3
    endloop
  endfacet
  facet normal -0.941557 0.336853 0
    outer loop
      vertex 38.7664 -20.6606 20.8
      vertex 38.6507 -20.984 3
      vertex 38.6507 -20.984 20.8
    endloop
  endfacet
  facet normal -0.803237 -0.595659 0
    outer loop
      vertex 39.2945 -24.2204 3
      vertex 39.0899 -23.9445 20.8
      vertex 39.0899 -23.9445 3
    endloop
  endfacet
  facet normal -0.803237 -0.595659 0
    outer loop
      vertex 39.0899 -23.9445 20.8
      vertex 39.2945 -24.2204 3
      vertex 39.2945 -24.2204 20.8
    endloop
  endfacet
  facet normal 0.970074 -0.24281 0
    outer loop
      vertex 45.3493 -23.016 20.8
      vertex 45.4327 -22.6828 3
      vertex 45.4327 -22.6828 20.8
    endloop
  endfacet
  facet normal 0.970074 -0.24281 0
    outer loop
      vertex 45.4327 -22.6828 3
      vertex 45.3493 -23.016 20.8
      vertex 45.3493 -23.016 3
    endloop
  endfacet
  facet normal 0.14676 0.989172 -0
    outer loop
      vertex 42.6828 -18.5673 3
      vertex 42.3431 -18.5169 20.8
      vertex 42.6828 -18.5673 20.8
    endloop
  endfacet
  facet normal 0.14676 0.989172 0
    outer loop
      vertex 42.3431 -18.5169 20.8
      vertex 42.6828 -18.5673 3
      vertex 42.3431 -18.5169 3
    endloop
  endfacet
  facet normal 0.903939 -0.427661 0
    outer loop
      vertex 45.0867 -23.6499 20.8
      vertex 45.2336 -23.3394 3
      vertex 45.2336 -23.3394 20.8
    endloop
  endfacet
  facet normal 0.903939 -0.427661 0
    outer loop
      vertex 45.2336 -23.3394 3
      vertex 45.0867 -23.6499 20.8
      vertex 45.0867 -23.6499 3
    endloop
  endfacet
  facet normal 0.989172 -0.14676 0
    outer loop
      vertex 45.4327 -22.6828 20.8
      vertex 45.4831 -22.3431 3
      vertex 45.4831 -22.3431 20.8
    endloop
  endfacet
  facet normal 0.989172 -0.14676 0
    outer loop
      vertex 45.4831 -22.3431 3
      vertex 45.4327 -22.6828 20.8
      vertex 45.4327 -22.6828 3
    endloop
  endfacet
  facet normal -0.989172 -0.14676 0
    outer loop
      vertex 38.5673 -22.6828 3
      vertex 38.5169 -22.3431 20.8
      vertex 38.5169 -22.3431 3
    endloop
  endfacet
  facet normal -0.989172 -0.14676 0
    outer loop
      vertex 38.5169 -22.3431 20.8
      vertex 38.5673 -22.6828 3
      vertex 38.5673 -22.6828 20.8
    endloop
  endfacet
  facet normal 0.941557 0.336853 0
    outer loop
      vertex 45.3493 -20.984 20.8
      vertex 45.2336 -20.6606 3
      vertex 45.2336 -20.6606 20.8
    endloop
  endfacet
  facet normal 0.941557 0.336853 0
    outer loop
      vertex 45.2336 -20.6606 3
      vertex 45.3493 -20.984 20.8
      vertex 45.3493 -20.984 3
    endloop
  endfacet
  facet normal -0.427661 0.903939 0
    outer loop
      vertex 40.6606 -18.7664 3
      vertex 40.3501 -18.9133 20.8
      vertex 40.6606 -18.7664 20.8
    endloop
  endfacet
  facet normal -0.427661 0.903939 0
    outer loop
      vertex 40.3501 -18.9133 20.8
      vertex 40.6606 -18.7664 3
      vertex 40.3501 -18.9133 3
    endloop
  endfacet
  facet normal 0.595659 0.803237 -0
    outer loop
      vertex 44.2204 -19.2945 3
      vertex 43.9445 -19.0899 20.8
      vertex 44.2204 -19.2945 20.8
    endloop
  endfacet
  facet normal 0.595659 0.803237 0
    outer loop
      vertex 43.9445 -19.0899 20.8
      vertex 44.2204 -19.2945 3
      vertex 43.9445 -19.0899 3
    endloop
  endfacet
  facet normal 0.903939 0.427661 0
    outer loop
      vertex 45.2336 -20.6606 20.8
      vertex 45.0867 -20.3501 3
      vertex 45.0867 -20.3501 20.8
    endloop
  endfacet
  facet normal 0.903939 0.427661 0
    outer loop
      vertex 45.0867 -20.3501 3
      vertex 45.2336 -20.6606 20.8
      vertex 45.2336 -20.6606 3
    endloop
  endfacet
  facet normal -0.903939 0.427661 0
    outer loop
      vertex 38.7664 -20.6606 3
      vertex 38.9133 -20.3501 20.8
      vertex 38.9133 -20.3501 3
    endloop
  endfacet
  facet normal -0.903939 0.427661 0
    outer loop
      vertex 38.9133 -20.3501 20.8
      vertex 38.7664 -20.6606 3
      vertex 38.7664 -20.6606 20.8
    endloop
  endfacet
  facet normal 0.741046 -0.671454 0
    outer loop
      vertex 44.4749 -24.4749 20.8
      vertex 44.7055 -24.2204 3
      vertex 44.7055 -24.2204 20.8
    endloop
  endfacet
  facet normal 0.741046 -0.671454 0
    outer loop
      vertex 44.7055 -24.2204 3
      vertex 44.4749 -24.4749 20.8
      vertex 44.4749 -24.4749 3
    endloop
  endfacet
  facet normal -0.989172 0.14676 0
    outer loop
      vertex 38.5169 -21.6569 3
      vertex 38.5673 -21.3172 20.8
      vertex 38.5673 -21.3172 3
    endloop
  endfacet
  facet normal -0.989172 0.14676 0
    outer loop
      vertex 38.5673 -21.3172 20.8
      vertex 38.5169 -21.6569 3
      vertex 38.5169 -21.6569 20.8
    endloop
  endfacet
  facet normal -0.803237 0.595659 0
    outer loop
      vertex 39.0899 -20.0555 3
      vertex 39.2945 -19.7796 20.8
      vertex 39.2945 -19.7796 3
    endloop
  endfacet
  facet normal -0.803237 0.595659 0
    outer loop
      vertex 39.2945 -19.7796 20.8
      vertex 39.0899 -20.0555 3
      vertex 39.0899 -20.0555 20.8
    endloop
  endfacet
  facet normal -0.671454 0.741046 0
    outer loop
      vertex 39.7796 -19.2945 3
      vertex 39.5251 -19.5251 20.8
      vertex 39.7796 -19.2945 20.8
    endloop
  endfacet
  facet normal -0.671454 0.741046 0
    outer loop
      vertex 39.5251 -19.5251 20.8
      vertex 39.7796 -19.2945 3
      vertex 39.5251 -19.5251 3
    endloop
  endfacet
  facet normal 0.24281 -0.970074 0
    outer loop
      vertex 42.6828 -25.4327 3
      vertex 43.016 -25.3493 20.8
      vertex 42.6828 -25.4327 20.8
    endloop
  endfacet
  facet normal 0.24281 -0.970074 0
    outer loop
      vertex 43.016 -25.3493 20.8
      vertex 42.6828 -25.4327 3
      vertex 43.016 -25.3493 3
    endloop
  endfacet
  facet normal -0.741046 0.671454 0
    outer loop
      vertex 39.2945 -19.7796 3
      vertex 39.5251 -19.5251 20.8
      vertex 39.5251 -19.5251 3
    endloop
  endfacet
  facet normal -0.741046 0.671454 0
    outer loop
      vertex 39.5251 -19.5251 20.8
      vertex 39.2945 -19.7796 3
      vertex 39.2945 -19.7796 20.8
    endloop
  endfacet
  facet normal -0.671454 -0.741046 0
    outer loop
      vertex 39.5251 -24.4749 3
      vertex 39.7796 -24.7055 20.8
      vertex 39.5251 -24.4749 20.8
    endloop
  endfacet
  facet normal -0.671454 -0.741046 -0
    outer loop
      vertex 39.7796 -24.7055 20.8
      vertex 39.5251 -24.4749 3
      vertex 39.7796 -24.7055 3
    endloop
  endfacet
  facet normal -0.970074 0.24281 0
    outer loop
      vertex 38.5673 -21.3172 3
      vertex 38.6507 -20.984 20.8
      vertex 38.6507 -20.984 3
    endloop
  endfacet
  facet normal -0.970074 0.24281 0
    outer loop
      vertex 38.6507 -20.984 20.8
      vertex 38.5673 -21.3172 3
      vertex 38.5673 -21.3172 20.8
    endloop
  endfacet
  facet normal -0.0491971 0.998789 0
    outer loop
      vertex 42 -18.5 3
      vertex 41.6569 -18.5169 20.8
      vertex 42 -18.5 20.8
    endloop
  endfacet
  facet normal -0.0491971 0.998789 0
    outer loop
      vertex 41.6569 -18.5169 20.8
      vertex 42 -18.5 3
      vertex 41.6569 -18.5169 3
    endloop
  endfacet
  facet normal -0.514153 0.857698 0
    outer loop
      vertex 40.3501 -18.9133 3
      vertex 40.0555 -19.0899 20.8
      vertex 40.3501 -18.9133 20.8
    endloop
  endfacet
  facet normal -0.514153 0.857698 0
    outer loop
      vertex 40.0555 -19.0899 20.8
      vertex 40.3501 -18.9133 3
      vertex 40.0555 -19.0899 3
    endloop
  endfacet
  facet normal -0.595659 0.803237 0
    outer loop
      vertex 40.0555 -19.0899 3
      vertex 39.7796 -19.2945 20.8
      vertex 40.0555 -19.0899 20.8
    endloop
  endfacet
  facet normal -0.595659 0.803237 0
    outer loop
      vertex 39.7796 -19.2945 20.8
      vertex 40.0555 -19.0899 3
      vertex 39.7796 -19.2945 3
    endloop
  endfacet
  facet normal 0.514153 -0.857698 0
    outer loop
      vertex 43.6499 -25.0867 3
      vertex 43.9445 -24.9101 20.8
      vertex 43.6499 -25.0867 20.8
    endloop
  endfacet
  facet normal 0.514153 -0.857698 0
    outer loop
      vertex 43.9445 -24.9101 20.8
      vertex 43.6499 -25.0867 3
      vertex 43.9445 -24.9101 3
    endloop
  endfacet
  facet normal -0.941557 -0.336853 0
    outer loop
      vertex 38.7664 -23.3394 3
      vertex 38.6507 -23.016 20.8
      vertex 38.6507 -23.016 3
    endloop
  endfacet
  facet normal -0.941557 -0.336853 0
    outer loop
      vertex 38.6507 -23.016 20.8
      vertex 38.7664 -23.3394 3
      vertex 38.7664 -23.3394 20.8
    endloop
  endfacet
  facet normal 0.671454 0.741046 -0
    outer loop
      vertex 44.4749 -19.5251 3
      vertex 44.2204 -19.2945 20.8
      vertex 44.4749 -19.5251 20.8
    endloop
  endfacet
  facet normal 0.671454 0.741046 0
    outer loop
      vertex 44.2204 -19.2945 20.8
      vertex 44.4749 -19.5251 3
      vertex 44.2204 -19.2945 3
    endloop
  endfacet
  facet normal 0.941557 -0.336853 0
    outer loop
      vertex 45.2336 -23.3394 20.8
      vertex 45.3493 -23.016 3
      vertex 45.3493 -23.016 20.8
    endloop
  endfacet
  facet normal 0.941557 -0.336853 0
    outer loop
      vertex 45.3493 -23.016 3
      vertex 45.2336 -23.3394 20.8
      vertex 45.2336 -23.3394 3
    endloop
  endfacet
  facet normal -0.24281 -0.970074 0
    outer loop
      vertex 40.984 -25.3493 3
      vertex 41.3172 -25.4327 20.8
      vertex 40.984 -25.3493 20.8
    endloop
  endfacet
  facet normal -0.24281 -0.970074 -0
    outer loop
      vertex 41.3172 -25.4327 20.8
      vertex 40.984 -25.3493 3
      vertex 41.3172 -25.4327 3
    endloop
  endfacet
  facet normal 0.671454 -0.741046 0
    outer loop
      vertex 44.2204 -24.7055 3
      vertex 44.4749 -24.4749 20.8
      vertex 44.2204 -24.7055 20.8
    endloop
  endfacet
  facet normal 0.671454 -0.741046 0
    outer loop
      vertex 44.4749 -24.4749 20.8
      vertex 44.2204 -24.7055 3
      vertex 44.4749 -24.4749 3
    endloop
  endfacet
  facet normal -0.427661 -0.903939 0
    outer loop
      vertex 40.3501 -25.0867 3
      vertex 40.6606 -25.2336 20.8
      vertex 40.3501 -25.0867 20.8
    endloop
  endfacet
  facet normal -0.427661 -0.903939 -0
    outer loop
      vertex 40.6606 -25.2336 20.8
      vertex 40.3501 -25.0867 3
      vertex 40.6606 -25.2336 3
    endloop
  endfacet
  facet normal -0.998789 0.0491971 0
    outer loop
      vertex 38.5 -22 3
      vertex 38.5169 -21.6569 20.8
      vertex 38.5169 -21.6569 3
    endloop
  endfacet
  facet normal -0.998789 0.0491971 0
    outer loop
      vertex 38.5169 -21.6569 20.8
      vertex 38.5 -22 3
      vertex 38.5 -22 20.8
    endloop
  endfacet
  facet normal -0.998789 -0.0491971 0
    outer loop
      vertex 38.5169 -22.3431 3
      vertex 38.5 -22 20.8
      vertex 38.5 -22 3
    endloop
  endfacet
  facet normal -0.998789 -0.0491971 0
    outer loop
      vertex 38.5 -22 20.8
      vertex 38.5169 -22.3431 3
      vertex 38.5169 -22.3431 20.8
    endloop
  endfacet
  facet normal -0.857698 -0.514153 0
    outer loop
      vertex 39.0899 -23.9445 3
      vertex 38.9133 -23.6499 20.8
      vertex 38.9133 -23.6499 3
    endloop
  endfacet
  facet normal -0.857698 -0.514153 0
    outer loop
      vertex 38.9133 -23.6499 20.8
      vertex 39.0899 -23.9445 3
      vertex 39.0899 -23.9445 20.8
    endloop
  endfacet
  facet normal -0.14676 -0.989172 0
    outer loop
      vertex 41.3172 -25.4327 3
      vertex 41.6569 -25.4831 20.8
      vertex 41.3172 -25.4327 20.8
    endloop
  endfacet
  facet normal -0.14676 -0.989172 -0
    outer loop
      vertex 41.6569 -25.4831 20.8
      vertex 41.3172 -25.4327 3
      vertex 41.6569 -25.4831 3
    endloop
  endfacet
  facet normal -0.514153 -0.857698 0
    outer loop
      vertex 40.0555 -24.9101 3
      vertex 40.3501 -25.0867 20.8
      vertex 40.0555 -24.9101 20.8
    endloop
  endfacet
  facet normal -0.514153 -0.857698 -0
    outer loop
      vertex 40.3501 -25.0867 20.8
      vertex 40.0555 -24.9101 3
      vertex 40.3501 -25.0867 3
    endloop
  endfacet
  facet normal -0.336853 -0.941557 0
    outer loop
      vertex 40.6606 18.7664 3
      vertex 40.984 18.6507 20.8
      vertex 40.6606 18.7664 20.8
    endloop
  endfacet
  facet normal -0.336853 -0.941557 -0
    outer loop
      vertex 40.984 18.6507 20.8
      vertex 40.6606 18.7664 3
      vertex 40.984 18.6507 3
    endloop
  endfacet
  facet normal 0.989172 0.14676 0
    outer loop
      vertex 45.4831 22.3431 20.8
      vertex 45.4327 22.6828 3
      vertex 45.4327 22.6828 20.8
    endloop
  endfacet
  facet normal 0.989172 0.14676 0
    outer loop
      vertex 45.4327 22.6828 3
      vertex 45.4831 22.3431 20.8
      vertex 45.4831 22.3431 3
    endloop
  endfacet
  facet normal 0.998789 0.0491971 0
    outer loop
      vertex 45.5 22 20.8
      vertex 45.4831 22.3431 3
      vertex 45.4831 22.3431 20.8
    endloop
  endfacet
  facet normal 0.998789 0.0491971 0
    outer loop
      vertex 45.4831 22.3431 3
      vertex 45.5 22 20.8
      vertex 45.5 22 3
    endloop
  endfacet
  facet normal 0.970074 0.24281 0
    outer loop
      vertex 45.4327 22.6828 20.8
      vertex 45.3493 23.016 3
      vertex 45.3493 23.016 20.8
    endloop
  endfacet
  facet normal 0.970074 0.24281 0
    outer loop
      vertex 45.3493 23.016 3
      vertex 45.4327 22.6828 20.8
      vertex 45.4327 22.6828 3
    endloop
  endfacet
  facet normal -0.989172 0.14676 0
    outer loop
      vertex 38.5169 22.3431 3
      vertex 38.5673 22.6828 20.8
      vertex 38.5673 22.6828 3
    endloop
  endfacet
  facet normal -0.989172 0.14676 0
    outer loop
      vertex 38.5673 22.6828 20.8
      vertex 38.5169 22.3431 3
      vertex 38.5169 22.3431 20.8
    endloop
  endfacet
  facet normal -0.24281 -0.970074 0
    outer loop
      vertex 40.984 18.6507 3
      vertex 41.3172 18.5673 20.8
      vertex 40.984 18.6507 20.8
    endloop
  endfacet
  facet normal -0.24281 -0.970074 -0
    outer loop
      vertex 41.3172 18.5673 20.8
      vertex 40.984 18.6507 3
      vertex 41.3172 18.5673 3
    endloop
  endfacet
  facet normal 0.336853 0.941557 -0
    outer loop
      vertex 43.3394 25.2336 3
      vertex 43.016 25.3493 20.8
      vertex 43.3394 25.2336 20.8
    endloop
  endfacet
  facet normal 0.336853 0.941557 0
    outer loop
      vertex 43.016 25.3493 20.8
      vertex 43.3394 25.2336 3
      vertex 43.016 25.3493 3
    endloop
  endfacet
  facet normal -0.514153 0.857698 0
    outer loop
      vertex 40.3501 25.0867 3
      vertex 40.0555 24.9101 20.8
      vertex 40.3501 25.0867 20.8
    endloop
  endfacet
  facet normal -0.514153 0.857698 0
    outer loop
      vertex 40.0555 24.9101 20.8
      vertex 40.3501 25.0867 3
      vertex 40.0555 24.9101 3
    endloop
  endfacet
  facet normal -0.903939 -0.427661 0
    outer loop
      vertex 38.9133 20.3501 3
      vertex 38.7664 20.6606 20.8
      vertex 38.7664 20.6606 3
    endloop
  endfacet
  facet normal -0.903939 -0.427661 0
    outer loop
      vertex 38.7664 20.6606 20.8
      vertex 38.9133 20.3501 3
      vertex 38.9133 20.3501 20.8
    endloop
  endfacet
  facet normal -0.24281 0.970074 0
    outer loop
      vertex 41.3172 25.4327 3
      vertex 40.984 25.3493 20.8
      vertex 41.3172 25.4327 20.8
    endloop
  endfacet
  facet normal -0.24281 0.970074 0
    outer loop
      vertex 40.984 25.3493 20.8
      vertex 41.3172 25.4327 3
      vertex 40.984 25.3493 3
    endloop
  endfacet
  facet normal -0.857698 -0.514153 0
    outer loop
      vertex 39.0899 20.0555 3
      vertex 38.9133 20.3501 20.8
      vertex 38.9133 20.3501 3
    endloop
  endfacet
  facet normal -0.857698 -0.514153 0
    outer loop
      vertex 38.9133 20.3501 20.8
      vertex 39.0899 20.0555 3
      vertex 39.0899 20.0555 20.8
    endloop
  endfacet
  facet normal 0.24281 -0.970074 0
    outer loop
      vertex 42.6828 18.5673 3
      vertex 43.016 18.6507 20.8
      vertex 42.6828 18.5673 20.8
    endloop
  endfacet
  facet normal 0.24281 -0.970074 0
    outer loop
      vertex 43.016 18.6507 20.8
      vertex 42.6828 18.5673 3
      vertex 43.016 18.6507 3
    endloop
  endfacet
  facet normal -0.595659 -0.803237 0
    outer loop
      vertex 39.7796 19.2945 3
      vertex 40.0555 19.0899 20.8
      vertex 39.7796 19.2945 20.8
    endloop
  endfacet
  facet normal -0.595659 -0.803237 -0
    outer loop
      vertex 40.0555 19.0899 20.8
      vertex 39.7796 19.2945 3
      vertex 40.0555 19.0899 3
    endloop
  endfacet
  facet normal 0.514153 -0.857698 0
    outer loop
      vertex 43.6499 18.9133 3
      vertex 43.9445 19.0899 20.8
      vertex 43.6499 18.9133 20.8
    endloop
  endfacet
  facet normal 0.514153 -0.857698 0
    outer loop
      vertex 43.9445 19.0899 20.8
      vertex 43.6499 18.9133 3
      vertex 43.9445 19.0899 3
    endloop
  endfacet
  facet normal 0.803237 -0.595659 0
    outer loop
      vertex 44.7055 19.7796 20.8
      vertex 44.9101 20.0555 3
      vertex 44.9101 20.0555 20.8
    endloop
  endfacet
  facet normal 0.803237 -0.595659 0
    outer loop
      vertex 44.9101 20.0555 3
      vertex 44.7055 19.7796 20.8
      vertex 44.7055 19.7796 3
    endloop
  endfacet
  facet normal 0.14676 0.989172 -0
    outer loop
      vertex 42.6828 25.4327 3
      vertex 42.3431 25.4831 20.8
      vertex 42.6828 25.4327 20.8
    endloop
  endfacet
  facet normal 0.14676 0.989172 0
    outer loop
      vertex 42.3431 25.4831 20.8
      vertex 42.6828 25.4327 3
      vertex 42.3431 25.4831 3
    endloop
  endfacet
  facet normal -0.595659 0.803237 0
    outer loop
      vertex 40.0555 24.9101 3
      vertex 39.7796 24.7055 20.8
      vertex 40.0555 24.9101 20.8
    endloop
  endfacet
  facet normal -0.595659 0.803237 0
    outer loop
      vertex 39.7796 24.7055 20.8
      vertex 40.0555 24.9101 3
      vertex 39.7796 24.7055 3
    endloop
  endfacet
  facet normal 0.427661 -0.903939 0
    outer loop
      vertex 43.3394 18.7664 3
      vertex 43.6499 18.9133 20.8
      vertex 43.3394 18.7664 20.8
    endloop
  endfacet
  facet normal 0.427661 -0.903939 0
    outer loop
      vertex 43.6499 18.9133 20.8
      vertex 43.3394 18.7664 3
      vertex 43.6499 18.9133 3
    endloop
  endfacet
  facet normal -0.803237 0.595659 0
    outer loop
      vertex 39.0899 23.9445 3
      vertex 39.2945 24.2204 20.8
      vertex 39.2945 24.2204 3
    endloop
  endfacet
  facet normal -0.803237 0.595659 0
    outer loop
      vertex 39.2945 24.2204 20.8
      vertex 39.0899 23.9445 3
      vertex 39.0899 23.9445 20.8
    endloop
  endfacet
  facet normal 0.989172 -0.14676 0
    outer loop
      vertex 45.4327 21.3172 20.8
      vertex 45.4831 21.6569 3
      vertex 45.4831 21.6569 20.8
    endloop
  endfacet
  facet normal 0.989172 -0.14676 0
    outer loop
      vertex 45.4831 21.6569 3
      vertex 45.4327 21.3172 20.8
      vertex 45.4327 21.3172 3
    endloop
  endfacet
  facet normal -0.941557 0.336853 0
    outer loop
      vertex 38.6507 23.016 3
      vertex 38.7664 23.3394 20.8
      vertex 38.7664 23.3394 3
    endloop
  endfacet
  facet normal -0.941557 0.336853 0
    outer loop
      vertex 38.7664 23.3394 20.8
      vertex 38.6507 23.016 3
      vertex 38.6507 23.016 20.8
    endloop
  endfacet
  facet normal 0.427661 0.903939 -0
    outer loop
      vertex 43.6499 25.0867 3
      vertex 43.3394 25.2336 20.8
      vertex 43.6499 25.0867 20.8
    endloop
  endfacet
  facet normal 0.427661 0.903939 0
    outer loop
      vertex 43.3394 25.2336 20.8
      vertex 43.6499 25.0867 3
      vertex 43.3394 25.2336 3
    endloop
  endfacet
  facet normal -0.941557 -0.336853 0
    outer loop
      vertex 38.7664 20.6606 3
      vertex 38.6507 20.984 20.8
      vertex 38.6507 20.984 3
    endloop
  endfacet
  facet normal -0.941557 -0.336853 0
    outer loop
      vertex 38.6507 20.984 20.8
      vertex 38.7664 20.6606 3
      vertex 38.7664 20.6606 20.8
    endloop
  endfacet
  facet normal 0.970074 -0.24281 0
    outer loop
      vertex 45.3493 20.984 20.8
      vertex 45.4327 21.3172 3
      vertex 45.4327 21.3172 20.8
    endloop
  endfacet
  facet normal 0.970074 -0.24281 0
    outer loop
      vertex 45.4327 21.3172 3
      vertex 45.3493 20.984 20.8
      vertex 45.3493 20.984 3
    endloop
  endfacet
  facet normal -0.0491971 0.998789 0
    outer loop
      vertex 42 25.5 3
      vertex 41.6569 25.4831 20.8
      vertex 42 25.5 20.8
    endloop
  endfacet
  facet normal -0.0491971 0.998789 0
    outer loop
      vertex 41.6569 25.4831 20.8
      vertex 42 25.5 3
      vertex 41.6569 25.4831 3
    endloop
  endfacet
  facet normal 0.671454 0.741046 -0
    outer loop
      vertex 44.4749 24.4749 3
      vertex 44.2204 24.7055 20.8
      vertex 44.4749 24.4749 20.8
    endloop
  endfacet
  facet normal 0.671454 0.741046 0
    outer loop
      vertex 44.2204 24.7055 20.8
      vertex 44.4749 24.4749 3
      vertex 44.2204 24.7055 3
    endloop
  endfacet
  facet normal -0.427661 0.903939 0
    outer loop
      vertex 40.6606 25.2336 3
      vertex 40.3501 25.0867 20.8
      vertex 40.6606 25.2336 20.8
    endloop
  endfacet
  facet normal -0.427661 0.903939 0
    outer loop
      vertex 40.3501 25.0867 20.8
      vertex 40.6606 25.2336 3
      vertex 40.3501 25.0867 3
    endloop
  endfacet
  facet normal -0.671454 0.741046 0
    outer loop
      vertex 39.7796 24.7055 3
      vertex 39.5251 24.4749 20.8
      vertex 39.7796 24.7055 20.8
    endloop
  endfacet
  facet normal -0.671454 0.741046 0
    outer loop
      vertex 39.5251 24.4749 20.8
      vertex 39.7796 24.7055 3
      vertex 39.5251 24.4749 3
    endloop
  endfacet
  facet normal 0.336853 -0.941557 0
    outer loop
      vertex 43.016 18.6507 3
      vertex 43.3394 18.7664 20.8
      vertex 43.016 18.6507 20.8
    endloop
  endfacet
  facet normal 0.336853 -0.941557 0
    outer loop
      vertex 43.3394 18.7664 20.8
      vertex 43.016 18.6507 3
      vertex 43.3394 18.7664 3
    endloop
  endfacet
  facet normal -0.336853 0.941557 0
    outer loop
      vertex 40.984 25.3493 3
      vertex 40.6606 25.2336 20.8
      vertex 40.984 25.3493 20.8
    endloop
  endfacet
  facet normal -0.336853 0.941557 0
    outer loop
      vertex 40.6606 25.2336 20.8
      vertex 40.984 25.3493 3
      vertex 40.6606 25.2336 3
    endloop
  endfacet
  facet normal 0.803237 0.595659 0
    outer loop
      vertex 44.9101 23.9445 20.8
      vertex 44.7055 24.2204 3
      vertex 44.7055 24.2204 20.8
    endloop
  endfacet
  facet normal 0.803237 0.595659 0
    outer loop
      vertex 44.7055 24.2204 3
      vertex 44.9101 23.9445 20.8
      vertex 44.9101 23.9445 3
    endloop
  endfacet
  facet normal -0.857698 0.514153 0
    outer loop
      vertex 38.9133 23.6499 3
      vertex 39.0899 23.9445 20.8
      vertex 39.0899 23.9445 3
    endloop
  endfacet
  facet normal -0.857698 0.514153 0
    outer loop
      vertex 39.0899 23.9445 20.8
      vertex 38.9133 23.6499 3
      vertex 38.9133 23.6499 20.8
    endloop
  endfacet
  facet normal 0.998789 -0.0491971 0
    outer loop
      vertex 45.4831 21.6569 20.8
      vertex 45.5 22 3
      vertex 45.5 22 20.8
    endloop
  endfacet
  facet normal 0.998789 -0.0491971 0
    outer loop
      vertex 45.5 22 3
      vertex 45.4831 21.6569 20.8
      vertex 45.4831 21.6569 3
    endloop
  endfacet
  facet normal 0.903939 -0.427661 0
    outer loop
      vertex 45.0867 20.3501 20.8
      vertex 45.2336 20.6606 3
      vertex 45.2336 20.6606 20.8
    endloop
  endfacet
  facet normal 0.903939 -0.427661 0
    outer loop
      vertex 45.2336 20.6606 3
      vertex 45.0867 20.3501 20.8
      vertex 45.0867 20.3501 3
    endloop
  endfacet
  facet normal -0.671454 -0.741046 0
    outer loop
      vertex 39.5251 19.5251 3
      vertex 39.7796 19.2945 20.8
      vertex 39.5251 19.5251 20.8
    endloop
  endfacet
  facet normal -0.671454 -0.741046 -0
    outer loop
      vertex 39.7796 19.2945 20.8
      vertex 39.5251 19.5251 3
      vertex 39.7796 19.2945 3
    endloop
  endfacet
  facet normal 0.595659 0.803237 -0
    outer loop
      vertex 44.2204 24.7055 3
      vertex 43.9445 24.9101 20.8
      vertex 44.2204 24.7055 20.8
    endloop
  endfacet
  facet normal 0.595659 0.803237 0
    outer loop
      vertex 43.9445 24.9101 20.8
      vertex 44.2204 24.7055 3
      vertex 43.9445 24.9101 3
    endloop
  endfacet
  facet normal -0.514153 -0.857698 0
    outer loop
      vertex 40.0555 19.0899 3
      vertex 40.3501 18.9133 20.8
      vertex 40.0555 19.0899 20.8
    endloop
  endfacet
  facet normal -0.514153 -0.857698 -0
    outer loop
      vertex 40.3501 18.9133 20.8
      vertex 40.0555 19.0899 3
      vertex 40.3501 18.9133 3
    endloop
  endfacet
  facet normal 0.514153 0.857698 -0
    outer loop
      vertex 43.9445 24.9101 3
      vertex 43.6499 25.0867 20.8
      vertex 43.9445 24.9101 20.8
    endloop
  endfacet
  facet normal 0.514153 0.857698 0
    outer loop
      vertex 43.6499 25.0867 20.8
      vertex 43.9445 24.9101 3
      vertex 43.6499 25.0867 3
    endloop
  endfacet
  facet normal 0.14676 -0.989172 0
    outer loop
      vertex 42.3431 18.5169 3
      vertex 42.6828 18.5673 20.8
      vertex 42.3431 18.5169 20.8
    endloop
  endfacet
  facet normal 0.14676 -0.989172 0
    outer loop
      vertex 42.6828 18.5673 20.8
      vertex 42.3431 18.5169 3
      vertex 42.6828 18.5673 3
    endloop
  endfacet
  facet normal 0.941557 0.336853 0
    outer loop
      vertex 45.3493 23.016 20.8
      vertex 45.2336 23.3394 3
      vertex 45.2336 23.3394 20.8
    endloop
  endfacet
  facet normal 0.941557 0.336853 0
    outer loop
      vertex 45.2336 23.3394 3
      vertex 45.3493 23.016 20.8
      vertex 45.3493 23.016 3
    endloop
  endfacet
  facet normal 0.857698 -0.514153 0
    outer loop
      vertex 44.9101 20.0555 20.8
      vertex 45.0867 20.3501 3
      vertex 45.0867 20.3501 20.8
    endloop
  endfacet
  facet normal 0.857698 -0.514153 0
    outer loop
      vertex 45.0867 20.3501 3
      vertex 44.9101 20.0555 20.8
      vertex 44.9101 20.0555 3
    endloop
  endfacet
  facet normal -0.998789 -0.0491971 0
    outer loop
      vertex 38.5169 21.6569 3
      vertex 38.5 22 20.8
      vertex 38.5 22 3
    endloop
  endfacet
  facet normal -0.998789 -0.0491971 0
    outer loop
      vertex 38.5 22 20.8
      vertex 38.5169 21.6569 3
      vertex 38.5169 21.6569 20.8
    endloop
  endfacet
  facet normal 0.941557 -0.336853 0
    outer loop
      vertex 45.2336 20.6606 20.8
      vertex 45.3493 20.984 3
      vertex 45.3493 20.984 20.8
    endloop
  endfacet
  facet normal 0.941557 -0.336853 0
    outer loop
      vertex 45.3493 20.984 3
      vertex 45.2336 20.6606 20.8
      vertex 45.2336 20.6606 3
    endloop
  endfacet
  facet normal 0.741046 0.671454 0
    outer loop
      vertex 44.7055 24.2204 20.8
      vertex 44.4749 24.4749 3
      vertex 44.4749 24.4749 20.8
    endloop
  endfacet
  facet normal 0.741046 0.671454 0
    outer loop
      vertex 44.4749 24.4749 3
      vertex 44.7055 24.2204 20.8
      vertex 44.7055 24.2204 3
    endloop
  endfacet
  facet normal 0.0491971 0.998789 -0
    outer loop
      vertex 42.3431 25.4831 3
      vertex 42 25.5 20.8
      vertex 42.3431 25.4831 20.8
    endloop
  endfacet
  facet normal 0.0491971 0.998789 0
    outer loop
      vertex 42 25.5 20.8
      vertex 42.3431 25.4831 3
      vertex 42 25.5 3
    endloop
  endfacet
  facet normal 0.903939 0.427661 0
    outer loop
      vertex 45.2336 23.3394 20.8
      vertex 45.0867 23.6499 3
      vertex 45.0867 23.6499 20.8
    endloop
  endfacet
  facet normal 0.903939 0.427661 0
    outer loop
      vertex 45.0867 23.6499 3
      vertex 45.2336 23.3394 20.8
      vertex 45.2336 23.3394 3
    endloop
  endfacet
  facet normal -0.14676 -0.989172 0
    outer loop
      vertex 41.3172 18.5673 3
      vertex 41.6569 18.5169 20.8
      vertex 41.3172 18.5673 20.8
    endloop
  endfacet
  facet normal -0.14676 -0.989172 -0
    outer loop
      vertex 41.6569 18.5169 20.8
      vertex 41.3172 18.5673 3
      vertex 41.6569 18.5169 3
    endloop
  endfacet
  facet normal 0.671454 -0.741046 0
    outer loop
      vertex 44.2204 19.2945 3
      vertex 44.4749 19.5251 20.8
      vertex 44.2204 19.2945 20.8
    endloop
  endfacet
  facet normal 0.671454 -0.741046 0
    outer loop
      vertex 44.4749 19.5251 20.8
      vertex 44.2204 19.2945 3
      vertex 44.4749 19.5251 3
    endloop
  endfacet
  facet normal 0.857698 0.514153 0
    outer loop
      vertex 45.0867 23.6499 20.8
      vertex 44.9101 23.9445 3
      vertex 44.9101 23.9445 20.8
    endloop
  endfacet
  facet normal 0.857698 0.514153 0
    outer loop
      vertex 44.9101 23.9445 3
      vertex 45.0867 23.6499 20.8
      vertex 45.0867 23.6499 3
    endloop
  endfacet
  facet normal -0.0491971 -0.998789 0
    outer loop
      vertex 41.6569 18.5169 3
      vertex 42 18.5 20.8
      vertex 41.6569 18.5169 20.8
    endloop
  endfacet
  facet normal -0.0491971 -0.998789 -0
    outer loop
      vertex 42 18.5 20.8
      vertex 41.6569 18.5169 3
      vertex 42 18.5 3
    endloop
  endfacet
  facet normal -0.741046 0.671454 0
    outer loop
      vertex 39.2945 24.2204 3
      vertex 39.5251 24.4749 20.8
      vertex 39.5251 24.4749 3
    endloop
  endfacet
  facet normal -0.741046 0.671454 0
    outer loop
      vertex 39.5251 24.4749 20.8
      vertex 39.2945 24.2204 3
      vertex 39.2945 24.2204 20.8
    endloop
  endfacet
  facet normal -0.14676 0.989172 0
    outer loop
      vertex 41.6569 25.4831 3
      vertex 41.3172 25.4327 20.8
      vertex 41.6569 25.4831 20.8
    endloop
  endfacet
  facet normal -0.14676 0.989172 0
    outer loop
      vertex 41.3172 25.4327 20.8
      vertex 41.6569 25.4831 3
      vertex 41.3172 25.4327 3
    endloop
  endfacet
  facet normal -0.903939 0.427661 0
    outer loop
      vertex 38.7664 23.3394 3
      vertex 38.9133 23.6499 20.8
      vertex 38.9133 23.6499 3
    endloop
  endfacet
  facet normal -0.903939 0.427661 0
    outer loop
      vertex 38.9133 23.6499 20.8
      vertex 38.7664 23.3394 3
      vertex 38.7664 23.3394 20.8
    endloop
  endfacet
  facet normal -0.970074 0.24281 0
    outer loop
      vertex 38.5673 22.6828 3
      vertex 38.6507 23.016 20.8
      vertex 38.6507 23.016 3
    endloop
  endfacet
  facet normal -0.970074 0.24281 0
    outer loop
      vertex 38.6507 23.016 20.8
      vertex 38.5673 22.6828 3
      vertex 38.5673 22.6828 20.8
    endloop
  endfacet
  facet normal 0.24281 0.970074 -0
    outer loop
      vertex 43.016 25.3493 3
      vertex 42.6828 25.4327 20.8
      vertex 43.016 25.3493 20.8
    endloop
  endfacet
  facet normal 0.24281 0.970074 0
    outer loop
      vertex 42.6828 25.4327 20.8
      vertex 43.016 25.3493 3
      vertex 42.6828 25.4327 3
    endloop
  endfacet
  facet normal -0.970074 -0.24281 0
    outer loop
      vertex 38.6507 20.984 3
      vertex 38.5673 21.3172 20.8
      vertex 38.5673 21.3172 3
    endloop
  endfacet
  facet normal -0.970074 -0.24281 0
    outer loop
      vertex 38.5673 21.3172 20.8
      vertex 38.6507 20.984 3
      vertex 38.6507 20.984 20.8
    endloop
  endfacet
  facet normal -0.427661 -0.903939 0
    outer loop
      vertex 40.3501 18.9133 3
      vertex 40.6606 18.7664 20.8
      vertex 40.3501 18.9133 20.8
    endloop
  endfacet
  facet normal -0.427661 -0.903939 -0
    outer loop
      vertex 40.6606 18.7664 20.8
      vertex 40.3501 18.9133 3
      vertex 40.6606 18.7664 3
    endloop
  endfacet
  facet normal -0.741046 -0.671454 0
    outer loop
      vertex 39.5251 19.5251 3
      vertex 39.2945 19.7796 20.8
      vertex 39.2945 19.7796 3
    endloop
  endfacet
  facet normal -0.741046 -0.671454 0
    outer loop
      vertex 39.2945 19.7796 20.8
      vertex 39.5251 19.5251 3
      vertex 39.5251 19.5251 20.8
    endloop
  endfacet
  facet normal 0.0491971 -0.998789 0
    outer loop
      vertex 42 18.5 3
      vertex 42.3431 18.5169 20.8
      vertex 42 18.5 20.8
    endloop
  endfacet
  facet normal 0.0491971 -0.998789 0
    outer loop
      vertex 42.3431 18.5169 20.8
      vertex 42 18.5 3
      vertex 42.3431 18.5169 3
    endloop
  endfacet
  facet normal -0.989172 -0.14676 0
    outer loop
      vertex 38.5673 21.3172 3
      vertex 38.5169 21.6569 20.8
      vertex 38.5169 21.6569 3
    endloop
  endfacet
  facet normal -0.989172 -0.14676 0
    outer loop
      vertex 38.5169 21.6569 20.8
      vertex 38.5673 21.3172 3
      vertex 38.5673 21.3172 20.8
    endloop
  endfacet
  facet normal 0.595659 -0.803237 0
    outer loop
      vertex 43.9445 19.0899 3
      vertex 44.2204 19.2945 20.8
      vertex 43.9445 19.0899 20.8
    endloop
  endfacet
  facet normal 0.595659 -0.803237 0
    outer loop
      vertex 44.2204 19.2945 20.8
      vertex 43.9445 19.0899 3
      vertex 44.2204 19.2945 3
    endloop
  endfacet
  facet normal 0 0 1
    outer loop
      vertex 43.25 22 20.8
      vertex 45.5 22 20.8
      vertex 45.4831 22.3431 20.8
    endloop
  endfacet
  facet normal 0 0 1
    outer loop
      vertex 43.244 22.1225 20.8
      vertex 45.4831 22.3431 20.8
      vertex 45.4327 22.6828 20.8
    endloop
  endfacet
  facet normal 0 0 1
    outer loop
      vertex 45.5 22 20.8
      vertex 43.25 22 20.8
      vertex 45.4831 21.6569 20.8
    endloop
  endfacet
  facet normal 0 0 1
    outer loop
      vertex 43.226 22.2439 20.8
      vertex 45.4327 22.6828 20.8
      vertex 45.3493 23.016 20.8
    endloop
  endfacet
  facet normal -0 0 1
    outer loop
      vertex 43.244 21.8775 20.8
      vertex 45.4831 21.6569 20.8
      vertex 43.25 22 20.8
    endloop
  endfacet
  facet normal 0 0 1
    outer loop
      vertex 43.1962 22.3629 20.8
      vertex 45.3493 23.016 20.8
      vertex 45.2336 23.3394 20.8
    endloop
  endfacet
  facet normal 0 0 1
    outer loop
      vertex 45.4831 21.6569 20.8
      vertex 43.244 21.8775 20.8
      vertex 45.4327 21.3172 20.8
    endloop
  endfacet
  facet normal 0 0 1
    outer loop
      vertex 43.1549 22.4784 20.8
      vertex 45.2336 23.3394 20.8
      vertex 45.0867 23.6499 20.8
    endloop
  endfacet
  facet normal -0 0 1
    outer loop
      vertex 43.226 21.7561 20.8
      vertex 45.4327 21.3172 20.8
      vertex 43.244 21.8775 20.8
    endloop
  endfacet
  facet normal 0 0 1
    outer loop
      vertex 43.1024 22.5892 20.8
      vertex 45.0867 23.6499 20.8
      vertex 44.9101 23.9445 20.8
    endloop
  endfacet
  facet normal 0 0 1
    outer loop
      vertex 45.4327 21.3172 20.8
      vertex 43.226 21.7561 20.8
      vertex 45.3493 20.984 20.8
    endloop
  endfacet
  facet normal 0 0 1
    outer loop
      vertex 43.0393 22.6945 20.8
      vertex 44.9101 23.9445 20.8
      vertex 44.7055 24.2204 20.8
    endloop
  endfacet
  facet normal -0 0 1
    outer loop
      vertex 43.1962 21.6371 20.8
      vertex 45.3493 20.984 20.8
      vertex 43.226 21.7561 20.8
    endloop
  endfacet
  facet normal 0 0 1
    outer loop
      vertex 42.9663 22.793 20.8
      vertex 44.7055 24.2204 20.8
      vertex 44.4749 24.4749 20.8
    endloop
  endfacet
  facet normal 0 0 1
    outer loop
      vertex 45.3493 20.984 20.8
      vertex 43.1962 21.6371 20.8
      vertex 45.2336 20.6606 20.8
    endloop
  endfacet
  facet normal 0 0 1
    outer loop
      vertex 42.8839 22.8839 20.8
      vertex 44.4749 24.4749 20.8
      vertex 44.2204 24.7055 20.8
    endloop
  endfacet
  facet normal -0 0 1
    outer loop
      vertex 43.1549 21.5216 20.8
      vertex 45.2336 20.6606 20.8
      vertex 43.1962 21.6371 20.8
    endloop
  endfacet
  facet normal 0 0 1
    outer loop
      vertex 42.793 22.9663 20.8
      vertex 44.2204 24.7055 20.8
      vertex 43.9445 24.9101 20.8
    endloop
  endfacet
  facet normal 0 0 1
    outer loop
      vertex 45.2336 20.6606 20.8
      vertex 43.1549 21.5216 20.8
      vertex 45.0867 20.3501 20.8
    endloop
  endfacet
  facet normal 0 0 1
    outer loop
      vertex 42.6945 23.0393 20.8
      vertex 43.9445 24.9101 20.8
      vertex 43.6499 25.0867 20.8
    endloop
  endfacet
  facet normal -0 0 1
    outer loop
      vertex 43.1024 21.4108 20.8
      vertex 45.0867 20.3501 20.8
      vertex 43.1549 21.5216 20.8
    endloop
  endfacet
  facet normal 0 0 1
    outer loop
      vertex 42.5892 23.1024 20.8
      vertex 43.6499 25.0867 20.8
      vertex 43.3394 25.2336 20.8
    endloop
  endfacet
  facet normal 0 0 1
    outer loop
      vertex 45.0867 20.3501 20.8
      vertex 43.1024 21.4108 20.8
      vertex 44.9101 20.0555 20.8
    endloop
  endfacet
  facet normal -0 0 1
    outer loop
      vertex 43.0393 21.3055 20.8
      vertex 44.9101 20.0555 20.8
      vertex 43.1024 21.4108 20.8
    endloop
  endfacet
  facet normal 0 0 1
    outer loop
      vertex 45.4831 22.3431 20.8
      vertex 43.244 22.1225 20.8
      vertex 43.25 22 20.8
    endloop
  endfacet
  facet normal 0 0 1
    outer loop
      vertex 45.4327 22.6828 20.8
      vertex 43.226 22.2439 20.8
      vertex 43.244 22.1225 20.8
    endloop
  endfacet
  facet normal 0 0 1
    outer loop
      vertex 45.3493 23.016 20.8
      vertex 43.1962 22.3629 20.8
      vertex 43.226 22.2439 20.8
    endloop
  endfacet
  facet normal 0 0 1
    outer loop
      vertex 45.2336 23.3394 20.8
      vertex 43.1549 22.4784 20.8
      vertex 43.1962 22.3629 20.8
    endloop
  endfacet
  facet normal 0 0 1
    outer loop
      vertex 45.0867 23.6499 20.8
      vertex 43.1024 22.5892 20.8
      vertex 43.1549 22.4784 20.8
    endloop
  endfacet
  facet normal 0 0 1
    outer loop
      vertex 44.9101 23.9445 20.8
      vertex 43.0393 22.6945 20.8
      vertex 43.1024 22.5892 20.8
    endloop
  endfacet
  facet normal 0 0 1
    outer loop
      vertex 42.4784 23.1549 20.8
      vertex 43.3394 25.2336 20.8
      vertex 43.016 25.3493 20.8
    endloop
  endfacet
  facet normal 0 0 1
    outer loop
      vertex 44.7055 24.2204 20.8
      vertex 42.9663 22.793 20.8
      vertex 43.0393 22.6945 20.8
    endloop
  endfacet
  facet normal 0 0 1
    outer loop
      vertex 44.4749 24.4749 20.8
      vertex 42.8839 22.8839 20.8
      vertex 42.9663 22.793 20.8
    endloop
  endfacet
  facet normal 0 0 1
    outer loop
      vertex 44.2204 24.7055 20.8
      vertex 42.793 22.9663 20.8
      vertex 42.8839 22.8839 20.8
    endloop
  endfacet
  facet normal 0 0 1
    outer loop
      vertex 43.9445 24.9101 20.8
      vertex 42.6945 23.0393 20.8
      vertex 42.793 22.9663 20.8
    endloop
  endfacet
  facet normal 0 0 1
    outer loop
      vertex 42.3629 23.1962 20.8
      vertex 43.016 25.3493 20.8
      vertex 42.6828 25.4327 20.8
    endloop
  endfacet
  facet normal 0 0 1
    outer loop
      vertex 43.6499 25.0867 20.8
      vertex 42.5892 23.1024 20.8
      vertex 42.6945 23.0393 20.8
    endloop
  endfacet
  facet normal 0 0 1
    outer loop
      vertex 43.3394 25.2336 20.8
      vertex 42.4784 23.1549 20.8
      vertex 42.5892 23.1024 20.8
    endloop
  endfacet
  facet normal 0 0 1
    outer loop
      vertex 43.016 25.3493 20.8
      vertex 42.3629 23.1962 20.8
      vertex 42.4784 23.1549 20.8
    endloop
  endfacet
  facet normal 0 0 1
    outer loop
      vertex 42.2439 23.226 20.8
      vertex 42.6828 25.4327 20.8
      vertex 42.3431 25.4831 20.8
    endloop
  endfacet
  facet normal 0 0 1
    outer loop
      vertex 42.6828 25.4327 20.8
      vertex 42.2439 23.226 20.8
      vertex 42.3629 23.1962 20.8
    endloop
  endfacet
  facet normal 0 0 1
    outer loop
      vertex 42.3431 25.4831 20.8
      vertex 42.1225 23.244 20.8
      vertex 42.2439 23.226 20.8
    endloop
  endfacet
  facet normal 0 0 1
    outer loop
      vertex 42 25.5 20.8
      vertex 42.1225 23.244 20.8
      vertex 42.3431 25.4831 20.8
    endloop
  endfacet
  facet normal 0 0 1
    outer loop
      vertex 42 25.5 20.8
      vertex 42 23.25 20.8
      vertex 42.1225 23.244 20.8
    endloop
  endfacet
  facet normal 0 0 1
    outer loop
      vertex 42 25.5 20.8
      vertex 41.8775 23.244 20.8
      vertex 42 23.25 20.8
    endloop
  endfacet
  facet normal -0 0 1
    outer loop
      vertex 41.6569 25.4831 20.8
      vertex 41.8775 23.244 20.8
      vertex 42 25.5 20.8
    endloop
  endfacet
  facet normal 0 0 1
    outer loop
      vertex 41.8775 23.244 20.8
      vertex 41.6569 25.4831 20.8
      vertex 41.7561 23.226 20.8
    endloop
  endfacet
  facet normal -0 0 1
    outer loop
      vertex 41.3172 25.4327 20.8
      vertex 41.7561 23.226 20.8
      vertex 41.6569 25.4831 20.8
    endloop
  endfacet
  facet normal 0 0 1
    outer loop
      vertex 41.7561 23.226 20.8
      vertex 41.3172 25.4327 20.8
      vertex 41.6371 23.1962 20.8
    endloop
  endfacet
  facet normal -0 0 1
    outer loop
      vertex 40.984 25.3493 20.8
      vertex 41.6371 23.1962 20.8
      vertex 41.3172 25.4327 20.8
    endloop
  endfacet
  facet normal 0 0 1
    outer loop
      vertex 41.6371 23.1962 20.8
      vertex 40.984 25.3493 20.8
      vertex 41.5216 23.1549 20.8
    endloop
  endfacet
  facet normal -0 0 1
    outer loop
      vertex 40.6606 25.2336 20.8
      vertex 41.5216 23.1549 20.8
      vertex 40.984 25.3493 20.8
    endloop
  endfacet
  facet normal 0 0 1
    outer loop
      vertex 41.5216 23.1549 20.8
      vertex 40.6606 25.2336 20.8
      vertex 41.4108 23.1024 20.8
    endloop
  endfacet
  facet normal -0 0 1
    outer loop
      vertex 40.3501 25.0867 20.8
      vertex 41.4108 23.1024 20.8
      vertex 40.6606 25.2336 20.8
    endloop
  endfacet
  facet normal 0 0 1
    outer loop
      vertex 41.4108 23.1024 20.8
      vertex 40.3501 25.0867 20.8
      vertex 41.3055 23.0393 20.8
    endloop
  endfacet
  facet normal -0 0 1
    outer loop
      vertex 40.0555 24.9101 20.8
      vertex 41.3055 23.0393 20.8
      vertex 40.3501 25.0867 20.8
    endloop
  endfacet
  facet normal 0 0 1
    outer loop
      vertex 41.3055 23.0393 20.8
      vertex 40.0555 24.9101 20.8
      vertex 41.207 22.9663 20.8
    endloop
  endfacet
  facet normal -0 0 1
    outer loop
      vertex 39.7796 24.7055 20.8
      vertex 41.207 22.9663 20.8
      vertex 40.0555 24.9101 20.8
    endloop
  endfacet
  facet normal 0 0 1
    outer loop
      vertex 41.207 22.9663 20.8
      vertex 39.7796 24.7055 20.8
      vertex 41.1161 22.8839 20.8
    endloop
  endfacet
  facet normal -0 0 1
    outer loop
      vertex 39.5251 24.4749 20.8
      vertex 41.1161 22.8839 20.8
      vertex 39.7796 24.7055 20.8
    endloop
  endfacet
  facet normal 0 0 1
    outer loop
      vertex 41.1161 22.8839 20.8
      vertex 39.5251 24.4749 20.8
      vertex 41.0337 22.793 20.8
    endloop
  endfacet
  facet normal -0 0 1
    outer loop
      vertex 39.2945 24.2204 20.8
      vertex 41.0337 22.793 20.8
      vertex 39.5251 24.4749 20.8
    endloop
  endfacet
  facet normal -0 0 1
    outer loop
      vertex 39.0899 23.9445 20.8
      vertex 40.9607 22.6945 20.8
      vertex 39.2945 24.2204 20.8
    endloop
  endfacet
  facet normal 0 0 1
    outer loop
      vertex 41.0337 22.793 20.8
      vertex 39.2945 24.2204 20.8
      vertex 40.9607 22.6945 20.8
    endloop
  endfacet
  facet normal 0 0 1
    outer loop
      vertex 44.9101 20.0555 20.8
      vertex 43.0393 21.3055 20.8
      vertex 44.7055 19.7796 20.8
    endloop
  endfacet
  facet normal -0 0 1
    outer loop
      vertex 42.9663 21.207 20.8
      vertex 44.7055 19.7796 20.8
      vertex 43.0393 21.3055 20.8
    endloop
  endfacet
  facet normal 0 0 1
    outer loop
      vertex 44.7055 19.7796 20.8
      vertex 42.9663 21.207 20.8
      vertex 44.4749 19.5251 20.8
    endloop
  endfacet
  facet normal -0 0 1
    outer loop
      vertex 42.8839 21.1161 20.8
      vertex 44.4749 19.5251 20.8
      vertex 42.9663 21.207 20.8
    endloop
  endfacet
  facet normal 0 0 1
    outer loop
      vertex 44.4749 19.5251 20.8
      vertex 42.8839 21.1161 20.8
      vertex 44.2204 19.2945 20.8
    endloop
  endfacet
  facet normal -0 0 1
    outer loop
      vertex 42.793 21.0337 20.8
      vertex 44.2204 19.2945 20.8
      vertex 42.8839 21.1161 20.8
    endloop
  endfacet
  facet normal 0 0 1
    outer loop
      vertex 44.2204 19.2945 20.8
      vertex 42.793 21.0337 20.8
      vertex 43.9445 19.0899 20.8
    endloop
  endfacet
  facet normal -0 0 1
    outer loop
      vertex 42.6945 20.9607 20.8
      vertex 43.9445 19.0899 20.8
      vertex 42.793 21.0337 20.8
    endloop
  endfacet
  facet normal 0 0 1
    outer loop
      vertex 43.9445 19.0899 20.8
      vertex 42.6945 20.9607 20.8
      vertex 43.6499 18.9133 20.8
    endloop
  endfacet
  facet normal -0 0 1
    outer loop
      vertex 42.5892 20.8976 20.8
      vertex 43.6499 18.9133 20.8
      vertex 42.6945 20.9607 20.8
    endloop
  endfacet
  facet normal 0 0 1
    outer loop
      vertex 43.6499 18.9133 20.8
      vertex 42.5892 20.8976 20.8
      vertex 43.3394 18.7664 20.8
    endloop
  endfacet
  facet normal -0 0 1
    outer loop
      vertex 42.4784 20.8451 20.8
      vertex 43.3394 18.7664 20.8
      vertex 42.5892 20.8976 20.8
    endloop
  endfacet
  facet normal 0 0 1
    outer loop
      vertex 43.3394 18.7664 20.8
      vertex 42.4784 20.8451 20.8
      vertex 43.016 18.6507 20.8
    endloop
  endfacet
  facet normal -0 0 1
    outer loop
      vertex 42.3629 20.8038 20.8
      vertex 43.016 18.6507 20.8
      vertex 42.4784 20.8451 20.8
    endloop
  endfacet
  facet normal 0 0 1
    outer loop
      vertex 43.016 18.6507 20.8
      vertex 42.3629 20.8038 20.8
      vertex 42.6828 18.5673 20.8
    endloop
  endfacet
  facet normal -0 0 1
    outer loop
      vertex 42.2439 20.774 20.8
      vertex 42.6828 18.5673 20.8
      vertex 42.3629 20.8038 20.8
    endloop
  endfacet
  facet normal 0 0 1
    outer loop
      vertex 42.6828 18.5673 20.8
      vertex 42.2439 20.774 20.8
      vertex 42.3431 18.5169 20.8
    endloop
  endfacet
  facet normal -0 0 1
    outer loop
      vertex 42.1225 20.756 20.8
      vertex 42.3431 18.5169 20.8
      vertex 42.2439 20.774 20.8
    endloop
  endfacet
  facet normal -0 0 1
    outer loop
      vertex 42 20.75 20.8
      vertex 42.3431 18.5169 20.8
      vertex 42.1225 20.756 20.8
    endloop
  endfacet
  facet normal 0 0 1
    outer loop
      vertex 42 20.75 20.8
      vertex 42 18.5 20.8
      vertex 42.3431 18.5169 20.8
    endloop
  endfacet
  facet normal 0 0 1
    outer loop
      vertex 41.8775 20.756 20.8
      vertex 42 18.5 20.8
      vertex 42 20.75 20.8
    endloop
  endfacet
  facet normal 0 0 1
    outer loop
      vertex 41.6569 18.5169 20.8
      vertex 41.8775 20.756 20.8
      vertex 41.7561 20.774 20.8
    endloop
  endfacet
  facet normal 0 0 1
    outer loop
      vertex 41.8775 20.756 20.8
      vertex 41.6569 18.5169 20.8
      vertex 42 18.5 20.8
    endloop
  endfacet
  facet normal 0 0 1
    outer loop
      vertex 41.3172 18.5673 20.8
      vertex 41.7561 20.774 20.8
      vertex 41.6371 20.8038 20.8
    endloop
  endfacet
  facet normal 0 0 1
    outer loop
      vertex 40.984 18.6507 20.8
      vertex 41.6371 20.8038 20.8
      vertex 41.5216 20.8451 20.8
    endloop
  endfacet
  facet normal 0 0 1
    outer loop
      vertex 40.6606 18.7664 20.8
      vertex 41.5216 20.8451 20.8
      vertex 41.4108 20.8976 20.8
    endloop
  endfacet
  facet normal 0 0 1
    outer loop
      vertex 41.7561 20.774 20.8
      vertex 41.3172 18.5673 20.8
      vertex 41.6569 18.5169 20.8
    endloop
  endfacet
  facet normal 0 0 1
    outer loop
      vertex 40.3501 18.9133 20.8
      vertex 41.4108 20.8976 20.8
      vertex 41.3055 20.9607 20.8
    endloop
  endfacet
  facet normal 0 0 1
    outer loop
      vertex 40.0555 19.0899 20.8
      vertex 41.3055 20.9607 20.8
      vertex 41.207 21.0337 20.8
    endloop
  endfacet
  facet normal 0 0 1
    outer loop
      vertex 39.7796 19.2945 20.8
      vertex 41.207 21.0337 20.8
      vertex 41.1161 21.1161 20.8
    endloop
  endfacet
  facet normal 0 0 1
    outer loop
      vertex 39.5251 19.5251 20.8
      vertex 41.1161 21.1161 20.8
      vertex 41.0337 21.207 20.8
    endloop
  endfacet
  facet normal 0 0 1
    outer loop
      vertex 41.6371 20.8038 20.8
      vertex 40.984 18.6507 20.8
      vertex 41.3172 18.5673 20.8
    endloop
  endfacet
  facet normal 0 0 1
    outer loop
      vertex 39.2945 19.7796 20.8
      vertex 41.0337 21.207 20.8
      vertex 40.9607 21.3055 20.8
    endloop
  endfacet
  facet normal 0 0 1
    outer loop
      vertex 39.0899 20.0555 20.8
      vertex 40.9607 21.3055 20.8
      vertex 40.8976 21.4108 20.8
    endloop
  endfacet
  facet normal 0 0 1
    outer loop
      vertex 38.9133 20.3501 20.8
      vertex 40.8976 21.4108 20.8
      vertex 40.8451 21.5216 20.8
    endloop
  endfacet
  facet normal 0 0 1
    outer loop
      vertex 38.7664 20.6606 20.8
      vertex 40.8451 21.5216 20.8
      vertex 40.8038 21.6371 20.8
    endloop
  endfacet
  facet normal 0 0 1
    outer loop
      vertex 38.6507 20.984 20.8
      vertex 40.8038 21.6371 20.8
      vertex 40.774 21.7561 20.8
    endloop
  endfacet
  facet normal 0 0 1
    outer loop
      vertex 38.5673 21.3172 20.8
      vertex 40.774 21.7561 20.8
      vertex 40.756 21.8775 20.8
    endloop
  endfacet
  facet normal 0 0 1
    outer loop
      vertex 41.5216 20.8451 20.8
      vertex 40.6606 18.7664 20.8
      vertex 40.984 18.6507 20.8
    endloop
  endfacet
  facet normal 0 0 1
    outer loop
      vertex 38.5169 21.6569 20.8
      vertex 40.756 21.8775 20.8
      vertex 40.75 22 20.8
    endloop
  endfacet
  facet normal 0 0 1
    outer loop
      vertex 40.9607 22.6945 20.8
      vertex 39.0899 23.9445 20.8
      vertex 40.8976 22.5892 20.8
    endloop
  endfacet
  facet normal -0 0 1
    outer loop
      vertex 38.9133 23.6499 20.8
      vertex 40.8976 22.5892 20.8
      vertex 39.0899 23.9445 20.8
    endloop
  endfacet
  facet normal 0 0 1
    outer loop
      vertex 41.4108 20.8976 20.8
      vertex 40.3501 18.9133 20.8
      vertex 40.6606 18.7664 20.8
    endloop
  endfacet
  facet normal 0 0 1
    outer loop
      vertex 40.8976 22.5892 20.8
      vertex 38.9133 23.6499 20.8
      vertex 40.8451 22.4784 20.8
    endloop
  endfacet
  facet normal 0 0 1
    outer loop
      vertex 41.3055 20.9607 20.8
      vertex 40.0555 19.0899 20.8
      vertex 40.3501 18.9133 20.8
    endloop
  endfacet
  facet normal -0 0 1
    outer loop
      vertex 38.7664 23.3394 20.8
      vertex 40.8451 22.4784 20.8
      vertex 38.9133 23.6499 20.8
    endloop
  endfacet
  facet normal 0 0 1
    outer loop
      vertex 41.207 21.0337 20.8
      vertex 39.7796 19.2945 20.8
      vertex 40.0555 19.0899 20.8
    endloop
  endfacet
  facet normal 0 0 1
    outer loop
      vertex 40.8451 22.4784 20.8
      vertex 38.7664 23.3394 20.8
      vertex 40.8038 22.3629 20.8
    endloop
  endfacet
  facet normal 0 0 1
    outer loop
      vertex 41.1161 21.1161 20.8
      vertex 39.5251 19.5251 20.8
      vertex 39.7796 19.2945 20.8
    endloop
  endfacet
  facet normal -0 0 1
    outer loop
      vertex 38.6507 23.016 20.8
      vertex 40.8038 22.3629 20.8
      vertex 38.7664 23.3394 20.8
    endloop
  endfacet
  facet normal 0 0 1
    outer loop
      vertex 41.0337 21.207 20.8
      vertex 39.2945 19.7796 20.8
      vertex 39.5251 19.5251 20.8
    endloop
  endfacet
  facet normal 0 0 1
    outer loop
      vertex 40.8038 22.3629 20.8
      vertex 38.6507 23.016 20.8
      vertex 40.774 22.2439 20.8
    endloop
  endfacet
  facet normal 0 0 1
    outer loop
      vertex 40.9607 21.3055 20.8
      vertex 39.0899 20.0555 20.8
      vertex 39.2945 19.7796 20.8
    endloop
  endfacet
  facet normal -0 0 1
    outer loop
      vertex 38.5673 22.6828 20.8
      vertex 40.774 22.2439 20.8
      vertex 38.6507 23.016 20.8
    endloop
  endfacet
  facet normal 0 0 1
    outer loop
      vertex 40.8976 21.4108 20.8
      vertex 38.9133 20.3501 20.8
      vertex 39.0899 20.0555 20.8
    endloop
  endfacet
  facet normal 0 0 1
    outer loop
      vertex 40.774 22.2439 20.8
      vertex 38.5673 22.6828 20.8
      vertex 40.756 22.1225 20.8
    endloop
  endfacet
  facet normal 0 0 1
    outer loop
      vertex 40.8451 21.5216 20.8
      vertex 38.7664 20.6606 20.8
      vertex 38.9133 20.3501 20.8
    endloop
  endfacet
  facet normal -0 0 1
    outer loop
      vertex 38.5169 22.3431 20.8
      vertex 40.756 22.1225 20.8
      vertex 38.5673 22.6828 20.8
    endloop
  endfacet
  facet normal 0 0 1
    outer loop
      vertex 40.8038 21.6371 20.8
      vertex 38.6507 20.984 20.8
      vertex 38.7664 20.6606 20.8
    endloop
  endfacet
  facet normal 0 0 1
    outer loop
      vertex 40.756 22.1225 20.8
      vertex 38.5169 22.3431 20.8
      vertex 40.75 22 20.8
    endloop
  endfacet
  facet normal 0 0 1
    outer loop
      vertex 40.774 21.7561 20.8
      vertex 38.5673 21.3172 20.8
      vertex 38.6507 20.984 20.8
    endloop
  endfacet
  facet normal 0 0 1
    outer loop
      vertex 38.5 22 20.8
      vertex 40.75 22 20.8
      vertex 38.5169 22.3431 20.8
    endloop
  endfacet
  facet normal 0 0 1
    outer loop
      vertex 40.756 21.8775 20.8
      vertex 38.5169 21.6569 20.8
      vertex 38.5673 21.3172 20.8
    endloop
  endfacet
  facet normal 0 0 1
    outer loop
      vertex 40.75 22 20.8
      vertex 38.5 22 20.8
      vertex 38.5169 21.6569 20.8
    endloop
  endfacet
  facet normal -0.803237 -0.595659 0
    outer loop
      vertex 39.2945 19.7796 3
      vertex 39.0899 20.0555 20.8
      vertex 39.0899 20.0555 3
    endloop
  endfacet
  facet normal -0.803237 -0.595659 0
    outer loop
      vertex 39.0899 20.0555 20.8
      vertex 39.2945 19.7796 3
      vertex 39.2945 19.7796 20.8
    endloop
  endfacet
  facet normal -0.998789 0.0491971 0
    outer loop
      vertex 38.5 22 3
      vertex 38.5169 22.3431 20.8
      vertex 38.5169 22.3431 3
    endloop
  endfacet
  facet normal -0.998789 0.0491971 0
    outer loop
      vertex 38.5169 22.3431 20.8
      vertex 38.5 22 3
      vertex 38.5 22 20.8
    endloop
  endfacet
  facet normal 0.741046 -0.671454 0
    outer loop
      vertex 44.4749 19.5251 20.8
      vertex 44.7055 19.7796 3
      vertex 44.7055 19.7796 20.8
    endloop
  endfacet
  facet normal 0.741046 -0.671454 0
    outer loop
      vertex 44.7055 19.7796 3
      vertex 44.4749 19.5251 20.8
      vertex 44.4749 19.5251 3
    endloop
  endfacet
  facet normal 0.514226 0.857655 -0
    outer loop
      vertex 44.7778 26.1573 0
      vertex 44.357 26.4096 3
      vertex 44.7778 26.1573 3
    endloop
  endfacet
  facet normal 0.514226 0.857655 0
    outer loop
      vertex 44.357 26.4096 3
      vertex 44.7778 26.1573 0
      vertex 44.357 26.4096 0
    endloop
  endfacet
  facet normal -1 0 0
    outer loop
      vertex 12 4.5 0
      vertex 12 4 3
      vertex 12 4.5 3
    endloop
  endfacet
  facet normal -1 0 0
    outer loop
      vertex 12 4 3
      vertex 12 -7 3
      vertex 12 4 6
    endloop
  endfacet
  facet normal -1 0 0
    outer loop
      vertex 12 4.5 0
      vertex 12 -7 3
      vertex 12 4 3
    endloop
  endfacet
  facet normal -1 0 0
    outer loop
      vertex 12 -7.5 0
      vertex 12 -7 3
      vertex 12 4.5 0
    endloop
  endfacet
  facet normal -1 -0 0
    outer loop
      vertex 12 -7 3
      vertex 12 -7.5 0
      vertex 12 -7.5 3
    endloop
  endfacet
  facet normal -1 -0 0
    outer loop
      vertex 12 4 6
      vertex 12 -7 3
      vertex 12 -7 6
    endloop
  endfacet
  facet normal 0.535708 0.844403 -0
    outer loop
      vertex 60 16.5 0
      vertex 44.7778 26.1573 3
      vertex 60 16.5 3
    endloop
  endfacet
  facet normal 0.535708 0.844403 0
    outer loop
      vertex 44.7778 26.1573 3
      vertex 60 16.5 0
      vertex 44.7778 26.1573 0
    endloop
  endfacet
  facet normal 1 -0 0
    outer loop
      vertex 60 -16.5 3
      vertex 60 16.5 0
      vertex 60 16.5 3
    endloop
  endfacet
  facet normal 1 0 0
    outer loop
      vertex 60 16.5 0
      vertex 60 -16.5 3
      vertex 60 -16.5 0
    endloop
  endfacet
  facet normal 0.242919 -0.970047 0
    outer loop
      vertex 42.9754 -26.9039 0
      vertex 43.4514 -26.7847 3
      vertex 42.9754 -26.9039 3
    endloop
  endfacet
  facet normal 0.242919 -0.970047 0
    outer loop
      vertex 43.4514 -26.7847 3
      vertex 42.9754 -26.9039 0
      vertex 43.4514 -26.7847 0
    endloop
  endfacet
  facet normal -0.514136 0.857709 0
    outer loop
      vertex 39.643 26.4096 0
      vertex 39.2221 26.1573 3
      vertex 39.643 26.4096 3
    endloop
  endfacet
  facet normal -0.514136 0.857709 0
    outer loop
      vertex 39.2221 26.1573 3
      vertex 39.643 26.4096 0
      vertex 39.2221 26.1573 0
    endloop
  endfacet
  facet normal -0.595588 0.80329 0
    outer loop
      vertex 39.2221 26.1573 0
      vertex 38.828 25.8651 3
      vertex 39.2221 26.1573 3
    endloop
  endfacet
  facet normal -0.595588 0.80329 0
    outer loop
      vertex 38.828 25.8651 3
      vertex 39.2221 26.1573 0
      vertex 38.828 25.8651 0
    endloop
  endfacet
  facet normal -0.588172 -0.808736 0
    outer loop
      vertex 12 -7.5 0
      vertex 34 -23.5 3
      vertex 12 -7.5 3
    endloop
  endfacet
  facet normal -0.588172 -0.808736 -0
    outer loop
      vertex 34 -23.5 3
      vertex 12 -7.5 0
      vertex 34 -23.5 0
    endloop
  endfacet
  facet normal 0.336879 -0.941548 0
    outer loop
      vertex 43.4514 -26.7847 0
      vertex 43.9134 -26.6194 3
      vertex 43.4514 -26.7847 3
    endloop
  endfacet
  facet normal 0.336879 -0.941548 0
    outer loop
      vertex 43.9134 -26.6194 3
      vertex 43.4514 -26.7847 0
      vertex 43.9134 -26.6194 0
    endloop
  endfacet
  facet normal 0.146755 0.989173 -0
    outer loop
      vertex 42.9754 26.9039 0
      vertex 42.4901 26.9759 3
      vertex 42.9754 26.9039 3
    endloop
  endfacet
  facet normal 0.146755 0.989173 0
    outer loop
      vertex 42.4901 26.9759 3
      vertex 42.9754 26.9039 0
      vertex 42.4901 26.9759 0
    endloop
  endfacet
  facet normal -0.622964 0.782251 0
    outer loop
      vertex 38.828 25.8651 0
      vertex 12 4.5 3
      vertex 38.828 25.8651 3
    endloop
  endfacet
  facet normal -0.622964 0.782251 0
    outer loop
      vertex 12 4.5 3
      vertex 38.828 25.8651 0
      vertex 12 4.5 0
    endloop
  endfacet
  facet normal -0.427543 0.903995 0
    outer loop
      vertex 40.0866 26.6194 0
      vertex 39.643 26.4096 3
      vertex 40.0866 26.6194 3
    endloop
  endfacet
  facet normal -0.427543 0.903995 0
    outer loop
      vertex 39.643 26.4096 3
      vertex 40.0866 26.6194 0
      vertex 39.643 26.4096 0
    endloop
  endfacet
  facet normal -0.242967 0.970034 0
    outer loop
      vertex 41.0245 26.9039 0
      vertex 40.5486 26.7847 3
      vertex 41.0245 26.9039 3
    endloop
  endfacet
  facet normal -0.242967 0.970034 0
    outer loop
      vertex 40.5486 26.7847 3
      vertex 41.0245 26.9039 0
      vertex 40.5486 26.7847 0
    endloop
  endfacet
  facet normal 0.573462 -0.819232 0
    outer loop
      vertex 50 -23.5 0
      vertex 60 -16.5 3
      vertex 50 -23.5 3
    endloop
  endfacet
  facet normal 0.573462 -0.819232 0
    outer loop
      vertex 60 -16.5 3
      vertex 50 -23.5 0
      vertex 60 -16.5 0
    endloop
  endfacet
  facet normal 0 0 1
    outer loop
      vertex 35.6 -17.1 3
      vertex 24 -7 3
      vertex 34 -23.5 3
    endloop
  endfacet
  facet normal 0 0 1
    outer loop
      vertex 12 -7.5 3
      vertex 24 -7 3
      vertex 12 -7 3
    endloop
  endfacet
  facet normal 0 0 1
    outer loop
      vertex 24 -7 3
      vertex 12 -7.5 3
      vertex 34 -23.5 3
    endloop
  endfacet
  facet normal 0 0 1
    outer loop
      vertex 48.4 6.1 3
      vertex 42.7391 8.70615 3
      vertex 42.8 8.4 3
    endloop
  endfacet
  facet normal 0 0 1
    outer loop
      vertex 42.3061 9.1391 3
      vertex 43.016 18.6507 3
      vertex 42.6828 18.5673 3
    endloop
  endfacet
  facet normal 0 0 1
    outer loop
      vertex 43.3394 18.7664 3
      vertex 42.5657 8.96568 3
      vertex 42.7391 8.70615 3
    endloop
  endfacet
  facet normal 0 0 1
    outer loop
      vertex 42.3061 9.1391 3
      vertex 42.6828 18.5673 3
      vertex 42.3431 18.5169 3
    endloop
  endfacet
  facet normal 0 0 1
    outer loop
      vertex 43.3394 18.7664 3
      vertex 42.3061 9.1391 3
      vertex 42.5657 8.96568 3
    endloop
  endfacet
  facet normal 0 0 1
    outer loop
      vertex 42 9.2 3
      vertex 42.3431 18.5169 3
      vertex 42 18.5 3
    endloop
  endfacet
  facet normal 0 0 1
    outer loop
      vertex 42.3431 18.5169 3
      vertex 42 9.2 3
      vertex 42.3061 9.1391 3
    endloop
  endfacet
  facet normal 0 0 1
    outer loop
      vertex 41.6569 18.5169 3
      vertex 42 9.2 3
      vertex 42 18.5 3
    endloop
  endfacet
  facet normal 0 0 1
    outer loop
      vertex 42 9.2 3
      vertex 41.6569 18.5169 3
      vertex 41.6939 9.1391 3
    endloop
  endfacet
  facet normal 0 0 1
    outer loop
      vertex 41.3172 18.5673 3
      vertex 41.6939 9.1391 3
      vertex 41.6569 18.5169 3
    endloop
  endfacet
  facet normal 0 0 1
    outer loop
      vertex 40.984 18.6507 3
      vertex 41.6939 9.1391 3
      vertex 41.3172 18.5673 3
    endloop
  endfacet
  facet normal 0 0 1
    outer loop
      vertex 40.6606 18.7664 3
      vertex 41.6939 9.1391 3
      vertex 40.984 18.6507 3
    endloop
  endfacet
  facet normal 0 0 1
    outer loop
      vertex 41.6939 9.1391 3
      vertex 40.6606 18.7664 3
      vertex 41.4343 8.96568 3
    endloop
  endfacet
  facet normal 0 0 1
    outer loop
      vertex 40.3501 18.9133 3
      vertex 41.4343 8.96568 3
      vertex 40.6606 18.7664 3
    endloop
  endfacet
  facet normal 0 0 1
    outer loop
      vertex 50 -23.5 3
      vertex 45.4831 -21.6569 3
      vertex 45.5 -22 3
    endloop
  endfacet
  facet normal 0 0 1
    outer loop
      vertex 50 -23.5 3
      vertex 45.4327 -21.3172 3
      vertex 45.4831 -21.6569 3
    endloop
  endfacet
  facet normal 0 0 1
    outer loop
      vertex 48.4 -17.1 3
      vertex 45.3493 -20.984 3
      vertex 45.4327 -21.3172 3
    endloop
  endfacet
  facet normal 0 0 1
    outer loop
      vertex 48.4 -17.1 3
      vertex 45.2336 -20.6606 3
      vertex 45.3493 -20.984 3
    endloop
  endfacet
  facet normal 0 0 1
    outer loop
      vertex 48.4 -17.1 3
      vertex 45.0867 -20.3501 3
      vertex 45.2336 -20.6606 3
    endloop
  endfacet
  facet normal 0 0 1
    outer loop
      vertex 48.4 -17.1 3
      vertex 44.9101 -20.0555 3
      vertex 45.0867 -20.3501 3
    endloop
  endfacet
  facet normal 0 0 1
    outer loop
      vertex 48.4 -17.1 3
      vertex 44.7055 -19.7796 3
      vertex 44.9101 -20.0555 3
    endloop
  endfacet
  facet normal 0 0 1
    outer loop
      vertex 48.4 -17.1 3
      vertex 44.4749 -19.5251 3
      vertex 44.7055 -19.7796 3
    endloop
  endfacet
  facet normal 0 0 1
    outer loop
      vertex 48.4 -17.1 3
      vertex 44.2204 -19.2945 3
      vertex 44.4749 -19.5251 3
    endloop
  endfacet
  facet normal 0 0 1
    outer loop
      vertex 48.4 -17.1 3
      vertex 43.9445 -19.0899 3
      vertex 44.2204 -19.2945 3
    endloop
  endfacet
  facet normal 0 0 1
    outer loop
      vertex 48.4 -17.1 3
      vertex 43.6499 -18.9133 3
      vertex 43.9445 -19.0899 3
    endloop
  endfacet
  facet normal 0 0 1
    outer loop
      vertex 48.4 -17.1 3
      vertex 43.3394 -18.7664 3
      vertex 43.6499 -18.9133 3
    endloop
  endfacet
  facet normal 0 0 1
    outer loop
      vertex 48.4 -17.1 3
      vertex 43.016 -18.6507 3
      vertex 43.3394 -18.7664 3
    endloop
  endfacet
  facet normal 0 0 1
    outer loop
      vertex 48.4 -17.1 3
      vertex 42.6828 -18.5673 3
      vertex 43.016 -18.6507 3
    endloop
  endfacet
  facet normal 0 0 1
    outer loop
      vertex 48.4 -17.1 3
      vertex 42.3431 -18.5169 3
      vertex 42.6828 -18.5673 3
    endloop
  endfacet
  facet normal 0 0 1
    outer loop
      vertex 48.4 -17.1 3
      vertex 42 -18.5 3
      vertex 42.3431 -18.5169 3
    endloop
  endfacet
  facet normal -0 0 1
    outer loop
      vertex 35.6 -17.1 3
      vertex 42 -18.5 3
      vertex 48.4 -17.1 3
    endloop
  endfacet
  facet normal 0 0 1
    outer loop
      vertex 42 -18.5 3
      vertex 35.6 -17.1 3
      vertex 41.6569 -18.5169 3
    endloop
  endfacet
  facet normal 0 0 1
    outer loop
      vertex 38.5673 -21.3172 3
      vertex 34 -23.5 3
      vertex 38.5169 -21.6569 3
    endloop
  endfacet
  facet normal 0 0 1
    outer loop
      vertex 34 -23.5 3
      vertex 38.5673 -21.3172 3
      vertex 35.6 -17.1 3
    endloop
  endfacet
  facet normal 0 0 1
    outer loop
      vertex 38.6507 -20.984 3
      vertex 35.6 -17.1 3
      vertex 38.5673 -21.3172 3
    endloop
  endfacet
  facet normal 0 0 1
    outer loop
      vertex 38.7664 -20.6606 3
      vertex 35.6 -17.1 3
      vertex 38.6507 -20.984 3
    endloop
  endfacet
  facet normal 0 0 1
    outer loop
      vertex 38.9133 -20.3501 3
      vertex 35.6 -17.1 3
      vertex 38.7664 -20.6606 3
    endloop
  endfacet
  facet normal 0 0 1
    outer loop
      vertex 39.0899 -20.0555 3
      vertex 35.6 -17.1 3
      vertex 38.9133 -20.3501 3
    endloop
  endfacet
  facet normal 0 0 1
    outer loop
      vertex 39.2945 -19.7796 3
      vertex 35.6 -17.1 3
      vertex 39.0899 -20.0555 3
    endloop
  endfacet
  facet normal 0 0 1
    outer loop
      vertex 39.5251 -19.5251 3
      vertex 35.6 -17.1 3
      vertex 39.2945 -19.7796 3
    endloop
  endfacet
  facet normal 0 0 1
    outer loop
      vertex 39.7796 -19.2945 3
      vertex 35.6 -17.1 3
      vertex 39.5251 -19.5251 3
    endloop
  endfacet
  facet normal 0 0 1
    outer loop
      vertex 40.0555 -19.0899 3
      vertex 35.6 -17.1 3
      vertex 39.7796 -19.2945 3
    endloop
  endfacet
  facet normal 0 0 1
    outer loop
      vertex 40.3501 -18.9133 3
      vertex 35.6 -17.1 3
      vertex 40.0555 -19.0899 3
    endloop
  endfacet
  facet normal 0 0 1
    outer loop
      vertex 40.6606 -18.7664 3
      vertex 35.6 -17.1 3
      vertex 40.3501 -18.9133 3
    endloop
  endfacet
  facet normal 0 0 1
    outer loop
      vertex 40.984 -18.6507 3
      vertex 35.6 -17.1 3
      vertex 40.6606 -18.7664 3
    endloop
  endfacet
  facet normal 0 0 1
    outer loop
      vertex 41.3172 -18.5673 3
      vertex 35.6 -17.1 3
      vertex 40.984 -18.6507 3
    endloop
  endfacet
  facet normal 0 0 1
    outer loop
      vertex 41.6569 -18.5169 3
      vertex 35.6 -17.1 3
      vertex 41.3172 -18.5673 3
    endloop
  endfacet
  facet normal 0 0 1
    outer loop
      vertex 56.1962 13.1371 3
      vertex 60 16.5 3
      vertex 56.226 13.2561 3
    endloop
  endfacet
  facet normal 0 0 1
    outer loop
      vertex 60 -16.5 3
      vertex 56.244 -13.3775 3
      vertex 56.25 -13.5 3
    endloop
  endfacet
  facet normal 0 0 1
    outer loop
      vertex 56.1549 13.0216 3
      vertex 60 16.5 3
      vertex 56.1962 13.1371 3
    endloop
  endfacet
  facet normal 0 0 1
    outer loop
      vertex 60 -16.5 3
      vertex 56.226 -13.2561 3
      vertex 56.244 -13.3775 3
    endloop
  endfacet
  facet normal 0 0 1
    outer loop
      vertex 56.1024 12.9108 3
      vertex 60 16.5 3
      vertex 56.1549 13.0216 3
    endloop
  endfacet
  facet normal 0 0 1
    outer loop
      vertex 60 -16.5 3
      vertex 56.1962 -13.1371 3
      vertex 56.226 -13.2561 3
    endloop
  endfacet
  facet normal 0 0 1
    outer loop
      vertex 56.0393 12.8055 3
      vertex 60 16.5 3
      vertex 56.1024 12.9108 3
    endloop
  endfacet
  facet normal 0 0 1
    outer loop
      vertex 60 -16.5 3
      vertex 56.1549 -13.0216 3
      vertex 56.1962 -13.1371 3
    endloop
  endfacet
  facet normal 0 0 1
    outer loop
      vertex 55.9663 12.707 3
      vertex 60 16.5 3
      vertex 56.0393 12.8055 3
    endloop
  endfacet
  facet normal 0 0 1
    outer loop
      vertex 60 -16.5 3
      vertex 56.1024 -12.9108 3
      vertex 56.1549 -13.0216 3
    endloop
  endfacet
  facet normal 0 0 1
    outer loop
      vertex 60 16.5 3
      vertex 55.9663 12.707 3
      vertex 60 -16.5 3
    endloop
  endfacet
  facet normal 0 0 1
    outer loop
      vertex 60 -16.5 3
      vertex 56.0393 -12.8055 3
      vertex 56.1024 -12.9108 3
    endloop
  endfacet
  facet normal -0 0 1
    outer loop
      vertex 55.9663 -12.707 3
      vertex 60 -16.5 3
      vertex 55.9663 12.707 3
    endloop
  endfacet
  facet normal 0 0 1
    outer loop
      vertex 60 -16.5 3
      vertex 55.9663 -12.707 3
      vertex 56.0393 -12.8055 3
    endloop
  endfacet
  facet normal -0 0 1
    outer loop
      vertex 55.8839 12.6161 3
      vertex 55.9663 -12.707 3
      vertex 55.9663 12.707 3
    endloop
  endfacet
  facet normal 0 0 1
    outer loop
      vertex 55.8839 12.6161 3
      vertex 55.8839 -12.6161 3
      vertex 55.9663 -12.707 3
    endloop
  endfacet
  facet normal -0 0 1
    outer loop
      vertex 55.793 12.5337 3
      vertex 55.8839 -12.6161 3
      vertex 55.8839 12.6161 3
    endloop
  endfacet
  facet normal 0 0 1
    outer loop
      vertex 55.793 12.5337 3
      vertex 55.793 -12.5337 3
      vertex 55.8839 -12.6161 3
    endloop
  endfacet
  facet normal -0 0 1
    outer loop
      vertex 55.6945 12.4607 3
      vertex 55.793 -12.5337 3
      vertex 55.793 12.5337 3
    endloop
  endfacet
  facet normal 0 0 1
    outer loop
      vertex 55.6945 12.4607 3
      vertex 55.6945 -12.4607 3
      vertex 55.793 -12.5337 3
    endloop
  endfacet
  facet normal -0 0 1
    outer loop
      vertex 55.5892 12.3976 3
      vertex 55.6945 -12.4607 3
      vertex 55.6945 12.4607 3
    endloop
  endfacet
  facet normal 0 0 1
    outer loop
      vertex 55.5892 12.3976 3
      vertex 55.5892 -12.3976 3
      vertex 55.6945 -12.4607 3
    endloop
  endfacet
  facet normal -0 0 1
    outer loop
      vertex 55.4784 12.3451 3
      vertex 55.5892 -12.3976 3
      vertex 55.5892 12.3976 3
    endloop
  endfacet
  facet normal 0 0 1
    outer loop
      vertex 55.4784 12.3451 3
      vertex 55.4784 -12.3451 3
      vertex 55.5892 -12.3976 3
    endloop
  endfacet
  facet normal 0 0 1
    outer loop
      vertex 48.4 6.1 3
      vertex 55.4784 12.3451 3
      vertex 55.3629 12.3038 3
    endloop
  endfacet
  facet normal 0 0 1
    outer loop
      vertex 55.4784 12.3451 3
      vertex 48.4 6.1 3
      vertex 55.4784 -12.3451 3
    endloop
  endfacet
  facet normal 0 0 1
    outer loop
      vertex 48.4 6.1 3
      vertex 55.3629 12.3038 3
      vertex 55.2439 12.274 3
    endloop
  endfacet
  facet normal 0 0 1
    outer loop
      vertex 55.4784 -12.3451 3
      vertex 48.4 6.1 3
      vertex 55.3629 -12.3038 3
    endloop
  endfacet
  facet normal 0 0 1
    outer loop
      vertex 48.4 6.1 3
      vertex 55.2439 12.274 3
      vertex 55.1225 12.256 3
    endloop
  endfacet
  facet normal 0 0 1
    outer loop
      vertex 55.3629 -12.3038 3
      vertex 48.4 6.1 3
      vertex 55.2439 -12.274 3
    endloop
  endfacet
  facet normal 0 0 1
    outer loop
      vertex 48.4 6.1 3
      vertex 55.1225 12.256 3
      vertex 55 12.25 3
    endloop
  endfacet
  facet normal 0 0 1
    outer loop
      vertex 55.2439 -12.274 3
      vertex 48.4 6.1 3
      vertex 55.1225 -12.256 3
    endloop
  endfacet
  facet normal 0 0 1
    outer loop
      vertex 48.4 6.1 3
      vertex 55 12.25 3
      vertex 54.8775 12.256 3
    endloop
  endfacet
  facet normal 0 0 1
    outer loop
      vertex 55.1225 -12.256 3
      vertex 48.4 6.1 3
      vertex 55 -12.25 3
    endloop
  endfacet
  facet normal 0 0 1
    outer loop
      vertex 48.4 6.1 3
      vertex 54.8775 12.256 3
      vertex 54.7561 12.274 3
    endloop
  endfacet
  facet normal 0 0 1
    outer loop
      vertex 55 -12.25 3
      vertex 48.4 6.1 3
      vertex 54.8775 -12.256 3
    endloop
  endfacet
  facet normal 0 0 1
    outer loop
      vertex 48.4 6.1 3
      vertex 54.7561 12.274 3
      vertex 54.6371 12.3038 3
    endloop
  endfacet
  facet normal 0 0 1
    outer loop
      vertex 54.8775 -12.256 3
      vertex 48.4 6.1 3
      vertex 54.7561 -12.274 3
    endloop
  endfacet
  facet normal 0 0 1
    outer loop
      vertex 48.4 6.1 3
      vertex 54.6371 12.3038 3
      vertex 54.5216 12.3451 3
    endloop
  endfacet
  facet normal 0 0 1
    outer loop
      vertex 54.7561 -12.274 3
      vertex 48.4 6.1 3
      vertex 54.6371 -12.3038 3
    endloop
  endfacet
  facet normal 0 0 1
    outer loop
      vertex 48.4 6.1 3
      vertex 54.5216 12.3451 3
      vertex 54.4108 12.3976 3
    endloop
  endfacet
  facet normal 0 0 1
    outer loop
      vertex 54.6371 -12.3038 3
      vertex 48.4 6.1 3
      vertex 54.5216 -12.3451 3
    endloop
  endfacet
  facet normal 0 0 1
    outer loop
      vertex 48.4 6.1 3
      vertex 54.4108 12.3976 3
      vertex 54.3055 12.4607 3
    endloop
  endfacet
  facet normal 0 0 1
    outer loop
      vertex 54.5216 -12.3451 3
      vertex 48.4 6.1 3
      vertex 54.4108 -12.3976 3
    endloop
  endfacet
  facet normal 0 0 1
    outer loop
      vertex 48.4 6.1 3
      vertex 54.3055 12.4607 3
      vertex 54.207 12.5337 3
    endloop
  endfacet
  facet normal 0 0 1
    outer loop
      vertex 54.4108 -12.3976 3
      vertex 48.4 6.1 3
      vertex 54.3055 -12.4607 3
    endloop
  endfacet
  facet normal 0 0 1
    outer loop
      vertex 48.4 6.1 3
      vertex 54.207 12.5337 3
      vertex 54.1161 12.6161 3
    endloop
  endfacet
  facet normal 0 0 1
    outer loop
      vertex 54.3055 -12.4607 3
      vertex 48.4 6.1 3
      vertex 54.207 -12.5337 3
    endloop
  endfacet
  facet normal 0 0 1
    outer loop
      vertex 48.4 6.1 3
      vertex 54.1161 12.6161 3
      vertex 54.0337 12.707 3
    endloop
  endfacet
  facet normal 0 0 1
    outer loop
      vertex 54.207 -12.5337 3
      vertex 48.4 6.1 3
      vertex 54.1161 -12.6161 3
    endloop
  endfacet
  facet normal 0 0 1
    outer loop
      vertex 48.4 6.1 3
      vertex 54.0337 12.707 3
      vertex 53.9607 12.8055 3
    endloop
  endfacet
  facet normal 0 0 1
    outer loop
      vertex 54.1161 -12.6161 3
      vertex 48.4 6.1 3
      vertex 54.0337 -12.707 3
    endloop
  endfacet
  facet normal 0 0 1
    outer loop
      vertex 48.4 6.1 3
      vertex 53.9607 12.8055 3
      vertex 53.8976 12.9108 3
    endloop
  endfacet
  facet normal 0 0 1
    outer loop
      vertex 54.0337 -12.707 3
      vertex 48.4 6.1 3
      vertex 53.9607 -12.8055 3
    endloop
  endfacet
  facet normal 0 0 1
    outer loop
      vertex 48.4 6.1 3
      vertex 53.8976 12.9108 3
      vertex 53.8451 13.0216 3
    endloop
  endfacet
  facet normal 0 0 1
    outer loop
      vertex 48.4 -17.1 3
      vertex 53.9607 -12.8055 3
      vertex 48.4 6.1 3
    endloop
  endfacet
  facet normal 0 0 1
    outer loop
      vertex 48.4 6.1 3
      vertex 53.8451 13.0216 3
      vertex 53.8038 13.1371 3
    endloop
  endfacet
  facet normal 0 0 1
    outer loop
      vertex 53.9607 -12.8055 3
      vertex 48.4 -17.1 3
      vertex 53.8976 -12.9108 3
    endloop
  endfacet
  facet normal 0 0 1
    outer loop
      vertex 48.4 6.1 3
      vertex 53.8038 13.1371 3
      vertex 53.774 13.2561 3
    endloop
  endfacet
  facet normal 0 0 1
    outer loop
      vertex 53.8976 -12.9108 3
      vertex 48.4 -17.1 3
      vertex 53.8451 -13.0216 3
    endloop
  endfacet
  facet normal 0 0 1
    outer loop
      vertex 42.7391 8.70615 3
      vertex 53.774 13.2561 3
      vertex 53.756 13.3775 3
    endloop
  endfacet
  facet normal 0 0 1
    outer loop
      vertex 53.8451 -13.0216 3
      vertex 48.4 -17.1 3
      vertex 53.8038 -13.1371 3
    endloop
  endfacet
  facet normal 0 0 1
    outer loop
      vertex 42.7391 8.70615 3
      vertex 53.756 13.3775 3
      vertex 53.75 13.5 3
    endloop
  endfacet
  facet normal 0 0 1
    outer loop
      vertex 53.8038 -13.1371 3
      vertex 48.4 -17.1 3
      vertex 53.774 -13.2561 3
    endloop
  endfacet
  facet normal 0 0 1
    outer loop
      vertex 56.244 13.3775 3
      vertex 60 16.5 3
      vertex 56.25 13.5 3
    endloop
  endfacet
  facet normal 0 0 1
    outer loop
      vertex 60 16.5 3
      vertex 56.244 13.6225 3
      vertex 56.25 13.5 3
    endloop
  endfacet
  facet normal 0 0 1
    outer loop
      vertex 60 16.5 3
      vertex 56.226 13.7439 3
      vertex 56.244 13.6225 3
    endloop
  endfacet
  facet normal 0 0 1
    outer loop
      vertex 60 16.5 3
      vertex 56.1962 13.8629 3
      vertex 56.226 13.7439 3
    endloop
  endfacet
  facet normal 0 0 1
    outer loop
      vertex 60 16.5 3
      vertex 56.1549 13.9784 3
      vertex 56.1962 13.8629 3
    endloop
  endfacet
  facet normal 0 0 1
    outer loop
      vertex 60 16.5 3
      vertex 56.1024 14.0892 3
      vertex 56.1549 13.9784 3
    endloop
  endfacet
  facet normal 0 0 1
    outer loop
      vertex 60 16.5 3
      vertex 56.0393 14.1945 3
      vertex 56.1024 14.0892 3
    endloop
  endfacet
  facet normal 0 0 1
    outer loop
      vertex 60 16.5 3
      vertex 55.9663 14.293 3
      vertex 56.0393 14.1945 3
    endloop
  endfacet
  facet normal 0 0 1
    outer loop
      vertex 60 16.5 3
      vertex 55.8839 14.3839 3
      vertex 55.9663 14.293 3
    endloop
  endfacet
  facet normal 0 0 1
    outer loop
      vertex 60 16.5 3
      vertex 55.793 14.4663 3
      vertex 55.8839 14.3839 3
    endloop
  endfacet
  facet normal 0 0 1
    outer loop
      vertex 60 16.5 3
      vertex 55.6945 14.5393 3
      vertex 55.793 14.4663 3
    endloop
  endfacet
  facet normal 0 0 1
    outer loop
      vertex 60 16.5 3
      vertex 55.5892 14.6024 3
      vertex 55.6945 14.5393 3
    endloop
  endfacet
  facet normal 0 0 1
    outer loop
      vertex 60 16.5 3
      vertex 55.4784 14.6548 3
      vertex 55.5892 14.6024 3
    endloop
  endfacet
  facet normal 0 0 1
    outer loop
      vertex 60 16.5 3
      vertex 55.3629 14.6962 3
      vertex 55.4784 14.6548 3
    endloop
  endfacet
  facet normal 0 0 1
    outer loop
      vertex 60 16.5 3
      vertex 55.2439 14.726 3
      vertex 55.3629 14.6962 3
    endloop
  endfacet
  facet normal 0 0 1
    outer loop
      vertex 60 16.5 3
      vertex 55.1225 14.744 3
      vertex 55.2439 14.726 3
    endloop
  endfacet
  facet normal 0 0 1
    outer loop
      vertex 60 16.5 3
      vertex 55 14.75 3
      vertex 55.1225 14.744 3
    endloop
  endfacet
  facet normal 0 0 1
    outer loop
      vertex 45.4327 22.6828 3
      vertex 55 14.75 3
      vertex 60 16.5 3
    endloop
  endfacet
  facet normal 0 0 1
    outer loop
      vertex 55 14.75 3
      vertex 45.4327 22.6828 3
      vertex 54.8775 14.744 3
    endloop
  endfacet
  facet normal 0 0 1
    outer loop
      vertex 54.8775 14.744 3
      vertex 45.4831 22.3431 3
      vertex 54.7561 14.726 3
    endloop
  endfacet
  facet normal 0 0 1
    outer loop
      vertex 53.774 -13.2561 3
      vertex 48.4 -17.1 3
      vertex 53.756 -13.3775 3
    endloop
  endfacet
  facet normal 0 0 1
    outer loop
      vertex 43.9445 19.0899 3
      vertex 53.75 13.5 3
      vertex 53.756 13.6225 3
    endloop
  endfacet
  facet normal 0 0 1
    outer loop
      vertex 53.756 -13.3775 3
      vertex 48.4 -17.1 3
      vertex 53.75 -13.5 3
    endloop
  endfacet
  facet normal 0 0 1
    outer loop
      vertex 44.2204 19.2945 3
      vertex 53.756 13.6225 3
      vertex 53.774 13.7439 3
    endloop
  endfacet
  facet normal 0 0 1
    outer loop
      vertex 44.2204 19.2945 3
      vertex 53.774 13.7439 3
      vertex 53.8038 13.8629 3
    endloop
  endfacet
  facet normal 0 0 1
    outer loop
      vertex 44.4749 19.5251 3
      vertex 53.8038 13.8629 3
      vertex 53.8451 13.9784 3
    endloop
  endfacet
  facet normal 0 0 1
    outer loop
      vertex 44.7055 19.7796 3
      vertex 53.8451 13.9784 3
      vertex 53.8976 14.0892 3
    endloop
  endfacet
  facet normal 0 0 1
    outer loop
      vertex 44.9101 20.0555 3
      vertex 53.8976 14.0892 3
      vertex 53.9607 14.1945 3
    endloop
  endfacet
  facet normal -0 0 1
    outer loop
      vertex 45.2336 20.6606 3
      vertex 54.207 14.4663 3
      vertex 45.3493 20.984 3
    endloop
  endfacet
  facet normal 0 0 1
    outer loop
      vertex 54.3055 14.5393 3
      vertex 45.3493 20.984 3
      vertex 54.207 14.4663 3
    endloop
  endfacet
  facet normal -0 0 1
    outer loop
      vertex 45.3493 20.984 3
      vertex 54.3055 14.5393 3
      vertex 45.4327 21.3172 3
    endloop
  endfacet
  facet normal 0 0 1
    outer loop
      vertex 54.4108 14.6024 3
      vertex 45.4327 21.3172 3
      vertex 54.3055 14.5393 3
    endloop
  endfacet
  facet normal 0 0 1
    outer loop
      vertex 54.5216 14.6548 3
      vertex 45.4327 21.3172 3
      vertex 54.4108 14.6024 3
    endloop
  endfacet
  facet normal -0 0 1
    outer loop
      vertex 45.4327 21.3172 3
      vertex 54.5216 14.6548 3
      vertex 45.4831 21.6569 3
    endloop
  endfacet
  facet normal 0 0 1
    outer loop
      vertex 54.6371 14.6962 3
      vertex 45.4831 21.6569 3
      vertex 54.5216 14.6548 3
    endloop
  endfacet
  facet normal -0 0 1
    outer loop
      vertex 45.4831 21.6569 3
      vertex 54.6371 14.6962 3
      vertex 45.5 22 3
    endloop
  endfacet
  facet normal -0 -0 1
    outer loop
      vertex 45.5 22 3
      vertex 54.7561 14.726 3
      vertex 45.4831 22.3431 3
    endloop
  endfacet
  facet normal 0 0 1
    outer loop
      vertex 54.7561 14.726 3
      vertex 45.5 22 3
      vertex 54.6371 14.6962 3
    endloop
  endfacet
  facet normal 0 0 1
    outer loop
      vertex 54.8775 14.744 3
      vertex 45.4327 22.6828 3
      vertex 45.4831 22.3431 3
    endloop
  endfacet
  facet normal 0 0 1
    outer loop
      vertex 60 16.5 3
      vertex 45.3493 23.016 3
      vertex 45.4327 22.6828 3
    endloop
  endfacet
  facet normal 0 0 1
    outer loop
      vertex 44.7778 26.1573 3
      vertex 45.3493 23.016 3
      vertex 60 16.5 3
    endloop
  endfacet
  facet normal 0 0 1
    outer loop
      vertex 45.3493 23.016 3
      vertex 44.7778 26.1573 3
      vertex 45.2336 23.3394 3
    endloop
  endfacet
  facet normal 0 0 1
    outer loop
      vertex 45.2336 23.3394 3
      vertex 44.7778 26.1573 3
      vertex 45.0867 23.6499 3
    endloop
  endfacet
  facet normal 0 0 1
    outer loop
      vertex 45.0867 23.6499 3
      vertex 44.7778 26.1573 3
      vertex 44.9101 23.9445 3
    endloop
  endfacet
  facet normal 0 0 1
    outer loop
      vertex 44.7778 26.1573 3
      vertex 44.7055 24.2204 3
      vertex 44.9101 23.9445 3
    endloop
  endfacet
  facet normal 0 0 1
    outer loop
      vertex 44.7778 26.1573 3
      vertex 44.4749 24.4749 3
      vertex 44.7055 24.2204 3
    endloop
  endfacet
  facet normal 0 0 1
    outer loop
      vertex 43.9445 24.9101 3
      vertex 44.7778 26.1573 3
      vertex 44.357 26.4096 3
    endloop
  endfacet
  facet normal 0 0 1
    outer loop
      vertex 44.7778 26.1573 3
      vertex 44.2204 24.7055 3
      vertex 44.4749 24.4749 3
    endloop
  endfacet
  facet normal 0 0 1
    outer loop
      vertex 44.7778 26.1573 3
      vertex 43.9445 24.9101 3
      vertex 44.2204 24.7055 3
    endloop
  endfacet
  facet normal 0 0 1
    outer loop
      vertex 43.6499 25.0867 3
      vertex 44.357 26.4096 3
      vertex 43.9134 26.6194 3
    endloop
  endfacet
  facet normal 0 0 1
    outer loop
      vertex 44.357 26.4096 3
      vertex 43.6499 25.0867 3
      vertex 43.9445 24.9101 3
    endloop
  endfacet
  facet normal 0 0 1
    outer loop
      vertex 43.3394 25.2336 3
      vertex 43.9134 26.6194 3
      vertex 43.4514 26.7847 3
    endloop
  endfacet
  facet normal 0 0 1
    outer loop
      vertex 43.9134 26.6194 3
      vertex 43.3394 25.2336 3
      vertex 43.6499 25.0867 3
    endloop
  endfacet
  facet normal 0 0 1
    outer loop
      vertex 43.4514 26.7847 3
      vertex 43.016 25.3493 3
      vertex 43.3394 25.2336 3
    endloop
  endfacet
  facet normal 0 0 1
    outer loop
      vertex 42.9754 26.9039 3
      vertex 43.016 25.3493 3
      vertex 43.4514 26.7847 3
    endloop
  endfacet
  facet normal 0 0 1
    outer loop
      vertex 42.9754 26.9039 3
      vertex 42.6828 25.4327 3
      vertex 43.016 25.3493 3
    endloop
  endfacet
  facet normal 0 0 1
    outer loop
      vertex 42.4901 26.9759 3
      vertex 42.6828 25.4327 3
      vertex 42.9754 26.9039 3
    endloop
  endfacet
  facet normal 0 0 1
    outer loop
      vertex 42.4901 26.9759 3
      vertex 42.3431 25.4831 3
      vertex 42.6828 25.4327 3
    endloop
  endfacet
  facet normal 0 0 1
    outer loop
      vertex 42 27 3
      vertex 42.3431 25.4831 3
      vertex 42.4901 26.9759 3
    endloop
  endfacet
  facet normal 0 0 1
    outer loop
      vertex 42 27 3
      vertex 42 25.5 3
      vertex 42.3431 25.4831 3
    endloop
  endfacet
  facet normal 0 0 1
    outer loop
      vertex 42 27 3
      vertex 41.6569 25.4831 3
      vertex 42 25.5 3
    endloop
  endfacet
  facet normal -0 0 1
    outer loop
      vertex 41.5099 26.9759 3
      vertex 41.6569 25.4831 3
      vertex 42 27 3
    endloop
  endfacet
  facet normal 0 0 1
    outer loop
      vertex 41.5099 26.9759 3
      vertex 41.3172 25.4327 3
      vertex 41.6569 25.4831 3
    endloop
  endfacet
  facet normal -0 0 1
    outer loop
      vertex 41.0245 26.9039 3
      vertex 41.3172 25.4327 3
      vertex 41.5099 26.9759 3
    endloop
  endfacet
  facet normal 0 0 1
    outer loop
      vertex 41.0245 26.9039 3
      vertex 40.984 25.3493 3
      vertex 41.3172 25.4327 3
    endloop
  endfacet
  facet normal -0 0 1
    outer loop
      vertex 40.5486 26.7847 3
      vertex 40.984 25.3493 3
      vertex 41.0245 26.9039 3
    endloop
  endfacet
  facet normal 0 0 1
    outer loop
      vertex 40.984 25.3493 3
      vertex 40.5486 26.7847 3
      vertex 40.6606 25.2336 3
    endloop
  endfacet
  facet normal -0 0 1
    outer loop
      vertex 40.0866 26.6194 3
      vertex 40.6606 25.2336 3
      vertex 40.5486 26.7847 3
    endloop
  endfacet
  facet normal 0 0 1
    outer loop
      vertex 40.6606 25.2336 3
      vertex 40.0866 26.6194 3
      vertex 40.3501 25.0867 3
    endloop
  endfacet
  facet normal -0 0 1
    outer loop
      vertex 39.643 26.4096 3
      vertex 40.3501 25.0867 3
      vertex 40.0866 26.6194 3
    endloop
  endfacet
  facet normal 0 0 1
    outer loop
      vertex 40.3501 25.0867 3
      vertex 39.643 26.4096 3
      vertex 40.0555 24.9101 3
    endloop
  endfacet
  facet normal -0 0 1
    outer loop
      vertex 39.2221 26.1573 3
      vertex 40.0555 24.9101 3
      vertex 39.643 26.4096 3
    endloop
  endfacet
  facet normal 0 0 1
    outer loop
      vertex 40.0555 24.9101 3
      vertex 39.2221 26.1573 3
      vertex 39.7796 24.7055 3
    endloop
  endfacet
  facet normal -0 0 1
    outer loop
      vertex 38.828 25.8651 3
      vertex 39.7796 24.7055 3
      vertex 39.2221 26.1573 3
    endloop
  endfacet
  facet normal 0 0 1
    outer loop
      vertex 39.7796 24.7055 3
      vertex 38.828 25.8651 3
      vertex 39.5251 24.4749 3
    endloop
  endfacet
  facet normal 0 0 1
    outer loop
      vertex 39.5251 24.4749 3
      vertex 38.828 25.8651 3
      vertex 39.2945 24.2204 3
    endloop
  endfacet
  facet normal 0 0 1
    outer loop
      vertex 39.2945 24.2204 3
      vertex 38.828 25.8651 3
      vertex 39.0899 23.9445 3
    endloop
  endfacet
  facet normal 0 0 1
    outer loop
      vertex 39.0899 23.9445 3
      vertex 38.828 25.8651 3
      vertex 38.9133 23.6499 3
    endloop
  endfacet
  facet normal 0 0 1
    outer loop
      vertex 38.828 25.8651 3
      vertex 38.7664 23.3394 3
      vertex 38.9133 23.6499 3
    endloop
  endfacet
  facet normal 0 0 1
    outer loop
      vertex 38.828 25.8651 3
      vertex 38.6507 23.016 3
      vertex 38.7664 23.3394 3
    endloop
  endfacet
  facet normal 0 0 1
    outer loop
      vertex 38.828 25.8651 3
      vertex 38.5673 22.6828 3
      vertex 38.6507 23.016 3
    endloop
  endfacet
  facet normal 0 0 1
    outer loop
      vertex 12 4.5 3
      vertex 38.5673 22.6828 3
      vertex 38.828 25.8651 3
    endloop
  endfacet
  facet normal 0 0 1
    outer loop
      vertex 24 4 3
      vertex 38.5 22 3
      vertex 38.5169 22.3431 3
    endloop
  endfacet
  facet normal 0 0 1
    outer loop
      vertex 38.5673 22.6828 3
      vertex 12 4.5 3
      vertex 38.5169 22.3431 3
    endloop
  endfacet
  facet normal 0 0 1
    outer loop
      vertex 24 -7 3
      vertex 35.6 6.1 3
      vertex 24 4 3
    endloop
  endfacet
  facet normal 0 0 1
    outer loop
      vertex 35.6 6.1 3
      vertex 24 -7 3
      vertex 35.6 -17.1 3
    endloop
  endfacet
  facet normal 0 0 1
    outer loop
      vertex 38.5 22 3
      vertex 24 4 3
      vertex 35.6 6.1 3
    endloop
  endfacet
  facet normal 0 0 1
    outer loop
      vertex 38.5169 22.3431 3
      vertex 12 4.5 3
      vertex 24 4 3
    endloop
  endfacet
  facet normal 0 0 1
    outer loop
      vertex 24 4 3
      vertex 12 4.5 3
      vertex 12 4 3
    endloop
  endfacet
  facet normal 0 0 1
    outer loop
      vertex 56.226 13.2561 3
      vertex 60 16.5 3
      vertex 56.244 13.3775 3
    endloop
  endfacet
  facet normal -0 0 1
    outer loop
      vertex 56.244 -13.6225 3
      vertex 60 -16.5 3
      vertex 56.25 -13.5 3
    endloop
  endfacet
  facet normal -0 0 1
    outer loop
      vertex 56.226 -13.7439 3
      vertex 60 -16.5 3
      vertex 56.244 -13.6225 3
    endloop
  endfacet
  facet normal -0 0 1
    outer loop
      vertex 56.1962 -13.8629 3
      vertex 60 -16.5 3
      vertex 56.226 -13.7439 3
    endloop
  endfacet
  facet normal -0 0 1
    outer loop
      vertex 56.1549 -13.9784 3
      vertex 60 -16.5 3
      vertex 56.1962 -13.8629 3
    endloop
  endfacet
  facet normal -0 0 1
    outer loop
      vertex 56.1024 -14.0892 3
      vertex 60 -16.5 3
      vertex 56.1549 -13.9784 3
    endloop
  endfacet
  facet normal -0 0 1
    outer loop
      vertex 56.0393 -14.1945 3
      vertex 60 -16.5 3
      vertex 56.1024 -14.0892 3
    endloop
  endfacet
  facet normal -0 0 1
    outer loop
      vertex 55.9663 -14.293 3
      vertex 60 -16.5 3
      vertex 56.0393 -14.1945 3
    endloop
  endfacet
  facet normal -0 0 1
    outer loop
      vertex 55.8839 -14.3839 3
      vertex 60 -16.5 3
      vertex 55.9663 -14.293 3
    endloop
  endfacet
  facet normal -0 0 1
    outer loop
      vertex 55.793 -14.4663 3
      vertex 60 -16.5 3
      vertex 55.8839 -14.3839 3
    endloop
  endfacet
  facet normal -0 0 1
    outer loop
      vertex 55.6945 -14.5393 3
      vertex 60 -16.5 3
      vertex 55.793 -14.4663 3
    endloop
  endfacet
  facet normal -0 0 1
    outer loop
      vertex 55.5892 -14.6024 3
      vertex 60 -16.5 3
      vertex 55.6945 -14.5393 3
    endloop
  endfacet
  facet normal -0 0 1
    outer loop
      vertex 55.4784 -14.6548 3
      vertex 60 -16.5 3
      vertex 55.5892 -14.6024 3
    endloop
  endfacet
  facet normal -0 0 1
    outer loop
      vertex 55.3629 -14.6962 3
      vertex 60 -16.5 3
      vertex 55.4784 -14.6548 3
    endloop
  endfacet
  facet normal -0 0 1
    outer loop
      vertex 55.2439 -14.726 3
      vertex 60 -16.5 3
      vertex 55.3629 -14.6962 3
    endloop
  endfacet
  facet normal -0 0 1
    outer loop
      vertex 55.1225 -14.744 3
      vertex 60 -16.5 3
      vertex 55.2439 -14.726 3
    endloop
  endfacet
  facet normal 0 0 1
    outer loop
      vertex 50 -23.5 3
      vertex 55.1225 -14.744 3
      vertex 55 -14.75 3
    endloop
  endfacet
  facet normal 0 0 1
    outer loop
      vertex 50 -23.5 3
      vertex 55 -14.75 3
      vertex 54.8775 -14.744 3
    endloop
  endfacet
  facet normal 0 0 1
    outer loop
      vertex 50 -23.5 3
      vertex 54.8775 -14.744 3
      vertex 54.7561 -14.726 3
    endloop
  endfacet
  facet normal 0 0 1
    outer loop
      vertex 50 -23.5 3
      vertex 54.7561 -14.726 3
      vertex 54.6371 -14.6962 3
    endloop
  endfacet
  facet normal 0 0 1
    outer loop
      vertex 55.1225 -14.744 3
      vertex 50 -23.5 3
      vertex 60 -16.5 3
    endloop
  endfacet
  facet normal 0 0 1
    outer loop
      vertex 54.5216 -14.6548 3
      vertex 50 -23.5 3
      vertex 54.6371 -14.6962 3
    endloop
  endfacet
  facet normal 0 0 1
    outer loop
      vertex 54.4108 -14.6024 3
      vertex 50 -23.5 3
      vertex 54.5216 -14.6548 3
    endloop
  endfacet
  facet normal 0 0 1
    outer loop
      vertex 54.3055 -14.5393 3
      vertex 50 -23.5 3
      vertex 54.4108 -14.6024 3
    endloop
  endfacet
  facet normal 0 0 1
    outer loop
      vertex 54.207 -14.4663 3
      vertex 50 -23.5 3
      vertex 54.3055 -14.5393 3
    endloop
  endfacet
  facet normal 0 0 1
    outer loop
      vertex 54.1161 -14.3839 3
      vertex 50 -23.5 3
      vertex 54.207 -14.4663 3
    endloop
  endfacet
  facet normal 0 0 1
    outer loop
      vertex 54.0337 -14.293 3
      vertex 50 -23.5 3
      vertex 54.1161 -14.3839 3
    endloop
  endfacet
  facet normal 0 0 1
    outer loop
      vertex 53.9607 -14.1945 3
      vertex 50 -23.5 3
      vertex 54.0337 -14.293 3
    endloop
  endfacet
  facet normal 0 0 1
    outer loop
      vertex 53.8976 -14.0892 3
      vertex 50 -23.5 3
      vertex 53.9607 -14.1945 3
    endloop
  endfacet
  facet normal 0 0 1
    outer loop
      vertex 53.8451 -13.9784 3
      vertex 50 -23.5 3
      vertex 53.8976 -14.0892 3
    endloop
  endfacet
  facet normal 0 0 1
    outer loop
      vertex 53.8038 -13.8629 3
      vertex 50 -23.5 3
      vertex 53.8451 -13.9784 3
    endloop
  endfacet
  facet normal 0 0 1
    outer loop
      vertex 53.774 -13.7439 3
      vertex 50 -23.5 3
      vertex 53.8038 -13.8629 3
    endloop
  endfacet
  facet normal 0 0 1
    outer loop
      vertex 53.756 -13.6225 3
      vertex 50 -23.5 3
      vertex 53.774 -13.7439 3
    endloop
  endfacet
  facet normal 0 0 1
    outer loop
      vertex 50 -23.5 3
      vertex 53.756 -13.6225 3
      vertex 53.75 -13.5 3
    endloop
  endfacet
  facet normal 0 0 1
    outer loop
      vertex 53.75 -13.5 3
      vertex 48.4 -17.1 3
      vertex 50 -23.5 3
    endloop
  endfacet
  facet normal -0 0 1
    outer loop
      vertex 45.4327 -21.3172 3
      vertex 50 -23.5 3
      vertex 48.4 -17.1 3
    endloop
  endfacet
  facet normal -0 0 1
    outer loop
      vertex 45.4831 -22.3431 3
      vertex 50 -23.5 3
      vertex 45.5 -22 3
    endloop
  endfacet
  facet normal -0 0 1
    outer loop
      vertex 45.4327 -22.6828 3
      vertex 50 -23.5 3
      vertex 45.4831 -22.3431 3
    endloop
  endfacet
  facet normal -0 0 1
    outer loop
      vertex 45.3493 -23.016 3
      vertex 50 -23.5 3
      vertex 45.4327 -22.6828 3
    endloop
  endfacet
  facet normal -0 0 1
    outer loop
      vertex 45.2336 -23.3394 3
      vertex 50 -23.5 3
      vertex 45.3493 -23.016 3
    endloop
  endfacet
  facet normal 0 0 1
    outer loop
      vertex 45.0867 -23.6499 3
      vertex 50 -23.5 3
      vertex 45.2336 -23.3394 3
    endloop
  endfacet
  facet normal 0 0 1
    outer loop
      vertex 44.9101 -23.9445 3
      vertex 50 -23.5 3
      vertex 45.0867 -23.6499 3
    endloop
  endfacet
  facet normal 0 0 1
    outer loop
      vertex 44.357 -26.4096 3
      vertex 44.9101 -23.9445 3
      vertex 44.7055 -24.2204 3
    endloop
  endfacet
  facet normal 0 0 1
    outer loop
      vertex 44.357 -26.4096 3
      vertex 44.7055 -24.2204 3
      vertex 44.4749 -24.4749 3
    endloop
  endfacet
  facet normal -0 0 1
    outer loop
      vertex 44.9101 -23.9445 3
      vertex 44.357 -26.4096 3
      vertex 50 -23.5 3
    endloop
  endfacet
  facet normal -0 0 1
    outer loop
      vertex 44.2204 -24.7055 3
      vertex 44.357 -26.4096 3
      vertex 44.4749 -24.4749 3
    endloop
  endfacet
  facet normal -0 0 1
    outer loop
      vertex 43.9445 -24.9101 3
      vertex 44.357 -26.4096 3
      vertex 44.2204 -24.7055 3
    endloop
  endfacet
  facet normal -0 0 1
    outer loop
      vertex 43.6499 -25.0867 3
      vertex 44.357 -26.4096 3
      vertex 43.9445 -24.9101 3
    endloop
  endfacet
  facet normal 0 0 1
    outer loop
      vertex 44.357 -26.4096 3
      vertex 43.6499 -25.0867 3
      vertex 43.9134 -26.6194 3
    endloop
  endfacet
  facet normal -0 0 1
    outer loop
      vertex 43.3394 -25.2336 3
      vertex 43.9134 -26.6194 3
      vertex 43.6499 -25.0867 3
    endloop
  endfacet
  facet normal 0 0 1
    outer loop
      vertex 43.9134 -26.6194 3
      vertex 43.3394 -25.2336 3
      vertex 43.4514 -26.7847 3
    endloop
  endfacet
  facet normal -0 0 1
    outer loop
      vertex 43.016 -25.3493 3
      vertex 43.4514 -26.7847 3
      vertex 43.3394 -25.2336 3
    endloop
  endfacet
  facet normal 0 0 1
    outer loop
      vertex 43.016 -25.3493 3
      vertex 42.9754 -26.9039 3
      vertex 43.4514 -26.7847 3
    endloop
  endfacet
  facet normal -0 0 1
    outer loop
      vertex 42.6828 -25.4327 3
      vertex 42.9754 -26.9039 3
      vertex 43.016 -25.3493 3
    endloop
  endfacet
  facet normal 0 0 1
    outer loop
      vertex 42.6828 -25.4327 3
      vertex 42.4901 -26.9759 3
      vertex 42.9754 -26.9039 3
    endloop
  endfacet
  facet normal -0 0 1
    outer loop
      vertex 42.3431 -25.4831 3
      vertex 42.4901 -26.9759 3
      vertex 42.6828 -25.4327 3
    endloop
  endfacet
  facet normal -0 0 1
    outer loop
      vertex 42 -25.5 3
      vertex 42.4901 -26.9759 3
      vertex 42.3431 -25.4831 3
    endloop
  endfacet
  facet normal 0 0 1
    outer loop
      vertex 42 -25.5 3
      vertex 42 -27 3
      vertex 42.4901 -26.9759 3
    endloop
  endfacet
  facet normal 0 0 1
    outer loop
      vertex 41.6569 -25.4831 3
      vertex 42 -27 3
      vertex 42 -25.5 3
    endloop
  endfacet
  facet normal 0 0 1
    outer loop
      vertex 41.6569 -25.4831 3
      vertex 41.5099 -26.9759 3
      vertex 42 -27 3
    endloop
  endfacet
  facet normal 0 0 1
    outer loop
      vertex 41.3172 -25.4327 3
      vertex 41.5099 -26.9759 3
      vertex 41.6569 -25.4831 3
    endloop
  endfacet
  facet normal 0 0 1
    outer loop
      vertex 41.3172 -25.4327 3
      vertex 41.0245 -26.9039 3
      vertex 41.5099 -26.9759 3
    endloop
  endfacet
  facet normal 0 0 1
    outer loop
      vertex 40.984 -25.3493 3
      vertex 41.0245 -26.9039 3
      vertex 41.3172 -25.4327 3
    endloop
  endfacet
  facet normal 0 0 1
    outer loop
      vertex 40.5486 -26.7847 3
      vertex 40.984 -25.3493 3
      vertex 40.6606 -25.2336 3
    endloop
  endfacet
  facet normal 0 0 1
    outer loop
      vertex 40.984 -25.3493 3
      vertex 40.5486 -26.7847 3
      vertex 41.0245 -26.9039 3
    endloop
  endfacet
  facet normal 0 0 1
    outer loop
      vertex 40.0866 -26.6194 3
      vertex 40.6606 -25.2336 3
      vertex 40.3501 -25.0867 3
    endloop
  endfacet
  facet normal 0 0 1
    outer loop
      vertex 40.6606 -25.2336 3
      vertex 40.0866 -26.6194 3
      vertex 40.5486 -26.7847 3
    endloop
  endfacet
  facet normal 0 0 1
    outer loop
      vertex 39.643 -26.4096 3
      vertex 40.3501 -25.0867 3
      vertex 40.0555 -24.9101 3
    endloop
  endfacet
  facet normal 0 0 1
    outer loop
      vertex 39.643 -26.4096 3
      vertex 40.0555 -24.9101 3
      vertex 39.7796 -24.7055 3
    endloop
  endfacet
  facet normal 0 0 1
    outer loop
      vertex 40.3501 -25.0867 3
      vertex 39.643 -26.4096 3
      vertex 40.0866 -26.6194 3
    endloop
  endfacet
  facet normal 0 0 1
    outer loop
      vertex 39.5251 -24.4749 3
      vertex 39.643 -26.4096 3
      vertex 39.7796 -24.7055 3
    endloop
  endfacet
  facet normal 0 0 1
    outer loop
      vertex 39.2945 -24.2204 3
      vertex 39.643 -26.4096 3
      vertex 39.5251 -24.4749 3
    endloop
  endfacet
  facet normal 0 0 1
    outer loop
      vertex 39.0899 -23.9445 3
      vertex 39.643 -26.4096 3
      vertex 39.2945 -24.2204 3
    endloop
  endfacet
  facet normal 0 0 1
    outer loop
      vertex 34 -23.5 3
      vertex 39.0899 -23.9445 3
      vertex 38.9133 -23.6499 3
    endloop
  endfacet
  facet normal -0 0 1
    outer loop
      vertex 34 -23.5 3
      vertex 38.9133 -23.6499 3
      vertex 38.7664 -23.3394 3
    endloop
  endfacet
  facet normal 0 0 1
    outer loop
      vertex 34 -23.5 3
      vertex 38.7664 -23.3394 3
      vertex 38.6507 -23.016 3
    endloop
  endfacet
  facet normal 0 0 1
    outer loop
      vertex 38.5169 -21.6569 3
      vertex 34 -23.5 3
      vertex 38.5 -22 3
    endloop
  endfacet
  facet normal 0 0 1
    outer loop
      vertex 38.5 -22 3
      vertex 34 -23.5 3
      vertex 38.5169 -22.3431 3
    endloop
  endfacet
  facet normal 0 0 1
    outer loop
      vertex 38.5169 -22.3431 3
      vertex 34 -23.5 3
      vertex 38.5673 -22.6828 3
    endloop
  endfacet
  facet normal 0 0 1
    outer loop
      vertex 38.5673 -22.6828 3
      vertex 34 -23.5 3
      vertex 38.6507 -23.016 3
    endloop
  endfacet
  facet normal 0 0 1
    outer loop
      vertex 39.0899 -23.9445 3
      vertex 34 -23.5 3
      vertex 39.643 -26.4096 3
    endloop
  endfacet
  facet normal 0 0 1
    outer loop
      vertex 54.207 14.4663 3
      vertex 45.2336 20.6606 3
      vertex 54.1161 14.3839 3
    endloop
  endfacet
  facet normal -0 0 1
    outer loop
      vertex 45.0867 20.3501 3
      vertex 54.1161 14.3839 3
      vertex 45.2336 20.6606 3
    endloop
  endfacet
  facet normal 0 0 1
    outer loop
      vertex 54.1161 14.3839 3
      vertex 45.0867 20.3501 3
      vertex 54.0337 14.293 3
    endloop
  endfacet
  facet normal 0 0 1
    outer loop
      vertex 54.0337 14.293 3
      vertex 45.0867 20.3501 3
      vertex 53.9607 14.1945 3
    endloop
  endfacet
  facet normal -0 0 1
    outer loop
      vertex 44.9101 20.0555 3
      vertex 53.9607 14.1945 3
      vertex 45.0867 20.3501 3
    endloop
  endfacet
  facet normal 0 0 1
    outer loop
      vertex 53.8976 14.0892 3
      vertex 44.9101 20.0555 3
      vertex 44.7055 19.7796 3
    endloop
  endfacet
  facet normal 0 0 1
    outer loop
      vertex 53.8451 13.9784 3
      vertex 44.7055 19.7796 3
      vertex 44.4749 19.5251 3
    endloop
  endfacet
  facet normal 0 0 1
    outer loop
      vertex 53.8038 13.8629 3
      vertex 44.4749 19.5251 3
      vertex 44.2204 19.2945 3
    endloop
  endfacet
  facet normal 0 0 1
    outer loop
      vertex 53.756 13.6225 3
      vertex 44.2204 19.2945 3
      vertex 43.9445 19.0899 3
    endloop
  endfacet
  facet normal 0 0 1
    outer loop
      vertex 42.7391 8.70615 3
      vertex 53.75 13.5 3
      vertex 43.9445 19.0899 3
    endloop
  endfacet
  facet normal 0 0 1
    outer loop
      vertex 42.7391 8.70615 3
      vertex 43.9445 19.0899 3
      vertex 43.6499 18.9133 3
    endloop
  endfacet
  facet normal 0 0 1
    outer loop
      vertex 42.7391 8.70615 3
      vertex 43.6499 18.9133 3
      vertex 43.3394 18.7664 3
    endloop
  endfacet
  facet normal 0 0 1
    outer loop
      vertex 42.3061 9.1391 3
      vertex 43.3394 18.7664 3
      vertex 43.016 18.6507 3
    endloop
  endfacet
  facet normal -0 0 1
    outer loop
      vertex 42.7391 8.70615 3
      vertex 48.4 6.1 3
      vertex 53.774 13.2561 3
    endloop
  endfacet
  facet normal -0 0 1
    outer loop
      vertex 42.7391 8.09385 3
      vertex 48.4 6.1 3
      vertex 42.8 8.4 3
    endloop
  endfacet
  facet normal -0 0 1
    outer loop
      vertex 42.5657 7.83431 3
      vertex 48.4 6.1 3
      vertex 42.7391 8.09385 3
    endloop
  endfacet
  facet normal -0 0 1
    outer loop
      vertex 42.3061 7.6609 3
      vertex 48.4 6.1 3
      vertex 42.5657 7.83431 3
    endloop
  endfacet
  facet normal -0 0 1
    outer loop
      vertex 42 7.6 3
      vertex 48.4 6.1 3
      vertex 42.3061 7.6609 3
    endloop
  endfacet
  facet normal 0 0 1
    outer loop
      vertex 35.6 6.1 3
      vertex 42 7.6 3
      vertex 41.6939 7.6609 3
    endloop
  endfacet
  facet normal 0 0 1
    outer loop
      vertex 40.0555 19.0899 3
      vertex 41.4343 8.96568 3
      vertex 40.3501 18.9133 3
    endloop
  endfacet
  facet normal 0 0 1
    outer loop
      vertex 35.6 6.1 3
      vertex 41.4343 8.96568 3
      vertex 40.0555 19.0899 3
    endloop
  endfacet
  facet normal 0 0 1
    outer loop
      vertex 41.4343 8.96568 3
      vertex 35.6 6.1 3
      vertex 41.2609 8.70615 3
    endloop
  endfacet
  facet normal 0 0 1
    outer loop
      vertex 35.6 6.1 3
      vertex 40.0555 19.0899 3
      vertex 39.7796 19.2945 3
    endloop
  endfacet
  facet normal 0 0 1
    outer loop
      vertex 35.6 6.1 3
      vertex 39.7796 19.2945 3
      vertex 39.5251 19.5251 3
    endloop
  endfacet
  facet normal 0 0 1
    outer loop
      vertex 35.6 6.1 3
      vertex 39.5251 19.5251 3
      vertex 39.2945 19.7796 3
    endloop
  endfacet
  facet normal 0 0 1
    outer loop
      vertex 35.6 6.1 3
      vertex 39.2945 19.7796 3
      vertex 39.0899 20.0555 3
    endloop
  endfacet
  facet normal 0 0 1
    outer loop
      vertex 35.6 6.1 3
      vertex 39.0899 20.0555 3
      vertex 38.9133 20.3501 3
    endloop
  endfacet
  facet normal 0 0 1
    outer loop
      vertex 35.6 6.1 3
      vertex 38.9133 20.3501 3
      vertex 38.7664 20.6606 3
    endloop
  endfacet
  facet normal 0 0 1
    outer loop
      vertex 35.6 6.1 3
      vertex 38.7664 20.6606 3
      vertex 38.6507 20.984 3
    endloop
  endfacet
  facet normal 0 0 1
    outer loop
      vertex 41.2609 8.70615 3
      vertex 35.6 6.1 3
      vertex 41.2 8.4 3
    endloop
  endfacet
  facet normal 0 0 1
    outer loop
      vertex 35.6 6.1 3
      vertex 38.6507 20.984 3
      vertex 38.5673 21.3172 3
    endloop
  endfacet
  facet normal 0 0 1
    outer loop
      vertex 42 7.6 3
      vertex 35.6 6.1 3
      vertex 48.4 6.1 3
    endloop
  endfacet
  facet normal 0 0 1
    outer loop
      vertex 41.4343 7.83431 3
      vertex 35.6 6.1 3
      vertex 41.6939 7.6609 3
    endloop
  endfacet
  facet normal 0 0 1
    outer loop
      vertex 41.2609 8.09385 3
      vertex 35.6 6.1 3
      vertex 41.4343 7.83431 3
    endloop
  endfacet
  facet normal 0 0 1
    outer loop
      vertex 41.2 8.4 3
      vertex 35.6 6.1 3
      vertex 41.2609 8.09385 3
    endloop
  endfacet
  facet normal 0 0 1
    outer loop
      vertex 38.5169 21.6569 3
      vertex 35.6 6.1 3
      vertex 38.5673 21.3172 3
    endloop
  endfacet
  facet normal 0 0 1
    outer loop
      vertex 35.6 6.1 3
      vertex 38.5169 21.6569 3
      vertex 38.5 22 3
    endloop
  endfacet
  facet normal -0.242967 -0.970034 0
    outer loop
      vertex 40.5486 -26.7847 0
      vertex 41.0245 -26.9039 3
      vertex 40.5486 -26.7847 3
    endloop
  endfacet
  facet normal -0.242967 -0.970034 -0
    outer loop
      vertex 41.0245 -26.9039 3
      vertex 40.5486 -26.7847 0
      vertex 41.0245 -26.9039 0
    endloop
  endfacet
  facet normal -0.146726 -0.989177 0
    outer loop
      vertex 41.0245 -26.9039 0
      vertex 41.5099 -26.9759 3
      vertex 41.0245 -26.9039 3
    endloop
  endfacet
  facet normal -0.146726 -0.989177 -0
    outer loop
      vertex 41.5099 -26.9759 3
      vertex 41.0245 -26.9039 0
      vertex 41.5099 -26.9759 0
    endloop
  endfacet
  facet normal 0.427543 0.903995 -0
    outer loop
      vertex 44.357 26.4096 0
      vertex 43.9134 26.6194 3
      vertex 44.357 26.4096 3
    endloop
  endfacet
  facet normal 0.427543 0.903995 0
    outer loop
      vertex 43.9134 26.6194 3
      vertex 44.357 26.4096 0
      vertex 43.9134 26.6194 0
    endloop
  endfacet
  facet normal -0.0491143 -0.998793 0
    outer loop
      vertex 41.5099 -26.9759 0
      vertex 42 -27 3
      vertex 41.5099 -26.9759 3
    endloop
  endfacet
  facet normal -0.0491143 -0.998793 -0
    outer loop
      vertex 42 -27 3
      vertex 41.5099 -26.9759 0
      vertex 42 -27 0
    endloop
  endfacet
  facet normal -0.336879 0.941548 0
    outer loop
      vertex 40.5486 26.7847 0
      vertex 40.0866 26.6194 3
      vertex 40.5486 26.7847 3
    endloop
  endfacet
  facet normal -0.336879 0.941548 0
    outer loop
      vertex 40.0866 26.6194 3
      vertex 40.5486 26.7847 0
      vertex 40.0866 26.6194 0
    endloop
  endfacet
  facet normal -0.45828 -0.888808 0
    outer loop
      vertex 34 -23.5 0
      vertex 39.643 -26.4096 3
      vertex 34 -23.5 3
    endloop
  endfacet
  facet normal -0.45828 -0.888808 -0
    outer loop
      vertex 39.643 -26.4096 3
      vertex 34 -23.5 0
      vertex 39.643 -26.4096 0
    endloop
  endfacet
  facet normal 0 0 -1
    outer loop
      vertex 35.6 6.1 0
      vertex 22.0923 -1.65683 0
      vertex 22.1 -1.5 0
    endloop
  endfacet
  facet normal 0 0 -1
    outer loop
      vertex 35.6 -17.1 0
      vertex 22.0693 -1.81214 0
      vertex 22.0923 -1.65683 0
    endloop
  endfacet
  facet normal 0 0 -1
    outer loop
      vertex 35.6 -17.1 0
      vertex 22.0311 -1.96445 0
      vertex 22.0693 -1.81214 0
    endloop
  endfacet
  facet normal 0 0 -1
    outer loop
      vertex 35.6 -17.1 0
      vertex 21.9782 -2.11229 0
      vertex 22.0311 -1.96445 0
    endloop
  endfacet
  facet normal 0 0 -1
    outer loop
      vertex 35.6 -17.1 0
      vertex 21.9111 -2.25423 0
      vertex 21.9782 -2.11229 0
    endloop
  endfacet
  facet normal 0 0 -1
    outer loop
      vertex 35.6 -17.1 0
      vertex 21.8304 -2.38891 0
      vertex 21.9111 -2.25423 0
    endloop
  endfacet
  facet normal 0 0 -1
    outer loop
      vertex 35.6 -17.1 0
      vertex 21.7368 -2.51503 0
      vertex 21.8304 -2.38891 0
    endloop
  endfacet
  facet normal 0 0 -1
    outer loop
      vertex 35.6 -17.1 0
      vertex 21.6314 -2.63137 0
      vertex 21.7368 -2.51503 0
    endloop
  endfacet
  facet normal 0 0 -1
    outer loop
      vertex 35.6 -17.1 0
      vertex 21.515 -2.73682 0
      vertex 21.6314 -2.63137 0
    endloop
  endfacet
  facet normal 0 0 -1
    outer loop
      vertex 35.6 -17.1 0
      vertex 21.3889 -2.83035 0
      vertex 21.515 -2.73682 0
    endloop
  endfacet
  facet normal 0 0 -1
    outer loop
      vertex 35.6 -17.1 0
      vertex 21.2542 -2.91107 0
      vertex 21.3889 -2.83035 0
    endloop
  endfacet
  facet normal 0 0 -1
    outer loop
      vertex 35.6 -17.1 0
      vertex 21.1123 -2.97821 0
      vertex 21.2542 -2.91107 0
    endloop
  endfacet
  facet normal 0 0 -1
    outer loop
      vertex 35.6 -17.1 0
      vertex 20.9645 -3.0311 0
      vertex 21.1123 -2.97821 0
    endloop
  endfacet
  facet normal 0 0 -1
    outer loop
      vertex 35.6 -17.1 0
      vertex 20.8121 -3.06926 0
      vertex 20.9645 -3.0311 0
    endloop
  endfacet
  facet normal 0 0 -1
    outer loop
      vertex 35.6 -17.1 0
      vertex 20.6568 -3.09229 0
      vertex 20.8121 -3.06926 0
    endloop
  endfacet
  facet normal 0 0 -1
    outer loop
      vertex 35.6 -17.1 0
      vertex 12 -7.5 0
      vertex 20.6568 -3.09229 0
    endloop
  endfacet
  facet normal 0 0 -1
    outer loop
      vertex 20.6568 -3.09229 0
      vertex 12 -7.5 0
      vertex 20.5 -3.1 0
    endloop
  endfacet
  facet normal -0 0 -1
    outer loop
      vertex 20.5 -3.1 0
      vertex 12 -7.5 0
      vertex 20.3432 -3.09229 0
    endloop
  endfacet
  facet normal -0 0 -1
    outer loop
      vertex 20.3432 -3.09229 0
      vertex 12 -7.5 0
      vertex 20.1879 -3.06926 0
    endloop
  endfacet
  facet normal -0 0 -1
    outer loop
      vertex 20.1879 -3.06926 0
      vertex 12 -7.5 0
      vertex 20.0355 -3.0311 0
    endloop
  endfacet
  facet normal 0 -0 -1
    outer loop
      vertex 15.9645 -3.0311 0
      vertex 20.0355 -3.0311 0
      vertex 12 -7.5 0
    endloop
  endfacet
  facet normal 0 0 -1
    outer loop
      vertex 20.0355 -3.0311 0
      vertex 15.9645 -3.0311 0
      vertex 19.8877 -2.97821 0
    endloop
  endfacet
  facet normal 0 -0 -1
    outer loop
      vertex 16.1123 -2.97821 0
      vertex 19.8877 -2.97821 0
      vertex 15.9645 -3.0311 0
    endloop
  endfacet
  facet normal 0 -0 -1
    outer loop
      vertex 16.2542 -2.91107 0
      vertex 19.7458 -2.91107 0
      vertex 16.1123 -2.97821 0
    endloop
  endfacet
  facet normal 0 0 -1
    outer loop
      vertex 19.7458 -2.91107 0
      vertex 16.2542 -2.91107 0
      vertex 19.6111 -2.83035 0
    endloop
  endfacet
  facet normal 0 -0 -1
    outer loop
      vertex 16.3889 -2.83035 0
      vertex 19.6111 -2.83035 0
      vertex 16.2542 -2.91107 0
    endloop
  endfacet
  facet normal 0 0 -1
    outer loop
      vertex 18.9077 -1.65683 0
      vertex 17.1 -1.5 0
      vertex 18.9 -1.5 0
    endloop
  endfacet
  facet normal 0 0 -1
    outer loop
      vertex 17.0923 -1.65683 0
      vertex 18.9077 -1.65683 0
      vertex 18.9307 -1.81214 0
    endloop
  endfacet
  facet normal 0 0 -1
    outer loop
      vertex 17.0693 -1.81214 0
      vertex 18.9307 -1.81214 0
      vertex 18.9689 -1.96445 0
    endloop
  endfacet
  facet normal 0 0 -1
    outer loop
      vertex 17.0311 -1.96445 0
      vertex 18.9689 -1.96445 0
      vertex 19.0218 -2.11229 0
    endloop
  endfacet
  facet normal 0 0 -1
    outer loop
      vertex 16.9782 -2.11229 0
      vertex 19.0218 -2.11229 0
      vertex 19.0889 -2.25423 0
    endloop
  endfacet
  facet normal 0 0 -1
    outer loop
      vertex 16.9111 -2.25423 0
      vertex 19.0889 -2.25423 0
      vertex 19.1696 -2.38891 0
    endloop
  endfacet
  facet normal 0 0 -1
    outer loop
      vertex 19.6111 -2.83035 0
      vertex 16.3889 -2.83035 0
      vertex 19.485 -2.73682 0
    endloop
  endfacet
  facet normal 0 0 -1
    outer loop
      vertex 18.9077 -1.65683 0
      vertex 17.0923 -1.65683 0
      vertex 17.1 -1.5 0
    endloop
  endfacet
  facet normal 0 0 -1
    outer loop
      vertex 18.9307 -1.81214 0
      vertex 17.0693 -1.81214 0
      vertex 17.0923 -1.65683 0
    endloop
  endfacet
  facet normal 0 0 -1
    outer loop
      vertex 18.9689 -1.96445 0
      vertex 17.0311 -1.96445 0
      vertex 17.0693 -1.81214 0
    endloop
  endfacet
  facet normal 0 0 -1
    outer loop
      vertex 19.0218 -2.11229 0
      vertex 16.9782 -2.11229 0
      vertex 17.0311 -1.96445 0
    endloop
  endfacet
  facet normal 0 0 -1
    outer loop
      vertex 19.0889 -2.25423 0
      vertex 16.9111 -2.25423 0
      vertex 16.9782 -2.11229 0
    endloop
  endfacet
  facet normal 0 0 -1
    outer loop
      vertex 19.1696 -2.38891 0
      vertex 16.8304 -2.38891 0
      vertex 16.9111 -2.25423 0
    endloop
  endfacet
  facet normal -0 0 -1
    outer loop
      vertex 19.1696 -2.38891 0
      vertex 16.7368 -2.51503 0
      vertex 16.8304 -2.38891 0
    endloop
  endfacet
  facet normal 0 0 -1
    outer loop
      vertex 19.2632 -2.51503 0
      vertex 16.7368 -2.51503 0
      vertex 19.1696 -2.38891 0
    endloop
  endfacet
  facet normal 0 -0 -1
    outer loop
      vertex 16.7368 -2.51503 0
      vertex 19.2632 -2.51503 0
      vertex 16.6314 -2.63137 0
    endloop
  endfacet
  facet normal 0 0 -1
    outer loop
      vertex 19.3686 -2.63137 0
      vertex 16.6314 -2.63137 0
      vertex 19.2632 -2.51503 0
    endloop
  endfacet
  facet normal 0 -0 -1
    outer loop
      vertex 16.515 -2.73682 0
      vertex 19.485 -2.73682 0
      vertex 16.3889 -2.83035 0
    endloop
  endfacet
  facet normal 0 -0 -1
    outer loop
      vertex 16.6314 -2.63137 0
      vertex 19.3686 -2.63137 0
      vertex 16.515 -2.73682 0
    endloop
  endfacet
  facet normal 0 0 -1
    outer loop
      vertex 19.485 -2.73682 0
      vertex 16.515 -2.73682 0
      vertex 19.3686 -2.63137 0
    endloop
  endfacet
  facet normal 0 0 -1
    outer loop
      vertex 19.8877 -2.97821 0
      vertex 16.1123 -2.97821 0
      vertex 19.7458 -2.91107 0
    endloop
  endfacet
  facet normal 0 0 -1
    outer loop
      vertex 15.9645 -3.0311 0
      vertex 12 -7.5 0
      vertex 15.8121 -3.06926 0
    endloop
  endfacet
  facet normal 0 0 -1
    outer loop
      vertex 15.8121 -3.06926 0
      vertex 12 -7.5 0
      vertex 15.6568 -3.09229 0
    endloop
  endfacet
  facet normal 0 0 -1
    outer loop
      vertex 15.6568 -3.09229 0
      vertex 12 -7.5 0
      vertex 15.5 -3.1 0
    endloop
  endfacet
  facet normal -0 0 -1
    outer loop
      vertex 15.5 -3.1 0
      vertex 12 -7.5 0
      vertex 15.3432 -3.09229 0
    endloop
  endfacet
  facet normal -0 0 -1
    outer loop
      vertex 15.3432 -3.09229 0
      vertex 12 -7.5 0
      vertex 15.1879 -3.06926 0
    endloop
  endfacet
  facet normal -0 0 -1
    outer loop
      vertex 15.1879 -3.06926 0
      vertex 12 -7.5 0
      vertex 15.0355 -3.0311 0
    endloop
  endfacet
  facet normal -0 0 -1
    outer loop
      vertex 15.0355 -3.0311 0
      vertex 12 -7.5 0
      vertex 14.8877 -2.97821 0
    endloop
  endfacet
  facet normal -0 0 -1
    outer loop
      vertex 14.8877 -2.97821 0
      vertex 12 -7.5 0
      vertex 14.7458 -2.91107 0
    endloop
  endfacet
  facet normal -0 0 -1
    outer loop
      vertex 14.7458 -2.91107 0
      vertex 12 -7.5 0
      vertex 14.6111 -2.83035 0
    endloop
  endfacet
  facet normal -0 0 -1
    outer loop
      vertex 14.6111 -2.83035 0
      vertex 12 -7.5 0
      vertex 14.485 -2.73682 0
    endloop
  endfacet
  facet normal -0 0 -1
    outer loop
      vertex 13.9077 -1.65683 0
      vertex 12 -7.5 0
      vertex 13.9 -1.5 0
    endloop
  endfacet
  facet normal -0 0 -1
    outer loop
      vertex 13.9307 -1.81214 0
      vertex 12 -7.5 0
      vertex 13.9077 -1.65683 0
    endloop
  endfacet
  facet normal -0 0 -1
    outer loop
      vertex 13.9689 -1.96445 0
      vertex 12 -7.5 0
      vertex 13.9307 -1.81214 0
    endloop
  endfacet
  facet normal -0 0 -1
    outer loop
      vertex 14.0218 -2.11229 0
      vertex 12 -7.5 0
      vertex 13.9689 -1.96445 0
    endloop
  endfacet
  facet normal -0 0 -1
    outer loop
      vertex 14.0889 -2.25423 0
      vertex 12 -7.5 0
      vertex 14.0218 -2.11229 0
    endloop
  endfacet
  facet normal -0 0 -1
    outer loop
      vertex 14.1696 -2.38891 0
      vertex 12 -7.5 0
      vertex 14.0889 -2.25423 0
    endloop
  endfacet
  facet normal -0 0 -1
    outer loop
      vertex 14.2632 -2.51503 0
      vertex 12 -7.5 0
      vertex 14.1696 -2.38891 0
    endloop
  endfacet
  facet normal -0 0 -1
    outer loop
      vertex 14.3686 -2.63137 0
      vertex 12 -7.5 0
      vertex 14.2632 -2.51503 0
    endloop
  endfacet
  facet normal -0 0 -1
    outer loop
      vertex 14.485 -2.73682 0
      vertex 12 -7.5 0
      vertex 14.3686 -2.63137 0
    endloop
  endfacet
  facet normal 0 0 -1
    outer loop
      vertex 48.4 -17.1 0
      vertex 42.7391 -19.7061 0
      vertex 42.8 -19.4 0
    endloop
  endfacet
  facet normal 0 0 -1
    outer loop
      vertex 43.4514 -26.7847 0
      vertex 42.5657 -19.9657 0
      vertex 42.7391 -19.7061 0
    endloop
  endfacet
  facet normal 0 0 -1
    outer loop
      vertex 42 -20.2 0
      vertex 42.9754 -26.9039 0
      vertex 42.4901 -26.9759 0
    endloop
  endfacet
  facet normal 0 0 -1
    outer loop
      vertex 43.4514 -26.7847 0
      vertex 42.3061 -20.1391 0
      vertex 42.5657 -19.9657 0
    endloop
  endfacet
  facet normal 0 0 -1
    outer loop
      vertex 42 -20.2 0
      vertex 42.4901 -26.9759 0
      vertex 42 -27 0
    endloop
  endfacet
  facet normal 0 0 -1
    outer loop
      vertex 43.4514 -26.7847 0
      vertex 42 -20.2 0
      vertex 42.3061 -20.1391 0
    endloop
  endfacet
  facet normal 0 0 -1
    outer loop
      vertex 41.5099 -26.9759 0
      vertex 42 -20.2 0
      vertex 42 -27 0
    endloop
  endfacet
  facet normal 0 0 -1
    outer loop
      vertex 41.0245 -26.9039 0
      vertex 42 -20.2 0
      vertex 41.5099 -26.9759 0
    endloop
  endfacet
  facet normal 0 0 -1
    outer loop
      vertex 40.5486 -26.7847 0
      vertex 42 -20.2 0
      vertex 41.0245 -26.9039 0
    endloop
  endfacet
  facet normal 0 0 -1
    outer loop
      vertex 40.0866 -26.6194 0
      vertex 42 -20.2 0
      vertex 40.5486 -26.7847 0
    endloop
  endfacet
  facet normal 0 0 -1
    outer loop
      vertex 39.643 -26.4096 0
      vertex 42 -20.2 0
      vertex 40.0866 -26.6194 0
    endloop
  endfacet
  facet normal -0 0 -1
    outer loop
      vertex 42 -20.2 0
      vertex 39.643 -26.4096 0
      vertex 41.6939 -20.1391 0
    endloop
  endfacet
  facet normal 0 0 -1
    outer loop
      vertex 42.7391 -19.7061 0
      vertex 50 -23.5 0
      vertex 44.357 -26.4096 0
    endloop
  endfacet
  facet normal 0 0 -1
    outer loop
      vertex 42.7391 -19.7061 0
      vertex 44.357 -26.4096 0
      vertex 43.9134 -26.6194 0
    endloop
  endfacet
  facet normal 0 0 -1
    outer loop
      vertex 42.7391 -19.7061 0
      vertex 43.9134 -26.6194 0
      vertex 43.4514 -26.7847 0
    endloop
  endfacet
  facet normal 0 0 -1
    outer loop
      vertex 42 -20.2 0
      vertex 43.4514 -26.7847 0
      vertex 42.9754 -26.9039 0
    endloop
  endfacet
  facet normal 0 0 -1
    outer loop
      vertex 42.7391 -19.7061 0
      vertex 48.4 -17.1 0
      vertex 50 -23.5 0
    endloop
  endfacet
  facet normal 0 0 -1
    outer loop
      vertex 42.7391 -19.0939 0
      vertex 48.4 -17.1 0
      vertex 42.8 -19.4 0
    endloop
  endfacet
  facet normal 0 0 -1
    outer loop
      vertex 42.5657 -18.8343 0
      vertex 48.4 -17.1 0
      vertex 42.7391 -19.0939 0
    endloop
  endfacet
  facet normal 0 0 -1
    outer loop
      vertex 42.3061 -18.6609 0
      vertex 48.4 -17.1 0
      vertex 42.5657 -18.8343 0
    endloop
  endfacet
  facet normal 0 0 -1
    outer loop
      vertex 42 -18.6 0
      vertex 48.4 -17.1 0
      vertex 42.3061 -18.6609 0
    endloop
  endfacet
  facet normal 0 0 -1
    outer loop
      vertex 35.6 -17.1 0
      vertex 42 -18.6 0
      vertex 41.6939 -18.6609 0
    endloop
  endfacet
  facet normal -0 0 -1
    outer loop
      vertex 41.6939 -20.1391 0
      vertex 39.643 -26.4096 0
      vertex 41.4343 -19.9657 0
    endloop
  endfacet
  facet normal 0 0 -1
    outer loop
      vertex 34 -23.5 0
      vertex 41.4343 -19.9657 0
      vertex 39.643 -26.4096 0
    endloop
  endfacet
  facet normal -0 0 -1
    outer loop
      vertex 41.4343 -19.9657 0
      vertex 34 -23.5 0
      vertex 41.2609 -19.7061 0
    endloop
  endfacet
  facet normal 0 -0 -1
    outer loop
      vertex 35.6 -17.1 0
      vertex 41.2609 -19.7061 0
      vertex 34 -23.5 0
    endloop
  endfacet
  facet normal 0 0 -1
    outer loop
      vertex 42 -18.6 0
      vertex 35.6 -17.1 0
      vertex 48.4 -17.1 0
    endloop
  endfacet
  facet normal 0 0 -1
    outer loop
      vertex 41.4343 -18.8343 0
      vertex 35.6 -17.1 0
      vertex 41.6939 -18.6609 0
    endloop
  endfacet
  facet normal 0 0 -1
    outer loop
      vertex 41.2609 -19.0939 0
      vertex 35.6 -17.1 0
      vertex 41.4343 -18.8343 0
    endloop
  endfacet
  facet normal 0 0 -1
    outer loop
      vertex 41.2609 -19.7061 0
      vertex 35.6 -17.1 0
      vertex 41.2 -19.4 0
    endloop
  endfacet
  facet normal 0 0 -1
    outer loop
      vertex 12 -7.5 0
      vertex 35.6 -17.1 0
      vertex 34 -23.5 0
    endloop
  endfacet
  facet normal 0 0 -1
    outer loop
      vertex 41.2 -19.4 0
      vertex 35.6 -17.1 0
      vertex 41.2609 -19.0939 0
    endloop
  endfacet
  facet normal -0 0 -1
    outer loop
      vertex 53.8038 13.8629 0
      vertex 42.3061 9.1391 0
      vertex 53.8451 13.9784 0
    endloop
  endfacet
  facet normal -0 0 -1
    outer loop
      vertex 53.8451 13.9784 0
      vertex 42.3061 9.1391 0
      vertex 44.7778 26.1573 0
    endloop
  endfacet
  facet normal 0 0 -1
    outer loop
      vertex 42 9.2 0
      vertex 44.7778 26.1573 0
      vertex 42.3061 9.1391 0
    endloop
  endfacet
  facet normal 0 0 -1
    outer loop
      vertex 38.828 25.8651 0
      vertex 44.7778 26.1573 0
      vertex 42 9.2 0
    endloop
  endfacet
  facet normal -0 0 -1
    outer loop
      vertex 44.7778 26.1573 0
      vertex 38.828 25.8651 0
      vertex 42.9754 26.9039 0
    endloop
  endfacet
  facet normal -0 0 -1
    outer loop
      vertex 42.9754 26.9039 0
      vertex 38.828 25.8651 0
      vertex 42.4901 26.9759 0
    endloop
  endfacet
  facet normal 0 0 -1
    outer loop
      vertex 38.828 25.8651 0
      vertex 42 9.2 0
      vertex 41.6939 9.1391 0
    endloop
  endfacet
  facet normal -0 0 -1
    outer loop
      vertex 42.4901 26.9759 0
      vertex 38.828 25.8651 0
      vertex 42 27 0
    endloop
  endfacet
  facet normal 0 0 -1
    outer loop
      vertex 38.828 25.8651 0
      vertex 41.6939 9.1391 0
      vertex 41.4343 8.96568 0
    endloop
  endfacet
  facet normal 0 0 -1
    outer loop
      vertex 35.6 6.1 0
      vertex 41.4343 8.96568 0
      vertex 41.2609 8.70615 0
    endloop
  endfacet
  facet normal 0 0 -1
    outer loop
      vertex 35.6 6.1 0
      vertex 41.2609 8.70615 0
      vertex 41.2 8.4 0
    endloop
  endfacet
  facet normal 0 0 -1
    outer loop
      vertex 42 27 0
      vertex 38.828 25.8651 0
      vertex 41.5099 26.9759 0
    endloop
  endfacet
  facet normal 0 0 -1
    outer loop
      vertex 56.1962 -13.1371 0
      vertex 60 -16.5 0
      vertex 56.226 -13.2561 0
    endloop
  endfacet
  facet normal 0 0 -1
    outer loop
      vertex 60 16.5 0
      vertex 56.244 13.3775 0
      vertex 56.25 13.5 0
    endloop
  endfacet
  facet normal 0 0 -1
    outer loop
      vertex 56.1549 -13.0216 0
      vertex 60 -16.5 0
      vertex 56.1962 -13.1371 0
    endloop
  endfacet
  facet normal 0 0 -1
    outer loop
      vertex 60 16.5 0
      vertex 56.226 13.2561 0
      vertex 56.244 13.3775 0
    endloop
  endfacet
  facet normal 0 0 -1
    outer loop
      vertex 56.1024 -12.9108 0
      vertex 60 -16.5 0
      vertex 56.1549 -13.0216 0
    endloop
  endfacet
  facet normal 0 0 -1
    outer loop
      vertex 60 16.5 0
      vertex 56.1962 13.1371 0
      vertex 56.226 13.2561 0
    endloop
  endfacet
  facet normal 0 0 -1
    outer loop
      vertex 56.0393 -12.8055 0
      vertex 60 -16.5 0
      vertex 56.1024 -12.9108 0
    endloop
  endfacet
  facet normal 0 0 -1
    outer loop
      vertex 60 16.5 0
      vertex 56.1549 13.0216 0
      vertex 56.1962 13.1371 0
    endloop
  endfacet
  facet normal 0 0 -1
    outer loop
      vertex 55.9663 -12.707 0
      vertex 60 -16.5 0
      vertex 56.0393 -12.8055 0
    endloop
  endfacet
  facet normal 0 0 -1
    outer loop
      vertex 60 16.5 0
      vertex 56.1024 12.9108 0
      vertex 56.1549 13.0216 0
    endloop
  endfacet
  facet normal 0 0 -1
    outer loop
      vertex 60 -16.5 0
      vertex 55.9663 -12.707 0
      vertex 60 16.5 0
    endloop
  endfacet
  facet normal 0 0 -1
    outer loop
      vertex 60 16.5 0
      vertex 56.0393 12.8055 0
      vertex 56.1024 12.9108 0
    endloop
  endfacet
  facet normal 0 0 -1
    outer loop
      vertex 55.9663 12.707 0
      vertex 60 16.5 0
      vertex 55.9663 -12.707 0
    endloop
  endfacet
  facet normal 0 0 -1
    outer loop
      vertex 60 16.5 0
      vertex 55.9663 12.707 0
      vertex 56.0393 12.8055 0
    endloop
  endfacet
  facet normal 0 0 -1
    outer loop
      vertex 55.8839 -12.6161 0
      vertex 55.9663 12.707 0
      vertex 55.9663 -12.707 0
    endloop
  endfacet
  facet normal 0 0 -1
    outer loop
      vertex 55.8839 -12.6161 0
      vertex 55.8839 12.6161 0
      vertex 55.9663 12.707 0
    endloop
  endfacet
  facet normal 0 0 -1
    outer loop
      vertex 55.793 -12.5337 0
      vertex 55.8839 12.6161 0
      vertex 55.8839 -12.6161 0
    endloop
  endfacet
  facet normal 0 0 -1
    outer loop
      vertex 55.793 -12.5337 0
      vertex 55.793 12.5337 0
      vertex 55.8839 12.6161 0
    endloop
  endfacet
  facet normal 0 0 -1
    outer loop
      vertex 55.6945 -12.4607 0
      vertex 55.793 12.5337 0
      vertex 55.793 -12.5337 0
    endloop
  endfacet
  facet normal 0 0 -1
    outer loop
      vertex 55.6945 -12.4607 0
      vertex 55.6945 12.4607 0
      vertex 55.793 12.5337 0
    endloop
  endfacet
  facet normal 0 0 -1
    outer loop
      vertex 55.5892 -12.3976 0
      vertex 55.6945 12.4607 0
      vertex 55.6945 -12.4607 0
    endloop
  endfacet
  facet normal 0 0 -1
    outer loop
      vertex 55.5892 -12.3976 0
      vertex 55.5892 12.3976 0
      vertex 55.6945 12.4607 0
    endloop
  endfacet
  facet normal 0 0 -1
    outer loop
      vertex 55.4784 -12.3451 0
      vertex 55.5892 12.3976 0
      vertex 55.5892 -12.3976 0
    endloop
  endfacet
  facet normal 0 0 -1
    outer loop
      vertex 55.4784 -12.3451 0
      vertex 55.4784 12.3451 0
      vertex 55.5892 12.3976 0
    endloop
  endfacet
  facet normal 0 0 -1
    outer loop
      vertex 48.4 6.1 0
      vertex 55.4784 -12.3451 0
      vertex 55.3629 -12.3038 0
    endloop
  endfacet
  facet normal 0 0 -1
    outer loop
      vertex 55.4784 -12.3451 0
      vertex 48.4 6.1 0
      vertex 55.4784 12.3451 0
    endloop
  endfacet
  facet normal 0 0 -1
    outer loop
      vertex 48.4 6.1 0
      vertex 55.3629 -12.3038 0
      vertex 55.2439 -12.274 0
    endloop
  endfacet
  facet normal 0 0 -1
    outer loop
      vertex 55.4784 12.3451 0
      vertex 48.4 6.1 0
      vertex 55.3629 12.3038 0
    endloop
  endfacet
  facet normal 0 0 -1
    outer loop
      vertex 48.4 6.1 0
      vertex 55.2439 -12.274 0
      vertex 55.1225 -12.256 0
    endloop
  endfacet
  facet normal 0 0 -1
    outer loop
      vertex 55.3629 12.3038 0
      vertex 48.4 6.1 0
      vertex 55.2439 12.274 0
    endloop
  endfacet
  facet normal 0 0 -1
    outer loop
      vertex 48.4 6.1 0
      vertex 55.1225 -12.256 0
      vertex 55 -12.25 0
    endloop
  endfacet
  facet normal 0 0 -1
    outer loop
      vertex 55.2439 12.274 0
      vertex 48.4 6.1 0
      vertex 55.1225 12.256 0
    endloop
  endfacet
  facet normal 0 0 -1
    outer loop
      vertex 48.4 6.1 0
      vertex 55 -12.25 0
      vertex 54.8775 -12.256 0
    endloop
  endfacet
  facet normal 0 0 -1
    outer loop
      vertex 55.1225 12.256 0
      vertex 48.4 6.1 0
      vertex 55 12.25 0
    endloop
  endfacet
  facet normal 0 0 -1
    outer loop
      vertex 48.4 6.1 0
      vertex 54.8775 -12.256 0
      vertex 54.7561 -12.274 0
    endloop
  endfacet
  facet normal -0 0 -1
    outer loop
      vertex 55 12.25 0
      vertex 48.4 6.1 0
      vertex 54.8775 12.256 0
    endloop
  endfacet
  facet normal 0 0 -1
    outer loop
      vertex 48.4 6.1 0
      vertex 54.7561 -12.274 0
      vertex 54.6371 -12.3038 0
    endloop
  endfacet
  facet normal -0 0 -1
    outer loop
      vertex 54.8775 12.256 0
      vertex 48.4 6.1 0
      vertex 54.7561 12.274 0
    endloop
  endfacet
  facet normal 0 0 -1
    outer loop
      vertex 48.4 6.1 0
      vertex 54.6371 -12.3038 0
      vertex 54.5216 -12.3451 0
    endloop
  endfacet
  facet normal -0 0 -1
    outer loop
      vertex 54.7561 12.274 0
      vertex 48.4 6.1 0
      vertex 54.6371 12.3038 0
    endloop
  endfacet
  facet normal 0 0 -1
    outer loop
      vertex 48.4 6.1 0
      vertex 54.5216 -12.3451 0
      vertex 54.4108 -12.3976 0
    endloop
  endfacet
  facet normal -0 0 -1
    outer loop
      vertex 54.6371 12.3038 0
      vertex 48.4 6.1 0
      vertex 54.5216 12.3451 0
    endloop
  endfacet
  facet normal 0 0 -1
    outer loop
      vertex 48.4 6.1 0
      vertex 54.4108 -12.3976 0
      vertex 54.3055 -12.4607 0
    endloop
  endfacet
  facet normal -0 0 -1
    outer loop
      vertex 54.5216 12.3451 0
      vertex 48.4 6.1 0
      vertex 54.4108 12.3976 0
    endloop
  endfacet
  facet normal 0 0 -1
    outer loop
      vertex 48.4 6.1 0
      vertex 54.3055 -12.4607 0
      vertex 54.207 -12.5337 0
    endloop
  endfacet
  facet normal -0 0 -1
    outer loop
      vertex 54.4108 12.3976 0
      vertex 48.4 6.1 0
      vertex 54.3055 12.4607 0
    endloop
  endfacet
  facet normal 0 0 -1
    outer loop
      vertex 48.4 6.1 0
      vertex 54.207 -12.5337 0
      vertex 54.1161 -12.6161 0
    endloop
  endfacet
  facet normal -0 0 -1
    outer loop
      vertex 54.3055 12.4607 0
      vertex 48.4 6.1 0
      vertex 54.207 12.5337 0
    endloop
  endfacet
  facet normal 0 0 -1
    outer loop
      vertex 48.4 6.1 0
      vertex 54.1161 -12.6161 0
      vertex 54.0337 -12.707 0
    endloop
  endfacet
  facet normal -0 0 -1
    outer loop
      vertex 54.207 12.5337 0
      vertex 48.4 6.1 0
      vertex 54.1161 12.6161 0
    endloop
  endfacet
  facet normal 0 0 -1
    outer loop
      vertex 48.4 6.1 0
      vertex 54.0337 -12.707 0
      vertex 53.9607 -12.8055 0
    endloop
  endfacet
  facet normal -0 0 -1
    outer loop
      vertex 54.1161 12.6161 0
      vertex 48.4 6.1 0
      vertex 54.0337 12.707 0
    endloop
  endfacet
  facet normal 0 0 -1
    outer loop
      vertex 48.4 -17.1 0
      vertex 53.9607 -12.8055 0
      vertex 53.8976 -12.9108 0
    endloop
  endfacet
  facet normal -0 0 -1
    outer loop
      vertex 54.0337 12.707 0
      vertex 48.4 6.1 0
      vertex 53.9607 12.8055 0
    endloop
  endfacet
  facet normal 0 0 -1
    outer loop
      vertex 48.4 -17.1 0
      vertex 53.8976 -12.9108 0
      vertex 53.8451 -13.0216 0
    endloop
  endfacet
  facet normal -0 0 -1
    outer loop
      vertex 53.9607 12.8055 0
      vertex 48.4 6.1 0
      vertex 53.8976 12.9108 0
    endloop
  endfacet
  facet normal 0 0 -1
    outer loop
      vertex 48.4 -17.1 0
      vertex 53.8451 -13.0216 0
      vertex 53.8038 -13.1371 0
    endloop
  endfacet
  facet normal -0 0 -1
    outer loop
      vertex 53.8976 12.9108 0
      vertex 48.4 6.1 0
      vertex 53.8451 13.0216 0
    endloop
  endfacet
  facet normal 0 0 -1
    outer loop
      vertex 48.4 -17.1 0
      vertex 53.8038 -13.1371 0
      vertex 53.774 -13.2561 0
    endloop
  endfacet
  facet normal -0 0 -1
    outer loop
      vertex 53.8451 13.0216 0
      vertex 48.4 6.1 0
      vertex 53.8038 13.1371 0
    endloop
  endfacet
  facet normal 0 0 -1
    outer loop
      vertex 48.4 -17.1 0
      vertex 53.774 -13.2561 0
      vertex 53.756 -13.3775 0
    endloop
  endfacet
  facet normal -0 0 -1
    outer loop
      vertex 53.8038 13.1371 0
      vertex 48.4 6.1 0
      vertex 53.774 13.2561 0
    endloop
  endfacet
  facet normal 0 0 -1
    outer loop
      vertex 48.4 -17.1 0
      vertex 53.756 -13.3775 0
      vertex 53.75 -13.5 0
    endloop
  endfacet
  facet normal 0 0 -1
    outer loop
      vertex 42.7391 8.70615 0
      vertex 48.4 6.1 0
      vertex 42.8 8.4 0
    endloop
  endfacet
  facet normal 0 0 -1
    outer loop
      vertex 56.244 -13.3775 0
      vertex 60 -16.5 0
      vertex 56.25 -13.5 0
    endloop
  endfacet
  facet normal 0 0 -1
    outer loop
      vertex 60 -16.5 0
      vertex 56.244 -13.6225 0
      vertex 56.25 -13.5 0
    endloop
  endfacet
  facet normal 0 0 -1
    outer loop
      vertex 60 -16.5 0
      vertex 56.226 -13.7439 0
      vertex 56.244 -13.6225 0
    endloop
  endfacet
  facet normal 0 0 -1
    outer loop
      vertex 60 -16.5 0
      vertex 56.1962 -13.8629 0
      vertex 56.226 -13.7439 0
    endloop
  endfacet
  facet normal 0 0 -1
    outer loop
      vertex 60 -16.5 0
      vertex 56.1549 -13.9784 0
      vertex 56.1962 -13.8629 0
    endloop
  endfacet
  facet normal 0 0 -1
    outer loop
      vertex 60 -16.5 0
      vertex 56.1024 -14.0892 0
      vertex 56.1549 -13.9784 0
    endloop
  endfacet
  facet normal 0 0 -1
    outer loop
      vertex 60 -16.5 0
      vertex 56.0393 -14.1945 0
      vertex 56.1024 -14.0892 0
    endloop
  endfacet
  facet normal 0 0 -1
    outer loop
      vertex 60 -16.5 0
      vertex 55.9663 -14.293 0
      vertex 56.0393 -14.1945 0
    endloop
  endfacet
  facet normal 0 0 -1
    outer loop
      vertex 60 -16.5 0
      vertex 55.8839 -14.3839 0
      vertex 55.9663 -14.293 0
    endloop
  endfacet
  facet normal 0 0 -1
    outer loop
      vertex 60 -16.5 0
      vertex 55.793 -14.4663 0
      vertex 55.8839 -14.3839 0
    endloop
  endfacet
  facet normal 0 0 -1
    outer loop
      vertex 60 -16.5 0
      vertex 55.6945 -14.5393 0
      vertex 55.793 -14.4663 0
    endloop
  endfacet
  facet normal 0 0 -1
    outer loop
      vertex 60 -16.5 0
      vertex 55.5892 -14.6024 0
      vertex 55.6945 -14.5393 0
    endloop
  endfacet
  facet normal 0 0 -1
    outer loop
      vertex 60 -16.5 0
      vertex 55.4784 -14.6548 0
      vertex 55.5892 -14.6024 0
    endloop
  endfacet
  facet normal 0 0 -1
    outer loop
      vertex 60 -16.5 0
      vertex 55.3629 -14.6962 0
      vertex 55.4784 -14.6548 0
    endloop
  endfacet
  facet normal 0 0 -1
    outer loop
      vertex 60 -16.5 0
      vertex 55.2439 -14.726 0
      vertex 55.3629 -14.6962 0
    endloop
  endfacet
  facet normal 0 0 -1
    outer loop
      vertex 60 -16.5 0
      vertex 55.1225 -14.744 0
      vertex 55.2439 -14.726 0
    endloop
  endfacet
  facet normal 0 0 -1
    outer loop
      vertex 50 -23.5 0
      vertex 55.1225 -14.744 0
      vertex 60 -16.5 0
    endloop
  endfacet
  facet normal 0 0 -1
    outer loop
      vertex 55.1225 -14.744 0
      vertex 50 -23.5 0
      vertex 55 -14.75 0
    endloop
  endfacet
  facet normal -0 0 -1
    outer loop
      vertex 55 -14.75 0
      vertex 50 -23.5 0
      vertex 54.8775 -14.744 0
    endloop
  endfacet
  facet normal -0 0 -1
    outer loop
      vertex 54.8775 -14.744 0
      vertex 50 -23.5 0
      vertex 54.7561 -14.726 0
    endloop
  endfacet
  facet normal -0 0 -1
    outer loop
      vertex 53.756 -13.6225 0
      vertex 48.4 -17.1 0
      vertex 53.75 -13.5 0
    endloop
  endfacet
  facet normal -0 0 -1
    outer loop
      vertex 53.774 -13.7439 0
      vertex 48.4 -17.1 0
      vertex 53.756 -13.6225 0
    endloop
  endfacet
  facet normal -0 0 -1
    outer loop
      vertex 53.8038 -13.8629 0
      vertex 48.4 -17.1 0
      vertex 53.774 -13.7439 0
    endloop
  endfacet
  facet normal -0 0 -1
    outer loop
      vertex 53.8451 -13.9784 0
      vertex 48.4 -17.1 0
      vertex 53.8038 -13.8629 0
    endloop
  endfacet
  facet normal -0 0 -1
    outer loop
      vertex 53.8976 -14.0892 0
      vertex 48.4 -17.1 0
      vertex 53.8451 -13.9784 0
    endloop
  endfacet
  facet normal -0 0 -1
    outer loop
      vertex 53.9607 -14.1945 0
      vertex 48.4 -17.1 0
      vertex 53.8976 -14.0892 0
    endloop
  endfacet
  facet normal -0 0 -1
    outer loop
      vertex 54.0337 -14.293 0
      vertex 48.4 -17.1 0
      vertex 53.9607 -14.1945 0
    endloop
  endfacet
  facet normal -0 0 -1
    outer loop
      vertex 54.1161 -14.3839 0
      vertex 48.4 -17.1 0
      vertex 54.0337 -14.293 0
    endloop
  endfacet
  facet normal -0 0 -1
    outer loop
      vertex 54.207 -14.4663 0
      vertex 48.4 -17.1 0
      vertex 54.1161 -14.3839 0
    endloop
  endfacet
  facet normal -0 0 -1
    outer loop
      vertex 54.3055 -14.5393 0
      vertex 48.4 -17.1 0
      vertex 54.207 -14.4663 0
    endloop
  endfacet
  facet normal -0 0 -1
    outer loop
      vertex 54.4108 -14.6024 0
      vertex 48.4 -17.1 0
      vertex 54.3055 -14.5393 0
    endloop
  endfacet
  facet normal -0 0 -1
    outer loop
      vertex 54.5216 -14.6548 0
      vertex 48.4 -17.1 0
      vertex 54.4108 -14.6024 0
    endloop
  endfacet
  facet normal 0 0 -1
    outer loop
      vertex 48.4 -17.1 0
      vertex 54.5216 -14.6548 0
      vertex 50 -23.5 0
    endloop
  endfacet
  facet normal -0 0 -1
    outer loop
      vertex 54.6371 -14.6962 0
      vertex 50 -23.5 0
      vertex 54.5216 -14.6548 0
    endloop
  endfacet
  facet normal -0 0 -1
    outer loop
      vertex 54.7561 -14.726 0
      vertex 50 -23.5 0
      vertex 54.6371 -14.6962 0
    endloop
  endfacet
  facet normal 0 0 -1
    outer loop
      vertex 56.226 -13.2561 0
      vertex 60 -16.5 0
      vertex 56.244 -13.3775 0
    endloop
  endfacet
  facet normal 0 0 -1
    outer loop
      vertex 56.244 13.6225 0
      vertex 60 16.5 0
      vertex 56.25 13.5 0
    endloop
  endfacet
  facet normal 0 0 -1
    outer loop
      vertex 56.226 13.7439 0
      vertex 60 16.5 0
      vertex 56.244 13.6225 0
    endloop
  endfacet
  facet normal 0 0 -1
    outer loop
      vertex 56.1962 13.8629 0
      vertex 60 16.5 0
      vertex 56.226 13.7439 0
    endloop
  endfacet
  facet normal 0 0 -1
    outer loop
      vertex 56.1549 13.9784 0
      vertex 60 16.5 0
      vertex 56.1962 13.8629 0
    endloop
  endfacet
  facet normal 0 0 -1
    outer loop
      vertex 56.1024 14.0892 0
      vertex 60 16.5 0
      vertex 56.1549 13.9784 0
    endloop
  endfacet
  facet normal 0 0 -1
    outer loop
      vertex 56.0393 14.1945 0
      vertex 60 16.5 0
      vertex 56.1024 14.0892 0
    endloop
  endfacet
  facet normal 0 0 -1
    outer loop
      vertex 55.9663 14.293 0
      vertex 60 16.5 0
      vertex 56.0393 14.1945 0
    endloop
  endfacet
  facet normal 0 0 -1
    outer loop
      vertex 55.8839 14.3839 0
      vertex 60 16.5 0
      vertex 55.9663 14.293 0
    endloop
  endfacet
  facet normal 0 0 -1
    outer loop
      vertex 55.793 14.4663 0
      vertex 60 16.5 0
      vertex 55.8839 14.3839 0
    endloop
  endfacet
  facet normal 0 0 -1
    outer loop
      vertex 55.6945 14.5393 0
      vertex 60 16.5 0
      vertex 55.793 14.4663 0
    endloop
  endfacet
  facet normal 0 0 -1
    outer loop
      vertex 55.5892 14.6024 0
      vertex 60 16.5 0
      vertex 55.6945 14.5393 0
    endloop
  endfacet
  facet normal 0 0 -1
    outer loop
      vertex 55.4784 14.6548 0
      vertex 60 16.5 0
      vertex 55.5892 14.6024 0
    endloop
  endfacet
  facet normal 0 0 -1
    outer loop
      vertex 55.3629 14.6962 0
      vertex 60 16.5 0
      vertex 55.4784 14.6548 0
    endloop
  endfacet
  facet normal 0 0 -1
    outer loop
      vertex 55.2439 14.726 0
      vertex 60 16.5 0
      vertex 55.3629 14.6962 0
    endloop
  endfacet
  facet normal 0 0 -1
    outer loop
      vertex 55.1225 14.744 0
      vertex 60 16.5 0
      vertex 55.2439 14.726 0
    endloop
  endfacet
  facet normal 0 0 -1
    outer loop
      vertex 55 14.75 0
      vertex 60 16.5 0
      vertex 55.1225 14.744 0
    endloop
  endfacet
  facet normal 0 0 -1
    outer loop
      vertex 54.8775 14.744 0
      vertex 60 16.5 0
      vertex 55 14.75 0
    endloop
  endfacet
  facet normal 0 0 -1
    outer loop
      vertex 44.7778 26.1573 0
      vertex 54.8775 14.744 0
      vertex 54.7561 14.726 0
    endloop
  endfacet
  facet normal 0 0 -1
    outer loop
      vertex 44.7778 26.1573 0
      vertex 54.7561 14.726 0
      vertex 54.6371 14.6962 0
    endloop
  endfacet
  facet normal -0 0 -1
    outer loop
      vertex 53.9607 -12.8055 0
      vertex 48.4 -17.1 0
      vertex 48.4 6.1 0
    endloop
  endfacet
  facet normal 0 0 -1
    outer loop
      vertex 48.4 6.1 0
      vertex 42.7391 8.70615 0
      vertex 53.774 13.2561 0
    endloop
  endfacet
  facet normal 0 0 -1
    outer loop
      vertex 42.5657 8.96568 0
      vertex 53.774 13.2561 0
      vertex 42.7391 8.70615 0
    endloop
  endfacet
  facet normal -0 0 -1
    outer loop
      vertex 53.774 13.2561 0
      vertex 42.5657 8.96568 0
      vertex 53.756 13.3775 0
    endloop
  endfacet
  facet normal -0 0 -1
    outer loop
      vertex 53.756 13.3775 0
      vertex 42.5657 8.96568 0
      vertex 53.75 13.5 0
    endloop
  endfacet
  facet normal -0 0 -1
    outer loop
      vertex 53.75 13.5 0
      vertex 42.5657 8.96568 0
      vertex 53.756 13.6225 0
    endloop
  endfacet
  facet normal -0 0 -1
    outer loop
      vertex 53.756 13.6225 0
      vertex 42.5657 8.96568 0
      vertex 53.774 13.7439 0
    endloop
  endfacet
  facet normal 0 0 -1
    outer loop
      vertex 42.3061 9.1391 0
      vertex 53.774 13.7439 0
      vertex 42.5657 8.96568 0
    endloop
  endfacet
  facet normal 0 0 -1
    outer loop
      vertex 54.8775 14.744 0
      vertex 44.7778 26.1573 0
      vertex 60 16.5 0
    endloop
  endfacet
  facet normal 0 0 -1
    outer loop
      vertex 54.5216 14.6548 0
      vertex 44.7778 26.1573 0
      vertex 54.6371 14.6962 0
    endloop
  endfacet
  facet normal 0 0 -1
    outer loop
      vertex 54.4108 14.6024 0
      vertex 44.7778 26.1573 0
      vertex 54.5216 14.6548 0
    endloop
  endfacet
  facet normal 0 0 -1
    outer loop
      vertex 54.3055 14.5393 0
      vertex 44.7778 26.1573 0
      vertex 54.4108 14.6024 0
    endloop
  endfacet
  facet normal 0 0 -1
    outer loop
      vertex 54.207 14.4663 0
      vertex 44.7778 26.1573 0
      vertex 54.3055 14.5393 0
    endloop
  endfacet
  facet normal 0 0 -1
    outer loop
      vertex 54.1161 14.3839 0
      vertex 44.7778 26.1573 0
      vertex 54.207 14.4663 0
    endloop
  endfacet
  facet normal 0 0 -1
    outer loop
      vertex 54.0337 14.293 0
      vertex 44.7778 26.1573 0
      vertex 54.1161 14.3839 0
    endloop
  endfacet
  facet normal 0 0 -1
    outer loop
      vertex 53.9607 14.1945 0
      vertex 44.7778 26.1573 0
      vertex 54.0337 14.293 0
    endloop
  endfacet
  facet normal 0 0 -1
    outer loop
      vertex 53.8451 13.9784 0
      vertex 44.7778 26.1573 0
      vertex 53.8976 14.0892 0
    endloop
  endfacet
  facet normal 0 0 -1
    outer loop
      vertex 53.8976 14.0892 0
      vertex 44.7778 26.1573 0
      vertex 53.9607 14.1945 0
    endloop
  endfacet
  facet normal -0 0 -1
    outer loop
      vertex 53.774 13.7439 0
      vertex 42.3061 9.1391 0
      vertex 53.8038 13.8629 0
    endloop
  endfacet
  facet normal 0 0 -1
    outer loop
      vertex 44.7778 26.1573 0
      vertex 42.9754 26.9039 0
      vertex 44.357 26.4096 0
    endloop
  endfacet
  facet normal 0 0 -1
    outer loop
      vertex 44.357 26.4096 0
      vertex 42.9754 26.9039 0
      vertex 43.9134 26.6194 0
    endloop
  endfacet
  facet normal 0 0 -1
    outer loop
      vertex 43.9134 26.6194 0
      vertex 42.9754 26.9039 0
      vertex 43.4514 26.7847 0
    endloop
  endfacet
  facet normal 0 0 -1
    outer loop
      vertex 48.4 6.1 0
      vertex 42.7391 8.09385 0
      vertex 42.8 8.4 0
    endloop
  endfacet
  facet normal 0 0 -1
    outer loop
      vertex 48.4 6.1 0
      vertex 42.5657 7.83431 0
      vertex 42.7391 8.09385 0
    endloop
  endfacet
  facet normal 0 0 -1
    outer loop
      vertex 48.4 6.1 0
      vertex 42.3061 7.6609 0
      vertex 42.5657 7.83431 0
    endloop
  endfacet
  facet normal 0 0 -1
    outer loop
      vertex 48.4 6.1 0
      vertex 42 7.6 0
      vertex 42.3061 7.6609 0
    endloop
  endfacet
  facet normal 0 0 -1
    outer loop
      vertex 35.6 6.1 0
      vertex 42 7.6 0
      vertex 48.4 6.1 0
    endloop
  endfacet
  facet normal 0 0 -1
    outer loop
      vertex 41.5099 26.9759 0
      vertex 38.828 25.8651 0
      vertex 41.0245 26.9039 0
    endloop
  endfacet
  facet normal 0 0 -1
    outer loop
      vertex 41.0245 26.9039 0
      vertex 38.828 25.8651 0
      vertex 40.5486 26.7847 0
    endloop
  endfacet
  facet normal 0 0 -1
    outer loop
      vertex 40.5486 26.7847 0
      vertex 38.828 25.8651 0
      vertex 40.0866 26.6194 0
    endloop
  endfacet
  facet normal 0 0 -1
    outer loop
      vertex 40.0866 26.6194 0
      vertex 38.828 25.8651 0
      vertex 39.643 26.4096 0
    endloop
  endfacet
  facet normal 0 0 -1
    outer loop
      vertex 39.643 26.4096 0
      vertex 38.828 25.8651 0
      vertex 39.2221 26.1573 0
    endloop
  endfacet
  facet normal -0 0 -1
    outer loop
      vertex 42 7.6 0
      vertex 35.6 6.1 0
      vertex 41.6939 7.6609 0
    endloop
  endfacet
  facet normal 0 0 -1
    outer loop
      vertex 35.6 6.1 0
      vertex 41.4343 7.83431 0
      vertex 41.6939 7.6609 0
    endloop
  endfacet
  facet normal 0 0 -1
    outer loop
      vertex 35.6 6.1 0
      vertex 41.2609 8.09385 0
      vertex 41.4343 7.83431 0
    endloop
  endfacet
  facet normal 0 0 -1
    outer loop
      vertex 35.6 6.1 0
      vertex 41.2 8.4 0
      vertex 41.2609 8.09385 0
    endloop
  endfacet
  facet normal -0 0 -1
    outer loop
      vertex 41.4343 8.96568 0
      vertex 35.6 6.1 0
      vertex 38.828 25.8651 0
    endloop
  endfacet
  facet normal 0 0 -1
    outer loop
      vertex 22.0923 -1.65683 0
      vertex 35.6 6.1 0
      vertex 35.6 -17.1 0
    endloop
  endfacet
  facet normal 0 0 -1
    outer loop
      vertex 22.0923 -1.34317 0
      vertex 35.6 6.1 0
      vertex 22.1 -1.5 0
    endloop
  endfacet
  facet normal 0 0 -1
    outer loop
      vertex 22.0693 -1.18786 0
      vertex 35.6 6.1 0
      vertex 22.0923 -1.34317 0
    endloop
  endfacet
  facet normal 0 0 -1
    outer loop
      vertex 22.0311 -1.03555 0
      vertex 35.6 6.1 0
      vertex 22.0693 -1.18786 0
    endloop
  endfacet
  facet normal 0 0 -1
    outer loop
      vertex 21.9782 -0.887707 0
      vertex 35.6 6.1 0
      vertex 22.0311 -1.03555 0
    endloop
  endfacet
  facet normal 0 0 -1
    outer loop
      vertex 21.9111 -0.745766 0
      vertex 35.6 6.1 0
      vertex 21.9782 -0.887707 0
    endloop
  endfacet
  facet normal 0 0 -1
    outer loop
      vertex 21.8304 -0.611088 0
      vertex 35.6 6.1 0
      vertex 21.9111 -0.745766 0
    endloop
  endfacet
  facet normal 0 0 -1
    outer loop
      vertex 21.7368 -0.484971 0
      vertex 35.6 6.1 0
      vertex 21.8304 -0.611088 0
    endloop
  endfacet
  facet normal 0 0 -1
    outer loop
      vertex 21.6314 -0.368629 0
      vertex 35.6 6.1 0
      vertex 21.7368 -0.484971 0
    endloop
  endfacet
  facet normal 0 0 -1
    outer loop
      vertex 21.515 -0.263184 0
      vertex 35.6 6.1 0
      vertex 21.6314 -0.368629 0
    endloop
  endfacet
  facet normal 0 0 -1
    outer loop
      vertex 21.3889 -0.169649 0
      vertex 35.6 6.1 0
      vertex 21.515 -0.263184 0
    endloop
  endfacet
  facet normal 0 0 -1
    outer loop
      vertex 21.2542 -0.0889263 0
      vertex 35.6 6.1 0
      vertex 21.3889 -0.169649 0
    endloop
  endfacet
  facet normal 0 0 -1
    outer loop
      vertex 21.1123 -0.0217934 0
      vertex 35.6 6.1 0
      vertex 21.2542 -0.0889263 0
    endloop
  endfacet
  facet normal 0 0 -1
    outer loop
      vertex 20.9645 0.0311041 0
      vertex 35.6 6.1 0
      vertex 21.1123 -0.0217934 0
    endloop
  endfacet
  facet normal 0 0 -1
    outer loop
      vertex 20.8121 0.0692558 0
      vertex 35.6 6.1 0
      vertex 20.9645 0.0311041 0
    endloop
  endfacet
  facet normal 0 0 -1
    outer loop
      vertex 12 4.5 0
      vertex 35.6 6.1 0
      vertex 20.8121 0.0692558 0
    endloop
  endfacet
  facet normal 0 0 -1
    outer loop
      vertex 12 4.5 0
      vertex 20.8121 0.0692558 0
      vertex 20.6568 0.0922947 0
    endloop
  endfacet
  facet normal 0 0 -1
    outer loop
      vertex 12 4.5 0
      vertex 20.6568 0.0922947 0
      vertex 20.5 0.0999994 0
    endloop
  endfacet
  facet normal 0 0 -1
    outer loop
      vertex 12 4.5 0
      vertex 20.5 0.0999994 0
      vertex 20.3432 0.0922947 0
    endloop
  endfacet
  facet normal 0 0 -1
    outer loop
      vertex 12 4.5 0
      vertex 20.3432 0.0922947 0
      vertex 20.1879 0.0692558 0
    endloop
  endfacet
  facet normal 0 0 -1
    outer loop
      vertex 12 4.5 0
      vertex 20.1879 0.0692558 0
      vertex 20.0355 0.0311041 0
    endloop
  endfacet
  facet normal 0 0 -1
    outer loop
      vertex 15.9645 0.0311041 0
      vertex 20.0355 0.0311041 0
      vertex 19.8877 -0.0217934 0
    endloop
  endfacet
  facet normal 0 0 -1
    outer loop
      vertex 16.1123 -0.0217934 0
      vertex 19.8877 -0.0217934 0
      vertex 19.7458 -0.0889263 0
    endloop
  endfacet
  facet normal 0 0 -1
    outer loop
      vertex 16.2542 -0.0889263 0
      vertex 19.7458 -0.0889263 0
      vertex 19.6111 -0.169649 0
    endloop
  endfacet
  facet normal 0 0 -1
    outer loop
      vertex 16.3889 -0.169649 0
      vertex 19.6111 -0.169649 0
      vertex 19.485 -0.263184 0
    endloop
  endfacet
  facet normal 0 0 -1
    outer loop
      vertex 16.515 -0.263184 0
      vertex 19.485 -0.263184 0
      vertex 19.3686 -0.368629 0
    endloop
  endfacet
  facet normal 0 0 -1
    outer loop
      vertex 16.6314 -0.368629 0
      vertex 19.3686 -0.368629 0
      vertex 19.2632 -0.484971 0
    endloop
  endfacet
  facet normal 0 0 -1
    outer loop
      vertex 17.1 -1.5 0
      vertex 18.9077 -1.34317 0
      vertex 18.9 -1.5 0
    endloop
  endfacet
  facet normal 0 0 -1
    outer loop
      vertex 17.0923 -1.34317 0
      vertex 18.9077 -1.34317 0
      vertex 17.1 -1.5 0
    endloop
  endfacet
  facet normal 0 0 -1
    outer loop
      vertex 18.9077 -1.34317 0
      vertex 17.0923 -1.34317 0
      vertex 18.9307 -1.18786 0
    endloop
  endfacet
  facet normal 0 0 -1
    outer loop
      vertex 17.0693 -1.18786 0
      vertex 18.9307 -1.18786 0
      vertex 17.0923 -1.34317 0
    endloop
  endfacet
  facet normal 0 0 -1
    outer loop
      vertex 18.9307 -1.18786 0
      vertex 17.0693 -1.18786 0
      vertex 18.9689 -1.03555 0
    endloop
  endfacet
  facet normal 0 0 -1
    outer loop
      vertex 17.0311 -1.03555 0
      vertex 18.9689 -1.03555 0
      vertex 17.0693 -1.18786 0
    endloop
  endfacet
  facet normal 0 0 -1
    outer loop
      vertex 18.9689 -1.03555 0
      vertex 17.0311 -1.03555 0
      vertex 19.0218 -0.887707 0
    endloop
  endfacet
  facet normal 0 0 -1
    outer loop
      vertex 16.9782 -0.887707 0
      vertex 19.0218 -0.887707 0
      vertex 17.0311 -1.03555 0
    endloop
  endfacet
  facet normal 0 0 -1
    outer loop
      vertex 19.0218 -0.887707 0
      vertex 16.9782 -0.887707 0
      vertex 19.0889 -0.745766 0
    endloop
  endfacet
  facet normal 0 0 -1
    outer loop
      vertex 16.9111 -0.745766 0
      vertex 19.0889 -0.745766 0
      vertex 16.9782 -0.887707 0
    endloop
  endfacet
  facet normal 0 0 -1
    outer loop
      vertex 19.0889 -0.745766 0
      vertex 16.9111 -0.745766 0
      vertex 19.1696 -0.611088 0
    endloop
  endfacet
  facet normal 0 0 -1
    outer loop
      vertex 16.8304 -0.611088 0
      vertex 19.1696 -0.611088 0
      vertex 16.9111 -0.745766 0
    endloop
  endfacet
  facet normal 0 0 -1
    outer loop
      vertex 19.1696 -0.611088 0
      vertex 16.8304 -0.611088 0
      vertex 19.2632 -0.484971 0
    endloop
  endfacet
  facet normal 0 0 -1
    outer loop
      vertex 16.7368 -0.484971 0
      vertex 19.2632 -0.484971 0
      vertex 16.8304 -0.611088 0
    endloop
  endfacet
  facet normal 0 0 -1
    outer loop
      vertex 16.6314 -0.368629 0
      vertex 19.2632 -0.484971 0
      vertex 16.7368 -0.484971 0
    endloop
  endfacet
  facet normal 0 0 -1
    outer loop
      vertex 19.3686 -0.368629 0
      vertex 16.6314 -0.368629 0
      vertex 16.515 -0.263184 0
    endloop
  endfacet
  facet normal 0 0 -1
    outer loop
      vertex 19.485 -0.263184 0
      vertex 16.515 -0.263184 0
      vertex 16.3889 -0.169649 0
    endloop
  endfacet
  facet normal 0 0 -1
    outer loop
      vertex 19.6111 -0.169649 0
      vertex 16.3889 -0.169649 0
      vertex 16.2542 -0.0889263 0
    endloop
  endfacet
  facet normal 0 0 -1
    outer loop
      vertex 19.7458 -0.0889263 0
      vertex 16.2542 -0.0889263 0
      vertex 16.1123 -0.0217934 0
    endloop
  endfacet
  facet normal 0 0 -1
    outer loop
      vertex 19.8877 -0.0217934 0
      vertex 16.1123 -0.0217934 0
      vertex 15.9645 0.0311041 0
    endloop
  endfacet
  facet normal 0 0 -1
    outer loop
      vertex 20.0355 0.0311041 0
      vertex 15.9645 0.0311041 0
      vertex 12 4.5 0
    endloop
  endfacet
  facet normal 0 0 -1
    outer loop
      vertex 12 4.5 0
      vertex 15.9645 0.0311041 0
      vertex 15.8121 0.0692558 0
    endloop
  endfacet
  facet normal 0 0 -1
    outer loop
      vertex 12 4.5 0
      vertex 15.8121 0.0692558 0
      vertex 15.6568 0.0922947 0
    endloop
  endfacet
  facet normal 0 0 -1
    outer loop
      vertex 12 4.5 0
      vertex 15.6568 0.0922947 0
      vertex 15.5 0.0999994 0
    endloop
  endfacet
  facet normal 0 0 -1
    outer loop
      vertex 12 4.5 0
      vertex 15.5 0.0999994 0
      vertex 15.3432 0.0922947 0
    endloop
  endfacet
  facet normal 0 0 -1
    outer loop
      vertex 12 4.5 0
      vertex 15.3432 0.0922947 0
      vertex 15.1879 0.0692558 0
    endloop
  endfacet
  facet normal 0 0 -1
    outer loop
      vertex 12 4.5 0
      vertex 15.1879 0.0692558 0
      vertex 15.0355 0.0311041 0
    endloop
  endfacet
  facet normal 0 0 -1
    outer loop
      vertex 12 4.5 0
      vertex 15.0355 0.0311041 0
      vertex 14.8877 -0.0217934 0
    endloop
  endfacet
  facet normal 0 0 -1
    outer loop
      vertex 12 4.5 0
      vertex 14.8877 -0.0217934 0
      vertex 14.7458 -0.0889263 0
    endloop
  endfacet
  facet normal 0 0 -1
    outer loop
      vertex 12 4.5 0
      vertex 14.7458 -0.0889263 0
      vertex 14.6111 -0.169649 0
    endloop
  endfacet
  facet normal 0 0 -1
    outer loop
      vertex 12 4.5 0
      vertex 14.6111 -0.169649 0
      vertex 14.485 -0.263184 0
    endloop
  endfacet
  facet normal 0 0 -1
    outer loop
      vertex 12 4.5 0
      vertex 14.485 -0.263184 0
      vertex 14.3686 -0.368629 0
    endloop
  endfacet
  facet normal 0 0 -1
    outer loop
      vertex 12 4.5 0
      vertex 13.9 -1.5 0
      vertex 12 -7.5 0
    endloop
  endfacet
  facet normal 0 0 -1
    outer loop
      vertex 13.9 -1.5 0
      vertex 12 4.5 0
      vertex 13.9077 -1.34317 0
    endloop
  endfacet
  facet normal 0 0 -1
    outer loop
      vertex 13.9077 -1.34317 0
      vertex 12 4.5 0
      vertex 13.9307 -1.18786 0
    endloop
  endfacet
  facet normal -0 0 -1
    outer loop
      vertex 35.6 6.1 0
      vertex 12 4.5 0
      vertex 38.828 25.8651 0
    endloop
  endfacet
  facet normal 0 0 -1
    outer loop
      vertex 14.2632 -0.484971 0
      vertex 12 4.5 0
      vertex 14.3686 -0.368629 0
    endloop
  endfacet
  facet normal 0 0 -1
    outer loop
      vertex 14.1696 -0.611088 0
      vertex 12 4.5 0
      vertex 14.2632 -0.484971 0
    endloop
  endfacet
  facet normal 0 0 -1
    outer loop
      vertex 14.0889 -0.745766 0
      vertex 12 4.5 0
      vertex 14.1696 -0.611088 0
    endloop
  endfacet
  facet normal 0 0 -1
    outer loop
      vertex 14.0218 -0.887707 0
      vertex 12 4.5 0
      vertex 14.0889 -0.745766 0
    endloop
  endfacet
  facet normal 0 0 -1
    outer loop
      vertex 13.9689 -1.03555 0
      vertex 12 4.5 0
      vertex 14.0218 -0.887707 0
    endloop
  endfacet
  facet normal 0 0 -1
    outer loop
      vertex 13.9307 -1.18786 0
      vertex 12 4.5 0
      vertex 13.9689 -1.03555 0
    endloop
  endfacet
  facet normal 0.427543 -0.903995 0
    outer loop
      vertex 43.9134 -26.6194 0
      vertex 44.357 -26.4096 3
      vertex 43.9134 -26.6194 3
    endloop
  endfacet
  facet normal 0.427543 -0.903995 0
    outer loop
      vertex 44.357 -26.4096 3
      vertex 43.9134 -26.6194 0
      vertex 44.357 -26.4096 0
    endloop
  endfacet
  facet normal 0.242919 0.970047 -0
    outer loop
      vertex 43.4514 26.7847 0
      vertex 42.9754 26.9039 3
      vertex 43.4514 26.7847 3
    endloop
  endfacet
  facet normal 0.242919 0.970047 0
    outer loop
      vertex 42.9754 26.9039 3
      vertex 43.4514 26.7847 0
      vertex 42.9754 26.9039 0
    endloop
  endfacet
  facet normal -0.146726 0.989177 0
    outer loop
      vertex 41.5099 26.9759 0
      vertex 41.0245 26.9039 3
      vertex 41.5099 26.9759 3
    endloop
  endfacet
  facet normal -0.146726 0.989177 0
    outer loop
      vertex 41.0245 26.9039 3
      vertex 41.5099 26.9759 0
      vertex 41.0245 26.9039 0
    endloop
  endfacet
  facet normal -0.336879 -0.941548 0
    outer loop
      vertex 40.0866 -26.6194 0
      vertex 40.5486 -26.7847 3
      vertex 40.0866 -26.6194 3
    endloop
  endfacet
  facet normal -0.336879 -0.941548 -0
    outer loop
      vertex 40.5486 -26.7847 3
      vertex 40.0866 -26.6194 0
      vertex 40.5486 -26.7847 0
    endloop
  endfacet
  facet normal 0.0491143 0.998793 -0
    outer loop
      vertex 42.4901 26.9759 0
      vertex 42 27 3
      vertex 42.4901 26.9759 3
    endloop
  endfacet
  facet normal 0.0491143 0.998793 0
    outer loop
      vertex 42 27 3
      vertex 42.4901 26.9759 0
      vertex 42 27 0
    endloop
  endfacet
  facet normal 0.0491143 -0.998793 0
    outer loop
      vertex 42 -27 0
      vertex 42.4901 -26.9759 3
      vertex 42 -27 3
    endloop
  endfacet
  facet normal 0.0491143 -0.998793 0
    outer loop
      vertex 42.4901 -26.9759 3
      vertex 42 -27 0
      vertex 42.4901 -26.9759 0
    endloop
  endfacet
  facet normal -0.0491143 0.998793 0
    outer loop
      vertex 42 27 0
      vertex 41.5099 26.9759 3
      vertex 42 27 3
    endloop
  endfacet
  facet normal -0.0491143 0.998793 0
    outer loop
      vertex 41.5099 26.9759 3
      vertex 42 27 0
      vertex 41.5099 26.9759 0
    endloop
  endfacet
  facet normal 0.336879 0.941548 -0
    outer loop
      vertex 43.9134 26.6194 0
      vertex 43.4514 26.7847 3
      vertex 43.9134 26.6194 3
    endloop
  endfacet
  facet normal 0.336879 0.941548 0
    outer loop
      vertex 43.4514 26.7847 3
      vertex 43.9134 26.6194 0
      vertex 43.4514 26.7847 0
    endloop
  endfacet
  facet normal 0.45828 -0.888808 0
    outer loop
      vertex 44.357 -26.4096 0
      vertex 50 -23.5 3
      vertex 44.357 -26.4096 3
    endloop
  endfacet
  facet normal 0.45828 -0.888808 0
    outer loop
      vertex 50 -23.5 3
      vertex 44.357 -26.4096 0
      vertex 50 -23.5 0
    endloop
  endfacet
  facet normal 0.146755 -0.989173 0
    outer loop
      vertex 42.4901 -26.9759 0
      vertex 42.9754 -26.9039 3
      vertex 42.4901 -26.9759 3
    endloop
  endfacet
  facet normal 0.146755 -0.989173 0
    outer loop
      vertex 42.9754 -26.9039 3
      vertex 42.4901 -26.9759 0
      vertex 42.9754 -26.9039 0
    endloop
  endfacet
  facet normal -0.427543 -0.903995 0
    outer loop
      vertex 39.643 -26.4096 0
      vertex 40.0866 -26.6194 3
      vertex 39.643 -26.4096 3
    endloop
  endfacet
  facet normal -0.427543 -0.903995 -0
    outer loop
      vertex 40.0866 -26.6194 3
      vertex 39.643 -26.4096 0
      vertex 40.0866 -26.6194 0
    endloop
  endfacet
  facet normal 1 -0 0
    outer loop
      vertex 24 -7 6
      vertex 24 4 3
      vertex 24 4 6
    endloop
  endfacet
  facet normal 1 0 0
    outer loop
      vertex 24 4 3
      vertex 24 -7 6
      vertex 24 -7 3
    endloop
  endfacet
  facet normal 0 0 1
    outer loop
      vertex 24 4 6
      vertex 23.45 0.203183 6
      vertex 24 -7 6
    endloop
  endfacet
  facet normal 0 0 1
    outer loop
      vertex 24 4 6
      vertex 20.5 1.90637 6
      vertex 23.45 0.203183 6
    endloop
  endfacet
  facet normal 0 0 1
    outer loop
      vertex 15.5 1.90637 6
      vertex 20.5 1.90637 6
      vertex 24 4 6
    endloop
  endfacet
  facet normal 0 0 1
    outer loop
      vertex 20.5 1.90637 6
      vertex 15.5 1.90637 6
      vertex 18 0.462991 6
    endloop
  endfacet
  facet normal 0 0 1
    outer loop
      vertex 12.55 0.203183 6
      vertex 12 4 6
      vertex 12.55 -3.20318 6
    endloop
  endfacet
  facet normal 0 0 1
    outer loop
      vertex 15.5 1.90637 6
      vertex 12 4 6
      vertex 12.55 0.203183 6
    endloop
  endfacet
  facet normal -0 0 1
    outer loop
      vertex 12 4 6
      vertex 15.5 1.90637 6
      vertex 24 4 6
    endloop
  endfacet
  facet normal -0 0 1
    outer loop
      vertex 23.45 -3.20318 6
      vertex 24 -7 6
      vertex 23.45 0.203183 6
    endloop
  endfacet
  facet normal -0 0 1
    outer loop
      vertex 20.5 -4.90637 6
      vertex 24 -7 6
      vertex 23.45 -3.20318 6
    endloop
  endfacet
  facet normal 0 0 1
    outer loop
      vertex 15.5 -4.90637 6
      vertex 20.5 -4.90637 6
      vertex 18 -3.46299 6
    endloop
  endfacet
  facet normal 0 0 1
    outer loop
      vertex 20.5 -4.90637 6
      vertex 15.5 -4.90637 6
      vertex 24 -7 6
    endloop
  endfacet
  facet normal 0 0 1
    outer loop
      vertex 15.5 -4.90637 6
      vertex 12 -7 6
      vertex 24 -7 6
    endloop
  endfacet
  facet normal 0 0 1
    outer loop
      vertex 12.55 -3.20318 6
      vertex 12 -7 6
      vertex 15.5 -4.90637 6
    endloop
  endfacet
  facet normal 0 0 1
    outer loop
      vertex 12 -7 6
      vertex 12.55 -3.20318 6
      vertex 12 4 6
    endloop
  endfacet
  facet normal 0 1 -0
    outer loop
      vertex 24 4 3
      vertex 12 4 6
      vertex 24 4 6
    endloop
  endfacet
  facet normal 0 1 0
    outer loop
      vertex 12 4 6
      vertex 24 4 3
      vertex 12 4 3
    endloop
  endfacet
  facet normal 0 -1 0
    outer loop
      vertex 12 -7 3
      vertex 24 -7 6
      vertex 12 -7 6
    endloop
  endfacet
  facet normal 0 -1 -0
    outer loop
      vertex 24 -7 6
      vertex 12 -7 3
      vertex 24 -7 3
    endloop
  endfacet
  facet normal 0.980777 -0.19513 0
    outer loop
      vertex 41.2 -19.4 4
      vertex 41.2609 -19.0939 0
      vertex 41.2609 -19.0939 4
    endloop
  endfacet
  facet normal 0.980777 -0.19513 0
    outer loop
      vertex 41.2609 -19.0939 0
      vertex 41.2 -19.4 4
      vertex 41.2 -19.4 0
    endloop
  endfacet
  facet normal -0.831557 -0.555439 0
    outer loop
      vertex 42.7391 -19.0939 0
      vertex 42.5657 -18.8343 4
      vertex 42.5657 -18.8343 0
    endloop
  endfacet
  facet normal -0.831557 -0.555439 0
    outer loop
      vertex 42.5657 -18.8343 4
      vertex 42.7391 -19.0939 0
      vertex 42.7391 -19.0939 4
    endloop
  endfacet
  facet normal -0.980777 -0.19513 0
    outer loop
      vertex 42.8 -19.4 0
      vertex 42.7391 -19.0939 4
      vertex 42.7391 -19.0939 0
    endloop
  endfacet
  facet normal -0.980777 -0.19513 0
    outer loop
      vertex 42.7391 -19.0939 4
      vertex 42.8 -19.4 0
      vertex 42.8 -19.4 4
    endloop
  endfacet
  facet normal -0.555439 0.831557 0
    outer loop
      vertex 42.5657 -19.9657 0
      vertex 42.3061 -20.1391 4
      vertex 42.5657 -19.9657 4
    endloop
  endfacet
  facet normal -0.555439 0.831557 0
    outer loop
      vertex 42.3061 -20.1391 4
      vertex 42.5657 -19.9657 0
      vertex 42.3061 -20.1391 0
    endloop
  endfacet
  facet normal 0.19513 0.980777 -0
    outer loop
      vertex 42 -20.2 0
      vertex 41.6939 -20.1391 4
      vertex 42 -20.2 4
    endloop
  endfacet
  facet normal 0.19513 0.980777 0
    outer loop
      vertex 41.6939 -20.1391 4
      vertex 42 -20.2 0
      vertex 41.6939 -20.1391 0
    endloop
  endfacet
  facet normal -0.19513 -0.980777 0
    outer loop
      vertex 42 -18.6 0
      vertex 42.3061 -18.6609 4
      vertex 42 -18.6 4
    endloop
  endfacet
  facet normal -0.19513 -0.980777 -0
    outer loop
      vertex 42.3061 -18.6609 4
      vertex 42 -18.6 0
      vertex 42.3061 -18.6609 0
    endloop
  endfacet
  facet normal 0.831557 -0.555439 0
    outer loop
      vertex 41.2609 -19.0939 4
      vertex 41.4343 -18.8343 0
      vertex 41.4343 -18.8343 4
    endloop
  endfacet
  facet normal 0.831557 -0.555439 0
    outer loop
      vertex 41.4343 -18.8343 0
      vertex 41.2609 -19.0939 4
      vertex 41.2609 -19.0939 0
    endloop
  endfacet
  facet normal 0.555439 -0.831557 0
    outer loop
      vertex 41.4343 -18.8343 0
      vertex 41.6939 -18.6609 4
      vertex 41.4343 -18.8343 4
    endloop
  endfacet
  facet normal 0.555439 -0.831557 0
    outer loop
      vertex 41.6939 -18.6609 4
      vertex 41.4343 -18.8343 0
      vertex 41.6939 -18.6609 0
    endloop
  endfacet
  facet normal 0 0 -1
    outer loop
      vertex 42.7391 -19.7061 4
      vertex 42.7391 -19.0939 4
      vertex 42.8 -19.4 4
    endloop
  endfacet
  facet normal 0 0 -1
    outer loop
      vertex 42.5657 -19.9657 4
      vertex 42.7391 -19.0939 4
      vertex 42.7391 -19.7061 4
    endloop
  endfacet
  facet normal 0 0 -1
    outer loop
      vertex 42.5657 -19.9657 4
      vertex 42.5657 -18.8343 4
      vertex 42.7391 -19.0939 4
    endloop
  endfacet
  facet normal 0 0 -1
    outer loop
      vertex 42.3061 -20.1391 4
      vertex 42.5657 -18.8343 4
      vertex 42.5657 -19.9657 4
    endloop
  endfacet
  facet normal 0 0 -1
    outer loop
      vertex 42.3061 -20.1391 4
      vertex 42.3061 -18.6609 4
      vertex 42.5657 -18.8343 4
    endloop
  endfacet
  facet normal 0 0 -1
    outer loop
      vertex 42 -20.2 4
      vertex 42.3061 -18.6609 4
      vertex 42.3061 -20.1391 4
    endloop
  endfacet
  facet normal 0 0 -1
    outer loop
      vertex 42 -20.2 4
      vertex 42 -18.6 4
      vertex 42.3061 -18.6609 4
    endloop
  endfacet
  facet normal 0 0 -1
    outer loop
      vertex 41.6939 -20.1391 4
      vertex 42 -18.6 4
      vertex 42 -20.2 4
    endloop
  endfacet
  facet normal 0 0 -1
    outer loop
      vertex 41.6939 -20.1391 4
      vertex 41.6939 -18.6609 4
      vertex 42 -18.6 4
    endloop
  endfacet
  facet normal 0 0 -1
    outer loop
      vertex 41.4343 -19.9657 4
      vertex 41.6939 -18.6609 4
      vertex 41.6939 -20.1391 4
    endloop
  endfacet
  facet normal 0 0 -1
    outer loop
      vertex 41.4343 -19.9657 4
      vertex 41.4343 -18.8343 4
      vertex 41.6939 -18.6609 4
    endloop
  endfacet
  facet normal 0 0 -1
    outer loop
      vertex 41.2609 -19.7061 4
      vertex 41.4343 -18.8343 4
      vertex 41.4343 -19.9657 4
    endloop
  endfacet
  facet normal 0 0 -1
    outer loop
      vertex 41.2609 -19.7061 4
      vertex 41.2609 -19.0939 4
      vertex 41.4343 -18.8343 4
    endloop
  endfacet
  facet normal 0 -0 -1
    outer loop
      vertex 41.2609 -19.0939 4
      vertex 41.2609 -19.7061 4
      vertex 41.2 -19.4 4
    endloop
  endfacet
  facet normal -0.980777 0.19513 0
    outer loop
      vertex 42.7391 -19.7061 0
      vertex 42.8 -19.4 4
      vertex 42.8 -19.4 0
    endloop
  endfacet
  facet normal -0.980777 0.19513 0
    outer loop
      vertex 42.8 -19.4 4
      vertex 42.7391 -19.7061 0
      vertex 42.7391 -19.7061 4
    endloop
  endfacet
  facet normal -0.19513 0.980777 0
    outer loop
      vertex 42.3061 -20.1391 0
      vertex 42 -20.2 4
      vertex 42.3061 -20.1391 4
    endloop
  endfacet
  facet normal -0.19513 0.980777 0
    outer loop
      vertex 42 -20.2 4
      vertex 42.3061 -20.1391 0
      vertex 42 -20.2 0
    endloop
  endfacet
  facet normal 0.19513 -0.980777 0
    outer loop
      vertex 41.6939 -18.6609 0
      vertex 42 -18.6 4
      vertex 41.6939 -18.6609 4
    endloop
  endfacet
  facet normal 0.19513 -0.980777 0
    outer loop
      vertex 42 -18.6 4
      vertex 41.6939 -18.6609 0
      vertex 42 -18.6 0
    endloop
  endfacet
  facet normal -0.831557 0.555439 0
    outer loop
      vertex 42.5657 -19.9657 0
      vertex 42.7391 -19.7061 4
      vertex 42.7391 -19.7061 0
    endloop
  endfacet
  facet normal -0.831557 0.555439 0
    outer loop
      vertex 42.7391 -19.7061 4
      vertex 42.5657 -19.9657 0
      vertex 42.5657 -19.9657 4
    endloop
  endfacet
  facet normal 0.831557 0.555439 0
    outer loop
      vertex 41.4343 -19.9657 4
      vertex 41.2609 -19.7061 0
      vertex 41.2609 -19.7061 4
    endloop
  endfacet
  facet normal 0.831557 0.555439 0
    outer loop
      vertex 41.2609 -19.7061 0
      vertex 41.4343 -19.9657 4
      vertex 41.4343 -19.9657 0
    endloop
  endfacet
  facet normal -0.555439 -0.831557 0
    outer loop
      vertex 42.3061 -18.6609 0
      vertex 42.5657 -18.8343 4
      vertex 42.3061 -18.6609 4
    endloop
  endfacet
  facet normal -0.555439 -0.831557 -0
    outer loop
      vertex 42.5657 -18.8343 4
      vertex 42.3061 -18.6609 0
      vertex 42.5657 -18.8343 0
    endloop
  endfacet
  facet normal 0.980777 0.19513 0
    outer loop
      vertex 41.2609 -19.7061 4
      vertex 41.2 -19.4 0
      vertex 41.2 -19.4 4
    endloop
  endfacet
  facet normal 0.980777 0.19513 0
    outer loop
      vertex 41.2 -19.4 0
      vertex 41.2609 -19.7061 4
      vertex 41.2609 -19.7061 0
    endloop
  endfacet
  facet normal 0.555439 0.831557 -0
    outer loop
      vertex 41.6939 -20.1391 0
      vertex 41.4343 -19.9657 4
      vertex 41.6939 -20.1391 4
    endloop
  endfacet
  facet normal 0.555439 0.831557 0
    outer loop
      vertex 41.4343 -19.9657 4
      vertex 41.6939 -20.1391 0
      vertex 41.4343 -19.9657 0
    endloop
  endfacet
  facet normal 0.980783 -0.1951 0
    outer loop
      vertex 41.2 8.4 3
      vertex 41.2609 8.70615 0
      vertex 41.2609 8.70615 3
    endloop
  endfacet
  facet normal 0.980783 -0.1951 0
    outer loop
      vertex 41.2609 8.70615 0
      vertex 41.2 8.4 3
      vertex 41.2 8.4 0
    endloop
  endfacet
  facet normal -0.831488 -0.555543 0
    outer loop
      vertex 42.7391 8.70615 0
      vertex 42.5657 8.96568 3
      vertex 42.5657 8.96568 0
    endloop
  endfacet
  facet normal -0.831488 -0.555543 0
    outer loop
      vertex 42.5657 8.96568 3
      vertex 42.7391 8.70615 0
      vertex 42.7391 8.70615 3
    endloop
  endfacet
  facet normal -0.980783 -0.1951 0
    outer loop
      vertex 42.8 8.4 0
      vertex 42.7391 8.70615 3
      vertex 42.7391 8.70615 0
    endloop
  endfacet
  facet normal -0.980783 -0.1951 0
    outer loop
      vertex 42.7391 8.70615 3
      vertex 42.8 8.4 0
      vertex 42.8 8.4 3
    endloop
  endfacet
  facet normal -0.555461 0.831542 0
    outer loop
      vertex 42.5657 7.83431 0
      vertex 42.3061 7.6609 3
      vertex 42.5657 7.83431 3
    endloop
  endfacet
  facet normal -0.555461 0.831542 0
    outer loop
      vertex 42.3061 7.6609 3
      vertex 42.5657 7.83431 0
      vertex 42.3061 7.6609 0
    endloop
  endfacet
  facet normal 0.19513 0.980777 -0
    outer loop
      vertex 42 7.6 0
      vertex 41.6939 7.6609 3
      vertex 42 7.6 3
    endloop
  endfacet
  facet normal 0.19513 0.980777 0
    outer loop
      vertex 41.6939 7.6609 3
      vertex 42 7.6 0
      vertex 41.6939 7.6609 0
    endloop
  endfacet
  facet normal -0.19513 -0.980777 0
    outer loop
      vertex 42 9.2 0
      vertex 42.3061 9.1391 3
      vertex 42 9.2 3
    endloop
  endfacet
  facet normal -0.19513 -0.980777 -0
    outer loop
      vertex 42.3061 9.1391 3
      vertex 42 9.2 0
      vertex 42.3061 9.1391 0
    endloop
  endfacet
  facet normal 0.831488 -0.555543 0
    outer loop
      vertex 41.2609 8.70615 3
      vertex 41.4343 8.96568 0
      vertex 41.4343 8.96568 3
    endloop
  endfacet
  facet normal 0.831488 -0.555543 0
    outer loop
      vertex 41.4343 8.96568 0
      vertex 41.2609 8.70615 3
      vertex 41.2609 8.70615 0
    endloop
  endfacet
  facet normal 0.555483 -0.831528 0
    outer loop
      vertex 41.4343 8.96568 0
      vertex 41.6939 9.1391 3
      vertex 41.4343 8.96568 3
    endloop
  endfacet
  facet normal 0.555483 -0.831528 0
    outer loop
      vertex 41.6939 9.1391 3
      vertex 41.4343 8.96568 0
      vertex 41.6939 9.1391 0
    endloop
  endfacet
  facet normal -0.555483 -0.831528 0
    outer loop
      vertex 42.3061 9.1391 0
      vertex 42.5657 8.96568 3
      vertex 42.3061 9.1391 3
    endloop
  endfacet
  facet normal -0.555483 -0.831528 -0
    outer loop
      vertex 42.5657 8.96568 3
      vertex 42.3061 9.1391 0
      vertex 42.5657 8.96568 0
    endloop
  endfacet
  facet normal -0.980783 0.1951 0
    outer loop
      vertex 42.7391 8.09385 0
      vertex 42.8 8.4 3
      vertex 42.8 8.4 0
    endloop
  endfacet
  facet normal -0.980783 0.1951 0
    outer loop
      vertex 42.8 8.4 3
      vertex 42.7391 8.09385 0
      vertex 42.7391 8.09385 3
    endloop
  endfacet
  facet normal -0.19513 0.980777 0
    outer loop
      vertex 42.3061 7.6609 0
      vertex 42 7.6 3
      vertex 42.3061 7.6609 3
    endloop
  endfacet
  facet normal -0.19513 0.980777 0
    outer loop
      vertex 42 7.6 3
      vertex 42.3061 7.6609 0
      vertex 42 7.6 0
    endloop
  endfacet
  facet normal 0.19513 -0.980777 0
    outer loop
      vertex 41.6939 9.1391 0
      vertex 42 9.2 3
      vertex 41.6939 9.1391 3
    endloop
  endfacet
  facet normal 0.19513 -0.980777 0
    outer loop
      vertex 42 9.2 3
      vertex 41.6939 9.1391 0
      vertex 42 9.2 0
    endloop
  endfacet
  facet normal -0.831498 0.555528 0
    outer loop
      vertex 42.5657 7.83431 0
      vertex 42.7391 8.09385 3
      vertex 42.7391 8.09385 0
    endloop
  endfacet
  facet normal -0.831498 0.555528 0
    outer loop
      vertex 42.7391 8.09385 3
      vertex 42.5657 7.83431 0
      vertex 42.5657 7.83431 3
    endloop
  endfacet
  facet normal 0.831498 0.555528 0
    outer loop
      vertex 41.4343 7.83431 3
      vertex 41.2609 8.09385 0
      vertex 41.2609 8.09385 3
    endloop
  endfacet
  facet normal 0.831498 0.555528 0
    outer loop
      vertex 41.2609 8.09385 0
      vertex 41.4343 7.83431 3
      vertex 41.4343 7.83431 0
    endloop
  endfacet
  facet normal 0.980783 0.1951 0
    outer loop
      vertex 41.2609 8.09385 3
      vertex 41.2 8.4 0
      vertex 41.2 8.4 3
    endloop
  endfacet
  facet normal 0.980783 0.1951 0
    outer loop
      vertex 41.2 8.4 0
      vertex 41.2609 8.09385 3
      vertex 41.2609 8.09385 0
    endloop
  endfacet
  facet normal 0.555461 0.831542 -0
    outer loop
      vertex 41.6939 7.6609 0
      vertex 41.4343 7.83431 3
      vertex 41.6939 7.6609 3
    endloop
  endfacet
  facet normal 0.555461 0.831542 0
    outer loop
      vertex 41.4343 7.83431 3
      vertex 41.6939 7.6609 0
      vertex 41.4343 7.83431 0
    endloop
  endfacet
  facet normal -0.514016 -0.85778 0
    outer loop
      vertex 42.5892 -20.8976 9.8
      vertex 42.6945 -20.9607 20.8
      vertex 42.5892 -20.8976 20.8
    endloop
  endfacet
  facet normal -0.514016 -0.85778 -0
    outer loop
      vertex 42.6945 -20.9607 20.8
      vertex 42.5892 -20.8976 9.8
      vertex 42.6945 -20.9607 9.8
    endloop
  endfacet
  facet normal -0.336698 0.941613 0
    outer loop
      vertex 42.4784 -23.1549 9.8
      vertex 42.3629 -23.1962 20.8
      vertex 42.4784 -23.1549 20.8
    endloop
  endfacet
  facet normal -0.336698 0.941613 0
    outer loop
      vertex 42.3629 -23.1962 20.8
      vertex 42.4784 -23.1549 9.8
      vertex 42.3629 -23.1962 9.8
    endloop
  endfacet
  facet normal -0.989186 -0.146667 0
    outer loop
      vertex 43.244 -21.8775 9.8
      vertex 43.226 -21.7561 20.8
      vertex 43.226 -21.7561 9.8
    endloop
  endfacet
  facet normal -0.989186 -0.146667 0
    outer loop
      vertex 43.226 -21.7561 20.8
      vertex 43.244 -21.8775 9.8
      vertex 43.244 -21.8775 20.8
    endloop
  endfacet
  facet normal -0.998803 -0.0489209 0
    outer loop
      vertex 43.25 -22 9.8
      vertex 43.244 -21.8775 20.8
      vertex 43.244 -21.8775 9.8
    endloop
  endfacet
  facet normal -0.998803 -0.0489209 0
    outer loop
      vertex 43.244 -21.8775 20.8
      vertex 43.25 -22 9.8
      vertex 43.25 -22 20.8
    endloop
  endfacet
  facet normal -0.970047 -0.242919 0
    outer loop
      vertex 43.226 -21.7561 9.8
      vertex 43.1962 -21.6371 20.8
      vertex 43.1962 -21.6371 9.8
    endloop
  endfacet
  facet normal -0.970047 -0.242919 0
    outer loop
      vertex 43.1962 -21.6371 20.8
      vertex 43.226 -21.7561 9.8
      vertex 43.226 -21.7561 20.8
    endloop
  endfacet
  facet normal 0.85778 -0.514016 0
    outer loop
      vertex 40.8976 -21.4108 20.8
      vertex 40.9607 -21.3055 9.8
      vertex 40.9607 -21.3055 20.8
    endloop
  endfacet
  facet normal 0.85778 -0.514016 0
    outer loop
      vertex 40.9607 -21.3055 9.8
      vertex 40.8976 -21.4108 20.8
      vertex 40.8976 -21.4108 9.8
    endloop
  endfacet
  facet normal -0.242919 0.970047 0
    outer loop
      vertex 42.3629 -23.1962 9.8
      vertex 42.2439 -23.226 20.8
      vertex 42.3629 -23.1962 20.8
    endloop
  endfacet
  facet normal -0.242919 0.970047 0
    outer loop
      vertex 42.2439 -23.226 20.8
      vertex 42.3629 -23.1962 9.8
      vertex 42.2439 -23.226 9.8
    endloop
  endfacet
  facet normal -0.998803 0.0489209 0
    outer loop
      vertex 43.244 -22.1225 9.8
      vertex 43.25 -22 20.8
      vertex 43.25 -22 9.8
    endloop
  endfacet
  facet normal -0.998803 0.0489209 0
    outer loop
      vertex 43.25 -22 20.8
      vertex 43.244 -22.1225 9.8
      vertex 43.244 -22.1225 20.8
    endloop
  endfacet
  facet normal -0.336698 -0.941613 0
    outer loop
      vertex 42.3629 -20.8038 9.8
      vertex 42.4784 -20.8451 20.8
      vertex 42.3629 -20.8038 20.8
    endloop
  endfacet
  facet normal -0.336698 -0.941613 -0
    outer loop
      vertex 42.4784 -20.8451 20.8
      vertex 42.3629 -20.8038 9.8
      vertex 42.4784 -20.8451 9.8
    endloop
  endfacet
  facet normal -0.0489209 0.998803 0
    outer loop
      vertex 42.1225 -23.244 9.8
      vertex 42 -23.25 20.8
      vertex 42.1225 -23.244 20.8
    endloop
  endfacet
  facet normal -0.0489209 0.998803 0
    outer loop
      vertex 42 -23.25 20.8
      vertex 42.1225 -23.244 9.8
      vertex 42 -23.25 9.8
    endloop
  endfacet
  facet normal -0.514016 0.85778 0
    outer loop
      vertex 42.6945 -23.0393 9.8
      vertex 42.5892 -23.1024 20.8
      vertex 42.6945 -23.0393 20.8
    endloop
  endfacet
  facet normal -0.514016 0.85778 0
    outer loop
      vertex 42.5892 -23.1024 20.8
      vertex 42.6945 -23.0393 9.8
      vertex 42.5892 -23.1024 9.8
    endloop
  endfacet
  facet normal 0.428192 -0.903688 0
    outer loop
      vertex 41.4108 -20.8976 9.8
      vertex 41.5216 -20.8451 20.8
      vertex 41.4108 -20.8976 20.8
    endloop
  endfacet
  facet normal 0.428192 -0.903688 0
    outer loop
      vertex 41.5216 -20.8451 20.8
      vertex 41.4108 -20.8976 9.8
      vertex 41.5216 -20.8451 9.8
    endloop
  endfacet
  facet normal -0.941613 -0.336698 0
    outer loop
      vertex 43.1962 -21.6371 9.8
      vertex 43.1549 -21.5216 20.8
      vertex 43.1549 -21.5216 9.8
    endloop
  endfacet
  facet normal -0.941613 -0.336698 0
    outer loop
      vertex 43.1549 -21.5216 20.8
      vertex 43.1962 -21.6371 9.8
      vertex 43.1962 -21.6371 20.8
    endloop
  endfacet
  facet normal 0.803413 0.595423 0
    outer loop
      vertex 41.0337 -22.793 20.8
      vertex 40.9607 -22.6945 9.8
      vertex 40.9607 -22.6945 20.8
    endloop
  endfacet
  facet normal 0.803413 0.595423 0
    outer loop
      vertex 40.9607 -22.6945 9.8
      vertex 41.0337 -22.793 20.8
      vertex 41.0337 -22.793 9.8
    endloop
  endfacet
  facet normal -0.0489209 -0.998803 0
    outer loop
      vertex 42 -20.75 9.8
      vertex 42.1225 -20.756 20.8
      vertex 42 -20.75 20.8
    endloop
  endfacet
  facet normal -0.0489209 -0.998803 -0
    outer loop
      vertex 42.1225 -20.756 20.8
      vertex 42 -20.75 9.8
      vertex 42.1225 -20.756 9.8
    endloop
  endfacet
  facet normal 0.903688 0.428192 0
    outer loop
      vertex 40.8976 -22.5892 20.8
      vertex 40.8451 -22.4784 9.8
      vertex 40.8451 -22.4784 20.8
    endloop
  endfacet
  facet normal 0.903688 0.428192 0
    outer loop
      vertex 40.8451 -22.4784 9.8
      vertex 40.8976 -22.5892 20.8
      vertex 40.8976 -22.5892 9.8
    endloop
  endfacet
  facet normal -0.428192 0.903688 0
    outer loop
      vertex 42.5892 -23.1024 9.8
      vertex 42.4784 -23.1549 20.8
      vertex 42.5892 -23.1024 20.8
    endloop
  endfacet
  facet normal -0.428192 0.903688 0
    outer loop
      vertex 42.4784 -23.1549 20.8
      vertex 42.5892 -23.1024 9.8
      vertex 42.4784 -23.1549 9.8
    endloop
  endfacet
  facet normal 0.146667 -0.989186 0
    outer loop
      vertex 41.7561 -20.774 9.8
      vertex 41.8775 -20.756 20.8
      vertex 41.7561 -20.774 20.8
    endloop
  endfacet
  facet normal 0.146667 -0.989186 0
    outer loop
      vertex 41.8775 -20.756 20.8
      vertex 41.7561 -20.774 9.8
      vertex 41.8775 -20.756 9.8
    endloop
  endfacet
  facet normal 0.242919 -0.970047 0
    outer loop
      vertex 41.6371 -20.8038 9.8
      vertex 41.7561 -20.774 20.8
      vertex 41.6371 -20.8038 20.8
    endloop
  endfacet
  facet normal 0.242919 -0.970047 0
    outer loop
      vertex 41.7561 -20.774 20.8
      vertex 41.6371 -20.8038 9.8
      vertex 41.7561 -20.774 9.8
    endloop
  endfacet
  facet normal 0.595423 -0.803413 0
    outer loop
      vertex 41.207 -21.0337 9.8
      vertex 41.3055 -20.9607 20.8
      vertex 41.207 -21.0337 20.8
    endloop
  endfacet
  facet normal 0.595423 -0.803413 0
    outer loop
      vertex 41.3055 -20.9607 20.8
      vertex 41.207 -21.0337 9.8
      vertex 41.3055 -20.9607 9.8
    endloop
  endfacet
  facet normal -0.242919 -0.970047 0
    outer loop
      vertex 42.2439 -20.774 9.8
      vertex 42.3629 -20.8038 20.8
      vertex 42.2439 -20.774 20.8
    endloop
  endfacet
  facet normal -0.242919 -0.970047 -0
    outer loop
      vertex 42.3629 -20.8038 20.8
      vertex 42.2439 -20.774 9.8
      vertex 42.3629 -20.8038 9.8
    endloop
  endfacet
  facet normal 0.989186 0.146667 0
    outer loop
      vertex 40.774 -22.2439 20.8
      vertex 40.756 -22.1225 9.8
      vertex 40.756 -22.1225 20.8
    endloop
  endfacet
  facet normal 0.989186 0.146667 0
    outer loop
      vertex 40.756 -22.1225 9.8
      vertex 40.774 -22.2439 20.8
      vertex 40.774 -22.2439 9.8
    endloop
  endfacet
  facet normal -0.671617 -0.740898 0
    outer loop
      vertex 42.793 -21.0337 9.8
      vertex 42.8839 -21.1161 20.8
      vertex 42.793 -21.0337 20.8
    endloop
  endfacet
  facet normal -0.671617 -0.740898 -0
    outer loop
      vertex 42.8839 -21.1161 20.8
      vertex 42.793 -21.0337 9.8
      vertex 42.8839 -21.1161 9.8
    endloop
  endfacet
  facet normal 0.428192 0.903688 -0
    outer loop
      vertex 41.5216 -23.1549 9.8
      vertex 41.4108 -23.1024 20.8
      vertex 41.5216 -23.1549 20.8
    endloop
  endfacet
  facet normal 0.428192 0.903688 0
    outer loop
      vertex 41.4108 -23.1024 20.8
      vertex 41.5216 -23.1549 9.8
      vertex 41.4108 -23.1024 9.8
    endloop
  endfacet
  facet normal 0.514016 -0.85778 0
    outer loop
      vertex 41.3055 -20.9607 9.8
      vertex 41.4108 -20.8976 20.8
      vertex 41.3055 -20.9607 20.8
    endloop
  endfacet
  facet normal 0.514016 -0.85778 0
    outer loop
      vertex 41.4108 -20.8976 20.8
      vertex 41.3055 -20.9607 9.8
      vertex 41.4108 -20.8976 9.8
    endloop
  endfacet
  facet normal 0.146667 0.989186 -0
    outer loop
      vertex 41.8775 -23.244 9.8
      vertex 41.7561 -23.226 20.8
      vertex 41.8775 -23.244 20.8
    endloop
  endfacet
  facet normal 0.146667 0.989186 0
    outer loop
      vertex 41.7561 -23.226 20.8
      vertex 41.8775 -23.244 9.8
      vertex 41.7561 -23.226 9.8
    endloop
  endfacet
  facet normal 0.970047 0.242919 0
    outer loop
      vertex 40.8038 -22.3629 20.8
      vertex 40.774 -22.2439 9.8
      vertex 40.774 -22.2439 20.8
    endloop
  endfacet
  facet normal 0.970047 0.242919 0
    outer loop
      vertex 40.774 -22.2439 9.8
      vertex 40.8038 -22.3629 20.8
      vertex 40.8038 -22.3629 9.8
    endloop
  endfacet
  facet normal 0.514016 0.85778 -0
    outer loop
      vertex 41.4108 -23.1024 9.8
      vertex 41.3055 -23.0393 20.8
      vertex 41.4108 -23.1024 20.8
    endloop
  endfacet
  facet normal 0.514016 0.85778 0
    outer loop
      vertex 41.3055 -23.0393 20.8
      vertex 41.4108 -23.1024 9.8
      vertex 41.3055 -23.0393 9.8
    endloop
  endfacet
  facet normal 0.903688 -0.428192 0
    outer loop
      vertex 40.8451 -21.5216 20.8
      vertex 40.8976 -21.4108 9.8
      vertex 40.8976 -21.4108 20.8
    endloop
  endfacet
  facet normal 0.903688 -0.428192 0
    outer loop
      vertex 40.8976 -21.4108 9.8
      vertex 40.8451 -21.5216 20.8
      vertex 40.8451 -21.5216 9.8
    endloop
  endfacet
  facet normal -0.803413 0.595423 0
    outer loop
      vertex 42.9663 -22.793 9.8
      vertex 43.0393 -22.6945 20.8
      vertex 43.0393 -22.6945 9.8
    endloop
  endfacet
  facet normal -0.803413 0.595423 0
    outer loop
      vertex 43.0393 -22.6945 20.8
      vertex 42.9663 -22.793 9.8
      vertex 42.9663 -22.793 20.8
    endloop
  endfacet
  facet normal -0.903688 0.428192 0
    outer loop
      vertex 43.1024 -22.5892 9.8
      vertex 43.1549 -22.4784 20.8
      vertex 43.1549 -22.4784 9.8
    endloop
  endfacet
  facet normal -0.903688 0.428192 0
    outer loop
      vertex 43.1549 -22.4784 20.8
      vertex 43.1024 -22.5892 9.8
      vertex 43.1024 -22.5892 20.8
    endloop
  endfacet
  facet normal 0.941613 -0.336698 0
    outer loop
      vertex 40.8038 -21.6371 20.8
      vertex 40.8451 -21.5216 9.8
      vertex 40.8451 -21.5216 20.8
    endloop
  endfacet
  facet normal 0.941613 -0.336698 0
    outer loop
      vertex 40.8451 -21.5216 9.8
      vertex 40.8038 -21.6371 20.8
      vertex 40.8038 -21.6371 9.8
    endloop
  endfacet
  facet normal -0.146667 -0.989186 0
    outer loop
      vertex 42.1225 -20.756 9.8
      vertex 42.2439 -20.774 20.8
      vertex 42.1225 -20.756 20.8
    endloop
  endfacet
  facet normal -0.146667 -0.989186 -0
    outer loop
      vertex 42.2439 -20.774 20.8
      vertex 42.1225 -20.756 9.8
      vertex 42.2439 -20.774 9.8
    endloop
  endfacet
  facet normal -0.595423 -0.803413 0
    outer loop
      vertex 42.6945 -20.9607 9.8
      vertex 42.793 -21.0337 20.8
      vertex 42.6945 -20.9607 20.8
    endloop
  endfacet
  facet normal -0.595423 -0.803413 -0
    outer loop
      vertex 42.793 -21.0337 20.8
      vertex 42.6945 -20.9607 9.8
      vertex 42.793 -21.0337 9.8
    endloop
  endfacet
  facet normal -0.803413 -0.595423 0
    outer loop
      vertex 43.0393 -21.3055 9.8
      vertex 42.9663 -21.207 20.8
      vertex 42.9663 -21.207 9.8
    endloop
  endfacet
  facet normal -0.803413 -0.595423 0
    outer loop
      vertex 42.9663 -21.207 20.8
      vertex 43.0393 -21.3055 9.8
      vertex 43.0393 -21.3055 20.8
    endloop
  endfacet
  facet normal 0.941613 0.336698 0
    outer loop
      vertex 40.8451 -22.4784 20.8
      vertex 40.8038 -22.3629 9.8
      vertex 40.8038 -22.3629 20.8
    endloop
  endfacet
  facet normal 0.941613 0.336698 0
    outer loop
      vertex 40.8038 -22.3629 9.8
      vertex 40.8451 -22.4784 20.8
      vertex 40.8451 -22.4784 9.8
    endloop
  endfacet
  facet normal -0.428192 -0.903688 0
    outer loop
      vertex 42.4784 -20.8451 9.8
      vertex 42.5892 -20.8976 20.8
      vertex 42.4784 -20.8451 20.8
    endloop
  endfacet
  facet normal -0.428192 -0.903688 -0
    outer loop
      vertex 42.5892 -20.8976 20.8
      vertex 42.4784 -20.8451 9.8
      vertex 42.5892 -20.8976 9.8
    endloop
  endfacet
  facet normal 0 0 1
    outer loop
      vertex 43.244 -21.8775 9.8
      vertex 43.244 -22.1225 9.8
      vertex 43.25 -22 9.8
    endloop
  endfacet
  facet normal 0 0 1
    outer loop
      vertex 43.226 -21.7561 9.8
      vertex 43.244 -22.1225 9.8
      vertex 43.244 -21.8775 9.8
    endloop
  endfacet
  facet normal 0 0 1
    outer loop
      vertex 43.226 -21.7561 9.8
      vertex 43.226 -22.2439 9.8
      vertex 43.244 -22.1225 9.8
    endloop
  endfacet
  facet normal 0 0 1
    outer loop
      vertex 43.1962 -21.6371 9.8
      vertex 43.226 -22.2439 9.8
      vertex 43.226 -21.7561 9.8
    endloop
  endfacet
  facet normal 0 0 1
    outer loop
      vertex 43.1962 -21.6371 9.8
      vertex 43.1962 -22.3629 9.8
      vertex 43.226 -22.2439 9.8
    endloop
  endfacet
  facet normal 0 0 1
    outer loop
      vertex 43.1549 -21.5216 9.8
      vertex 43.1962 -22.3629 9.8
      vertex 43.1962 -21.6371 9.8
    endloop
  endfacet
  facet normal 0 0 1
    outer loop
      vertex 43.1549 -21.5216 9.8
      vertex 43.1549 -22.4784 9.8
      vertex 43.1962 -22.3629 9.8
    endloop
  endfacet
  facet normal 0 0 1
    outer loop
      vertex 43.1024 -21.4108 9.8
      vertex 43.1549 -22.4784 9.8
      vertex 43.1549 -21.5216 9.8
    endloop
  endfacet
  facet normal 0 0 1
    outer loop
      vertex 43.1024 -21.4108 9.8
      vertex 43.1024 -22.5892 9.8
      vertex 43.1549 -22.4784 9.8
    endloop
  endfacet
  facet normal 0 0 1
    outer loop
      vertex 43.0393 -21.3055 9.8
      vertex 43.1024 -22.5892 9.8
      vertex 43.1024 -21.4108 9.8
    endloop
  endfacet
  facet normal 0 0 1
    outer loop
      vertex 43.0393 -21.3055 9.8
      vertex 43.0393 -22.6945 9.8
      vertex 43.1024 -22.5892 9.8
    endloop
  endfacet
  facet normal 0 0 1
    outer loop
      vertex 42.9663 -21.207 9.8
      vertex 43.0393 -22.6945 9.8
      vertex 43.0393 -21.3055 9.8
    endloop
  endfacet
  facet normal 0 0 1
    outer loop
      vertex 42.9663 -21.207 9.8
      vertex 42.9663 -22.793 9.8
      vertex 43.0393 -22.6945 9.8
    endloop
  endfacet
  facet normal 0 0 1
    outer loop
      vertex 42.8839 -21.1161 9.8
      vertex 42.9663 -22.793 9.8
      vertex 42.9663 -21.207 9.8
    endloop
  endfacet
  facet normal 0 0 1
    outer loop
      vertex 42.8839 -21.1161 9.8
      vertex 42.8839 -22.8839 9.8
      vertex 42.9663 -22.793 9.8
    endloop
  endfacet
  facet normal 0 0 1
    outer loop
      vertex 42.793 -21.0337 9.8
      vertex 42.8839 -22.8839 9.8
      vertex 42.8839 -21.1161 9.8
    endloop
  endfacet
  facet normal 0 0 1
    outer loop
      vertex 42.793 -21.0337 9.8
      vertex 42.793 -22.9663 9.8
      vertex 42.8839 -22.8839 9.8
    endloop
  endfacet
  facet normal 0 0 1
    outer loop
      vertex 42.6945 -20.9607 9.8
      vertex 42.793 -22.9663 9.8
      vertex 42.793 -21.0337 9.8
    endloop
  endfacet
  facet normal 0 0 1
    outer loop
      vertex 42.6945 -20.9607 9.8
      vertex 42.6945 -23.0393 9.8
      vertex 42.793 -22.9663 9.8
    endloop
  endfacet
  facet normal 0 0 1
    outer loop
      vertex 42.5892 -20.8976 9.8
      vertex 42.6945 -23.0393 9.8
      vertex 42.6945 -20.9607 9.8
    endloop
  endfacet
  facet normal 0 0 1
    outer loop
      vertex 42.5892 -20.8976 9.8
      vertex 42.5892 -23.1024 9.8
      vertex 42.6945 -23.0393 9.8
    endloop
  endfacet
  facet normal 0 0 1
    outer loop
      vertex 42.4784 -20.8451 9.8
      vertex 42.5892 -23.1024 9.8
      vertex 42.5892 -20.8976 9.8
    endloop
  endfacet
  facet normal 0 0 1
    outer loop
      vertex 42.4784 -20.8451 9.8
      vertex 42.4784 -23.1549 9.8
      vertex 42.5892 -23.1024 9.8
    endloop
  endfacet
  facet normal 0 0 1
    outer loop
      vertex 42.3629 -20.8038 9.8
      vertex 42.4784 -23.1549 9.8
      vertex 42.4784 -20.8451 9.8
    endloop
  endfacet
  facet normal 0 0 1
    outer loop
      vertex 42.3629 -20.8038 9.8
      vertex 42.3629 -23.1962 9.8
      vertex 42.4784 -23.1549 9.8
    endloop
  endfacet
  facet normal 0 0 1
    outer loop
      vertex 42.2439 -20.774 9.8
      vertex 42.3629 -23.1962 9.8
      vertex 42.3629 -20.8038 9.8
    endloop
  endfacet
  facet normal 0 0 1
    outer loop
      vertex 42.2439 -20.774 9.8
      vertex 42.2439 -23.226 9.8
      vertex 42.3629 -23.1962 9.8
    endloop
  endfacet
  facet normal 0 0 1
    outer loop
      vertex 42.1225 -20.756 9.8
      vertex 42.2439 -23.226 9.8
      vertex 42.2439 -20.774 9.8
    endloop
  endfacet
  facet normal 0 0 1
    outer loop
      vertex 42.1225 -20.756 9.8
      vertex 42.1225 -23.244 9.8
      vertex 42.2439 -23.226 9.8
    endloop
  endfacet
  facet normal 0 0 1
    outer loop
      vertex 42 -20.75 9.8
      vertex 42.1225 -23.244 9.8
      vertex 42.1225 -20.756 9.8
    endloop
  endfacet
  facet normal 0 0 1
    outer loop
      vertex 42 -20.75 9.8
      vertex 42 -23.25 9.8
      vertex 42.1225 -23.244 9.8
    endloop
  endfacet
  facet normal -0 0 1
    outer loop
      vertex 41.8775 -20.756 9.8
      vertex 42 -23.25 9.8
      vertex 42 -20.75 9.8
    endloop
  endfacet
  facet normal 0 0 1
    outer loop
      vertex 41.8775 -20.756 9.8
      vertex 41.8775 -23.244 9.8
      vertex 42 -23.25 9.8
    endloop
  endfacet
  facet normal -0 0 1
    outer loop
      vertex 41.7561 -20.774 9.8
      vertex 41.8775 -23.244 9.8
      vertex 41.8775 -20.756 9.8
    endloop
  endfacet
  facet normal 0 0 1
    outer loop
      vertex 41.7561 -20.774 9.8
      vertex 41.7561 -23.226 9.8
      vertex 41.8775 -23.244 9.8
    endloop
  endfacet
  facet normal -0 0 1
    outer loop
      vertex 41.6371 -20.8038 9.8
      vertex 41.7561 -23.226 9.8
      vertex 41.7561 -20.774 9.8
    endloop
  endfacet
  facet normal 0 0 1
    outer loop
      vertex 41.6371 -20.8038 9.8
      vertex 41.6371 -23.1962 9.8
      vertex 41.7561 -23.226 9.8
    endloop
  endfacet
  facet normal -0 0 1
    outer loop
      vertex 41.5216 -20.8451 9.8
      vertex 41.6371 -23.1962 9.8
      vertex 41.6371 -20.8038 9.8
    endloop
  endfacet
  facet normal 0 0 1
    outer loop
      vertex 41.5216 -20.8451 9.8
      vertex 41.5216 -23.1549 9.8
      vertex 41.6371 -23.1962 9.8
    endloop
  endfacet
  facet normal -0 0 1
    outer loop
      vertex 41.4108 -20.8976 9.8
      vertex 41.5216 -23.1549 9.8
      vertex 41.5216 -20.8451 9.8
    endloop
  endfacet
  facet normal 0 0 1
    outer loop
      vertex 41.4108 -20.8976 9.8
      vertex 41.4108 -23.1024 9.8
      vertex 41.5216 -23.1549 9.8
    endloop
  endfacet
  facet normal -0 0 1
    outer loop
      vertex 41.3055 -20.9607 9.8
      vertex 41.4108 -23.1024 9.8
      vertex 41.4108 -20.8976 9.8
    endloop
  endfacet
  facet normal 0 0 1
    outer loop
      vertex 41.3055 -20.9607 9.8
      vertex 41.3055 -23.0393 9.8
      vertex 41.4108 -23.1024 9.8
    endloop
  endfacet
  facet normal -0 0 1
    outer loop
      vertex 41.207 -21.0337 9.8
      vertex 41.3055 -23.0393 9.8
      vertex 41.3055 -20.9607 9.8
    endloop
  endfacet
  facet normal 0 0 1
    outer loop
      vertex 41.207 -21.0337 9.8
      vertex 41.207 -22.9663 9.8
      vertex 41.3055 -23.0393 9.8
    endloop
  endfacet
  facet normal -0 0 1
    outer loop
      vertex 41.1161 -21.1161 9.8
      vertex 41.207 -22.9663 9.8
      vertex 41.207 -21.0337 9.8
    endloop
  endfacet
  facet normal 0 0 1
    outer loop
      vertex 41.1161 -21.1161 9.8
      vertex 41.1161 -22.8839 9.8
      vertex 41.207 -22.9663 9.8
    endloop
  endfacet
  facet normal -0 0 1
    outer loop
      vertex 41.0337 -21.207 9.8
      vertex 41.1161 -22.8839 9.8
      vertex 41.1161 -21.1161 9.8
    endloop
  endfacet
  facet normal 0 0 1
    outer loop
      vertex 41.0337 -21.207 9.8
      vertex 41.0337 -22.793 9.8
      vertex 41.1161 -22.8839 9.8
    endloop
  endfacet
  facet normal -0 0 1
    outer loop
      vertex 40.9607 -21.3055 9.8
      vertex 41.0337 -22.793 9.8
      vertex 41.0337 -21.207 9.8
    endloop
  endfacet
  facet normal 0 0 1
    outer loop
      vertex 40.9607 -21.3055 9.8
      vertex 40.9607 -22.6945 9.8
      vertex 41.0337 -22.793 9.8
    endloop
  endfacet
  facet normal -0 0 1
    outer loop
      vertex 40.8976 -21.4108 9.8
      vertex 40.9607 -22.6945 9.8
      vertex 40.9607 -21.3055 9.8
    endloop
  endfacet
  facet normal 0 0 1
    outer loop
      vertex 40.8976 -21.4108 9.8
      vertex 40.8976 -22.5892 9.8
      vertex 40.9607 -22.6945 9.8
    endloop
  endfacet
  facet normal -0 0 1
    outer loop
      vertex 40.8451 -21.5216 9.8
      vertex 40.8976 -22.5892 9.8
      vertex 40.8976 -21.4108 9.8
    endloop
  endfacet
  facet normal 0 0 1
    outer loop
      vertex 40.8451 -21.5216 9.8
      vertex 40.8451 -22.4784 9.8
      vertex 40.8976 -22.5892 9.8
    endloop
  endfacet
  facet normal -0 0 1
    outer loop
      vertex 40.8038 -21.6371 9.8
      vertex 40.8451 -22.4784 9.8
      vertex 40.8451 -21.5216 9.8
    endloop
  endfacet
  facet normal 0 0 1
    outer loop
      vertex 40.8038 -21.6371 9.8
      vertex 40.8038 -22.3629 9.8
      vertex 40.8451 -22.4784 9.8
    endloop
  endfacet
  facet normal -0 0 1
    outer loop
      vertex 40.774 -21.7561 9.8
      vertex 40.8038 -22.3629 9.8
      vertex 40.8038 -21.6371 9.8
    endloop
  endfacet
  facet normal 0 0 1
    outer loop
      vertex 40.774 -21.7561 9.8
      vertex 40.774 -22.2439 9.8
      vertex 40.8038 -22.3629 9.8
    endloop
  endfacet
  facet normal -0 0 1
    outer loop
      vertex 40.756 -21.8775 9.8
      vertex 40.774 -22.2439 9.8
      vertex 40.774 -21.7561 9.8
    endloop
  endfacet
  facet normal 0 0 1
    outer loop
      vertex 40.756 -21.8775 9.8
      vertex 40.756 -22.1225 9.8
      vertex 40.774 -22.2439 9.8
    endloop
  endfacet
  facet normal 0 -0 1
    outer loop
      vertex 40.756 -22.1225 9.8
      vertex 40.756 -21.8775 9.8
      vertex 40.75 -22 9.8
    endloop
  endfacet
  facet normal -0.85778 0.514016 0
    outer loop
      vertex 43.0393 -22.6945 9.8
      vertex 43.1024 -22.5892 20.8
      vertex 43.1024 -22.5892 9.8
    endloop
  endfacet
  facet normal -0.85778 0.514016 0
    outer loop
      vertex 43.1024 -22.5892 20.8
      vertex 43.0393 -22.6945 9.8
      vertex 43.0393 -22.6945 20.8
    endloop
  endfacet
  facet normal -0.970047 0.242919 0
    outer loop
      vertex 43.1962 -22.3629 9.8
      vertex 43.226 -22.2439 20.8
      vertex 43.226 -22.2439 9.8
    endloop
  endfacet
  facet normal -0.970047 0.242919 0
    outer loop
      vertex 43.226 -22.2439 20.8
      vertex 43.1962 -22.3629 9.8
      vertex 43.1962 -22.3629 20.8
    endloop
  endfacet
  facet normal -0.146667 0.989186 0
    outer loop
      vertex 42.2439 -23.226 9.8
      vertex 42.1225 -23.244 20.8
      vertex 42.2439 -23.226 20.8
    endloop
  endfacet
  facet normal -0.146667 0.989186 0
    outer loop
      vertex 42.1225 -23.244 20.8
      vertex 42.2439 -23.226 9.8
      vertex 42.1225 -23.244 9.8
    endloop
  endfacet
  facet normal -0.941613 0.336698 0
    outer loop
      vertex 43.1549 -22.4784 9.8
      vertex 43.1962 -22.3629 20.8
      vertex 43.1962 -22.3629 9.8
    endloop
  endfacet
  facet normal -0.941613 0.336698 0
    outer loop
      vertex 43.1962 -22.3629 20.8
      vertex 43.1549 -22.4784 9.8
      vertex 43.1549 -22.4784 20.8
    endloop
  endfacet
  facet normal 0.336698 -0.941613 0
    outer loop
      vertex 41.5216 -20.8451 9.8
      vertex 41.6371 -20.8038 20.8
      vertex 41.5216 -20.8451 20.8
    endloop
  endfacet
  facet normal 0.336698 -0.941613 0
    outer loop
      vertex 41.6371 -20.8038 20.8
      vertex 41.5216 -20.8451 9.8
      vertex 41.6371 -20.8038 9.8
    endloop
  endfacet
  facet normal 0.0489209 0.998803 -0
    outer loop
      vertex 42 -23.25 9.8
      vertex 41.8775 -23.244 20.8
      vertex 42 -23.25 20.8
    endloop
  endfacet
  facet normal 0.0489209 0.998803 0
    outer loop
      vertex 41.8775 -23.244 20.8
      vertex 42 -23.25 9.8
      vertex 41.8775 -23.244 9.8
    endloop
  endfacet
  facet normal -0.740898 -0.671617 0
    outer loop
      vertex 42.9663 -21.207 9.8
      vertex 42.8839 -21.1161 20.8
      vertex 42.8839 -21.1161 9.8
    endloop
  endfacet
  facet normal -0.740898 -0.671617 0
    outer loop
      vertex 42.8839 -21.1161 20.8
      vertex 42.9663 -21.207 9.8
      vertex 42.9663 -21.207 20.8
    endloop
  endfacet
  facet normal 0.671617 -0.740898 0
    outer loop
      vertex 41.1161 -21.1161 9.8
      vertex 41.207 -21.0337 20.8
      vertex 41.1161 -21.1161 20.8
    endloop
  endfacet
  facet normal 0.671617 -0.740898 0
    outer loop
      vertex 41.207 -21.0337 20.8
      vertex 41.1161 -21.1161 9.8
      vertex 41.207 -21.0337 9.8
    endloop
  endfacet
  facet normal -0.903688 -0.428192 0
    outer loop
      vertex 43.1549 -21.5216 9.8
      vertex 43.1024 -21.4108 20.8
      vertex 43.1024 -21.4108 9.8
    endloop
  endfacet
  facet normal -0.903688 -0.428192 0
    outer loop
      vertex 43.1024 -21.4108 20.8
      vertex 43.1549 -21.5216 9.8
      vertex 43.1549 -21.5216 20.8
    endloop
  endfacet
  facet normal -0.989186 0.146667 0
    outer loop
      vertex 43.226 -22.2439 9.8
      vertex 43.244 -22.1225 20.8
      vertex 43.244 -22.1225 9.8
    endloop
  endfacet
  facet normal -0.989186 0.146667 0
    outer loop
      vertex 43.244 -22.1225 20.8
      vertex 43.226 -22.2439 9.8
      vertex 43.226 -22.2439 20.8
    endloop
  endfacet
  facet normal -0.740898 0.671617 0
    outer loop
      vertex 42.8839 -22.8839 9.8
      vertex 42.9663 -22.793 20.8
      vertex 42.9663 -22.793 9.8
    endloop
  endfacet
  facet normal -0.740898 0.671617 0
    outer loop
      vertex 42.9663 -22.793 20.8
      vertex 42.8839 -22.8839 9.8
      vertex 42.8839 -22.8839 20.8
    endloop
  endfacet
  facet normal -0.85778 -0.514016 0
    outer loop
      vertex 43.1024 -21.4108 9.8
      vertex 43.0393 -21.3055 20.8
      vertex 43.0393 -21.3055 9.8
    endloop
  endfacet
  facet normal -0.85778 -0.514016 0
    outer loop
      vertex 43.0393 -21.3055 20.8
      vertex 43.1024 -21.4108 9.8
      vertex 43.1024 -21.4108 20.8
    endloop
  endfacet
  facet normal 0.85778 0.514016 0
    outer loop
      vertex 40.9607 -22.6945 20.8
      vertex 40.8976 -22.5892 9.8
      vertex 40.8976 -22.5892 20.8
    endloop
  endfacet
  facet normal 0.85778 0.514016 0
    outer loop
      vertex 40.8976 -22.5892 9.8
      vertex 40.9607 -22.6945 20.8
      vertex 40.9607 -22.6945 9.8
    endloop
  endfacet
  facet normal 0.242919 0.970047 -0
    outer loop
      vertex 41.7561 -23.226 9.8
      vertex 41.6371 -23.1962 20.8
      vertex 41.7561 -23.226 20.8
    endloop
  endfacet
  facet normal 0.242919 0.970047 0
    outer loop
      vertex 41.6371 -23.1962 20.8
      vertex 41.7561 -23.226 9.8
      vertex 41.6371 -23.1962 9.8
    endloop
  endfacet
  facet normal 0.989186 -0.146667 0
    outer loop
      vertex 40.756 -21.8775 20.8
      vertex 40.774 -21.7561 9.8
      vertex 40.774 -21.7561 20.8
    endloop
  endfacet
  facet normal 0.989186 -0.146667 0
    outer loop
      vertex 40.774 -21.7561 9.8
      vertex 40.756 -21.8775 20.8
      vertex 40.756 -21.8775 9.8
    endloop
  endfacet
  facet normal 0.0489209 -0.998803 0
    outer loop
      vertex 41.8775 -20.756 9.8
      vertex 42 -20.75 20.8
      vertex 41.8775 -20.756 20.8
    endloop
  endfacet
  facet normal 0.0489209 -0.998803 0
    outer loop
      vertex 42 -20.75 20.8
      vertex 41.8775 -20.756 9.8
      vertex 42 -20.75 9.8
    endloop
  endfacet
  facet normal 0.740898 -0.671617 0
    outer loop
      vertex 41.0337 -21.207 20.8
      vertex 41.1161 -21.1161 9.8
      vertex 41.1161 -21.1161 20.8
    endloop
  endfacet
  facet normal 0.740898 -0.671617 0
    outer loop
      vertex 41.1161 -21.1161 9.8
      vertex 41.0337 -21.207 20.8
      vertex 41.0337 -21.207 9.8
    endloop
  endfacet
  facet normal 0.595423 0.803413 -0
    outer loop
      vertex 41.3055 -23.0393 9.8
      vertex 41.207 -22.9663 20.8
      vertex 41.3055 -23.0393 20.8
    endloop
  endfacet
  facet normal 0.595423 0.803413 0
    outer loop
      vertex 41.207 -22.9663 20.8
      vertex 41.3055 -23.0393 9.8
      vertex 41.207 -22.9663 9.8
    endloop
  endfacet
  facet normal -0.595423 0.803413 0
    outer loop
      vertex 42.793 -22.9663 9.8
      vertex 42.6945 -23.0393 20.8
      vertex 42.793 -22.9663 20.8
    endloop
  endfacet
  facet normal -0.595423 0.803413 0
    outer loop
      vertex 42.6945 -23.0393 20.8
      vertex 42.793 -22.9663 9.8
      vertex 42.6945 -23.0393 9.8
    endloop
  endfacet
  facet normal 0.803413 -0.595423 0
    outer loop
      vertex 40.9607 -21.3055 20.8
      vertex 41.0337 -21.207 9.8
      vertex 41.0337 -21.207 20.8
    endloop
  endfacet
  facet normal 0.803413 -0.595423 0
    outer loop
      vertex 41.0337 -21.207 9.8
      vertex 40.9607 -21.3055 20.8
      vertex 40.9607 -21.3055 9.8
    endloop
  endfacet
  facet normal 0.970047 -0.242919 0
    outer loop
      vertex 40.774 -21.7561 20.8
      vertex 40.8038 -21.6371 9.8
      vertex 40.8038 -21.6371 20.8
    endloop
  endfacet
  facet normal 0.970047 -0.242919 0
    outer loop
      vertex 40.8038 -21.6371 9.8
      vertex 40.774 -21.7561 20.8
      vertex 40.774 -21.7561 9.8
    endloop
  endfacet
  facet normal -0.671617 0.740898 0
    outer loop
      vertex 42.8839 -22.8839 9.8
      vertex 42.793 -22.9663 20.8
      vertex 42.8839 -22.8839 20.8
    endloop
  endfacet
  facet normal -0.671617 0.740898 0
    outer loop
      vertex 42.793 -22.9663 20.8
      vertex 42.8839 -22.8839 9.8
      vertex 42.793 -22.9663 9.8
    endloop
  endfacet
  facet normal 0.336698 0.941613 -0
    outer loop
      vertex 41.6371 -23.1962 9.8
      vertex 41.5216 -23.1549 20.8
      vertex 41.6371 -23.1962 20.8
    endloop
  endfacet
  facet normal 0.336698 0.941613 0
    outer loop
      vertex 41.5216 -23.1549 20.8
      vertex 41.6371 -23.1962 9.8
      vertex 41.5216 -23.1549 9.8
    endloop
  endfacet
  facet normal 0.998803 -0.0489209 0
    outer loop
      vertex 40.75 -22 20.8
      vertex 40.756 -21.8775 9.8
      vertex 40.756 -21.8775 20.8
    endloop
  endfacet
  facet normal 0.998803 -0.0489209 0
    outer loop
      vertex 40.756 -21.8775 9.8
      vertex 40.75 -22 20.8
      vertex 40.75 -22 9.8
    endloop
  endfacet
  facet normal 0.998803 0.0489209 0
    outer loop
      vertex 40.756 -22.1225 20.8
      vertex 40.75 -22 9.8
      vertex 40.75 -22 20.8
    endloop
  endfacet
  facet normal 0.998803 0.0489209 0
    outer loop
      vertex 40.75 -22 9.8
      vertex 40.756 -22.1225 20.8
      vertex 40.756 -22.1225 9.8
    endloop
  endfacet
  facet normal 0.671617 0.740898 -0
    outer loop
      vertex 41.207 -22.9663 9.8
      vertex 41.1161 -22.8839 20.8
      vertex 41.207 -22.9663 20.8
    endloop
  endfacet
  facet normal 0.671617 0.740898 0
    outer loop
      vertex 41.1161 -22.8839 20.8
      vertex 41.207 -22.9663 9.8
      vertex 41.1161 -22.8839 9.8
    endloop
  endfacet
  facet normal 0.740898 0.671617 0
    outer loop
      vertex 41.1161 -22.8839 20.8
      vertex 41.0337 -22.793 9.8
      vertex 41.0337 -22.793 20.8
    endloop
  endfacet
  facet normal 0.740898 0.671617 0
    outer loop
      vertex 41.0337 -22.793 9.8
      vertex 41.1161 -22.8839 20.8
      vertex 41.1161 -22.8839 9.8
    endloop
  endfacet
  facet normal 0.336698 0.941613 -0
    outer loop
      vertex 41.6371 20.8038 9.8
      vertex 41.5216 20.8451 20.8
      vertex 41.6371 20.8038 20.8
    endloop
  endfacet
  facet normal 0.336698 0.941613 0
    outer loop
      vertex 41.5216 20.8451 20.8
      vertex 41.6371 20.8038 9.8
      vertex 41.5216 20.8451 9.8
    endloop
  endfacet
  facet normal -0.989186 -0.146667 0
    outer loop
      vertex 43.244 22.1225 9.8
      vertex 43.226 22.2439 20.8
      vertex 43.226 22.2439 9.8
    endloop
  endfacet
  facet normal -0.989186 -0.146667 0
    outer loop
      vertex 43.226 22.2439 20.8
      vertex 43.244 22.1225 9.8
      vertex 43.244 22.1225 20.8
    endloop
  endfacet
  facet normal -0.998803 -0.0489209 0
    outer loop
      vertex 43.25 22 9.8
      vertex 43.244 22.1225 20.8
      vertex 43.244 22.1225 9.8
    endloop
  endfacet
  facet normal -0.998803 -0.0489209 0
    outer loop
      vertex 43.244 22.1225 20.8
      vertex 43.25 22 9.8
      vertex 43.25 22 20.8
    endloop
  endfacet
  facet normal -0.970047 -0.242919 0
    outer loop
      vertex 43.226 22.2439 9.8
      vertex 43.1962 22.3629 20.8
      vertex 43.1962 22.3629 9.8
    endloop
  endfacet
  facet normal -0.970047 -0.242919 0
    outer loop
      vertex 43.1962 22.3629 20.8
      vertex 43.226 22.2439 9.8
      vertex 43.226 22.2439 20.8
    endloop
  endfacet
  facet normal 0.989186 -0.146667 0
    outer loop
      vertex 40.756 22.1225 20.8
      vertex 40.774 22.2439 9.8
      vertex 40.774 22.2439 20.8
    endloop
  endfacet
  facet normal 0.989186 -0.146667 0
    outer loop
      vertex 40.774 22.2439 9.8
      vertex 40.756 22.1225 20.8
      vertex 40.756 22.1225 9.8
    endloop
  endfacet
  facet normal 0.242919 0.970047 -0
    outer loop
      vertex 41.7561 20.774 9.8
      vertex 41.6371 20.8038 20.8
      vertex 41.7561 20.774 20.8
    endloop
  endfacet
  facet normal 0.242919 0.970047 0
    outer loop
      vertex 41.6371 20.8038 20.8
      vertex 41.7561 20.774 9.8
      vertex 41.6371 20.8038 9.8
    endloop
  endfacet
  facet normal -0.336698 -0.941613 0
    outer loop
      vertex 42.3629 23.1962 9.8
      vertex 42.4784 23.1549 20.8
      vertex 42.3629 23.1962 20.8
    endloop
  endfacet
  facet normal -0.336698 -0.941613 -0
    outer loop
      vertex 42.4784 23.1549 20.8
      vertex 42.3629 23.1962 9.8
      vertex 42.4784 23.1549 9.8
    endloop
  endfacet
  facet normal 0.514016 -0.85778 0
    outer loop
      vertex 41.3055 23.0393 9.8
      vertex 41.4108 23.1024 20.8
      vertex 41.3055 23.0393 20.8
    endloop
  endfacet
  facet normal 0.514016 -0.85778 0
    outer loop
      vertex 41.4108 23.1024 20.8
      vertex 41.3055 23.0393 9.8
      vertex 41.4108 23.1024 9.8
    endloop
  endfacet
  facet normal 0.903688 0.428192 0
    outer loop
      vertex 40.8976 21.4108 20.8
      vertex 40.8451 21.5216 9.8
      vertex 40.8451 21.5216 20.8
    endloop
  endfacet
  facet normal 0.903688 0.428192 0
    outer loop
      vertex 40.8451 21.5216 9.8
      vertex 40.8976 21.4108 20.8
      vertex 40.8976 21.4108 9.8
    endloop
  endfacet
  facet normal 0.242919 -0.970047 0
    outer loop
      vertex 41.6371 23.1962 9.8
      vertex 41.7561 23.226 20.8
      vertex 41.6371 23.1962 20.8
    endloop
  endfacet
  facet normal 0.242919 -0.970047 0
    outer loop
      vertex 41.7561 23.226 20.8
      vertex 41.6371 23.1962 9.8
      vertex 41.7561 23.226 9.8
    endloop
  endfacet
  facet normal 0.85778 0.514016 0
    outer loop
      vertex 40.9607 21.3055 20.8
      vertex 40.8976 21.4108 9.8
      vertex 40.8976 21.4108 20.8
    endloop
  endfacet
  facet normal 0.85778 0.514016 0
    outer loop
      vertex 40.8976 21.4108 9.8
      vertex 40.9607 21.3055 20.8
      vertex 40.9607 21.3055 9.8
    endloop
  endfacet
  facet normal -0.242919 0.970047 0
    outer loop
      vertex 42.3629 20.8038 9.8
      vertex 42.2439 20.774 20.8
      vertex 42.3629 20.8038 20.8
    endloop
  endfacet
  facet normal -0.242919 0.970047 0
    outer loop
      vertex 42.2439 20.774 20.8
      vertex 42.3629 20.8038 9.8
      vertex 42.2439 20.774 9.8
    endloop
  endfacet
  facet normal 0.595423 0.803413 -0
    outer loop
      vertex 41.3055 20.9607 9.8
      vertex 41.207 21.0337 20.8
      vertex 41.3055 20.9607 20.8
    endloop
  endfacet
  facet normal 0.595423 0.803413 0
    outer loop
      vertex 41.207 21.0337 20.8
      vertex 41.3055 20.9607 9.8
      vertex 41.207 21.0337 9.8
    endloop
  endfacet
  facet normal -0.514016 0.85778 0
    outer loop
      vertex 42.6945 20.9607 9.8
      vertex 42.5892 20.8976 20.8
      vertex 42.6945 20.9607 20.8
    endloop
  endfacet
  facet normal -0.514016 0.85778 0
    outer loop
      vertex 42.5892 20.8976 20.8
      vertex 42.6945 20.9607 9.8
      vertex 42.5892 20.8976 9.8
    endloop
  endfacet
  facet normal -0.803413 0.595423 0
    outer loop
      vertex 42.9663 21.207 9.8
      vertex 43.0393 21.3055 20.8
      vertex 43.0393 21.3055 9.8
    endloop
  endfacet
  facet normal -0.803413 0.595423 0
    outer loop
      vertex 43.0393 21.3055 20.8
      vertex 42.9663 21.207 9.8
      vertex 42.9663 21.207 20.8
    endloop
  endfacet
  facet normal -0.146667 -0.989186 0
    outer loop
      vertex 42.1225 23.244 9.8
      vertex 42.2439 23.226 20.8
      vertex 42.1225 23.244 20.8
    endloop
  endfacet
  facet normal -0.146667 -0.989186 -0
    outer loop
      vertex 42.2439 23.226 20.8
      vertex 42.1225 23.244 9.8
      vertex 42.2439 23.226 9.8
    endloop
  endfacet
  facet normal 0.595423 -0.803413 0
    outer loop
      vertex 41.207 22.9663 9.8
      vertex 41.3055 23.0393 20.8
      vertex 41.207 22.9663 20.8
    endloop
  endfacet
  facet normal 0.595423 -0.803413 0
    outer loop
      vertex 41.3055 23.0393 20.8
      vertex 41.207 22.9663 9.8
      vertex 41.3055 23.0393 9.8
    endloop
  endfacet
  facet normal 0.803413 -0.595423 0
    outer loop
      vertex 40.9607 22.6945 20.8
      vertex 41.0337 22.793 9.8
      vertex 41.0337 22.793 20.8
    endloop
  endfacet
  facet normal 0.803413 -0.595423 0
    outer loop
      vertex 41.0337 22.793 9.8
      vertex 40.9607 22.6945 20.8
      vertex 40.9607 22.6945 9.8
    endloop
  endfacet
  facet normal -0.989186 0.146667 0
    outer loop
      vertex 43.226 21.7561 9.8
      vertex 43.244 21.8775 20.8
      vertex 43.244 21.8775 9.8
    endloop
  endfacet
  facet normal -0.989186 0.146667 0
    outer loop
      vertex 43.244 21.8775 20.8
      vertex 43.226 21.7561 9.8
      vertex 43.226 21.7561 20.8
    endloop
  endfacet
  facet normal 0.941613 -0.336698 0
    outer loop
      vertex 40.8038 22.3629 20.8
      vertex 40.8451 22.4784 9.8
      vertex 40.8451 22.4784 20.8
    endloop
  endfacet
  facet normal 0.941613 -0.336698 0
    outer loop
      vertex 40.8451 22.4784 9.8
      vertex 40.8038 22.3629 20.8
      vertex 40.8038 22.3629 9.8
    endloop
  endfacet
  facet normal -0.428192 -0.903688 0
    outer loop
      vertex 42.4784 23.1549 9.8
      vertex 42.5892 23.1024 20.8
      vertex 42.4784 23.1549 20.8
    endloop
  endfacet
  facet normal -0.428192 -0.903688 -0
    outer loop
      vertex 42.5892 23.1024 20.8
      vertex 42.4784 23.1549 9.8
      vertex 42.5892 23.1024 9.8
    endloop
  endfacet
  facet normal 0.941613 0.336698 0
    outer loop
      vertex 40.8451 21.5216 20.8
      vertex 40.8038 21.6371 9.8
      vertex 40.8038 21.6371 20.8
    endloop
  endfacet
  facet normal 0.941613 0.336698 0
    outer loop
      vertex 40.8038 21.6371 9.8
      vertex 40.8451 21.5216 20.8
      vertex 40.8451 21.5216 9.8
    endloop
  endfacet
  facet normal -0.970047 0.242919 0
    outer loop
      vertex 43.1962 21.6371 9.8
      vertex 43.226 21.7561 20.8
      vertex 43.226 21.7561 9.8
    endloop
  endfacet
  facet normal -0.970047 0.242919 0
    outer loop
      vertex 43.226 21.7561 20.8
      vertex 43.1962 21.6371 9.8
      vertex 43.1962 21.6371 20.8
    endloop
  endfacet
  facet normal 0.0489209 -0.998803 0
    outer loop
      vertex 41.8775 23.244 9.8
      vertex 42 23.25 20.8
      vertex 41.8775 23.244 20.8
    endloop
  endfacet
  facet normal 0.0489209 -0.998803 0
    outer loop
      vertex 42 23.25 20.8
      vertex 41.8775 23.244 9.8
      vertex 42 23.25 9.8
    endloop
  endfacet
  facet normal -0.671617 -0.740898 0
    outer loop
      vertex 42.793 22.9663 9.8
      vertex 42.8839 22.8839 20.8
      vertex 42.793 22.9663 20.8
    endloop
  endfacet
  facet normal -0.671617 -0.740898 -0
    outer loop
      vertex 42.8839 22.8839 20.8
      vertex 42.793 22.9663 9.8
      vertex 42.8839 22.8839 9.8
    endloop
  endfacet
  facet normal 0.428192 -0.903688 0
    outer loop
      vertex 41.4108 23.1024 9.8
      vertex 41.5216 23.1549 20.8
      vertex 41.4108 23.1024 20.8
    endloop
  endfacet
  facet normal 0.428192 -0.903688 0
    outer loop
      vertex 41.5216 23.1549 20.8
      vertex 41.4108 23.1024 9.8
      vertex 41.5216 23.1549 9.8
    endloop
  endfacet
  facet normal 0.671617 -0.740898 0
    outer loop
      vertex 41.1161 22.8839 9.8
      vertex 41.207 22.9663 20.8
      vertex 41.1161 22.8839 20.8
    endloop
  endfacet
  facet normal 0.671617 -0.740898 0
    outer loop
      vertex 41.207 22.9663 20.8
      vertex 41.1161 22.8839 9.8
      vertex 41.207 22.9663 9.8
    endloop
  endfacet
  facet normal -0.336698 0.941613 0
    outer loop
      vertex 42.4784 20.8451 9.8
      vertex 42.3629 20.8038 20.8
      vertex 42.4784 20.8451 20.8
    endloop
  endfacet
  facet normal -0.336698 0.941613 0
    outer loop
      vertex 42.3629 20.8038 20.8
      vertex 42.4784 20.8451 9.8
      vertex 42.3629 20.8038 9.8
    endloop
  endfacet
  facet normal 0.336698 -0.941613 0
    outer loop
      vertex 41.5216 23.1549 9.8
      vertex 41.6371 23.1962 20.8
      vertex 41.5216 23.1549 20.8
    endloop
  endfacet
  facet normal 0.336698 -0.941613 0
    outer loop
      vertex 41.6371 23.1962 20.8
      vertex 41.5216 23.1549 9.8
      vertex 41.6371 23.1962 9.8
    endloop
  endfacet
  facet normal -0.803413 -0.595423 0
    outer loop
      vertex 43.0393 22.6945 9.8
      vertex 42.9663 22.793 20.8
      vertex 42.9663 22.793 9.8
    endloop
  endfacet
  facet normal -0.803413 -0.595423 0
    outer loop
      vertex 42.9663 22.793 20.8
      vertex 43.0393 22.6945 9.8
      vertex 43.0393 22.6945 20.8
    endloop
  endfacet
  facet normal 0.85778 -0.514016 0
    outer loop
      vertex 40.8976 22.5892 20.8
      vertex 40.9607 22.6945 9.8
      vertex 40.9607 22.6945 20.8
    endloop
  endfacet
  facet normal 0.85778 -0.514016 0
    outer loop
      vertex 40.9607 22.6945 9.8
      vertex 40.8976 22.5892 20.8
      vertex 40.8976 22.5892 9.8
    endloop
  endfacet
  facet normal -0.998803 0.0489209 0
    outer loop
      vertex 43.244 21.8775 9.8
      vertex 43.25 22 20.8
      vertex 43.25 22 9.8
    endloop
  endfacet
  facet normal -0.998803 0.0489209 0
    outer loop
      vertex 43.25 22 20.8
      vertex 43.244 21.8775 9.8
      vertex 43.244 21.8775 20.8
    endloop
  endfacet
  facet normal -0.903688 0.428192 0
    outer loop
      vertex 43.1024 21.4108 9.8
      vertex 43.1549 21.5216 20.8
      vertex 43.1549 21.5216 9.8
    endloop
  endfacet
  facet normal -0.903688 0.428192 0
    outer loop
      vertex 43.1549 21.5216 20.8
      vertex 43.1024 21.4108 9.8
      vertex 43.1024 21.4108 20.8
    endloop
  endfacet
  facet normal 0 0 1
    outer loop
      vertex 43.244 22.1225 9.8
      vertex 43.244 21.8775 9.8
      vertex 43.25 22 9.8
    endloop
  endfacet
  facet normal 0 0 1
    outer loop
      vertex 43.226 22.2439 9.8
      vertex 43.244 21.8775 9.8
      vertex 43.244 22.1225 9.8
    endloop
  endfacet
  facet normal 0 0 1
    outer loop
      vertex 43.226 22.2439 9.8
      vertex 43.226 21.7561 9.8
      vertex 43.244 21.8775 9.8
    endloop
  endfacet
  facet normal 0 0 1
    outer loop
      vertex 43.1962 22.3629 9.8
      vertex 43.226 21.7561 9.8
      vertex 43.226 22.2439 9.8
    endloop
  endfacet
  facet normal 0 0 1
    outer loop
      vertex 43.1962 22.3629 9.8
      vertex 43.1962 21.6371 9.8
      vertex 43.226 21.7561 9.8
    endloop
  endfacet
  facet normal 0 0 1
    outer loop
      vertex 43.1549 22.4784 9.8
      vertex 43.1962 21.6371 9.8
      vertex 43.1962 22.3629 9.8
    endloop
  endfacet
  facet normal 0 0 1
    outer loop
      vertex 43.1549 22.4784 9.8
      vertex 43.1549 21.5216 9.8
      vertex 43.1962 21.6371 9.8
    endloop
  endfacet
  facet normal 0 0 1
    outer loop
      vertex 43.1024 22.5892 9.8
      vertex 43.1549 21.5216 9.8
      vertex 43.1549 22.4784 9.8
    endloop
  endfacet
  facet normal 0 0 1
    outer loop
      vertex 43.1024 22.5892 9.8
      vertex 43.1024 21.4108 9.8
      vertex 43.1549 21.5216 9.8
    endloop
  endfacet
  facet normal 0 0 1
    outer loop
      vertex 43.0393 22.6945 9.8
      vertex 43.1024 21.4108 9.8
      vertex 43.1024 22.5892 9.8
    endloop
  endfacet
  facet normal 0 0 1
    outer loop
      vertex 43.0393 22.6945 9.8
      vertex 43.0393 21.3055 9.8
      vertex 43.1024 21.4108 9.8
    endloop
  endfacet
  facet normal 0 0 1
    outer loop
      vertex 42.9663 22.793 9.8
      vertex 43.0393 21.3055 9.8
      vertex 43.0393 22.6945 9.8
    endloop
  endfacet
  facet normal 0 0 1
    outer loop
      vertex 42.9663 22.793 9.8
      vertex 42.9663 21.207 9.8
      vertex 43.0393 21.3055 9.8
    endloop
  endfacet
  facet normal 0 0 1
    outer loop
      vertex 42.8839 22.8839 9.8
      vertex 42.9663 21.207 9.8
      vertex 42.9663 22.793 9.8
    endloop
  endfacet
  facet normal 0 0 1
    outer loop
      vertex 42.8839 22.8839 9.8
      vertex 42.8839 21.1161 9.8
      vertex 42.9663 21.207 9.8
    endloop
  endfacet
  facet normal 0 0 1
    outer loop
      vertex 42.793 22.9663 9.8
      vertex 42.8839 21.1161 9.8
      vertex 42.8839 22.8839 9.8
    endloop
  endfacet
  facet normal 0 0 1
    outer loop
      vertex 42.793 22.9663 9.8
      vertex 42.793 21.0337 9.8
      vertex 42.8839 21.1161 9.8
    endloop
  endfacet
  facet normal 0 0 1
    outer loop
      vertex 42.6945 23.0393 9.8
      vertex 42.793 21.0337 9.8
      vertex 42.793 22.9663 9.8
    endloop
  endfacet
  facet normal 0 0 1
    outer loop
      vertex 42.6945 23.0393 9.8
      vertex 42.6945 20.9607 9.8
      vertex 42.793 21.0337 9.8
    endloop
  endfacet
  facet normal 0 0 1
    outer loop
      vertex 42.5892 23.1024 9.8
      vertex 42.6945 20.9607 9.8
      vertex 42.6945 23.0393 9.8
    endloop
  endfacet
  facet normal 0 0 1
    outer loop
      vertex 42.5892 23.1024 9.8
      vertex 42.5892 20.8976 9.8
      vertex 42.6945 20.9607 9.8
    endloop
  endfacet
  facet normal 0 0 1
    outer loop
      vertex 42.4784 23.1549 9.8
      vertex 42.5892 20.8976 9.8
      vertex 42.5892 23.1024 9.8
    endloop
  endfacet
  facet normal 0 0 1
    outer loop
      vertex 42.4784 23.1549 9.8
      vertex 42.4784 20.8451 9.8
      vertex 42.5892 20.8976 9.8
    endloop
  endfacet
  facet normal 0 0 1
    outer loop
      vertex 42.3629 23.1962 9.8
      vertex 42.4784 20.8451 9.8
      vertex 42.4784 23.1549 9.8
    endloop
  endfacet
  facet normal 0 0 1
    outer loop
      vertex 42.3629 23.1962 9.8
      vertex 42.3629 20.8038 9.8
      vertex 42.4784 20.8451 9.8
    endloop
  endfacet
  facet normal 0 0 1
    outer loop
      vertex 42.2439 23.226 9.8
      vertex 42.3629 20.8038 9.8
      vertex 42.3629 23.1962 9.8
    endloop
  endfacet
  facet normal 0 0 1
    outer loop
      vertex 42.2439 23.226 9.8
      vertex 42.2439 20.774 9.8
      vertex 42.3629 20.8038 9.8
    endloop
  endfacet
  facet normal 0 0 1
    outer loop
      vertex 42.1225 23.244 9.8
      vertex 42.2439 20.774 9.8
      vertex 42.2439 23.226 9.8
    endloop
  endfacet
  facet normal 0 0 1
    outer loop
      vertex 42.1225 23.244 9.8
      vertex 42.1225 20.756 9.8
      vertex 42.2439 20.774 9.8
    endloop
  endfacet
  facet normal 0 0 1
    outer loop
      vertex 42 23.25 9.8
      vertex 42.1225 20.756 9.8
      vertex 42.1225 23.244 9.8
    endloop
  endfacet
  facet normal 0 0 1
    outer loop
      vertex 42 23.25 9.8
      vertex 42 20.75 9.8
      vertex 42.1225 20.756 9.8
    endloop
  endfacet
  facet normal -0 0 1
    outer loop
      vertex 41.8775 23.244 9.8
      vertex 42 20.75 9.8
      vertex 42 23.25 9.8
    endloop
  endfacet
  facet normal 0 0 1
    outer loop
      vertex 41.8775 23.244 9.8
      vertex 41.8775 20.756 9.8
      vertex 42 20.75 9.8
    endloop
  endfacet
  facet normal -0 0 1
    outer loop
      vertex 41.7561 23.226 9.8
      vertex 41.8775 20.756 9.8
      vertex 41.8775 23.244 9.8
    endloop
  endfacet
  facet normal 0 0 1
    outer loop
      vertex 41.7561 23.226 9.8
      vertex 41.7561 20.774 9.8
      vertex 41.8775 20.756 9.8
    endloop
  endfacet
  facet normal -0 0 1
    outer loop
      vertex 41.6371 23.1962 9.8
      vertex 41.7561 20.774 9.8
      vertex 41.7561 23.226 9.8
    endloop
  endfacet
  facet normal 0 0 1
    outer loop
      vertex 41.6371 23.1962 9.8
      vertex 41.6371 20.8038 9.8
      vertex 41.7561 20.774 9.8
    endloop
  endfacet
  facet normal -0 0 1
    outer loop
      vertex 41.5216 23.1549 9.8
      vertex 41.6371 20.8038 9.8
      vertex 41.6371 23.1962 9.8
    endloop
  endfacet
  facet normal 0 0 1
    outer loop
      vertex 41.5216 23.1549 9.8
      vertex 41.5216 20.8451 9.8
      vertex 41.6371 20.8038 9.8
    endloop
  endfacet
  facet normal -0 0 1
    outer loop
      vertex 41.4108 23.1024 9.8
      vertex 41.5216 20.8451 9.8
      vertex 41.5216 23.1549 9.8
    endloop
  endfacet
  facet normal 0 0 1
    outer loop
      vertex 41.4108 23.1024 9.8
      vertex 41.4108 20.8976 9.8
      vertex 41.5216 20.8451 9.8
    endloop
  endfacet
  facet normal -0 0 1
    outer loop
      vertex 41.3055 23.0393 9.8
      vertex 41.4108 20.8976 9.8
      vertex 41.4108 23.1024 9.8
    endloop
  endfacet
  facet normal 0 0 1
    outer loop
      vertex 41.3055 23.0393 9.8
      vertex 41.3055 20.9607 9.8
      vertex 41.4108 20.8976 9.8
    endloop
  endfacet
  facet normal -0 0 1
    outer loop
      vertex 41.207 22.9663 9.8
      vertex 41.3055 20.9607 9.8
      vertex 41.3055 23.0393 9.8
    endloop
  endfacet
  facet normal 0 0 1
    outer loop
      vertex 41.207 22.9663 9.8
      vertex 41.207 21.0337 9.8
      vertex 41.3055 20.9607 9.8
    endloop
  endfacet
  facet normal -0 0 1
    outer loop
      vertex 41.1161 22.8839 9.8
      vertex 41.207 21.0337 9.8
      vertex 41.207 22.9663 9.8
    endloop
  endfacet
  facet normal 0 0 1
    outer loop
      vertex 41.1161 22.8839 9.8
      vertex 41.1161 21.1161 9.8
      vertex 41.207 21.0337 9.8
    endloop
  endfacet
  facet normal -0 0 1
    outer loop
      vertex 41.0337 22.793 9.8
      vertex 41.1161 21.1161 9.8
      vertex 41.1161 22.8839 9.8
    endloop
  endfacet
  facet normal 0 0 1
    outer loop
      vertex 41.0337 22.793 9.8
      vertex 41.0337 21.207 9.8
      vertex 41.1161 21.1161 9.8
    endloop
  endfacet
  facet normal -0 0 1
    outer loop
      vertex 40.9607 22.6945 9.8
      vertex 41.0337 21.207 9.8
      vertex 41.0337 22.793 9.8
    endloop
  endfacet
  facet normal 0 0 1
    outer loop
      vertex 40.9607 22.6945 9.8
      vertex 40.9607 21.3055 9.8
      vertex 41.0337 21.207 9.8
    endloop
  endfacet
  facet normal -0 0 1
    outer loop
      vertex 40.8976 22.5892 9.8
      vertex 40.9607 21.3055 9.8
      vertex 40.9607 22.6945 9.8
    endloop
  endfacet
  facet normal 0 0 1
    outer loop
      vertex 40.8976 22.5892 9.8
      vertex 40.8976 21.4108 9.8
      vertex 40.9607 21.3055 9.8
    endloop
  endfacet
  facet normal -0 0 1
    outer loop
      vertex 40.8451 22.4784 9.8
      vertex 40.8976 21.4108 9.8
      vertex 40.8976 22.5892 9.8
    endloop
  endfacet
  facet normal 0 0 1
    outer loop
      vertex 40.8451 22.4784 9.8
      vertex 40.8451 21.5216 9.8
      vertex 40.8976 21.4108 9.8
    endloop
  endfacet
  facet normal -0 0 1
    outer loop
      vertex 40.8038 22.3629 9.8
      vertex 40.8451 21.5216 9.8
      vertex 40.8451 22.4784 9.8
    endloop
  endfacet
  facet normal 0 0 1
    outer loop
      vertex 40.8038 22.3629 9.8
      vertex 40.8038 21.6371 9.8
      vertex 40.8451 21.5216 9.8
    endloop
  endfacet
  facet normal -0 0 1
    outer loop
      vertex 40.774 22.2439 9.8
      vertex 40.8038 21.6371 9.8
      vertex 40.8038 22.3629 9.8
    endloop
  endfacet
  facet normal 0 0 1
    outer loop
      vertex 40.774 22.2439 9.8
      vertex 40.774 21.7561 9.8
      vertex 40.8038 21.6371 9.8
    endloop
  endfacet
  facet normal -0 0 1
    outer loop
      vertex 40.756 22.1225 9.8
      vertex 40.774 21.7561 9.8
      vertex 40.774 22.2439 9.8
    endloop
  endfacet
  facet normal 0 0 1
    outer loop
      vertex 40.756 22.1225 9.8
      vertex 40.756 21.8775 9.8
      vertex 40.774 21.7561 9.8
    endloop
  endfacet
  facet normal 0 -0 1
    outer loop
      vertex 40.756 21.8775 9.8
      vertex 40.756 22.1225 9.8
      vertex 40.75 22 9.8
    endloop
  endfacet
  facet normal 0.671617 0.740898 -0
    outer loop
      vertex 41.207 21.0337 9.8
      vertex 41.1161 21.1161 20.8
      vertex 41.207 21.0337 20.8
    endloop
  endfacet
  facet normal 0.671617 0.740898 0
    outer loop
      vertex 41.1161 21.1161 20.8
      vertex 41.207 21.0337 9.8
      vertex 41.1161 21.1161 9.8
    endloop
  endfacet
  facet normal -0.595423 -0.803413 0
    outer loop
      vertex 42.6945 23.0393 9.8
      vertex 42.793 22.9663 20.8
      vertex 42.6945 23.0393 20.8
    endloop
  endfacet
  facet normal -0.595423 -0.803413 -0
    outer loop
      vertex 42.793 22.9663 20.8
      vertex 42.6945 23.0393 9.8
      vertex 42.793 22.9663 9.8
    endloop
  endfacet
  facet normal 0.514016 0.85778 -0
    outer loop
      vertex 41.4108 20.8976 9.8
      vertex 41.3055 20.9607 20.8
      vertex 41.4108 20.8976 20.8
    endloop
  endfacet
  facet normal 0.514016 0.85778 0
    outer loop
      vertex 41.3055 20.9607 20.8
      vertex 41.4108 20.8976 9.8
      vertex 41.3055 20.9607 9.8
    endloop
  endfacet
  facet normal -0.514016 -0.85778 0
    outer loop
      vertex 42.5892 23.1024 9.8
      vertex 42.6945 23.0393 20.8
      vertex 42.5892 23.1024 20.8
    endloop
  endfacet
  facet normal -0.514016 -0.85778 -0
    outer loop
      vertex 42.6945 23.0393 20.8
      vertex 42.5892 23.1024 9.8
      vertex 42.6945 23.0393 9.8
    endloop
  endfacet
  facet normal -0.146667 0.989186 0
    outer loop
      vertex 42.2439 20.774 9.8
      vertex 42.1225 20.756 20.8
      vertex 42.2439 20.774 20.8
    endloop
  endfacet
  facet normal -0.146667 0.989186 0
    outer loop
      vertex 42.1225 20.756 20.8
      vertex 42.2439 20.774 9.8
      vertex 42.1225 20.756 9.8
    endloop
  endfacet
  facet normal -0.941613 -0.336698 0
    outer loop
      vertex 43.1962 22.3629 9.8
      vertex 43.1549 22.4784 20.8
      vertex 43.1549 22.4784 9.8
    endloop
  endfacet
  facet normal -0.941613 -0.336698 0
    outer loop
      vertex 43.1549 22.4784 20.8
      vertex 43.1962 22.3629 9.8
      vertex 43.1962 22.3629 20.8
    endloop
  endfacet
  facet normal -0.85778 0.514016 0
    outer loop
      vertex 43.0393 21.3055 9.8
      vertex 43.1024 21.4108 20.8
      vertex 43.1024 21.4108 9.8
    endloop
  endfacet
  facet normal -0.85778 0.514016 0
    outer loop
      vertex 43.1024 21.4108 20.8
      vertex 43.0393 21.3055 9.8
      vertex 43.0393 21.3055 20.8
    endloop
  endfacet
  facet normal 0.998803 0.0489209 0
    outer loop
      vertex 40.756 21.8775 20.8
      vertex 40.75 22 9.8
      vertex 40.75 22 20.8
    endloop
  endfacet
  facet normal 0.998803 0.0489209 0
    outer loop
      vertex 40.75 22 9.8
      vertex 40.756 21.8775 20.8
      vertex 40.756 21.8775 9.8
    endloop
  endfacet
  facet normal -0.941613 0.336698 0
    outer loop
      vertex 43.1549 21.5216 9.8
      vertex 43.1962 21.6371 20.8
      vertex 43.1962 21.6371 9.8
    endloop
  endfacet
  facet normal -0.941613 0.336698 0
    outer loop
      vertex 43.1962 21.6371 20.8
      vertex 43.1549 21.5216 9.8
      vertex 43.1549 21.5216 20.8
    endloop
  endfacet
  facet normal -0.740898 -0.671617 0
    outer loop
      vertex 42.9663 22.793 9.8
      vertex 42.8839 22.8839 20.8
      vertex 42.8839 22.8839 9.8
    endloop
  endfacet
  facet normal -0.740898 -0.671617 0
    outer loop
      vertex 42.8839 22.8839 20.8
      vertex 42.9663 22.793 9.8
      vertex 42.9663 22.793 20.8
    endloop
  endfacet
  facet normal -0.0489209 -0.998803 0
    outer loop
      vertex 42 23.25 9.8
      vertex 42.1225 23.244 20.8
      vertex 42 23.25 20.8
    endloop
  endfacet
  facet normal -0.0489209 -0.998803 -0
    outer loop
      vertex 42.1225 23.244 20.8
      vertex 42 23.25 9.8
      vertex 42.1225 23.244 9.8
    endloop
  endfacet
  facet normal -0.903688 -0.428192 0
    outer loop
      vertex 43.1549 22.4784 9.8
      vertex 43.1024 22.5892 20.8
      vertex 43.1024 22.5892 9.8
    endloop
  endfacet
  facet normal -0.903688 -0.428192 0
    outer loop
      vertex 43.1024 22.5892 20.8
      vertex 43.1549 22.4784 9.8
      vertex 43.1549 22.4784 20.8
    endloop
  endfacet
  facet normal 0.146667 0.989186 -0
    outer loop
      vertex 41.8775 20.756 9.8
      vertex 41.7561 20.774 20.8
      vertex 41.8775 20.756 20.8
    endloop
  endfacet
  facet normal 0.146667 0.989186 0
    outer loop
      vertex 41.7561 20.774 20.8
      vertex 41.8775 20.756 9.8
      vertex 41.7561 20.774 9.8
    endloop
  endfacet
  facet normal -0.671617 0.740898 0
    outer loop
      vertex 42.8839 21.1161 9.8
      vertex 42.793 21.0337 20.8
      vertex 42.8839 21.1161 20.8
    endloop
  endfacet
  facet normal -0.671617 0.740898 0
    outer loop
      vertex 42.793 21.0337 20.8
      vertex 42.8839 21.1161 9.8
      vertex 42.793 21.0337 9.8
    endloop
  endfacet
  facet normal -0.85778 -0.514016 0
    outer loop
      vertex 43.1024 22.5892 9.8
      vertex 43.0393 22.6945 20.8
      vertex 43.0393 22.6945 9.8
    endloop
  endfacet
  facet normal -0.85778 -0.514016 0
    outer loop
      vertex 43.0393 22.6945 20.8
      vertex 43.1024 22.5892 9.8
      vertex 43.1024 22.5892 20.8
    endloop
  endfacet
  facet normal 0.0489209 0.998803 -0
    outer loop
      vertex 42 20.75 9.8
      vertex 41.8775 20.756 20.8
      vertex 42 20.75 20.8
    endloop
  endfacet
  facet normal 0.0489209 0.998803 0
    outer loop
      vertex 41.8775 20.756 20.8
      vertex 42 20.75 9.8
      vertex 41.8775 20.756 9.8
    endloop
  endfacet
  facet normal 0.740898 -0.671617 0
    outer loop
      vertex 41.0337 22.793 20.8
      vertex 41.1161 22.8839 9.8
      vertex 41.1161 22.8839 20.8
    endloop
  endfacet
  facet normal 0.740898 -0.671617 0
    outer loop
      vertex 41.1161 22.8839 9.8
      vertex 41.0337 22.793 20.8
      vertex 41.0337 22.793 9.8
    endloop
  endfacet
  facet normal 0.146667 -0.989186 0
    outer loop
      vertex 41.7561 23.226 9.8
      vertex 41.8775 23.244 20.8
      vertex 41.7561 23.226 20.8
    endloop
  endfacet
  facet normal 0.146667 -0.989186 0
    outer loop
      vertex 41.8775 23.244 20.8
      vertex 41.7561 23.226 9.8
      vertex 41.8775 23.244 9.8
    endloop
  endfacet
  facet normal 0.903688 -0.428192 0
    outer loop
      vertex 40.8451 22.4784 20.8
      vertex 40.8976 22.5892 9.8
      vertex 40.8976 22.5892 20.8
    endloop
  endfacet
  facet normal 0.903688 -0.428192 0
    outer loop
      vertex 40.8976 22.5892 9.8
      vertex 40.8451 22.4784 20.8
      vertex 40.8451 22.4784 9.8
    endloop
  endfacet
  facet normal 0.970047 -0.242919 0
    outer loop
      vertex 40.774 22.2439 20.8
      vertex 40.8038 22.3629 9.8
      vertex 40.8038 22.3629 20.8
    endloop
  endfacet
  facet normal 0.970047 -0.242919 0
    outer loop
      vertex 40.8038 22.3629 9.8
      vertex 40.774 22.2439 20.8
      vertex 40.774 22.2439 9.8
    endloop
  endfacet
  facet normal -0.242919 -0.970047 0
    outer loop
      vertex 42.2439 23.226 9.8
      vertex 42.3629 23.1962 20.8
      vertex 42.2439 23.226 20.8
    endloop
  endfacet
  facet normal -0.242919 -0.970047 -0
    outer loop
      vertex 42.3629 23.1962 20.8
      vertex 42.2439 23.226 9.8
      vertex 42.3629 23.1962 9.8
    endloop
  endfacet
  facet normal 0.970047 0.242919 0
    outer loop
      vertex 40.8038 21.6371 20.8
      vertex 40.774 21.7561 9.8
      vertex 40.774 21.7561 20.8
    endloop
  endfacet
  facet normal 0.970047 0.242919 0
    outer loop
      vertex 40.774 21.7561 9.8
      vertex 40.8038 21.6371 20.8
      vertex 40.8038 21.6371 9.8
    endloop
  endfacet
  facet normal 0.428192 0.903688 -0
    outer loop
      vertex 41.5216 20.8451 9.8
      vertex 41.4108 20.8976 20.8
      vertex 41.5216 20.8451 20.8
    endloop
  endfacet
  facet normal 0.428192 0.903688 0
    outer loop
      vertex 41.4108 20.8976 20.8
      vertex 41.5216 20.8451 9.8
      vertex 41.4108 20.8976 9.8
    endloop
  endfacet
  facet normal 0.740898 0.671617 0
    outer loop
      vertex 41.1161 21.1161 20.8
      vertex 41.0337 21.207 9.8
      vertex 41.0337 21.207 20.8
    endloop
  endfacet
  facet normal 0.740898 0.671617 0
    outer loop
      vertex 41.0337 21.207 9.8
      vertex 41.1161 21.1161 20.8
      vertex 41.1161 21.1161 9.8
    endloop
  endfacet
  facet normal -0.428192 0.903688 0
    outer loop
      vertex 42.5892 20.8976 9.8
      vertex 42.4784 20.8451 20.8
      vertex 42.5892 20.8976 20.8
    endloop
  endfacet
  facet normal -0.428192 0.903688 0
    outer loop
      vertex 42.4784 20.8451 20.8
      vertex 42.5892 20.8976 9.8
      vertex 42.4784 20.8451 9.8
    endloop
  endfacet
  facet normal -0.0489209 0.998803 0
    outer loop
      vertex 42.1225 20.756 9.8
      vertex 42 20.75 20.8
      vertex 42.1225 20.756 20.8
    endloop
  endfacet
  facet normal -0.0489209 0.998803 0
    outer loop
      vertex 42 20.75 20.8
      vertex 42.1225 20.756 9.8
      vertex 42 20.75 9.8
    endloop
  endfacet
  facet normal 0.989186 0.146667 0
    outer loop
      vertex 40.774 21.7561 20.8
      vertex 40.756 21.8775 9.8
      vertex 40.756 21.8775 20.8
    endloop
  endfacet
  facet normal 0.989186 0.146667 0
    outer loop
      vertex 40.756 21.8775 9.8
      vertex 40.774 21.7561 20.8
      vertex 40.774 21.7561 9.8
    endloop
  endfacet
  facet normal -0.595423 0.803413 0
    outer loop
      vertex 42.793 21.0337 9.8
      vertex 42.6945 20.9607 20.8
      vertex 42.793 21.0337 20.8
    endloop
  endfacet
  facet normal -0.595423 0.803413 0
    outer loop
      vertex 42.6945 20.9607 20.8
      vertex 42.793 21.0337 9.8
      vertex 42.6945 20.9607 9.8
    endloop
  endfacet
  facet normal 0.803413 0.595423 0
    outer loop
      vertex 41.0337 21.207 20.8
      vertex 40.9607 21.3055 9.8
      vertex 40.9607 21.3055 20.8
    endloop
  endfacet
  facet normal 0.803413 0.595423 0
    outer loop
      vertex 40.9607 21.3055 9.8
      vertex 41.0337 21.207 20.8
      vertex 41.0337 21.207 9.8
    endloop
  endfacet
  facet normal 0.998803 -0.0489209 0
    outer loop
      vertex 40.75 22 20.8
      vertex 40.756 22.1225 9.8
      vertex 40.756 22.1225 20.8
    endloop
  endfacet
  facet normal 0.998803 -0.0489209 0
    outer loop
      vertex 40.756 22.1225 9.8
      vertex 40.75 22 20.8
      vertex 40.75 22 9.8
    endloop
  endfacet
  facet normal -0.740898 0.671617 0
    outer loop
      vertex 42.8839 21.1161 9.8
      vertex 42.9663 21.207 20.8
      vertex 42.9663 21.207 9.8
    endloop
  endfacet
  facet normal -0.740898 0.671617 0
    outer loop
      vertex 42.9663 21.207 20.8
      vertex 42.8839 21.1161 9.8
      vertex 42.8839 21.1161 20.8
    endloop
  endfacet
  facet normal -0.989212 -0.146493 0
    outer loop
      vertex 17.0923 -1.34317 0
      vertex 17.0693 -1.18786 3.4
      vertex 17.0693 -1.18786 0
    endloop
  endfacet
  facet normal -0.989212 -0.146493 0
    outer loop
      vertex 17.0693 -1.18786 3.4
      vertex 17.0923 -1.34317 0
      vertex 17.0923 -1.34317 3.4
    endloop
  endfacet
  facet normal -0.998797 -0.0490387 0
    outer loop
      vertex 17.1 -1.5 0
      vertex 17.0923 -1.34317 3.4
      vertex 17.0923 -1.34317 0
    endloop
  endfacet
  facet normal -0.998797 -0.0490387 0
    outer loop
      vertex 17.0923 -1.34317 3.4
      vertex 17.1 -1.5 0
      vertex 17.1 -1.5 3.4
    endloop
  endfacet
  facet normal -0.969959 -0.24327 0
    outer loop
      vertex 17.0693 -1.18786 0
      vertex 17.0311 -1.03555 3.4
      vertex 17.0311 -1.03555 0
    endloop
  endfacet
  facet normal -0.969959 -0.24327 0
    outer loop
      vertex 17.0311 -1.03555 3.4
      vertex 17.0693 -1.18786 0
      vertex 17.0693 -1.18786 3.4
    endloop
  endfacet
  facet normal -0.427655 -0.903942 0
    outer loop
      vertex 16.1123 -0.0217934 0
      vertex 16.2542 -0.0889263 3.4
      vertex 16.1123 -0.0217934 3.4
    endloop
  endfacet
  facet normal -0.427655 -0.903942 -0
    outer loop
      vertex 16.2542 -0.0889263 3.4
      vertex 16.1123 -0.0217934 0
      vertex 16.2542 -0.0889263 0
    endloop
  endfacet
  facet normal 0.242895 0.970053 -0
    outer loop
      vertex 15.1879 -3.06926 0
      vertex 15.0355 -3.0311 3.4
      vertex 15.1879 -3.06926 3.4
    endloop
  endfacet
  facet normal 0.242895 0.970053 0
    outer loop
      vertex 15.0355 -3.0311 3.4
      vertex 15.1879 -3.06926 0
      vertex 15.0355 -3.0311 0
    endloop
  endfacet
  facet normal 0.857796 0.51399 0
    outer loop
      vertex 14.1696 -2.38891 3.4
      vertex 14.0889 -2.25423 0
      vertex 14.0889 -2.25423 3.4
    endloop
  endfacet
  facet normal 0.857796 0.51399 0
    outer loop
      vertex 14.0889 -2.25423 0
      vertex 14.1696 -2.38891 3.4
      vertex 14.1696 -2.38891 0
    endloop
  endfacet
  facet normal -0.146689 0.989183 0
    outer loop
      vertex 15.8121 -3.06926 0
      vertex 15.6568 -3.09229 3.4
      vertex 15.8121 -3.06926 3.4
    endloop
  endfacet
  facet normal -0.146689 0.989183 0
    outer loop
      vertex 15.6568 -3.09229 3.4
      vertex 15.8121 -3.06926 0
      vertex 15.6568 -3.09229 0
    endloop
  endfacet
  facet normal -0.741098 -0.671397 0
    outer loop
      vertex 16.7368 -0.484971 0
      vertex 16.6314 -0.368629 3.4
      vertex 16.6314 -0.368629 0
    endloop
  endfacet
  facet normal -0.741098 -0.671397 0
    outer loop
      vertex 16.6314 -0.368629 3.4
      vertex 16.7368 -0.484971 0
      vertex 16.7368 -0.484971 3.4
    endloop
  endfacet
  facet normal 0.51404 -0.857766 0
    outer loop
      vertex 14.6111 -0.169649 0
      vertex 14.7458 -0.0889263 3.4
      vertex 14.6111 -0.169649 3.4
    endloop
  endfacet
  facet normal 0.51404 -0.857766 0
    outer loop
      vertex 14.7458 -0.0889263 3.4
      vertex 14.6111 -0.169649 0
      vertex 14.7458 -0.0889263 0
    endloop
  endfacet
  facet normal -0.741092 0.671404 0
    outer loop
      vertex 16.6314 -2.63137 0
      vertex 16.7368 -2.51503 3.4
      vertex 16.7368 -2.51503 0
    endloop
  endfacet
  facet normal -0.741092 0.671404 0
    outer loop
      vertex 16.7368 -2.51503 3.4
      vertex 16.6314 -2.63137 0
      vertex 16.6314 -2.63137 3.4
    endloop
  endfacet
  facet normal -0.514027 0.857774 0
    outer loop
      vertex 16.3889 -2.83035 0
      vertex 16.2542 -2.91107 3.4
      vertex 16.3889 -2.83035 3.4
    endloop
  endfacet
  facet normal -0.514027 0.857774 0
    outer loop
      vertex 16.2542 -2.91107 3.4
      vertex 16.3889 -2.83035 0
      vertex 16.2542 -2.91107 0
    endloop
  endfacet
  facet normal -0.242845 -0.970065 0
    outer loop
      vertex 15.8121 0.0692558 0
      vertex 15.9645 0.0311041 3.4
      vertex 15.8121 0.0692558 3.4
    endloop
  endfacet
  facet normal -0.242845 -0.970065 -0
    outer loop
      vertex 15.9645 0.0311041 3.4
      vertex 15.8121 0.0692558 0
      vertex 15.9645 0.0311041 0
    endloop
  endfacet
  facet normal 0.989212 -0.146493 0
    outer loop
      vertex 13.9077 -1.34317 3.4
      vertex 13.9307 -1.18786 0
      vertex 13.9307 -1.18786 3.4
    endloop
  endfacet
  facet normal 0.989212 -0.146493 0
    outer loop
      vertex 13.9307 -1.18786 0
      vertex 13.9077 -1.34317 3.4
      vertex 13.9077 -1.34317 0
    endloop
  endfacet
  facet normal -0.857793 -0.513995 0
    outer loop
      vertex 16.9111 -0.745766 0
      vertex 16.8304 -0.611088 3.4
      vertex 16.8304 -0.611088 0
    endloop
  endfacet
  facet normal -0.857793 -0.513995 0
    outer loop
      vertex 16.8304 -0.611088 3.4
      vertex 16.9111 -0.745766 0
      vertex 16.9111 -0.745766 3.4
    endloop
  endfacet
  facet normal -0.969959 0.24327 0
    outer loop
      vertex 17.0311 -1.96445 0
      vertex 17.0693 -1.81214 3.4
      vertex 17.0693 -1.81214 0
    endloop
  endfacet
  facet normal -0.969959 0.24327 0
    outer loop
      vertex 17.0693 -1.81214 3.4
      vertex 17.0311 -1.96445 0
      vertex 17.0311 -1.96445 3.4
    endloop
  endfacet
  facet normal 0.146689 0.989183 -0
    outer loop
      vertex 15.3432 -3.09229 0
      vertex 15.1879 -3.06926 3.4
      vertex 15.3432 -3.09229 3.4
    endloop
  endfacet
  facet normal 0.146689 0.989183 0
    outer loop
      vertex 15.1879 -3.06926 3.4
      vertex 15.3432 -3.09229 0
      vertex 15.1879 -3.06926 0
    endloop
  endfacet
  facet normal 0.998797 0.0490387 0
    outer loop
      vertex 13.9077 -1.65683 3.4
      vertex 13.9 -1.5 0
      vertex 13.9 -1.5 3.4
    endloop
  endfacet
  facet normal 0.998797 0.0490387 0
    outer loop
      vertex 13.9 -1.5 0
      vertex 13.9077 -1.65683 3.4
      vertex 13.9077 -1.65683 0
    endloop
  endfacet
  facet normal -0.146745 -0.989174 0
    outer loop
      vertex 15.6568 0.0922947 0
      vertex 15.8121 0.0692558 3.4
      vertex 15.6568 0.0922947 3.4
    endloop
  endfacet
  facet normal -0.146745 -0.989174 -0
    outer loop
      vertex 15.8121 0.0692558 3.4
      vertex 15.6568 0.0922947 0
      vertex 15.8121 0.0692558 0
    endloop
  endfacet
  facet normal -0.941542 -0.336895 0
    outer loop
      vertex 17.0311 -1.03555 0
      vertex 16.9782 -0.887707 3.4
      vertex 16.9782 -0.887707 0
    endloop
  endfacet
  facet normal -0.941542 -0.336895 0
    outer loop
      vertex 16.9782 -0.887707 3.4
      vertex 17.0311 -1.03555 0
      vertex 17.0311 -1.03555 3.4
    endloop
  endfacet
  facet normal -0.671371 -0.741122 0
    outer loop
      vertex 16.515 -0.263184 0
      vertex 16.6314 -0.368629 3.4
      vertex 16.515 -0.263184 3.4
    endloop
  endfacet
  facet normal -0.671371 -0.741122 -0
    outer loop
      vertex 16.6314 -0.368629 3.4
      vertex 16.515 -0.263184 0
      vertex 16.6314 -0.368629 0
    endloop
  endfacet
  facet normal 0.741098 -0.671397 0
    outer loop
      vertex 14.2632 -0.484971 3.4
      vertex 14.3686 -0.368629 0
      vertex 14.3686 -0.368629 3.4
    endloop
  endfacet
  facet normal 0.741098 -0.671397 0
    outer loop
      vertex 14.3686 -0.368629 0
      vertex 14.2632 -0.484971 3.4
      vertex 14.2632 -0.484971 0
    endloop
  endfacet
  facet normal 0.969959 0.24327 0
    outer loop
      vertex 13.9689 -1.96445 3.4
      vertex 13.9307 -1.81214 0
      vertex 13.9307 -1.81214 3.4
    endloop
  endfacet
  facet normal 0.969959 0.24327 0
    outer loop
      vertex 13.9307 -1.81214 0
      vertex 13.9689 -1.96445 3.4
      vertex 13.9689 -1.96445 0
    endloop
  endfacet
  facet normal 0.336968 -0.941516 0
    outer loop
      vertex 14.8877 -0.0217934 0
      vertex 15.0355 0.0311041 3.4
      vertex 14.8877 -0.0217934 3.4
    endloop
  endfacet
  facet normal 0.336968 -0.941516 0
    outer loop
      vertex 15.0355 0.0311041 3.4
      vertex 14.8877 -0.0217934 0
      vertex 15.0355 0.0311041 0
    endloop
  endfacet
  facet normal 0.94154 0.336901 0
    outer loop
      vertex 14.0218 -2.11229 3.4
      vertex 13.9689 -1.96445 0
      vertex 13.9689 -1.96445 3.4
    endloop
  endfacet
  facet normal 0.94154 0.336901 0
    outer loop
      vertex 13.9689 -1.96445 0
      vertex 14.0218 -2.11229 3.4
      vertex 14.0218 -2.11229 0
    endloop
  endfacet
  facet normal -0.336968 -0.941516 0
    outer loop
      vertex 15.9645 0.0311041 0
      vertex 16.1123 -0.0217934 3.4
      vertex 15.9645 0.0311041 3.4
    endloop
  endfacet
  facet normal -0.336968 -0.941516 -0
    outer loop
      vertex 16.1123 -0.0217934 3.4
      vertex 15.9645 0.0311041 0
      vertex 16.1123 -0.0217934 0
    endloop
  endfacet
  facet normal 0.803009 -0.595967 0
    outer loop
      vertex 14.1696 -0.611088 3.4
      vertex 14.2632 -0.484971 0
      vertex 14.2632 -0.484971 3.4
    endloop
  endfacet
  facet normal 0.803009 -0.595967 0
    outer loop
      vertex 14.2632 -0.484971 0
      vertex 14.1696 -0.611088 3.4
      vertex 14.1696 -0.611088 0
    endloop
  endfacet
  facet normal -0.803009 -0.595967 0
    outer loop
      vertex 16.8304 -0.611088 0
      vertex 16.7368 -0.484971 3.4
      vertex 16.7368 -0.484971 0
    endloop
  endfacet
  facet normal -0.803009 -0.595967 0
    outer loop
      vertex 16.7368 -0.484971 3.4
      vertex 16.8304 -0.611088 0
      vertex 16.8304 -0.611088 3.4
    endloop
  endfacet
  facet normal 0.969959 -0.24327 0
    outer loop
      vertex 13.9307 -1.18786 3.4
      vertex 13.9689 -1.03555 0
      vertex 13.9689 -1.03555 3.4
    endloop
  endfacet
  facet normal 0.969959 -0.24327 0
    outer loop
      vertex 13.9689 -1.03555 0
      vertex 13.9307 -1.18786 3.4
      vertex 13.9307 -1.18786 0
    endloop
  endfacet
  facet normal 0.671371 -0.741122 0
    outer loop
      vertex 14.3686 -0.368629 0
      vertex 14.485 -0.263184 3.4
      vertex 14.3686 -0.368629 3.4
    endloop
  endfacet
  facet normal 0.671371 -0.741122 0
    outer loop
      vertex 14.485 -0.263184 3.4
      vertex 14.3686 -0.368629 0
      vertex 14.485 -0.263184 0
    endloop
  endfacet
  facet normal -0.427692 0.903925 0
    outer loop
      vertex 16.2542 -2.91107 0
      vertex 16.1123 -2.97821 3.4
      vertex 16.2542 -2.91107 3.4
    endloop
  endfacet
  facet normal -0.427692 0.903925 0
    outer loop
      vertex 16.1123 -2.97821 3.4
      vertex 16.2542 -2.91107 0
      vertex 16.1123 -2.97821 0
    endloop
  endfacet
  facet normal 0.242845 -0.970065 0
    outer loop
      vertex 15.0355 0.0311041 0
      vertex 15.1879 0.0692558 3.4
      vertex 15.0355 0.0311041 3.4
    endloop
  endfacet
  facet normal 0.242845 -0.970065 0
    outer loop
      vertex 15.1879 0.0692558 3.4
      vertex 15.0355 0.0311041 0
      vertex 15.1879 0.0692558 0
    endloop
  endfacet
  facet normal 0.941542 -0.336895 0
    outer loop
      vertex 13.9689 -1.03555 3.4
      vertex 14.0218 -0.887707 0
      vertex 14.0218 -0.887707 3.4
    endloop
  endfacet
  facet normal 0.941542 -0.336895 0
    outer loop
      vertex 14.0218 -0.887707 0
      vertex 13.9689 -1.03555 3.4
      vertex 13.9689 -1.03555 0
    endloop
  endfacet
  facet normal -0.51404 -0.857766 0
    outer loop
      vertex 16.2542 -0.0889263 0
      vertex 16.3889 -0.169649 3.4
      vertex 16.2542 -0.0889263 3.4
    endloop
  endfacet
  facet normal -0.51404 -0.857766 -0
    outer loop
      vertex 16.3889 -0.169649 3.4
      vertex 16.2542 -0.0889263 0
      vertex 16.3889 -0.169649 0
    endloop
  endfacet
  facet normal 0.514027 0.857774 -0
    outer loop
      vertex 14.7458 -2.91107 0
      vertex 14.6111 -2.83035 3.4
      vertex 14.7458 -2.91107 3.4
    endloop
  endfacet
  facet normal 0.514027 0.857774 0
    outer loop
      vertex 14.6111 -2.83035 3.4
      vertex 14.7458 -2.91107 0
      vertex 14.6111 -2.83035 0
    endloop
  endfacet
  facet normal 0.595752 -0.803168 0
    outer loop
      vertex 14.485 -0.263184 0
      vertex 14.6111 -0.169649 3.4
      vertex 14.485 -0.263184 3.4
    endloop
  endfacet
  facet normal 0.595752 -0.803168 0
    outer loop
      vertex 14.6111 -0.169649 3.4
      vertex 14.485 -0.263184 0
      vertex 14.6111 -0.169649 0
    endloop
  endfacet
  facet normal 0.0490779 -0.998795 0
    outer loop
      vertex 15.3432 0.0922947 0
      vertex 15.5 0.0999994 3.4
      vertex 15.3432 0.0922947 3.4
    endloop
  endfacet
  facet normal 0.0490779 -0.998795 0
    outer loop
      vertex 15.5 0.0999994 3.4
      vertex 15.3432 0.0922947 0
      vertex 15.5 0.0999994 0
    endloop
  endfacet
  facet normal -0.0491116 0.998793 0
    outer loop
      vertex 15.6568 -3.09229 0
      vertex 15.5 -3.1 3.4
      vertex 15.6568 -3.09229 3.4
    endloop
  endfacet
  facet normal -0.0491116 0.998793 0
    outer loop
      vertex 15.5 -3.1 3.4
      vertex 15.6568 -3.09229 0
      vertex 15.5 -3.1 0
    endloop
  endfacet
  facet normal -0.94154 0.336901 0
    outer loop
      vertex 16.9782 -2.11229 0
      vertex 17.0311 -1.96445 3.4
      vertex 17.0311 -1.96445 0
    endloop
  endfacet
  facet normal -0.94154 0.336901 0
    outer loop
      vertex 17.0311 -1.96445 3.4
      vertex 16.9782 -2.11229 0
      vertex 16.9782 -2.11229 3.4
    endloop
  endfacet
  facet normal -0.803015 0.595958 0
    outer loop
      vertex 16.7368 -2.51503 0
      vertex 16.8304 -2.38891 3.4
      vertex 16.8304 -2.38891 0
    endloop
  endfacet
  facet normal -0.803015 0.595958 0
    outer loop
      vertex 16.8304 -2.38891 3.4
      vertex 16.7368 -2.51503 0
      vertex 16.7368 -2.51503 3.4
    endloop
  endfacet
  facet normal -0.989212 0.146493 0
    outer loop
      vertex 17.0693 -1.81214 0
      vertex 17.0923 -1.65683 3.4
      vertex 17.0923 -1.65683 0
    endloop
  endfacet
  facet normal -0.989212 0.146493 0
    outer loop
      vertex 17.0923 -1.65683 3.4
      vertex 17.0693 -1.81214 0
      vertex 17.0693 -1.81214 3.4
    endloop
  endfacet
  facet normal 0.857793 -0.513995 0
    outer loop
      vertex 14.0889 -0.745766 3.4
      vertex 14.1696 -0.611088 0
      vertex 14.1696 -0.611088 3.4
    endloop
  endfacet
  facet normal 0.857793 -0.513995 0
    outer loop
      vertex 14.1696 -0.611088 0
      vertex 14.0889 -0.745766 3.4
      vertex 14.0889 -0.745766 0
    endloop
  endfacet
  facet normal -0.904071 -0.427383 0
    outer loop
      vertex 16.9782 -0.887707 0
      vertex 16.9111 -0.745766 3.4
      vertex 16.9111 -0.745766 0
    endloop
  endfacet
  facet normal -0.904071 -0.427383 0
    outer loop
      vertex 16.9111 -0.745766 3.4
      vertex 16.9782 -0.887707 0
      vertex 16.9782 -0.887707 3.4
    endloop
  endfacet
  facet normal 0.427655 -0.903942 0
    outer loop
      vertex 14.7458 -0.0889263 0
      vertex 14.8877 -0.0217934 3.4
      vertex 14.7458 -0.0889263 3.4
    endloop
  endfacet
  facet normal 0.427655 -0.903942 0
    outer loop
      vertex 14.8877 -0.0217934 3.4
      vertex 14.7458 -0.0889263 0
      vertex 14.8877 -0.0217934 0
    endloop
  endfacet
  facet normal -0.595732 0.803184 0
    outer loop
      vertex 16.515 -2.73682 0
      vertex 16.3889 -2.83035 3.4
      vertex 16.515 -2.73682 3.4
    endloop
  endfacet
  facet normal -0.595732 0.803184 0
    outer loop
      vertex 16.3889 -2.83035 3.4
      vertex 16.515 -2.73682 0
      vertex 16.3889 -2.83035 0
    endloop
  endfacet
  facet normal -0.595752 -0.803168 0
    outer loop
      vertex 16.3889 -0.169649 0
      vertex 16.515 -0.263184 3.4
      vertex 16.3889 -0.169649 3.4
    endloop
  endfacet
  facet normal -0.595752 -0.803168 -0
    outer loop
      vertex 16.515 -0.263184 3.4
      vertex 16.3889 -0.169649 0
      vertex 16.515 -0.263184 0
    endloop
  endfacet
  facet normal 0.671388 0.741106 -0
    outer loop
      vertex 14.485 -2.73682 0
      vertex 14.3686 -2.63137 3.4
      vertex 14.485 -2.73682 3.4
    endloop
  endfacet
  facet normal 0.671388 0.741106 0
    outer loop
      vertex 14.3686 -2.63137 3.4
      vertex 14.485 -2.73682 0
      vertex 14.3686 -2.63137 0
    endloop
  endfacet
  facet normal -0.998797 0.0490387 0
    outer loop
      vertex 17.0923 -1.65683 0
      vertex 17.1 -1.5 3.4
      vertex 17.1 -1.5 0
    endloop
  endfacet
  facet normal -0.998797 0.0490387 0
    outer loop
      vertex 17.1 -1.5 3.4
      vertex 17.0923 -1.65683 0
      vertex 17.0923 -1.65683 3.4
    endloop
  endfacet
  facet normal 0.803015 0.595958 0
    outer loop
      vertex 14.2632 -2.51503 3.4
      vertex 14.1696 -2.38891 0
      vertex 14.1696 -2.38891 3.4
    endloop
  endfacet
  facet normal 0.803015 0.595958 0
    outer loop
      vertex 14.1696 -2.38891 0
      vertex 14.2632 -2.51503 3.4
      vertex 14.2632 -2.51503 0
    endloop
  endfacet
  facet normal 0.90407 0.427385 0
    outer loop
      vertex 14.0889 -2.25423 3.4
      vertex 14.0218 -2.11229 0
      vertex 14.0218 -2.11229 3.4
    endloop
  endfacet
  facet normal 0.90407 0.427385 0
    outer loop
      vertex 14.0218 -2.11229 0
      vertex 14.0889 -2.25423 3.4
      vertex 14.0889 -2.25423 0
    endloop
  endfacet
  facet normal -0.0490779 -0.998795 0
    outer loop
      vertex 15.5 0.0999994 0
      vertex 15.6568 0.0922947 3.4
      vertex 15.5 0.0999994 3.4
    endloop
  endfacet
  facet normal -0.0490779 -0.998795 -0
    outer loop
      vertex 15.6568 0.0922947 3.4
      vertex 15.5 0.0999994 0
      vertex 15.6568 0.0922947 0
    endloop
  endfacet
  facet normal 0.427692 0.903925 -0
    outer loop
      vertex 14.8877 -2.97821 0
      vertex 14.7458 -2.91107 3.4
      vertex 14.8877 -2.97821 3.4
    endloop
  endfacet
  facet normal 0.427692 0.903925 0
    outer loop
      vertex 14.7458 -2.91107 3.4
      vertex 14.8877 -2.97821 0
      vertex 14.7458 -2.91107 0
    endloop
  endfacet
  facet normal 0.146745 -0.989174 0
    outer loop
      vertex 15.1879 0.0692558 0
      vertex 15.3432 0.0922947 3.4
      vertex 15.1879 0.0692558 3.4
    endloop
  endfacet
  facet normal 0.146745 -0.989174 0
    outer loop
      vertex 15.3432 0.0922947 3.4
      vertex 15.1879 0.0692558 0
      vertex 15.3432 0.0922947 0
    endloop
  endfacet
  facet normal 0.989212 0.146493 0
    outer loop
      vertex 13.9307 -1.81214 3.4
      vertex 13.9077 -1.65683 0
      vertex 13.9077 -1.65683 3.4
    endloop
  endfacet
  facet normal 0.989212 0.146493 0
    outer loop
      vertex 13.9077 -1.65683 0
      vertex 13.9307 -1.81214 3.4
      vertex 13.9307 -1.81214 0
    endloop
  endfacet
  facet normal -0.336926 0.941531 0
    outer loop
      vertex 16.1123 -2.97821 0
      vertex 15.9645 -3.0311 3.4
      vertex 16.1123 -2.97821 3.4
    endloop
  endfacet
  facet normal -0.336926 0.941531 0
    outer loop
      vertex 15.9645 -3.0311 3.4
      vertex 16.1123 -2.97821 0
      vertex 15.9645 -3.0311 0
    endloop
  endfacet
  facet normal -0.242895 0.970053 0
    outer loop
      vertex 15.9645 -3.0311 0
      vertex 15.8121 -3.06926 3.4
      vertex 15.9645 -3.0311 3.4
    endloop
  endfacet
  facet normal -0.242895 0.970053 0
    outer loop
      vertex 15.8121 -3.06926 3.4
      vertex 15.9645 -3.0311 0
      vertex 15.8121 -3.06926 0
    endloop
  endfacet
  facet normal 0.904071 -0.427383 0
    outer loop
      vertex 14.0218 -0.887707 3.4
      vertex 14.0889 -0.745766 0
      vertex 14.0889 -0.745766 3.4
    endloop
  endfacet
  facet normal 0.904071 -0.427383 0
    outer loop
      vertex 14.0889 -0.745766 0
      vertex 14.0218 -0.887707 3.4
      vertex 14.0218 -0.887707 0
    endloop
  endfacet
  facet normal 0.741092 0.671404 0
    outer loop
      vertex 14.3686 -2.63137 3.4
      vertex 14.2632 -2.51503 0
      vertex 14.2632 -2.51503 3.4
    endloop
  endfacet
  facet normal 0.741092 0.671404 0
    outer loop
      vertex 14.2632 -2.51503 0
      vertex 14.3686 -2.63137 3.4
      vertex 14.3686 -2.63137 0
    endloop
  endfacet
  facet normal 0.595732 0.803184 -0
    outer loop
      vertex 14.6111 -2.83035 0
      vertex 14.485 -2.73682 3.4
      vertex 14.6111 -2.83035 3.4
    endloop
  endfacet
  facet normal 0.595732 0.803184 0
    outer loop
      vertex 14.485 -2.73682 3.4
      vertex 14.6111 -2.83035 0
      vertex 14.485 -2.73682 0
    endloop
  endfacet
  facet normal -0.90407 0.427385 0
    outer loop
      vertex 16.9111 -2.25423 0
      vertex 16.9782 -2.11229 3.4
      vertex 16.9782 -2.11229 0
    endloop
  endfacet
  facet normal -0.90407 0.427385 0
    outer loop
      vertex 16.9782 -2.11229 3.4
      vertex 16.9111 -2.25423 0
      vertex 16.9111 -2.25423 3.4
    endloop
  endfacet
  facet normal -0.857796 0.51399 0
    outer loop
      vertex 16.8304 -2.38891 0
      vertex 16.9111 -2.25423 3.4
      vertex 16.9111 -2.25423 0
    endloop
  endfacet
  facet normal -0.857796 0.51399 0
    outer loop
      vertex 16.9111 -2.25423 3.4
      vertex 16.8304 -2.38891 0
      vertex 16.8304 -2.38891 3.4
    endloop
  endfacet
  facet normal 0.0491116 0.998793 -0
    outer loop
      vertex 15.5 -3.1 0
      vertex 15.3432 -3.09229 3.4
      vertex 15.5 -3.1 3.4
    endloop
  endfacet
  facet normal 0.0491116 0.998793 0
    outer loop
      vertex 15.3432 -3.09229 3.4
      vertex 15.5 -3.1 0
      vertex 15.3432 -3.09229 0
    endloop
  endfacet
  facet normal 0.998797 -0.0490387 0
    outer loop
      vertex 13.9 -1.5 3.4
      vertex 13.9077 -1.34317 0
      vertex 13.9077 -1.34317 3.4
    endloop
  endfacet
  facet normal 0.998797 -0.0490387 0
    outer loop
      vertex 13.9077 -1.34317 0
      vertex 13.9 -1.5 3.4
      vertex 13.9 -1.5 0
    endloop
  endfacet
  facet normal 0.336926 0.941531 -0
    outer loop
      vertex 15.0355 -3.0311 0
      vertex 14.8877 -2.97821 3.4
      vertex 15.0355 -3.0311 3.4
    endloop
  endfacet
  facet normal 0.336926 0.941531 0
    outer loop
      vertex 14.8877 -2.97821 3.4
      vertex 15.0355 -3.0311 0
      vertex 14.8877 -2.97821 0
    endloop
  endfacet
  facet normal -0.671388 0.741106 0
    outer loop
      vertex 16.6314 -2.63137 0
      vertex 16.515 -2.73682 3.4
      vertex 16.6314 -2.63137 3.4
    endloop
  endfacet
  facet normal -0.671388 0.741106 0
    outer loop
      vertex 16.515 -2.73682 3.4
      vertex 16.6314 -2.63137 0
      vertex 16.515 -2.73682 0
    endloop
  endfacet
  facet normal -0.500001 0.866025 0
    outer loop
      vertex 18 -3.46299 3.4
      vertex 15.5 -4.90637 6
      vertex 18 -3.46299 6
    endloop
  endfacet
  facet normal -0.500001 0.866025 0
    outer loop
      vertex 15.5 -4.90637 6
      vertex 18 -3.46299 3.4
      vertex 15.5 -4.90637 3.4
    endloop
  endfacet
  facet normal 0.500001 -0.866025 0
    outer loop
      vertex 12.55 0.203183 3.4
      vertex 15.5 1.90637 6
      vertex 12.55 0.203183 6
    endloop
  endfacet
  facet normal 0.500001 -0.866025 0
    outer loop
      vertex 15.5 1.90637 6
      vertex 12.55 0.203183 3.4
      vertex 15.5 1.90637 3.4
    endloop
  endfacet
  facet normal -0.500001 -0.866025 0
    outer loop
      vertex 15.5 1.90637 3.4
      vertex 18 0.462991 6
      vertex 15.5 1.90637 6
    endloop
  endfacet
  facet normal -0.500001 -0.866025 -0
    outer loop
      vertex 18 0.462991 6
      vertex 15.5 1.90637 3.4
      vertex 18 0.462991 3.4
    endloop
  endfacet
  facet normal 1 -0 0
    outer loop
      vertex 12.55 -3.20318 6
      vertex 12.55 0.203183 3.4
      vertex 12.55 0.203183 6
    endloop
  endfacet
  facet normal 1 0 0
    outer loop
      vertex 12.55 0.203183 3.4
      vertex 12.55 -3.20318 6
      vertex 12.55 -3.20318 3.4
    endloop
  endfacet
  facet normal 0.500001 0.866025 -0
    outer loop
      vertex 15.5 -4.90637 3.4
      vertex 12.55 -3.20318 6
      vertex 15.5 -4.90637 6
    endloop
  endfacet
  facet normal 0.500001 0.866025 0
    outer loop
      vertex 12.55 -3.20318 6
      vertex 15.5 -4.90637 3.4
      vertex 12.55 -3.20318 3.4
    endloop
  endfacet
  facet normal 0 0 1
    outer loop
      vertex 18.9307 -1.81214 3.4
      vertex 17.0693 -1.81214 3.4
      vertex 18.9689 -1.96445 3.4
    endloop
  endfacet
  facet normal 0 0 1
    outer loop
      vertex 17.0311 -1.96445 3.4
      vertex 18.9689 -1.96445 3.4
      vertex 17.0693 -1.81214 3.4
    endloop
  endfacet
  facet normal 0 0 1
    outer loop
      vertex 18.9689 -1.96445 3.4
      vertex 17.0311 -1.96445 3.4
      vertex 18 -3.46299 3.4
    endloop
  endfacet
  facet normal -0 0 1
    outer loop
      vertex 16.9782 -2.11229 3.4
      vertex 18 -3.46299 3.4
      vertex 17.0311 -1.96445 3.4
    endloop
  endfacet
  facet normal -0 0 1
    outer loop
      vertex 16.9111 -2.25423 3.4
      vertex 18 -3.46299 3.4
      vertex 16.9782 -2.11229 3.4
    endloop
  endfacet
  facet normal -0 0 1
    outer loop
      vertex 16.8304 -2.38891 3.4
      vertex 18 -3.46299 3.4
      vertex 16.9111 -2.25423 3.4
    endloop
  endfacet
  facet normal -0 0 1
    outer loop
      vertex 16.7368 -2.51503 3.4
      vertex 18 -3.46299 3.4
      vertex 16.8304 -2.38891 3.4
    endloop
  endfacet
  facet normal -0 0 1
    outer loop
      vertex 16.6314 -2.63137 3.4
      vertex 18 -3.46299 3.4
      vertex 16.7368 -2.51503 3.4
    endloop
  endfacet
  facet normal -0 0 1
    outer loop
      vertex 16.515 -2.73682 3.4
      vertex 18 -3.46299 3.4
      vertex 16.6314 -2.63137 3.4
    endloop
  endfacet
  facet normal -0 0 1
    outer loop
      vertex 16.3889 -2.83035 3.4
      vertex 18 -3.46299 3.4
      vertex 16.515 -2.73682 3.4
    endloop
  endfacet
  facet normal -0 0 1
    outer loop
      vertex 16.2542 -2.91107 3.4
      vertex 18 -3.46299 3.4
      vertex 16.3889 -2.83035 3.4
    endloop
  endfacet
  facet normal -0 0 1
    outer loop
      vertex 16.1123 -2.97821 3.4
      vertex 18 -3.46299 3.4
      vertex 16.2542 -2.91107 3.4
    endloop
  endfacet
  facet normal 0 0 1
    outer loop
      vertex 15.5 -4.90637 3.4
      vertex 16.1123 -2.97821 3.4
      vertex 15.9645 -3.0311 3.4
    endloop
  endfacet
  facet normal 0 0 1
    outer loop
      vertex 15.5 -4.90637 3.4
      vertex 15.9645 -3.0311 3.4
      vertex 15.8121 -3.06926 3.4
    endloop
  endfacet
  facet normal 0 0 1
    outer loop
      vertex 15.5 -4.90637 3.4
      vertex 15.8121 -3.06926 3.4
      vertex 15.6568 -3.09229 3.4
    endloop
  endfacet
  facet normal 0 0 1
    outer loop
      vertex 15.5 -4.90637 3.4
      vertex 15.6568 -3.09229 3.4
      vertex 15.5 -3.1 3.4
    endloop
  endfacet
  facet normal 0 0 1
    outer loop
      vertex 16.1123 -2.97821 3.4
      vertex 15.5 -4.90637 3.4
      vertex 18 -3.46299 3.4
    endloop
  endfacet
  facet normal 0 0 1
    outer loop
      vertex 15.3432 -3.09229 3.4
      vertex 15.5 -4.90637 3.4
      vertex 15.5 -3.1 3.4
    endloop
  endfacet
  facet normal 0 0 1
    outer loop
      vertex 15.1879 -3.06926 3.4
      vertex 15.5 -4.90637 3.4
      vertex 15.3432 -3.09229 3.4
    endloop
  endfacet
  facet normal 0 0 1
    outer loop
      vertex 15.0355 -3.0311 3.4
      vertex 15.5 -4.90637 3.4
      vertex 15.1879 -3.06926 3.4
    endloop
  endfacet
  facet normal 0 0 1
    outer loop
      vertex 14.8877 -2.97821 3.4
      vertex 15.5 -4.90637 3.4
      vertex 15.0355 -3.0311 3.4
    endloop
  endfacet
  facet normal 0 0 1
    outer loop
      vertex 14.7458 -2.91107 3.4
      vertex 15.5 -4.90637 3.4
      vertex 14.8877 -2.97821 3.4
    endloop
  endfacet
  facet normal 0 0 1
    outer loop
      vertex 12.55 -3.20318 3.4
      vertex 14.7458 -2.91107 3.4
      vertex 14.6111 -2.83035 3.4
    endloop
  endfacet
  facet normal 0 0 1
    outer loop
      vertex 12.55 -3.20318 3.4
      vertex 14.6111 -2.83035 3.4
      vertex 14.485 -2.73682 3.4
    endloop
  endfacet
  facet normal 0 0 1
    outer loop
      vertex 12.55 -3.20318 3.4
      vertex 14.485 -2.73682 3.4
      vertex 14.3686 -2.63137 3.4
    endloop
  endfacet
  facet normal 0 0 1
    outer loop
      vertex 12.55 -3.20318 3.4
      vertex 14.3686 -2.63137 3.4
      vertex 14.2632 -2.51503 3.4
    endloop
  endfacet
  facet normal 0 0 1
    outer loop
      vertex 12.55 -3.20318 3.4
      vertex 14.2632 -2.51503 3.4
      vertex 14.1696 -2.38891 3.4
    endloop
  endfacet
  facet normal 0 0 1
    outer loop
      vertex 12.55 -3.20318 3.4
      vertex 14.1696 -2.38891 3.4
      vertex 14.0889 -2.25423 3.4
    endloop
  endfacet
  facet normal 0 0 1
    outer loop
      vertex 12.55 -3.20318 3.4
      vertex 13.9 -1.5 3.4
      vertex 12.55 0.203183 3.4
    endloop
  endfacet
  facet normal 0 0 1
    outer loop
      vertex 13.9 -1.5 3.4
      vertex 12.55 -3.20318 3.4
      vertex 13.9077 -1.65683 3.4
    endloop
  endfacet
  facet normal 0 0 1
    outer loop
      vertex 13.9077 -1.65683 3.4
      vertex 12.55 -3.20318 3.4
      vertex 13.9307 -1.81214 3.4
    endloop
  endfacet
  facet normal 0 0 1
    outer loop
      vertex 13.9307 -1.81214 3.4
      vertex 12.55 -3.20318 3.4
      vertex 13.9689 -1.96445 3.4
    endloop
  endfacet
  facet normal 0 0 1
    outer loop
      vertex 13.9689 -1.96445 3.4
      vertex 12.55 -3.20318 3.4
      vertex 14.0218 -2.11229 3.4
    endloop
  endfacet
  facet normal 0 0 1
    outer loop
      vertex 14.0218 -2.11229 3.4
      vertex 12.55 -3.20318 3.4
      vertex 14.0889 -2.25423 3.4
    endloop
  endfacet
  facet normal 0 0 1
    outer loop
      vertex 14.7458 -2.91107 3.4
      vertex 12.55 -3.20318 3.4
      vertex 15.5 -4.90637 3.4
    endloop
  endfacet
  facet normal 0 0 1
    outer loop
      vertex 23.45 0.203183 3.4
      vertex 22.1 -1.5 3.4
      vertex 23.45 -3.20318 3.4
    endloop
  endfacet
  facet normal 0 0 1
    outer loop
      vertex 23.45 0.203183 3.4
      vertex 22.0923 -1.34317 3.4
      vertex 22.1 -1.5 3.4
    endloop
  endfacet
  facet normal 0 0 1
    outer loop
      vertex 23.45 0.203183 3.4
      vertex 22.0693 -1.18786 3.4
      vertex 22.0923 -1.34317 3.4
    endloop
  endfacet
  facet normal 0 0 1
    outer loop
      vertex 23.45 0.203183 3.4
      vertex 22.0311 -1.03555 3.4
      vertex 22.0693 -1.18786 3.4
    endloop
  endfacet
  facet normal 0 0 1
    outer loop
      vertex 23.45 0.203183 3.4
      vertex 21.9782 -0.887707 3.4
      vertex 22.0311 -1.03555 3.4
    endloop
  endfacet
  facet normal 0 0 1
    outer loop
      vertex 23.45 0.203183 3.4
      vertex 21.9111 -0.745766 3.4
      vertex 21.9782 -0.887707 3.4
    endloop
  endfacet
  facet normal 0 0 1
    outer loop
      vertex 23.45 0.203183 3.4
      vertex 21.8304 -0.611088 3.4
      vertex 21.9111 -0.745766 3.4
    endloop
  endfacet
  facet normal 0 0 1
    outer loop
      vertex 23.45 0.203183 3.4
      vertex 21.7368 -0.484971 3.4
      vertex 21.8304 -0.611088 3.4
    endloop
  endfacet
  facet normal 0 0 1
    outer loop
      vertex 23.45 0.203183 3.4
      vertex 21.6314 -0.368629 3.4
      vertex 21.7368 -0.484971 3.4
    endloop
  endfacet
  facet normal 0 0 1
    outer loop
      vertex 23.45 0.203183 3.4
      vertex 21.515 -0.263184 3.4
      vertex 21.6314 -0.368629 3.4
    endloop
  endfacet
  facet normal 0 0 1
    outer loop
      vertex 23.45 0.203183 3.4
      vertex 21.3889 -0.169649 3.4
      vertex 21.515 -0.263184 3.4
    endloop
  endfacet
  facet normal 0 0 1
    outer loop
      vertex 23.45 0.203183 3.4
      vertex 21.2542 -0.0889263 3.4
      vertex 21.3889 -0.169649 3.4
    endloop
  endfacet
  facet normal 0 0 1
    outer loop
      vertex 20.5 1.90637 3.4
      vertex 21.2542 -0.0889263 3.4
      vertex 23.45 0.203183 3.4
    endloop
  endfacet
  facet normal 0 0 1
    outer loop
      vertex 21.2542 -0.0889263 3.4
      vertex 20.5 1.90637 3.4
      vertex 21.1123 -0.0217934 3.4
    endloop
  endfacet
  facet normal 0 0 1
    outer loop
      vertex 21.1123 -0.0217934 3.4
      vertex 20.5 1.90637 3.4
      vertex 20.9645 0.0311041 3.4
    endloop
  endfacet
  facet normal 0 0 1
    outer loop
      vertex 20.9645 0.0311041 3.4
      vertex 20.5 1.90637 3.4
      vertex 20.8121 0.0692558 3.4
    endloop
  endfacet
  facet normal 0 0 1
    outer loop
      vertex 20.8121 0.0692558 3.4
      vertex 20.5 1.90637 3.4
      vertex 20.6568 0.0922947 3.4
    endloop
  endfacet
  facet normal 0 0 1
    outer loop
      vertex 20.5 1.90637 3.4
      vertex 20.5 0.0999994 3.4
      vertex 20.6568 0.0922947 3.4
    endloop
  endfacet
  facet normal 0 0 1
    outer loop
      vertex 20.5 1.90637 3.4
      vertex 20.3432 0.0922947 3.4
      vertex 20.5 0.0999994 3.4
    endloop
  endfacet
  facet normal 0 0 1
    outer loop
      vertex 20.5 1.90637 3.4
      vertex 20.1879 0.0692558 3.4
      vertex 20.3432 0.0922947 3.4
    endloop
  endfacet
  facet normal 0 0 1
    outer loop
      vertex 20.5 1.90637 3.4
      vertex 20.0355 0.0311041 3.4
      vertex 20.1879 0.0692558 3.4
    endloop
  endfacet
  facet normal 0 0 1
    outer loop
      vertex 20.5 1.90637 3.4
      vertex 19.8877 -0.0217934 3.4
      vertex 20.0355 0.0311041 3.4
    endloop
  endfacet
  facet normal 0 0 1
    outer loop
      vertex 20.5 1.90637 3.4
      vertex 19.7458 -0.0889263 3.4
      vertex 19.8877 -0.0217934 3.4
    endloop
  endfacet
  facet normal -0 0 1
    outer loop
      vertex 18 0.462991 3.4
      vertex 19.7458 -0.0889263 3.4
      vertex 20.5 1.90637 3.4
    endloop
  endfacet
  facet normal 0 0 1
    outer loop
      vertex 19.7458 -0.0889263 3.4
      vertex 18 0.462991 3.4
      vertex 19.6111 -0.169649 3.4
    endloop
  endfacet
  facet normal 0 0 1
    outer loop
      vertex 19.6111 -0.169649 3.4
      vertex 18 0.462991 3.4
      vertex 19.485 -0.263184 3.4
    endloop
  endfacet
  facet normal 0 0 1
    outer loop
      vertex 19.485 -0.263184 3.4
      vertex 18 0.462991 3.4
      vertex 19.3686 -0.368629 3.4
    endloop
  endfacet
  facet normal 0 0 1
    outer loop
      vertex 19.3686 -0.368629 3.4
      vertex 18 0.462991 3.4
      vertex 19.2632 -0.484971 3.4
    endloop
  endfacet
  facet normal 0 0 1
    outer loop
      vertex 19.2632 -0.484971 3.4
      vertex 18 0.462991 3.4
      vertex 19.1696 -0.611088 3.4
    endloop
  endfacet
  facet normal 0 -0 1
    outer loop
      vertex 17.0693 -1.18786 3.4
      vertex 18.9307 -1.18786 3.4
      vertex 17.0311 -1.03555 3.4
    endloop
  endfacet
  facet normal 0 0 1
    outer loop
      vertex 18.9689 -1.03555 3.4
      vertex 17.0311 -1.03555 3.4
      vertex 18.9307 -1.18786 3.4
    endloop
  endfacet
  facet normal 0 0 1
    outer loop
      vertex 17.0311 -1.03555 3.4
      vertex 18.9689 -1.03555 3.4
      vertex 18 0.462991 3.4
    endloop
  endfacet
  facet normal 0 0 1
    outer loop
      vertex 19.0218 -0.887707 3.4
      vertex 18 0.462991 3.4
      vertex 18.9689 -1.03555 3.4
    endloop
  endfacet
  facet normal 0 0 1
    outer loop
      vertex 19.0889 -0.745766 3.4
      vertex 18 0.462991 3.4
      vertex 19.0218 -0.887707 3.4
    endloop
  endfacet
  facet normal 0 0 1
    outer loop
      vertex 19.1696 -0.611088 3.4
      vertex 18 0.462991 3.4
      vertex 19.0889 -0.745766 3.4
    endloop
  endfacet
  facet normal -0 0 1
    outer loop
      vertex 22.0923 -1.65683 3.4
      vertex 23.45 -3.20318 3.4
      vertex 22.1 -1.5 3.4
    endloop
  endfacet
  facet normal -0 0 1
    outer loop
      vertex 22.0693 -1.81214 3.4
      vertex 23.45 -3.20318 3.4
      vertex 22.0923 -1.65683 3.4
    endloop
  endfacet
  facet normal -0 0 1
    outer loop
      vertex 22.0311 -1.96445 3.4
      vertex 23.45 -3.20318 3.4
      vertex 22.0693 -1.81214 3.4
    endloop
  endfacet
  facet normal -0 0 1
    outer loop
      vertex 21.9782 -2.11229 3.4
      vertex 23.45 -3.20318 3.4
      vertex 22.0311 -1.96445 3.4
    endloop
  endfacet
  facet normal -0 0 1
    outer loop
      vertex 21.9111 -2.25423 3.4
      vertex 23.45 -3.20318 3.4
      vertex 21.9782 -2.11229 3.4
    endloop
  endfacet
  facet normal -0 0 1
    outer loop
      vertex 21.8304 -2.38891 3.4
      vertex 23.45 -3.20318 3.4
      vertex 21.9111 -2.25423 3.4
    endloop
  endfacet
  facet normal -0 0 1
    outer loop
      vertex 21.7368 -2.51503 3.4
      vertex 23.45 -3.20318 3.4
      vertex 21.8304 -2.38891 3.4
    endloop
  endfacet
  facet normal -0 0 1
    outer loop
      vertex 21.6314 -2.63137 3.4
      vertex 23.45 -3.20318 3.4
      vertex 21.7368 -2.51503 3.4
    endloop
  endfacet
  facet normal -0 0 1
    outer loop
      vertex 21.515 -2.73682 3.4
      vertex 23.45 -3.20318 3.4
      vertex 21.6314 -2.63137 3.4
    endloop
  endfacet
  facet normal -0 0 1
    outer loop
      vertex 21.3889 -2.83035 3.4
      vertex 23.45 -3.20318 3.4
      vertex 21.515 -2.73682 3.4
    endloop
  endfacet
  facet normal -0 0 1
    outer loop
      vertex 21.2542 -2.91107 3.4
      vertex 23.45 -3.20318 3.4
      vertex 21.3889 -2.83035 3.4
    endloop
  endfacet
  facet normal 0 0 1
    outer loop
      vertex 20.5 -4.90637 3.4
      vertex 21.2542 -2.91107 3.4
      vertex 21.1123 -2.97821 3.4
    endloop
  endfacet
  facet normal 0 0 1
    outer loop
      vertex 20.5 -4.90637 3.4
      vertex 21.1123 -2.97821 3.4
      vertex 20.9645 -3.0311 3.4
    endloop
  endfacet
  facet normal 0 0 1
    outer loop
      vertex 20.5 -4.90637 3.4
      vertex 20.9645 -3.0311 3.4
      vertex 20.8121 -3.06926 3.4
    endloop
  endfacet
  facet normal 0 0 1
    outer loop
      vertex 20.5 -4.90637 3.4
      vertex 20.8121 -3.06926 3.4
      vertex 20.6568 -3.09229 3.4
    endloop
  endfacet
  facet normal 0 0 1
    outer loop
      vertex 20.5 -4.90637 3.4
      vertex 20.6568 -3.09229 3.4
      vertex 20.5 -3.1 3.4
    endloop
  endfacet
  facet normal 0 0 1
    outer loop
      vertex 21.2542 -2.91107 3.4
      vertex 20.5 -4.90637 3.4
      vertex 23.45 -3.20318 3.4
    endloop
  endfacet
  facet normal 0 0 1
    outer loop
      vertex 20.3432 -3.09229 3.4
      vertex 20.5 -4.90637 3.4
      vertex 20.5 -3.1 3.4
    endloop
  endfacet
  facet normal 0 0 1
    outer loop
      vertex 20.1879 -3.06926 3.4
      vertex 20.5 -4.90637 3.4
      vertex 20.3432 -3.09229 3.4
    endloop
  endfacet
  facet normal 0 0 1
    outer loop
      vertex 20.0355 -3.0311 3.4
      vertex 20.5 -4.90637 3.4
      vertex 20.1879 -3.06926 3.4
    endloop
  endfacet
  facet normal 0 0 1
    outer loop
      vertex 19.8877 -2.97821 3.4
      vertex 20.5 -4.90637 3.4
      vertex 20.0355 -3.0311 3.4
    endloop
  endfacet
  facet normal 0 0 1
    outer loop
      vertex 19.7458 -2.91107 3.4
      vertex 20.5 -4.90637 3.4
      vertex 19.8877 -2.97821 3.4
    endloop
  endfacet
  facet normal 0 0 1
    outer loop
      vertex 18 -3.46299 3.4
      vertex 19.7458 -2.91107 3.4
      vertex 19.6111 -2.83035 3.4
    endloop
  endfacet
  facet normal 0 0 1
    outer loop
      vertex 18 -3.46299 3.4
      vertex 19.6111 -2.83035 3.4
      vertex 19.485 -2.73682 3.4
    endloop
  endfacet
  facet normal 0 0 1
    outer loop
      vertex 18 -3.46299 3.4
      vertex 19.485 -2.73682 3.4
      vertex 19.3686 -2.63137 3.4
    endloop
  endfacet
  facet normal 0 0 1
    outer loop
      vertex 18 -3.46299 3.4
      vertex 19.3686 -2.63137 3.4
      vertex 19.2632 -2.51503 3.4
    endloop
  endfacet
  facet normal 0 0 1
    outer loop
      vertex 18 -3.46299 3.4
      vertex 19.2632 -2.51503 3.4
      vertex 19.1696 -2.38891 3.4
    endloop
  endfacet
  facet normal 0 0 1
    outer loop
      vertex 18 -3.46299 3.4
      vertex 19.1696 -2.38891 3.4
      vertex 19.0889 -2.25423 3.4
    endloop
  endfacet
  facet normal 0 0 1
    outer loop
      vertex 18.9307 -1.18786 3.4
      vertex 17.0693 -1.18786 3.4
      vertex 18.9077 -1.34317 3.4
    endloop
  endfacet
  facet normal 0 -0 1
    outer loop
      vertex 17.0923 -1.34317 3.4
      vertex 18.9077 -1.34317 3.4
      vertex 17.0693 -1.18786 3.4
    endloop
  endfacet
  facet normal 0 0 1
    outer loop
      vertex 18.9077 -1.34317 3.4
      vertex 17.0923 -1.34317 3.4
      vertex 18.9 -1.5 3.4
    endloop
  endfacet
  facet normal 0 0 1
    outer loop
      vertex 18.9 -1.5 3.4
      vertex 17.1 -1.5 3.4
      vertex 18.9077 -1.65683 3.4
    endloop
  endfacet
  facet normal 0 0 1
    outer loop
      vertex 19.7458 -2.91107 3.4
      vertex 18 -3.46299 3.4
      vertex 20.5 -4.90637 3.4
    endloop
  endfacet
  facet normal 0 0 1
    outer loop
      vertex 19.0218 -2.11229 3.4
      vertex 18 -3.46299 3.4
      vertex 19.0889 -2.25423 3.4
    endloop
  endfacet
  facet normal 0 0 1
    outer loop
      vertex 17.0923 -1.65683 3.4
      vertex 18.9077 -1.65683 3.4
      vertex 17.1 -1.5 3.4
    endloop
  endfacet
  facet normal 0 0 1
    outer loop
      vertex 18.9689 -1.96445 3.4
      vertex 18 -3.46299 3.4
      vertex 19.0218 -2.11229 3.4
    endloop
  endfacet
  facet normal 0 0 1
    outer loop
      vertex 17.0693 -1.81214 3.4
      vertex 18.9307 -1.81214 3.4
      vertex 17.0923 -1.65683 3.4
    endloop
  endfacet
  facet normal 0 0 1
    outer loop
      vertex 18.9077 -1.65683 3.4
      vertex 17.0923 -1.65683 3.4
      vertex 18.9307 -1.81214 3.4
    endloop
  endfacet
  facet normal 0 -0 1
    outer loop
      vertex 17.1 -1.5 3.4
      vertex 18.9 -1.5 3.4
      vertex 17.0923 -1.34317 3.4
    endloop
  endfacet
  facet normal 0 0 1
    outer loop
      vertex 18 0.462991 3.4
      vertex 16.9782 -0.887707 3.4
      vertex 17.0311 -1.03555 3.4
    endloop
  endfacet
  facet normal 0 0 1
    outer loop
      vertex 18 0.462991 3.4
      vertex 16.9111 -0.745766 3.4
      vertex 16.9782 -0.887707 3.4
    endloop
  endfacet
  facet normal 0 0 1
    outer loop
      vertex 18 0.462991 3.4
      vertex 16.8304 -0.611088 3.4
      vertex 16.9111 -0.745766 3.4
    endloop
  endfacet
  facet normal 0 0 1
    outer loop
      vertex 18 0.462991 3.4
      vertex 16.7368 -0.484971 3.4
      vertex 16.8304 -0.611088 3.4
    endloop
  endfacet
  facet normal 0 0 1
    outer loop
      vertex 18 0.462991 3.4
      vertex 16.6314 -0.368629 3.4
      vertex 16.7368 -0.484971 3.4
    endloop
  endfacet
  facet normal 0 0 1
    outer loop
      vertex 18 0.462991 3.4
      vertex 16.515 -0.263184 3.4
      vertex 16.6314 -0.368629 3.4
    endloop
  endfacet
  facet normal 0 0 1
    outer loop
      vertex 18 0.462991 3.4
      vertex 16.3889 -0.169649 3.4
      vertex 16.515 -0.263184 3.4
    endloop
  endfacet
  facet normal 0 0 1
    outer loop
      vertex 18 0.462991 3.4
      vertex 16.2542 -0.0889263 3.4
      vertex 16.3889 -0.169649 3.4
    endloop
  endfacet
  facet normal 0 0 1
    outer loop
      vertex 18 0.462991 3.4
      vertex 16.1123 -0.0217934 3.4
      vertex 16.2542 -0.0889263 3.4
    endloop
  endfacet
  facet normal 0 0 1
    outer loop
      vertex 15.5 1.90637 3.4
      vertex 16.1123 -0.0217934 3.4
      vertex 18 0.462991 3.4
    endloop
  endfacet
  facet normal 0 0 1
    outer loop
      vertex 16.1123 -0.0217934 3.4
      vertex 15.5 1.90637 3.4
      vertex 15.9645 0.0311041 3.4
    endloop
  endfacet
  facet normal 0 0 1
    outer loop
      vertex 15.9645 0.0311041 3.4
      vertex 15.5 1.90637 3.4
      vertex 15.8121 0.0692558 3.4
    endloop
  endfacet
  facet normal 0 0 1
    outer loop
      vertex 15.8121 0.0692558 3.4
      vertex 15.5 1.90637 3.4
      vertex 15.6568 0.0922947 3.4
    endloop
  endfacet
  facet normal 0 0 1
    outer loop
      vertex 15.5 1.90637 3.4
      vertex 15.5 0.0999994 3.4
      vertex 15.6568 0.0922947 3.4
    endloop
  endfacet
  facet normal 0 0 1
    outer loop
      vertex 15.5 1.90637 3.4
      vertex 15.3432 0.0922947 3.4
      vertex 15.5 0.0999994 3.4
    endloop
  endfacet
  facet normal 0 0 1
    outer loop
      vertex 15.5 1.90637 3.4
      vertex 15.1879 0.0692558 3.4
      vertex 15.3432 0.0922947 3.4
    endloop
  endfacet
  facet normal 0 0 1
    outer loop
      vertex 15.5 1.90637 3.4
      vertex 15.0355 0.0311041 3.4
      vertex 15.1879 0.0692558 3.4
    endloop
  endfacet
  facet normal 0 0 1
    outer loop
      vertex 15.5 1.90637 3.4
      vertex 14.8877 -0.0217934 3.4
      vertex 15.0355 0.0311041 3.4
    endloop
  endfacet
  facet normal 0 0 1
    outer loop
      vertex 15.5 1.90637 3.4
      vertex 14.7458 -0.0889263 3.4
      vertex 14.8877 -0.0217934 3.4
    endloop
  endfacet
  facet normal -0 0 1
    outer loop
      vertex 12.55 0.203183 3.4
      vertex 14.7458 -0.0889263 3.4
      vertex 15.5 1.90637 3.4
    endloop
  endfacet
  facet normal 0 0 1
    outer loop
      vertex 14.7458 -0.0889263 3.4
      vertex 12.55 0.203183 3.4
      vertex 14.6111 -0.169649 3.4
    endloop
  endfacet
  facet normal 0 0 1
    outer loop
      vertex 14.6111 -0.169649 3.4
      vertex 12.55 0.203183 3.4
      vertex 14.485 -0.263184 3.4
    endloop
  endfacet
  facet normal 0 0 1
    outer loop
      vertex 14.485 -0.263184 3.4
      vertex 12.55 0.203183 3.4
      vertex 14.3686 -0.368629 3.4
    endloop
  endfacet
  facet normal 0 0 1
    outer loop
      vertex 14.3686 -0.368629 3.4
      vertex 12.55 0.203183 3.4
      vertex 14.2632 -0.484971 3.4
    endloop
  endfacet
  facet normal 0 0 1
    outer loop
      vertex 14.2632 -0.484971 3.4
      vertex 12.55 0.203183 3.4
      vertex 14.1696 -0.611088 3.4
    endloop
  endfacet
  facet normal 0 0 1
    outer loop
      vertex 13.9077 -1.34317 3.4
      vertex 12.55 0.203183 3.4
      vertex 13.9 -1.5 3.4
    endloop
  endfacet
  facet normal 0 0 1
    outer loop
      vertex 13.9307 -1.18786 3.4
      vertex 12.55 0.203183 3.4
      vertex 13.9077 -1.34317 3.4
    endloop
  endfacet
  facet normal 0 0 1
    outer loop
      vertex 13.9689 -1.03555 3.4
      vertex 12.55 0.203183 3.4
      vertex 13.9307 -1.18786 3.4
    endloop
  endfacet
  facet normal 0 0 1
    outer loop
      vertex 14.0218 -0.887707 3.4
      vertex 12.55 0.203183 3.4
      vertex 13.9689 -1.03555 3.4
    endloop
  endfacet
  facet normal 0 0 1
    outer loop
      vertex 14.0889 -0.745766 3.4
      vertex 12.55 0.203183 3.4
      vertex 14.0218 -0.887707 3.4
    endloop
  endfacet
  facet normal 0 0 1
    outer loop
      vertex 14.1696 -0.611088 3.4
      vertex 12.55 0.203183 3.4
      vertex 14.0889 -0.745766 3.4
    endloop
  endfacet
  facet normal -0.989212 -0.146493 0
    outer loop
      vertex 22.0923 -1.34317 0
      vertex 22.0693 -1.18786 3.4
      vertex 22.0693 -1.18786 0
    endloop
  endfacet
  facet normal -0.989212 -0.146493 0
    outer loop
      vertex 22.0693 -1.18786 3.4
      vertex 22.0923 -1.34317 0
      vertex 22.0923 -1.34317 3.4
    endloop
  endfacet
  facet normal -0.998797 -0.0490387 0
    outer loop
      vertex 22.1 -1.5 0
      vertex 22.0923 -1.34317 3.4
      vertex 22.0923 -1.34317 0
    endloop
  endfacet
  facet normal -0.998797 -0.0490387 0
    outer loop
      vertex 22.0923 -1.34317 3.4
      vertex 22.1 -1.5 0
      vertex 22.1 -1.5 3.4
    endloop
  endfacet
  facet normal -0.969959 -0.24327 0
    outer loop
      vertex 22.0693 -1.18786 0
      vertex 22.0311 -1.03555 3.4
      vertex 22.0311 -1.03555 0
    endloop
  endfacet
  facet normal -0.969959 -0.24327 0
    outer loop
      vertex 22.0311 -1.03555 3.4
      vertex 22.0693 -1.18786 0
      vertex 22.0693 -1.18786 3.4
    endloop
  endfacet
  facet normal -0.427655 -0.903942 0
    outer loop
      vertex 21.1123 -0.0217934 0
      vertex 21.2542 -0.0889263 3.4
      vertex 21.1123 -0.0217934 3.4
    endloop
  endfacet
  facet normal -0.427655 -0.903942 -0
    outer loop
      vertex 21.2542 -0.0889263 3.4
      vertex 21.1123 -0.0217934 0
      vertex 21.2542 -0.0889263 0
    endloop
  endfacet
  facet normal 0.242895 0.970053 -0
    outer loop
      vertex 20.1879 -3.06926 0
      vertex 20.0355 -3.0311 3.4
      vertex 20.1879 -3.06926 3.4
    endloop
  endfacet
  facet normal 0.242895 0.970053 0
    outer loop
      vertex 20.0355 -3.0311 3.4
      vertex 20.1879 -3.06926 0
      vertex 20.0355 -3.0311 0
    endloop
  endfacet
  facet normal 0.857796 0.51399 0
    outer loop
      vertex 19.1696 -2.38891 3.4
      vertex 19.0889 -2.25423 0
      vertex 19.0889 -2.25423 3.4
    endloop
  endfacet
  facet normal 0.857796 0.51399 0
    outer loop
      vertex 19.0889 -2.25423 0
      vertex 19.1696 -2.38891 3.4
      vertex 19.1696 -2.38891 0
    endloop
  endfacet
  facet normal -0.146689 0.989183 0
    outer loop
      vertex 20.8121 -3.06926 0
      vertex 20.6568 -3.09229 3.4
      vertex 20.8121 -3.06926 3.4
    endloop
  endfacet
  facet normal -0.146689 0.989183 0
    outer loop
      vertex 20.6568 -3.09229 3.4
      vertex 20.8121 -3.06926 0
      vertex 20.6568 -3.09229 0
    endloop
  endfacet
  facet normal -0.741098 -0.671397 0
    outer loop
      vertex 21.7368 -0.484971 0
      vertex 21.6314 -0.368629 3.4
      vertex 21.6314 -0.368629 0
    endloop
  endfacet
  facet normal -0.741098 -0.671397 0
    outer loop
      vertex 21.6314 -0.368629 3.4
      vertex 21.7368 -0.484971 0
      vertex 21.7368 -0.484971 3.4
    endloop
  endfacet
  facet normal 0.51404 -0.857766 0
    outer loop
      vertex 19.6111 -0.169649 0
      vertex 19.7458 -0.0889263 3.4
      vertex 19.6111 -0.169649 3.4
    endloop
  endfacet
  facet normal 0.51404 -0.857766 0
    outer loop
      vertex 19.7458 -0.0889263 3.4
      vertex 19.6111 -0.169649 0
      vertex 19.7458 -0.0889263 0
    endloop
  endfacet
  facet normal -0.741092 0.671404 0
    outer loop
      vertex 21.6314 -2.63137 0
      vertex 21.7368 -2.51503 3.4
      vertex 21.7368 -2.51503 0
    endloop
  endfacet
  facet normal -0.741092 0.671404 0
    outer loop
      vertex 21.7368 -2.51503 3.4
      vertex 21.6314 -2.63137 0
      vertex 21.6314 -2.63137 3.4
    endloop
  endfacet
  facet normal -0.514027 0.857774 0
    outer loop
      vertex 21.3889 -2.83035 0
      vertex 21.2542 -2.91107 3.4
      vertex 21.3889 -2.83035 3.4
    endloop
  endfacet
  facet normal -0.514027 0.857774 0
    outer loop
      vertex 21.2542 -2.91107 3.4
      vertex 21.3889 -2.83035 0
      vertex 21.2542 -2.91107 0
    endloop
  endfacet
  facet normal -0.242845 -0.970065 0
    outer loop
      vertex 20.8121 0.0692558 0
      vertex 20.9645 0.0311041 3.4
      vertex 20.8121 0.0692558 3.4
    endloop
  endfacet
  facet normal -0.242845 -0.970065 -0
    outer loop
      vertex 20.9645 0.0311041 3.4
      vertex 20.8121 0.0692558 0
      vertex 20.9645 0.0311041 0
    endloop
  endfacet
  facet normal 0.989212 -0.146493 0
    outer loop
      vertex 18.9077 -1.34317 3.4
      vertex 18.9307 -1.18786 0
      vertex 18.9307 -1.18786 3.4
    endloop
  endfacet
  facet normal 0.989212 -0.146493 0
    outer loop
      vertex 18.9307 -1.18786 0
      vertex 18.9077 -1.34317 3.4
      vertex 18.9077 -1.34317 0
    endloop
  endfacet
  facet normal -0.857793 -0.513995 0
    outer loop
      vertex 21.9111 -0.745766 0
      vertex 21.8304 -0.611088 3.4
      vertex 21.8304 -0.611088 0
    endloop
  endfacet
  facet normal -0.857793 -0.513995 0
    outer loop
      vertex 21.8304 -0.611088 3.4
      vertex 21.9111 -0.745766 0
      vertex 21.9111 -0.745766 3.4
    endloop
  endfacet
  facet normal -0.969959 0.24327 0
    outer loop
      vertex 22.0311 -1.96445 0
      vertex 22.0693 -1.81214 3.4
      vertex 22.0693 -1.81214 0
    endloop
  endfacet
  facet normal -0.969959 0.24327 0
    outer loop
      vertex 22.0693 -1.81214 3.4
      vertex 22.0311 -1.96445 0
      vertex 22.0311 -1.96445 3.4
    endloop
  endfacet
  facet normal 0.146689 0.989183 -0
    outer loop
      vertex 20.3432 -3.09229 0
      vertex 20.1879 -3.06926 3.4
      vertex 20.3432 -3.09229 3.4
    endloop
  endfacet
  facet normal 0.146689 0.989183 0
    outer loop
      vertex 20.1879 -3.06926 3.4
      vertex 20.3432 -3.09229 0
      vertex 20.1879 -3.06926 0
    endloop
  endfacet
  facet normal 0.998797 0.0490387 0
    outer loop
      vertex 18.9077 -1.65683 3.4
      vertex 18.9 -1.5 0
      vertex 18.9 -1.5 3.4
    endloop
  endfacet
  facet normal 0.998797 0.0490387 0
    outer loop
      vertex 18.9 -1.5 0
      vertex 18.9077 -1.65683 3.4
      vertex 18.9077 -1.65683 0
    endloop
  endfacet
  facet normal -0.146745 -0.989174 0
    outer loop
      vertex 20.6568 0.0922947 0
      vertex 20.8121 0.0692558 3.4
      vertex 20.6568 0.0922947 3.4
    endloop
  endfacet
  facet normal -0.146745 -0.989174 -0
    outer loop
      vertex 20.8121 0.0692558 3.4
      vertex 20.6568 0.0922947 0
      vertex 20.8121 0.0692558 0
    endloop
  endfacet
  facet normal -0.941542 -0.336895 0
    outer loop
      vertex 22.0311 -1.03555 0
      vertex 21.9782 -0.887707 3.4
      vertex 21.9782 -0.887707 0
    endloop
  endfacet
  facet normal -0.941542 -0.336895 0
    outer loop
      vertex 21.9782 -0.887707 3.4
      vertex 22.0311 -1.03555 0
      vertex 22.0311 -1.03555 3.4
    endloop
  endfacet
  facet normal -0.671371 -0.741122 0
    outer loop
      vertex 21.515 -0.263184 0
      vertex 21.6314 -0.368629 3.4
      vertex 21.515 -0.263184 3.4
    endloop
  endfacet
  facet normal -0.671371 -0.741122 -0
    outer loop
      vertex 21.6314 -0.368629 3.4
      vertex 21.515 -0.263184 0
      vertex 21.6314 -0.368629 0
    endloop
  endfacet
  facet normal 0.741098 -0.671397 0
    outer loop
      vertex 19.2632 -0.484971 3.4
      vertex 19.3686 -0.368629 0
      vertex 19.3686 -0.368629 3.4
    endloop
  endfacet
  facet normal 0.741098 -0.671397 0
    outer loop
      vertex 19.3686 -0.368629 0
      vertex 19.2632 -0.484971 3.4
      vertex 19.2632 -0.484971 0
    endloop
  endfacet
  facet normal 0.969959 0.24327 0
    outer loop
      vertex 18.9689 -1.96445 3.4
      vertex 18.9307 -1.81214 0
      vertex 18.9307 -1.81214 3.4
    endloop
  endfacet
  facet normal 0.969959 0.24327 0
    outer loop
      vertex 18.9307 -1.81214 0
      vertex 18.9689 -1.96445 3.4
      vertex 18.9689 -1.96445 0
    endloop
  endfacet
  facet normal 0.336968 -0.941516 0
    outer loop
      vertex 19.8877 -0.0217934 0
      vertex 20.0355 0.0311041 3.4
      vertex 19.8877 -0.0217934 3.4
    endloop
  endfacet
  facet normal 0.336968 -0.941516 0
    outer loop
      vertex 20.0355 0.0311041 3.4
      vertex 19.8877 -0.0217934 0
      vertex 20.0355 0.0311041 0
    endloop
  endfacet
  facet normal 0.94154 0.336901 0
    outer loop
      vertex 19.0218 -2.11229 3.4
      vertex 18.9689 -1.96445 0
      vertex 18.9689 -1.96445 3.4
    endloop
  endfacet
  facet normal 0.94154 0.336901 0
    outer loop
      vertex 18.9689 -1.96445 0
      vertex 19.0218 -2.11229 3.4
      vertex 19.0218 -2.11229 0
    endloop
  endfacet
  facet normal -0.336968 -0.941516 0
    outer loop
      vertex 20.9645 0.0311041 0
      vertex 21.1123 -0.0217934 3.4
      vertex 20.9645 0.0311041 3.4
    endloop
  endfacet
  facet normal -0.336968 -0.941516 -0
    outer loop
      vertex 21.1123 -0.0217934 3.4
      vertex 20.9645 0.0311041 0
      vertex 21.1123 -0.0217934 0
    endloop
  endfacet
  facet normal 0.803009 -0.595967 0
    outer loop
      vertex 19.1696 -0.611088 3.4
      vertex 19.2632 -0.484971 0
      vertex 19.2632 -0.484971 3.4
    endloop
  endfacet
  facet normal 0.803009 -0.595967 0
    outer loop
      vertex 19.2632 -0.484971 0
      vertex 19.1696 -0.611088 3.4
      vertex 19.1696 -0.611088 0
    endloop
  endfacet
  facet normal -0.803009 -0.595967 0
    outer loop
      vertex 21.8304 -0.611088 0
      vertex 21.7368 -0.484971 3.4
      vertex 21.7368 -0.484971 0
    endloop
  endfacet
  facet normal -0.803009 -0.595967 0
    outer loop
      vertex 21.7368 -0.484971 3.4
      vertex 21.8304 -0.611088 0
      vertex 21.8304 -0.611088 3.4
    endloop
  endfacet
  facet normal 0.969959 -0.24327 0
    outer loop
      vertex 18.9307 -1.18786 3.4
      vertex 18.9689 -1.03555 0
      vertex 18.9689 -1.03555 3.4
    endloop
  endfacet
  facet normal 0.969959 -0.24327 0
    outer loop
      vertex 18.9689 -1.03555 0
      vertex 18.9307 -1.18786 3.4
      vertex 18.9307 -1.18786 0
    endloop
  endfacet
  facet normal 0.671371 -0.741122 0
    outer loop
      vertex 19.3686 -0.368629 0
      vertex 19.485 -0.263184 3.4
      vertex 19.3686 -0.368629 3.4
    endloop
  endfacet
  facet normal 0.671371 -0.741122 0
    outer loop
      vertex 19.485 -0.263184 3.4
      vertex 19.3686 -0.368629 0
      vertex 19.485 -0.263184 0
    endloop
  endfacet
  facet normal -0.427692 0.903925 0
    outer loop
      vertex 21.2542 -2.91107 0
      vertex 21.1123 -2.97821 3.4
      vertex 21.2542 -2.91107 3.4
    endloop
  endfacet
  facet normal -0.427692 0.903925 0
    outer loop
      vertex 21.1123 -2.97821 3.4
      vertex 21.2542 -2.91107 0
      vertex 21.1123 -2.97821 0
    endloop
  endfacet
  facet normal 0.242845 -0.970065 0
    outer loop
      vertex 20.0355 0.0311041 0
      vertex 20.1879 0.0692558 3.4
      vertex 20.0355 0.0311041 3.4
    endloop
  endfacet
  facet normal 0.242845 -0.970065 0
    outer loop
      vertex 20.1879 0.0692558 3.4
      vertex 20.0355 0.0311041 0
      vertex 20.1879 0.0692558 0
    endloop
  endfacet
  facet normal 0.941542 -0.336895 0
    outer loop
      vertex 18.9689 -1.03555 3.4
      vertex 19.0218 -0.887707 0
      vertex 19.0218 -0.887707 3.4
    endloop
  endfacet
  facet normal 0.941542 -0.336895 0
    outer loop
      vertex 19.0218 -0.887707 0
      vertex 18.9689 -1.03555 3.4
      vertex 18.9689 -1.03555 0
    endloop
  endfacet
  facet normal -0.51404 -0.857766 0
    outer loop
      vertex 21.2542 -0.0889263 0
      vertex 21.3889 -0.169649 3.4
      vertex 21.2542 -0.0889263 3.4
    endloop
  endfacet
  facet normal -0.51404 -0.857766 -0
    outer loop
      vertex 21.3889 -0.169649 3.4
      vertex 21.2542 -0.0889263 0
      vertex 21.3889 -0.169649 0
    endloop
  endfacet
  facet normal 0.514027 0.857774 -0
    outer loop
      vertex 19.7458 -2.91107 0
      vertex 19.6111 -2.83035 3.4
      vertex 19.7458 -2.91107 3.4
    endloop
  endfacet
  facet normal 0.514027 0.857774 0
    outer loop
      vertex 19.6111 -2.83035 3.4
      vertex 19.7458 -2.91107 0
      vertex 19.6111 -2.83035 0
    endloop
  endfacet
  facet normal 0.595752 -0.803168 0
    outer loop
      vertex 19.485 -0.263184 0
      vertex 19.6111 -0.169649 3.4
      vertex 19.485 -0.263184 3.4
    endloop
  endfacet
  facet normal 0.595752 -0.803168 0
    outer loop
      vertex 19.6111 -0.169649 3.4
      vertex 19.485 -0.263184 0
      vertex 19.6111 -0.169649 0
    endloop
  endfacet
  facet normal 0.0490779 -0.998795 0
    outer loop
      vertex 20.3432 0.0922947 0
      vertex 20.5 0.0999994 3.4
      vertex 20.3432 0.0922947 3.4
    endloop
  endfacet
  facet normal 0.0490779 -0.998795 0
    outer loop
      vertex 20.5 0.0999994 3.4
      vertex 20.3432 0.0922947 0
      vertex 20.5 0.0999994 0
    endloop
  endfacet
  facet normal -0.0491116 0.998793 0
    outer loop
      vertex 20.6568 -3.09229 0
      vertex 20.5 -3.1 3.4
      vertex 20.6568 -3.09229 3.4
    endloop
  endfacet
  facet normal -0.0491116 0.998793 0
    outer loop
      vertex 20.5 -3.1 3.4
      vertex 20.6568 -3.09229 0
      vertex 20.5 -3.1 0
    endloop
  endfacet
  facet normal -0.94154 0.336901 0
    outer loop
      vertex 21.9782 -2.11229 0
      vertex 22.0311 -1.96445 3.4
      vertex 22.0311 -1.96445 0
    endloop
  endfacet
  facet normal -0.94154 0.336901 0
    outer loop
      vertex 22.0311 -1.96445 3.4
      vertex 21.9782 -2.11229 0
      vertex 21.9782 -2.11229 3.4
    endloop
  endfacet
  facet normal -0.803015 0.595958 0
    outer loop
      vertex 21.7368 -2.51503 0
      vertex 21.8304 -2.38891 3.4
      vertex 21.8304 -2.38891 0
    endloop
  endfacet
  facet normal -0.803015 0.595958 0
    outer loop
      vertex 21.8304 -2.38891 3.4
      vertex 21.7368 -2.51503 0
      vertex 21.7368 -2.51503 3.4
    endloop
  endfacet
  facet normal -0.989212 0.146493 0
    outer loop
      vertex 22.0693 -1.81214 0
      vertex 22.0923 -1.65683 3.4
      vertex 22.0923 -1.65683 0
    endloop
  endfacet
  facet normal -0.989212 0.146493 0
    outer loop
      vertex 22.0923 -1.65683 3.4
      vertex 22.0693 -1.81214 0
      vertex 22.0693 -1.81214 3.4
    endloop
  endfacet
  facet normal 0.857793 -0.513995 0
    outer loop
      vertex 19.0889 -0.745766 3.4
      vertex 19.1696 -0.611088 0
      vertex 19.1696 -0.611088 3.4
    endloop
  endfacet
  facet normal 0.857793 -0.513995 0
    outer loop
      vertex 19.1696 -0.611088 0
      vertex 19.0889 -0.745766 3.4
      vertex 19.0889 -0.745766 0
    endloop
  endfacet
  facet normal -0.904071 -0.427383 0
    outer loop
      vertex 21.9782 -0.887707 0
      vertex 21.9111 -0.745766 3.4
      vertex 21.9111 -0.745766 0
    endloop
  endfacet
  facet normal -0.904071 -0.427383 0
    outer loop
      vertex 21.9111 -0.745766 3.4
      vertex 21.9782 -0.887707 0
      vertex 21.9782 -0.887707 3.4
    endloop
  endfacet
  facet normal 0.427655 -0.903942 0
    outer loop
      vertex 19.7458 -0.0889263 0
      vertex 19.8877 -0.0217934 3.4
      vertex 19.7458 -0.0889263 3.4
    endloop
  endfacet
  facet normal 0.427655 -0.903942 0
    outer loop
      vertex 19.8877 -0.0217934 3.4
      vertex 19.7458 -0.0889263 0
      vertex 19.8877 -0.0217934 0
    endloop
  endfacet
  facet normal -0.595732 0.803184 0
    outer loop
      vertex 21.515 -2.73682 0
      vertex 21.3889 -2.83035 3.4
      vertex 21.515 -2.73682 3.4
    endloop
  endfacet
  facet normal -0.595732 0.803184 0
    outer loop
      vertex 21.3889 -2.83035 3.4
      vertex 21.515 -2.73682 0
      vertex 21.3889 -2.83035 0
    endloop
  endfacet
  facet normal -0.595752 -0.803168 0
    outer loop
      vertex 21.3889 -0.169649 0
      vertex 21.515 -0.263184 3.4
      vertex 21.3889 -0.169649 3.4
    endloop
  endfacet
  facet normal -0.595752 -0.803168 -0
    outer loop
      vertex 21.515 -0.263184 3.4
      vertex 21.3889 -0.169649 0
      vertex 21.515 -0.263184 0
    endloop
  endfacet
  facet normal 0.671388 0.741106 -0
    outer loop
      vertex 19.485 -2.73682 0
      vertex 19.3686 -2.63137 3.4
      vertex 19.485 -2.73682 3.4
    endloop
  endfacet
  facet normal 0.671388 0.741106 0
    outer loop
      vertex 19.3686 -2.63137 3.4
      vertex 19.485 -2.73682 0
      vertex 19.3686 -2.63137 0
    endloop
  endfacet
  facet normal -0.998797 0.0490387 0
    outer loop
      vertex 22.0923 -1.65683 0
      vertex 22.1 -1.5 3.4
      vertex 22.1 -1.5 0
    endloop
  endfacet
  facet normal -0.998797 0.0490387 0
    outer loop
      vertex 22.1 -1.5 3.4
      vertex 22.0923 -1.65683 0
      vertex 22.0923 -1.65683 3.4
    endloop
  endfacet
  facet normal 0.803015 0.595958 0
    outer loop
      vertex 19.2632 -2.51503 3.4
      vertex 19.1696 -2.38891 0
      vertex 19.1696 -2.38891 3.4
    endloop
  endfacet
  facet normal 0.803015 0.595958 0
    outer loop
      vertex 19.1696 -2.38891 0
      vertex 19.2632 -2.51503 3.4
      vertex 19.2632 -2.51503 0
    endloop
  endfacet
  facet normal 0.90407 0.427385 0
    outer loop
      vertex 19.0889 -2.25423 3.4
      vertex 19.0218 -2.11229 0
      vertex 19.0218 -2.11229 3.4
    endloop
  endfacet
  facet normal 0.90407 0.427385 0
    outer loop
      vertex 19.0218 -2.11229 0
      vertex 19.0889 -2.25423 3.4
      vertex 19.0889 -2.25423 0
    endloop
  endfacet
  facet normal -0.0490779 -0.998795 0
    outer loop
      vertex 20.5 0.0999994 0
      vertex 20.6568 0.0922947 3.4
      vertex 20.5 0.0999994 3.4
    endloop
  endfacet
  facet normal -0.0490779 -0.998795 -0
    outer loop
      vertex 20.6568 0.0922947 3.4
      vertex 20.5 0.0999994 0
      vertex 20.6568 0.0922947 0
    endloop
  endfacet
  facet normal 0.427692 0.903925 -0
    outer loop
      vertex 19.8877 -2.97821 0
      vertex 19.7458 -2.91107 3.4
      vertex 19.8877 -2.97821 3.4
    endloop
  endfacet
  facet normal 0.427692 0.903925 0
    outer loop
      vertex 19.7458 -2.91107 3.4
      vertex 19.8877 -2.97821 0
      vertex 19.7458 -2.91107 0
    endloop
  endfacet
  facet normal 0.146745 -0.989174 0
    outer loop
      vertex 20.1879 0.0692558 0
      vertex 20.3432 0.0922947 3.4
      vertex 20.1879 0.0692558 3.4
    endloop
  endfacet
  facet normal 0.146745 -0.989174 0
    outer loop
      vertex 20.3432 0.0922947 3.4
      vertex 20.1879 0.0692558 0
      vertex 20.3432 0.0922947 0
    endloop
  endfacet
  facet normal 0.989212 0.146493 0
    outer loop
      vertex 18.9307 -1.81214 3.4
      vertex 18.9077 -1.65683 0
      vertex 18.9077 -1.65683 3.4
    endloop
  endfacet
  facet normal 0.989212 0.146493 0
    outer loop
      vertex 18.9077 -1.65683 0
      vertex 18.9307 -1.81214 3.4
      vertex 18.9307 -1.81214 0
    endloop
  endfacet
  facet normal -0.336926 0.941531 0
    outer loop
      vertex 21.1123 -2.97821 0
      vertex 20.9645 -3.0311 3.4
      vertex 21.1123 -2.97821 3.4
    endloop
  endfacet
  facet normal -0.336926 0.941531 0
    outer loop
      vertex 20.9645 -3.0311 3.4
      vertex 21.1123 -2.97821 0
      vertex 20.9645 -3.0311 0
    endloop
  endfacet
  facet normal -0.242895 0.970053 0
    outer loop
      vertex 20.9645 -3.0311 0
      vertex 20.8121 -3.06926 3.4
      vertex 20.9645 -3.0311 3.4
    endloop
  endfacet
  facet normal -0.242895 0.970053 0
    outer loop
      vertex 20.8121 -3.06926 3.4
      vertex 20.9645 -3.0311 0
      vertex 20.8121 -3.06926 0
    endloop
  endfacet
  facet normal 0.904071 -0.427383 0
    outer loop
      vertex 19.0218 -0.887707 3.4
      vertex 19.0889 -0.745766 0
      vertex 19.0889 -0.745766 3.4
    endloop
  endfacet
  facet normal 0.904071 -0.427383 0
    outer loop
      vertex 19.0889 -0.745766 0
      vertex 19.0218 -0.887707 3.4
      vertex 19.0218 -0.887707 0
    endloop
  endfacet
  facet normal 0.741092 0.671404 0
    outer loop
      vertex 19.3686 -2.63137 3.4
      vertex 19.2632 -2.51503 0
      vertex 19.2632 -2.51503 3.4
    endloop
  endfacet
  facet normal 0.741092 0.671404 0
    outer loop
      vertex 19.2632 -2.51503 0
      vertex 19.3686 -2.63137 3.4
      vertex 19.3686 -2.63137 0
    endloop
  endfacet
  facet normal 0.595732 0.803184 -0
    outer loop
      vertex 19.6111 -2.83035 0
      vertex 19.485 -2.73682 3.4
      vertex 19.6111 -2.83035 3.4
    endloop
  endfacet
  facet normal 0.595732 0.803184 0
    outer loop
      vertex 19.485 -2.73682 3.4
      vertex 19.6111 -2.83035 0
      vertex 19.485 -2.73682 0
    endloop
  endfacet
  facet normal -0.90407 0.427385 0
    outer loop
      vertex 21.9111 -2.25423 0
      vertex 21.9782 -2.11229 3.4
      vertex 21.9782 -2.11229 0
    endloop
  endfacet
  facet normal -0.90407 0.427385 0
    outer loop
      vertex 21.9782 -2.11229 3.4
      vertex 21.9111 -2.25423 0
      vertex 21.9111 -2.25423 3.4
    endloop
  endfacet
  facet normal -0.857796 0.51399 0
    outer loop
      vertex 21.8304 -2.38891 0
      vertex 21.9111 -2.25423 3.4
      vertex 21.9111 -2.25423 0
    endloop
  endfacet
  facet normal -0.857796 0.51399 0
    outer loop
      vertex 21.9111 -2.25423 3.4
      vertex 21.8304 -2.38891 0
      vertex 21.8304 -2.38891 3.4
    endloop
  endfacet
  facet normal 0.0491116 0.998793 -0
    outer loop
      vertex 20.5 -3.1 0
      vertex 20.3432 -3.09229 3.4
      vertex 20.5 -3.1 3.4
    endloop
  endfacet
  facet normal 0.0491116 0.998793 0
    outer loop
      vertex 20.3432 -3.09229 3.4
      vertex 20.5 -3.1 0
      vertex 20.3432 -3.09229 0
    endloop
  endfacet
  facet normal 0.998797 -0.0490387 0
    outer loop
      vertex 18.9 -1.5 3.4
      vertex 18.9077 -1.34317 0
      vertex 18.9077 -1.34317 3.4
    endloop
  endfacet
  facet normal 0.998797 -0.0490387 0
    outer loop
      vertex 18.9077 -1.34317 0
      vertex 18.9 -1.5 3.4
      vertex 18.9 -1.5 0
    endloop
  endfacet
  facet normal 0.336926 0.941531 -0
    outer loop
      vertex 20.0355 -3.0311 0
      vertex 19.8877 -2.97821 3.4
      vertex 20.0355 -3.0311 3.4
    endloop
  endfacet
  facet normal 0.336926 0.941531 0
    outer loop
      vertex 19.8877 -2.97821 3.4
      vertex 20.0355 -3.0311 0
      vertex 19.8877 -2.97821 0
    endloop
  endfacet
  facet normal -0.671388 0.741106 0
    outer loop
      vertex 21.6314 -2.63137 0
      vertex 21.515 -2.73682 3.4
      vertex 21.6314 -2.63137 3.4
    endloop
  endfacet
  facet normal -0.671388 0.741106 0
    outer loop
      vertex 21.515 -2.73682 3.4
      vertex 21.6314 -2.63137 0
      vertex 21.515 -2.73682 0
    endloop
  endfacet
  facet normal -0.500001 0.866025 0
    outer loop
      vertex 23.45 -3.20318 3.4
      vertex 20.5 -4.90637 6
      vertex 23.45 -3.20318 6
    endloop
  endfacet
  facet normal -0.500001 0.866025 0
    outer loop
      vertex 20.5 -4.90637 6
      vertex 23.45 -3.20318 3.4
      vertex 20.5 -4.90637 3.4
    endloop
  endfacet
  facet normal -1 0 0
    outer loop
      vertex 23.45 -3.20318 3.4
      vertex 23.45 0.203183 6
      vertex 23.45 0.203183 3.4
    endloop
  endfacet
  facet normal -1 -0 0
    outer loop
      vertex 23.45 0.203183 6
      vertex 23.45 -3.20318 3.4
      vertex 23.45 -3.20318 6
    endloop
  endfacet
  facet normal 0.500001 -0.866025 0
    outer loop
      vertex 18 0.462991 3.4
      vertex 20.5 1.90637 6
      vertex 18 0.462991 6
    endloop
  endfacet
  facet normal 0.500001 -0.866025 0
    outer loop
      vertex 20.5 1.90637 6
      vertex 18 0.462991 3.4
      vertex 20.5 1.90637 3.4
    endloop
  endfacet
  facet normal -0.500001 -0.866025 0
    outer loop
      vertex 20.5 1.90637 3.4
      vertex 23.45 0.203183 6
      vertex 20.5 1.90637 6
    endloop
  endfacet
  facet normal -0.500001 -0.866025 -0
    outer loop
      vertex 23.45 0.203183 6
      vertex 20.5 1.90637 3.4
      vertex 23.45 0.203183 3.4
    endloop
  endfacet
  facet normal 0.500001 0.866025 -0
    outer loop
      vertex 20.5 -4.90637 3.4
      vertex 18 -3.46299 6
      vertex 20.5 -4.90637 6
    endloop
  endfacet
  facet normal 0.500001 0.866025 0
    outer loop
      vertex 18 -3.46299 6
      vertex 20.5 -4.90637 3.4
      vertex 18 -3.46299 3.4
    endloop
  endfacet
  facet normal -0.514016 -0.85778 0
    outer loop
      vertex 55.5892 -12.3976 0
      vertex 55.6945 -12.4607 3
      vertex 55.5892 -12.3976 3
    endloop
  endfacet
  facet normal -0.514016 -0.85778 -0
    outer loop
      vertex 55.6945 -12.4607 3
      vertex 55.5892 -12.3976 0
      vertex 55.6945 -12.4607 0
    endloop
  endfacet
  facet normal -0.33742 0.941354 0
    outer loop
      vertex 55.4784 -14.6548 0
      vertex 55.3629 -14.6962 3
      vertex 55.4784 -14.6548 3
    endloop
  endfacet
  facet normal -0.33742 0.941354 0
    outer loop
      vertex 55.3629 -14.6962 3
      vertex 55.4784 -14.6548 0
      vertex 55.3629 -14.6962 0
    endloop
  endfacet
  facet normal -0.989186 -0.146667 0
    outer loop
      vertex 56.244 -13.3775 0
      vertex 56.226 -13.2561 3
      vertex 56.226 -13.2561 0
    endloop
  endfacet
  facet normal -0.989186 -0.146667 0
    outer loop
      vertex 56.226 -13.2561 3
      vertex 56.244 -13.3775 0
      vertex 56.244 -13.3775 3
    endloop
  endfacet
  facet normal -0.998803 -0.0489209 0
    outer loop
      vertex 56.25 -13.5 0
      vertex 56.244 -13.3775 3
      vertex 56.244 -13.3775 0
    endloop
  endfacet
  facet normal -0.998803 -0.0489209 0
    outer loop
      vertex 56.244 -13.3775 3
      vertex 56.25 -13.5 0
      vertex 56.25 -13.5 3
    endloop
  endfacet
  facet normal -0.970047 -0.242919 0
    outer loop
      vertex 56.226 -13.2561 0
      vertex 56.1962 -13.1371 3
      vertex 56.1962 -13.1371 0
    endloop
  endfacet
  facet normal -0.970047 -0.242919 0
    outer loop
      vertex 56.1962 -13.1371 3
      vertex 56.226 -13.2561 0
      vertex 56.226 -13.2561 3
    endloop
  endfacet
  facet normal 0.85778 -0.514016 0
    outer loop
      vertex 53.8976 -12.9108 3
      vertex 53.9607 -12.8055 0
      vertex 53.9607 -12.8055 3
    endloop
  endfacet
  facet normal 0.85778 -0.514016 0
    outer loop
      vertex 53.9607 -12.8055 0
      vertex 53.8976 -12.9108 3
      vertex 53.8976 -12.9108 0
    endloop
  endfacet
  facet normal -0.242919 0.970047 0
    outer loop
      vertex 55.3629 -14.6962 0
      vertex 55.2439 -14.726 3
      vertex 55.3629 -14.6962 3
    endloop
  endfacet
  facet normal -0.242919 0.970047 0
    outer loop
      vertex 55.2439 -14.726 3
      vertex 55.3629 -14.6962 0
      vertex 55.2439 -14.726 0
    endloop
  endfacet
  facet normal -0.998803 0.0489209 0
    outer loop
      vertex 56.244 -13.6225 0
      vertex 56.25 -13.5 3
      vertex 56.25 -13.5 0
    endloop
  endfacet
  facet normal -0.998803 0.0489209 0
    outer loop
      vertex 56.25 -13.5 3
      vertex 56.244 -13.6225 0
      vertex 56.244 -13.6225 3
    endloop
  endfacet
  facet normal -0.336698 -0.941613 0
    outer loop
      vertex 55.3629 -12.3038 0
      vertex 55.4784 -12.3451 3
      vertex 55.3629 -12.3038 3
    endloop
  endfacet
  facet normal -0.336698 -0.941613 -0
    outer loop
      vertex 55.4784 -12.3451 3
      vertex 55.3629 -12.3038 0
      vertex 55.4784 -12.3451 0
    endloop
  endfacet
  facet normal -0.0489209 0.998803 0
    outer loop
      vertex 55.1225 -14.744 0
      vertex 55 -14.75 3
      vertex 55.1225 -14.744 3
    endloop
  endfacet
  facet normal -0.0489209 0.998803 0
    outer loop
      vertex 55 -14.75 3
      vertex 55.1225 -14.744 0
      vertex 55 -14.75 0
    endloop
  endfacet
  facet normal -0.514016 0.85778 0
    outer loop
      vertex 55.6945 -14.5393 0
      vertex 55.5892 -14.6024 3
      vertex 55.6945 -14.5393 3
    endloop
  endfacet
  facet normal -0.514016 0.85778 0
    outer loop
      vertex 55.5892 -14.6024 3
      vertex 55.6945 -14.5393 0
      vertex 55.5892 -14.6024 0
    endloop
  endfacet
  facet normal 0.428192 -0.903688 0
    outer loop
      vertex 54.4108 -12.3976 0
      vertex 54.5216 -12.3451 3
      vertex 54.4108 -12.3976 3
    endloop
  endfacet
  facet normal 0.428192 -0.903688 0
    outer loop
      vertex 54.5216 -12.3451 3
      vertex 54.4108 -12.3976 0
      vertex 54.5216 -12.3451 0
    endloop
  endfacet
  facet normal -0.941613 -0.336698 0
    outer loop
      vertex 56.1962 -13.1371 0
      vertex 56.1549 -13.0216 3
      vertex 56.1549 -13.0216 0
    endloop
  endfacet
  facet normal -0.941613 -0.336698 0
    outer loop
      vertex 56.1549 -13.0216 3
      vertex 56.1962 -13.1371 0
      vertex 56.1962 -13.1371 3
    endloop
  endfacet
  facet normal 0.803413 0.595423 0
    outer loop
      vertex 54.0337 -14.293 3
      vertex 53.9607 -14.1945 0
      vertex 53.9607 -14.1945 3
    endloop
  endfacet
  facet normal 0.803413 0.595423 0
    outer loop
      vertex 53.9607 -14.1945 0
      vertex 54.0337 -14.293 3
      vertex 54.0337 -14.293 0
    endloop
  endfacet
  facet normal -0.0489209 -0.998803 0
    outer loop
      vertex 55 -12.25 0
      vertex 55.1225 -12.256 3
      vertex 55 -12.25 3
    endloop
  endfacet
  facet normal -0.0489209 -0.998803 -0
    outer loop
      vertex 55.1225 -12.256 3
      vertex 55 -12.25 0
      vertex 55.1225 -12.256 0
    endloop
  endfacet
  facet normal -0.427525 0.904003 0
    outer loop
      vertex 55.5892 -14.6024 0
      vertex 55.4784 -14.6548 3
      vertex 55.5892 -14.6024 3
    endloop
  endfacet
  facet normal -0.427525 0.904003 0
    outer loop
      vertex 55.4784 -14.6548 3
      vertex 55.5892 -14.6024 0
      vertex 55.4784 -14.6548 0
    endloop
  endfacet
  facet normal 0.146667 -0.989186 0
    outer loop
      vertex 54.7561 -12.274 0
      vertex 54.8775 -12.256 3
      vertex 54.7561 -12.274 3
    endloop
  endfacet
  facet normal 0.146667 -0.989186 0
    outer loop
      vertex 54.8775 -12.256 3
      vertex 54.7561 -12.274 0
      vertex 54.8775 -12.256 0
    endloop
  endfacet
  facet normal 0.242919 -0.970047 0
    outer loop
      vertex 54.6371 -12.3038 0
      vertex 54.7561 -12.274 3
      vertex 54.6371 -12.3038 3
    endloop
  endfacet
  facet normal 0.242919 -0.970047 0
    outer loop
      vertex 54.7561 -12.274 3
      vertex 54.6371 -12.3038 0
      vertex 54.7561 -12.274 0
    endloop
  endfacet
  facet normal 0.595423 -0.803413 0
    outer loop
      vertex 54.207 -12.5337 0
      vertex 54.3055 -12.4607 3
      vertex 54.207 -12.5337 3
    endloop
  endfacet
  facet normal 0.595423 -0.803413 0
    outer loop
      vertex 54.3055 -12.4607 3
      vertex 54.207 -12.5337 0
      vertex 54.3055 -12.4607 0
    endloop
  endfacet
  facet normal -0.242919 -0.970047 0
    outer loop
      vertex 55.2439 -12.274 0
      vertex 55.3629 -12.3038 3
      vertex 55.2439 -12.274 3
    endloop
  endfacet
  facet normal -0.242919 -0.970047 -0
    outer loop
      vertex 55.3629 -12.3038 3
      vertex 55.2439 -12.274 0
      vertex 55.3629 -12.3038 0
    endloop
  endfacet
  facet normal 0.989186 0.146667 0
    outer loop
      vertex 53.774 -13.7439 3
      vertex 53.756 -13.6225 0
      vertex 53.756 -13.6225 3
    endloop
  endfacet
  facet normal 0.989186 0.146667 0
    outer loop
      vertex 53.756 -13.6225 0
      vertex 53.774 -13.7439 3
      vertex 53.774 -13.7439 0
    endloop
  endfacet
  facet normal -0.671617 -0.740898 0
    outer loop
      vertex 55.793 -12.5337 0
      vertex 55.8839 -12.6161 3
      vertex 55.793 -12.5337 3
    endloop
  endfacet
  facet normal -0.671617 -0.740898 -0
    outer loop
      vertex 55.8839 -12.6161 3
      vertex 55.793 -12.5337 0
      vertex 55.8839 -12.6161 0
    endloop
  endfacet
  facet normal 0.427525 0.904003 -0
    outer loop
      vertex 54.5216 -14.6548 0
      vertex 54.4108 -14.6024 3
      vertex 54.5216 -14.6548 3
    endloop
  endfacet
  facet normal 0.427525 0.904003 0
    outer loop
      vertex 54.4108 -14.6024 3
      vertex 54.5216 -14.6548 0
      vertex 54.4108 -14.6024 0
    endloop
  endfacet
  facet normal 0.514016 -0.85778 0
    outer loop
      vertex 54.3055 -12.4607 0
      vertex 54.4108 -12.3976 3
      vertex 54.3055 -12.4607 3
    endloop
  endfacet
  facet normal 0.514016 -0.85778 0
    outer loop
      vertex 54.4108 -12.3976 3
      vertex 54.3055 -12.4607 0
      vertex 54.4108 -12.3976 0
    endloop
  endfacet
  facet normal 0.146667 0.989186 -0
    outer loop
      vertex 54.8775 -14.744 0
      vertex 54.7561 -14.726 3
      vertex 54.8775 -14.744 3
    endloop
  endfacet
  facet normal 0.146667 0.989186 0
    outer loop
      vertex 54.7561 -14.726 3
      vertex 54.8775 -14.744 0
      vertex 54.7561 -14.726 0
    endloop
  endfacet
  facet normal 0.970047 0.242919 0
    outer loop
      vertex 53.8038 -13.8629 3
      vertex 53.774 -13.7439 0
      vertex 53.774 -13.7439 3
    endloop
  endfacet
  facet normal 0.970047 0.242919 0
    outer loop
      vertex 53.774 -13.7439 0
      vertex 53.8038 -13.8629 3
      vertex 53.8038 -13.8629 0
    endloop
  endfacet
  facet normal 0.514016 0.85778 -0
    outer loop
      vertex 54.4108 -14.6024 0
      vertex 54.3055 -14.5393 3
      vertex 54.4108 -14.6024 3
    endloop
  endfacet
  facet normal 0.514016 0.85778 0
    outer loop
      vertex 54.3055 -14.5393 3
      vertex 54.4108 -14.6024 0
      vertex 54.3055 -14.5393 0
    endloop
  endfacet
  facet normal 0.903688 -0.428192 0
    outer loop
      vertex 53.8451 -13.0216 3
      vertex 53.8976 -12.9108 0
      vertex 53.8976 -12.9108 3
    endloop
  endfacet
  facet normal 0.903688 -0.428192 0
    outer loop
      vertex 53.8976 -12.9108 0
      vertex 53.8451 -13.0216 3
      vertex 53.8451 -13.0216 0
    endloop
  endfacet
  facet normal -0.803413 0.595423 0
    outer loop
      vertex 55.9663 -14.293 0
      vertex 56.0393 -14.1945 3
      vertex 56.0393 -14.1945 0
    endloop
  endfacet
  facet normal -0.803413 0.595423 0
    outer loop
      vertex 56.0393 -14.1945 3
      vertex 55.9663 -14.293 0
      vertex 55.9663 -14.293 3
    endloop
  endfacet
  facet normal -0.903688 0.428192 0
    outer loop
      vertex 56.1024 -14.0892 0
      vertex 56.1549 -13.9784 3
      vertex 56.1549 -13.9784 0
    endloop
  endfacet
  facet normal -0.903688 0.428192 0
    outer loop
      vertex 56.1549 -13.9784 3
      vertex 56.1024 -14.0892 0
      vertex 56.1024 -14.0892 3
    endloop
  endfacet
  facet normal 0.941613 -0.336698 0
    outer loop
      vertex 53.8038 -13.1371 3
      vertex 53.8451 -13.0216 0
      vertex 53.8451 -13.0216 3
    endloop
  endfacet
  facet normal 0.941613 -0.336698 0
    outer loop
      vertex 53.8451 -13.0216 0
      vertex 53.8038 -13.1371 3
      vertex 53.8038 -13.1371 0
    endloop
  endfacet
  facet normal -0.146667 -0.989186 0
    outer loop
      vertex 55.1225 -12.256 0
      vertex 55.2439 -12.274 3
      vertex 55.1225 -12.256 3
    endloop
  endfacet
  facet normal -0.146667 -0.989186 -0
    outer loop
      vertex 55.2439 -12.274 3
      vertex 55.1225 -12.256 0
      vertex 55.2439 -12.274 0
    endloop
  endfacet
  facet normal -0.595423 -0.803413 0
    outer loop
      vertex 55.6945 -12.4607 0
      vertex 55.793 -12.5337 3
      vertex 55.6945 -12.4607 3
    endloop
  endfacet
  facet normal -0.595423 -0.803413 -0
    outer loop
      vertex 55.793 -12.5337 3
      vertex 55.6945 -12.4607 0
      vertex 55.793 -12.5337 0
    endloop
  endfacet
  facet normal -0.803413 -0.595423 0
    outer loop
      vertex 56.0393 -12.8055 0
      vertex 55.9663 -12.707 3
      vertex 55.9663 -12.707 0
    endloop
  endfacet
  facet normal -0.803413 -0.595423 0
    outer loop
      vertex 55.9663 -12.707 3
      vertex 56.0393 -12.8055 0
      vertex 56.0393 -12.8055 3
    endloop
  endfacet
  facet normal 0.941613 0.336698 0
    outer loop
      vertex 53.8451 -13.9784 3
      vertex 53.8038 -13.8629 0
      vertex 53.8038 -13.8629 3
    endloop
  endfacet
  facet normal 0.941613 0.336698 0
    outer loop
      vertex 53.8038 -13.8629 0
      vertex 53.8451 -13.9784 3
      vertex 53.8451 -13.9784 0
    endloop
  endfacet
  facet normal 0.740898 0.671617 0
    outer loop
      vertex 54.1161 -14.3839 3
      vertex 54.0337 -14.293 0
      vertex 54.0337 -14.293 3
    endloop
  endfacet
  facet normal 0.740898 0.671617 0
    outer loop
      vertex 54.0337 -14.293 0
      vertex 54.1161 -14.3839 3
      vertex 54.1161 -14.3839 0
    endloop
  endfacet
  facet normal -0.428192 -0.903688 0
    outer loop
      vertex 55.4784 -12.3451 0
      vertex 55.5892 -12.3976 3
      vertex 55.4784 -12.3451 3
    endloop
  endfacet
  facet normal -0.428192 -0.903688 -0
    outer loop
      vertex 55.5892 -12.3976 3
      vertex 55.4784 -12.3451 0
      vertex 55.5892 -12.3976 0
    endloop
  endfacet
  facet normal -0.85778 0.514016 0
    outer loop
      vertex 56.0393 -14.1945 0
      vertex 56.1024 -14.0892 3
      vertex 56.1024 -14.0892 0
    endloop
  endfacet
  facet normal -0.85778 0.514016 0
    outer loop
      vertex 56.1024 -14.0892 3
      vertex 56.0393 -14.1945 0
      vertex 56.0393 -14.1945 3
    endloop
  endfacet
  facet normal -0.970047 0.242919 0
    outer loop
      vertex 56.1962 -13.8629 0
      vertex 56.226 -13.7439 3
      vertex 56.226 -13.7439 0
    endloop
  endfacet
  facet normal -0.970047 0.242919 0
    outer loop
      vertex 56.226 -13.7439 3
      vertex 56.1962 -13.8629 0
      vertex 56.1962 -13.8629 3
    endloop
  endfacet
  facet normal -0.146667 0.989186 0
    outer loop
      vertex 55.2439 -14.726 0
      vertex 55.1225 -14.744 3
      vertex 55.2439 -14.726 3
    endloop
  endfacet
  facet normal -0.146667 0.989186 0
    outer loop
      vertex 55.1225 -14.744 3
      vertex 55.2439 -14.726 0
      vertex 55.1225 -14.744 0
    endloop
  endfacet
  facet normal -0.941613 0.336698 0
    outer loop
      vertex 56.1549 -13.9784 0
      vertex 56.1962 -13.8629 3
      vertex 56.1962 -13.8629 0
    endloop
  endfacet
  facet normal -0.941613 0.336698 0
    outer loop
      vertex 56.1962 -13.8629 3
      vertex 56.1549 -13.9784 0
      vertex 56.1549 -13.9784 3
    endloop
  endfacet
  facet normal 0.336698 -0.941613 0
    outer loop
      vertex 54.5216 -12.3451 0
      vertex 54.6371 -12.3038 3
      vertex 54.5216 -12.3451 3
    endloop
  endfacet
  facet normal 0.336698 -0.941613 0
    outer loop
      vertex 54.6371 -12.3038 3
      vertex 54.5216 -12.3451 0
      vertex 54.6371 -12.3038 0
    endloop
  endfacet
  facet normal 0.0489209 0.998803 -0
    outer loop
      vertex 55 -14.75 0
      vertex 54.8775 -14.744 3
      vertex 55 -14.75 3
    endloop
  endfacet
  facet normal 0.0489209 0.998803 0
    outer loop
      vertex 54.8775 -14.744 3
      vertex 55 -14.75 0
      vertex 54.8775 -14.744 0
    endloop
  endfacet
  facet normal -0.740898 -0.671617 0
    outer loop
      vertex 55.9663 -12.707 0
      vertex 55.8839 -12.6161 3
      vertex 55.8839 -12.6161 0
    endloop
  endfacet
  facet normal -0.740898 -0.671617 0
    outer loop
      vertex 55.8839 -12.6161 3
      vertex 55.9663 -12.707 0
      vertex 55.9663 -12.707 3
    endloop
  endfacet
  facet normal 0.671617 -0.740898 0
    outer loop
      vertex 54.1161 -12.6161 0
      vertex 54.207 -12.5337 3
      vertex 54.1161 -12.6161 3
    endloop
  endfacet
  facet normal 0.671617 -0.740898 0
    outer loop
      vertex 54.207 -12.5337 3
      vertex 54.1161 -12.6161 0
      vertex 54.207 -12.5337 0
    endloop
  endfacet
  facet normal -0.903688 -0.428192 0
    outer loop
      vertex 56.1549 -13.0216 0
      vertex 56.1024 -12.9108 3
      vertex 56.1024 -12.9108 0
    endloop
  endfacet
  facet normal -0.903688 -0.428192 0
    outer loop
      vertex 56.1024 -12.9108 3
      vertex 56.1549 -13.0216 0
      vertex 56.1549 -13.0216 3
    endloop
  endfacet
  facet normal -0.989186 0.146667 0
    outer loop
      vertex 56.226 -13.7439 0
      vertex 56.244 -13.6225 3
      vertex 56.244 -13.6225 0
    endloop
  endfacet
  facet normal -0.989186 0.146667 0
    outer loop
      vertex 56.244 -13.6225 3
      vertex 56.226 -13.7439 0
      vertex 56.226 -13.7439 3
    endloop
  endfacet
  facet normal -0.740898 0.671617 0
    outer loop
      vertex 55.8839 -14.3839 0
      vertex 55.9663 -14.293 3
      vertex 55.9663 -14.293 0
    endloop
  endfacet
  facet normal -0.740898 0.671617 0
    outer loop
      vertex 55.9663 -14.293 3
      vertex 55.8839 -14.3839 0
      vertex 55.8839 -14.3839 3
    endloop
  endfacet
  facet normal -0.85778 -0.514016 0
    outer loop
      vertex 56.1024 -12.9108 0
      vertex 56.0393 -12.8055 3
      vertex 56.0393 -12.8055 0
    endloop
  endfacet
  facet normal -0.85778 -0.514016 0
    outer loop
      vertex 56.0393 -12.8055 3
      vertex 56.1024 -12.9108 0
      vertex 56.1024 -12.9108 3
    endloop
  endfacet
  facet normal 0.85778 0.514016 0
    outer loop
      vertex 53.9607 -14.1945 3
      vertex 53.8976 -14.0892 0
      vertex 53.8976 -14.0892 3
    endloop
  endfacet
  facet normal 0.85778 0.514016 0
    outer loop
      vertex 53.8976 -14.0892 0
      vertex 53.9607 -14.1945 3
      vertex 53.9607 -14.1945 0
    endloop
  endfacet
  facet normal 0.242919 0.970047 -0
    outer loop
      vertex 54.7561 -14.726 0
      vertex 54.6371 -14.6962 3
      vertex 54.7561 -14.726 3
    endloop
  endfacet
  facet normal 0.242919 0.970047 0
    outer loop
      vertex 54.6371 -14.6962 3
      vertex 54.7561 -14.726 0
      vertex 54.6371 -14.6962 0
    endloop
  endfacet
  facet normal 0.989186 -0.146667 0
    outer loop
      vertex 53.756 -13.3775 3
      vertex 53.774 -13.2561 0
      vertex 53.774 -13.2561 3
    endloop
  endfacet
  facet normal 0.989186 -0.146667 0
    outer loop
      vertex 53.774 -13.2561 0
      vertex 53.756 -13.3775 3
      vertex 53.756 -13.3775 0
    endloop
  endfacet
  facet normal 0.0489209 -0.998803 0
    outer loop
      vertex 54.8775 -12.256 0
      vertex 55 -12.25 3
      vertex 54.8775 -12.256 3
    endloop
  endfacet
  facet normal 0.0489209 -0.998803 0
    outer loop
      vertex 55 -12.25 3
      vertex 54.8775 -12.256 0
      vertex 55 -12.25 0
    endloop
  endfacet
  facet normal 0.740898 -0.671617 0
    outer loop
      vertex 54.0337 -12.707 3
      vertex 54.1161 -12.6161 0
      vertex 54.1161 -12.6161 3
    endloop
  endfacet
  facet normal 0.740898 -0.671617 0
    outer loop
      vertex 54.1161 -12.6161 0
      vertex 54.0337 -12.707 3
      vertex 54.0337 -12.707 0
    endloop
  endfacet
  facet normal 0.595423 0.803413 -0
    outer loop
      vertex 54.3055 -14.5393 0
      vertex 54.207 -14.4663 3
      vertex 54.3055 -14.5393 3
    endloop
  endfacet
  facet normal 0.595423 0.803413 0
    outer loop
      vertex 54.207 -14.4663 3
      vertex 54.3055 -14.5393 0
      vertex 54.207 -14.4663 0
    endloop
  endfacet
  facet normal -0.595423 0.803413 0
    outer loop
      vertex 55.793 -14.4663 0
      vertex 55.6945 -14.5393 3
      vertex 55.793 -14.4663 3
    endloop
  endfacet
  facet normal -0.595423 0.803413 0
    outer loop
      vertex 55.6945 -14.5393 3
      vertex 55.793 -14.4663 0
      vertex 55.6945 -14.5393 0
    endloop
  endfacet
  facet normal 0.803413 -0.595423 0
    outer loop
      vertex 53.9607 -12.8055 3
      vertex 54.0337 -12.707 0
      vertex 54.0337 -12.707 3
    endloop
  endfacet
  facet normal 0.803413 -0.595423 0
    outer loop
      vertex 54.0337 -12.707 0
      vertex 53.9607 -12.8055 3
      vertex 53.9607 -12.8055 0
    endloop
  endfacet
  facet normal 0.970047 -0.242919 0
    outer loop
      vertex 53.774 -13.2561 3
      vertex 53.8038 -13.1371 0
      vertex 53.8038 -13.1371 3
    endloop
  endfacet
  facet normal 0.970047 -0.242919 0
    outer loop
      vertex 53.8038 -13.1371 0
      vertex 53.774 -13.2561 3
      vertex 53.774 -13.2561 0
    endloop
  endfacet
  facet normal -0.671617 0.740898 0
    outer loop
      vertex 55.8839 -14.3839 0
      vertex 55.793 -14.4663 3
      vertex 55.8839 -14.3839 3
    endloop
  endfacet
  facet normal -0.671617 0.740898 0
    outer loop
      vertex 55.793 -14.4663 3
      vertex 55.8839 -14.3839 0
      vertex 55.793 -14.4663 0
    endloop
  endfacet
  facet normal 0.903688 0.428192 0
    outer loop
      vertex 53.8976 -14.0892 3
      vertex 53.8451 -13.9784 0
      vertex 53.8451 -13.9784 3
    endloop
  endfacet
  facet normal 0.903688 0.428192 0
    outer loop
      vertex 53.8451 -13.9784 0
      vertex 53.8976 -14.0892 3
      vertex 53.8976 -14.0892 0
    endloop
  endfacet
  facet normal 0.998803 -0.0489209 0
    outer loop
      vertex 53.75 -13.5 3
      vertex 53.756 -13.3775 0
      vertex 53.756 -13.3775 3
    endloop
  endfacet
  facet normal 0.998803 -0.0489209 0
    outer loop
      vertex 53.756 -13.3775 0
      vertex 53.75 -13.5 3
      vertex 53.75 -13.5 0
    endloop
  endfacet
  facet normal 0.998803 0.0489209 0
    outer loop
      vertex 53.756 -13.6225 3
      vertex 53.75 -13.5 0
      vertex 53.75 -13.5 3
    endloop
  endfacet
  facet normal 0.998803 0.0489209 0
    outer loop
      vertex 53.75 -13.5 0
      vertex 53.756 -13.6225 3
      vertex 53.756 -13.6225 0
    endloop
  endfacet
  facet normal 0.33742 0.941354 -0
    outer loop
      vertex 54.6371 -14.6962 0
      vertex 54.5216 -14.6548 3
      vertex 54.6371 -14.6962 3
    endloop
  endfacet
  facet normal 0.33742 0.941354 0
    outer loop
      vertex 54.5216 -14.6548 3
      vertex 54.6371 -14.6962 0
      vertex 54.5216 -14.6548 0
    endloop
  endfacet
  facet normal 0.671617 0.740898 -0
    outer loop
      vertex 54.207 -14.4663 0
      vertex 54.1161 -14.3839 3
      vertex 54.207 -14.4663 3
    endloop
  endfacet
  facet normal 0.671617 0.740898 0
    outer loop
      vertex 54.1161 -14.3839 3
      vertex 54.207 -14.4663 0
      vertex 54.1161 -14.3839 0
    endloop
  endfacet
  facet normal 0.336698 0.941613 -0
    outer loop
      vertex 54.6371 12.3038 0
      vertex 54.5216 12.3451 3
      vertex 54.6371 12.3038 3
    endloop
  endfacet
  facet normal 0.336698 0.941613 0
    outer loop
      vertex 54.5216 12.3451 3
      vertex 54.6371 12.3038 0
      vertex 54.5216 12.3451 0
    endloop
  endfacet
  facet normal -0.989186 -0.146667 0
    outer loop
      vertex 56.244 13.6225 0
      vertex 56.226 13.7439 3
      vertex 56.226 13.7439 0
    endloop
  endfacet
  facet normal -0.989186 -0.146667 0
    outer loop
      vertex 56.226 13.7439 3
      vertex 56.244 13.6225 0
      vertex 56.244 13.6225 3
    endloop
  endfacet
  facet normal -0.998803 -0.0489209 0
    outer loop
      vertex 56.25 13.5 0
      vertex 56.244 13.6225 3
      vertex 56.244 13.6225 0
    endloop
  endfacet
  facet normal -0.998803 -0.0489209 0
    outer loop
      vertex 56.244 13.6225 3
      vertex 56.25 13.5 0
      vertex 56.25 13.5 3
    endloop
  endfacet
  facet normal -0.970047 -0.242919 0
    outer loop
      vertex 56.226 13.7439 0
      vertex 56.1962 13.8629 3
      vertex 56.1962 13.8629 0
    endloop
  endfacet
  facet normal -0.970047 -0.242919 0
    outer loop
      vertex 56.1962 13.8629 3
      vertex 56.226 13.7439 0
      vertex 56.226 13.7439 3
    endloop
  endfacet
  facet normal 0.989186 -0.146667 0
    outer loop
      vertex 53.756 13.6225 3
      vertex 53.774 13.7439 0
      vertex 53.774 13.7439 3
    endloop
  endfacet
  facet normal 0.989186 -0.146667 0
    outer loop
      vertex 53.774 13.7439 0
      vertex 53.756 13.6225 3
      vertex 53.756 13.6225 0
    endloop
  endfacet
  facet normal 0.242919 0.970047 -0
    outer loop
      vertex 54.7561 12.274 0
      vertex 54.6371 12.3038 3
      vertex 54.7561 12.274 3
    endloop
  endfacet
  facet normal 0.242919 0.970047 0
    outer loop
      vertex 54.6371 12.3038 3
      vertex 54.7561 12.274 0
      vertex 54.6371 12.3038 0
    endloop
  endfacet
  facet normal -0.33742 -0.941354 0
    outer loop
      vertex 55.3629 14.6962 0
      vertex 55.4784 14.6548 3
      vertex 55.3629 14.6962 3
    endloop
  endfacet
  facet normal -0.33742 -0.941354 -0
    outer loop
      vertex 55.4784 14.6548 3
      vertex 55.3629 14.6962 0
      vertex 55.4784 14.6548 0
    endloop
  endfacet
  facet normal 0.514016 -0.85778 0
    outer loop
      vertex 54.3055 14.5393 0
      vertex 54.4108 14.6024 3
      vertex 54.3055 14.5393 3
    endloop
  endfacet
  facet normal 0.514016 -0.85778 0
    outer loop
      vertex 54.4108 14.6024 3
      vertex 54.3055 14.5393 0
      vertex 54.4108 14.6024 0
    endloop
  endfacet
  facet normal 0.903688 0.428192 0
    outer loop
      vertex 53.8976 12.9108 3
      vertex 53.8451 13.0216 0
      vertex 53.8451 13.0216 3
    endloop
  endfacet
  facet normal 0.903688 0.428192 0
    outer loop
      vertex 53.8451 13.0216 0
      vertex 53.8976 12.9108 3
      vertex 53.8976 12.9108 0
    endloop
  endfacet
  facet normal 0.242919 -0.970047 0
    outer loop
      vertex 54.6371 14.6962 0
      vertex 54.7561 14.726 3
      vertex 54.6371 14.6962 3
    endloop
  endfacet
  facet normal 0.242919 -0.970047 0
    outer loop
      vertex 54.7561 14.726 3
      vertex 54.6371 14.6962 0
      vertex 54.7561 14.726 0
    endloop
  endfacet
  facet normal 0.85778 0.514016 0
    outer loop
      vertex 53.9607 12.8055 3
      vertex 53.8976 12.9108 0
      vertex 53.8976 12.9108 3
    endloop
  endfacet
  facet normal 0.85778 0.514016 0
    outer loop
      vertex 53.8976 12.9108 0
      vertex 53.9607 12.8055 3
      vertex 53.9607 12.8055 0
    endloop
  endfacet
  facet normal -0.242919 0.970047 0
    outer loop
      vertex 55.3629 12.3038 0
      vertex 55.2439 12.274 3
      vertex 55.3629 12.3038 3
    endloop
  endfacet
  facet normal -0.242919 0.970047 0
    outer loop
      vertex 55.2439 12.274 3
      vertex 55.3629 12.3038 0
      vertex 55.2439 12.274 0
    endloop
  endfacet
  facet normal 0.595423 0.803413 -0
    outer loop
      vertex 54.3055 12.4607 0
      vertex 54.207 12.5337 3
      vertex 54.3055 12.4607 3
    endloop
  endfacet
  facet normal 0.595423 0.803413 0
    outer loop
      vertex 54.207 12.5337 3
      vertex 54.3055 12.4607 0
      vertex 54.207 12.5337 0
    endloop
  endfacet
  facet normal -0.514016 0.85778 0
    outer loop
      vertex 55.6945 12.4607 0
      vertex 55.5892 12.3976 3
      vertex 55.6945 12.4607 3
    endloop
  endfacet
  facet normal -0.514016 0.85778 0
    outer loop
      vertex 55.5892 12.3976 3
      vertex 55.6945 12.4607 0
      vertex 55.5892 12.3976 0
    endloop
  endfacet
  facet normal -0.803413 0.595423 0
    outer loop
      vertex 55.9663 12.707 0
      vertex 56.0393 12.8055 3
      vertex 56.0393 12.8055 0
    endloop
  endfacet
  facet normal -0.803413 0.595423 0
    outer loop
      vertex 56.0393 12.8055 3
      vertex 55.9663 12.707 0
      vertex 55.9663 12.707 3
    endloop
  endfacet
  facet normal -0.146667 -0.989186 0
    outer loop
      vertex 55.1225 14.744 0
      vertex 55.2439 14.726 3
      vertex 55.1225 14.744 3
    endloop
  endfacet
  facet normal -0.146667 -0.989186 -0
    outer loop
      vertex 55.2439 14.726 3
      vertex 55.1225 14.744 0
      vertex 55.2439 14.726 0
    endloop
  endfacet
  facet normal 0.595423 -0.803413 0
    outer loop
      vertex 54.207 14.4663 0
      vertex 54.3055 14.5393 3
      vertex 54.207 14.4663 3
    endloop
  endfacet
  facet normal 0.595423 -0.803413 0
    outer loop
      vertex 54.3055 14.5393 3
      vertex 54.207 14.4663 0
      vertex 54.3055 14.5393 0
    endloop
  endfacet
  facet normal 0.803413 -0.595423 0
    outer loop
      vertex 53.9607 14.1945 3
      vertex 54.0337 14.293 0
      vertex 54.0337 14.293 3
    endloop
  endfacet
  facet normal 0.803413 -0.595423 0
    outer loop
      vertex 54.0337 14.293 0
      vertex 53.9607 14.1945 3
      vertex 53.9607 14.1945 0
    endloop
  endfacet
  facet normal -0.989186 0.146667 0
    outer loop
      vertex 56.226 13.2561 0
      vertex 56.244 13.3775 3
      vertex 56.244 13.3775 0
    endloop
  endfacet
  facet normal -0.989186 0.146667 0
    outer loop
      vertex 56.244 13.3775 3
      vertex 56.226 13.2561 0
      vertex 56.226 13.2561 3
    endloop
  endfacet
  facet normal 0.941613 -0.336698 0
    outer loop
      vertex 53.8038 13.8629 3
      vertex 53.8451 13.9784 0
      vertex 53.8451 13.9784 3
    endloop
  endfacet
  facet normal 0.941613 -0.336698 0
    outer loop
      vertex 53.8451 13.9784 0
      vertex 53.8038 13.8629 3
      vertex 53.8038 13.8629 0
    endloop
  endfacet
  facet normal -0.427525 -0.904003 0
    outer loop
      vertex 55.4784 14.6548 0
      vertex 55.5892 14.6024 3
      vertex 55.4784 14.6548 3
    endloop
  endfacet
  facet normal -0.427525 -0.904003 -0
    outer loop
      vertex 55.5892 14.6024 3
      vertex 55.4784 14.6548 0
      vertex 55.5892 14.6024 0
    endloop
  endfacet
  facet normal 0.941613 0.336698 0
    outer loop
      vertex 53.8451 13.0216 3
      vertex 53.8038 13.1371 0
      vertex 53.8038 13.1371 3
    endloop
  endfacet
  facet normal 0.941613 0.336698 0
    outer loop
      vertex 53.8038 13.1371 0
      vertex 53.8451 13.0216 3
      vertex 53.8451 13.0216 0
    endloop
  endfacet
  facet normal -0.970047 0.242919 0
    outer loop
      vertex 56.1962 13.1371 0
      vertex 56.226 13.2561 3
      vertex 56.226 13.2561 0
    endloop
  endfacet
  facet normal -0.970047 0.242919 0
    outer loop
      vertex 56.226 13.2561 3
      vertex 56.1962 13.1371 0
      vertex 56.1962 13.1371 3
    endloop
  endfacet
  facet normal 0.0489209 -0.998803 0
    outer loop
      vertex 54.8775 14.744 0
      vertex 55 14.75 3
      vertex 54.8775 14.744 3
    endloop
  endfacet
  facet normal 0.0489209 -0.998803 0
    outer loop
      vertex 55 14.75 3
      vertex 54.8775 14.744 0
      vertex 55 14.75 0
    endloop
  endfacet
  facet normal -0.671617 -0.740898 0
    outer loop
      vertex 55.793 14.4663 0
      vertex 55.8839 14.3839 3
      vertex 55.793 14.4663 3
    endloop
  endfacet
  facet normal -0.671617 -0.740898 -0
    outer loop
      vertex 55.8839 14.3839 3
      vertex 55.793 14.4663 0
      vertex 55.8839 14.3839 0
    endloop
  endfacet
  facet normal 0.427525 -0.904003 0
    outer loop
      vertex 54.4108 14.6024 0
      vertex 54.5216 14.6548 3
      vertex 54.4108 14.6024 3
    endloop
  endfacet
  facet normal 0.427525 -0.904003 0
    outer loop
      vertex 54.5216 14.6548 3
      vertex 54.4108 14.6024 0
      vertex 54.5216 14.6548 0
    endloop
  endfacet
  facet normal 0.671617 -0.740898 0
    outer loop
      vertex 54.1161 14.3839 0
      vertex 54.207 14.4663 3
      vertex 54.1161 14.3839 3
    endloop
  endfacet
  facet normal 0.671617 -0.740898 0
    outer loop
      vertex 54.207 14.4663 3
      vertex 54.1161 14.3839 0
      vertex 54.207 14.4663 0
    endloop
  endfacet
  facet normal -0.336698 0.941613 0
    outer loop
      vertex 55.4784 12.3451 0
      vertex 55.3629 12.3038 3
      vertex 55.4784 12.3451 3
    endloop
  endfacet
  facet normal -0.336698 0.941613 0
    outer loop
      vertex 55.3629 12.3038 3
      vertex 55.4784 12.3451 0
      vertex 55.3629 12.3038 0
    endloop
  endfacet
  facet normal 0.33742 -0.941354 0
    outer loop
      vertex 54.5216 14.6548 0
      vertex 54.6371 14.6962 3
      vertex 54.5216 14.6548 3
    endloop
  endfacet
  facet normal 0.33742 -0.941354 0
    outer loop
      vertex 54.6371 14.6962 3
      vertex 54.5216 14.6548 0
      vertex 54.6371 14.6962 0
    endloop
  endfacet
  facet normal -0.803413 -0.595423 0
    outer loop
      vertex 56.0393 14.1945 0
      vertex 55.9663 14.293 3
      vertex 55.9663 14.293 0
    endloop
  endfacet
  facet normal -0.803413 -0.595423 0
    outer loop
      vertex 55.9663 14.293 3
      vertex 56.0393 14.1945 0
      vertex 56.0393 14.1945 3
    endloop
  endfacet
  facet normal 0.85778 -0.514016 0
    outer loop
      vertex 53.8976 14.0892 3
      vertex 53.9607 14.1945 0
      vertex 53.9607 14.1945 3
    endloop
  endfacet
  facet normal 0.85778 -0.514016 0
    outer loop
      vertex 53.9607 14.1945 0
      vertex 53.8976 14.0892 3
      vertex 53.8976 14.0892 0
    endloop
  endfacet
  facet normal -0.998803 0.0489209 0
    outer loop
      vertex 56.244 13.3775 0
      vertex 56.25 13.5 3
      vertex 56.25 13.5 0
    endloop
  endfacet
  facet normal -0.998803 0.0489209 0
    outer loop
      vertex 56.25 13.5 3
      vertex 56.244 13.3775 0
      vertex 56.244 13.3775 3
    endloop
  endfacet
  facet normal -0.903688 0.428192 0
    outer loop
      vertex 56.1024 12.9108 0
      vertex 56.1549 13.0216 3
      vertex 56.1549 13.0216 0
    endloop
  endfacet
  facet normal -0.903688 0.428192 0
    outer loop
      vertex 56.1549 13.0216 3
      vertex 56.1024 12.9108 0
      vertex 56.1024 12.9108 3
    endloop
  endfacet
  facet normal -0.85778 -0.514016 0
    outer loop
      vertex 56.1024 14.0892 0
      vertex 56.0393 14.1945 3
      vertex 56.0393 14.1945 0
    endloop
  endfacet
  facet normal -0.85778 -0.514016 0
    outer loop
      vertex 56.0393 14.1945 3
      vertex 56.1024 14.0892 0
      vertex 56.1024 14.0892 3
    endloop
  endfacet
  facet normal 0.671617 0.740898 -0
    outer loop
      vertex 54.207 12.5337 0
      vertex 54.1161 12.6161 3
      vertex 54.207 12.5337 3
    endloop
  endfacet
  facet normal 0.671617 0.740898 0
    outer loop
      vertex 54.1161 12.6161 3
      vertex 54.207 12.5337 0
      vertex 54.1161 12.6161 0
    endloop
  endfacet
  facet normal -0.595423 -0.803413 0
    outer loop
      vertex 55.6945 14.5393 0
      vertex 55.793 14.4663 3
      vertex 55.6945 14.5393 3
    endloop
  endfacet
  facet normal -0.595423 -0.803413 -0
    outer loop
      vertex 55.793 14.4663 3
      vertex 55.6945 14.5393 0
      vertex 55.793 14.4663 0
    endloop
  endfacet
  facet normal 0.514016 0.85778 -0
    outer loop
      vertex 54.4108 12.3976 0
      vertex 54.3055 12.4607 3
      vertex 54.4108 12.3976 3
    endloop
  endfacet
  facet normal 0.514016 0.85778 0
    outer loop
      vertex 54.3055 12.4607 3
      vertex 54.4108 12.3976 0
      vertex 54.3055 12.4607 0
    endloop
  endfacet
  facet normal -0.514016 -0.85778 0
    outer loop
      vertex 55.5892 14.6024 0
      vertex 55.6945 14.5393 3
      vertex 55.5892 14.6024 3
    endloop
  endfacet
  facet normal -0.514016 -0.85778 -0
    outer loop
      vertex 55.6945 14.5393 3
      vertex 55.5892 14.6024 0
      vertex 55.6945 14.5393 0
    endloop
  endfacet
  facet normal -0.146667 0.989186 0
    outer loop
      vertex 55.2439 12.274 0
      vertex 55.1225 12.256 3
      vertex 55.2439 12.274 3
    endloop
  endfacet
  facet normal -0.146667 0.989186 0
    outer loop
      vertex 55.1225 12.256 3
      vertex 55.2439 12.274 0
      vertex 55.1225 12.256 0
    endloop
  endfacet
  facet normal -0.941613 -0.336698 0
    outer loop
      vertex 56.1962 13.8629 0
      vertex 56.1549 13.9784 3
      vertex 56.1549 13.9784 0
    endloop
  endfacet
  facet normal -0.941613 -0.336698 0
    outer loop
      vertex 56.1549 13.9784 3
      vertex 56.1962 13.8629 0
      vertex 56.1962 13.8629 3
    endloop
  endfacet
  facet normal -0.85778 0.514016 0
    outer loop
      vertex 56.0393 12.8055 0
      vertex 56.1024 12.9108 3
      vertex 56.1024 12.9108 0
    endloop
  endfacet
  facet normal -0.85778 0.514016 0
    outer loop
      vertex 56.1024 12.9108 3
      vertex 56.0393 12.8055 0
      vertex 56.0393 12.8055 3
    endloop
  endfacet
  facet normal 0.998803 0.0489209 0
    outer loop
      vertex 53.756 13.3775 3
      vertex 53.75 13.5 0
      vertex 53.75 13.5 3
    endloop
  endfacet
  facet normal 0.998803 0.0489209 0
    outer loop
      vertex 53.75 13.5 0
      vertex 53.756 13.3775 3
      vertex 53.756 13.3775 0
    endloop
  endfacet
  facet normal -0.941613 0.336698 0
    outer loop
      vertex 56.1549 13.0216 0
      vertex 56.1962 13.1371 3
      vertex 56.1962 13.1371 0
    endloop
  endfacet
  facet normal -0.941613 0.336698 0
    outer loop
      vertex 56.1962 13.1371 3
      vertex 56.1549 13.0216 0
      vertex 56.1549 13.0216 3
    endloop
  endfacet
  facet normal -0.740898 -0.671617 0
    outer loop
      vertex 55.9663 14.293 0
      vertex 55.8839 14.3839 3
      vertex 55.8839 14.3839 0
    endloop
  endfacet
  facet normal -0.740898 -0.671617 0
    outer loop
      vertex 55.8839 14.3839 3
      vertex 55.9663 14.293 0
      vertex 55.9663 14.293 3
    endloop
  endfacet
  facet normal -0.0489209 -0.998803 0
    outer loop
      vertex 55 14.75 0
      vertex 55.1225 14.744 3
      vertex 55 14.75 3
    endloop
  endfacet
  facet normal -0.0489209 -0.998803 -0
    outer loop
      vertex 55.1225 14.744 3
      vertex 55 14.75 0
      vertex 55.1225 14.744 0
    endloop
  endfacet
  facet normal -0.903688 -0.428192 0
    outer loop
      vertex 56.1549 13.9784 0
      vertex 56.1024 14.0892 3
      vertex 56.1024 14.0892 0
    endloop
  endfacet
  facet normal -0.903688 -0.428192 0
    outer loop
      vertex 56.1024 14.0892 3
      vertex 56.1549 13.9784 0
      vertex 56.1549 13.9784 3
    endloop
  endfacet
  facet normal 0.146667 0.989186 -0
    outer loop
      vertex 54.8775 12.256 0
      vertex 54.7561 12.274 3
      vertex 54.8775 12.256 3
    endloop
  endfacet
  facet normal 0.146667 0.989186 0
    outer loop
      vertex 54.7561 12.274 3
      vertex 54.8775 12.256 0
      vertex 54.7561 12.274 0
    endloop
  endfacet
  facet normal -0.671617 0.740898 0
    outer loop
      vertex 55.8839 12.6161 0
      vertex 55.793 12.5337 3
      vertex 55.8839 12.6161 3
    endloop
  endfacet
  facet normal -0.671617 0.740898 0
    outer loop
      vertex 55.793 12.5337 3
      vertex 55.8839 12.6161 0
      vertex 55.793 12.5337 0
    endloop
  endfacet
  facet normal 0.0489209 0.998803 -0
    outer loop
      vertex 55 12.25 0
      vertex 54.8775 12.256 3
      vertex 55 12.25 3
    endloop
  endfacet
  facet normal 0.0489209 0.998803 0
    outer loop
      vertex 54.8775 12.256 3
      vertex 55 12.25 0
      vertex 54.8775 12.256 0
    endloop
  endfacet
  facet normal 0.740898 -0.671617 0
    outer loop
      vertex 54.0337 14.293 3
      vertex 54.1161 14.3839 0
      vertex 54.1161 14.3839 3
    endloop
  endfacet
  facet normal 0.740898 -0.671617 0
    outer loop
      vertex 54.1161 14.3839 0
      vertex 54.0337 14.293 3
      vertex 54.0337 14.293 0
    endloop
  endfacet
  facet normal 0.146667 -0.989186 0
    outer loop
      vertex 54.7561 14.726 0
      vertex 54.8775 14.744 3
      vertex 54.7561 14.726 3
    endloop
  endfacet
  facet normal 0.146667 -0.989186 0
    outer loop
      vertex 54.8775 14.744 3
      vertex 54.7561 14.726 0
      vertex 54.8775 14.744 0
    endloop
  endfacet
  facet normal 0.903688 -0.428192 0
    outer loop
      vertex 53.8451 13.9784 3
      vertex 53.8976 14.0892 0
      vertex 53.8976 14.0892 3
    endloop
  endfacet
  facet normal 0.903688 -0.428192 0
    outer loop
      vertex 53.8976 14.0892 0
      vertex 53.8451 13.9784 3
      vertex 53.8451 13.9784 0
    endloop
  endfacet
  facet normal 0.970047 -0.242919 0
    outer loop
      vertex 53.774 13.7439 3
      vertex 53.8038 13.8629 0
      vertex 53.8038 13.8629 3
    endloop
  endfacet
  facet normal 0.970047 -0.242919 0
    outer loop
      vertex 53.8038 13.8629 0
      vertex 53.774 13.7439 3
      vertex 53.774 13.7439 0
    endloop
  endfacet
  facet normal -0.242919 -0.970047 0
    outer loop
      vertex 55.2439 14.726 0
      vertex 55.3629 14.6962 3
      vertex 55.2439 14.726 3
    endloop
  endfacet
  facet normal -0.242919 -0.970047 -0
    outer loop
      vertex 55.3629 14.6962 3
      vertex 55.2439 14.726 0
      vertex 55.3629 14.6962 0
    endloop
  endfacet
  facet normal 0.970047 0.242919 0
    outer loop
      vertex 53.8038 13.1371 3
      vertex 53.774 13.2561 0
      vertex 53.774 13.2561 3
    endloop
  endfacet
  facet normal 0.970047 0.242919 0
    outer loop
      vertex 53.774 13.2561 0
      vertex 53.8038 13.1371 3
      vertex 53.8038 13.1371 0
    endloop
  endfacet
  facet normal 0.428192 0.903688 -0
    outer loop
      vertex 54.5216 12.3451 0
      vertex 54.4108 12.3976 3
      vertex 54.5216 12.3451 3
    endloop
  endfacet
  facet normal 0.428192 0.903688 0
    outer loop
      vertex 54.4108 12.3976 3
      vertex 54.5216 12.3451 0
      vertex 54.4108 12.3976 0
    endloop
  endfacet
  facet normal 0.740898 0.671617 0
    outer loop
      vertex 54.1161 12.6161 3
      vertex 54.0337 12.707 0
      vertex 54.0337 12.707 3
    endloop
  endfacet
  facet normal 0.740898 0.671617 0
    outer loop
      vertex 54.0337 12.707 0
      vertex 54.1161 12.6161 3
      vertex 54.1161 12.6161 0
    endloop
  endfacet
  facet normal -0.428192 0.903688 0
    outer loop
      vertex 55.5892 12.3976 0
      vertex 55.4784 12.3451 3
      vertex 55.5892 12.3976 3
    endloop
  endfacet
  facet normal -0.428192 0.903688 0
    outer loop
      vertex 55.4784 12.3451 3
      vertex 55.5892 12.3976 0
      vertex 55.4784 12.3451 0
    endloop
  endfacet
  facet normal -0.0489209 0.998803 0
    outer loop
      vertex 55.1225 12.256 0
      vertex 55 12.25 3
      vertex 55.1225 12.256 3
    endloop
  endfacet
  facet normal -0.0489209 0.998803 0
    outer loop
      vertex 55 12.25 3
      vertex 55.1225 12.256 0
      vertex 55 12.25 0
    endloop
  endfacet
  facet normal 0.989186 0.146667 0
    outer loop
      vertex 53.774 13.2561 3
      vertex 53.756 13.3775 0
      vertex 53.756 13.3775 3
    endloop
  endfacet
  facet normal 0.989186 0.146667 0
    outer loop
      vertex 53.756 13.3775 0
      vertex 53.774 13.2561 3
      vertex 53.774 13.2561 0
    endloop
  endfacet
  facet normal -0.595423 0.803413 0
    outer loop
      vertex 55.793 12.5337 0
      vertex 55.6945 12.4607 3
      vertex 55.793 12.5337 3
    endloop
  endfacet
  facet normal -0.595423 0.803413 0
    outer loop
      vertex 55.6945 12.4607 3
      vertex 55.793 12.5337 0
      vertex 55.6945 12.4607 0
    endloop
  endfacet
  facet normal 0.803413 0.595423 0
    outer loop
      vertex 54.0337 12.707 3
      vertex 53.9607 12.8055 0
      vertex 53.9607 12.8055 3
    endloop
  endfacet
  facet normal 0.803413 0.595423 0
    outer loop
      vertex 53.9607 12.8055 0
      vertex 54.0337 12.707 3
      vertex 54.0337 12.707 0
    endloop
  endfacet
  facet normal 0.998803 -0.0489209 0
    outer loop
      vertex 53.75 13.5 3
      vertex 53.756 13.6225 0
      vertex 53.756 13.6225 3
    endloop
  endfacet
  facet normal 0.998803 -0.0489209 0
    outer loop
      vertex 53.756 13.6225 0
      vertex 53.75 13.5 3
      vertex 53.75 13.5 0
    endloop
  endfacet
  facet normal -0.740898 0.671617 0
    outer loop
      vertex 55.8839 12.6161 0
      vertex 55.9663 12.707 3
      vertex 55.9663 12.707 0
    endloop
  endfacet
  facet normal -0.740898 0.671617 0
    outer loop
      vertex 55.9663 12.707 3
      vertex 55.8839 12.6161 0
      vertex 55.8839 12.6161 3
    endloop
  endfacet
  facet normal -1 0 0
    outer loop
      vertex 48.4 -17.1 0
      vertex 48.4 6.1 3
      vertex 48.4 6.1 0
    endloop
  endfacet
  facet normal -1 -0 0
    outer loop
      vertex 48.4 6.1 3
      vertex 48.4 -17.1 0
      vertex 48.4 -17.1 3
    endloop
  endfacet
  facet normal 1 -0 0
    outer loop
      vertex 35.6 -17.1 3
      vertex 35.6 6.1 0
      vertex 35.6 6.1 3
    endloop
  endfacet
  facet normal 1 0 0
    outer loop
      vertex 35.6 6.1 0
      vertex 35.6 -17.1 3
      vertex 35.6 -17.1 0
    endloop
  endfacet
  facet normal 0 -1 0
    outer loop
      vertex 35.6 6.1 0
      vertex 48.4 6.1 3
      vertex 35.6 6.1 3
    endloop
  endfacet
  facet normal 0 -1 -0
    outer loop
      vertex 48.4 6.1 3
      vertex 35.6 6.1 0
      vertex 48.4 6.1 0
    endloop
  endfacet
  facet normal 0 1 -0
    outer loop
      vertex 48.4 -17.1 0
      vertex 35.6 -17.1 3
      vertex 48.4 -17.1 3
    endloop
  endfacet
  facet normal 0 1 0
    outer loop
      vertex 35.6 -17.1 3
      vertex 48.4 -17.1 0
      vertex 35.6 -17.1 0
    endloop
  endfacet
endsolid OpenSCAD_Model
