solid OpenSCAD_Model
  facet normal 1 -0 0
    outer loop
      vertex 27.2844 26 5.2
      vertex 27.2844 38.5 0
      vertex 27.2844 38.5 5.2
    endloop
  endfacet
  facet normal 1 0 0
    outer loop
      vertex 27.2844 38.5 0
      vertex 27.2844 26 5.2
      vertex 27.2844 26 0
    endloop
  endfacet
  facet normal 1 -0 0
    outer loop
      vertex 27.2844 -38.5 5.2
      vertex 27.2844 -26 0
      vertex 27.2844 -26 5.2
    endloop
  endfacet
  facet normal 1 0 0
    outer loop
      vertex 27.2844 -26 0
      vertex 27.2844 -38.5 5.2
      vertex 27.2844 -38.5 0
    endloop
  endfacet
  facet normal 1 -0 0
    outer loop
      vertex 27.2844 -18 5.2
      vertex 27.2844 18 0
      vertex 27.2844 18 5.2
    endloop
  endfacet
  facet normal 1 0 0
    outer loop
      vertex 27.2844 18 0
      vertex 27.2844 -18 5.2
      vertex 27.2844 -18 0
    endloop
  endfacet
  facet normal -0 0 1
    outer loop
      vertex 12.2656 38.5 5.2
      vertex 15.775 -38.5 5.2
      vertex 15.775 38.5 5.2
    endloop
  endfacet
  facet normal 0 0 1
    outer loop
      vertex 15.775 -38.5 5.2
      vertex 12.2656 38.5 5.2
      vertex 12.2656 -38.5 5.2
    endloop
  endfacet
  facet normal -0 0 1
    outer loop
      vertex 23.775 38.5 5.2
      vertex 27.2844 26 5.2
      vertex 27.2844 38.5 5.2
    endloop
  endfacet
  facet normal 0 0 1
    outer loop
      vertex 27.2844 26 5.2
      vertex 23.775 38.5 5.2
      vertex 27.2844 18 5.2
    endloop
  endfacet
  facet normal 0 0 1
    outer loop
      vertex 27.2844 18 5.2
      vertex 23.775 38.5 5.2
      vertex 27.2844 -18 5.2
    endloop
  endfacet
  facet normal 0 0 1
    outer loop
      vertex 23.775 -38.5 5.2
      vertex 27.2844 -18 5.2
      vertex 23.775 38.5 5.2
    endloop
  endfacet
  facet normal 0 0 1
    outer loop
      vertex 27.2844 -18 5.2
      vertex 23.775 -38.5 5.2
      vertex 27.2844 -26 5.2
    endloop
  endfacet
  facet normal 0 0 1
    outer loop
      vertex 27.2844 -26 5.2
      vertex 23.775 -38.5 5.2
      vertex 27.2844 -38.5 5.2
    endloop
  endfacet
  facet normal 0 0 1
    outer loop
      vertex 56.7156 -18 5.2
      vertex 43.6 -22 5.2
      vertex 56.7156 -26 5.2
    endloop
  endfacet
  facet normal 0 0 1
    outer loop
      vertex 56.7156 -18 5.2
      vertex 43.5923 -21.8432 5.2
      vertex 43.6 -22 5.2
    endloop
  endfacet
  facet normal 0 0 1
    outer loop
      vertex 56.7156 -18 5.2
      vertex 43.5693 -21.6879 5.2
      vertex 43.5923 -21.8432 5.2
    endloop
  endfacet
  facet normal 0 0 1
    outer loop
      vertex 56.7156 -18 5.2
      vertex 43.5311 -21.5355 5.2
      vertex 43.5693 -21.6879 5.2
    endloop
  endfacet
  facet normal 0 0 1
    outer loop
      vertex 56.7156 -18 5.2
      vertex 43.4782 -21.3877 5.2
      vertex 43.5311 -21.5355 5.2
    endloop
  endfacet
  facet normal 0 0 1
    outer loop
      vertex 56.7156 -18 5.2
      vertex 43.4111 -21.2458 5.2
      vertex 43.4782 -21.3877 5.2
    endloop
  endfacet
  facet normal 0 0 1
    outer loop
      vertex 56.7156 -18 5.2
      vertex 43.3304 -21.1111 5.2
      vertex 43.4111 -21.2458 5.2
    endloop
  endfacet
  facet normal 0 0 1
    outer loop
      vertex 56.7156 -18 5.2
      vertex 43.2368 -20.985 5.2
      vertex 43.3304 -21.1111 5.2
    endloop
  endfacet
  facet normal 0 0 1
    outer loop
      vertex 56.7156 -18 5.2
      vertex 43.1314 -20.8686 5.2
      vertex 43.2368 -20.985 5.2
    endloop
  endfacet
  facet normal 0 0 1
    outer loop
      vertex 56.7156 -18 5.2
      vertex 43.015 -20.7632 5.2
      vertex 43.1314 -20.8686 5.2
    endloop
  endfacet
  facet normal 0 0 1
    outer loop
      vertex 56.7156 -18 5.2
      vertex 42.8889 -20.6696 5.2
      vertex 43.015 -20.7632 5.2
    endloop
  endfacet
  facet normal 0 0 1
    outer loop
      vertex 56.7156 -18 5.2
      vertex 42.7542 -20.5889 5.2
      vertex 42.8889 -20.6696 5.2
    endloop
  endfacet
  facet normal 0 0 1
    outer loop
      vertex 56.7156 -18 5.2
      vertex 42.6123 -20.5218 5.2
      vertex 42.7542 -20.5889 5.2
    endloop
  endfacet
  facet normal 0 0 1
    outer loop
      vertex 56.7156 -18 5.2
      vertex 42.4645 -20.4689 5.2
      vertex 42.6123 -20.5218 5.2
    endloop
  endfacet
  facet normal 0 0 1
    outer loop
      vertex 56.7156 -18 5.2
      vertex 42.3121 -20.4307 5.2
      vertex 42.4645 -20.4689 5.2
    endloop
  endfacet
  facet normal 0 0 1
    outer loop
      vertex 56.7156 -18 5.2
      vertex 42.1568 -20.4077 5.2
      vertex 42.3121 -20.4307 5.2
    endloop
  endfacet
  facet normal 0 0 1
    outer loop
      vertex 56.7156 -18 5.2
      vertex 42 -20.4 5.2
      vertex 42.1568 -20.4077 5.2
    endloop
  endfacet
  facet normal -0 0 1
    outer loop
      vertex 27.2844 -18 5.2
      vertex 42 -20.4 5.2
      vertex 56.7156 -18 5.2
    endloop
  endfacet
  facet normal 0 0 1
    outer loop
      vertex 42 -20.4 5.2
      vertex 27.2844 -18 5.2
      vertex 41.8432 -20.4077 5.2
    endloop
  endfacet
  facet normal 0 0 1
    outer loop
      vertex 40.4077 -21.8432 5.2
      vertex 27.2844 -18 5.2
      vertex 40.4 -22 5.2
    endloop
  endfacet
  facet normal 0 0 1
    outer loop
      vertex 40.4307 -21.6879 5.2
      vertex 27.2844 -18 5.2
      vertex 40.4077 -21.8432 5.2
    endloop
  endfacet
  facet normal 0 0 1
    outer loop
      vertex 40.4689 -21.5355 5.2
      vertex 27.2844 -18 5.2
      vertex 40.4307 -21.6879 5.2
    endloop
  endfacet
  facet normal 0 0 1
    outer loop
      vertex 40.5218 -21.3877 5.2
      vertex 27.2844 -18 5.2
      vertex 40.4689 -21.5355 5.2
    endloop
  endfacet
  facet normal 0 0 1
    outer loop
      vertex 40.5889 -21.2458 5.2
      vertex 27.2844 -18 5.2
      vertex 40.5218 -21.3877 5.2
    endloop
  endfacet
  facet normal 0 0 1
    outer loop
      vertex 40.6696 -21.1111 5.2
      vertex 27.2844 -18 5.2
      vertex 40.5889 -21.2458 5.2
    endloop
  endfacet
  facet normal 0 0 1
    outer loop
      vertex 40.7632 -20.985 5.2
      vertex 27.2844 -18 5.2
      vertex 40.6696 -21.1111 5.2
    endloop
  endfacet
  facet normal 0 0 1
    outer loop
      vertex 40.8686 -20.8686 5.2
      vertex 27.2844 -18 5.2
      vertex 40.7632 -20.985 5.2
    endloop
  endfacet
  facet normal 0 0 1
    outer loop
      vertex 40.985 -20.7632 5.2
      vertex 27.2844 -18 5.2
      vertex 40.8686 -20.8686 5.2
    endloop
  endfacet
  facet normal 0 0 1
    outer loop
      vertex 41.1111 -20.6696 5.2
      vertex 27.2844 -18 5.2
      vertex 40.985 -20.7632 5.2
    endloop
  endfacet
  facet normal 0 0 1
    outer loop
      vertex 41.2458 -20.5889 5.2
      vertex 27.2844 -18 5.2
      vertex 41.1111 -20.6696 5.2
    endloop
  endfacet
  facet normal 0 0 1
    outer loop
      vertex 41.3877 -20.5218 5.2
      vertex 27.2844 -18 5.2
      vertex 41.2458 -20.5889 5.2
    endloop
  endfacet
  facet normal 0 0 1
    outer loop
      vertex 41.5355 -20.4689 5.2
      vertex 27.2844 -18 5.2
      vertex 41.3877 -20.5218 5.2
    endloop
  endfacet
  facet normal 0 0 1
    outer loop
      vertex 41.6879 -20.4307 5.2
      vertex 27.2844 -18 5.2
      vertex 41.5355 -20.4689 5.2
    endloop
  endfacet
  facet normal 0 0 1
    outer loop
      vertex 41.8432 -20.4077 5.2
      vertex 27.2844 -18 5.2
      vertex 41.6879 -20.4307 5.2
    endloop
  endfacet
  facet normal 0 0 1
    outer loop
      vertex 56.7156 26 5.2
      vertex 43.6 22 5.2
      vertex 56.7156 18 5.2
    endloop
  endfacet
  facet normal 0 0 1
    outer loop
      vertex 56.7156 26 5.2
      vertex 43.5923 22.1568 5.2
      vertex 43.6 22 5.2
    endloop
  endfacet
  facet normal 0 0 1
    outer loop
      vertex 56.7156 26 5.2
      vertex 43.5693 22.3121 5.2
      vertex 43.5923 22.1568 5.2
    endloop
  endfacet
  facet normal 0 0 1
    outer loop
      vertex 56.7156 26 5.2
      vertex 43.5311 22.4645 5.2
      vertex 43.5693 22.3121 5.2
    endloop
  endfacet
  facet normal 0 0 1
    outer loop
      vertex 56.7156 26 5.2
      vertex 43.4782 22.6123 5.2
      vertex 43.5311 22.4645 5.2
    endloop
  endfacet
  facet normal 0 0 1
    outer loop
      vertex 56.7156 26 5.2
      vertex 43.4111 22.7542 5.2
      vertex 43.4782 22.6123 5.2
    endloop
  endfacet
  facet normal 0 0 1
    outer loop
      vertex 56.7156 26 5.2
      vertex 43.3304 22.8889 5.2
      vertex 43.4111 22.7542 5.2
    endloop
  endfacet
  facet normal 0 0 1
    outer loop
      vertex 56.7156 26 5.2
      vertex 43.2368 23.015 5.2
      vertex 43.3304 22.8889 5.2
    endloop
  endfacet
  facet normal 0 0 1
    outer loop
      vertex 56.7156 26 5.2
      vertex 43.1314 23.1314 5.2
      vertex 43.2368 23.015 5.2
    endloop
  endfacet
  facet normal 0 0 1
    outer loop
      vertex 56.7156 26 5.2
      vertex 43.015 23.2368 5.2
      vertex 43.1314 23.1314 5.2
    endloop
  endfacet
  facet normal 0 0 1
    outer loop
      vertex 56.7156 26 5.2
      vertex 42.8889 23.3304 5.2
      vertex 43.015 23.2368 5.2
    endloop
  endfacet
  facet normal 0 0 1
    outer loop
      vertex 56.7156 26 5.2
      vertex 42.7542 23.4111 5.2
      vertex 42.8889 23.3304 5.2
    endloop
  endfacet
  facet normal 0 0 1
    outer loop
      vertex 56.7156 26 5.2
      vertex 42.6123 23.4782 5.2
      vertex 42.7542 23.4111 5.2
    endloop
  endfacet
  facet normal 0 0 1
    outer loop
      vertex 56.7156 26 5.2
      vertex 42.4645 23.5311 5.2
      vertex 42.6123 23.4782 5.2
    endloop
  endfacet
  facet normal 0 0 1
    outer loop
      vertex 56.7156 26 5.2
      vertex 42.3121 23.5693 5.2
      vertex 42.4645 23.5311 5.2
    endloop
  endfacet
  facet normal 0 0 1
    outer loop
      vertex 56.7156 26 5.2
      vertex 42.1568 23.5923 5.2
      vertex 42.3121 23.5693 5.2
    endloop
  endfacet
  facet normal 0 0 1
    outer loop
      vertex 56.7156 26 5.2
      vertex 42 23.6 5.2
      vertex 42.1568 23.5923 5.2
    endloop
  endfacet
  facet normal -0 0 1
    outer loop
      vertex 27.2844 26 5.2
      vertex 42 23.6 5.2
      vertex 56.7156 26 5.2
    endloop
  endfacet
  facet normal 0 0 1
    outer loop
      vertex 42 23.6 5.2
      vertex 27.2844 26 5.2
      vertex 41.8432 23.5923 5.2
    endloop
  endfacet
  facet normal 0 0 1
    outer loop
      vertex 40.4077 22.1568 5.2
      vertex 27.2844 26 5.2
      vertex 40.4 22 5.2
    endloop
  endfacet
  facet normal 0 0 1
    outer loop
      vertex 40.4307 22.3121 5.2
      vertex 27.2844 26 5.2
      vertex 40.4077 22.1568 5.2
    endloop
  endfacet
  facet normal 0 0 1
    outer loop
      vertex 40.4689 22.4645 5.2
      vertex 27.2844 26 5.2
      vertex 40.4307 22.3121 5.2
    endloop
  endfacet
  facet normal 0 0 1
    outer loop
      vertex 40.5218 22.6123 5.2
      vertex 27.2844 26 5.2
      vertex 40.4689 22.4645 5.2
    endloop
  endfacet
  facet normal 0 0 1
    outer loop
      vertex 40.5889 22.7542 5.2
      vertex 27.2844 26 5.2
      vertex 40.5218 22.6123 5.2
    endloop
  endfacet
  facet normal 0 0 1
    outer loop
      vertex 40.6696 22.8889 5.2
      vertex 27.2844 26 5.2
      vertex 40.5889 22.7542 5.2
    endloop
  endfacet
  facet normal 0 0 1
    outer loop
      vertex 40.7632 23.015 5.2
      vertex 27.2844 26 5.2
      vertex 40.6696 22.8889 5.2
    endloop
  endfacet
  facet normal 0 0 1
    outer loop
      vertex 40.8686 23.1314 5.2
      vertex 27.2844 26 5.2
      vertex 40.7632 23.015 5.2
    endloop
  endfacet
  facet normal 0 0 1
    outer loop
      vertex 40.985 23.2368 5.2
      vertex 27.2844 26 5.2
      vertex 40.8686 23.1314 5.2
    endloop
  endfacet
  facet normal 0 0 1
    outer loop
      vertex 41.1111 23.3304 5.2
      vertex 27.2844 26 5.2
      vertex 40.985 23.2368 5.2
    endloop
  endfacet
  facet normal 0 0 1
    outer loop
      vertex 41.2458 23.4111 5.2
      vertex 27.2844 26 5.2
      vertex 41.1111 23.3304 5.2
    endloop
  endfacet
  facet normal 0 0 1
    outer loop
      vertex 41.3877 23.4782 5.2
      vertex 27.2844 26 5.2
      vertex 41.2458 23.4111 5.2
    endloop
  endfacet
  facet normal 0 0 1
    outer loop
      vertex 41.5355 23.5311 5.2
      vertex 27.2844 26 5.2
      vertex 41.3877 23.4782 5.2
    endloop
  endfacet
  facet normal 0 0 1
    outer loop
      vertex 41.6879 23.5693 5.2
      vertex 27.2844 26 5.2
      vertex 41.5355 23.5311 5.2
    endloop
  endfacet
  facet normal 0 0 1
    outer loop
      vertex 41.8432 23.5923 5.2
      vertex 27.2844 26 5.2
      vertex 41.6879 23.5693 5.2
    endloop
  endfacet
  facet normal 0 0 1
    outer loop
      vertex 56.7156 26 5.2
      vertex 60.225 38.5 5.2
      vertex 56.7156 38.5 5.2
    endloop
  endfacet
  facet normal 0 0 1
    outer loop
      vertex 56.7156 18 5.2
      vertex 60.225 38.5 5.2
      vertex 56.7156 26 5.2
    endloop
  endfacet
  facet normal 0 0 1
    outer loop
      vertex 60.225 38.5 5.2
      vertex 56.7156 18 5.2
      vertex 60.225 -38.5 5.2
    endloop
  endfacet
  facet normal -0 0 1
    outer loop
      vertex 56.7156 -18 5.2
      vertex 60.225 -38.5 5.2
      vertex 56.7156 18 5.2
    endloop
  endfacet
  facet normal -0 0 1
    outer loop
      vertex 56.7156 -26 5.2
      vertex 60.225 -38.5 5.2
      vertex 56.7156 -18 5.2
    endloop
  endfacet
  facet normal 0 0 1
    outer loop
      vertex 60.225 -38.5 5.2
      vertex 56.7156 -26 5.2
      vertex 56.7156 -38.5 5.2
    endloop
  endfacet
  facet normal -0 0 1
    outer loop
      vertex 43.5923 21.8432 5.2
      vertex 56.7156 18 5.2
      vertex 43.6 22 5.2
    endloop
  endfacet
  facet normal -0 0 1
    outer loop
      vertex 43.5693 21.6879 5.2
      vertex 56.7156 18 5.2
      vertex 43.5923 21.8432 5.2
    endloop
  endfacet
  facet normal -0 0 1
    outer loop
      vertex 43.5311 21.5355 5.2
      vertex 56.7156 18 5.2
      vertex 43.5693 21.6879 5.2
    endloop
  endfacet
  facet normal -0 0 1
    outer loop
      vertex 43.4782 21.3877 5.2
      vertex 56.7156 18 5.2
      vertex 43.5311 21.5355 5.2
    endloop
  endfacet
  facet normal -0 0 1
    outer loop
      vertex 43.4111 21.2458 5.2
      vertex 56.7156 18 5.2
      vertex 43.4782 21.3877 5.2
    endloop
  endfacet
  facet normal -0 0 1
    outer loop
      vertex 43.3304 21.1111 5.2
      vertex 56.7156 18 5.2
      vertex 43.4111 21.2458 5.2
    endloop
  endfacet
  facet normal -0 0 1
    outer loop
      vertex 43.2368 20.985 5.2
      vertex 56.7156 18 5.2
      vertex 43.3304 21.1111 5.2
    endloop
  endfacet
  facet normal -0 0 1
    outer loop
      vertex 43.1314 20.8686 5.2
      vertex 56.7156 18 5.2
      vertex 43.2368 20.985 5.2
    endloop
  endfacet
  facet normal -0 0 1
    outer loop
      vertex 43.015 20.7632 5.2
      vertex 56.7156 18 5.2
      vertex 43.1314 20.8686 5.2
    endloop
  endfacet
  facet normal -0 0 1
    outer loop
      vertex 42.8889 20.6696 5.2
      vertex 56.7156 18 5.2
      vertex 43.015 20.7632 5.2
    endloop
  endfacet
  facet normal -0 0 1
    outer loop
      vertex 42.7542 20.5889 5.2
      vertex 56.7156 18 5.2
      vertex 42.8889 20.6696 5.2
    endloop
  endfacet
  facet normal -0 0 1
    outer loop
      vertex 42.6123 20.5218 5.2
      vertex 56.7156 18 5.2
      vertex 42.7542 20.5889 5.2
    endloop
  endfacet
  facet normal -0 0 1
    outer loop
      vertex 42.4645 20.4689 5.2
      vertex 56.7156 18 5.2
      vertex 42.6123 20.5218 5.2
    endloop
  endfacet
  facet normal -0 0 1
    outer loop
      vertex 42.3121 20.4307 5.2
      vertex 56.7156 18 5.2
      vertex 42.4645 20.4689 5.2
    endloop
  endfacet
  facet normal -0 0 1
    outer loop
      vertex 42.1568 20.4077 5.2
      vertex 56.7156 18 5.2
      vertex 42.3121 20.4307 5.2
    endloop
  endfacet
  facet normal -0 0 1
    outer loop
      vertex 42 20.4 5.2
      vertex 56.7156 18 5.2
      vertex 42.1568 20.4077 5.2
    endloop
  endfacet
  facet normal 0 0 1
    outer loop
      vertex 27.2844 18 5.2
      vertex 42 20.4 5.2
      vertex 41.8432 20.4077 5.2
    endloop
  endfacet
  facet normal 0 0 1
    outer loop
      vertex 27.2844 18 5.2
      vertex 41.8432 20.4077 5.2
      vertex 41.6879 20.4307 5.2
    endloop
  endfacet
  facet normal 0 0 1
    outer loop
      vertex 27.2844 18 5.2
      vertex 40.4 22 5.2
      vertex 27.2844 26 5.2
    endloop
  endfacet
  facet normal 0 0 1
    outer loop
      vertex 40.4 22 5.2
      vertex 27.2844 18 5.2
      vertex 40.4077 21.8432 5.2
    endloop
  endfacet
  facet normal 0 0 1
    outer loop
      vertex 40.4077 21.8432 5.2
      vertex 27.2844 18 5.2
      vertex 40.4307 21.6879 5.2
    endloop
  endfacet
  facet normal 0 0 1
    outer loop
      vertex 40.4307 21.6879 5.2
      vertex 27.2844 18 5.2
      vertex 40.4689 21.5355 5.2
    endloop
  endfacet
  facet normal 0 0 1
    outer loop
      vertex 40.4689 21.5355 5.2
      vertex 27.2844 18 5.2
      vertex 40.5218 21.3877 5.2
    endloop
  endfacet
  facet normal 0 0 1
    outer loop
      vertex 40.5218 21.3877 5.2
      vertex 27.2844 18 5.2
      vertex 40.5889 21.2458 5.2
    endloop
  endfacet
  facet normal 0 0 1
    outer loop
      vertex 40.5889 21.2458 5.2
      vertex 27.2844 18 5.2
      vertex 40.6696 21.1111 5.2
    endloop
  endfacet
  facet normal 0 0 1
    outer loop
      vertex 40.6696 21.1111 5.2
      vertex 27.2844 18 5.2
      vertex 40.7632 20.985 5.2
    endloop
  endfacet
  facet normal 0 0 1
    outer loop
      vertex 40.7632 20.985 5.2
      vertex 27.2844 18 5.2
      vertex 40.8686 20.8686 5.2
    endloop
  endfacet
  facet normal 0 0 1
    outer loop
      vertex 40.8686 20.8686 5.2
      vertex 27.2844 18 5.2
      vertex 40.985 20.7632 5.2
    endloop
  endfacet
  facet normal 0 0 1
    outer loop
      vertex 40.985 20.7632 5.2
      vertex 27.2844 18 5.2
      vertex 41.1111 20.6696 5.2
    endloop
  endfacet
  facet normal 0 0 1
    outer loop
      vertex 41.1111 20.6696 5.2
      vertex 27.2844 18 5.2
      vertex 41.2458 20.5889 5.2
    endloop
  endfacet
  facet normal 0 0 1
    outer loop
      vertex 42 20.4 5.2
      vertex 27.2844 18 5.2
      vertex 56.7156 18 5.2
    endloop
  endfacet
  facet normal 0 0 1
    outer loop
      vertex 41.5355 20.4689 5.2
      vertex 27.2844 18 5.2
      vertex 41.6879 20.4307 5.2
    endloop
  endfacet
  facet normal 0 0 1
    outer loop
      vertex 41.3877 20.5218 5.2
      vertex 27.2844 18 5.2
      vertex 41.5355 20.4689 5.2
    endloop
  endfacet
  facet normal 0 0 1
    outer loop
      vertex 41.2458 20.5889 5.2
      vertex 27.2844 18 5.2
      vertex 41.3877 20.5218 5.2
    endloop
  endfacet
  facet normal -0 0 1
    outer loop
      vertex 43.5923 -22.1568 5.2
      vertex 56.7156 -26 5.2
      vertex 43.6 -22 5.2
    endloop
  endfacet
  facet normal -0 0 1
    outer loop
      vertex 43.5693 -22.3121 5.2
      vertex 56.7156 -26 5.2
      vertex 43.5923 -22.1568 5.2
    endloop
  endfacet
  facet normal -0 0 1
    outer loop
      vertex 43.5311 -22.4645 5.2
      vertex 56.7156 -26 5.2
      vertex 43.5693 -22.3121 5.2
    endloop
  endfacet
  facet normal -0 0 1
    outer loop
      vertex 43.4782 -22.6123 5.2
      vertex 56.7156 -26 5.2
      vertex 43.5311 -22.4645 5.2
    endloop
  endfacet
  facet normal -0 0 1
    outer loop
      vertex 43.4111 -22.7542 5.2
      vertex 56.7156 -26 5.2
      vertex 43.4782 -22.6123 5.2
    endloop
  endfacet
  facet normal -0 0 1
    outer loop
      vertex 43.3304 -22.8889 5.2
      vertex 56.7156 -26 5.2
      vertex 43.4111 -22.7542 5.2
    endloop
  endfacet
  facet normal -0 0 1
    outer loop
      vertex 43.2368 -23.015 5.2
      vertex 56.7156 -26 5.2
      vertex 43.3304 -22.8889 5.2
    endloop
  endfacet
  facet normal -0 0 1
    outer loop
      vertex 43.1314 -23.1314 5.2
      vertex 56.7156 -26 5.2
      vertex 43.2368 -23.015 5.2
    endloop
  endfacet
  facet normal -0 0 1
    outer loop
      vertex 43.015 -23.2368 5.2
      vertex 56.7156 -26 5.2
      vertex 43.1314 -23.1314 5.2
    endloop
  endfacet
  facet normal -0 0 1
    outer loop
      vertex 42.8889 -23.3304 5.2
      vertex 56.7156 -26 5.2
      vertex 43.015 -23.2368 5.2
    endloop
  endfacet
  facet normal -0 0 1
    outer loop
      vertex 42.7542 -23.4111 5.2
      vertex 56.7156 -26 5.2
      vertex 42.8889 -23.3304 5.2
    endloop
  endfacet
  facet normal -0 0 1
    outer loop
      vertex 42.6123 -23.4782 5.2
      vertex 56.7156 -26 5.2
      vertex 42.7542 -23.4111 5.2
    endloop
  endfacet
  facet normal -0 0 1
    outer loop
      vertex 42.4645 -23.5311 5.2
      vertex 56.7156 -26 5.2
      vertex 42.6123 -23.4782 5.2
    endloop
  endfacet
  facet normal -0 0 1
    outer loop
      vertex 42.3121 -23.5693 5.2
      vertex 56.7156 -26 5.2
      vertex 42.4645 -23.5311 5.2
    endloop
  endfacet
  facet normal -0 0 1
    outer loop
      vertex 42.1568 -23.5923 5.2
      vertex 56.7156 -26 5.2
      vertex 42.3121 -23.5693 5.2
    endloop
  endfacet
  facet normal -0 0 1
    outer loop
      vertex 42 -23.6 5.2
      vertex 56.7156 -26 5.2
      vertex 42.1568 -23.5923 5.2
    endloop
  endfacet
  facet normal 0 0 1
    outer loop
      vertex 27.2844 -26 5.2
      vertex 42 -23.6 5.2
      vertex 41.8432 -23.5923 5.2
    endloop
  endfacet
  facet normal 0 0 1
    outer loop
      vertex 27.2844 -26 5.2
      vertex 41.8432 -23.5923 5.2
      vertex 41.6879 -23.5693 5.2
    endloop
  endfacet
  facet normal 0 0 1
    outer loop
      vertex 27.2844 -26 5.2
      vertex 40.4 -22 5.2
      vertex 27.2844 -18 5.2
    endloop
  endfacet
  facet normal 0 0 1
    outer loop
      vertex 40.4 -22 5.2
      vertex 27.2844 -26 5.2
      vertex 40.4077 -22.1568 5.2
    endloop
  endfacet
  facet normal 0 0 1
    outer loop
      vertex 40.4077 -22.1568 5.2
      vertex 27.2844 -26 5.2
      vertex 40.4307 -22.3121 5.2
    endloop
  endfacet
  facet normal 0 0 1
    outer loop
      vertex 40.4307 -22.3121 5.2
      vertex 27.2844 -26 5.2
      vertex 40.4689 -22.4645 5.2
    endloop
  endfacet
  facet normal 0 0 1
    outer loop
      vertex 40.4689 -22.4645 5.2
      vertex 27.2844 -26 5.2
      vertex 40.5218 -22.6123 5.2
    endloop
  endfacet
  facet normal 0 0 1
    outer loop
      vertex 40.5218 -22.6123 5.2
      vertex 27.2844 -26 5.2
      vertex 40.5889 -22.7542 5.2
    endloop
  endfacet
  facet normal 0 0 1
    outer loop
      vertex 40.5889 -22.7542 5.2
      vertex 27.2844 -26 5.2
      vertex 40.6696 -22.8889 5.2
    endloop
  endfacet
  facet normal 0 0 1
    outer loop
      vertex 40.6696 -22.8889 5.2
      vertex 27.2844 -26 5.2
      vertex 40.7632 -23.015 5.2
    endloop
  endfacet
  facet normal 0 0 1
    outer loop
      vertex 40.7632 -23.015 5.2
      vertex 27.2844 -26 5.2
      vertex 40.8686 -23.1314 5.2
    endloop
  endfacet
  facet normal 0 0 1
    outer loop
      vertex 40.8686 -23.1314 5.2
      vertex 27.2844 -26 5.2
      vertex 40.985 -23.2368 5.2
    endloop
  endfacet
  facet normal 0 0 1
    outer loop
      vertex 40.985 -23.2368 5.2
      vertex 27.2844 -26 5.2
      vertex 41.1111 -23.3304 5.2
    endloop
  endfacet
  facet normal 0 0 1
    outer loop
      vertex 41.1111 -23.3304 5.2
      vertex 27.2844 -26 5.2
      vertex 41.2458 -23.4111 5.2
    endloop
  endfacet
  facet normal 0 0 1
    outer loop
      vertex 42 -23.6 5.2
      vertex 27.2844 -26 5.2
      vertex 56.7156 -26 5.2
    endloop
  endfacet
  facet normal 0 0 1
    outer loop
      vertex 41.5355 -23.5311 5.2
      vertex 27.2844 -26 5.2
      vertex 41.6879 -23.5693 5.2
    endloop
  endfacet
  facet normal 0 0 1
    outer loop
      vertex 41.3877 -23.4782 5.2
      vertex 27.2844 -26 5.2
      vertex 41.5355 -23.5311 5.2
    endloop
  endfacet
  facet normal 0 0 1
    outer loop
      vertex 41.2458 -23.4111 5.2
      vertex 27.2844 -26 5.2
      vertex 41.3877 -23.4782 5.2
    endloop
  endfacet
  facet normal -0 0 1
    outer loop
      vertex 68.225 38.5 5.2
      vertex 71.7344 -38.5 5.2
      vertex 71.7344 38.5 5.2
    endloop
  endfacet
  facet normal 0 0 1
    outer loop
      vertex 71.7344 -38.5 5.2
      vertex 68.225 38.5 5.2
      vertex 68.225 -38.5 5.2
    endloop
  endfacet
  facet normal 0 0 -1
    outer loop
      vertex 12.2656 -38.5 0
      vertex 27.2844 -26 0
      vertex 27.2844 -38.5 0
    endloop
  endfacet
  facet normal -0 0 -1
    outer loop
      vertex 27.2844 -26 0
      vertex 12.2656 -38.5 0
      vertex 27.2844 -18 0
    endloop
  endfacet
  facet normal -0 0 -1
    outer loop
      vertex 27.2844 -18 0
      vertex 12.2656 -38.5 0
      vertex 27.2844 18 0
    endloop
  endfacet
  facet normal 0 0 -1
    outer loop
      vertex 12.2656 38.5 0
      vertex 27.2844 18 0
      vertex 12.2656 -38.5 0
    endloop
  endfacet
  facet normal 0 0 -1
    outer loop
      vertex 27.2844 18 0
      vertex 12.2656 38.5 0
      vertex 27.2844 26 0
    endloop
  endfacet
  facet normal 0 0 -1
    outer loop
      vertex 27.2844 26 0
      vertex 12.2656 38.5 0
      vertex 27.2844 38.5 0
    endloop
  endfacet
  facet normal 0 0 -1
    outer loop
      vertex 56.7156 18 0
      vertex 45 22 0
      vertex 56.7156 26 0
    endloop
  endfacet
  facet normal 0 0 -1
    outer loop
      vertex 56.7156 18 0
      vertex 44.9856 21.7059 0
      vertex 45 22 0
    endloop
  endfacet
  facet normal 0 0 -1
    outer loop
      vertex 56.7156 18 0
      vertex 44.9424 21.4147 0
      vertex 44.9856 21.7059 0
    endloop
  endfacet
  facet normal 0 0 -1
    outer loop
      vertex 56.7156 18 0
      vertex 44.8708 21.1291 0
      vertex 44.9424 21.4147 0
    endloop
  endfacet
  facet normal 0 0 -1
    outer loop
      vertex 56.7156 18 0
      vertex 44.7716 20.852 0
      vertex 44.8708 21.1291 0
    endloop
  endfacet
  facet normal 0 0 -1
    outer loop
      vertex 56.7156 18 0
      vertex 44.6458 20.5858 0
      vertex 44.7716 20.852 0
    endloop
  endfacet
  facet normal 0 0 -1
    outer loop
      vertex 56.7156 18 0
      vertex 44.4944 20.3333 0
      vertex 44.6458 20.5858 0
    endloop
  endfacet
  facet normal 0 0 -1
    outer loop
      vertex 56.7156 18 0
      vertex 44.319 20.0968 0
      vertex 44.4944 20.3333 0
    endloop
  endfacet
  facet normal 0 0 -1
    outer loop
      vertex 56.7156 18 0
      vertex 44.1213 19.8787 0
      vertex 44.319 20.0968 0
    endloop
  endfacet
  facet normal 0 0 -1
    outer loop
      vertex 56.7156 18 0
      vertex 43.9032 19.681 0
      vertex 44.1213 19.8787 0
    endloop
  endfacet
  facet normal 0 0 -1
    outer loop
      vertex 56.7156 18 0
      vertex 43.6667 19.5056 0
      vertex 43.9032 19.681 0
    endloop
  endfacet
  facet normal 0 0 -1
    outer loop
      vertex 56.7156 18 0
      vertex 43.4142 19.3542 0
      vertex 43.6667 19.5056 0
    endloop
  endfacet
  facet normal 0 0 -1
    outer loop
      vertex 56.7156 18 0
      vertex 43.148 19.2284 0
      vertex 43.4142 19.3542 0
    endloop
  endfacet
  facet normal 0 0 -1
    outer loop
      vertex 56.7156 18 0
      vertex 42.8709 19.1292 0
      vertex 43.148 19.2284 0
    endloop
  endfacet
  facet normal 0 0 -1
    outer loop
      vertex 56.7156 18 0
      vertex 42.5853 19.0576 0
      vertex 42.8709 19.1292 0
    endloop
  endfacet
  facet normal 0 0 -1
    outer loop
      vertex 56.7156 18 0
      vertex 42.2941 19.0144 0
      vertex 42.5853 19.0576 0
    endloop
  endfacet
  facet normal 0 0 -1
    outer loop
      vertex 56.7156 18 0
      vertex 42 19 0
      vertex 42.2941 19.0144 0
    endloop
  endfacet
  facet normal 0 0 -1
    outer loop
      vertex 27.2844 18 0
      vertex 42 19 0
      vertex 56.7156 18 0
    endloop
  endfacet
  facet normal -0 0 -1
    outer loop
      vertex 39.0144 21.7059 0
      vertex 27.2844 18 0
      vertex 39 22 0
    endloop
  endfacet
  facet normal -0 0 -1
    outer loop
      vertex 39.0576 21.4147 0
      vertex 27.2844 18 0
      vertex 39.0144 21.7059 0
    endloop
  endfacet
  facet normal -0 0 -1
    outer loop
      vertex 39.1292 21.1291 0
      vertex 27.2844 18 0
      vertex 39.0576 21.4147 0
    endloop
  endfacet
  facet normal -0 0 -1
    outer loop
      vertex 39.2284 20.852 0
      vertex 27.2844 18 0
      vertex 39.1292 21.1291 0
    endloop
  endfacet
  facet normal -0 0 -1
    outer loop
      vertex 39.3542 20.5858 0
      vertex 27.2844 18 0
      vertex 39.2284 20.852 0
    endloop
  endfacet
  facet normal -0 0 -1
    outer loop
      vertex 39.5056 20.3333 0
      vertex 27.2844 18 0
      vertex 39.3542 20.5858 0
    endloop
  endfacet
  facet normal -0 0 -1
    outer loop
      vertex 39.681 20.0968 0
      vertex 27.2844 18 0
      vertex 39.5056 20.3333 0
    endloop
  endfacet
  facet normal -0 0 -1
    outer loop
      vertex 39.8787 19.8787 0
      vertex 27.2844 18 0
      vertex 39.681 20.0968 0
    endloop
  endfacet
  facet normal -0 0 -1
    outer loop
      vertex 40.0968 19.681 0
      vertex 27.2844 18 0
      vertex 39.8787 19.8787 0
    endloop
  endfacet
  facet normal -0 0 -1
    outer loop
      vertex 40.3333 19.5056 0
      vertex 27.2844 18 0
      vertex 40.0968 19.681 0
    endloop
  endfacet
  facet normal -0 0 -1
    outer loop
      vertex 40.5858 19.3542 0
      vertex 27.2844 18 0
      vertex 40.3333 19.5056 0
    endloop
  endfacet
  facet normal -0 0 -1
    outer loop
      vertex 40.852 19.2284 0
      vertex 27.2844 18 0
      vertex 40.5858 19.3542 0
    endloop
  endfacet
  facet normal -0 0 -1
    outer loop
      vertex 41.1291 19.1292 0
      vertex 27.2844 18 0
      vertex 40.852 19.2284 0
    endloop
  endfacet
  facet normal -0 0 -1
    outer loop
      vertex 41.4147 19.0576 0
      vertex 27.2844 18 0
      vertex 41.1291 19.1292 0
    endloop
  endfacet
  facet normal -0 0 -1
    outer loop
      vertex 41.7059 19.0144 0
      vertex 27.2844 18 0
      vertex 41.4147 19.0576 0
    endloop
  endfacet
  facet normal -0 0 -1
    outer loop
      vertex 42 19 0
      vertex 27.2844 18 0
      vertex 41.7059 19.0144 0
    endloop
  endfacet
  facet normal 0 0 -1
    outer loop
      vertex 56.7156 -26 0
      vertex 45 -22 0
      vertex 56.7156 -18 0
    endloop
  endfacet
  facet normal 0 0 -1
    outer loop
      vertex 56.7156 -26 0
      vertex 44.9856 -22.2941 0
      vertex 45 -22 0
    endloop
  endfacet
  facet normal 0 0 -1
    outer loop
      vertex 56.7156 -26 0
      vertex 44.9424 -22.5853 0
      vertex 44.9856 -22.2941 0
    endloop
  endfacet
  facet normal 0 0 -1
    outer loop
      vertex 56.7156 -26 0
      vertex 44.8708 -22.8709 0
      vertex 44.9424 -22.5853 0
    endloop
  endfacet
  facet normal 0 0 -1
    outer loop
      vertex 56.7156 -26 0
      vertex 44.7716 -23.148 0
      vertex 44.8708 -22.8709 0
    endloop
  endfacet
  facet normal 0 0 -1
    outer loop
      vertex 56.7156 -26 0
      vertex 44.6458 -23.4142 0
      vertex 44.7716 -23.148 0
    endloop
  endfacet
  facet normal 0 0 -1
    outer loop
      vertex 56.7156 -26 0
      vertex 44.4944 -23.6667 0
      vertex 44.6458 -23.4142 0
    endloop
  endfacet
  facet normal 0 0 -1
    outer loop
      vertex 56.7156 -26 0
      vertex 44.319 -23.9032 0
      vertex 44.4944 -23.6667 0
    endloop
  endfacet
  facet normal 0 0 -1
    outer loop
      vertex 56.7156 -26 0
      vertex 44.1213 -24.1213 0
      vertex 44.319 -23.9032 0
    endloop
  endfacet
  facet normal 0 0 -1
    outer loop
      vertex 56.7156 -26 0
      vertex 43.9032 -24.319 0
      vertex 44.1213 -24.1213 0
    endloop
  endfacet
  facet normal 0 0 -1
    outer loop
      vertex 56.7156 -26 0
      vertex 43.6667 -24.4944 0
      vertex 43.9032 -24.319 0
    endloop
  endfacet
  facet normal 0 0 -1
    outer loop
      vertex 56.7156 -26 0
      vertex 43.4142 -24.6458 0
      vertex 43.6667 -24.4944 0
    endloop
  endfacet
  facet normal 0 0 -1
    outer loop
      vertex 56.7156 -26 0
      vertex 43.148 -24.7716 0
      vertex 43.4142 -24.6458 0
    endloop
  endfacet
  facet normal 0 0 -1
    outer loop
      vertex 56.7156 -26 0
      vertex 42.8709 -24.8708 0
      vertex 43.148 -24.7716 0
    endloop
  endfacet
  facet normal 0 0 -1
    outer loop
      vertex 56.7156 -26 0
      vertex 42.5853 -24.9424 0
      vertex 42.8709 -24.8708 0
    endloop
  endfacet
  facet normal 0 0 -1
    outer loop
      vertex 56.7156 -26 0
      vertex 42.2941 -24.9856 0
      vertex 42.5853 -24.9424 0
    endloop
  endfacet
  facet normal 0 0 -1
    outer loop
      vertex 56.7156 -26 0
      vertex 42 -25 0
      vertex 42.2941 -24.9856 0
    endloop
  endfacet
  facet normal 0 0 -1
    outer loop
      vertex 27.2844 -26 0
      vertex 42 -25 0
      vertex 56.7156 -26 0
    endloop
  endfacet
  facet normal -0 0 -1
    outer loop
      vertex 39.0144 -22.2941 0
      vertex 27.2844 -26 0
      vertex 39 -22 0
    endloop
  endfacet
  facet normal -0 0 -1
    outer loop
      vertex 39.0576 -22.5853 0
      vertex 27.2844 -26 0
      vertex 39.0144 -22.2941 0
    endloop
  endfacet
  facet normal -0 0 -1
    outer loop
      vertex 39.1292 -22.8709 0
      vertex 27.2844 -26 0
      vertex 39.0576 -22.5853 0
    endloop
  endfacet
  facet normal -0 0 -1
    outer loop
      vertex 39.2284 -23.148 0
      vertex 27.2844 -26 0
      vertex 39.1292 -22.8709 0
    endloop
  endfacet
  facet normal -0 0 -1
    outer loop
      vertex 39.3542 -23.4142 0
      vertex 27.2844 -26 0
      vertex 39.2284 -23.148 0
    endloop
  endfacet
  facet normal -0 0 -1
    outer loop
      vertex 39.5056 -23.6667 0
      vertex 27.2844 -26 0
      vertex 39.3542 -23.4142 0
    endloop
  endfacet
  facet normal -0 0 -1
    outer loop
      vertex 39.681 -23.9032 0
      vertex 27.2844 -26 0
      vertex 39.5056 -23.6667 0
    endloop
  endfacet
  facet normal -0 0 -1
    outer loop
      vertex 39.8787 -24.1213 0
      vertex 27.2844 -26 0
      vertex 39.681 -23.9032 0
    endloop
  endfacet
  facet normal -0 0 -1
    outer loop
      vertex 40.0968 -24.319 0
      vertex 27.2844 -26 0
      vertex 39.8787 -24.1213 0
    endloop
  endfacet
  facet normal -0 0 -1
    outer loop
      vertex 40.3333 -24.4944 0
      vertex 27.2844 -26 0
      vertex 40.0968 -24.319 0
    endloop
  endfacet
  facet normal -0 0 -1
    outer loop
      vertex 40.5858 -24.6458 0
      vertex 27.2844 -26 0
      vertex 40.3333 -24.4944 0
    endloop
  endfacet
  facet normal -0 0 -1
    outer loop
      vertex 40.852 -24.7716 0
      vertex 27.2844 -26 0
      vertex 40.5858 -24.6458 0
    endloop
  endfacet
  facet normal -0 0 -1
    outer loop
      vertex 41.1291 -24.8708 0
      vertex 27.2844 -26 0
      vertex 40.852 -24.7716 0
    endloop
  endfacet
  facet normal -0 0 -1
    outer loop
      vertex 41.4147 -24.9424 0
      vertex 27.2844 -26 0
      vertex 41.1291 -24.8708 0
    endloop
  endfacet
  facet normal -0 0 -1
    outer loop
      vertex 41.7059 -24.9856 0
      vertex 27.2844 -26 0
      vertex 41.4147 -24.9424 0
    endloop
  endfacet
  facet normal -0 0 -1
    outer loop
      vertex 42 -25 0
      vertex 27.2844 -26 0
      vertex 41.7059 -24.9856 0
    endloop
  endfacet
  facet normal 0 0 -1
    outer loop
      vertex 56.7156 -26 0
      vertex 71.7344 -38.5 0
      vertex 56.7156 -38.5 0
    endloop
  endfacet
  facet normal 0 0 -1
    outer loop
      vertex 56.7156 -18 0
      vertex 71.7344 -38.5 0
      vertex 56.7156 -26 0
    endloop
  endfacet
  facet normal 0 0 -1
    outer loop
      vertex 71.7344 -38.5 0
      vertex 56.7156 -18 0
      vertex 71.7344 38.5 0
    endloop
  endfacet
  facet normal 0 0 -1
    outer loop
      vertex 56.7156 18 0
      vertex 71.7344 38.5 0
      vertex 56.7156 -18 0
    endloop
  endfacet
  facet normal 0 0 -1
    outer loop
      vertex 56.7156 26 0
      vertex 71.7344 38.5 0
      vertex 56.7156 18 0
    endloop
  endfacet
  facet normal -0 0 -1
    outer loop
      vertex 71.7344 38.5 0
      vertex 56.7156 26 0
      vertex 56.7156 38.5 0
    endloop
  endfacet
  facet normal 0 0 -1
    outer loop
      vertex 44.9856 -21.7059 0
      vertex 56.7156 -18 0
      vertex 45 -22 0
    endloop
  endfacet
  facet normal 0 0 -1
    outer loop
      vertex 44.9424 -21.4147 0
      vertex 56.7156 -18 0
      vertex 44.9856 -21.7059 0
    endloop
  endfacet
  facet normal 0 0 -1
    outer loop
      vertex 44.8708 -21.1291 0
      vertex 56.7156 -18 0
      vertex 44.9424 -21.4147 0
    endloop
  endfacet
  facet normal 0 0 -1
    outer loop
      vertex 44.7716 -20.852 0
      vertex 56.7156 -18 0
      vertex 44.8708 -21.1291 0
    endloop
  endfacet
  facet normal 0 0 -1
    outer loop
      vertex 44.6458 -20.5858 0
      vertex 56.7156 -18 0
      vertex 44.7716 -20.852 0
    endloop
  endfacet
  facet normal 0 0 -1
    outer loop
      vertex 44.4944 -20.3333 0
      vertex 56.7156 -18 0
      vertex 44.6458 -20.5858 0
    endloop
  endfacet
  facet normal 0 0 -1
    outer loop
      vertex 44.319 -20.0968 0
      vertex 56.7156 -18 0
      vertex 44.4944 -20.3333 0
    endloop
  endfacet
  facet normal 0 0 -1
    outer loop
      vertex 44.1213 -19.8787 0
      vertex 56.7156 -18 0
      vertex 44.319 -20.0968 0
    endloop
  endfacet
  facet normal 0 0 -1
    outer loop
      vertex 43.9032 -19.681 0
      vertex 56.7156 -18 0
      vertex 44.1213 -19.8787 0
    endloop
  endfacet
  facet normal 0 0 -1
    outer loop
      vertex 43.6667 -19.5056 0
      vertex 56.7156 -18 0
      vertex 43.9032 -19.681 0
    endloop
  endfacet
  facet normal 0 0 -1
    outer loop
      vertex 43.4142 -19.3542 0
      vertex 56.7156 -18 0
      vertex 43.6667 -19.5056 0
    endloop
  endfacet
  facet normal 0 0 -1
    outer loop
      vertex 43.148 -19.2284 0
      vertex 56.7156 -18 0
      vertex 43.4142 -19.3542 0
    endloop
  endfacet
  facet normal 0 0 -1
    outer loop
      vertex 42.8709 -19.1292 0
      vertex 56.7156 -18 0
      vertex 43.148 -19.2284 0
    endloop
  endfacet
  facet normal 0 0 -1
    outer loop
      vertex 42.5853 -19.0576 0
      vertex 56.7156 -18 0
      vertex 42.8709 -19.1292 0
    endloop
  endfacet
  facet normal 0 0 -1
    outer loop
      vertex 42.2941 -19.0144 0
      vertex 56.7156 -18 0
      vertex 42.5853 -19.0576 0
    endloop
  endfacet
  facet normal 0 0 -1
    outer loop
      vertex 42 -19 0
      vertex 56.7156 -18 0
      vertex 42.2941 -19.0144 0
    endloop
  endfacet
  facet normal 0 0 -1
    outer loop
      vertex 27.2844 -18 0
      vertex 42 -19 0
      vertex 41.7059 -19.0144 0
    endloop
  endfacet
  facet normal 0 0 -1
    outer loop
      vertex 27.2844 -18 0
      vertex 39 -22 0
      vertex 27.2844 -26 0
    endloop
  endfacet
  facet normal 0 0 -1
    outer loop
      vertex 39 -22 0
      vertex 27.2844 -18 0
      vertex 39.0144 -21.7059 0
    endloop
  endfacet
  facet normal 0 0 -1
    outer loop
      vertex 39.0144 -21.7059 0
      vertex 27.2844 -18 0
      vertex 39.0576 -21.4147 0
    endloop
  endfacet
  facet normal 0 0 -1
    outer loop
      vertex 39.0576 -21.4147 0
      vertex 27.2844 -18 0
      vertex 39.1292 -21.1291 0
    endloop
  endfacet
  facet normal 0 0 -1
    outer loop
      vertex 39.1292 -21.1291 0
      vertex 27.2844 -18 0
      vertex 39.2284 -20.852 0
    endloop
  endfacet
  facet normal 0 0 -1
    outer loop
      vertex 39.2284 -20.852 0
      vertex 27.2844 -18 0
      vertex 39.3542 -20.5858 0
    endloop
  endfacet
  facet normal 0 0 -1
    outer loop
      vertex 39.3542 -20.5858 0
      vertex 27.2844 -18 0
      vertex 39.5056 -20.3333 0
    endloop
  endfacet
  facet normal 0 0 -1
    outer loop
      vertex 39.5056 -20.3333 0
      vertex 27.2844 -18 0
      vertex 39.681 -20.0968 0
    endloop
  endfacet
  facet normal 0 0 -1
    outer loop
      vertex 39.681 -20.0968 0
      vertex 27.2844 -18 0
      vertex 39.8787 -19.8787 0
    endloop
  endfacet
  facet normal 0 0 -1
    outer loop
      vertex 39.8787 -19.8787 0
      vertex 27.2844 -18 0
      vertex 40.0968 -19.681 0
    endloop
  endfacet
  facet normal 0 0 -1
    outer loop
      vertex 40.0968 -19.681 0
      vertex 27.2844 -18 0
      vertex 40.3333 -19.5056 0
    endloop
  endfacet
  facet normal 0 0 -1
    outer loop
      vertex 42 -19 0
      vertex 27.2844 -18 0
      vertex 56.7156 -18 0
    endloop
  endfacet
  facet normal 0 0 -1
    outer loop
      vertex 41.4147 -19.0576 0
      vertex 27.2844 -18 0
      vertex 41.7059 -19.0144 0
    endloop
  endfacet
  facet normal 0 0 -1
    outer loop
      vertex 41.1291 -19.1292 0
      vertex 27.2844 -18 0
      vertex 41.4147 -19.0576 0
    endloop
  endfacet
  facet normal 0 0 -1
    outer loop
      vertex 40.852 -19.2284 0
      vertex 27.2844 -18 0
      vertex 41.1291 -19.1292 0
    endloop
  endfacet
  facet normal 0 0 -1
    outer loop
      vertex 40.5858 -19.3542 0
      vertex 27.2844 -18 0
      vertex 40.852 -19.2284 0
    endloop
  endfacet
  facet normal 0 0 -1
    outer loop
      vertex 40.3333 -19.5056 0
      vertex 27.2844 -18 0
      vertex 40.5858 -19.3542 0
    endloop
  endfacet
  facet normal 0 0 -1
    outer loop
      vertex 44.9856 22.2941 0
      vertex 56.7156 26 0
      vertex 45 22 0
    endloop
  endfacet
  facet normal 0 0 -1
    outer loop
      vertex 44.9424 22.5853 0
      vertex 56.7156 26 0
      vertex 44.9856 22.2941 0
    endloop
  endfacet
  facet normal 0 0 -1
    outer loop
      vertex 44.8708 22.8709 0
      vertex 56.7156 26 0
      vertex 44.9424 22.5853 0
    endloop
  endfacet
  facet normal 0 0 -1
    outer loop
      vertex 44.7716 23.148 0
      vertex 56.7156 26 0
      vertex 44.8708 22.8709 0
    endloop
  endfacet
  facet normal 0 0 -1
    outer loop
      vertex 44.6458 23.4142 0
      vertex 56.7156 26 0
      vertex 44.7716 23.148 0
    endloop
  endfacet
  facet normal 0 0 -1
    outer loop
      vertex 44.4944 23.6667 0
      vertex 56.7156 26 0
      vertex 44.6458 23.4142 0
    endloop
  endfacet
  facet normal 0 0 -1
    outer loop
      vertex 44.319 23.9032 0
      vertex 56.7156 26 0
      vertex 44.4944 23.6667 0
    endloop
  endfacet
  facet normal 0 0 -1
    outer loop
      vertex 44.1213 24.1213 0
      vertex 56.7156 26 0
      vertex 44.319 23.9032 0
    endloop
  endfacet
  facet normal 0 0 -1
    outer loop
      vertex 43.9032 24.319 0
      vertex 56.7156 26 0
      vertex 44.1213 24.1213 0
    endloop
  endfacet
  facet normal 0 0 -1
    outer loop
      vertex 43.6667 24.4944 0
      vertex 56.7156 26 0
      vertex 43.9032 24.319 0
    endloop
  endfacet
  facet normal 0 0 -1
    outer loop
      vertex 43.4142 24.6458 0
      vertex 56.7156 26 0
      vertex 43.6667 24.4944 0
    endloop
  endfacet
  facet normal 0 0 -1
    outer loop
      vertex 43.148 24.7716 0
      vertex 56.7156 26 0
      vertex 43.4142 24.6458 0
    endloop
  endfacet
  facet normal 0 0 -1
    outer loop
      vertex 42.8709 24.8708 0
      vertex 56.7156 26 0
      vertex 43.148 24.7716 0
    endloop
  endfacet
  facet normal 0 0 -1
    outer loop
      vertex 42.5853 24.9424 0
      vertex 56.7156 26 0
      vertex 42.8709 24.8708 0
    endloop
  endfacet
  facet normal 0 0 -1
    outer loop
      vertex 42.2941 24.9856 0
      vertex 56.7156 26 0
      vertex 42.5853 24.9424 0
    endloop
  endfacet
  facet normal 0 0 -1
    outer loop
      vertex 42 25 0
      vertex 56.7156 26 0
      vertex 42.2941 24.9856 0
    endloop
  endfacet
  facet normal 0 0 -1
    outer loop
      vertex 27.2844 26 0
      vertex 42 25 0
      vertex 41.7059 24.9856 0
    endloop
  endfacet
  facet normal 0 0 -1
    outer loop
      vertex 27.2844 26 0
      vertex 39 22 0
      vertex 27.2844 18 0
    endloop
  endfacet
  facet normal 0 0 -1
    outer loop
      vertex 39 22 0
      vertex 27.2844 26 0
      vertex 39.0144 22.2941 0
    endloop
  endfacet
  facet normal 0 0 -1
    outer loop
      vertex 39.0144 22.2941 0
      vertex 27.2844 26 0
      vertex 39.0576 22.5853 0
    endloop
  endfacet
  facet normal 0 0 -1
    outer loop
      vertex 39.0576 22.5853 0
      vertex 27.2844 26 0
      vertex 39.1292 22.8709 0
    endloop
  endfacet
  facet normal 0 0 -1
    outer loop
      vertex 39.1292 22.8709 0
      vertex 27.2844 26 0
      vertex 39.2284 23.148 0
    endloop
  endfacet
  facet normal 0 0 -1
    outer loop
      vertex 39.2284 23.148 0
      vertex 27.2844 26 0
      vertex 39.3542 23.4142 0
    endloop
  endfacet
  facet normal 0 0 -1
    outer loop
      vertex 39.3542 23.4142 0
      vertex 27.2844 26 0
      vertex 39.5056 23.6667 0
    endloop
  endfacet
  facet normal 0 0 -1
    outer loop
      vertex 39.5056 23.6667 0
      vertex 27.2844 26 0
      vertex 39.681 23.9032 0
    endloop
  endfacet
  facet normal 0 0 -1
    outer loop
      vertex 39.681 23.9032 0
      vertex 27.2844 26 0
      vertex 39.8787 24.1213 0
    endloop
  endfacet
  facet normal 0 0 -1
    outer loop
      vertex 39.8787 24.1213 0
      vertex 27.2844 26 0
      vertex 40.0968 24.319 0
    endloop
  endfacet
  facet normal 0 0 -1
    outer loop
      vertex 40.0968 24.319 0
      vertex 27.2844 26 0
      vertex 40.3333 24.4944 0
    endloop
  endfacet
  facet normal 0 0 -1
    outer loop
      vertex 42 25 0
      vertex 27.2844 26 0
      vertex 56.7156 26 0
    endloop
  endfacet
  facet normal 0 0 -1
    outer loop
      vertex 41.4147 24.9424 0
      vertex 27.2844 26 0
      vertex 41.7059 24.9856 0
    endloop
  endfacet
  facet normal 0 0 -1
    outer loop
      vertex 41.1291 24.8708 0
      vertex 27.2844 26 0
      vertex 41.4147 24.9424 0
    endloop
  endfacet
  facet normal 0 0 -1
    outer loop
      vertex 40.852 24.7716 0
      vertex 27.2844 26 0
      vertex 41.1291 24.8708 0
    endloop
  endfacet
  facet normal 0 0 -1
    outer loop
      vertex 40.5858 24.6458 0
      vertex 27.2844 26 0
      vertex 40.852 24.7716 0
    endloop
  endfacet
  facet normal 0 0 -1
    outer loop
      vertex 40.3333 24.4944 0
      vertex 27.2844 26 0
      vertex 40.5858 24.6458 0
    endloop
  endfacet
  facet normal -1 0 0
    outer loop
      vertex 12.2656 -38.5 0
      vertex 12.2656 38.5 5.2
      vertex 12.2656 38.5 0
    endloop
  endfacet
  facet normal -1 -0 0
    outer loop
      vertex 12.2656 38.5 5.2
      vertex 12.2656 -38.5 0
      vertex 12.2656 -38.5 5.2
    endloop
  endfacet
  facet normal 0 1 0
    outer loop
      vertex 27.2844 38.5 5.2
      vertex 26.0844 38.5 1.2
      vertex 23.775 38.5 5.2
    endloop
  endfacet
  facet normal 0 1 0
    outer loop
      vertex 26.0844 38.5 1.2
      vertex 27.2844 38.5 0
      vertex 13.4656 38.5 1.2
    endloop
  endfacet
  facet normal 0 1 -0
    outer loop
      vertex 27.2844 38.5 0
      vertex 26.0844 38.5 1.2
      vertex 27.2844 38.5 5.2
    endloop
  endfacet
  facet normal 0 1 -0
    outer loop
      vertex 13.4656 38.5 1.2
      vertex 12.2656 38.5 5.2
      vertex 15.775 38.5 5.2
    endloop
  endfacet
  facet normal 0 1 0
    outer loop
      vertex 13.4656 38.5 1.2
      vertex 12.2656 38.5 0
      vertex 12.2656 38.5 5.2
    endloop
  endfacet
  facet normal 0 1 0
    outer loop
      vertex 12.2656 38.5 0
      vertex 13.4656 38.5 1.2
      vertex 27.2844 38.5 0
    endloop
  endfacet
  facet normal 0 -1 0
    outer loop
      vertex 12.2656 -38.5 5.2
      vertex 13.4656 -38.5 1.2
      vertex 15.775 -38.5 5.2
    endloop
  endfacet
  facet normal 0 -1 -0
    outer loop
      vertex 13.4656 -38.5 1.2
      vertex 12.2656 -38.5 0
      vertex 26.0844 -38.5 1.2
    endloop
  endfacet
  facet normal 0 -1 0
    outer loop
      vertex 12.2656 -38.5 0
      vertex 13.4656 -38.5 1.2
      vertex 12.2656 -38.5 5.2
    endloop
  endfacet
  facet normal 0 -1 0
    outer loop
      vertex 26.0844 -38.5 1.2
      vertex 27.2844 -38.5 5.2
      vertex 23.775 -38.5 5.2
    endloop
  endfacet
  facet normal 0 -1 0
    outer loop
      vertex 26.0844 -38.5 1.2
      vertex 27.2844 -38.5 0
      vertex 27.2844 -38.5 5.2
    endloop
  endfacet
  facet normal 0 -1 0
    outer loop
      vertex 27.2844 -38.5 0
      vertex 26.0844 -38.5 1.2
      vertex 12.2656 -38.5 0
    endloop
  endfacet
  facet normal 1 -0 0
    outer loop
      vertex 71.7344 -38.5 5.2
      vertex 71.7344 38.5 0
      vertex 71.7344 38.5 5.2
    endloop
  endfacet
  facet normal 1 0 0
    outer loop
      vertex 71.7344 38.5 0
      vertex 71.7344 -38.5 5.2
      vertex 71.7344 -38.5 0
    endloop
  endfacet
  facet normal -1 0 0
    outer loop
      vertex 56.7156 26 0
      vertex 56.7156 38.5 5.2
      vertex 56.7156 38.5 0
    endloop
  endfacet
  facet normal -1 -0 0
    outer loop
      vertex 56.7156 38.5 5.2
      vertex 56.7156 26 0
      vertex 56.7156 26 5.2
    endloop
  endfacet
  facet normal -1 0 0
    outer loop
      vertex 56.7156 -38.5 0
      vertex 56.7156 -26 5.2
      vertex 56.7156 -26 0
    endloop
  endfacet
  facet normal -1 -0 0
    outer loop
      vertex 56.7156 -26 5.2
      vertex 56.7156 -38.5 0
      vertex 56.7156 -38.5 5.2
    endloop
  endfacet
  facet normal -1 0 0
    outer loop
      vertex 56.7156 -18 0
      vertex 56.7156 18 5.2
      vertex 56.7156 18 0
    endloop
  endfacet
  facet normal -1 -0 0
    outer loop
      vertex 56.7156 18 5.2
      vertex 56.7156 -18 0
      vertex 56.7156 -18 5.2
    endloop
  endfacet
  facet normal 0 1 0
    outer loop
      vertex 71.7344 38.5 5.2
      vertex 70.5344 38.5 1.2
      vertex 68.225 38.5 5.2
    endloop
  endfacet
  facet normal 0 1 0
    outer loop
      vertex 70.5344 38.5 1.2
      vertex 71.7344 38.5 0
      vertex 57.9156 38.5 1.2
    endloop
  endfacet
  facet normal 0 1 -0
    outer loop
      vertex 71.7344 38.5 0
      vertex 70.5344 38.5 1.2
      vertex 71.7344 38.5 5.2
    endloop
  endfacet
  facet normal 0 1 -0
    outer loop
      vertex 57.9156 38.5 1.2
      vertex 56.7156 38.5 5.2
      vertex 60.225 38.5 5.2
    endloop
  endfacet
  facet normal 0 1 0
    outer loop
      vertex 57.9156 38.5 1.2
      vertex 56.7156 38.5 0
      vertex 56.7156 38.5 5.2
    endloop
  endfacet
  facet normal 0 1 0
    outer loop
      vertex 56.7156 38.5 0
      vertex 57.9156 38.5 1.2
      vertex 71.7344 38.5 0
    endloop
  endfacet
  facet normal 0 -1 0
    outer loop
      vertex 56.7156 -38.5 5.2
      vertex 57.9156 -38.5 1.2
      vertex 60.225 -38.5 5.2
    endloop
  endfacet
  facet normal 0 -1 -0
    outer loop
      vertex 57.9156 -38.5 1.2
      vertex 56.7156 -38.5 0
      vertex 70.5344 -38.5 1.2
    endloop
  endfacet
  facet normal 0 -1 0
    outer loop
      vertex 56.7156 -38.5 0
      vertex 57.9156 -38.5 1.2
      vertex 56.7156 -38.5 5.2
    endloop
  endfacet
  facet normal 0 -1 0
    outer loop
      vertex 70.5344 -38.5 1.2
      vertex 71.7344 -38.5 5.2
      vertex 68.225 -38.5 5.2
    endloop
  endfacet
  facet normal 0 -1 0
    outer loop
      vertex 70.5344 -38.5 1.2
      vertex 71.7344 -38.5 0
      vertex 71.7344 -38.5 5.2
    endloop
  endfacet
  facet normal 0 -1 0
    outer loop
      vertex 71.7344 -38.5 0
      vertex 70.5344 -38.5 1.2
      vertex 56.7156 -38.5 0
    endloop
  endfacet
  facet normal 0 1 -0
    outer loop
      vertex 56.7156 -18 0
      vertex 27.2844 -18 5.2
      vertex 56.7156 -18 5.2
    endloop
  endfacet
  facet normal 0 1 0
    outer loop
      vertex 27.2844 -18 5.2
      vertex 56.7156 -18 0
      vertex 27.2844 -18 0
    endloop
  endfacet
  facet normal 0 -1 0
    outer loop
      vertex 27.2844 -26 0
      vertex 56.7156 -26 5.2
      vertex 27.2844 -26 5.2
    endloop
  endfacet
  facet normal 0 -1 -0
    outer loop
      vertex 56.7156 -26 5.2
      vertex 27.2844 -26 0
      vertex 56.7156 -26 0
    endloop
  endfacet
  facet normal 0 1 -0
    outer loop
      vertex 56.7156 26 0
      vertex 27.2844 26 5.2
      vertex 56.7156 26 5.2
    endloop
  endfacet
  facet normal 0 1 0
    outer loop
      vertex 27.2844 26 5.2
      vertex 56.7156 26 0
      vertex 27.2844 26 0
    endloop
  endfacet
  facet normal 0 -1 0
    outer loop
      vertex 27.2844 18 0
      vertex 56.7156 18 5.2
      vertex 27.2844 18 5.2
    endloop
  endfacet
  facet normal 0 -1 -0
    outer loop
      vertex 56.7156 18 5.2
      vertex 27.2844 18 0
      vertex 56.7156 18 0
    endloop
  endfacet
  facet normal 0.866026 0 -0.5
    outer loop
      vertex 15.775 -38.5 5.2
      vertex 13.4656 38.5 1.2
      vertex 15.775 38.5 5.2
    endloop
  endfacet
  facet normal 0.866026 0 -0.5
    outer loop
      vertex 13.4656 38.5 1.2
      vertex 15.775 -38.5 5.2
      vertex 13.4656 -38.5 1.2
    endloop
  endfacet
  facet normal -0 0 1
    outer loop
      vertex 13.4656 38.5 1.2
      vertex 26.0844 -38.5 1.2
      vertex 26.0844 38.5 1.2
    endloop
  endfacet
  facet normal 0 0 1
    outer loop
      vertex 26.0844 -38.5 1.2
      vertex 13.4656 38.5 1.2
      vertex 13.4656 -38.5 1.2
    endloop
  endfacet
  facet normal -0.866026 0 -0.5
    outer loop
      vertex 26.0844 -38.5 1.2
      vertex 23.775 38.5 5.2
      vertex 26.0844 38.5 1.2
    endloop
  endfacet
  facet normal -0.866026 -0 -0.5
    outer loop
      vertex 23.775 38.5 5.2
      vertex 26.0844 -38.5 1.2
      vertex 23.775 -38.5 5.2
    endloop
  endfacet
  facet normal 0.866026 0 -0.5
    outer loop
      vertex 60.225 -38.5 5.2
      vertex 57.9156 38.5 1.2
      vertex 60.225 38.5 5.2
    endloop
  endfacet
  facet normal 0.866026 0 -0.5
    outer loop
      vertex 57.9156 38.5 1.2
      vertex 60.225 -38.5 5.2
      vertex 57.9156 -38.5 1.2
    endloop
  endfacet
  facet normal -0 0 1
    outer loop
      vertex 57.9156 38.5 1.2
      vertex 70.5344 -38.5 1.2
      vertex 70.5344 38.5 1.2
    endloop
  endfacet
  facet normal 0 0 1
    outer loop
      vertex 70.5344 -38.5 1.2
      vertex 57.9156 38.5 1.2
      vertex 57.9156 -38.5 1.2
    endloop
  endfacet
  facet normal -0.866026 0 -0.5
    outer loop
      vertex 70.5344 -38.5 1.2
      vertex 68.225 38.5 5.2
      vertex 70.5344 38.5 1.2
    endloop
  endfacet
  facet normal -0.866026 -0 -0.5
    outer loop
      vertex 68.225 38.5 5.2
      vertex 70.5344 -38.5 1.2
      vertex 68.225 -38.5 5.2
    endloop
  endfacet
  facet normal -0.98921 -0.146502 0
    outer loop
      vertex 43.5923 -21.8432 2.5
      vertex 43.5693 -21.6879 5.2
      vertex 43.5693 -21.6879 2.5
    endloop
  endfacet
  facet normal -0.98921 -0.146502 0
    outer loop
      vertex 43.5693 -21.6879 5.2
      vertex 43.5923 -21.8432 2.5
      vertex 43.5923 -21.8432 5.2
    endloop
  endfacet
  facet normal -0.998796 -0.049048 0
    outer loop
      vertex 43.6 -22 2.5
      vertex 43.5923 -21.8432 5.2
      vertex 43.5923 -21.8432 2.5
    endloop
  endfacet
  facet normal -0.998796 -0.049048 0
    outer loop
      vertex 43.5923 -21.8432 5.2
      vertex 43.6 -22 2.5
      vertex 43.6 -22 5.2
    endloop
  endfacet
  facet normal -0.969993 -0.243135 0
    outer loop
      vertex 43.5693 -21.6879 2.5
      vertex 43.5311 -21.5355 5.2
      vertex 43.5311 -21.5355 2.5
    endloop
  endfacet
  facet normal -0.969993 -0.243135 0
    outer loop
      vertex 43.5311 -21.5355 5.2
      vertex 43.5693 -21.6879 2.5
      vertex 43.5693 -21.6879 5.2
    endloop
  endfacet
  facet normal -0.427484 -0.904023 0
    outer loop
      vertex 42.6123 -20.5218 2.5
      vertex 42.7542 -20.5889 5.2
      vertex 42.6123 -20.5218 5.2
    endloop
  endfacet
  facet normal -0.427484 -0.904023 -0
    outer loop
      vertex 42.7542 -20.5889 5.2
      vertex 42.6123 -20.5218 2.5
      vertex 42.7542 -20.5889 2.5
    endloop
  endfacet
  facet normal 0.243135 0.969993 -0
    outer loop
      vertex 41.6879 -23.5693 2.5
      vertex 41.5355 -23.5311 5.2
      vertex 41.6879 -23.5693 5.2
    endloop
  endfacet
  facet normal 0.243135 0.969993 0
    outer loop
      vertex 41.5355 -23.5311 5.2
      vertex 41.6879 -23.5693 2.5
      vertex 41.5355 -23.5311 2.5
    endloop
  endfacet
  facet normal 0.85783 0.513934 0
    outer loop
      vertex 40.6696 -22.8889 5.2
      vertex 40.5889 -22.7542 2.5
      vertex 40.5889 -22.7542 5.2
    endloop
  endfacet
  facet normal 0.85783 0.513934 0
    outer loop
      vertex 40.5889 -22.7542 2.5
      vertex 40.6696 -22.8889 5.2
      vertex 40.6696 -22.8889 2.5
    endloop
  endfacet
  facet normal -0.146502 0.98921 0
    outer loop
      vertex 42.3121 -23.5693 2.5
      vertex 42.1568 -23.5923 5.2
      vertex 42.3121 -23.5693 5.2
    endloop
  endfacet
  facet normal -0.146502 0.98921 0
    outer loop
      vertex 42.1568 -23.5923 5.2
      vertex 42.3121 -23.5693 2.5
      vertex 42.1568 -23.5923 2.5
    endloop
  endfacet
  facet normal -0.741264 -0.671213 0
    outer loop
      vertex 43.2368 -20.985 2.5
      vertex 43.1314 -20.8686 5.2
      vertex 43.1314 -20.8686 2.5
    endloop
  endfacet
  facet normal -0.741264 -0.671213 0
    outer loop
      vertex 43.1314 -20.8686 5.2
      vertex 43.2368 -20.985 2.5
      vertex 43.2368 -20.985 5.2
    endloop
  endfacet
  facet normal 0.513934 -0.85783 0
    outer loop
      vertex 41.1111 -20.6696 2.5
      vertex 41.2458 -20.5889 5.2
      vertex 41.1111 -20.6696 5.2
    endloop
  endfacet
  facet normal 0.513934 -0.85783 0
    outer loop
      vertex 41.2458 -20.5889 5.2
      vertex 41.1111 -20.6696 2.5
      vertex 41.2458 -20.5889 2.5
    endloop
  endfacet
  facet normal -0.741264 0.671213 0
    outer loop
      vertex 43.1314 -23.1314 2.5
      vertex 43.2368 -23.015 5.2
      vertex 43.2368 -23.015 2.5
    endloop
  endfacet
  facet normal -0.741264 0.671213 0
    outer loop
      vertex 43.2368 -23.015 5.2
      vertex 43.1314 -23.1314 2.5
      vertex 43.1314 -23.1314 5.2
    endloop
  endfacet
  facet normal -0.513934 0.85783 0
    outer loop
      vertex 42.8889 -23.3304 2.5
      vertex 42.7542 -23.4111 5.2
      vertex 42.8889 -23.3304 5.2
    endloop
  endfacet
  facet normal -0.513934 0.85783 0
    outer loop
      vertex 42.7542 -23.4111 5.2
      vertex 42.8889 -23.3304 2.5
      vertex 42.7542 -23.4111 2.5
    endloop
  endfacet
  facet normal -0.243135 -0.969993 0
    outer loop
      vertex 42.3121 -20.4307 2.5
      vertex 42.4645 -20.4689 5.2
      vertex 42.3121 -20.4307 5.2
    endloop
  endfacet
  facet normal -0.243135 -0.969993 -0
    outer loop
      vertex 42.4645 -20.4689 5.2
      vertex 42.3121 -20.4307 2.5
      vertex 42.4645 -20.4689 2.5
    endloop
  endfacet
  facet normal 0.98921 -0.146502 0
    outer loop
      vertex 40.4077 -21.8432 5.2
      vertex 40.4307 -21.6879 2.5
      vertex 40.4307 -21.6879 5.2
    endloop
  endfacet
  facet normal 0.98921 -0.146502 0
    outer loop
      vertex 40.4307 -21.6879 2.5
      vertex 40.4077 -21.8432 5.2
      vertex 40.4077 -21.8432 2.5
    endloop
  endfacet
  facet normal -0.85783 -0.513934 0
    outer loop
      vertex 43.4111 -21.2458 2.5
      vertex 43.3304 -21.1111 5.2
      vertex 43.3304 -21.1111 2.5
    endloop
  endfacet
  facet normal -0.85783 -0.513934 0
    outer loop
      vertex 43.3304 -21.1111 5.2
      vertex 43.4111 -21.2458 2.5
      vertex 43.4111 -21.2458 5.2
    endloop
  endfacet
  facet normal -0.969993 0.243135 0
    outer loop
      vertex 43.5311 -22.4645 2.5
      vertex 43.5693 -22.3121 5.2
      vertex 43.5693 -22.3121 2.5
    endloop
  endfacet
  facet normal -0.969993 0.243135 0
    outer loop
      vertex 43.5693 -22.3121 5.2
      vertex 43.5311 -22.4645 2.5
      vertex 43.5311 -22.4645 5.2
    endloop
  endfacet
  facet normal 0.146502 0.98921 -0
    outer loop
      vertex 41.8432 -23.5923 2.5
      vertex 41.6879 -23.5693 5.2
      vertex 41.8432 -23.5923 5.2
    endloop
  endfacet
  facet normal 0.146502 0.98921 0
    outer loop
      vertex 41.6879 -23.5693 5.2
      vertex 41.8432 -23.5923 2.5
      vertex 41.6879 -23.5693 2.5
    endloop
  endfacet
  facet normal 0.998796 0.049048 0
    outer loop
      vertex 40.4077 -22.1568 5.2
      vertex 40.4 -22 2.5
      vertex 40.4 -22 5.2
    endloop
  endfacet
  facet normal 0.998796 0.049048 0
    outer loop
      vertex 40.4 -22 2.5
      vertex 40.4077 -22.1568 5.2
      vertex 40.4077 -22.1568 2.5
    endloop
  endfacet
  facet normal -0.146502 -0.98921 0
    outer loop
      vertex 42.1568 -20.4077 2.5
      vertex 42.3121 -20.4307 5.2
      vertex 42.1568 -20.4077 5.2
    endloop
  endfacet
  facet normal -0.146502 -0.98921 -0
    outer loop
      vertex 42.3121 -20.4307 5.2
      vertex 42.1568 -20.4077 2.5
      vertex 42.3121 -20.4307 2.5
    endloop
  endfacet
  facet normal -0.941511 -0.336982 0
    outer loop
      vertex 43.5311 -21.5355 2.5
      vertex 43.4782 -21.3877 5.2
      vertex 43.4782 -21.3877 2.5
    endloop
  endfacet
  facet normal -0.941511 -0.336982 0
    outer loop
      vertex 43.4782 -21.3877 5.2
      vertex 43.5311 -21.5355 2.5
      vertex 43.5311 -21.5355 5.2
    endloop
  endfacet
  facet normal -0.671213 -0.741264 0
    outer loop
      vertex 43.015 -20.7632 2.5
      vertex 43.1314 -20.8686 5.2
      vertex 43.015 -20.7632 5.2
    endloop
  endfacet
  facet normal -0.671213 -0.741264 -0
    outer loop
      vertex 43.1314 -20.8686 5.2
      vertex 43.015 -20.7632 2.5
      vertex 43.1314 -20.8686 2.5
    endloop
  endfacet
  facet normal 0.741264 -0.671213 0
    outer loop
      vertex 40.7632 -20.985 5.2
      vertex 40.8686 -20.8686 2.5
      vertex 40.8686 -20.8686 5.2
    endloop
  endfacet
  facet normal 0.741264 -0.671213 0
    outer loop
      vertex 40.8686 -20.8686 2.5
      vertex 40.7632 -20.985 5.2
      vertex 40.7632 -20.985 2.5
    endloop
  endfacet
  facet normal 0.969993 0.243135 0
    outer loop
      vertex 40.4689 -22.4645 5.2
      vertex 40.4307 -22.3121 2.5
      vertex 40.4307 -22.3121 5.2
    endloop
  endfacet
  facet normal 0.969993 0.243135 0
    outer loop
      vertex 40.4307 -22.3121 2.5
      vertex 40.4689 -22.4645 5.2
      vertex 40.4689 -22.4645 2.5
    endloop
  endfacet
  facet normal 0.336982 -0.941511 0
    outer loop
      vertex 41.3877 -20.5218 2.5
      vertex 41.5355 -20.4689 5.2
      vertex 41.3877 -20.5218 5.2
    endloop
  endfacet
  facet normal 0.336982 -0.941511 0
    outer loop
      vertex 41.5355 -20.4689 5.2
      vertex 41.3877 -20.5218 2.5
      vertex 41.5355 -20.4689 2.5
    endloop
  endfacet
  facet normal 0.941511 0.336982 0
    outer loop
      vertex 40.5218 -22.6123 5.2
      vertex 40.4689 -22.4645 2.5
      vertex 40.4689 -22.4645 5.2
    endloop
  endfacet
  facet normal 0.941511 0.336982 0
    outer loop
      vertex 40.4689 -22.4645 2.5
      vertex 40.5218 -22.6123 5.2
      vertex 40.5218 -22.6123 2.5
    endloop
  endfacet
  facet normal -0.336982 -0.941511 0
    outer loop
      vertex 42.4645 -20.4689 2.5
      vertex 42.6123 -20.5218 5.2
      vertex 42.4645 -20.4689 5.2
    endloop
  endfacet
  facet normal -0.336982 -0.941511 -0
    outer loop
      vertex 42.6123 -20.5218 5.2
      vertex 42.4645 -20.4689 2.5
      vertex 42.6123 -20.5218 2.5
    endloop
  endfacet
  facet normal 0.80297 -0.596019 0
    outer loop
      vertex 40.6696 -21.1111 5.2
      vertex 40.7632 -20.985 2.5
      vertex 40.7632 -20.985 5.2
    endloop
  endfacet
  facet normal 0.80297 -0.596019 0
    outer loop
      vertex 40.7632 -20.985 2.5
      vertex 40.6696 -21.1111 5.2
      vertex 40.6696 -21.1111 2.5
    endloop
  endfacet
  facet normal -0.80297 -0.596019 0
    outer loop
      vertex 43.3304 -21.1111 2.5
      vertex 43.2368 -20.985 5.2
      vertex 43.2368 -20.985 2.5
    endloop
  endfacet
  facet normal -0.80297 -0.596019 0
    outer loop
      vertex 43.2368 -20.985 5.2
      vertex 43.3304 -21.1111 2.5
      vertex 43.3304 -21.1111 5.2
    endloop
  endfacet
  facet normal 0.969993 -0.243135 0
    outer loop
      vertex 40.4307 -21.6879 5.2
      vertex 40.4689 -21.5355 2.5
      vertex 40.4689 -21.5355 5.2
    endloop
  endfacet
  facet normal 0.969993 -0.243135 0
    outer loop
      vertex 40.4689 -21.5355 2.5
      vertex 40.4307 -21.6879 5.2
      vertex 40.4307 -21.6879 2.5
    endloop
  endfacet
  facet normal 0.671213 -0.741264 0
    outer loop
      vertex 40.8686 -20.8686 2.5
      vertex 40.985 -20.7632 5.2
      vertex 40.8686 -20.8686 5.2
    endloop
  endfacet
  facet normal 0.671213 -0.741264 0
    outer loop
      vertex 40.985 -20.7632 5.2
      vertex 40.8686 -20.8686 2.5
      vertex 40.985 -20.7632 2.5
    endloop
  endfacet
  facet normal -0.427484 0.904023 0
    outer loop
      vertex 42.7542 -23.4111 2.5
      vertex 42.6123 -23.4782 5.2
      vertex 42.7542 -23.4111 5.2
    endloop
  endfacet
  facet normal -0.427484 0.904023 0
    outer loop
      vertex 42.6123 -23.4782 5.2
      vertex 42.7542 -23.4111 2.5
      vertex 42.6123 -23.4782 2.5
    endloop
  endfacet
  facet normal 0.243135 -0.969993 0
    outer loop
      vertex 41.5355 -20.4689 2.5
      vertex 41.6879 -20.4307 5.2
      vertex 41.5355 -20.4689 5.2
    endloop
  endfacet
  facet normal 0.243135 -0.969993 0
    outer loop
      vertex 41.6879 -20.4307 5.2
      vertex 41.5355 -20.4689 2.5
      vertex 41.6879 -20.4307 2.5
    endloop
  endfacet
  facet normal 0.941511 -0.336982 0
    outer loop
      vertex 40.4689 -21.5355 5.2
      vertex 40.5218 -21.3877 2.5
      vertex 40.5218 -21.3877 5.2
    endloop
  endfacet
  facet normal 0.941511 -0.336982 0
    outer loop
      vertex 40.5218 -21.3877 2.5
      vertex 40.4689 -21.5355 5.2
      vertex 40.4689 -21.5355 2.5
    endloop
  endfacet
  facet normal -0.513934 -0.85783 0
    outer loop
      vertex 42.7542 -20.5889 2.5
      vertex 42.8889 -20.6696 5.2
      vertex 42.7542 -20.5889 5.2
    endloop
  endfacet
  facet normal -0.513934 -0.85783 -0
    outer loop
      vertex 42.8889 -20.6696 5.2
      vertex 42.7542 -20.5889 2.5
      vertex 42.8889 -20.6696 2.5
    endloop
  endfacet
  facet normal 0.513934 0.85783 -0
    outer loop
      vertex 41.2458 -23.4111 2.5
      vertex 41.1111 -23.3304 5.2
      vertex 41.2458 -23.4111 5.2
    endloop
  endfacet
  facet normal 0.513934 0.85783 0
    outer loop
      vertex 41.1111 -23.3304 5.2
      vertex 41.2458 -23.4111 2.5
      vertex 41.1111 -23.3304 2.5
    endloop
  endfacet
  facet normal 0.596019 -0.80297 0
    outer loop
      vertex 40.985 -20.7632 2.5
      vertex 41.1111 -20.6696 5.2
      vertex 40.985 -20.7632 5.2
    endloop
  endfacet
  facet normal 0.596019 -0.80297 0
    outer loop
      vertex 41.1111 -20.6696 5.2
      vertex 40.985 -20.7632 2.5
      vertex 41.1111 -20.6696 2.5
    endloop
  endfacet
  facet normal -0.049048 0.998796 0
    outer loop
      vertex 42.1568 -23.5923 2.5
      vertex 42 -23.6 5.2
      vertex 42.1568 -23.5923 5.2
    endloop
  endfacet
  facet normal -0.049048 0.998796 0
    outer loop
      vertex 42 -23.6 5.2
      vertex 42.1568 -23.5923 2.5
      vertex 42 -23.6 2.5
    endloop
  endfacet
  facet normal -0.941511 0.336982 0
    outer loop
      vertex 43.4782 -22.6123 2.5
      vertex 43.5311 -22.4645 5.2
      vertex 43.5311 -22.4645 2.5
    endloop
  endfacet
  facet normal -0.941511 0.336982 0
    outer loop
      vertex 43.5311 -22.4645 5.2
      vertex 43.4782 -22.6123 2.5
      vertex 43.4782 -22.6123 5.2
    endloop
  endfacet
  facet normal -0.80297 0.596019 0
    outer loop
      vertex 43.2368 -23.015 2.5
      vertex 43.3304 -22.8889 5.2
      vertex 43.3304 -22.8889 2.5
    endloop
  endfacet
  facet normal -0.80297 0.596019 0
    outer loop
      vertex 43.3304 -22.8889 5.2
      vertex 43.2368 -23.015 2.5
      vertex 43.2368 -23.015 5.2
    endloop
  endfacet
  facet normal -0.98921 0.146502 0
    outer loop
      vertex 43.5693 -22.3121 2.5
      vertex 43.5923 -22.1568 5.2
      vertex 43.5923 -22.1568 2.5
    endloop
  endfacet
  facet normal -0.98921 0.146502 0
    outer loop
      vertex 43.5923 -22.1568 5.2
      vertex 43.5693 -22.3121 2.5
      vertex 43.5693 -22.3121 5.2
    endloop
  endfacet
  facet normal 0.85783 -0.513934 0
    outer loop
      vertex 40.5889 -21.2458 5.2
      vertex 40.6696 -21.1111 2.5
      vertex 40.6696 -21.1111 5.2
    endloop
  endfacet
  facet normal 0.85783 -0.513934 0
    outer loop
      vertex 40.6696 -21.1111 2.5
      vertex 40.5889 -21.2458 5.2
      vertex 40.5889 -21.2458 2.5
    endloop
  endfacet
  facet normal -0.904023 -0.427484 0
    outer loop
      vertex 43.4782 -21.3877 2.5
      vertex 43.4111 -21.2458 5.2
      vertex 43.4111 -21.2458 2.5
    endloop
  endfacet
  facet normal -0.904023 -0.427484 0
    outer loop
      vertex 43.4111 -21.2458 5.2
      vertex 43.4782 -21.3877 2.5
      vertex 43.4782 -21.3877 5.2
    endloop
  endfacet
  facet normal 0.427484 -0.904023 0
    outer loop
      vertex 41.2458 -20.5889 2.5
      vertex 41.3877 -20.5218 5.2
      vertex 41.2458 -20.5889 5.2
    endloop
  endfacet
  facet normal 0.427484 -0.904023 0
    outer loop
      vertex 41.3877 -20.5218 5.2
      vertex 41.2458 -20.5889 2.5
      vertex 41.3877 -20.5218 2.5
    endloop
  endfacet
  facet normal -0.596019 0.80297 0
    outer loop
      vertex 43.015 -23.2368 2.5
      vertex 42.8889 -23.3304 5.2
      vertex 43.015 -23.2368 5.2
    endloop
  endfacet
  facet normal -0.596019 0.80297 0
    outer loop
      vertex 42.8889 -23.3304 5.2
      vertex 43.015 -23.2368 2.5
      vertex 42.8889 -23.3304 2.5
    endloop
  endfacet
  facet normal -0.596019 -0.80297 0
    outer loop
      vertex 42.8889 -20.6696 2.5
      vertex 43.015 -20.7632 5.2
      vertex 42.8889 -20.6696 5.2
    endloop
  endfacet
  facet normal -0.596019 -0.80297 -0
    outer loop
      vertex 43.015 -20.7632 5.2
      vertex 42.8889 -20.6696 2.5
      vertex 43.015 -20.7632 2.5
    endloop
  endfacet
  facet normal 0.671213 0.741264 -0
    outer loop
      vertex 40.985 -23.2368 2.5
      vertex 40.8686 -23.1314 5.2
      vertex 40.985 -23.2368 5.2
    endloop
  endfacet
  facet normal 0.671213 0.741264 0
    outer loop
      vertex 40.8686 -23.1314 5.2
      vertex 40.985 -23.2368 2.5
      vertex 40.8686 -23.1314 2.5
    endloop
  endfacet
  facet normal -0.998796 0.049048 0
    outer loop
      vertex 43.5923 -22.1568 2.5
      vertex 43.6 -22 5.2
      vertex 43.6 -22 2.5
    endloop
  endfacet
  facet normal -0.998796 0.049048 0
    outer loop
      vertex 43.6 -22 5.2
      vertex 43.5923 -22.1568 2.5
      vertex 43.5923 -22.1568 5.2
    endloop
  endfacet
  facet normal 0.80297 0.596019 0
    outer loop
      vertex 40.7632 -23.015 5.2
      vertex 40.6696 -22.8889 2.5
      vertex 40.6696 -22.8889 5.2
    endloop
  endfacet
  facet normal 0.80297 0.596019 0
    outer loop
      vertex 40.6696 -22.8889 2.5
      vertex 40.7632 -23.015 5.2
      vertex 40.7632 -23.015 2.5
    endloop
  endfacet
  facet normal 0.904023 0.427484 0
    outer loop
      vertex 40.5889 -22.7542 5.2
      vertex 40.5218 -22.6123 2.5
      vertex 40.5218 -22.6123 5.2
    endloop
  endfacet
  facet normal 0.904023 0.427484 0
    outer loop
      vertex 40.5218 -22.6123 2.5
      vertex 40.5889 -22.7542 5.2
      vertex 40.5889 -22.7542 2.5
    endloop
  endfacet
  facet normal -0.049048 -0.998796 0
    outer loop
      vertex 42 -20.4 2.5
      vertex 42.1568 -20.4077 5.2
      vertex 42 -20.4 5.2
    endloop
  endfacet
  facet normal -0.049048 -0.998796 -0
    outer loop
      vertex 42.1568 -20.4077 5.2
      vertex 42 -20.4 2.5
      vertex 42.1568 -20.4077 2.5
    endloop
  endfacet
  facet normal 0.049048 -0.998796 0
    outer loop
      vertex 41.8432 -20.4077 2.5
      vertex 42 -20.4 5.2
      vertex 41.8432 -20.4077 5.2
    endloop
  endfacet
  facet normal 0.049048 -0.998796 0
    outer loop
      vertex 42 -20.4 5.2
      vertex 41.8432 -20.4077 2.5
      vertex 42 -20.4 2.5
    endloop
  endfacet
  facet normal 0.427484 0.904023 -0
    outer loop
      vertex 41.3877 -23.4782 2.5
      vertex 41.2458 -23.4111 5.2
      vertex 41.3877 -23.4782 5.2
    endloop
  endfacet
  facet normal 0.427484 0.904023 0
    outer loop
      vertex 41.2458 -23.4111 5.2
      vertex 41.3877 -23.4782 2.5
      vertex 41.2458 -23.4111 2.5
    endloop
  endfacet
  facet normal 0.146502 -0.98921 0
    outer loop
      vertex 41.6879 -20.4307 2.5
      vertex 41.8432 -20.4077 5.2
      vertex 41.6879 -20.4307 5.2
    endloop
  endfacet
  facet normal 0.146502 -0.98921 0
    outer loop
      vertex 41.8432 -20.4077 5.2
      vertex 41.6879 -20.4307 2.5
      vertex 41.8432 -20.4077 2.5
    endloop
  endfacet
  facet normal 0.98921 0.146502 0
    outer loop
      vertex 40.4307 -22.3121 5.2
      vertex 40.4077 -22.1568 2.5
      vertex 40.4077 -22.1568 5.2
    endloop
  endfacet
  facet normal 0.98921 0.146502 0
    outer loop
      vertex 40.4077 -22.1568 2.5
      vertex 40.4307 -22.3121 5.2
      vertex 40.4307 -22.3121 2.5
    endloop
  endfacet
  facet normal -0.336982 0.941511 0
    outer loop
      vertex 42.6123 -23.4782 2.5
      vertex 42.4645 -23.5311 5.2
      vertex 42.6123 -23.4782 5.2
    endloop
  endfacet
  facet normal -0.336982 0.941511 0
    outer loop
      vertex 42.4645 -23.5311 5.2
      vertex 42.6123 -23.4782 2.5
      vertex 42.4645 -23.5311 2.5
    endloop
  endfacet
  facet normal -0.243135 0.969993 0
    outer loop
      vertex 42.4645 -23.5311 2.5
      vertex 42.3121 -23.5693 5.2
      vertex 42.4645 -23.5311 5.2
    endloop
  endfacet
  facet normal -0.243135 0.969993 0
    outer loop
      vertex 42.3121 -23.5693 5.2
      vertex 42.4645 -23.5311 2.5
      vertex 42.3121 -23.5693 2.5
    endloop
  endfacet
  facet normal 0.904023 -0.427484 0
    outer loop
      vertex 40.5218 -21.3877 5.2
      vertex 40.5889 -21.2458 2.5
      vertex 40.5889 -21.2458 5.2
    endloop
  endfacet
  facet normal 0.904023 -0.427484 0
    outer loop
      vertex 40.5889 -21.2458 2.5
      vertex 40.5218 -21.3877 5.2
      vertex 40.5218 -21.3877 2.5
    endloop
  endfacet
  facet normal 0.741264 0.671213 0
    outer loop
      vertex 40.8686 -23.1314 5.2
      vertex 40.7632 -23.015 2.5
      vertex 40.7632 -23.015 5.2
    endloop
  endfacet
  facet normal 0.741264 0.671213 0
    outer loop
      vertex 40.7632 -23.015 2.5
      vertex 40.8686 -23.1314 5.2
      vertex 40.8686 -23.1314 2.5
    endloop
  endfacet
  facet normal 0.596019 0.80297 -0
    outer loop
      vertex 41.1111 -23.3304 2.5
      vertex 40.985 -23.2368 5.2
      vertex 41.1111 -23.3304 5.2
    endloop
  endfacet
  facet normal 0.596019 0.80297 0
    outer loop
      vertex 40.985 -23.2368 5.2
      vertex 41.1111 -23.3304 2.5
      vertex 40.985 -23.2368 2.5
    endloop
  endfacet
  facet normal -0.904023 0.427484 0
    outer loop
      vertex 43.4111 -22.7542 2.5
      vertex 43.4782 -22.6123 5.2
      vertex 43.4782 -22.6123 2.5
    endloop
  endfacet
  facet normal -0.904023 0.427484 0
    outer loop
      vertex 43.4782 -22.6123 5.2
      vertex 43.4111 -22.7542 2.5
      vertex 43.4111 -22.7542 5.2
    endloop
  endfacet
  facet normal -0.85783 0.513934 0
    outer loop
      vertex 43.3304 -22.8889 2.5
      vertex 43.4111 -22.7542 5.2
      vertex 43.4111 -22.7542 2.5
    endloop
  endfacet
  facet normal -0.85783 0.513934 0
    outer loop
      vertex 43.4111 -22.7542 5.2
      vertex 43.3304 -22.8889 2.5
      vertex 43.3304 -22.8889 5.2
    endloop
  endfacet
  facet normal 0.049048 0.998796 -0
    outer loop
      vertex 42 -23.6 2.5
      vertex 41.8432 -23.5923 5.2
      vertex 42 -23.6 5.2
    endloop
  endfacet
  facet normal 0.049048 0.998796 0
    outer loop
      vertex 41.8432 -23.5923 5.2
      vertex 42 -23.6 2.5
      vertex 41.8432 -23.5923 2.5
    endloop
  endfacet
  facet normal 0.998796 -0.049048 0
    outer loop
      vertex 40.4 -22 5.2
      vertex 40.4077 -21.8432 2.5
      vertex 40.4077 -21.8432 5.2
    endloop
  endfacet
  facet normal 0.998796 -0.049048 0
    outer loop
      vertex 40.4077 -21.8432 2.5
      vertex 40.4 -22 5.2
      vertex 40.4 -22 2.5
    endloop
  endfacet
  facet normal 0.336982 0.941511 -0
    outer loop
      vertex 41.5355 -23.5311 2.5
      vertex 41.3877 -23.4782 5.2
      vertex 41.5355 -23.5311 5.2
    endloop
  endfacet
  facet normal 0.336982 0.941511 0
    outer loop
      vertex 41.3877 -23.4782 5.2
      vertex 41.5355 -23.5311 2.5
      vertex 41.3877 -23.4782 2.5
    endloop
  endfacet
  facet normal -0.671213 0.741264 0
    outer loop
      vertex 43.1314 -23.1314 2.5
      vertex 43.015 -23.2368 5.2
      vertex 43.1314 -23.1314 5.2
    endloop
  endfacet
  facet normal -0.671213 0.741264 0
    outer loop
      vertex 43.015 -23.2368 5.2
      vertex 43.1314 -23.1314 2.5
      vertex 43.015 -23.2368 2.5
    endloop
  endfacet
  facet normal -0.989174 -0.146746 0
    outer loop
      vertex 44.9856 -21.7059 0
      vertex 44.9424 -21.4147 2.5
      vertex 44.9424 -21.4147 0
    endloop
  endfacet
  facet normal -0.989174 -0.146746 0
    outer loop
      vertex 44.9424 -21.4147 2.5
      vertex 44.9856 -21.7059 0
      vertex 44.9856 -21.7059 2.5
    endloop
  endfacet
  facet normal -0.998803 -0.0489044 0
    outer loop
      vertex 45 -22 0
      vertex 44.9856 -21.7059 2.5
      vertex 44.9856 -21.7059 0
    endloop
  endfacet
  facet normal -0.998803 -0.0489044 0
    outer loop
      vertex 44.9856 -21.7059 2.5
      vertex 45 -22 0
      vertex 45 -22 2.5
    endloop
  endfacet
  facet normal -0.969982 -0.243175 0
    outer loop
      vertex 44.9424 -21.4147 0
      vertex 44.8708 -21.1291 2.5
      vertex 44.8708 -21.1291 0
    endloop
  endfacet
  facet normal -0.969982 -0.243175 0
    outer loop
      vertex 44.8708 -21.1291 2.5
      vertex 44.9424 -21.4147 0
      vertex 44.9424 -21.4147 2.5
    endloop
  endfacet
  facet normal -0.337047 0.941488 0
    outer loop
      vertex 43.148 -24.7716 0
      vertex 42.8709 -24.8708 2.5
      vertex 43.148 -24.7716 2.5
    endloop
  endfacet
  facet normal -0.337047 0.941488 0
    outer loop
      vertex 42.8709 -24.8708 2.5
      vertex 43.148 -24.7716 0
      vertex 42.8709 -24.8708 0
    endloop
  endfacet
  facet normal -0.857643 -0.514246 0
    outer loop
      vertex 44.6458 -20.5858 0
      vertex 44.4944 -20.3333 2.5
      vertex 44.4944 -20.3333 0
    endloop
  endfacet
  facet normal -0.857643 -0.514246 0
    outer loop
      vertex 44.4944 -20.3333 2.5
      vertex 44.6458 -20.5858 0
      vertex 44.6458 -20.5858 2.5
    endloop
  endfacet
  facet normal -0.941488 -0.337047 0
    outer loop
      vertex 44.8708 -21.1291 0
      vertex 44.7716 -20.852 2.5
      vertex 44.7716 -20.852 0
    endloop
  endfacet
  facet normal -0.941488 -0.337047 0
    outer loop
      vertex 44.7716 -20.852 2.5
      vertex 44.8708 -21.1291 0
      vertex 44.8708 -21.1291 2.5
    endloop
  endfacet
  facet normal -0.243175 -0.969982 0
    outer loop
      vertex 42.5853 -19.0576 0
      vertex 42.8709 -19.1292 2.5
      vertex 42.5853 -19.0576 2.5
    endloop
  endfacet
  facet normal -0.243175 -0.969982 -0
    outer loop
      vertex 42.8709 -19.1292 2.5
      vertex 42.5853 -19.0576 0
      vertex 42.8709 -19.1292 0
    endloop
  endfacet
  facet normal 0.740908 -0.671607 0
    outer loop
      vertex 39.681 -20.0968 2.5
      vertex 39.8787 -19.8787 0
      vertex 39.8787 -19.8787 2.5
    endloop
  endfacet
  facet normal 0.740908 -0.671607 0
    outer loop
      vertex 39.8787 -19.8787 0
      vertex 39.681 -20.0968 2.5
      vertex 39.681 -20.0968 0
    endloop
  endfacet
  facet normal -0.0489044 0.998803 0
    outer loop
      vertex 42.2941 -24.9856 0
      vertex 42 -25 2.5
      vertex 42.2941 -24.9856 2.5
    endloop
  endfacet
  facet normal -0.0489044 0.998803 0
    outer loop
      vertex 42 -25 2.5
      vertex 42.2941 -24.9856 0
      vertex 42 -25 0
    endloop
  endfacet
  facet normal -0.427269 -0.904125 0
    outer loop
      vertex 43.148 -19.2284 0
      vertex 43.4142 -19.3542 2.5
      vertex 43.148 -19.2284 2.5
    endloop
  endfacet
  facet normal -0.427269 -0.904125 -0
    outer loop
      vertex 43.4142 -19.3542 2.5
      vertex 43.148 -19.2284 0
      vertex 43.4142 -19.3542 0
    endloop
  endfacet
  facet normal -0.671607 -0.740908 0
    outer loop
      vertex 43.9032 -19.681 0
      vertex 44.1213 -19.8787 2.5
      vertex 43.9032 -19.681 2.5
    endloop
  endfacet
  facet normal -0.671607 -0.740908 -0
    outer loop
      vertex 44.1213 -19.8787 2.5
      vertex 43.9032 -19.681 0
      vertex 44.1213 -19.8787 0
    endloop
  endfacet
  facet normal 0.595699 0.803208 -0
    outer loop
      vertex 40.3333 -24.4944 0
      vertex 40.0968 -24.319 2.5
      vertex 40.3333 -24.4944 2.5
    endloop
  endfacet
  facet normal 0.595699 0.803208 0
    outer loop
      vertex 40.0968 -24.319 2.5
      vertex 40.3333 -24.4944 0
      vertex 40.0968 -24.319 0
    endloop
  endfacet
  facet normal -0.0489044 -0.998803 0
    outer loop
      vertex 42 -19 0
      vertex 42.2941 -19.0144 2.5
      vertex 42 -19 2.5
    endloop
  endfacet
  facet normal -0.0489044 -0.998803 -0
    outer loop
      vertex 42.2941 -19.0144 2.5
      vertex 42 -19 0
      vertex 42.2941 -19.0144 0
    endloop
  endfacet
  facet normal -0.243175 0.969982 0
    outer loop
      vertex 42.8709 -24.8708 0
      vertex 42.5853 -24.9424 2.5
      vertex 42.8709 -24.8708 2.5
    endloop
  endfacet
  facet normal -0.243175 0.969982 0
    outer loop
      vertex 42.5853 -24.9424 2.5
      vertex 42.8709 -24.8708 0
      vertex 42.5853 -24.9424 0
    endloop
  endfacet
  facet normal -0.989174 0.146746 0
    outer loop
      vertex 44.9424 -22.5853 0
      vertex 44.9856 -22.2941 2.5
      vertex 44.9856 -22.2941 0
    endloop
  endfacet
  facet normal -0.989174 0.146746 0
    outer loop
      vertex 44.9856 -22.2941 2.5
      vertex 44.9424 -22.5853 0
      vertex 44.9424 -22.5853 2.5
    endloop
  endfacet
  facet normal -0.514246 0.857643 0
    outer loop
      vertex 43.6667 -24.4944 0
      vertex 43.4142 -24.6458 2.5
      vertex 43.6667 -24.4944 2.5
    endloop
  endfacet
  facet normal -0.514246 0.857643 0
    outer loop
      vertex 43.4142 -24.6458 2.5
      vertex 43.6667 -24.4944 0
      vertex 43.4142 -24.6458 0
    endloop
  endfacet
  facet normal 0.243175 0.969982 -0
    outer loop
      vertex 41.4147 -24.9424 0
      vertex 41.1291 -24.8708 2.5
      vertex 41.4147 -24.9424 2.5
    endloop
  endfacet
  facet normal 0.243175 0.969982 0
    outer loop
      vertex 41.1291 -24.8708 2.5
      vertex 41.4147 -24.9424 0
      vertex 41.1291 -24.8708 0
    endloop
  endfacet
  facet normal 0.595699 -0.803208 0
    outer loop
      vertex 40.0968 -19.681 0
      vertex 40.3333 -19.5056 2.5
      vertex 40.0968 -19.681 2.5
    endloop
  endfacet
  facet normal 0.595699 -0.803208 0
    outer loop
      vertex 40.3333 -19.5056 2.5
      vertex 40.0968 -19.681 0
      vertex 40.3333 -19.5056 0
    endloop
  endfacet
  facet normal 0.998803 0.0489044 0
    outer loop
      vertex 39.0144 -22.2941 2.5
      vertex 39 -22 0
      vertex 39 -22 2.5
    endloop
  endfacet
  facet normal 0.998803 0.0489044 0
    outer loop
      vertex 39 -22 0
      vertex 39.0144 -22.2941 2.5
      vertex 39.0144 -22.2941 0
    endloop
  endfacet
  facet normal 0.969982 0.243175 0
    outer loop
      vertex 39.1292 -22.8709 2.5
      vertex 39.0576 -22.5853 0
      vertex 39.0576 -22.5853 2.5
    endloop
  endfacet
  facet normal 0.969982 0.243175 0
    outer loop
      vertex 39.0576 -22.5853 0
      vertex 39.1292 -22.8709 2.5
      vertex 39.1292 -22.8709 0
    endloop
  endfacet
  facet normal -0.969982 0.243175 0
    outer loop
      vertex 44.8708 -22.8709 0
      vertex 44.9424 -22.5853 2.5
      vertex 44.9424 -22.5853 0
    endloop
  endfacet
  facet normal -0.969982 0.243175 0
    outer loop
      vertex 44.9424 -22.5853 2.5
      vertex 44.8708 -22.8709 0
      vertex 44.8708 -22.8709 2.5
    endloop
  endfacet
  facet normal 0.514246 -0.857643 0
    outer loop
      vertex 40.3333 -19.5056 0
      vertex 40.5858 -19.3542 2.5
      vertex 40.3333 -19.5056 2.5
    endloop
  endfacet
  facet normal 0.514246 -0.857643 0
    outer loop
      vertex 40.5858 -19.3542 2.5
      vertex 40.3333 -19.5056 0
      vertex 40.5858 -19.3542 0
    endloop
  endfacet
  facet normal -0.595699 -0.803208 0
    outer loop
      vertex 43.6667 -19.5056 0
      vertex 43.9032 -19.681 2.5
      vertex 43.6667 -19.5056 2.5
    endloop
  endfacet
  facet normal -0.595699 -0.803208 -0
    outer loop
      vertex 43.9032 -19.681 2.5
      vertex 43.6667 -19.5056 0
      vertex 43.9032 -19.681 0
    endloop
  endfacet
  facet normal 0.0489044 -0.998803 0
    outer loop
      vertex 41.7059 -19.0144 0
      vertex 42 -19 2.5
      vertex 41.7059 -19.0144 2.5
    endloop
  endfacet
  facet normal 0.0489044 -0.998803 0
    outer loop
      vertex 42 -19 2.5
      vertex 41.7059 -19.0144 0
      vertex 42 -19 0
    endloop
  endfacet
  facet normal 0.904125 0.427269 0
    outer loop
      vertex 39.3542 -23.4142 2.5
      vertex 39.2284 -23.148 0
      vertex 39.2284 -23.148 2.5
    endloop
  endfacet
  facet normal 0.904125 0.427269 0
    outer loop
      vertex 39.2284 -23.148 0
      vertex 39.3542 -23.4142 2.5
      vertex 39.3542 -23.4142 0
    endloop
  endfacet
  facet normal -0.941488 0.337047 0
    outer loop
      vertex 44.7716 -23.148 0
      vertex 44.8708 -22.8709 2.5
      vertex 44.8708 -22.8709 0
    endloop
  endfacet
  facet normal -0.941488 0.337047 0
    outer loop
      vertex 44.8708 -22.8709 2.5
      vertex 44.7716 -23.148 0
      vertex 44.7716 -23.148 2.5
    endloop
  endfacet
  facet normal -0.146746 -0.989174 0
    outer loop
      vertex 42.2941 -19.0144 0
      vertex 42.5853 -19.0576 2.5
      vertex 42.2941 -19.0144 2.5
    endloop
  endfacet
  facet normal -0.146746 -0.989174 -0
    outer loop
      vertex 42.5853 -19.0576 2.5
      vertex 42.2941 -19.0144 0
      vertex 42.5853 -19.0576 0
    endloop
  endfacet
  facet normal 0.427269 -0.904125 0
    outer loop
      vertex 40.5858 -19.3542 0
      vertex 40.852 -19.2284 2.5
      vertex 40.5858 -19.3542 2.5
    endloop
  endfacet
  facet normal 0.427269 -0.904125 0
    outer loop
      vertex 40.852 -19.2284 2.5
      vertex 40.5858 -19.3542 0
      vertex 40.852 -19.2284 0
    endloop
  endfacet
  facet normal -0.514246 -0.857643 0
    outer loop
      vertex 43.4142 -19.3542 0
      vertex 43.6667 -19.5056 2.5
      vertex 43.4142 -19.3542 2.5
    endloop
  endfacet
  facet normal -0.514246 -0.857643 -0
    outer loop
      vertex 43.6667 -19.5056 2.5
      vertex 43.4142 -19.3542 0
      vertex 43.6667 -19.5056 0
    endloop
  endfacet
  facet normal -0.427269 0.904125 0
    outer loop
      vertex 43.4142 -24.6458 0
      vertex 43.148 -24.7716 2.5
      vertex 43.4142 -24.6458 2.5
    endloop
  endfacet
  facet normal -0.427269 0.904125 0
    outer loop
      vertex 43.148 -24.7716 2.5
      vertex 43.4142 -24.6458 0
      vertex 43.148 -24.7716 0
    endloop
  endfacet
  facet normal 0.941488 0.337047 0
    outer loop
      vertex 39.2284 -23.148 2.5
      vertex 39.1292 -22.8709 0
      vertex 39.1292 -22.8709 2.5
    endloop
  endfacet
  facet normal 0.941488 0.337047 0
    outer loop
      vertex 39.1292 -22.8709 0
      vertex 39.2284 -23.148 2.5
      vertex 39.2284 -23.148 0
    endloop
  endfacet
  facet normal -0.857643 0.514246 0
    outer loop
      vertex 44.4944 -23.6667 0
      vertex 44.6458 -23.4142 2.5
      vertex 44.6458 -23.4142 0
    endloop
  endfacet
  facet normal -0.857643 0.514246 0
    outer loop
      vertex 44.6458 -23.4142 2.5
      vertex 44.4944 -23.6667 0
      vertex 44.4944 -23.6667 2.5
    endloop
  endfacet
  facet normal -0.904125 0.427269 0
    outer loop
      vertex 44.6458 -23.4142 0
      vertex 44.7716 -23.148 2.5
      vertex 44.7716 -23.148 0
    endloop
  endfacet
  facet normal -0.904125 0.427269 0
    outer loop
      vertex 44.7716 -23.148 2.5
      vertex 44.6458 -23.4142 0
      vertex 44.6458 -23.4142 2.5
    endloop
  endfacet
  facet normal -0.998803 0.0489044 0
    outer loop
      vertex 44.9856 -22.2941 0
      vertex 45 -22 2.5
      vertex 45 -22 0
    endloop
  endfacet
  facet normal -0.998803 0.0489044 0
    outer loop
      vertex 45 -22 2.5
      vertex 44.9856 -22.2941 0
      vertex 44.9856 -22.2941 2.5
    endloop
  endfacet
  facet normal 0.146746 -0.989174 0
    outer loop
      vertex 41.4147 -19.0576 0
      vertex 41.7059 -19.0144 2.5
      vertex 41.4147 -19.0576 2.5
    endloop
  endfacet
  facet normal 0.146746 -0.989174 0
    outer loop
      vertex 41.7059 -19.0144 2.5
      vertex 41.4147 -19.0576 0
      vertex 41.7059 -19.0144 0
    endloop
  endfacet
  facet normal -0.146746 0.989174 0
    outer loop
      vertex 42.5853 -24.9424 0
      vertex 42.2941 -24.9856 2.5
      vertex 42.5853 -24.9424 2.5
    endloop
  endfacet
  facet normal -0.146746 0.989174 0
    outer loop
      vertex 42.2941 -24.9856 2.5
      vertex 42.5853 -24.9424 0
      vertex 42.2941 -24.9856 0
    endloop
  endfacet
  facet normal -0.740908 0.671607 0
    outer loop
      vertex 44.1213 -24.1213 0
      vertex 44.319 -23.9032 2.5
      vertex 44.319 -23.9032 0
    endloop
  endfacet
  facet normal -0.740908 0.671607 0
    outer loop
      vertex 44.319 -23.9032 2.5
      vertex 44.1213 -24.1213 0
      vertex 44.1213 -24.1213 2.5
    endloop
  endfacet
  facet normal -0.803208 0.595699 0
    outer loop
      vertex 44.319 -23.9032 0
      vertex 44.4944 -23.6667 2.5
      vertex 44.4944 -23.6667 0
    endloop
  endfacet
  facet normal -0.803208 0.595699 0
    outer loop
      vertex 44.4944 -23.6667 2.5
      vertex 44.319 -23.9032 0
      vertex 44.319 -23.9032 2.5
    endloop
  endfacet
  facet normal 0.243175 -0.969982 0
    outer loop
      vertex 41.1291 -19.1292 0
      vertex 41.4147 -19.0576 2.5
      vertex 41.1291 -19.1292 2.5
    endloop
  endfacet
  facet normal 0.243175 -0.969982 0
    outer loop
      vertex 41.4147 -19.0576 2.5
      vertex 41.1291 -19.1292 0
      vertex 41.4147 -19.0576 0
    endloop
  endfacet
  facet normal -0.803208 -0.595699 0
    outer loop
      vertex 44.4944 -20.3333 0
      vertex 44.319 -20.0968 2.5
      vertex 44.319 -20.0968 0
    endloop
  endfacet
  facet normal -0.803208 -0.595699 0
    outer loop
      vertex 44.319 -20.0968 2.5
      vertex 44.4944 -20.3333 0
      vertex 44.4944 -20.3333 2.5
    endloop
  endfacet
  facet normal -0.904125 -0.427269 0
    outer loop
      vertex 44.7716 -20.852 0
      vertex 44.6458 -20.5858 2.5
      vertex 44.6458 -20.5858 0
    endloop
  endfacet
  facet normal -0.904125 -0.427269 0
    outer loop
      vertex 44.6458 -20.5858 2.5
      vertex 44.7716 -20.852 0
      vertex 44.7716 -20.852 2.5
    endloop
  endfacet
  facet normal 0.857643 -0.514246 0
    outer loop
      vertex 39.3542 -20.5858 2.5
      vertex 39.5056 -20.3333 0
      vertex 39.5056 -20.3333 2.5
    endloop
  endfacet
  facet normal 0.857643 -0.514246 0
    outer loop
      vertex 39.5056 -20.3333 0
      vertex 39.3542 -20.5858 2.5
      vertex 39.3542 -20.5858 0
    endloop
  endfacet
  facet normal 0.671607 -0.740908 0
    outer loop
      vertex 39.8787 -19.8787 0
      vertex 40.0968 -19.681 2.5
      vertex 39.8787 -19.8787 2.5
    endloop
  endfacet
  facet normal 0.671607 -0.740908 0
    outer loop
      vertex 40.0968 -19.681 2.5
      vertex 39.8787 -19.8787 0
      vertex 40.0968 -19.681 0
    endloop
  endfacet
  facet normal 0.857643 0.514246 0
    outer loop
      vertex 39.5056 -23.6667 2.5
      vertex 39.3542 -23.4142 0
      vertex 39.3542 -23.4142 2.5
    endloop
  endfacet
  facet normal 0.857643 0.514246 0
    outer loop
      vertex 39.3542 -23.4142 0
      vertex 39.5056 -23.6667 2.5
      vertex 39.5056 -23.6667 0
    endloop
  endfacet
  facet normal 0.427269 0.904125 -0
    outer loop
      vertex 40.852 -24.7716 0
      vertex 40.5858 -24.6458 2.5
      vertex 40.852 -24.7716 2.5
    endloop
  endfacet
  facet normal 0.427269 0.904125 0
    outer loop
      vertex 40.5858 -24.6458 2.5
      vertex 40.852 -24.7716 0
      vertex 40.5858 -24.6458 0
    endloop
  endfacet
  facet normal 0.740908 0.671607 0
    outer loop
      vertex 39.8787 -24.1213 2.5
      vertex 39.681 -23.9032 0
      vertex 39.681 -23.9032 2.5
    endloop
  endfacet
  facet normal 0.740908 0.671607 0
    outer loop
      vertex 39.681 -23.9032 0
      vertex 39.8787 -24.1213 2.5
      vertex 39.8787 -24.1213 0
    endloop
  endfacet
  facet normal 0.337047 -0.941488 0
    outer loop
      vertex 40.852 -19.2284 0
      vertex 41.1291 -19.1292 2.5
      vertex 40.852 -19.2284 2.5
    endloop
  endfacet
  facet normal 0.337047 -0.941488 0
    outer loop
      vertex 41.1291 -19.1292 2.5
      vertex 40.852 -19.2284 0
      vertex 41.1291 -19.1292 0
    endloop
  endfacet
  facet normal 0.514246 0.857643 -0
    outer loop
      vertex 40.5858 -24.6458 0
      vertex 40.3333 -24.4944 2.5
      vertex 40.5858 -24.6458 2.5
    endloop
  endfacet
  facet normal 0.514246 0.857643 0
    outer loop
      vertex 40.3333 -24.4944 2.5
      vertex 40.5858 -24.6458 0
      vertex 40.3333 -24.4944 0
    endloop
  endfacet
  facet normal -0.740908 -0.671607 0
    outer loop
      vertex 44.319 -20.0968 0
      vertex 44.1213 -19.8787 2.5
      vertex 44.1213 -19.8787 0
    endloop
  endfacet
  facet normal -0.740908 -0.671607 0
    outer loop
      vertex 44.1213 -19.8787 2.5
      vertex 44.319 -20.0968 0
      vertex 44.319 -20.0968 2.5
    endloop
  endfacet
  facet normal -0.595699 0.803208 0
    outer loop
      vertex 43.9032 -24.319 0
      vertex 43.6667 -24.4944 2.5
      vertex 43.9032 -24.319 2.5
    endloop
  endfacet
  facet normal -0.595699 0.803208 0
    outer loop
      vertex 43.6667 -24.4944 2.5
      vertex 43.9032 -24.319 0
      vertex 43.6667 -24.4944 0
    endloop
  endfacet
  facet normal 0.941488 -0.337047 0
    outer loop
      vertex 39.1292 -21.1291 2.5
      vertex 39.2284 -20.852 0
      vertex 39.2284 -20.852 2.5
    endloop
  endfacet
  facet normal 0.941488 -0.337047 0
    outer loop
      vertex 39.2284 -20.852 0
      vertex 39.1292 -21.1291 2.5
      vertex 39.1292 -21.1291 0
    endloop
  endfacet
  facet normal 0.989174 0.146746 0
    outer loop
      vertex 39.0576 -22.5853 2.5
      vertex 39.0144 -22.2941 0
      vertex 39.0144 -22.2941 2.5
    endloop
  endfacet
  facet normal 0.989174 0.146746 0
    outer loop
      vertex 39.0144 -22.2941 0
      vertex 39.0576 -22.5853 2.5
      vertex 39.0576 -22.5853 0
    endloop
  endfacet
  facet normal -0.337047 -0.941488 0
    outer loop
      vertex 42.8709 -19.1292 0
      vertex 43.148 -19.2284 2.5
      vertex 42.8709 -19.1292 2.5
    endloop
  endfacet
  facet normal -0.337047 -0.941488 -0
    outer loop
      vertex 43.148 -19.2284 2.5
      vertex 42.8709 -19.1292 0
      vertex 43.148 -19.2284 0
    endloop
  endfacet
  facet normal 0.803208 0.595699 0
    outer loop
      vertex 39.681 -23.9032 2.5
      vertex 39.5056 -23.6667 0
      vertex 39.5056 -23.6667 2.5
    endloop
  endfacet
  facet normal 0.803208 0.595699 0
    outer loop
      vertex 39.5056 -23.6667 0
      vertex 39.681 -23.9032 2.5
      vertex 39.681 -23.9032 0
    endloop
  endfacet
  facet normal 0.969982 -0.243175 0
    outer loop
      vertex 39.0576 -21.4147 2.5
      vertex 39.1292 -21.1291 0
      vertex 39.1292 -21.1291 2.5
    endloop
  endfacet
  facet normal 0.969982 -0.243175 0
    outer loop
      vertex 39.1292 -21.1291 0
      vertex 39.0576 -21.4147 2.5
      vertex 39.0576 -21.4147 0
    endloop
  endfacet
  facet normal 0.904125 -0.427269 0
    outer loop
      vertex 39.2284 -20.852 2.5
      vertex 39.3542 -20.5858 0
      vertex 39.3542 -20.5858 2.5
    endloop
  endfacet
  facet normal 0.904125 -0.427269 0
    outer loop
      vertex 39.3542 -20.5858 0
      vertex 39.2284 -20.852 2.5
      vertex 39.2284 -20.852 0
    endloop
  endfacet
  facet normal 0.671607 0.740908 -0
    outer loop
      vertex 40.0968 -24.319 0
      vertex 39.8787 -24.1213 2.5
      vertex 40.0968 -24.319 2.5
    endloop
  endfacet
  facet normal 0.671607 0.740908 0
    outer loop
      vertex 39.8787 -24.1213 2.5
      vertex 40.0968 -24.319 0
      vertex 39.8787 -24.1213 0
    endloop
  endfacet
  facet normal 0.803208 -0.595699 0
    outer loop
      vertex 39.5056 -20.3333 2.5
      vertex 39.681 -20.0968 0
      vertex 39.681 -20.0968 2.5
    endloop
  endfacet
  facet normal 0.803208 -0.595699 0
    outer loop
      vertex 39.681 -20.0968 0
      vertex 39.5056 -20.3333 2.5
      vertex 39.5056 -20.3333 0
    endloop
  endfacet
  facet normal 0.0489044 0.998803 -0
    outer loop
      vertex 42 -25 0
      vertex 41.7059 -24.9856 2.5
      vertex 42 -25 2.5
    endloop
  endfacet
  facet normal 0.0489044 0.998803 0
    outer loop
      vertex 41.7059 -24.9856 2.5
      vertex 42 -25 0
      vertex 41.7059 -24.9856 0
    endloop
  endfacet
  facet normal 0.146746 0.989174 -0
    outer loop
      vertex 41.7059 -24.9856 0
      vertex 41.4147 -24.9424 2.5
      vertex 41.7059 -24.9856 2.5
    endloop
  endfacet
  facet normal 0.146746 0.989174 0
    outer loop
      vertex 41.4147 -24.9424 2.5
      vertex 41.7059 -24.9856 0
      vertex 41.4147 -24.9424 0
    endloop
  endfacet
  facet normal 0.989174 -0.146746 0
    outer loop
      vertex 39.0144 -21.7059 2.5
      vertex 39.0576 -21.4147 0
      vertex 39.0576 -21.4147 2.5
    endloop
  endfacet
  facet normal 0.989174 -0.146746 0
    outer loop
      vertex 39.0576 -21.4147 0
      vertex 39.0144 -21.7059 2.5
      vertex 39.0144 -21.7059 0
    endloop
  endfacet
  facet normal 0.998803 -0.0489044 0
    outer loop
      vertex 39 -22 2.5
      vertex 39.0144 -21.7059 0
      vertex 39.0144 -21.7059 2.5
    endloop
  endfacet
  facet normal 0.998803 -0.0489044 0
    outer loop
      vertex 39.0144 -21.7059 0
      vertex 39 -22 2.5
      vertex 39 -22 0
    endloop
  endfacet
  facet normal 0.337047 0.941488 -0
    outer loop
      vertex 41.1291 -24.8708 0
      vertex 40.852 -24.7716 2.5
      vertex 41.1291 -24.8708 2.5
    endloop
  endfacet
  facet normal 0.337047 0.941488 0
    outer loop
      vertex 40.852 -24.7716 2.5
      vertex 41.1291 -24.8708 0
      vertex 40.852 -24.7716 0
    endloop
  endfacet
  facet normal -0.671607 0.740908 0
    outer loop
      vertex 44.1213 -24.1213 0
      vertex 43.9032 -24.319 2.5
      vertex 44.1213 -24.1213 2.5
    endloop
  endfacet
  facet normal -0.671607 0.740908 0
    outer loop
      vertex 43.9032 -24.319 2.5
      vertex 44.1213 -24.1213 0
      vertex 43.9032 -24.319 0
    endloop
  endfacet
  facet normal 0 0 -1
    outer loop
      vertex 43.6 -22 2.5
      vertex 45 -22 2.5
      vertex 44.9856 -22.2941 2.5
    endloop
  endfacet
  facet normal 0 0 -1
    outer loop
      vertex 43.5923 -22.1568 2.5
      vertex 44.9856 -22.2941 2.5
      vertex 44.9424 -22.5853 2.5
    endloop
  endfacet
  facet normal 0 0 -1
    outer loop
      vertex 45 -22 2.5
      vertex 43.6 -22 2.5
      vertex 44.9856 -21.7059 2.5
    endloop
  endfacet
  facet normal 0 0 -1
    outer loop
      vertex 43.5693 -22.3121 2.5
      vertex 44.9424 -22.5853 2.5
      vertex 44.8708 -22.8709 2.5
    endloop
  endfacet
  facet normal 0 0 -1
    outer loop
      vertex 43.5923 -21.8432 2.5
      vertex 44.9856 -21.7059 2.5
      vertex 43.6 -22 2.5
    endloop
  endfacet
  facet normal 0 0 -1
    outer loop
      vertex 43.5311 -22.4645 2.5
      vertex 44.8708 -22.8709 2.5
      vertex 44.7716 -23.148 2.5
    endloop
  endfacet
  facet normal -0 0 -1
    outer loop
      vertex 44.9856 -21.7059 2.5
      vertex 43.5923 -21.8432 2.5
      vertex 44.9424 -21.4147 2.5
    endloop
  endfacet
  facet normal 0 0 -1
    outer loop
      vertex 43.4782 -22.6123 2.5
      vertex 44.7716 -23.148 2.5
      vertex 44.6458 -23.4142 2.5
    endloop
  endfacet
  facet normal 0 0 -1
    outer loop
      vertex 43.5693 -21.6879 2.5
      vertex 44.9424 -21.4147 2.5
      vertex 43.5923 -21.8432 2.5
    endloop
  endfacet
  facet normal 0 0 -1
    outer loop
      vertex 43.4111 -22.7542 2.5
      vertex 44.6458 -23.4142 2.5
      vertex 44.4944 -23.6667 2.5
    endloop
  endfacet
  facet normal -0 0 -1
    outer loop
      vertex 44.9424 -21.4147 2.5
      vertex 43.5693 -21.6879 2.5
      vertex 44.8708 -21.1291 2.5
    endloop
  endfacet
  facet normal 0 0 -1
    outer loop
      vertex 43.3304 -22.8889 2.5
      vertex 44.4944 -23.6667 2.5
      vertex 44.319 -23.9032 2.5
    endloop
  endfacet
  facet normal 0 0 -1
    outer loop
      vertex 43.5311 -21.5355 2.5
      vertex 44.8708 -21.1291 2.5
      vertex 43.5693 -21.6879 2.5
    endloop
  endfacet
  facet normal 0 0 -1
    outer loop
      vertex 43.2368 -23.015 2.5
      vertex 44.319 -23.9032 2.5
      vertex 44.1213 -24.1213 2.5
    endloop
  endfacet
  facet normal -0 0 -1
    outer loop
      vertex 44.8708 -21.1291 2.5
      vertex 43.5311 -21.5355 2.5
      vertex 44.7716 -20.852 2.5
    endloop
  endfacet
  facet normal 0 0 -1
    outer loop
      vertex 43.1314 -23.1314 2.5
      vertex 44.1213 -24.1213 2.5
      vertex 43.9032 -24.319 2.5
    endloop
  endfacet
  facet normal 0 0 -1
    outer loop
      vertex 43.4782 -21.3877 2.5
      vertex 44.7716 -20.852 2.5
      vertex 43.5311 -21.5355 2.5
    endloop
  endfacet
  facet normal 0 0 -1
    outer loop
      vertex 43.015 -23.2368 2.5
      vertex 43.9032 -24.319 2.5
      vertex 43.6667 -24.4944 2.5
    endloop
  endfacet
  facet normal -0 0 -1
    outer loop
      vertex 44.7716 -20.852 2.5
      vertex 43.4782 -21.3877 2.5
      vertex 44.6458 -20.5858 2.5
    endloop
  endfacet
  facet normal 0 0 -1
    outer loop
      vertex 43.4111 -21.2458 2.5
      vertex 44.6458 -20.5858 2.5
      vertex 43.4782 -21.3877 2.5
    endloop
  endfacet
  facet normal 0 0 -1
    outer loop
      vertex 44.9856 -22.2941 2.5
      vertex 43.5923 -22.1568 2.5
      vertex 43.6 -22 2.5
    endloop
  endfacet
  facet normal 0 0 -1
    outer loop
      vertex 44.9424 -22.5853 2.5
      vertex 43.5693 -22.3121 2.5
      vertex 43.5923 -22.1568 2.5
    endloop
  endfacet
  facet normal 0 0 -1
    outer loop
      vertex 44.8708 -22.8709 2.5
      vertex 43.5311 -22.4645 2.5
      vertex 43.5693 -22.3121 2.5
    endloop
  endfacet
  facet normal 0 0 -1
    outer loop
      vertex 44.7716 -23.148 2.5
      vertex 43.4782 -22.6123 2.5
      vertex 43.5311 -22.4645 2.5
    endloop
  endfacet
  facet normal 0 0 -1
    outer loop
      vertex 42.8889 -23.3304 2.5
      vertex 43.6667 -24.4944 2.5
      vertex 43.4142 -24.6458 2.5
    endloop
  endfacet
  facet normal 0 0 -1
    outer loop
      vertex 44.6458 -23.4142 2.5
      vertex 43.4111 -22.7542 2.5
      vertex 43.4782 -22.6123 2.5
    endloop
  endfacet
  facet normal 0 0 -1
    outer loop
      vertex 44.4944 -23.6667 2.5
      vertex 43.3304 -22.8889 2.5
      vertex 43.4111 -22.7542 2.5
    endloop
  endfacet
  facet normal 0 0 -1
    outer loop
      vertex 44.319 -23.9032 2.5
      vertex 43.2368 -23.015 2.5
      vertex 43.3304 -22.8889 2.5
    endloop
  endfacet
  facet normal 0 0 -1
    outer loop
      vertex 42.7542 -23.4111 2.5
      vertex 43.4142 -24.6458 2.5
      vertex 43.148 -24.7716 2.5
    endloop
  endfacet
  facet normal 0 0 -1
    outer loop
      vertex 44.1213 -24.1213 2.5
      vertex 43.1314 -23.1314 2.5
      vertex 43.2368 -23.015 2.5
    endloop
  endfacet
  facet normal 0 0 -1
    outer loop
      vertex 43.9032 -24.319 2.5
      vertex 43.015 -23.2368 2.5
      vertex 43.1314 -23.1314 2.5
    endloop
  endfacet
  facet normal 0 0 -1
    outer loop
      vertex 43.6667 -24.4944 2.5
      vertex 42.8889 -23.3304 2.5
      vertex 43.015 -23.2368 2.5
    endloop
  endfacet
  facet normal 0 0 -1
    outer loop
      vertex 42.6123 -23.4782 2.5
      vertex 43.148 -24.7716 2.5
      vertex 42.8709 -24.8708 2.5
    endloop
  endfacet
  facet normal 0 0 -1
    outer loop
      vertex 43.4142 -24.6458 2.5
      vertex 42.7542 -23.4111 2.5
      vertex 42.8889 -23.3304 2.5
    endloop
  endfacet
  facet normal 0 0 -1
    outer loop
      vertex 43.148 -24.7716 2.5
      vertex 42.6123 -23.4782 2.5
      vertex 42.7542 -23.4111 2.5
    endloop
  endfacet
  facet normal 0 0 -1
    outer loop
      vertex 42.4645 -23.5311 2.5
      vertex 42.8709 -24.8708 2.5
      vertex 42.5853 -24.9424 2.5
    endloop
  endfacet
  facet normal 0 0 -1
    outer loop
      vertex 42.8709 -24.8708 2.5
      vertex 42.4645 -23.5311 2.5
      vertex 42.6123 -23.4782 2.5
    endloop
  endfacet
  facet normal 0 0 -1
    outer loop
      vertex 42.5853 -24.9424 2.5
      vertex 42.3121 -23.5693 2.5
      vertex 42.4645 -23.5311 2.5
    endloop
  endfacet
  facet normal 0 0 -1
    outer loop
      vertex 42.2941 -24.9856 2.5
      vertex 42.3121 -23.5693 2.5
      vertex 42.5853 -24.9424 2.5
    endloop
  endfacet
  facet normal 0 0 -1
    outer loop
      vertex 42.2941 -24.9856 2.5
      vertex 42.1568 -23.5923 2.5
      vertex 42.3121 -23.5693 2.5
    endloop
  endfacet
  facet normal 0 0 -1
    outer loop
      vertex 42 -25 2.5
      vertex 42.1568 -23.5923 2.5
      vertex 42.2941 -24.9856 2.5
    endloop
  endfacet
  facet normal 0 0 -1
    outer loop
      vertex 42 -25 2.5
      vertex 42 -23.6 2.5
      vertex 42.1568 -23.5923 2.5
    endloop
  endfacet
  facet normal 0 0 -1
    outer loop
      vertex 42 -25 2.5
      vertex 41.8432 -23.5923 2.5
      vertex 42 -23.6 2.5
    endloop
  endfacet
  facet normal 0 0 -1
    outer loop
      vertex 41.7059 -24.9856 2.5
      vertex 41.8432 -23.5923 2.5
      vertex 42 -25 2.5
    endloop
  endfacet
  facet normal 0 0 -1
    outer loop
      vertex 41.7059 -24.9856 2.5
      vertex 41.6879 -23.5693 2.5
      vertex 41.8432 -23.5923 2.5
    endloop
  endfacet
  facet normal 0 0 -1
    outer loop
      vertex 41.4147 -24.9424 2.5
      vertex 41.6879 -23.5693 2.5
      vertex 41.7059 -24.9856 2.5
    endloop
  endfacet
  facet normal -0 0 -1
    outer loop
      vertex 41.6879 -23.5693 2.5
      vertex 41.4147 -24.9424 2.5
      vertex 41.5355 -23.5311 2.5
    endloop
  endfacet
  facet normal 0 0 -1
    outer loop
      vertex 41.1291 -24.8708 2.5
      vertex 41.5355 -23.5311 2.5
      vertex 41.4147 -24.9424 2.5
    endloop
  endfacet
  facet normal -0 0 -1
    outer loop
      vertex 41.5355 -23.5311 2.5
      vertex 41.1291 -24.8708 2.5
      vertex 41.3877 -23.4782 2.5
    endloop
  endfacet
  facet normal 0 0 -1
    outer loop
      vertex 40.852 -24.7716 2.5
      vertex 41.3877 -23.4782 2.5
      vertex 41.1291 -24.8708 2.5
    endloop
  endfacet
  facet normal -0 0 -1
    outer loop
      vertex 41.3877 -23.4782 2.5
      vertex 40.852 -24.7716 2.5
      vertex 41.2458 -23.4111 2.5
    endloop
  endfacet
  facet normal 0 0 -1
    outer loop
      vertex 40.5858 -24.6458 2.5
      vertex 41.2458 -23.4111 2.5
      vertex 40.852 -24.7716 2.5
    endloop
  endfacet
  facet normal -0 0 -1
    outer loop
      vertex 41.2458 -23.4111 2.5
      vertex 40.5858 -24.6458 2.5
      vertex 41.1111 -23.3304 2.5
    endloop
  endfacet
  facet normal 0 0 -1
    outer loop
      vertex 40.3333 -24.4944 2.5
      vertex 41.1111 -23.3304 2.5
      vertex 40.5858 -24.6458 2.5
    endloop
  endfacet
  facet normal -0 0 -1
    outer loop
      vertex 41.1111 -23.3304 2.5
      vertex 40.3333 -24.4944 2.5
      vertex 40.985 -23.2368 2.5
    endloop
  endfacet
  facet normal 0 0 -1
    outer loop
      vertex 40.0968 -24.319 2.5
      vertex 40.985 -23.2368 2.5
      vertex 40.3333 -24.4944 2.5
    endloop
  endfacet
  facet normal -0 0 -1
    outer loop
      vertex 40.985 -23.2368 2.5
      vertex 40.0968 -24.319 2.5
      vertex 40.8686 -23.1314 2.5
    endloop
  endfacet
  facet normal 0 0 -1
    outer loop
      vertex 39.8787 -24.1213 2.5
      vertex 40.8686 -23.1314 2.5
      vertex 40.0968 -24.319 2.5
    endloop
  endfacet
  facet normal -0 0 -1
    outer loop
      vertex 40.8686 -23.1314 2.5
      vertex 39.8787 -24.1213 2.5
      vertex 40.7632 -23.015 2.5
    endloop
  endfacet
  facet normal 0 0 -1
    outer loop
      vertex 39.681 -23.9032 2.5
      vertex 40.7632 -23.015 2.5
      vertex 39.8787 -24.1213 2.5
    endloop
  endfacet
  facet normal -0 0 -1
    outer loop
      vertex 40.7632 -23.015 2.5
      vertex 39.681 -23.9032 2.5
      vertex 40.6696 -22.8889 2.5
    endloop
  endfacet
  facet normal 0 0 -1
    outer loop
      vertex 39.5056 -23.6667 2.5
      vertex 40.6696 -22.8889 2.5
      vertex 39.681 -23.9032 2.5
    endloop
  endfacet
  facet normal 0 0 -1
    outer loop
      vertex 39.3542 -23.4142 2.5
      vertex 40.5889 -22.7542 2.5
      vertex 39.5056 -23.6667 2.5
    endloop
  endfacet
  facet normal -0 0 -1
    outer loop
      vertex 40.6696 -22.8889 2.5
      vertex 39.5056 -23.6667 2.5
      vertex 40.5889 -22.7542 2.5
    endloop
  endfacet
  facet normal -0 0 -1
    outer loop
      vertex 44.6458 -20.5858 2.5
      vertex 43.4111 -21.2458 2.5
      vertex 44.4944 -20.3333 2.5
    endloop
  endfacet
  facet normal 0 0 -1
    outer loop
      vertex 43.3304 -21.1111 2.5
      vertex 44.4944 -20.3333 2.5
      vertex 43.4111 -21.2458 2.5
    endloop
  endfacet
  facet normal -0 0 -1
    outer loop
      vertex 44.4944 -20.3333 2.5
      vertex 43.3304 -21.1111 2.5
      vertex 44.319 -20.0968 2.5
    endloop
  endfacet
  facet normal 0 0 -1
    outer loop
      vertex 43.2368 -20.985 2.5
      vertex 44.319 -20.0968 2.5
      vertex 43.3304 -21.1111 2.5
    endloop
  endfacet
  facet normal -0 0 -1
    outer loop
      vertex 44.319 -20.0968 2.5
      vertex 43.2368 -20.985 2.5
      vertex 44.1213 -19.8787 2.5
    endloop
  endfacet
  facet normal 0 0 -1
    outer loop
      vertex 43.1314 -20.8686 2.5
      vertex 44.1213 -19.8787 2.5
      vertex 43.2368 -20.985 2.5
    endloop
  endfacet
  facet normal -0 0 -1
    outer loop
      vertex 44.1213 -19.8787 2.5
      vertex 43.1314 -20.8686 2.5
      vertex 43.9032 -19.681 2.5
    endloop
  endfacet
  facet normal 0 0 -1
    outer loop
      vertex 43.015 -20.7632 2.5
      vertex 43.9032 -19.681 2.5
      vertex 43.1314 -20.8686 2.5
    endloop
  endfacet
  facet normal -0 0 -1
    outer loop
      vertex 43.9032 -19.681 2.5
      vertex 43.015 -20.7632 2.5
      vertex 43.6667 -19.5056 2.5
    endloop
  endfacet
  facet normal 0 0 -1
    outer loop
      vertex 42.8889 -20.6696 2.5
      vertex 43.6667 -19.5056 2.5
      vertex 43.015 -20.7632 2.5
    endloop
  endfacet
  facet normal -0 0 -1
    outer loop
      vertex 43.6667 -19.5056 2.5
      vertex 42.8889 -20.6696 2.5
      vertex 43.4142 -19.3542 2.5
    endloop
  endfacet
  facet normal 0 0 -1
    outer loop
      vertex 42.7542 -20.5889 2.5
      vertex 43.4142 -19.3542 2.5
      vertex 42.8889 -20.6696 2.5
    endloop
  endfacet
  facet normal -0 0 -1
    outer loop
      vertex 43.4142 -19.3542 2.5
      vertex 42.7542 -20.5889 2.5
      vertex 43.148 -19.2284 2.5
    endloop
  endfacet
  facet normal 0 0 -1
    outer loop
      vertex 42.6123 -20.5218 2.5
      vertex 43.148 -19.2284 2.5
      vertex 42.7542 -20.5889 2.5
    endloop
  endfacet
  facet normal -0 0 -1
    outer loop
      vertex 43.148 -19.2284 2.5
      vertex 42.6123 -20.5218 2.5
      vertex 42.8709 -19.1292 2.5
    endloop
  endfacet
  facet normal 0 0 -1
    outer loop
      vertex 42.4645 -20.4689 2.5
      vertex 42.8709 -19.1292 2.5
      vertex 42.6123 -20.5218 2.5
    endloop
  endfacet
  facet normal -0 0 -1
    outer loop
      vertex 42.8709 -19.1292 2.5
      vertex 42.4645 -20.4689 2.5
      vertex 42.5853 -19.0576 2.5
    endloop
  endfacet
  facet normal 0 0 -1
    outer loop
      vertex 42.3121 -20.4307 2.5
      vertex 42.5853 -19.0576 2.5
      vertex 42.4645 -20.4689 2.5
    endloop
  endfacet
  facet normal 0 0 -1
    outer loop
      vertex 42.3121 -20.4307 2.5
      vertex 42.2941 -19.0144 2.5
      vertex 42.5853 -19.0576 2.5
    endloop
  endfacet
  facet normal 0 0 -1
    outer loop
      vertex 42.1568 -20.4077 2.5
      vertex 42.2941 -19.0144 2.5
      vertex 42.3121 -20.4307 2.5
    endloop
  endfacet
  facet normal 0 0 -1
    outer loop
      vertex 42 -20.4 2.5
      vertex 42.2941 -19.0144 2.5
      vertex 42.1568 -20.4077 2.5
    endloop
  endfacet
  facet normal 0 0 -1
    outer loop
      vertex 42 -20.4 2.5
      vertex 42 -19 2.5
      vertex 42.2941 -19.0144 2.5
    endloop
  endfacet
  facet normal 0 0 -1
    outer loop
      vertex 41.8432 -20.4077 2.5
      vertex 42 -19 2.5
      vertex 42 -20.4 2.5
    endloop
  endfacet
  facet normal 0 0 -1
    outer loop
      vertex 41.8432 -20.4077 2.5
      vertex 41.7059 -19.0144 2.5
      vertex 42 -19 2.5
    endloop
  endfacet
  facet normal 0 0 -1
    outer loop
      vertex 41.6879 -20.4307 2.5
      vertex 41.7059 -19.0144 2.5
      vertex 41.8432 -20.4077 2.5
    endloop
  endfacet
  facet normal 0 0 -1
    outer loop
      vertex 41.4147 -19.0576 2.5
      vertex 41.6879 -20.4307 2.5
      vertex 41.5355 -20.4689 2.5
    endloop
  endfacet
  facet normal 0 0 -1
    outer loop
      vertex 41.6879 -20.4307 2.5
      vertex 41.4147 -19.0576 2.5
      vertex 41.7059 -19.0144 2.5
    endloop
  endfacet
  facet normal 0 0 -1
    outer loop
      vertex 41.1291 -19.1292 2.5
      vertex 41.5355 -20.4689 2.5
      vertex 41.3877 -20.5218 2.5
    endloop
  endfacet
  facet normal 0 0 -1
    outer loop
      vertex 40.852 -19.2284 2.5
      vertex 41.3877 -20.5218 2.5
      vertex 41.2458 -20.5889 2.5
    endloop
  endfacet
  facet normal 0 0 -1
    outer loop
      vertex 41.5355 -20.4689 2.5
      vertex 41.1291 -19.1292 2.5
      vertex 41.4147 -19.0576 2.5
    endloop
  endfacet
  facet normal 0 0 -1
    outer loop
      vertex 40.5858 -19.3542 2.5
      vertex 41.2458 -20.5889 2.5
      vertex 41.1111 -20.6696 2.5
    endloop
  endfacet
  facet normal 0 0 -1
    outer loop
      vertex 40.3333 -19.5056 2.5
      vertex 41.1111 -20.6696 2.5
      vertex 40.985 -20.7632 2.5
    endloop
  endfacet
  facet normal 0 0 -1
    outer loop
      vertex 40.0968 -19.681 2.5
      vertex 40.985 -20.7632 2.5
      vertex 40.8686 -20.8686 2.5
    endloop
  endfacet
  facet normal 0 0 -1
    outer loop
      vertex 41.3877 -20.5218 2.5
      vertex 40.852 -19.2284 2.5
      vertex 41.1291 -19.1292 2.5
    endloop
  endfacet
  facet normal 0 0 -1
    outer loop
      vertex 39.8787 -19.8787 2.5
      vertex 40.8686 -20.8686 2.5
      vertex 40.7632 -20.985 2.5
    endloop
  endfacet
  facet normal 0 0 -1
    outer loop
      vertex 39.681 -20.0968 2.5
      vertex 40.7632 -20.985 2.5
      vertex 40.6696 -21.1111 2.5
    endloop
  endfacet
  facet normal 0 0 -1
    outer loop
      vertex 39.5056 -20.3333 2.5
      vertex 40.6696 -21.1111 2.5
      vertex 40.5889 -21.2458 2.5
    endloop
  endfacet
  facet normal 0 0 -1
    outer loop
      vertex 41.2458 -20.5889 2.5
      vertex 40.5858 -19.3542 2.5
      vertex 40.852 -19.2284 2.5
    endloop
  endfacet
  facet normal 0 0 -1
    outer loop
      vertex 39.3542 -20.5858 2.5
      vertex 40.5889 -21.2458 2.5
      vertex 40.5218 -21.3877 2.5
    endloop
  endfacet
  facet normal 0 0 -1
    outer loop
      vertex 39.2284 -20.852 2.5
      vertex 40.5218 -21.3877 2.5
      vertex 40.4689 -21.5355 2.5
    endloop
  endfacet
  facet normal 0 0 -1
    outer loop
      vertex 39.1292 -21.1291 2.5
      vertex 40.4689 -21.5355 2.5
      vertex 40.4307 -21.6879 2.5
    endloop
  endfacet
  facet normal 0 0 -1
    outer loop
      vertex 39.0576 -21.4147 2.5
      vertex 40.4307 -21.6879 2.5
      vertex 40.4077 -21.8432 2.5
    endloop
  endfacet
  facet normal 0 0 -1
    outer loop
      vertex 41.1111 -20.6696 2.5
      vertex 40.3333 -19.5056 2.5
      vertex 40.5858 -19.3542 2.5
    endloop
  endfacet
  facet normal 0 0 -1
    outer loop
      vertex 39.0144 -21.7059 2.5
      vertex 40.4077 -21.8432 2.5
      vertex 40.4 -22 2.5
    endloop
  endfacet
  facet normal -0 0 -1
    outer loop
      vertex 40.5889 -22.7542 2.5
      vertex 39.3542 -23.4142 2.5
      vertex 40.5218 -22.6123 2.5
    endloop
  endfacet
  facet normal 0 0 -1
    outer loop
      vertex 39.2284 -23.148 2.5
      vertex 40.5218 -22.6123 2.5
      vertex 39.3542 -23.4142 2.5
    endloop
  endfacet
  facet normal 0 0 -1
    outer loop
      vertex 40.985 -20.7632 2.5
      vertex 40.0968 -19.681 2.5
      vertex 40.3333 -19.5056 2.5
    endloop
  endfacet
  facet normal -0 0 -1
    outer loop
      vertex 40.5218 -22.6123 2.5
      vertex 39.2284 -23.148 2.5
      vertex 40.4689 -22.4645 2.5
    endloop
  endfacet
  facet normal 0 0 -1
    outer loop
      vertex 40.8686 -20.8686 2.5
      vertex 39.8787 -19.8787 2.5
      vertex 40.0968 -19.681 2.5
    endloop
  endfacet
  facet normal 0 0 -1
    outer loop
      vertex 39.1292 -22.8709 2.5
      vertex 40.4689 -22.4645 2.5
      vertex 39.2284 -23.148 2.5
    endloop
  endfacet
  facet normal 0 0 -1
    outer loop
      vertex 40.7632 -20.985 2.5
      vertex 39.681 -20.0968 2.5
      vertex 39.8787 -19.8787 2.5
    endloop
  endfacet
  facet normal -0 0 -1
    outer loop
      vertex 40.4689 -22.4645 2.5
      vertex 39.1292 -22.8709 2.5
      vertex 40.4307 -22.3121 2.5
    endloop
  endfacet
  facet normal 0 0 -1
    outer loop
      vertex 40.6696 -21.1111 2.5
      vertex 39.5056 -20.3333 2.5
      vertex 39.681 -20.0968 2.5
    endloop
  endfacet
  facet normal 0 0 -1
    outer loop
      vertex 39.0576 -22.5853 2.5
      vertex 40.4307 -22.3121 2.5
      vertex 39.1292 -22.8709 2.5
    endloop
  endfacet
  facet normal 0 0 -1
    outer loop
      vertex 40.5889 -21.2458 2.5
      vertex 39.3542 -20.5858 2.5
      vertex 39.5056 -20.3333 2.5
    endloop
  endfacet
  facet normal -0 0 -1
    outer loop
      vertex 40.4307 -22.3121 2.5
      vertex 39.0576 -22.5853 2.5
      vertex 40.4077 -22.1568 2.5
    endloop
  endfacet
  facet normal 0 0 -1
    outer loop
      vertex 40.5218 -21.3877 2.5
      vertex 39.2284 -20.852 2.5
      vertex 39.3542 -20.5858 2.5
    endloop
  endfacet
  facet normal 0 0 -1
    outer loop
      vertex 39.0144 -22.2941 2.5
      vertex 40.4077 -22.1568 2.5
      vertex 39.0576 -22.5853 2.5
    endloop
  endfacet
  facet normal 0 0 -1
    outer loop
      vertex 40.4689 -21.5355 2.5
      vertex 39.1292 -21.1291 2.5
      vertex 39.2284 -20.852 2.5
    endloop
  endfacet
  facet normal -0 0 -1
    outer loop
      vertex 40.4077 -22.1568 2.5
      vertex 39.0144 -22.2941 2.5
      vertex 40.4 -22 2.5
    endloop
  endfacet
  facet normal 0 0 -1
    outer loop
      vertex 40.4307 -21.6879 2.5
      vertex 39.0576 -21.4147 2.5
      vertex 39.1292 -21.1291 2.5
    endloop
  endfacet
  facet normal 0 0 -1
    outer loop
      vertex 39 -22 2.5
      vertex 40.4 -22 2.5
      vertex 39.0144 -22.2941 2.5
    endloop
  endfacet
  facet normal 0 0 -1
    outer loop
      vertex 40.4077 -21.8432 2.5
      vertex 39.0144 -21.7059 2.5
      vertex 39.0576 -21.4147 2.5
    endloop
  endfacet
  facet normal 0 0 -1
    outer loop
      vertex 40.4 -22 2.5
      vertex 39 -22 2.5
      vertex 39.0144 -21.7059 2.5
    endloop
  endfacet
  facet normal -0.98921 -0.146502 0
    outer loop
      vertex 43.5923 22.1568 2.5
      vertex 43.5693 22.3121 5.2
      vertex 43.5693 22.3121 2.5
    endloop
  endfacet
  facet normal -0.98921 -0.146502 0
    outer loop
      vertex 43.5693 22.3121 5.2
      vertex 43.5923 22.1568 2.5
      vertex 43.5923 22.1568 5.2
    endloop
  endfacet
  facet normal -0.998796 -0.049048 0
    outer loop
      vertex 43.6 22 2.5
      vertex 43.5923 22.1568 5.2
      vertex 43.5923 22.1568 2.5
    endloop
  endfacet
  facet normal -0.998796 -0.049048 0
    outer loop
      vertex 43.5923 22.1568 5.2
      vertex 43.6 22 2.5
      vertex 43.6 22 5.2
    endloop
  endfacet
  facet normal -0.969993 -0.243135 0
    outer loop
      vertex 43.5693 22.3121 2.5
      vertex 43.5311 22.4645 5.2
      vertex 43.5311 22.4645 2.5
    endloop
  endfacet
  facet normal -0.969993 -0.243135 0
    outer loop
      vertex 43.5311 22.4645 5.2
      vertex 43.5693 22.3121 2.5
      vertex 43.5693 22.3121 5.2
    endloop
  endfacet
  facet normal -0.427484 -0.904023 0
    outer loop
      vertex 42.6123 23.4782 2.5
      vertex 42.7542 23.4111 5.2
      vertex 42.6123 23.4782 5.2
    endloop
  endfacet
  facet normal -0.427484 -0.904023 -0
    outer loop
      vertex 42.7542 23.4111 5.2
      vertex 42.6123 23.4782 2.5
      vertex 42.7542 23.4111 2.5
    endloop
  endfacet
  facet normal 0.243135 0.969993 -0
    outer loop
      vertex 41.6879 20.4307 2.5
      vertex 41.5355 20.4689 5.2
      vertex 41.6879 20.4307 5.2
    endloop
  endfacet
  facet normal 0.243135 0.969993 0
    outer loop
      vertex 41.5355 20.4689 5.2
      vertex 41.6879 20.4307 2.5
      vertex 41.5355 20.4689 2.5
    endloop
  endfacet
  facet normal 0.85783 0.513934 0
    outer loop
      vertex 40.6696 21.1111 5.2
      vertex 40.5889 21.2458 2.5
      vertex 40.5889 21.2458 5.2
    endloop
  endfacet
  facet normal 0.85783 0.513934 0
    outer loop
      vertex 40.5889 21.2458 2.5
      vertex 40.6696 21.1111 5.2
      vertex 40.6696 21.1111 2.5
    endloop
  endfacet
  facet normal -0.146502 0.98921 0
    outer loop
      vertex 42.3121 20.4307 2.5
      vertex 42.1568 20.4077 5.2
      vertex 42.3121 20.4307 5.2
    endloop
  endfacet
  facet normal -0.146502 0.98921 0
    outer loop
      vertex 42.1568 20.4077 5.2
      vertex 42.3121 20.4307 2.5
      vertex 42.1568 20.4077 2.5
    endloop
  endfacet
  facet normal -0.741264 -0.671213 0
    outer loop
      vertex 43.2368 23.015 2.5
      vertex 43.1314 23.1314 5.2
      vertex 43.1314 23.1314 2.5
    endloop
  endfacet
  facet normal -0.741264 -0.671213 0
    outer loop
      vertex 43.1314 23.1314 5.2
      vertex 43.2368 23.015 2.5
      vertex 43.2368 23.015 5.2
    endloop
  endfacet
  facet normal 0.513934 -0.85783 0
    outer loop
      vertex 41.1111 23.3304 2.5
      vertex 41.2458 23.4111 5.2
      vertex 41.1111 23.3304 5.2
    endloop
  endfacet
  facet normal 0.513934 -0.85783 0
    outer loop
      vertex 41.2458 23.4111 5.2
      vertex 41.1111 23.3304 2.5
      vertex 41.2458 23.4111 2.5
    endloop
  endfacet
  facet normal -0.741264 0.671213 0
    outer loop
      vertex 43.1314 20.8686 2.5
      vertex 43.2368 20.985 5.2
      vertex 43.2368 20.985 2.5
    endloop
  endfacet
  facet normal -0.741264 0.671213 0
    outer loop
      vertex 43.2368 20.985 5.2
      vertex 43.1314 20.8686 2.5
      vertex 43.1314 20.8686 5.2
    endloop
  endfacet
  facet normal -0.513934 0.85783 0
    outer loop
      vertex 42.8889 20.6696 2.5
      vertex 42.7542 20.5889 5.2
      vertex 42.8889 20.6696 5.2
    endloop
  endfacet
  facet normal -0.513934 0.85783 0
    outer loop
      vertex 42.7542 20.5889 5.2
      vertex 42.8889 20.6696 2.5
      vertex 42.7542 20.5889 2.5
    endloop
  endfacet
  facet normal -0.243135 -0.969993 0
    outer loop
      vertex 42.3121 23.5693 2.5
      vertex 42.4645 23.5311 5.2
      vertex 42.3121 23.5693 5.2
    endloop
  endfacet
  facet normal -0.243135 -0.969993 -0
    outer loop
      vertex 42.4645 23.5311 5.2
      vertex 42.3121 23.5693 2.5
      vertex 42.4645 23.5311 2.5
    endloop
  endfacet
  facet normal 0.98921 -0.146502 0
    outer loop
      vertex 40.4077 22.1568 5.2
      vertex 40.4307 22.3121 2.5
      vertex 40.4307 22.3121 5.2
    endloop
  endfacet
  facet normal 0.98921 -0.146502 0
    outer loop
      vertex 40.4307 22.3121 2.5
      vertex 40.4077 22.1568 5.2
      vertex 40.4077 22.1568 2.5
    endloop
  endfacet
  facet normal -0.85783 -0.513934 0
    outer loop
      vertex 43.4111 22.7542 2.5
      vertex 43.3304 22.8889 5.2
      vertex 43.3304 22.8889 2.5
    endloop
  endfacet
  facet normal -0.85783 -0.513934 0
    outer loop
      vertex 43.3304 22.8889 5.2
      vertex 43.4111 22.7542 2.5
      vertex 43.4111 22.7542 5.2
    endloop
  endfacet
  facet normal -0.969993 0.243135 0
    outer loop
      vertex 43.5311 21.5355 2.5
      vertex 43.5693 21.6879 5.2
      vertex 43.5693 21.6879 2.5
    endloop
  endfacet
  facet normal -0.969993 0.243135 0
    outer loop
      vertex 43.5693 21.6879 5.2
      vertex 43.5311 21.5355 2.5
      vertex 43.5311 21.5355 5.2
    endloop
  endfacet
  facet normal 0.146502 0.98921 -0
    outer loop
      vertex 41.8432 20.4077 2.5
      vertex 41.6879 20.4307 5.2
      vertex 41.8432 20.4077 5.2
    endloop
  endfacet
  facet normal 0.146502 0.98921 0
    outer loop
      vertex 41.6879 20.4307 5.2
      vertex 41.8432 20.4077 2.5
      vertex 41.6879 20.4307 2.5
    endloop
  endfacet
  facet normal 0.998796 0.049048 0
    outer loop
      vertex 40.4077 21.8432 5.2
      vertex 40.4 22 2.5
      vertex 40.4 22 5.2
    endloop
  endfacet
  facet normal 0.998796 0.049048 0
    outer loop
      vertex 40.4 22 2.5
      vertex 40.4077 21.8432 5.2
      vertex 40.4077 21.8432 2.5
    endloop
  endfacet
  facet normal -0.146502 -0.98921 0
    outer loop
      vertex 42.1568 23.5923 2.5
      vertex 42.3121 23.5693 5.2
      vertex 42.1568 23.5923 5.2
    endloop
  endfacet
  facet normal -0.146502 -0.98921 -0
    outer loop
      vertex 42.3121 23.5693 5.2
      vertex 42.1568 23.5923 2.5
      vertex 42.3121 23.5693 2.5
    endloop
  endfacet
  facet normal -0.941511 -0.336982 0
    outer loop
      vertex 43.5311 22.4645 2.5
      vertex 43.4782 22.6123 5.2
      vertex 43.4782 22.6123 2.5
    endloop
  endfacet
  facet normal -0.941511 -0.336982 0
    outer loop
      vertex 43.4782 22.6123 5.2
      vertex 43.5311 22.4645 2.5
      vertex 43.5311 22.4645 5.2
    endloop
  endfacet
  facet normal -0.671213 -0.741264 0
    outer loop
      vertex 43.015 23.2368 2.5
      vertex 43.1314 23.1314 5.2
      vertex 43.015 23.2368 5.2
    endloop
  endfacet
  facet normal -0.671213 -0.741264 -0
    outer loop
      vertex 43.1314 23.1314 5.2
      vertex 43.015 23.2368 2.5
      vertex 43.1314 23.1314 2.5
    endloop
  endfacet
  facet normal 0.969993 0.243135 0
    outer loop
      vertex 40.4689 21.5355 5.2
      vertex 40.4307 21.6879 2.5
      vertex 40.4307 21.6879 5.2
    endloop
  endfacet
  facet normal 0.969993 0.243135 0
    outer loop
      vertex 40.4307 21.6879 2.5
      vertex 40.4689 21.5355 5.2
      vertex 40.4689 21.5355 2.5
    endloop
  endfacet
  facet normal 0.336982 -0.941511 0
    outer loop
      vertex 41.3877 23.4782 2.5
      vertex 41.5355 23.5311 5.2
      vertex 41.3877 23.4782 5.2
    endloop
  endfacet
  facet normal 0.336982 -0.941511 0
    outer loop
      vertex 41.5355 23.5311 5.2
      vertex 41.3877 23.4782 2.5
      vertex 41.5355 23.5311 2.5
    endloop
  endfacet
  facet normal 0.941511 0.336982 0
    outer loop
      vertex 40.5218 21.3877 5.2
      vertex 40.4689 21.5355 2.5
      vertex 40.4689 21.5355 5.2
    endloop
  endfacet
  facet normal 0.941511 0.336982 0
    outer loop
      vertex 40.4689 21.5355 2.5
      vertex 40.5218 21.3877 5.2
      vertex 40.5218 21.3877 2.5
    endloop
  endfacet
  facet normal -0.336982 -0.941511 0
    outer loop
      vertex 42.4645 23.5311 2.5
      vertex 42.6123 23.4782 5.2
      vertex 42.4645 23.5311 5.2
    endloop
  endfacet
  facet normal -0.336982 -0.941511 -0
    outer loop
      vertex 42.6123 23.4782 5.2
      vertex 42.4645 23.5311 2.5
      vertex 42.6123 23.4782 2.5
    endloop
  endfacet
  facet normal 0.80297 -0.596019 0
    outer loop
      vertex 40.6696 22.8889 5.2
      vertex 40.7632 23.015 2.5
      vertex 40.7632 23.015 5.2
    endloop
  endfacet
  facet normal 0.80297 -0.596019 0
    outer loop
      vertex 40.7632 23.015 2.5
      vertex 40.6696 22.8889 5.2
      vertex 40.6696 22.8889 2.5
    endloop
  endfacet
  facet normal -0.80297 -0.596019 0
    outer loop
      vertex 43.3304 22.8889 2.5
      vertex 43.2368 23.015 5.2
      vertex 43.2368 23.015 2.5
    endloop
  endfacet
  facet normal -0.80297 -0.596019 0
    outer loop
      vertex 43.2368 23.015 5.2
      vertex 43.3304 22.8889 2.5
      vertex 43.3304 22.8889 5.2
    endloop
  endfacet
  facet normal 0.969993 -0.243135 0
    outer loop
      vertex 40.4307 22.3121 5.2
      vertex 40.4689 22.4645 2.5
      vertex 40.4689 22.4645 5.2
    endloop
  endfacet
  facet normal 0.969993 -0.243135 0
    outer loop
      vertex 40.4689 22.4645 2.5
      vertex 40.4307 22.3121 5.2
      vertex 40.4307 22.3121 2.5
    endloop
  endfacet
  facet normal 0.671213 -0.741264 0
    outer loop
      vertex 40.8686 23.1314 2.5
      vertex 40.985 23.2368 5.2
      vertex 40.8686 23.1314 5.2
    endloop
  endfacet
  facet normal 0.671213 -0.741264 0
    outer loop
      vertex 40.985 23.2368 5.2
      vertex 40.8686 23.1314 2.5
      vertex 40.985 23.2368 2.5
    endloop
  endfacet
  facet normal -0.427484 0.904023 0
    outer loop
      vertex 42.7542 20.5889 2.5
      vertex 42.6123 20.5218 5.2
      vertex 42.7542 20.5889 5.2
    endloop
  endfacet
  facet normal -0.427484 0.904023 0
    outer loop
      vertex 42.6123 20.5218 5.2
      vertex 42.7542 20.5889 2.5
      vertex 42.6123 20.5218 2.5
    endloop
  endfacet
  facet normal 0.243135 -0.969993 0
    outer loop
      vertex 41.5355 23.5311 2.5
      vertex 41.6879 23.5693 5.2
      vertex 41.5355 23.5311 5.2
    endloop
  endfacet
  facet normal 0.243135 -0.969993 0
    outer loop
      vertex 41.6879 23.5693 5.2
      vertex 41.5355 23.5311 2.5
      vertex 41.6879 23.5693 2.5
    endloop
  endfacet
  facet normal 0.941511 -0.336982 0
    outer loop
      vertex 40.4689 22.4645 5.2
      vertex 40.5218 22.6123 2.5
      vertex 40.5218 22.6123 5.2
    endloop
  endfacet
  facet normal 0.941511 -0.336982 0
    outer loop
      vertex 40.5218 22.6123 2.5
      vertex 40.4689 22.4645 5.2
      vertex 40.4689 22.4645 2.5
    endloop
  endfacet
  facet normal -0.513934 -0.85783 0
    outer loop
      vertex 42.7542 23.4111 2.5
      vertex 42.8889 23.3304 5.2
      vertex 42.7542 23.4111 5.2
    endloop
  endfacet
  facet normal -0.513934 -0.85783 -0
    outer loop
      vertex 42.8889 23.3304 5.2
      vertex 42.7542 23.4111 2.5
      vertex 42.8889 23.3304 2.5
    endloop
  endfacet
  facet normal 0.513934 0.85783 -0
    outer loop
      vertex 41.2458 20.5889 2.5
      vertex 41.1111 20.6696 5.2
      vertex 41.2458 20.5889 5.2
    endloop
  endfacet
  facet normal 0.513934 0.85783 0
    outer loop
      vertex 41.1111 20.6696 5.2
      vertex 41.2458 20.5889 2.5
      vertex 41.1111 20.6696 2.5
    endloop
  endfacet
  facet normal 0.596019 -0.80297 0
    outer loop
      vertex 40.985 23.2368 2.5
      vertex 41.1111 23.3304 5.2
      vertex 40.985 23.2368 5.2
    endloop
  endfacet
  facet normal 0.596019 -0.80297 0
    outer loop
      vertex 41.1111 23.3304 5.2
      vertex 40.985 23.2368 2.5
      vertex 41.1111 23.3304 2.5
    endloop
  endfacet
  facet normal -0.049048 0.998796 0
    outer loop
      vertex 42.1568 20.4077 2.5
      vertex 42 20.4 5.2
      vertex 42.1568 20.4077 5.2
    endloop
  endfacet
  facet normal -0.049048 0.998796 0
    outer loop
      vertex 42 20.4 5.2
      vertex 42.1568 20.4077 2.5
      vertex 42 20.4 2.5
    endloop
  endfacet
  facet normal -0.941511 0.336982 0
    outer loop
      vertex 43.4782 21.3877 2.5
      vertex 43.5311 21.5355 5.2
      vertex 43.5311 21.5355 2.5
    endloop
  endfacet
  facet normal -0.941511 0.336982 0
    outer loop
      vertex 43.5311 21.5355 5.2
      vertex 43.4782 21.3877 2.5
      vertex 43.4782 21.3877 5.2
    endloop
  endfacet
  facet normal -0.80297 0.596019 0
    outer loop
      vertex 43.2368 20.985 2.5
      vertex 43.3304 21.1111 5.2
      vertex 43.3304 21.1111 2.5
    endloop
  endfacet
  facet normal -0.80297 0.596019 0
    outer loop
      vertex 43.3304 21.1111 5.2
      vertex 43.2368 20.985 2.5
      vertex 43.2368 20.985 5.2
    endloop
  endfacet
  facet normal -0.98921 0.146502 0
    outer loop
      vertex 43.5693 21.6879 2.5
      vertex 43.5923 21.8432 5.2
      vertex 43.5923 21.8432 2.5
    endloop
  endfacet
  facet normal -0.98921 0.146502 0
    outer loop
      vertex 43.5923 21.8432 5.2
      vertex 43.5693 21.6879 2.5
      vertex 43.5693 21.6879 5.2
    endloop
  endfacet
  facet normal 0.85783 -0.513934 0
    outer loop
      vertex 40.5889 22.7542 5.2
      vertex 40.6696 22.8889 2.5
      vertex 40.6696 22.8889 5.2
    endloop
  endfacet
  facet normal 0.85783 -0.513934 0
    outer loop
      vertex 40.6696 22.8889 2.5
      vertex 40.5889 22.7542 5.2
      vertex 40.5889 22.7542 2.5
    endloop
  endfacet
  facet normal -0.904023 -0.427484 0
    outer loop
      vertex 43.4782 22.6123 2.5
      vertex 43.4111 22.7542 5.2
      vertex 43.4111 22.7542 2.5
    endloop
  endfacet
  facet normal -0.904023 -0.427484 0
    outer loop
      vertex 43.4111 22.7542 5.2
      vertex 43.4782 22.6123 2.5
      vertex 43.4782 22.6123 5.2
    endloop
  endfacet
  facet normal 0.427484 -0.904023 0
    outer loop
      vertex 41.2458 23.4111 2.5
      vertex 41.3877 23.4782 5.2
      vertex 41.2458 23.4111 5.2
    endloop
  endfacet
  facet normal 0.427484 -0.904023 0
    outer loop
      vertex 41.3877 23.4782 5.2
      vertex 41.2458 23.4111 2.5
      vertex 41.3877 23.4782 2.5
    endloop
  endfacet
  facet normal -0.596019 0.80297 0
    outer loop
      vertex 43.015 20.7632 2.5
      vertex 42.8889 20.6696 5.2
      vertex 43.015 20.7632 5.2
    endloop
  endfacet
  facet normal -0.596019 0.80297 0
    outer loop
      vertex 42.8889 20.6696 5.2
      vertex 43.015 20.7632 2.5
      vertex 42.8889 20.6696 2.5
    endloop
  endfacet
  facet normal -0.596019 -0.80297 0
    outer loop
      vertex 42.8889 23.3304 2.5
      vertex 43.015 23.2368 5.2
      vertex 42.8889 23.3304 5.2
    endloop
  endfacet
  facet normal -0.596019 -0.80297 -0
    outer loop
      vertex 43.015 23.2368 5.2
      vertex 42.8889 23.3304 2.5
      vertex 43.015 23.2368 2.5
    endloop
  endfacet
  facet normal 0.671213 0.741264 -0
    outer loop
      vertex 40.985 20.7632 2.5
      vertex 40.8686 20.8686 5.2
      vertex 40.985 20.7632 5.2
    endloop
  endfacet
  facet normal 0.671213 0.741264 0
    outer loop
      vertex 40.8686 20.8686 5.2
      vertex 40.985 20.7632 2.5
      vertex 40.8686 20.8686 2.5
    endloop
  endfacet
  facet normal -0.998796 0.049048 0
    outer loop
      vertex 43.5923 21.8432 2.5
      vertex 43.6 22 5.2
      vertex 43.6 22 2.5
    endloop
  endfacet
  facet normal -0.998796 0.049048 0
    outer loop
      vertex 43.6 22 5.2
      vertex 43.5923 21.8432 2.5
      vertex 43.5923 21.8432 5.2
    endloop
  endfacet
  facet normal 0.80297 0.596019 0
    outer loop
      vertex 40.7632 20.985 5.2
      vertex 40.6696 21.1111 2.5
      vertex 40.6696 21.1111 5.2
    endloop
  endfacet
  facet normal 0.80297 0.596019 0
    outer loop
      vertex 40.6696 21.1111 2.5
      vertex 40.7632 20.985 5.2
      vertex 40.7632 20.985 2.5
    endloop
  endfacet
  facet normal 0.904023 0.427484 0
    outer loop
      vertex 40.5889 21.2458 5.2
      vertex 40.5218 21.3877 2.5
      vertex 40.5218 21.3877 5.2
    endloop
  endfacet
  facet normal 0.904023 0.427484 0
    outer loop
      vertex 40.5218 21.3877 2.5
      vertex 40.5889 21.2458 5.2
      vertex 40.5889 21.2458 2.5
    endloop
  endfacet
  facet normal -0.049048 -0.998796 0
    outer loop
      vertex 42 23.6 2.5
      vertex 42.1568 23.5923 5.2
      vertex 42 23.6 5.2
    endloop
  endfacet
  facet normal -0.049048 -0.998796 -0
    outer loop
      vertex 42.1568 23.5923 5.2
      vertex 42 23.6 2.5
      vertex 42.1568 23.5923 2.5
    endloop
  endfacet
  facet normal 0.049048 -0.998796 0
    outer loop
      vertex 41.8432 23.5923 2.5
      vertex 42 23.6 5.2
      vertex 41.8432 23.5923 5.2
    endloop
  endfacet
  facet normal 0.049048 -0.998796 0
    outer loop
      vertex 42 23.6 5.2
      vertex 41.8432 23.5923 2.5
      vertex 42 23.6 2.5
    endloop
  endfacet
  facet normal 0.427484 0.904023 -0
    outer loop
      vertex 41.3877 20.5218 2.5
      vertex 41.2458 20.5889 5.2
      vertex 41.3877 20.5218 5.2
    endloop
  endfacet
  facet normal 0.427484 0.904023 0
    outer loop
      vertex 41.2458 20.5889 5.2
      vertex 41.3877 20.5218 2.5
      vertex 41.2458 20.5889 2.5
    endloop
  endfacet
  facet normal 0.146502 -0.98921 0
    outer loop
      vertex 41.6879 23.5693 2.5
      vertex 41.8432 23.5923 5.2
      vertex 41.6879 23.5693 5.2
    endloop
  endfacet
  facet normal 0.146502 -0.98921 0
    outer loop
      vertex 41.8432 23.5923 5.2
      vertex 41.6879 23.5693 2.5
      vertex 41.8432 23.5923 2.5
    endloop
  endfacet
  facet normal 0.98921 0.146502 0
    outer loop
      vertex 40.4307 21.6879 5.2
      vertex 40.4077 21.8432 2.5
      vertex 40.4077 21.8432 5.2
    endloop
  endfacet
  facet normal 0.98921 0.146502 0
    outer loop
      vertex 40.4077 21.8432 2.5
      vertex 40.4307 21.6879 5.2
      vertex 40.4307 21.6879 2.5
    endloop
  endfacet
  facet normal -0.336982 0.941511 0
    outer loop
      vertex 42.6123 20.5218 2.5
      vertex 42.4645 20.4689 5.2
      vertex 42.6123 20.5218 5.2
    endloop
  endfacet
  facet normal -0.336982 0.941511 0
    outer loop
      vertex 42.4645 20.4689 5.2
      vertex 42.6123 20.5218 2.5
      vertex 42.4645 20.4689 2.5
    endloop
  endfacet
  facet normal -0.243135 0.969993 0
    outer loop
      vertex 42.4645 20.4689 2.5
      vertex 42.3121 20.4307 5.2
      vertex 42.4645 20.4689 5.2
    endloop
  endfacet
  facet normal -0.243135 0.969993 0
    outer loop
      vertex 42.3121 20.4307 5.2
      vertex 42.4645 20.4689 2.5
      vertex 42.3121 20.4307 2.5
    endloop
  endfacet
  facet normal 0.904023 -0.427484 0
    outer loop
      vertex 40.5218 22.6123 5.2
      vertex 40.5889 22.7542 2.5
      vertex 40.5889 22.7542 5.2
    endloop
  endfacet
  facet normal 0.904023 -0.427484 0
    outer loop
      vertex 40.5889 22.7542 2.5
      vertex 40.5218 22.6123 5.2
      vertex 40.5218 22.6123 2.5
    endloop
  endfacet
  facet normal 0.741264 0.671213 0
    outer loop
      vertex 40.8686 20.8686 5.2
      vertex 40.7632 20.985 2.5
      vertex 40.7632 20.985 5.2
    endloop
  endfacet
  facet normal 0.741264 0.671213 0
    outer loop
      vertex 40.7632 20.985 2.5
      vertex 40.8686 20.8686 5.2
      vertex 40.8686 20.8686 2.5
    endloop
  endfacet
  facet normal 0.596019 0.80297 -0
    outer loop
      vertex 41.1111 20.6696 2.5
      vertex 40.985 20.7632 5.2
      vertex 41.1111 20.6696 5.2
    endloop
  endfacet
  facet normal 0.596019 0.80297 0
    outer loop
      vertex 40.985 20.7632 5.2
      vertex 41.1111 20.6696 2.5
      vertex 40.985 20.7632 2.5
    endloop
  endfacet
  facet normal -0.904023 0.427484 0
    outer loop
      vertex 43.4111 21.2458 2.5
      vertex 43.4782 21.3877 5.2
      vertex 43.4782 21.3877 2.5
    endloop
  endfacet
  facet normal -0.904023 0.427484 0
    outer loop
      vertex 43.4782 21.3877 5.2
      vertex 43.4111 21.2458 2.5
      vertex 43.4111 21.2458 5.2
    endloop
  endfacet
  facet normal -0.85783 0.513934 0
    outer loop
      vertex 43.3304 21.1111 2.5
      vertex 43.4111 21.2458 5.2
      vertex 43.4111 21.2458 2.5
    endloop
  endfacet
  facet normal -0.85783 0.513934 0
    outer loop
      vertex 43.4111 21.2458 5.2
      vertex 43.3304 21.1111 2.5
      vertex 43.3304 21.1111 5.2
    endloop
  endfacet
  facet normal 0.741264 -0.671213 0
    outer loop
      vertex 40.7632 23.015 5.2
      vertex 40.8686 23.1314 2.5
      vertex 40.8686 23.1314 5.2
    endloop
  endfacet
  facet normal 0.741264 -0.671213 0
    outer loop
      vertex 40.8686 23.1314 2.5
      vertex 40.7632 23.015 5.2
      vertex 40.7632 23.015 2.5
    endloop
  endfacet
  facet normal 0.049048 0.998796 -0
    outer loop
      vertex 42 20.4 2.5
      vertex 41.8432 20.4077 5.2
      vertex 42 20.4 5.2
    endloop
  endfacet
  facet normal 0.049048 0.998796 0
    outer loop
      vertex 41.8432 20.4077 5.2
      vertex 42 20.4 2.5
      vertex 41.8432 20.4077 2.5
    endloop
  endfacet
  facet normal 0.998796 -0.049048 0
    outer loop
      vertex 40.4 22 5.2
      vertex 40.4077 22.1568 2.5
      vertex 40.4077 22.1568 5.2
    endloop
  endfacet
  facet normal 0.998796 -0.049048 0
    outer loop
      vertex 40.4077 22.1568 2.5
      vertex 40.4 22 5.2
      vertex 40.4 22 2.5
    endloop
  endfacet
  facet normal 0.336982 0.941511 -0
    outer loop
      vertex 41.5355 20.4689 2.5
      vertex 41.3877 20.5218 5.2
      vertex 41.5355 20.4689 5.2
    endloop
  endfacet
  facet normal 0.336982 0.941511 0
    outer loop
      vertex 41.3877 20.5218 5.2
      vertex 41.5355 20.4689 2.5
      vertex 41.3877 20.5218 2.5
    endloop
  endfacet
  facet normal -0.671213 0.741264 0
    outer loop
      vertex 43.1314 20.8686 2.5
      vertex 43.015 20.7632 5.2
      vertex 43.1314 20.8686 5.2
    endloop
  endfacet
  facet normal -0.671213 0.741264 0
    outer loop
      vertex 43.015 20.7632 5.2
      vertex 43.1314 20.8686 2.5
      vertex 43.015 20.7632 2.5
    endloop
  endfacet
  facet normal -0.740908 -0.671607 0
    outer loop
      vertex 44.319 23.9032 0
      vertex 44.1213 24.1213 2.5
      vertex 44.1213 24.1213 0
    endloop
  endfacet
  facet normal -0.740908 -0.671607 0
    outer loop
      vertex 44.1213 24.1213 2.5
      vertex 44.319 23.9032 0
      vertex 44.319 23.9032 2.5
    endloop
  endfacet
  facet normal -0.989174 -0.146746 0
    outer loop
      vertex 44.9856 22.2941 0
      vertex 44.9424 22.5853 2.5
      vertex 44.9424 22.5853 0
    endloop
  endfacet
  facet normal -0.989174 -0.146746 0
    outer loop
      vertex 44.9424 22.5853 2.5
      vertex 44.9856 22.2941 0
      vertex 44.9856 22.2941 2.5
    endloop
  endfacet
  facet normal -0.998803 -0.0489044 0
    outer loop
      vertex 45 22 0
      vertex 44.9856 22.2941 2.5
      vertex 44.9856 22.2941 0
    endloop
  endfacet
  facet normal -0.998803 -0.0489044 0
    outer loop
      vertex 44.9856 22.2941 2.5
      vertex 45 22 0
      vertex 45 22 2.5
    endloop
  endfacet
  facet normal -0.969982 -0.243175 0
    outer loop
      vertex 44.9424 22.5853 0
      vertex 44.8708 22.8709 2.5
      vertex 44.8708 22.8709 0
    endloop
  endfacet
  facet normal -0.969982 -0.243175 0
    outer loop
      vertex 44.8708 22.8709 2.5
      vertex 44.9424 22.5853 0
      vertex 44.9424 22.5853 2.5
    endloop
  endfacet
  facet normal -0.337047 0.941488 0
    outer loop
      vertex 43.148 19.2284 0
      vertex 42.8709 19.1292 2.5
      vertex 43.148 19.2284 2.5
    endloop
  endfacet
  facet normal -0.337047 0.941488 0
    outer loop
      vertex 42.8709 19.1292 2.5
      vertex 43.148 19.2284 0
      vertex 42.8709 19.1292 0
    endloop
  endfacet
  facet normal -0.857643 -0.514246 0
    outer loop
      vertex 44.6458 23.4142 0
      vertex 44.4944 23.6667 2.5
      vertex 44.4944 23.6667 0
    endloop
  endfacet
  facet normal -0.857643 -0.514246 0
    outer loop
      vertex 44.4944 23.6667 2.5
      vertex 44.6458 23.4142 0
      vertex 44.6458 23.4142 2.5
    endloop
  endfacet
  facet normal -0.941488 -0.337047 0
    outer loop
      vertex 44.8708 22.8709 0
      vertex 44.7716 23.148 2.5
      vertex 44.7716 23.148 0
    endloop
  endfacet
  facet normal -0.941488 -0.337047 0
    outer loop
      vertex 44.7716 23.148 2.5
      vertex 44.8708 22.8709 0
      vertex 44.8708 22.8709 2.5
    endloop
  endfacet
  facet normal -0.243175 -0.969982 0
    outer loop
      vertex 42.5853 24.9424 0
      vertex 42.8709 24.8708 2.5
      vertex 42.5853 24.9424 2.5
    endloop
  endfacet
  facet normal -0.243175 -0.969982 -0
    outer loop
      vertex 42.8709 24.8708 2.5
      vertex 42.5853 24.9424 0
      vertex 42.8709 24.8708 0
    endloop
  endfacet
  facet normal 0.740908 -0.671607 0
    outer loop
      vertex 39.681 23.9032 2.5
      vertex 39.8787 24.1213 0
      vertex 39.8787 24.1213 2.5
    endloop
  endfacet
  facet normal 0.740908 -0.671607 0
    outer loop
      vertex 39.8787 24.1213 0
      vertex 39.681 23.9032 2.5
      vertex 39.681 23.9032 0
    endloop
  endfacet
  facet normal -0.0489044 0.998803 0
    outer loop
      vertex 42.2941 19.0144 0
      vertex 42 19 2.5
      vertex 42.2941 19.0144 2.5
    endloop
  endfacet
  facet normal -0.0489044 0.998803 0
    outer loop
      vertex 42 19 2.5
      vertex 42.2941 19.0144 0
      vertex 42 19 0
    endloop
  endfacet
  facet normal -0.427269 -0.904125 0
    outer loop
      vertex 43.148 24.7716 0
      vertex 43.4142 24.6458 2.5
      vertex 43.148 24.7716 2.5
    endloop
  endfacet
  facet normal -0.427269 -0.904125 -0
    outer loop
      vertex 43.4142 24.6458 2.5
      vertex 43.148 24.7716 0
      vertex 43.4142 24.6458 0
    endloop
  endfacet
  facet normal -0.671607 -0.740908 0
    outer loop
      vertex 43.9032 24.319 0
      vertex 44.1213 24.1213 2.5
      vertex 43.9032 24.319 2.5
    endloop
  endfacet
  facet normal -0.671607 -0.740908 -0
    outer loop
      vertex 44.1213 24.1213 2.5
      vertex 43.9032 24.319 0
      vertex 44.1213 24.1213 0
    endloop
  endfacet
  facet normal 0.595699 0.803208 -0
    outer loop
      vertex 40.3333 19.5056 0
      vertex 40.0968 19.681 2.5
      vertex 40.3333 19.5056 2.5
    endloop
  endfacet
  facet normal 0.595699 0.803208 0
    outer loop
      vertex 40.0968 19.681 2.5
      vertex 40.3333 19.5056 0
      vertex 40.0968 19.681 0
    endloop
  endfacet
  facet normal -0.243175 0.969982 0
    outer loop
      vertex 42.8709 19.1292 0
      vertex 42.5853 19.0576 2.5
      vertex 42.8709 19.1292 2.5
    endloop
  endfacet
  facet normal -0.243175 0.969982 0
    outer loop
      vertex 42.5853 19.0576 2.5
      vertex 42.8709 19.1292 0
      vertex 42.5853 19.0576 0
    endloop
  endfacet
  facet normal -0.989174 0.146746 0
    outer loop
      vertex 44.9424 21.4147 0
      vertex 44.9856 21.7059 2.5
      vertex 44.9856 21.7059 0
    endloop
  endfacet
  facet normal -0.989174 0.146746 0
    outer loop
      vertex 44.9856 21.7059 2.5
      vertex 44.9424 21.4147 0
      vertex 44.9424 21.4147 2.5
    endloop
  endfacet
  facet normal -0.514246 0.857643 0
    outer loop
      vertex 43.6667 19.5056 0
      vertex 43.4142 19.3542 2.5
      vertex 43.6667 19.5056 2.5
    endloop
  endfacet
  facet normal -0.514246 0.857643 0
    outer loop
      vertex 43.4142 19.3542 2.5
      vertex 43.6667 19.5056 0
      vertex 43.4142 19.3542 0
    endloop
  endfacet
  facet normal 0.243175 0.969982 -0
    outer loop
      vertex 41.4147 19.0576 0
      vertex 41.1291 19.1292 2.5
      vertex 41.4147 19.0576 2.5
    endloop
  endfacet
  facet normal 0.243175 0.969982 0
    outer loop
      vertex 41.1291 19.1292 2.5
      vertex 41.4147 19.0576 0
      vertex 41.1291 19.1292 0
    endloop
  endfacet
  facet normal 0.595699 -0.803208 0
    outer loop
      vertex 40.0968 24.319 0
      vertex 40.3333 24.4944 2.5
      vertex 40.0968 24.319 2.5
    endloop
  endfacet
  facet normal 0.595699 -0.803208 0
    outer loop
      vertex 40.3333 24.4944 2.5
      vertex 40.0968 24.319 0
      vertex 40.3333 24.4944 0
    endloop
  endfacet
  facet normal 0.998803 0.0489044 0
    outer loop
      vertex 39.0144 21.7059 2.5
      vertex 39 22 0
      vertex 39 22 2.5
    endloop
  endfacet
  facet normal 0.998803 0.0489044 0
    outer loop
      vertex 39 22 0
      vertex 39.0144 21.7059 2.5
      vertex 39.0144 21.7059 0
    endloop
  endfacet
  facet normal 0.969982 0.243175 0
    outer loop
      vertex 39.1292 21.1291 2.5
      vertex 39.0576 21.4147 0
      vertex 39.0576 21.4147 2.5
    endloop
  endfacet
  facet normal 0.969982 0.243175 0
    outer loop
      vertex 39.0576 21.4147 0
      vertex 39.1292 21.1291 2.5
      vertex 39.1292 21.1291 0
    endloop
  endfacet
  facet normal -0.969982 0.243175 0
    outer loop
      vertex 44.8708 21.1291 0
      vertex 44.9424 21.4147 2.5
      vertex 44.9424 21.4147 0
    endloop
  endfacet
  facet normal -0.969982 0.243175 0
    outer loop
      vertex 44.9424 21.4147 2.5
      vertex 44.8708 21.1291 0
      vertex 44.8708 21.1291 2.5
    endloop
  endfacet
  facet normal 0.514246 -0.857643 0
    outer loop
      vertex 40.3333 24.4944 0
      vertex 40.5858 24.6458 2.5
      vertex 40.3333 24.4944 2.5
    endloop
  endfacet
  facet normal 0.514246 -0.857643 0
    outer loop
      vertex 40.5858 24.6458 2.5
      vertex 40.3333 24.4944 0
      vertex 40.5858 24.6458 0
    endloop
  endfacet
  facet normal -0.595699 -0.803208 0
    outer loop
      vertex 43.6667 24.4944 0
      vertex 43.9032 24.319 2.5
      vertex 43.6667 24.4944 2.5
    endloop
  endfacet
  facet normal -0.595699 -0.803208 -0
    outer loop
      vertex 43.9032 24.319 2.5
      vertex 43.6667 24.4944 0
      vertex 43.9032 24.319 0
    endloop
  endfacet
  facet normal 0.904125 0.427269 0
    outer loop
      vertex 39.3542 20.5858 2.5
      vertex 39.2284 20.852 0
      vertex 39.2284 20.852 2.5
    endloop
  endfacet
  facet normal 0.904125 0.427269 0
    outer loop
      vertex 39.2284 20.852 0
      vertex 39.3542 20.5858 2.5
      vertex 39.3542 20.5858 0
    endloop
  endfacet
  facet normal -0.941488 0.337047 0
    outer loop
      vertex 44.7716 20.852 0
      vertex 44.8708 21.1291 2.5
      vertex 44.8708 21.1291 0
    endloop
  endfacet
  facet normal -0.941488 0.337047 0
    outer loop
      vertex 44.8708 21.1291 2.5
      vertex 44.7716 20.852 0
      vertex 44.7716 20.852 2.5
    endloop
  endfacet
  facet normal -0.146746 -0.989174 0
    outer loop
      vertex 42.2941 24.9856 0
      vertex 42.5853 24.9424 2.5
      vertex 42.2941 24.9856 2.5
    endloop
  endfacet
  facet normal -0.146746 -0.989174 -0
    outer loop
      vertex 42.5853 24.9424 2.5
      vertex 42.2941 24.9856 0
      vertex 42.5853 24.9424 0
    endloop
  endfacet
  facet normal 0.427269 -0.904125 0
    outer loop
      vertex 40.5858 24.6458 0
      vertex 40.852 24.7716 2.5
      vertex 40.5858 24.6458 2.5
    endloop
  endfacet
  facet normal 0.427269 -0.904125 0
    outer loop
      vertex 40.852 24.7716 2.5
      vertex 40.5858 24.6458 0
      vertex 40.852 24.7716 0
    endloop
  endfacet
  facet normal -0.514246 -0.857643 0
    outer loop
      vertex 43.4142 24.6458 0
      vertex 43.6667 24.4944 2.5
      vertex 43.4142 24.6458 2.5
    endloop
  endfacet
  facet normal -0.514246 -0.857643 -0
    outer loop
      vertex 43.6667 24.4944 2.5
      vertex 43.4142 24.6458 0
      vertex 43.6667 24.4944 0
    endloop
  endfacet
  facet normal -0.427269 0.904125 0
    outer loop
      vertex 43.4142 19.3542 0
      vertex 43.148 19.2284 2.5
      vertex 43.4142 19.3542 2.5
    endloop
  endfacet
  facet normal -0.427269 0.904125 0
    outer loop
      vertex 43.148 19.2284 2.5
      vertex 43.4142 19.3542 0
      vertex 43.148 19.2284 0
    endloop
  endfacet
  facet normal 0.941488 0.337047 0
    outer loop
      vertex 39.2284 20.852 2.5
      vertex 39.1292 21.1291 0
      vertex 39.1292 21.1291 2.5
    endloop
  endfacet
  facet normal 0.941488 0.337047 0
    outer loop
      vertex 39.1292 21.1291 0
      vertex 39.2284 20.852 2.5
      vertex 39.2284 20.852 0
    endloop
  endfacet
  facet normal -0.857643 0.514246 0
    outer loop
      vertex 44.4944 20.3333 0
      vertex 44.6458 20.5858 2.5
      vertex 44.6458 20.5858 0
    endloop
  endfacet
  facet normal -0.857643 0.514246 0
    outer loop
      vertex 44.6458 20.5858 2.5
      vertex 44.4944 20.3333 0
      vertex 44.4944 20.3333 2.5
    endloop
  endfacet
  facet normal -0.904125 0.427269 0
    outer loop
      vertex 44.6458 20.5858 0
      vertex 44.7716 20.852 2.5
      vertex 44.7716 20.852 0
    endloop
  endfacet
  facet normal -0.904125 0.427269 0
    outer loop
      vertex 44.7716 20.852 2.5
      vertex 44.6458 20.5858 0
      vertex 44.6458 20.5858 2.5
    endloop
  endfacet
  facet normal -0.998803 0.0489044 0
    outer loop
      vertex 44.9856 21.7059 0
      vertex 45 22 2.5
      vertex 45 22 0
    endloop
  endfacet
  facet normal -0.998803 0.0489044 0
    outer loop
      vertex 45 22 2.5
      vertex 44.9856 21.7059 0
      vertex 44.9856 21.7059 2.5
    endloop
  endfacet
  facet normal 0.146746 -0.989174 0
    outer loop
      vertex 41.4147 24.9424 0
      vertex 41.7059 24.9856 2.5
      vertex 41.4147 24.9424 2.5
    endloop
  endfacet
  facet normal 0.146746 -0.989174 0
    outer loop
      vertex 41.7059 24.9856 2.5
      vertex 41.4147 24.9424 0
      vertex 41.7059 24.9856 0
    endloop
  endfacet
  facet normal -0.146746 0.989174 0
    outer loop
      vertex 42.5853 19.0576 0
      vertex 42.2941 19.0144 2.5
      vertex 42.5853 19.0576 2.5
    endloop
  endfacet
  facet normal -0.146746 0.989174 0
    outer loop
      vertex 42.2941 19.0144 2.5
      vertex 42.5853 19.0576 0
      vertex 42.2941 19.0144 0
    endloop
  endfacet
  facet normal -0.740908 0.671607 0
    outer loop
      vertex 44.1213 19.8787 0
      vertex 44.319 20.0968 2.5
      vertex 44.319 20.0968 0
    endloop
  endfacet
  facet normal -0.740908 0.671607 0
    outer loop
      vertex 44.319 20.0968 2.5
      vertex 44.1213 19.8787 0
      vertex 44.1213 19.8787 2.5
    endloop
  endfacet
  facet normal -0.803208 0.595699 0
    outer loop
      vertex 44.319 20.0968 0
      vertex 44.4944 20.3333 2.5
      vertex 44.4944 20.3333 0
    endloop
  endfacet
  facet normal -0.803208 0.595699 0
    outer loop
      vertex 44.4944 20.3333 2.5
      vertex 44.319 20.0968 0
      vertex 44.319 20.0968 2.5
    endloop
  endfacet
  facet normal 0.243175 -0.969982 0
    outer loop
      vertex 41.1291 24.8708 0
      vertex 41.4147 24.9424 2.5
      vertex 41.1291 24.8708 2.5
    endloop
  endfacet
  facet normal 0.243175 -0.969982 0
    outer loop
      vertex 41.4147 24.9424 2.5
      vertex 41.1291 24.8708 0
      vertex 41.4147 24.9424 0
    endloop
  endfacet
  facet normal -0.803208 -0.595699 0
    outer loop
      vertex 44.4944 23.6667 0
      vertex 44.319 23.9032 2.5
      vertex 44.319 23.9032 0
    endloop
  endfacet
  facet normal -0.803208 -0.595699 0
    outer loop
      vertex 44.319 23.9032 2.5
      vertex 44.4944 23.6667 0
      vertex 44.4944 23.6667 2.5
    endloop
  endfacet
  facet normal -0.0489044 -0.998803 0
    outer loop
      vertex 42 25 0
      vertex 42.2941 24.9856 2.5
      vertex 42 25 2.5
    endloop
  endfacet
  facet normal -0.0489044 -0.998803 -0
    outer loop
      vertex 42.2941 24.9856 2.5
      vertex 42 25 0
      vertex 42.2941 24.9856 0
    endloop
  endfacet
  facet normal -0.904125 -0.427269 0
    outer loop
      vertex 44.7716 23.148 0
      vertex 44.6458 23.4142 2.5
      vertex 44.6458 23.4142 0
    endloop
  endfacet
  facet normal -0.904125 -0.427269 0
    outer loop
      vertex 44.6458 23.4142 2.5
      vertex 44.7716 23.148 0
      vertex 44.7716 23.148 2.5
    endloop
  endfacet
  facet normal 0.857643 -0.514246 0
    outer loop
      vertex 39.3542 23.4142 2.5
      vertex 39.5056 23.6667 0
      vertex 39.5056 23.6667 2.5
    endloop
  endfacet
  facet normal 0.857643 -0.514246 0
    outer loop
      vertex 39.5056 23.6667 0
      vertex 39.3542 23.4142 2.5
      vertex 39.3542 23.4142 0
    endloop
  endfacet
  facet normal 0.671607 -0.740908 0
    outer loop
      vertex 39.8787 24.1213 0
      vertex 40.0968 24.319 2.5
      vertex 39.8787 24.1213 2.5
    endloop
  endfacet
  facet normal 0.671607 -0.740908 0
    outer loop
      vertex 40.0968 24.319 2.5
      vertex 39.8787 24.1213 0
      vertex 40.0968 24.319 0
    endloop
  endfacet
  facet normal 0.857643 0.514246 0
    outer loop
      vertex 39.5056 20.3333 2.5
      vertex 39.3542 20.5858 0
      vertex 39.3542 20.5858 2.5
    endloop
  endfacet
  facet normal 0.857643 0.514246 0
    outer loop
      vertex 39.3542 20.5858 0
      vertex 39.5056 20.3333 2.5
      vertex 39.5056 20.3333 0
    endloop
  endfacet
  facet normal 0.427269 0.904125 -0
    outer loop
      vertex 40.852 19.2284 0
      vertex 40.5858 19.3542 2.5
      vertex 40.852 19.2284 2.5
    endloop
  endfacet
  facet normal 0.427269 0.904125 0
    outer loop
      vertex 40.5858 19.3542 2.5
      vertex 40.852 19.2284 0
      vertex 40.5858 19.3542 0
    endloop
  endfacet
  facet normal 0.740908 0.671607 0
    outer loop
      vertex 39.8787 19.8787 2.5
      vertex 39.681 20.0968 0
      vertex 39.681 20.0968 2.5
    endloop
  endfacet
  facet normal 0.740908 0.671607 0
    outer loop
      vertex 39.681 20.0968 0
      vertex 39.8787 19.8787 2.5
      vertex 39.8787 19.8787 0
    endloop
  endfacet
  facet normal 0.337047 -0.941488 0
    outer loop
      vertex 40.852 24.7716 0
      vertex 41.1291 24.8708 2.5
      vertex 40.852 24.7716 2.5
    endloop
  endfacet
  facet normal 0.337047 -0.941488 0
    outer loop
      vertex 41.1291 24.8708 2.5
      vertex 40.852 24.7716 0
      vertex 41.1291 24.8708 0
    endloop
  endfacet
  facet normal 0.514246 0.857643 -0
    outer loop
      vertex 40.5858 19.3542 0
      vertex 40.3333 19.5056 2.5
      vertex 40.5858 19.3542 2.5
    endloop
  endfacet
  facet normal 0.514246 0.857643 0
    outer loop
      vertex 40.3333 19.5056 2.5
      vertex 40.5858 19.3542 0
      vertex 40.3333 19.5056 0
    endloop
  endfacet
  facet normal -0.595699 0.803208 0
    outer loop
      vertex 43.9032 19.681 0
      vertex 43.6667 19.5056 2.5
      vertex 43.9032 19.681 2.5
    endloop
  endfacet
  facet normal -0.595699 0.803208 0
    outer loop
      vertex 43.6667 19.5056 2.5
      vertex 43.9032 19.681 0
      vertex 43.6667 19.5056 0
    endloop
  endfacet
  facet normal 0.0489044 -0.998803 0
    outer loop
      vertex 41.7059 24.9856 0
      vertex 42 25 2.5
      vertex 41.7059 24.9856 2.5
    endloop
  endfacet
  facet normal 0.0489044 -0.998803 0
    outer loop
      vertex 42 25 2.5
      vertex 41.7059 24.9856 0
      vertex 42 25 0
    endloop
  endfacet
  facet normal 0.941488 -0.337047 0
    outer loop
      vertex 39.1292 22.8709 2.5
      vertex 39.2284 23.148 0
      vertex 39.2284 23.148 2.5
    endloop
  endfacet
  facet normal 0.941488 -0.337047 0
    outer loop
      vertex 39.2284 23.148 0
      vertex 39.1292 22.8709 2.5
      vertex 39.1292 22.8709 0
    endloop
  endfacet
  facet normal 0.989174 0.146746 0
    outer loop
      vertex 39.0576 21.4147 2.5
      vertex 39.0144 21.7059 0
      vertex 39.0144 21.7059 2.5
    endloop
  endfacet
  facet normal 0.989174 0.146746 0
    outer loop
      vertex 39.0144 21.7059 0
      vertex 39.0576 21.4147 2.5
      vertex 39.0576 21.4147 0
    endloop
  endfacet
  facet normal -0.337047 -0.941488 0
    outer loop
      vertex 42.8709 24.8708 0
      vertex 43.148 24.7716 2.5
      vertex 42.8709 24.8708 2.5
    endloop
  endfacet
  facet normal -0.337047 -0.941488 -0
    outer loop
      vertex 43.148 24.7716 2.5
      vertex 42.8709 24.8708 0
      vertex 43.148 24.7716 0
    endloop
  endfacet
  facet normal 0.803208 0.595699 0
    outer loop
      vertex 39.681 20.0968 2.5
      vertex 39.5056 20.3333 0
      vertex 39.5056 20.3333 2.5
    endloop
  endfacet
  facet normal 0.803208 0.595699 0
    outer loop
      vertex 39.5056 20.3333 0
      vertex 39.681 20.0968 2.5
      vertex 39.681 20.0968 0
    endloop
  endfacet
  facet normal 0.969982 -0.243175 0
    outer loop
      vertex 39.0576 22.5853 2.5
      vertex 39.1292 22.8709 0
      vertex 39.1292 22.8709 2.5
    endloop
  endfacet
  facet normal 0.969982 -0.243175 0
    outer loop
      vertex 39.1292 22.8709 0
      vertex 39.0576 22.5853 2.5
      vertex 39.0576 22.5853 0
    endloop
  endfacet
  facet normal 0.904125 -0.427269 0
    outer loop
      vertex 39.2284 23.148 2.5
      vertex 39.3542 23.4142 0
      vertex 39.3542 23.4142 2.5
    endloop
  endfacet
  facet normal 0.904125 -0.427269 0
    outer loop
      vertex 39.3542 23.4142 0
      vertex 39.2284 23.148 2.5
      vertex 39.2284 23.148 0
    endloop
  endfacet
  facet normal 0.671607 0.740908 -0
    outer loop
      vertex 40.0968 19.681 0
      vertex 39.8787 19.8787 2.5
      vertex 40.0968 19.681 2.5
    endloop
  endfacet
  facet normal 0.671607 0.740908 0
    outer loop
      vertex 39.8787 19.8787 2.5
      vertex 40.0968 19.681 0
      vertex 39.8787 19.8787 0
    endloop
  endfacet
  facet normal 0.803208 -0.595699 0
    outer loop
      vertex 39.5056 23.6667 2.5
      vertex 39.681 23.9032 0
      vertex 39.681 23.9032 2.5
    endloop
  endfacet
  facet normal 0.803208 -0.595699 0
    outer loop
      vertex 39.681 23.9032 0
      vertex 39.5056 23.6667 2.5
      vertex 39.5056 23.6667 0
    endloop
  endfacet
  facet normal 0.0489044 0.998803 -0
    outer loop
      vertex 42 19 0
      vertex 41.7059 19.0144 2.5
      vertex 42 19 2.5
    endloop
  endfacet
  facet normal 0.0489044 0.998803 0
    outer loop
      vertex 41.7059 19.0144 2.5
      vertex 42 19 0
      vertex 41.7059 19.0144 0
    endloop
  endfacet
  facet normal 0.146746 0.989174 -0
    outer loop
      vertex 41.7059 19.0144 0
      vertex 41.4147 19.0576 2.5
      vertex 41.7059 19.0144 2.5
    endloop
  endfacet
  facet normal 0.146746 0.989174 0
    outer loop
      vertex 41.4147 19.0576 2.5
      vertex 41.7059 19.0144 0
      vertex 41.4147 19.0576 0
    endloop
  endfacet
  facet normal 0.989174 -0.146746 0
    outer loop
      vertex 39.0144 22.2941 2.5
      vertex 39.0576 22.5853 0
      vertex 39.0576 22.5853 2.5
    endloop
  endfacet
  facet normal 0.989174 -0.146746 0
    outer loop
      vertex 39.0576 22.5853 0
      vertex 39.0144 22.2941 2.5
      vertex 39.0144 22.2941 0
    endloop
  endfacet
  facet normal 0.998803 -0.0489044 0
    outer loop
      vertex 39 22 2.5
      vertex 39.0144 22.2941 0
      vertex 39.0144 22.2941 2.5
    endloop
  endfacet
  facet normal 0.998803 -0.0489044 0
    outer loop
      vertex 39.0144 22.2941 0
      vertex 39 22 2.5
      vertex 39 22 0
    endloop
  endfacet
  facet normal 0.337047 0.941488 -0
    outer loop
      vertex 41.1291 19.1292 0
      vertex 40.852 19.2284 2.5
      vertex 41.1291 19.1292 2.5
    endloop
  endfacet
  facet normal 0.337047 0.941488 0
    outer loop
      vertex 40.852 19.2284 2.5
      vertex 41.1291 19.1292 0
      vertex 40.852 19.2284 0
    endloop
  endfacet
  facet normal -0.671607 0.740908 0
    outer loop
      vertex 44.1213 19.8787 0
      vertex 43.9032 19.681 2.5
      vertex 44.1213 19.8787 2.5
    endloop
  endfacet
  facet normal -0.671607 0.740908 0
    outer loop
      vertex 43.9032 19.681 2.5
      vertex 44.1213 19.8787 0
      vertex 43.9032 19.681 0
    endloop
  endfacet
  facet normal 0 0 -1
    outer loop
      vertex 43.6 22 2.5
      vertex 45 22 2.5
      vertex 44.9856 21.7059 2.5
    endloop
  endfacet
  facet normal 0 0 -1
    outer loop
      vertex 43.5923 21.8432 2.5
      vertex 44.9856 21.7059 2.5
      vertex 44.9424 21.4147 2.5
    endloop
  endfacet
  facet normal 0 0 -1
    outer loop
      vertex 45 22 2.5
      vertex 43.6 22 2.5
      vertex 44.9856 22.2941 2.5
    endloop
  endfacet
  facet normal 0 0 -1
    outer loop
      vertex 43.5693 21.6879 2.5
      vertex 44.9424 21.4147 2.5
      vertex 44.8708 21.1291 2.5
    endloop
  endfacet
  facet normal 0 0 -1
    outer loop
      vertex 43.5923 22.1568 2.5
      vertex 44.9856 22.2941 2.5
      vertex 43.6 22 2.5
    endloop
  endfacet
  facet normal 0 0 -1
    outer loop
      vertex 43.5311 21.5355 2.5
      vertex 44.8708 21.1291 2.5
      vertex 44.7716 20.852 2.5
    endloop
  endfacet
  facet normal -0 0 -1
    outer loop
      vertex 44.9856 22.2941 2.5
      vertex 43.5923 22.1568 2.5
      vertex 44.9424 22.5853 2.5
    endloop
  endfacet
  facet normal 0 0 -1
    outer loop
      vertex 43.4782 21.3877 2.5
      vertex 44.7716 20.852 2.5
      vertex 44.6458 20.5858 2.5
    endloop
  endfacet
  facet normal 0 0 -1
    outer loop
      vertex 43.5693 22.3121 2.5
      vertex 44.9424 22.5853 2.5
      vertex 43.5923 22.1568 2.5
    endloop
  endfacet
  facet normal 0 0 -1
    outer loop
      vertex 43.4111 21.2458 2.5
      vertex 44.6458 20.5858 2.5
      vertex 44.4944 20.3333 2.5
    endloop
  endfacet
  facet normal -0 0 -1
    outer loop
      vertex 44.9424 22.5853 2.5
      vertex 43.5693 22.3121 2.5
      vertex 44.8708 22.8709 2.5
    endloop
  endfacet
  facet normal 0 0 -1
    outer loop
      vertex 43.3304 21.1111 2.5
      vertex 44.4944 20.3333 2.5
      vertex 44.319 20.0968 2.5
    endloop
  endfacet
  facet normal 0 0 -1
    outer loop
      vertex 43.5311 22.4645 2.5
      vertex 44.8708 22.8709 2.5
      vertex 43.5693 22.3121 2.5
    endloop
  endfacet
  facet normal 0 0 -1
    outer loop
      vertex 43.2368 20.985 2.5
      vertex 44.319 20.0968 2.5
      vertex 44.1213 19.8787 2.5
    endloop
  endfacet
  facet normal -0 0 -1
    outer loop
      vertex 44.8708 22.8709 2.5
      vertex 43.5311 22.4645 2.5
      vertex 44.7716 23.148 2.5
    endloop
  endfacet
  facet normal 0 0 -1
    outer loop
      vertex 43.1314 20.8686 2.5
      vertex 44.1213 19.8787 2.5
      vertex 43.9032 19.681 2.5
    endloop
  endfacet
  facet normal 0 0 -1
    outer loop
      vertex 43.4782 22.6123 2.5
      vertex 44.7716 23.148 2.5
      vertex 43.5311 22.4645 2.5
    endloop
  endfacet
  facet normal 0 0 -1
    outer loop
      vertex 43.015 20.7632 2.5
      vertex 43.9032 19.681 2.5
      vertex 43.6667 19.5056 2.5
    endloop
  endfacet
  facet normal -0 0 -1
    outer loop
      vertex 44.7716 23.148 2.5
      vertex 43.4782 22.6123 2.5
      vertex 44.6458 23.4142 2.5
    endloop
  endfacet
  facet normal 0 0 -1
    outer loop
      vertex 43.4111 22.7542 2.5
      vertex 44.6458 23.4142 2.5
      vertex 43.4782 22.6123 2.5
    endloop
  endfacet
  facet normal 0 0 -1
    outer loop
      vertex 44.9856 21.7059 2.5
      vertex 43.5923 21.8432 2.5
      vertex 43.6 22 2.5
    endloop
  endfacet
  facet normal 0 0 -1
    outer loop
      vertex 44.9424 21.4147 2.5
      vertex 43.5693 21.6879 2.5
      vertex 43.5923 21.8432 2.5
    endloop
  endfacet
  facet normal 0 0 -1
    outer loop
      vertex 44.8708 21.1291 2.5
      vertex 43.5311 21.5355 2.5
      vertex 43.5693 21.6879 2.5
    endloop
  endfacet
  facet normal 0 0 -1
    outer loop
      vertex 44.7716 20.852 2.5
      vertex 43.4782 21.3877 2.5
      vertex 43.5311 21.5355 2.5
    endloop
  endfacet
  facet normal 0 0 -1
    outer loop
      vertex 42.8889 20.6696 2.5
      vertex 43.6667 19.5056 2.5
      vertex 43.4142 19.3542 2.5
    endloop
  endfacet
  facet normal 0 0 -1
    outer loop
      vertex 44.6458 20.5858 2.5
      vertex 43.4111 21.2458 2.5
      vertex 43.4782 21.3877 2.5
    endloop
  endfacet
  facet normal 0 0 -1
    outer loop
      vertex 44.4944 20.3333 2.5
      vertex 43.3304 21.1111 2.5
      vertex 43.4111 21.2458 2.5
    endloop
  endfacet
  facet normal 0 0 -1
    outer loop
      vertex 44.319 20.0968 2.5
      vertex 43.2368 20.985 2.5
      vertex 43.3304 21.1111 2.5
    endloop
  endfacet
  facet normal 0 0 -1
    outer loop
      vertex 42.7542 20.5889 2.5
      vertex 43.4142 19.3542 2.5
      vertex 43.148 19.2284 2.5
    endloop
  endfacet
  facet normal 0 0 -1
    outer loop
      vertex 44.1213 19.8787 2.5
      vertex 43.1314 20.8686 2.5
      vertex 43.2368 20.985 2.5
    endloop
  endfacet
  facet normal 0 0 -1
    outer loop
      vertex 43.9032 19.681 2.5
      vertex 43.015 20.7632 2.5
      vertex 43.1314 20.8686 2.5
    endloop
  endfacet
  facet normal 0 0 -1
    outer loop
      vertex 43.6667 19.5056 2.5
      vertex 42.8889 20.6696 2.5
      vertex 43.015 20.7632 2.5
    endloop
  endfacet
  facet normal 0 0 -1
    outer loop
      vertex 42.6123 20.5218 2.5
      vertex 43.148 19.2284 2.5
      vertex 42.8709 19.1292 2.5
    endloop
  endfacet
  facet normal 0 0 -1
    outer loop
      vertex 43.4142 19.3542 2.5
      vertex 42.7542 20.5889 2.5
      vertex 42.8889 20.6696 2.5
    endloop
  endfacet
  facet normal 0 0 -1
    outer loop
      vertex 43.148 19.2284 2.5
      vertex 42.6123 20.5218 2.5
      vertex 42.7542 20.5889 2.5
    endloop
  endfacet
  facet normal 0 0 -1
    outer loop
      vertex 42.4645 20.4689 2.5
      vertex 42.8709 19.1292 2.5
      vertex 42.5853 19.0576 2.5
    endloop
  endfacet
  facet normal 0 0 -1
    outer loop
      vertex 42.8709 19.1292 2.5
      vertex 42.4645 20.4689 2.5
      vertex 42.6123 20.5218 2.5
    endloop
  endfacet
  facet normal 0 0 -1
    outer loop
      vertex 42.5853 19.0576 2.5
      vertex 42.3121 20.4307 2.5
      vertex 42.4645 20.4689 2.5
    endloop
  endfacet
  facet normal 0 0 -1
    outer loop
      vertex 42.2941 19.0144 2.5
      vertex 42.3121 20.4307 2.5
      vertex 42.5853 19.0576 2.5
    endloop
  endfacet
  facet normal 0 0 -1
    outer loop
      vertex 42.2941 19.0144 2.5
      vertex 42.1568 20.4077 2.5
      vertex 42.3121 20.4307 2.5
    endloop
  endfacet
  facet normal 0 0 -1
    outer loop
      vertex 42 19 2.5
      vertex 42.1568 20.4077 2.5
      vertex 42.2941 19.0144 2.5
    endloop
  endfacet
  facet normal 0 0 -1
    outer loop
      vertex 42 19 2.5
      vertex 42 20.4 2.5
      vertex 42.1568 20.4077 2.5
    endloop
  endfacet
  facet normal 0 0 -1
    outer loop
      vertex 42 19 2.5
      vertex 41.8432 20.4077 2.5
      vertex 42 20.4 2.5
    endloop
  endfacet
  facet normal 0 0 -1
    outer loop
      vertex 41.7059 19.0144 2.5
      vertex 41.8432 20.4077 2.5
      vertex 42 19 2.5
    endloop
  endfacet
  facet normal 0 0 -1
    outer loop
      vertex 41.7059 19.0144 2.5
      vertex 41.6879 20.4307 2.5
      vertex 41.8432 20.4077 2.5
    endloop
  endfacet
  facet normal 0 0 -1
    outer loop
      vertex 41.4147 19.0576 2.5
      vertex 41.6879 20.4307 2.5
      vertex 41.7059 19.0144 2.5
    endloop
  endfacet
  facet normal -0 0 -1
    outer loop
      vertex 41.6879 20.4307 2.5
      vertex 41.4147 19.0576 2.5
      vertex 41.5355 20.4689 2.5
    endloop
  endfacet
  facet normal 0 0 -1
    outer loop
      vertex 41.1291 19.1292 2.5
      vertex 41.5355 20.4689 2.5
      vertex 41.4147 19.0576 2.5
    endloop
  endfacet
  facet normal -0 0 -1
    outer loop
      vertex 41.5355 20.4689 2.5
      vertex 41.1291 19.1292 2.5
      vertex 41.3877 20.5218 2.5
    endloop
  endfacet
  facet normal 0 0 -1
    outer loop
      vertex 40.852 19.2284 2.5
      vertex 41.3877 20.5218 2.5
      vertex 41.1291 19.1292 2.5
    endloop
  endfacet
  facet normal -0 0 -1
    outer loop
      vertex 41.3877 20.5218 2.5
      vertex 40.852 19.2284 2.5
      vertex 41.2458 20.5889 2.5
    endloop
  endfacet
  facet normal 0 0 -1
    outer loop
      vertex 40.5858 19.3542 2.5
      vertex 41.2458 20.5889 2.5
      vertex 40.852 19.2284 2.5
    endloop
  endfacet
  facet normal -0 0 -1
    outer loop
      vertex 41.2458 20.5889 2.5
      vertex 40.5858 19.3542 2.5
      vertex 41.1111 20.6696 2.5
    endloop
  endfacet
  facet normal 0 0 -1
    outer loop
      vertex 40.3333 19.5056 2.5
      vertex 41.1111 20.6696 2.5
      vertex 40.5858 19.3542 2.5
    endloop
  endfacet
  facet normal -0 0 -1
    outer loop
      vertex 41.1111 20.6696 2.5
      vertex 40.3333 19.5056 2.5
      vertex 40.985 20.7632 2.5
    endloop
  endfacet
  facet normal 0 0 -1
    outer loop
      vertex 40.0968 19.681 2.5
      vertex 40.985 20.7632 2.5
      vertex 40.3333 19.5056 2.5
    endloop
  endfacet
  facet normal -0 0 -1
    outer loop
      vertex 40.985 20.7632 2.5
      vertex 40.0968 19.681 2.5
      vertex 40.8686 20.8686 2.5
    endloop
  endfacet
  facet normal 0 0 -1
    outer loop
      vertex 39.8787 19.8787 2.5
      vertex 40.8686 20.8686 2.5
      vertex 40.0968 19.681 2.5
    endloop
  endfacet
  facet normal -0 0 -1
    outer loop
      vertex 40.8686 20.8686 2.5
      vertex 39.8787 19.8787 2.5
      vertex 40.7632 20.985 2.5
    endloop
  endfacet
  facet normal 0 0 -1
    outer loop
      vertex 39.681 20.0968 2.5
      vertex 40.7632 20.985 2.5
      vertex 39.8787 19.8787 2.5
    endloop
  endfacet
  facet normal -0 0 -1
    outer loop
      vertex 40.7632 20.985 2.5
      vertex 39.681 20.0968 2.5
      vertex 40.6696 21.1111 2.5
    endloop
  endfacet
  facet normal 0 0 -1
    outer loop
      vertex 39.5056 20.3333 2.5
      vertex 40.6696 21.1111 2.5
      vertex 39.681 20.0968 2.5
    endloop
  endfacet
  facet normal 0 0 -1
    outer loop
      vertex 39.3542 20.5858 2.5
      vertex 40.5889 21.2458 2.5
      vertex 39.5056 20.3333 2.5
    endloop
  endfacet
  facet normal -0 0 -1
    outer loop
      vertex 40.6696 21.1111 2.5
      vertex 39.5056 20.3333 2.5
      vertex 40.5889 21.2458 2.5
    endloop
  endfacet
  facet normal -0 0 -1
    outer loop
      vertex 44.6458 23.4142 2.5
      vertex 43.4111 22.7542 2.5
      vertex 44.4944 23.6667 2.5
    endloop
  endfacet
  facet normal 0 0 -1
    outer loop
      vertex 43.3304 22.8889 2.5
      vertex 44.4944 23.6667 2.5
      vertex 43.4111 22.7542 2.5
    endloop
  endfacet
  facet normal -0 0 -1
    outer loop
      vertex 44.4944 23.6667 2.5
      vertex 43.3304 22.8889 2.5
      vertex 44.319 23.9032 2.5
    endloop
  endfacet
  facet normal 0 0 -1
    outer loop
      vertex 43.2368 23.015 2.5
      vertex 44.319 23.9032 2.5
      vertex 43.3304 22.8889 2.5
    endloop
  endfacet
  facet normal -0 0 -1
    outer loop
      vertex 44.319 23.9032 2.5
      vertex 43.2368 23.015 2.5
      vertex 44.1213 24.1213 2.5
    endloop
  endfacet
  facet normal 0 0 -1
    outer loop
      vertex 43.1314 23.1314 2.5
      vertex 44.1213 24.1213 2.5
      vertex 43.2368 23.015 2.5
    endloop
  endfacet
  facet normal -0 0 -1
    outer loop
      vertex 44.1213 24.1213 2.5
      vertex 43.1314 23.1314 2.5
      vertex 43.9032 24.319 2.5
    endloop
  endfacet
  facet normal 0 0 -1
    outer loop
      vertex 43.015 23.2368 2.5
      vertex 43.9032 24.319 2.5
      vertex 43.1314 23.1314 2.5
    endloop
  endfacet
  facet normal -0 0 -1
    outer loop
      vertex 43.9032 24.319 2.5
      vertex 43.015 23.2368 2.5
      vertex 43.6667 24.4944 2.5
    endloop
  endfacet
  facet normal 0 0 -1
    outer loop
      vertex 42.8889 23.3304 2.5
      vertex 43.6667 24.4944 2.5
      vertex 43.015 23.2368 2.5
    endloop
  endfacet
  facet normal -0 0 -1
    outer loop
      vertex 43.6667 24.4944 2.5
      vertex 42.8889 23.3304 2.5
      vertex 43.4142 24.6458 2.5
    endloop
  endfacet
  facet normal 0 0 -1
    outer loop
      vertex 42.7542 23.4111 2.5
      vertex 43.4142 24.6458 2.5
      vertex 42.8889 23.3304 2.5
    endloop
  endfacet
  facet normal -0 0 -1
    outer loop
      vertex 43.4142 24.6458 2.5
      vertex 42.7542 23.4111 2.5
      vertex 43.148 24.7716 2.5
    endloop
  endfacet
  facet normal 0 0 -1
    outer loop
      vertex 42.6123 23.4782 2.5
      vertex 43.148 24.7716 2.5
      vertex 42.7542 23.4111 2.5
    endloop
  endfacet
  facet normal -0 0 -1
    outer loop
      vertex 43.148 24.7716 2.5
      vertex 42.6123 23.4782 2.5
      vertex 42.8709 24.8708 2.5
    endloop
  endfacet
  facet normal 0 0 -1
    outer loop
      vertex 42.4645 23.5311 2.5
      vertex 42.8709 24.8708 2.5
      vertex 42.6123 23.4782 2.5
    endloop
  endfacet
  facet normal -0 0 -1
    outer loop
      vertex 42.8709 24.8708 2.5
      vertex 42.4645 23.5311 2.5
      vertex 42.5853 24.9424 2.5
    endloop
  endfacet
  facet normal 0 0 -1
    outer loop
      vertex 42.3121 23.5693 2.5
      vertex 42.5853 24.9424 2.5
      vertex 42.4645 23.5311 2.5
    endloop
  endfacet
  facet normal 0 0 -1
    outer loop
      vertex 42.3121 23.5693 2.5
      vertex 42.2941 24.9856 2.5
      vertex 42.5853 24.9424 2.5
    endloop
  endfacet
  facet normal 0 0 -1
    outer loop
      vertex 42.1568 23.5923 2.5
      vertex 42.2941 24.9856 2.5
      vertex 42.3121 23.5693 2.5
    endloop
  endfacet
  facet normal 0 0 -1
    outer loop
      vertex 42 23.6 2.5
      vertex 42.2941 24.9856 2.5
      vertex 42.1568 23.5923 2.5
    endloop
  endfacet
  facet normal 0 0 -1
    outer loop
      vertex 42 23.6 2.5
      vertex 42 25 2.5
      vertex 42.2941 24.9856 2.5
    endloop
  endfacet
  facet normal 0 0 -1
    outer loop
      vertex 41.8432 23.5923 2.5
      vertex 42 25 2.5
      vertex 42 23.6 2.5
    endloop
  endfacet
  facet normal 0 0 -1
    outer loop
      vertex 41.8432 23.5923 2.5
      vertex 41.7059 24.9856 2.5
      vertex 42 25 2.5
    endloop
  endfacet
  facet normal 0 0 -1
    outer loop
      vertex 41.6879 23.5693 2.5
      vertex 41.7059 24.9856 2.5
      vertex 41.8432 23.5923 2.5
    endloop
  endfacet
  facet normal 0 0 -1
    outer loop
      vertex 41.4147 24.9424 2.5
      vertex 41.6879 23.5693 2.5
      vertex 41.5355 23.5311 2.5
    endloop
  endfacet
  facet normal 0 0 -1
    outer loop
      vertex 41.6879 23.5693 2.5
      vertex 41.4147 24.9424 2.5
      vertex 41.7059 24.9856 2.5
    endloop
  endfacet
  facet normal 0 0 -1
    outer loop
      vertex 41.1291 24.8708 2.5
      vertex 41.5355 23.5311 2.5
      vertex 41.3877 23.4782 2.5
    endloop
  endfacet
  facet normal 0 0 -1
    outer loop
      vertex 40.852 24.7716 2.5
      vertex 41.3877 23.4782 2.5
      vertex 41.2458 23.4111 2.5
    endloop
  endfacet
  facet normal 0 0 -1
    outer loop
      vertex 41.5355 23.5311 2.5
      vertex 41.1291 24.8708 2.5
      vertex 41.4147 24.9424 2.5
    endloop
  endfacet
  facet normal 0 0 -1
    outer loop
      vertex 40.5858 24.6458 2.5
      vertex 41.2458 23.4111 2.5
      vertex 41.1111 23.3304 2.5
    endloop
  endfacet
  facet normal 0 0 -1
    outer loop
      vertex 40.3333 24.4944 2.5
      vertex 41.1111 23.3304 2.5
      vertex 40.985 23.2368 2.5
    endloop
  endfacet
  facet normal 0 0 -1
    outer loop
      vertex 40.0968 24.319 2.5
      vertex 40.985 23.2368 2.5
      vertex 40.8686 23.1314 2.5
    endloop
  endfacet
  facet normal 0 0 -1
    outer loop
      vertex 41.3877 23.4782 2.5
      vertex 40.852 24.7716 2.5
      vertex 41.1291 24.8708 2.5
    endloop
  endfacet
  facet normal 0 0 -1
    outer loop
      vertex 39.8787 24.1213 2.5
      vertex 40.8686 23.1314 2.5
      vertex 40.7632 23.015 2.5
    endloop
  endfacet
  facet normal 0 0 -1
    outer loop
      vertex 39.681 23.9032 2.5
      vertex 40.7632 23.015 2.5
      vertex 40.6696 22.8889 2.5
    endloop
  endfacet
  facet normal 0 0 -1
    outer loop
      vertex 39.5056 23.6667 2.5
      vertex 40.6696 22.8889 2.5
      vertex 40.5889 22.7542 2.5
    endloop
  endfacet
  facet normal 0 0 -1
    outer loop
      vertex 41.2458 23.4111 2.5
      vertex 40.5858 24.6458 2.5
      vertex 40.852 24.7716 2.5
    endloop
  endfacet
  facet normal 0 0 -1
    outer loop
      vertex 39.3542 23.4142 2.5
      vertex 40.5889 22.7542 2.5
      vertex 40.5218 22.6123 2.5
    endloop
  endfacet
  facet normal 0 0 -1
    outer loop
      vertex 39.2284 23.148 2.5
      vertex 40.5218 22.6123 2.5
      vertex 40.4689 22.4645 2.5
    endloop
  endfacet
  facet normal 0 0 -1
    outer loop
      vertex 39.1292 22.8709 2.5
      vertex 40.4689 22.4645 2.5
      vertex 40.4307 22.3121 2.5
    endloop
  endfacet
  facet normal 0 0 -1
    outer loop
      vertex 39.0576 22.5853 2.5
      vertex 40.4307 22.3121 2.5
      vertex 40.4077 22.1568 2.5
    endloop
  endfacet
  facet normal 0 0 -1
    outer loop
      vertex 41.1111 23.3304 2.5
      vertex 40.3333 24.4944 2.5
      vertex 40.5858 24.6458 2.5
    endloop
  endfacet
  facet normal 0 0 -1
    outer loop
      vertex 39.0144 22.2941 2.5
      vertex 40.4077 22.1568 2.5
      vertex 40.4 22 2.5
    endloop
  endfacet
  facet normal -0 0 -1
    outer loop
      vertex 40.5889 21.2458 2.5
      vertex 39.3542 20.5858 2.5
      vertex 40.5218 21.3877 2.5
    endloop
  endfacet
  facet normal 0 0 -1
    outer loop
      vertex 39.2284 20.852 2.5
      vertex 40.5218 21.3877 2.5
      vertex 39.3542 20.5858 2.5
    endloop
  endfacet
  facet normal 0 0 -1
    outer loop
      vertex 40.985 23.2368 2.5
      vertex 40.0968 24.319 2.5
      vertex 40.3333 24.4944 2.5
    endloop
  endfacet
  facet normal -0 0 -1
    outer loop
      vertex 40.5218 21.3877 2.5
      vertex 39.2284 20.852 2.5
      vertex 40.4689 21.5355 2.5
    endloop
  endfacet
  facet normal 0 0 -1
    outer loop
      vertex 40.8686 23.1314 2.5
      vertex 39.8787 24.1213 2.5
      vertex 40.0968 24.319 2.5
    endloop
  endfacet
  facet normal 0 0 -1
    outer loop
      vertex 39.1292 21.1291 2.5
      vertex 40.4689 21.5355 2.5
      vertex 39.2284 20.852 2.5
    endloop
  endfacet
  facet normal 0 0 -1
    outer loop
      vertex 40.7632 23.015 2.5
      vertex 39.681 23.9032 2.5
      vertex 39.8787 24.1213 2.5
    endloop
  endfacet
  facet normal -0 0 -1
    outer loop
      vertex 40.4689 21.5355 2.5
      vertex 39.1292 21.1291 2.5
      vertex 40.4307 21.6879 2.5
    endloop
  endfacet
  facet normal 0 0 -1
    outer loop
      vertex 40.6696 22.8889 2.5
      vertex 39.5056 23.6667 2.5
      vertex 39.681 23.9032 2.5
    endloop
  endfacet
  facet normal 0 0 -1
    outer loop
      vertex 39.0576 21.4147 2.5
      vertex 40.4307 21.6879 2.5
      vertex 39.1292 21.1291 2.5
    endloop
  endfacet
  facet normal 0 0 -1
    outer loop
      vertex 40.5889 22.7542 2.5
      vertex 39.3542 23.4142 2.5
      vertex 39.5056 23.6667 2.5
    endloop
  endfacet
  facet normal -0 0 -1
    outer loop
      vertex 40.4307 21.6879 2.5
      vertex 39.0576 21.4147 2.5
      vertex 40.4077 21.8432 2.5
    endloop
  endfacet
  facet normal 0 0 -1
    outer loop
      vertex 40.5218 22.6123 2.5
      vertex 39.2284 23.148 2.5
      vertex 39.3542 23.4142 2.5
    endloop
  endfacet
  facet normal 0 0 -1
    outer loop
      vertex 39.0144 21.7059 2.5
      vertex 40.4077 21.8432 2.5
      vertex 39.0576 21.4147 2.5
    endloop
  endfacet
  facet normal 0 0 -1
    outer loop
      vertex 40.4689 22.4645 2.5
      vertex 39.1292 22.8709 2.5
      vertex 39.2284 23.148 2.5
    endloop
  endfacet
  facet normal -0 0 -1
    outer loop
      vertex 40.4077 21.8432 2.5
      vertex 39.0144 21.7059 2.5
      vertex 40.4 22 2.5
    endloop
  endfacet
  facet normal 0 0 -1
    outer loop
      vertex 40.4307 22.3121 2.5
      vertex 39.0576 22.5853 2.5
      vertex 39.1292 22.8709 2.5
    endloop
  endfacet
  facet normal 0 0 -1
    outer loop
      vertex 39 22 2.5
      vertex 40.4 22 2.5
      vertex 39.0144 21.7059 2.5
    endloop
  endfacet
  facet normal 0 0 -1
    outer loop
      vertex 40.4077 22.1568 2.5
      vertex 39.0144 22.2941 2.5
      vertex 39.0576 22.5853 2.5
    endloop
  endfacet
  facet normal 0 0 -1
    outer loop
      vertex 40.4 22 2.5
      vertex 39 22 2.5
      vertex 39.0144 22.2941 2.5
    endloop
  endfacet
endsolid OpenSCAD_Model
