solid OpenSCAD_Model
  facet normal 0 0 -1
    outer loop
      vertex -45.89 -4.64363 0
      vertex -42.94 6.34682 0
      vertex -42.94 -6.34682 0
    endloop
  endfacet
  facet normal 0 0 -1
    outer loop
      vertex -45.89 -4.64363 0
      vertex -45.89 4.64363 0
      vertex -42.94 6.34682 0
    endloop
  endfacet
  facet normal 0 0 -1
    outer loop
      vertex -48.84 -6.34682 0
      vertex -45.89 4.64363 0
      vertex -45.89 -4.64363 0
    endloop
  endfacet
  facet normal -0 0 -1
    outer loop
      vertex -45.89 4.64363 0
      vertex -48.84 -6.34682 0
      vertex -48.84 6.34682 0
    endloop
  endfacet
  facet normal -0 0 -1
    outer loop
      vertex -25.66 16.7 0
      vertex -42.94 6.34682 0
      vertex -34.34 16.7 0
    endloop
  endfacet
  facet normal 0 0 -1
    outer loop
      vertex -34.34 16.7 0
      vertex -42.94 6.34682 0
      vertex -37.722 16.0097 0
    endloop
  endfacet
  facet normal 0 0 -1
    outer loop
      vertex -42.94 9.75318 0
      vertex -37.722 16.0097 0
      vertex -42.94 6.34682 0
    endloop
  endfacet
  facet normal 0 0 -1
    outer loop
      vertex -45.89 11.4564 0
      vertex -37.722 16.0097 0
      vertex -42.94 9.75318 0
    endloop
  endfacet
  facet normal 0 0 -1
    outer loop
      vertex -45.89 11.4564 0
      vertex -47.4207 11.7455 0
      vertex -37.722 16.0097 0
    endloop
  endfacet
  facet normal 0 0 -1
    outer loop
      vertex -45.89 11.4564 0
      vertex -47.7756 11.5777 0
      vertex -47.4207 11.7455 0
    endloop
  endfacet
  facet normal 0 0 -1
    outer loop
      vertex -48.84 9.75318 0
      vertex -47.7756 11.5777 0
      vertex -45.89 11.4564 0
    endloop
  endfacet
  facet normal 0 0 -1
    outer loop
      vertex -47.7756 11.5777 0
      vertex -48.84 9.75318 0
      vertex -48.1123 11.3759 0
    endloop
  endfacet
  facet normal 0 0 -1
    outer loop
      vertex -48.1123 11.3759 0
      vertex -48.84 9.75318 0
      vertex -48.4276 11.142 0
    endloop
  endfacet
  facet normal 0 0 -1
    outer loop
      vertex -48.4276 11.142 0
      vertex -48.84 9.75318 0
      vertex -48.7184 10.8784 0
    endloop
  endfacet
  facet normal 0 0 -1
    outer loop
      vertex -48.84 9.75318 0
      vertex -48.982 10.5876 0
      vertex -48.7184 10.8784 0
    endloop
  endfacet
  facet normal 0 0 -1
    outer loop
      vertex -48.84 6.34682 0
      vertex -48.982 10.5876 0
      vertex -48.84 9.75318 0
    endloop
  endfacet
  facet normal 0 0 -1
    outer loop
      vertex -49.89 -8.04999 0
      vertex -48.982 -10.5876 0
      vertex -49.2159 -10.2723 0
    endloop
  endfacet
  facet normal 0 0 -1
    outer loop
      vertex -49.89 8.04999 0
      vertex -48.84 6.34682 0
      vertex -49.89 -8.04999 0
    endloop
  endfacet
  facet normal 0 0 -1
    outer loop
      vertex -49.89 -8.04999 0
      vertex -49.2159 -10.2723 0
      vertex -49.4177 -9.93558 0
    endloop
  endfacet
  facet normal 0 -0 -1
    outer loop
      vertex -49.8707 8.44206 0
      vertex -48.84 6.34682 0
      vertex -49.89 8.04999 0
    endloop
  endfacet
  facet normal 0 0 -1
    outer loop
      vertex -49.89 -8.04999 0
      vertex -49.4177 -9.93558 0
      vertex -49.5855 -9.58072 0
    endloop
  endfacet
  facet normal 0 0 -1
    outer loop
      vertex -48.84 6.34682 0
      vertex -49.2159 10.2723 0
      vertex -48.982 10.5876 0
    endloop
  endfacet
  facet normal 0 0 -1
    outer loop
      vertex -49.89 -8.04999 0
      vertex -49.5855 -9.58072 0
      vertex -49.7178 -9.21114 0
    endloop
  endfacet
  facet normal 0 0 -1
    outer loop
      vertex -48.84 6.34682 0
      vertex -49.4177 9.93558 0
      vertex -49.2159 10.2723 0
    endloop
  endfacet
  facet normal 0 0 -1
    outer loop
      vertex -49.89 -8.04999 0
      vertex -49.7178 -9.21114 0
      vertex -49.8131 -8.83035 0
    endloop
  endfacet
  facet normal 0 0 -1
    outer loop
      vertex -48.84 6.34682 0
      vertex -49.5855 9.58072 0
      vertex -49.4177 9.93558 0
    endloop
  endfacet
  facet normal 0 0 -1
    outer loop
      vertex -49.89 -8.04999 0
      vertex -49.8131 -8.83035 0
      vertex -49.8707 -8.44206 0
    endloop
  endfacet
  facet normal 0 0 -1
    outer loop
      vertex -48.84 6.34682 0
      vertex -49.7178 9.21114 0
      vertex -49.5855 9.58072 0
    endloop
  endfacet
  facet normal 0 0 -1
    outer loop
      vertex -48.84 6.34682 0
      vertex -49.8131 8.83035 0
      vertex -49.7178 9.21114 0
    endloop
  endfacet
  facet normal 0 0 -1
    outer loop
      vertex -48.84 6.34682 0
      vertex -49.8707 8.44206 0
      vertex -49.8131 8.83035 0
    endloop
  endfacet
  facet normal 0 0 -1
    outer loop
      vertex 81.6 0 0
      vertex 87 0 0
      vertex 86.9663 -0.686111 0
    endloop
  endfacet
  facet normal 0 0 -1
    outer loop
      vertex 81.5923 -0.156827 0
      vertex 86.9663 -0.686111 0
      vertex 86.8655 -1.36563 0
    endloop
  endfacet
  facet normal 0 0 -1
    outer loop
      vertex 87 0 0
      vertex 81.6 0 0
      vertex 86.9663 0.686111 0
    endloop
  endfacet
  facet normal 0 0 -1
    outer loop
      vertex 81.5693 -0.312144 0
      vertex 86.8655 -1.36563 0
      vertex 86.6986 -2.03198 0
    endloop
  endfacet
  facet normal 0 0 -1
    outer loop
      vertex 81.5923 0.156827 0
      vertex 86.9663 0.686111 0
      vertex 81.6 0 0
    endloop
  endfacet
  facet normal 0 0 -1
    outer loop
      vertex 81.5311 -0.464455 0
      vertex 86.6986 -2.03198 0
      vertex 86.4671 -2.67877 0
    endloop
  endfacet
  facet normal -0 0 -1
    outer loop
      vertex 86.9663 0.686111 0
      vertex 81.5923 0.156827 0
      vertex 86.8655 1.36563 0
    endloop
  endfacet
  facet normal 0 0 -1
    outer loop
      vertex 81.4782 -0.612293 0
      vertex 86.4671 -2.67877 0
      vertex 86.1734 -3.29977 0
    endloop
  endfacet
  facet normal 0 0 -1
    outer loop
      vertex 81.5693 0.312144 0
      vertex 86.8655 1.36563 0
      vertex 81.5923 0.156827 0
    endloop
  endfacet
  facet normal 0 0 -1
    outer loop
      vertex 81.4111 -0.754234 0
      vertex 86.1734 -3.29977 0
      vertex 85.8203 -3.88898 0
    endloop
  endfacet
  facet normal -0 0 -1
    outer loop
      vertex 86.8655 1.36563 0
      vertex 81.5693 0.312144 0
      vertex 86.6986 2.03198 0
    endloop
  endfacet
  facet normal 0 0 -1
    outer loop
      vertex 81.3304 -0.888912 0
      vertex 85.8203 -3.88898 0
      vertex 85.4111 -4.44075 0
    endloop
  endfacet
  facet normal 0 0 -1
    outer loop
      vertex 81.5311 0.464455 0
      vertex 86.6986 2.03198 0
      vertex 81.5693 0.312144 0
    endloop
  endfacet
  facet normal 0 0 -1
    outer loop
      vertex 81.2368 -1.01503 0
      vertex 85.4111 -4.44075 0
      vertex 84.9497 -4.94974 0
    endloop
  endfacet
  facet normal -0 0 -1
    outer loop
      vertex 86.6986 2.03198 0
      vertex 81.5311 0.464455 0
      vertex 86.4671 2.67877 0
    endloop
  endfacet
  facet normal 0 0 -1
    outer loop
      vertex 81.1314 -1.13137 0
      vertex 84.9497 -4.94974 0
      vertex 84.4408 -5.41107 0
    endloop
  endfacet
  facet normal 0 0 -1
    outer loop
      vertex 81.4782 0.612293 0
      vertex 86.4671 2.67877 0
      vertex 81.5311 0.464455 0
    endloop
  endfacet
  facet normal 0 0 -1
    outer loop
      vertex 81.015 -1.23682 0
      vertex 84.4408 -5.41107 0
      vertex 83.889 -5.82028 0
    endloop
  endfacet
  facet normal -0 0 -1
    outer loop
      vertex 86.4671 2.67877 0
      vertex 81.4782 0.612293 0
      vertex 86.1734 3.29977 0
    endloop
  endfacet
  facet normal 0 0 -1
    outer loop
      vertex 80.8889 -1.33035 0
      vertex 83.889 -5.82028 0
      vertex 83.2998 -6.17345 0
    endloop
  endfacet
  facet normal 0 0 -1
    outer loop
      vertex 81.4111 0.754234 0
      vertex 86.1734 3.29977 0
      vertex 81.4782 0.612293 0
    endloop
  endfacet
  facet normal 0 0 -1
    outer loop
      vertex 80.7542 -1.41107 0
      vertex 83.2998 -6.17345 0
      vertex 82.6788 -6.46715 0
    endloop
  endfacet
  facet normal -0 0 -1
    outer loop
      vertex 86.1734 3.29977 0
      vertex 81.4111 0.754234 0
      vertex 85.8203 3.88898 0
    endloop
  endfacet
  facet normal 0 0 -1
    outer loop
      vertex 80.6123 -1.47821 0
      vertex 82.6788 -6.46715 0
      vertex 82.032 -6.69858 0
    endloop
  endfacet
  facet normal 0 0 -1
    outer loop
      vertex 81.3304 0.888912 0
      vertex 85.8203 3.88898 0
      vertex 81.4111 0.754234 0
    endloop
  endfacet
  facet normal -0 0 -1
    outer loop
      vertex 85.8203 3.88898 0
      vertex 81.3304 0.888912 0
      vertex 85.4111 4.44075 0
    endloop
  endfacet
  facet normal 0 0 -1
    outer loop
      vertex 86.9663 -0.686111 0
      vertex 81.5923 -0.156827 0
      vertex 81.6 0 0
    endloop
  endfacet
  facet normal 0 0 -1
    outer loop
      vertex 86.8655 -1.36563 0
      vertex 81.5693 -0.312144 0
      vertex 81.5923 -0.156827 0
    endloop
  endfacet
  facet normal 0 0 -1
    outer loop
      vertex 86.6986 -2.03198 0
      vertex 81.5311 -0.464455 0
      vertex 81.5693 -0.312144 0
    endloop
  endfacet
  facet normal 0 0 -1
    outer loop
      vertex 86.4671 -2.67877 0
      vertex 81.4782 -0.612293 0
      vertex 81.5311 -0.464455 0
    endloop
  endfacet
  facet normal 0 0 -1
    outer loop
      vertex 86.1734 -3.29977 0
      vertex 81.4111 -0.754234 0
      vertex 81.4782 -0.612293 0
    endloop
  endfacet
  facet normal 0 0 -1
    outer loop
      vertex 80.4645 -1.5311 0
      vertex 82.032 -6.69858 0
      vertex 81.3656 -6.86549 0
    endloop
  endfacet
  facet normal 0 0 -1
    outer loop
      vertex 85.8203 -3.88898 0
      vertex 81.3304 -0.888912 0
      vertex 81.4111 -0.754234 0
    endloop
  endfacet
  facet normal 0 0 -1
    outer loop
      vertex 85.4111 -4.44075 0
      vertex 81.2368 -1.01503 0
      vertex 81.3304 -0.888912 0
    endloop
  endfacet
  facet normal 0 0 -1
    outer loop
      vertex 84.9497 -4.94974 0
      vertex 81.1314 -1.13137 0
      vertex 81.2368 -1.01503 0
    endloop
  endfacet
  facet normal 0 0 -1
    outer loop
      vertex 84.4408 -5.41107 0
      vertex 81.015 -1.23682 0
      vertex 81.1314 -1.13137 0
    endloop
  endfacet
  facet normal 0 0 -1
    outer loop
      vertex 83.889 -5.82028 0
      vertex 80.8889 -1.33035 0
      vertex 81.015 -1.23682 0
    endloop
  endfacet
  facet normal 0 0 -1
    outer loop
      vertex 83.2998 -6.17345 0
      vertex 80.7542 -1.41107 0
      vertex 80.8889 -1.33035 0
    endloop
  endfacet
  facet normal 0 0 -1
    outer loop
      vertex 80.3121 -1.56926 0
      vertex 81.3656 -6.86549 0
      vertex 80.6861 -6.96628 0
    endloop
  endfacet
  facet normal 0 0 -1
    outer loop
      vertex 82.6788 -6.46715 0
      vertex 80.6123 -1.47821 0
      vertex 80.7542 -1.41107 0
    endloop
  endfacet
  facet normal 0 0 -1
    outer loop
      vertex 82.032 -6.69858 0
      vertex 80.4645 -1.5311 0
      vertex 80.6123 -1.47821 0
    endloop
  endfacet
  facet normal 0 0 -1
    outer loop
      vertex 81.3656 -6.86549 0
      vertex 80.3121 -1.56926 0
      vertex 80.4645 -1.5311 0
    endloop
  endfacet
  facet normal 0 0 -1
    outer loop
      vertex 80.6861 -6.96628 0
      vertex 80.1568 -1.59229 0
      vertex 80.3121 -1.56926 0
    endloop
  endfacet
  facet normal 0 0 -1
    outer loop
      vertex 80 -7 0
      vertex 80.1568 -1.59229 0
      vertex 80.6861 -6.96628 0
    endloop
  endfacet
  facet normal 0 0 -1
    outer loop
      vertex 80 -7 0
      vertex 80 -1.6 0
      vertex 80.1568 -1.59229 0
    endloop
  endfacet
  facet normal 0 0 -1
    outer loop
      vertex 80 -7 0
      vertex 79.8432 -1.59229 0
      vertex 80 -1.6 0
    endloop
  endfacet
  facet normal 0 0 -1
    outer loop
      vertex 80 -7 0
      vertex 79.6879 -1.56926 0
      vertex 79.8432 -1.59229 0
    endloop
  endfacet
  facet normal 0 0 -1
    outer loop
      vertex 80 -7 0
      vertex 79.5355 -1.5311 0
      vertex 79.6879 -1.56926 0
    endloop
  endfacet
  facet normal 0 0 -1
    outer loop
      vertex 80 -7 0
      vertex 79.3877 -1.47821 0
      vertex 79.5355 -1.5311 0
    endloop
  endfacet
  facet normal 0 0 -1
    outer loop
      vertex 80 -7 0
      vertex 79.2458 -1.41107 0
      vertex 79.3877 -1.47821 0
    endloop
  endfacet
  facet normal 0 0 -1
    outer loop
      vertex 80 -7 0
      vertex 79.1111 -1.33035 0
      vertex 79.2458 -1.41107 0
    endloop
  endfacet
  facet normal 0 0 -1
    outer loop
      vertex 80 -7 0
      vertex 78.985 -1.23682 0
      vertex 79.1111 -1.33035 0
    endloop
  endfacet
  facet normal 0 0 -1
    outer loop
      vertex 80 -7 0
      vertex 78.8686 -1.13137 0
      vertex 78.985 -1.23682 0
    endloop
  endfacet
  facet normal 0 0 -1
    outer loop
      vertex 80 -7 0
      vertex 78.7632 -1.01503 0
      vertex 78.8686 -1.13137 0
    endloop
  endfacet
  facet normal 0 0 -1
    outer loop
      vertex 80 -7 0
      vertex 78.6696 -0.888912 0
      vertex 78.7632 -1.01503 0
    endloop
  endfacet
  facet normal 0 0 -1
    outer loop
      vertex 80 -7 0
      vertex 78.5889 -0.754234 0
      vertex 78.6696 -0.888912 0
    endloop
  endfacet
  facet normal 0 0 -1
    outer loop
      vertex 80 -7 0
      vertex 78.5218 -0.612293 0
      vertex 78.5889 -0.754234 0
    endloop
  endfacet
  facet normal 0 0 -1
    outer loop
      vertex 80 -7 0
      vertex 78.4689 -0.464455 0
      vertex 78.5218 -0.612293 0
    endloop
  endfacet
  facet normal 0 0 -1
    outer loop
      vertex 22.1531 -0.65314 0
      vertex 78.4689 -0.464455 0
      vertex 80 -7 0
    endloop
  endfacet
  facet normal 0 0 -1
    outer loop
      vertex 78.4077 -0.156827 0
      vertex 22.25 0 0
      vertex 78.4 0 0
    endloop
  endfacet
  facet normal 0 0 -1
    outer loop
      vertex 22.2392 -0.220538 0
      vertex 78.4077 -0.156827 0
      vertex 78.4307 -0.312144 0
    endloop
  endfacet
  facet normal -0 0 -1
    outer loop
      vertex 78.4689 -0.464455 0
      vertex 22.1531 -0.65314 0
      vertex 78.4307 -0.312144 0
    endloop
  endfacet
  facet normal -0 0 -1
    outer loop
      vertex 78.4077 -0.156827 0
      vertex 22.2392 -0.220538 0
      vertex 22.25 0 0
    endloop
  endfacet
  facet normal -0 0 -1
    outer loop
      vertex 78.4307 -0.312144 0
      vertex 22.2068 -0.438952 0
      vertex 22.2392 -0.220538 0
    endloop
  endfacet
  facet normal 0 0 -1
    outer loop
      vertex 78.4307 -0.312144 0
      vertex 22.1531 -0.65314 0
      vertex 22.2068 -0.438952 0
    endloop
  endfacet
  facet normal 0 0 -1
    outer loop
      vertex 80 -7 0
      vertex 22.0787 -0.861037 0
      vertex 22.1531 -0.65314 0
    endloop
  endfacet
  facet normal 0 0 -1
    outer loop
      vertex 80 -7 0
      vertex 21.9843 -1.06064 0
      vertex 22.0787 -0.861037 0
    endloop
  endfacet
  facet normal 0 0 -1
    outer loop
      vertex 80 -7 0
      vertex 21.8708 -1.25003 0
      vertex 21.9843 -1.06064 0
    endloop
  endfacet
  facet normal 0 0 -1
    outer loop
      vertex 80 -7 0
      vertex 21.7393 -1.42738 0
      vertex 21.8708 -1.25003 0
    endloop
  endfacet
  facet normal 0 0 -1
    outer loop
      vertex 80 -7 0
      vertex 21.591 -1.59099 0
      vertex 21.7393 -1.42738 0
    endloop
  endfacet
  facet normal 0 0 -1
    outer loop
      vertex 80 -7 0
      vertex 21.4274 -1.73927 0
      vertex 21.591 -1.59099 0
    endloop
  endfacet
  facet normal 0 0 -1
    outer loop
      vertex 80 -7 0
      vertex 21.25 -1.87081 0
      vertex 21.4274 -1.73927 0
    endloop
  endfacet
  facet normal 0 0 -1
    outer loop
      vertex 80 -7 0
      vertex 21.0606 -1.98432 0
      vertex 21.25 -1.87081 0
    endloop
  endfacet
  facet normal 0 0 -1
    outer loop
      vertex 80 -7 0
      vertex 20.861 -2.07873 0
      vertex 21.0606 -1.98432 0
    endloop
  endfacet
  facet normal 0 0 -1
    outer loop
      vertex 80 -7 0
      vertex 20.6531 -2.15312 0
      vertex 20.861 -2.07873 0
    endloop
  endfacet
  facet normal 0 0 -1
    outer loop
      vertex 80 -7 0
      vertex 20.439 -2.20677 0
      vertex 20.6531 -2.15312 0
    endloop
  endfacet
  facet normal 0 0 -1
    outer loop
      vertex 1.43829 -8.96404 0
      vertex 20.439 -2.20677 0
      vertex 80 -7 0
    endloop
  endfacet
  facet normal 0 0 -1
    outer loop
      vertex 20.439 -2.20677 0
      vertex 1.43829 -8.96404 0
      vertex 20.2205 -2.23917 0
    endloop
  endfacet
  facet normal 0 0 -1
    outer loop
      vertex 20.2205 -2.23917 0
      vertex 1.43829 -8.96404 0
      vertex 20 -2.25 0
    endloop
  endfacet
  facet normal 0 0 -1
    outer loop
      vertex 17.7608 -0.220538 0
      vertex 16.2 0 0
      vertex 17.75 0 0
    endloop
  endfacet
  facet normal 0 0 -1
    outer loop
      vertex 16.1894 -0.215637 0
      vertex 17.7608 -0.220538 0
      vertex 17.7932 -0.438952 0
    endloop
  endfacet
  facet normal 0 0 -1
    outer loop
      vertex 16.1053 -0.638626 0
      vertex 17.7932 -0.438952 0
      vertex 17.8469 -0.65314 0
    endloop
  endfacet
  facet normal 0 0 -1
    outer loop
      vertex 16.0325 -0.841888 0
      vertex 17.8469 -0.65314 0
      vertex 17.9213 -0.861037 0
    endloop
  endfacet
  facet normal 0 0 -1
    outer loop
      vertex 15.9402 -1.03706 0
      vertex 17.9213 -0.861037 0
      vertex 18.0157 -1.06064 0
    endloop
  endfacet
  facet normal 0 0 -1
    outer loop
      vertex 15.8292 -1.22224 0
      vertex 18.0157 -1.06064 0
      vertex 18.1292 -1.25003 0
    endloop
  endfacet
  facet normal 0 0 -1
    outer loop
      vertex 15.7006 -1.39566 0
      vertex 18.1292 -1.25003 0
      vertex 18.2607 -1.42738 0
    endloop
  endfacet
  facet normal 0 0 -1
    outer loop
      vertex 15.5556 -1.55563 0
      vertex 18.2607 -1.42738 0
      vertex 18.409 -1.59099 0
    endloop
  endfacet
  facet normal 0 0 -1
    outer loop
      vertex 15.3957 -1.70062 0
      vertex 18.409 -1.59099 0
      vertex 18.5726 -1.73927 0
    endloop
  endfacet
  facet normal 0 0 -1
    outer loop
      vertex 15.2222 -1.82922 0
      vertex 18.5726 -1.73927 0
      vertex 18.75 -1.87081 0
    endloop
  endfacet
  facet normal 0 0 -1
    outer loop
      vertex 17.7608 -0.220538 0
      vertex 16.1894 -0.215637 0
      vertex 16.2 0 0
    endloop
  endfacet
  facet normal 0 0 -1
    outer loop
      vertex 17.7932 -0.438952 0
      vertex 16.1577 -0.429184 0
      vertex 16.1894 -0.215637 0
    endloop
  endfacet
  facet normal 0 0 -1
    outer loop
      vertex 15.0371 -1.94022 0
      vertex 18.75 -1.87081 0
      vertex 18.9394 -1.98432 0
    endloop
  endfacet
  facet normal -0 0 -1
    outer loop
      vertex 17.7932 -0.438952 0
      vertex 16.1053 -0.638626 0
      vertex 16.1577 -0.429184 0
    endloop
  endfacet
  facet normal -0 0 -1
    outer loop
      vertex 17.8469 -0.65314 0
      vertex 16.0325 -0.841888 0
      vertex 16.1053 -0.638626 0
    endloop
  endfacet
  facet normal 0 0 -1
    outer loop
      vertex 14.8419 -2.03253 0
      vertex 18.9394 -1.98432 0
      vertex 19.139 -2.07873 0
    endloop
  endfacet
  facet normal -0 0 -1
    outer loop
      vertex 17.9213 -0.861037 0
      vertex 15.9402 -1.03706 0
      vertex 16.0325 -0.841888 0
    endloop
  endfacet
  facet normal 0 0 -1
    outer loop
      vertex 14.6386 -2.10526 0
      vertex 19.139 -2.07873 0
      vertex 19.3469 -2.15312 0
    endloop
  endfacet
  facet normal -0 0 -1
    outer loop
      vertex 18.0157 -1.06064 0
      vertex 15.8292 -1.22224 0
      vertex 15.9402 -1.03706 0
    endloop
  endfacet
  facet normal -0 0 -1
    outer loop
      vertex 18.1292 -1.25003 0
      vertex 15.7006 -1.39566 0
      vertex 15.8292 -1.22224 0
    endloop
  endfacet
  facet normal 0 0 -1
    outer loop
      vertex 14.4292 -2.15771 0
      vertex 19.3469 -2.15312 0
      vertex 19.561 -2.20677 0
    endloop
  endfacet
  facet normal -0 0 -1
    outer loop
      vertex 18.2607 -1.42738 0
      vertex 15.5556 -1.55563 0
      vertex 15.7006 -1.39566 0
    endloop
  endfacet
  facet normal -0 0 -1
    outer loop
      vertex 18.409 -1.59099 0
      vertex 15.3957 -1.70062 0
      vertex 15.5556 -1.55563 0
    endloop
  endfacet
  facet normal 0 0 -1
    outer loop
      vertex 14.2156 -2.18939 0
      vertex 19.561 -2.20677 0
      vertex 19.7795 -2.23917 0
    endloop
  endfacet
  facet normal -0 0 -1
    outer loop
      vertex 18.5726 -1.73927 0
      vertex 15.2222 -1.82922 0
      vertex 15.3957 -1.70062 0
    endloop
  endfacet
  facet normal -0 0 -1
    outer loop
      vertex 18.75 -1.87081 0
      vertex 15.0371 -1.94022 0
      vertex 15.2222 -1.82922 0
    endloop
  endfacet
  facet normal -0 0 -1
    outer loop
      vertex 20 -2.25 0
      vertex 1.43829 -8.96404 0
      vertex 19.7795 -2.23917 0
    endloop
  endfacet
  facet normal -0 0 -1
    outer loop
      vertex 18.9394 -1.98432 0
      vertex 14.8419 -2.03253 0
      vertex 15.0371 -1.94022 0
    endloop
  endfacet
  facet normal 0 -0 -1
    outer loop
      vertex 14.2156 -2.18939 0
      vertex 19.7795 -2.23917 0
      vertex 1.43829 -8.96404 0
    endloop
  endfacet
  facet normal -0 0 -1
    outer loop
      vertex 19.139 -2.07873 0
      vertex 14.6386 -2.10526 0
      vertex 14.8419 -2.03253 0
    endloop
  endfacet
  facet normal -0 0 -1
    outer loop
      vertex 19.3469 -2.15312 0
      vertex 14.4292 -2.15771 0
      vertex 14.6386 -2.10526 0
    endloop
  endfacet
  facet normal 0 0 -1
    outer loop
      vertex 19.561 -2.20677 0
      vertex 14.2156 -2.18939 0
      vertex 14.4292 -2.15771 0
    endloop
  endfacet
  facet normal 0 0 -1
    outer loop
      vertex 1.43829 -8.96404 0
      vertex 0.362663 -3.68218 0
      vertex 14.2156 -2.18939 0
    endloop
  endfacet
  facet normal 0 0 -1
    outer loop
      vertex 1.43829 -8.96404 0
      vertex 0 -3.7 0
      vertex 0.362663 -3.68218 0
    endloop
  endfacet
  facet normal 0 0 -1
    outer loop
      vertex 1.43829 -8.96404 0
      vertex -0.362663 -3.68218 0
      vertex 0 -3.7 0
    endloop
  endfacet
  facet normal 0 0 -1
    outer loop
      vertex 1.43829 -8.96404 0
      vertex -14.2156 -2.18939 0
      vertex -0.362663 -3.68218 0
    endloop
  endfacet
  facet normal 0 0 -1
    outer loop
      vertex -23.2247 -16.3484 0
      vertex -14.2156 -2.18939 0
      vertex 1.43829 -8.96404 0
    endloop
  endfacet
  facet normal -0 0 -1
    outer loop
      vertex -14.2156 -2.18939 0
      vertex -23.2247 -16.3484 0
      vertex -14.4292 -2.15771 0
    endloop
  endfacet
  facet normal -0 0 -1
    outer loop
      vertex -14.4292 -2.15771 0
      vertex -23.2247 -16.3484 0
      vertex -14.6386 -2.10526 0
    endloop
  endfacet
  facet normal 0 0 -1
    outer loop
      vertex -42.94 -6.34682 0
      vertex -25.66 -16.7 0
      vertex -34.34 -16.7 0
    endloop
  endfacet
  facet normal -0 0 -1
    outer loop
      vertex -16.1053 -0.638626 0
      vertex -25.66 -16.7 0
      vertex -16.1577 -0.429184 0
    endloop
  endfacet
  facet normal -0 0 -1
    outer loop
      vertex -16.0325 -0.841888 0
      vertex -25.66 -16.7 0
      vertex -16.1053 -0.638626 0
    endloop
  endfacet
  facet normal 0 0 -1
    outer loop
      vertex -25.66 -16.7 0
      vertex -16.0325 -0.841888 0
      vertex -23.2247 -16.3484 0
    endloop
  endfacet
  facet normal -0 0 -1
    outer loop
      vertex -15.9402 -1.03706 0
      vertex -23.2247 -16.3484 0
      vertex -16.0325 -0.841888 0
    endloop
  endfacet
  facet normal -0 0 -1
    outer loop
      vertex -15.8292 -1.22224 0
      vertex -23.2247 -16.3484 0
      vertex -15.9402 -1.03706 0
    endloop
  endfacet
  facet normal -0 0 -1
    outer loop
      vertex -15.7006 -1.39566 0
      vertex -23.2247 -16.3484 0
      vertex -15.8292 -1.22224 0
    endloop
  endfacet
  facet normal -0 0 -1
    outer loop
      vertex -15.5556 -1.55563 0
      vertex -23.2247 -16.3484 0
      vertex -15.7006 -1.39566 0
    endloop
  endfacet
  facet normal -0 0 -1
    outer loop
      vertex -15.3957 -1.70062 0
      vertex -23.2247 -16.3484 0
      vertex -15.5556 -1.55563 0
    endloop
  endfacet
  facet normal -0 0 -1
    outer loop
      vertex -15.2222 -1.82922 0
      vertex -23.2247 -16.3484 0
      vertex -15.3957 -1.70062 0
    endloop
  endfacet
  facet normal -0 0 -1
    outer loop
      vertex -15.0371 -1.94022 0
      vertex -23.2247 -16.3484 0
      vertex -15.2222 -1.82922 0
    endloop
  endfacet
  facet normal -0 0 -1
    outer loop
      vertex -14.8419 -2.03253 0
      vertex -23.2247 -16.3484 0
      vertex -15.0371 -1.94022 0
    endloop
  endfacet
  facet normal -0 0 -1
    outer loop
      vertex -14.6386 -2.10526 0
      vertex -23.2247 -16.3484 0
      vertex -14.8419 -2.03253 0
    endloop
  endfacet
  facet normal 0 0 -1
    outer loop
      vertex 81.2368 1.01503 0
      vertex 85.4111 4.44075 0
      vertex 81.3304 0.888912 0
    endloop
  endfacet
  facet normal -0 0 -1
    outer loop
      vertex 85.4111 4.44075 0
      vertex 81.2368 1.01503 0
      vertex 84.9497 4.94974 0
    endloop
  endfacet
  facet normal 0 0 -1
    outer loop
      vertex 81.1314 1.13137 0
      vertex 84.9497 4.94974 0
      vertex 81.2368 1.01503 0
    endloop
  endfacet
  facet normal -0 0 -1
    outer loop
      vertex 84.9497 4.94974 0
      vertex 81.1314 1.13137 0
      vertex 84.4408 5.41107 0
    endloop
  endfacet
  facet normal 0 0 -1
    outer loop
      vertex 81.015 1.23682 0
      vertex 84.4408 5.41107 0
      vertex 81.1314 1.13137 0
    endloop
  endfacet
  facet normal -0 0 -1
    outer loop
      vertex 84.4408 5.41107 0
      vertex 81.015 1.23682 0
      vertex 83.889 5.82028 0
    endloop
  endfacet
  facet normal 0 0 -1
    outer loop
      vertex 80.8889 1.33035 0
      vertex 83.889 5.82028 0
      vertex 81.015 1.23682 0
    endloop
  endfacet
  facet normal -0 0 -1
    outer loop
      vertex 83.889 5.82028 0
      vertex 80.8889 1.33035 0
      vertex 83.2998 6.17345 0
    endloop
  endfacet
  facet normal 0 0 -1
    outer loop
      vertex 80.7542 1.41107 0
      vertex 83.2998 6.17345 0
      vertex 80.8889 1.33035 0
    endloop
  endfacet
  facet normal -0 0 -1
    outer loop
      vertex 83.2998 6.17345 0
      vertex 80.7542 1.41107 0
      vertex 82.6788 6.46715 0
    endloop
  endfacet
  facet normal 0 0 -1
    outer loop
      vertex 80.6123 1.47821 0
      vertex 82.6788 6.46715 0
      vertex 80.7542 1.41107 0
    endloop
  endfacet
  facet normal -0 0 -1
    outer loop
      vertex 82.6788 6.46715 0
      vertex 80.6123 1.47821 0
      vertex 82.032 6.69858 0
    endloop
  endfacet
  facet normal 0 0 -1
    outer loop
      vertex 80.4645 1.5311 0
      vertex 82.032 6.69858 0
      vertex 80.6123 1.47821 0
    endloop
  endfacet
  facet normal -0 0 -1
    outer loop
      vertex 82.032 6.69858 0
      vertex 80.4645 1.5311 0
      vertex 81.3656 6.86549 0
    endloop
  endfacet
  facet normal 0 0 -1
    outer loop
      vertex 80.3121 1.56926 0
      vertex 81.3656 6.86549 0
      vertex 80.4645 1.5311 0
    endloop
  endfacet
  facet normal -0 0 -1
    outer loop
      vertex 81.3656 6.86549 0
      vertex 80.3121 1.56926 0
      vertex 80.6861 6.96628 0
    endloop
  endfacet
  facet normal 0 0 -1
    outer loop
      vertex 80.1568 1.59229 0
      vertex 80.6861 6.96628 0
      vertex 80.3121 1.56926 0
    endloop
  endfacet
  facet normal 0 0 -1
    outer loop
      vertex 80 1.6 0
      vertex 80.6861 6.96628 0
      vertex 80.1568 1.59229 0
    endloop
  endfacet
  facet normal 0 0 -1
    outer loop
      vertex 80 1.6 0
      vertex 80 7 0
      vertex 80.6861 6.96628 0
    endloop
  endfacet
  facet normal 0 0 -1
    outer loop
      vertex 79.8432 1.59229 0
      vertex 80 7 0
      vertex 80 1.6 0
    endloop
  endfacet
  facet normal 0 0 -1
    outer loop
      vertex 79.6879 1.56926 0
      vertex 80 7 0
      vertex 79.8432 1.59229 0
    endloop
  endfacet
  facet normal 0 0 -1
    outer loop
      vertex 79.5355 1.5311 0
      vertex 80 7 0
      vertex 79.6879 1.56926 0
    endloop
  endfacet
  facet normal 0 0 -1
    outer loop
      vertex 79.3877 1.47821 0
      vertex 80 7 0
      vertex 79.5355 1.5311 0
    endloop
  endfacet
  facet normal 0 0 -1
    outer loop
      vertex 79.2458 1.41107 0
      vertex 80 7 0
      vertex 79.3877 1.47821 0
    endloop
  endfacet
  facet normal 0 0 -1
    outer loop
      vertex 79.1111 1.33035 0
      vertex 80 7 0
      vertex 79.2458 1.41107 0
    endloop
  endfacet
  facet normal 0 0 -1
    outer loop
      vertex 78.985 1.23682 0
      vertex 80 7 0
      vertex 79.1111 1.33035 0
    endloop
  endfacet
  facet normal 0 0 -1
    outer loop
      vertex 78.8686 1.13137 0
      vertex 80 7 0
      vertex 78.985 1.23682 0
    endloop
  endfacet
  facet normal 0 0 -1
    outer loop
      vertex 78.7632 1.01503 0
      vertex 80 7 0
      vertex 78.8686 1.13137 0
    endloop
  endfacet
  facet normal 0 0 -1
    outer loop
      vertex 78.6696 0.888912 0
      vertex 80 7 0
      vertex 78.7632 1.01503 0
    endloop
  endfacet
  facet normal 0 0 -1
    outer loop
      vertex 78.5889 0.754234 0
      vertex 80 7 0
      vertex 78.6696 0.888912 0
    endloop
  endfacet
  facet normal 0 0 -1
    outer loop
      vertex 78.5218 0.612293 0
      vertex 80 7 0
      vertex 78.5889 0.754234 0
    endloop
  endfacet
  facet normal 0 0 -1
    outer loop
      vertex 78.4689 0.464455 0
      vertex 80 7 0
      vertex 78.5218 0.612293 0
    endloop
  endfacet
  facet normal 0 0 -1
    outer loop
      vertex 22.1531 0.65314 0
      vertex 78.4689 0.464455 0
      vertex 78.4307 0.312144 0
    endloop
  endfacet
  facet normal 0 0 -1
    outer loop
      vertex 22.25 0 0
      vertex 78.4077 0.156827 0
      vertex 78.4 0 0
    endloop
  endfacet
  facet normal 0 0 -1
    outer loop
      vertex 22.2392 0.220538 0
      vertex 78.4077 0.156827 0
      vertex 22.25 0 0
    endloop
  endfacet
  facet normal 0 0 -1
    outer loop
      vertex 78.4077 0.156827 0
      vertex 22.2392 0.220538 0
      vertex 78.4307 0.312144 0
    endloop
  endfacet
  facet normal 0 0 -1
    outer loop
      vertex 22.2068 0.438952 0
      vertex 78.4307 0.312144 0
      vertex 22.2392 0.220538 0
    endloop
  endfacet
  facet normal 0 0 -1
    outer loop
      vertex 22.1531 0.65314 0
      vertex 78.4307 0.312144 0
      vertex 22.2068 0.438952 0
    endloop
  endfacet
  facet normal 0 0 -1
    outer loop
      vertex 78.4689 0.464455 0
      vertex 22.1531 0.65314 0
      vertex 80 7 0
    endloop
  endfacet
  facet normal 0 0 -1
    outer loop
      vertex 22.0787 0.861037 0
      vertex 80 7 0
      vertex 22.1531 0.65314 0
    endloop
  endfacet
  facet normal 0 0 -1
    outer loop
      vertex 21.9843 1.06064 0
      vertex 80 7 0
      vertex 22.0787 0.861037 0
    endloop
  endfacet
  facet normal 0 0 -1
    outer loop
      vertex 21.8708 1.25003 0
      vertex 80 7 0
      vertex 21.9843 1.06064 0
    endloop
  endfacet
  facet normal 0 0 -1
    outer loop
      vertex 21.7393 1.42738 0
      vertex 80 7 0
      vertex 21.8708 1.25003 0
    endloop
  endfacet
  facet normal 0 0 -1
    outer loop
      vertex 21.591 1.59099 0
      vertex 80 7 0
      vertex 21.7393 1.42738 0
    endloop
  endfacet
  facet normal 0 0 -1
    outer loop
      vertex 21.4274 1.73927 0
      vertex 80 7 0
      vertex 21.591 1.59099 0
    endloop
  endfacet
  facet normal 0 0 -1
    outer loop
      vertex 21.25 1.87081 0
      vertex 80 7 0
      vertex 21.4274 1.73927 0
    endloop
  endfacet
  facet normal 0 0 -1
    outer loop
      vertex 21.0606 1.98432 0
      vertex 80 7 0
      vertex 21.25 1.87081 0
    endloop
  endfacet
  facet normal 0 0 -1
    outer loop
      vertex 20.861 2.07873 0
      vertex 80 7 0
      vertex 21.0606 1.98432 0
    endloop
  endfacet
  facet normal 0 0 -1
    outer loop
      vertex 20.6531 2.15312 0
      vertex 80 7 0
      vertex 20.861 2.07873 0
    endloop
  endfacet
  facet normal 0 0 -1
    outer loop
      vertex 20.439 2.20677 0
      vertex 80 7 0
      vertex 20.6531 2.15312 0
    endloop
  endfacet
  facet normal 0 0 -1
    outer loop
      vertex 1.43829 8.96404 0
      vertex 20.439 2.20677 0
      vertex 20.2205 2.23917 0
    endloop
  endfacet
  facet normal 0 0 -1
    outer loop
      vertex 1.43829 8.96404 0
      vertex 20.2205 2.23917 0
      vertex 20 2.25 0
    endloop
  endfacet
  facet normal 0 0 -1
    outer loop
      vertex 1.43829 8.96404 0
      vertex 20 2.25 0
      vertex 19.7795 2.23917 0
    endloop
  endfacet
  facet normal 0 0 -1
    outer loop
      vertex 16.2 0 0
      vertex 17.7608 0.220538 0
      vertex 17.75 0 0
    endloop
  endfacet
  facet normal 0 0 -1
    outer loop
      vertex 16.1894 0.215637 0
      vertex 17.7608 0.220538 0
      vertex 16.2 0 0
    endloop
  endfacet
  facet normal -0 0 -1
    outer loop
      vertex 17.7608 0.220538 0
      vertex 16.1894 0.215637 0
      vertex 17.7932 0.438952 0
    endloop
  endfacet
  facet normal 0 0 -1
    outer loop
      vertex 16.1577 0.429184 0
      vertex 17.7932 0.438952 0
      vertex 16.1894 0.215637 0
    endloop
  endfacet
  facet normal 0 0 -1
    outer loop
      vertex 16.1053 0.638626 0
      vertex 17.7932 0.438952 0
      vertex 16.1577 0.429184 0
    endloop
  endfacet
  facet normal 0 0 -1
    outer loop
      vertex 17.7932 0.438952 0
      vertex 16.1053 0.638626 0
      vertex 17.8469 0.65314 0
    endloop
  endfacet
  facet normal 0 0 -1
    outer loop
      vertex 16.0325 0.841888 0
      vertex 17.8469 0.65314 0
      vertex 16.1053 0.638626 0
    endloop
  endfacet
  facet normal 0 0 -1
    outer loop
      vertex 17.8469 0.65314 0
      vertex 16.0325 0.841888 0
      vertex 17.9213 0.861037 0
    endloop
  endfacet
  facet normal 0 0 -1
    outer loop
      vertex 15.9402 1.03706 0
      vertex 17.9213 0.861037 0
      vertex 16.0325 0.841888 0
    endloop
  endfacet
  facet normal 0 0 -1
    outer loop
      vertex 17.9213 0.861037 0
      vertex 15.9402 1.03706 0
      vertex 18.0157 1.06064 0
    endloop
  endfacet
  facet normal 0 0 -1
    outer loop
      vertex 15.8292 1.22224 0
      vertex 18.0157 1.06064 0
      vertex 15.9402 1.03706 0
    endloop
  endfacet
  facet normal 0 0 -1
    outer loop
      vertex 18.0157 1.06064 0
      vertex 15.8292 1.22224 0
      vertex 18.1292 1.25003 0
    endloop
  endfacet
  facet normal 0 0 -1
    outer loop
      vertex 15.7006 1.39566 0
      vertex 18.1292 1.25003 0
      vertex 15.8292 1.22224 0
    endloop
  endfacet
  facet normal 0 0 -1
    outer loop
      vertex 18.1292 1.25003 0
      vertex 15.7006 1.39566 0
      vertex 18.2607 1.42738 0
    endloop
  endfacet
  facet normal 0 0 -1
    outer loop
      vertex 15.5556 1.55563 0
      vertex 18.2607 1.42738 0
      vertex 15.7006 1.39566 0
    endloop
  endfacet
  facet normal 0 0 -1
    outer loop
      vertex 18.2607 1.42738 0
      vertex 15.5556 1.55563 0
      vertex 18.409 1.59099 0
    endloop
  endfacet
  facet normal 0 0 -1
    outer loop
      vertex 15.3957 1.70062 0
      vertex 18.409 1.59099 0
      vertex 15.5556 1.55563 0
    endloop
  endfacet
  facet normal 0 0 -1
    outer loop
      vertex 18.409 1.59099 0
      vertex 15.3957 1.70062 0
      vertex 18.5726 1.73927 0
    endloop
  endfacet
  facet normal 0 0 -1
    outer loop
      vertex 15.2222 1.82922 0
      vertex 18.5726 1.73927 0
      vertex 15.3957 1.70062 0
    endloop
  endfacet
  facet normal 0 0 -1
    outer loop
      vertex 18.5726 1.73927 0
      vertex 15.2222 1.82922 0
      vertex 18.75 1.87081 0
    endloop
  endfacet
  facet normal 0 0 -1
    outer loop
      vertex 15.0371 1.94022 0
      vertex 18.75 1.87081 0
      vertex 15.2222 1.82922 0
    endloop
  endfacet
  facet normal 0 0 -1
    outer loop
      vertex 18.75 1.87081 0
      vertex 15.0371 1.94022 0
      vertex 18.9394 1.98432 0
    endloop
  endfacet
  facet normal 0 0 -1
    outer loop
      vertex 14.8419 2.03253 0
      vertex 18.9394 1.98432 0
      vertex 15.0371 1.94022 0
    endloop
  endfacet
  facet normal 0 0 -1
    outer loop
      vertex 18.9394 1.98432 0
      vertex 14.8419 2.03253 0
      vertex 19.139 2.07873 0
    endloop
  endfacet
  facet normal 0 0 -1
    outer loop
      vertex 14.6386 2.10526 0
      vertex 19.139 2.07873 0
      vertex 14.8419 2.03253 0
    endloop
  endfacet
  facet normal 0 0 -1
    outer loop
      vertex 19.139 2.07873 0
      vertex 14.6386 2.10526 0
      vertex 19.3469 2.15312 0
    endloop
  endfacet
  facet normal 0 0 -1
    outer loop
      vertex 14.4292 2.15771 0
      vertex 19.3469 2.15312 0
      vertex 14.6386 2.10526 0
    endloop
  endfacet
  facet normal 0 0 -1
    outer loop
      vertex 19.3469 2.15312 0
      vertex 14.4292 2.15771 0
      vertex 19.561 2.20677 0
    endloop
  endfacet
  facet normal 0 0 -1
    outer loop
      vertex 14.2156 2.18939 0
      vertex 19.561 2.20677 0
      vertex 14.4292 2.15771 0
    endloop
  endfacet
  facet normal -0 0 -1
    outer loop
      vertex 19.561 2.20677 0
      vertex 14.2156 2.18939 0
      vertex 19.7795 2.23917 0
    endloop
  endfacet
  facet normal -0 0 -1
    outer loop
      vertex 19.7795 2.23917 0
      vertex 14.2156 2.18939 0
      vertex 1.43829 8.96404 0
    endloop
  endfacet
  facet normal 0 0 -1
    outer loop
      vertex 20.439 2.20677 0
      vertex 1.43829 8.96404 0
      vertex 80 7 0
    endloop
  endfacet
  facet normal 0 0 -1
    outer loop
      vertex 0.362663 3.68218 0
      vertex 1.43829 8.96404 0
      vertex 14.2156 2.18939 0
    endloop
  endfacet
  facet normal 0 0 -1
    outer loop
      vertex 0 3.7 0
      vertex 1.43829 8.96404 0
      vertex 0.362663 3.68218 0
    endloop
  endfacet
  facet normal 0 0 -1
    outer loop
      vertex -0.362663 3.68218 0
      vertex 1.43829 8.96404 0
      vertex 0 3.7 0
    endloop
  endfacet
  facet normal 0 0 -1
    outer loop
      vertex -14.2156 2.18939 0
      vertex 1.43829 8.96404 0
      vertex -0.362663 3.68218 0
    endloop
  endfacet
  facet normal 0 0 -1
    outer loop
      vertex -23.2247 16.3484 0
      vertex -14.2156 2.18939 0
      vertex -14.4292 2.15771 0
    endloop
  endfacet
  facet normal 0 0 -1
    outer loop
      vertex -23.2247 16.3484 0
      vertex -14.4292 2.15771 0
      vertex -14.6386 2.10526 0
    endloop
  endfacet
  facet normal 0 0 -1
    outer loop
      vertex -23.2247 16.3484 0
      vertex -14.6386 2.10526 0
      vertex -14.8419 2.03253 0
    endloop
  endfacet
  facet normal 0 0 -1
    outer loop
      vertex -34.4185 -16.698 0
      vertex -42.94 -6.34682 0
      vertex -34.34 -16.7 0
    endloop
  endfacet
  facet normal 0 0 -1
    outer loop
      vertex -25.66 -16.7 0
      vertex -42.94 -6.34682 0
      vertex -16.1577 -0.429184 0
    endloop
  endfacet
  facet normal -0 0 -1
    outer loop
      vertex -16.1577 -0.429184 0
      vertex -42.94 -6.34682 0
      vertex -16.1894 -0.215637 0
    endloop
  endfacet
  facet normal -0 0 -1
    outer loop
      vertex -16.1894 -0.215637 0
      vertex -42.94 -6.34682 0
      vertex -16.2 0 0
    endloop
  endfacet
  facet normal 0 0 -1
    outer loop
      vertex -14.2156 2.18939 0
      vertex -23.2247 16.3484 0
      vertex 1.43829 8.96404 0
    endloop
  endfacet
  facet normal 0 0 -1
    outer loop
      vertex -15.0371 1.94022 0
      vertex -23.2247 16.3484 0
      vertex -14.8419 2.03253 0
    endloop
  endfacet
  facet normal 0 0 -1
    outer loop
      vertex -15.2222 1.82922 0
      vertex -23.2247 16.3484 0
      vertex -15.0371 1.94022 0
    endloop
  endfacet
  facet normal 0 0 -1
    outer loop
      vertex -15.3957 1.70062 0
      vertex -23.2247 16.3484 0
      vertex -15.2222 1.82922 0
    endloop
  endfacet
  facet normal 0 0 -1
    outer loop
      vertex -15.5556 1.55563 0
      vertex -23.2247 16.3484 0
      vertex -15.3957 1.70062 0
    endloop
  endfacet
  facet normal 0 0 -1
    outer loop
      vertex -15.7006 1.39566 0
      vertex -23.2247 16.3484 0
      vertex -15.5556 1.55563 0
    endloop
  endfacet
  facet normal 0 0 -1
    outer loop
      vertex -15.8292 1.22224 0
      vertex -23.2247 16.3484 0
      vertex -15.7006 1.39566 0
    endloop
  endfacet
  facet normal 0 0 -1
    outer loop
      vertex -15.9402 1.03706 0
      vertex -23.2247 16.3484 0
      vertex -15.8292 1.22224 0
    endloop
  endfacet
  facet normal 0 0 -1
    outer loop
      vertex -16.0325 0.841888 0
      vertex -23.2247 16.3484 0
      vertex -15.9402 1.03706 0
    endloop
  endfacet
  facet normal 0 0 -1
    outer loop
      vertex -42.94 6.34682 0
      vertex -16.2 0 0
      vertex -42.94 -6.34682 0
    endloop
  endfacet
  facet normal 0 0 -1
    outer loop
      vertex -25.5815 -16.698 0
      vertex -23.2247 -16.3484 0
      vertex -23.8958 -16.5166 0
    endloop
  endfacet
  facet normal 0 0 -1
    outer loop
      vertex -42.94 6.34682 0
      vertex -16.1577 0.429184 0
      vertex -16.1894 0.215637 0
    endloop
  endfacet
  facet normal 0 0 -1
    outer loop
      vertex -25.5815 -16.698 0
      vertex -23.8958 -16.5166 0
      vertex -24.0499 -16.5472 0
    endloop
  endfacet
  facet normal 0 0 -1
    outer loop
      vertex -16.0325 0.841888 0
      vertex -25.66 16.7 0
      vertex -23.2247 16.3484 0
    endloop
  endfacet
  facet normal 0 0 -1
    outer loop
      vertex -25.5815 -16.698 0
      vertex -24.0499 -16.5472 0
      vertex -24.7342 -16.6487 0
    endloop
  endfacet
  facet normal 0 0 -1
    outer loop
      vertex -23.2247 -16.3484 0
      vertex -25.5815 -16.698 0
      vertex -25.66 -16.7 0
    endloop
  endfacet
  facet normal 0 0 -1
    outer loop
      vertex -25.5815 -16.698 0
      vertex -24.7342 -16.6487 0
      vertex -24.8905 -16.6641 0
    endloop
  endfacet
  facet normal -0 -0 -1
    outer loop
      vertex -25.5815 16.698 0
      vertex -23.2247 16.3484 0
      vertex -25.66 16.7 0
    endloop
  endfacet
  facet normal 0 0 -1
    outer loop
      vertex -24.0499 16.5472 0
      vertex -25.5815 16.698 0
      vertex -24.7342 16.6487 0
    endloop
  endfacet
  facet normal 0 0 -1
    outer loop
      vertex -24.7342 16.6487 0
      vertex -25.5815 16.698 0
      vertex -24.8905 16.6641 0
    endloop
  endfacet
  facet normal 0 0 -1
    outer loop
      vertex -23.2247 16.3484 0
      vertex -25.5815 16.698 0
      vertex -23.8958 16.5166 0
    endloop
  endfacet
  facet normal 0 0 -1
    outer loop
      vertex -23.8958 16.5166 0
      vertex -25.5815 16.698 0
      vertex -24.0499 16.5472 0
    endloop
  endfacet
  facet normal 0 0 -1
    outer loop
      vertex -42.94 6.34682 0
      vertex -25.66 16.7 0
      vertex -16.1577 0.429184 0
    endloop
  endfacet
  facet normal 0 0 -1
    outer loop
      vertex -16.1577 0.429184 0
      vertex -25.66 16.7 0
      vertex -16.1053 0.638626 0
    endloop
  endfacet
  facet normal 0 0 -1
    outer loop
      vertex -35.1095 -16.6641 0
      vertex -42.94 -6.34682 0
      vertex -34.4185 -16.698 0
    endloop
  endfacet
  facet normal 0 0 -1
    outer loop
      vertex -16.1053 0.638626 0
      vertex -25.66 16.7 0
      vertex -16.0325 0.841888 0
    endloop
  endfacet
  facet normal 0 0 -1
    outer loop
      vertex -35.2658 -16.6487 0
      vertex -42.94 -6.34682 0
      vertex -35.1095 -16.6641 0
    endloop
  endfacet
  facet normal 0 0 -1
    outer loop
      vertex -16.2 0 0
      vertex -42.94 6.34682 0
      vertex -16.1894 0.215637 0
    endloop
  endfacet
  facet normal 0 0 -1
    outer loop
      vertex -35.9501 -16.5472 0
      vertex -42.94 -6.34682 0
      vertex -35.2658 -16.6487 0
    endloop
  endfacet
  facet normal 0 0 -1
    outer loop
      vertex -34.34 16.7 0
      vertex -37.722 16.0097 0
      vertex -34.4185 16.698 0
    endloop
  endfacet
  facet normal 0 0 -1
    outer loop
      vertex -36.1042 -16.5166 0
      vertex -42.94 -6.34682 0
      vertex -35.9501 -16.5472 0
    endloop
  endfacet
  facet normal 0 0 -1
    outer loop
      vertex -34.4185 16.698 0
      vertex -37.722 16.0097 0
      vertex -35.1095 16.6641 0
    endloop
  endfacet
  facet normal 0 0 -1
    outer loop
      vertex -36.7753 -16.3484 0
      vertex -42.94 -6.34682 0
      vertex -36.1042 -16.5166 0
    endloop
  endfacet
  facet normal 0 0 -1
    outer loop
      vertex -35.1095 16.6641 0
      vertex -37.722 16.0097 0
      vertex -35.2658 16.6487 0
    endloop
  endfacet
  facet normal 0 0 -1
    outer loop
      vertex -36.9255 -16.3029 0
      vertex -42.94 -6.34682 0
      vertex -36.7753 -16.3484 0
    endloop
  endfacet
  facet normal 0 0 -1
    outer loop
      vertex -35.2658 16.6487 0
      vertex -37.722 16.0097 0
      vertex -35.9501 16.5472 0
    endloop
  endfacet
  facet normal 0 0 -1
    outer loop
      vertex -37.5769 -16.0698 0
      vertex -42.94 -6.34682 0
      vertex -36.9255 -16.3029 0
    endloop
  endfacet
  facet normal 0 0 -1
    outer loop
      vertex -35.9501 16.5472 0
      vertex -37.722 16.0097 0
      vertex -36.1042 16.5166 0
    endloop
  endfacet
  facet normal 0 0 -1
    outer loop
      vertex -37.722 -16.0097 0
      vertex -42.94 -6.34682 0
      vertex -37.5769 -16.0698 0
    endloop
  endfacet
  facet normal 0 0 -1
    outer loop
      vertex -36.1042 16.5166 0
      vertex -37.722 16.0097 0
      vertex -36.7753 16.3484 0
    endloop
  endfacet
  facet normal 0 0 -1
    outer loop
      vertex -42.94 -6.34682 0
      vertex -37.722 -16.0097 0
      vertex -42.94 -9.75318 0
    endloop
  endfacet
  facet normal 0 0 -1
    outer loop
      vertex -36.7753 16.3484 0
      vertex -37.722 16.0097 0
      vertex -36.9255 16.3029 0
    endloop
  endfacet
  facet normal 0 0 -1
    outer loop
      vertex -36.9255 16.3029 0
      vertex -37.722 16.0097 0
      vertex -37.5769 16.0698 0
    endloop
  endfacet
  facet normal 0 0 -1
    outer loop
      vertex -37.722 -16.0097 0
      vertex -45.89 -11.4564 0
      vertex -42.94 -9.75318 0
    endloop
  endfacet
  facet normal 0 0 -1
    outer loop
      vertex -47.4207 -11.7455 0
      vertex -45.89 -11.4564 0
      vertex -37.722 -16.0097 0
    endloop
  endfacet
  facet normal 0 0 -1
    outer loop
      vertex -47.7756 -11.5777 0
      vertex -45.89 -11.4564 0
      vertex -47.4207 -11.7455 0
    endloop
  endfacet
  facet normal 0 0 -1
    outer loop
      vertex -48.84 -9.75318 0
      vertex -47.7756 -11.5777 0
      vertex -48.1123 -11.3759 0
    endloop
  endfacet
  facet normal 0 0 -1
    outer loop
      vertex -48.84 -9.75318 0
      vertex -48.1123 -11.3759 0
      vertex -48.4276 -11.142 0
    endloop
  endfacet
  facet normal 0 0 -1
    outer loop
      vertex -48.84 -9.75318 0
      vertex -48.4276 -11.142 0
      vertex -48.7184 -10.8784 0
    endloop
  endfacet
  facet normal 0 0 -1
    outer loop
      vertex -47.7756 -11.5777 0
      vertex -48.84 -9.75318 0
      vertex -45.89 -11.4564 0
    endloop
  endfacet
  facet normal 0 0 -1
    outer loop
      vertex -49.89 -8.04999 0
      vertex -48.84 -9.75318 0
      vertex -48.982 -10.5876 0
    endloop
  endfacet
  facet normal 0 0 -1
    outer loop
      vertex -48.84 -9.75318 0
      vertex -49.89 -8.04999 0
      vertex -48.84 -6.34682 0
    endloop
  endfacet
  facet normal -0 0 -1
    outer loop
      vertex -48.84 -6.34682 0
      vertex -49.89 -8.04999 0
      vertex -48.84 6.34682 0
    endloop
  endfacet
  facet normal 0 0 -1
    outer loop
      vertex -48.982 -10.5876 0
      vertex -48.84 -9.75318 0
      vertex -48.7184 -10.8784 0
    endloop
  endfacet
  facet normal 0 0 1
    outer loop
      vertex 83.5 0 6
      vertex 87 0 6
      vertex 86.9663 0.686111 6
    endloop
  endfacet
  facet normal 0 0 1
    outer loop
      vertex 83.4831 0.34306 6
      vertex 86.9663 0.686111 6
      vertex 86.8655 1.36563 6
    endloop
  endfacet
  facet normal 0 0 1
    outer loop
      vertex 87 0 6
      vertex 83.5 0 6
      vertex 86.9663 -0.686111 6
    endloop
  endfacet
  facet normal 0 0 1
    outer loop
      vertex 83.4327 0.682816 6
      vertex 86.8655 1.36563 6
      vertex 86.6986 2.03198 6
    endloop
  endfacet
  facet normal -0 0 1
    outer loop
      vertex 83.4831 -0.34306 6
      vertex 86.9663 -0.686111 6
      vertex 83.5 0 6
    endloop
  endfacet
  facet normal 0 0 1
    outer loop
      vertex 83.3493 1.016 6
      vertex 86.6986 2.03198 6
      vertex 86.4671 2.67877 6
    endloop
  endfacet
  facet normal 0 0 1
    outer loop
      vertex 86.9663 -0.686111 6
      vertex 83.4831 -0.34306 6
      vertex 86.8655 -1.36563 6
    endloop
  endfacet
  facet normal 0 0 1
    outer loop
      vertex 83.2336 1.33939 6
      vertex 86.4671 2.67877 6
      vertex 86.1734 3.29977 6
    endloop
  endfacet
  facet normal -0 0 1
    outer loop
      vertex 83.4327 -0.682816 6
      vertex 86.8655 -1.36563 6
      vertex 83.4831 -0.34306 6
    endloop
  endfacet
  facet normal 0 0 1
    outer loop
      vertex 83.0867 1.64989 6
      vertex 86.1734 3.29977 6
      vertex 85.8203 3.88898 6
    endloop
  endfacet
  facet normal 0 0 1
    outer loop
      vertex 86.8655 -1.36563 6
      vertex 83.4327 -0.682816 6
      vertex 86.6986 -2.03198 6
    endloop
  endfacet
  facet normal 0 0 1
    outer loop
      vertex 82.9101 1.9445 6
      vertex 85.8203 3.88898 6
      vertex 85.4111 4.44075 6
    endloop
  endfacet
  facet normal -0 0 1
    outer loop
      vertex 83.3493 -1.016 6
      vertex 86.6986 -2.03198 6
      vertex 83.4327 -0.682816 6
    endloop
  endfacet
  facet normal 0 0 1
    outer loop
      vertex 82.7055 2.22038 6
      vertex 85.4111 4.44075 6
      vertex 84.9497 4.94974 6
    endloop
  endfacet
  facet normal 0 0 1
    outer loop
      vertex 86.6986 -2.03198 6
      vertex 83.3493 -1.016 6
      vertex 86.4671 -2.67877 6
    endloop
  endfacet
  facet normal 0 0 1
    outer loop
      vertex 82.4749 2.47487 6
      vertex 84.9497 4.94974 6
      vertex 84.4408 5.41107 6
    endloop
  endfacet
  facet normal -0 0 1
    outer loop
      vertex 83.2336 -1.33939 6
      vertex 86.4671 -2.67877 6
      vertex 83.3493 -1.016 6
    endloop
  endfacet
  facet normal 0 0 1
    outer loop
      vertex 82.2204 2.70554 6
      vertex 84.4408 5.41107 6
      vertex 83.889 5.82028 6
    endloop
  endfacet
  facet normal 0 0 1
    outer loop
      vertex 86.4671 -2.67877 6
      vertex 83.2336 -1.33939 6
      vertex 86.1734 -3.29977 6
    endloop
  endfacet
  facet normal -0 0 1
    outer loop
      vertex 83.0867 -1.64989 6
      vertex 86.1734 -3.29977 6
      vertex 83.2336 -1.33939 6
    endloop
  endfacet
  facet normal 0 0 1
    outer loop
      vertex 86.9663 0.686111 6
      vertex 83.4831 0.34306 6
      vertex 83.5 0 6
    endloop
  endfacet
  facet normal 0 0 1
    outer loop
      vertex 86.8655 1.36563 6
      vertex 83.4327 0.682816 6
      vertex 83.4831 0.34306 6
    endloop
  endfacet
  facet normal 0 0 1
    outer loop
      vertex 86.6986 2.03198 6
      vertex 83.3493 1.016 6
      vertex 83.4327 0.682816 6
    endloop
  endfacet
  facet normal 0 0 1
    outer loop
      vertex 81.9445 2.91014 6
      vertex 83.889 5.82028 6
      vertex 83.2998 6.17345 6
    endloop
  endfacet
  facet normal 0 0 1
    outer loop
      vertex 86.4671 2.67877 6
      vertex 83.2336 1.33939 6
      vertex 83.3493 1.016 6
    endloop
  endfacet
  facet normal 0 0 1
    outer loop
      vertex 86.1734 3.29977 6
      vertex 83.0867 1.64989 6
      vertex 83.2336 1.33939 6
    endloop
  endfacet
  facet normal 0 0 1
    outer loop
      vertex 85.8203 3.88898 6
      vertex 82.9101 1.9445 6
      vertex 83.0867 1.64989 6
    endloop
  endfacet
  facet normal 0 0 1
    outer loop
      vertex 85.4111 4.44075 6
      vertex 82.7055 2.22038 6
      vertex 82.9101 1.9445 6
    endloop
  endfacet
  facet normal 0 0 1
    outer loop
      vertex 81.6499 3.08672 6
      vertex 83.2998 6.17345 6
      vertex 82.6788 6.46715 6
    endloop
  endfacet
  facet normal 0 0 1
    outer loop
      vertex 84.9497 4.94974 6
      vertex 82.4749 2.47487 6
      vertex 82.7055 2.22038 6
    endloop
  endfacet
  facet normal 0 0 1
    outer loop
      vertex 84.4408 5.41107 6
      vertex 82.2204 2.70554 6
      vertex 82.4749 2.47487 6
    endloop
  endfacet
  facet normal 0 0 1
    outer loop
      vertex 81.3394 3.23358 6
      vertex 82.6788 6.46715 6
      vertex 82.032 6.69858 6
    endloop
  endfacet
  facet normal 0 0 1
    outer loop
      vertex 83.889 5.82028 6
      vertex 81.9445 2.91014 6
      vertex 82.2204 2.70554 6
    endloop
  endfacet
  facet normal 0 0 1
    outer loop
      vertex 83.2998 6.17345 6
      vertex 81.6499 3.08672 6
      vertex 81.9445 2.91014 6
    endloop
  endfacet
  facet normal 0 0 1
    outer loop
      vertex 81.016 3.34929 6
      vertex 82.032 6.69858 6
      vertex 81.3656 6.86549 6
    endloop
  endfacet
  facet normal 0 0 1
    outer loop
      vertex 82.6788 6.46715 6
      vertex 81.3394 3.23358 6
      vertex 81.6499 3.08672 6
    endloop
  endfacet
  facet normal 0 0 1
    outer loop
      vertex 82.032 6.69858 6
      vertex 81.016 3.34929 6
      vertex 81.3394 3.23358 6
    endloop
  endfacet
  facet normal 0 0 1
    outer loop
      vertex 80.6828 3.43275 6
      vertex 81.3656 6.86549 6
      vertex 80.6861 6.96628 6
    endloop
  endfacet
  facet normal 0 0 1
    outer loop
      vertex 81.3656 6.86549 6
      vertex 80.6828 3.43275 6
      vertex 81.016 3.34929 6
    endloop
  endfacet
  facet normal 0 0 1
    outer loop
      vertex 80.6861 6.96628 6
      vertex 80.3431 3.48315 6
      vertex 80.6828 3.43275 6
    endloop
  endfacet
  facet normal 0 0 1
    outer loop
      vertex 80 7 6
      vertex 80.3431 3.48315 6
      vertex 80.6861 6.96628 6
    endloop
  endfacet
  facet normal 0 0 1
    outer loop
      vertex 80 7 6
      vertex 80 3.5 6
      vertex 80.3431 3.48315 6
    endloop
  endfacet
  facet normal 0 0 1
    outer loop
      vertex 80 7 6
      vertex 79.6569 3.48315 6
      vertex 80 3.5 6
    endloop
  endfacet
  facet normal 0 0 1
    outer loop
      vertex 80 7 6
      vertex 79.3172 3.43275 6
      vertex 79.6569 3.48315 6
    endloop
  endfacet
  facet normal 0 0 1
    outer loop
      vertex 80 7 6
      vertex 78.984 3.34929 6
      vertex 79.3172 3.43275 6
    endloop
  endfacet
  facet normal 0 0 1
    outer loop
      vertex 80 7 6
      vertex 78.6606 3.23358 6
      vertex 78.984 3.34929 6
    endloop
  endfacet
  facet normal 0 0 1
    outer loop
      vertex 80 7 6
      vertex 78.3501 3.08672 6
      vertex 78.6606 3.23358 6
    endloop
  endfacet
  facet normal 0 0 1
    outer loop
      vertex 80 7 6
      vertex 78.0555 2.91014 6
      vertex 78.3501 3.08672 6
    endloop
  endfacet
  facet normal 0 0 1
    outer loop
      vertex 80 7 6
      vertex 77.7796 2.70554 6
      vertex 78.0555 2.91014 6
    endloop
  endfacet
  facet normal 0 0 1
    outer loop
      vertex 71 2.5 6
      vertex 77.7796 2.70554 6
      vertex 80 7 6
    endloop
  endfacet
  facet normal 0 0 1
    outer loop
      vertex 77.7796 2.70554 6
      vertex 71 2.5 6
      vertex 77.5251 2.47487 6
    endloop
  endfacet
  facet normal 0 0 1
    outer loop
      vertex 77.5251 2.47487 6
      vertex 71 2.5 6
      vertex 77.2945 2.22038 6
    endloop
  endfacet
  facet normal 0 0 1
    outer loop
      vertex 77.2945 2.22038 6
      vertex 71 2.5 6
      vertex 77.0899 1.9445 6
    endloop
  endfacet
  facet normal 0 0 1
    outer loop
      vertex 76.5169 0.34306 6
      vertex 71 2.5 6
      vertex 76.5 0 6
    endloop
  endfacet
  facet normal 0 0 1
    outer loop
      vertex 76.5673 0.682816 6
      vertex 71 2.5 6
      vertex 76.5169 0.34306 6
    endloop
  endfacet
  facet normal 0 0 1
    outer loop
      vertex 76.6507 1.016 6
      vertex 71 2.5 6
      vertex 76.5673 0.682816 6
    endloop
  endfacet
  facet normal 0 0 1
    outer loop
      vertex 76.7664 1.33939 6
      vertex 71 2.5 6
      vertex 76.6507 1.016 6
    endloop
  endfacet
  facet normal 0 0 1
    outer loop
      vertex 76.9133 1.64989 6
      vertex 71 2.5 6
      vertex 76.7664 1.33939 6
    endloop
  endfacet
  facet normal 0 0 1
    outer loop
      vertex 77.0899 1.9445 6
      vertex 71 2.5 6
      vertex 76.9133 1.64989 6
    endloop
  endfacet
  facet normal 0 0 1
    outer loop
      vertex 80 7 6
      vertex 14 2.5 6
      vertex 71 2.5 6
    endloop
  endfacet
  facet normal 0 0 1
    outer loop
      vertex 14 2.5 6
      vertex 2.5 0 6
      vertex 14 -2.5 6
    endloop
  endfacet
  facet normal 0 0 1
    outer loop
      vertex 14 2.5 6
      vertex 2.48796 0.245043 6
      vertex 2.5 0 6
    endloop
  endfacet
  facet normal 0 0 1
    outer loop
      vertex 14 2.5 6
      vertex 2.45196 0.487725 6
      vertex 2.48796 0.245043 6
    endloop
  endfacet
  facet normal 0 0 1
    outer loop
      vertex 14 2.5 6
      vertex 2.39235 0.725711 6
      vertex 2.45196 0.487725 6
    endloop
  endfacet
  facet normal 0 0 1
    outer loop
      vertex 14 2.5 6
      vertex 2.3097 0.956708 6
      vertex 2.39235 0.725711 6
    endloop
  endfacet
  facet normal 0 0 1
    outer loop
      vertex 14 2.5 6
      vertex 2.2048 1.17849 6
      vertex 2.3097 0.956708 6
    endloop
  endfacet
  facet normal 0 0 1
    outer loop
      vertex 14 2.5 6
      vertex 2.07867 1.38893 6
      vertex 2.2048 1.17849 6
    endloop
  endfacet
  facet normal 0 0 1
    outer loop
      vertex 14 2.5 6
      vertex 1.93253 1.58598 6
      vertex 2.07867 1.38893 6
    endloop
  endfacet
  facet normal 0 0 1
    outer loop
      vertex 1.43829 8.96404 6
      vertex 1.93253 1.58598 6
      vertex 14 2.5 6
    endloop
  endfacet
  facet normal 0 0 1
    outer loop
      vertex 1.43829 8.96404 6
      vertex 14 2.5 6
      vertex 80 7 6
    endloop
  endfacet
  facet normal 0 0 1
    outer loop
      vertex 1.93253 1.58598 6
      vertex 1.43829 8.96404 6
      vertex 1.76777 1.76777 6
    endloop
  endfacet
  facet normal 0 0 1
    outer loop
      vertex 1.76777 1.76777 6
      vertex 1.43829 8.96404 6
      vertex 1.58598 1.93253 6
    endloop
  endfacet
  facet normal 0 0 1
    outer loop
      vertex 1.43829 8.96404 6
      vertex 1.38893 2.07867 6
      vertex 1.58598 1.93253 6
    endloop
  endfacet
  facet normal 0 0 1
    outer loop
      vertex 1.43829 8.96404 6
      vertex 1.17849 2.2048 6
      vertex 1.38893 2.07867 6
    endloop
  endfacet
  facet normal 0 0 1
    outer loop
      vertex 1.43829 8.96404 6
      vertex 0.956708 2.3097 6
      vertex 1.17849 2.2048 6
    endloop
  endfacet
  facet normal 0 0 1
    outer loop
      vertex 1.43829 8.96404 6
      vertex 0.725711 2.39235 6
      vertex 0.956708 2.3097 6
    endloop
  endfacet
  facet normal 0 0 1
    outer loop
      vertex 1.43829 8.96404 6
      vertex 0.487725 2.45196 6
      vertex 0.725711 2.39235 6
    endloop
  endfacet
  facet normal 0 0 1
    outer loop
      vertex 1.43829 8.96404 6
      vertex 0.245043 2.48796 6
      vertex 0.487725 2.45196 6
    endloop
  endfacet
  facet normal 0 0 1
    outer loop
      vertex 1.43829 8.96404 6
      vertex 0 2.5 6
      vertex 0.245043 2.48796 6
    endloop
  endfacet
  facet normal 0 0 1
    outer loop
      vertex 1.43829 8.96404 6
      vertex -0.245043 2.48796 6
      vertex 0 2.5 6
    endloop
  endfacet
  facet normal 0 0 1
    outer loop
      vertex 1.43829 8.96404 6
      vertex -0.487725 2.45196 6
      vertex -0.245043 2.48796 6
    endloop
  endfacet
  facet normal 0 0 1
    outer loop
      vertex 1.43829 8.96404 6
      vertex -0.725711 2.39235 6
      vertex -0.487725 2.45196 6
    endloop
  endfacet
  facet normal 0 0 1
    outer loop
      vertex 1.43829 8.96404 6
      vertex -0.956708 2.3097 6
      vertex -0.725711 2.39235 6
    endloop
  endfacet
  facet normal 0 0 1
    outer loop
      vertex 1.43829 8.96404 6
      vertex -1.17849 2.2048 6
      vertex -0.956708 2.3097 6
    endloop
  endfacet
  facet normal 0 0 1
    outer loop
      vertex 1.43829 8.96404 6
      vertex -1.38893 2.07867 6
      vertex -1.17849 2.2048 6
    endloop
  endfacet
  facet normal 0 0 1
    outer loop
      vertex 1.43829 8.96404 6
      vertex -1.58598 1.93253 6
      vertex -1.38893 2.07867 6
    endloop
  endfacet
  facet normal -0 0 1
    outer loop
      vertex -17.0119 8.12851 6
      vertex -1.58598 1.93253 6
      vertex 1.43829 8.96404 6
    endloop
  endfacet
  facet normal 0 0 1
    outer loop
      vertex -1.58598 1.93253 6
      vertex -17.0119 8.12851 6
      vertex -1.76777 1.76777 6
    endloop
  endfacet
  facet normal 0 0 1
    outer loop
      vertex -1.76777 1.76777 6
      vertex -17.0119 8.12851 6
      vertex -1.93253 1.58598 6
    endloop
  endfacet
  facet normal 0 0 1
    outer loop
      vertex -1.93253 1.58598 6
      vertex -17.0119 8.12851 6
      vertex -2.07867 1.38893 6
    endloop
  endfacet
  facet normal 0 0 1
    outer loop
      vertex -2.07867 1.38893 6
      vertex -17.0119 8.12851 6
      vertex -2.2048 1.17849 6
    endloop
  endfacet
  facet normal 0 0 1
    outer loop
      vertex -2.48796 0.245043 6
      vertex -17.0119 8.12851 6
      vertex -2.5 0 6
    endloop
  endfacet
  facet normal 0 0 1
    outer loop
      vertex -2.45196 0.487725 6
      vertex -17.0119 8.12851 6
      vertex -2.48796 0.245043 6
    endloop
  endfacet
  facet normal 0 0 1
    outer loop
      vertex -2.39235 0.725711 6
      vertex -17.0119 8.12851 6
      vertex -2.45196 0.487725 6
    endloop
  endfacet
  facet normal 0 0 1
    outer loop
      vertex -2.3097 0.956708 6
      vertex -17.0119 8.12851 6
      vertex -2.39235 0.725711 6
    endloop
  endfacet
  facet normal 0 0 1
    outer loop
      vertex -2.2048 1.17849 6
      vertex -17.0119 8.12851 6
      vertex -2.3097 0.956708 6
    endloop
  endfacet
  facet normal 0 0 1
    outer loop
      vertex 1.43829 8.96404 6
      vertex -17.0459 8.81952 6
      vertex -17.0119 8.12851 6
    endloop
  endfacet
  facet normal 0 0 1
    outer loop
      vertex 1.43829 8.96404 6
      vertex -17.0613 8.97577 6
      vertex -17.0459 8.81952 6
    endloop
  endfacet
  facet normal 0 0 1
    outer loop
      vertex 1.43829 8.96404 6
      vertex -17.1628 9.66014 6
      vertex -17.0613 8.97577 6
    endloop
  endfacet
  facet normal 0 0 1
    outer loop
      vertex 1.43829 8.96404 6
      vertex -17.1934 9.81413 6
      vertex -17.1628 9.66014 6
    endloop
  endfacet
  facet normal 0 0 1
    outer loop
      vertex 1.43829 8.96404 6
      vertex -17.3615 10.4852 6
      vertex -17.1934 9.81413 6
    endloop
  endfacet
  facet normal 0 0 1
    outer loop
      vertex 1.43829 8.96404 6
      vertex -17.4071 10.6355 6
      vertex -17.3615 10.4852 6
    endloop
  endfacet
  facet normal 0 0 1
    outer loop
      vertex 1.43829 8.96404 6
      vertex -17.6402 11.2869 6
      vertex -17.4071 10.6355 6
    endloop
  endfacet
  facet normal 0 0 1
    outer loop
      vertex 1.43829 8.96404 6
      vertex -17.7003 11.432 6
      vertex -17.6402 11.2869 6
    endloop
  endfacet
  facet normal 0 0 1
    outer loop
      vertex 1.43829 8.96404 6
      vertex -17.9961 12.0574 6
      vertex -17.7003 11.432 6
    endloop
  endfacet
  facet normal 0 0 1
    outer loop
      vertex 1.43829 8.96404 6
      vertex -18.0701 12.1959 6
      vertex -17.9961 12.0574 6
    endloop
  endfacet
  facet normal 0 0 1
    outer loop
      vertex 1.43829 8.96404 6
      vertex -18.4258 12.7893 6
      vertex -18.0701 12.1959 6
    endloop
  endfacet
  facet normal 0 0 1
    outer loop
      vertex 1.43829 8.96404 6
      vertex -18.513 12.9199 6
      vertex -18.4258 12.7893 6
    endloop
  endfacet
  facet normal 0 0 1
    outer loop
      vertex 1.43829 8.96404 6
      vertex -18.9252 13.4756 6
      vertex -18.513 12.9199 6
    endloop
  endfacet
  facet normal 0 0 1
    outer loop
      vertex 1.43829 8.96404 6
      vertex -19.0248 13.597 6
      vertex -18.9252 13.4756 6
    endloop
  endfacet
  facet normal 0 0 1
    outer loop
      vertex 1.43829 8.96404 6
      vertex -19.4894 14.1096 6
      vertex -19.0248 13.597 6
    endloop
  endfacet
  facet normal 0 0 1
    outer loop
      vertex 1.43829 8.96404 6
      vertex -19.6004 14.2206 6
      vertex -19.4894 14.1096 6
    endloop
  endfacet
  facet normal 0 0 1
    outer loop
      vertex 1.43829 8.96404 6
      vertex -20.113 14.6852 6
      vertex -19.6004 14.2206 6
    endloop
  endfacet
  facet normal 0 0 1
    outer loop
      vertex 1.43829 8.96404 6
      vertex -20.2344 14.7849 6
      vertex -20.113 14.6852 6
    endloop
  endfacet
  facet normal 0 0 1
    outer loop
      vertex 1.43829 8.96404 6
      vertex -20.7901 15.197 6
      vertex -20.2344 14.7849 6
    endloop
  endfacet
  facet normal 0 0 1
    outer loop
      vertex 1.43829 8.96404 6
      vertex -20.9206 15.2842 6
      vertex -20.7901 15.197 6
    endloop
  endfacet
  facet normal 0 0 1
    outer loop
      vertex 1.43829 8.96404 6
      vertex -21.5141 15.6399 6
      vertex -20.9206 15.2842 6
    endloop
  endfacet
  facet normal 0 0 1
    outer loop
      vertex 1.43829 8.96404 6
      vertex -21.6526 15.7139 6
      vertex -21.5141 15.6399 6
    endloop
  endfacet
  facet normal 0 0 1
    outer loop
      vertex 1.43829 8.96404 6
      vertex -22.278 16.0097 6
      vertex -21.6526 15.7139 6
    endloop
  endfacet
  facet normal 0 0 1
    outer loop
      vertex 1.43829 8.96404 6
      vertex -22.4231 16.0698 6
      vertex -22.278 16.0097 6
    endloop
  endfacet
  facet normal 0 0 1
    outer loop
      vertex 1.43829 8.96404 6
      vertex -23.0745 16.3029 6
      vertex -22.4231 16.0698 6
    endloop
  endfacet
  facet normal -0 -0 1
    outer loop
      vertex -23.0745 16.3029 6
      vertex 1.43829 8.96404 6
      vertex -23.2247 16.3484 6
    endloop
  endfacet
  facet normal 0 0 1
    outer loop
      vertex 86.1734 -3.29977 6
      vertex 83.0867 -1.64989 6
      vertex 85.8203 -3.88898 6
    endloop
  endfacet
  facet normal -0 0 1
    outer loop
      vertex 82.9101 -1.9445 6
      vertex 85.8203 -3.88898 6
      vertex 83.0867 -1.64989 6
    endloop
  endfacet
  facet normal 0 0 1
    outer loop
      vertex 85.8203 -3.88898 6
      vertex 82.9101 -1.9445 6
      vertex 85.4111 -4.44075 6
    endloop
  endfacet
  facet normal -0 0 1
    outer loop
      vertex 82.7055 -2.22038 6
      vertex 85.4111 -4.44075 6
      vertex 82.9101 -1.9445 6
    endloop
  endfacet
  facet normal 0 0 1
    outer loop
      vertex 85.4111 -4.44075 6
      vertex 82.7055 -2.22038 6
      vertex 84.9497 -4.94974 6
    endloop
  endfacet
  facet normal -0 0 1
    outer loop
      vertex 82.4749 -2.47487 6
      vertex 84.9497 -4.94974 6
      vertex 82.7055 -2.22038 6
    endloop
  endfacet
  facet normal 0 0 1
    outer loop
      vertex 84.9497 -4.94974 6
      vertex 82.4749 -2.47487 6
      vertex 84.4408 -5.41107 6
    endloop
  endfacet
  facet normal -0 0 1
    outer loop
      vertex 82.2204 -2.70554 6
      vertex 84.4408 -5.41107 6
      vertex 82.4749 -2.47487 6
    endloop
  endfacet
  facet normal 0 0 1
    outer loop
      vertex 84.4408 -5.41107 6
      vertex 82.2204 -2.70554 6
      vertex 83.889 -5.82028 6
    endloop
  endfacet
  facet normal -0 0 1
    outer loop
      vertex 81.9445 -2.91014 6
      vertex 83.889 -5.82028 6
      vertex 82.2204 -2.70554 6
    endloop
  endfacet
  facet normal 0 0 1
    outer loop
      vertex 83.889 -5.82028 6
      vertex 81.9445 -2.91014 6
      vertex 83.2998 -6.17345 6
    endloop
  endfacet
  facet normal -0 0 1
    outer loop
      vertex 81.6499 -3.08672 6
      vertex 83.2998 -6.17345 6
      vertex 81.9445 -2.91014 6
    endloop
  endfacet
  facet normal 0 0 1
    outer loop
      vertex 83.2998 -6.17345 6
      vertex 81.6499 -3.08672 6
      vertex 82.6788 -6.46715 6
    endloop
  endfacet
  facet normal -0 0 1
    outer loop
      vertex 81.3394 -3.23358 6
      vertex 82.6788 -6.46715 6
      vertex 81.6499 -3.08672 6
    endloop
  endfacet
  facet normal 0 0 1
    outer loop
      vertex 82.6788 -6.46715 6
      vertex 81.3394 -3.23358 6
      vertex 82.032 -6.69858 6
    endloop
  endfacet
  facet normal -0 0 1
    outer loop
      vertex 81.016 -3.34929 6
      vertex 82.032 -6.69858 6
      vertex 81.3394 -3.23358 6
    endloop
  endfacet
  facet normal 0 0 1
    outer loop
      vertex 82.032 -6.69858 6
      vertex 81.016 -3.34929 6
      vertex 81.3656 -6.86549 6
    endloop
  endfacet
  facet normal -0 0 1
    outer loop
      vertex 80.6828 -3.43275 6
      vertex 81.3656 -6.86549 6
      vertex 81.016 -3.34929 6
    endloop
  endfacet
  facet normal 0 0 1
    outer loop
      vertex 81.3656 -6.86549 6
      vertex 80.6828 -3.43275 6
      vertex 80.6861 -6.96628 6
    endloop
  endfacet
  facet normal -0 0 1
    outer loop
      vertex 80.3431 -3.48315 6
      vertex 80.6861 -6.96628 6
      vertex 80.6828 -3.43275 6
    endloop
  endfacet
  facet normal -0 0 1
    outer loop
      vertex 80 -3.5 6
      vertex 80.6861 -6.96628 6
      vertex 80.3431 -3.48315 6
    endloop
  endfacet
  facet normal 0 0 1
    outer loop
      vertex 80 -3.5 6
      vertex 80 -7 6
      vertex 80.6861 -6.96628 6
    endloop
  endfacet
  facet normal 0 0 1
    outer loop
      vertex 79.6569 -3.48315 6
      vertex 80 -7 6
      vertex 80 -3.5 6
    endloop
  endfacet
  facet normal 0 0 1
    outer loop
      vertex 79.3172 -3.43275 6
      vertex 80 -7 6
      vertex 79.6569 -3.48315 6
    endloop
  endfacet
  facet normal 0 0 1
    outer loop
      vertex 78.984 -3.34929 6
      vertex 80 -7 6
      vertex 79.3172 -3.43275 6
    endloop
  endfacet
  facet normal 0 0 1
    outer loop
      vertex 78.6606 -3.23358 6
      vertex 80 -7 6
      vertex 78.984 -3.34929 6
    endloop
  endfacet
  facet normal 0 0 1
    outer loop
      vertex 78.3501 -3.08672 6
      vertex 80 -7 6
      vertex 78.6606 -3.23358 6
    endloop
  endfacet
  facet normal 0 0 1
    outer loop
      vertex 78.0555 -2.91014 6
      vertex 80 -7 6
      vertex 78.3501 -3.08672 6
    endloop
  endfacet
  facet normal 0 0 1
    outer loop
      vertex 77.7796 -2.70554 6
      vertex 80 -7 6
      vertex 78.0555 -2.91014 6
    endloop
  endfacet
  facet normal -0 0 1
    outer loop
      vertex 71 -2.5 6
      vertex 77.7796 -2.70554 6
      vertex 77.5251 -2.47487 6
    endloop
  endfacet
  facet normal 0 0 1
    outer loop
      vertex 71 -2.5 6
      vertex 77.5251 -2.47487 6
      vertex 77.2945 -2.22038 6
    endloop
  endfacet
  facet normal 0 0 1
    outer loop
      vertex 71 -2.5 6
      vertex 77.2945 -2.22038 6
      vertex 77.0899 -1.9445 6
    endloop
  endfacet
  facet normal 0 0 1
    outer loop
      vertex 71 -2.5 6
      vertex 77.0899 -1.9445 6
      vertex 76.9133 -1.64989 6
    endloop
  endfacet
  facet normal 0 0 1
    outer loop
      vertex 71 -2.5 6
      vertex 76.5 0 6
      vertex 71 2.5 6
    endloop
  endfacet
  facet normal 0 0 1
    outer loop
      vertex 76.5 0 6
      vertex 71 -2.5 6
      vertex 76.5169 -0.34306 6
    endloop
  endfacet
  facet normal 0 0 1
    outer loop
      vertex 76.5169 -0.34306 6
      vertex 71 -2.5 6
      vertex 76.5673 -0.682816 6
    endloop
  endfacet
  facet normal 0 0 1
    outer loop
      vertex 76.5673 -0.682816 6
      vertex 71 -2.5 6
      vertex 76.6507 -1.016 6
    endloop
  endfacet
  facet normal 0 0 1
    outer loop
      vertex 76.6507 -1.016 6
      vertex 71 -2.5 6
      vertex 76.7664 -1.33939 6
    endloop
  endfacet
  facet normal 0 0 1
    outer loop
      vertex 76.7664 -1.33939 6
      vertex 71 -2.5 6
      vertex 76.9133 -1.64989 6
    endloop
  endfacet
  facet normal 0 0 1
    outer loop
      vertex 77.7796 -2.70554 6
      vertex 71 -2.5 6
      vertex 80 -7 6
    endloop
  endfacet
  facet normal -0 0 1
    outer loop
      vertex 14 -2.5 6
      vertex 80 -7 6
      vertex 71 -2.5 6
    endloop
  endfacet
  facet normal -0 0 1
    outer loop
      vertex 2.48796 -0.245043 6
      vertex 14 -2.5 6
      vertex 2.5 0 6
    endloop
  endfacet
  facet normal -0 0 1
    outer loop
      vertex 2.45196 -0.487725 6
      vertex 14 -2.5 6
      vertex 2.48796 -0.245043 6
    endloop
  endfacet
  facet normal -0 0 1
    outer loop
      vertex 2.39235 -0.725711 6
      vertex 14 -2.5 6
      vertex 2.45196 -0.487725 6
    endloop
  endfacet
  facet normal -0 0 1
    outer loop
      vertex 2.3097 -0.956708 6
      vertex 14 -2.5 6
      vertex 2.39235 -0.725711 6
    endloop
  endfacet
  facet normal -0 0 1
    outer loop
      vertex 2.2048 -1.17849 6
      vertex 14 -2.5 6
      vertex 2.3097 -0.956708 6
    endloop
  endfacet
  facet normal -0 0 1
    outer loop
      vertex 2.07867 -1.38893 6
      vertex 14 -2.5 6
      vertex 2.2048 -1.17849 6
    endloop
  endfacet
  facet normal -0 0 1
    outer loop
      vertex 1.93253 -1.58598 6
      vertex 14 -2.5 6
      vertex 2.07867 -1.38893 6
    endloop
  endfacet
  facet normal 0 0 1
    outer loop
      vertex 1.43829 -8.96404 6
      vertex 1.93253 -1.58598 6
      vertex 1.76777 -1.76777 6
    endloop
  endfacet
  facet normal 0 0 1
    outer loop
      vertex 1.93253 -1.58598 6
      vertex 1.43829 -8.96404 6
      vertex 14 -2.5 6
    endloop
  endfacet
  facet normal 0 0 1
    outer loop
      vertex 1.43829 -8.96404 6
      vertex 1.76777 -1.76777 6
      vertex 1.58598 -1.93253 6
    endloop
  endfacet
  facet normal 0 0 1
    outer loop
      vertex 14 -2.5 6
      vertex 1.43829 -8.96404 6
      vertex 80 -7 6
    endloop
  endfacet
  facet normal -0 0 1
    outer loop
      vertex 1.38893 -2.07867 6
      vertex 1.43829 -8.96404 6
      vertex 1.58598 -1.93253 6
    endloop
  endfacet
  facet normal -0 0 1
    outer loop
      vertex 1.17849 -2.2048 6
      vertex 1.43829 -8.96404 6
      vertex 1.38893 -2.07867 6
    endloop
  endfacet
  facet normal -0 0 1
    outer loop
      vertex 0.956708 -2.3097 6
      vertex 1.43829 -8.96404 6
      vertex 1.17849 -2.2048 6
    endloop
  endfacet
  facet normal -0 0 1
    outer loop
      vertex 0.725711 -2.39235 6
      vertex 1.43829 -8.96404 6
      vertex 0.956708 -2.3097 6
    endloop
  endfacet
  facet normal -0 0 1
    outer loop
      vertex 0.487725 -2.45196 6
      vertex 1.43829 -8.96404 6
      vertex 0.725711 -2.39235 6
    endloop
  endfacet
  facet normal -0 0 1
    outer loop
      vertex 0.245043 -2.48796 6
      vertex 1.43829 -8.96404 6
      vertex 0.487725 -2.45196 6
    endloop
  endfacet
  facet normal -0 0 1
    outer loop
      vertex 0 -2.5 6
      vertex 1.43829 -8.96404 6
      vertex 0.245043 -2.48796 6
    endloop
  endfacet
  facet normal 0 0 1
    outer loop
      vertex -0.245043 -2.48796 6
      vertex 1.43829 -8.96404 6
      vertex 0 -2.5 6
    endloop
  endfacet
  facet normal 0 0 1
    outer loop
      vertex -0.487725 -2.45196 6
      vertex 1.43829 -8.96404 6
      vertex -0.245043 -2.48796 6
    endloop
  endfacet
  facet normal 0 0 1
    outer loop
      vertex -0.725711 -2.39235 6
      vertex 1.43829 -8.96404 6
      vertex -0.487725 -2.45196 6
    endloop
  endfacet
  facet normal 0 0 1
    outer loop
      vertex -0.956708 -2.3097 6
      vertex 1.43829 -8.96404 6
      vertex -0.725711 -2.39235 6
    endloop
  endfacet
  facet normal 0 0 1
    outer loop
      vertex -1.17849 -2.2048 6
      vertex 1.43829 -8.96404 6
      vertex -0.956708 -2.3097 6
    endloop
  endfacet
  facet normal 0 0 1
    outer loop
      vertex -1.38893 -2.07867 6
      vertex 1.43829 -8.96404 6
      vertex -1.17849 -2.2048 6
    endloop
  endfacet
  facet normal 0 0 1
    outer loop
      vertex -1.58598 -1.93253 6
      vertex 1.43829 -8.96404 6
      vertex -1.38893 -2.07867 6
    endloop
  endfacet
  facet normal 0 0 1
    outer loop
      vertex -17.0119 -8.12851 6
      vertex -1.58598 -1.93253 6
      vertex -1.76777 -1.76777 6
    endloop
  endfacet
  facet normal 0 0 1
    outer loop
      vertex -17.0119 -8.12851 6
      vertex -1.76777 -1.76777 6
      vertex -1.93253 -1.58598 6
    endloop
  endfacet
  facet normal 0 0 1
    outer loop
      vertex -17.0119 -8.12851 6
      vertex -1.93253 -1.58598 6
      vertex -2.07867 -1.38893 6
    endloop
  endfacet
  facet normal 0 0 1
    outer loop
      vertex -17.0119 -8.12851 6
      vertex -2.07867 -1.38893 6
      vertex -2.2048 -1.17849 6
    endloop
  endfacet
  facet normal 0 0 1
    outer loop
      vertex -17.0119 -8.12851 6
      vertex -2.2048 -1.17849 6
      vertex -2.3097 -0.956708 6
    endloop
  endfacet
  facet normal 0 0 1
    outer loop
      vertex -17.0119 -8.12851 6
      vertex -2.5 0 6
      vertex -17.0119 8.12851 6
    endloop
  endfacet
  facet normal 0 0 1
    outer loop
      vertex -2.5 0 6
      vertex -17.0119 -8.12851 6
      vertex -2.48796 -0.245043 6
    endloop
  endfacet
  facet normal 0 0 1
    outer loop
      vertex -2.48796 -0.245043 6
      vertex -17.0119 -8.12851 6
      vertex -2.45196 -0.487725 6
    endloop
  endfacet
  facet normal 0 0 1
    outer loop
      vertex -2.45196 -0.487725 6
      vertex -17.0119 -8.12851 6
      vertex -2.39235 -0.725711 6
    endloop
  endfacet
  facet normal 0 0 1
    outer loop
      vertex -2.39235 -0.725711 6
      vertex -17.0119 -8.12851 6
      vertex -2.3097 -0.956708 6
    endloop
  endfacet
  facet normal 0 0 1
    outer loop
      vertex -1.58598 -1.93253 6
      vertex -17.0119 -8.12851 6
      vertex 1.43829 -8.96404 6
    endloop
  endfacet
  facet normal -0 0 1
    outer loop
      vertex -17.0459 -8.81952 6
      vertex 1.43829 -8.96404 6
      vertex -17.0119 -8.12851 6
    endloop
  endfacet
  facet normal 0 0 1
    outer loop
      vertex -17.0613 -8.97577 6
      vertex 1.43829 -8.96404 6
      vertex -17.0459 -8.81952 6
    endloop
  endfacet
  facet normal 0 0 1
    outer loop
      vertex -17.1628 -9.66014 6
      vertex 1.43829 -8.96404 6
      vertex -17.0613 -8.97577 6
    endloop
  endfacet
  facet normal 0 0 1
    outer loop
      vertex -17.1934 -9.81413 6
      vertex 1.43829 -8.96404 6
      vertex -17.1628 -9.66014 6
    endloop
  endfacet
  facet normal 0 0 1
    outer loop
      vertex -17.3615 -10.4852 6
      vertex 1.43829 -8.96404 6
      vertex -17.1934 -9.81413 6
    endloop
  endfacet
  facet normal 0 0 1
    outer loop
      vertex -17.4071 -10.6355 6
      vertex 1.43829 -8.96404 6
      vertex -17.3615 -10.4852 6
    endloop
  endfacet
  facet normal 0 0 1
    outer loop
      vertex -17.6402 -11.2869 6
      vertex 1.43829 -8.96404 6
      vertex -17.4071 -10.6355 6
    endloop
  endfacet
  facet normal 0 0 1
    outer loop
      vertex -17.7003 -11.432 6
      vertex 1.43829 -8.96404 6
      vertex -17.6402 -11.2869 6
    endloop
  endfacet
  facet normal 0 0 1
    outer loop
      vertex -17.9961 -12.0574 6
      vertex 1.43829 -8.96404 6
      vertex -17.7003 -11.432 6
    endloop
  endfacet
  facet normal 0 0 1
    outer loop
      vertex -18.0701 -12.1959 6
      vertex 1.43829 -8.96404 6
      vertex -17.9961 -12.0574 6
    endloop
  endfacet
  facet normal 0 0 1
    outer loop
      vertex -18.4258 -12.7893 6
      vertex 1.43829 -8.96404 6
      vertex -18.0701 -12.1959 6
    endloop
  endfacet
  facet normal 0 0 1
    outer loop
      vertex -18.513 -12.9199 6
      vertex 1.43829 -8.96404 6
      vertex -18.4258 -12.7893 6
    endloop
  endfacet
  facet normal 0 0 1
    outer loop
      vertex -18.9252 -13.4756 6
      vertex 1.43829 -8.96404 6
      vertex -18.513 -12.9199 6
    endloop
  endfacet
  facet normal 0 0 1
    outer loop
      vertex -19.0248 -13.597 6
      vertex 1.43829 -8.96404 6
      vertex -18.9252 -13.4756 6
    endloop
  endfacet
  facet normal 0 0 1
    outer loop
      vertex -19.4894 -14.1096 6
      vertex 1.43829 -8.96404 6
      vertex -19.0248 -13.597 6
    endloop
  endfacet
  facet normal 0 0 1
    outer loop
      vertex -19.6004 -14.2206 6
      vertex 1.43829 -8.96404 6
      vertex -19.4894 -14.1096 6
    endloop
  endfacet
  facet normal 0 0 1
    outer loop
      vertex -20.113 -14.6852 6
      vertex 1.43829 -8.96404 6
      vertex -19.6004 -14.2206 6
    endloop
  endfacet
  facet normal 0 0 1
    outer loop
      vertex -20.2344 -14.7849 6
      vertex 1.43829 -8.96404 6
      vertex -20.113 -14.6852 6
    endloop
  endfacet
  facet normal 0 0 1
    outer loop
      vertex -20.7901 -15.197 6
      vertex 1.43829 -8.96404 6
      vertex -20.2344 -14.7849 6
    endloop
  endfacet
  facet normal 0 0 1
    outer loop
      vertex -20.9206 -15.2842 6
      vertex 1.43829 -8.96404 6
      vertex -20.7901 -15.197 6
    endloop
  endfacet
  facet normal 0 0 1
    outer loop
      vertex -21.5141 -15.6399 6
      vertex 1.43829 -8.96404 6
      vertex -20.9206 -15.2842 6
    endloop
  endfacet
  facet normal 0 0 1
    outer loop
      vertex -21.6526 -15.7139 6
      vertex 1.43829 -8.96404 6
      vertex -21.5141 -15.6399 6
    endloop
  endfacet
  facet normal 0 0 1
    outer loop
      vertex -22.278 -16.0097 6
      vertex 1.43829 -8.96404 6
      vertex -21.6526 -15.7139 6
    endloop
  endfacet
  facet normal 0 0 1
    outer loop
      vertex -22.4231 -16.0698 6
      vertex 1.43829 -8.96404 6
      vertex -22.278 -16.0097 6
    endloop
  endfacet
  facet normal 0 0 1
    outer loop
      vertex -23.0745 -16.3029 6
      vertex 1.43829 -8.96404 6
      vertex -22.4231 -16.0698 6
    endloop
  endfacet
  facet normal 0 0 1
    outer loop
      vertex 1.43829 -8.96404 6
      vertex -23.0745 -16.3029 6
      vertex -23.2247 -16.3484 6
    endloop
  endfacet
  facet normal 0.0490004 -0.998799 0
    outer loop
      vertex -25.5815 -16.698 0
      vertex -24.8905 -16.6641 15.3
      vertex -25.5815 -16.698 15.3
    endloop
  endfacet
  facet normal 0.0490004 -0.998799 0
    outer loop
      vertex -24.8905 -16.6641 15.3
      vertex -25.5815 -16.698 0
      vertex -24.8905 -16.6641 0
    endloop
  endfacet
  facet normal 0.0980537 -0.995181 0
    outer loop
      vertex -24.8905 -16.6641 0
      vertex -24.7342 -16.6487 15.3
      vertex -24.8905 -16.6641 15.3
    endloop
  endfacet
  facet normal 0.0980537 -0.995181 0
    outer loop
      vertex -24.7342 -16.6487 15.3
      vertex -24.8905 -16.6641 0
      vertex -24.7342 -16.6487 0
    endloop
  endfacet
  facet normal 0.146722 -0.989178 0
    outer loop
      vertex -24.7342 -16.6487 0
      vertex -24.0499 -16.5472 15.3
      vertex -24.7342 -16.6487 15.3
    endloop
  endfacet
  facet normal 0.146722 -0.989178 0
    outer loop
      vertex -24.0499 -16.5472 15.3
      vertex -24.7342 -16.6487 0
      vertex -24.0499 -16.5472 0
    endloop
  endfacet
  facet normal 0.19477 -0.980849 0
    outer loop
      vertex -24.0499 -16.5472 0
      vertex -23.8958 -16.5166 15.3
      vertex -24.0499 -16.5472 15.3
    endloop
  endfacet
  facet normal 0.19477 -0.980849 0
    outer loop
      vertex -23.8958 -16.5166 15.3
      vertex -24.0499 -16.5472 0
      vertex -23.8958 -16.5166 0
    endloop
  endfacet
  facet normal 0.243114 -0.969998 0
    outer loop
      vertex -23.8958 -16.5166 15.3
      vertex -23.2247 -16.3484 6
      vertex -23.2247 -16.3484 15.3
    endloop
  endfacet
  facet normal 0.243114 -0.969998 0
    outer loop
      vertex -23.8958 -16.5166 0
      vertex -23.2247 -16.3484 6
      vertex -23.8958 -16.5166 15.3
    endloop
  endfacet
  facet normal 0.243114 -0.969998 0
    outer loop
      vertex -23.2247 -16.3484 6
      vertex -23.8958 -16.5166 0
      vertex -23.2247 -16.3484 0
    endloop
  endfacet
  facet normal 0.28683 -0.957982 0
    outer loop
      vertex -23.2247 -16.3484 0
      vertex 1.43829 -8.96404 6
      vertex -23.2247 -16.3484 6
    endloop
  endfacet
  facet normal 0.28683 -0.957982 0
    outer loop
      vertex 1.43829 -8.96404 6
      vertex -23.2247 -16.3484 0
      vertex 1.43829 -8.96404 0
    endloop
  endfacet
  facet normal 0.0249922 -0.999688 0
    outer loop
      vertex 1.43829 -8.96404 0
      vertex 80 -7 6
      vertex 1.43829 -8.96404 6
    endloop
  endfacet
  facet normal 0.0249922 -0.999688 0
    outer loop
      vertex 80 -7 6
      vertex 1.43829 -8.96404 0
      vertex 80 -7 0
    endloop
  endfacet
  facet normal 0.0490881 -0.998794 0
    outer loop
      vertex 80 -7 0
      vertex 80.6861 -6.96628 6
      vertex 80 -7 6
    endloop
  endfacet
  facet normal 0.0490881 -0.998794 0
    outer loop
      vertex 80.6861 -6.96628 6
      vertex 80 -7 0
      vertex 80.6861 -6.96628 0
    endloop
  endfacet
  facet normal 0.146724 -0.989177 0
    outer loop
      vertex 80.6861 -6.96628 0
      vertex 81.3656 -6.86549 6
      vertex 80.6861 -6.96628 6
    endloop
  endfacet
  facet normal 0.146724 -0.989177 0
    outer loop
      vertex 81.3656 -6.86549 6
      vertex 80.6861 -6.96628 0
      vertex 81.3656 -6.86549 0
    endloop
  endfacet
  facet normal 0.24296 -0.970036 0
    outer loop
      vertex 81.3656 -6.86549 0
      vertex 82.032 -6.69858 6
      vertex 81.3656 -6.86549 6
    endloop
  endfacet
  facet normal 0.24296 -0.970036 0
    outer loop
      vertex 82.032 -6.69858 6
      vertex 81.3656 -6.86549 0
      vertex 82.032 -6.69858 0
    endloop
  endfacet
  facet normal 0.336891 -0.941543 0
    outer loop
      vertex 82.032 -6.69858 0
      vertex 82.6788 -6.46715 6
      vertex 82.032 -6.69858 6
    endloop
  endfacet
  facet normal 0.336891 -0.941543 0
    outer loop
      vertex 82.6788 -6.46715 6
      vertex 82.032 -6.69858 0
      vertex 82.6788 -6.46715 0
    endloop
  endfacet
  facet normal 0.427542 -0.903996 0
    outer loop
      vertex 82.6788 -6.46715 0
      vertex 83.2998 -6.17345 6
      vertex 82.6788 -6.46715 6
    endloop
  endfacet
  facet normal 0.427542 -0.903996 0
    outer loop
      vertex 83.2998 -6.17345 6
      vertex 82.6788 -6.46715 0
      vertex 83.2998 -6.17345 0
    endloop
  endfacet
  facet normal 0.514121 -0.857718 0
    outer loop
      vertex 83.2998 -6.17345 0
      vertex 83.889 -5.82028 6
      vertex 83.2998 -6.17345 6
    endloop
  endfacet
  facet normal 0.514121 -0.857718 0
    outer loop
      vertex 83.889 -5.82028 6
      vertex 83.2998 -6.17345 0
      vertex 83.889 -5.82028 0
    endloop
  endfacet
  facet normal 0.595669 -0.80323 0
    outer loop
      vertex 83.889 -5.82028 0
      vertex 84.4408 -5.41107 6
      vertex 83.889 -5.82028 6
    endloop
  endfacet
  facet normal 0.595669 -0.80323 0
    outer loop
      vertex 84.4408 -5.41107 6
      vertex 83.889 -5.82028 0
      vertex 84.4408 -5.41107 0
    endloop
  endfacet
  facet normal 0.671631 -0.740886 0
    outer loop
      vertex 84.4408 -5.41107 0
      vertex 84.9497 -4.94974 6
      vertex 84.4408 -5.41107 6
    endloop
  endfacet
  facet normal 0.671631 -0.740886 0
    outer loop
      vertex 84.9497 -4.94974 6
      vertex 84.4408 -5.41107 0
      vertex 84.9497 -4.94974 0
    endloop
  endfacet
  facet normal 0.740894 -0.671622 0
    outer loop
      vertex 84.9497 -4.94974 6
      vertex 85.4111 -4.44075 0
      vertex 85.4111 -4.44075 6
    endloop
  endfacet
  facet normal 0.740894 -0.671622 0
    outer loop
      vertex 85.4111 -4.44075 0
      vertex 84.9497 -4.94974 6
      vertex 84.9497 -4.94974 0
    endloop
  endfacet
  facet normal 0.803222 -0.59568 0
    outer loop
      vertex 85.4111 -4.44075 6
      vertex 85.8203 -3.88898 0
      vertex 85.8203 -3.88898 6
    endloop
  endfacet
  facet normal 0.803222 -0.59568 0
    outer loop
      vertex 85.8203 -3.88898 0
      vertex 85.4111 -4.44075 6
      vertex 85.4111 -4.44075 0
    endloop
  endfacet
  facet normal 0.857766 -0.51404 0
    outer loop
      vertex 85.8203 -3.88898 6
      vertex 86.1734 -3.29977 0
      vertex 86.1734 -3.29977 6
    endloop
  endfacet
  facet normal 0.857766 -0.51404 0
    outer loop
      vertex 86.1734 -3.29977 0
      vertex 85.8203 -3.88898 6
      vertex 85.8203 -3.88898 0
    endloop
  endfacet
  facet normal 0.903996 -0.427542 0
    outer loop
      vertex 86.1734 -3.29977 6
      vertex 86.4671 -2.67877 0
      vertex 86.4671 -2.67877 6
    endloop
  endfacet
  facet normal 0.903996 -0.427542 0
    outer loop
      vertex 86.4671 -2.67877 0
      vertex 86.1734 -3.29977 6
      vertex 86.1734 -3.29977 0
    endloop
  endfacet
  facet normal 0.94151 -0.336986 0
    outer loop
      vertex 86.4671 -2.67877 6
      vertex 86.6986 -2.03198 0
      vertex 86.6986 -2.03198 6
    endloop
  endfacet
  facet normal 0.94151 -0.336986 0
    outer loop
      vertex 86.6986 -2.03198 0
      vertex 86.4671 -2.67877 6
      vertex 86.4671 -2.67877 0
    endloop
  endfacet
  facet normal 0.970035 -0.242964 0
    outer loop
      vertex 86.6986 -2.03198 6
      vertex 86.8655 -1.36563 0
      vertex 86.8655 -1.36563 6
    endloop
  endfacet
  facet normal 0.970035 -0.242964 0
    outer loop
      vertex 86.8655 -1.36563 0
      vertex 86.6986 -2.03198 6
      vertex 86.6986 -2.03198 0
    endloop
  endfacet
  facet normal 0.989176 -0.146735 0
    outer loop
      vertex 86.8655 -1.36563 6
      vertex 86.9663 -0.686111 0
      vertex 86.9663 -0.686111 6
    endloop
  endfacet
  facet normal 0.989176 -0.146735 0
    outer loop
      vertex 86.9663 -0.686111 0
      vertex 86.8655 -1.36563 6
      vertex 86.8655 -1.36563 0
    endloop
  endfacet
  facet normal 0.998796 -0.0490583 0
    outer loop
      vertex 86.9663 -0.686111 6
      vertex 87 0 0
      vertex 87 0 6
    endloop
  endfacet
  facet normal 0.998796 -0.0490583 0
    outer loop
      vertex 87 0 0
      vertex 86.9663 -0.686111 6
      vertex 86.9663 -0.686111 0
    endloop
  endfacet
  facet normal 0.998796 0.0490583 0
    outer loop
      vertex 87 0 6
      vertex 86.9663 0.686111 0
      vertex 86.9663 0.686111 6
    endloop
  endfacet
  facet normal 0.998796 0.0490583 0
    outer loop
      vertex 86.9663 0.686111 0
      vertex 87 0 6
      vertex 87 0 0
    endloop
  endfacet
  facet normal 0.989176 0.146735 0
    outer loop
      vertex 86.9663 0.686111 6
      vertex 86.8655 1.36563 0
      vertex 86.8655 1.36563 6
    endloop
  endfacet
  facet normal 0.989176 0.146735 0
    outer loop
      vertex 86.8655 1.36563 0
      vertex 86.9663 0.686111 6
      vertex 86.9663 0.686111 0
    endloop
  endfacet
  facet normal 0.970035 0.242964 0
    outer loop
      vertex 86.8655 1.36563 6
      vertex 86.6986 2.03198 0
      vertex 86.6986 2.03198 6
    endloop
  endfacet
  facet normal 0.970035 0.242964 0
    outer loop
      vertex 86.6986 2.03198 0
      vertex 86.8655 1.36563 6
      vertex 86.8655 1.36563 0
    endloop
  endfacet
  facet normal 0.94151 0.336986 0
    outer loop
      vertex 86.6986 2.03198 6
      vertex 86.4671 2.67877 0
      vertex 86.4671 2.67877 6
    endloop
  endfacet
  facet normal 0.94151 0.336986 0
    outer loop
      vertex 86.4671 2.67877 0
      vertex 86.6986 2.03198 6
      vertex 86.6986 2.03198 0
    endloop
  endfacet
  facet normal 0.903996 0.427542 0
    outer loop
      vertex 86.4671 2.67877 6
      vertex 86.1734 3.29977 0
      vertex 86.1734 3.29977 6
    endloop
  endfacet
  facet normal 0.903996 0.427542 0
    outer loop
      vertex 86.1734 3.29977 0
      vertex 86.4671 2.67877 6
      vertex 86.4671 2.67877 0
    endloop
  endfacet
  facet normal 0.857766 0.51404 0
    outer loop
      vertex 86.1734 3.29977 6
      vertex 85.8203 3.88898 0
      vertex 85.8203 3.88898 6
    endloop
  endfacet
  facet normal 0.857766 0.51404 0
    outer loop
      vertex 85.8203 3.88898 0
      vertex 86.1734 3.29977 6
      vertex 86.1734 3.29977 0
    endloop
  endfacet
  facet normal 0.803222 0.59568 0
    outer loop
      vertex 85.8203 3.88898 6
      vertex 85.4111 4.44075 0
      vertex 85.4111 4.44075 6
    endloop
  endfacet
  facet normal 0.803222 0.59568 0
    outer loop
      vertex 85.4111 4.44075 0
      vertex 85.8203 3.88898 6
      vertex 85.8203 3.88898 0
    endloop
  endfacet
  facet normal 0.740894 0.671622 0
    outer loop
      vertex 85.4111 4.44075 6
      vertex 84.9497 4.94974 0
      vertex 84.9497 4.94974 6
    endloop
  endfacet
  facet normal 0.740894 0.671622 0
    outer loop
      vertex 84.9497 4.94974 0
      vertex 85.4111 4.44075 6
      vertex 85.4111 4.44075 0
    endloop
  endfacet
  facet normal 0.671631 0.740886 -0
    outer loop
      vertex 84.9497 4.94974 0
      vertex 84.4408 5.41107 6
      vertex 84.9497 4.94974 6
    endloop
  endfacet
  facet normal 0.671631 0.740886 0
    outer loop
      vertex 84.4408 5.41107 6
      vertex 84.9497 4.94974 0
      vertex 84.4408 5.41107 0
    endloop
  endfacet
  facet normal 0.595669 0.80323 -0
    outer loop
      vertex 84.4408 5.41107 0
      vertex 83.889 5.82028 6
      vertex 84.4408 5.41107 6
    endloop
  endfacet
  facet normal 0.595669 0.80323 0
    outer loop
      vertex 83.889 5.82028 6
      vertex 84.4408 5.41107 0
      vertex 83.889 5.82028 0
    endloop
  endfacet
  facet normal 0.514121 0.857718 -0
    outer loop
      vertex 83.889 5.82028 0
      vertex 83.2998 6.17345 6
      vertex 83.889 5.82028 6
    endloop
  endfacet
  facet normal 0.514121 0.857718 0
    outer loop
      vertex 83.2998 6.17345 6
      vertex 83.889 5.82028 0
      vertex 83.2998 6.17345 0
    endloop
  endfacet
  facet normal 0.427542 0.903996 -0
    outer loop
      vertex 83.2998 6.17345 0
      vertex 82.6788 6.46715 6
      vertex 83.2998 6.17345 6
    endloop
  endfacet
  facet normal 0.427542 0.903996 0
    outer loop
      vertex 82.6788 6.46715 6
      vertex 83.2998 6.17345 0
      vertex 82.6788 6.46715 0
    endloop
  endfacet
  facet normal 0.336891 0.941543 -0
    outer loop
      vertex 82.6788 6.46715 0
      vertex 82.032 6.69858 6
      vertex 82.6788 6.46715 6
    endloop
  endfacet
  facet normal 0.336891 0.941543 0
    outer loop
      vertex 82.032 6.69858 6
      vertex 82.6788 6.46715 0
      vertex 82.032 6.69858 0
    endloop
  endfacet
  facet normal 0.24296 0.970036 -0
    outer loop
      vertex 82.032 6.69858 0
      vertex 81.3656 6.86549 6
      vertex 82.032 6.69858 6
    endloop
  endfacet
  facet normal 0.24296 0.970036 0
    outer loop
      vertex 81.3656 6.86549 6
      vertex 82.032 6.69858 0
      vertex 81.3656 6.86549 0
    endloop
  endfacet
  facet normal 0.146724 0.989177 -0
    outer loop
      vertex 81.3656 6.86549 0
      vertex 80.6861 6.96628 6
      vertex 81.3656 6.86549 6
    endloop
  endfacet
  facet normal 0.146724 0.989177 0
    outer loop
      vertex 80.6861 6.96628 6
      vertex 81.3656 6.86549 0
      vertex 80.6861 6.96628 0
    endloop
  endfacet
  facet normal 0.0490881 0.998794 -0
    outer loop
      vertex 80.6861 6.96628 0
      vertex 80 7 6
      vertex 80.6861 6.96628 6
    endloop
  endfacet
  facet normal 0.0490881 0.998794 0
    outer loop
      vertex 80 7 6
      vertex 80.6861 6.96628 0
      vertex 80 7 0
    endloop
  endfacet
  facet normal 0.0249922 0.999688 -0
    outer loop
      vertex 80 7 0
      vertex 1.43829 8.96404 6
      vertex 80 7 6
    endloop
  endfacet
  facet normal 0.0249922 0.999688 0
    outer loop
      vertex 1.43829 8.96404 6
      vertex 80 7 0
      vertex 1.43829 8.96404 0
    endloop
  endfacet
  facet normal 0.28683 0.957982 -0
    outer loop
      vertex 1.43829 8.96404 0
      vertex -23.2247 16.3484 6
      vertex 1.43829 8.96404 6
    endloop
  endfacet
  facet normal 0.28683 0.957982 0
    outer loop
      vertex -23.2247 16.3484 6
      vertex 1.43829 8.96404 0
      vertex -23.2247 16.3484 0
    endloop
  endfacet
  facet normal 0.243114 0.969998 -0
    outer loop
      vertex -23.2247 16.3484 6
      vertex -23.8958 16.5166 15.3
      vertex -23.2247 16.3484 15.3
    endloop
  endfacet
  facet normal 0.243114 0.969998 0
    outer loop
      vertex -23.8958 16.5166 0
      vertex -23.2247 16.3484 6
      vertex -23.2247 16.3484 0
    endloop
  endfacet
  facet normal 0.243114 0.969998 0
    outer loop
      vertex -23.2247 16.3484 6
      vertex -23.8958 16.5166 0
      vertex -23.8958 16.5166 15.3
    endloop
  endfacet
  facet normal 0.19477 0.980849 -0
    outer loop
      vertex -23.8958 16.5166 0
      vertex -24.0499 16.5472 15.3
      vertex -23.8958 16.5166 15.3
    endloop
  endfacet
  facet normal 0.19477 0.980849 0
    outer loop
      vertex -24.0499 16.5472 15.3
      vertex -23.8958 16.5166 0
      vertex -24.0499 16.5472 0
    endloop
  endfacet
  facet normal 0.146722 0.989178 -0
    outer loop
      vertex -24.0499 16.5472 0
      vertex -24.7342 16.6487 15.3
      vertex -24.0499 16.5472 15.3
    endloop
  endfacet
  facet normal 0.146722 0.989178 0
    outer loop
      vertex -24.7342 16.6487 15.3
      vertex -24.0499 16.5472 0
      vertex -24.7342 16.6487 0
    endloop
  endfacet
  facet normal 0.0980537 0.995181 -0
    outer loop
      vertex -24.7342 16.6487 0
      vertex -24.8905 16.6641 15.3
      vertex -24.7342 16.6487 15.3
    endloop
  endfacet
  facet normal 0.0980537 0.995181 0
    outer loop
      vertex -24.8905 16.6641 15.3
      vertex -24.7342 16.6487 0
      vertex -24.8905 16.6641 0
    endloop
  endfacet
  facet normal 0.0490004 0.998799 -0
    outer loop
      vertex -24.8905 16.6641 0
      vertex -25.5815 16.698 15.3
      vertex -24.8905 16.6641 15.3
    endloop
  endfacet
  facet normal 0.0490004 0.998799 0
    outer loop
      vertex -25.5815 16.698 15.3
      vertex -24.8905 16.6641 0
      vertex -25.5815 16.698 0
    endloop
  endfacet
  facet normal 0.0254694 0.999676 -0
    outer loop
      vertex -25.5815 16.698 0
      vertex -25.66 16.7 15.3
      vertex -25.5815 16.698 15.3
    endloop
  endfacet
  facet normal 0.0254694 0.999676 0
    outer loop
      vertex -25.66 16.7 15.3
      vertex -25.5815 16.698 0
      vertex -25.66 16.7 0
    endloop
  endfacet
  facet normal 0 1 -0
    outer loop
      vertex -25.66 16.7 0
      vertex -34.34 16.7 15.3
      vertex -25.66 16.7 15.3
    endloop
  endfacet
  facet normal 0 1 0
    outer loop
      vertex -34.34 16.7 15.3
      vertex -25.66 16.7 0
      vertex -34.34 16.7 0
    endloop
  endfacet
  facet normal -0.0254694 0.999676 0
    outer loop
      vertex -34.34 16.7 0
      vertex -34.4185 16.698 15.3
      vertex -34.34 16.7 15.3
    endloop
  endfacet
  facet normal -0.0254694 0.999676 0
    outer loop
      vertex -34.4185 16.698 15.3
      vertex -34.34 16.7 0
      vertex -34.4185 16.698 0
    endloop
  endfacet
  facet normal -0.0490004 0.998799 0
    outer loop
      vertex -34.4185 16.698 0
      vertex -35.1095 16.6641 15.3
      vertex -34.4185 16.698 15.3
    endloop
  endfacet
  facet normal -0.0490004 0.998799 0
    outer loop
      vertex -35.1095 16.6641 15.3
      vertex -34.4185 16.698 0
      vertex -35.1095 16.6641 0
    endloop
  endfacet
  facet normal -0.0980537 0.995181 0
    outer loop
      vertex -35.1095 16.6641 0
      vertex -35.2658 16.6487 15.3
      vertex -35.1095 16.6641 15.3
    endloop
  endfacet
  facet normal -0.0980537 0.995181 0
    outer loop
      vertex -35.2658 16.6487 15.3
      vertex -35.1095 16.6641 0
      vertex -35.2658 16.6487 0
    endloop
  endfacet
  facet normal -0.146722 0.989178 0
    outer loop
      vertex -35.2658 16.6487 0
      vertex -35.9501 16.5472 15.3
      vertex -35.2658 16.6487 15.3
    endloop
  endfacet
  facet normal -0.146722 0.989178 0
    outer loop
      vertex -35.9501 16.5472 15.3
      vertex -35.2658 16.6487 0
      vertex -35.9501 16.5472 0
    endloop
  endfacet
  facet normal -0.19477 0.980849 0
    outer loop
      vertex -35.9501 16.5472 0
      vertex -36.1042 16.5166 15.3
      vertex -35.9501 16.5472 15.3
    endloop
  endfacet
  facet normal -0.19477 0.980849 0
    outer loop
      vertex -36.1042 16.5166 15.3
      vertex -35.9501 16.5472 0
      vertex -36.1042 16.5166 0
    endloop
  endfacet
  facet normal -0.243114 0.969998 0
    outer loop
      vertex -36.1042 16.5166 0
      vertex -36.7753 16.3484 15.3
      vertex -36.1042 16.5166 15.3
    endloop
  endfacet
  facet normal -0.243114 0.969998 0
    outer loop
      vertex -36.7753 16.3484 15.3
      vertex -36.1042 16.5166 0
      vertex -36.7753 16.3484 0
    endloop
  endfacet
  facet normal -0.289919 0.957051 0
    outer loop
      vertex -36.7753 16.3484 0
      vertex -36.9255 16.3029 15.3
      vertex -36.7753 16.3484 15.3
    endloop
  endfacet
  facet normal -0.289919 0.957051 0
    outer loop
      vertex -36.9255 16.3029 15.3
      vertex -36.7753 16.3484 0
      vertex -36.9255 16.3029 0
    endloop
  endfacet
  facet normal -0.336922 0.941532 0
    outer loop
      vertex -36.9255 16.3029 0
      vertex -37.5769 16.0698 15.3
      vertex -36.9255 16.3029 15.3
    endloop
  endfacet
  facet normal -0.336922 0.941532 0
    outer loop
      vertex -37.5769 16.0698 15.3
      vertex -36.9255 16.3029 0
      vertex -37.5769 16.0698 0
    endloop
  endfacet
  facet normal -0.38267 0.923885 0
    outer loop
      vertex -37.5769 16.0698 0
      vertex -37.722 16.0097 15.3
      vertex -37.5769 16.0698 15.3
    endloop
  endfacet
  facet normal -0.38267 0.923885 0
    outer loop
      vertex -37.722 16.0097 15.3
      vertex -37.5769 16.0698 0
      vertex -37.722 16.0097 0
    endloop
  endfacet
  facet normal -0.402483 0.915427 0
    outer loop
      vertex -37.722 16.0097 0
      vertex -47.4207 11.7455 15.3
      vertex -37.722 16.0097 15.3
    endloop
  endfacet
  facet normal -0.402483 0.915427 0
    outer loop
      vertex -47.4207 11.7455 15.3
      vertex -37.722 16.0097 0
      vertex -47.4207 11.7455 0
    endloop
  endfacet
  facet normal -0.42744 0.904044 0
    outer loop
      vertex -47.4207 11.7455 0
      vertex -47.7756 11.5777 15.3
      vertex -47.4207 11.7455 15.3
    endloop
  endfacet
  facet normal -0.42744 0.904044 0
    outer loop
      vertex -47.7756 11.5777 15.3
      vertex -47.4207 11.7455 0
      vertex -47.7756 11.5777 0
    endloop
  endfacet
  facet normal -0.514084 0.85774 0
    outer loop
      vertex -47.7756 11.5777 0
      vertex -48.1123 11.3759 15.3
      vertex -47.7756 11.5777 15.3
    endloop
  endfacet
  facet normal -0.514084 0.85774 0
    outer loop
      vertex -48.1123 11.3759 15.3
      vertex -47.7756 11.5777 0
      vertex -48.1123 11.3759 0
    endloop
  endfacet
  facet normal -0.595794 0.803137 0
    outer loop
      vertex -48.1123 11.3759 0
      vertex -48.4276 11.142 15.3
      vertex -48.1123 11.3759 15.3
    endloop
  endfacet
  facet normal -0.595794 0.803137 0
    outer loop
      vertex -48.4276 11.142 15.3
      vertex -48.1123 11.3759 0
      vertex -48.4276 11.142 0
    endloop
  endfacet
  facet normal -0.671607 0.740908 0
    outer loop
      vertex -48.4276 11.142 0
      vertex -48.7184 10.8784 15.3
      vertex -48.4276 11.142 15.3
    endloop
  endfacet
  facet normal -0.671607 0.740908 0
    outer loop
      vertex -48.7184 10.8784 15.3
      vertex -48.4276 11.142 0
      vertex -48.7184 10.8784 0
    endloop
  endfacet
  facet normal -0.740908 0.671607 0
    outer loop
      vertex -48.982 10.5876 0
      vertex -48.7184 10.8784 15.3
      vertex -48.7184 10.8784 0
    endloop
  endfacet
  facet normal -0.740908 0.671607 0
    outer loop
      vertex -48.7184 10.8784 15.3
      vertex -48.982 10.5876 0
      vertex -48.982 10.5876 15.3
    endloop
  endfacet
  facet normal -0.803137 0.595794 0
    outer loop
      vertex -49.2159 10.2723 0
      vertex -48.982 10.5876 15.3
      vertex -48.982 10.5876 0
    endloop
  endfacet
  facet normal -0.803137 0.595794 0
    outer loop
      vertex -48.982 10.5876 15.3
      vertex -49.2159 10.2723 0
      vertex -49.2159 10.2723 15.3
    endloop
  endfacet
  facet normal -0.857754 0.514061 0
    outer loop
      vertex -49.4177 9.93558 0
      vertex -49.2159 10.2723 15.3
      vertex -49.2159 10.2723 0
    endloop
  endfacet
  facet normal -0.857754 0.514061 0
    outer loop
      vertex -49.2159 10.2723 15.3
      vertex -49.4177 9.93558 0
      vertex -49.4177 9.93558 15.3
    endloop
  endfacet
  facet normal -0.904025 0.42748 0
    outer loop
      vertex -49.5855 9.58072 0
      vertex -49.4177 9.93558 15.3
      vertex -49.4177 9.93558 0
    endloop
  endfacet
  facet normal -0.904025 0.42748 0
    outer loop
      vertex -49.4177 9.93558 15.3
      vertex -49.5855 9.58072 0
      vertex -49.5855 9.58072 15.3
    endloop
  endfacet
  facet normal -0.941494 0.33703 0
    outer loop
      vertex -49.7178 9.21114 0
      vertex -49.5855 9.58072 15.3
      vertex -49.5855 9.58072 0
    endloop
  endfacet
  facet normal -0.941494 0.33703 0
    outer loop
      vertex -49.5855 9.58072 15.3
      vertex -49.7178 9.21114 0
      vertex -49.7178 9.21114 15.3
    endloop
  endfacet
  facet normal -0.970081 0.242781 0
    outer loop
      vertex -49.8131 8.83035 0
      vertex -49.7178 9.21114 15.3
      vertex -49.7178 9.21114 0
    endloop
  endfacet
  facet normal -0.970081 0.242781 0
    outer loop
      vertex -49.7178 9.21114 15.3
      vertex -49.8131 8.83035 0
      vertex -49.8131 8.83035 15.3
    endloop
  endfacet
  facet normal -0.989176 0.146737 0
    outer loop
      vertex -49.8707 8.44206 0
      vertex -49.8131 8.83035 15.3
      vertex -49.8131 8.83035 0
    endloop
  endfacet
  facet normal -0.989176 0.146737 0
    outer loop
      vertex -49.8131 8.83035 15.3
      vertex -49.8707 8.44206 0
      vertex -49.8707 8.44206 15.3
    endloop
  endfacet
  facet normal -0.998791 0.0491664 0
    outer loop
      vertex -49.89 8.04999 0
      vertex -49.8707 8.44206 15.3
      vertex -49.8707 8.44206 0
    endloop
  endfacet
  facet normal -0.998791 0.0491664 0
    outer loop
      vertex -49.8707 8.44206 15.3
      vertex -49.89 8.04999 0
      vertex -49.89 8.04999 15.3
    endloop
  endfacet
  facet normal -1 0 0
    outer loop
      vertex -49.89 -8.04999 0
      vertex -49.89 8.04999 15.3
      vertex -49.89 8.04999 0
    endloop
  endfacet
  facet normal -1 -0 0
    outer loop
      vertex -49.89 8.04999 15.3
      vertex -49.89 -8.04999 0
      vertex -49.89 -8.04999 15.3
    endloop
  endfacet
  facet normal -0.998791 -0.0491664 0
    outer loop
      vertex -49.8707 -8.44206 0
      vertex -49.89 -8.04999 15.3
      vertex -49.89 -8.04999 0
    endloop
  endfacet
  facet normal -0.998791 -0.0491664 0
    outer loop
      vertex -49.89 -8.04999 15.3
      vertex -49.8707 -8.44206 0
      vertex -49.8707 -8.44206 15.3
    endloop
  endfacet
  facet normal -0.989176 -0.146737 0
    outer loop
      vertex -49.8131 -8.83035 0
      vertex -49.8707 -8.44206 15.3
      vertex -49.8707 -8.44206 0
    endloop
  endfacet
  facet normal -0.989176 -0.146737 0
    outer loop
      vertex -49.8707 -8.44206 15.3
      vertex -49.8131 -8.83035 0
      vertex -49.8131 -8.83035 15.3
    endloop
  endfacet
  facet normal -0.970081 -0.242781 0
    outer loop
      vertex -49.7178 -9.21114 0
      vertex -49.8131 -8.83035 15.3
      vertex -49.8131 -8.83035 0
    endloop
  endfacet
  facet normal -0.970081 -0.242781 0
    outer loop
      vertex -49.8131 -8.83035 15.3
      vertex -49.7178 -9.21114 0
      vertex -49.7178 -9.21114 15.3
    endloop
  endfacet
  facet normal -0.941494 -0.33703 0
    outer loop
      vertex -49.5855 -9.58072 0
      vertex -49.7178 -9.21114 15.3
      vertex -49.7178 -9.21114 0
    endloop
  endfacet
  facet normal -0.941494 -0.33703 0
    outer loop
      vertex -49.7178 -9.21114 15.3
      vertex -49.5855 -9.58072 0
      vertex -49.5855 -9.58072 15.3
    endloop
  endfacet
  facet normal -0.904025 -0.42748 0
    outer loop
      vertex -49.4177 -9.93558 0
      vertex -49.5855 -9.58072 15.3
      vertex -49.5855 -9.58072 0
    endloop
  endfacet
  facet normal -0.904025 -0.42748 0
    outer loop
      vertex -49.5855 -9.58072 15.3
      vertex -49.4177 -9.93558 0
      vertex -49.4177 -9.93558 15.3
    endloop
  endfacet
  facet normal -0.857754 -0.514061 0
    outer loop
      vertex -49.2159 -10.2723 0
      vertex -49.4177 -9.93558 15.3
      vertex -49.4177 -9.93558 0
    endloop
  endfacet
  facet normal -0.857754 -0.514061 0
    outer loop
      vertex -49.4177 -9.93558 15.3
      vertex -49.2159 -10.2723 0
      vertex -49.2159 -10.2723 15.3
    endloop
  endfacet
  facet normal -0.803137 -0.595794 0
    outer loop
      vertex -48.982 -10.5876 0
      vertex -49.2159 -10.2723 15.3
      vertex -49.2159 -10.2723 0
    endloop
  endfacet
  facet normal -0.803137 -0.595794 0
    outer loop
      vertex -49.2159 -10.2723 15.3
      vertex -48.982 -10.5876 0
      vertex -48.982 -10.5876 15.3
    endloop
  endfacet
  facet normal -0.740908 -0.671607 0
    outer loop
      vertex -48.7184 -10.8784 0
      vertex -48.982 -10.5876 15.3
      vertex -48.982 -10.5876 0
    endloop
  endfacet
  facet normal -0.740908 -0.671607 0
    outer loop
      vertex -48.982 -10.5876 15.3
      vertex -48.7184 -10.8784 0
      vertex -48.7184 -10.8784 15.3
    endloop
  endfacet
  facet normal -0.671607 -0.740908 0
    outer loop
      vertex -48.7184 -10.8784 0
      vertex -48.4276 -11.142 15.3
      vertex -48.7184 -10.8784 15.3
    endloop
  endfacet
  facet normal -0.671607 -0.740908 -0
    outer loop
      vertex -48.4276 -11.142 15.3
      vertex -48.7184 -10.8784 0
      vertex -48.4276 -11.142 0
    endloop
  endfacet
  facet normal -0.595794 -0.803137 0
    outer loop
      vertex -48.4276 -11.142 0
      vertex -48.1123 -11.3759 15.3
      vertex -48.4276 -11.142 15.3
    endloop
  endfacet
  facet normal -0.595794 -0.803137 -0
    outer loop
      vertex -48.1123 -11.3759 15.3
      vertex -48.4276 -11.142 0
      vertex -48.1123 -11.3759 0
    endloop
  endfacet
  facet normal -0.514084 -0.85774 0
    outer loop
      vertex -48.1123 -11.3759 0
      vertex -47.7756 -11.5777 15.3
      vertex -48.1123 -11.3759 15.3
    endloop
  endfacet
  facet normal -0.514084 -0.85774 -0
    outer loop
      vertex -47.7756 -11.5777 15.3
      vertex -48.1123 -11.3759 0
      vertex -47.7756 -11.5777 0
    endloop
  endfacet
  facet normal -0.42744 -0.904044 0
    outer loop
      vertex -47.7756 -11.5777 0
      vertex -47.4207 -11.7455 15.3
      vertex -47.7756 -11.5777 15.3
    endloop
  endfacet
  facet normal -0.42744 -0.904044 -0
    outer loop
      vertex -47.4207 -11.7455 15.3
      vertex -47.7756 -11.5777 0
      vertex -47.4207 -11.7455 0
    endloop
  endfacet
  facet normal -0.402483 -0.915427 0
    outer loop
      vertex -47.4207 -11.7455 0
      vertex -37.722 -16.0097 15.3
      vertex -47.4207 -11.7455 15.3
    endloop
  endfacet
  facet normal -0.402483 -0.915427 -0
    outer loop
      vertex -37.722 -16.0097 15.3
      vertex -47.4207 -11.7455 0
      vertex -37.722 -16.0097 0
    endloop
  endfacet
  facet normal -0.38267 -0.923885 0
    outer loop
      vertex -37.722 -16.0097 0
      vertex -37.5769 -16.0698 15.3
      vertex -37.722 -16.0097 15.3
    endloop
  endfacet
  facet normal -0.38267 -0.923885 -0
    outer loop
      vertex -37.5769 -16.0698 15.3
      vertex -37.722 -16.0097 0
      vertex -37.5769 -16.0698 0
    endloop
  endfacet
  facet normal -0.336922 -0.941532 0
    outer loop
      vertex -37.5769 -16.0698 0
      vertex -36.9255 -16.3029 15.3
      vertex -37.5769 -16.0698 15.3
    endloop
  endfacet
  facet normal -0.336922 -0.941532 -0
    outer loop
      vertex -36.9255 -16.3029 15.3
      vertex -37.5769 -16.0698 0
      vertex -36.9255 -16.3029 0
    endloop
  endfacet
  facet normal -0.289919 -0.957051 0
    outer loop
      vertex -36.9255 -16.3029 0
      vertex -36.7753 -16.3484 15.3
      vertex -36.9255 -16.3029 15.3
    endloop
  endfacet
  facet normal -0.289919 -0.957051 -0
    outer loop
      vertex -36.7753 -16.3484 15.3
      vertex -36.9255 -16.3029 0
      vertex -36.7753 -16.3484 0
    endloop
  endfacet
  facet normal -0.243114 -0.969998 0
    outer loop
      vertex -36.7753 -16.3484 0
      vertex -36.1042 -16.5166 15.3
      vertex -36.7753 -16.3484 15.3
    endloop
  endfacet
  facet normal -0.243114 -0.969998 -0
    outer loop
      vertex -36.1042 -16.5166 15.3
      vertex -36.7753 -16.3484 0
      vertex -36.1042 -16.5166 0
    endloop
  endfacet
  facet normal -0.19477 -0.980849 0
    outer loop
      vertex -36.1042 -16.5166 0
      vertex -35.9501 -16.5472 15.3
      vertex -36.1042 -16.5166 15.3
    endloop
  endfacet
  facet normal -0.19477 -0.980849 -0
    outer loop
      vertex -35.9501 -16.5472 15.3
      vertex -36.1042 -16.5166 0
      vertex -35.9501 -16.5472 0
    endloop
  endfacet
  facet normal -0.146722 -0.989178 0
    outer loop
      vertex -35.9501 -16.5472 0
      vertex -35.2658 -16.6487 15.3
      vertex -35.9501 -16.5472 15.3
    endloop
  endfacet
  facet normal -0.146722 -0.989178 -0
    outer loop
      vertex -35.2658 -16.6487 15.3
      vertex -35.9501 -16.5472 0
      vertex -35.2658 -16.6487 0
    endloop
  endfacet
  facet normal -0.0980537 -0.995181 0
    outer loop
      vertex -35.2658 -16.6487 0
      vertex -35.1095 -16.6641 15.3
      vertex -35.2658 -16.6487 15.3
    endloop
  endfacet
  facet normal -0.0980537 -0.995181 -0
    outer loop
      vertex -35.1095 -16.6641 15.3
      vertex -35.2658 -16.6487 0
      vertex -35.1095 -16.6641 0
    endloop
  endfacet
  facet normal -0.0490004 -0.998799 0
    outer loop
      vertex -35.1095 -16.6641 0
      vertex -34.4185 -16.698 15.3
      vertex -35.1095 -16.6641 15.3
    endloop
  endfacet
  facet normal -0.0490004 -0.998799 -0
    outer loop
      vertex -34.4185 -16.698 15.3
      vertex -35.1095 -16.6641 0
      vertex -34.4185 -16.698 0
    endloop
  endfacet
  facet normal -0.0254694 -0.999676 0
    outer loop
      vertex -34.4185 -16.698 0
      vertex -34.34 -16.7 15.3
      vertex -34.4185 -16.698 15.3
    endloop
  endfacet
  facet normal -0.0254694 -0.999676 -0
    outer loop
      vertex -34.34 -16.7 15.3
      vertex -34.4185 -16.698 0
      vertex -34.34 -16.7 0
    endloop
  endfacet
  facet normal 0 -1 0
    outer loop
      vertex -34.34 -16.7 0
      vertex -25.66 -16.7 15.3
      vertex -34.34 -16.7 15.3
    endloop
  endfacet
  facet normal 0 -1 -0
    outer loop
      vertex -25.66 -16.7 15.3
      vertex -34.34 -16.7 0
      vertex -25.66 -16.7 0
    endloop
  endfacet
  facet normal 0.0254694 -0.999676 0
    outer loop
      vertex -25.66 -16.7 0
      vertex -25.5815 -16.698 15.3
      vertex -25.66 -16.7 15.3
    endloop
  endfacet
  facet normal 0.0254694 -0.999676 0
    outer loop
      vertex -25.5815 -16.698 15.3
      vertex -25.66 -16.7 0
      vertex -25.5815 -16.698 0
    endloop
  endfacet
  facet normal 0.941532 -0.336922 0
    outer loop
      vertex -17.6402 -11.2869 15.3
      vertex -17.4071 -10.6355 6
      vertex -17.4071 -10.6355 15.3
    endloop
  endfacet
  facet normal 0.941532 -0.336922 0
    outer loop
      vertex -17.4071 -10.6355 6
      vertex -17.6402 -11.2869 15.3
      vertex -17.6402 -11.2869 6
    endloop
  endfacet
  facet normal 0.980822 0.194903 0
    outer loop
      vertex -17.1628 9.66014 15.3
      vertex -17.1934 9.81413 6
      vertex -17.1934 9.81413 15.3
    endloop
  endfacet
  facet normal 0.980822 0.194903 0
    outer loop
      vertex -17.1934 9.81413 6
      vertex -17.1628 9.66014 15.3
      vertex -17.1628 9.66014 6
    endloop
  endfacet
  facet normal 0.773105 0.634278 0
    outer loop
      vertex -18.9252 13.4756 15.3
      vertex -19.0248 13.597 6
      vertex -19.0248 13.597 15.3
    endloop
  endfacet
  facet normal 0.773105 0.634278 0
    outer loop
      vertex -19.0248 13.597 6
      vertex -18.9252 13.4756 15.3
      vertex -18.9252 13.4756 6
    endloop
  endfacet
  facet normal 0.773105 -0.634278 0
    outer loop
      vertex -19.0248 -13.597 15.3
      vertex -18.9252 -13.4756 6
      vertex -18.9252 -13.4756 15.3
    endloop
  endfacet
  facet normal 0.773105 -0.634278 0
    outer loop
      vertex -18.9252 -13.4756 6
      vertex -19.0248 -13.597 15.3
      vertex -19.0248 -13.597 6
    endloop
  endfacet
  facet normal 0.98918 0.146707 0
    outer loop
      vertex -17.0613 8.97577 15.3
      vertex -17.1628 9.66014 6
      vertex -17.1628 9.66014 15.3
    endloop
  endfacet
  facet normal 0.98918 0.146707 0
    outer loop
      vertex -17.1628 9.66014 6
      vertex -17.0613 8.97577 15.3
      vertex -17.0613 8.97577 6
    endloop
  endfacet
  facet normal 1 -0 0
    outer loop
      vertex -17.0119 -8.12851 15.3
      vertex -17.0119 8.12851 6
      vertex -17.0119 8.12851 15.3
    endloop
  endfacet
  facet normal 1 0 0
    outer loop
      vertex -17.0119 8.12851 6
      vertex -17.0119 -8.12851 15.3
      vertex -17.0119 -8.12851 6
    endloop
  endfacet
  facet normal 0.555582 0.831462 -0
    outer loop
      vertex -20.7901 15.197 6
      vertex -20.9206 15.2842 15.3
      vertex -20.7901 15.197 15.3
    endloop
  endfacet
  facet normal 0.555582 0.831462 0
    outer loop
      vertex -20.9206 15.2842 15.3
      vertex -20.7901 15.197 6
      vertex -20.9206 15.2842 6
    endloop
  endfacet
  facet normal 0.98918 -0.146707 0
    outer loop
      vertex -17.1628 -9.66014 15.3
      vertex -17.0613 -8.97577 6
      vertex -17.0613 -8.97577 15.3
    endloop
  endfacet
  facet normal 0.98918 -0.146707 0
    outer loop
      vertex -17.0613 -8.97577 6
      vertex -17.1628 -9.66014 15.3
      vertex -17.1628 -9.66014 6
    endloop
  endfacet
  facet normal 0.634658 0.772793 -0
    outer loop
      vertex -20.113 14.6852 6
      vertex -20.2344 14.7849 15.3
      vertex -20.113 14.6852 15.3
    endloop
  endfacet
  facet normal 0.634658 0.772793 0
    outer loop
      vertex -20.2344 14.7849 15.3
      vertex -20.113 14.6852 6
      vertex -20.2344 14.7849 6
    endloop
  endfacet
  facet normal 0.707107 -0.707107 0
    outer loop
      vertex -19.6004 -14.2206 15.3
      vertex -19.4894 -14.1096 6
      vertex -19.4894 -14.1096 15.3
    endloop
  endfacet
  facet normal 0.707107 -0.707107 0
    outer loop
      vertex -19.4894 -14.1096 6
      vertex -19.6004 -14.2206 15.3
      vertex -19.6004 -14.2206 6
    endloop
  endfacet
  facet normal 0.882 0.471249 0
    outer loop
      vertex -17.9961 12.0574 15.3
      vertex -18.0701 12.1959 6
      vertex -18.0701 12.1959 15.3
    endloop
  endfacet
  facet normal 0.882 0.471249 0
    outer loop
      vertex -18.0701 12.1959 6
      vertex -17.9961 12.0574 15.3
      vertex -17.9961 12.0574 6
    endloop
  endfacet
  facet normal 0.882 -0.471249 0
    outer loop
      vertex -18.0701 -12.1959 15.3
      vertex -17.9961 -12.0574 6
      vertex -17.9961 -12.0574 15.3
    endloop
  endfacet
  facet normal 0.882 -0.471249 0
    outer loop
      vertex -17.9961 -12.0574 6
      vertex -18.0701 -12.1959 15.3
      vertex -18.0701 -12.1959 6
    endloop
  endfacet
  facet normal 0.671564 -0.740946 0
    outer loop
      vertex -20.113 -14.6852 6
      vertex -19.6004 -14.2206 15.3
      vertex -20.113 -14.6852 15.3
    endloop
  endfacet
  facet normal 0.671564 -0.740946 0
    outer loop
      vertex -19.6004 -14.2206 15.3
      vertex -20.113 -14.6852 6
      vertex -19.6004 -14.2206 6
    endloop
  endfacet
  facet normal 0.740946 0.671564 0
    outer loop
      vertex -19.0248 13.597 15.3
      vertex -19.4894 14.1096 6
      vertex -19.4894 14.1096 15.3
    endloop
  endfacet
  facet normal 0.740946 0.671564 0
    outer loop
      vertex -19.4894 14.1096 6
      vertex -19.0248 13.597 15.3
      vertex -19.0248 13.597 6
    endloop
  endfacet
  facet normal 0.85771 -0.514134 0
    outer loop
      vertex -18.4258 -12.7893 15.3
      vertex -18.0701 -12.1959 6
      vertex -18.0701 -12.1959 15.3
    endloop
  endfacet
  facet normal 0.85771 -0.514134 0
    outer loop
      vertex -18.0701 -12.1959 6
      vertex -18.4258 -12.7893 15.3
      vertex -18.4258 -12.7893 6
    endloop
  endfacet
  facet normal 0.995178 -0.0980848 0
    outer loop
      vertex -17.0613 -8.97577 15.3
      vertex -17.0459 -8.81952 6
      vertex -17.0459 -8.81952 15.3
    endloop
  endfacet
  facet normal 0.995178 -0.0980848 0
    outer loop
      vertex -17.0459 -8.81952 6
      vertex -17.0613 -8.97577 15.3
      vertex -17.0613 -8.97577 6
    endloop
  endfacet
  facet normal 0.38267 0.923885 -0
    outer loop
      vertex -22.278 16.0097 6
      vertex -22.4231 16.0698 15.3
      vertex -22.278 16.0097 15.3
    endloop
  endfacet
  facet normal 0.38267 0.923885 0
    outer loop
      vertex -22.4231 16.0698 15.3
      vertex -22.278 16.0097 6
      vertex -22.4231 16.0698 6
    endloop
  endfacet
  facet normal 0.956928 -0.290325 0
    outer loop
      vertex -17.4071 -10.6355 15.3
      vertex -17.3615 -10.4852 6
      vertex -17.3615 -10.4852 15.3
    endloop
  endfacet
  facet normal 0.956928 -0.290325 0
    outer loop
      vertex -17.3615 -10.4852 6
      vertex -17.4071 -10.6355 15.3
      vertex -17.4071 -10.6355 6
    endloop
  endfacet
  facet normal 0.803163 -0.59576 0
    outer loop
      vertex -18.9252 -13.4756 15.3
      vertex -18.513 -12.9199 6
      vertex -18.513 -12.9199 15.3
    endloop
  endfacet
  facet normal 0.803163 -0.59576 0
    outer loop
      vertex -18.513 -12.9199 6
      vertex -18.9252 -13.4756 15.3
      vertex -18.9252 -13.4756 6
    endloop
  endfacet
  facet normal 0.514071 -0.857748 0
    outer loop
      vertex -21.5141 -15.6399 6
      vertex -20.9206 -15.2842 15.3
      vertex -21.5141 -15.6399 15.3
    endloop
  endfacet
  facet normal 0.514071 -0.857748 0
    outer loop
      vertex -20.9206 -15.2842 15.3
      vertex -21.5141 -15.6399 6
      vertex -20.9206 -15.2842 6
    endloop
  endfacet
  facet normal 0.998792 -0.0491439 0
    outer loop
      vertex -17.0459 -8.81952 15.3
      vertex -17.0119 -8.12851 6
      vertex -17.0119 -8.12851 15.3
    endloop
  endfacet
  facet normal 0.998792 -0.0491439 0
    outer loop
      vertex -17.0119 -8.12851 6
      vertex -17.0459 -8.81952 15.3
      vertex -17.0459 -8.81952 6
    endloop
  endfacet
  facet normal 0.831658 0.555288 0
    outer loop
      vertex -18.4258 12.7893 15.3
      vertex -18.513 12.9199 6
      vertex -18.513 12.9199 15.3
    endloop
  endfacet
  facet normal 0.831658 0.555288 0
    outer loop
      vertex -18.513 12.9199 6
      vertex -18.4258 12.7893 15.3
      vertex -18.4258 12.7893 6
    endloop
  endfacet
  facet normal 0.85771 0.514134 0
    outer loop
      vertex -18.0701 12.1959 15.3
      vertex -18.4258 12.7893 6
      vertex -18.4258 12.7893 15.3
    endloop
  endfacet
  facet normal 0.85771 0.514134 0
    outer loop
      vertex -18.4258 12.7893 6
      vertex -18.0701 12.1959 15.3
      vertex -18.0701 12.1959 6
    endloop
  endfacet
  facet normal 0.740946 -0.671564 0
    outer loop
      vertex -19.4894 -14.1096 15.3
      vertex -19.0248 -13.597 6
      vertex -19.0248 -13.597 15.3
    endloop
  endfacet
  facet normal 0.740946 -0.671564 0
    outer loop
      vertex -19.0248 -13.597 6
      vertex -19.4894 -14.1096 15.3
      vertex -19.4894 -14.1096 6
    endloop
  endfacet
  facet normal 0.941532 0.336922 0
    outer loop
      vertex -17.4071 10.6355 15.3
      vertex -17.6402 11.2869 6
      vertex -17.6402 11.2869 15.3
    endloop
  endfacet
  facet normal 0.941532 0.336922 0
    outer loop
      vertex -17.6402 11.2869 6
      vertex -17.4071 10.6355 15.3
      vertex -17.4071 10.6355 6
    endloop
  endfacet
  facet normal 0.671564 0.740946 -0
    outer loop
      vertex -19.6004 14.2206 6
      vertex -20.113 14.6852 15.3
      vertex -19.6004 14.2206 15.3
    endloop
  endfacet
  facet normal 0.671564 0.740946 0
    outer loop
      vertex -20.113 14.6852 15.3
      vertex -19.6004 14.2206 6
      vertex -20.113 14.6852 6
    endloop
  endfacet
  facet normal 0.555582 -0.831462 0
    outer loop
      vertex -20.9206 -15.2842 6
      vertex -20.7901 -15.197 15.3
      vertex -20.9206 -15.2842 15.3
    endloop
  endfacet
  facet normal 0.555582 -0.831462 0
    outer loop
      vertex -20.7901 -15.197 15.3
      vertex -20.9206 -15.2842 6
      vertex -20.7901 -15.197 6
    endloop
  endfacet
  facet normal 0.427564 -0.903985 0
    outer loop
      vertex -22.278 -16.0097 6
      vertex -21.6526 -15.7139 15.3
      vertex -22.278 -16.0097 15.3
    endloop
  endfacet
  facet normal 0.427564 -0.903985 0
    outer loop
      vertex -21.6526 -15.7139 15.3
      vertex -22.278 -16.0097 6
      vertex -21.6526 -15.7139 6
    endloop
  endfacet
  facet normal 0.903985 0.427564 0
    outer loop
      vertex -17.7003 11.432 15.3
      vertex -17.9961 12.0574 6
      vertex -17.9961 12.0574 15.3
    endloop
  endfacet
  facet normal 0.903985 0.427564 0
    outer loop
      vertex -17.9961 12.0574 6
      vertex -17.7003 11.432 15.3
      vertex -17.7003 11.432 6
    endloop
  endfacet
  facet normal 0.995178 0.0980848 0
    outer loop
      vertex -17.0459 8.81952 15.3
      vertex -17.0613 8.97577 6
      vertex -17.0613 8.97577 15.3
    endloop
  endfacet
  facet normal 0.995178 0.0980848 0
    outer loop
      vertex -17.0613 8.97577 6
      vertex -17.0459 8.81952 15.3
      vertex -17.0459 8.81952 6
    endloop
  endfacet
  facet normal 0.998792 0.0491439 0
    outer loop
      vertex -17.0119 8.12851 15.3
      vertex -17.0459 8.81952 6
      vertex -17.0459 8.81952 15.3
    endloop
  endfacet
  facet normal 0.998792 0.0491439 0
    outer loop
      vertex -17.0459 8.81952 6
      vertex -17.0119 8.12851 15.3
      vertex -17.0119 8.12851 6
    endloop
  endfacet
  facet normal 0.336922 0.941532 -0
    outer loop
      vertex -22.4231 16.0698 6
      vertex -23.0745 16.3029 15.3
      vertex -22.4231 16.0698 15.3
    endloop
  endfacet
  facet normal 0.336922 0.941532 0
    outer loop
      vertex -23.0745 16.3029 15.3
      vertex -22.4231 16.0698 6
      vertex -23.0745 16.3029 6
    endloop
  endfacet
  facet normal 0.970029 0.242988 0
    outer loop
      vertex -17.1934 9.81413 15.3
      vertex -17.3615 10.4852 6
      vertex -17.3615 10.4852 15.3
    endloop
  endfacet
  facet normal 0.970029 0.242988 0
    outer loop
      vertex -17.3615 10.4852 6
      vertex -17.1934 9.81413 15.3
      vertex -17.1934 9.81413 6
    endloop
  endfacet
  facet normal 0.831658 -0.555288 0
    outer loop
      vertex -18.513 -12.9199 15.3
      vertex -18.4258 -12.7893 6
      vertex -18.4258 -12.7893 15.3
    endloop
  endfacet
  facet normal 0.831658 -0.555288 0
    outer loop
      vertex -18.4258 -12.7893 6
      vertex -18.513 -12.9199 15.3
      vertex -18.513 -12.9199 6
    endloop
  endfacet
  facet normal 0.514071 0.857748 -0
    outer loop
      vertex -20.9206 15.2842 6
      vertex -21.5141 15.6399 15.3
      vertex -20.9206 15.2842 15.3
    endloop
  endfacet
  facet normal 0.514071 0.857748 0
    outer loop
      vertex -21.5141 15.6399 15.3
      vertex -20.9206 15.2842 6
      vertex -21.5141 15.6399 6
    endloop
  endfacet
  facet normal 0.471249 0.882 -0
    outer loop
      vertex -21.5141 15.6399 6
      vertex -21.6526 15.7139 15.3
      vertex -21.5141 15.6399 15.3
    endloop
  endfacet
  facet normal 0.471249 0.882 0
    outer loop
      vertex -21.6526 15.7139 15.3
      vertex -21.5141 15.6399 6
      vertex -21.6526 15.7139 6
    endloop
  endfacet
  facet normal 0.923885 -0.38267 0
    outer loop
      vertex -17.7003 -11.432 15.3
      vertex -17.6402 -11.2869 6
      vertex -17.6402 -11.2869 15.3
    endloop
  endfacet
  facet normal 0.923885 -0.38267 0
    outer loop
      vertex -17.6402 -11.2869 6
      vertex -17.7003 -11.432 15.3
      vertex -17.7003 -11.432 6
    endloop
  endfacet
  facet normal 0.803163 0.59576 0
    outer loop
      vertex -18.513 12.9199 15.3
      vertex -18.9252 13.4756 6
      vertex -18.9252 13.4756 15.3
    endloop
  endfacet
  facet normal 0.803163 0.59576 0
    outer loop
      vertex -18.9252 13.4756 6
      vertex -18.513 12.9199 15.3
      vertex -18.513 12.9199 6
    endloop
  endfacet
  facet normal 0.471249 -0.882 0
    outer loop
      vertex -21.6526 -15.7139 6
      vertex -21.5141 -15.6399 15.3
      vertex -21.6526 -15.7139 15.3
    endloop
  endfacet
  facet normal 0.471249 -0.882 0
    outer loop
      vertex -21.5141 -15.6399 15.3
      vertex -21.6526 -15.7139 6
      vertex -21.5141 -15.6399 6
    endloop
  endfacet
  facet normal 0.289919 0.957051 -0
    outer loop
      vertex -23.0745 16.3029 6
      vertex -23.2247 16.3484 15.3
      vertex -23.0745 16.3029 15.3
    endloop
  endfacet
  facet normal 0.289919 0.957051 0
    outer loop
      vertex -23.2247 16.3484 15.3
      vertex -23.0745 16.3029 6
      vertex -23.2247 16.3484 6
    endloop
  endfacet
  facet normal 0.903985 -0.427564 0
    outer loop
      vertex -17.9961 -12.0574 15.3
      vertex -17.7003 -11.432 6
      vertex -17.7003 -11.432 15.3
    endloop
  endfacet
  facet normal 0.903985 -0.427564 0
    outer loop
      vertex -17.7003 -11.432 6
      vertex -17.9961 -12.0574 15.3
      vertex -17.9961 -12.0574 6
    endloop
  endfacet
  facet normal 0.634658 -0.772793 0
    outer loop
      vertex -20.2344 -14.7849 6
      vertex -20.113 -14.6852 15.3
      vertex -20.2344 -14.7849 15.3
    endloop
  endfacet
  facet normal 0.634658 -0.772793 0
    outer loop
      vertex -20.113 -14.6852 15.3
      vertex -20.2344 -14.7849 6
      vertex -20.113 -14.6852 6
    endloop
  endfacet
  facet normal 0.923885 0.38267 0
    outer loop
      vertex -17.6402 11.2869 15.3
      vertex -17.7003 11.432 6
      vertex -17.7003 11.432 15.3
    endloop
  endfacet
  facet normal 0.923885 0.38267 0
    outer loop
      vertex -17.7003 11.432 6
      vertex -17.6402 11.2869 15.3
      vertex -17.6402 11.2869 6
    endloop
  endfacet
  facet normal 0.595666 0.803232 -0
    outer loop
      vertex -20.2344 14.7849 6
      vertex -20.7901 15.197 15.3
      vertex -20.2344 14.7849 15.3
    endloop
  endfacet
  facet normal 0.595666 0.803232 0
    outer loop
      vertex -20.7901 15.197 15.3
      vertex -20.2344 14.7849 6
      vertex -20.7901 15.197 6
    endloop
  endfacet
  facet normal 0.595666 -0.803232 0
    outer loop
      vertex -20.7901 -15.197 6
      vertex -20.2344 -14.7849 15.3
      vertex -20.7901 -15.197 15.3
    endloop
  endfacet
  facet normal 0.595666 -0.803232 0
    outer loop
      vertex -20.2344 -14.7849 15.3
      vertex -20.7901 -15.197 6
      vertex -20.2344 -14.7849 6
    endloop
  endfacet
  facet normal 0.980822 -0.194903 0
    outer loop
      vertex -17.1934 -9.81413 15.3
      vertex -17.1628 -9.66014 6
      vertex -17.1628 -9.66014 15.3
    endloop
  endfacet
  facet normal 0.980822 -0.194903 0
    outer loop
      vertex -17.1628 -9.66014 6
      vertex -17.1934 -9.81413 15.3
      vertex -17.1934 -9.81413 6
    endloop
  endfacet
  facet normal 0.970029 -0.242988 0
    outer loop
      vertex -17.3615 -10.4852 15.3
      vertex -17.1934 -9.81413 6
      vertex -17.1934 -9.81413 15.3
    endloop
  endfacet
  facet normal 0.970029 -0.242988 0
    outer loop
      vertex -17.1934 -9.81413 6
      vertex -17.3615 -10.4852 15.3
      vertex -17.3615 -10.4852 6
    endloop
  endfacet
  facet normal 0.707107 0.707107 0
    outer loop
      vertex -19.4894 14.1096 15.3
      vertex -19.6004 14.2206 6
      vertex -19.6004 14.2206 15.3
    endloop
  endfacet
  facet normal 0.707107 0.707107 0
    outer loop
      vertex -19.6004 14.2206 6
      vertex -19.4894 14.1096 15.3
      vertex -19.4894 14.1096 6
    endloop
  endfacet
  facet normal 0.956928 0.290325 0
    outer loop
      vertex -17.3615 10.4852 15.3
      vertex -17.4071 10.6355 6
      vertex -17.4071 10.6355 15.3
    endloop
  endfacet
  facet normal 0.956928 0.290325 0
    outer loop
      vertex -17.4071 10.6355 6
      vertex -17.3615 10.4852 15.3
      vertex -17.3615 10.4852 6
    endloop
  endfacet
  facet normal 0.427564 0.903985 -0
    outer loop
      vertex -21.6526 15.7139 6
      vertex -22.278 16.0097 15.3
      vertex -21.6526 15.7139 15.3
    endloop
  endfacet
  facet normal 0.427564 0.903985 0
    outer loop
      vertex -22.278 16.0097 15.3
      vertex -21.6526 15.7139 6
      vertex -22.278 16.0097 6
    endloop
  endfacet
  facet normal 0.38267 -0.923885 0
    outer loop
      vertex -22.4231 -16.0698 6
      vertex -22.278 -16.0097 15.3
      vertex -22.4231 -16.0698 15.3
    endloop
  endfacet
  facet normal 0.38267 -0.923885 0
    outer loop
      vertex -22.278 -16.0097 15.3
      vertex -22.4231 -16.0698 6
      vertex -22.278 -16.0097 6
    endloop
  endfacet
  facet normal 0.336922 -0.941532 0
    outer loop
      vertex -23.0745 -16.3029 6
      vertex -22.4231 -16.0698 15.3
      vertex -23.0745 -16.3029 15.3
    endloop
  endfacet
  facet normal 0.336922 -0.941532 0
    outer loop
      vertex -22.4231 -16.0698 15.3
      vertex -23.0745 -16.3029 6
      vertex -22.4231 -16.0698 6
    endloop
  endfacet
  facet normal 0.289919 -0.957051 0
    outer loop
      vertex -23.2247 -16.3484 6
      vertex -23.0745 -16.3029 15.3
      vertex -23.2247 -16.3484 15.3
    endloop
  endfacet
  facet normal 0.289919 -0.957051 0
    outer loop
      vertex -23.0745 -16.3029 15.3
      vertex -23.2247 -16.3484 6
      vertex -23.0745 -16.3029 6
    endloop
  endfacet
  facet normal 0 0 1
    outer loop
      vertex -41.2545 6.67462 15.3
      vertex -44.6532 7.03497 15.3
      vertex -41.0864 6.00351 15.3
    endloop
  endfacet
  facet normal 0 0 1
    outer loop
      vertex -40.5575 -4.72667 15.3
      vertex -44.2977 -7.89317 15.3
      vertex -44.29 -8.05 15.3
    endloop
  endfacet
  facet normal -0 0 1
    outer loop
      vertex -44.7586 6.91863 15.3
      vertex -41.0864 6.00351 15.3
      vertex -44.6532 7.03497 15.3
    endloop
  endfacet
  facet normal 0 0 1
    outer loop
      vertex -40.5575 -4.72667 15.3
      vertex -44.3207 -7.73786 15.3
      vertex -44.2977 -7.89317 15.3
    endloop
  endfacet
  facet normal -0 0 1
    outer loop
      vertex -44.875 6.81318 15.3
      vertex -41.0864 6.00351 15.3
      vertex -44.7586 6.91863 15.3
    endloop
  endfacet
  facet normal 0 0 1
    outer loop
      vertex -40.5575 -4.72667 15.3
      vertex -44.3589 -7.58555 15.3
      vertex -44.3207 -7.73786 15.3
    endloop
  endfacet
  facet normal 0 0 1
    outer loop
      vertex -41.0864 6.00351 15.3
      vertex -44.875 6.81318 15.3
      vertex -40.8533 5.35209 15.3
    endloop
  endfacet
  facet normal 0 0 1
    outer loop
      vertex -40.5575 -4.72667 15.3
      vertex -44.4118 -7.43771 15.3
      vertex -44.3589 -7.58555 15.3
    endloop
  endfacet
  facet normal -0 0 1
    outer loop
      vertex -45.0011 6.71965 15.3
      vertex -40.8533 5.35209 15.3
      vertex -44.875 6.81318 15.3
    endloop
  endfacet
  facet normal 0 0 1
    outer loop
      vertex -40.5575 -4.72667 15.3
      vertex -44.4789 -7.29577 15.3
      vertex -44.4118 -7.43771 15.3
    endloop
  endfacet
  facet normal -0 0 1
    outer loop
      vertex -45.1358 6.63893 15.3
      vertex -40.8533 5.35209 15.3
      vertex -45.0011 6.71965 15.3
    endloop
  endfacet
  facet normal 0 0 1
    outer loop
      vertex -40.5575 -4.72667 15.3
      vertex -44.5597 -7.16109 15.3
      vertex -44.4789 -7.29577 15.3
    endloop
  endfacet
  facet normal 0 0 1
    outer loop
      vertex -40.8533 5.35209 15.3
      vertex -45.1358 6.63893 15.3
      vertex -40.5575 4.72667 15.3
    endloop
  endfacet
  facet normal 0 0 1
    outer loop
      vertex -40.5575 -4.72667 15.3
      vertex -44.6532 -7.03497 15.3
      vertex -44.5597 -7.16109 15.3
    endloop
  endfacet
  facet normal -0 0 1
    outer loop
      vertex -45.2777 6.57179 15.3
      vertex -40.5575 4.72667 15.3
      vertex -45.1358 6.63893 15.3
    endloop
  endfacet
  facet normal 0 0 1
    outer loop
      vertex -40.5575 -4.72667 15.3
      vertex -44.7586 -6.91863 15.3
      vertex -44.6532 -7.03497 15.3
    endloop
  endfacet
  facet normal -0 0 1
    outer loop
      vertex -45.4255 6.5189 15.3
      vertex -40.5575 4.72667 15.3
      vertex -45.2777 6.57179 15.3
    endloop
  endfacet
  facet normal 0 0 1
    outer loop
      vertex -40.5575 -4.72667 15.3
      vertex -44.875 -6.81318 15.3
      vertex -44.7586 -6.91863 15.3
    endloop
  endfacet
  facet normal 0 0 1
    outer loop
      vertex -40.5575 4.72667 15.3
      vertex -45.4255 6.5189 15.3
      vertex -40.2019 4.13324 15.3
    endloop
  endfacet
  facet normal 0 0 1
    outer loop
      vertex -40.5575 -4.72667 15.3
      vertex -45.0011 -6.71965 15.3
      vertex -44.875 -6.81318 15.3
    endloop
  endfacet
  facet normal -0 0 1
    outer loop
      vertex -45.5779 6.48074 15.3
      vertex -40.2019 4.13324 15.3
      vertex -45.4255 6.5189 15.3
    endloop
  endfacet
  facet normal 0 0 1
    outer loop
      vertex -40.5575 -4.72667 15.3
      vertex -45.1358 -6.63893 15.3
      vertex -45.0011 -6.71965 15.3
    endloop
  endfacet
  facet normal -0 0 1
    outer loop
      vertex -45.7332 6.45771 15.3
      vertex -40.2019 4.13324 15.3
      vertex -45.5779 6.48074 15.3
    endloop
  endfacet
  facet normal 0 0 1
    outer loop
      vertex -40.5575 -4.72667 15.3
      vertex -45.2777 -6.57179 15.3
      vertex -45.1358 -6.63893 15.3
    endloop
  endfacet
  facet normal 0 0 1
    outer loop
      vertex -40.2019 4.13324 15.3
      vertex -45.7332 6.45771 15.3
      vertex -40.2019 -4.13324 15.3
    endloop
  endfacet
  facet normal 0 0 1
    outer loop
      vertex -40.5575 -4.72667 15.3
      vertex -45.4255 -6.5189 15.3
      vertex -45.2777 -6.57179 15.3
    endloop
  endfacet
  facet normal 0 0 1
    outer loop
      vertex -45.7332 -6.45771 15.3
      vertex -40.2019 -4.13324 15.3
      vertex -45.7332 6.45771 15.3
    endloop
  endfacet
  facet normal 0 0 1
    outer loop
      vertex -40.2019 -4.13324 15.3
      vertex -45.4255 -6.5189 15.3
      vertex -40.5575 -4.72667 15.3
    endloop
  endfacet
  facet normal 0 -0 1
    outer loop
      vertex -45.5779 -6.48074 15.3
      vertex -40.2019 -4.13324 15.3
      vertex -45.7332 -6.45771 15.3
    endloop
  endfacet
  facet normal 0 -0 1
    outer loop
      vertex -45.4255 -6.5189 15.3
      vertex -40.2019 -4.13324 15.3
      vertex -45.5779 -6.48074 15.3
    endloop
  endfacet
  facet normal -0 0 1
    outer loop
      vertex -45.89 6.45 15.3
      vertex -45.7332 -6.45771 15.3
      vertex -45.7332 6.45771 15.3
    endloop
  endfacet
  facet normal 0 0 1
    outer loop
      vertex -45.89 6.45 15.3
      vertex -45.89 -6.45 15.3
      vertex -45.7332 -6.45771 15.3
    endloop
  endfacet
  facet normal 0 0 1
    outer loop
      vertex -46.0468 6.45771 15.3
      vertex -45.89 -6.45 15.3
      vertex -45.89 6.45 15.3
    endloop
  endfacet
  facet normal 0 0 1
    outer loop
      vertex -46.0468 6.45771 15.3
      vertex -46.0468 -6.45771 15.3
      vertex -45.89 -6.45 15.3
    endloop
  endfacet
  facet normal 0 0 1
    outer loop
      vertex -46.2021 6.48074 15.3
      vertex -46.0468 -6.45771 15.3
      vertex -46.0468 6.45771 15.3
    endloop
  endfacet
  facet normal 0 0 1
    outer loop
      vertex -46.2021 6.48074 15.3
      vertex -46.2021 -6.48074 15.3
      vertex -46.0468 -6.45771 15.3
    endloop
  endfacet
  facet normal 0 0 1
    outer loop
      vertex -46.3545 6.5189 15.3
      vertex -46.2021 -6.48074 15.3
      vertex -46.2021 6.48074 15.3
    endloop
  endfacet
  facet normal 0 0 1
    outer loop
      vertex -46.3545 6.5189 15.3
      vertex -46.3545 -6.5189 15.3
      vertex -46.2021 -6.48074 15.3
    endloop
  endfacet
  facet normal 0 0 1
    outer loop
      vertex -46.5023 6.57179 15.3
      vertex -46.3545 -6.5189 15.3
      vertex -46.3545 6.5189 15.3
    endloop
  endfacet
  facet normal 0 0 1
    outer loop
      vertex -46.5023 6.57179 15.3
      vertex -46.5023 -6.57179 15.3
      vertex -46.3545 -6.5189 15.3
    endloop
  endfacet
  facet normal 0 0 1
    outer loop
      vertex -46.6442 6.63893 15.3
      vertex -46.5023 -6.57179 15.3
      vertex -46.5023 6.57179 15.3
    endloop
  endfacet
  facet normal 0 0 1
    outer loop
      vertex -46.6442 6.63893 15.3
      vertex -46.6442 -6.63893 15.3
      vertex -46.5023 -6.57179 15.3
    endloop
  endfacet
  facet normal 0 0 1
    outer loop
      vertex -46.7789 6.71965 15.3
      vertex -46.6442 -6.63893 15.3
      vertex -46.6442 6.63893 15.3
    endloop
  endfacet
  facet normal 0 0 1
    outer loop
      vertex -46.7789 6.71965 15.3
      vertex -46.7789 -6.71965 15.3
      vertex -46.6442 -6.63893 15.3
    endloop
  endfacet
  facet normal 0 0 1
    outer loop
      vertex -49.89 8.04999 15.3
      vertex -46.7789 6.71965 15.3
      vertex -46.905 6.81318 15.3
    endloop
  endfacet
  facet normal 0 0 1
    outer loop
      vertex -46.7789 6.71965 15.3
      vertex -49.89 8.04999 15.3
      vertex -46.7789 -6.71965 15.3
    endloop
  endfacet
  facet normal 0 0 1
    outer loop
      vertex -49.89 8.04999 15.3
      vertex -46.905 6.81318 15.3
      vertex -47.0214 6.91863 15.3
    endloop
  endfacet
  facet normal 0 0 1
    outer loop
      vertex -49.89 -8.04999 15.3
      vertex -46.7789 -6.71965 15.3
      vertex -49.89 8.04999 15.3
    endloop
  endfacet
  facet normal 0 0 1
    outer loop
      vertex -49.89 8.04999 15.3
      vertex -47.0214 6.91863 15.3
      vertex -47.1268 7.03497 15.3
    endloop
  endfacet
  facet normal 0 0 1
    outer loop
      vertex -46.7789 -6.71965 15.3
      vertex -49.89 -8.04999 15.3
      vertex -46.905 -6.81318 15.3
    endloop
  endfacet
  facet normal 0 0 1
    outer loop
      vertex -49.89 8.04999 15.3
      vertex -47.1268 7.03497 15.3
      vertex -47.2204 7.16109 15.3
    endloop
  endfacet
  facet normal 0 0 1
    outer loop
      vertex -46.905 -6.81318 15.3
      vertex -49.89 -8.04999 15.3
      vertex -47.0214 -6.91863 15.3
    endloop
  endfacet
  facet normal 0 0 1
    outer loop
      vertex -49.89 8.04999 15.3
      vertex -47.2204 7.16109 15.3
      vertex -47.3011 7.29577 15.3
    endloop
  endfacet
  facet normal 0 0 1
    outer loop
      vertex -47.0214 -6.91863 15.3
      vertex -49.89 -8.04999 15.3
      vertex -47.1268 -7.03497 15.3
    endloop
  endfacet
  facet normal 0 0 1
    outer loop
      vertex -49.89 8.04999 15.3
      vertex -47.3011 7.29577 15.3
      vertex -47.3682 7.43771 15.3
    endloop
  endfacet
  facet normal 0 0 1
    outer loop
      vertex -47.1268 -7.03497 15.3
      vertex -49.89 -8.04999 15.3
      vertex -47.2204 -7.16109 15.3
    endloop
  endfacet
  facet normal 0 0 1
    outer loop
      vertex -49.89 8.04999 15.3
      vertex -47.3682 7.43771 15.3
      vertex -47.4211 7.58555 15.3
    endloop
  endfacet
  facet normal 0 0 1
    outer loop
      vertex -47.2204 -7.16109 15.3
      vertex -49.89 -8.04999 15.3
      vertex -47.3011 -7.29577 15.3
    endloop
  endfacet
  facet normal 0 0 1
    outer loop
      vertex -49.89 8.04999 15.3
      vertex -47.4211 7.58555 15.3
      vertex -47.4593 7.73786 15.3
    endloop
  endfacet
  facet normal 0 0 1
    outer loop
      vertex -47.3011 -7.29577 15.3
      vertex -49.89 -8.04999 15.3
      vertex -47.3682 -7.43771 15.3
    endloop
  endfacet
  facet normal 0 0 1
    outer loop
      vertex -49.89 8.04999 15.3
      vertex -47.4593 7.73786 15.3
      vertex -47.4823 7.89317 15.3
    endloop
  endfacet
  facet normal 0 0 1
    outer loop
      vertex -47.3682 -7.43771 15.3
      vertex -49.89 -8.04999 15.3
      vertex -47.4211 -7.58555 15.3
    endloop
  endfacet
  facet normal -0 0 1
    outer loop
      vertex -49.89 8.04999 15.3
      vertex -47.4823 7.89317 15.3
      vertex -47.49 8.05 15.3
    endloop
  endfacet
  facet normal 0 0 1
    outer loop
      vertex -47.4211 -7.58555 15.3
      vertex -49.89 -8.04999 15.3
      vertex -47.4593 -7.73786 15.3
    endloop
  endfacet
  facet normal 0 0 1
    outer loop
      vertex -18.9136 6.00351 15.3
      vertex -17.0119 8.12851 15.3
      vertex -18.7455 6.67462 15.3
    endloop
  endfacet
  facet normal 0 0 1
    outer loop
      vertex -17.0119 -8.12851 15.3
      vertex -18.644 -7.35899 15.3
      vertex -18.61 -8.05 15.3
    endloop
  endfacet
  facet normal 0 0 1
    outer loop
      vertex -19.1467 5.35209 15.3
      vertex -17.0119 8.12851 15.3
      vertex -18.9136 6.00351 15.3
    endloop
  endfacet
  facet normal 0 0 1
    outer loop
      vertex -17.0119 -8.12851 15.3
      vertex -18.7455 -6.67462 15.3
      vertex -18.644 -7.35899 15.3
    endloop
  endfacet
  facet normal 0 0 1
    outer loop
      vertex -19.4425 4.72667 15.3
      vertex -17.0119 8.12851 15.3
      vertex -19.1467 5.35209 15.3
    endloop
  endfacet
  facet normal 0 0 1
    outer loop
      vertex -17.0119 -8.12851 15.3
      vertex -18.9136 -6.00351 15.3
      vertex -18.7455 -6.67462 15.3
    endloop
  endfacet
  facet normal 0 0 1
    outer loop
      vertex -17.0119 8.12851 15.3
      vertex -19.4425 4.72667 15.3
      vertex -17.0119 -8.12851 15.3
    endloop
  endfacet
  facet normal 0 0 1
    outer loop
      vertex -17.0119 -8.12851 15.3
      vertex -19.1467 -5.35209 15.3
      vertex -18.9136 -6.00351 15.3
    endloop
  endfacet
  facet normal -0 0 1
    outer loop
      vertex -19.4425 -4.72667 15.3
      vertex -17.0119 -8.12851 15.3
      vertex -19.4425 4.72667 15.3
    endloop
  endfacet
  facet normal 0 0 1
    outer loop
      vertex -17.0119 -8.12851 15.3
      vertex -19.4425 -4.72667 15.3
      vertex -19.1467 -5.35209 15.3
    endloop
  endfacet
  facet normal -0 0 1
    outer loop
      vertex -19.7981 4.13324 15.3
      vertex -19.4425 -4.72667 15.3
      vertex -19.4425 4.72667 15.3
    endloop
  endfacet
  facet normal 0 0 1
    outer loop
      vertex -19.7981 4.13324 15.3
      vertex -19.7981 -4.13324 15.3
      vertex -19.4425 -4.72667 15.3
    endloop
  endfacet
  facet normal -0 0 1
    outer loop
      vertex -20.2103 3.57754 15.3
      vertex -19.7981 -4.13324 15.3
      vertex -19.7981 4.13324 15.3
    endloop
  endfacet
  facet normal 0 0 1
    outer loop
      vertex -20.2103 3.57754 15.3
      vertex -20.2103 -3.57754 15.3
      vertex -19.7981 -4.13324 15.3
    endloop
  endfacet
  facet normal -0 0 1
    outer loop
      vertex -20.6749 3.06491 15.3
      vertex -20.2103 -3.57754 15.3
      vertex -20.2103 3.57754 15.3
    endloop
  endfacet
  facet normal 0 0 1
    outer loop
      vertex -20.6749 3.06491 15.3
      vertex -20.6749 -3.06491 15.3
      vertex -20.2103 -3.57754 15.3
    endloop
  endfacet
  facet normal -0 0 1
    outer loop
      vertex -21.1875 2.60028 15.3
      vertex -20.6749 -3.06491 15.3
      vertex -20.6749 3.06491 15.3
    endloop
  endfacet
  facet normal 0 0 1
    outer loop
      vertex -21.1875 2.60028 15.3
      vertex -21.1875 -2.60028 15.3
      vertex -20.6749 -3.06491 15.3
    endloop
  endfacet
  facet normal -0 0 1
    outer loop
      vertex -21.7432 2.18815 15.3
      vertex -21.1875 -2.60028 15.3
      vertex -21.1875 2.60028 15.3
    endloop
  endfacet
  facet normal 0 0 1
    outer loop
      vertex -21.7432 2.18815 15.3
      vertex -21.7432 -2.18815 15.3
      vertex -21.1875 -2.60028 15.3
    endloop
  endfacet
  facet normal -0 0 1
    outer loop
      vertex -22.3367 1.83245 15.3
      vertex -21.7432 -2.18815 15.3
      vertex -21.7432 2.18815 15.3
    endloop
  endfacet
  facet normal 0 0 1
    outer loop
      vertex -22.3367 1.83245 15.3
      vertex -22.3367 -1.83245 15.3
      vertex -21.7432 -2.18815 15.3
    endloop
  endfacet
  facet normal -0 0 1
    outer loop
      vertex -22.9621 1.53666 15.3
      vertex -22.3367 -1.83245 15.3
      vertex -22.3367 1.83245 15.3
    endloop
  endfacet
  facet normal 0 0 1
    outer loop
      vertex -22.9621 1.53666 15.3
      vertex -22.9621 -1.53666 15.3
      vertex -22.3367 -1.83245 15.3
    endloop
  endfacet
  facet normal -0 0 1
    outer loop
      vertex -23.6135 1.30359 15.3
      vertex -22.9621 -1.53666 15.3
      vertex -22.9621 1.53666 15.3
    endloop
  endfacet
  facet normal 0 0 1
    outer loop
      vertex -23.6135 1.30359 15.3
      vertex -23.6135 -1.30359 15.3
      vertex -22.9621 -1.53666 15.3
    endloop
  endfacet
  facet normal -0 0 1
    outer loop
      vertex -24.2846 1.13546 15.3
      vertex -23.6135 -1.30359 15.3
      vertex -23.6135 1.30359 15.3
    endloop
  endfacet
  facet normal 0 0 1
    outer loop
      vertex -24.2846 1.13546 15.3
      vertex -24.2846 -1.13546 15.3
      vertex -23.6135 -1.30359 15.3
    endloop
  endfacet
  facet normal -0 0 1
    outer loop
      vertex -24.969 1.03395 15.3
      vertex -24.2846 -1.13546 15.3
      vertex -24.2846 1.13546 15.3
    endloop
  endfacet
  facet normal 0 0 1
    outer loop
      vertex -24.969 1.03395 15.3
      vertex -24.969 -1.03395 15.3
      vertex -24.2846 -1.13546 15.3
    endloop
  endfacet
  facet normal -0 0 1
    outer loop
      vertex -25.66 1.00001 15.3
      vertex -24.969 -1.03395 15.3
      vertex -24.969 1.03395 15.3
    endloop
  endfacet
  facet normal 0 0 1
    outer loop
      vertex -25.66 1.00001 15.3
      vertex -25.66 -1.00001 15.3
      vertex -24.969 -1.03395 15.3
    endloop
  endfacet
  facet normal -0 0 1
    outer loop
      vertex -34.34 1.00001 15.3
      vertex -25.66 -1.00001 15.3
      vertex -25.66 1.00001 15.3
    endloop
  endfacet
  facet normal 0 0 1
    outer loop
      vertex -34.34 1.00001 15.3
      vertex -34.34 -1.00001 15.3
      vertex -25.66 -1.00001 15.3
    endloop
  endfacet
  facet normal 0 0 1
    outer loop
      vertex -35.031 1.03395 15.3
      vertex -34.34 -1.00001 15.3
      vertex -34.34 1.00001 15.3
    endloop
  endfacet
  facet normal 0 0 1
    outer loop
      vertex -35.031 1.03395 15.3
      vertex -35.031 -1.03395 15.3
      vertex -34.34 -1.00001 15.3
    endloop
  endfacet
  facet normal 0 0 1
    outer loop
      vertex -35.7154 1.13546 15.3
      vertex -35.031 -1.03395 15.3
      vertex -35.031 1.03395 15.3
    endloop
  endfacet
  facet normal 0 0 1
    outer loop
      vertex -35.7154 1.13546 15.3
      vertex -35.7154 -1.13546 15.3
      vertex -35.031 -1.03395 15.3
    endloop
  endfacet
  facet normal 0 0 1
    outer loop
      vertex -36.3865 1.30359 15.3
      vertex -35.7154 -1.13546 15.3
      vertex -35.7154 1.13546 15.3
    endloop
  endfacet
  facet normal 0 0 1
    outer loop
      vertex -36.3865 1.30359 15.3
      vertex -36.3865 -1.30359 15.3
      vertex -35.7154 -1.13546 15.3
    endloop
  endfacet
  facet normal 0 0 1
    outer loop
      vertex -37.0379 1.53666 15.3
      vertex -36.3865 -1.30359 15.3
      vertex -36.3865 1.30359 15.3
    endloop
  endfacet
  facet normal 0 0 1
    outer loop
      vertex -37.0379 1.53666 15.3
      vertex -37.0379 -1.53666 15.3
      vertex -36.3865 -1.30359 15.3
    endloop
  endfacet
  facet normal 0 0 1
    outer loop
      vertex -37.6633 1.83245 15.3
      vertex -37.0379 -1.53666 15.3
      vertex -37.0379 1.53666 15.3
    endloop
  endfacet
  facet normal 0 0 1
    outer loop
      vertex -37.6633 1.83245 15.3
      vertex -37.6633 -1.83245 15.3
      vertex -37.0379 -1.53666 15.3
    endloop
  endfacet
  facet normal 0 0 1
    outer loop
      vertex -38.2568 2.18815 15.3
      vertex -37.6633 -1.83245 15.3
      vertex -37.6633 1.83245 15.3
    endloop
  endfacet
  facet normal 0 0 1
    outer loop
      vertex -38.2568 2.18815 15.3
      vertex -38.2568 -2.18815 15.3
      vertex -37.6633 -1.83245 15.3
    endloop
  endfacet
  facet normal 0 0 1
    outer loop
      vertex -38.8125 2.60028 15.3
      vertex -38.2568 -2.18815 15.3
      vertex -38.2568 2.18815 15.3
    endloop
  endfacet
  facet normal 0 0 1
    outer loop
      vertex -38.8125 2.60028 15.3
      vertex -38.8125 -2.60028 15.3
      vertex -38.2568 -2.18815 15.3
    endloop
  endfacet
  facet normal 0 0 1
    outer loop
      vertex -39.3251 3.06491 15.3
      vertex -38.8125 -2.60028 15.3
      vertex -38.8125 2.60028 15.3
    endloop
  endfacet
  facet normal 0 0 1
    outer loop
      vertex -39.3251 3.06491 15.3
      vertex -39.3251 -3.06491 15.3
      vertex -38.8125 -2.60028 15.3
    endloop
  endfacet
  facet normal 0 0 1
    outer loop
      vertex -39.7897 3.57754 15.3
      vertex -39.3251 -3.06491 15.3
      vertex -39.3251 3.06491 15.3
    endloop
  endfacet
  facet normal 0 0 1
    outer loop
      vertex -39.7897 3.57754 15.3
      vertex -39.7897 -3.57754 15.3
      vertex -39.3251 -3.06491 15.3
    endloop
  endfacet
  facet normal 0 0 1
    outer loop
      vertex -40.2019 4.13324 15.3
      vertex -39.7897 -3.57754 15.3
      vertex -39.7897 3.57754 15.3
    endloop
  endfacet
  facet normal 0 0 1
    outer loop
      vertex -40.2019 4.13324 15.3
      vertex -40.2019 -4.13324 15.3
      vertex -39.7897 -3.57754 15.3
    endloop
  endfacet
  facet normal -0 0 1
    outer loop
      vertex -44.5597 7.16109 15.3
      vertex -41.2545 6.67462 15.3
      vertex -44.4789 7.29577 15.3
    endloop
  endfacet
  facet normal -0 0 1
    outer loop
      vertex -44.6532 7.03497 15.3
      vertex -41.2545 6.67462 15.3
      vertex -44.5597 7.16109 15.3
    endloop
  endfacet
  facet normal -0 0 1
    outer loop
      vertex -44.4118 7.43771 15.3
      vertex -41.356 7.35899 15.3
      vertex -44.3589 7.58555 15.3
    endloop
  endfacet
  facet normal 0 0 1
    outer loop
      vertex -41.356 7.35899 15.3
      vertex -44.4118 7.43771 15.3
      vertex -41.2545 6.67462 15.3
    endloop
  endfacet
  facet normal -0 0 1
    outer loop
      vertex -44.3589 7.58555 15.3
      vertex -41.356 7.35899 15.3
      vertex -44.3207 7.73786 15.3
    endloop
  endfacet
  facet normal -0 0 1
    outer loop
      vertex -44.4789 7.29577 15.3
      vertex -41.2545 6.67462 15.3
      vertex -44.4118 7.43771 15.3
    endloop
  endfacet
  facet normal -0 0 1
    outer loop
      vertex -44.3207 7.73786 15.3
      vertex -41.356 7.35899 15.3
      vertex -44.2977 7.89317 15.3
    endloop
  endfacet
  facet normal 0 0 1
    outer loop
      vertex -40.5575 -4.72667 15.3
      vertex -44.29 -8.05 15.3
      vertex -40.8533 -5.35209 15.3
    endloop
  endfacet
  facet normal 0 0 1
    outer loop
      vertex -41.39 8.05 15.3
      vertex -44.2977 7.89317 15.3
      vertex -41.356 7.35899 15.3
    endloop
  endfacet
  facet normal 0 0 1
    outer loop
      vertex -40.8533 -5.35209 15.3
      vertex -44.29 -8.05 15.3
      vertex -41.0864 -6.00351 15.3
    endloop
  endfacet
  facet normal 0 0 1
    outer loop
      vertex -44.2977 7.89317 15.3
      vertex -41.39 8.05 15.3
      vertex -44.29 8.05 15.3
    endloop
  endfacet
  facet normal 0 0 1
    outer loop
      vertex -41.0864 -6.00351 15.3
      vertex -44.29 -8.05 15.3
      vertex -41.2545 -6.67462 15.3
    endloop
  endfacet
  facet normal 0 0 1
    outer loop
      vertex -18.61 8.05 15.3
      vertex -17.0119 8.12851 15.3
      vertex -17.0459 8.81952 15.3
    endloop
  endfacet
  facet normal 0 0 1
    outer loop
      vertex -18.644 7.35899 15.3
      vertex -17.0119 8.12851 15.3
      vertex -18.61 8.05 15.3
    endloop
  endfacet
  facet normal 0 0 1
    outer loop
      vertex -18.644 8.74101 15.3
      vertex -17.0459 8.81952 15.3
      vertex -17.0613 8.97577 15.3
    endloop
  endfacet
  facet normal 0 0 1
    outer loop
      vertex -18.7455 6.67462 15.3
      vertex -17.0119 8.12851 15.3
      vertex -18.644 7.35899 15.3
    endloop
  endfacet
  facet normal 0 0 1
    outer loop
      vertex -18.644 8.74101 15.3
      vertex -17.0613 8.97577 15.3
      vertex -17.1628 9.66014 15.3
    endloop
  endfacet
  facet normal 0 0 1
    outer loop
      vertex -17.0119 -8.12851 15.3
      vertex -18.61 -8.05 15.3
      vertex -17.0459 -8.81952 15.3
    endloop
  endfacet
  facet normal 0 0 1
    outer loop
      vertex -18.7455 9.42538 15.3
      vertex -17.1628 9.66014 15.3
      vertex -17.1934 9.81413 15.3
    endloop
  endfacet
  facet normal -0 0 1
    outer loop
      vertex -18.644 -8.74101 15.3
      vertex -17.0459 -8.81952 15.3
      vertex -18.61 -8.05 15.3
    endloop
  endfacet
  facet normal 0 0 1
    outer loop
      vertex -18.7455 9.42538 15.3
      vertex -17.1934 9.81413 15.3
      vertex -17.3615 10.4852 15.3
    endloop
  endfacet
  facet normal 0 0 1
    outer loop
      vertex -17.0459 -8.81952 15.3
      vertex -18.644 -8.74101 15.3
      vertex -17.0613 -8.97577 15.3
    endloop
  endfacet
  facet normal 0 0 1
    outer loop
      vertex -18.9136 10.0965 15.3
      vertex -17.3615 10.4852 15.3
      vertex -17.4071 10.6355 15.3
    endloop
  endfacet
  facet normal 0 0 1
    outer loop
      vertex -17.0613 -8.97577 15.3
      vertex -18.644 -8.74101 15.3
      vertex -17.1628 -9.66014 15.3
    endloop
  endfacet
  facet normal 0 0 1
    outer loop
      vertex -18.9136 10.0965 15.3
      vertex -17.4071 10.6355 15.3
      vertex -17.6402 11.2869 15.3
    endloop
  endfacet
  facet normal -0 0 1
    outer loop
      vertex -18.7455 -9.42538 15.3
      vertex -17.1628 -9.66014 15.3
      vertex -18.644 -8.74101 15.3
    endloop
  endfacet
  facet normal 0 0 1
    outer loop
      vertex -19.1467 10.7479 15.3
      vertex -17.6402 11.2869 15.3
      vertex -17.7003 11.432 15.3
    endloop
  endfacet
  facet normal 0 0 1
    outer loop
      vertex -17.1628 -9.66014 15.3
      vertex -18.7455 -9.42538 15.3
      vertex -17.1934 -9.81413 15.3
    endloop
  endfacet
  facet normal 0 0 1
    outer loop
      vertex -19.1467 10.7479 15.3
      vertex -17.7003 11.432 15.3
      vertex -17.9961 12.0574 15.3
    endloop
  endfacet
  facet normal 0 0 1
    outer loop
      vertex -17.1934 -9.81413 15.3
      vertex -18.7455 -9.42538 15.3
      vertex -17.3615 -10.4852 15.3
    endloop
  endfacet
  facet normal 0 0 1
    outer loop
      vertex -19.4425 11.3733 15.3
      vertex -17.9961 12.0574 15.3
      vertex -18.0701 12.1959 15.3
    endloop
  endfacet
  facet normal -0 0 1
    outer loop
      vertex -18.9136 -10.0965 15.3
      vertex -17.3615 -10.4852 15.3
      vertex -18.7455 -9.42538 15.3
    endloop
  endfacet
  facet normal 0 0 1
    outer loop
      vertex -19.4425 11.3733 15.3
      vertex -18.0701 12.1959 15.3
      vertex -18.4258 12.7893 15.3
    endloop
  endfacet
  facet normal 0 0 1
    outer loop
      vertex -17.3615 -10.4852 15.3
      vertex -18.9136 -10.0965 15.3
      vertex -17.4071 -10.6355 15.3
    endloop
  endfacet
  facet normal 0 0 1
    outer loop
      vertex -19.7981 11.9668 15.3
      vertex -18.4258 12.7893 15.3
      vertex -18.513 12.9199 15.3
    endloop
  endfacet
  facet normal 0 0 1
    outer loop
      vertex -17.4071 -10.6355 15.3
      vertex -18.9136 -10.0965 15.3
      vertex -17.6402 -11.2869 15.3
    endloop
  endfacet
  facet normal -0 0 1
    outer loop
      vertex -19.1467 -10.7479 15.3
      vertex -17.6402 -11.2869 15.3
      vertex -18.9136 -10.0965 15.3
    endloop
  endfacet
  facet normal 0 0 1
    outer loop
      vertex -17.0459 8.81952 15.3
      vertex -18.644 8.74101 15.3
      vertex -18.61 8.05 15.3
    endloop
  endfacet
  facet normal 0 0 1
    outer loop
      vertex -17.1628 9.66014 15.3
      vertex -18.7455 9.42538 15.3
      vertex -18.644 8.74101 15.3
    endloop
  endfacet
  facet normal 0 0 1
    outer loop
      vertex -17.3615 10.4852 15.3
      vertex -18.9136 10.0965 15.3
      vertex -18.7455 9.42538 15.3
    endloop
  endfacet
  facet normal 0 0 1
    outer loop
      vertex -19.7981 11.9668 15.3
      vertex -18.513 12.9199 15.3
      vertex -18.9252 13.4756 15.3
    endloop
  endfacet
  facet normal 0 0 1
    outer loop
      vertex -20.2103 12.5225 15.3
      vertex -18.9252 13.4756 15.3
      vertex -19.0248 13.597 15.3
    endloop
  endfacet
  facet normal 0 0 1
    outer loop
      vertex -17.6402 11.2869 15.3
      vertex -19.1467 10.7479 15.3
      vertex -18.9136 10.0965 15.3
    endloop
  endfacet
  facet normal 0 0 1
    outer loop
      vertex -17.9961 12.0574 15.3
      vertex -19.4425 11.3733 15.3
      vertex -19.1467 10.7479 15.3
    endloop
  endfacet
  facet normal 0 0 1
    outer loop
      vertex -20.2103 12.5225 15.3
      vertex -19.0248 13.597 15.3
      vertex -19.4894 14.1096 15.3
    endloop
  endfacet
  facet normal 0 0 1
    outer loop
      vertex -20.6749 13.0351 15.3
      vertex -19.4894 14.1096 15.3
      vertex -19.6004 14.2206 15.3
    endloop
  endfacet
  facet normal 0 0 1
    outer loop
      vertex -18.4258 12.7893 15.3
      vertex -19.7981 11.9668 15.3
      vertex -19.4425 11.3733 15.3
    endloop
  endfacet
  facet normal 0 0 1
    outer loop
      vertex -20.6749 13.0351 15.3
      vertex -19.6004 14.2206 15.3
      vertex -20.113 14.6852 15.3
    endloop
  endfacet
  facet normal 0 0 1
    outer loop
      vertex -18.9252 13.4756 15.3
      vertex -20.2103 12.5225 15.3
      vertex -19.7981 11.9668 15.3
    endloop
  endfacet
  facet normal 0 0 1
    outer loop
      vertex -21.1875 13.4997 15.3
      vertex -20.113 14.6852 15.3
      vertex -20.2344 14.7849 15.3
    endloop
  endfacet
  facet normal 0 0 1
    outer loop
      vertex -19.4894 14.1096 15.3
      vertex -20.6749 13.0351 15.3
      vertex -20.2103 12.5225 15.3
    endloop
  endfacet
  facet normal 0 0 1
    outer loop
      vertex -21.1875 13.4997 15.3
      vertex -20.2344 14.7849 15.3
      vertex -20.7901 15.197 15.3
    endloop
  endfacet
  facet normal 0 0 1
    outer loop
      vertex -21.7432 13.9118 15.3
      vertex -20.7901 15.197 15.3
      vertex -20.9206 15.2842 15.3
    endloop
  endfacet
  facet normal 0 0 1
    outer loop
      vertex -20.113 14.6852 15.3
      vertex -21.1875 13.4997 15.3
      vertex -20.6749 13.0351 15.3
    endloop
  endfacet
  facet normal 0 0 1
    outer loop
      vertex -21.7432 13.9118 15.3
      vertex -20.9206 15.2842 15.3
      vertex -21.5141 15.6399 15.3
    endloop
  endfacet
  facet normal 0 0 1
    outer loop
      vertex -22.3367 14.2675 15.3
      vertex -21.5141 15.6399 15.3
      vertex -21.6526 15.7139 15.3
    endloop
  endfacet
  facet normal 0 0 1
    outer loop
      vertex -20.7901 15.197 15.3
      vertex -21.7432 13.9118 15.3
      vertex -21.1875 13.4997 15.3
    endloop
  endfacet
  facet normal 0 0 1
    outer loop
      vertex -22.3367 14.2675 15.3
      vertex -21.6526 15.7139 15.3
      vertex -22.278 16.0097 15.3
    endloop
  endfacet
  facet normal 0 0 1
    outer loop
      vertex -21.5141 15.6399 15.3
      vertex -22.3367 14.2675 15.3
      vertex -21.7432 13.9118 15.3
    endloop
  endfacet
  facet normal 0 0 1
    outer loop
      vertex -22.9621 14.5633 15.3
      vertex -22.278 16.0097 15.3
      vertex -22.4231 16.0698 15.3
    endloop
  endfacet
  facet normal 0 0 1
    outer loop
      vertex -22.278 16.0097 15.3
      vertex -22.9621 14.5633 15.3
      vertex -22.3367 14.2675 15.3
    endloop
  endfacet
  facet normal 0 0 1
    outer loop
      vertex -23.0745 16.3029 15.3
      vertex -22.9621 14.5633 15.3
      vertex -22.4231 16.0698 15.3
    endloop
  endfacet
  facet normal 0 0 1
    outer loop
      vertex -23.6135 14.7964 15.3
      vertex -23.0745 16.3029 15.3
      vertex -23.2247 16.3484 15.3
    endloop
  endfacet
  facet normal 0 0 1
    outer loop
      vertex -23.0745 16.3029 15.3
      vertex -23.6135 14.7964 15.3
      vertex -22.9621 14.5633 15.3
    endloop
  endfacet
  facet normal 0 0 1
    outer loop
      vertex -23.8958 16.5166 15.3
      vertex -23.6135 14.7964 15.3
      vertex -23.2247 16.3484 15.3
    endloop
  endfacet
  facet normal 0 0 1
    outer loop
      vertex -24.2846 14.9645 15.3
      vertex -23.8958 16.5166 15.3
      vertex -24.0499 16.5472 15.3
    endloop
  endfacet
  facet normal 0 0 1
    outer loop
      vertex -23.8958 16.5166 15.3
      vertex -24.2846 14.9645 15.3
      vertex -23.6135 14.7964 15.3
    endloop
  endfacet
  facet normal 0 0 1
    outer loop
      vertex -24.7342 16.6487 15.3
      vertex -24.2846 14.9645 15.3
      vertex -24.0499 16.5472 15.3
    endloop
  endfacet
  facet normal 0 0 1
    outer loop
      vertex -24.969 15.0661 15.3
      vertex -24.7342 16.6487 15.3
      vertex -24.8905 16.6641 15.3
    endloop
  endfacet
  facet normal 0 0 1
    outer loop
      vertex -24.7342 16.6487 15.3
      vertex -24.969 15.0661 15.3
      vertex -24.2846 14.9645 15.3
    endloop
  endfacet
  facet normal 0 0 1
    outer loop
      vertex -25.5815 16.698 15.3
      vertex -24.969 15.0661 15.3
      vertex -24.8905 16.6641 15.3
    endloop
  endfacet
  facet normal 0 0 1
    outer loop
      vertex -25.66 15.1 15.3
      vertex -25.5815 16.698 15.3
      vertex -25.66 16.7 15.3
    endloop
  endfacet
  facet normal 0 0 1
    outer loop
      vertex -25.5815 16.698 15.3
      vertex -25.66 15.1 15.3
      vertex -24.969 15.0661 15.3
    endloop
  endfacet
  facet normal -0 0 1
    outer loop
      vertex -34.34 16.7 15.3
      vertex -25.66 15.1 15.3
      vertex -25.66 16.7 15.3
    endloop
  endfacet
  facet normal 0 0 1
    outer loop
      vertex -34.34 16.7 15.3
      vertex -34.34 15.1 15.3
      vertex -25.66 15.1 15.3
    endloop
  endfacet
  facet normal -0 0 1
    outer loop
      vertex -34.4185 16.698 15.3
      vertex -34.34 15.1 15.3
      vertex -34.34 16.7 15.3
    endloop
  endfacet
  facet normal 0 0 1
    outer loop
      vertex -34.4185 16.698 15.3
      vertex -35.031 15.0661 15.3
      vertex -34.34 15.1 15.3
    endloop
  endfacet
  facet normal -0 0 1
    outer loop
      vertex -35.1095 16.6641 15.3
      vertex -35.031 15.0661 15.3
      vertex -34.4185 16.698 15.3
    endloop
  endfacet
  facet normal -0 0 1
    outer loop
      vertex -35.2658 16.6487 15.3
      vertex -35.031 15.0661 15.3
      vertex -35.1095 16.6641 15.3
    endloop
  endfacet
  facet normal 0 0 1
    outer loop
      vertex -35.2658 16.6487 15.3
      vertex -35.7154 14.9645 15.3
      vertex -35.031 15.0661 15.3
    endloop
  endfacet
  facet normal -0 0 1
    outer loop
      vertex -35.9501 16.5472 15.3
      vertex -35.7154 14.9645 15.3
      vertex -35.2658 16.6487 15.3
    endloop
  endfacet
  facet normal -0 0 1
    outer loop
      vertex -36.1042 16.5166 15.3
      vertex -35.7154 14.9645 15.3
      vertex -35.9501 16.5472 15.3
    endloop
  endfacet
  facet normal 0 0 1
    outer loop
      vertex -36.1042 16.5166 15.3
      vertex -36.3865 14.7964 15.3
      vertex -35.7154 14.9645 15.3
    endloop
  endfacet
  facet normal -0 0 1
    outer loop
      vertex -36.7753 16.3484 15.3
      vertex -36.3865 14.7964 15.3
      vertex -36.1042 16.5166 15.3
    endloop
  endfacet
  facet normal -0 0 1
    outer loop
      vertex -36.9255 16.3029 15.3
      vertex -36.3865 14.7964 15.3
      vertex -36.7753 16.3484 15.3
    endloop
  endfacet
  facet normal 0 0 1
    outer loop
      vertex -36.9255 16.3029 15.3
      vertex -37.0379 14.5633 15.3
      vertex -36.3865 14.7964 15.3
    endloop
  endfacet
  facet normal -0 0 1
    outer loop
      vertex -37.5769 16.0698 15.3
      vertex -37.0379 14.5633 15.3
      vertex -36.9255 16.3029 15.3
    endloop
  endfacet
  facet normal -0 0 1
    outer loop
      vertex -37.722 16.0097 15.3
      vertex -37.0379 14.5633 15.3
      vertex -37.5769 16.0698 15.3
    endloop
  endfacet
  facet normal 0 0 1
    outer loop
      vertex -37.0379 14.5633 15.3
      vertex -37.722 16.0097 15.3
      vertex -37.6633 14.2675 15.3
    endloop
  endfacet
  facet normal 0 0 1
    outer loop
      vertex -37.722 16.0097 15.3
      vertex -38.2568 13.9118 15.3
      vertex -37.6633 14.2675 15.3
    endloop
  endfacet
  facet normal 0 0 1
    outer loop
      vertex -37.722 16.0097 15.3
      vertex -38.8125 13.4997 15.3
      vertex -38.2568 13.9118 15.3
    endloop
  endfacet
  facet normal 0 0 1
    outer loop
      vertex -37.722 16.0097 15.3
      vertex -39.3251 13.0351 15.3
      vertex -38.8125 13.4997 15.3
    endloop
  endfacet
  facet normal 0 0 1
    outer loop
      vertex -47.4207 11.7455 15.3
      vertex -39.3251 13.0351 15.3
      vertex -37.722 16.0097 15.3
    endloop
  endfacet
  facet normal 0 0 1
    outer loop
      vertex -39.3251 13.0351 15.3
      vertex -47.4207 11.7455 15.3
      vertex -39.7897 12.5225 15.3
    endloop
  endfacet
  facet normal 0 0 1
    outer loop
      vertex -41.2545 -6.67462 15.3
      vertex -44.29 -8.05 15.3
      vertex -41.356 -7.35899 15.3
    endloop
  endfacet
  facet normal -0 0 1
    outer loop
      vertex -44.2977 8.20683 15.3
      vertex -41.39 8.05 15.3
      vertex -41.356 8.74101 15.3
    endloop
  endfacet
  facet normal 0 0 1
    outer loop
      vertex -44.4118 8.66229 15.3
      vertex -41.356 8.74101 15.3
      vertex -41.2545 9.42538 15.3
    endloop
  endfacet
  facet normal 0 0 1
    outer loop
      vertex -44.6532 9.06503 15.3
      vertex -41.2545 9.42538 15.3
      vertex -41.0864 10.0965 15.3
    endloop
  endfacet
  facet normal 0 0 1
    outer loop
      vertex -44.875 9.28682 15.3
      vertex -41.0864 10.0965 15.3
      vertex -40.8533 10.7479 15.3
    endloop
  endfacet
  facet normal 0 0 1
    outer loop
      vertex -45.1358 9.46107 15.3
      vertex -40.8533 10.7479 15.3
      vertex -40.5575 11.3733 15.3
    endloop
  endfacet
  facet normal -0 0 1
    outer loop
      vertex -47.4207 11.7455 15.3
      vertex -40.5575 11.3733 15.3
      vertex -40.2019 11.9668 15.3
    endloop
  endfacet
  facet normal 0 0 1
    outer loop
      vertex -39.7897 12.5225 15.3
      vertex -47.4207 11.7455 15.3
      vertex -40.2019 11.9668 15.3
    endloop
  endfacet
  facet normal 0 0 1
    outer loop
      vertex -41.39 8.05 15.3
      vertex -44.2977 8.20683 15.3
      vertex -44.29 8.05 15.3
    endloop
  endfacet
  facet normal 0 0 1
    outer loop
      vertex -41.356 8.74101 15.3
      vertex -44.3207 8.36214 15.3
      vertex -44.2977 8.20683 15.3
    endloop
  endfacet
  facet normal 0 0 1
    outer loop
      vertex -41.356 8.74101 15.3
      vertex -44.3589 8.51445 15.3
      vertex -44.3207 8.36214 15.3
    endloop
  endfacet
  facet normal 0 0 1
    outer loop
      vertex -41.356 8.74101 15.3
      vertex -44.4118 8.66229 15.3
      vertex -44.3589 8.51445 15.3
    endloop
  endfacet
  facet normal 0 0 1
    outer loop
      vertex -41.2545 9.42538 15.3
      vertex -44.4789 8.80423 15.3
      vertex -44.4118 8.66229 15.3
    endloop
  endfacet
  facet normal 0 0 1
    outer loop
      vertex -41.2545 9.42538 15.3
      vertex -44.5597 8.93891 15.3
      vertex -44.4789 8.80423 15.3
    endloop
  endfacet
  facet normal 0 0 1
    outer loop
      vertex -41.2545 9.42538 15.3
      vertex -44.6532 9.06503 15.3
      vertex -44.5597 8.93891 15.3
    endloop
  endfacet
  facet normal 0 0 1
    outer loop
      vertex -41.0864 10.0965 15.3
      vertex -44.7586 9.18137 15.3
      vertex -44.6532 9.06503 15.3
    endloop
  endfacet
  facet normal 0 0 1
    outer loop
      vertex -41.0864 10.0965 15.3
      vertex -44.875 9.28682 15.3
      vertex -44.7586 9.18137 15.3
    endloop
  endfacet
  facet normal 0 0 1
    outer loop
      vertex -40.8533 10.7479 15.3
      vertex -45.0011 9.38035 15.3
      vertex -44.875 9.28682 15.3
    endloop
  endfacet
  facet normal 0 0 1
    outer loop
      vertex -40.8533 10.7479 15.3
      vertex -45.1358 9.46107 15.3
      vertex -45.0011 9.38035 15.3
    endloop
  endfacet
  facet normal 0 0 1
    outer loop
      vertex -40.5575 11.3733 15.3
      vertex -47.4207 11.7455 15.3
      vertex -45.2777 9.52821 15.3
    endloop
  endfacet
  facet normal 0 0 1
    outer loop
      vertex -40.5575 11.3733 15.3
      vertex -45.2777 9.52821 15.3
      vertex -45.1358 9.46107 15.3
    endloop
  endfacet
  facet normal 0 0 1
    outer loop
      vertex -45.2777 9.52821 15.3
      vertex -47.4207 11.7455 15.3
      vertex -45.4255 9.5811 15.3
    endloop
  endfacet
  facet normal 0 0 1
    outer loop
      vertex -45.4255 9.5811 15.3
      vertex -47.4207 11.7455 15.3
      vertex -45.5779 9.61926 15.3
    endloop
  endfacet
  facet normal 0 0 1
    outer loop
      vertex -45.5779 9.61926 15.3
      vertex -47.4207 11.7455 15.3
      vertex -45.7332 9.64229 15.3
    endloop
  endfacet
  facet normal 0 0 1
    outer loop
      vertex -45.7332 9.64229 15.3
      vertex -47.4207 11.7455 15.3
      vertex -45.89 9.65 15.3
    endloop
  endfacet
  facet normal 0 0 1
    outer loop
      vertex -45.89 9.65 15.3
      vertex -47.4207 11.7455 15.3
      vertex -46.0468 9.64229 15.3
    endloop
  endfacet
  facet normal 0 0 1
    outer loop
      vertex -46.0468 9.64229 15.3
      vertex -47.4207 11.7455 15.3
      vertex -46.2021 9.61926 15.3
    endloop
  endfacet
  facet normal 0 0 1
    outer loop
      vertex -46.2021 9.61926 15.3
      vertex -47.4207 11.7455 15.3
      vertex -46.3545 9.5811 15.3
    endloop
  endfacet
  facet normal 0 0 1
    outer loop
      vertex -46.3545 9.5811 15.3
      vertex -47.4207 11.7455 15.3
      vertex -46.5023 9.52821 15.3
    endloop
  endfacet
  facet normal 0 0 1
    outer loop
      vertex -46.5023 9.52821 15.3
      vertex -47.4207 11.7455 15.3
      vertex -46.6442 9.46107 15.3
    endloop
  endfacet
  facet normal -0 0 1
    outer loop
      vertex -47.7756 11.5777 15.3
      vertex -46.6442 9.46107 15.3
      vertex -47.4207 11.7455 15.3
    endloop
  endfacet
  facet normal 0 0 1
    outer loop
      vertex -46.6442 9.46107 15.3
      vertex -47.7756 11.5777 15.3
      vertex -46.7789 9.38035 15.3
    endloop
  endfacet
  facet normal -0 0 1
    outer loop
      vertex -48.1123 11.3759 15.3
      vertex -46.7789 9.38035 15.3
      vertex -47.7756 11.5777 15.3
    endloop
  endfacet
  facet normal 0 0 1
    outer loop
      vertex -46.7789 9.38035 15.3
      vertex -48.1123 11.3759 15.3
      vertex -46.905 9.28682 15.3
    endloop
  endfacet
  facet normal -0 0 1
    outer loop
      vertex -48.4276 11.142 15.3
      vertex -46.905 9.28682 15.3
      vertex -48.1123 11.3759 15.3
    endloop
  endfacet
  facet normal 0 0 1
    outer loop
      vertex -46.905 9.28682 15.3
      vertex -48.4276 11.142 15.3
      vertex -47.0214 9.18137 15.3
    endloop
  endfacet
  facet normal -0 0 1
    outer loop
      vertex -48.7184 10.8784 15.3
      vertex -47.0214 9.18137 15.3
      vertex -48.4276 11.142 15.3
    endloop
  endfacet
  facet normal 0 0 1
    outer loop
      vertex -47.0214 9.18137 15.3
      vertex -48.7184 10.8784 15.3
      vertex -47.1268 9.06503 15.3
    endloop
  endfacet
  facet normal -0 0 1
    outer loop
      vertex -48.982 10.5876 15.3
      vertex -47.1268 9.06503 15.3
      vertex -48.7184 10.8784 15.3
    endloop
  endfacet
  facet normal 0 0 1
    outer loop
      vertex -47.1268 9.06503 15.3
      vertex -48.982 10.5876 15.3
      vertex -47.2204 8.93891 15.3
    endloop
  endfacet
  facet normal -0 0 1
    outer loop
      vertex -49.2159 10.2723 15.3
      vertex -47.2204 8.93891 15.3
      vertex -48.982 10.5876 15.3
    endloop
  endfacet
  facet normal -0 0 1
    outer loop
      vertex -49.4177 9.93558 15.3
      vertex -47.3011 8.80423 15.3
      vertex -49.2159 10.2723 15.3
    endloop
  endfacet
  facet normal 0 0 1
    outer loop
      vertex -47.2204 8.93891 15.3
      vertex -49.2159 10.2723 15.3
      vertex -47.3011 8.80423 15.3
    endloop
  endfacet
  facet normal 0 0 1
    outer loop
      vertex -17.6402 -11.2869 15.3
      vertex -19.1467 -10.7479 15.3
      vertex -17.7003 -11.432 15.3
    endloop
  endfacet
  facet normal 0 0 1
    outer loop
      vertex -17.7003 -11.432 15.3
      vertex -19.1467 -10.7479 15.3
      vertex -17.9961 -12.0574 15.3
    endloop
  endfacet
  facet normal -0 0 1
    outer loop
      vertex -19.4425 -11.3733 15.3
      vertex -17.9961 -12.0574 15.3
      vertex -19.1467 -10.7479 15.3
    endloop
  endfacet
  facet normal 0 0 1
    outer loop
      vertex -17.9961 -12.0574 15.3
      vertex -19.4425 -11.3733 15.3
      vertex -18.0701 -12.1959 15.3
    endloop
  endfacet
  facet normal 0 0 1
    outer loop
      vertex -18.0701 -12.1959 15.3
      vertex -19.4425 -11.3733 15.3
      vertex -18.4258 -12.7893 15.3
    endloop
  endfacet
  facet normal -0 0 1
    outer loop
      vertex -19.7981 -11.9668 15.3
      vertex -18.4258 -12.7893 15.3
      vertex -19.4425 -11.3733 15.3
    endloop
  endfacet
  facet normal 0 0 1
    outer loop
      vertex -18.4258 -12.7893 15.3
      vertex -19.7981 -11.9668 15.3
      vertex -18.513 -12.9199 15.3
    endloop
  endfacet
  facet normal 0 0 1
    outer loop
      vertex -18.513 -12.9199 15.3
      vertex -19.7981 -11.9668 15.3
      vertex -18.9252 -13.4756 15.3
    endloop
  endfacet
  facet normal -0 0 1
    outer loop
      vertex -20.2103 -12.5225 15.3
      vertex -18.9252 -13.4756 15.3
      vertex -19.7981 -11.9668 15.3
    endloop
  endfacet
  facet normal 0 0 1
    outer loop
      vertex -18.9252 -13.4756 15.3
      vertex -20.2103 -12.5225 15.3
      vertex -19.0248 -13.597 15.3
    endloop
  endfacet
  facet normal 0 0 1
    outer loop
      vertex -19.0248 -13.597 15.3
      vertex -20.2103 -12.5225 15.3
      vertex -19.4894 -14.1096 15.3
    endloop
  endfacet
  facet normal -0 0 1
    outer loop
      vertex -20.6749 -13.0351 15.3
      vertex -19.4894 -14.1096 15.3
      vertex -20.2103 -12.5225 15.3
    endloop
  endfacet
  facet normal 0 0 1
    outer loop
      vertex -19.4894 -14.1096 15.3
      vertex -20.6749 -13.0351 15.3
      vertex -19.6004 -14.2206 15.3
    endloop
  endfacet
  facet normal 0 0 1
    outer loop
      vertex -19.6004 -14.2206 15.3
      vertex -20.6749 -13.0351 15.3
      vertex -20.113 -14.6852 15.3
    endloop
  endfacet
  facet normal -0 0 1
    outer loop
      vertex -21.1875 -13.4997 15.3
      vertex -20.113 -14.6852 15.3
      vertex -20.6749 -13.0351 15.3
    endloop
  endfacet
  facet normal 0 0 1
    outer loop
      vertex -20.113 -14.6852 15.3
      vertex -21.1875 -13.4997 15.3
      vertex -20.2344 -14.7849 15.3
    endloop
  endfacet
  facet normal 0 0 1
    outer loop
      vertex -20.2344 -14.7849 15.3
      vertex -21.1875 -13.4997 15.3
      vertex -20.7901 -15.197 15.3
    endloop
  endfacet
  facet normal -0 0 1
    outer loop
      vertex -21.7432 -13.9118 15.3
      vertex -20.7901 -15.197 15.3
      vertex -21.1875 -13.4997 15.3
    endloop
  endfacet
  facet normal 0 0 1
    outer loop
      vertex -20.7901 -15.197 15.3
      vertex -21.7432 -13.9118 15.3
      vertex -20.9206 -15.2842 15.3
    endloop
  endfacet
  facet normal 0 0 1
    outer loop
      vertex -20.9206 -15.2842 15.3
      vertex -21.7432 -13.9118 15.3
      vertex -21.5141 -15.6399 15.3
    endloop
  endfacet
  facet normal -0 0 1
    outer loop
      vertex -22.3367 -14.2675 15.3
      vertex -21.5141 -15.6399 15.3
      vertex -21.7432 -13.9118 15.3
    endloop
  endfacet
  facet normal 0 0 1
    outer loop
      vertex -21.5141 -15.6399 15.3
      vertex -22.3367 -14.2675 15.3
      vertex -21.6526 -15.7139 15.3
    endloop
  endfacet
  facet normal 0 0 1
    outer loop
      vertex -21.6526 -15.7139 15.3
      vertex -22.3367 -14.2675 15.3
      vertex -22.278 -16.0097 15.3
    endloop
  endfacet
  facet normal -0 0 1
    outer loop
      vertex -22.9621 -14.5633 15.3
      vertex -22.278 -16.0097 15.3
      vertex -22.3367 -14.2675 15.3
    endloop
  endfacet
  facet normal 0 0 1
    outer loop
      vertex -22.278 -16.0097 15.3
      vertex -22.9621 -14.5633 15.3
      vertex -22.4231 -16.0698 15.3
    endloop
  endfacet
  facet normal 0 0 1
    outer loop
      vertex -22.9621 -14.5633 15.3
      vertex -23.0745 -16.3029 15.3
      vertex -22.4231 -16.0698 15.3
    endloop
  endfacet
  facet normal -0 0 1
    outer loop
      vertex -23.6135 -14.7964 15.3
      vertex -23.0745 -16.3029 15.3
      vertex -22.9621 -14.5633 15.3
    endloop
  endfacet
  facet normal 0 0 1
    outer loop
      vertex -23.0745 -16.3029 15.3
      vertex -23.6135 -14.7964 15.3
      vertex -23.2247 -16.3484 15.3
    endloop
  endfacet
  facet normal 0 0 1
    outer loop
      vertex -23.6135 -14.7964 15.3
      vertex -23.8958 -16.5166 15.3
      vertex -23.2247 -16.3484 15.3
    endloop
  endfacet
  facet normal -0 0 1
    outer loop
      vertex -24.2846 -14.9645 15.3
      vertex -23.8958 -16.5166 15.3
      vertex -23.6135 -14.7964 15.3
    endloop
  endfacet
  facet normal 0 0 1
    outer loop
      vertex -23.8958 -16.5166 15.3
      vertex -24.2846 -14.9645 15.3
      vertex -24.0499 -16.5472 15.3
    endloop
  endfacet
  facet normal 0 0 1
    outer loop
      vertex -24.2846 -14.9645 15.3
      vertex -24.7342 -16.6487 15.3
      vertex -24.0499 -16.5472 15.3
    endloop
  endfacet
  facet normal -0 0 1
    outer loop
      vertex -24.969 -15.0661 15.3
      vertex -24.7342 -16.6487 15.3
      vertex -24.2846 -14.9645 15.3
    endloop
  endfacet
  facet normal 0 0 1
    outer loop
      vertex -24.7342 -16.6487 15.3
      vertex -24.969 -15.0661 15.3
      vertex -24.8905 -16.6641 15.3
    endloop
  endfacet
  facet normal 0 0 1
    outer loop
      vertex -24.969 -15.0661 15.3
      vertex -25.5815 -16.698 15.3
      vertex -24.8905 -16.6641 15.3
    endloop
  endfacet
  facet normal -0 0 1
    outer loop
      vertex -25.66 -15.1 15.3
      vertex -25.5815 -16.698 15.3
      vertex -24.969 -15.0661 15.3
    endloop
  endfacet
  facet normal 0 0 1
    outer loop
      vertex -25.66 -15.1 15.3
      vertex -25.66 -16.7 15.3
      vertex -25.5815 -16.698 15.3
    endloop
  endfacet
  facet normal -0 0 1
    outer loop
      vertex -34.34 -15.1 15.3
      vertex -25.66 -16.7 15.3
      vertex -25.66 -15.1 15.3
    endloop
  endfacet
  facet normal 0 0 1
    outer loop
      vertex -34.34 -15.1 15.3
      vertex -34.34 -16.7 15.3
      vertex -25.66 -16.7 15.3
    endloop
  endfacet
  facet normal 0 0 1
    outer loop
      vertex -34.34 -15.1 15.3
      vertex -34.4185 -16.698 15.3
      vertex -34.34 -16.7 15.3
    endloop
  endfacet
  facet normal 0 0 1
    outer loop
      vertex -35.031 -15.0661 15.3
      vertex -34.4185 -16.698 15.3
      vertex -34.34 -15.1 15.3
    endloop
  endfacet
  facet normal 0 0 1
    outer loop
      vertex -35.031 -15.0661 15.3
      vertex -35.1095 -16.6641 15.3
      vertex -34.4185 -16.698 15.3
    endloop
  endfacet
  facet normal 0 0 1
    outer loop
      vertex -35.031 -15.0661 15.3
      vertex -35.2658 -16.6487 15.3
      vertex -35.1095 -16.6641 15.3
    endloop
  endfacet
  facet normal 0 0 1
    outer loop
      vertex -35.7154 -14.9645 15.3
      vertex -35.2658 -16.6487 15.3
      vertex -35.031 -15.0661 15.3
    endloop
  endfacet
  facet normal 0 0 1
    outer loop
      vertex -35.7154 -14.9645 15.3
      vertex -35.9501 -16.5472 15.3
      vertex -35.2658 -16.6487 15.3
    endloop
  endfacet
  facet normal 0 0 1
    outer loop
      vertex -35.7154 -14.9645 15.3
      vertex -36.1042 -16.5166 15.3
      vertex -35.9501 -16.5472 15.3
    endloop
  endfacet
  facet normal 0 0 1
    outer loop
      vertex -36.3865 -14.7964 15.3
      vertex -36.1042 -16.5166 15.3
      vertex -35.7154 -14.9645 15.3
    endloop
  endfacet
  facet normal 0 0 1
    outer loop
      vertex -36.3865 -14.7964 15.3
      vertex -36.7753 -16.3484 15.3
      vertex -36.1042 -16.5166 15.3
    endloop
  endfacet
  facet normal 0 0 1
    outer loop
      vertex -36.3865 -14.7964 15.3
      vertex -36.9255 -16.3029 15.3
      vertex -36.7753 -16.3484 15.3
    endloop
  endfacet
  facet normal 0 0 1
    outer loop
      vertex -37.0379 -14.5633 15.3
      vertex -36.9255 -16.3029 15.3
      vertex -36.3865 -14.7964 15.3
    endloop
  endfacet
  facet normal 0 0 1
    outer loop
      vertex -37.0379 -14.5633 15.3
      vertex -37.5769 -16.0698 15.3
      vertex -36.9255 -16.3029 15.3
    endloop
  endfacet
  facet normal 0 0 1
    outer loop
      vertex -37.722 -16.0097 15.3
      vertex -37.0379 -14.5633 15.3
      vertex -37.6633 -14.2675 15.3
    endloop
  endfacet
  facet normal 0 0 1
    outer loop
      vertex -37.0379 -14.5633 15.3
      vertex -37.722 -16.0097 15.3
      vertex -37.5769 -16.0698 15.3
    endloop
  endfacet
  facet normal 0 0 1
    outer loop
      vertex -38.2568 -13.9118 15.3
      vertex -37.722 -16.0097 15.3
      vertex -37.6633 -14.2675 15.3
    endloop
  endfacet
  facet normal 0 0 1
    outer loop
      vertex -38.8125 -13.4997 15.3
      vertex -37.722 -16.0097 15.3
      vertex -38.2568 -13.9118 15.3
    endloop
  endfacet
  facet normal 0 0 1
    outer loop
      vertex -39.3251 -13.0351 15.3
      vertex -37.722 -16.0097 15.3
      vertex -38.8125 -13.4997 15.3
    endloop
  endfacet
  facet normal 0 0 1
    outer loop
      vertex -47.4207 -11.7455 15.3
      vertex -39.3251 -13.0351 15.3
      vertex -39.7897 -12.5225 15.3
    endloop
  endfacet
  facet normal 0 0 1
    outer loop
      vertex -47.4207 -11.7455 15.3
      vertex -39.7897 -12.5225 15.3
      vertex -40.2019 -11.9668 15.3
    endloop
  endfacet
  facet normal 0 0 1
    outer loop
      vertex -41.356 -7.35899 15.3
      vertex -44.29 -8.05 15.3
      vertex -41.39 -8.05 15.3
    endloop
  endfacet
  facet normal 0 0 1
    outer loop
      vertex -44.2977 -8.20683 15.3
      vertex -41.39 -8.05 15.3
      vertex -44.29 -8.05 15.3
    endloop
  endfacet
  facet normal 0 0 1
    outer loop
      vertex -41.39 -8.05 15.3
      vertex -44.2977 -8.20683 15.3
      vertex -41.356 -8.74101 15.3
    endloop
  endfacet
  facet normal -0 0 1
    outer loop
      vertex -44.3207 -8.36214 15.3
      vertex -41.356 -8.74101 15.3
      vertex -44.2977 -8.20683 15.3
    endloop
  endfacet
  facet normal -0 0 1
    outer loop
      vertex -44.3589 -8.51445 15.3
      vertex -41.356 -8.74101 15.3
      vertex -44.3207 -8.36214 15.3
    endloop
  endfacet
  facet normal -0 0 1
    outer loop
      vertex -44.4118 -8.66229 15.3
      vertex -41.356 -8.74101 15.3
      vertex -44.3589 -8.51445 15.3
    endloop
  endfacet
  facet normal 0 0 1
    outer loop
      vertex -41.356 -8.74101 15.3
      vertex -44.4118 -8.66229 15.3
      vertex -41.2545 -9.42538 15.3
    endloop
  endfacet
  facet normal -0 0 1
    outer loop
      vertex -44.4789 -8.80423 15.3
      vertex -41.2545 -9.42538 15.3
      vertex -44.4118 -8.66229 15.3
    endloop
  endfacet
  facet normal -0 0 1
    outer loop
      vertex -44.5597 -8.93891 15.3
      vertex -41.2545 -9.42538 15.3
      vertex -44.4789 -8.80423 15.3
    endloop
  endfacet
  facet normal -0 0 1
    outer loop
      vertex -44.6532 -9.06503 15.3
      vertex -41.2545 -9.42538 15.3
      vertex -44.5597 -8.93891 15.3
    endloop
  endfacet
  facet normal 0 0 1
    outer loop
      vertex -41.2545 -9.42538 15.3
      vertex -44.6532 -9.06503 15.3
      vertex -41.0864 -10.0965 15.3
    endloop
  endfacet
  facet normal -0 0 1
    outer loop
      vertex -44.7586 -9.18137 15.3
      vertex -41.0864 -10.0965 15.3
      vertex -44.6532 -9.06503 15.3
    endloop
  endfacet
  facet normal -0 0 1
    outer loop
      vertex -44.875 -9.28682 15.3
      vertex -41.0864 -10.0965 15.3
      vertex -44.7586 -9.18137 15.3
    endloop
  endfacet
  facet normal 0 0 1
    outer loop
      vertex -41.0864 -10.0965 15.3
      vertex -44.875 -9.28682 15.3
      vertex -40.8533 -10.7479 15.3
    endloop
  endfacet
  facet normal -0 0 1
    outer loop
      vertex -45.0011 -9.38035 15.3
      vertex -40.8533 -10.7479 15.3
      vertex -44.875 -9.28682 15.3
    endloop
  endfacet
  facet normal -0 0 1
    outer loop
      vertex -45.1358 -9.46107 15.3
      vertex -40.8533 -10.7479 15.3
      vertex -45.0011 -9.38035 15.3
    endloop
  endfacet
  facet normal 0 0 1
    outer loop
      vertex -40.8533 -10.7479 15.3
      vertex -45.1358 -9.46107 15.3
      vertex -40.5575 -11.3733 15.3
    endloop
  endfacet
  facet normal -0 0 1
    outer loop
      vertex -45.2777 -9.52821 15.3
      vertex -40.5575 -11.3733 15.3
      vertex -45.1358 -9.46107 15.3
    endloop
  endfacet
  facet normal 0 0 1
    outer loop
      vertex -47.4207 -11.7455 15.3
      vertex -40.5575 -11.3733 15.3
      vertex -45.2777 -9.52821 15.3
    endloop
  endfacet
  facet normal 0 0 1
    outer loop
      vertex -40.5575 -11.3733 15.3
      vertex -47.4207 -11.7455 15.3
      vertex -40.2019 -11.9668 15.3
    endloop
  endfacet
  facet normal 0 0 1
    outer loop
      vertex -47.4207 -11.7455 15.3
      vertex -45.2777 -9.52821 15.3
      vertex -45.4255 -9.5811 15.3
    endloop
  endfacet
  facet normal 0 0 1
    outer loop
      vertex -47.4207 -11.7455 15.3
      vertex -45.4255 -9.5811 15.3
      vertex -45.5779 -9.61926 15.3
    endloop
  endfacet
  facet normal 0 0 1
    outer loop
      vertex -47.4207 -11.7455 15.3
      vertex -45.5779 -9.61926 15.3
      vertex -45.7332 -9.64229 15.3
    endloop
  endfacet
  facet normal 0 0 1
    outer loop
      vertex -47.4207 -11.7455 15.3
      vertex -45.7332 -9.64229 15.3
      vertex -45.89 -9.65 15.3
    endloop
  endfacet
  facet normal 0 0 1
    outer loop
      vertex -47.4207 -11.7455 15.3
      vertex -45.89 -9.65 15.3
      vertex -46.0468 -9.64229 15.3
    endloop
  endfacet
  facet normal 0 0 1
    outer loop
      vertex -47.4207 -11.7455 15.3
      vertex -46.0468 -9.64229 15.3
      vertex -46.2021 -9.61926 15.3
    endloop
  endfacet
  facet normal 0 0 1
    outer loop
      vertex -47.4207 -11.7455 15.3
      vertex -46.2021 -9.61926 15.3
      vertex -46.3545 -9.5811 15.3
    endloop
  endfacet
  facet normal 0 0 1
    outer loop
      vertex -47.4207 -11.7455 15.3
      vertex -46.3545 -9.5811 15.3
      vertex -46.5023 -9.52821 15.3
    endloop
  endfacet
  facet normal 0 0 1
    outer loop
      vertex -47.4207 -11.7455 15.3
      vertex -46.5023 -9.52821 15.3
      vertex -46.6442 -9.46107 15.3
    endloop
  endfacet
  facet normal 0 0 1
    outer loop
      vertex -47.7756 -11.5777 15.3
      vertex -46.6442 -9.46107 15.3
      vertex -46.7789 -9.38035 15.3
    endloop
  endfacet
  facet normal 0 0 1
    outer loop
      vertex -39.3251 -13.0351 15.3
      vertex -47.4207 -11.7455 15.3
      vertex -37.722 -16.0097 15.3
    endloop
  endfacet
  facet normal 0 0 1
    outer loop
      vertex -48.1123 -11.3759 15.3
      vertex -46.7789 -9.38035 15.3
      vertex -46.905 -9.28682 15.3
    endloop
  endfacet
  facet normal 0 0 1
    outer loop
      vertex -48.4276 -11.142 15.3
      vertex -46.905 -9.28682 15.3
      vertex -47.0214 -9.18137 15.3
    endloop
  endfacet
  facet normal 0 0 1
    outer loop
      vertex -48.7184 -10.8784 15.3
      vertex -47.0214 -9.18137 15.3
      vertex -47.1268 -9.06503 15.3
    endloop
  endfacet
  facet normal 0 0 1
    outer loop
      vertex -48.982 -10.5876 15.3
      vertex -47.1268 -9.06503 15.3
      vertex -47.2204 -8.93891 15.3
    endloop
  endfacet
  facet normal 0 0 1
    outer loop
      vertex -49.2159 -10.2723 15.3
      vertex -47.2204 -8.93891 15.3
      vertex -47.3011 -8.80423 15.3
    endloop
  endfacet
  facet normal 0 0 1
    outer loop
      vertex -49.4177 -9.93558 15.3
      vertex -47.3011 -8.80423 15.3
      vertex -47.3682 -8.66229 15.3
    endloop
  endfacet
  facet normal 0 0 1
    outer loop
      vertex -49.5855 -9.58072 15.3
      vertex -47.3682 -8.66229 15.3
      vertex -47.4211 -8.51445 15.3
    endloop
  endfacet
  facet normal 0 0 1
    outer loop
      vertex -49.7178 -9.21114 15.3
      vertex -47.4211 -8.51445 15.3
      vertex -47.4593 -8.36214 15.3
    endloop
  endfacet
  facet normal 0 0 1
    outer loop
      vertex -49.8131 -8.83035 15.3
      vertex -47.4593 -8.36214 15.3
      vertex -47.4823 -8.20683 15.3
    endloop
  endfacet
  facet normal 0 0 1
    outer loop
      vertex -49.8707 -8.44206 15.3
      vertex -47.4823 -8.20683 15.3
      vertex -47.49 -8.05 15.3
    endloop
  endfacet
  facet normal 0 0 1
    outer loop
      vertex -46.6442 -9.46107 15.3
      vertex -47.7756 -11.5777 15.3
      vertex -47.4207 -11.7455 15.3
    endloop
  endfacet
  facet normal 0 0 1
    outer loop
      vertex -47.4593 -7.73786 15.3
      vertex -49.89 -8.04999 15.3
      vertex -47.4823 -7.89317 15.3
    endloop
  endfacet
  facet normal 0 0 1
    outer loop
      vertex -47.3011 8.80423 15.3
      vertex -49.4177 9.93558 15.3
      vertex -47.3682 8.66229 15.3
    endloop
  endfacet
  facet normal 0 0 1
    outer loop
      vertex -47.4823 -7.89317 15.3
      vertex -49.89 -8.04999 15.3
      vertex -47.49 -8.05 15.3
    endloop
  endfacet
  facet normal -0 0 1
    outer loop
      vertex -49.5855 9.58072 15.3
      vertex -47.3682 8.66229 15.3
      vertex -49.4177 9.93558 15.3
    endloop
  endfacet
  facet normal 0 -0 1
    outer loop
      vertex -49.8707 -8.44206 15.3
      vertex -47.49 -8.05 15.3
      vertex -49.89 -8.04999 15.3
    endloop
  endfacet
  facet normal 0 0 1
    outer loop
      vertex -47.3682 8.66229 15.3
      vertex -49.5855 9.58072 15.3
      vertex -47.4211 8.51445 15.3
    endloop
  endfacet
  facet normal 0 0 1
    outer loop
      vertex -46.7789 -9.38035 15.3
      vertex -48.1123 -11.3759 15.3
      vertex -47.7756 -11.5777 15.3
    endloop
  endfacet
  facet normal -0 0 1
    outer loop
      vertex -49.7178 9.21114 15.3
      vertex -47.4211 8.51445 15.3
      vertex -49.5855 9.58072 15.3
    endloop
  endfacet
  facet normal 0 0 1
    outer loop
      vertex -46.905 -9.28682 15.3
      vertex -48.4276 -11.142 15.3
      vertex -48.1123 -11.3759 15.3
    endloop
  endfacet
  facet normal 0 0 1
    outer loop
      vertex -47.4211 8.51445 15.3
      vertex -49.7178 9.21114 15.3
      vertex -47.4593 8.36214 15.3
    endloop
  endfacet
  facet normal 0 0 1
    outer loop
      vertex -47.0214 -9.18137 15.3
      vertex -48.7184 -10.8784 15.3
      vertex -48.4276 -11.142 15.3
    endloop
  endfacet
  facet normal -0 0 1
    outer loop
      vertex -49.8131 8.83035 15.3
      vertex -47.4593 8.36214 15.3
      vertex -49.7178 9.21114 15.3
    endloop
  endfacet
  facet normal 0 0 1
    outer loop
      vertex -47.1268 -9.06503 15.3
      vertex -48.982 -10.5876 15.3
      vertex -48.7184 -10.8784 15.3
    endloop
  endfacet
  facet normal 0 0 1
    outer loop
      vertex -47.4593 8.36214 15.3
      vertex -49.8131 8.83035 15.3
      vertex -47.4823 8.20683 15.3
    endloop
  endfacet
  facet normal 0 0 1
    outer loop
      vertex -47.2204 -8.93891 15.3
      vertex -49.2159 -10.2723 15.3
      vertex -48.982 -10.5876 15.3
    endloop
  endfacet
  facet normal -0 0 1
    outer loop
      vertex -49.8707 8.44206 15.3
      vertex -47.4823 8.20683 15.3
      vertex -49.8131 8.83035 15.3
    endloop
  endfacet
  facet normal 0 0 1
    outer loop
      vertex -47.3011 -8.80423 15.3
      vertex -49.4177 -9.93558 15.3
      vertex -49.2159 -10.2723 15.3
    endloop
  endfacet
  facet normal 0 0 1
    outer loop
      vertex -47.4823 8.20683 15.3
      vertex -49.8707 8.44206 15.3
      vertex -47.49 8.05 15.3
    endloop
  endfacet
  facet normal 0 0 1
    outer loop
      vertex -47.3682 -8.66229 15.3
      vertex -49.5855 -9.58072 15.3
      vertex -49.4177 -9.93558 15.3
    endloop
  endfacet
  facet normal 0 0 1
    outer loop
      vertex -47.49 8.05 15.3
      vertex -49.8707 8.44206 15.3
      vertex -49.89 8.04999 15.3
    endloop
  endfacet
  facet normal 0 0 1
    outer loop
      vertex -47.4211 -8.51445 15.3
      vertex -49.7178 -9.21114 15.3
      vertex -49.5855 -9.58072 15.3
    endloop
  endfacet
  facet normal 0 0 1
    outer loop
      vertex -47.4593 -8.36214 15.3
      vertex -49.8131 -8.83035 15.3
      vertex -49.7178 -9.21114 15.3
    endloop
  endfacet
  facet normal 0 0 1
    outer loop
      vertex -47.4823 -8.20683 15.3
      vertex -49.8707 -8.44206 15.3
      vertex -49.8131 -8.83035 15.3
    endloop
  endfacet
  facet normal 0.989176 0.146736 0
    outer loop
      vertex 83.4831 0.34306 6.5
      vertex 83.4327 0.682816 6
      vertex 83.4327 0.682816 6.5
    endloop
  endfacet
  facet normal 0.989176 0.146736 0
    outer loop
      vertex 83.4327 0.682816 6
      vertex 83.4831 0.34306 6.5
      vertex 83.4831 0.34306 6
    endloop
  endfacet
  facet normal 0.998789 0.0492029 0
    outer loop
      vertex 83.5 0 6.5
      vertex 83.4831 0.34306 6
      vertex 83.4831 0.34306 6.5
    endloop
  endfacet
  facet normal 0.998789 0.0492029 0
    outer loop
      vertex 83.4831 0.34306 6
      vertex 83.5 0 6.5
      vertex 83.5 0 6
    endloop
  endfacet
  facet normal 0.970071 0.242821 0
    outer loop
      vertex 83.4327 0.682816 6.5
      vertex 83.3493 1.016 6
      vertex 83.3493 1.016 6.5
    endloop
  endfacet
  facet normal 0.970071 0.242821 0
    outer loop
      vertex 83.3493 1.016 6
      vertex 83.4327 0.682816 6.5
      vertex 83.4327 0.682816 6
    endloop
  endfacet
  facet normal 0.427566 0.903984 -0
    outer loop
      vertex 81.6499 3.08672 6
      vertex 81.3394 3.23358 6.5
      vertex 81.6499 3.08672 6.5
    endloop
  endfacet
  facet normal 0.427566 0.903984 0
    outer loop
      vertex 81.3394 3.23358 6.5
      vertex 81.6499 3.08672 6
      vertex 81.3394 3.23358 6
    endloop
  endfacet
  facet normal -0.242974 0.970033 0
    outer loop
      vertex 79.3172 3.43275 6
      vertex 78.984 3.34929 6.5
      vertex 79.3172 3.43275 6.5
    endloop
  endfacet
  facet normal -0.242974 0.970033 0
    outer loop
      vertex 78.984 3.34929 6.5
      vertex 79.3172 3.43275 6
      vertex 78.984 3.34929 6
    endloop
  endfacet
  facet normal -0.14676 0.989172 0
    outer loop
      vertex 79.6569 3.48315 6
      vertex 79.3172 3.43275 6.5
      vertex 79.6569 3.48315 6.5
    endloop
  endfacet
  facet normal -0.14676 0.989172 0
    outer loop
      vertex 79.3172 3.43275 6.5
      vertex 79.6569 3.48315 6
      vertex 79.3172 3.43275 6
    endloop
  endfacet
  facet normal 0.998789 -0.0492029 0
    outer loop
      vertex 83.4831 -0.34306 6.5
      vertex 83.5 0 6
      vertex 83.5 0 6.5
    endloop
  endfacet
  facet normal 0.998789 -0.0492029 0
    outer loop
      vertex 83.5 0 6
      vertex 83.4831 -0.34306 6.5
      vertex 83.4831 -0.34306 6
    endloop
  endfacet
  facet normal -0.336879 -0.941548 0
    outer loop
      vertex 78.6606 -3.23358 6
      vertex 78.984 -3.34929 6.5
      vertex 78.6606 -3.23358 6.5
    endloop
  endfacet
  facet normal -0.336879 -0.941548 -0
    outer loop
      vertex 78.984 -3.34929 6.5
      vertex 78.6606 -3.23358 6
      vertex 78.984 -3.34929 6
    endloop
  endfacet
  facet normal -0.941554 -0.336862 0
    outer loop
      vertex 76.7664 -1.33939 6
      vertex 76.6507 -1.016 6.5
      vertex 76.6507 -1.016 6
    endloop
  endfacet
  facet normal -0.941554 -0.336862 0
    outer loop
      vertex 76.6507 -1.016 6.5
      vertex 76.7664 -1.33939 6
      vertex 76.7664 -1.33939 6.5
    endloop
  endfacet
  facet normal 0.803217 -0.595687 0
    outer loop
      vertex 82.7055 -2.22038 6.5
      vertex 82.9101 -1.9445 6
      vertex 82.9101 -1.9445 6.5
    endloop
  endfacet
  facet normal 0.803217 -0.595687 0
    outer loop
      vertex 82.9101 -1.9445 6
      vertex 82.7055 -2.22038 6.5
      vertex 82.7055 -2.22038 6
    endloop
  endfacet
  facet normal 0.336879 -0.941548 0
    outer loop
      vertex 81.016 -3.34929 6
      vertex 81.3394 -3.23358 6.5
      vertex 81.016 -3.34929 6.5
    endloop
  endfacet
  facet normal 0.336879 -0.941548 0
    outer loop
      vertex 81.3394 -3.23358 6.5
      vertex 81.016 -3.34929 6
      vertex 81.3394 -3.23358 6
    endloop
  endfacet
  facet normal -0.741033 -0.671469 0
    outer loop
      vertex 77.5251 -2.47487 6
      vertex 77.2945 -2.22038 6.5
      vertex 77.2945 -2.22038 6
    endloop
  endfacet
  facet normal -0.741033 -0.671469 0
    outer loop
      vertex 77.2945 -2.22038 6.5
      vertex 77.5251 -2.47487 6
      vertex 77.5251 -2.47487 6.5
    endloop
  endfacet
  facet normal -0.595659 -0.803237 0
    outer loop
      vertex 77.7796 -2.70554 6
      vertex 78.0555 -2.91014 6.5
      vertex 77.7796 -2.70554 6.5
    endloop
  endfacet
  facet normal -0.595659 -0.803237 -0
    outer loop
      vertex 78.0555 -2.91014 6.5
      vertex 77.7796 -2.70554 6
      vertex 78.0555 -2.91014 6
    endloop
  endfacet
  facet normal 0.857706 -0.51414 0
    outer loop
      vertex 82.9101 -1.9445 6.5
      vertex 83.0867 -1.64989 6
      vertex 83.0867 -1.64989 6.5
    endloop
  endfacet
  facet normal 0.857706 -0.51414 0
    outer loop
      vertex 83.0867 -1.64989 6
      vertex 82.9101 -1.9445 6.5
      vertex 82.9101 -1.9445 6
    endloop
  endfacet
  facet normal 0.427566 -0.903984 0
    outer loop
      vertex 81.3394 -3.23358 6
      vertex 81.6499 -3.08672 6.5
      vertex 81.3394 -3.23358 6.5
    endloop
  endfacet
  facet normal 0.427566 -0.903984 0
    outer loop
      vertex 81.6499 -3.08672 6.5
      vertex 81.3394 -3.23358 6
      vertex 81.6499 -3.08672 6
    endloop
  endfacet
  facet normal -0.0490519 -0.998796 0
    outer loop
      vertex 79.6569 -3.48315 6
      vertex 80 -3.5 6.5
      vertex 79.6569 -3.48315 6.5
    endloop
  endfacet
  facet normal -0.0490519 -0.998796 -0
    outer loop
      vertex 80 -3.5 6.5
      vertex 79.6569 -3.48315 6
      vertex 80 -3.5 6
    endloop
  endfacet
  facet normal 0.0490519 0.998796 -0
    outer loop
      vertex 80.3431 3.48315 6
      vertex 80 3.5 6.5
      vertex 80.3431 3.48315 6.5
    endloop
  endfacet
  facet normal 0.0490519 0.998796 0
    outer loop
      vertex 80 3.5 6.5
      vertex 80.3431 3.48315 6
      vertex 80 3.5 6
    endloop
  endfacet
  facet normal 0.242974 0.970033 -0
    outer loop
      vertex 81.016 3.34929 6
      vertex 80.6828 3.43275 6.5
      vertex 81.016 3.34929 6.5
    endloop
  endfacet
  facet normal 0.242974 0.970033 0
    outer loop
      vertex 80.6828 3.43275 6.5
      vertex 81.016 3.34929 6
      vertex 80.6828 3.43275 6
    endloop
  endfacet
  facet normal -0.970071 -0.242821 0
    outer loop
      vertex 76.6507 -1.016 6
      vertex 76.5673 -0.682816 6.5
      vertex 76.5673 -0.682816 6
    endloop
  endfacet
  facet normal -0.970071 -0.242821 0
    outer loop
      vertex 76.5673 -0.682816 6.5
      vertex 76.6507 -1.016 6
      vertex 76.6507 -1.016 6.5
    endloop
  endfacet
  facet normal -0.336879 0.941548 0
    outer loop
      vertex 78.984 3.34929 6
      vertex 78.6606 3.23358 6.5
      vertex 78.984 3.34929 6.5
    endloop
  endfacet
  facet normal -0.336879 0.941548 0
    outer loop
      vertex 78.6606 3.23358 6.5
      vertex 78.984 3.34929 6
      vertex 78.6606 3.23358 6
    endloop
  endfacet
  facet normal 0.14676 -0.989172 0
    outer loop
      vertex 80.3431 -3.48315 6
      vertex 80.6828 -3.43275 6.5
      vertex 80.3431 -3.48315 6.5
    endloop
  endfacet
  facet normal 0.14676 -0.989172 0
    outer loop
      vertex 80.6828 -3.43275 6.5
      vertex 80.3431 -3.48315 6
      vertex 80.6828 -3.43275 6
    endloop
  endfacet
  facet normal 0.51411 0.857724 -0
    outer loop
      vertex 81.9445 2.91014 6
      vertex 81.6499 3.08672 6.5
      vertex 81.9445 2.91014 6.5
    endloop
  endfacet
  facet normal 0.51411 0.857724 0
    outer loop
      vertex 81.6499 3.08672 6.5
      vertex 81.9445 2.91014 6
      vertex 81.6499 3.08672 6
    endloop
  endfacet
  facet normal 0.595659 -0.803237 0
    outer loop
      vertex 81.9445 -2.91014 6
      vertex 82.2204 -2.70554 6.5
      vertex 81.9445 -2.91014 6.5
    endloop
  endfacet
  facet normal 0.595659 -0.803237 0
    outer loop
      vertex 82.2204 -2.70554 6.5
      vertex 81.9445 -2.91014 6
      vertex 82.2204 -2.70554 6
    endloop
  endfacet
  facet normal 0.0490519 -0.998796 0
    outer loop
      vertex 80 -3.5 6
      vertex 80.3431 -3.48315 6.5
      vertex 80 -3.5 6.5
    endloop
  endfacet
  facet normal 0.0490519 -0.998796 0
    outer loop
      vertex 80.3431 -3.48315 6.5
      vertex 80 -3.5 6
      vertex 80.3431 -3.48315 6
    endloop
  endfacet
  facet normal 0.741033 0.671469 0
    outer loop
      vertex 82.7055 2.22038 6.5
      vertex 82.4749 2.47487 6
      vertex 82.4749 2.47487 6.5
    endloop
  endfacet
  facet normal 0.741033 0.671469 0
    outer loop
      vertex 82.4749 2.47487 6
      vertex 82.7055 2.22038 6.5
      vertex 82.7055 2.22038 6
    endloop
  endfacet
  facet normal -0.857706 0.51414 0
    outer loop
      vertex 76.9133 1.64989 6
      vertex 77.0899 1.9445 6.5
      vertex 77.0899 1.9445 6
    endloop
  endfacet
  facet normal -0.857706 0.51414 0
    outer loop
      vertex 77.0899 1.9445 6.5
      vertex 76.9133 1.64989 6
      vertex 76.9133 1.64989 6.5
    endloop
  endfacet
  facet normal 0.803217 0.595687 0
    outer loop
      vertex 82.9101 1.9445 6.5
      vertex 82.7055 2.22038 6
      vertex 82.7055 2.22038 6.5
    endloop
  endfacet
  facet normal 0.803217 0.595687 0
    outer loop
      vertex 82.7055 2.22038 6
      vertex 82.9101 1.9445 6.5
      vertex 82.9101 1.9445 6
    endloop
  endfacet
  facet normal -0.903939 -0.427661 0
    outer loop
      vertex 76.9133 -1.64989 6
      vertex 76.7664 -1.33939 6.5
      vertex 76.7664 -1.33939 6
    endloop
  endfacet
  facet normal -0.903939 -0.427661 0
    outer loop
      vertex 76.7664 -1.33939 6.5
      vertex 76.9133 -1.64989 6
      vertex 76.9133 -1.64989 6.5
    endloop
  endfacet
  facet normal 0.336879 0.941548 -0
    outer loop
      vertex 81.3394 3.23358 6
      vertex 81.016 3.34929 6.5
      vertex 81.3394 3.23358 6.5
    endloop
  endfacet
  facet normal 0.336879 0.941548 0
    outer loop
      vertex 81.016 3.34929 6.5
      vertex 81.3394 3.23358 6
      vertex 81.016 3.34929 6
    endloop
  endfacet
  facet normal -0.941554 0.336862 0
    outer loop
      vertex 76.6507 1.016 6
      vertex 76.7664 1.33939 6.5
      vertex 76.7664 1.33939 6
    endloop
  endfacet
  facet normal -0.941554 0.336862 0
    outer loop
      vertex 76.7664 1.33939 6.5
      vertex 76.6507 1.016 6
      vertex 76.6507 1.016 6.5
    endloop
  endfacet
  facet normal -0.803217 -0.595687 0
    outer loop
      vertex 77.2945 -2.22038 6
      vertex 77.0899 -1.9445 6.5
      vertex 77.0899 -1.9445 6
    endloop
  endfacet
  facet normal -0.803217 -0.595687 0
    outer loop
      vertex 77.0899 -1.9445 6.5
      vertex 77.2945 -2.22038 6
      vertex 77.2945 -2.22038 6.5
    endloop
  endfacet
  facet normal 0.970071 -0.242821 0
    outer loop
      vertex 83.3493 -1.016 6.5
      vertex 83.4327 -0.682816 6
      vertex 83.4327 -0.682816 6.5
    endloop
  endfacet
  facet normal 0.970071 -0.242821 0
    outer loop
      vertex 83.4327 -0.682816 6
      vertex 83.3493 -1.016 6.5
      vertex 83.3493 -1.016 6
    endloop
  endfacet
  facet normal 0.14676 0.989172 -0
    outer loop
      vertex 80.6828 3.43275 6
      vertex 80.3431 3.48315 6.5
      vertex 80.6828 3.43275 6.5
    endloop
  endfacet
  facet normal 0.14676 0.989172 0
    outer loop
      vertex 80.3431 3.48315 6.5
      vertex 80.6828 3.43275 6
      vertex 80.3431 3.48315 6
    endloop
  endfacet
  facet normal 0.903939 -0.427661 0
    outer loop
      vertex 83.0867 -1.64989 6.5
      vertex 83.2336 -1.33939 6
      vertex 83.2336 -1.33939 6.5
    endloop
  endfacet
  facet normal 0.903939 -0.427661 0
    outer loop
      vertex 83.2336 -1.33939 6
      vertex 83.0867 -1.64989 6.5
      vertex 83.0867 -1.64989 6
    endloop
  endfacet
  facet normal 0.989176 -0.146736 0
    outer loop
      vertex 83.4327 -0.682816 6.5
      vertex 83.4831 -0.34306 6
      vertex 83.4831 -0.34306 6.5
    endloop
  endfacet
  facet normal 0.989176 -0.146736 0
    outer loop
      vertex 83.4831 -0.34306 6
      vertex 83.4327 -0.682816 6.5
      vertex 83.4327 -0.682816 6
    endloop
  endfacet
  facet normal -0.989176 -0.146736 0
    outer loop
      vertex 76.5673 -0.682816 6
      vertex 76.5169 -0.34306 6.5
      vertex 76.5169 -0.34306 6
    endloop
  endfacet
  facet normal -0.989176 -0.146736 0
    outer loop
      vertex 76.5169 -0.34306 6.5
      vertex 76.5673 -0.682816 6
      vertex 76.5673 -0.682816 6.5
    endloop
  endfacet
  facet normal 0.941554 0.336862 0
    outer loop
      vertex 83.3493 1.016 6.5
      vertex 83.2336 1.33939 6
      vertex 83.2336 1.33939 6.5
    endloop
  endfacet
  facet normal 0.941554 0.336862 0
    outer loop
      vertex 83.2336 1.33939 6
      vertex 83.3493 1.016 6.5
      vertex 83.3493 1.016 6
    endloop
  endfacet
  facet normal -0.427566 0.903984 0
    outer loop
      vertex 78.6606 3.23358 6
      vertex 78.3501 3.08672 6.5
      vertex 78.6606 3.23358 6.5
    endloop
  endfacet
  facet normal -0.427566 0.903984 0
    outer loop
      vertex 78.3501 3.08672 6.5
      vertex 78.6606 3.23358 6
      vertex 78.3501 3.08672 6
    endloop
  endfacet
  facet normal 0.595659 0.803237 -0
    outer loop
      vertex 82.2204 2.70554 6
      vertex 81.9445 2.91014 6.5
      vertex 82.2204 2.70554 6.5
    endloop
  endfacet
  facet normal 0.595659 0.803237 0
    outer loop
      vertex 81.9445 2.91014 6.5
      vertex 82.2204 2.70554 6
      vertex 81.9445 2.91014 6
    endloop
  endfacet
  facet normal 0.903939 0.427661 0
    outer loop
      vertex 83.2336 1.33939 6.5
      vertex 83.0867 1.64989 6
      vertex 83.0867 1.64989 6.5
    endloop
  endfacet
  facet normal 0.903939 0.427661 0
    outer loop
      vertex 83.0867 1.64989 6
      vertex 83.2336 1.33939 6.5
      vertex 83.2336 1.33939 6
    endloop
  endfacet
  facet normal -0.903939 0.427661 0
    outer loop
      vertex 76.7664 1.33939 6
      vertex 76.9133 1.64989 6.5
      vertex 76.9133 1.64989 6
    endloop
  endfacet
  facet normal -0.903939 0.427661 0
    outer loop
      vertex 76.9133 1.64989 6.5
      vertex 76.7664 1.33939 6
      vertex 76.7664 1.33939 6.5
    endloop
  endfacet
  facet normal 0.741033 -0.671469 0
    outer loop
      vertex 82.4749 -2.47487 6.5
      vertex 82.7055 -2.22038 6
      vertex 82.7055 -2.22038 6.5
    endloop
  endfacet
  facet normal 0.741033 -0.671469 0
    outer loop
      vertex 82.7055 -2.22038 6
      vertex 82.4749 -2.47487 6.5
      vertex 82.4749 -2.47487 6
    endloop
  endfacet
  facet normal 0.857706 0.51414 0
    outer loop
      vertex 83.0867 1.64989 6.5
      vertex 82.9101 1.9445 6
      vertex 82.9101 1.9445 6.5
    endloop
  endfacet
  facet normal 0.857706 0.51414 0
    outer loop
      vertex 82.9101 1.9445 6
      vertex 83.0867 1.64989 6.5
      vertex 83.0867 1.64989 6
    endloop
  endfacet
  facet normal -0.989176 0.146736 0
    outer loop
      vertex 76.5169 0.34306 6
      vertex 76.5673 0.682816 6.5
      vertex 76.5673 0.682816 6
    endloop
  endfacet
  facet normal -0.989176 0.146736 0
    outer loop
      vertex 76.5673 0.682816 6.5
      vertex 76.5169 0.34306 6
      vertex 76.5169 0.34306 6.5
    endloop
  endfacet
  facet normal -0.803217 0.595687 0
    outer loop
      vertex 77.0899 1.9445 6
      vertex 77.2945 2.22038 6.5
      vertex 77.2945 2.22038 6
    endloop
  endfacet
  facet normal -0.803217 0.595687 0
    outer loop
      vertex 77.2945 2.22038 6.5
      vertex 77.0899 1.9445 6
      vertex 77.0899 1.9445 6.5
    endloop
  endfacet
  facet normal -0.671566 0.740944 0
    outer loop
      vertex 77.7796 2.70554 6
      vertex 77.5251 2.47487 6.5
      vertex 77.7796 2.70554 6.5
    endloop
  endfacet
  facet normal -0.671566 0.740944 0
    outer loop
      vertex 77.5251 2.47487 6.5
      vertex 77.7796 2.70554 6
      vertex 77.5251 2.47487 6
    endloop
  endfacet
  facet normal 0.242974 -0.970033 0
    outer loop
      vertex 80.6828 -3.43275 6
      vertex 81.016 -3.34929 6.5
      vertex 80.6828 -3.43275 6.5
    endloop
  endfacet
  facet normal 0.242974 -0.970033 0
    outer loop
      vertex 81.016 -3.34929 6.5
      vertex 80.6828 -3.43275 6
      vertex 81.016 -3.34929 6
    endloop
  endfacet
  facet normal -0.741033 0.671469 0
    outer loop
      vertex 77.2945 2.22038 6
      vertex 77.5251 2.47487 6.5
      vertex 77.5251 2.47487 6
    endloop
  endfacet
  facet normal -0.741033 0.671469 0
    outer loop
      vertex 77.5251 2.47487 6.5
      vertex 77.2945 2.22038 6
      vertex 77.2945 2.22038 6.5
    endloop
  endfacet
  facet normal -0.671566 -0.740944 0
    outer loop
      vertex 77.5251 -2.47487 6
      vertex 77.7796 -2.70554 6.5
      vertex 77.5251 -2.47487 6.5
    endloop
  endfacet
  facet normal -0.671566 -0.740944 -0
    outer loop
      vertex 77.7796 -2.70554 6.5
      vertex 77.5251 -2.47487 6
      vertex 77.7796 -2.70554 6
    endloop
  endfacet
  facet normal -0.970071 0.242821 0
    outer loop
      vertex 76.5673 0.682816 6
      vertex 76.6507 1.016 6.5
      vertex 76.6507 1.016 6
    endloop
  endfacet
  facet normal -0.970071 0.242821 0
    outer loop
      vertex 76.6507 1.016 6.5
      vertex 76.5673 0.682816 6
      vertex 76.5673 0.682816 6.5
    endloop
  endfacet
  facet normal -0.0490519 0.998796 0
    outer loop
      vertex 80 3.5 6
      vertex 79.6569 3.48315 6.5
      vertex 80 3.5 6.5
    endloop
  endfacet
  facet normal -0.0490519 0.998796 0
    outer loop
      vertex 79.6569 3.48315 6.5
      vertex 80 3.5 6
      vertex 79.6569 3.48315 6
    endloop
  endfacet
  facet normal -0.51411 0.857724 0
    outer loop
      vertex 78.3501 3.08672 6
      vertex 78.0555 2.91014 6.5
      vertex 78.3501 3.08672 6.5
    endloop
  endfacet
  facet normal -0.51411 0.857724 0
    outer loop
      vertex 78.0555 2.91014 6.5
      vertex 78.3501 3.08672 6
      vertex 78.0555 2.91014 6
    endloop
  endfacet
  facet normal -0.595659 0.803237 0
    outer loop
      vertex 78.0555 2.91014 6
      vertex 77.7796 2.70554 6.5
      vertex 78.0555 2.91014 6.5
    endloop
  endfacet
  facet normal -0.595659 0.803237 0
    outer loop
      vertex 77.7796 2.70554 6.5
      vertex 78.0555 2.91014 6
      vertex 77.7796 2.70554 6
    endloop
  endfacet
  facet normal 0.51411 -0.857724 0
    outer loop
      vertex 81.6499 -3.08672 6
      vertex 81.9445 -2.91014 6.5
      vertex 81.6499 -3.08672 6.5
    endloop
  endfacet
  facet normal 0.51411 -0.857724 0
    outer loop
      vertex 81.9445 -2.91014 6.5
      vertex 81.6499 -3.08672 6
      vertex 81.9445 -2.91014 6
    endloop
  endfacet
  facet normal 0.671566 0.740944 -0
    outer loop
      vertex 82.4749 2.47487 6
      vertex 82.2204 2.70554 6.5
      vertex 82.4749 2.47487 6.5
    endloop
  endfacet
  facet normal 0.671566 0.740944 0
    outer loop
      vertex 82.2204 2.70554 6.5
      vertex 82.4749 2.47487 6
      vertex 82.2204 2.70554 6
    endloop
  endfacet
  facet normal 0.941554 -0.336862 0
    outer loop
      vertex 83.2336 -1.33939 6.5
      vertex 83.3493 -1.016 6
      vertex 83.3493 -1.016 6.5
    endloop
  endfacet
  facet normal 0.941554 -0.336862 0
    outer loop
      vertex 83.3493 -1.016 6
      vertex 83.2336 -1.33939 6.5
      vertex 83.2336 -1.33939 6
    endloop
  endfacet
  facet normal -0.242974 -0.970033 0
    outer loop
      vertex 78.984 -3.34929 6
      vertex 79.3172 -3.43275 6.5
      vertex 78.984 -3.34929 6.5
    endloop
  endfacet
  facet normal -0.242974 -0.970033 -0
    outer loop
      vertex 79.3172 -3.43275 6.5
      vertex 78.984 -3.34929 6
      vertex 79.3172 -3.43275 6
    endloop
  endfacet
  facet normal 0 0 1
    outer loop
      vertex 81.6 0 6.5
      vertex 83.5 0 6.5
      vertex 83.4831 0.34306 6.5
    endloop
  endfacet
  facet normal 0 0 1
    outer loop
      vertex 81.5923 0.156827 6.5
      vertex 83.4831 0.34306 6.5
      vertex 83.4327 0.682816 6.5
    endloop
  endfacet
  facet normal 0 0 1
    outer loop
      vertex 83.5 0 6.5
      vertex 81.6 0 6.5
      vertex 83.4831 -0.34306 6.5
    endloop
  endfacet
  facet normal 0 0 1
    outer loop
      vertex 81.5693 0.312144 6.5
      vertex 83.4327 0.682816 6.5
      vertex 83.3493 1.016 6.5
    endloop
  endfacet
  facet normal -0 0 1
    outer loop
      vertex 81.5923 -0.156827 6.5
      vertex 83.4831 -0.34306 6.5
      vertex 81.6 0 6.5
    endloop
  endfacet
  facet normal 0 0 1
    outer loop
      vertex 81.5311 0.464455 6.5
      vertex 83.3493 1.016 6.5
      vertex 83.2336 1.33939 6.5
    endloop
  endfacet
  facet normal 0 0 1
    outer loop
      vertex 83.4831 -0.34306 6.5
      vertex 81.5923 -0.156827 6.5
      vertex 83.4327 -0.682816 6.5
    endloop
  endfacet
  facet normal 0 0 1
    outer loop
      vertex 81.4782 0.612293 6.5
      vertex 83.2336 1.33939 6.5
      vertex 83.0867 1.64989 6.5
    endloop
  endfacet
  facet normal -0 0 1
    outer loop
      vertex 81.5693 -0.312144 6.5
      vertex 83.4327 -0.682816 6.5
      vertex 81.5923 -0.156827 6.5
    endloop
  endfacet
  facet normal 0 0 1
    outer loop
      vertex 81.4111 0.754234 6.5
      vertex 83.0867 1.64989 6.5
      vertex 82.9101 1.9445 6.5
    endloop
  endfacet
  facet normal 0 0 1
    outer loop
      vertex 83.4327 -0.682816 6.5
      vertex 81.5693 -0.312144 6.5
      vertex 83.3493 -1.016 6.5
    endloop
  endfacet
  facet normal 0 0 1
    outer loop
      vertex 81.3304 0.888912 6.5
      vertex 82.9101 1.9445 6.5
      vertex 82.7055 2.22038 6.5
    endloop
  endfacet
  facet normal -0 0 1
    outer loop
      vertex 81.5311 -0.464455 6.5
      vertex 83.3493 -1.016 6.5
      vertex 81.5693 -0.312144 6.5
    endloop
  endfacet
  facet normal 0 0 1
    outer loop
      vertex 81.2368 1.01503 6.5
      vertex 82.7055 2.22038 6.5
      vertex 82.4749 2.47487 6.5
    endloop
  endfacet
  facet normal 0 0 1
    outer loop
      vertex 83.3493 -1.016 6.5
      vertex 81.5311 -0.464455 6.5
      vertex 83.2336 -1.33939 6.5
    endloop
  endfacet
  facet normal 0 0 1
    outer loop
      vertex 81.1314 1.13137 6.5
      vertex 82.4749 2.47487 6.5
      vertex 82.2204 2.70554 6.5
    endloop
  endfacet
  facet normal -0 0 1
    outer loop
      vertex 81.4782 -0.612293 6.5
      vertex 83.2336 -1.33939 6.5
      vertex 81.5311 -0.464455 6.5
    endloop
  endfacet
  facet normal 0 0 1
    outer loop
      vertex 81.015 1.23682 6.5
      vertex 82.2204 2.70554 6.5
      vertex 81.9445 2.91014 6.5
    endloop
  endfacet
  facet normal 0 0 1
    outer loop
      vertex 83.2336 -1.33939 6.5
      vertex 81.4782 -0.612293 6.5
      vertex 83.0867 -1.64989 6.5
    endloop
  endfacet
  facet normal 0 0 1
    outer loop
      vertex 80.8889 1.33035 6.5
      vertex 81.9445 2.91014 6.5
      vertex 81.6499 3.08672 6.5
    endloop
  endfacet
  facet normal -0 0 1
    outer loop
      vertex 81.4111 -0.754234 6.5
      vertex 83.0867 -1.64989 6.5
      vertex 81.4782 -0.612293 6.5
    endloop
  endfacet
  facet normal 0 0 1
    outer loop
      vertex 83.0867 -1.64989 6.5
      vertex 81.4111 -0.754234 6.5
      vertex 82.9101 -1.9445 6.5
    endloop
  endfacet
  facet normal 0 0 1
    outer loop
      vertex 83.4831 0.34306 6.5
      vertex 81.5923 0.156827 6.5
      vertex 81.6 0 6.5
    endloop
  endfacet
  facet normal 0 0 1
    outer loop
      vertex 83.4327 0.682816 6.5
      vertex 81.5693 0.312144 6.5
      vertex 81.5923 0.156827 6.5
    endloop
  endfacet
  facet normal 0 0 1
    outer loop
      vertex 83.3493 1.016 6.5
      vertex 81.5311 0.464455 6.5
      vertex 81.5693 0.312144 6.5
    endloop
  endfacet
  facet normal 0 0 1
    outer loop
      vertex 83.2336 1.33939 6.5
      vertex 81.4782 0.612293 6.5
      vertex 81.5311 0.464455 6.5
    endloop
  endfacet
  facet normal 0 0 1
    outer loop
      vertex 83.0867 1.64989 6.5
      vertex 81.4111 0.754234 6.5
      vertex 81.4782 0.612293 6.5
    endloop
  endfacet
  facet normal 0 0 1
    outer loop
      vertex 80.7542 1.41107 6.5
      vertex 81.6499 3.08672 6.5
      vertex 81.3394 3.23358 6.5
    endloop
  endfacet
  facet normal 0 0 1
    outer loop
      vertex 82.9101 1.9445 6.5
      vertex 81.3304 0.888912 6.5
      vertex 81.4111 0.754234 6.5
    endloop
  endfacet
  facet normal 0 0 1
    outer loop
      vertex 82.7055 2.22038 6.5
      vertex 81.2368 1.01503 6.5
      vertex 81.3304 0.888912 6.5
    endloop
  endfacet
  facet normal 0 0 1
    outer loop
      vertex 82.4749 2.47487 6.5
      vertex 81.1314 1.13137 6.5
      vertex 81.2368 1.01503 6.5
    endloop
  endfacet
  facet normal 0 0 1
    outer loop
      vertex 80.6123 1.47821 6.5
      vertex 81.3394 3.23358 6.5
      vertex 81.016 3.34929 6.5
    endloop
  endfacet
  facet normal 0 0 1
    outer loop
      vertex 82.2204 2.70554 6.5
      vertex 81.015 1.23682 6.5
      vertex 81.1314 1.13137 6.5
    endloop
  endfacet
  facet normal 0 0 1
    outer loop
      vertex 81.9445 2.91014 6.5
      vertex 80.8889 1.33035 6.5
      vertex 81.015 1.23682 6.5
    endloop
  endfacet
  facet normal 0 0 1
    outer loop
      vertex 81.6499 3.08672 6.5
      vertex 80.7542 1.41107 6.5
      vertex 80.8889 1.33035 6.5
    endloop
  endfacet
  facet normal 0 0 1
    outer loop
      vertex 80.4645 1.5311 6.5
      vertex 81.016 3.34929 6.5
      vertex 80.6828 3.43275 6.5
    endloop
  endfacet
  facet normal 0 0 1
    outer loop
      vertex 81.3394 3.23358 6.5
      vertex 80.6123 1.47821 6.5
      vertex 80.7542 1.41107 6.5
    endloop
  endfacet
  facet normal 0 0 1
    outer loop
      vertex 81.016 3.34929 6.5
      vertex 80.4645 1.5311 6.5
      vertex 80.6123 1.47821 6.5
    endloop
  endfacet
  facet normal 0 0 1
    outer loop
      vertex 80.3121 1.56926 6.5
      vertex 80.6828 3.43275 6.5
      vertex 80.3431 3.48315 6.5
    endloop
  endfacet
  facet normal 0 0 1
    outer loop
      vertex 80.6828 3.43275 6.5
      vertex 80.3121 1.56926 6.5
      vertex 80.4645 1.5311 6.5
    endloop
  endfacet
  facet normal 0 0 1
    outer loop
      vertex 80.3431 3.48315 6.5
      vertex 80.1568 1.59229 6.5
      vertex 80.3121 1.56926 6.5
    endloop
  endfacet
  facet normal 0 0 1
    outer loop
      vertex 80 3.5 6.5
      vertex 80.1568 1.59229 6.5
      vertex 80.3431 3.48315 6.5
    endloop
  endfacet
  facet normal 0 0 1
    outer loop
      vertex 80 3.5 6.5
      vertex 80 1.6 6.5
      vertex 80.1568 1.59229 6.5
    endloop
  endfacet
  facet normal 0 0 1
    outer loop
      vertex 80 3.5 6.5
      vertex 79.8432 1.59229 6.5
      vertex 80 1.6 6.5
    endloop
  endfacet
  facet normal -0 0 1
    outer loop
      vertex 79.6569 3.48315 6.5
      vertex 79.8432 1.59229 6.5
      vertex 80 3.5 6.5
    endloop
  endfacet
  facet normal 0 0 1
    outer loop
      vertex 79.8432 1.59229 6.5
      vertex 79.6569 3.48315 6.5
      vertex 79.6879 1.56926 6.5
    endloop
  endfacet
  facet normal -0 0 1
    outer loop
      vertex 79.3172 3.43275 6.5
      vertex 79.6879 1.56926 6.5
      vertex 79.6569 3.48315 6.5
    endloop
  endfacet
  facet normal 0 0 1
    outer loop
      vertex 79.6879 1.56926 6.5
      vertex 79.3172 3.43275 6.5
      vertex 79.5355 1.5311 6.5
    endloop
  endfacet
  facet normal -0 0 1
    outer loop
      vertex 78.984 3.34929 6.5
      vertex 79.5355 1.5311 6.5
      vertex 79.3172 3.43275 6.5
    endloop
  endfacet
  facet normal 0 0 1
    outer loop
      vertex 79.5355 1.5311 6.5
      vertex 78.984 3.34929 6.5
      vertex 79.3877 1.47821 6.5
    endloop
  endfacet
  facet normal -0 0 1
    outer loop
      vertex 78.6606 3.23358 6.5
      vertex 79.3877 1.47821 6.5
      vertex 78.984 3.34929 6.5
    endloop
  endfacet
  facet normal 0 0 1
    outer loop
      vertex 79.3877 1.47821 6.5
      vertex 78.6606 3.23358 6.5
      vertex 79.2458 1.41107 6.5
    endloop
  endfacet
  facet normal -0 0 1
    outer loop
      vertex 78.3501 3.08672 6.5
      vertex 79.2458 1.41107 6.5
      vertex 78.6606 3.23358 6.5
    endloop
  endfacet
  facet normal 0 0 1
    outer loop
      vertex 79.2458 1.41107 6.5
      vertex 78.3501 3.08672 6.5
      vertex 79.1111 1.33035 6.5
    endloop
  endfacet
  facet normal -0 0 1
    outer loop
      vertex 78.0555 2.91014 6.5
      vertex 79.1111 1.33035 6.5
      vertex 78.3501 3.08672 6.5
    endloop
  endfacet
  facet normal 0 0 1
    outer loop
      vertex 79.1111 1.33035 6.5
      vertex 78.0555 2.91014 6.5
      vertex 78.985 1.23682 6.5
    endloop
  endfacet
  facet normal -0 0 1
    outer loop
      vertex 77.7796 2.70554 6.5
      vertex 78.985 1.23682 6.5
      vertex 78.0555 2.91014 6.5
    endloop
  endfacet
  facet normal 0 0 1
    outer loop
      vertex 78.985 1.23682 6.5
      vertex 77.7796 2.70554 6.5
      vertex 78.8686 1.13137 6.5
    endloop
  endfacet
  facet normal -0 0 1
    outer loop
      vertex 77.5251 2.47487 6.5
      vertex 78.8686 1.13137 6.5
      vertex 77.7796 2.70554 6.5
    endloop
  endfacet
  facet normal 0 0 1
    outer loop
      vertex 78.8686 1.13137 6.5
      vertex 77.5251 2.47487 6.5
      vertex 78.7632 1.01503 6.5
    endloop
  endfacet
  facet normal -0 0 1
    outer loop
      vertex 77.2945 2.22038 6.5
      vertex 78.7632 1.01503 6.5
      vertex 77.5251 2.47487 6.5
    endloop
  endfacet
  facet normal 0 0 1
    outer loop
      vertex 78.7632 1.01503 6.5
      vertex 77.2945 2.22038 6.5
      vertex 78.6696 0.888912 6.5
    endloop
  endfacet
  facet normal 0 0 1
    outer loop
      vertex 78.6696 0.888912 6.5
      vertex 77.0899 1.9445 6.5
      vertex 78.5889 0.754234 6.5
    endloop
  endfacet
  facet normal -0 0 1
    outer loop
      vertex 77.0899 1.9445 6.5
      vertex 78.6696 0.888912 6.5
      vertex 77.2945 2.22038 6.5
    endloop
  endfacet
  facet normal -0 0 1
    outer loop
      vertex 81.3304 -0.888912 6.5
      vertex 82.9101 -1.9445 6.5
      vertex 81.4111 -0.754234 6.5
    endloop
  endfacet
  facet normal 0 0 1
    outer loop
      vertex 82.9101 -1.9445 6.5
      vertex 81.3304 -0.888912 6.5
      vertex 82.7055 -2.22038 6.5
    endloop
  endfacet
  facet normal -0 0 1
    outer loop
      vertex 81.2368 -1.01503 6.5
      vertex 82.7055 -2.22038 6.5
      vertex 81.3304 -0.888912 6.5
    endloop
  endfacet
  facet normal 0 0 1
    outer loop
      vertex 82.7055 -2.22038 6.5
      vertex 81.2368 -1.01503 6.5
      vertex 82.4749 -2.47487 6.5
    endloop
  endfacet
  facet normal -0 0 1
    outer loop
      vertex 81.1314 -1.13137 6.5
      vertex 82.4749 -2.47487 6.5
      vertex 81.2368 -1.01503 6.5
    endloop
  endfacet
  facet normal 0 0 1
    outer loop
      vertex 82.4749 -2.47487 6.5
      vertex 81.1314 -1.13137 6.5
      vertex 82.2204 -2.70554 6.5
    endloop
  endfacet
  facet normal -0 0 1
    outer loop
      vertex 81.015 -1.23682 6.5
      vertex 82.2204 -2.70554 6.5
      vertex 81.1314 -1.13137 6.5
    endloop
  endfacet
  facet normal 0 0 1
    outer loop
      vertex 82.2204 -2.70554 6.5
      vertex 81.015 -1.23682 6.5
      vertex 81.9445 -2.91014 6.5
    endloop
  endfacet
  facet normal -0 0 1
    outer loop
      vertex 80.8889 -1.33035 6.5
      vertex 81.9445 -2.91014 6.5
      vertex 81.015 -1.23682 6.5
    endloop
  endfacet
  facet normal 0 0 1
    outer loop
      vertex 81.9445 -2.91014 6.5
      vertex 80.8889 -1.33035 6.5
      vertex 81.6499 -3.08672 6.5
    endloop
  endfacet
  facet normal -0 0 1
    outer loop
      vertex 80.7542 -1.41107 6.5
      vertex 81.6499 -3.08672 6.5
      vertex 80.8889 -1.33035 6.5
    endloop
  endfacet
  facet normal 0 0 1
    outer loop
      vertex 81.6499 -3.08672 6.5
      vertex 80.7542 -1.41107 6.5
      vertex 81.3394 -3.23358 6.5
    endloop
  endfacet
  facet normal -0 0 1
    outer loop
      vertex 80.6123 -1.47821 6.5
      vertex 81.3394 -3.23358 6.5
      vertex 80.7542 -1.41107 6.5
    endloop
  endfacet
  facet normal 0 0 1
    outer loop
      vertex 81.3394 -3.23358 6.5
      vertex 80.6123 -1.47821 6.5
      vertex 81.016 -3.34929 6.5
    endloop
  endfacet
  facet normal -0 0 1
    outer loop
      vertex 80.4645 -1.5311 6.5
      vertex 81.016 -3.34929 6.5
      vertex 80.6123 -1.47821 6.5
    endloop
  endfacet
  facet normal 0 0 1
    outer loop
      vertex 81.016 -3.34929 6.5
      vertex 80.4645 -1.5311 6.5
      vertex 80.6828 -3.43275 6.5
    endloop
  endfacet
  facet normal -0 0 1
    outer loop
      vertex 80.3121 -1.56926 6.5
      vertex 80.6828 -3.43275 6.5
      vertex 80.4645 -1.5311 6.5
    endloop
  endfacet
  facet normal 0 0 1
    outer loop
      vertex 80.6828 -3.43275 6.5
      vertex 80.3121 -1.56926 6.5
      vertex 80.3431 -3.48315 6.5
    endloop
  endfacet
  facet normal -0 0 1
    outer loop
      vertex 80.1568 -1.59229 6.5
      vertex 80.3431 -3.48315 6.5
      vertex 80.3121 -1.56926 6.5
    endloop
  endfacet
  facet normal -0 0 1
    outer loop
      vertex 80 -1.6 6.5
      vertex 80.3431 -3.48315 6.5
      vertex 80.1568 -1.59229 6.5
    endloop
  endfacet
  facet normal 0 0 1
    outer loop
      vertex 80 -1.6 6.5
      vertex 80 -3.5 6.5
      vertex 80.3431 -3.48315 6.5
    endloop
  endfacet
  facet normal 0 0 1
    outer loop
      vertex 79.8432 -1.59229 6.5
      vertex 80 -3.5 6.5
      vertex 80 -1.6 6.5
    endloop
  endfacet
  facet normal 0 0 1
    outer loop
      vertex 79.6569 -3.48315 6.5
      vertex 79.8432 -1.59229 6.5
      vertex 79.6879 -1.56926 6.5
    endloop
  endfacet
  facet normal 0 0 1
    outer loop
      vertex 79.8432 -1.59229 6.5
      vertex 79.6569 -3.48315 6.5
      vertex 80 -3.5 6.5
    endloop
  endfacet
  facet normal 0 0 1
    outer loop
      vertex 79.3172 -3.43275 6.5
      vertex 79.6879 -1.56926 6.5
      vertex 79.5355 -1.5311 6.5
    endloop
  endfacet
  facet normal 0 0 1
    outer loop
      vertex 78.984 -3.34929 6.5
      vertex 79.5355 -1.5311 6.5
      vertex 79.3877 -1.47821 6.5
    endloop
  endfacet
  facet normal 0 0 1
    outer loop
      vertex 79.6879 -1.56926 6.5
      vertex 79.3172 -3.43275 6.5
      vertex 79.6569 -3.48315 6.5
    endloop
  endfacet
  facet normal 0 0 1
    outer loop
      vertex 78.6606 -3.23358 6.5
      vertex 79.3877 -1.47821 6.5
      vertex 79.2458 -1.41107 6.5
    endloop
  endfacet
  facet normal 0 0 1
    outer loop
      vertex 78.3501 -3.08672 6.5
      vertex 79.2458 -1.41107 6.5
      vertex 79.1111 -1.33035 6.5
    endloop
  endfacet
  facet normal 0 0 1
    outer loop
      vertex 78.0555 -2.91014 6.5
      vertex 79.1111 -1.33035 6.5
      vertex 78.985 -1.23682 6.5
    endloop
  endfacet
  facet normal 0 0 1
    outer loop
      vertex 79.5355 -1.5311 6.5
      vertex 78.984 -3.34929 6.5
      vertex 79.3172 -3.43275 6.5
    endloop
  endfacet
  facet normal 0 0 1
    outer loop
      vertex 77.7796 -2.70554 6.5
      vertex 78.985 -1.23682 6.5
      vertex 78.8686 -1.13137 6.5
    endloop
  endfacet
  facet normal 0 0 1
    outer loop
      vertex 77.5251 -2.47487 6.5
      vertex 78.8686 -1.13137 6.5
      vertex 78.7632 -1.01503 6.5
    endloop
  endfacet
  facet normal 0 0 1
    outer loop
      vertex 77.2945 -2.22038 6.5
      vertex 78.7632 -1.01503 6.5
      vertex 78.6696 -0.888912 6.5
    endloop
  endfacet
  facet normal 0 0 1
    outer loop
      vertex 79.3877 -1.47821 6.5
      vertex 78.6606 -3.23358 6.5
      vertex 78.984 -3.34929 6.5
    endloop
  endfacet
  facet normal 0 0 1
    outer loop
      vertex 77.0899 -1.9445 6.5
      vertex 78.6696 -0.888912 6.5
      vertex 78.5889 -0.754234 6.5
    endloop
  endfacet
  facet normal 0 0 1
    outer loop
      vertex 76.9133 -1.64989 6.5
      vertex 78.5889 -0.754234 6.5
      vertex 78.5218 -0.612293 6.5
    endloop
  endfacet
  facet normal 0 0 1
    outer loop
      vertex 76.7664 -1.33939 6.5
      vertex 78.5218 -0.612293 6.5
      vertex 78.4689 -0.464455 6.5
    endloop
  endfacet
  facet normal 0 0 1
    outer loop
      vertex 76.6507 -1.016 6.5
      vertex 78.4689 -0.464455 6.5
      vertex 78.4307 -0.312144 6.5
    endloop
  endfacet
  facet normal 0 0 1
    outer loop
      vertex 76.5673 -0.682816 6.5
      vertex 78.4307 -0.312144 6.5
      vertex 78.4077 -0.156827 6.5
    endloop
  endfacet
  facet normal 0 0 1
    outer loop
      vertex 79.2458 -1.41107 6.5
      vertex 78.3501 -3.08672 6.5
      vertex 78.6606 -3.23358 6.5
    endloop
  endfacet
  facet normal 0 0 1
    outer loop
      vertex 76.5169 -0.34306 6.5
      vertex 78.4077 -0.156827 6.5
      vertex 78.4 0 6.5
    endloop
  endfacet
  facet normal -0 0 1
    outer loop
      vertex 76.9133 1.64989 6.5
      vertex 78.5889 0.754234 6.5
      vertex 77.0899 1.9445 6.5
    endloop
  endfacet
  facet normal 0 0 1
    outer loop
      vertex 78.5889 0.754234 6.5
      vertex 76.9133 1.64989 6.5
      vertex 78.5218 0.612293 6.5
    endloop
  endfacet
  facet normal 0 0 1
    outer loop
      vertex 79.1111 -1.33035 6.5
      vertex 78.0555 -2.91014 6.5
      vertex 78.3501 -3.08672 6.5
    endloop
  endfacet
  facet normal -0 0 1
    outer loop
      vertex 76.7664 1.33939 6.5
      vertex 78.5218 0.612293 6.5
      vertex 76.9133 1.64989 6.5
    endloop
  endfacet
  facet normal 0 0 1
    outer loop
      vertex 78.985 -1.23682 6.5
      vertex 77.7796 -2.70554 6.5
      vertex 78.0555 -2.91014 6.5
    endloop
  endfacet
  facet normal 0 0 1
    outer loop
      vertex 78.5218 0.612293 6.5
      vertex 76.7664 1.33939 6.5
      vertex 78.4689 0.464455 6.5
    endloop
  endfacet
  facet normal 0 0 1
    outer loop
      vertex 78.8686 -1.13137 6.5
      vertex 77.5251 -2.47487 6.5
      vertex 77.7796 -2.70554 6.5
    endloop
  endfacet
  facet normal -0 0 1
    outer loop
      vertex 76.6507 1.016 6.5
      vertex 78.4689 0.464455 6.5
      vertex 76.7664 1.33939 6.5
    endloop
  endfacet
  facet normal 0 0 1
    outer loop
      vertex 78.7632 -1.01503 6.5
      vertex 77.2945 -2.22038 6.5
      vertex 77.5251 -2.47487 6.5
    endloop
  endfacet
  facet normal 0 0 1
    outer loop
      vertex 78.4689 0.464455 6.5
      vertex 76.6507 1.016 6.5
      vertex 78.4307 0.312144 6.5
    endloop
  endfacet
  facet normal 0 0 1
    outer loop
      vertex 78.6696 -0.888912 6.5
      vertex 77.0899 -1.9445 6.5
      vertex 77.2945 -2.22038 6.5
    endloop
  endfacet
  facet normal -0 0 1
    outer loop
      vertex 76.5673 0.682816 6.5
      vertex 78.4307 0.312144 6.5
      vertex 76.6507 1.016 6.5
    endloop
  endfacet
  facet normal 0 0 1
    outer loop
      vertex 78.5889 -0.754234 6.5
      vertex 76.9133 -1.64989 6.5
      vertex 77.0899 -1.9445 6.5
    endloop
  endfacet
  facet normal 0 0 1
    outer loop
      vertex 78.4307 0.312144 6.5
      vertex 76.5673 0.682816 6.5
      vertex 78.4077 0.156827 6.5
    endloop
  endfacet
  facet normal 0 0 1
    outer loop
      vertex 78.5218 -0.612293 6.5
      vertex 76.7664 -1.33939 6.5
      vertex 76.9133 -1.64989 6.5
    endloop
  endfacet
  facet normal -0 0 1
    outer loop
      vertex 76.5169 0.34306 6.5
      vertex 78.4077 0.156827 6.5
      vertex 76.5673 0.682816 6.5
    endloop
  endfacet
  facet normal 0 0 1
    outer loop
      vertex 78.4689 -0.464455 6.5
      vertex 76.6507 -1.016 6.5
      vertex 76.7664 -1.33939 6.5
    endloop
  endfacet
  facet normal 0 0 1
    outer loop
      vertex 78.4077 0.156827 6.5
      vertex 76.5169 0.34306 6.5
      vertex 78.4 0 6.5
    endloop
  endfacet
  facet normal 0 0 1
    outer loop
      vertex 78.4307 -0.312144 6.5
      vertex 76.5673 -0.682816 6.5
      vertex 76.6507 -1.016 6.5
    endloop
  endfacet
  facet normal 0 0 1
    outer loop
      vertex 76.5 0 6.5
      vertex 78.4 0 6.5
      vertex 76.5169 0.34306 6.5
    endloop
  endfacet
  facet normal 0 0 1
    outer loop
      vertex 78.4077 -0.156827 6.5
      vertex 76.5169 -0.34306 6.5
      vertex 76.5673 -0.682816 6.5
    endloop
  endfacet
  facet normal 0 0 1
    outer loop
      vertex 78.4 0 6.5
      vertex 76.5 0 6.5
      vertex 76.5169 -0.34306 6.5
    endloop
  endfacet
  facet normal 0.671566 -0.740944 0
    outer loop
      vertex 82.2204 -2.70554 6
      vertex 82.4749 -2.47487 6.5
      vertex 82.2204 -2.70554 6.5
    endloop
  endfacet
  facet normal 0.671566 -0.740944 0
    outer loop
      vertex 82.4749 -2.47487 6.5
      vertex 82.2204 -2.70554 6
      vertex 82.4749 -2.47487 6
    endloop
  endfacet
  facet normal -0.427566 -0.903984 0
    outer loop
      vertex 78.3501 -3.08672 6
      vertex 78.6606 -3.23358 6.5
      vertex 78.3501 -3.08672 6.5
    endloop
  endfacet
  facet normal -0.427566 -0.903984 -0
    outer loop
      vertex 78.6606 -3.23358 6.5
      vertex 78.3501 -3.08672 6
      vertex 78.6606 -3.23358 6
    endloop
  endfacet
  facet normal -0.998789 0.0492029 0
    outer loop
      vertex 76.5 0 6
      vertex 76.5169 0.34306 6.5
      vertex 76.5169 0.34306 6
    endloop
  endfacet
  facet normal -0.998789 0.0492029 0
    outer loop
      vertex 76.5169 0.34306 6.5
      vertex 76.5 0 6
      vertex 76.5 0 6.5
    endloop
  endfacet
  facet normal -0.998789 -0.0492029 0
    outer loop
      vertex 76.5169 -0.34306 6
      vertex 76.5 0 6.5
      vertex 76.5 0 6
    endloop
  endfacet
  facet normal -0.998789 -0.0492029 0
    outer loop
      vertex 76.5 0 6.5
      vertex 76.5169 -0.34306 6
      vertex 76.5169 -0.34306 6.5
    endloop
  endfacet
  facet normal -0.857706 -0.51414 0
    outer loop
      vertex 77.0899 -1.9445 6
      vertex 76.9133 -1.64989 6.5
      vertex 76.9133 -1.64989 6
    endloop
  endfacet
  facet normal -0.857706 -0.51414 0
    outer loop
      vertex 76.9133 -1.64989 6.5
      vertex 77.0899 -1.9445 6
      vertex 77.0899 -1.9445 6.5
    endloop
  endfacet
  facet normal -0.14676 -0.989172 0
    outer loop
      vertex 79.3172 -3.43275 6
      vertex 79.6569 -3.48315 6.5
      vertex 79.3172 -3.43275 6.5
    endloop
  endfacet
  facet normal -0.14676 -0.989172 -0
    outer loop
      vertex 79.6569 -3.48315 6.5
      vertex 79.3172 -3.43275 6
      vertex 79.6569 -3.48315 6
    endloop
  endfacet
  facet normal -0.51411 -0.857724 0
    outer loop
      vertex 78.0555 -2.91014 6
      vertex 78.3501 -3.08672 6.5
      vertex 78.0555 -2.91014 6.5
    endloop
  endfacet
  facet normal -0.51411 -0.857724 -0
    outer loop
      vertex 78.3501 -3.08672 6.5
      vertex 78.0555 -2.91014 6
      vertex 78.3501 -3.08672 6
    endloop
  endfacet
  facet normal 0.998794 -0.0490974 0
    outer loop
      vertex -16.2 0 1.59
      vertex -16.1894 0.215637 0
      vertex -16.1894 0.215637 1.59
    endloop
  endfacet
  facet normal 0.998794 -0.0490974 0
    outer loop
      vertex -16.1894 0.215637 0
      vertex -16.2 0 1.59
      vertex -16.2 0 0
    endloop
  endfacet
  facet normal -0.10714 -0.994244 0
    outer loop
      vertex 0.362663 3.68218 0
      vertex 14.2156 2.18939 1.59
      vertex 0.362663 3.68218 1.59
    endloop
  endfacet
  facet normal -0.10714 -0.994244 -0
    outer loop
      vertex 14.2156 2.18939 1.59
      vertex 0.362663 3.68218 0
      vertex 14.2156 2.18939 0
    endloop
  endfacet
  facet normal -0.514291 -0.857616 0
    outer loop
      vertex 15.0371 1.94022 0
      vertex 15.2222 1.82922 1.59
      vertex 15.0371 1.94022 1.59
    endloop
  endfacet
  facet normal -0.514291 -0.857616 -0
    outer loop
      vertex 15.2222 1.82922 1.59
      vertex 15.0371 1.94022 0
      vertex 15.2222 1.82922 0
    endloop
  endfacet
  facet normal 0.740924 -0.671589 0
    outer loop
      vertex -15.7006 1.39566 1.59
      vertex -15.5556 1.55563 0
      vertex -15.5556 1.55563 1.59
    endloop
  endfacet
  facet normal 0.740924 -0.671589 0
    outer loop
      vertex -15.5556 1.55563 0
      vertex -15.7006 1.39566 1.59
      vertex -15.7006 1.39566 0
    endloop
  endfacet
  facet normal -0.0490773 0.998795 0
    outer loop
      vertex 0.362663 -3.68218 0
      vertex 0 -3.7 1.59
      vertex 0.362663 -3.68218 1.59
    endloop
  endfacet
  facet normal -0.0490773 0.998795 0
    outer loop
      vertex 0 -3.7 1.59
      vertex 0.362663 -3.68218 0
      vertex 0 -3.7 0
    endloop
  endfacet
  facet normal 0.0490773 -0.998795 0
    outer loop
      vertex -0.362663 3.68218 0
      vertex 0 3.7 1.59
      vertex -0.362663 3.68218 1.59
    endloop
  endfacet
  facet normal 0.0490773 -0.998795 0
    outer loop
      vertex 0 3.7 1.59
      vertex -0.362663 3.68218 0
      vertex 0 3.7 0
    endloop
  endfacet
  facet normal 0.14671 0.98918 -0
    outer loop
      vertex -14.2156 -2.18939 0
      vertex -14.4292 -2.15771 1.59
      vertex -14.2156 -2.18939 1.59
    endloop
  endfacet
  facet normal 0.14671 0.98918 0
    outer loop
      vertex -14.4292 -2.15771 1.59
      vertex -14.2156 -2.18939 0
      vertex -14.4292 -2.15771 0
    endloop
  endfacet
  facet normal -0.857714 0.514128 0
    outer loop
      vertex 15.8292 -1.22224 0
      vertex 15.9402 -1.03706 1.59
      vertex 15.9402 -1.03706 0
    endloop
  endfacet
  facet normal -0.857714 0.514128 0
    outer loop
      vertex 15.9402 -1.03706 1.59
      vertex 15.8292 -1.22224 0
      vertex 15.8292 -1.22224 1.59
    endloop
  endfacet
  facet normal 0.14671 -0.98918 0
    outer loop
      vertex -14.4292 2.15771 0
      vertex -14.2156 2.18939 1.59
      vertex -14.4292 2.15771 1.59
    endloop
  endfacet
  facet normal 0.14671 -0.98918 0
    outer loop
      vertex -14.2156 2.18939 1.59
      vertex -14.4292 2.15771 0
      vertex -14.2156 2.18939 0
    endloop
  endfacet
  facet normal -0.514291 0.857616 0
    outer loop
      vertex 15.2222 -1.82922 0
      vertex 15.0371 -1.94022 1.59
      vertex 15.2222 -1.82922 1.59
    endloop
  endfacet
  facet normal -0.514291 0.857616 0
    outer loop
      vertex 15.0371 -1.94022 1.59
      vertex 15.2222 -1.82922 0
      vertex 15.0371 -1.94022 0
    endloop
  endfacet
  facet normal 0.595471 0.803377 -0
    outer loop
      vertex -15.2222 -1.82922 0
      vertex -15.3957 -1.70062 1.59
      vertex -15.2222 -1.82922 1.59
    endloop
  endfacet
  facet normal 0.595471 0.803377 0
    outer loop
      vertex -15.3957 -1.70062 1.59
      vertex -15.2222 -1.82922 0
      vertex -15.3957 -1.70062 0
    endloop
  endfacet
  facet normal -0.970099 0.242708 0
    outer loop
      vertex 16.1053 -0.638626 0
      vertex 16.1577 -0.429184 1.59
      vertex 16.1577 -0.429184 0
    endloop
  endfacet
  facet normal -0.970099 0.242708 0
    outer loop
      vertex 16.1577 -0.429184 1.59
      vertex 16.1053 -0.638626 0
      vertex 16.1053 -0.638626 1.59
    endloop
  endfacet
  facet normal -0.0490773 -0.998795 0
    outer loop
      vertex 0 3.7 0
      vertex 0.362663 3.68218 1.59
      vertex 0 3.7 1.59
    endloop
  endfacet
  facet normal -0.0490773 -0.998795 -0
    outer loop
      vertex 0.362663 3.68218 1.59
      vertex 0 3.7 0
      vertex 0.362663 3.68218 0
    endloop
  endfacet
  facet normal -0.740924 0.671589 0
    outer loop
      vertex 15.5556 -1.55563 0
      vertex 15.7006 -1.39566 1.59
      vertex 15.7006 -1.39566 0
    endloop
  endfacet
  facet normal -0.740924 0.671589 0
    outer loop
      vertex 15.7006 -1.39566 1.59
      vertex 15.5556 -1.55563 0
      vertex 15.5556 -1.55563 1.59
    endloop
  endfacet
  facet normal -0.998794 0.0490974 0
    outer loop
      vertex 16.1894 -0.215637 0
      vertex 16.2 0 1.59
      vertex 16.2 0 0
    endloop
  endfacet
  facet normal -0.998794 0.0490974 0
    outer loop
      vertex 16.2 0 1.59
      vertex 16.1894 -0.215637 0
      vertex 16.1894 -0.215637 1.59
    endloop
  endfacet
  facet normal -0.427507 -0.904012 0
    outer loop
      vertex 14.8419 2.03253 0
      vertex 15.0371 1.94022 1.59
      vertex 14.8419 2.03253 1.59
    endloop
  endfacet
  facet normal -0.427507 -0.904012 -0
    outer loop
      vertex 15.0371 1.94022 1.59
      vertex 14.8419 2.03253 0
      vertex 15.0371 1.94022 0
    endloop
  endfacet
  facet normal -0.904006 0.427519 0
    outer loop
      vertex 15.9402 -1.03706 0
      vertex 16.0325 -0.841888 1.59
      vertex 16.0325 -0.841888 0
    endloop
  endfacet
  facet normal -0.904006 0.427519 0
    outer loop
      vertex 16.0325 -0.841888 1.59
      vertex 15.9402 -1.03706 0
      vertex 15.9402 -1.03706 1.59
    endloop
  endfacet
  facet normal -0.803245 -0.595648 0
    outer loop
      vertex 15.8292 1.22224 0
      vertex 15.7006 1.39566 1.59
      vertex 15.7006 1.39566 0
    endloop
  endfacet
  facet normal -0.803245 -0.595648 0
    outer loop
      vertex 15.7006 1.39566 1.59
      vertex 15.8292 1.22224 0
      vertex 15.8292 1.22224 1.59
    endloop
  endfacet
  facet normal 0.10714 -0.994244 0
    outer loop
      vertex -14.2156 2.18939 0
      vertex -0.362663 3.68218 1.59
      vertex -14.2156 2.18939 1.59
    endloop
  endfacet
  facet normal 0.10714 -0.994244 0
    outer loop
      vertex -0.362663 3.68218 1.59
      vertex -14.2156 2.18939 0
      vertex -0.362663 3.68218 0
    endloop
  endfacet
  facet normal -0.998794 -0.0490974 0
    outer loop
      vertex 16.2 0 0
      vertex 16.1894 0.215637 1.59
      vertex 16.1894 0.215637 0
    endloop
  endfacet
  facet normal -0.998794 -0.0490974 0
    outer loop
      vertex 16.1894 0.215637 1.59
      vertex 16.2 0 0
      vertex 16.2 0 1.59
    endloop
  endfacet
  facet normal 0.0490773 0.998795 -0
    outer loop
      vertex 0 -3.7 0
      vertex -0.362663 -3.68218 1.59
      vertex 0 -3.7 1.59
    endloop
  endfacet
  facet normal 0.0490773 0.998795 0
    outer loop
      vertex -0.362663 -3.68218 1.59
      vertex 0 -3.7 0
      vertex -0.362663 -3.68218 0
    endloop
  endfacet
  facet normal -0.803245 0.595648 0
    outer loop
      vertex 15.7006 -1.39566 0
      vertex 15.8292 -1.22224 1.59
      vertex 15.8292 -1.22224 0
    endloop
  endfacet
  facet normal -0.803245 0.595648 0
    outer loop
      vertex 15.8292 -1.22224 1.59
      vertex 15.7006 -1.39566 0
      vertex 15.7006 -1.39566 1.59
    endloop
  endfacet
  facet normal -0.14671 -0.98918 0
    outer loop
      vertex 14.2156 2.18939 0
      vertex 14.4292 2.15771 1.59
      vertex 14.2156 2.18939 1.59
    endloop
  endfacet
  facet normal -0.14671 -0.98918 -0
    outer loop
      vertex 14.4292 2.15771 1.59
      vertex 14.2156 2.18939 0
      vertex 14.4292 2.15771 0
    endloop
  endfacet
  facet normal 0.595471 -0.803377 0
    outer loop
      vertex -15.3957 1.70062 0
      vertex -15.2222 1.82922 1.59
      vertex -15.3957 1.70062 1.59
    endloop
  endfacet
  facet normal 0.595471 -0.803377 0
    outer loop
      vertex -15.2222 1.82922 1.59
      vertex -15.3957 1.70062 0
      vertex -15.2222 1.82922 0
    endloop
  endfacet
  facet normal 0.857714 0.514128 0
    outer loop
      vertex -15.8292 -1.22224 1.59
      vertex -15.9402 -1.03706 0
      vertex -15.9402 -1.03706 1.59
    endloop
  endfacet
  facet normal 0.857714 0.514128 0
    outer loop
      vertex -15.9402 -1.03706 0
      vertex -15.8292 -1.22224 1.59
      vertex -15.8292 -1.22224 0
    endloop
  endfacet
  facet normal 0.803245 0.595648 0
    outer loop
      vertex -15.7006 -1.39566 1.59
      vertex -15.8292 -1.22224 0
      vertex -15.8292 -1.22224 1.59
    endloop
  endfacet
  facet normal 0.803245 0.595648 0
    outer loop
      vertex -15.8292 -1.22224 0
      vertex -15.7006 -1.39566 1.59
      vertex -15.7006 -1.39566 0
    endloop
  endfacet
  facet normal -0.10714 0.994244 0
    outer loop
      vertex 14.2156 -2.18939 0
      vertex 0.362663 -3.68218 1.59
      vertex 14.2156 -2.18939 1.59
    endloop
  endfacet
  facet normal -0.10714 0.994244 0
    outer loop
      vertex 0.362663 -3.68218 1.59
      vertex 14.2156 -2.18939 0
      vertex 0.362663 -3.68218 0
    endloop
  endfacet
  facet normal 0.970099 0.242708 0
    outer loop
      vertex -16.1053 -0.638626 1.59
      vertex -16.1577 -0.429184 0
      vertex -16.1577 -0.429184 1.59
    endloop
  endfacet
  facet normal 0.970099 0.242708 0
    outer loop
      vertex -16.1577 -0.429184 0
      vertex -16.1053 -0.638626 1.59
      vertex -16.1053 -0.638626 0
    endloop
  endfacet
  facet normal -0.336841 -0.941562 0
    outer loop
      vertex 14.6386 2.10526 0
      vertex 14.8419 2.03253 1.59
      vertex 14.6386 2.10526 1.59
    endloop
  endfacet
  facet normal -0.336841 -0.941562 -0
    outer loop
      vertex 14.8419 2.03253 1.59
      vertex 14.6386 2.10526 0
      vertex 14.8419 2.03253 0
    endloop
  endfacet
  facet normal 0.336841 -0.941562 0
    outer loop
      vertex -14.8419 2.03253 0
      vertex -14.6386 2.10526 1.59
      vertex -14.8419 2.03253 1.59
    endloop
  endfacet
  facet normal 0.336841 -0.941562 0
    outer loop
      vertex -14.6386 2.10526 1.59
      vertex -14.8419 2.03253 0
      vertex -14.6386 2.10526 0
    endloop
  endfacet
  facet normal -0.941439 0.337184 0
    outer loop
      vertex 16.0325 -0.841888 0
      vertex 16.1053 -0.638626 1.59
      vertex 16.1053 -0.638626 0
    endloop
  endfacet
  facet normal -0.941439 0.337184 0
    outer loop
      vertex 16.1053 -0.638626 1.59
      vertex 16.0325 -0.841888 0
      vertex 16.0325 -0.841888 1.59
    endloop
  endfacet
  facet normal 0.941439 -0.337184 0
    outer loop
      vertex -16.1053 0.638626 1.59
      vertex -16.0325 0.841888 0
      vertex -16.0325 0.841888 1.59
    endloop
  endfacet
  facet normal 0.941439 -0.337184 0
    outer loop
      vertex -16.0325 0.841888 0
      vertex -16.1053 0.638626 1.59
      vertex -16.1053 0.638626 0
    endloop
  endfacet
  facet normal 0.970099 -0.242708 0
    outer loop
      vertex -16.1577 0.429184 1.59
      vertex -16.1053 0.638626 0
      vertex -16.1053 0.638626 1.59
    endloop
  endfacet
  facet normal 0.970099 -0.242708 0
    outer loop
      vertex -16.1053 0.638626 0
      vertex -16.1577 0.429184 1.59
      vertex -16.1577 0.429184 0
    endloop
  endfacet
  facet normal 0.989161 -0.146836 0
    outer loop
      vertex -16.1894 0.215637 1.59
      vertex -16.1577 0.429184 0
      vertex -16.1577 0.429184 1.59
    endloop
  endfacet
  facet normal 0.989161 -0.146836 0
    outer loop
      vertex -16.1577 0.429184 0
      vertex -16.1894 0.215637 1.59
      vertex -16.1894 0.215637 0
    endloop
  endfacet
  facet normal -0.941439 -0.337184 0
    outer loop
      vertex 16.1053 0.638626 0
      vertex 16.0325 0.841888 1.59
      vertex 16.0325 0.841888 0
    endloop
  endfacet
  facet normal -0.941439 -0.337184 0
    outer loop
      vertex 16.0325 0.841888 1.59
      vertex 16.1053 0.638626 0
      vertex 16.1053 0.638626 1.59
    endloop
  endfacet
  facet normal -0.671724 0.740801 0
    outer loop
      vertex 15.5556 -1.55563 0
      vertex 15.3957 -1.70062 1.59
      vertex 15.5556 -1.55563 1.59
    endloop
  endfacet
  facet normal -0.671724 0.740801 0
    outer loop
      vertex 15.3957 -1.70062 1.59
      vertex 15.5556 -1.55563 0
      vertex 15.3957 -1.70062 0
    endloop
  endfacet
  facet normal -0.242972 -0.970033 0
    outer loop
      vertex 14.4292 2.15771 0
      vertex 14.6386 2.10526 1.59
      vertex 14.4292 2.15771 1.59
    endloop
  endfacet
  facet normal -0.242972 -0.970033 -0
    outer loop
      vertex 14.6386 2.10526 1.59
      vertex 14.4292 2.15771 0
      vertex 14.6386 2.10526 0
    endloop
  endfacet
  facet normal -0.671724 -0.740801 0
    outer loop
      vertex 15.3957 1.70062 0
      vertex 15.5556 1.55563 1.59
      vertex 15.3957 1.70062 1.59
    endloop
  endfacet
  facet normal -0.671724 -0.740801 -0
    outer loop
      vertex 15.5556 1.55563 1.59
      vertex 15.3957 1.70062 0
      vertex 15.5556 1.55563 0
    endloop
  endfacet
  facet normal -0.904006 -0.427519 0
    outer loop
      vertex 16.0325 0.841888 0
      vertex 15.9402 1.03706 1.59
      vertex 15.9402 1.03706 0
    endloop
  endfacet
  facet normal -0.904006 -0.427519 0
    outer loop
      vertex 15.9402 1.03706 1.59
      vertex 16.0325 0.841888 0
      vertex 16.0325 0.841888 1.59
    endloop
  endfacet
  facet normal 0.427507 0.904012 -0
    outer loop
      vertex -14.8419 -2.03253 0
      vertex -15.0371 -1.94022 1.59
      vertex -14.8419 -2.03253 1.59
    endloop
  endfacet
  facet normal 0.427507 0.904012 0
    outer loop
      vertex -15.0371 -1.94022 1.59
      vertex -14.8419 -2.03253 0
      vertex -15.0371 -1.94022 0
    endloop
  endfacet
  facet normal 0.671724 -0.740801 0
    outer loop
      vertex -15.5556 1.55563 0
      vertex -15.3957 1.70062 1.59
      vertex -15.5556 1.55563 1.59
    endloop
  endfacet
  facet normal 0.671724 -0.740801 0
    outer loop
      vertex -15.3957 1.70062 1.59
      vertex -15.5556 1.55563 0
      vertex -15.3957 1.70062 0
    endloop
  endfacet
  facet normal 0.803245 -0.595648 0
    outer loop
      vertex -15.8292 1.22224 1.59
      vertex -15.7006 1.39566 0
      vertex -15.7006 1.39566 1.59
    endloop
  endfacet
  facet normal 0.803245 -0.595648 0
    outer loop
      vertex -15.7006 1.39566 0
      vertex -15.8292 1.22224 1.59
      vertex -15.8292 1.22224 0
    endloop
  endfacet
  facet normal 0.10714 0.994244 -0
    outer loop
      vertex -0.362663 -3.68218 0
      vertex -14.2156 -2.18939 1.59
      vertex -0.362663 -3.68218 1.59
    endloop
  endfacet
  facet normal 0.10714 0.994244 0
    outer loop
      vertex -14.2156 -2.18939 1.59
      vertex -0.362663 -3.68218 0
      vertex -14.2156 -2.18939 0
    endloop
  endfacet
  facet normal 0.514291 -0.857616 0
    outer loop
      vertex -15.2222 1.82922 0
      vertex -15.0371 1.94022 1.59
      vertex -15.2222 1.82922 1.59
    endloop
  endfacet
  facet normal 0.514291 -0.857616 0
    outer loop
      vertex -15.0371 1.94022 1.59
      vertex -15.2222 1.82922 0
      vertex -15.0371 1.94022 0
    endloop
  endfacet
  facet normal 0.242972 -0.970033 0
    outer loop
      vertex -14.6386 2.10526 0
      vertex -14.4292 2.15771 1.59
      vertex -14.6386 2.10526 1.59
    endloop
  endfacet
  facet normal 0.242972 -0.970033 0
    outer loop
      vertex -14.4292 2.15771 1.59
      vertex -14.6386 2.10526 0
      vertex -14.4292 2.15771 0
    endloop
  endfacet
  facet normal -0.427507 0.904012 0
    outer loop
      vertex 15.0371 -1.94022 0
      vertex 14.8419 -2.03253 1.59
      vertex 15.0371 -1.94022 1.59
    endloop
  endfacet
  facet normal -0.427507 0.904012 0
    outer loop
      vertex 14.8419 -2.03253 1.59
      vertex 15.0371 -1.94022 0
      vertex 14.8419 -2.03253 0
    endloop
  endfacet
  facet normal 0.427507 -0.904012 0
    outer loop
      vertex -15.0371 1.94022 0
      vertex -14.8419 2.03253 1.59
      vertex -15.0371 1.94022 1.59
    endloop
  endfacet
  facet normal 0.427507 -0.904012 0
    outer loop
      vertex -14.8419 2.03253 1.59
      vertex -15.0371 1.94022 0
      vertex -14.8419 2.03253 0
    endloop
  endfacet
  facet normal -0.989161 0.146836 0
    outer loop
      vertex 16.1577 -0.429184 0
      vertex 16.1894 -0.215637 1.59
      vertex 16.1894 -0.215637 0
    endloop
  endfacet
  facet normal -0.989161 0.146836 0
    outer loop
      vertex 16.1894 -0.215637 1.59
      vertex 16.1577 -0.429184 0
      vertex 16.1577 -0.429184 1.59
    endloop
  endfacet
  facet normal -0.970099 -0.242708 0
    outer loop
      vertex 16.1577 0.429184 0
      vertex 16.1053 0.638626 1.59
      vertex 16.1053 0.638626 0
    endloop
  endfacet
  facet normal -0.970099 -0.242708 0
    outer loop
      vertex 16.1053 0.638626 1.59
      vertex 16.1577 0.429184 0
      vertex 16.1577 0.429184 1.59
    endloop
  endfacet
  facet normal -0.14671 0.98918 0
    outer loop
      vertex 14.4292 -2.15771 0
      vertex 14.2156 -2.18939 1.59
      vertex 14.4292 -2.15771 1.59
    endloop
  endfacet
  facet normal -0.14671 0.98918 0
    outer loop
      vertex 14.2156 -2.18939 1.59
      vertex 14.4292 -2.15771 0
      vertex 14.2156 -2.18939 0
    endloop
  endfacet
  facet normal -0.740924 -0.671589 0
    outer loop
      vertex 15.7006 1.39566 0
      vertex 15.5556 1.55563 1.59
      vertex 15.5556 1.55563 0
    endloop
  endfacet
  facet normal -0.740924 -0.671589 0
    outer loop
      vertex 15.5556 1.55563 1.59
      vertex 15.7006 1.39566 0
      vertex 15.7006 1.39566 1.59
    endloop
  endfacet
  facet normal 0.904006 -0.427519 0
    outer loop
      vertex -16.0325 0.841888 1.59
      vertex -15.9402 1.03706 0
      vertex -15.9402 1.03706 1.59
    endloop
  endfacet
  facet normal 0.904006 -0.427519 0
    outer loop
      vertex -15.9402 1.03706 0
      vertex -16.0325 0.841888 1.59
      vertex -16.0325 0.841888 0
    endloop
  endfacet
  facet normal -0.989161 -0.146836 0
    outer loop
      vertex 16.1894 0.215637 0
      vertex 16.1577 0.429184 1.59
      vertex 16.1577 0.429184 0
    endloop
  endfacet
  facet normal -0.989161 -0.146836 0
    outer loop
      vertex 16.1577 0.429184 1.59
      vertex 16.1894 0.215637 0
      vertex 16.1894 0.215637 1.59
    endloop
  endfacet
  facet normal -0.595471 0.803377 0
    outer loop
      vertex 15.3957 -1.70062 0
      vertex 15.2222 -1.82922 1.59
      vertex 15.3957 -1.70062 1.59
    endloop
  endfacet
  facet normal -0.595471 0.803377 0
    outer loop
      vertex 15.2222 -1.82922 1.59
      vertex 15.3957 -1.70062 0
      vertex 15.2222 -1.82922 0
    endloop
  endfacet
  facet normal 0.941439 0.337184 0
    outer loop
      vertex -16.0325 -0.841888 1.59
      vertex -16.1053 -0.638626 0
      vertex -16.1053 -0.638626 1.59
    endloop
  endfacet
  facet normal 0.941439 0.337184 0
    outer loop
      vertex -16.1053 -0.638626 0
      vertex -16.0325 -0.841888 1.59
      vertex -16.0325 -0.841888 0
    endloop
  endfacet
  facet normal 0.998794 0.0490974 0
    outer loop
      vertex -16.1894 -0.215637 1.59
      vertex -16.2 0 0
      vertex -16.2 0 1.59
    endloop
  endfacet
  facet normal 0.998794 0.0490974 0
    outer loop
      vertex -16.2 0 0
      vertex -16.1894 -0.215637 1.59
      vertex -16.1894 -0.215637 0
    endloop
  endfacet
  facet normal 0.857714 -0.514128 0
    outer loop
      vertex -15.9402 1.03706 1.59
      vertex -15.8292 1.22224 0
      vertex -15.8292 1.22224 1.59
    endloop
  endfacet
  facet normal 0.857714 -0.514128 0
    outer loop
      vertex -15.8292 1.22224 0
      vertex -15.9402 1.03706 1.59
      vertex -15.9402 1.03706 0
    endloop
  endfacet
  facet normal -0.336841 0.941562 0
    outer loop
      vertex 14.8419 -2.03253 0
      vertex 14.6386 -2.10526 1.59
      vertex 14.8419 -2.03253 1.59
    endloop
  endfacet
  facet normal -0.336841 0.941562 0
    outer loop
      vertex 14.6386 -2.10526 1.59
      vertex 14.8419 -2.03253 0
      vertex 14.6386 -2.10526 0
    endloop
  endfacet
  facet normal -0.242972 0.970033 0
    outer loop
      vertex 14.6386 -2.10526 0
      vertex 14.4292 -2.15771 1.59
      vertex 14.6386 -2.10526 1.59
    endloop
  endfacet
  facet normal -0.242972 0.970033 0
    outer loop
      vertex 14.4292 -2.15771 1.59
      vertex 14.6386 -2.10526 0
      vertex 14.4292 -2.15771 0
    endloop
  endfacet
  facet normal -0.857714 -0.514128 0
    outer loop
      vertex 15.9402 1.03706 0
      vertex 15.8292 1.22224 1.59
      vertex 15.8292 1.22224 0
    endloop
  endfacet
  facet normal -0.857714 -0.514128 0
    outer loop
      vertex 15.8292 1.22224 1.59
      vertex 15.9402 1.03706 0
      vertex 15.9402 1.03706 1.59
    endloop
  endfacet
  facet normal 0.671724 0.740801 -0
    outer loop
      vertex -15.3957 -1.70062 0
      vertex -15.5556 -1.55563 1.59
      vertex -15.3957 -1.70062 1.59
    endloop
  endfacet
  facet normal 0.671724 0.740801 0
    outer loop
      vertex -15.5556 -1.55563 1.59
      vertex -15.3957 -1.70062 0
      vertex -15.5556 -1.55563 0
    endloop
  endfacet
  facet normal 0 0 -1
    outer loop
      vertex 16.1894 -0.215637 1.59
      vertex 16.1894 0.215637 1.59
      vertex 16.2 0 1.59
    endloop
  endfacet
  facet normal 0 0 -1
    outer loop
      vertex 16.1577 -0.429184 1.59
      vertex 16.1894 0.215637 1.59
      vertex 16.1894 -0.215637 1.59
    endloop
  endfacet
  facet normal 0 0 -1
    outer loop
      vertex 16.1577 -0.429184 1.59
      vertex 16.1577 0.429184 1.59
      vertex 16.1894 0.215637 1.59
    endloop
  endfacet
  facet normal 0 0 -1
    outer loop
      vertex 16.1053 -0.638626 1.59
      vertex 16.1577 0.429184 1.59
      vertex 16.1577 -0.429184 1.59
    endloop
  endfacet
  facet normal 0 0 -1
    outer loop
      vertex 16.1053 -0.638626 1.59
      vertex 16.1053 0.638626 1.59
      vertex 16.1577 0.429184 1.59
    endloop
  endfacet
  facet normal 0 0 -1
    outer loop
      vertex 16.0325 -0.841888 1.59
      vertex 16.1053 0.638626 1.59
      vertex 16.1053 -0.638626 1.59
    endloop
  endfacet
  facet normal 0 0 -1
    outer loop
      vertex 16.0325 -0.841888 1.59
      vertex 16.0325 0.841888 1.59
      vertex 16.1053 0.638626 1.59
    endloop
  endfacet
  facet normal 0 0 -1
    outer loop
      vertex 15.9402 -1.03706 1.59
      vertex 16.0325 0.841888 1.59
      vertex 16.0325 -0.841888 1.59
    endloop
  endfacet
  facet normal 0 0 -1
    outer loop
      vertex 15.9402 -1.03706 1.59
      vertex 15.9402 1.03706 1.59
      vertex 16.0325 0.841888 1.59
    endloop
  endfacet
  facet normal 0 0 -1
    outer loop
      vertex 15.8292 -1.22224 1.59
      vertex 15.9402 1.03706 1.59
      vertex 15.9402 -1.03706 1.59
    endloop
  endfacet
  facet normal 0 0 -1
    outer loop
      vertex 15.8292 -1.22224 1.59
      vertex 15.8292 1.22224 1.59
      vertex 15.9402 1.03706 1.59
    endloop
  endfacet
  facet normal 0 0 -1
    outer loop
      vertex 15.7006 -1.39566 1.59
      vertex 15.8292 1.22224 1.59
      vertex 15.8292 -1.22224 1.59
    endloop
  endfacet
  facet normal 0 0 -1
    outer loop
      vertex 15.7006 -1.39566 1.59
      vertex 15.7006 1.39566 1.59
      vertex 15.8292 1.22224 1.59
    endloop
  endfacet
  facet normal 0 0 -1
    outer loop
      vertex 15.5556 -1.55563 1.59
      vertex 15.7006 1.39566 1.59
      vertex 15.7006 -1.39566 1.59
    endloop
  endfacet
  facet normal 0 0 -1
    outer loop
      vertex 15.5556 -1.55563 1.59
      vertex 15.5556 1.55563 1.59
      vertex 15.7006 1.39566 1.59
    endloop
  endfacet
  facet normal 0 0 -1
    outer loop
      vertex 15.3957 -1.70062 1.59
      vertex 15.5556 1.55563 1.59
      vertex 15.5556 -1.55563 1.59
    endloop
  endfacet
  facet normal 0 0 -1
    outer loop
      vertex 15.3957 -1.70062 1.59
      vertex 15.3957 1.70062 1.59
      vertex 15.5556 1.55563 1.59
    endloop
  endfacet
  facet normal 0 0 -1
    outer loop
      vertex 15.2222 -1.82922 1.59
      vertex 15.3957 1.70062 1.59
      vertex 15.3957 -1.70062 1.59
    endloop
  endfacet
  facet normal 0 0 -1
    outer loop
      vertex 15.2222 -1.82922 1.59
      vertex 15.2222 1.82922 1.59
      vertex 15.3957 1.70062 1.59
    endloop
  endfacet
  facet normal 0 0 -1
    outer loop
      vertex 15.0371 -1.94022 1.59
      vertex 15.2222 1.82922 1.59
      vertex 15.2222 -1.82922 1.59
    endloop
  endfacet
  facet normal 0 0 -1
    outer loop
      vertex 15.0371 -1.94022 1.59
      vertex 15.0371 1.94022 1.59
      vertex 15.2222 1.82922 1.59
    endloop
  endfacet
  facet normal 0 0 -1
    outer loop
      vertex 14.8419 -2.03253 1.59
      vertex 15.0371 1.94022 1.59
      vertex 15.0371 -1.94022 1.59
    endloop
  endfacet
  facet normal 0 0 -1
    outer loop
      vertex 14.8419 -2.03253 1.59
      vertex 14.8419 2.03253 1.59
      vertex 15.0371 1.94022 1.59
    endloop
  endfacet
  facet normal 0 0 -1
    outer loop
      vertex 14.6386 -2.10526 1.59
      vertex 14.8419 2.03253 1.59
      vertex 14.8419 -2.03253 1.59
    endloop
  endfacet
  facet normal 0 0 -1
    outer loop
      vertex 14.6386 -2.10526 1.59
      vertex 14.6386 2.10526 1.59
      vertex 14.8419 2.03253 1.59
    endloop
  endfacet
  facet normal 0 0 -1
    outer loop
      vertex 14.4292 -2.15771 1.59
      vertex 14.6386 2.10526 1.59
      vertex 14.6386 -2.10526 1.59
    endloop
  endfacet
  facet normal 0 0 -1
    outer loop
      vertex 14.4292 -2.15771 1.59
      vertex 14.4292 2.15771 1.59
      vertex 14.6386 2.10526 1.59
    endloop
  endfacet
  facet normal 0 0 -1
    outer loop
      vertex 14.2156 -2.18939 1.59
      vertex 14.4292 2.15771 1.59
      vertex 14.4292 -2.15771 1.59
    endloop
  endfacet
  facet normal 0 0 -1
    outer loop
      vertex 14.2156 -2.18939 1.59
      vertex 14.2156 2.18939 1.59
      vertex 14.4292 2.15771 1.59
    endloop
  endfacet
  facet normal 0 0 -1
    outer loop
      vertex 14.2156 -2.18939 1.59
      vertex 1.1 0 1.59
      vertex 14.2156 2.18939 1.59
    endloop
  endfacet
  facet normal 0 0 -1
    outer loop
      vertex 14.2156 -2.18939 1.59
      vertex 1.0947 -0.107819 1.59
      vertex 1.1 0 1.59
    endloop
  endfacet
  facet normal 0 0 -1
    outer loop
      vertex 14.2156 -2.18939 1.59
      vertex 1.07886 -0.214599 1.59
      vertex 1.0947 -0.107819 1.59
    endloop
  endfacet
  facet normal 0 0 -1
    outer loop
      vertex 14.2156 -2.18939 1.59
      vertex 1.05263 -0.319313 1.59
      vertex 1.07886 -0.214599 1.59
    endloop
  endfacet
  facet normal 0 0 -1
    outer loop
      vertex 14.2156 -2.18939 1.59
      vertex 1.01627 -0.420951 1.59
      vertex 1.05263 -0.319313 1.59
    endloop
  endfacet
  facet normal 0 0 -1
    outer loop
      vertex 0.362663 -3.68218 1.59
      vertex 1.01627 -0.420951 1.59
      vertex 14.2156 -2.18939 1.59
    endloop
  endfacet
  facet normal 0 0 -1
    outer loop
      vertex 1.01627 -0.420951 1.59
      vertex 0.362663 -3.68218 1.59
      vertex 0.970113 -0.518536 1.59
    endloop
  endfacet
  facet normal 0 0 -1
    outer loop
      vertex 0.970113 -0.518536 1.59
      vertex 0.362663 -3.68218 1.59
      vertex 0.914616 -0.611127 1.59
    endloop
  endfacet
  facet normal 0 0 -1
    outer loop
      vertex 0.914616 -0.611127 1.59
      vertex 0.362663 -3.68218 1.59
      vertex 0.850311 -0.697832 1.59
    endloop
  endfacet
  facet normal 0 0 -1
    outer loop
      vertex 0.850311 -0.697832 1.59
      vertex 0.362663 -3.68218 1.59
      vertex 0.777817 -0.777817 1.59
    endloop
  endfacet
  facet normal 0 0 -1
    outer loop
      vertex 0.777817 -0.777817 1.59
      vertex 0.362663 -3.68218 1.59
      vertex 0.697832 -0.850311 1.59
    endloop
  endfacet
  facet normal 0 0 -1
    outer loop
      vertex 0.697832 -0.850311 1.59
      vertex 0.362663 -3.68218 1.59
      vertex 0.611127 -0.914616 1.59
    endloop
  endfacet
  facet normal 0 0 -1
    outer loop
      vertex 0.611127 -0.914616 1.59
      vertex 0.362663 -3.68218 1.59
      vertex 0.518536 -0.970113 1.59
    endloop
  endfacet
  facet normal 0 0 -1
    outer loop
      vertex 0.518536 -0.970113 1.59
      vertex 0.362663 -3.68218 1.59
      vertex 0.420951 -1.01627 1.59
    endloop
  endfacet
  facet normal 0 0 -1
    outer loop
      vertex 0.362663 -3.68218 1.59
      vertex 0.319313 -1.05263 1.59
      vertex 0.420951 -1.01627 1.59
    endloop
  endfacet
  facet normal 0 0 -1
    outer loop
      vertex 0.362663 -3.68218 1.59
      vertex 0.214599 -1.07886 1.59
      vertex 0.319313 -1.05263 1.59
    endloop
  endfacet
  facet normal 0 0 -1
    outer loop
      vertex 0.362663 -3.68218 1.59
      vertex 0.107819 -1.0947 1.59
      vertex 0.214599 -1.07886 1.59
    endloop
  endfacet
  facet normal 0 0 -1
    outer loop
      vertex 0 -3.7 1.59
      vertex 0.107819 -1.0947 1.59
      vertex 0.362663 -3.68218 1.59
    endloop
  endfacet
  facet normal 0 0 -1
    outer loop
      vertex 0 -3.7 1.59
      vertex 0 -1.1 1.59
      vertex 0.107819 -1.0947 1.59
    endloop
  endfacet
  facet normal 0 0 -1
    outer loop
      vertex 0 -3.7 1.59
      vertex -0.107819 -1.0947 1.59
      vertex 0 -1.1 1.59
    endloop
  endfacet
  facet normal 0 0 -1
    outer loop
      vertex -0.362663 -3.68218 1.59
      vertex -0.107819 -1.0947 1.59
      vertex 0 -3.7 1.59
    endloop
  endfacet
  facet normal -0 0 -1
    outer loop
      vertex -0.107819 -1.0947 1.59
      vertex -0.362663 -3.68218 1.59
      vertex -0.214599 -1.07886 1.59
    endloop
  endfacet
  facet normal -0 0 -1
    outer loop
      vertex -0.214599 -1.07886 1.59
      vertex -0.362663 -3.68218 1.59
      vertex -0.319313 -1.05263 1.59
    endloop
  endfacet
  facet normal 0 0 -1
    outer loop
      vertex -0.362663 -3.68218 1.59
      vertex -0.420951 -1.01627 1.59
      vertex -0.319313 -1.05263 1.59
    endloop
  endfacet
  facet normal 0 0 -1
    outer loop
      vertex -0.362663 -3.68218 1.59
      vertex -0.518536 -0.970113 1.59
      vertex -0.420951 -1.01627 1.59
    endloop
  endfacet
  facet normal 0 0 -1
    outer loop
      vertex -0.362663 -3.68218 1.59
      vertex -0.611127 -0.914616 1.59
      vertex -0.518536 -0.970113 1.59
    endloop
  endfacet
  facet normal 0 0 -1
    outer loop
      vertex -0.362663 -3.68218 1.59
      vertex -0.697832 -0.850311 1.59
      vertex -0.611127 -0.914616 1.59
    endloop
  endfacet
  facet normal 0 0 -1
    outer loop
      vertex -0.362663 -3.68218 1.59
      vertex -0.777817 -0.777817 1.59
      vertex -0.697832 -0.850311 1.59
    endloop
  endfacet
  facet normal 0 0 -1
    outer loop
      vertex -0.362663 -3.68218 1.59
      vertex -0.850311 -0.697832 1.59
      vertex -0.777817 -0.777817 1.59
    endloop
  endfacet
  facet normal 0 0 -1
    outer loop
      vertex -0.362663 -3.68218 1.59
      vertex -0.914616 -0.611127 1.59
      vertex -0.850311 -0.697832 1.59
    endloop
  endfacet
  facet normal 0 0 -1
    outer loop
      vertex -0.362663 -3.68218 1.59
      vertex -0.970113 -0.518536 1.59
      vertex -0.914616 -0.611127 1.59
    endloop
  endfacet
  facet normal 0 0 -1
    outer loop
      vertex -0.362663 -3.68218 1.59
      vertex -1.01627 -0.420951 1.59
      vertex -0.970113 -0.518536 1.59
    endloop
  endfacet
  facet normal 0 0 -1
    outer loop
      vertex -14.2156 -2.18939 1.59
      vertex -1.01627 -0.420951 1.59
      vertex -0.362663 -3.68218 1.59
    endloop
  endfacet
  facet normal -0 0 -1
    outer loop
      vertex -1.01627 -0.420951 1.59
      vertex -14.2156 -2.18939 1.59
      vertex -1.05263 -0.319313 1.59
    endloop
  endfacet
  facet normal -0 0 -1
    outer loop
      vertex -1.0947 -0.107819 1.59
      vertex -14.2156 -2.18939 1.59
      vertex -1.1 0 1.59
    endloop
  endfacet
  facet normal -0 0 -1
    outer loop
      vertex -1.07886 -0.214599 1.59
      vertex -14.2156 -2.18939 1.59
      vertex -1.0947 -0.107819 1.59
    endloop
  endfacet
  facet normal -0 0 -1
    outer loop
      vertex -1.05263 -0.319313 1.59
      vertex -14.2156 -2.18939 1.59
      vertex -1.07886 -0.214599 1.59
    endloop
  endfacet
  facet normal 0 0 -1
    outer loop
      vertex 1.0947 0.107819 1.59
      vertex 14.2156 2.18939 1.59
      vertex 1.1 0 1.59
    endloop
  endfacet
  facet normal 0 0 -1
    outer loop
      vertex 1.07886 0.214599 1.59
      vertex 14.2156 2.18939 1.59
      vertex 1.0947 0.107819 1.59
    endloop
  endfacet
  facet normal 0 0 -1
    outer loop
      vertex 1.05263 0.319313 1.59
      vertex 14.2156 2.18939 1.59
      vertex 1.07886 0.214599 1.59
    endloop
  endfacet
  facet normal 0 0 -1
    outer loop
      vertex 1.01627 0.420951 1.59
      vertex 14.2156 2.18939 1.59
      vertex 1.05263 0.319313 1.59
    endloop
  endfacet
  facet normal 0 0 -1
    outer loop
      vertex 0.362663 3.68218 1.59
      vertex 1.01627 0.420951 1.59
      vertex 0.970113 0.518536 1.59
    endloop
  endfacet
  facet normal 0 0 -1
    outer loop
      vertex 0.362663 3.68218 1.59
      vertex 0.970113 0.518536 1.59
      vertex 0.914616 0.611127 1.59
    endloop
  endfacet
  facet normal 0 0 -1
    outer loop
      vertex 0.362663 3.68218 1.59
      vertex 0.914616 0.611127 1.59
      vertex 0.850311 0.697832 1.59
    endloop
  endfacet
  facet normal 0 0 -1
    outer loop
      vertex 0.362663 3.68218 1.59
      vertex 0.850311 0.697832 1.59
      vertex 0.777817 0.777817 1.59
    endloop
  endfacet
  facet normal 0 0 -1
    outer loop
      vertex 0.362663 3.68218 1.59
      vertex 0.777817 0.777817 1.59
      vertex 0.697832 0.850311 1.59
    endloop
  endfacet
  facet normal 0 0 -1
    outer loop
      vertex 0.362663 3.68218 1.59
      vertex 0.697832 0.850311 1.59
      vertex 0.611127 0.914616 1.59
    endloop
  endfacet
  facet normal 0 0 -1
    outer loop
      vertex 0.362663 3.68218 1.59
      vertex 0.611127 0.914616 1.59
      vertex 0.518536 0.970113 1.59
    endloop
  endfacet
  facet normal 0 0 -1
    outer loop
      vertex 0.362663 3.68218 1.59
      vertex 0.518536 0.970113 1.59
      vertex 0.420951 1.01627 1.59
    endloop
  endfacet
  facet normal 0 0 -1
    outer loop
      vertex 1.01627 0.420951 1.59
      vertex 0.362663 3.68218 1.59
      vertex 14.2156 2.18939 1.59
    endloop
  endfacet
  facet normal 0 0 -1
    outer loop
      vertex 0.319313 1.05263 1.59
      vertex 0.362663 3.68218 1.59
      vertex 0.420951 1.01627 1.59
    endloop
  endfacet
  facet normal 0 0 -1
    outer loop
      vertex 0.214599 1.07886 1.59
      vertex 0.362663 3.68218 1.59
      vertex 0.319313 1.05263 1.59
    endloop
  endfacet
  facet normal 0 0 -1
    outer loop
      vertex 0.107819 1.0947 1.59
      vertex 0.362663 3.68218 1.59
      vertex 0.214599 1.07886 1.59
    endloop
  endfacet
  facet normal 0 0 -1
    outer loop
      vertex 0 1.1 1.59
      vertex 0.362663 3.68218 1.59
      vertex 0.107819 1.0947 1.59
    endloop
  endfacet
  facet normal 0 0 -1
    outer loop
      vertex 0 1.1 1.59
      vertex 0 3.7 1.59
      vertex 0.362663 3.68218 1.59
    endloop
  endfacet
  facet normal 0 0 -1
    outer loop
      vertex -0.107819 1.0947 1.59
      vertex 0 3.7 1.59
      vertex 0 1.1 1.59
    endloop
  endfacet
  facet normal 0 0 -1
    outer loop
      vertex -0.362663 3.68218 1.59
      vertex -0.107819 1.0947 1.59
      vertex -0.214599 1.07886 1.59
    endloop
  endfacet
  facet normal 0 0 -1
    outer loop
      vertex -0.362663 3.68218 1.59
      vertex -0.214599 1.07886 1.59
      vertex -0.319313 1.05263 1.59
    endloop
  endfacet
  facet normal 0 0 -1
    outer loop
      vertex -0.107819 1.0947 1.59
      vertex -0.362663 3.68218 1.59
      vertex 0 3.7 1.59
    endloop
  endfacet
  facet normal 0 0 -1
    outer loop
      vertex -0.420951 1.01627 1.59
      vertex -0.362663 3.68218 1.59
      vertex -0.319313 1.05263 1.59
    endloop
  endfacet
  facet normal 0 0 -1
    outer loop
      vertex -0.518536 0.970113 1.59
      vertex -0.362663 3.68218 1.59
      vertex -0.420951 1.01627 1.59
    endloop
  endfacet
  facet normal 0 0 -1
    outer loop
      vertex -0.611127 0.914616 1.59
      vertex -0.362663 3.68218 1.59
      vertex -0.518536 0.970113 1.59
    endloop
  endfacet
  facet normal 0 0 -1
    outer loop
      vertex -0.697832 0.850311 1.59
      vertex -0.362663 3.68218 1.59
      vertex -0.611127 0.914616 1.59
    endloop
  endfacet
  facet normal 0 0 -1
    outer loop
      vertex -0.777817 0.777817 1.59
      vertex -0.362663 3.68218 1.59
      vertex -0.697832 0.850311 1.59
    endloop
  endfacet
  facet normal 0 0 -1
    outer loop
      vertex -0.850311 0.697832 1.59
      vertex -0.362663 3.68218 1.59
      vertex -0.777817 0.777817 1.59
    endloop
  endfacet
  facet normal 0 0 -1
    outer loop
      vertex -0.914616 0.611127 1.59
      vertex -0.362663 3.68218 1.59
      vertex -0.850311 0.697832 1.59
    endloop
  endfacet
  facet normal 0 0 -1
    outer loop
      vertex -0.970113 0.518536 1.59
      vertex -0.362663 3.68218 1.59
      vertex -0.914616 0.611127 1.59
    endloop
  endfacet
  facet normal 0 0 -1
    outer loop
      vertex -1.01627 0.420951 1.59
      vertex -0.362663 3.68218 1.59
      vertex -0.970113 0.518536 1.59
    endloop
  endfacet
  facet normal 0 0 -1
    outer loop
      vertex -14.2156 2.18939 1.59
      vertex -1.01627 0.420951 1.59
      vertex -1.05263 0.319313 1.59
    endloop
  endfacet
  facet normal 0 0 -1
    outer loop
      vertex -14.2156 2.18939 1.59
      vertex -1.05263 0.319313 1.59
      vertex -1.07886 0.214599 1.59
    endloop
  endfacet
  facet normal 0 0 -1
    outer loop
      vertex -14.2156 2.18939 1.59
      vertex -1.1 0 1.59
      vertex -14.2156 -2.18939 1.59
    endloop
  endfacet
  facet normal 0 0 -1
    outer loop
      vertex -1.1 0 1.59
      vertex -14.2156 2.18939 1.59
      vertex -1.0947 0.107819 1.59
    endloop
  endfacet
  facet normal 0 0 -1
    outer loop
      vertex -1.0947 0.107819 1.59
      vertex -14.2156 2.18939 1.59
      vertex -1.07886 0.214599 1.59
    endloop
  endfacet
  facet normal 0 0 -1
    outer loop
      vertex -1.01627 0.420951 1.59
      vertex -14.2156 2.18939 1.59
      vertex -0.362663 3.68218 1.59
    endloop
  endfacet
  facet normal 0 0 -1
    outer loop
      vertex -14.4292 -2.15771 1.59
      vertex -14.2156 2.18939 1.59
      vertex -14.2156 -2.18939 1.59
    endloop
  endfacet
  facet normal 0 0 -1
    outer loop
      vertex -14.4292 -2.15771 1.59
      vertex -14.4292 2.15771 1.59
      vertex -14.2156 2.18939 1.59
    endloop
  endfacet
  facet normal 0 0 -1
    outer loop
      vertex -14.6386 -2.10526 1.59
      vertex -14.4292 2.15771 1.59
      vertex -14.4292 -2.15771 1.59
    endloop
  endfacet
  facet normal 0 0 -1
    outer loop
      vertex -14.6386 -2.10526 1.59
      vertex -14.6386 2.10526 1.59
      vertex -14.4292 2.15771 1.59
    endloop
  endfacet
  facet normal 0 0 -1
    outer loop
      vertex -14.8419 -2.03253 1.59
      vertex -14.6386 2.10526 1.59
      vertex -14.6386 -2.10526 1.59
    endloop
  endfacet
  facet normal 0 0 -1
    outer loop
      vertex -14.8419 -2.03253 1.59
      vertex -14.8419 2.03253 1.59
      vertex -14.6386 2.10526 1.59
    endloop
  endfacet
  facet normal 0 0 -1
    outer loop
      vertex -15.0371 -1.94022 1.59
      vertex -14.8419 2.03253 1.59
      vertex -14.8419 -2.03253 1.59
    endloop
  endfacet
  facet normal 0 0 -1
    outer loop
      vertex -15.0371 -1.94022 1.59
      vertex -15.0371 1.94022 1.59
      vertex -14.8419 2.03253 1.59
    endloop
  endfacet
  facet normal 0 0 -1
    outer loop
      vertex -15.2222 -1.82922 1.59
      vertex -15.0371 1.94022 1.59
      vertex -15.0371 -1.94022 1.59
    endloop
  endfacet
  facet normal 0 0 -1
    outer loop
      vertex -15.2222 -1.82922 1.59
      vertex -15.2222 1.82922 1.59
      vertex -15.0371 1.94022 1.59
    endloop
  endfacet
  facet normal 0 0 -1
    outer loop
      vertex -15.3957 -1.70062 1.59
      vertex -15.2222 1.82922 1.59
      vertex -15.2222 -1.82922 1.59
    endloop
  endfacet
  facet normal 0 0 -1
    outer loop
      vertex -15.3957 -1.70062 1.59
      vertex -15.3957 1.70062 1.59
      vertex -15.2222 1.82922 1.59
    endloop
  endfacet
  facet normal 0 0 -1
    outer loop
      vertex -15.5556 -1.55563 1.59
      vertex -15.3957 1.70062 1.59
      vertex -15.3957 -1.70062 1.59
    endloop
  endfacet
  facet normal 0 0 -1
    outer loop
      vertex -15.5556 -1.55563 1.59
      vertex -15.5556 1.55563 1.59
      vertex -15.3957 1.70062 1.59
    endloop
  endfacet
  facet normal 0 0 -1
    outer loop
      vertex -15.7006 -1.39566 1.59
      vertex -15.5556 1.55563 1.59
      vertex -15.5556 -1.55563 1.59
    endloop
  endfacet
  facet normal 0 0 -1
    outer loop
      vertex -15.7006 -1.39566 1.59
      vertex -15.7006 1.39566 1.59
      vertex -15.5556 1.55563 1.59
    endloop
  endfacet
  facet normal 0 0 -1
    outer loop
      vertex -15.8292 -1.22224 1.59
      vertex -15.7006 1.39566 1.59
      vertex -15.7006 -1.39566 1.59
    endloop
  endfacet
  facet normal 0 0 -1
    outer loop
      vertex -15.8292 -1.22224 1.59
      vertex -15.8292 1.22224 1.59
      vertex -15.7006 1.39566 1.59
    endloop
  endfacet
  facet normal 0 0 -1
    outer loop
      vertex -15.9402 -1.03706 1.59
      vertex -15.8292 1.22224 1.59
      vertex -15.8292 -1.22224 1.59
    endloop
  endfacet
  facet normal 0 0 -1
    outer loop
      vertex -15.9402 -1.03706 1.59
      vertex -15.9402 1.03706 1.59
      vertex -15.8292 1.22224 1.59
    endloop
  endfacet
  facet normal 0 0 -1
    outer loop
      vertex -16.0325 -0.841888 1.59
      vertex -15.9402 1.03706 1.59
      vertex -15.9402 -1.03706 1.59
    endloop
  endfacet
  facet normal 0 0 -1
    outer loop
      vertex -16.0325 -0.841888 1.59
      vertex -16.0325 0.841888 1.59
      vertex -15.9402 1.03706 1.59
    endloop
  endfacet
  facet normal 0 0 -1
    outer loop
      vertex -16.1053 -0.638626 1.59
      vertex -16.0325 0.841888 1.59
      vertex -16.0325 -0.841888 1.59
    endloop
  endfacet
  facet normal 0 0 -1
    outer loop
      vertex -16.1053 -0.638626 1.59
      vertex -16.1053 0.638626 1.59
      vertex -16.0325 0.841888 1.59
    endloop
  endfacet
  facet normal 0 0 -1
    outer loop
      vertex -16.1577 -0.429184 1.59
      vertex -16.1053 0.638626 1.59
      vertex -16.1053 -0.638626 1.59
    endloop
  endfacet
  facet normal 0 0 -1
    outer loop
      vertex -16.1577 -0.429184 1.59
      vertex -16.1577 0.429184 1.59
      vertex -16.1053 0.638626 1.59
    endloop
  endfacet
  facet normal 0 0 -1
    outer loop
      vertex -16.1894 -0.215637 1.59
      vertex -16.1577 0.429184 1.59
      vertex -16.1577 -0.429184 1.59
    endloop
  endfacet
  facet normal 0 0 -1
    outer loop
      vertex -16.1894 -0.215637 1.59
      vertex -16.1894 0.215637 1.59
      vertex -16.1577 0.429184 1.59
    endloop
  endfacet
  facet normal 0 -0 -1
    outer loop
      vertex -16.1894 0.215637 1.59
      vertex -16.1894 -0.215637 1.59
      vertex -16.2 0 1.59
    endloop
  endfacet
  facet normal 0.904006 0.427519 0
    outer loop
      vertex -15.9402 -1.03706 1.59
      vertex -16.0325 -0.841888 0
      vertex -16.0325 -0.841888 1.59
    endloop
  endfacet
  facet normal 0.904006 0.427519 0
    outer loop
      vertex -16.0325 -0.841888 0
      vertex -15.9402 -1.03706 1.59
      vertex -15.9402 -1.03706 0
    endloop
  endfacet
  facet normal 0.740924 0.671589 0
    outer loop
      vertex -15.5556 -1.55563 1.59
      vertex -15.7006 -1.39566 0
      vertex -15.7006 -1.39566 1.59
    endloop
  endfacet
  facet normal 0.740924 0.671589 0
    outer loop
      vertex -15.7006 -1.39566 0
      vertex -15.5556 -1.55563 1.59
      vertex -15.5556 -1.55563 0
    endloop
  endfacet
  facet normal -0.595471 -0.803377 0
    outer loop
      vertex 15.2222 1.82922 0
      vertex 15.3957 1.70062 1.59
      vertex 15.2222 1.82922 1.59
    endloop
  endfacet
  facet normal -0.595471 -0.803377 -0
    outer loop
      vertex 15.3957 1.70062 1.59
      vertex 15.2222 1.82922 0
      vertex 15.3957 1.70062 0
    endloop
  endfacet
  facet normal 0.989161 0.146836 0
    outer loop
      vertex -16.1577 -0.429184 1.59
      vertex -16.1894 -0.215637 0
      vertex -16.1894 -0.215637 1.59
    endloop
  endfacet
  facet normal 0.989161 0.146836 0
    outer loop
      vertex -16.1894 -0.215637 0
      vertex -16.1577 -0.429184 1.59
      vertex -16.1577 -0.429184 0
    endloop
  endfacet
  facet normal 0.514291 0.857616 -0
    outer loop
      vertex -15.0371 -1.94022 0
      vertex -15.2222 -1.82922 1.59
      vertex -15.0371 -1.94022 1.59
    endloop
  endfacet
  facet normal 0.514291 0.857616 0
    outer loop
      vertex -15.2222 -1.82922 1.59
      vertex -15.0371 -1.94022 0
      vertex -15.2222 -1.82922 0
    endloop
  endfacet
  facet normal 0.242972 0.970033 -0
    outer loop
      vertex -14.4292 -2.15771 0
      vertex -14.6386 -2.10526 1.59
      vertex -14.4292 -2.15771 1.59
    endloop
  endfacet
  facet normal 0.242972 0.970033 0
    outer loop
      vertex -14.6386 -2.10526 1.59
      vertex -14.4292 -2.15771 0
      vertex -14.6386 -2.10526 0
    endloop
  endfacet
  facet normal 0.336841 0.941562 -0
    outer loop
      vertex -14.6386 -2.10526 0
      vertex -14.8419 -2.03253 1.59
      vertex -14.6386 -2.10526 1.59
    endloop
  endfacet
  facet normal 0.336841 0.941562 0
    outer loop
      vertex -14.8419 -2.03253 1.59
      vertex -14.6386 -2.10526 0
      vertex -14.8419 -2.03253 0
    endloop
  endfacet
  facet normal -0.989176 -0.146737 0
    outer loop
      vertex 1.0947 0.107819 1.59
      vertex 1.07886 0.214599 3.1
      vertex 1.07886 0.214599 1.59
    endloop
  endfacet
  facet normal -0.989176 -0.146737 0
    outer loop
      vertex 1.07886 0.214599 3.1
      vertex 1.0947 0.107819 1.59
      vertex 1.0947 0.107819 3.1
    endloop
  endfacet
  facet normal -0.998794 -0.0490972 0
    outer loop
      vertex 1.1 0 1.59
      vertex 1.0947 0.107819 3.1
      vertex 1.0947 0.107819 1.59
    endloop
  endfacet
  facet normal -0.998794 -0.0490972 0
    outer loop
      vertex 1.0947 0.107819 3.1
      vertex 1.1 0 1.59
      vertex 1.1 0 3.1
    endloop
  endfacet
  facet normal -0.97003 -0.242985 0
    outer loop
      vertex 1.07886 0.214599 1.59
      vertex 1.05263 0.319313 3.1
      vertex 1.05263 0.319313 1.59
    endloop
  endfacet
  facet normal -0.97003 -0.242985 0
    outer loop
      vertex 1.05263 0.319313 3.1
      vertex 1.07886 0.214599 1.59
      vertex 1.07886 0.214599 3.1
    endloop
  endfacet
  facet normal 0.427576 -0.90398 0
    outer loop
      vertex -0.518536 0.970113 1.59
      vertex -0.420951 1.01627 3.1
      vertex -0.518536 0.970113 3.1
    endloop
  endfacet
  facet normal 0.427576 -0.90398 0
    outer loop
      vertex -0.420951 1.01627 3.1
      vertex -0.518536 0.970113 1.59
      vertex -0.420951 1.01627 1.59
    endloop
  endfacet
  facet normal -0.336835 -0.941564 0
    outer loop
      vertex 0.319313 1.05263 1.59
      vertex 0.420951 1.01627 3.1
      vertex 0.319313 1.05263 3.1
    endloop
  endfacet
  facet normal -0.336835 -0.941564 -0
    outer loop
      vertex 0.420951 1.01627 3.1
      vertex 0.319313 1.05263 1.59
      vertex 0.420951 1.01627 1.59
    endloop
  endfacet
  facet normal -0.146737 -0.989176 0
    outer loop
      vertex 0.107819 1.0947 1.59
      vertex 0.214599 1.07886 3.1
      vertex 0.107819 1.0947 3.1
    endloop
  endfacet
  facet normal -0.146737 -0.989176 -0
    outer loop
      vertex 0.214599 1.07886 3.1
      vertex 0.107819 1.0947 1.59
      vertex 0.214599 1.07886 1.59
    endloop
  endfacet
  facet normal -0.998794 0.0490972 0
    outer loop
      vertex 1.0947 -0.107819 1.59
      vertex 1.1 0 3.1
      vertex 1.1 0 1.59
    endloop
  endfacet
  facet normal -0.998794 0.0490972 0
    outer loop
      vertex 1.1 0 3.1
      vertex 1.0947 -0.107819 1.59
      vertex 1.0947 -0.107819 3.1
    endloop
  endfacet
  facet normal 0.336835 -0.941564 0
    outer loop
      vertex -0.420951 1.01627 1.59
      vertex -0.319313 1.05263 3.1
      vertex -0.420951 1.01627 3.1
    endloop
  endfacet
  facet normal 0.336835 -0.941564 0
    outer loop
      vertex -0.319313 1.05263 3.1
      vertex -0.420951 1.01627 1.59
      vertex -0.319313 1.05263 1.59
    endloop
  endfacet
  facet normal -0.242985 0.97003 0
    outer loop
      vertex 0.319313 -1.05263 1.59
      vertex 0.214599 -1.07886 3.1
      vertex 0.319313 -1.05263 3.1
    endloop
  endfacet
  facet normal -0.242985 0.97003 0
    outer loop
      vertex 0.214599 -1.07886 3.1
      vertex 0.319313 -1.05263 1.59
      vertex 0.214599 -1.07886 1.59
    endloop
  endfacet
  facet normal -0.803207 0.5957 0
    outer loop
      vertex 0.850311 -0.697832 1.59
      vertex 0.914616 -0.611127 3.1
      vertex 0.914616 -0.611127 1.59
    endloop
  endfacet
  facet normal -0.803207 0.5957 0
    outer loop
      vertex 0.914616 -0.611127 3.1
      vertex 0.850311 -0.697832 1.59
      vertex 0.850311 -0.697832 3.1
    endloop
  endfacet
  facet normal 0.514103 -0.857728 0
    outer loop
      vertex -0.611127 0.914616 1.59
      vertex -0.518536 0.970113 3.1
      vertex -0.611127 0.914616 3.1
    endloop
  endfacet
  facet normal 0.514103 -0.857728 0
    outer loop
      vertex -0.518536 0.970113 3.1
      vertex -0.611127 0.914616 1.59
      vertex -0.518536 0.970113 1.59
    endloop
  endfacet
  facet normal 0.989176 0.146737 0
    outer loop
      vertex -1.07886 -0.214599 3.1
      vertex -1.0947 -0.107819 1.59
      vertex -1.0947 -0.107819 3.1
    endloop
  endfacet
  facet normal 0.989176 0.146737 0
    outer loop
      vertex -1.0947 -0.107819 1.59
      vertex -1.07886 -0.214599 3.1
      vertex -1.07886 -0.214599 1.59
    endloop
  endfacet
  facet normal 0.740952 -0.671558 0
    outer loop
      vertex -0.850311 0.697832 3.1
      vertex -0.777817 0.777817 1.59
      vertex -0.777817 0.777817 3.1
    endloop
  endfacet
  facet normal 0.740952 -0.671558 0
    outer loop
      vertex -0.777817 0.777817 1.59
      vertex -0.850311 0.697832 3.1
      vertex -0.850311 0.697832 1.59
    endloop
  endfacet
  facet normal 0.97003 -0.242985 0
    outer loop
      vertex -1.07886 0.214599 3.1
      vertex -1.05263 0.319313 1.59
      vertex -1.05263 0.319313 3.1
    endloop
  endfacet
  facet normal 0.97003 -0.242985 0
    outer loop
      vertex -1.05263 0.319313 1.59
      vertex -1.07886 0.214599 3.1
      vertex -1.07886 0.214599 1.59
    endloop
  endfacet
  facet normal -0.427576 0.90398 0
    outer loop
      vertex 0.518536 -0.970113 1.59
      vertex 0.420951 -1.01627 3.1
      vertex 0.518536 -0.970113 3.1
    endloop
  endfacet
  facet normal -0.427576 0.90398 0
    outer loop
      vertex 0.420951 -1.01627 3.1
      vertex 0.518536 -0.970113 1.59
      vertex 0.420951 -1.01627 1.59
    endloop
  endfacet
  facet normal 0.5957 0.803207 -0
    outer loop
      vertex -0.611127 -0.914616 1.59
      vertex -0.697832 -0.850311 3.1
      vertex -0.611127 -0.914616 3.1
    endloop
  endfacet
  facet normal 0.5957 0.803207 0
    outer loop
      vertex -0.697832 -0.850311 3.1
      vertex -0.611127 -0.914616 1.59
      vertex -0.697832 -0.850311 1.59
    endloop
  endfacet
  facet normal -0.146737 0.989176 0
    outer loop
      vertex 0.214599 -1.07886 1.59
      vertex 0.107819 -1.0947 3.1
      vertex 0.214599 -1.07886 3.1
    endloop
  endfacet
  facet normal -0.146737 0.989176 0
    outer loop
      vertex 0.107819 -1.0947 3.1
      vertex 0.214599 -1.07886 1.59
      vertex 0.107819 -1.0947 1.59
    endloop
  endfacet
  facet normal 0.146737 -0.989176 0
    outer loop
      vertex -0.214599 1.07886 1.59
      vertex -0.107819 1.0947 3.1
      vertex -0.214599 1.07886 3.1
    endloop
  endfacet
  facet normal 0.146737 -0.989176 0
    outer loop
      vertex -0.107819 1.0947 3.1
      vertex -0.214599 1.07886 1.59
      vertex -0.107819 1.0947 1.59
    endloop
  endfacet
  facet normal 0.989176 -0.146737 0
    outer loop
      vertex -1.0947 0.107819 3.1
      vertex -1.07886 0.214599 1.59
      vertex -1.07886 0.214599 3.1
    endloop
  endfacet
  facet normal 0.989176 -0.146737 0
    outer loop
      vertex -1.07886 0.214599 1.59
      vertex -1.0947 0.107819 3.1
      vertex -1.0947 0.107819 1.59
    endloop
  endfacet
  facet normal 0.803207 0.5957 0
    outer loop
      vertex -0.850311 -0.697832 3.1
      vertex -0.914616 -0.611127 1.59
      vertex -0.914616 -0.611127 3.1
    endloop
  endfacet
  facet normal 0.803207 0.5957 0
    outer loop
      vertex -0.914616 -0.611127 1.59
      vertex -0.850311 -0.697832 3.1
      vertex -0.850311 -0.697832 1.59
    endloop
  endfacet
  facet normal -0.90398 0.427576 0
    outer loop
      vertex 0.970113 -0.518536 1.59
      vertex 1.01627 -0.420951 3.1
      vertex 1.01627 -0.420951 1.59
    endloop
  endfacet
  facet normal -0.90398 0.427576 0
    outer loop
      vertex 1.01627 -0.420951 3.1
      vertex 0.970113 -0.518536 1.59
      vertex 0.970113 -0.518536 3.1
    endloop
  endfacet
  facet normal -0.671558 -0.740952 0
    outer loop
      vertex 0.697832 0.850311 1.59
      vertex 0.777817 0.777817 3.1
      vertex 0.697832 0.850311 3.1
    endloop
  endfacet
  facet normal -0.671558 -0.740952 -0
    outer loop
      vertex 0.777817 0.777817 3.1
      vertex 0.697832 0.850311 1.59
      vertex 0.777817 0.777817 1.59
    endloop
  endfacet
  facet normal 0.242985 -0.97003 0
    outer loop
      vertex -0.319313 1.05263 1.59
      vertex -0.214599 1.07886 3.1
      vertex -0.319313 1.05263 3.1
    endloop
  endfacet
  facet normal 0.242985 -0.97003 0
    outer loop
      vertex -0.214599 1.07886 3.1
      vertex -0.319313 1.05263 1.59
      vertex -0.214599 1.07886 1.59
    endloop
  endfacet
  facet normal -0.427576 -0.90398 0
    outer loop
      vertex 0.420951 1.01627 1.59
      vertex 0.518536 0.970113 3.1
      vertex 0.420951 1.01627 3.1
    endloop
  endfacet
  facet normal -0.427576 -0.90398 -0
    outer loop
      vertex 0.518536 0.970113 3.1
      vertex 0.420951 1.01627 1.59
      vertex 0.518536 0.970113 1.59
    endloop
  endfacet
  facet normal -0.0490972 0.998794 0
    outer loop
      vertex 0.107819 -1.0947 1.59
      vertex 0 -1.1 3.1
      vertex 0.107819 -1.0947 3.1
    endloop
  endfacet
  facet normal -0.0490972 0.998794 0
    outer loop
      vertex 0 -1.1 3.1
      vertex 0.107819 -1.0947 1.59
      vertex 0 -1.1 1.59
    endloop
  endfacet
  facet normal -0.803207 -0.5957 0
    outer loop
      vertex 0.914616 0.611127 1.59
      vertex 0.850311 0.697832 3.1
      vertex 0.850311 0.697832 1.59
    endloop
  endfacet
  facet normal -0.803207 -0.5957 0
    outer loop
      vertex 0.850311 0.697832 3.1
      vertex 0.914616 0.611127 1.59
      vertex 0.914616 0.611127 3.1
    endloop
  endfacet
  facet normal 0.90398 0.427576 0
    outer loop
      vertex -0.970113 -0.518536 3.1
      vertex -1.01627 -0.420951 1.59
      vertex -1.01627 -0.420951 3.1
    endloop
  endfacet
  facet normal 0.90398 0.427576 0
    outer loop
      vertex -1.01627 -0.420951 1.59
      vertex -0.970113 -0.518536 3.1
      vertex -0.970113 -0.518536 1.59
    endloop
  endfacet
  facet normal 0.740952 0.671558 0
    outer loop
      vertex -0.777817 -0.777817 3.1
      vertex -0.850311 -0.697832 1.59
      vertex -0.850311 -0.697832 3.1
    endloop
  endfacet
  facet normal 0.740952 0.671558 0
    outer loop
      vertex -0.850311 -0.697832 1.59
      vertex -0.777817 -0.777817 3.1
      vertex -0.777817 -0.777817 1.59
    endloop
  endfacet
  facet normal 0.336835 0.941564 -0
    outer loop
      vertex -0.319313 -1.05263 1.59
      vertex -0.420951 -1.01627 3.1
      vertex -0.319313 -1.05263 3.1
    endloop
  endfacet
  facet normal 0.336835 0.941564 0
    outer loop
      vertex -0.420951 -1.01627 3.1
      vertex -0.319313 -1.05263 1.59
      vertex -0.420951 -1.01627 1.59
    endloop
  endfacet
  facet normal 0.0490972 0.998794 -0
    outer loop
      vertex 0 -1.1 1.59
      vertex -0.107819 -1.0947 3.1
      vertex 0 -1.1 3.1
    endloop
  endfacet
  facet normal 0.0490972 0.998794 0
    outer loop
      vertex -0.107819 -1.0947 3.1
      vertex 0 -1.1 1.59
      vertex -0.107819 -1.0947 1.59
    endloop
  endfacet
  facet normal 0.998794 -0.0490972 0
    outer loop
      vertex -1.1 0 3.1
      vertex -1.0947 0.107819 1.59
      vertex -1.0947 0.107819 3.1
    endloop
  endfacet
  facet normal 0.998794 -0.0490972 0
    outer loop
      vertex -1.0947 0.107819 1.59
      vertex -1.1 0 3.1
      vertex -1.1 0 1.59
    endloop
  endfacet
  facet normal -0.336835 0.941564 0
    outer loop
      vertex 0.420951 -1.01627 1.59
      vertex 0.319313 -1.05263 3.1
      vertex 0.420951 -1.01627 3.1
    endloop
  endfacet
  facet normal -0.336835 0.941564 0
    outer loop
      vertex 0.319313 -1.05263 3.1
      vertex 0.420951 -1.01627 1.59
      vertex 0.319313 -1.05263 1.59
    endloop
  endfacet
  facet normal -0.97003 0.242985 0
    outer loop
      vertex 1.05263 -0.319313 1.59
      vertex 1.07886 -0.214599 3.1
      vertex 1.07886 -0.214599 1.59
    endloop
  endfacet
  facet normal -0.97003 0.242985 0
    outer loop
      vertex 1.07886 -0.214599 3.1
      vertex 1.05263 -0.319313 1.59
      vertex 1.05263 -0.319313 3.1
    endloop
  endfacet
  facet normal -0.941564 0.336835 0
    outer loop
      vertex 1.01627 -0.420951 1.59
      vertex 1.05263 -0.319313 3.1
      vertex 1.05263 -0.319313 1.59
    endloop
  endfacet
  facet normal -0.941564 0.336835 0
    outer loop
      vertex 1.05263 -0.319313 3.1
      vertex 1.01627 -0.420951 1.59
      vertex 1.01627 -0.420951 3.1
    endloop
  endfacet
  facet normal -0.740952 0.671558 0
    outer loop
      vertex 0.777817 -0.777817 1.59
      vertex 0.850311 -0.697832 3.1
      vertex 0.850311 -0.697832 1.59
    endloop
  endfacet
  facet normal -0.740952 0.671558 0
    outer loop
      vertex 0.850311 -0.697832 3.1
      vertex 0.777817 -0.777817 1.59
      vertex 0.777817 -0.777817 3.1
    endloop
  endfacet
  facet normal -0.514103 -0.857728 0
    outer loop
      vertex 0.518536 0.970113 1.59
      vertex 0.611127 0.914616 3.1
      vertex 0.518536 0.970113 3.1
    endloop
  endfacet
  facet normal -0.514103 -0.857728 -0
    outer loop
      vertex 0.611127 0.914616 3.1
      vertex 0.518536 0.970113 1.59
      vertex 0.611127 0.914616 1.59
    endloop
  endfacet
  facet normal -0.242985 -0.97003 0
    outer loop
      vertex 0.214599 1.07886 1.59
      vertex 0.319313 1.05263 3.1
      vertex 0.214599 1.07886 3.1
    endloop
  endfacet
  facet normal -0.242985 -0.97003 -0
    outer loop
      vertex 0.319313 1.05263 3.1
      vertex 0.214599 1.07886 1.59
      vertex 0.319313 1.05263 1.59
    endloop
  endfacet
  facet normal -0.941564 -0.336835 0
    outer loop
      vertex 1.05263 0.319313 1.59
      vertex 1.01627 0.420951 3.1
      vertex 1.01627 0.420951 1.59
    endloop
  endfacet
  facet normal -0.941564 -0.336835 0
    outer loop
      vertex 1.01627 0.420951 3.1
      vertex 1.05263 0.319313 1.59
      vertex 1.05263 0.319313 3.1
    endloop
  endfacet
  facet normal -0.5957 -0.803207 0
    outer loop
      vertex 0.611127 0.914616 1.59
      vertex 0.697832 0.850311 3.1
      vertex 0.611127 0.914616 3.1
    endloop
  endfacet
  facet normal -0.5957 -0.803207 -0
    outer loop
      vertex 0.697832 0.850311 3.1
      vertex 0.611127 0.914616 1.59
      vertex 0.697832 0.850311 1.59
    endloop
  endfacet
  facet normal 0.97003 0.242985 0
    outer loop
      vertex -1.05263 -0.319313 3.1
      vertex -1.07886 -0.214599 1.59
      vertex -1.07886 -0.214599 3.1
    endloop
  endfacet
  facet normal 0.97003 0.242985 0
    outer loop
      vertex -1.07886 -0.214599 1.59
      vertex -1.05263 -0.319313 3.1
      vertex -1.05263 -0.319313 1.59
    endloop
  endfacet
  facet normal -0.90398 -0.427576 0
    outer loop
      vertex 1.01627 0.420951 1.59
      vertex 0.970113 0.518536 3.1
      vertex 0.970113 0.518536 1.59
    endloop
  endfacet
  facet normal -0.90398 -0.427576 0
    outer loop
      vertex 0.970113 0.518536 3.1
      vertex 1.01627 0.420951 1.59
      vertex 1.01627 0.420951 3.1
    endloop
  endfacet
  facet normal -0.0490972 -0.998794 0
    outer loop
      vertex 0 1.1 1.59
      vertex 0.107819 1.0947 3.1
      vertex 0 1.1 3.1
    endloop
  endfacet
  facet normal -0.0490972 -0.998794 -0
    outer loop
      vertex 0.107819 1.0947 3.1
      vertex 0 1.1 1.59
      vertex 0.107819 1.0947 1.59
    endloop
  endfacet
  facet normal -0.989176 0.146737 0
    outer loop
      vertex 1.07886 -0.214599 1.59
      vertex 1.0947 -0.107819 3.1
      vertex 1.0947 -0.107819 1.59
    endloop
  endfacet
  facet normal -0.989176 0.146737 0
    outer loop
      vertex 1.0947 -0.107819 3.1
      vertex 1.07886 -0.214599 1.59
      vertex 1.07886 -0.214599 3.1
    endloop
  endfacet
  facet normal -0.857728 -0.514103 0
    outer loop
      vertex 0.970113 0.518536 1.59
      vertex 0.914616 0.611127 3.1
      vertex 0.914616 0.611127 1.59
    endloop
  endfacet
  facet normal -0.857728 -0.514103 0
    outer loop
      vertex 0.914616 0.611127 3.1
      vertex 0.970113 0.518536 1.59
      vertex 0.970113 0.518536 3.1
    endloop
  endfacet
  facet normal 0.671558 0.740952 -0
    outer loop
      vertex -0.697832 -0.850311 1.59
      vertex -0.777817 -0.777817 3.1
      vertex -0.697832 -0.850311 3.1
    endloop
  endfacet
  facet normal 0.671558 0.740952 0
    outer loop
      vertex -0.777817 -0.777817 3.1
      vertex -0.697832 -0.850311 1.59
      vertex -0.777817 -0.777817 1.59
    endloop
  endfacet
  facet normal -0.857728 0.514103 0
    outer loop
      vertex 0.914616 -0.611127 1.59
      vertex 0.970113 -0.518536 3.1
      vertex 0.970113 -0.518536 1.59
    endloop
  endfacet
  facet normal -0.857728 0.514103 0
    outer loop
      vertex 0.970113 -0.518536 3.1
      vertex 0.914616 -0.611127 1.59
      vertex 0.914616 -0.611127 3.1
    endloop
  endfacet
  facet normal 0.671558 -0.740952 0
    outer loop
      vertex -0.777817 0.777817 1.59
      vertex -0.697832 0.850311 3.1
      vertex -0.777817 0.777817 3.1
    endloop
  endfacet
  facet normal 0.671558 -0.740952 0
    outer loop
      vertex -0.697832 0.850311 3.1
      vertex -0.777817 0.777817 1.59
      vertex -0.697832 0.850311 1.59
    endloop
  endfacet
  facet normal 0.857728 0.514103 0
    outer loop
      vertex -0.914616 -0.611127 3.1
      vertex -0.970113 -0.518536 1.59
      vertex -0.970113 -0.518536 3.1
    endloop
  endfacet
  facet normal 0.857728 0.514103 0
    outer loop
      vertex -0.970113 -0.518536 1.59
      vertex -0.914616 -0.611127 3.1
      vertex -0.914616 -0.611127 1.59
    endloop
  endfacet
  facet normal -0.671558 0.740952 0
    outer loop
      vertex 0.777817 -0.777817 1.59
      vertex 0.697832 -0.850311 3.1
      vertex 0.777817 -0.777817 3.1
    endloop
  endfacet
  facet normal -0.671558 0.740952 0
    outer loop
      vertex 0.697832 -0.850311 3.1
      vertex 0.777817 -0.777817 1.59
      vertex 0.697832 -0.850311 1.59
    endloop
  endfacet
  facet normal -0.5957 0.803207 0
    outer loop
      vertex 0.697832 -0.850311 1.59
      vertex 0.611127 -0.914616 3.1
      vertex 0.697832 -0.850311 3.1
    endloop
  endfacet
  facet normal -0.5957 0.803207 0
    outer loop
      vertex 0.611127 -0.914616 3.1
      vertex 0.697832 -0.850311 1.59
      vertex 0.611127 -0.914616 1.59
    endloop
  endfacet
  facet normal 0.857728 -0.514103 0
    outer loop
      vertex -0.970113 0.518536 3.1
      vertex -0.914616 0.611127 1.59
      vertex -0.914616 0.611127 3.1
    endloop
  endfacet
  facet normal 0.857728 -0.514103 0
    outer loop
      vertex -0.914616 0.611127 1.59
      vertex -0.970113 0.518536 3.1
      vertex -0.970113 0.518536 1.59
    endloop
  endfacet
  facet normal 0.146737 0.989176 -0
    outer loop
      vertex -0.107819 -1.0947 1.59
      vertex -0.214599 -1.07886 3.1
      vertex -0.107819 -1.0947 3.1
    endloop
  endfacet
  facet normal 0.146737 0.989176 0
    outer loop
      vertex -0.214599 -1.07886 3.1
      vertex -0.107819 -1.0947 1.59
      vertex -0.214599 -1.07886 1.59
    endloop
  endfacet
  facet normal 0.941564 0.336835 0
    outer loop
      vertex -1.01627 -0.420951 3.1
      vertex -1.05263 -0.319313 1.59
      vertex -1.05263 -0.319313 3.1
    endloop
  endfacet
  facet normal 0.941564 0.336835 0
    outer loop
      vertex -1.05263 -0.319313 1.59
      vertex -1.01627 -0.420951 3.1
      vertex -1.01627 -0.420951 1.59
    endloop
  endfacet
  facet normal -0.740952 -0.671558 0
    outer loop
      vertex 0.850311 0.697832 1.59
      vertex 0.777817 0.777817 3.1
      vertex 0.777817 0.777817 1.59
    endloop
  endfacet
  facet normal -0.740952 -0.671558 0
    outer loop
      vertex 0.777817 0.777817 3.1
      vertex 0.850311 0.697832 1.59
      vertex 0.850311 0.697832 3.1
    endloop
  endfacet
  facet normal 0.90398 -0.427576 0
    outer loop
      vertex -1.01627 0.420951 3.1
      vertex -0.970113 0.518536 1.59
      vertex -0.970113 0.518536 3.1
    endloop
  endfacet
  facet normal 0.90398 -0.427576 0
    outer loop
      vertex -0.970113 0.518536 1.59
      vertex -1.01627 0.420951 3.1
      vertex -1.01627 0.420951 1.59
    endloop
  endfacet
  facet normal 0.0490972 -0.998794 0
    outer loop
      vertex -0.107819 1.0947 1.59
      vertex 0 1.1 3.1
      vertex -0.107819 1.0947 3.1
    endloop
  endfacet
  facet normal 0.0490972 -0.998794 0
    outer loop
      vertex 0 1.1 3.1
      vertex -0.107819 1.0947 1.59
      vertex 0 1.1 1.59
    endloop
  endfacet
  facet normal 0.998794 0.0490972 0
    outer loop
      vertex -1.0947 -0.107819 3.1
      vertex -1.1 0 1.59
      vertex -1.1 0 3.1
    endloop
  endfacet
  facet normal 0.998794 0.0490972 0
    outer loop
      vertex -1.1 0 1.59
      vertex -1.0947 -0.107819 3.1
      vertex -1.0947 -0.107819 1.59
    endloop
  endfacet
  facet normal -0.514103 0.857728 0
    outer loop
      vertex 0.611127 -0.914616 1.59
      vertex 0.518536 -0.970113 3.1
      vertex 0.611127 -0.914616 3.1
    endloop
  endfacet
  facet normal -0.514103 0.857728 0
    outer loop
      vertex 0.518536 -0.970113 3.1
      vertex 0.611127 -0.914616 1.59
      vertex 0.518536 -0.970113 1.59
    endloop
  endfacet
  facet normal 0.5957 -0.803207 0
    outer loop
      vertex -0.697832 0.850311 1.59
      vertex -0.611127 0.914616 3.1
      vertex -0.697832 0.850311 3.1
    endloop
  endfacet
  facet normal 0.5957 -0.803207 0
    outer loop
      vertex -0.611127 0.914616 3.1
      vertex -0.697832 0.850311 1.59
      vertex -0.611127 0.914616 1.59
    endloop
  endfacet
  facet normal 0.242985 0.97003 -0
    outer loop
      vertex -0.214599 -1.07886 1.59
      vertex -0.319313 -1.05263 3.1
      vertex -0.214599 -1.07886 3.1
    endloop
  endfacet
  facet normal 0.242985 0.97003 0
    outer loop
      vertex -0.319313 -1.05263 3.1
      vertex -0.214599 -1.07886 1.59
      vertex -0.319313 -1.05263 1.59
    endloop
  endfacet
  facet normal 0.514103 0.857728 -0
    outer loop
      vertex -0.518536 -0.970113 1.59
      vertex -0.611127 -0.914616 3.1
      vertex -0.518536 -0.970113 3.1
    endloop
  endfacet
  facet normal 0.514103 0.857728 0
    outer loop
      vertex -0.611127 -0.914616 3.1
      vertex -0.518536 -0.970113 1.59
      vertex -0.611127 -0.914616 1.59
    endloop
  endfacet
  facet normal 0.803207 -0.5957 0
    outer loop
      vertex -0.914616 0.611127 3.1
      vertex -0.850311 0.697832 1.59
      vertex -0.850311 0.697832 3.1
    endloop
  endfacet
  facet normal 0.803207 -0.5957 0
    outer loop
      vertex -0.850311 0.697832 1.59
      vertex -0.914616 0.611127 3.1
      vertex -0.914616 0.611127 1.59
    endloop
  endfacet
  facet normal 0.427576 0.90398 -0
    outer loop
      vertex -0.420951 -1.01627 1.59
      vertex -0.518536 -0.970113 3.1
      vertex -0.420951 -1.01627 3.1
    endloop
  endfacet
  facet normal 0.427576 0.90398 0
    outer loop
      vertex -0.518536 -0.970113 3.1
      vertex -0.420951 -1.01627 1.59
      vertex -0.518536 -0.970113 1.59
    endloop
  endfacet
  facet normal 0.941564 -0.336835 0
    outer loop
      vertex -1.05263 0.319313 3.1
      vertex -1.01627 0.420951 1.59
      vertex -1.01627 0.420951 3.1
    endloop
  endfacet
  facet normal 0.941564 -0.336835 0
    outer loop
      vertex -1.01627 0.420951 1.59
      vertex -1.05263 0.319313 3.1
      vertex -1.05263 0.319313 1.59
    endloop
  endfacet
  facet normal -0.243019 0.970022 0
    outer loop
      vertex -23.6135 1.30359 1.2
      vertex -24.2846 1.13546 15.3
      vertex -23.6135 1.30359 15.3
    endloop
  endfacet
  facet normal -0.243019 0.970022 0
    outer loop
      vertex -24.2846 1.13546 15.3
      vertex -23.6135 1.30359 1.2
      vertex -24.2846 1.13546 1.2
    endloop
  endfacet
  facet normal 0.803163 0.59576 0
    outer loop
      vertex -39.7897 3.57754 15.3
      vertex -40.2019 4.13324 1.2
      vertex -40.2019 4.13324 15.3
    endloop
  endfacet
  facet normal 0.803163 0.59576 0
    outer loop
      vertex -40.2019 4.13324 1.2
      vertex -39.7897 3.57754 15.3
      vertex -39.7897 3.57754 1.2
    endloop
  endfacet
  facet normal -0.146715 0.989179 0
    outer loop
      vertex -24.2846 1.13546 1.2
      vertex -24.969 1.03395 15.3
      vertex -24.2846 1.13546 15.3
    endloop
  endfacet
  facet normal -0.146715 0.989179 0
    outer loop
      vertex -24.969 1.03395 15.3
      vertex -24.2846 1.13546 1.2
      vertex -24.969 1.03395 1.2
    endloop
  endfacet
  facet normal -0.146842 -0.98916 0
    outer loop
      vertex -24.969 15.0661 1.2
      vertex -24.2846 14.9645 15.3
      vertex -24.969 15.0661 15.3
    endloop
  endfacet
  facet normal -0.146842 -0.98916 -0
    outer loop
      vertex -24.2846 14.9645 15.3
      vertex -24.969 15.0661 1.2
      vertex -24.2846 14.9645 1.2
    endloop
  endfacet
  facet normal -0.0490581 0.998796 0
    outer loop
      vertex -24.969 1.03395 1.2
      vertex -25.66 1.00001 15.3
      vertex -24.969 1.03395 15.3
    endloop
  endfacet
  facet normal -0.0490581 0.998796 0
    outer loop
      vertex -25.66 1.00001 15.3
      vertex -24.969 1.03395 1.2
      vertex -25.66 1.00001 1.2
    endloop
  endfacet
  facet normal 0 1 -0
    outer loop
      vertex -25.66 1.00001 1.2
      vertex -34.34 1.00001 15.3
      vertex -25.66 1.00001 15.3
    endloop
  endfacet
  facet normal 0 1 0
    outer loop
      vertex -34.34 1.00001 15.3
      vertex -25.66 1.00001 1.2
      vertex -34.34 1.00001 1.2
    endloop
  endfacet
  facet normal 0.998792 -0.0491439 0
    outer loop
      vertex -41.39 8.05 15.3
      vertex -41.356 8.74101 1.2
      vertex -41.356 8.74101 15.3
    endloop
  endfacet
  facet normal 0.998792 -0.0491439 0
    outer loop
      vertex -41.356 8.74101 1.2
      vertex -41.39 8.05 15.3
      vertex -41.39 8.05 1.2
    endloop
  endfacet
  facet normal 0 -1 0
    outer loop
      vertex -34.34 15.1 1.2
      vertex -25.66 15.1 15.3
      vertex -34.34 15.1 15.3
    endloop
  endfacet
  facet normal 0 -1 -0
    outer loop
      vertex -25.66 15.1 15.3
      vertex -34.34 15.1 1.2
      vertex -25.66 15.1 1.2
    endloop
  endfacet
  facet normal -0.514071 0.857748 0
    outer loop
      vertex -21.7432 2.18815 1.2
      vertex -22.3367 1.83245 15.3
      vertex -21.7432 2.18815 15.3
    endloop
  endfacet
  facet normal -0.514071 0.857748 0
    outer loop
      vertex -22.3367 1.83245 15.3
      vertex -21.7432 2.18815 1.2
      vertex -22.3367 1.83245 1.2
    endloop
  endfacet
  facet normal -0.595666 -0.803232 0
    outer loop
      vertex -21.7432 13.9118 1.2
      vertex -21.1875 13.4997 15.3
      vertex -21.7432 13.9118 15.3
    endloop
  endfacet
  facet normal -0.595666 -0.803232 -0
    outer loop
      vertex -21.1875 13.4997 15.3
      vertex -21.7432 13.9118 1.2
      vertex -21.1875 13.4997 1.2
    endloop
  endfacet
  facet normal 0.671588 0.740925 -0
    outer loop
      vertex -38.8125 2.60028 1.2
      vertex -39.3251 3.06491 15.3
      vertex -38.8125 2.60028 15.3
    endloop
  endfacet
  facet normal 0.671588 0.740925 0
    outer loop
      vertex -39.3251 3.06491 15.3
      vertex -38.8125 2.60028 1.2
      vertex -39.3251 3.06491 1.2
    endloop
  endfacet
  facet normal -0.857785 0.514009 0
    outer loop
      vertex -19.7981 4.13324 1.2
      vertex -19.4425 4.72667 15.3
      vertex -19.4425 4.72667 1.2
    endloop
  endfacet
  facet normal -0.857785 0.514009 0
    outer loop
      vertex -19.4425 4.72667 15.3
      vertex -19.7981 4.13324 1.2
      vertex -19.7981 4.13324 15.3
    endloop
  endfacet
  facet normal 0.427553 0.903991 -0
    outer loop
      vertex -37.0379 1.53666 1.2
      vertex -37.6633 1.83245 15.3
      vertex -37.0379 1.53666 15.3
    endloop
  endfacet
  facet normal 0.427553 0.903991 0
    outer loop
      vertex -37.6633 1.83245 15.3
      vertex -37.0379 1.53666 1.2
      vertex -37.6633 1.83245 1.2
    endloop
  endfacet
  facet normal -0.740966 0.671542 0
    outer loop
      vertex -20.6749 3.06491 1.2
      vertex -20.2103 3.57754 15.3
      vertex -20.2103 3.57754 1.2
    endloop
  endfacet
  facet normal -0.740966 0.671542 0
    outer loop
      vertex -20.2103 3.57754 15.3
      vertex -20.6749 3.06491 1.2
      vertex -20.6749 3.06491 15.3
    endloop
  endfacet
  facet normal 0.0490581 0.998796 -0
    outer loop
      vertex -34.34 1.00001 1.2
      vertex -35.031 1.03395 15.3
      vertex -34.34 1.00001 15.3
    endloop
  endfacet
  facet normal 0.0490581 0.998796 0
    outer loop
      vertex -35.031 1.03395 15.3
      vertex -34.34 1.00001 1.2
      vertex -35.031 1.03395 1.2
    endloop
  endfacet
  facet normal -0.998792 -0.0491439 0
    outer loop
      vertex -18.61 8.05 1.2
      vertex -18.644 8.74101 15.3
      vertex -18.644 8.74101 1.2
    endloop
  endfacet
  facet normal -0.998792 -0.0491439 0
    outer loop
      vertex -18.644 8.74101 15.3
      vertex -18.61 8.05 1.2
      vertex -18.61 8.05 15.3
    endloop
  endfacet
  facet normal -0.941532 -0.336922 0
    outer loop
      vertex -18.9136 10.0965 1.2
      vertex -19.1467 10.7479 15.3
      vertex -19.1467 10.7479 1.2
    endloop
  endfacet
  facet normal -0.941532 -0.336922 0
    outer loop
      vertex -19.1467 10.7479 15.3
      vertex -18.9136 10.0965 1.2
      vertex -18.9136 10.0965 15.3
    endloop
  endfacet
  facet normal 0.595666 -0.803232 0
    outer loop
      vertex -38.8125 13.4997 1.2
      vertex -38.2568 13.9118 15.3
      vertex -38.8125 13.4997 15.3
    endloop
  endfacet
  facet normal 0.595666 -0.803232 0
    outer loop
      vertex -38.2568 13.9118 15.3
      vertex -38.8125 13.4997 1.2
      vertex -38.2568 13.9118 1.2
    endloop
  endfacet
  facet normal 0.90399 0.427553 0
    outer loop
      vertex -40.5575 4.72667 15.3
      vertex -40.8533 5.35209 1.2
      vertex -40.8533 5.35209 15.3
    endloop
  endfacet
  facet normal 0.90399 0.427553 0
    outer loop
      vertex -40.8533 5.35209 1.2
      vertex -40.5575 4.72667 15.3
      vertex -40.5575 4.72667 1.2
    endloop
  endfacet
  facet normal 0.803163 -0.59576 0
    outer loop
      vertex -40.2019 11.9668 15.3
      vertex -39.7897 12.5225 1.2
      vertex -39.7897 12.5225 15.3
    endloop
  endfacet
  facet normal 0.803163 -0.59576 0
    outer loop
      vertex -39.7897 12.5225 1.2
      vertex -40.2019 11.9668 15.3
      vertex -40.2019 11.9668 1.2
    endloop
  endfacet
  facet normal 0.243019 0.970022 -0
    outer loop
      vertex -35.7154 1.13546 1.2
      vertex -36.3865 1.30359 15.3
      vertex -35.7154 1.13546 15.3
    endloop
  endfacet
  facet normal 0.243019 0.970022 0
    outer loop
      vertex -36.3865 1.30359 15.3
      vertex -35.7154 1.13546 1.2
      vertex -36.3865 1.30359 1.2
    endloop
  endfacet
  facet normal -0.98918 -0.146707 0
    outer loop
      vertex -18.644 8.74101 1.2
      vertex -18.7455 9.42538 15.3
      vertex -18.7455 9.42538 1.2
    endloop
  endfacet
  facet normal -0.98918 -0.146707 0
    outer loop
      vertex -18.7455 9.42538 15.3
      vertex -18.644 8.74101 1.2
      vertex -18.644 8.74101 15.3
    endloop
  endfacet
  facet normal 0.857785 0.514009 0
    outer loop
      vertex -40.2019 4.13324 15.3
      vertex -40.5575 4.72667 1.2
      vertex -40.5575 4.72667 15.3
    endloop
  endfacet
  facet normal 0.857785 0.514009 0
    outer loop
      vertex -40.5575 4.72667 1.2
      vertex -40.2019 4.13324 15.3
      vertex -40.2019 4.13324 1.2
    endloop
  endfacet
  facet normal 0.336922 -0.941532 0
    outer loop
      vertex -37.0379 14.5633 1.2
      vertex -36.3865 14.7964 15.3
      vertex -37.0379 14.5633 15.3
    endloop
  endfacet
  facet normal 0.336922 -0.941532 0
    outer loop
      vertex -36.3865 14.7964 15.3
      vertex -37.0379 14.5633 1.2
      vertex -36.3865 14.7964 1.2
    endloop
  endfacet
  facet normal 0.242978 -0.970032 0
    outer loop
      vertex -36.3865 14.7964 1.2
      vertex -35.7154 14.9645 15.3
      vertex -36.3865 14.7964 15.3
    endloop
  endfacet
  facet normal 0.242978 -0.970032 0
    outer loop
      vertex -35.7154 14.9645 15.3
      vertex -36.3865 14.7964 1.2
      vertex -35.7154 14.9645 1.2
    endloop
  endfacet
  facet normal 0.98918 -0.146707 0
    outer loop
      vertex -41.356 8.74101 15.3
      vertex -41.2545 9.42538 1.2
      vertex -41.2545 9.42538 15.3
    endloop
  endfacet
  facet normal 0.98918 -0.146707 0
    outer loop
      vertex -41.2545 9.42538 1.2
      vertex -41.356 8.74101 15.3
      vertex -41.356 8.74101 1.2
    endloop
  endfacet
  facet normal -0.857812 -0.513964 0
    outer loop
      vertex -19.4425 11.3733 1.2
      vertex -19.7981 11.9668 15.3
      vertex -19.7981 11.9668 1.2
    endloop
  endfacet
  facet normal -0.857812 -0.513964 0
    outer loop
      vertex -19.7981 11.9668 15.3
      vertex -19.4425 11.3733 1.2
      vertex -19.4425 11.3733 15.3
    endloop
  endfacet
  facet normal 0.941532 -0.336922 0
    outer loop
      vertex -41.0864 10.0965 15.3
      vertex -40.8533 10.7479 1.2
      vertex -40.8533 10.7479 15.3
    endloop
  endfacet
  facet normal 0.941532 -0.336922 0
    outer loop
      vertex -40.8533 10.7479 1.2
      vertex -41.0864 10.0965 15.3
      vertex -41.0864 10.0965 1.2
    endloop
  endfacet
  facet normal 0.146715 0.989179 -0
    outer loop
      vertex -35.031 1.03395 1.2
      vertex -35.7154 1.13546 15.3
      vertex -35.031 1.03395 15.3
    endloop
  endfacet
  facet normal 0.146715 0.989179 0
    outer loop
      vertex -35.7154 1.13546 15.3
      vertex -35.031 1.03395 1.2
      vertex -35.7154 1.13546 1.2
    endloop
  endfacet
  facet normal -0.970033 0.242974 0
    outer loop
      vertex -18.9136 6.00351 1.2
      vertex -18.7455 6.67462 15.3
      vertex -18.7455 6.67462 1.2
    endloop
  endfacet
  facet normal -0.970033 0.242974 0
    outer loop
      vertex -18.7455 6.67462 15.3
      vertex -18.9136 6.00351 1.2
      vertex -18.9136 6.00351 15.3
    endloop
  endfacet
  facet normal 0.427564 -0.903985 0
    outer loop
      vertex -37.6633 14.2675 1.2
      vertex -37.0379 14.5633 15.3
      vertex -37.6633 14.2675 15.3
    endloop
  endfacet
  facet normal 0.427564 -0.903985 0
    outer loop
      vertex -37.0379 14.5633 15.3
      vertex -37.6633 14.2675 1.2
      vertex -37.0379 14.5633 1.2
    endloop
  endfacet
  facet normal 0.514071 -0.857748 0
    outer loop
      vertex -38.2568 13.9118 1.2
      vertex -37.6633 14.2675 15.3
      vertex -38.2568 13.9118 15.3
    endloop
  endfacet
  facet normal 0.514071 -0.857748 0
    outer loop
      vertex -37.6633 14.2675 15.3
      vertex -38.2568 13.9118 1.2
      vertex -37.6633 14.2675 1.2
    endloop
  endfacet
  facet normal 0.857812 -0.513964 0
    outer loop
      vertex -40.5575 11.3733 15.3
      vertex -40.2019 11.9668 1.2
      vertex -40.2019 11.9668 15.3
    endloop
  endfacet
  facet normal 0.857812 -0.513964 0
    outer loop
      vertex -40.2019 11.9668 1.2
      vertex -40.5575 11.3733 15.3
      vertex -40.5575 11.3733 1.2
    endloop
  endfacet
  facet normal -0.242978 -0.970032 0
    outer loop
      vertex -24.2846 14.9645 1.2
      vertex -23.6135 14.7964 15.3
      vertex -24.2846 14.9645 15.3
    endloop
  endfacet
  facet normal -0.242978 -0.970032 -0
    outer loop
      vertex -23.6135 14.7964 15.3
      vertex -24.2846 14.9645 1.2
      vertex -23.6135 14.7964 1.2
    endloop
  endfacet
  facet normal -0.740946 -0.671564 0
    outer loop
      vertex -20.2103 12.5225 1.2
      vertex -20.6749 13.0351 15.3
      vertex -20.6749 13.0351 1.2
    endloop
  endfacet
  facet normal -0.740946 -0.671564 0
    outer loop
      vertex -20.6749 13.0351 15.3
      vertex -20.2103 12.5225 1.2
      vertex -20.2103 12.5225 15.3
    endloop
  endfacet
  facet normal 0.0490004 -0.998799 0
    outer loop
      vertex -35.031 15.0661 1.2
      vertex -34.34 15.1 15.3
      vertex -35.031 15.0661 15.3
    endloop
  endfacet
  facet normal 0.0490004 -0.998799 0
    outer loop
      vertex -34.34 15.1 15.3
      vertex -35.031 15.0661 1.2
      vertex -34.34 15.1 1.2
    endloop
  endfacet
  facet normal 0.740966 0.671542 0
    outer loop
      vertex -39.3251 3.06491 15.3
      vertex -39.7897 3.57754 1.2
      vertex -39.7897 3.57754 15.3
    endloop
  endfacet
  facet normal 0.740966 0.671542 0
    outer loop
      vertex -39.7897 3.57754 1.2
      vertex -39.3251 3.06491 15.3
      vertex -39.3251 3.06491 1.2
    endloop
  endfacet
  facet normal -0.671588 0.740925 0
    outer loop
      vertex -20.6749 3.06491 1.2
      vertex -21.1875 2.60028 15.3
      vertex -20.6749 3.06491 15.3
    endloop
  endfacet
  facet normal -0.671588 0.740925 0
    outer loop
      vertex -21.1875 2.60028 15.3
      vertex -20.6749 3.06491 1.2
      vertex -21.1875 2.60028 1.2
    endloop
  endfacet
  facet normal 0.146842 -0.98916 0
    outer loop
      vertex -35.7154 14.9645 1.2
      vertex -35.031 15.0661 15.3
      vertex -35.7154 14.9645 15.3
    endloop
  endfacet
  facet normal 0.146842 -0.98916 0
    outer loop
      vertex -35.031 15.0661 15.3
      vertex -35.7154 14.9645 1.2
      vertex -35.031 15.0661 1.2
    endloop
  endfacet
  facet normal 0.998792 0.0491439 0
    outer loop
      vertex -41.356 7.35899 15.3
      vertex -41.39 8.05 1.2
      vertex -41.39 8.05 15.3
    endloop
  endfacet
  facet normal 0.998792 0.0491439 0
    outer loop
      vertex -41.39 8.05 1.2
      vertex -41.356 7.35899 15.3
      vertex -41.356 7.35899 1.2
    endloop
  endfacet
  facet normal 0.970034 -0.242971 0
    outer loop
      vertex -41.2545 9.42538 15.3
      vertex -41.0864 10.0965 1.2
      vertex -41.0864 10.0965 15.3
    endloop
  endfacet
  facet normal 0.970034 -0.242971 0
    outer loop
      vertex -41.0864 10.0965 1.2
      vertex -41.2545 9.42538 15.3
      vertex -41.2545 9.42538 1.2
    endloop
  endfacet
  facet normal -0.514071 -0.857748 0
    outer loop
      vertex -22.3367 14.2675 1.2
      vertex -21.7432 13.9118 15.3
      vertex -22.3367 14.2675 15.3
    endloop
  endfacet
  facet normal -0.514071 -0.857748 -0
    outer loop
      vertex -21.7432 13.9118 15.3
      vertex -22.3367 14.2675 1.2
      vertex -21.7432 13.9118 1.2
    endloop
  endfacet
  facet normal -0.98918 0.146707 0
    outer loop
      vertex -18.7455 6.67462 1.2
      vertex -18.644 7.35899 15.3
      vertex -18.644 7.35899 1.2
    endloop
  endfacet
  facet normal -0.98918 0.146707 0
    outer loop
      vertex -18.644 7.35899 15.3
      vertex -18.7455 6.67462 1.2
      vertex -18.7455 6.67462 15.3
    endloop
  endfacet
  facet normal 0.903985 -0.427564 0
    outer loop
      vertex -40.8533 10.7479 15.3
      vertex -40.5575 11.3733 1.2
      vertex -40.5575 11.3733 15.3
    endloop
  endfacet
  facet normal 0.903985 -0.427564 0
    outer loop
      vertex -40.5575 11.3733 1.2
      vertex -40.8533 10.7479 15.3
      vertex -40.8533 10.7479 1.2
    endloop
  endfacet
  facet normal -0.427553 0.903991 0
    outer loop
      vertex -22.3367 1.83245 1.2
      vertex -22.9621 1.53666 15.3
      vertex -22.3367 1.83245 15.3
    endloop
  endfacet
  facet normal -0.427553 0.903991 0
    outer loop
      vertex -22.9621 1.53666 15.3
      vertex -22.3367 1.83245 1.2
      vertex -22.9621 1.53666 1.2
    endloop
  endfacet
  facet normal -0.0490004 -0.998799 0
    outer loop
      vertex -25.66 15.1 1.2
      vertex -24.969 15.0661 15.3
      vertex -25.66 15.1 15.3
    endloop
  endfacet
  facet normal -0.0490004 -0.998799 -0
    outer loop
      vertex -24.969 15.0661 15.3
      vertex -25.66 15.1 1.2
      vertex -24.969 15.0661 1.2
    endloop
  endfacet
  facet normal 0.595694 0.803211 -0
    outer loop
      vertex -38.2568 2.18815 1.2
      vertex -38.8125 2.60028 15.3
      vertex -38.2568 2.18815 15.3
    endloop
  endfacet
  facet normal 0.595694 0.803211 0
    outer loop
      vertex -38.8125 2.60028 15.3
      vertex -38.2568 2.18815 1.2
      vertex -38.8125 2.60028 1.2
    endloop
  endfacet
  facet normal 0.514071 0.857748 -0
    outer loop
      vertex -37.6633 1.83245 1.2
      vertex -38.2568 2.18815 15.3
      vertex -37.6633 1.83245 15.3
    endloop
  endfacet
  facet normal 0.514071 0.857748 0
    outer loop
      vertex -38.2568 2.18815 15.3
      vertex -37.6633 1.83245 1.2
      vertex -38.2568 2.18815 1.2
    endloop
  endfacet
  facet normal -0.595694 0.803211 0
    outer loop
      vertex -21.1875 2.60028 1.2
      vertex -21.7432 2.18815 15.3
      vertex -21.1875 2.60028 15.3
    endloop
  endfacet
  facet normal -0.595694 0.803211 0
    outer loop
      vertex -21.7432 2.18815 15.3
      vertex -21.1875 2.60028 1.2
      vertex -21.7432 2.18815 1.2
    endloop
  endfacet
  facet normal 0.740946 -0.671564 0
    outer loop
      vertex -39.7897 12.5225 15.3
      vertex -39.3251 13.0351 1.2
      vertex -39.3251 13.0351 15.3
    endloop
  endfacet
  facet normal 0.740946 -0.671564 0
    outer loop
      vertex -39.3251 13.0351 1.2
      vertex -39.7897 12.5225 15.3
      vertex -39.7897 12.5225 1.2
    endloop
  endfacet
  facet normal 0.671564 -0.740946 0
    outer loop
      vertex -39.3251 13.0351 1.2
      vertex -38.8125 13.4997 15.3
      vertex -39.3251 13.0351 15.3
    endloop
  endfacet
  facet normal 0.671564 -0.740946 0
    outer loop
      vertex -38.8125 13.4997 15.3
      vertex -39.3251 13.0351 1.2
      vertex -38.8125 13.4997 1.2
    endloop
  endfacet
  facet normal 0.941536 0.336913 0
    outer loop
      vertex -40.8533 5.35209 15.3
      vertex -41.0864 6.00351 1.2
      vertex -41.0864 6.00351 15.3
    endloop
  endfacet
  facet normal 0.941536 0.336913 0
    outer loop
      vertex -41.0864 6.00351 1.2
      vertex -40.8533 5.35209 15.3
      vertex -40.8533 5.35209 1.2
    endloop
  endfacet
  facet normal -0.671564 -0.740946 0
    outer loop
      vertex -21.1875 13.4997 1.2
      vertex -20.6749 13.0351 15.3
      vertex -21.1875 13.4997 15.3
    endloop
  endfacet
  facet normal -0.671564 -0.740946 -0
    outer loop
      vertex -20.6749 13.0351 15.3
      vertex -21.1875 13.4997 1.2
      vertex -20.6749 13.0351 1.2
    endloop
  endfacet
  facet normal -0.970034 -0.242971 0
    outer loop
      vertex -18.7455 9.42538 1.2
      vertex -18.9136 10.0965 15.3
      vertex -18.9136 10.0965 1.2
    endloop
  endfacet
  facet normal -0.970034 -0.242971 0
    outer loop
      vertex -18.9136 10.0965 15.3
      vertex -18.7455 9.42538 1.2
      vertex -18.7455 9.42538 15.3
    endloop
  endfacet
  facet normal -0.903985 -0.427564 0
    outer loop
      vertex -19.1467 10.7479 1.2
      vertex -19.4425 11.3733 15.3
      vertex -19.4425 11.3733 1.2
    endloop
  endfacet
  facet normal -0.903985 -0.427564 0
    outer loop
      vertex -19.4425 11.3733 15.3
      vertex -19.1467 10.7479 1.2
      vertex -19.1467 10.7479 15.3
    endloop
  endfacet
  facet normal -0.803163 -0.59576 0
    outer loop
      vertex -19.7981 11.9668 1.2
      vertex -20.2103 12.5225 15.3
      vertex -20.2103 12.5225 1.2
    endloop
  endfacet
  facet normal -0.803163 -0.59576 0
    outer loop
      vertex -20.2103 12.5225 15.3
      vertex -19.7981 11.9668 1.2
      vertex -19.7981 11.9668 15.3
    endloop
  endfacet
  facet normal 0.336884 0.941546 -0
    outer loop
      vertex -36.3865 1.30359 1.2
      vertex -37.0379 1.53666 15.3
      vertex -36.3865 1.30359 15.3
    endloop
  endfacet
  facet normal 0.336884 0.941546 0
    outer loop
      vertex -37.0379 1.53666 15.3
      vertex -36.3865 1.30359 1.2
      vertex -37.0379 1.53666 1.2
    endloop
  endfacet
  facet normal 0.98918 0.146707 0
    outer loop
      vertex -41.2545 6.67462 15.3
      vertex -41.356 7.35899 1.2
      vertex -41.356 7.35899 15.3
    endloop
  endfacet
  facet normal 0.98918 0.146707 0
    outer loop
      vertex -41.356 7.35899 1.2
      vertex -41.2545 6.67462 15.3
      vertex -41.2545 6.67462 1.2
    endloop
  endfacet
  facet normal -0.427564 -0.903985 0
    outer loop
      vertex -22.9621 14.5633 1.2
      vertex -22.3367 14.2675 15.3
      vertex -22.9621 14.5633 15.3
    endloop
  endfacet
  facet normal -0.427564 -0.903985 -0
    outer loop
      vertex -22.3367 14.2675 15.3
      vertex -22.9621 14.5633 1.2
      vertex -22.3367 14.2675 1.2
    endloop
  endfacet
  facet normal 0.970033 0.242974 0
    outer loop
      vertex -41.0864 6.00351 15.3
      vertex -41.2545 6.67462 1.2
      vertex -41.2545 6.67462 15.3
    endloop
  endfacet
  facet normal 0.970033 0.242974 0
    outer loop
      vertex -41.2545 6.67462 1.2
      vertex -41.0864 6.00351 15.3
      vertex -41.0864 6.00351 1.2
    endloop
  endfacet
  facet normal -0.998792 0.0491439 0
    outer loop
      vertex -18.644 7.35899 1.2
      vertex -18.61 8.05 15.3
      vertex -18.61 8.05 1.2
    endloop
  endfacet
  facet normal -0.998792 0.0491439 0
    outer loop
      vertex -18.61 8.05 15.3
      vertex -18.644 7.35899 1.2
      vertex -18.644 7.35899 15.3
    endloop
  endfacet
  facet normal -0.336922 -0.941532 0
    outer loop
      vertex -23.6135 14.7964 1.2
      vertex -22.9621 14.5633 15.3
      vertex -23.6135 14.7964 15.3
    endloop
  endfacet
  facet normal -0.336922 -0.941532 -0
    outer loop
      vertex -22.9621 14.5633 15.3
      vertex -23.6135 14.7964 1.2
      vertex -22.9621 14.5633 1.2
    endloop
  endfacet
  facet normal -0.803163 0.59576 0
    outer loop
      vertex -20.2103 3.57754 1.2
      vertex -19.7981 4.13324 15.3
      vertex -19.7981 4.13324 1.2
    endloop
  endfacet
  facet normal -0.803163 0.59576 0
    outer loop
      vertex -19.7981 4.13324 15.3
      vertex -20.2103 3.57754 1.2
      vertex -20.2103 3.57754 15.3
    endloop
  endfacet
  facet normal -0.941536 0.336913 0
    outer loop
      vertex -19.1467 5.35209 1.2
      vertex -18.9136 6.00351 15.3
      vertex -18.9136 6.00351 1.2
    endloop
  endfacet
  facet normal -0.941536 0.336913 0
    outer loop
      vertex -18.9136 6.00351 15.3
      vertex -19.1467 5.35209 1.2
      vertex -19.1467 5.35209 15.3
    endloop
  endfacet
  facet normal -0.90399 0.427553 0
    outer loop
      vertex -19.4425 4.72667 1.2
      vertex -19.1467 5.35209 15.3
      vertex -19.1467 5.35209 1.2
    endloop
  endfacet
  facet normal -0.90399 0.427553 0
    outer loop
      vertex -19.1467 5.35209 15.3
      vertex -19.4425 4.72667 1.2
      vertex -19.4425 4.72667 15.3
    endloop
  endfacet
  facet normal 0 0 1
    outer loop
      vertex -18.644 8.74101 1.2
      vertex -18.644 7.35899 1.2
      vertex -18.61 8.05 1.2
    endloop
  endfacet
  facet normal 0 0 1
    outer loop
      vertex -18.7455 9.42538 1.2
      vertex -18.644 7.35899 1.2
      vertex -18.644 8.74101 1.2
    endloop
  endfacet
  facet normal 0 0 1
    outer loop
      vertex -18.7455 9.42538 1.2
      vertex -18.7455 6.67462 1.2
      vertex -18.644 7.35899 1.2
    endloop
  endfacet
  facet normal 0 0 1
    outer loop
      vertex -18.9136 10.0965 1.2
      vertex -18.7455 6.67462 1.2
      vertex -18.7455 9.42538 1.2
    endloop
  endfacet
  facet normal 0 0 1
    outer loop
      vertex -18.9136 10.0965 1.2
      vertex -18.9136 6.00351 1.2
      vertex -18.7455 6.67462 1.2
    endloop
  endfacet
  facet normal 0 0 1
    outer loop
      vertex -19.1467 10.7479 1.2
      vertex -18.9136 6.00351 1.2
      vertex -18.9136 10.0965 1.2
    endloop
  endfacet
  facet normal 0 0 1
    outer loop
      vertex -19.1467 10.7479 1.2
      vertex -19.1467 5.35209 1.2
      vertex -18.9136 6.00351 1.2
    endloop
  endfacet
  facet normal 0 0 1
    outer loop
      vertex -19.4425 11.3733 1.2
      vertex -19.1467 5.35209 1.2
      vertex -19.1467 10.7479 1.2
    endloop
  endfacet
  facet normal 0 0 1
    outer loop
      vertex -19.4425 11.3733 1.2
      vertex -19.4425 4.72667 1.2
      vertex -19.1467 5.35209 1.2
    endloop
  endfacet
  facet normal 0 0 1
    outer loop
      vertex -19.7981 11.9668 1.2
      vertex -19.4425 4.72667 1.2
      vertex -19.4425 11.3733 1.2
    endloop
  endfacet
  facet normal 0 0 1
    outer loop
      vertex -19.7981 11.9668 1.2
      vertex -19.7981 4.13324 1.2
      vertex -19.4425 4.72667 1.2
    endloop
  endfacet
  facet normal 0 0 1
    outer loop
      vertex -20.2103 12.5225 1.2
      vertex -19.7981 4.13324 1.2
      vertex -19.7981 11.9668 1.2
    endloop
  endfacet
  facet normal 0 0 1
    outer loop
      vertex -20.2103 12.5225 1.2
      vertex -20.2103 3.57754 1.2
      vertex -19.7981 4.13324 1.2
    endloop
  endfacet
  facet normal 0 0 1
    outer loop
      vertex -20.6749 13.0351 1.2
      vertex -20.2103 3.57754 1.2
      vertex -20.2103 12.5225 1.2
    endloop
  endfacet
  facet normal 0 0 1
    outer loop
      vertex -20.6749 13.0351 1.2
      vertex -20.6749 3.06491 1.2
      vertex -20.2103 3.57754 1.2
    endloop
  endfacet
  facet normal 0 0 1
    outer loop
      vertex -21.1875 13.4997 1.2
      vertex -20.6749 3.06491 1.2
      vertex -20.6749 13.0351 1.2
    endloop
  endfacet
  facet normal 0 0 1
    outer loop
      vertex -21.1875 13.4997 1.2
      vertex -21.1875 2.60028 1.2
      vertex -20.6749 3.06491 1.2
    endloop
  endfacet
  facet normal 0 0 1
    outer loop
      vertex -21.7432 13.9118 1.2
      vertex -21.1875 2.60028 1.2
      vertex -21.1875 13.4997 1.2
    endloop
  endfacet
  facet normal 0 0 1
    outer loop
      vertex -21.7432 13.9118 1.2
      vertex -21.7432 2.18815 1.2
      vertex -21.1875 2.60028 1.2
    endloop
  endfacet
  facet normal 0 0 1
    outer loop
      vertex -22.3367 14.2675 1.2
      vertex -21.7432 2.18815 1.2
      vertex -21.7432 13.9118 1.2
    endloop
  endfacet
  facet normal 0 0 1
    outer loop
      vertex -22.3367 14.2675 1.2
      vertex -22.3367 1.83245 1.2
      vertex -21.7432 2.18815 1.2
    endloop
  endfacet
  facet normal 0 0 1
    outer loop
      vertex -22.9621 14.5633 1.2
      vertex -22.3367 1.83245 1.2
      vertex -22.3367 14.2675 1.2
    endloop
  endfacet
  facet normal 0 0 1
    outer loop
      vertex -22.9621 14.5633 1.2
      vertex -22.9621 1.53666 1.2
      vertex -22.3367 1.83245 1.2
    endloop
  endfacet
  facet normal 0 0 1
    outer loop
      vertex -23.6135 14.7964 1.2
      vertex -22.9621 1.53666 1.2
      vertex -22.9621 14.5633 1.2
    endloop
  endfacet
  facet normal 0 0 1
    outer loop
      vertex -23.6135 14.7964 1.2
      vertex -23.6135 1.30359 1.2
      vertex -22.9621 1.53666 1.2
    endloop
  endfacet
  facet normal 0 0 1
    outer loop
      vertex -24.2846 14.9645 1.2
      vertex -23.6135 1.30359 1.2
      vertex -23.6135 14.7964 1.2
    endloop
  endfacet
  facet normal 0 0 1
    outer loop
      vertex -24.2846 14.9645 1.2
      vertex -24.2846 1.13546 1.2
      vertex -23.6135 1.30359 1.2
    endloop
  endfacet
  facet normal 0 0 1
    outer loop
      vertex -24.969 15.0661 1.2
      vertex -24.2846 1.13546 1.2
      vertex -24.2846 14.9645 1.2
    endloop
  endfacet
  facet normal 0 0 1
    outer loop
      vertex -24.969 15.0661 1.2
      vertex -24.969 1.03395 1.2
      vertex -24.2846 1.13546 1.2
    endloop
  endfacet
  facet normal 0 0 1
    outer loop
      vertex -25.66 15.1 1.2
      vertex -24.969 1.03395 1.2
      vertex -24.969 15.0661 1.2
    endloop
  endfacet
  facet normal 0 0 1
    outer loop
      vertex -25.66 15.1 1.2
      vertex -25.66 1.00001 1.2
      vertex -24.969 1.03395 1.2
    endloop
  endfacet
  facet normal -0 0 1
    outer loop
      vertex -34.34 15.1 1.2
      vertex -25.66 1.00001 1.2
      vertex -25.66 15.1 1.2
    endloop
  endfacet
  facet normal 0 0 1
    outer loop
      vertex -34.34 15.1 1.2
      vertex -34.34 1.00001 1.2
      vertex -25.66 1.00001 1.2
    endloop
  endfacet
  facet normal -0 0 1
    outer loop
      vertex -35.031 15.0661 1.2
      vertex -34.34 1.00001 1.2
      vertex -34.34 15.1 1.2
    endloop
  endfacet
  facet normal 0 0 1
    outer loop
      vertex -35.031 15.0661 1.2
      vertex -35.031 1.03395 1.2
      vertex -34.34 1.00001 1.2
    endloop
  endfacet
  facet normal -0 0 1
    outer loop
      vertex -35.7154 14.9645 1.2
      vertex -35.031 1.03395 1.2
      vertex -35.031 15.0661 1.2
    endloop
  endfacet
  facet normal 0 0 1
    outer loop
      vertex -35.7154 14.9645 1.2
      vertex -35.7154 1.13546 1.2
      vertex -35.031 1.03395 1.2
    endloop
  endfacet
  facet normal -0 0 1
    outer loop
      vertex -36.3865 14.7964 1.2
      vertex -35.7154 1.13546 1.2
      vertex -35.7154 14.9645 1.2
    endloop
  endfacet
  facet normal 0 0 1
    outer loop
      vertex -36.3865 14.7964 1.2
      vertex -36.3865 1.30359 1.2
      vertex -35.7154 1.13546 1.2
    endloop
  endfacet
  facet normal -0 0 1
    outer loop
      vertex -37.0379 14.5633 1.2
      vertex -36.3865 1.30359 1.2
      vertex -36.3865 14.7964 1.2
    endloop
  endfacet
  facet normal 0 0 1
    outer loop
      vertex -37.0379 14.5633 1.2
      vertex -37.0379 1.53666 1.2
      vertex -36.3865 1.30359 1.2
    endloop
  endfacet
  facet normal -0 0 1
    outer loop
      vertex -37.6633 14.2675 1.2
      vertex -37.0379 1.53666 1.2
      vertex -37.0379 14.5633 1.2
    endloop
  endfacet
  facet normal 0 0 1
    outer loop
      vertex -37.6633 14.2675 1.2
      vertex -37.6633 1.83245 1.2
      vertex -37.0379 1.53666 1.2
    endloop
  endfacet
  facet normal -0 0 1
    outer loop
      vertex -38.2568 13.9118 1.2
      vertex -37.6633 1.83245 1.2
      vertex -37.6633 14.2675 1.2
    endloop
  endfacet
  facet normal 0 0 1
    outer loop
      vertex -38.2568 13.9118 1.2
      vertex -38.2568 2.18815 1.2
      vertex -37.6633 1.83245 1.2
    endloop
  endfacet
  facet normal -0 0 1
    outer loop
      vertex -38.8125 13.4997 1.2
      vertex -38.2568 2.18815 1.2
      vertex -38.2568 13.9118 1.2
    endloop
  endfacet
  facet normal 0 0 1
    outer loop
      vertex -38.8125 13.4997 1.2
      vertex -38.8125 2.60028 1.2
      vertex -38.2568 2.18815 1.2
    endloop
  endfacet
  facet normal -0 0 1
    outer loop
      vertex -39.3251 13.0351 1.2
      vertex -38.8125 2.60028 1.2
      vertex -38.8125 13.4997 1.2
    endloop
  endfacet
  facet normal 0 0 1
    outer loop
      vertex -39.3251 13.0351 1.2
      vertex -39.3251 3.06491 1.2
      vertex -38.8125 2.60028 1.2
    endloop
  endfacet
  facet normal -0 0 1
    outer loop
      vertex -39.7897 12.5225 1.2
      vertex -39.3251 3.06491 1.2
      vertex -39.3251 13.0351 1.2
    endloop
  endfacet
  facet normal 0 0 1
    outer loop
      vertex -39.7897 12.5225 1.2
      vertex -39.7897 3.57754 1.2
      vertex -39.3251 3.06491 1.2
    endloop
  endfacet
  facet normal -0 0 1
    outer loop
      vertex -40.2019 11.9668 1.2
      vertex -39.7897 3.57754 1.2
      vertex -39.7897 12.5225 1.2
    endloop
  endfacet
  facet normal 0 0 1
    outer loop
      vertex -40.2019 11.9668 1.2
      vertex -40.2019 4.13324 1.2
      vertex -39.7897 3.57754 1.2
    endloop
  endfacet
  facet normal -0 0 1
    outer loop
      vertex -40.5575 11.3733 1.2
      vertex -40.2019 4.13324 1.2
      vertex -40.2019 11.9668 1.2
    endloop
  endfacet
  facet normal 0 0 1
    outer loop
      vertex -40.5575 11.3733 1.2
      vertex -40.5575 4.72667 1.2
      vertex -40.2019 4.13324 1.2
    endloop
  endfacet
  facet normal -0 0 1
    outer loop
      vertex -40.8533 10.7479 1.2
      vertex -40.5575 4.72667 1.2
      vertex -40.5575 11.3733 1.2
    endloop
  endfacet
  facet normal 0 0 1
    outer loop
      vertex -40.8533 10.7479 1.2
      vertex -40.8533 5.35209 1.2
      vertex -40.5575 4.72667 1.2
    endloop
  endfacet
  facet normal -0 0 1
    outer loop
      vertex -41.0864 10.0965 1.2
      vertex -40.8533 5.35209 1.2
      vertex -40.8533 10.7479 1.2
    endloop
  endfacet
  facet normal 0 0 1
    outer loop
      vertex -41.0864 10.0965 1.2
      vertex -41.0864 6.00351 1.2
      vertex -40.8533 5.35209 1.2
    endloop
  endfacet
  facet normal -0 0 1
    outer loop
      vertex -41.2545 9.42538 1.2
      vertex -41.0864 6.00351 1.2
      vertex -41.0864 10.0965 1.2
    endloop
  endfacet
  facet normal 0 0 1
    outer loop
      vertex -41.2545 9.42538 1.2
      vertex -41.2545 6.67462 1.2
      vertex -41.0864 6.00351 1.2
    endloop
  endfacet
  facet normal -0 0 1
    outer loop
      vertex -41.356 8.74101 1.2
      vertex -41.2545 6.67462 1.2
      vertex -41.2545 9.42538 1.2
    endloop
  endfacet
  facet normal 0 0 1
    outer loop
      vertex -41.356 8.74101 1.2
      vertex -41.356 7.35899 1.2
      vertex -41.2545 6.67462 1.2
    endloop
  endfacet
  facet normal 0 -0 1
    outer loop
      vertex -41.356 7.35899 1.2
      vertex -41.356 8.74101 1.2
      vertex -41.39 8.05 1.2
    endloop
  endfacet
  facet normal -0.336884 0.941546 0
    outer loop
      vertex -22.9621 1.53666 1.2
      vertex -23.6135 1.30359 15.3
      vertex -22.9621 1.53666 15.3
    endloop
  endfacet
  facet normal -0.336884 0.941546 0
    outer loop
      vertex -23.6135 1.30359 15.3
      vertex -22.9621 1.53666 1.2
      vertex -23.6135 1.30359 1.2
    endloop
  endfacet
  facet normal -0.242978 0.970032 0
    outer loop
      vertex -23.6135 -14.7964 1.2
      vertex -24.2846 -14.9645 15.3
      vertex -23.6135 -14.7964 15.3
    endloop
  endfacet
  facet normal -0.242978 0.970032 0
    outer loop
      vertex -24.2846 -14.9645 15.3
      vertex -23.6135 -14.7964 1.2
      vertex -24.2846 -14.9645 1.2
    endloop
  endfacet
  facet normal 0.803163 0.59576 0
    outer loop
      vertex -39.7897 -12.5225 15.3
      vertex -40.2019 -11.9668 1.2
      vertex -40.2019 -11.9668 15.3
    endloop
  endfacet
  facet normal 0.803163 0.59576 0
    outer loop
      vertex -40.2019 -11.9668 1.2
      vertex -39.7897 -12.5225 15.3
      vertex -39.7897 -12.5225 1.2
    endloop
  endfacet
  facet normal -0.146842 0.98916 0
    outer loop
      vertex -24.2846 -14.9645 1.2
      vertex -24.969 -15.0661 15.3
      vertex -24.2846 -14.9645 15.3
    endloop
  endfacet
  facet normal -0.146842 0.98916 0
    outer loop
      vertex -24.969 -15.0661 15.3
      vertex -24.2846 -14.9645 1.2
      vertex -24.969 -15.0661 1.2
    endloop
  endfacet
  facet normal -0.146715 -0.989179 0
    outer loop
      vertex -24.969 -1.03395 1.2
      vertex -24.2846 -1.13546 15.3
      vertex -24.969 -1.03395 15.3
    endloop
  endfacet
  facet normal -0.146715 -0.989179 -0
    outer loop
      vertex -24.2846 -1.13546 15.3
      vertex -24.969 -1.03395 1.2
      vertex -24.2846 -1.13546 1.2
    endloop
  endfacet
  facet normal -0.0490004 0.998799 0
    outer loop
      vertex -24.969 -15.0661 1.2
      vertex -25.66 -15.1 15.3
      vertex -24.969 -15.0661 15.3
    endloop
  endfacet
  facet normal -0.0490004 0.998799 0
    outer loop
      vertex -25.66 -15.1 15.3
      vertex -24.969 -15.0661 1.2
      vertex -25.66 -15.1 1.2
    endloop
  endfacet
  facet normal 0.336922 0.941532 -0
    outer loop
      vertex -36.3865 -14.7964 1.2
      vertex -37.0379 -14.5633 15.3
      vertex -36.3865 -14.7964 15.3
    endloop
  endfacet
  facet normal 0.336922 0.941532 0
    outer loop
      vertex -37.0379 -14.5633 15.3
      vertex -36.3865 -14.7964 1.2
      vertex -37.0379 -14.5633 1.2
    endloop
  endfacet
  facet normal 0 1 -0
    outer loop
      vertex -25.66 -15.1 1.2
      vertex -34.34 -15.1 15.3
      vertex -25.66 -15.1 15.3
    endloop
  endfacet
  facet normal 0 1 0
    outer loop
      vertex -34.34 -15.1 15.3
      vertex -25.66 -15.1 1.2
      vertex -34.34 -15.1 1.2
    endloop
  endfacet
  facet normal 0.998792 -0.0491439 0
    outer loop
      vertex -41.39 -8.05 15.3
      vertex -41.356 -7.35899 1.2
      vertex -41.356 -7.35899 15.3
    endloop
  endfacet
  facet normal 0.998792 -0.0491439 0
    outer loop
      vertex -41.356 -7.35899 1.2
      vertex -41.39 -8.05 15.3
      vertex -41.39 -8.05 1.2
    endloop
  endfacet
  facet normal 0 -1 0
    outer loop
      vertex -34.34 -1.00001 1.2
      vertex -25.66 -1.00001 15.3
      vertex -34.34 -1.00001 15.3
    endloop
  endfacet
  facet normal 0 -1 -0
    outer loop
      vertex -25.66 -1.00001 15.3
      vertex -34.34 -1.00001 1.2
      vertex -25.66 -1.00001 1.2
    endloop
  endfacet
  facet normal -0.514071 0.857748 0
    outer loop
      vertex -21.7432 -13.9118 1.2
      vertex -22.3367 -14.2675 15.3
      vertex -21.7432 -13.9118 15.3
    endloop
  endfacet
  facet normal -0.514071 0.857748 0
    outer loop
      vertex -22.3367 -14.2675 15.3
      vertex -21.7432 -13.9118 1.2
      vertex -22.3367 -14.2675 1.2
    endloop
  endfacet
  facet normal -0.595694 -0.803211 0
    outer loop
      vertex -21.7432 -2.18815 1.2
      vertex -21.1875 -2.60028 15.3
      vertex -21.7432 -2.18815 15.3
    endloop
  endfacet
  facet normal -0.595694 -0.803211 -0
    outer loop
      vertex -21.1875 -2.60028 15.3
      vertex -21.7432 -2.18815 1.2
      vertex -21.1875 -2.60028 1.2
    endloop
  endfacet
  facet normal 0.671564 0.740946 -0
    outer loop
      vertex -38.8125 -13.4997 1.2
      vertex -39.3251 -13.0351 15.3
      vertex -38.8125 -13.4997 15.3
    endloop
  endfacet
  facet normal 0.671564 0.740946 0
    outer loop
      vertex -39.3251 -13.0351 15.3
      vertex -38.8125 -13.4997 1.2
      vertex -39.3251 -13.0351 1.2
    endloop
  endfacet
  facet normal -0.857812 0.513964 0
    outer loop
      vertex -19.7981 -11.9668 1.2
      vertex -19.4425 -11.3733 15.3
      vertex -19.4425 -11.3733 1.2
    endloop
  endfacet
  facet normal -0.857812 0.513964 0
    outer loop
      vertex -19.4425 -11.3733 15.3
      vertex -19.7981 -11.9668 1.2
      vertex -19.7981 -11.9668 15.3
    endloop
  endfacet
  facet normal 0.427564 0.903985 -0
    outer loop
      vertex -37.0379 -14.5633 1.2
      vertex -37.6633 -14.2675 15.3
      vertex -37.0379 -14.5633 15.3
    endloop
  endfacet
  facet normal 0.427564 0.903985 0
    outer loop
      vertex -37.6633 -14.2675 15.3
      vertex -37.0379 -14.5633 1.2
      vertex -37.6633 -14.2675 1.2
    endloop
  endfacet
  facet normal -0.740946 0.671564 0
    outer loop
      vertex -20.6749 -13.0351 1.2
      vertex -20.2103 -12.5225 15.3
      vertex -20.2103 -12.5225 1.2
    endloop
  endfacet
  facet normal -0.740946 0.671564 0
    outer loop
      vertex -20.2103 -12.5225 15.3
      vertex -20.6749 -13.0351 1.2
      vertex -20.6749 -13.0351 15.3
    endloop
  endfacet
  facet normal 0.0490004 0.998799 -0
    outer loop
      vertex -34.34 -15.1 1.2
      vertex -35.031 -15.0661 15.3
      vertex -34.34 -15.1 15.3
    endloop
  endfacet
  facet normal 0.0490004 0.998799 0
    outer loop
      vertex -35.031 -15.0661 15.3
      vertex -34.34 -15.1 1.2
      vertex -35.031 -15.0661 1.2
    endloop
  endfacet
  facet normal -0.998792 -0.0491439 0
    outer loop
      vertex -18.61 -8.05 1.2
      vertex -18.644 -7.35899 15.3
      vertex -18.644 -7.35899 1.2
    endloop
  endfacet
  facet normal -0.998792 -0.0491439 0
    outer loop
      vertex -18.644 -7.35899 15.3
      vertex -18.61 -8.05 1.2
      vertex -18.61 -8.05 15.3
    endloop
  endfacet
  facet normal -0.941536 -0.336913 0
    outer loop
      vertex -18.9136 -6.00351 1.2
      vertex -19.1467 -5.35209 15.3
      vertex -19.1467 -5.35209 1.2
    endloop
  endfacet
  facet normal -0.941536 -0.336913 0
    outer loop
      vertex -19.1467 -5.35209 15.3
      vertex -18.9136 -6.00351 1.2
      vertex -18.9136 -6.00351 15.3
    endloop
  endfacet
  facet normal 0.595694 -0.803211 0
    outer loop
      vertex -38.8125 -2.60028 1.2
      vertex -38.2568 -2.18815 15.3
      vertex -38.8125 -2.60028 15.3
    endloop
  endfacet
  facet normal 0.595694 -0.803211 0
    outer loop
      vertex -38.2568 -2.18815 15.3
      vertex -38.8125 -2.60028 1.2
      vertex -38.2568 -2.18815 1.2
    endloop
  endfacet
  facet normal 0.903985 0.427564 0
    outer loop
      vertex -40.5575 -11.3733 15.3
      vertex -40.8533 -10.7479 1.2
      vertex -40.8533 -10.7479 15.3
    endloop
  endfacet
  facet normal 0.903985 0.427564 0
    outer loop
      vertex -40.8533 -10.7479 1.2
      vertex -40.5575 -11.3733 15.3
      vertex -40.5575 -11.3733 1.2
    endloop
  endfacet
  facet normal 0.803163 -0.59576 0
    outer loop
      vertex -40.2019 -4.13324 15.3
      vertex -39.7897 -3.57754 1.2
      vertex -39.7897 -3.57754 15.3
    endloop
  endfacet
  facet normal 0.803163 -0.59576 0
    outer loop
      vertex -39.7897 -3.57754 1.2
      vertex -40.2019 -4.13324 15.3
      vertex -40.2019 -4.13324 1.2
    endloop
  endfacet
  facet normal 0.242978 0.970032 -0
    outer loop
      vertex -35.7154 -14.9645 1.2
      vertex -36.3865 -14.7964 15.3
      vertex -35.7154 -14.9645 15.3
    endloop
  endfacet
  facet normal 0.242978 0.970032 0
    outer loop
      vertex -36.3865 -14.7964 15.3
      vertex -35.7154 -14.9645 1.2
      vertex -36.3865 -14.7964 1.2
    endloop
  endfacet
  facet normal -0.98918 -0.146707 0
    outer loop
      vertex -18.644 -7.35899 1.2
      vertex -18.7455 -6.67462 15.3
      vertex -18.7455 -6.67462 1.2
    endloop
  endfacet
  facet normal -0.98918 -0.146707 0
    outer loop
      vertex -18.7455 -6.67462 15.3
      vertex -18.644 -7.35899 1.2
      vertex -18.644 -7.35899 15.3
    endloop
  endfacet
  facet normal 0.857812 0.513964 0
    outer loop
      vertex -40.2019 -11.9668 15.3
      vertex -40.5575 -11.3733 1.2
      vertex -40.5575 -11.3733 15.3
    endloop
  endfacet
  facet normal 0.857812 0.513964 0
    outer loop
      vertex -40.5575 -11.3733 1.2
      vertex -40.2019 -11.9668 15.3
      vertex -40.2019 -11.9668 1.2
    endloop
  endfacet
  facet normal 0.336884 -0.941546 0
    outer loop
      vertex -37.0379 -1.53666 1.2
      vertex -36.3865 -1.30359 15.3
      vertex -37.0379 -1.53666 15.3
    endloop
  endfacet
  facet normal 0.336884 -0.941546 0
    outer loop
      vertex -36.3865 -1.30359 15.3
      vertex -37.0379 -1.53666 1.2
      vertex -36.3865 -1.30359 1.2
    endloop
  endfacet
  facet normal 0.243019 -0.970022 0
    outer loop
      vertex -36.3865 -1.30359 1.2
      vertex -35.7154 -1.13546 15.3
      vertex -36.3865 -1.30359 15.3
    endloop
  endfacet
  facet normal 0.243019 -0.970022 0
    outer loop
      vertex -35.7154 -1.13546 15.3
      vertex -36.3865 -1.30359 1.2
      vertex -35.7154 -1.13546 1.2
    endloop
  endfacet
  facet normal 0.98918 -0.146707 0
    outer loop
      vertex -41.356 -7.35899 15.3
      vertex -41.2545 -6.67462 1.2
      vertex -41.2545 -6.67462 15.3
    endloop
  endfacet
  facet normal 0.98918 -0.146707 0
    outer loop
      vertex -41.2545 -6.67462 1.2
      vertex -41.356 -7.35899 15.3
      vertex -41.356 -7.35899 1.2
    endloop
  endfacet
  facet normal -0.857785 -0.514009 0
    outer loop
      vertex -19.4425 -4.72667 1.2
      vertex -19.7981 -4.13324 15.3
      vertex -19.7981 -4.13324 1.2
    endloop
  endfacet
  facet normal -0.857785 -0.514009 0
    outer loop
      vertex -19.7981 -4.13324 15.3
      vertex -19.4425 -4.72667 1.2
      vertex -19.4425 -4.72667 15.3
    endloop
  endfacet
  facet normal 0.941536 -0.336913 0
    outer loop
      vertex -41.0864 -6.00351 15.3
      vertex -40.8533 -5.35209 1.2
      vertex -40.8533 -5.35209 15.3
    endloop
  endfacet
  facet normal 0.941536 -0.336913 0
    outer loop
      vertex -40.8533 -5.35209 1.2
      vertex -41.0864 -6.00351 15.3
      vertex -41.0864 -6.00351 1.2
    endloop
  endfacet
  facet normal 0.146842 0.98916 -0
    outer loop
      vertex -35.031 -15.0661 1.2
      vertex -35.7154 -14.9645 15.3
      vertex -35.031 -15.0661 15.3
    endloop
  endfacet
  facet normal 0.146842 0.98916 0
    outer loop
      vertex -35.7154 -14.9645 15.3
      vertex -35.031 -15.0661 1.2
      vertex -35.7154 -14.9645 1.2
    endloop
  endfacet
  facet normal -0.970034 0.242971 0
    outer loop
      vertex -18.9136 -10.0965 1.2
      vertex -18.7455 -9.42538 15.3
      vertex -18.7455 -9.42538 1.2
    endloop
  endfacet
  facet normal -0.970034 0.242971 0
    outer loop
      vertex -18.7455 -9.42538 15.3
      vertex -18.9136 -10.0965 1.2
      vertex -18.9136 -10.0965 15.3
    endloop
  endfacet
  facet normal 0.427553 -0.903991 0
    outer loop
      vertex -37.6633 -1.83245 1.2
      vertex -37.0379 -1.53666 15.3
      vertex -37.6633 -1.83245 15.3
    endloop
  endfacet
  facet normal 0.427553 -0.903991 0
    outer loop
      vertex -37.0379 -1.53666 15.3
      vertex -37.6633 -1.83245 1.2
      vertex -37.0379 -1.53666 1.2
    endloop
  endfacet
  facet normal 0.514071 -0.857748 0
    outer loop
      vertex -38.2568 -2.18815 1.2
      vertex -37.6633 -1.83245 15.3
      vertex -38.2568 -2.18815 15.3
    endloop
  endfacet
  facet normal 0.514071 -0.857748 0
    outer loop
      vertex -37.6633 -1.83245 15.3
      vertex -38.2568 -2.18815 1.2
      vertex -37.6633 -1.83245 1.2
    endloop
  endfacet
  facet normal 0.857785 -0.514009 0
    outer loop
      vertex -40.5575 -4.72667 15.3
      vertex -40.2019 -4.13324 1.2
      vertex -40.2019 -4.13324 15.3
    endloop
  endfacet
  facet normal 0.857785 -0.514009 0
    outer loop
      vertex -40.2019 -4.13324 1.2
      vertex -40.5575 -4.72667 15.3
      vertex -40.5575 -4.72667 1.2
    endloop
  endfacet
  facet normal -0.243019 -0.970022 0
    outer loop
      vertex -24.2846 -1.13546 1.2
      vertex -23.6135 -1.30359 15.3
      vertex -24.2846 -1.13546 15.3
    endloop
  endfacet
  facet normal -0.243019 -0.970022 -0
    outer loop
      vertex -23.6135 -1.30359 15.3
      vertex -24.2846 -1.13546 1.2
      vertex -23.6135 -1.30359 1.2
    endloop
  endfacet
  facet normal -0.740966 -0.671542 0
    outer loop
      vertex -20.2103 -3.57754 1.2
      vertex -20.6749 -3.06491 15.3
      vertex -20.6749 -3.06491 1.2
    endloop
  endfacet
  facet normal -0.740966 -0.671542 0
    outer loop
      vertex -20.6749 -3.06491 15.3
      vertex -20.2103 -3.57754 1.2
      vertex -20.2103 -3.57754 15.3
    endloop
  endfacet
  facet normal 0.0490581 -0.998796 0
    outer loop
      vertex -35.031 -1.03395 1.2
      vertex -34.34 -1.00001 15.3
      vertex -35.031 -1.03395 15.3
    endloop
  endfacet
  facet normal 0.0490581 -0.998796 0
    outer loop
      vertex -34.34 -1.00001 15.3
      vertex -35.031 -1.03395 1.2
      vertex -34.34 -1.00001 1.2
    endloop
  endfacet
  facet normal 0.740946 0.671564 0
    outer loop
      vertex -39.3251 -13.0351 15.3
      vertex -39.7897 -12.5225 1.2
      vertex -39.7897 -12.5225 15.3
    endloop
  endfacet
  facet normal 0.740946 0.671564 0
    outer loop
      vertex -39.7897 -12.5225 1.2
      vertex -39.3251 -13.0351 15.3
      vertex -39.3251 -13.0351 1.2
    endloop
  endfacet
  facet normal -0.671564 0.740946 0
    outer loop
      vertex -20.6749 -13.0351 1.2
      vertex -21.1875 -13.4997 15.3
      vertex -20.6749 -13.0351 15.3
    endloop
  endfacet
  facet normal -0.671564 0.740946 0
    outer loop
      vertex -21.1875 -13.4997 15.3
      vertex -20.6749 -13.0351 1.2
      vertex -21.1875 -13.4997 1.2
    endloop
  endfacet
  facet normal 0.146715 -0.989179 0
    outer loop
      vertex -35.7154 -1.13546 1.2
      vertex -35.031 -1.03395 15.3
      vertex -35.7154 -1.13546 15.3
    endloop
  endfacet
  facet normal 0.146715 -0.989179 0
    outer loop
      vertex -35.031 -1.03395 15.3
      vertex -35.7154 -1.13546 1.2
      vertex -35.031 -1.03395 1.2
    endloop
  endfacet
  facet normal 0.998792 0.0491439 0
    outer loop
      vertex -41.356 -8.74101 15.3
      vertex -41.39 -8.05 1.2
      vertex -41.39 -8.05 15.3
    endloop
  endfacet
  facet normal 0.998792 0.0491439 0
    outer loop
      vertex -41.39 -8.05 1.2
      vertex -41.356 -8.74101 15.3
      vertex -41.356 -8.74101 1.2
    endloop
  endfacet
  facet normal 0.970033 -0.242974 0
    outer loop
      vertex -41.2545 -6.67462 15.3
      vertex -41.0864 -6.00351 1.2
      vertex -41.0864 -6.00351 15.3
    endloop
  endfacet
  facet normal 0.970033 -0.242974 0
    outer loop
      vertex -41.0864 -6.00351 1.2
      vertex -41.2545 -6.67462 15.3
      vertex -41.2545 -6.67462 1.2
    endloop
  endfacet
  facet normal -0.514071 -0.857748 0
    outer loop
      vertex -22.3367 -1.83245 1.2
      vertex -21.7432 -2.18815 15.3
      vertex -22.3367 -1.83245 15.3
    endloop
  endfacet
  facet normal -0.514071 -0.857748 -0
    outer loop
      vertex -21.7432 -2.18815 15.3
      vertex -22.3367 -1.83245 1.2
      vertex -21.7432 -2.18815 1.2
    endloop
  endfacet
  facet normal -0.98918 0.146707 0
    outer loop
      vertex -18.7455 -9.42538 1.2
      vertex -18.644 -8.74101 15.3
      vertex -18.644 -8.74101 1.2
    endloop
  endfacet
  facet normal -0.98918 0.146707 0
    outer loop
      vertex -18.644 -8.74101 15.3
      vertex -18.7455 -9.42538 1.2
      vertex -18.7455 -9.42538 15.3
    endloop
  endfacet
  facet normal 0.90399 -0.427553 0
    outer loop
      vertex -40.8533 -5.35209 15.3
      vertex -40.5575 -4.72667 1.2
      vertex -40.5575 -4.72667 15.3
    endloop
  endfacet
  facet normal 0.90399 -0.427553 0
    outer loop
      vertex -40.5575 -4.72667 1.2
      vertex -40.8533 -5.35209 15.3
      vertex -40.8533 -5.35209 1.2
    endloop
  endfacet
  facet normal -0.427564 0.903985 0
    outer loop
      vertex -22.3367 -14.2675 1.2
      vertex -22.9621 -14.5633 15.3
      vertex -22.3367 -14.2675 15.3
    endloop
  endfacet
  facet normal -0.427564 0.903985 0
    outer loop
      vertex -22.9621 -14.5633 15.3
      vertex -22.3367 -14.2675 1.2
      vertex -22.9621 -14.5633 1.2
    endloop
  endfacet
  facet normal -0.0490581 -0.998796 0
    outer loop
      vertex -25.66 -1.00001 1.2
      vertex -24.969 -1.03395 15.3
      vertex -25.66 -1.00001 15.3
    endloop
  endfacet
  facet normal -0.0490581 -0.998796 -0
    outer loop
      vertex -24.969 -1.03395 15.3
      vertex -25.66 -1.00001 1.2
      vertex -24.969 -1.03395 1.2
    endloop
  endfacet
  facet normal 0.595666 0.803232 -0
    outer loop
      vertex -38.2568 -13.9118 1.2
      vertex -38.8125 -13.4997 15.3
      vertex -38.2568 -13.9118 15.3
    endloop
  endfacet
  facet normal 0.595666 0.803232 0
    outer loop
      vertex -38.8125 -13.4997 15.3
      vertex -38.2568 -13.9118 1.2
      vertex -38.8125 -13.4997 1.2
    endloop
  endfacet
  facet normal 0.514071 0.857748 -0
    outer loop
      vertex -37.6633 -14.2675 1.2
      vertex -38.2568 -13.9118 15.3
      vertex -37.6633 -14.2675 15.3
    endloop
  endfacet
  facet normal 0.514071 0.857748 0
    outer loop
      vertex -38.2568 -13.9118 15.3
      vertex -37.6633 -14.2675 1.2
      vertex -38.2568 -13.9118 1.2
    endloop
  endfacet
  facet normal -0.595666 0.803232 0
    outer loop
      vertex -21.1875 -13.4997 1.2
      vertex -21.7432 -13.9118 15.3
      vertex -21.1875 -13.4997 15.3
    endloop
  endfacet
  facet normal -0.595666 0.803232 0
    outer loop
      vertex -21.7432 -13.9118 15.3
      vertex -21.1875 -13.4997 1.2
      vertex -21.7432 -13.9118 1.2
    endloop
  endfacet
  facet normal 0.740966 -0.671542 0
    outer loop
      vertex -39.7897 -3.57754 15.3
      vertex -39.3251 -3.06491 1.2
      vertex -39.3251 -3.06491 15.3
    endloop
  endfacet
  facet normal 0.740966 -0.671542 0
    outer loop
      vertex -39.3251 -3.06491 1.2
      vertex -39.7897 -3.57754 15.3
      vertex -39.7897 -3.57754 1.2
    endloop
  endfacet
  facet normal 0.671588 -0.740925 0
    outer loop
      vertex -39.3251 -3.06491 1.2
      vertex -38.8125 -2.60028 15.3
      vertex -39.3251 -3.06491 15.3
    endloop
  endfacet
  facet normal 0.671588 -0.740925 0
    outer loop
      vertex -38.8125 -2.60028 15.3
      vertex -39.3251 -3.06491 1.2
      vertex -38.8125 -2.60028 1.2
    endloop
  endfacet
  facet normal 0.941532 0.336922 0
    outer loop
      vertex -40.8533 -10.7479 15.3
      vertex -41.0864 -10.0965 1.2
      vertex -41.0864 -10.0965 15.3
    endloop
  endfacet
  facet normal 0.941532 0.336922 0
    outer loop
      vertex -41.0864 -10.0965 1.2
      vertex -40.8533 -10.7479 15.3
      vertex -40.8533 -10.7479 1.2
    endloop
  endfacet
  facet normal -0.671588 -0.740925 0
    outer loop
      vertex -21.1875 -2.60028 1.2
      vertex -20.6749 -3.06491 15.3
      vertex -21.1875 -2.60028 15.3
    endloop
  endfacet
  facet normal -0.671588 -0.740925 -0
    outer loop
      vertex -20.6749 -3.06491 15.3
      vertex -21.1875 -2.60028 1.2
      vertex -20.6749 -3.06491 1.2
    endloop
  endfacet
  facet normal -0.970033 -0.242974 0
    outer loop
      vertex -18.7455 -6.67462 1.2
      vertex -18.9136 -6.00351 15.3
      vertex -18.9136 -6.00351 1.2
    endloop
  endfacet
  facet normal -0.970033 -0.242974 0
    outer loop
      vertex -18.9136 -6.00351 15.3
      vertex -18.7455 -6.67462 1.2
      vertex -18.7455 -6.67462 15.3
    endloop
  endfacet
  facet normal -0.90399 -0.427553 0
    outer loop
      vertex -19.1467 -5.35209 1.2
      vertex -19.4425 -4.72667 15.3
      vertex -19.4425 -4.72667 1.2
    endloop
  endfacet
  facet normal -0.90399 -0.427553 0
    outer loop
      vertex -19.4425 -4.72667 15.3
      vertex -19.1467 -5.35209 1.2
      vertex -19.1467 -5.35209 15.3
    endloop
  endfacet
  facet normal -0.803163 -0.59576 0
    outer loop
      vertex -19.7981 -4.13324 1.2
      vertex -20.2103 -3.57754 15.3
      vertex -20.2103 -3.57754 1.2
    endloop
  endfacet
  facet normal -0.803163 -0.59576 0
    outer loop
      vertex -20.2103 -3.57754 15.3
      vertex -19.7981 -4.13324 1.2
      vertex -19.7981 -4.13324 15.3
    endloop
  endfacet
  facet normal 0.98918 0.146707 0
    outer loop
      vertex -41.2545 -9.42538 15.3
      vertex -41.356 -8.74101 1.2
      vertex -41.356 -8.74101 15.3
    endloop
  endfacet
  facet normal 0.98918 0.146707 0
    outer loop
      vertex -41.356 -8.74101 1.2
      vertex -41.2545 -9.42538 15.3
      vertex -41.2545 -9.42538 1.2
    endloop
  endfacet
  facet normal -0.427553 -0.903991 0
    outer loop
      vertex -22.9621 -1.53666 1.2
      vertex -22.3367 -1.83245 15.3
      vertex -22.9621 -1.53666 15.3
    endloop
  endfacet
  facet normal -0.427553 -0.903991 -0
    outer loop
      vertex -22.3367 -1.83245 15.3
      vertex -22.9621 -1.53666 1.2
      vertex -22.3367 -1.83245 1.2
    endloop
  endfacet
  facet normal 0.970034 0.242971 0
    outer loop
      vertex -41.0864 -10.0965 15.3
      vertex -41.2545 -9.42538 1.2
      vertex -41.2545 -9.42538 15.3
    endloop
  endfacet
  facet normal 0.970034 0.242971 0
    outer loop
      vertex -41.2545 -9.42538 1.2
      vertex -41.0864 -10.0965 15.3
      vertex -41.0864 -10.0965 1.2
    endloop
  endfacet
  facet normal -0.998792 0.0491439 0
    outer loop
      vertex -18.644 -8.74101 1.2
      vertex -18.61 -8.05 15.3
      vertex -18.61 -8.05 1.2
    endloop
  endfacet
  facet normal -0.998792 0.0491439 0
    outer loop
      vertex -18.61 -8.05 15.3
      vertex -18.644 -8.74101 1.2
      vertex -18.644 -8.74101 15.3
    endloop
  endfacet
  facet normal -0.336884 -0.941546 0
    outer loop
      vertex -23.6135 -1.30359 1.2
      vertex -22.9621 -1.53666 15.3
      vertex -23.6135 -1.30359 15.3
    endloop
  endfacet
  facet normal -0.336884 -0.941546 -0
    outer loop
      vertex -22.9621 -1.53666 15.3
      vertex -23.6135 -1.30359 1.2
      vertex -22.9621 -1.53666 1.2
    endloop
  endfacet
  facet normal -0.803163 0.59576 0
    outer loop
      vertex -20.2103 -12.5225 1.2
      vertex -19.7981 -11.9668 15.3
      vertex -19.7981 -11.9668 1.2
    endloop
  endfacet
  facet normal -0.803163 0.59576 0
    outer loop
      vertex -19.7981 -11.9668 15.3
      vertex -20.2103 -12.5225 1.2
      vertex -20.2103 -12.5225 15.3
    endloop
  endfacet
  facet normal -0.941532 0.336922 0
    outer loop
      vertex -19.1467 -10.7479 1.2
      vertex -18.9136 -10.0965 15.3
      vertex -18.9136 -10.0965 1.2
    endloop
  endfacet
  facet normal -0.941532 0.336922 0
    outer loop
      vertex -18.9136 -10.0965 15.3
      vertex -19.1467 -10.7479 1.2
      vertex -19.1467 -10.7479 15.3
    endloop
  endfacet
  facet normal -0.903985 0.427564 0
    outer loop
      vertex -19.4425 -11.3733 1.2
      vertex -19.1467 -10.7479 15.3
      vertex -19.1467 -10.7479 1.2
    endloop
  endfacet
  facet normal -0.903985 0.427564 0
    outer loop
      vertex -19.1467 -10.7479 15.3
      vertex -19.4425 -11.3733 1.2
      vertex -19.4425 -11.3733 15.3
    endloop
  endfacet
  facet normal 0 0 1
    outer loop
      vertex -18.644 -7.35899 1.2
      vertex -18.644 -8.74101 1.2
      vertex -18.61 -8.05 1.2
    endloop
  endfacet
  facet normal 0 0 1
    outer loop
      vertex -18.7455 -6.67462 1.2
      vertex -18.644 -8.74101 1.2
      vertex -18.644 -7.35899 1.2
    endloop
  endfacet
  facet normal 0 0 1
    outer loop
      vertex -18.7455 -6.67462 1.2
      vertex -18.7455 -9.42538 1.2
      vertex -18.644 -8.74101 1.2
    endloop
  endfacet
  facet normal 0 0 1
    outer loop
      vertex -18.9136 -6.00351 1.2
      vertex -18.7455 -9.42538 1.2
      vertex -18.7455 -6.67462 1.2
    endloop
  endfacet
  facet normal 0 0 1
    outer loop
      vertex -18.9136 -6.00351 1.2
      vertex -18.9136 -10.0965 1.2
      vertex -18.7455 -9.42538 1.2
    endloop
  endfacet
  facet normal 0 0 1
    outer loop
      vertex -19.1467 -5.35209 1.2
      vertex -18.9136 -10.0965 1.2
      vertex -18.9136 -6.00351 1.2
    endloop
  endfacet
  facet normal 0 0 1
    outer loop
      vertex -19.1467 -5.35209 1.2
      vertex -19.1467 -10.7479 1.2
      vertex -18.9136 -10.0965 1.2
    endloop
  endfacet
  facet normal 0 0 1
    outer loop
      vertex -19.4425 -4.72667 1.2
      vertex -19.1467 -10.7479 1.2
      vertex -19.1467 -5.35209 1.2
    endloop
  endfacet
  facet normal 0 0 1
    outer loop
      vertex -19.4425 -4.72667 1.2
      vertex -19.4425 -11.3733 1.2
      vertex -19.1467 -10.7479 1.2
    endloop
  endfacet
  facet normal 0 0 1
    outer loop
      vertex -19.7981 -4.13324 1.2
      vertex -19.4425 -11.3733 1.2
      vertex -19.4425 -4.72667 1.2
    endloop
  endfacet
  facet normal 0 0 1
    outer loop
      vertex -19.7981 -4.13324 1.2
      vertex -19.7981 -11.9668 1.2
      vertex -19.4425 -11.3733 1.2
    endloop
  endfacet
  facet normal 0 0 1
    outer loop
      vertex -20.2103 -3.57754 1.2
      vertex -19.7981 -11.9668 1.2
      vertex -19.7981 -4.13324 1.2
    endloop
  endfacet
  facet normal 0 0 1
    outer loop
      vertex -20.2103 -3.57754 1.2
      vertex -20.2103 -12.5225 1.2
      vertex -19.7981 -11.9668 1.2
    endloop
  endfacet
  facet normal 0 0 1
    outer loop
      vertex -20.6749 -3.06491 1.2
      vertex -20.2103 -12.5225 1.2
      vertex -20.2103 -3.57754 1.2
    endloop
  endfacet
  facet normal 0 0 1
    outer loop
      vertex -20.6749 -3.06491 1.2
      vertex -20.6749 -13.0351 1.2
      vertex -20.2103 -12.5225 1.2
    endloop
  endfacet
  facet normal 0 0 1
    outer loop
      vertex -21.1875 -2.60028 1.2
      vertex -20.6749 -13.0351 1.2
      vertex -20.6749 -3.06491 1.2
    endloop
  endfacet
  facet normal 0 0 1
    outer loop
      vertex -21.1875 -2.60028 1.2
      vertex -21.1875 -13.4997 1.2
      vertex -20.6749 -13.0351 1.2
    endloop
  endfacet
  facet normal 0 0 1
    outer loop
      vertex -21.7432 -2.18815 1.2
      vertex -21.1875 -13.4997 1.2
      vertex -21.1875 -2.60028 1.2
    endloop
  endfacet
  facet normal 0 0 1
    outer loop
      vertex -21.7432 -2.18815 1.2
      vertex -21.7432 -13.9118 1.2
      vertex -21.1875 -13.4997 1.2
    endloop
  endfacet
  facet normal 0 0 1
    outer loop
      vertex -22.3367 -1.83245 1.2
      vertex -21.7432 -13.9118 1.2
      vertex -21.7432 -2.18815 1.2
    endloop
  endfacet
  facet normal 0 0 1
    outer loop
      vertex -22.3367 -1.83245 1.2
      vertex -22.3367 -14.2675 1.2
      vertex -21.7432 -13.9118 1.2
    endloop
  endfacet
  facet normal 0 0 1
    outer loop
      vertex -22.9621 -1.53666 1.2
      vertex -22.3367 -14.2675 1.2
      vertex -22.3367 -1.83245 1.2
    endloop
  endfacet
  facet normal 0 0 1
    outer loop
      vertex -22.9621 -1.53666 1.2
      vertex -22.9621 -14.5633 1.2
      vertex -22.3367 -14.2675 1.2
    endloop
  endfacet
  facet normal 0 0 1
    outer loop
      vertex -23.6135 -1.30359 1.2
      vertex -22.9621 -14.5633 1.2
      vertex -22.9621 -1.53666 1.2
    endloop
  endfacet
  facet normal 0 0 1
    outer loop
      vertex -23.6135 -1.30359 1.2
      vertex -23.6135 -14.7964 1.2
      vertex -22.9621 -14.5633 1.2
    endloop
  endfacet
  facet normal 0 0 1
    outer loop
      vertex -24.2846 -1.13546 1.2
      vertex -23.6135 -14.7964 1.2
      vertex -23.6135 -1.30359 1.2
    endloop
  endfacet
  facet normal 0 0 1
    outer loop
      vertex -24.2846 -1.13546 1.2
      vertex -24.2846 -14.9645 1.2
      vertex -23.6135 -14.7964 1.2
    endloop
  endfacet
  facet normal 0 0 1
    outer loop
      vertex -24.969 -1.03395 1.2
      vertex -24.2846 -14.9645 1.2
      vertex -24.2846 -1.13546 1.2
    endloop
  endfacet
  facet normal 0 0 1
    outer loop
      vertex -24.969 -1.03395 1.2
      vertex -24.969 -15.0661 1.2
      vertex -24.2846 -14.9645 1.2
    endloop
  endfacet
  facet normal 0 0 1
    outer loop
      vertex -25.66 -1.00001 1.2
      vertex -24.969 -15.0661 1.2
      vertex -24.969 -1.03395 1.2
    endloop
  endfacet
  facet normal 0 0 1
    outer loop
      vertex -25.66 -1.00001 1.2
      vertex -25.66 -15.1 1.2
      vertex -24.969 -15.0661 1.2
    endloop
  endfacet
  facet normal -0 0 1
    outer loop
      vertex -34.34 -1.00001 1.2
      vertex -25.66 -15.1 1.2
      vertex -25.66 -1.00001 1.2
    endloop
  endfacet
  facet normal 0 0 1
    outer loop
      vertex -34.34 -1.00001 1.2
      vertex -34.34 -15.1 1.2
      vertex -25.66 -15.1 1.2
    endloop
  endfacet
  facet normal -0 0 1
    outer loop
      vertex -35.031 -1.03395 1.2
      vertex -34.34 -15.1 1.2
      vertex -34.34 -1.00001 1.2
    endloop
  endfacet
  facet normal 0 0 1
    outer loop
      vertex -35.031 -1.03395 1.2
      vertex -35.031 -15.0661 1.2
      vertex -34.34 -15.1 1.2
    endloop
  endfacet
  facet normal -0 0 1
    outer loop
      vertex -35.7154 -1.13546 1.2
      vertex -35.031 -15.0661 1.2
      vertex -35.031 -1.03395 1.2
    endloop
  endfacet
  facet normal 0 0 1
    outer loop
      vertex -35.7154 -1.13546 1.2
      vertex -35.7154 -14.9645 1.2
      vertex -35.031 -15.0661 1.2
    endloop
  endfacet
  facet normal -0 0 1
    outer loop
      vertex -36.3865 -1.30359 1.2
      vertex -35.7154 -14.9645 1.2
      vertex -35.7154 -1.13546 1.2
    endloop
  endfacet
  facet normal 0 0 1
    outer loop
      vertex -36.3865 -1.30359 1.2
      vertex -36.3865 -14.7964 1.2
      vertex -35.7154 -14.9645 1.2
    endloop
  endfacet
  facet normal -0 0 1
    outer loop
      vertex -37.0379 -1.53666 1.2
      vertex -36.3865 -14.7964 1.2
      vertex -36.3865 -1.30359 1.2
    endloop
  endfacet
  facet normal 0 0 1
    outer loop
      vertex -37.0379 -1.53666 1.2
      vertex -37.0379 -14.5633 1.2
      vertex -36.3865 -14.7964 1.2
    endloop
  endfacet
  facet normal -0 0 1
    outer loop
      vertex -37.6633 -1.83245 1.2
      vertex -37.0379 -14.5633 1.2
      vertex -37.0379 -1.53666 1.2
    endloop
  endfacet
  facet normal 0 0 1
    outer loop
      vertex -37.6633 -1.83245 1.2
      vertex -37.6633 -14.2675 1.2
      vertex -37.0379 -14.5633 1.2
    endloop
  endfacet
  facet normal -0 0 1
    outer loop
      vertex -38.2568 -2.18815 1.2
      vertex -37.6633 -14.2675 1.2
      vertex -37.6633 -1.83245 1.2
    endloop
  endfacet
  facet normal 0 0 1
    outer loop
      vertex -38.2568 -2.18815 1.2
      vertex -38.2568 -13.9118 1.2
      vertex -37.6633 -14.2675 1.2
    endloop
  endfacet
  facet normal -0 0 1
    outer loop
      vertex -38.8125 -2.60028 1.2
      vertex -38.2568 -13.9118 1.2
      vertex -38.2568 -2.18815 1.2
    endloop
  endfacet
  facet normal 0 0 1
    outer loop
      vertex -38.8125 -2.60028 1.2
      vertex -38.8125 -13.4997 1.2
      vertex -38.2568 -13.9118 1.2
    endloop
  endfacet
  facet normal -0 0 1
    outer loop
      vertex -39.3251 -3.06491 1.2
      vertex -38.8125 -13.4997 1.2
      vertex -38.8125 -2.60028 1.2
    endloop
  endfacet
  facet normal 0 0 1
    outer loop
      vertex -39.3251 -3.06491 1.2
      vertex -39.3251 -13.0351 1.2
      vertex -38.8125 -13.4997 1.2
    endloop
  endfacet
  facet normal -0 0 1
    outer loop
      vertex -39.7897 -3.57754 1.2
      vertex -39.3251 -13.0351 1.2
      vertex -39.3251 -3.06491 1.2
    endloop
  endfacet
  facet normal 0 0 1
    outer loop
      vertex -39.7897 -3.57754 1.2
      vertex -39.7897 -12.5225 1.2
      vertex -39.3251 -13.0351 1.2
    endloop
  endfacet
  facet normal -0 0 1
    outer loop
      vertex -40.2019 -4.13324 1.2
      vertex -39.7897 -12.5225 1.2
      vertex -39.7897 -3.57754 1.2
    endloop
  endfacet
  facet normal 0 0 1
    outer loop
      vertex -40.2019 -4.13324 1.2
      vertex -40.2019 -11.9668 1.2
      vertex -39.7897 -12.5225 1.2
    endloop
  endfacet
  facet normal -0 0 1
    outer loop
      vertex -40.5575 -4.72667 1.2
      vertex -40.2019 -11.9668 1.2
      vertex -40.2019 -4.13324 1.2
    endloop
  endfacet
  facet normal 0 0 1
    outer loop
      vertex -40.5575 -4.72667 1.2
      vertex -40.5575 -11.3733 1.2
      vertex -40.2019 -11.9668 1.2
    endloop
  endfacet
  facet normal -0 0 1
    outer loop
      vertex -40.8533 -5.35209 1.2
      vertex -40.5575 -11.3733 1.2
      vertex -40.5575 -4.72667 1.2
    endloop
  endfacet
  facet normal 0 0 1
    outer loop
      vertex -40.8533 -5.35209 1.2
      vertex -40.8533 -10.7479 1.2
      vertex -40.5575 -11.3733 1.2
    endloop
  endfacet
  facet normal -0 0 1
    outer loop
      vertex -41.0864 -6.00351 1.2
      vertex -40.8533 -10.7479 1.2
      vertex -40.8533 -5.35209 1.2
    endloop
  endfacet
  facet normal 0 0 1
    outer loop
      vertex -41.0864 -6.00351 1.2
      vertex -41.0864 -10.0965 1.2
      vertex -40.8533 -10.7479 1.2
    endloop
  endfacet
  facet normal -0 0 1
    outer loop
      vertex -41.2545 -6.67462 1.2
      vertex -41.0864 -10.0965 1.2
      vertex -41.0864 -6.00351 1.2
    endloop
  endfacet
  facet normal 0 0 1
    outer loop
      vertex -41.2545 -6.67462 1.2
      vertex -41.2545 -9.42538 1.2
      vertex -41.0864 -10.0965 1.2
    endloop
  endfacet
  facet normal -0 0 1
    outer loop
      vertex -41.356 -7.35899 1.2
      vertex -41.2545 -9.42538 1.2
      vertex -41.2545 -6.67462 1.2
    endloop
  endfacet
  facet normal 0 0 1
    outer loop
      vertex -41.356 -7.35899 1.2
      vertex -41.356 -8.74101 1.2
      vertex -41.2545 -9.42538 1.2
    endloop
  endfacet
  facet normal 0 -0 1
    outer loop
      vertex -41.356 -8.74101 1.2
      vertex -41.356 -7.35899 1.2
      vertex -41.39 -8.05 1.2
    endloop
  endfacet
  facet normal -0.336922 0.941532 0
    outer loop
      vertex -22.9621 -14.5633 1.2
      vertex -23.6135 -14.7964 15.3
      vertex -22.9621 -14.5633 15.3
    endloop
  endfacet
  facet normal -0.336922 0.941532 0
    outer loop
      vertex -23.6135 -14.7964 15.3
      vertex -22.9621 -14.5633 1.2
      vertex -23.6135 -14.7964 1.2
    endloop
  endfacet
  facet normal -0.989212 -0.146493 0
    outer loop
      vertex -44.2977 8.20683 2.59
      vertex -44.3207 8.36214 15.3
      vertex -44.3207 8.36214 2.59
    endloop
  endfacet
  facet normal -0.989212 -0.146493 0
    outer loop
      vertex -44.3207 8.36214 15.3
      vertex -44.2977 8.20683 2.59
      vertex -44.2977 8.20683 15.3
    endloop
  endfacet
  facet normal -0.998797 -0.0490387 0
    outer loop
      vertex -44.29 8.05 2.59
      vertex -44.2977 8.20683 15.3
      vertex -44.2977 8.20683 2.59
    endloop
  endfacet
  facet normal -0.998797 -0.0490387 0
    outer loop
      vertex -44.2977 8.20683 15.3
      vertex -44.29 8.05 2.59
      vertex -44.29 8.05 15.3
    endloop
  endfacet
  facet normal -0.969959 -0.24327 0
    outer loop
      vertex -44.3207 8.36214 2.59
      vertex -44.3589 8.51445 15.3
      vertex -44.3589 8.51445 2.59
    endloop
  endfacet
  facet normal -0.969959 -0.24327 0
    outer loop
      vertex -44.3589 8.51445 15.3
      vertex -44.3207 8.36214 2.59
      vertex -44.3207 8.36214 15.3
    endloop
  endfacet
  facet normal -0.427692 -0.903925 0
    outer loop
      vertex -45.2777 9.52821 2.59
      vertex -45.1358 9.46107 15.3
      vertex -45.2777 9.52821 15.3
    endloop
  endfacet
  facet normal -0.427692 -0.903925 -0
    outer loop
      vertex -45.1358 9.46107 15.3
      vertex -45.2777 9.52821 2.59
      vertex -45.1358 9.46107 2.59
    endloop
  endfacet
  facet normal 0.242895 0.970053 -0
    outer loop
      vertex -46.2021 6.48074 2.59
      vertex -46.3545 6.5189 15.3
      vertex -46.2021 6.48074 15.3
    endloop
  endfacet
  facet normal 0.242895 0.970053 0
    outer loop
      vertex -46.3545 6.5189 15.3
      vertex -46.2021 6.48074 2.59
      vertex -46.3545 6.5189 2.59
    endloop
  endfacet
  facet normal 0.857796 0.51399 0
    outer loop
      vertex -47.2204 7.16109 15.3
      vertex -47.3011 7.29577 2.59
      vertex -47.3011 7.29577 15.3
    endloop
  endfacet
  facet normal 0.857796 0.51399 0
    outer loop
      vertex -47.3011 7.29577 2.59
      vertex -47.2204 7.16109 15.3
      vertex -47.2204 7.16109 2.59
    endloop
  endfacet
  facet normal -0.146689 0.989183 0
    outer loop
      vertex -45.5779 6.48074 2.59
      vertex -45.7332 6.45771 15.3
      vertex -45.5779 6.48074 15.3
    endloop
  endfacet
  facet normal -0.146689 0.989183 0
    outer loop
      vertex -45.7332 6.45771 15.3
      vertex -45.5779 6.48074 2.59
      vertex -45.7332 6.45771 2.59
    endloop
  endfacet
  facet normal -0.741092 -0.671404 0
    outer loop
      vertex -44.6532 9.06503 2.59
      vertex -44.7586 9.18137 15.3
      vertex -44.7586 9.18137 2.59
    endloop
  endfacet
  facet normal -0.741092 -0.671404 0
    outer loop
      vertex -44.7586 9.18137 15.3
      vertex -44.6532 9.06503 2.59
      vertex -44.6532 9.06503 15.3
    endloop
  endfacet
  facet normal 0.514027 -0.857774 0
    outer loop
      vertex -46.7789 9.38035 2.59
      vertex -46.6442 9.46107 15.3
      vertex -46.7789 9.38035 15.3
    endloop
  endfacet
  facet normal 0.514027 -0.857774 0
    outer loop
      vertex -46.6442 9.46107 15.3
      vertex -46.7789 9.38035 2.59
      vertex -46.6442 9.46107 2.59
    endloop
  endfacet
  facet normal -0.741092 0.671404 0
    outer loop
      vertex -44.7586 6.91863 2.59
      vertex -44.6532 7.03497 15.3
      vertex -44.6532 7.03497 2.59
    endloop
  endfacet
  facet normal -0.741092 0.671404 0
    outer loop
      vertex -44.6532 7.03497 15.3
      vertex -44.7586 6.91863 2.59
      vertex -44.7586 6.91863 15.3
    endloop
  endfacet
  facet normal -0.514027 0.857774 0
    outer loop
      vertex -45.0011 6.71965 2.59
      vertex -45.1358 6.63893 15.3
      vertex -45.0011 6.71965 15.3
    endloop
  endfacet
  facet normal -0.514027 0.857774 0
    outer loop
      vertex -45.1358 6.63893 15.3
      vertex -45.0011 6.71965 2.59
      vertex -45.1358 6.63893 2.59
    endloop
  endfacet
  facet normal -0.242895 -0.970053 0
    outer loop
      vertex -45.5779 9.61926 2.59
      vertex -45.4255 9.5811 15.3
      vertex -45.5779 9.61926 15.3
    endloop
  endfacet
  facet normal -0.242895 -0.970053 -0
    outer loop
      vertex -45.4255 9.5811 15.3
      vertex -45.5779 9.61926 2.59
      vertex -45.4255 9.5811 2.59
    endloop
  endfacet
  facet normal 0.989212 -0.146493 0
    outer loop
      vertex -47.4823 8.20683 15.3
      vertex -47.4593 8.36214 2.59
      vertex -47.4593 8.36214 15.3
    endloop
  endfacet
  facet normal 0.989212 -0.146493 0
    outer loop
      vertex -47.4593 8.36214 2.59
      vertex -47.4823 8.20683 15.3
      vertex -47.4823 8.20683 2.59
    endloop
  endfacet
  facet normal -0.857515 -0.514458 0
    outer loop
      vertex -44.4789 8.80423 2.59
      vertex -44.5597 8.93891 15.3
      vertex -44.5597 8.93891 2.59
    endloop
  endfacet
  facet normal -0.857515 -0.514458 0
    outer loop
      vertex -44.5597 8.93891 15.3
      vertex -44.4789 8.80423 2.59
      vertex -44.4789 8.80423 15.3
    endloop
  endfacet
  facet normal -0.969959 0.24327 0
    outer loop
      vertex -44.3589 7.58555 2.59
      vertex -44.3207 7.73786 15.3
      vertex -44.3207 7.73786 2.59
    endloop
  endfacet
  facet normal -0.969959 0.24327 0
    outer loop
      vertex -44.3207 7.73786 15.3
      vertex -44.3589 7.58555 2.59
      vertex -44.3589 7.58555 15.3
    endloop
  endfacet
  facet normal 0.146689 0.989183 -0
    outer loop
      vertex -46.0468 6.45771 2.59
      vertex -46.2021 6.48074 15.3
      vertex -46.0468 6.45771 15.3
    endloop
  endfacet
  facet normal 0.146689 0.989183 0
    outer loop
      vertex -46.2021 6.48074 15.3
      vertex -46.0468 6.45771 2.59
      vertex -46.2021 6.48074 2.59
    endloop
  endfacet
  facet normal 0.998797 0.0490387 0
    outer loop
      vertex -47.4823 7.89317 15.3
      vertex -47.49 8.05 2.59
      vertex -47.49 8.05 15.3
    endloop
  endfacet
  facet normal 0.998797 0.0490387 0
    outer loop
      vertex -47.49 8.05 2.59
      vertex -47.4823 7.89317 15.3
      vertex -47.4823 7.89317 2.59
    endloop
  endfacet
  facet normal -0.146689 -0.989183 0
    outer loop
      vertex -45.7332 9.64229 2.59
      vertex -45.5779 9.61926 15.3
      vertex -45.7332 9.64229 15.3
    endloop
  endfacet
  facet normal -0.146689 -0.989183 -0
    outer loop
      vertex -45.5779 9.61926 15.3
      vertex -45.7332 9.64229 2.59
      vertex -45.5779 9.61926 2.59
    endloop
  endfacet
  facet normal -0.94154 -0.336901 0
    outer loop
      vertex -44.3589 8.51445 2.59
      vertex -44.4118 8.66229 15.3
      vertex -44.4118 8.66229 2.59
    endloop
  endfacet
  facet normal -0.94154 -0.336901 0
    outer loop
      vertex -44.4118 8.66229 15.3
      vertex -44.3589 8.51445 2.59
      vertex -44.3589 8.51445 15.3
    endloop
  endfacet
  facet normal -0.671388 -0.741106 0
    outer loop
      vertex -44.875 9.28682 2.59
      vertex -44.7586 9.18137 15.3
      vertex -44.875 9.28682 15.3
    endloop
  endfacet
  facet normal -0.671388 -0.741106 -0
    outer loop
      vertex -44.7586 9.18137 15.3
      vertex -44.875 9.28682 2.59
      vertex -44.7586 9.18137 2.59
    endloop
  endfacet
  facet normal 0.741092 -0.671404 0
    outer loop
      vertex -47.1268 9.06503 15.3
      vertex -47.0214 9.18137 2.59
      vertex -47.0214 9.18137 15.3
    endloop
  endfacet
  facet normal 0.741092 -0.671404 0
    outer loop
      vertex -47.0214 9.18137 2.59
      vertex -47.1268 9.06503 15.3
      vertex -47.1268 9.06503 2.59
    endloop
  endfacet
  facet normal 0.969959 0.24327 0
    outer loop
      vertex -47.4211 7.58555 15.3
      vertex -47.4593 7.73786 2.59
      vertex -47.4593 7.73786 15.3
    endloop
  endfacet
  facet normal 0.969959 0.24327 0
    outer loop
      vertex -47.4593 7.73786 2.59
      vertex -47.4211 7.58555 15.3
      vertex -47.4211 7.58555 2.59
    endloop
  endfacet
  facet normal 0.336926 -0.941531 0
    outer loop
      vertex -46.5023 9.52821 2.59
      vertex -46.3545 9.5811 15.3
      vertex -46.5023 9.52821 15.3
    endloop
  endfacet
  facet normal 0.336926 -0.941531 0
    outer loop
      vertex -46.3545 9.5811 15.3
      vertex -46.5023 9.52821 2.59
      vertex -46.3545 9.5811 2.59
    endloop
  endfacet
  facet normal 0.94154 0.336901 0
    outer loop
      vertex -47.3682 7.43771 15.3
      vertex -47.4211 7.58555 2.59
      vertex -47.4211 7.58555 15.3
    endloop
  endfacet
  facet normal 0.94154 0.336901 0
    outer loop
      vertex -47.4211 7.58555 2.59
      vertex -47.3682 7.43771 15.3
      vertex -47.3682 7.43771 2.59
    endloop
  endfacet
  facet normal -0.336926 -0.941531 0
    outer loop
      vertex -45.4255 9.5811 2.59
      vertex -45.2777 9.52821 15.3
      vertex -45.4255 9.5811 15.3
    endloop
  endfacet
  facet normal -0.336926 -0.941531 -0
    outer loop
      vertex -45.2777 9.52821 15.3
      vertex -45.4255 9.5811 2.59
      vertex -45.2777 9.52821 2.59
    endloop
  endfacet
  facet normal 0.803015 -0.595958 0
    outer loop
      vertex -47.2204 8.93891 15.3
      vertex -47.1268 9.06503 2.59
      vertex -47.1268 9.06503 15.3
    endloop
  endfacet
  facet normal 0.803015 -0.595958 0
    outer loop
      vertex -47.1268 9.06503 2.59
      vertex -47.2204 8.93891 15.3
      vertex -47.2204 8.93891 2.59
    endloop
  endfacet
  facet normal -0.80332 -0.595547 0
    outer loop
      vertex -44.5597 8.93891 2.59
      vertex -44.6532 9.06503 15.3
      vertex -44.6532 9.06503 2.59
    endloop
  endfacet
  facet normal -0.80332 -0.595547 0
    outer loop
      vertex -44.6532 9.06503 15.3
      vertex -44.5597 8.93891 2.59
      vertex -44.5597 8.93891 15.3
    endloop
  endfacet
  facet normal 0.969959 -0.24327 0
    outer loop
      vertex -47.4593 8.36214 15.3
      vertex -47.4211 8.51445 2.59
      vertex -47.4211 8.51445 15.3
    endloop
  endfacet
  facet normal 0.969959 -0.24327 0
    outer loop
      vertex -47.4211 8.51445 2.59
      vertex -47.4593 8.36214 15.3
      vertex -47.4593 8.36214 2.59
    endloop
  endfacet
  facet normal 0.671388 -0.741106 0
    outer loop
      vertex -47.0214 9.18137 2.59
      vertex -46.905 9.28682 15.3
      vertex -47.0214 9.18137 15.3
    endloop
  endfacet
  facet normal 0.671388 -0.741106 0
    outer loop
      vertex -46.905 9.28682 15.3
      vertex -47.0214 9.18137 2.59
      vertex -46.905 9.28682 2.59
    endloop
  endfacet
  facet normal -0.427692 0.903925 0
    outer loop
      vertex -45.1358 6.63893 2.59
      vertex -45.2777 6.57179 15.3
      vertex -45.1358 6.63893 15.3
    endloop
  endfacet
  facet normal -0.427692 0.903925 0
    outer loop
      vertex -45.2777 6.57179 15.3
      vertex -45.1358 6.63893 2.59
      vertex -45.2777 6.57179 2.59
    endloop
  endfacet
  facet normal 0.242895 -0.970053 0
    outer loop
      vertex -46.3545 9.5811 2.59
      vertex -46.2021 9.61926 15.3
      vertex -46.3545 9.5811 15.3
    endloop
  endfacet
  facet normal 0.242895 -0.970053 0
    outer loop
      vertex -46.2021 9.61926 15.3
      vertex -46.3545 9.5811 2.59
      vertex -46.2021 9.61926 2.59
    endloop
  endfacet
  facet normal 0.94154 -0.336901 0
    outer loop
      vertex -47.4211 8.51445 15.3
      vertex -47.3682 8.66229 2.59
      vertex -47.3682 8.66229 15.3
    endloop
  endfacet
  facet normal 0.94154 -0.336901 0
    outer loop
      vertex -47.3682 8.66229 2.59
      vertex -47.4211 8.51445 15.3
      vertex -47.4211 8.51445 2.59
    endloop
  endfacet
  facet normal -0.514027 -0.857774 0
    outer loop
      vertex -45.1358 9.46107 2.59
      vertex -45.0011 9.38035 15.3
      vertex -45.1358 9.46107 15.3
    endloop
  endfacet
  facet normal -0.514027 -0.857774 -0
    outer loop
      vertex -45.0011 9.38035 15.3
      vertex -45.1358 9.46107 2.59
      vertex -45.0011 9.38035 2.59
    endloop
  endfacet
  facet normal 0.514027 0.857774 -0
    outer loop
      vertex -46.6442 6.63893 2.59
      vertex -46.7789 6.71965 15.3
      vertex -46.6442 6.63893 15.3
    endloop
  endfacet
  facet normal 0.514027 0.857774 0
    outer loop
      vertex -46.7789 6.71965 15.3
      vertex -46.6442 6.63893 2.59
      vertex -46.7789 6.71965 2.59
    endloop
  endfacet
  facet normal 0.595732 -0.803184 0
    outer loop
      vertex -46.905 9.28682 2.59
      vertex -46.7789 9.38035 15.3
      vertex -46.905 9.28682 15.3
    endloop
  endfacet
  facet normal 0.595732 -0.803184 0
    outer loop
      vertex -46.7789 9.38035 15.3
      vertex -46.905 9.28682 2.59
      vertex -46.7789 9.38035 2.59
    endloop
  endfacet
  facet normal -0.0491116 0.998793 0
    outer loop
      vertex -45.7332 6.45771 2.59
      vertex -45.89 6.45 15.3
      vertex -45.7332 6.45771 15.3
    endloop
  endfacet
  facet normal -0.0491116 0.998793 0
    outer loop
      vertex -45.89 6.45 15.3
      vertex -45.7332 6.45771 2.59
      vertex -45.89 6.45 2.59
    endloop
  endfacet
  facet normal -0.94154 0.336901 0
    outer loop
      vertex -44.4118 7.43771 2.59
      vertex -44.3589 7.58555 15.3
      vertex -44.3589 7.58555 2.59
    endloop
  endfacet
  facet normal -0.94154 0.336901 0
    outer loop
      vertex -44.3589 7.58555 15.3
      vertex -44.4118 7.43771 2.59
      vertex -44.4118 7.43771 15.3
    endloop
  endfacet
  facet normal -0.80332 0.595547 0
    outer loop
      vertex -44.6532 7.03497 2.59
      vertex -44.5597 7.16109 15.3
      vertex -44.5597 7.16109 2.59
    endloop
  endfacet
  facet normal -0.80332 0.595547 0
    outer loop
      vertex -44.5597 7.16109 15.3
      vertex -44.6532 7.03497 2.59
      vertex -44.6532 7.03497 15.3
    endloop
  endfacet
  facet normal -0.989212 0.146493 0
    outer loop
      vertex -44.3207 7.73786 2.59
      vertex -44.2977 7.89317 15.3
      vertex -44.2977 7.89317 2.59
    endloop
  endfacet
  facet normal -0.989212 0.146493 0
    outer loop
      vertex -44.2977 7.89317 15.3
      vertex -44.3207 7.73786 2.59
      vertex -44.3207 7.73786 15.3
    endloop
  endfacet
  facet normal 0.857796 -0.51399 0
    outer loop
      vertex -47.3011 8.80423 15.3
      vertex -47.2204 8.93891 2.59
      vertex -47.2204 8.93891 15.3
    endloop
  endfacet
  facet normal 0.857796 -0.51399 0
    outer loop
      vertex -47.2204 8.93891 2.59
      vertex -47.3011 8.80423 15.3
      vertex -47.3011 8.80423 2.59
    endloop
  endfacet
  facet normal 0.336926 0.941531 -0
    outer loop
      vertex -46.3545 6.5189 2.59
      vertex -46.5023 6.57179 15.3
      vertex -46.3545 6.5189 15.3
    endloop
  endfacet
  facet normal 0.336926 0.941531 0
    outer loop
      vertex -46.5023 6.57179 15.3
      vertex -46.3545 6.5189 2.59
      vertex -46.5023 6.57179 2.59
    endloop
  endfacet
  facet normal -0.90407 -0.427385 0
    outer loop
      vertex -44.4118 8.66229 2.59
      vertex -44.4789 8.80423 15.3
      vertex -44.4789 8.80423 2.59
    endloop
  endfacet
  facet normal -0.90407 -0.427385 0
    outer loop
      vertex -44.4789 8.80423 15.3
      vertex -44.4118 8.66229 2.59
      vertex -44.4118 8.66229 15.3
    endloop
  endfacet
  facet normal 0.427692 -0.903925 0
    outer loop
      vertex -46.6442 9.46107 2.59
      vertex -46.5023 9.52821 15.3
      vertex -46.6442 9.46107 15.3
    endloop
  endfacet
  facet normal 0.427692 -0.903925 0
    outer loop
      vertex -46.5023 9.52821 15.3
      vertex -46.6442 9.46107 2.59
      vertex -46.5023 9.52821 2.59
    endloop
  endfacet
  facet normal -0.595732 0.803184 0
    outer loop
      vertex -44.875 6.81318 2.59
      vertex -45.0011 6.71965 15.3
      vertex -44.875 6.81318 15.3
    endloop
  endfacet
  facet normal -0.595732 0.803184 0
    outer loop
      vertex -45.0011 6.71965 15.3
      vertex -44.875 6.81318 2.59
      vertex -45.0011 6.71965 2.59
    endloop
  endfacet
  facet normal -0.595732 -0.803184 0
    outer loop
      vertex -45.0011 9.38035 2.59
      vertex -44.875 9.28682 15.3
      vertex -45.0011 9.38035 15.3
    endloop
  endfacet
  facet normal -0.595732 -0.803184 -0
    outer loop
      vertex -44.875 9.28682 15.3
      vertex -45.0011 9.38035 2.59
      vertex -44.875 9.28682 2.59
    endloop
  endfacet
  facet normal 0.671388 0.741106 -0
    outer loop
      vertex -46.905 6.81318 2.59
      vertex -47.0214 6.91863 15.3
      vertex -46.905 6.81318 15.3
    endloop
  endfacet
  facet normal 0.671388 0.741106 0
    outer loop
      vertex -47.0214 6.91863 15.3
      vertex -46.905 6.81318 2.59
      vertex -47.0214 6.91863 2.59
    endloop
  endfacet
  facet normal -0.998797 0.0490387 0
    outer loop
      vertex -44.2977 7.89317 2.59
      vertex -44.29 8.05 15.3
      vertex -44.29 8.05 2.59
    endloop
  endfacet
  facet normal -0.998797 0.0490387 0
    outer loop
      vertex -44.29 8.05 15.3
      vertex -44.2977 7.89317 2.59
      vertex -44.2977 7.89317 15.3
    endloop
  endfacet
  facet normal 0.803015 0.595958 0
    outer loop
      vertex -47.1268 7.03497 15.3
      vertex -47.2204 7.16109 2.59
      vertex -47.2204 7.16109 15.3
    endloop
  endfacet
  facet normal 0.803015 0.595958 0
    outer loop
      vertex -47.2204 7.16109 2.59
      vertex -47.1268 7.03497 15.3
      vertex -47.1268 7.03497 2.59
    endloop
  endfacet
  facet normal 0.90407 0.427385 0
    outer loop
      vertex -47.3011 7.29577 15.3
      vertex -47.3682 7.43771 2.59
      vertex -47.3682 7.43771 15.3
    endloop
  endfacet
  facet normal 0.90407 0.427385 0
    outer loop
      vertex -47.3682 7.43771 2.59
      vertex -47.3011 7.29577 15.3
      vertex -47.3011 7.29577 2.59
    endloop
  endfacet
  facet normal -0.0491116 -0.998793 0
    outer loop
      vertex -45.89 9.65 2.59
      vertex -45.7332 9.64229 15.3
      vertex -45.89 9.65 15.3
    endloop
  endfacet
  facet normal -0.0491116 -0.998793 -0
    outer loop
      vertex -45.7332 9.64229 15.3
      vertex -45.89 9.65 2.59
      vertex -45.7332 9.64229 2.59
    endloop
  endfacet
  facet normal 0.0491116 -0.998793 0
    outer loop
      vertex -46.0468 9.64229 2.59
      vertex -45.89 9.65 15.3
      vertex -46.0468 9.64229 15.3
    endloop
  endfacet
  facet normal 0.0491116 -0.998793 0
    outer loop
      vertex -45.89 9.65 15.3
      vertex -46.0468 9.64229 2.59
      vertex -45.89 9.65 2.59
    endloop
  endfacet
  facet normal 0.427692 0.903925 -0
    outer loop
      vertex -46.5023 6.57179 2.59
      vertex -46.6442 6.63893 15.3
      vertex -46.5023 6.57179 15.3
    endloop
  endfacet
  facet normal 0.427692 0.903925 0
    outer loop
      vertex -46.6442 6.63893 15.3
      vertex -46.5023 6.57179 2.59
      vertex -46.6442 6.63893 2.59
    endloop
  endfacet
  facet normal 0.146689 -0.989183 0
    outer loop
      vertex -46.2021 9.61926 2.59
      vertex -46.0468 9.64229 15.3
      vertex -46.2021 9.61926 15.3
    endloop
  endfacet
  facet normal 0.146689 -0.989183 0
    outer loop
      vertex -46.0468 9.64229 15.3
      vertex -46.2021 9.61926 2.59
      vertex -46.0468 9.64229 2.59
    endloop
  endfacet
  facet normal 0.989212 0.146493 0
    outer loop
      vertex -47.4593 7.73786 15.3
      vertex -47.4823 7.89317 2.59
      vertex -47.4823 7.89317 15.3
    endloop
  endfacet
  facet normal 0.989212 0.146493 0
    outer loop
      vertex -47.4823 7.89317 2.59
      vertex -47.4593 7.73786 15.3
      vertex -47.4593 7.73786 2.59
    endloop
  endfacet
  facet normal -0.336926 0.941531 0
    outer loop
      vertex -45.2777 6.57179 2.59
      vertex -45.4255 6.5189 15.3
      vertex -45.2777 6.57179 15.3
    endloop
  endfacet
  facet normal -0.336926 0.941531 0
    outer loop
      vertex -45.4255 6.5189 15.3
      vertex -45.2777 6.57179 2.59
      vertex -45.4255 6.5189 2.59
    endloop
  endfacet
  facet normal -0.242895 0.970053 0
    outer loop
      vertex -45.4255 6.5189 2.59
      vertex -45.5779 6.48074 15.3
      vertex -45.4255 6.5189 15.3
    endloop
  endfacet
  facet normal -0.242895 0.970053 0
    outer loop
      vertex -45.5779 6.48074 15.3
      vertex -45.4255 6.5189 2.59
      vertex -45.5779 6.48074 2.59
    endloop
  endfacet
  facet normal 0.90407 -0.427385 0
    outer loop
      vertex -47.3682 8.66229 15.3
      vertex -47.3011 8.80423 2.59
      vertex -47.3011 8.80423 15.3
    endloop
  endfacet
  facet normal 0.90407 -0.427385 0
    outer loop
      vertex -47.3011 8.80423 2.59
      vertex -47.3682 8.66229 15.3
      vertex -47.3682 8.66229 2.59
    endloop
  endfacet
  facet normal 0.741092 0.671404 0
    outer loop
      vertex -47.0214 6.91863 15.3
      vertex -47.1268 7.03497 2.59
      vertex -47.1268 7.03497 15.3
    endloop
  endfacet
  facet normal 0.741092 0.671404 0
    outer loop
      vertex -47.1268 7.03497 2.59
      vertex -47.0214 6.91863 15.3
      vertex -47.0214 6.91863 2.59
    endloop
  endfacet
  facet normal 0.595732 0.803184 -0
    outer loop
      vertex -46.7789 6.71965 2.59
      vertex -46.905 6.81318 15.3
      vertex -46.7789 6.71965 15.3
    endloop
  endfacet
  facet normal 0.595732 0.803184 0
    outer loop
      vertex -46.905 6.81318 15.3
      vertex -46.7789 6.71965 2.59
      vertex -46.905 6.81318 2.59
    endloop
  endfacet
  facet normal -0.90407 0.427385 0
    outer loop
      vertex -44.4789 7.29577 2.59
      vertex -44.4118 7.43771 15.3
      vertex -44.4118 7.43771 2.59
    endloop
  endfacet
  facet normal -0.90407 0.427385 0
    outer loop
      vertex -44.4118 7.43771 15.3
      vertex -44.4789 7.29577 2.59
      vertex -44.4789 7.29577 15.3
    endloop
  endfacet
  facet normal -0.857515 0.514458 0
    outer loop
      vertex -44.5597 7.16109 2.59
      vertex -44.4789 7.29577 15.3
      vertex -44.4789 7.29577 2.59
    endloop
  endfacet
  facet normal -0.857515 0.514458 0
    outer loop
      vertex -44.4789 7.29577 15.3
      vertex -44.5597 7.16109 2.59
      vertex -44.5597 7.16109 15.3
    endloop
  endfacet
  facet normal 0.0491116 0.998793 -0
    outer loop
      vertex -45.89 6.45 2.59
      vertex -46.0468 6.45771 15.3
      vertex -45.89 6.45 15.3
    endloop
  endfacet
  facet normal 0.0491116 0.998793 0
    outer loop
      vertex -46.0468 6.45771 15.3
      vertex -45.89 6.45 2.59
      vertex -46.0468 6.45771 2.59
    endloop
  endfacet
  facet normal 0.998797 -0.0490387 0
    outer loop
      vertex -47.49 8.05 15.3
      vertex -47.4823 8.20683 2.59
      vertex -47.4823 8.20683 15.3
    endloop
  endfacet
  facet normal 0.998797 -0.0490387 0
    outer loop
      vertex -47.4823 8.20683 2.59
      vertex -47.49 8.05 15.3
      vertex -47.49 8.05 2.59
    endloop
  endfacet
  facet normal -0.671388 0.741106 0
    outer loop
      vertex -44.7586 6.91863 2.59
      vertex -44.875 6.81318 15.3
      vertex -44.7586 6.91863 15.3
    endloop
  endfacet
  facet normal -0.671388 0.741106 0
    outer loop
      vertex -44.875 6.81318 15.3
      vertex -44.7586 6.91863 2.59
      vertex -44.875 6.81318 2.59
    endloop
  endfacet
  facet normal -0.500001 0.866025 0
    outer loop
      vertex -42.94 6.34682 0
      vertex -45.89 4.64363 2.59
      vertex -42.94 6.34682 2.59
    endloop
  endfacet
  facet normal -0.500001 0.866025 0
    outer loop
      vertex -45.89 4.64363 2.59
      vertex -42.94 6.34682 0
      vertex -45.89 4.64363 0
    endloop
  endfacet
  facet normal -1 0 0
    outer loop
      vertex -42.94 6.34682 0
      vertex -42.94 9.75318 2.59
      vertex -42.94 9.75318 0
    endloop
  endfacet
  facet normal -1 -0 0
    outer loop
      vertex -42.94 9.75318 2.59
      vertex -42.94 6.34682 0
      vertex -42.94 6.34682 2.59
    endloop
  endfacet
  facet normal 0.500008 -0.866021 0
    outer loop
      vertex -48.84 9.75318 0
      vertex -45.89 11.4564 2.59
      vertex -48.84 9.75318 2.59
    endloop
  endfacet
  facet normal 0.500008 -0.866021 0
    outer loop
      vertex -45.89 11.4564 2.59
      vertex -48.84 9.75318 0
      vertex -45.89 11.4564 0
    endloop
  endfacet
  facet normal -0.500008 -0.866021 0
    outer loop
      vertex -45.89 11.4564 0
      vertex -42.94 9.75318 2.59
      vertex -45.89 11.4564 2.59
    endloop
  endfacet
  facet normal -0.500008 -0.866021 -0
    outer loop
      vertex -42.94 9.75318 2.59
      vertex -45.89 11.4564 0
      vertex -42.94 9.75318 0
    endloop
  endfacet
  facet normal 1 -0 0
    outer loop
      vertex -48.84 6.34682 2.59
      vertex -48.84 9.75318 0
      vertex -48.84 9.75318 2.59
    endloop
  endfacet
  facet normal 1 0 0
    outer loop
      vertex -48.84 9.75318 0
      vertex -48.84 6.34682 2.59
      vertex -48.84 6.34682 0
    endloop
  endfacet
  facet normal 0.500001 0.866025 -0
    outer loop
      vertex -45.89 4.64363 0
      vertex -48.84 6.34682 2.59
      vertex -45.89 4.64363 2.59
    endloop
  endfacet
  facet normal 0.500001 0.866025 0
    outer loop
      vertex -48.84 6.34682 2.59
      vertex -45.89 4.64363 0
      vertex -48.84 6.34682 0
    endloop
  endfacet
  facet normal 0 0 -1
    outer loop
      vertex -42.94 6.34682 2.59
      vertex -44.29 8.05 2.59
      vertex -42.94 9.75318 2.59
    endloop
  endfacet
  facet normal 0 0 -1
    outer loop
      vertex -42.94 6.34682 2.59
      vertex -44.2977 7.89317 2.59
      vertex -44.29 8.05 2.59
    endloop
  endfacet
  facet normal 0 0 -1
    outer loop
      vertex -42.94 6.34682 2.59
      vertex -44.3207 7.73786 2.59
      vertex -44.2977 7.89317 2.59
    endloop
  endfacet
  facet normal 0 0 -1
    outer loop
      vertex -42.94 6.34682 2.59
      vertex -44.3589 7.58555 2.59
      vertex -44.3207 7.73786 2.59
    endloop
  endfacet
  facet normal 0 0 -1
    outer loop
      vertex -42.94 6.34682 2.59
      vertex -44.4118 7.43771 2.59
      vertex -44.3589 7.58555 2.59
    endloop
  endfacet
  facet normal 0 0 -1
    outer loop
      vertex -42.94 6.34682 2.59
      vertex -44.4789 7.29577 2.59
      vertex -44.4118 7.43771 2.59
    endloop
  endfacet
  facet normal 0 0 -1
    outer loop
      vertex -42.94 6.34682 2.59
      vertex -44.5597 7.16109 2.59
      vertex -44.4789 7.29577 2.59
    endloop
  endfacet
  facet normal 0 0 -1
    outer loop
      vertex -42.94 6.34682 2.59
      vertex -44.6532 7.03497 2.59
      vertex -44.5597 7.16109 2.59
    endloop
  endfacet
  facet normal 0 0 -1
    outer loop
      vertex -42.94 6.34682 2.59
      vertex -44.7586 6.91863 2.59
      vertex -44.6532 7.03497 2.59
    endloop
  endfacet
  facet normal 0 0 -1
    outer loop
      vertex -42.94 6.34682 2.59
      vertex -44.875 6.81318 2.59
      vertex -44.7586 6.91863 2.59
    endloop
  endfacet
  facet normal 0 0 -1
    outer loop
      vertex -42.94 6.34682 2.59
      vertex -45.0011 6.71965 2.59
      vertex -44.875 6.81318 2.59
    endloop
  endfacet
  facet normal 0 0 -1
    outer loop
      vertex -42.94 6.34682 2.59
      vertex -45.1358 6.63893 2.59
      vertex -45.0011 6.71965 2.59
    endloop
  endfacet
  facet normal 0 0 -1
    outer loop
      vertex -45.89 4.64363 2.59
      vertex -45.1358 6.63893 2.59
      vertex -42.94 6.34682 2.59
    endloop
  endfacet
  facet normal 0 0 -1
    outer loop
      vertex -45.1358 6.63893 2.59
      vertex -45.89 4.64363 2.59
      vertex -45.2777 6.57179 2.59
    endloop
  endfacet
  facet normal 0 0 -1
    outer loop
      vertex -45.2777 6.57179 2.59
      vertex -45.89 4.64363 2.59
      vertex -45.4255 6.5189 2.59
    endloop
  endfacet
  facet normal 0 0 -1
    outer loop
      vertex -45.4255 6.5189 2.59
      vertex -45.89 4.64363 2.59
      vertex -45.5779 6.48074 2.59
    endloop
  endfacet
  facet normal 0 0 -1
    outer loop
      vertex -45.5779 6.48074 2.59
      vertex -45.89 4.64363 2.59
      vertex -45.7332 6.45771 2.59
    endloop
  endfacet
  facet normal 0 0 -1
    outer loop
      vertex -45.89 4.64363 2.59
      vertex -45.89 6.45 2.59
      vertex -45.7332 6.45771 2.59
    endloop
  endfacet
  facet normal 0 0 -1
    outer loop
      vertex -45.89 4.64363 2.59
      vertex -46.0468 6.45771 2.59
      vertex -45.89 6.45 2.59
    endloop
  endfacet
  facet normal 0 0 -1
    outer loop
      vertex -45.89 4.64363 2.59
      vertex -46.2021 6.48074 2.59
      vertex -46.0468 6.45771 2.59
    endloop
  endfacet
  facet normal 0 0 -1
    outer loop
      vertex -45.89 4.64363 2.59
      vertex -46.3545 6.5189 2.59
      vertex -46.2021 6.48074 2.59
    endloop
  endfacet
  facet normal 0 0 -1
    outer loop
      vertex -45.89 4.64363 2.59
      vertex -46.5023 6.57179 2.59
      vertex -46.3545 6.5189 2.59
    endloop
  endfacet
  facet normal 0 0 -1
    outer loop
      vertex -45.89 4.64363 2.59
      vertex -46.6442 6.63893 2.59
      vertex -46.5023 6.57179 2.59
    endloop
  endfacet
  facet normal 0 0 -1
    outer loop
      vertex -48.84 6.34682 2.59
      vertex -46.6442 6.63893 2.59
      vertex -45.89 4.64363 2.59
    endloop
  endfacet
  facet normal -0 0 -1
    outer loop
      vertex -46.6442 6.63893 2.59
      vertex -48.84 6.34682 2.59
      vertex -46.7789 6.71965 2.59
    endloop
  endfacet
  facet normal -0 0 -1
    outer loop
      vertex -46.7789 6.71965 2.59
      vertex -48.84 6.34682 2.59
      vertex -46.905 6.81318 2.59
    endloop
  endfacet
  facet normal -0 0 -1
    outer loop
      vertex -46.905 6.81318 2.59
      vertex -48.84 6.34682 2.59
      vertex -47.0214 6.91863 2.59
    endloop
  endfacet
  facet normal -0 0 -1
    outer loop
      vertex -47.0214 6.91863 2.59
      vertex -48.84 6.34682 2.59
      vertex -47.1268 7.03497 2.59
    endloop
  endfacet
  facet normal -0 0 -1
    outer loop
      vertex -47.1268 7.03497 2.59
      vertex -48.84 6.34682 2.59
      vertex -47.2204 7.16109 2.59
    endloop
  endfacet
  facet normal -0 0 -1
    outer loop
      vertex -47.4823 7.89317 2.59
      vertex -48.84 6.34682 2.59
      vertex -47.49 8.05 2.59
    endloop
  endfacet
  facet normal -0 0 -1
    outer loop
      vertex -47.4593 7.73786 2.59
      vertex -48.84 6.34682 2.59
      vertex -47.4823 7.89317 2.59
    endloop
  endfacet
  facet normal -0 0 -1
    outer loop
      vertex -47.4211 7.58555 2.59
      vertex -48.84 6.34682 2.59
      vertex -47.4593 7.73786 2.59
    endloop
  endfacet
  facet normal -0 0 -1
    outer loop
      vertex -47.3682 7.43771 2.59
      vertex -48.84 6.34682 2.59
      vertex -47.4211 7.58555 2.59
    endloop
  endfacet
  facet normal -0 0 -1
    outer loop
      vertex -47.3011 7.29577 2.59
      vertex -48.84 6.34682 2.59
      vertex -47.3682 7.43771 2.59
    endloop
  endfacet
  facet normal -0 0 -1
    outer loop
      vertex -47.2204 7.16109 2.59
      vertex -48.84 6.34682 2.59
      vertex -47.3011 7.29577 2.59
    endloop
  endfacet
  facet normal 0 0 -1
    outer loop
      vertex -44.2977 8.20683 2.59
      vertex -42.94 9.75318 2.59
      vertex -44.29 8.05 2.59
    endloop
  endfacet
  facet normal 0 0 -1
    outer loop
      vertex -44.3207 8.36214 2.59
      vertex -42.94 9.75318 2.59
      vertex -44.2977 8.20683 2.59
    endloop
  endfacet
  facet normal 0 0 -1
    outer loop
      vertex -44.3589 8.51445 2.59
      vertex -42.94 9.75318 2.59
      vertex -44.3207 8.36214 2.59
    endloop
  endfacet
  facet normal 0 0 -1
    outer loop
      vertex -44.4118 8.66229 2.59
      vertex -42.94 9.75318 2.59
      vertex -44.3589 8.51445 2.59
    endloop
  endfacet
  facet normal 0 0 -1
    outer loop
      vertex -44.4789 8.80423 2.59
      vertex -42.94 9.75318 2.59
      vertex -44.4118 8.66229 2.59
    endloop
  endfacet
  facet normal 0 0 -1
    outer loop
      vertex -44.5597 8.93891 2.59
      vertex -42.94 9.75318 2.59
      vertex -44.4789 8.80423 2.59
    endloop
  endfacet
  facet normal 0 0 -1
    outer loop
      vertex -44.6532 9.06503 2.59
      vertex -42.94 9.75318 2.59
      vertex -44.5597 8.93891 2.59
    endloop
  endfacet
  facet normal 0 0 -1
    outer loop
      vertex -44.7586 9.18137 2.59
      vertex -42.94 9.75318 2.59
      vertex -44.6532 9.06503 2.59
    endloop
  endfacet
  facet normal 0 0 -1
    outer loop
      vertex -44.875 9.28682 2.59
      vertex -42.94 9.75318 2.59
      vertex -44.7586 9.18137 2.59
    endloop
  endfacet
  facet normal 0 0 -1
    outer loop
      vertex -45.0011 9.38035 2.59
      vertex -42.94 9.75318 2.59
      vertex -44.875 9.28682 2.59
    endloop
  endfacet
  facet normal 0 0 -1
    outer loop
      vertex -45.1358 9.46107 2.59
      vertex -42.94 9.75318 2.59
      vertex -45.0011 9.38035 2.59
    endloop
  endfacet
  facet normal 0 0 -1
    outer loop
      vertex -45.89 11.4564 2.59
      vertex -45.1358 9.46107 2.59
      vertex -45.2777 9.52821 2.59
    endloop
  endfacet
  facet normal 0 0 -1
    outer loop
      vertex -45.89 11.4564 2.59
      vertex -45.2777 9.52821 2.59
      vertex -45.4255 9.5811 2.59
    endloop
  endfacet
  facet normal 0 0 -1
    outer loop
      vertex -45.89 11.4564 2.59
      vertex -45.4255 9.5811 2.59
      vertex -45.5779 9.61926 2.59
    endloop
  endfacet
  facet normal 0 0 -1
    outer loop
      vertex -45.89 11.4564 2.59
      vertex -45.5779 9.61926 2.59
      vertex -45.7332 9.64229 2.59
    endloop
  endfacet
  facet normal 0 0 -1
    outer loop
      vertex -45.89 11.4564 2.59
      vertex -45.7332 9.64229 2.59
      vertex -45.89 9.65 2.59
    endloop
  endfacet
  facet normal 0 0 -1
    outer loop
      vertex -45.1358 9.46107 2.59
      vertex -45.89 11.4564 2.59
      vertex -42.94 9.75318 2.59
    endloop
  endfacet
  facet normal 0 0 -1
    outer loop
      vertex -46.0468 9.64229 2.59
      vertex -45.89 11.4564 2.59
      vertex -45.89 9.65 2.59
    endloop
  endfacet
  facet normal 0 0 -1
    outer loop
      vertex -46.2021 9.61926 2.59
      vertex -45.89 11.4564 2.59
      vertex -46.0468 9.64229 2.59
    endloop
  endfacet
  facet normal 0 0 -1
    outer loop
      vertex -46.3545 9.5811 2.59
      vertex -45.89 11.4564 2.59
      vertex -46.2021 9.61926 2.59
    endloop
  endfacet
  facet normal 0 0 -1
    outer loop
      vertex -46.5023 9.52821 2.59
      vertex -45.89 11.4564 2.59
      vertex -46.3545 9.5811 2.59
    endloop
  endfacet
  facet normal 0 0 -1
    outer loop
      vertex -46.6442 9.46107 2.59
      vertex -45.89 11.4564 2.59
      vertex -46.5023 9.52821 2.59
    endloop
  endfacet
  facet normal 0 0 -1
    outer loop
      vertex -48.84 9.75318 2.59
      vertex -46.6442 9.46107 2.59
      vertex -46.7789 9.38035 2.59
    endloop
  endfacet
  facet normal 0 0 -1
    outer loop
      vertex -48.84 9.75318 2.59
      vertex -46.7789 9.38035 2.59
      vertex -46.905 9.28682 2.59
    endloop
  endfacet
  facet normal 0 0 -1
    outer loop
      vertex -48.84 9.75318 2.59
      vertex -46.905 9.28682 2.59
      vertex -47.0214 9.18137 2.59
    endloop
  endfacet
  facet normal 0 0 -1
    outer loop
      vertex -48.84 9.75318 2.59
      vertex -47.0214 9.18137 2.59
      vertex -47.1268 9.06503 2.59
    endloop
  endfacet
  facet normal 0 0 -1
    outer loop
      vertex -48.84 9.75318 2.59
      vertex -47.1268 9.06503 2.59
      vertex -47.2204 8.93891 2.59
    endloop
  endfacet
  facet normal 0 0 -1
    outer loop
      vertex -48.84 9.75318 2.59
      vertex -47.2204 8.93891 2.59
      vertex -47.3011 8.80423 2.59
    endloop
  endfacet
  facet normal 0 0 -1
    outer loop
      vertex -48.84 9.75318 2.59
      vertex -47.49 8.05 2.59
      vertex -48.84 6.34682 2.59
    endloop
  endfacet
  facet normal 0 0 -1
    outer loop
      vertex -47.49 8.05 2.59
      vertex -48.84 9.75318 2.59
      vertex -47.4823 8.20683 2.59
    endloop
  endfacet
  facet normal 0 0 -1
    outer loop
      vertex -47.4823 8.20683 2.59
      vertex -48.84 9.75318 2.59
      vertex -47.4593 8.36214 2.59
    endloop
  endfacet
  facet normal 0 0 -1
    outer loop
      vertex -47.4593 8.36214 2.59
      vertex -48.84 9.75318 2.59
      vertex -47.4211 8.51445 2.59
    endloop
  endfacet
  facet normal 0 0 -1
    outer loop
      vertex -47.4211 8.51445 2.59
      vertex -48.84 9.75318 2.59
      vertex -47.3682 8.66229 2.59
    endloop
  endfacet
  facet normal 0 0 -1
    outer loop
      vertex -47.3682 8.66229 2.59
      vertex -48.84 9.75318 2.59
      vertex -47.3011 8.80423 2.59
    endloop
  endfacet
  facet normal 0 0 -1
    outer loop
      vertex -46.6442 9.46107 2.59
      vertex -48.84 9.75318 2.59
      vertex -45.89 11.4564 2.59
    endloop
  endfacet
  facet normal -0.989212 -0.146493 0
    outer loop
      vertex -44.2977 -7.89317 2.59
      vertex -44.3207 -7.73786 15.3
      vertex -44.3207 -7.73786 2.59
    endloop
  endfacet
  facet normal -0.989212 -0.146493 0
    outer loop
      vertex -44.3207 -7.73786 15.3
      vertex -44.2977 -7.89317 2.59
      vertex -44.2977 -7.89317 15.3
    endloop
  endfacet
  facet normal -0.998797 -0.0490387 0
    outer loop
      vertex -44.29 -8.05 2.59
      vertex -44.2977 -7.89317 15.3
      vertex -44.2977 -7.89317 2.59
    endloop
  endfacet
  facet normal -0.998797 -0.0490387 0
    outer loop
      vertex -44.2977 -7.89317 15.3
      vertex -44.29 -8.05 2.59
      vertex -44.29 -8.05 15.3
    endloop
  endfacet
  facet normal -0.969959 -0.24327 0
    outer loop
      vertex -44.3207 -7.73786 2.59
      vertex -44.3589 -7.58555 15.3
      vertex -44.3589 -7.58555 2.59
    endloop
  endfacet
  facet normal -0.969959 -0.24327 0
    outer loop
      vertex -44.3589 -7.58555 15.3
      vertex -44.3207 -7.73786 2.59
      vertex -44.3207 -7.73786 15.3
    endloop
  endfacet
  facet normal -0.427692 -0.903925 0
    outer loop
      vertex -45.2777 -6.57179 2.59
      vertex -45.1358 -6.63893 15.3
      vertex -45.2777 -6.57179 15.3
    endloop
  endfacet
  facet normal -0.427692 -0.903925 -0
    outer loop
      vertex -45.1358 -6.63893 15.3
      vertex -45.2777 -6.57179 2.59
      vertex -45.1358 -6.63893 2.59
    endloop
  endfacet
  facet normal 0.242895 0.970053 -0
    outer loop
      vertex -46.2021 -9.61926 2.59
      vertex -46.3545 -9.5811 15.3
      vertex -46.2021 -9.61926 15.3
    endloop
  endfacet
  facet normal 0.242895 0.970053 0
    outer loop
      vertex -46.3545 -9.5811 15.3
      vertex -46.2021 -9.61926 2.59
      vertex -46.3545 -9.5811 2.59
    endloop
  endfacet
  facet normal 0.857796 0.51399 0
    outer loop
      vertex -47.2204 -8.93891 15.3
      vertex -47.3011 -8.80423 2.59
      vertex -47.3011 -8.80423 15.3
    endloop
  endfacet
  facet normal 0.857796 0.51399 0
    outer loop
      vertex -47.3011 -8.80423 2.59
      vertex -47.2204 -8.93891 15.3
      vertex -47.2204 -8.93891 2.59
    endloop
  endfacet
  facet normal -0.146689 0.989183 0
    outer loop
      vertex -45.5779 -9.61926 2.59
      vertex -45.7332 -9.64229 15.3
      vertex -45.5779 -9.61926 15.3
    endloop
  endfacet
  facet normal -0.146689 0.989183 0
    outer loop
      vertex -45.7332 -9.64229 15.3
      vertex -45.5779 -9.61926 2.59
      vertex -45.7332 -9.64229 2.59
    endloop
  endfacet
  facet normal -0.741092 -0.671404 0
    outer loop
      vertex -44.6532 -7.03497 2.59
      vertex -44.7586 -6.91863 15.3
      vertex -44.7586 -6.91863 2.59
    endloop
  endfacet
  facet normal -0.741092 -0.671404 0
    outer loop
      vertex -44.7586 -6.91863 15.3
      vertex -44.6532 -7.03497 2.59
      vertex -44.6532 -7.03497 15.3
    endloop
  endfacet
  facet normal 0.514027 -0.857774 0
    outer loop
      vertex -46.7789 -6.71965 2.59
      vertex -46.6442 -6.63893 15.3
      vertex -46.7789 -6.71965 15.3
    endloop
  endfacet
  facet normal 0.514027 -0.857774 0
    outer loop
      vertex -46.6442 -6.63893 15.3
      vertex -46.7789 -6.71965 2.59
      vertex -46.6442 -6.63893 2.59
    endloop
  endfacet
  facet normal -0.741092 0.671404 0
    outer loop
      vertex -44.7586 -9.18137 2.59
      vertex -44.6532 -9.06503 15.3
      vertex -44.6532 -9.06503 2.59
    endloop
  endfacet
  facet normal -0.741092 0.671404 0
    outer loop
      vertex -44.6532 -9.06503 15.3
      vertex -44.7586 -9.18137 2.59
      vertex -44.7586 -9.18137 15.3
    endloop
  endfacet
  facet normal -0.514027 0.857774 0
    outer loop
      vertex -45.0011 -9.38035 2.59
      vertex -45.1358 -9.46107 15.3
      vertex -45.0011 -9.38035 15.3
    endloop
  endfacet
  facet normal -0.514027 0.857774 0
    outer loop
      vertex -45.1358 -9.46107 15.3
      vertex -45.0011 -9.38035 2.59
      vertex -45.1358 -9.46107 2.59
    endloop
  endfacet
  facet normal -0.242895 -0.970053 0
    outer loop
      vertex -45.5779 -6.48074 2.59
      vertex -45.4255 -6.5189 15.3
      vertex -45.5779 -6.48074 15.3
    endloop
  endfacet
  facet normal -0.242895 -0.970053 -0
    outer loop
      vertex -45.4255 -6.5189 15.3
      vertex -45.5779 -6.48074 2.59
      vertex -45.4255 -6.5189 2.59
    endloop
  endfacet
  facet normal 0.989212 -0.146493 0
    outer loop
      vertex -47.4823 -7.89317 15.3
      vertex -47.4593 -7.73786 2.59
      vertex -47.4593 -7.73786 15.3
    endloop
  endfacet
  facet normal 0.989212 -0.146493 0
    outer loop
      vertex -47.4593 -7.73786 2.59
      vertex -47.4823 -7.89317 15.3
      vertex -47.4823 -7.89317 2.59
    endloop
  endfacet
  facet normal -0.857515 -0.514458 0
    outer loop
      vertex -44.4789 -7.29577 2.59
      vertex -44.5597 -7.16109 15.3
      vertex -44.5597 -7.16109 2.59
    endloop
  endfacet
  facet normal -0.857515 -0.514458 0
    outer loop
      vertex -44.5597 -7.16109 15.3
      vertex -44.4789 -7.29577 2.59
      vertex -44.4789 -7.29577 15.3
    endloop
  endfacet
  facet normal -0.969959 0.24327 0
    outer loop
      vertex -44.3589 -8.51445 2.59
      vertex -44.3207 -8.36214 15.3
      vertex -44.3207 -8.36214 2.59
    endloop
  endfacet
  facet normal -0.969959 0.24327 0
    outer loop
      vertex -44.3207 -8.36214 15.3
      vertex -44.3589 -8.51445 2.59
      vertex -44.3589 -8.51445 15.3
    endloop
  endfacet
  facet normal 0.146689 0.989183 -0
    outer loop
      vertex -46.0468 -9.64229 2.59
      vertex -46.2021 -9.61926 15.3
      vertex -46.0468 -9.64229 15.3
    endloop
  endfacet
  facet normal 0.146689 0.989183 0
    outer loop
      vertex -46.2021 -9.61926 15.3
      vertex -46.0468 -9.64229 2.59
      vertex -46.2021 -9.61926 2.59
    endloop
  endfacet
  facet normal 0.998797 0.0490387 0
    outer loop
      vertex -47.4823 -8.20683 15.3
      vertex -47.49 -8.05 2.59
      vertex -47.49 -8.05 15.3
    endloop
  endfacet
  facet normal 0.998797 0.0490387 0
    outer loop
      vertex -47.49 -8.05 2.59
      vertex -47.4823 -8.20683 15.3
      vertex -47.4823 -8.20683 2.59
    endloop
  endfacet
  facet normal -0.146689 -0.989183 0
    outer loop
      vertex -45.7332 -6.45771 2.59
      vertex -45.5779 -6.48074 15.3
      vertex -45.7332 -6.45771 15.3
    endloop
  endfacet
  facet normal -0.146689 -0.989183 -0
    outer loop
      vertex -45.5779 -6.48074 15.3
      vertex -45.7332 -6.45771 2.59
      vertex -45.5779 -6.48074 2.59
    endloop
  endfacet
  facet normal -0.94154 -0.336901 0
    outer loop
      vertex -44.3589 -7.58555 2.59
      vertex -44.4118 -7.43771 15.3
      vertex -44.4118 -7.43771 2.59
    endloop
  endfacet
  facet normal -0.94154 -0.336901 0
    outer loop
      vertex -44.4118 -7.43771 15.3
      vertex -44.3589 -7.58555 2.59
      vertex -44.3589 -7.58555 15.3
    endloop
  endfacet
  facet normal -0.671388 -0.741106 0
    outer loop
      vertex -44.875 -6.81318 2.59
      vertex -44.7586 -6.91863 15.3
      vertex -44.875 -6.81318 15.3
    endloop
  endfacet
  facet normal -0.671388 -0.741106 -0
    outer loop
      vertex -44.7586 -6.91863 15.3
      vertex -44.875 -6.81318 2.59
      vertex -44.7586 -6.91863 2.59
    endloop
  endfacet
  facet normal 0.741092 -0.671404 0
    outer loop
      vertex -47.1268 -7.03497 15.3
      vertex -47.0214 -6.91863 2.59
      vertex -47.0214 -6.91863 15.3
    endloop
  endfacet
  facet normal 0.741092 -0.671404 0
    outer loop
      vertex -47.0214 -6.91863 2.59
      vertex -47.1268 -7.03497 15.3
      vertex -47.1268 -7.03497 2.59
    endloop
  endfacet
  facet normal 0.969959 0.24327 0
    outer loop
      vertex -47.4211 -8.51445 15.3
      vertex -47.4593 -8.36214 2.59
      vertex -47.4593 -8.36214 15.3
    endloop
  endfacet
  facet normal 0.969959 0.24327 0
    outer loop
      vertex -47.4593 -8.36214 2.59
      vertex -47.4211 -8.51445 15.3
      vertex -47.4211 -8.51445 2.59
    endloop
  endfacet
  facet normal 0.336926 -0.941531 0
    outer loop
      vertex -46.5023 -6.57179 2.59
      vertex -46.3545 -6.5189 15.3
      vertex -46.5023 -6.57179 15.3
    endloop
  endfacet
  facet normal 0.336926 -0.941531 0
    outer loop
      vertex -46.3545 -6.5189 15.3
      vertex -46.5023 -6.57179 2.59
      vertex -46.3545 -6.5189 2.59
    endloop
  endfacet
  facet normal 0.94154 0.336901 0
    outer loop
      vertex -47.3682 -8.66229 15.3
      vertex -47.4211 -8.51445 2.59
      vertex -47.4211 -8.51445 15.3
    endloop
  endfacet
  facet normal 0.94154 0.336901 0
    outer loop
      vertex -47.4211 -8.51445 2.59
      vertex -47.3682 -8.66229 15.3
      vertex -47.3682 -8.66229 2.59
    endloop
  endfacet
  facet normal -0.336926 -0.941531 0
    outer loop
      vertex -45.4255 -6.5189 2.59
      vertex -45.2777 -6.57179 15.3
      vertex -45.4255 -6.5189 15.3
    endloop
  endfacet
  facet normal -0.336926 -0.941531 -0
    outer loop
      vertex -45.2777 -6.57179 15.3
      vertex -45.4255 -6.5189 2.59
      vertex -45.2777 -6.57179 2.59
    endloop
  endfacet
  facet normal 0.803015 -0.595958 0
    outer loop
      vertex -47.2204 -7.16109 15.3
      vertex -47.1268 -7.03497 2.59
      vertex -47.1268 -7.03497 15.3
    endloop
  endfacet
  facet normal 0.803015 -0.595958 0
    outer loop
      vertex -47.1268 -7.03497 2.59
      vertex -47.2204 -7.16109 15.3
      vertex -47.2204 -7.16109 2.59
    endloop
  endfacet
  facet normal -0.80332 -0.595547 0
    outer loop
      vertex -44.5597 -7.16109 2.59
      vertex -44.6532 -7.03497 15.3
      vertex -44.6532 -7.03497 2.59
    endloop
  endfacet
  facet normal -0.80332 -0.595547 0
    outer loop
      vertex -44.6532 -7.03497 15.3
      vertex -44.5597 -7.16109 2.59
      vertex -44.5597 -7.16109 15.3
    endloop
  endfacet
  facet normal 0.969959 -0.24327 0
    outer loop
      vertex -47.4593 -7.73786 15.3
      vertex -47.4211 -7.58555 2.59
      vertex -47.4211 -7.58555 15.3
    endloop
  endfacet
  facet normal 0.969959 -0.24327 0
    outer loop
      vertex -47.4211 -7.58555 2.59
      vertex -47.4593 -7.73786 15.3
      vertex -47.4593 -7.73786 2.59
    endloop
  endfacet
  facet normal 0.671388 -0.741106 0
    outer loop
      vertex -47.0214 -6.91863 2.59
      vertex -46.905 -6.81318 15.3
      vertex -47.0214 -6.91863 15.3
    endloop
  endfacet
  facet normal 0.671388 -0.741106 0
    outer loop
      vertex -46.905 -6.81318 15.3
      vertex -47.0214 -6.91863 2.59
      vertex -46.905 -6.81318 2.59
    endloop
  endfacet
  facet normal -0.427692 0.903925 0
    outer loop
      vertex -45.1358 -9.46107 2.59
      vertex -45.2777 -9.52821 15.3
      vertex -45.1358 -9.46107 15.3
    endloop
  endfacet
  facet normal -0.427692 0.903925 0
    outer loop
      vertex -45.2777 -9.52821 15.3
      vertex -45.1358 -9.46107 2.59
      vertex -45.2777 -9.52821 2.59
    endloop
  endfacet
  facet normal 0.242895 -0.970053 0
    outer loop
      vertex -46.3545 -6.5189 2.59
      vertex -46.2021 -6.48074 15.3
      vertex -46.3545 -6.5189 15.3
    endloop
  endfacet
  facet normal 0.242895 -0.970053 0
    outer loop
      vertex -46.2021 -6.48074 15.3
      vertex -46.3545 -6.5189 2.59
      vertex -46.2021 -6.48074 2.59
    endloop
  endfacet
  facet normal 0.94154 -0.336901 0
    outer loop
      vertex -47.4211 -7.58555 15.3
      vertex -47.3682 -7.43771 2.59
      vertex -47.3682 -7.43771 15.3
    endloop
  endfacet
  facet normal 0.94154 -0.336901 0
    outer loop
      vertex -47.3682 -7.43771 2.59
      vertex -47.4211 -7.58555 15.3
      vertex -47.4211 -7.58555 2.59
    endloop
  endfacet
  facet normal -0.514027 -0.857774 0
    outer loop
      vertex -45.1358 -6.63893 2.59
      vertex -45.0011 -6.71965 15.3
      vertex -45.1358 -6.63893 15.3
    endloop
  endfacet
  facet normal -0.514027 -0.857774 -0
    outer loop
      vertex -45.0011 -6.71965 15.3
      vertex -45.1358 -6.63893 2.59
      vertex -45.0011 -6.71965 2.59
    endloop
  endfacet
  facet normal 0.514027 0.857774 -0
    outer loop
      vertex -46.6442 -9.46107 2.59
      vertex -46.7789 -9.38035 15.3
      vertex -46.6442 -9.46107 15.3
    endloop
  endfacet
  facet normal 0.514027 0.857774 0
    outer loop
      vertex -46.7789 -9.38035 15.3
      vertex -46.6442 -9.46107 2.59
      vertex -46.7789 -9.38035 2.59
    endloop
  endfacet
  facet normal 0.595732 -0.803184 0
    outer loop
      vertex -46.905 -6.81318 2.59
      vertex -46.7789 -6.71965 15.3
      vertex -46.905 -6.81318 15.3
    endloop
  endfacet
  facet normal 0.595732 -0.803184 0
    outer loop
      vertex -46.7789 -6.71965 15.3
      vertex -46.905 -6.81318 2.59
      vertex -46.7789 -6.71965 2.59
    endloop
  endfacet
  facet normal -0.0491116 0.998793 0
    outer loop
      vertex -45.7332 -9.64229 2.59
      vertex -45.89 -9.65 15.3
      vertex -45.7332 -9.64229 15.3
    endloop
  endfacet
  facet normal -0.0491116 0.998793 0
    outer loop
      vertex -45.89 -9.65 15.3
      vertex -45.7332 -9.64229 2.59
      vertex -45.89 -9.65 2.59
    endloop
  endfacet
  facet normal -0.94154 0.336901 0
    outer loop
      vertex -44.4118 -8.66229 2.59
      vertex -44.3589 -8.51445 15.3
      vertex -44.3589 -8.51445 2.59
    endloop
  endfacet
  facet normal -0.94154 0.336901 0
    outer loop
      vertex -44.3589 -8.51445 15.3
      vertex -44.4118 -8.66229 2.59
      vertex -44.4118 -8.66229 15.3
    endloop
  endfacet
  facet normal -0.80332 0.595547 0
    outer loop
      vertex -44.6532 -9.06503 2.59
      vertex -44.5597 -8.93891 15.3
      vertex -44.5597 -8.93891 2.59
    endloop
  endfacet
  facet normal -0.80332 0.595547 0
    outer loop
      vertex -44.5597 -8.93891 15.3
      vertex -44.6532 -9.06503 2.59
      vertex -44.6532 -9.06503 15.3
    endloop
  endfacet
  facet normal -0.989212 0.146493 0
    outer loop
      vertex -44.3207 -8.36214 2.59
      vertex -44.2977 -8.20683 15.3
      vertex -44.2977 -8.20683 2.59
    endloop
  endfacet
  facet normal -0.989212 0.146493 0
    outer loop
      vertex -44.2977 -8.20683 15.3
      vertex -44.3207 -8.36214 2.59
      vertex -44.3207 -8.36214 15.3
    endloop
  endfacet
  facet normal 0.857796 -0.51399 0
    outer loop
      vertex -47.3011 -7.29577 15.3
      vertex -47.2204 -7.16109 2.59
      vertex -47.2204 -7.16109 15.3
    endloop
  endfacet
  facet normal 0.857796 -0.51399 0
    outer loop
      vertex -47.2204 -7.16109 2.59
      vertex -47.3011 -7.29577 15.3
      vertex -47.3011 -7.29577 2.59
    endloop
  endfacet
  facet normal 0.336926 0.941531 -0
    outer loop
      vertex -46.3545 -9.5811 2.59
      vertex -46.5023 -9.52821 15.3
      vertex -46.3545 -9.5811 15.3
    endloop
  endfacet
  facet normal 0.336926 0.941531 0
    outer loop
      vertex -46.5023 -9.52821 15.3
      vertex -46.3545 -9.5811 2.59
      vertex -46.5023 -9.52821 2.59
    endloop
  endfacet
  facet normal -0.90407 -0.427385 0
    outer loop
      vertex -44.4118 -7.43771 2.59
      vertex -44.4789 -7.29577 15.3
      vertex -44.4789 -7.29577 2.59
    endloop
  endfacet
  facet normal -0.90407 -0.427385 0
    outer loop
      vertex -44.4789 -7.29577 15.3
      vertex -44.4118 -7.43771 2.59
      vertex -44.4118 -7.43771 15.3
    endloop
  endfacet
  facet normal 0.427692 -0.903925 0
    outer loop
      vertex -46.6442 -6.63893 2.59
      vertex -46.5023 -6.57179 15.3
      vertex -46.6442 -6.63893 15.3
    endloop
  endfacet
  facet normal 0.427692 -0.903925 0
    outer loop
      vertex -46.5023 -6.57179 15.3
      vertex -46.6442 -6.63893 2.59
      vertex -46.5023 -6.57179 2.59
    endloop
  endfacet
  facet normal -0.595732 0.803184 0
    outer loop
      vertex -44.875 -9.28682 2.59
      vertex -45.0011 -9.38035 15.3
      vertex -44.875 -9.28682 15.3
    endloop
  endfacet
  facet normal -0.595732 0.803184 0
    outer loop
      vertex -45.0011 -9.38035 15.3
      vertex -44.875 -9.28682 2.59
      vertex -45.0011 -9.38035 2.59
    endloop
  endfacet
  facet normal -0.595732 -0.803184 0
    outer loop
      vertex -45.0011 -6.71965 2.59
      vertex -44.875 -6.81318 15.3
      vertex -45.0011 -6.71965 15.3
    endloop
  endfacet
  facet normal -0.595732 -0.803184 -0
    outer loop
      vertex -44.875 -6.81318 15.3
      vertex -45.0011 -6.71965 2.59
      vertex -44.875 -6.81318 2.59
    endloop
  endfacet
  facet normal 0.671388 0.741106 -0
    outer loop
      vertex -46.905 -9.28682 2.59
      vertex -47.0214 -9.18137 15.3
      vertex -46.905 -9.28682 15.3
    endloop
  endfacet
  facet normal 0.671388 0.741106 0
    outer loop
      vertex -47.0214 -9.18137 15.3
      vertex -46.905 -9.28682 2.59
      vertex -47.0214 -9.18137 2.59
    endloop
  endfacet
  facet normal -0.998797 0.0490387 0
    outer loop
      vertex -44.2977 -8.20683 2.59
      vertex -44.29 -8.05 15.3
      vertex -44.29 -8.05 2.59
    endloop
  endfacet
  facet normal -0.998797 0.0490387 0
    outer loop
      vertex -44.29 -8.05 15.3
      vertex -44.2977 -8.20683 2.59
      vertex -44.2977 -8.20683 15.3
    endloop
  endfacet
  facet normal 0.803015 0.595958 0
    outer loop
      vertex -47.1268 -9.06503 15.3
      vertex -47.2204 -8.93891 2.59
      vertex -47.2204 -8.93891 15.3
    endloop
  endfacet
  facet normal 0.803015 0.595958 0
    outer loop
      vertex -47.2204 -8.93891 2.59
      vertex -47.1268 -9.06503 15.3
      vertex -47.1268 -9.06503 2.59
    endloop
  endfacet
  facet normal 0.90407 0.427385 0
    outer loop
      vertex -47.3011 -8.80423 15.3
      vertex -47.3682 -8.66229 2.59
      vertex -47.3682 -8.66229 15.3
    endloop
  endfacet
  facet normal 0.90407 0.427385 0
    outer loop
      vertex -47.3682 -8.66229 2.59
      vertex -47.3011 -8.80423 15.3
      vertex -47.3011 -8.80423 2.59
    endloop
  endfacet
  facet normal -0.0491116 -0.998793 0
    outer loop
      vertex -45.89 -6.45 2.59
      vertex -45.7332 -6.45771 15.3
      vertex -45.89 -6.45 15.3
    endloop
  endfacet
  facet normal -0.0491116 -0.998793 -0
    outer loop
      vertex -45.7332 -6.45771 15.3
      vertex -45.89 -6.45 2.59
      vertex -45.7332 -6.45771 2.59
    endloop
  endfacet
  facet normal 0.0491116 -0.998793 0
    outer loop
      vertex -46.0468 -6.45771 2.59
      vertex -45.89 -6.45 15.3
      vertex -46.0468 -6.45771 15.3
    endloop
  endfacet
  facet normal 0.0491116 -0.998793 0
    outer loop
      vertex -45.89 -6.45 15.3
      vertex -46.0468 -6.45771 2.59
      vertex -45.89 -6.45 2.59
    endloop
  endfacet
  facet normal 0.427692 0.903925 -0
    outer loop
      vertex -46.5023 -9.52821 2.59
      vertex -46.6442 -9.46107 15.3
      vertex -46.5023 -9.52821 15.3
    endloop
  endfacet
  facet normal 0.427692 0.903925 0
    outer loop
      vertex -46.6442 -9.46107 15.3
      vertex -46.5023 -9.52821 2.59
      vertex -46.6442 -9.46107 2.59
    endloop
  endfacet
  facet normal 0.146689 -0.989183 0
    outer loop
      vertex -46.2021 -6.48074 2.59
      vertex -46.0468 -6.45771 15.3
      vertex -46.2021 -6.48074 15.3
    endloop
  endfacet
  facet normal 0.146689 -0.989183 0
    outer loop
      vertex -46.0468 -6.45771 15.3
      vertex -46.2021 -6.48074 2.59
      vertex -46.0468 -6.45771 2.59
    endloop
  endfacet
  facet normal 0.989212 0.146493 0
    outer loop
      vertex -47.4593 -8.36214 15.3
      vertex -47.4823 -8.20683 2.59
      vertex -47.4823 -8.20683 15.3
    endloop
  endfacet
  facet normal 0.989212 0.146493 0
    outer loop
      vertex -47.4823 -8.20683 2.59
      vertex -47.4593 -8.36214 15.3
      vertex -47.4593 -8.36214 2.59
    endloop
  endfacet
  facet normal -0.336926 0.941531 0
    outer loop
      vertex -45.2777 -9.52821 2.59
      vertex -45.4255 -9.5811 15.3
      vertex -45.2777 -9.52821 15.3
    endloop
  endfacet
  facet normal -0.336926 0.941531 0
    outer loop
      vertex -45.4255 -9.5811 15.3
      vertex -45.2777 -9.52821 2.59
      vertex -45.4255 -9.5811 2.59
    endloop
  endfacet
  facet normal -0.242895 0.970053 0
    outer loop
      vertex -45.4255 -9.5811 2.59
      vertex -45.5779 -9.61926 15.3
      vertex -45.4255 -9.5811 15.3
    endloop
  endfacet
  facet normal -0.242895 0.970053 0
    outer loop
      vertex -45.5779 -9.61926 15.3
      vertex -45.4255 -9.5811 2.59
      vertex -45.5779 -9.61926 2.59
    endloop
  endfacet
  facet normal 0.90407 -0.427385 0
    outer loop
      vertex -47.3682 -7.43771 15.3
      vertex -47.3011 -7.29577 2.59
      vertex -47.3011 -7.29577 15.3
    endloop
  endfacet
  facet normal 0.90407 -0.427385 0
    outer loop
      vertex -47.3011 -7.29577 2.59
      vertex -47.3682 -7.43771 15.3
      vertex -47.3682 -7.43771 2.59
    endloop
  endfacet
  facet normal 0.741092 0.671404 0
    outer loop
      vertex -47.0214 -9.18137 15.3
      vertex -47.1268 -9.06503 2.59
      vertex -47.1268 -9.06503 15.3
    endloop
  endfacet
  facet normal 0.741092 0.671404 0
    outer loop
      vertex -47.1268 -9.06503 2.59
      vertex -47.0214 -9.18137 15.3
      vertex -47.0214 -9.18137 2.59
    endloop
  endfacet
  facet normal 0.595732 0.803184 -0
    outer loop
      vertex -46.7789 -9.38035 2.59
      vertex -46.905 -9.28682 15.3
      vertex -46.7789 -9.38035 15.3
    endloop
  endfacet
  facet normal 0.595732 0.803184 0
    outer loop
      vertex -46.905 -9.28682 15.3
      vertex -46.7789 -9.38035 2.59
      vertex -46.905 -9.28682 2.59
    endloop
  endfacet
  facet normal -0.90407 0.427385 0
    outer loop
      vertex -44.4789 -8.80423 2.59
      vertex -44.4118 -8.66229 15.3
      vertex -44.4118 -8.66229 2.59
    endloop
  endfacet
  facet normal -0.90407 0.427385 0
    outer loop
      vertex -44.4118 -8.66229 15.3
      vertex -44.4789 -8.80423 2.59
      vertex -44.4789 -8.80423 15.3
    endloop
  endfacet
  facet normal -0.857515 0.514458 0
    outer loop
      vertex -44.5597 -8.93891 2.59
      vertex -44.4789 -8.80423 15.3
      vertex -44.4789 -8.80423 2.59
    endloop
  endfacet
  facet normal -0.857515 0.514458 0
    outer loop
      vertex -44.4789 -8.80423 15.3
      vertex -44.5597 -8.93891 2.59
      vertex -44.5597 -8.93891 15.3
    endloop
  endfacet
  facet normal 0.0491116 0.998793 -0
    outer loop
      vertex -45.89 -9.65 2.59
      vertex -46.0468 -9.64229 15.3
      vertex -45.89 -9.65 15.3
    endloop
  endfacet
  facet normal 0.0491116 0.998793 0
    outer loop
      vertex -46.0468 -9.64229 15.3
      vertex -45.89 -9.65 2.59
      vertex -46.0468 -9.64229 2.59
    endloop
  endfacet
  facet normal 0.998797 -0.0490387 0
    outer loop
      vertex -47.49 -8.05 15.3
      vertex -47.4823 -7.89317 2.59
      vertex -47.4823 -7.89317 15.3
    endloop
  endfacet
  facet normal 0.998797 -0.0490387 0
    outer loop
      vertex -47.4823 -7.89317 2.59
      vertex -47.49 -8.05 15.3
      vertex -47.49 -8.05 2.59
    endloop
  endfacet
  facet normal -0.671388 0.741106 0
    outer loop
      vertex -44.7586 -9.18137 2.59
      vertex -44.875 -9.28682 15.3
      vertex -44.7586 -9.18137 15.3
    endloop
  endfacet
  facet normal -0.671388 0.741106 0
    outer loop
      vertex -44.875 -9.28682 15.3
      vertex -44.7586 -9.18137 2.59
      vertex -44.875 -9.28682 2.59
    endloop
  endfacet
  facet normal -0.500008 0.866021 0
    outer loop
      vertex -42.94 -9.75318 0
      vertex -45.89 -11.4564 2.59
      vertex -42.94 -9.75318 2.59
    endloop
  endfacet
  facet normal -0.500008 0.866021 0
    outer loop
      vertex -45.89 -11.4564 2.59
      vertex -42.94 -9.75318 0
      vertex -45.89 -11.4564 0
    endloop
  endfacet
  facet normal -1 0 0
    outer loop
      vertex -42.94 -9.75318 0
      vertex -42.94 -6.34682 2.59
      vertex -42.94 -6.34682 0
    endloop
  endfacet
  facet normal -1 -0 0
    outer loop
      vertex -42.94 -6.34682 2.59
      vertex -42.94 -9.75318 0
      vertex -42.94 -9.75318 2.59
    endloop
  endfacet
  facet normal 0.500001 -0.866025 0
    outer loop
      vertex -48.84 -6.34682 0
      vertex -45.89 -4.64363 2.59
      vertex -48.84 -6.34682 2.59
    endloop
  endfacet
  facet normal 0.500001 -0.866025 0
    outer loop
      vertex -45.89 -4.64363 2.59
      vertex -48.84 -6.34682 0
      vertex -45.89 -4.64363 0
    endloop
  endfacet
  facet normal -0.500001 -0.866025 0
    outer loop
      vertex -45.89 -4.64363 0
      vertex -42.94 -6.34682 2.59
      vertex -45.89 -4.64363 2.59
    endloop
  endfacet
  facet normal -0.500001 -0.866025 -0
    outer loop
      vertex -42.94 -6.34682 2.59
      vertex -45.89 -4.64363 0
      vertex -42.94 -6.34682 0
    endloop
  endfacet
  facet normal 1 -0 0
    outer loop
      vertex -48.84 -9.75318 2.59
      vertex -48.84 -6.34682 0
      vertex -48.84 -6.34682 2.59
    endloop
  endfacet
  facet normal 1 0 0
    outer loop
      vertex -48.84 -6.34682 0
      vertex -48.84 -9.75318 2.59
      vertex -48.84 -9.75318 0
    endloop
  endfacet
  facet normal 0.500008 0.866021 -0
    outer loop
      vertex -45.89 -11.4564 0
      vertex -48.84 -9.75318 2.59
      vertex -45.89 -11.4564 2.59
    endloop
  endfacet
  facet normal 0.500008 0.866021 0
    outer loop
      vertex -48.84 -9.75318 2.59
      vertex -45.89 -11.4564 0
      vertex -48.84 -9.75318 0
    endloop
  endfacet
  facet normal 0 0 -1
    outer loop
      vertex -42.94 -9.75318 2.59
      vertex -44.29 -8.05 2.59
      vertex -42.94 -6.34682 2.59
    endloop
  endfacet
  facet normal 0 0 -1
    outer loop
      vertex -42.94 -9.75318 2.59
      vertex -44.2977 -8.20683 2.59
      vertex -44.29 -8.05 2.59
    endloop
  endfacet
  facet normal 0 0 -1
    outer loop
      vertex -42.94 -9.75318 2.59
      vertex -44.3207 -8.36214 2.59
      vertex -44.2977 -8.20683 2.59
    endloop
  endfacet
  facet normal 0 0 -1
    outer loop
      vertex -42.94 -9.75318 2.59
      vertex -44.3589 -8.51445 2.59
      vertex -44.3207 -8.36214 2.59
    endloop
  endfacet
  facet normal 0 0 -1
    outer loop
      vertex -42.94 -9.75318 2.59
      vertex -44.4118 -8.66229 2.59
      vertex -44.3589 -8.51445 2.59
    endloop
  endfacet
  facet normal 0 0 -1
    outer loop
      vertex -42.94 -9.75318 2.59
      vertex -44.4789 -8.80423 2.59
      vertex -44.4118 -8.66229 2.59
    endloop
  endfacet
  facet normal 0 0 -1
    outer loop
      vertex -42.94 -9.75318 2.59
      vertex -44.5597 -8.93891 2.59
      vertex -44.4789 -8.80423 2.59
    endloop
  endfacet
  facet normal 0 0 -1
    outer loop
      vertex -42.94 -9.75318 2.59
      vertex -44.6532 -9.06503 2.59
      vertex -44.5597 -8.93891 2.59
    endloop
  endfacet
  facet normal 0 0 -1
    outer loop
      vertex -42.94 -9.75318 2.59
      vertex -44.7586 -9.18137 2.59
      vertex -44.6532 -9.06503 2.59
    endloop
  endfacet
  facet normal 0 0 -1
    outer loop
      vertex -42.94 -9.75318 2.59
      vertex -44.875 -9.28682 2.59
      vertex -44.7586 -9.18137 2.59
    endloop
  endfacet
  facet normal 0 0 -1
    outer loop
      vertex -42.94 -9.75318 2.59
      vertex -45.0011 -9.38035 2.59
      vertex -44.875 -9.28682 2.59
    endloop
  endfacet
  facet normal 0 0 -1
    outer loop
      vertex -42.94 -9.75318 2.59
      vertex -45.1358 -9.46107 2.59
      vertex -45.0011 -9.38035 2.59
    endloop
  endfacet
  facet normal 0 0 -1
    outer loop
      vertex -45.89 -11.4564 2.59
      vertex -45.1358 -9.46107 2.59
      vertex -42.94 -9.75318 2.59
    endloop
  endfacet
  facet normal 0 0 -1
    outer loop
      vertex -45.1358 -9.46107 2.59
      vertex -45.89 -11.4564 2.59
      vertex -45.2777 -9.52821 2.59
    endloop
  endfacet
  facet normal 0 0 -1
    outer loop
      vertex -45.2777 -9.52821 2.59
      vertex -45.89 -11.4564 2.59
      vertex -45.4255 -9.5811 2.59
    endloop
  endfacet
  facet normal 0 0 -1
    outer loop
      vertex -45.4255 -9.5811 2.59
      vertex -45.89 -11.4564 2.59
      vertex -45.5779 -9.61926 2.59
    endloop
  endfacet
  facet normal 0 0 -1
    outer loop
      vertex -45.5779 -9.61926 2.59
      vertex -45.89 -11.4564 2.59
      vertex -45.7332 -9.64229 2.59
    endloop
  endfacet
  facet normal 0 0 -1
    outer loop
      vertex -45.89 -11.4564 2.59
      vertex -45.89 -9.65 2.59
      vertex -45.7332 -9.64229 2.59
    endloop
  endfacet
  facet normal 0 0 -1
    outer loop
      vertex -45.89 -11.4564 2.59
      vertex -46.0468 -9.64229 2.59
      vertex -45.89 -9.65 2.59
    endloop
  endfacet
  facet normal 0 0 -1
    outer loop
      vertex -45.89 -11.4564 2.59
      vertex -46.2021 -9.61926 2.59
      vertex -46.0468 -9.64229 2.59
    endloop
  endfacet
  facet normal 0 0 -1
    outer loop
      vertex -45.89 -11.4564 2.59
      vertex -46.3545 -9.5811 2.59
      vertex -46.2021 -9.61926 2.59
    endloop
  endfacet
  facet normal 0 0 -1
    outer loop
      vertex -45.89 -11.4564 2.59
      vertex -46.5023 -9.52821 2.59
      vertex -46.3545 -9.5811 2.59
    endloop
  endfacet
  facet normal 0 0 -1
    outer loop
      vertex -45.89 -11.4564 2.59
      vertex -46.6442 -9.46107 2.59
      vertex -46.5023 -9.52821 2.59
    endloop
  endfacet
  facet normal 0 0 -1
    outer loop
      vertex -48.84 -9.75318 2.59
      vertex -46.6442 -9.46107 2.59
      vertex -45.89 -11.4564 2.59
    endloop
  endfacet
  facet normal -0 0 -1
    outer loop
      vertex -46.6442 -9.46107 2.59
      vertex -48.84 -9.75318 2.59
      vertex -46.7789 -9.38035 2.59
    endloop
  endfacet
  facet normal -0 0 -1
    outer loop
      vertex -46.7789 -9.38035 2.59
      vertex -48.84 -9.75318 2.59
      vertex -46.905 -9.28682 2.59
    endloop
  endfacet
  facet normal -0 0 -1
    outer loop
      vertex -46.905 -9.28682 2.59
      vertex -48.84 -9.75318 2.59
      vertex -47.0214 -9.18137 2.59
    endloop
  endfacet
  facet normal -0 0 -1
    outer loop
      vertex -47.0214 -9.18137 2.59
      vertex -48.84 -9.75318 2.59
      vertex -47.1268 -9.06503 2.59
    endloop
  endfacet
  facet normal -0 0 -1
    outer loop
      vertex -47.1268 -9.06503 2.59
      vertex -48.84 -9.75318 2.59
      vertex -47.2204 -8.93891 2.59
    endloop
  endfacet
  facet normal -0 0 -1
    outer loop
      vertex -47.4823 -8.20683 2.59
      vertex -48.84 -9.75318 2.59
      vertex -47.49 -8.05 2.59
    endloop
  endfacet
  facet normal -0 0 -1
    outer loop
      vertex -47.4593 -8.36214 2.59
      vertex -48.84 -9.75318 2.59
      vertex -47.4823 -8.20683 2.59
    endloop
  endfacet
  facet normal -0 0 -1
    outer loop
      vertex -47.4211 -8.51445 2.59
      vertex -48.84 -9.75318 2.59
      vertex -47.4593 -8.36214 2.59
    endloop
  endfacet
  facet normal -0 0 -1
    outer loop
      vertex -47.3682 -8.66229 2.59
      vertex -48.84 -9.75318 2.59
      vertex -47.4211 -8.51445 2.59
    endloop
  endfacet
  facet normal -0 0 -1
    outer loop
      vertex -47.3011 -8.80423 2.59
      vertex -48.84 -9.75318 2.59
      vertex -47.3682 -8.66229 2.59
    endloop
  endfacet
  facet normal -0 0 -1
    outer loop
      vertex -47.2204 -8.93891 2.59
      vertex -48.84 -9.75318 2.59
      vertex -47.3011 -8.80423 2.59
    endloop
  endfacet
  facet normal 0 0 -1
    outer loop
      vertex -44.2977 -7.89317 2.59
      vertex -42.94 -6.34682 2.59
      vertex -44.29 -8.05 2.59
    endloop
  endfacet
  facet normal 0 0 -1
    outer loop
      vertex -44.3207 -7.73786 2.59
      vertex -42.94 -6.34682 2.59
      vertex -44.2977 -7.89317 2.59
    endloop
  endfacet
  facet normal 0 0 -1
    outer loop
      vertex -44.3589 -7.58555 2.59
      vertex -42.94 -6.34682 2.59
      vertex -44.3207 -7.73786 2.59
    endloop
  endfacet
  facet normal 0 0 -1
    outer loop
      vertex -44.4118 -7.43771 2.59
      vertex -42.94 -6.34682 2.59
      vertex -44.3589 -7.58555 2.59
    endloop
  endfacet
  facet normal 0 0 -1
    outer loop
      vertex -44.4789 -7.29577 2.59
      vertex -42.94 -6.34682 2.59
      vertex -44.4118 -7.43771 2.59
    endloop
  endfacet
  facet normal 0 0 -1
    outer loop
      vertex -44.5597 -7.16109 2.59
      vertex -42.94 -6.34682 2.59
      vertex -44.4789 -7.29577 2.59
    endloop
  endfacet
  facet normal 0 0 -1
    outer loop
      vertex -44.6532 -7.03497 2.59
      vertex -42.94 -6.34682 2.59
      vertex -44.5597 -7.16109 2.59
    endloop
  endfacet
  facet normal 0 0 -1
    outer loop
      vertex -44.7586 -6.91863 2.59
      vertex -42.94 -6.34682 2.59
      vertex -44.6532 -7.03497 2.59
    endloop
  endfacet
  facet normal 0 0 -1
    outer loop
      vertex -44.875 -6.81318 2.59
      vertex -42.94 -6.34682 2.59
      vertex -44.7586 -6.91863 2.59
    endloop
  endfacet
  facet normal 0 0 -1
    outer loop
      vertex -45.0011 -6.71965 2.59
      vertex -42.94 -6.34682 2.59
      vertex -44.875 -6.81318 2.59
    endloop
  endfacet
  facet normal 0 0 -1
    outer loop
      vertex -45.1358 -6.63893 2.59
      vertex -42.94 -6.34682 2.59
      vertex -45.0011 -6.71965 2.59
    endloop
  endfacet
  facet normal 0 0 -1
    outer loop
      vertex -45.89 -4.64363 2.59
      vertex -45.1358 -6.63893 2.59
      vertex -45.2777 -6.57179 2.59
    endloop
  endfacet
  facet normal 0 0 -1
    outer loop
      vertex -45.89 -4.64363 2.59
      vertex -45.2777 -6.57179 2.59
      vertex -45.4255 -6.5189 2.59
    endloop
  endfacet
  facet normal 0 0 -1
    outer loop
      vertex -45.89 -4.64363 2.59
      vertex -45.4255 -6.5189 2.59
      vertex -45.5779 -6.48074 2.59
    endloop
  endfacet
  facet normal 0 0 -1
    outer loop
      vertex -45.89 -4.64363 2.59
      vertex -45.5779 -6.48074 2.59
      vertex -45.7332 -6.45771 2.59
    endloop
  endfacet
  facet normal 0 0 -1
    outer loop
      vertex -45.89 -4.64363 2.59
      vertex -45.7332 -6.45771 2.59
      vertex -45.89 -6.45 2.59
    endloop
  endfacet
  facet normal 0 0 -1
    outer loop
      vertex -45.1358 -6.63893 2.59
      vertex -45.89 -4.64363 2.59
      vertex -42.94 -6.34682 2.59
    endloop
  endfacet
  facet normal 0 0 -1
    outer loop
      vertex -46.0468 -6.45771 2.59
      vertex -45.89 -4.64363 2.59
      vertex -45.89 -6.45 2.59
    endloop
  endfacet
  facet normal 0 0 -1
    outer loop
      vertex -46.2021 -6.48074 2.59
      vertex -45.89 -4.64363 2.59
      vertex -46.0468 -6.45771 2.59
    endloop
  endfacet
  facet normal 0 0 -1
    outer loop
      vertex -46.3545 -6.5189 2.59
      vertex -45.89 -4.64363 2.59
      vertex -46.2021 -6.48074 2.59
    endloop
  endfacet
  facet normal 0 0 -1
    outer loop
      vertex -46.5023 -6.57179 2.59
      vertex -45.89 -4.64363 2.59
      vertex -46.3545 -6.5189 2.59
    endloop
  endfacet
  facet normal 0 0 -1
    outer loop
      vertex -46.6442 -6.63893 2.59
      vertex -45.89 -4.64363 2.59
      vertex -46.5023 -6.57179 2.59
    endloop
  endfacet
  facet normal 0 0 -1
    outer loop
      vertex -48.84 -6.34682 2.59
      vertex -46.6442 -6.63893 2.59
      vertex -46.7789 -6.71965 2.59
    endloop
  endfacet
  facet normal 0 0 -1
    outer loop
      vertex -48.84 -6.34682 2.59
      vertex -46.7789 -6.71965 2.59
      vertex -46.905 -6.81318 2.59
    endloop
  endfacet
  facet normal 0 0 -1
    outer loop
      vertex -48.84 -6.34682 2.59
      vertex -46.905 -6.81318 2.59
      vertex -47.0214 -6.91863 2.59
    endloop
  endfacet
  facet normal 0 0 -1
    outer loop
      vertex -48.84 -6.34682 2.59
      vertex -47.0214 -6.91863 2.59
      vertex -47.1268 -7.03497 2.59
    endloop
  endfacet
  facet normal 0 0 -1
    outer loop
      vertex -48.84 -6.34682 2.59
      vertex -47.1268 -7.03497 2.59
      vertex -47.2204 -7.16109 2.59
    endloop
  endfacet
  facet normal 0 0 -1
    outer loop
      vertex -48.84 -6.34682 2.59
      vertex -47.2204 -7.16109 2.59
      vertex -47.3011 -7.29577 2.59
    endloop
  endfacet
  facet normal 0 0 -1
    outer loop
      vertex -48.84 -6.34682 2.59
      vertex -47.49 -8.05 2.59
      vertex -48.84 -9.75318 2.59
    endloop
  endfacet
  facet normal 0 0 -1
    outer loop
      vertex -47.49 -8.05 2.59
      vertex -48.84 -6.34682 2.59
      vertex -47.4823 -7.89317 2.59
    endloop
  endfacet
  facet normal 0 0 -1
    outer loop
      vertex -47.4823 -7.89317 2.59
      vertex -48.84 -6.34682 2.59
      vertex -47.4593 -7.73786 2.59
    endloop
  endfacet
  facet normal 0 0 -1
    outer loop
      vertex -47.4593 -7.73786 2.59
      vertex -48.84 -6.34682 2.59
      vertex -47.4211 -7.58555 2.59
    endloop
  endfacet
  facet normal 0 0 -1
    outer loop
      vertex -47.4211 -7.58555 2.59
      vertex -48.84 -6.34682 2.59
      vertex -47.3682 -7.43771 2.59
    endloop
  endfacet
  facet normal 0 0 -1
    outer loop
      vertex -47.3682 -7.43771 2.59
      vertex -48.84 -6.34682 2.59
      vertex -47.3011 -7.29577 2.59
    endloop
  endfacet
  facet normal 0 0 -1
    outer loop
      vertex -46.6442 -6.63893 2.59
      vertex -48.84 -6.34682 2.59
      vertex -45.89 -4.64363 2.59
    endloop
  endfacet
  facet normal 1 -0 0
    outer loop
      vertex 27 1.1 6
      vertex 27 2.5 5.2
      vertex 27 2.5 6
    endloop
  endfacet
  facet normal 1 0 0
    outer loop
      vertex 27 2.5 5.2
      vertex 27 1.1 6
      vertex 27 1.1 5.2
    endloop
  endfacet
  facet normal 1 -0 0
    outer loop
      vertex 27 -2.5 6
      vertex 27 -1.1 5.2
      vertex 27 -1.1 6
    endloop
  endfacet
  facet normal 1 0 0
    outer loop
      vertex 27 -1.1 5.2
      vertex 27 -2.5 6
      vertex 27 -2.5 5.2
    endloop
  endfacet
  facet normal -0 0 1
    outer loop
      vertex 24 2.5 6
      vertex 27 1.1 6
      vertex 27 2.5 6
    endloop
  endfacet
  facet normal 0 0 1
    outer loop
      vertex 27 1.1 6
      vertex 24 2.5 6
      vertex 24 1.1 6
    endloop
  endfacet
  facet normal -0 0 1
    outer loop
      vertex 24 -1.1 6
      vertex 27 -2.5 6
      vertex 27 -1.1 6
    endloop
  endfacet
  facet normal 0 0 1
    outer loop
      vertex 27 -2.5 6
      vertex 24 -1.1 6
      vertex 24 -2.5 6
    endloop
  endfacet
  facet normal 0 0 -1
    outer loop
      vertex 24 1.1 5.2
      vertex 27 2.5 5.2
      vertex 27 1.1 5.2
    endloop
  endfacet
  facet normal -0 0 -1
    outer loop
      vertex 27 2.5 5.2
      vertex 24 1.1 5.2
      vertex 24 2.5 5.2
    endloop
  endfacet
  facet normal 0 0 -1
    outer loop
      vertex 24 -2.5 5.2
      vertex 27 -1.1 5.2
      vertex 27 -2.5 5.2
    endloop
  endfacet
  facet normal -0 0 -1
    outer loop
      vertex 27 -1.1 5.2
      vertex 24 -2.5 5.2
      vertex 24 -1.1 5.2
    endloop
  endfacet
  facet normal -1 0 0
    outer loop
      vertex 24 1.1 5.2
      vertex 24 2.5 6
      vertex 24 2.5 5.2
    endloop
  endfacet
  facet normal -1 -0 0
    outer loop
      vertex 24 2.5 6
      vertex 24 1.1 5.2
      vertex 24 1.1 6
    endloop
  endfacet
  facet normal -1 0 0
    outer loop
      vertex 24 -2.5 5.2
      vertex 24 -1.1 6
      vertex 24 -1.1 5.2
    endloop
  endfacet
  facet normal -1 -0 0
    outer loop
      vertex 24 -1.1 6
      vertex 24 -2.5 5.2
      vertex 24 -2.5 6
    endloop
  endfacet
  facet normal 0 -1 0
    outer loop
      vertex 45 2.5 5.2
      vertex 60 2.5 6
      vertex 45 2.5 6
    endloop
  endfacet
  facet normal 0 -1 -0
    outer loop
      vertex 60 2.5 6
      vertex 45 2.5 5.2
      vertex 60 2.5 5.2
    endloop
  endfacet
  facet normal 0 -1 0
    outer loop
      vertex 27 2.5 5.2
      vertex 42 2.5 6
      vertex 27 2.5 6
    endloop
  endfacet
  facet normal 0 -1 -0
    outer loop
      vertex 42 2.5 6
      vertex 27 2.5 5.2
      vertex 42 2.5 5.2
    endloop
  endfacet
  facet normal 0 0 0
    outer loop
      vertex 14 2.5 6
      vertex 24 2.5 6
      vertex 71 2.5 6
    endloop
  endfacet
  facet normal 0 -1 0
    outer loop
      vertex 14 2.5 6
      vertex 24 2.5 5.2
      vertex 24 2.5 6
    endloop
  endfacet
  facet normal 0 -1 0
    outer loop
      vertex 14 2.5 3
      vertex 27 2.5 5.2
      vertex 24 2.5 5.2
    endloop
  endfacet
  facet normal 0 -1 -0
    outer loop
      vertex 27 2.5 5.2
      vertex 14 2.5 3
      vertex 42 2.5 5.2
    endloop
  endfacet
  facet normal 0 -1 -0
    outer loop
      vertex 42 2.5 5.2
      vertex 14 2.5 3
      vertex 45 2.5 5.2
    endloop
  endfacet
  facet normal 0 -1 0
    outer loop
      vertex 71 2.5 3
      vertex 45 2.5 5.2
      vertex 14 2.5 3
    endloop
  endfacet
  facet normal 0 -1 0
    outer loop
      vertex 45 2.5 5.2
      vertex 71 2.5 3
      vertex 60 2.5 5.2
    endloop
  endfacet
  facet normal 0 -1 0
    outer loop
      vertex 14 2.5 3
      vertex 24 2.5 5.2
      vertex 14 2.5 6
    endloop
  endfacet
  facet normal 0 -0 0
    outer loop
      vertex 27 2.5 6
      vertex 71 2.5 6
      vertex 24 2.5 6
    endloop
  endfacet
  facet normal 0 -0 0
    outer loop
      vertex 42 2.5 6
      vertex 71 2.5 6
      vertex 27 2.5 6
    endloop
  endfacet
  facet normal 0 -0 0
    outer loop
      vertex 45 2.5 6
      vertex 71 2.5 6
      vertex 42 2.5 6
    endloop
  endfacet
  facet normal 0 -0 0
    outer loop
      vertex 60 2.5 6
      vertex 71 2.5 6
      vertex 45 2.5 6
    endloop
  endfacet
  facet normal 0 -0 0
    outer loop
      vertex 63 2.5 6
      vertex 71 2.5 6
      vertex 60 2.5 6
    endloop
  endfacet
  facet normal 0 -1 0
    outer loop
      vertex 63 2.5 5.2
      vertex 71 2.5 6
      vertex 63 2.5 6
    endloop
  endfacet
  facet normal 0 -1 0
    outer loop
      vertex 63 2.5 5.2
      vertex 71 2.5 3
      vertex 71 2.5 6
    endloop
  endfacet
  facet normal 0 -1 0
    outer loop
      vertex 60 2.5 5.2
      vertex 71 2.5 3
      vertex 63 2.5 5.2
    endloop
  endfacet
  facet normal 0 1 -0
    outer loop
      vertex 42 -2.5 5.2
      vertex 27 -2.5 6
      vertex 42 -2.5 6
    endloop
  endfacet
  facet normal 0 1 0
    outer loop
      vertex 27 -2.5 6
      vertex 42 -2.5 5.2
      vertex 27 -2.5 5.2
    endloop
  endfacet
  facet normal 0 1 -0
    outer loop
      vertex 60 -2.5 5.2
      vertex 45 -2.5 6
      vertex 60 -2.5 6
    endloop
  endfacet
  facet normal 0 1 0
    outer loop
      vertex 45 -2.5 6
      vertex 60 -2.5 5.2
      vertex 45 -2.5 5.2
    endloop
  endfacet
  facet normal 0 0 0
    outer loop
      vertex 71 -2.5 6
      vertex 63 -2.5 6
      vertex 14 -2.5 6
    endloop
  endfacet
  facet normal 0 1 0
    outer loop
      vertex 71 -2.5 6
      vertex 63 -2.5 5.2
      vertex 63 -2.5 6
    endloop
  endfacet
  facet normal 0 1 0
    outer loop
      vertex 71 -2.5 3
      vertex 60 -2.5 5.2
      vertex 63 -2.5 5.2
    endloop
  endfacet
  facet normal 0 1 0
    outer loop
      vertex 60 -2.5 5.2
      vertex 71 -2.5 3
      vertex 45 -2.5 5.2
    endloop
  endfacet
  facet normal 0 1 0
    outer loop
      vertex 45 -2.5 5.2
      vertex 71 -2.5 3
      vertex 42 -2.5 5.2
    endloop
  endfacet
  facet normal 0 1 0
    outer loop
      vertex 14 -2.5 3
      vertex 42 -2.5 5.2
      vertex 71 -2.5 3
    endloop
  endfacet
  facet normal 0 1 0
    outer loop
      vertex 42 -2.5 5.2
      vertex 14 -2.5 3
      vertex 27 -2.5 5.2
    endloop
  endfacet
  facet normal 0 1 -0
    outer loop
      vertex 71 -2.5 3
      vertex 63 -2.5 5.2
      vertex 71 -2.5 6
    endloop
  endfacet
  facet normal 0 0 -0
    outer loop
      vertex 60 -2.5 6
      vertex 14 -2.5 6
      vertex 63 -2.5 6
    endloop
  endfacet
  facet normal 0 0 -0
    outer loop
      vertex 45 -2.5 6
      vertex 14 -2.5 6
      vertex 60 -2.5 6
    endloop
  endfacet
  facet normal 0 0 -0
    outer loop
      vertex 42 -2.5 6
      vertex 14 -2.5 6
      vertex 45 -2.5 6
    endloop
  endfacet
  facet normal 0 0 -0
    outer loop
      vertex 27 -2.5 6
      vertex 14 -2.5 6
      vertex 42 -2.5 6
    endloop
  endfacet
  facet normal 0 0 -0
    outer loop
      vertex 24 -2.5 6
      vertex 14 -2.5 6
      vertex 27 -2.5 6
    endloop
  endfacet
  facet normal 0 1 -0
    outer loop
      vertex 24 -2.5 5.2
      vertex 14 -2.5 6
      vertex 24 -2.5 6
    endloop
  endfacet
  facet normal 0 1 0
    outer loop
      vertex 24 -2.5 5.2
      vertex 14 -2.5 3
      vertex 14 -2.5 6
    endloop
  endfacet
  facet normal 0 1 0
    outer loop
      vertex 27 -2.5 5.2
      vertex 14 -2.5 3
      vertex 24 -2.5 5.2
    endloop
  endfacet
  facet normal 0 -1 0
    outer loop
      vertex 24 1.1 5.2
      vertex 27 1.1 6
      vertex 24 1.1 6
    endloop
  endfacet
  facet normal 0 -1 -0
    outer loop
      vertex 27 1.1 6
      vertex 24 1.1 5.2
      vertex 27 1.1 5.2
    endloop
  endfacet
  facet normal 0 1 -0
    outer loop
      vertex 27 -1.1 5.2
      vertex 24 -1.1 6
      vertex 27 -1.1 6
    endloop
  endfacet
  facet normal 0 1 0
    outer loop
      vertex 24 -1.1 6
      vertex 27 -1.1 5.2
      vertex 24 -1.1 5.2
    endloop
  endfacet
  facet normal 1 -0 0
    outer loop
      vertex 45 1.1 6
      vertex 45 2.5 5.2
      vertex 45 2.5 6
    endloop
  endfacet
  facet normal 1 0 0
    outer loop
      vertex 45 2.5 5.2
      vertex 45 1.1 6
      vertex 45 1.1 5.2
    endloop
  endfacet
  facet normal 1 -0 0
    outer loop
      vertex 45 -2.5 6
      vertex 45 -1.1 5.2
      vertex 45 -1.1 6
    endloop
  endfacet
  facet normal 1 0 0
    outer loop
      vertex 45 -1.1 5.2
      vertex 45 -2.5 6
      vertex 45 -2.5 5.2
    endloop
  endfacet
  facet normal -0 0 1
    outer loop
      vertex 42 2.5 6
      vertex 45 1.1 6
      vertex 45 2.5 6
    endloop
  endfacet
  facet normal 0 0 1
    outer loop
      vertex 45 1.1 6
      vertex 42 2.5 6
      vertex 42 1.1 6
    endloop
  endfacet
  facet normal -0 0 1
    outer loop
      vertex 42 -1.1 6
      vertex 45 -2.5 6
      vertex 45 -1.1 6
    endloop
  endfacet
  facet normal 0 0 1
    outer loop
      vertex 45 -2.5 6
      vertex 42 -1.1 6
      vertex 42 -2.5 6
    endloop
  endfacet
  facet normal 0 0 -1
    outer loop
      vertex 42 1.1 5.2
      vertex 45 2.5 5.2
      vertex 45 1.1 5.2
    endloop
  endfacet
  facet normal -0 0 -1
    outer loop
      vertex 45 2.5 5.2
      vertex 42 1.1 5.2
      vertex 42 2.5 5.2
    endloop
  endfacet
  facet normal 0 0 -1
    outer loop
      vertex 42 -2.5 5.2
      vertex 45 -1.1 5.2
      vertex 45 -2.5 5.2
    endloop
  endfacet
  facet normal -0 0 -1
    outer loop
      vertex 45 -1.1 5.2
      vertex 42 -2.5 5.2
      vertex 42 -1.1 5.2
    endloop
  endfacet
  facet normal -1 0 0
    outer loop
      vertex 42 1.1 5.2
      vertex 42 2.5 6
      vertex 42 2.5 5.2
    endloop
  endfacet
  facet normal -1 -0 0
    outer loop
      vertex 42 2.5 6
      vertex 42 1.1 5.2
      vertex 42 1.1 6
    endloop
  endfacet
  facet normal -1 0 0
    outer loop
      vertex 42 -2.5 5.2
      vertex 42 -1.1 6
      vertex 42 -1.1 5.2
    endloop
  endfacet
  facet normal -1 -0 0
    outer loop
      vertex 42 -1.1 6
      vertex 42 -2.5 5.2
      vertex 42 -2.5 6
    endloop
  endfacet
  facet normal 0 -1 0
    outer loop
      vertex 42 1.1 5.2
      vertex 45 1.1 6
      vertex 42 1.1 6
    endloop
  endfacet
  facet normal 0 -1 -0
    outer loop
      vertex 45 1.1 6
      vertex 42 1.1 5.2
      vertex 45 1.1 5.2
    endloop
  endfacet
  facet normal 0 1 -0
    outer loop
      vertex 45 -1.1 5.2
      vertex 42 -1.1 6
      vertex 45 -1.1 6
    endloop
  endfacet
  facet normal 0 1 0
    outer loop
      vertex 42 -1.1 6
      vertex 45 -1.1 5.2
      vertex 42 -1.1 5.2
    endloop
  endfacet
  facet normal 1 -0 0
    outer loop
      vertex 63 1.1 6
      vertex 63 2.5 5.2
      vertex 63 2.5 6
    endloop
  endfacet
  facet normal 1 0 0
    outer loop
      vertex 63 2.5 5.2
      vertex 63 1.1 6
      vertex 63 1.1 5.2
    endloop
  endfacet
  facet normal 1 -0 0
    outer loop
      vertex 63 -2.5 6
      vertex 63 -1.1 5.2
      vertex 63 -1.1 6
    endloop
  endfacet
  facet normal 1 0 0
    outer loop
      vertex 63 -1.1 5.2
      vertex 63 -2.5 6
      vertex 63 -2.5 5.2
    endloop
  endfacet
  facet normal -0 0 1
    outer loop
      vertex 60 2.5 6
      vertex 63 1.1 6
      vertex 63 2.5 6
    endloop
  endfacet
  facet normal 0 0 1
    outer loop
      vertex 63 1.1 6
      vertex 60 2.5 6
      vertex 60 1.1 6
    endloop
  endfacet
  facet normal -0 0 1
    outer loop
      vertex 60 -1.1 6
      vertex 63 -2.5 6
      vertex 63 -1.1 6
    endloop
  endfacet
  facet normal 0 0 1
    outer loop
      vertex 63 -2.5 6
      vertex 60 -1.1 6
      vertex 60 -2.5 6
    endloop
  endfacet
  facet normal 0 0 -1
    outer loop
      vertex 60 1.1 5.2
      vertex 63 2.5 5.2
      vertex 63 1.1 5.2
    endloop
  endfacet
  facet normal -0 0 -1
    outer loop
      vertex 63 2.5 5.2
      vertex 60 1.1 5.2
      vertex 60 2.5 5.2
    endloop
  endfacet
  facet normal 0 0 -1
    outer loop
      vertex 60 -2.5 5.2
      vertex 63 -1.1 5.2
      vertex 63 -2.5 5.2
    endloop
  endfacet
  facet normal -0 0 -1
    outer loop
      vertex 63 -1.1 5.2
      vertex 60 -2.5 5.2
      vertex 60 -1.1 5.2
    endloop
  endfacet
  facet normal -1 0 0
    outer loop
      vertex 60 1.1 5.2
      vertex 60 2.5 6
      vertex 60 2.5 5.2
    endloop
  endfacet
  facet normal -1 -0 0
    outer loop
      vertex 60 2.5 6
      vertex 60 1.1 5.2
      vertex 60 1.1 6
    endloop
  endfacet
  facet normal -1 0 0
    outer loop
      vertex 60 -2.5 5.2
      vertex 60 -1.1 6
      vertex 60 -1.1 5.2
    endloop
  endfacet
  facet normal -1 -0 0
    outer loop
      vertex 60 -1.1 6
      vertex 60 -2.5 5.2
      vertex 60 -2.5 6
    endloop
  endfacet
  facet normal 0 -1 0
    outer loop
      vertex 60 1.1 5.2
      vertex 63 1.1 6
      vertex 60 1.1 6
    endloop
  endfacet
  facet normal 0 -1 -0
    outer loop
      vertex 63 1.1 6
      vertex 60 1.1 5.2
      vertex 63 1.1 5.2
    endloop
  endfacet
  facet normal 0 1 -0
    outer loop
      vertex 63 -1.1 5.2
      vertex 60 -1.1 6
      vertex 63 -1.1 6
    endloop
  endfacet
  facet normal 0 1 0
    outer loop
      vertex 60 -1.1 6
      vertex 63 -1.1 5.2
      vertex 60 -1.1 5.2
    endloop
  endfacet
  facet normal -1 0 0
    outer loop
      vertex 71 -2.5 3
      vertex 71 2.5 6
      vertex 71 2.5 3
    endloop
  endfacet
  facet normal -1 -0 0
    outer loop
      vertex 71 2.5 6
      vertex 71 -2.5 3
      vertex 71 -2.5 6
    endloop
  endfacet
  facet normal 0 0 1
    outer loop
      vertex 71 2.5 3
      vertex 22.25 0 3
      vertex 71 -2.5 3
    endloop
  endfacet
  facet normal 0 0 1
    outer loop
      vertex 71 2.5 3
      vertex 22.2392 0.220538 3
      vertex 22.25 0 3
    endloop
  endfacet
  facet normal 0 0 1
    outer loop
      vertex 71 2.5 3
      vertex 22.2068 0.438952 3
      vertex 22.2392 0.220538 3
    endloop
  endfacet
  facet normal 0 0 1
    outer loop
      vertex 71 2.5 3
      vertex 22.1531 0.65314 3
      vertex 22.2068 0.438952 3
    endloop
  endfacet
  facet normal 0 0 1
    outer loop
      vertex 71 2.5 3
      vertex 22.0787 0.861037 3
      vertex 22.1531 0.65314 3
    endloop
  endfacet
  facet normal 0 0 1
    outer loop
      vertex 71 2.5 3
      vertex 21.9843 1.06064 3
      vertex 22.0787 0.861037 3
    endloop
  endfacet
  facet normal 0 0 1
    outer loop
      vertex 71 2.5 3
      vertex 21.8708 1.25003 3
      vertex 21.9843 1.06064 3
    endloop
  endfacet
  facet normal 0 0 1
    outer loop
      vertex 71 2.5 3
      vertex 21.7393 1.42738 3
      vertex 21.8708 1.25003 3
    endloop
  endfacet
  facet normal 0 0 1
    outer loop
      vertex 71 2.5 3
      vertex 21.591 1.59099 3
      vertex 21.7393 1.42738 3
    endloop
  endfacet
  facet normal 0 0 1
    outer loop
      vertex 71 2.5 3
      vertex 21.4274 1.73927 3
      vertex 21.591 1.59099 3
    endloop
  endfacet
  facet normal 0 0 1
    outer loop
      vertex 71 2.5 3
      vertex 21.25 1.87081 3
      vertex 21.4274 1.73927 3
    endloop
  endfacet
  facet normal 0 0 1
    outer loop
      vertex 71 2.5 3
      vertex 21.0606 1.98432 3
      vertex 21.25 1.87081 3
    endloop
  endfacet
  facet normal 0 0 1
    outer loop
      vertex 71 2.5 3
      vertex 20.861 2.07873 3
      vertex 21.0606 1.98432 3
    endloop
  endfacet
  facet normal 0 0 1
    outer loop
      vertex 71 2.5 3
      vertex 20.6531 2.15312 3
      vertex 20.861 2.07873 3
    endloop
  endfacet
  facet normal 0 0 1
    outer loop
      vertex 71 2.5 3
      vertex 20.439 2.20677 3
      vertex 20.6531 2.15312 3
    endloop
  endfacet
  facet normal 0 0 1
    outer loop
      vertex 71 2.5 3
      vertex 20.2205 2.23917 3
      vertex 20.439 2.20677 3
    endloop
  endfacet
  facet normal 0 0 1
    outer loop
      vertex 71 2.5 3
      vertex 20 2.25 3
      vertex 20.2205 2.23917 3
    endloop
  endfacet
  facet normal 0 0 1
    outer loop
      vertex 17.7608 0.220538 3
      vertex 14 2.5 3
      vertex 17.75 0 3
    endloop
  endfacet
  facet normal 0 0 1
    outer loop
      vertex 17.7932 0.438952 3
      vertex 14 2.5 3
      vertex 17.7608 0.220538 3
    endloop
  endfacet
  facet normal 0 0 1
    outer loop
      vertex 17.8469 0.65314 3
      vertex 14 2.5 3
      vertex 17.7932 0.438952 3
    endloop
  endfacet
  facet normal 0 0 1
    outer loop
      vertex 17.9213 0.861037 3
      vertex 14 2.5 3
      vertex 17.8469 0.65314 3
    endloop
  endfacet
  facet normal 0 0 1
    outer loop
      vertex 18.0157 1.06064 3
      vertex 14 2.5 3
      vertex 17.9213 0.861037 3
    endloop
  endfacet
  facet normal 0 0 1
    outer loop
      vertex 18.1292 1.25003 3
      vertex 14 2.5 3
      vertex 18.0157 1.06064 3
    endloop
  endfacet
  facet normal 0 0 1
    outer loop
      vertex 18.2607 1.42738 3
      vertex 14 2.5 3
      vertex 18.1292 1.25003 3
    endloop
  endfacet
  facet normal 0 0 1
    outer loop
      vertex 18.409 1.59099 3
      vertex 14 2.5 3
      vertex 18.2607 1.42738 3
    endloop
  endfacet
  facet normal 0 0 1
    outer loop
      vertex 18.5726 1.73927 3
      vertex 14 2.5 3
      vertex 18.409 1.59099 3
    endloop
  endfacet
  facet normal 0 0 1
    outer loop
      vertex 18.75 1.87081 3
      vertex 14 2.5 3
      vertex 18.5726 1.73927 3
    endloop
  endfacet
  facet normal 0 0 1
    outer loop
      vertex 18.9394 1.98432 3
      vertex 14 2.5 3
      vertex 18.75 1.87081 3
    endloop
  endfacet
  facet normal 0 0 1
    outer loop
      vertex 19.139 2.07873 3
      vertex 14 2.5 3
      vertex 18.9394 1.98432 3
    endloop
  endfacet
  facet normal 0 0 1
    outer loop
      vertex 19.3469 2.15312 3
      vertex 14 2.5 3
      vertex 19.139 2.07873 3
    endloop
  endfacet
  facet normal 0 0 1
    outer loop
      vertex 19.561 2.20677 3
      vertex 14 2.5 3
      vertex 19.3469 2.15312 3
    endloop
  endfacet
  facet normal 0 0 1
    outer loop
      vertex 19.7795 2.23917 3
      vertex 14 2.5 3
      vertex 19.561 2.20677 3
    endloop
  endfacet
  facet normal 0 0 1
    outer loop
      vertex 20 2.25 3
      vertex 14 2.5 3
      vertex 19.7795 2.23917 3
    endloop
  endfacet
  facet normal -0 0 1
    outer loop
      vertex 14 2.5 3
      vertex 20 2.25 3
      vertex 71 2.5 3
    endloop
  endfacet
  facet normal -0 0 1
    outer loop
      vertex 22.2392 -0.220538 3
      vertex 71 -2.5 3
      vertex 22.25 0 3
    endloop
  endfacet
  facet normal -0 0 1
    outer loop
      vertex 22.2068 -0.438952 3
      vertex 71 -2.5 3
      vertex 22.2392 -0.220538 3
    endloop
  endfacet
  facet normal -0 0 1
    outer loop
      vertex 22.1531 -0.65314 3
      vertex 71 -2.5 3
      vertex 22.2068 -0.438952 3
    endloop
  endfacet
  facet normal -0 0 1
    outer loop
      vertex 22.0787 -0.861037 3
      vertex 71 -2.5 3
      vertex 22.1531 -0.65314 3
    endloop
  endfacet
  facet normal -0 0 1
    outer loop
      vertex 21.9843 -1.06064 3
      vertex 71 -2.5 3
      vertex 22.0787 -0.861037 3
    endloop
  endfacet
  facet normal -0 0 1
    outer loop
      vertex 21.8708 -1.25003 3
      vertex 71 -2.5 3
      vertex 21.9843 -1.06064 3
    endloop
  endfacet
  facet normal -0 0 1
    outer loop
      vertex 21.7393 -1.42738 3
      vertex 71 -2.5 3
      vertex 21.8708 -1.25003 3
    endloop
  endfacet
  facet normal -0 0 1
    outer loop
      vertex 21.591 -1.59099 3
      vertex 71 -2.5 3
      vertex 21.7393 -1.42738 3
    endloop
  endfacet
  facet normal -0 0 1
    outer loop
      vertex 21.4274 -1.73927 3
      vertex 71 -2.5 3
      vertex 21.591 -1.59099 3
    endloop
  endfacet
  facet normal -0 0 1
    outer loop
      vertex 21.25 -1.87081 3
      vertex 71 -2.5 3
      vertex 21.4274 -1.73927 3
    endloop
  endfacet
  facet normal -0 0 1
    outer loop
      vertex 21.0606 -1.98432 3
      vertex 71 -2.5 3
      vertex 21.25 -1.87081 3
    endloop
  endfacet
  facet normal -0 0 1
    outer loop
      vertex 20.861 -2.07873 3
      vertex 71 -2.5 3
      vertex 21.0606 -1.98432 3
    endloop
  endfacet
  facet normal -0 0 1
    outer loop
      vertex 20.6531 -2.15312 3
      vertex 71 -2.5 3
      vertex 20.861 -2.07873 3
    endloop
  endfacet
  facet normal -0 0 1
    outer loop
      vertex 20.439 -2.20677 3
      vertex 71 -2.5 3
      vertex 20.6531 -2.15312 3
    endloop
  endfacet
  facet normal -0 0 1
    outer loop
      vertex 20.2205 -2.23917 3
      vertex 71 -2.5 3
      vertex 20.439 -2.20677 3
    endloop
  endfacet
  facet normal -0 0 1
    outer loop
      vertex 20 -2.25 3
      vertex 71 -2.5 3
      vertex 20.2205 -2.23917 3
    endloop
  endfacet
  facet normal 0 0 1
    outer loop
      vertex 14 -2.5 3
      vertex 17.75 0 3
      vertex 14 2.5 3
    endloop
  endfacet
  facet normal 0 0 1
    outer loop
      vertex 17.75 0 3
      vertex 14 -2.5 3
      vertex 17.7608 -0.220538 3
    endloop
  endfacet
  facet normal 0 0 1
    outer loop
      vertex 17.7608 -0.220538 3
      vertex 14 -2.5 3
      vertex 17.7932 -0.438952 3
    endloop
  endfacet
  facet normal 0 0 1
    outer loop
      vertex 17.7932 -0.438952 3
      vertex 14 -2.5 3
      vertex 17.8469 -0.65314 3
    endloop
  endfacet
  facet normal 0 0 1
    outer loop
      vertex 17.8469 -0.65314 3
      vertex 14 -2.5 3
      vertex 17.9213 -0.861037 3
    endloop
  endfacet
  facet normal 0 0 1
    outer loop
      vertex 17.9213 -0.861037 3
      vertex 14 -2.5 3
      vertex 18.0157 -1.06064 3
    endloop
  endfacet
  facet normal 0 0 1
    outer loop
      vertex 18.0157 -1.06064 3
      vertex 14 -2.5 3
      vertex 18.1292 -1.25003 3
    endloop
  endfacet
  facet normal 0 0 1
    outer loop
      vertex 18.1292 -1.25003 3
      vertex 14 -2.5 3
      vertex 18.2607 -1.42738 3
    endloop
  endfacet
  facet normal 0 0 1
    outer loop
      vertex 20 -2.25 3
      vertex 14 -2.5 3
      vertex 71 -2.5 3
    endloop
  endfacet
  facet normal 0 0 1
    outer loop
      vertex 19.7795 -2.23917 3
      vertex 14 -2.5 3
      vertex 20 -2.25 3
    endloop
  endfacet
  facet normal 0 0 1
    outer loop
      vertex 19.561 -2.20677 3
      vertex 14 -2.5 3
      vertex 19.7795 -2.23917 3
    endloop
  endfacet
  facet normal 0 0 1
    outer loop
      vertex 19.3469 -2.15312 3
      vertex 14 -2.5 3
      vertex 19.561 -2.20677 3
    endloop
  endfacet
  facet normal 0 0 1
    outer loop
      vertex 19.139 -2.07873 3
      vertex 14 -2.5 3
      vertex 19.3469 -2.15312 3
    endloop
  endfacet
  facet normal 0 0 1
    outer loop
      vertex 18.9394 -1.98432 3
      vertex 14 -2.5 3
      vertex 19.139 -2.07873 3
    endloop
  endfacet
  facet normal 0 0 1
    outer loop
      vertex 18.75 -1.87081 3
      vertex 14 -2.5 3
      vertex 18.9394 -1.98432 3
    endloop
  endfacet
  facet normal 0 0 1
    outer loop
      vertex 18.5726 -1.73927 3
      vertex 14 -2.5 3
      vertex 18.75 -1.87081 3
    endloop
  endfacet
  facet normal 0 0 1
    outer loop
      vertex 18.409 -1.59099 3
      vertex 14 -2.5 3
      vertex 18.5726 -1.73927 3
    endloop
  endfacet
  facet normal 0 0 1
    outer loop
      vertex 18.2607 -1.42738 3
      vertex 14 -2.5 3
      vertex 18.409 -1.59099 3
    endloop
  endfacet
  facet normal 1 -0 0
    outer loop
      vertex 14 -2.5 6
      vertex 14 2.5 3
      vertex 14 2.5 6
    endloop
  endfacet
  facet normal 1 0 0
    outer loop
      vertex 14 2.5 3
      vertex 14 -2.5 6
      vertex 14 -2.5 3
    endloop
  endfacet
  facet normal -0.857734 0.514094 0
    outer loop
      vertex 2.07867 -1.38893 3.1
      vertex 2.2048 -1.17849 6
      vertex 2.2048 -1.17849 3.1
    endloop
  endfacet
  facet normal -0.857734 0.514094 0
    outer loop
      vertex 2.2048 -1.17849 6
      vertex 2.07867 -1.38893 3.1
      vertex 2.07867 -1.38893 6
    endloop
  endfacet
  facet normal -0.989176 -0.146737 0
    outer loop
      vertex 2.48796 0.245043 3.1
      vertex 2.45196 0.487725 6
      vertex 2.45196 0.487725 3.1
    endloop
  endfacet
  facet normal -0.989176 -0.146737 0
    outer loop
      vertex 2.45196 0.487725 6
      vertex 2.48796 0.245043 3.1
      vertex 2.48796 0.245043 6
    endloop
  endfacet
  facet normal -0.998795 -0.049075 0
    outer loop
      vertex 2.5 0 3.1
      vertex 2.48796 0.245043 6
      vertex 2.48796 0.245043 3.1
    endloop
  endfacet
  facet normal -0.998795 -0.049075 0
    outer loop
      vertex 2.48796 0.245043 6
      vertex 2.5 0 3.1
      vertex 2.5 0 6
    endloop
  endfacet
  facet normal -0.970034 -0.242971 0
    outer loop
      vertex 2.45196 0.487725 3.1
      vertex 2.39235 0.725711 6
      vertex 2.39235 0.725711 3.1
    endloop
  endfacet
  facet normal -0.970034 -0.242971 0
    outer loop
      vertex 2.39235 0.725711 6
      vertex 2.45196 0.487725 3.1
      vertex 2.45196 0.487725 6
    endloop
  endfacet
  facet normal -0.857734 -0.514094 0
    outer loop
      vertex 2.2048 1.17849 3.1
      vertex 2.07867 1.38893 6
      vertex 2.07867 1.38893 3.1
    endloop
  endfacet
  facet normal -0.857734 -0.514094 0
    outer loop
      vertex 2.07867 1.38893 6
      vertex 2.2048 1.17849 3.1
      vertex 2.2048 1.17849 6
    endloop
  endfacet
  facet normal 0.970034 0.242971 0
    outer loop
      vertex -2.39235 -0.725711 6
      vertex -2.45196 -0.487725 3.1
      vertex -2.45196 -0.487725 6
    endloop
  endfacet
  facet normal 0.970034 0.242971 0
    outer loop
      vertex -2.45196 -0.487725 3.1
      vertex -2.39235 -0.725711 6
      vertex -2.39235 -0.725711 3.1
    endloop
  endfacet
  facet normal -0.941547 0.336882 0
    outer loop
      vertex 2.3097 -0.956708 3.1
      vertex 2.39235 -0.725711 6
      vertex 2.39235 -0.725711 3.1
    endloop
  endfacet
  facet normal -0.941547 0.336882 0
    outer loop
      vertex 2.39235 -0.725711 6
      vertex 2.3097 -0.956708 3.1
      vertex 2.3097 -0.956708 6
    endloop
  endfacet
  facet normal -0.803212 0.595693 0
    outer loop
      vertex 1.93253 -1.58598 3.1
      vertex 2.07867 -1.38893 6
      vertex 2.07867 -1.38893 3.1
    endloop
  endfacet
  facet normal -0.803212 0.595693 0
    outer loop
      vertex 2.07867 -1.38893 6
      vertex 1.93253 -1.58598 3.1
      vertex 1.93253 -1.58598 6
    endloop
  endfacet
  facet normal 0.941547 -0.336882 0
    outer loop
      vertex -2.39235 0.725711 6
      vertex -2.3097 0.956708 3.1
      vertex -2.3097 0.956708 6
    endloop
  endfacet
  facet normal 0.941547 -0.336882 0
    outer loop
      vertex -2.3097 0.956708 3.1
      vertex -2.39235 0.725711 6
      vertex -2.39235 0.725711 3.1
    endloop
  endfacet
  facet normal -0.671548 -0.740961 0
    outer loop
      vertex 1.58598 1.93253 3.1
      vertex 1.76777 1.76777 6
      vertex 1.58598 1.93253 6
    endloop
  endfacet
  facet normal -0.671548 -0.740961 -0
    outer loop
      vertex 1.76777 1.76777 6
      vertex 1.58598 1.93253 3.1
      vertex 1.76777 1.76777 3.1
    endloop
  endfacet
  facet normal -0.740961 -0.671548 0
    outer loop
      vertex 1.93253 1.58598 3.1
      vertex 1.76777 1.76777 6
      vertex 1.76777 1.76777 3.1
    endloop
  endfacet
  facet normal -0.740961 -0.671548 0
    outer loop
      vertex 1.76777 1.76777 6
      vertex 1.93253 1.58598 3.1
      vertex 1.93253 1.58598 6
    endloop
  endfacet
  facet normal 0.903982 -0.427572 0
    outer loop
      vertex -2.3097 0.956708 6
      vertex -2.2048 1.17849 3.1
      vertex -2.2048 1.17849 6
    endloop
  endfacet
  facet normal 0.903982 -0.427572 0
    outer loop
      vertex -2.2048 1.17849 3.1
      vertex -2.3097 0.956708 6
      vertex -2.3097 0.956708 3.1
    endloop
  endfacet
  facet normal 0.671548 -0.740961 0
    outer loop
      vertex -1.76777 1.76777 3.1
      vertex -1.58598 1.93253 6
      vertex -1.76777 1.76777 6
    endloop
  endfacet
  facet normal 0.671548 -0.740961 0
    outer loop
      vertex -1.58598 1.93253 6
      vertex -1.76777 1.76777 3.1
      vertex -1.58598 1.93253 3.1
    endloop
  endfacet
  facet normal -0.514094 -0.857734 0
    outer loop
      vertex 1.17849 2.2048 3.1
      vertex 1.38893 2.07867 6
      vertex 1.17849 2.2048 6
    endloop
  endfacet
  facet normal -0.514094 -0.857734 -0
    outer loop
      vertex 1.38893 2.07867 6
      vertex 1.17849 2.2048 3.1
      vertex 1.38893 2.07867 3.1
    endloop
  endfacet
  facet normal -0.595693 -0.803212 0
    outer loop
      vertex 1.38893 2.07867 3.1
      vertex 1.58598 1.93253 6
      vertex 1.38893 2.07867 6
    endloop
  endfacet
  facet normal -0.595693 -0.803212 -0
    outer loop
      vertex 1.58598 1.93253 6
      vertex 1.38893 2.07867 3.1
      vertex 1.58598 1.93253 3.1
    endloop
  endfacet
  facet normal -0.336882 0.941547 0
    outer loop
      vertex 0.956708 -2.3097 3.1
      vertex 0.725711 -2.39235 6
      vertex 0.956708 -2.3097 6
    endloop
  endfacet
  facet normal -0.336882 0.941547 0
    outer loop
      vertex 0.725711 -2.39235 6
      vertex 0.956708 -2.3097 3.1
      vertex 0.725711 -2.39235 3.1
    endloop
  endfacet
  facet normal 0.146737 0.989176 -0
    outer loop
      vertex -0.245043 -2.48796 3.1
      vertex -0.487725 -2.45196 6
      vertex -0.245043 -2.48796 6
    endloop
  endfacet
  facet normal 0.146737 0.989176 0
    outer loop
      vertex -0.487725 -2.45196 6
      vertex -0.245043 -2.48796 3.1
      vertex -0.487725 -2.45196 3.1
    endloop
  endfacet
  facet normal -0.049075 -0.998795 0
    outer loop
      vertex 0 2.5 3.1
      vertex 0.245043 2.48796 6
      vertex 0 2.5 6
    endloop
  endfacet
  facet normal -0.049075 -0.998795 -0
    outer loop
      vertex 0.245043 2.48796 6
      vertex 0 2.5 3.1
      vertex 0.245043 2.48796 3.1
    endloop
  endfacet
  facet normal 0.857734 -0.514094 0
    outer loop
      vertex -2.2048 1.17849 6
      vertex -2.07867 1.38893 3.1
      vertex -2.07867 1.38893 6
    endloop
  endfacet
  facet normal 0.857734 -0.514094 0
    outer loop
      vertex -2.07867 1.38893 3.1
      vertex -2.2048 1.17849 6
      vertex -2.2048 1.17849 3.1
    endloop
  endfacet
  facet normal 0.049075 0.998795 -0
    outer loop
      vertex 0 -2.5 3.1
      vertex -0.245043 -2.48796 6
      vertex 0 -2.5 6
    endloop
  endfacet
  facet normal 0.049075 0.998795 0
    outer loop
      vertex -0.245043 -2.48796 6
      vertex 0 -2.5 3.1
      vertex -0.245043 -2.48796 3.1
    endloop
  endfacet
  facet normal 0.989176 -0.146737 0
    outer loop
      vertex -2.48796 0.245043 6
      vertex -2.45196 0.487725 3.1
      vertex -2.45196 0.487725 6
    endloop
  endfacet
  facet normal 0.989176 -0.146737 0
    outer loop
      vertex -2.45196 0.487725 3.1
      vertex -2.48796 0.245043 6
      vertex -2.48796 0.245043 3.1
    endloop
  endfacet
  facet normal -0.998795 0.049075 0
    outer loop
      vertex 2.48796 -0.245043 3.1
      vertex 2.5 0 6
      vertex 2.5 0 3.1
    endloop
  endfacet
  facet normal -0.998795 0.049075 0
    outer loop
      vertex 2.5 0 6
      vertex 2.48796 -0.245043 3.1
      vertex 2.48796 -0.245043 6
    endloop
  endfacet
  facet normal 0.903982 0.427572 0
    outer loop
      vertex -2.2048 -1.17849 6
      vertex -2.3097 -0.956708 3.1
      vertex -2.3097 -0.956708 6
    endloop
  endfacet
  facet normal 0.903982 0.427572 0
    outer loop
      vertex -2.3097 -0.956708 3.1
      vertex -2.2048 -1.17849 6
      vertex -2.2048 -1.17849 3.1
    endloop
  endfacet
  facet normal 0.998795 0.049075 0
    outer loop
      vertex -2.48796 -0.245043 6
      vertex -2.5 0 3.1
      vertex -2.5 0 6
    endloop
  endfacet
  facet normal 0.998795 0.049075 0
    outer loop
      vertex -2.5 0 3.1
      vertex -2.48796 -0.245043 6
      vertex -2.48796 -0.245043 3.1
    endloop
  endfacet
  facet normal -0.514094 0.857734 0
    outer loop
      vertex 1.38893 -2.07867 3.1
      vertex 1.17849 -2.2048 6
      vertex 1.38893 -2.07867 6
    endloop
  endfacet
  facet normal -0.514094 0.857734 0
    outer loop
      vertex 1.17849 -2.2048 6
      vertex 1.38893 -2.07867 3.1
      vertex 1.17849 -2.2048 3.1
    endloop
  endfacet
  facet normal 0.427572 0.903982 -0
    outer loop
      vertex -0.956708 -2.3097 3.1
      vertex -1.17849 -2.2048 6
      vertex -0.956708 -2.3097 6
    endloop
  endfacet
  facet normal 0.427572 0.903982 0
    outer loop
      vertex -1.17849 -2.2048 6
      vertex -0.956708 -2.3097 3.1
      vertex -1.17849 -2.2048 3.1
    endloop
  endfacet
  facet normal -0.903982 -0.427572 0
    outer loop
      vertex 2.3097 0.956708 3.1
      vertex 2.2048 1.17849 6
      vertex 2.2048 1.17849 3.1
    endloop
  endfacet
  facet normal -0.903982 -0.427572 0
    outer loop
      vertex 2.2048 1.17849 6
      vertex 2.3097 0.956708 3.1
      vertex 2.3097 0.956708 6
    endloop
  endfacet
  facet normal 0.427572 -0.903982 0
    outer loop
      vertex -1.17849 2.2048 3.1
      vertex -0.956708 2.3097 6
      vertex -1.17849 2.2048 6
    endloop
  endfacet
  facet normal 0.427572 -0.903982 0
    outer loop
      vertex -0.956708 2.3097 6
      vertex -1.17849 2.2048 3.1
      vertex -0.956708 2.3097 3.1
    endloop
  endfacet
  facet normal 0.242971 -0.970034 0
    outer loop
      vertex -0.725711 2.39235 3.1
      vertex -0.487725 2.45196 6
      vertex -0.725711 2.39235 6
    endloop
  endfacet
  facet normal 0.242971 -0.970034 0
    outer loop
      vertex -0.487725 2.45196 6
      vertex -0.725711 2.39235 3.1
      vertex -0.487725 2.45196 3.1
    endloop
  endfacet
  facet normal -0.146737 0.989176 0
    outer loop
      vertex 0.487725 -2.45196 3.1
      vertex 0.245043 -2.48796 6
      vertex 0.487725 -2.45196 6
    endloop
  endfacet
  facet normal -0.146737 0.989176 0
    outer loop
      vertex 0.245043 -2.48796 6
      vertex 0.487725 -2.45196 3.1
      vertex 0.245043 -2.48796 3.1
    endloop
  endfacet
  facet normal 0.941547 0.336882 0
    outer loop
      vertex -2.3097 -0.956708 6
      vertex -2.39235 -0.725711 3.1
      vertex -2.39235 -0.725711 6
    endloop
  endfacet
  facet normal 0.941547 0.336882 0
    outer loop
      vertex -2.39235 -0.725711 3.1
      vertex -2.3097 -0.956708 6
      vertex -2.3097 -0.956708 3.1
    endloop
  endfacet
  facet normal -0.740961 0.671548 0
    outer loop
      vertex 1.76777 -1.76777 3.1
      vertex 1.93253 -1.58598 6
      vertex 1.93253 -1.58598 3.1
    endloop
  endfacet
  facet normal -0.740961 0.671548 0
    outer loop
      vertex 1.93253 -1.58598 6
      vertex 1.76777 -1.76777 3.1
      vertex 1.76777 -1.76777 6
    endloop
  endfacet
  facet normal -0.989176 0.146737 0
    outer loop
      vertex 2.45196 -0.487725 3.1
      vertex 2.48796 -0.245043 6
      vertex 2.48796 -0.245043 3.1
    endloop
  endfacet
  facet normal -0.989176 0.146737 0
    outer loop
      vertex 2.48796 -0.245043 6
      vertex 2.45196 -0.487725 3.1
      vertex 2.45196 -0.487725 6
    endloop
  endfacet
  facet normal -0.427572 0.903982 0
    outer loop
      vertex 1.17849 -2.2048 3.1
      vertex 0.956708 -2.3097 6
      vertex 1.17849 -2.2048 6
    endloop
  endfacet
  facet normal -0.427572 0.903982 0
    outer loop
      vertex 0.956708 -2.3097 6
      vertex 1.17849 -2.2048 3.1
      vertex 0.956708 -2.3097 3.1
    endloop
  endfacet
  facet normal 0.336882 0.941547 -0
    outer loop
      vertex -0.725711 -2.39235 3.1
      vertex -0.956708 -2.3097 6
      vertex -0.725711 -2.39235 6
    endloop
  endfacet
  facet normal 0.336882 0.941547 0
    outer loop
      vertex -0.956708 -2.3097 6
      vertex -0.725711 -2.39235 3.1
      vertex -0.956708 -2.3097 3.1
    endloop
  endfacet
  facet normal 0.336882 -0.941547 0
    outer loop
      vertex -0.956708 2.3097 3.1
      vertex -0.725711 2.39235 6
      vertex -0.956708 2.3097 6
    endloop
  endfacet
  facet normal 0.336882 -0.941547 0
    outer loop
      vertex -0.725711 2.39235 6
      vertex -0.956708 2.3097 3.1
      vertex -0.725711 2.39235 3.1
    endloop
  endfacet
  facet normal -0.803212 -0.595693 0
    outer loop
      vertex 2.07867 1.38893 3.1
      vertex 1.93253 1.58598 6
      vertex 1.93253 1.58598 3.1
    endloop
  endfacet
  facet normal -0.803212 -0.595693 0
    outer loop
      vertex 1.93253 1.58598 6
      vertex 2.07867 1.38893 3.1
      vertex 2.07867 1.38893 6
    endloop
  endfacet
  facet normal 0.595693 -0.803212 0
    outer loop
      vertex -1.58598 1.93253 3.1
      vertex -1.38893 2.07867 6
      vertex -1.58598 1.93253 6
    endloop
  endfacet
  facet normal 0.595693 -0.803212 0
    outer loop
      vertex -1.38893 2.07867 6
      vertex -1.58598 1.93253 3.1
      vertex -1.38893 2.07867 3.1
    endloop
  endfacet
  facet normal 0.970034 -0.242971 0
    outer loop
      vertex -2.45196 0.487725 6
      vertex -2.39235 0.725711 3.1
      vertex -2.39235 0.725711 6
    endloop
  endfacet
  facet normal 0.970034 -0.242971 0
    outer loop
      vertex -2.39235 0.725711 3.1
      vertex -2.45196 0.487725 6
      vertex -2.45196 0.487725 3.1
    endloop
  endfacet
  facet normal -0.049075 0.998795 0
    outer loop
      vertex 0.245043 -2.48796 3.1
      vertex 0 -2.5 6
      vertex 0.245043 -2.48796 6
    endloop
  endfacet
  facet normal -0.049075 0.998795 0
    outer loop
      vertex 0 -2.5 6
      vertex 0.245043 -2.48796 3.1
      vertex 0 -2.5 3.1
    endloop
  endfacet
  facet normal -0.242971 -0.970034 0
    outer loop
      vertex 0.487725 2.45196 3.1
      vertex 0.725711 2.39235 6
      vertex 0.487725 2.45196 6
    endloop
  endfacet
  facet normal -0.242971 -0.970034 -0
    outer loop
      vertex 0.725711 2.39235 6
      vertex 0.487725 2.45196 3.1
      vertex 0.725711 2.39235 3.1
    endloop
  endfacet
  facet normal 0.595693 0.803212 -0
    outer loop
      vertex -1.38893 -2.07867 3.1
      vertex -1.58598 -1.93253 6
      vertex -1.38893 -2.07867 6
    endloop
  endfacet
  facet normal 0.595693 0.803212 0
    outer loop
      vertex -1.58598 -1.93253 6
      vertex -1.38893 -2.07867 3.1
      vertex -1.58598 -1.93253 3.1
    endloop
  endfacet
  facet normal -0.146737 -0.989176 0
    outer loop
      vertex 0.245043 2.48796 3.1
      vertex 0.487725 2.45196 6
      vertex 0.245043 2.48796 6
    endloop
  endfacet
  facet normal -0.146737 -0.989176 -0
    outer loop
      vertex 0.487725 2.45196 6
      vertex 0.245043 2.48796 3.1
      vertex 0.487725 2.45196 3.1
    endloop
  endfacet
  facet normal -0.427572 -0.903982 0
    outer loop
      vertex 0.956708 2.3097 3.1
      vertex 1.17849 2.2048 6
      vertex 0.956708 2.3097 6
    endloop
  endfacet
  facet normal -0.427572 -0.903982 -0
    outer loop
      vertex 1.17849 2.2048 6
      vertex 0.956708 2.3097 3.1
      vertex 1.17849 2.2048 3.1
    endloop
  endfacet
  facet normal 0.803212 -0.595693 0
    outer loop
      vertex -2.07867 1.38893 6
      vertex -1.93253 1.58598 3.1
      vertex -1.93253 1.58598 6
    endloop
  endfacet
  facet normal 0.803212 -0.595693 0
    outer loop
      vertex -1.93253 1.58598 3.1
      vertex -2.07867 1.38893 6
      vertex -2.07867 1.38893 3.1
    endloop
  endfacet
  facet normal -0.903982 0.427572 0
    outer loop
      vertex 2.2048 -1.17849 3.1
      vertex 2.3097 -0.956708 6
      vertex 2.3097 -0.956708 3.1
    endloop
  endfacet
  facet normal -0.903982 0.427572 0
    outer loop
      vertex 2.3097 -0.956708 6
      vertex 2.2048 -1.17849 3.1
      vertex 2.2048 -1.17849 6
    endloop
  endfacet
  facet normal -0.941547 -0.336882 0
    outer loop
      vertex 2.39235 0.725711 3.1
      vertex 2.3097 0.956708 6
      vertex 2.3097 0.956708 3.1
    endloop
  endfacet
  facet normal -0.941547 -0.336882 0
    outer loop
      vertex 2.3097 0.956708 6
      vertex 2.39235 0.725711 3.1
      vertex 2.39235 0.725711 6
    endloop
  endfacet
  facet normal 0.803212 0.595693 0
    outer loop
      vertex -1.93253 -1.58598 6
      vertex -2.07867 -1.38893 3.1
      vertex -2.07867 -1.38893 6
    endloop
  endfacet
  facet normal 0.803212 0.595693 0
    outer loop
      vertex -2.07867 -1.38893 3.1
      vertex -1.93253 -1.58598 6
      vertex -1.93253 -1.58598 3.1
    endloop
  endfacet
  facet normal 0.514094 -0.857734 0
    outer loop
      vertex -1.38893 2.07867 3.1
      vertex -1.17849 2.2048 6
      vertex -1.38893 2.07867 6
    endloop
  endfacet
  facet normal 0.514094 -0.857734 0
    outer loop
      vertex -1.17849 2.2048 6
      vertex -1.38893 2.07867 3.1
      vertex -1.17849 2.2048 3.1
    endloop
  endfacet
  facet normal -0.595693 0.803212 0
    outer loop
      vertex 1.58598 -1.93253 3.1
      vertex 1.38893 -2.07867 6
      vertex 1.58598 -1.93253 6
    endloop
  endfacet
  facet normal -0.595693 0.803212 0
    outer loop
      vertex 1.38893 -2.07867 6
      vertex 1.58598 -1.93253 3.1
      vertex 1.38893 -2.07867 3.1
    endloop
  endfacet
  facet normal 0.049075 -0.998795 0
    outer loop
      vertex -0.245043 2.48796 3.1
      vertex 0 2.5 6
      vertex -0.245043 2.48796 6
    endloop
  endfacet
  facet normal 0.049075 -0.998795 0
    outer loop
      vertex 0 2.5 6
      vertex -0.245043 2.48796 3.1
      vertex 0 2.5 3.1
    endloop
  endfacet
  facet normal -0.336882 -0.941547 0
    outer loop
      vertex 0.725711 2.39235 3.1
      vertex 0.956708 2.3097 6
      vertex 0.725711 2.39235 6
    endloop
  endfacet
  facet normal -0.336882 -0.941547 -0
    outer loop
      vertex 0.956708 2.3097 6
      vertex 0.725711 2.39235 3.1
      vertex 0.956708 2.3097 3.1
    endloop
  endfacet
  facet normal 0.998795 -0.049075 0
    outer loop
      vertex -2.5 0 6
      vertex -2.48796 0.245043 3.1
      vertex -2.48796 0.245043 6
    endloop
  endfacet
  facet normal 0.998795 -0.049075 0
    outer loop
      vertex -2.48796 0.245043 3.1
      vertex -2.5 0 6
      vertex -2.5 0 3.1
    endloop
  endfacet
  facet normal 0.146737 -0.989176 0
    outer loop
      vertex -0.487725 2.45196 3.1
      vertex -0.245043 2.48796 6
      vertex -0.487725 2.45196 6
    endloop
  endfacet
  facet normal 0.146737 -0.989176 0
    outer loop
      vertex -0.245043 2.48796 6
      vertex -0.487725 2.45196 3.1
      vertex -0.245043 2.48796 3.1
    endloop
  endfacet
  facet normal 0 0 1
    outer loop
      vertex 1.1 0 3.1
      vertex 2.5 0 3.1
      vertex 2.48796 0.245043 3.1
    endloop
  endfacet
  facet normal 0 0 1
    outer loop
      vertex 1.0947 0.107819 3.1
      vertex 2.48796 0.245043 3.1
      vertex 2.45196 0.487725 3.1
    endloop
  endfacet
  facet normal 0 0 1
    outer loop
      vertex 2.5 0 3.1
      vertex 1.1 0 3.1
      vertex 2.48796 -0.245043 3.1
    endloop
  endfacet
  facet normal 0 0 1
    outer loop
      vertex 1.07886 0.214599 3.1
      vertex 2.45196 0.487725 3.1
      vertex 2.39235 0.725711 3.1
    endloop
  endfacet
  facet normal -0 0 1
    outer loop
      vertex 1.0947 -0.107819 3.1
      vertex 2.48796 -0.245043 3.1
      vertex 1.1 0 3.1
    endloop
  endfacet
  facet normal 0 0 1
    outer loop
      vertex 1.05263 0.319313 3.1
      vertex 2.39235 0.725711 3.1
      vertex 2.3097 0.956708 3.1
    endloop
  endfacet
  facet normal 0 0 1
    outer loop
      vertex 2.48796 -0.245043 3.1
      vertex 1.0947 -0.107819 3.1
      vertex 2.45196 -0.487725 3.1
    endloop
  endfacet
  facet normal 0 0 1
    outer loop
      vertex 1.01627 0.420951 3.1
      vertex 2.3097 0.956708 3.1
      vertex 2.2048 1.17849 3.1
    endloop
  endfacet
  facet normal -0 0 1
    outer loop
      vertex 1.07886 -0.214599 3.1
      vertex 2.45196 -0.487725 3.1
      vertex 1.0947 -0.107819 3.1
    endloop
  endfacet
  facet normal 0 0 1
    outer loop
      vertex 0.970113 0.518536 3.1
      vertex 2.2048 1.17849 3.1
      vertex 2.07867 1.38893 3.1
    endloop
  endfacet
  facet normal 0 0 1
    outer loop
      vertex 2.45196 -0.487725 3.1
      vertex 1.07886 -0.214599 3.1
      vertex 2.39235 -0.725711 3.1
    endloop
  endfacet
  facet normal 0 0 1
    outer loop
      vertex 0.914616 0.611127 3.1
      vertex 2.07867 1.38893 3.1
      vertex 1.93253 1.58598 3.1
    endloop
  endfacet
  facet normal -0 0 1
    outer loop
      vertex 1.05263 -0.319313 3.1
      vertex 2.39235 -0.725711 3.1
      vertex 1.07886 -0.214599 3.1
    endloop
  endfacet
  facet normal 0 0 1
    outer loop
      vertex 0.850311 0.697832 3.1
      vertex 1.93253 1.58598 3.1
      vertex 1.76777 1.76777 3.1
    endloop
  endfacet
  facet normal 0 0 1
    outer loop
      vertex 2.39235 -0.725711 3.1
      vertex 1.05263 -0.319313 3.1
      vertex 2.3097 -0.956708 3.1
    endloop
  endfacet
  facet normal 0 0 1
    outer loop
      vertex 0.777817 0.777817 3.1
      vertex 1.76777 1.76777 3.1
      vertex 1.58598 1.93253 3.1
    endloop
  endfacet
  facet normal -0 0 1
    outer loop
      vertex 1.01627 -0.420951 3.1
      vertex 2.3097 -0.956708 3.1
      vertex 1.05263 -0.319313 3.1
    endloop
  endfacet
  facet normal 0 0 1
    outer loop
      vertex 0.697832 0.850311 3.1
      vertex 1.58598 1.93253 3.1
      vertex 1.38893 2.07867 3.1
    endloop
  endfacet
  facet normal 0 0 1
    outer loop
      vertex 2.3097 -0.956708 3.1
      vertex 1.01627 -0.420951 3.1
      vertex 2.2048 -1.17849 3.1
    endloop
  endfacet
  facet normal 0 0 1
    outer loop
      vertex 0.611127 0.914616 3.1
      vertex 1.38893 2.07867 3.1
      vertex 1.17849 2.2048 3.1
    endloop
  endfacet
  facet normal -0 0 1
    outer loop
      vertex 0.970113 -0.518536 3.1
      vertex 2.2048 -1.17849 3.1
      vertex 1.01627 -0.420951 3.1
    endloop
  endfacet
  facet normal 0 0 1
    outer loop
      vertex 2.2048 -1.17849 3.1
      vertex 0.970113 -0.518536 3.1
      vertex 2.07867 -1.38893 3.1
    endloop
  endfacet
  facet normal 0 0 1
    outer loop
      vertex 2.48796 0.245043 3.1
      vertex 1.0947 0.107819 3.1
      vertex 1.1 0 3.1
    endloop
  endfacet
  facet normal 0 0 1
    outer loop
      vertex 2.45196 0.487725 3.1
      vertex 1.07886 0.214599 3.1
      vertex 1.0947 0.107819 3.1
    endloop
  endfacet
  facet normal 0 0 1
    outer loop
      vertex 2.39235 0.725711 3.1
      vertex 1.05263 0.319313 3.1
      vertex 1.07886 0.214599 3.1
    endloop
  endfacet
  facet normal 0 0 1
    outer loop
      vertex 2.3097 0.956708 3.1
      vertex 1.01627 0.420951 3.1
      vertex 1.05263 0.319313 3.1
    endloop
  endfacet
  facet normal 0 0 1
    outer loop
      vertex 2.2048 1.17849 3.1
      vertex 0.970113 0.518536 3.1
      vertex 1.01627 0.420951 3.1
    endloop
  endfacet
  facet normal 0 0 1
    outer loop
      vertex 0.518536 0.970113 3.1
      vertex 1.17849 2.2048 3.1
      vertex 0.956708 2.3097 3.1
    endloop
  endfacet
  facet normal 0 0 1
    outer loop
      vertex 2.07867 1.38893 3.1
      vertex 0.914616 0.611127 3.1
      vertex 0.970113 0.518536 3.1
    endloop
  endfacet
  facet normal 0 0 1
    outer loop
      vertex 1.93253 1.58598 3.1
      vertex 0.850311 0.697832 3.1
      vertex 0.914616 0.611127 3.1
    endloop
  endfacet
  facet normal 0 0 1
    outer loop
      vertex 1.76777 1.76777 3.1
      vertex 0.777817 0.777817 3.1
      vertex 0.850311 0.697832 3.1
    endloop
  endfacet
  facet normal 0 0 1
    outer loop
      vertex 0.420951 1.01627 3.1
      vertex 0.956708 2.3097 3.1
      vertex 0.725711 2.39235 3.1
    endloop
  endfacet
  facet normal 0 0 1
    outer loop
      vertex 1.58598 1.93253 3.1
      vertex 0.697832 0.850311 3.1
      vertex 0.777817 0.777817 3.1
    endloop
  endfacet
  facet normal 0 0 1
    outer loop
      vertex 1.38893 2.07867 3.1
      vertex 0.611127 0.914616 3.1
      vertex 0.697832 0.850311 3.1
    endloop
  endfacet
  facet normal 0 0 1
    outer loop
      vertex 1.17849 2.2048 3.1
      vertex 0.518536 0.970113 3.1
      vertex 0.611127 0.914616 3.1
    endloop
  endfacet
  facet normal 0 0 1
    outer loop
      vertex 0.319313 1.05263 3.1
      vertex 0.725711 2.39235 3.1
      vertex 0.487725 2.45196 3.1
    endloop
  endfacet
  facet normal 0 0 1
    outer loop
      vertex 0.956708 2.3097 3.1
      vertex 0.420951 1.01627 3.1
      vertex 0.518536 0.970113 3.1
    endloop
  endfacet
  facet normal 0 0 1
    outer loop
      vertex 0.725711 2.39235 3.1
      vertex 0.319313 1.05263 3.1
      vertex 0.420951 1.01627 3.1
    endloop
  endfacet
  facet normal 0 0 1
    outer loop
      vertex 0.214599 1.07886 3.1
      vertex 0.487725 2.45196 3.1
      vertex 0.245043 2.48796 3.1
    endloop
  endfacet
  facet normal 0 0 1
    outer loop
      vertex 0.487725 2.45196 3.1
      vertex 0.214599 1.07886 3.1
      vertex 0.319313 1.05263 3.1
    endloop
  endfacet
  facet normal 0 0 1
    outer loop
      vertex 0.245043 2.48796 3.1
      vertex 0.107819 1.0947 3.1
      vertex 0.214599 1.07886 3.1
    endloop
  endfacet
  facet normal 0 0 1
    outer loop
      vertex 0 2.5 3.1
      vertex 0.107819 1.0947 3.1
      vertex 0.245043 2.48796 3.1
    endloop
  endfacet
  facet normal 0 0 1
    outer loop
      vertex 0 2.5 3.1
      vertex 0 1.1 3.1
      vertex 0.107819 1.0947 3.1
    endloop
  endfacet
  facet normal 0 0 1
    outer loop
      vertex 0 2.5 3.1
      vertex -0.107819 1.0947 3.1
      vertex 0 1.1 3.1
    endloop
  endfacet
  facet normal -0 0 1
    outer loop
      vertex -0.245043 2.48796 3.1
      vertex -0.107819 1.0947 3.1
      vertex 0 2.5 3.1
    endloop
  endfacet
  facet normal 0 0 1
    outer loop
      vertex -0.107819 1.0947 3.1
      vertex -0.245043 2.48796 3.1
      vertex -0.214599 1.07886 3.1
    endloop
  endfacet
  facet normal -0 0 1
    outer loop
      vertex -0.487725 2.45196 3.1
      vertex -0.214599 1.07886 3.1
      vertex -0.245043 2.48796 3.1
    endloop
  endfacet
  facet normal 0 0 1
    outer loop
      vertex -0.214599 1.07886 3.1
      vertex -0.487725 2.45196 3.1
      vertex -0.319313 1.05263 3.1
    endloop
  endfacet
  facet normal -0 0 1
    outer loop
      vertex -0.725711 2.39235 3.1
      vertex -0.319313 1.05263 3.1
      vertex -0.487725 2.45196 3.1
    endloop
  endfacet
  facet normal 0 0 1
    outer loop
      vertex -0.319313 1.05263 3.1
      vertex -0.725711 2.39235 3.1
      vertex -0.420951 1.01627 3.1
    endloop
  endfacet
  facet normal -0 0 1
    outer loop
      vertex -0.956708 2.3097 3.1
      vertex -0.420951 1.01627 3.1
      vertex -0.725711 2.39235 3.1
    endloop
  endfacet
  facet normal 0 0 1
    outer loop
      vertex -0.420951 1.01627 3.1
      vertex -0.956708 2.3097 3.1
      vertex -0.518536 0.970113 3.1
    endloop
  endfacet
  facet normal -0 0 1
    outer loop
      vertex -1.17849 2.2048 3.1
      vertex -0.518536 0.970113 3.1
      vertex -0.956708 2.3097 3.1
    endloop
  endfacet
  facet normal 0 0 1
    outer loop
      vertex -0.518536 0.970113 3.1
      vertex -1.17849 2.2048 3.1
      vertex -0.611127 0.914616 3.1
    endloop
  endfacet
  facet normal -0 0 1
    outer loop
      vertex -1.38893 2.07867 3.1
      vertex -0.611127 0.914616 3.1
      vertex -1.17849 2.2048 3.1
    endloop
  endfacet
  facet normal 0 0 1
    outer loop
      vertex -0.611127 0.914616 3.1
      vertex -1.38893 2.07867 3.1
      vertex -0.697832 0.850311 3.1
    endloop
  endfacet
  facet normal -0 0 1
    outer loop
      vertex -1.58598 1.93253 3.1
      vertex -0.697832 0.850311 3.1
      vertex -1.38893 2.07867 3.1
    endloop
  endfacet
  facet normal 0 0 1
    outer loop
      vertex -0.697832 0.850311 3.1
      vertex -1.58598 1.93253 3.1
      vertex -0.777817 0.777817 3.1
    endloop
  endfacet
  facet normal -0 0 1
    outer loop
      vertex -1.76777 1.76777 3.1
      vertex -0.777817 0.777817 3.1
      vertex -1.58598 1.93253 3.1
    endloop
  endfacet
  facet normal 0 0 1
    outer loop
      vertex -0.777817 0.777817 3.1
      vertex -1.76777 1.76777 3.1
      vertex -0.850311 0.697832 3.1
    endloop
  endfacet
  facet normal -0 0 1
    outer loop
      vertex -1.93253 1.58598 3.1
      vertex -0.850311 0.697832 3.1
      vertex -1.76777 1.76777 3.1
    endloop
  endfacet
  facet normal 0 0 1
    outer loop
      vertex -0.850311 0.697832 3.1
      vertex -1.93253 1.58598 3.1
      vertex -0.914616 0.611127 3.1
    endloop
  endfacet
  facet normal 0 0 1
    outer loop
      vertex -0.914616 0.611127 3.1
      vertex -2.07867 1.38893 3.1
      vertex -0.970113 0.518536 3.1
    endloop
  endfacet
  facet normal -0 0 1
    outer loop
      vertex -2.07867 1.38893 3.1
      vertex -0.914616 0.611127 3.1
      vertex -1.93253 1.58598 3.1
    endloop
  endfacet
  facet normal -0 0 1
    outer loop
      vertex 0.914616 -0.611127 3.1
      vertex 2.07867 -1.38893 3.1
      vertex 0.970113 -0.518536 3.1
    endloop
  endfacet
  facet normal 0 0 1
    outer loop
      vertex 2.07867 -1.38893 3.1
      vertex 0.914616 -0.611127 3.1
      vertex 1.93253 -1.58598 3.1
    endloop
  endfacet
  facet normal -0 0 1
    outer loop
      vertex 0.850311 -0.697832 3.1
      vertex 1.93253 -1.58598 3.1
      vertex 0.914616 -0.611127 3.1
    endloop
  endfacet
  facet normal 0 0 1
    outer loop
      vertex 1.93253 -1.58598 3.1
      vertex 0.850311 -0.697832 3.1
      vertex 1.76777 -1.76777 3.1
    endloop
  endfacet
  facet normal -0 0 1
    outer loop
      vertex 0.777817 -0.777817 3.1
      vertex 1.76777 -1.76777 3.1
      vertex 0.850311 -0.697832 3.1
    endloop
  endfacet
  facet normal 0 0 1
    outer loop
      vertex 1.76777 -1.76777 3.1
      vertex 0.777817 -0.777817 3.1
      vertex 1.58598 -1.93253 3.1
    endloop
  endfacet
  facet normal -0 0 1
    outer loop
      vertex 0.697832 -0.850311 3.1
      vertex 1.58598 -1.93253 3.1
      vertex 0.777817 -0.777817 3.1
    endloop
  endfacet
  facet normal 0 0 1
    outer loop
      vertex 1.58598 -1.93253 3.1
      vertex 0.697832 -0.850311 3.1
      vertex 1.38893 -2.07867 3.1
    endloop
  endfacet
  facet normal -0 0 1
    outer loop
      vertex 0.611127 -0.914616 3.1
      vertex 1.38893 -2.07867 3.1
      vertex 0.697832 -0.850311 3.1
    endloop
  endfacet
  facet normal 0 0 1
    outer loop
      vertex 1.38893 -2.07867 3.1
      vertex 0.611127 -0.914616 3.1
      vertex 1.17849 -2.2048 3.1
    endloop
  endfacet
  facet normal -0 0 1
    outer loop
      vertex 0.518536 -0.970113 3.1
      vertex 1.17849 -2.2048 3.1
      vertex 0.611127 -0.914616 3.1
    endloop
  endfacet
  facet normal 0 0 1
    outer loop
      vertex 1.17849 -2.2048 3.1
      vertex 0.518536 -0.970113 3.1
      vertex 0.956708 -2.3097 3.1
    endloop
  endfacet
  facet normal -0 0 1
    outer loop
      vertex 0.420951 -1.01627 3.1
      vertex 0.956708 -2.3097 3.1
      vertex 0.518536 -0.970113 3.1
    endloop
  endfacet
  facet normal 0 0 1
    outer loop
      vertex 0.956708 -2.3097 3.1
      vertex 0.420951 -1.01627 3.1
      vertex 0.725711 -2.39235 3.1
    endloop
  endfacet
  facet normal -0 0 1
    outer loop
      vertex 0.319313 -1.05263 3.1
      vertex 0.725711 -2.39235 3.1
      vertex 0.420951 -1.01627 3.1
    endloop
  endfacet
  facet normal 0 0 1
    outer loop
      vertex 0.725711 -2.39235 3.1
      vertex 0.319313 -1.05263 3.1
      vertex 0.487725 -2.45196 3.1
    endloop
  endfacet
  facet normal -0 0 1
    outer loop
      vertex 0.214599 -1.07886 3.1
      vertex 0.487725 -2.45196 3.1
      vertex 0.319313 -1.05263 3.1
    endloop
  endfacet
  facet normal 0 0 1
    outer loop
      vertex 0.487725 -2.45196 3.1
      vertex 0.214599 -1.07886 3.1
      vertex 0.245043 -2.48796 3.1
    endloop
  endfacet
  facet normal -0 0 1
    outer loop
      vertex 0.107819 -1.0947 3.1
      vertex 0.245043 -2.48796 3.1
      vertex 0.214599 -1.07886 3.1
    endloop
  endfacet
  facet normal -0 0 1
    outer loop
      vertex 0 -1.1 3.1
      vertex 0.245043 -2.48796 3.1
      vertex 0.107819 -1.0947 3.1
    endloop
  endfacet
  facet normal 0 0 1
    outer loop
      vertex 0 -1.1 3.1
      vertex 0 -2.5 3.1
      vertex 0.245043 -2.48796 3.1
    endloop
  endfacet
  facet normal 0 0 1
    outer loop
      vertex -0.107819 -1.0947 3.1
      vertex 0 -2.5 3.1
      vertex 0 -1.1 3.1
    endloop
  endfacet
  facet normal 0 0 1
    outer loop
      vertex -0.245043 -2.48796 3.1
      vertex -0.107819 -1.0947 3.1
      vertex -0.214599 -1.07886 3.1
    endloop
  endfacet
  facet normal 0 0 1
    outer loop
      vertex -0.107819 -1.0947 3.1
      vertex -0.245043 -2.48796 3.1
      vertex 0 -2.5 3.1
    endloop
  endfacet
  facet normal 0 0 1
    outer loop
      vertex -0.487725 -2.45196 3.1
      vertex -0.214599 -1.07886 3.1
      vertex -0.319313 -1.05263 3.1
    endloop
  endfacet
  facet normal 0 0 1
    outer loop
      vertex -0.725711 -2.39235 3.1
      vertex -0.319313 -1.05263 3.1
      vertex -0.420951 -1.01627 3.1
    endloop
  endfacet
  facet normal 0 0 1
    outer loop
      vertex -0.214599 -1.07886 3.1
      vertex -0.487725 -2.45196 3.1
      vertex -0.245043 -2.48796 3.1
    endloop
  endfacet
  facet normal 0 0 1
    outer loop
      vertex -0.956708 -2.3097 3.1
      vertex -0.420951 -1.01627 3.1
      vertex -0.518536 -0.970113 3.1
    endloop
  endfacet
  facet normal 0 0 1
    outer loop
      vertex -1.17849 -2.2048 3.1
      vertex -0.518536 -0.970113 3.1
      vertex -0.611127 -0.914616 3.1
    endloop
  endfacet
  facet normal 0 0 1
    outer loop
      vertex -1.38893 -2.07867 3.1
      vertex -0.611127 -0.914616 3.1
      vertex -0.697832 -0.850311 3.1
    endloop
  endfacet
  facet normal 0 0 1
    outer loop
      vertex -0.319313 -1.05263 3.1
      vertex -0.725711 -2.39235 3.1
      vertex -0.487725 -2.45196 3.1
    endloop
  endfacet
  facet normal 0 0 1
    outer loop
      vertex -1.58598 -1.93253 3.1
      vertex -0.697832 -0.850311 3.1
      vertex -0.777817 -0.777817 3.1
    endloop
  endfacet
  facet normal 0 0 1
    outer loop
      vertex -1.76777 -1.76777 3.1
      vertex -0.777817 -0.777817 3.1
      vertex -0.850311 -0.697832 3.1
    endloop
  endfacet
  facet normal 0 0 1
    outer loop
      vertex -1.93253 -1.58598 3.1
      vertex -0.850311 -0.697832 3.1
      vertex -0.914616 -0.611127 3.1
    endloop
  endfacet
  facet normal 0 0 1
    outer loop
      vertex -0.420951 -1.01627 3.1
      vertex -0.956708 -2.3097 3.1
      vertex -0.725711 -2.39235 3.1
    endloop
  endfacet
  facet normal 0 0 1
    outer loop
      vertex -2.07867 -1.38893 3.1
      vertex -0.914616 -0.611127 3.1
      vertex -0.970113 -0.518536 3.1
    endloop
  endfacet
  facet normal 0 0 1
    outer loop
      vertex -2.2048 -1.17849 3.1
      vertex -0.970113 -0.518536 3.1
      vertex -1.01627 -0.420951 3.1
    endloop
  endfacet
  facet normal 0 0 1
    outer loop
      vertex -2.3097 -0.956708 3.1
      vertex -1.01627 -0.420951 3.1
      vertex -1.05263 -0.319313 3.1
    endloop
  endfacet
  facet normal 0 0 1
    outer loop
      vertex -2.39235 -0.725711 3.1
      vertex -1.05263 -0.319313 3.1
      vertex -1.07886 -0.214599 3.1
    endloop
  endfacet
  facet normal 0 0 1
    outer loop
      vertex -2.45196 -0.487725 3.1
      vertex -1.07886 -0.214599 3.1
      vertex -1.0947 -0.107819 3.1
    endloop
  endfacet
  facet normal 0 0 1
    outer loop
      vertex -0.518536 -0.970113 3.1
      vertex -1.17849 -2.2048 3.1
      vertex -0.956708 -2.3097 3.1
    endloop
  endfacet
  facet normal 0 0 1
    outer loop
      vertex -2.48796 -0.245043 3.1
      vertex -1.0947 -0.107819 3.1
      vertex -1.1 0 3.1
    endloop
  endfacet
  facet normal -0 0 1
    outer loop
      vertex -2.2048 1.17849 3.1
      vertex -0.970113 0.518536 3.1
      vertex -2.07867 1.38893 3.1
    endloop
  endfacet
  facet normal 0 0 1
    outer loop
      vertex -0.970113 0.518536 3.1
      vertex -2.2048 1.17849 3.1
      vertex -1.01627 0.420951 3.1
    endloop
  endfacet
  facet normal 0 0 1
    outer loop
      vertex -0.611127 -0.914616 3.1
      vertex -1.38893 -2.07867 3.1
      vertex -1.17849 -2.2048 3.1
    endloop
  endfacet
  facet normal -0 0 1
    outer loop
      vertex -2.3097 0.956708 3.1
      vertex -1.01627 0.420951 3.1
      vertex -2.2048 1.17849 3.1
    endloop
  endfacet
  facet normal 0 0 1
    outer loop
      vertex -0.697832 -0.850311 3.1
      vertex -1.58598 -1.93253 3.1
      vertex -1.38893 -2.07867 3.1
    endloop
  endfacet
  facet normal 0 0 1
    outer loop
      vertex -1.01627 0.420951 3.1
      vertex -2.3097 0.956708 3.1
      vertex -1.05263 0.319313 3.1
    endloop
  endfacet
  facet normal 0 0 1
    outer loop
      vertex -0.777817 -0.777817 3.1
      vertex -1.76777 -1.76777 3.1
      vertex -1.58598 -1.93253 3.1
    endloop
  endfacet
  facet normal -0 0 1
    outer loop
      vertex -2.39235 0.725711 3.1
      vertex -1.05263 0.319313 3.1
      vertex -2.3097 0.956708 3.1
    endloop
  endfacet
  facet normal 0 0 1
    outer loop
      vertex -0.850311 -0.697832 3.1
      vertex -1.93253 -1.58598 3.1
      vertex -1.76777 -1.76777 3.1
    endloop
  endfacet
  facet normal 0 0 1
    outer loop
      vertex -1.05263 0.319313 3.1
      vertex -2.39235 0.725711 3.1
      vertex -1.07886 0.214599 3.1
    endloop
  endfacet
  facet normal 0 0 1
    outer loop
      vertex -0.914616 -0.611127 3.1
      vertex -2.07867 -1.38893 3.1
      vertex -1.93253 -1.58598 3.1
    endloop
  endfacet
  facet normal -0 0 1
    outer loop
      vertex -2.45196 0.487725 3.1
      vertex -1.07886 0.214599 3.1
      vertex -2.39235 0.725711 3.1
    endloop
  endfacet
  facet normal 0 0 1
    outer loop
      vertex -0.970113 -0.518536 3.1
      vertex -2.2048 -1.17849 3.1
      vertex -2.07867 -1.38893 3.1
    endloop
  endfacet
  facet normal 0 0 1
    outer loop
      vertex -1.07886 0.214599 3.1
      vertex -2.45196 0.487725 3.1
      vertex -1.0947 0.107819 3.1
    endloop
  endfacet
  facet normal 0 0 1
    outer loop
      vertex -1.01627 -0.420951 3.1
      vertex -2.3097 -0.956708 3.1
      vertex -2.2048 -1.17849 3.1
    endloop
  endfacet
  facet normal -0 0 1
    outer loop
      vertex -2.48796 0.245043 3.1
      vertex -1.0947 0.107819 3.1
      vertex -2.45196 0.487725 3.1
    endloop
  endfacet
  facet normal 0 0 1
    outer loop
      vertex -1.05263 -0.319313 3.1
      vertex -2.39235 -0.725711 3.1
      vertex -2.3097 -0.956708 3.1
    endloop
  endfacet
  facet normal 0 0 1
    outer loop
      vertex -1.0947 0.107819 3.1
      vertex -2.48796 0.245043 3.1
      vertex -1.1 0 3.1
    endloop
  endfacet
  facet normal 0 0 1
    outer loop
      vertex -1.07886 -0.214599 3.1
      vertex -2.45196 -0.487725 3.1
      vertex -2.39235 -0.725711 3.1
    endloop
  endfacet
  facet normal 0 0 1
    outer loop
      vertex -2.5 0 3.1
      vertex -1.1 0 3.1
      vertex -2.48796 0.245043 3.1
    endloop
  endfacet
  facet normal 0 0 1
    outer loop
      vertex -1.0947 -0.107819 3.1
      vertex -2.48796 -0.245043 3.1
      vertex -2.45196 -0.487725 3.1
    endloop
  endfacet
  facet normal 0 0 1
    outer loop
      vertex -1.1 0 3.1
      vertex -2.5 0 3.1
      vertex -2.48796 -0.245043 3.1
    endloop
  endfacet
  facet normal 0.989176 0.146737 0
    outer loop
      vertex -2.45196 -0.487725 6
      vertex -2.48796 -0.245043 3.1
      vertex -2.48796 -0.245043 6
    endloop
  endfacet
  facet normal 0.989176 0.146737 0
    outer loop
      vertex -2.48796 -0.245043 3.1
      vertex -2.45196 -0.487725 6
      vertex -2.45196 -0.487725 3.1
    endloop
  endfacet
  facet normal -0.242971 0.970034 0
    outer loop
      vertex 0.725711 -2.39235 3.1
      vertex 0.487725 -2.45196 6
      vertex 0.725711 -2.39235 6
    endloop
  endfacet
  facet normal -0.242971 0.970034 0
    outer loop
      vertex 0.487725 -2.45196 6
      vertex 0.725711 -2.39235 3.1
      vertex 0.487725 -2.45196 3.1
    endloop
  endfacet
  facet normal 0.740961 0.671548 0
    outer loop
      vertex -1.76777 -1.76777 6
      vertex -1.93253 -1.58598 3.1
      vertex -1.93253 -1.58598 6
    endloop
  endfacet
  facet normal 0.740961 0.671548 0
    outer loop
      vertex -1.93253 -1.58598 3.1
      vertex -1.76777 -1.76777 6
      vertex -1.76777 -1.76777 3.1
    endloop
  endfacet
  facet normal -0.970034 0.242971 0
    outer loop
      vertex 2.39235 -0.725711 3.1
      vertex 2.45196 -0.487725 6
      vertex 2.45196 -0.487725 3.1
    endloop
  endfacet
  facet normal -0.970034 0.242971 0
    outer loop
      vertex 2.45196 -0.487725 6
      vertex 2.39235 -0.725711 3.1
      vertex 2.39235 -0.725711 6
    endloop
  endfacet
  facet normal 0.671548 0.740961 -0
    outer loop
      vertex -1.58598 -1.93253 3.1
      vertex -1.76777 -1.76777 6
      vertex -1.58598 -1.93253 6
    endloop
  endfacet
  facet normal 0.671548 0.740961 0
    outer loop
      vertex -1.76777 -1.76777 6
      vertex -1.58598 -1.93253 3.1
      vertex -1.76777 -1.76777 3.1
    endloop
  endfacet
  facet normal 0.740961 -0.671548 0
    outer loop
      vertex -1.93253 1.58598 6
      vertex -1.76777 1.76777 3.1
      vertex -1.76777 1.76777 6
    endloop
  endfacet
  facet normal 0.740961 -0.671548 0
    outer loop
      vertex -1.76777 1.76777 3.1
      vertex -1.93253 1.58598 6
      vertex -1.93253 1.58598 3.1
    endloop
  endfacet
  facet normal 0.514094 0.857734 -0
    outer loop
      vertex -1.17849 -2.2048 3.1
      vertex -1.38893 -2.07867 6
      vertex -1.17849 -2.2048 6
    endloop
  endfacet
  facet normal 0.514094 0.857734 0
    outer loop
      vertex -1.38893 -2.07867 6
      vertex -1.17849 -2.2048 3.1
      vertex -1.38893 -2.07867 3.1
    endloop
  endfacet
  facet normal 0.242971 0.970034 -0
    outer loop
      vertex -0.487725 -2.45196 3.1
      vertex -0.725711 -2.39235 6
      vertex -0.487725 -2.45196 6
    endloop
  endfacet
  facet normal 0.242971 0.970034 0
    outer loop
      vertex -0.725711 -2.39235 6
      vertex -0.487725 -2.45196 3.1
      vertex -0.725711 -2.39235 3.1
    endloop
  endfacet
  facet normal 0.857734 0.514094 0
    outer loop
      vertex -2.07867 -1.38893 6
      vertex -2.2048 -1.17849 3.1
      vertex -2.2048 -1.17849 6
    endloop
  endfacet
  facet normal 0.857734 0.514094 0
    outer loop
      vertex -2.2048 -1.17849 3.1
      vertex -2.07867 -1.38893 6
      vertex -2.07867 -1.38893 3.1
    endloop
  endfacet
  facet normal -0.671548 0.740961 0
    outer loop
      vertex 1.76777 -1.76777 3.1
      vertex 1.58598 -1.93253 6
      vertex 1.76777 -1.76777 6
    endloop
  endfacet
  facet normal -0.671548 0.740961 0
    outer loop
      vertex 1.58598 -1.93253 6
      vertex 1.76777 -1.76777 3.1
      vertex 1.58598 -1.93253 3.1
    endloop
  endfacet
  facet normal -0.989213 -0.146487 0
    outer loop
      vertex 81.5923 0.156827 0
      vertex 81.5693 0.312144 6.5
      vertex 81.5693 0.312144 0
    endloop
  endfacet
  facet normal -0.989213 -0.146487 0
    outer loop
      vertex 81.5693 0.312144 6.5
      vertex 81.5923 0.156827 0
      vertex 81.5923 0.156827 6.5
    endloop
  endfacet
  facet normal -0.998797 -0.0490396 0
    outer loop
      vertex 81.6 0 0
      vertex 81.5923 0.156827 6.5
      vertex 81.5923 0.156827 0
    endloop
  endfacet
  facet normal -0.998797 -0.0490396 0
    outer loop
      vertex 81.5923 0.156827 6.5
      vertex 81.6 0 0
      vertex 81.6 0 6.5
    endloop
  endfacet
  facet normal -0.969959 -0.243268 0
    outer loop
      vertex 81.5693 0.312144 0
      vertex 81.5311 0.464455 6.5
      vertex 81.5311 0.464455 0
    endloop
  endfacet
  facet normal -0.969959 -0.243268 0
    outer loop
      vertex 81.5311 0.464455 6.5
      vertex 81.5693 0.312144 0
      vertex 81.5693 0.312144 6.5
    endloop
  endfacet
  facet normal -0.427692 -0.903925 0
    outer loop
      vertex 80.6123 1.47821 0
      vertex 80.7542 1.41107 6.5
      vertex 80.6123 1.47821 6.5
    endloop
  endfacet
  facet normal -0.427692 -0.903925 -0
    outer loop
      vertex 80.7542 1.41107 6.5
      vertex 80.6123 1.47821 0
      vertex 80.7542 1.41107 0
    endloop
  endfacet
  facet normal 0.242895 0.970053 -0
    outer loop
      vertex 79.6879 -1.56926 0
      vertex 79.5355 -1.5311 6.5
      vertex 79.6879 -1.56926 6.5
    endloop
  endfacet
  facet normal 0.242895 0.970053 0
    outer loop
      vertex 79.5355 -1.5311 6.5
      vertex 79.6879 -1.56926 0
      vertex 79.5355 -1.5311 0
    endloop
  endfacet
  facet normal 0.857793 0.513995 0
    outer loop
      vertex 78.6696 -0.888912 6.5
      vertex 78.5889 -0.754234 0
      vertex 78.5889 -0.754234 6.5
    endloop
  endfacet
  facet normal 0.857793 0.513995 0
    outer loop
      vertex 78.5889 -0.754234 0
      vertex 78.6696 -0.888912 6.5
      vertex 78.6696 -0.888912 0
    endloop
  endfacet
  facet normal -0.146689 0.989183 0
    outer loop
      vertex 80.3121 -1.56926 0
      vertex 80.1568 -1.59229 6.5
      vertex 80.3121 -1.56926 6.5
    endloop
  endfacet
  facet normal -0.146689 0.989183 0
    outer loop
      vertex 80.1568 -1.59229 6.5
      vertex 80.3121 -1.56926 0
      vertex 80.1568 -1.59229 0
    endloop
  endfacet
  facet normal -0.741092 -0.671404 0
    outer loop
      vertex 81.2368 1.01503 0
      vertex 81.1314 1.13137 6.5
      vertex 81.1314 1.13137 0
    endloop
  endfacet
  facet normal -0.741092 -0.671404 0
    outer loop
      vertex 81.1314 1.13137 6.5
      vertex 81.2368 1.01503 0
      vertex 81.2368 1.01503 6.5
    endloop
  endfacet
  facet normal 0.514027 -0.857774 0
    outer loop
      vertex 79.1111 1.33035 0
      vertex 79.2458 1.41107 6.5
      vertex 79.1111 1.33035 6.5
    endloop
  endfacet
  facet normal 0.514027 -0.857774 0
    outer loop
      vertex 79.2458 1.41107 6.5
      vertex 79.1111 1.33035 0
      vertex 79.2458 1.41107 0
    endloop
  endfacet
  facet normal -0.741092 0.671404 0
    outer loop
      vertex 81.1314 -1.13137 0
      vertex 81.2368 -1.01503 6.5
      vertex 81.2368 -1.01503 0
    endloop
  endfacet
  facet normal -0.741092 0.671404 0
    outer loop
      vertex 81.2368 -1.01503 6.5
      vertex 81.1314 -1.13137 0
      vertex 81.1314 -1.13137 6.5
    endloop
  endfacet
  facet normal -0.514027 0.857774 0
    outer loop
      vertex 80.8889 -1.33035 0
      vertex 80.7542 -1.41107 6.5
      vertex 80.8889 -1.33035 6.5
    endloop
  endfacet
  facet normal -0.514027 0.857774 0
    outer loop
      vertex 80.7542 -1.41107 6.5
      vertex 80.8889 -1.33035 0
      vertex 80.7542 -1.41107 0
    endloop
  endfacet
  facet normal -0.242895 -0.970053 0
    outer loop
      vertex 80.3121 1.56926 0
      vertex 80.4645 1.5311 6.5
      vertex 80.3121 1.56926 6.5
    endloop
  endfacet
  facet normal -0.242895 -0.970053 -0
    outer loop
      vertex 80.4645 1.5311 6.5
      vertex 80.3121 1.56926 0
      vertex 80.4645 1.5311 0
    endloop
  endfacet
  facet normal 0.989213 -0.146487 0
    outer loop
      vertex 78.4077 0.156827 6.5
      vertex 78.4307 0.312144 0
      vertex 78.4307 0.312144 6.5
    endloop
  endfacet
  facet normal 0.989213 -0.146487 0
    outer loop
      vertex 78.4307 0.312144 0
      vertex 78.4077 0.156827 6.5
      vertex 78.4077 0.156827 0
    endloop
  endfacet
  facet normal -0.857793 -0.513995 0
    outer loop
      vertex 81.4111 0.754234 0
      vertex 81.3304 0.888912 6.5
      vertex 81.3304 0.888912 0
    endloop
  endfacet
  facet normal -0.857793 -0.513995 0
    outer loop
      vertex 81.3304 0.888912 6.5
      vertex 81.4111 0.754234 0
      vertex 81.4111 0.754234 6.5
    endloop
  endfacet
  facet normal -0.969959 0.243268 0
    outer loop
      vertex 81.5311 -0.464455 0
      vertex 81.5693 -0.312144 6.5
      vertex 81.5693 -0.312144 0
    endloop
  endfacet
  facet normal -0.969959 0.243268 0
    outer loop
      vertex 81.5693 -0.312144 6.5
      vertex 81.5311 -0.464455 0
      vertex 81.5311 -0.464455 6.5
    endloop
  endfacet
  facet normal 0.146689 0.989183 -0
    outer loop
      vertex 79.8432 -1.59229 0
      vertex 79.6879 -1.56926 6.5
      vertex 79.8432 -1.59229 6.5
    endloop
  endfacet
  facet normal 0.146689 0.989183 0
    outer loop
      vertex 79.6879 -1.56926 6.5
      vertex 79.8432 -1.59229 0
      vertex 79.6879 -1.56926 0
    endloop
  endfacet
  facet normal 0.998797 0.0490396 0
    outer loop
      vertex 78.4077 -0.156827 6.5
      vertex 78.4 0 0
      vertex 78.4 0 6.5
    endloop
  endfacet
  facet normal 0.998797 0.0490396 0
    outer loop
      vertex 78.4 0 0
      vertex 78.4077 -0.156827 6.5
      vertex 78.4077 -0.156827 0
    endloop
  endfacet
  facet normal -0.146689 -0.989183 0
    outer loop
      vertex 80.1568 1.59229 0
      vertex 80.3121 1.56926 6.5
      vertex 80.1568 1.59229 6.5
    endloop
  endfacet
  facet normal -0.146689 -0.989183 -0
    outer loop
      vertex 80.3121 1.56926 6.5
      vertex 80.1568 1.59229 0
      vertex 80.3121 1.56926 0
    endloop
  endfacet
  facet normal -0.941539 -0.336905 0
    outer loop
      vertex 81.5311 0.464455 0
      vertex 81.4782 0.612293 6.5
      vertex 81.4782 0.612293 0
    endloop
  endfacet
  facet normal -0.941539 -0.336905 0
    outer loop
      vertex 81.4782 0.612293 6.5
      vertex 81.5311 0.464455 0
      vertex 81.5311 0.464455 6.5
    endloop
  endfacet
  facet normal -0.671388 -0.741106 0
    outer loop
      vertex 81.015 1.23682 0
      vertex 81.1314 1.13137 6.5
      vertex 81.015 1.23682 6.5
    endloop
  endfacet
  facet normal -0.671388 -0.741106 -0
    outer loop
      vertex 81.1314 1.13137 6.5
      vertex 81.015 1.23682 0
      vertex 81.1314 1.13137 0
    endloop
  endfacet
  facet normal 0.741092 -0.671404 0
    outer loop
      vertex 78.7632 1.01503 6.5
      vertex 78.8686 1.13137 0
      vertex 78.8686 1.13137 6.5
    endloop
  endfacet
  facet normal 0.741092 -0.671404 0
    outer loop
      vertex 78.8686 1.13137 0
      vertex 78.7632 1.01503 6.5
      vertex 78.7632 1.01503 0
    endloop
  endfacet
  facet normal 0.969959 0.243268 0
    outer loop
      vertex 78.4689 -0.464455 6.5
      vertex 78.4307 -0.312144 0
      vertex 78.4307 -0.312144 6.5
    endloop
  endfacet
  facet normal 0.969959 0.243268 0
    outer loop
      vertex 78.4307 -0.312144 0
      vertex 78.4689 -0.464455 6.5
      vertex 78.4689 -0.464455 0
    endloop
  endfacet
  facet normal 0.336926 -0.941531 0
    outer loop
      vertex 79.3877 1.47821 0
      vertex 79.5355 1.5311 6.5
      vertex 79.3877 1.47821 6.5
    endloop
  endfacet
  facet normal 0.336926 -0.941531 0
    outer loop
      vertex 79.5355 1.5311 6.5
      vertex 79.3877 1.47821 0
      vertex 79.5355 1.5311 0
    endloop
  endfacet
  facet normal 0.941539 0.336905 0
    outer loop
      vertex 78.5218 -0.612293 6.5
      vertex 78.4689 -0.464455 0
      vertex 78.4689 -0.464455 6.5
    endloop
  endfacet
  facet normal 0.941539 0.336905 0
    outer loop
      vertex 78.4689 -0.464455 0
      vertex 78.5218 -0.612293 6.5
      vertex 78.5218 -0.612293 0
    endloop
  endfacet
  facet normal -0.336926 -0.941531 0
    outer loop
      vertex 80.4645 1.5311 0
      vertex 80.6123 1.47821 6.5
      vertex 80.4645 1.5311 6.5
    endloop
  endfacet
  facet normal -0.336926 -0.941531 -0
    outer loop
      vertex 80.6123 1.47821 6.5
      vertex 80.4645 1.5311 0
      vertex 80.6123 1.47821 0
    endloop
  endfacet
  facet normal 0.803011 -0.595964 0
    outer loop
      vertex 78.6696 0.888912 6.5
      vertex 78.7632 1.01503 0
      vertex 78.7632 1.01503 6.5
    endloop
  endfacet
  facet normal 0.803011 -0.595964 0
    outer loop
      vertex 78.7632 1.01503 0
      vertex 78.6696 0.888912 6.5
      vertex 78.6696 0.888912 0
    endloop
  endfacet
  facet normal -0.803011 -0.595964 0
    outer loop
      vertex 81.3304 0.888912 0
      vertex 81.2368 1.01503 6.5
      vertex 81.2368 1.01503 0
    endloop
  endfacet
  facet normal -0.803011 -0.595964 0
    outer loop
      vertex 81.2368 1.01503 6.5
      vertex 81.3304 0.888912 0
      vertex 81.3304 0.888912 6.5
    endloop
  endfacet
  facet normal 0.969959 -0.243268 0
    outer loop
      vertex 78.4307 0.312144 6.5
      vertex 78.4689 0.464455 0
      vertex 78.4689 0.464455 6.5
    endloop
  endfacet
  facet normal 0.969959 -0.243268 0
    outer loop
      vertex 78.4689 0.464455 0
      vertex 78.4307 0.312144 6.5
      vertex 78.4307 0.312144 0
    endloop
  endfacet
  facet normal 0.671388 -0.741106 0
    outer loop
      vertex 78.8686 1.13137 0
      vertex 78.985 1.23682 6.5
      vertex 78.8686 1.13137 6.5
    endloop
  endfacet
  facet normal 0.671388 -0.741106 0
    outer loop
      vertex 78.985 1.23682 6.5
      vertex 78.8686 1.13137 0
      vertex 78.985 1.23682 0
    endloop
  endfacet
  facet normal -0.427692 0.903925 0
    outer loop
      vertex 80.7542 -1.41107 0
      vertex 80.6123 -1.47821 6.5
      vertex 80.7542 -1.41107 6.5
    endloop
  endfacet
  facet normal -0.427692 0.903925 0
    outer loop
      vertex 80.6123 -1.47821 6.5
      vertex 80.7542 -1.41107 0
      vertex 80.6123 -1.47821 0
    endloop
  endfacet
  facet normal 0.242895 -0.970053 0
    outer loop
      vertex 79.5355 1.5311 0
      vertex 79.6879 1.56926 6.5
      vertex 79.5355 1.5311 6.5
    endloop
  endfacet
  facet normal 0.242895 -0.970053 0
    outer loop
      vertex 79.6879 1.56926 6.5
      vertex 79.5355 1.5311 0
      vertex 79.6879 1.56926 0
    endloop
  endfacet
  facet normal 0.941539 -0.336905 0
    outer loop
      vertex 78.4689 0.464455 6.5
      vertex 78.5218 0.612293 0
      vertex 78.5218 0.612293 6.5
    endloop
  endfacet
  facet normal 0.941539 -0.336905 0
    outer loop
      vertex 78.5218 0.612293 0
      vertex 78.4689 0.464455 6.5
      vertex 78.4689 0.464455 0
    endloop
  endfacet
  facet normal -0.514027 -0.857774 0
    outer loop
      vertex 80.7542 1.41107 0
      vertex 80.8889 1.33035 6.5
      vertex 80.7542 1.41107 6.5
    endloop
  endfacet
  facet normal -0.514027 -0.857774 -0
    outer loop
      vertex 80.8889 1.33035 6.5
      vertex 80.7542 1.41107 0
      vertex 80.8889 1.33035 0
    endloop
  endfacet
  facet normal 0.514027 0.857774 -0
    outer loop
      vertex 79.2458 -1.41107 0
      vertex 79.1111 -1.33035 6.5
      vertex 79.2458 -1.41107 6.5
    endloop
  endfacet
  facet normal 0.514027 0.857774 0
    outer loop
      vertex 79.1111 -1.33035 6.5
      vertex 79.2458 -1.41107 0
      vertex 79.1111 -1.33035 0
    endloop
  endfacet
  facet normal 0.595732 -0.803184 0
    outer loop
      vertex 78.985 1.23682 0
      vertex 79.1111 1.33035 6.5
      vertex 78.985 1.23682 6.5
    endloop
  endfacet
  facet normal 0.595732 -0.803184 0
    outer loop
      vertex 79.1111 1.33035 6.5
      vertex 78.985 1.23682 0
      vertex 79.1111 1.33035 0
    endloop
  endfacet
  facet normal 0.0491116 -0.998793 0
    outer loop
      vertex 79.8432 1.59229 0
      vertex 80 1.6 6.5
      vertex 79.8432 1.59229 6.5
    endloop
  endfacet
  facet normal 0.0491116 -0.998793 0
    outer loop
      vertex 80 1.6 6.5
      vertex 79.8432 1.59229 0
      vertex 80 1.6 0
    endloop
  endfacet
  facet normal -0.0491116 0.998793 0
    outer loop
      vertex 80.1568 -1.59229 0
      vertex 80 -1.6 6.5
      vertex 80.1568 -1.59229 6.5
    endloop
  endfacet
  facet normal -0.0491116 0.998793 0
    outer loop
      vertex 80 -1.6 6.5
      vertex 80.1568 -1.59229 0
      vertex 80 -1.6 0
    endloop
  endfacet
  facet normal -0.941539 0.336905 0
    outer loop
      vertex 81.4782 -0.612293 0
      vertex 81.5311 -0.464455 6.5
      vertex 81.5311 -0.464455 0
    endloop
  endfacet
  facet normal -0.941539 0.336905 0
    outer loop
      vertex 81.5311 -0.464455 6.5
      vertex 81.4782 -0.612293 0
      vertex 81.4782 -0.612293 6.5
    endloop
  endfacet
  facet normal -0.803011 0.595964 0
    outer loop
      vertex 81.2368 -1.01503 0
      vertex 81.3304 -0.888912 6.5
      vertex 81.3304 -0.888912 0
    endloop
  endfacet
  facet normal -0.803011 0.595964 0
    outer loop
      vertex 81.3304 -0.888912 6.5
      vertex 81.2368 -1.01503 0
      vertex 81.2368 -1.01503 6.5
    endloop
  endfacet
  facet normal -0.989213 0.146487 0
    outer loop
      vertex 81.5693 -0.312144 0
      vertex 81.5923 -0.156827 6.5
      vertex 81.5923 -0.156827 0
    endloop
  endfacet
  facet normal -0.989213 0.146487 0
    outer loop
      vertex 81.5923 -0.156827 6.5
      vertex 81.5693 -0.312144 0
      vertex 81.5693 -0.312144 6.5
    endloop
  endfacet
  facet normal 0.857793 -0.513995 0
    outer loop
      vertex 78.5889 0.754234 6.5
      vertex 78.6696 0.888912 0
      vertex 78.6696 0.888912 6.5
    endloop
  endfacet
  facet normal 0.857793 -0.513995 0
    outer loop
      vertex 78.6696 0.888912 0
      vertex 78.5889 0.754234 6.5
      vertex 78.5889 0.754234 0
    endloop
  endfacet
  facet normal 0.336926 0.941531 -0
    outer loop
      vertex 79.5355 -1.5311 0
      vertex 79.3877 -1.47821 6.5
      vertex 79.5355 -1.5311 6.5
    endloop
  endfacet
  facet normal 0.336926 0.941531 0
    outer loop
      vertex 79.3877 -1.47821 6.5
      vertex 79.5355 -1.5311 0
      vertex 79.3877 -1.47821 0
    endloop
  endfacet
  facet normal -0.904071 -0.427383 0
    outer loop
      vertex 81.4782 0.612293 0
      vertex 81.4111 0.754234 6.5
      vertex 81.4111 0.754234 0
    endloop
  endfacet
  facet normal -0.904071 -0.427383 0
    outer loop
      vertex 81.4111 0.754234 6.5
      vertex 81.4782 0.612293 0
      vertex 81.4782 0.612293 6.5
    endloop
  endfacet
  facet normal 0.427692 -0.903925 0
    outer loop
      vertex 79.2458 1.41107 0
      vertex 79.3877 1.47821 6.5
      vertex 79.2458 1.41107 6.5
    endloop
  endfacet
  facet normal 0.427692 -0.903925 0
    outer loop
      vertex 79.3877 1.47821 6.5
      vertex 79.2458 1.41107 0
      vertex 79.3877 1.47821 0
    endloop
  endfacet
  facet normal -0.595732 0.803184 0
    outer loop
      vertex 81.015 -1.23682 0
      vertex 80.8889 -1.33035 6.5
      vertex 81.015 -1.23682 6.5
    endloop
  endfacet
  facet normal -0.595732 0.803184 0
    outer loop
      vertex 80.8889 -1.33035 6.5
      vertex 81.015 -1.23682 0
      vertex 80.8889 -1.33035 0
    endloop
  endfacet
  facet normal -0.595732 -0.803184 0
    outer loop
      vertex 80.8889 1.33035 0
      vertex 81.015 1.23682 6.5
      vertex 80.8889 1.33035 6.5
    endloop
  endfacet
  facet normal -0.595732 -0.803184 -0
    outer loop
      vertex 81.015 1.23682 6.5
      vertex 80.8889 1.33035 0
      vertex 81.015 1.23682 0
    endloop
  endfacet
  facet normal 0.671388 0.741106 -0
    outer loop
      vertex 78.985 -1.23682 0
      vertex 78.8686 -1.13137 6.5
      vertex 78.985 -1.23682 6.5
    endloop
  endfacet
  facet normal 0.671388 0.741106 0
    outer loop
      vertex 78.8686 -1.13137 6.5
      vertex 78.985 -1.23682 0
      vertex 78.8686 -1.13137 0
    endloop
  endfacet
  facet normal -0.998797 0.0490396 0
    outer loop
      vertex 81.5923 -0.156827 0
      vertex 81.6 0 6.5
      vertex 81.6 0 0
    endloop
  endfacet
  facet normal -0.998797 0.0490396 0
    outer loop
      vertex 81.6 0 6.5
      vertex 81.5923 -0.156827 0
      vertex 81.5923 -0.156827 6.5
    endloop
  endfacet
  facet normal 0.803011 0.595964 0
    outer loop
      vertex 78.7632 -1.01503 6.5
      vertex 78.6696 -0.888912 0
      vertex 78.6696 -0.888912 6.5
    endloop
  endfacet
  facet normal 0.803011 0.595964 0
    outer loop
      vertex 78.6696 -0.888912 0
      vertex 78.7632 -1.01503 6.5
      vertex 78.7632 -1.01503 0
    endloop
  endfacet
  facet normal 0.904071 0.427383 0
    outer loop
      vertex 78.5889 -0.754234 6.5
      vertex 78.5218 -0.612293 0
      vertex 78.5218 -0.612293 6.5
    endloop
  endfacet
  facet normal 0.904071 0.427383 0
    outer loop
      vertex 78.5218 -0.612293 0
      vertex 78.5889 -0.754234 6.5
      vertex 78.5889 -0.754234 0
    endloop
  endfacet
  facet normal 0.427692 0.903925 -0
    outer loop
      vertex 79.3877 -1.47821 0
      vertex 79.2458 -1.41107 6.5
      vertex 79.3877 -1.47821 6.5
    endloop
  endfacet
  facet normal 0.427692 0.903925 0
    outer loop
      vertex 79.2458 -1.41107 6.5
      vertex 79.3877 -1.47821 0
      vertex 79.2458 -1.41107 0
    endloop
  endfacet
  facet normal 0.146689 -0.989183 0
    outer loop
      vertex 79.6879 1.56926 0
      vertex 79.8432 1.59229 6.5
      vertex 79.6879 1.56926 6.5
    endloop
  endfacet
  facet normal 0.146689 -0.989183 0
    outer loop
      vertex 79.8432 1.59229 6.5
      vertex 79.6879 1.56926 0
      vertex 79.8432 1.59229 0
    endloop
  endfacet
  facet normal 0.989213 0.146487 0
    outer loop
      vertex 78.4307 -0.312144 6.5
      vertex 78.4077 -0.156827 0
      vertex 78.4077 -0.156827 6.5
    endloop
  endfacet
  facet normal 0.989213 0.146487 0
    outer loop
      vertex 78.4077 -0.156827 0
      vertex 78.4307 -0.312144 6.5
      vertex 78.4307 -0.312144 0
    endloop
  endfacet
  facet normal -0.336926 0.941531 0
    outer loop
      vertex 80.6123 -1.47821 0
      vertex 80.4645 -1.5311 6.5
      vertex 80.6123 -1.47821 6.5
    endloop
  endfacet
  facet normal -0.336926 0.941531 0
    outer loop
      vertex 80.4645 -1.5311 6.5
      vertex 80.6123 -1.47821 0
      vertex 80.4645 -1.5311 0
    endloop
  endfacet
  facet normal -0.242895 0.970053 0
    outer loop
      vertex 80.4645 -1.5311 0
      vertex 80.3121 -1.56926 6.5
      vertex 80.4645 -1.5311 6.5
    endloop
  endfacet
  facet normal -0.242895 0.970053 0
    outer loop
      vertex 80.3121 -1.56926 6.5
      vertex 80.4645 -1.5311 0
      vertex 80.3121 -1.56926 0
    endloop
  endfacet
  facet normal 0.904071 -0.427383 0
    outer loop
      vertex 78.5218 0.612293 6.5
      vertex 78.5889 0.754234 0
      vertex 78.5889 0.754234 6.5
    endloop
  endfacet
  facet normal 0.904071 -0.427383 0
    outer loop
      vertex 78.5889 0.754234 0
      vertex 78.5218 0.612293 6.5
      vertex 78.5218 0.612293 0
    endloop
  endfacet
  facet normal 0.741092 0.671404 0
    outer loop
      vertex 78.8686 -1.13137 6.5
      vertex 78.7632 -1.01503 0
      vertex 78.7632 -1.01503 6.5
    endloop
  endfacet
  facet normal 0.741092 0.671404 0
    outer loop
      vertex 78.7632 -1.01503 0
      vertex 78.8686 -1.13137 6.5
      vertex 78.8686 -1.13137 0
    endloop
  endfacet
  facet normal 0.595732 0.803184 -0
    outer loop
      vertex 79.1111 -1.33035 0
      vertex 78.985 -1.23682 6.5
      vertex 79.1111 -1.33035 6.5
    endloop
  endfacet
  facet normal 0.595732 0.803184 0
    outer loop
      vertex 78.985 -1.23682 6.5
      vertex 79.1111 -1.33035 0
      vertex 78.985 -1.23682 0
    endloop
  endfacet
  facet normal -0.904071 0.427383 0
    outer loop
      vertex 81.4111 -0.754234 0
      vertex 81.4782 -0.612293 6.5
      vertex 81.4782 -0.612293 0
    endloop
  endfacet
  facet normal -0.904071 0.427383 0
    outer loop
      vertex 81.4782 -0.612293 6.5
      vertex 81.4111 -0.754234 0
      vertex 81.4111 -0.754234 6.5
    endloop
  endfacet
  facet normal -0.857793 0.513995 0
    outer loop
      vertex 81.3304 -0.888912 0
      vertex 81.4111 -0.754234 6.5
      vertex 81.4111 -0.754234 0
    endloop
  endfacet
  facet normal -0.857793 0.513995 0
    outer loop
      vertex 81.4111 -0.754234 6.5
      vertex 81.3304 -0.888912 0
      vertex 81.3304 -0.888912 6.5
    endloop
  endfacet
  facet normal -0.0491116 -0.998793 0
    outer loop
      vertex 80 1.6 0
      vertex 80.1568 1.59229 6.5
      vertex 80 1.6 6.5
    endloop
  endfacet
  facet normal -0.0491116 -0.998793 -0
    outer loop
      vertex 80.1568 1.59229 6.5
      vertex 80 1.6 0
      vertex 80.1568 1.59229 0
    endloop
  endfacet
  facet normal 0.0491116 0.998793 -0
    outer loop
      vertex 80 -1.6 0
      vertex 79.8432 -1.59229 6.5
      vertex 80 -1.6 6.5
    endloop
  endfacet
  facet normal 0.0491116 0.998793 0
    outer loop
      vertex 79.8432 -1.59229 6.5
      vertex 80 -1.6 0
      vertex 79.8432 -1.59229 0
    endloop
  endfacet
  facet normal 0.998797 -0.0490396 0
    outer loop
      vertex 78.4 0 6.5
      vertex 78.4077 0.156827 0
      vertex 78.4077 0.156827 6.5
    endloop
  endfacet
  facet normal 0.998797 -0.0490396 0
    outer loop
      vertex 78.4077 0.156827 0
      vertex 78.4 0 6.5
      vertex 78.4 0 0
    endloop
  endfacet
  facet normal -0.671388 0.741106 0
    outer loop
      vertex 81.1314 -1.13137 0
      vertex 81.015 -1.23682 6.5
      vertex 81.1314 -1.13137 6.5
    endloop
  endfacet
  facet normal -0.671388 0.741106 0
    outer loop
      vertex 81.015 -1.23682 6.5
      vertex 81.1314 -1.13137 0
      vertex 81.015 -1.23682 0
    endloop
  endfacet
  facet normal -0.989176 -0.146736 0
    outer loop
      vertex 22.2392 0.220538 0
      vertex 22.2068 0.438952 3
      vertex 22.2068 0.438952 0
    endloop
  endfacet
  facet normal -0.989176 -0.146736 0
    outer loop
      vertex 22.2068 0.438952 3
      vertex 22.2392 0.220538 0
      vertex 22.2392 0.220538 3
    endloop
  endfacet
  facet normal -0.998803 -0.0489125 0
    outer loop
      vertex 22.25 0 0
      vertex 22.2392 0.220538 3
      vertex 22.2392 0.220538 0
    endloop
  endfacet
  facet normal -0.998803 -0.0489125 0
    outer loop
      vertex 22.2392 0.220538 3
      vertex 22.25 0 0
      vertex 22.25 0 3
    endloop
  endfacet
  facet normal -0.969979 -0.243188 0
    outer loop
      vertex 22.2068 0.438952 0
      vertex 22.1531 0.65314 3
      vertex 22.1531 0.65314 0
    endloop
  endfacet
  facet normal -0.969979 -0.243188 0
    outer loop
      vertex 22.1531 0.65314 3
      vertex 22.2068 0.438952 0
      vertex 22.2068 0.438952 3
    endloop
  endfacet
  facet normal 0.243069 -0.970009 0
    outer loop
      vertex 19.3469 2.15312 0
      vertex 19.561 2.20677 3
      vertex 19.3469 2.15312 3
    endloop
  endfacet
  facet normal 0.243069 -0.970009 0
    outer loop
      vertex 19.561 2.20677 3
      vertex 19.3469 2.15312 0
      vertex 19.561 2.20677 0
    endloop
  endfacet
  facet normal 0.14668 -0.989184 0
    outer loop
      vertex 19.561 2.20677 0
      vertex 19.7795 2.23917 3
      vertex 19.561 2.20677 3
    endloop
  endfacet
  facet normal 0.14668 -0.989184 0
    outer loop
      vertex 19.7795 2.23917 3
      vertex 19.561 2.20677 0
      vertex 19.7795 2.23917 0
    endloop
  endfacet
  facet normal -0.336899 -0.941541 0
    outer loop
      vertex 20.6531 2.15312 0
      vertex 20.861 2.07873 3
      vertex 20.6531 2.15312 3
    endloop
  endfacet
  facet normal -0.336899 -0.941541 -0
    outer loop
      vertex 20.861 2.07873 3
      vertex 20.6531 2.15312 0
      vertex 20.861 2.07873 0
    endloop
  endfacet
  facet normal -0.14668 0.989184 0
    outer loop
      vertex 20.439 -2.20677 0
      vertex 20.2205 -2.23917 3
      vertex 20.439 -2.20677 3
    endloop
  endfacet
  facet normal -0.14668 0.989184 0
    outer loop
      vertex 20.2205 -2.23917 3
      vertex 20.439 -2.20677 0
      vertex 20.2205 -2.23917 0
    endloop
  endfacet
  facet normal -0.514063 -0.857753 0
    outer loop
      vertex 21.0606 1.98432 0
      vertex 21.25 1.87081 3
      vertex 21.0606 1.98432 3
    endloop
  endfacet
  facet normal -0.514063 -0.857753 -0
    outer loop
      vertex 21.25 1.87081 3
      vertex 21.0606 1.98432 0
      vertex 21.25 1.87081 0
    endloop
  endfacet
  facet normal -0.998803 0.0489125 0
    outer loop
      vertex 22.2392 -0.220538 0
      vertex 22.25 0 3
      vertex 22.25 0 0
    endloop
  endfacet
  facet normal -0.998803 0.0489125 0
    outer loop
      vertex 22.25 0 3
      vertex 22.2392 -0.220538 0
      vertex 22.2392 -0.220538 3
    endloop
  endfacet
  facet normal -0.243069 0.970009 0
    outer loop
      vertex 20.6531 -2.15312 0
      vertex 20.439 -2.20677 3
      vertex 20.6531 -2.15312 3
    endloop
  endfacet
  facet normal -0.243069 0.970009 0
    outer loop
      vertex 20.439 -2.20677 3
      vertex 20.6531 -2.15312 0
      vertex 20.439 -2.20677 0
    endloop
  endfacet
  facet normal 0.969979 0.243188 0
    outer loop
      vertex 17.8469 -0.65314 3
      vertex 17.7932 -0.438952 0
      vertex 17.7932 -0.438952 3
    endloop
  endfacet
  facet normal 0.969979 0.243188 0
    outer loop
      vertex 17.7932 -0.438952 0
      vertex 17.8469 -0.65314 3
      vertex 17.8469 -0.65314 0
    endloop
  endfacet
  facet normal -0.803276 0.595607 0
    outer loop
      vertex 21.7393 -1.42738 0
      vertex 21.8708 -1.25003 3
      vertex 21.8708 -1.25003 0
    endloop
  endfacet
  facet normal -0.803276 0.595607 0
    outer loop
      vertex 21.8708 -1.25003 3
      vertex 21.7393 -1.42738 0
      vertex 21.7393 -1.42738 3
    endloop
  endfacet
  facet normal 0.740923 0.67159 0
    outer loop
      vertex 18.409 -1.59099 3
      vertex 18.2607 -1.42738 0
      vertex 18.2607 -1.42738 3
    endloop
  endfacet
  facet normal 0.740923 0.67159 0
    outer loop
      vertex 18.2607 -1.42738 0
      vertex 18.409 -1.59099 3
      vertex 18.409 -1.59099 0
    endloop
  endfacet
  facet normal 0.14668 0.989184 -0
    outer loop
      vertex 19.7795 -2.23917 0
      vertex 19.561 -2.20677 3
      vertex 19.7795 -2.23917 3
    endloop
  endfacet
  facet normal 0.14668 0.989184 0
    outer loop
      vertex 19.561 -2.20677 3
      vertex 19.7795 -2.23917 0
      vertex 19.561 -2.20677 0
    endloop
  endfacet
  facet normal 0.989176 0.146736 0
    outer loop
      vertex 17.7932 -0.438952 3
      vertex 17.7608 -0.220538 0
      vertex 17.7608 -0.220538 3
    endloop
  endfacet
  facet normal 0.989176 0.146736 0
    outer loop
      vertex 17.7608 -0.220538 0
      vertex 17.7932 -0.438952 3
      vertex 17.7932 -0.438952 0
    endloop
  endfacet
  facet normal 0.243069 0.970009 -0
    outer loop
      vertex 19.561 -2.20677 0
      vertex 19.3469 -2.15312 3
      vertex 19.561 -2.20677 3
    endloop
  endfacet
  facet normal 0.243069 0.970009 0
    outer loop
      vertex 19.3469 -2.15312 3
      vertex 19.561 -2.20677 0
      vertex 19.3469 -2.15312 0
    endloop
  endfacet
  facet normal 0.427578 0.903978 -0
    outer loop
      vertex 19.139 -2.07873 0
      vertex 18.9394 -1.98432 3
      vertex 19.139 -2.07873 3
    endloop
  endfacet
  facet normal 0.427578 0.903978 0
    outer loop
      vertex 18.9394 -1.98432 3
      vertex 19.139 -2.07873 0
      vertex 18.9394 -1.98432 0
    endloop
  endfacet
  facet normal -0.514063 0.857753 0
    outer loop
      vertex 21.25 -1.87081 0
      vertex 21.0606 -1.98432 3
      vertex 21.25 -1.87081 3
    endloop
  endfacet
  facet normal -0.514063 0.857753 0
    outer loop
      vertex 21.0606 -1.98432 3
      vertex 21.25 -1.87081 0
      vertex 21.0606 -1.98432 0
    endloop
  endfacet
  facet normal 0.514063 0.857753 -0
    outer loop
      vertex 18.9394 -1.98432 0
      vertex 18.75 -1.87081 3
      vertex 18.9394 -1.98432 3
    endloop
  endfacet
  facet normal 0.514063 0.857753 0
    outer loop
      vertex 18.75 -1.87081 3
      vertex 18.9394 -1.98432 0
      vertex 18.75 -1.87081 0
    endloop
  endfacet
  facet normal -0.740923 -0.67159 0
    outer loop
      vertex 21.7393 1.42738 0
      vertex 21.591 1.59099 3
      vertex 21.591 1.59099 0
    endloop
  endfacet
  facet normal -0.740923 -0.67159 0
    outer loop
      vertex 21.591 1.59099 3
      vertex 21.7393 1.42738 0
      vertex 21.7393 1.42738 3
    endloop
  endfacet
  facet normal 0.595615 -0.80327 0
    outer loop
      vertex 18.5726 1.73927 0
      vertex 18.75 1.87081 3
      vertex 18.5726 1.73927 3
    endloop
  endfacet
  facet normal 0.595615 -0.80327 0
    outer loop
      vertex 18.75 1.87081 3
      vertex 18.5726 1.73927 0
      vertex 18.75 1.87081 0
    endloop
  endfacet
  facet normal 0.903998 -0.427536 0
    outer loop
      vertex 17.9213 0.861037 3
      vertex 18.0157 1.06064 0
      vertex 18.0157 1.06064 3
    endloop
  endfacet
  facet normal 0.903998 -0.427536 0
    outer loop
      vertex 18.0157 1.06064 0
      vertex 17.9213 0.861037 3
      vertex 17.9213 0.861037 0
    endloop
  endfacet
  facet normal -0.427578 0.903978 0
    outer loop
      vertex 21.0606 -1.98432 0
      vertex 20.861 -2.07873 3
      vertex 21.0606 -1.98432 3
    endloop
  endfacet
  facet normal -0.427578 0.903978 0
    outer loop
      vertex 20.861 -2.07873 3
      vertex 21.0606 -1.98432 0
      vertex 20.861 -2.07873 0
    endloop
  endfacet
  facet normal 0.336899 -0.941541 0
    outer loop
      vertex 19.139 2.07873 0
      vertex 19.3469 2.15312 3
      vertex 19.139 2.07873 3
    endloop
  endfacet
  facet normal 0.336899 -0.941541 0
    outer loop
      vertex 19.3469 2.15312 3
      vertex 19.139 2.07873 0
      vertex 19.3469 2.15312 0
    endloop
  endfacet
  facet normal -0.427578 -0.903978 0
    outer loop
      vertex 20.861 2.07873 0
      vertex 21.0606 1.98432 3
      vertex 20.861 2.07873 3
    endloop
  endfacet
  facet normal -0.427578 -0.903978 -0
    outer loop
      vertex 21.0606 1.98432 3
      vertex 20.861 2.07873 0
      vertex 21.0606 1.98432 0
    endloop
  endfacet
  facet normal -0.14668 -0.989184 0
    outer loop
      vertex 20.2205 2.23917 0
      vertex 20.439 2.20677 3
      vertex 20.2205 2.23917 3
    endloop
  endfacet
  facet normal -0.14668 -0.989184 -0
    outer loop
      vertex 20.439 2.20677 3
      vertex 20.2205 2.23917 0
      vertex 20.439 2.20677 0
    endloop
  endfacet
  facet normal -0.803276 -0.595607 0
    outer loop
      vertex 21.8708 1.25003 0
      vertex 21.7393 1.42738 3
      vertex 21.7393 1.42738 0
    endloop
  endfacet
  facet normal -0.803276 -0.595607 0
    outer loop
      vertex 21.7393 1.42738 3
      vertex 21.8708 1.25003 0
      vertex 21.8708 1.25003 3
    endloop
  endfacet
  facet normal 0.0490565 -0.998796 0
    outer loop
      vertex 19.7795 2.23917 0
      vertex 20 2.25 3
      vertex 19.7795 2.23917 3
    endloop
  endfacet
  facet normal 0.0490565 -0.998796 0
    outer loop
      vertex 20 2.25 3
      vertex 19.7795 2.23917 0
      vertex 20 2.25 0
    endloop
  endfacet
  facet normal -0.336899 0.941541 0
    outer loop
      vertex 20.861 -2.07873 0
      vertex 20.6531 -2.15312 3
      vertex 20.861 -2.07873 3
    endloop
  endfacet
  facet normal -0.336899 0.941541 0
    outer loop
      vertex 20.6531 -2.15312 3
      vertex 20.861 -2.07873 0
      vertex 20.6531 -2.15312 0
    endloop
  endfacet
  facet normal 0.0490565 0.998796 -0
    outer loop
      vertex 20 -2.25 0
      vertex 19.7795 -2.23917 3
      vertex 20 -2.25 3
    endloop
  endfacet
  facet normal 0.0490565 0.998796 0
    outer loop
      vertex 19.7795 -2.23917 3
      vertex 20 -2.25 0
      vertex 19.7795 -2.23917 0
    endloop
  endfacet
  facet normal -0.969979 0.243188 0
    outer loop
      vertex 22.1531 -0.65314 0
      vertex 22.2068 -0.438952 3
      vertex 22.2068 -0.438952 0
    endloop
  endfacet
  facet normal -0.969979 0.243188 0
    outer loop
      vertex 22.2068 -0.438952 3
      vertex 22.1531 -0.65314 0
      vertex 22.1531 -0.65314 3
    endloop
  endfacet
  facet normal -0.903998 0.427536 0
    outer loop
      vertex 21.9843 -1.06064 0
      vertex 22.0787 -0.861037 3
      vertex 22.0787 -0.861037 0
    endloop
  endfacet
  facet normal -0.903998 0.427536 0
    outer loop
      vertex 22.0787 -0.861037 3
      vertex 21.9843 -1.06064 0
      vertex 21.9843 -1.06064 3
    endloop
  endfacet
  facet normal 0.336899 0.941541 -0
    outer loop
      vertex 19.3469 -2.15312 0
      vertex 19.139 -2.07873 3
      vertex 19.3469 -2.15312 3
    endloop
  endfacet
  facet normal 0.336899 0.941541 0
    outer loop
      vertex 19.139 -2.07873 3
      vertex 19.3469 -2.15312 0
      vertex 19.139 -2.07873 0
    endloop
  endfacet
  facet normal -0.941525 -0.336943 0
    outer loop
      vertex 22.1531 0.65314 0
      vertex 22.0787 0.861037 3
      vertex 22.0787 0.861037 0
    endloop
  endfacet
  facet normal -0.941525 -0.336943 0
    outer loop
      vertex 22.0787 0.861037 3
      vertex 22.1531 0.65314 0
      vertex 22.1531 0.65314 3
    endloop
  endfacet
  facet normal 0.427578 -0.903978 0
    outer loop
      vertex 18.9394 1.98432 0
      vertex 19.139 2.07873 3
      vertex 18.9394 1.98432 3
    endloop
  endfacet
  facet normal 0.427578 -0.903978 0
    outer loop
      vertex 19.139 2.07873 3
      vertex 18.9394 1.98432 0
      vertex 19.139 2.07873 0
    endloop
  endfacet
  facet normal -0.595615 -0.80327 0
    outer loop
      vertex 21.25 1.87081 0
      vertex 21.4274 1.73927 3
      vertex 21.25 1.87081 3
    endloop
  endfacet
  facet normal -0.595615 -0.80327 -0
    outer loop
      vertex 21.4274 1.73927 3
      vertex 21.25 1.87081 0
      vertex 21.4274 1.73927 0
    endloop
  endfacet
  facet normal -0.903998 -0.427536 0
    outer loop
      vertex 22.0787 0.861037 0
      vertex 21.9843 1.06064 3
      vertex 21.9843 1.06064 0
    endloop
  endfacet
  facet normal -0.903998 -0.427536 0
    outer loop
      vertex 21.9843 1.06064 3
      vertex 22.0787 0.861037 0
      vertex 22.0787 0.861037 3
    endloop
  endfacet
  facet normal -0.671563 -0.740948 0
    outer loop
      vertex 21.4274 1.73927 0
      vertex 21.591 1.59099 3
      vertex 21.4274 1.73927 3
    endloop
  endfacet
  facet normal -0.671563 -0.740948 -0
    outer loop
      vertex 21.591 1.59099 3
      vertex 21.4274 1.73927 0
      vertex 21.591 1.59099 0
    endloop
  endfacet
  facet normal -0.989176 0.146736 0
    outer loop
      vertex 22.2068 -0.438952 0
      vertex 22.2392 -0.220538 3
      vertex 22.2392 -0.220538 0
    endloop
  endfacet
  facet normal -0.989176 0.146736 0
    outer loop
      vertex 22.2392 -0.220538 3
      vertex 22.2068 -0.438952 0
      vertex 22.2068 -0.438952 3
    endloop
  endfacet
  facet normal 0.857761 -0.514049 0
    outer loop
      vertex 18.0157 1.06064 3
      vertex 18.1292 1.25003 0
      vertex 18.1292 1.25003 3
    endloop
  endfacet
  facet normal 0.857761 -0.514049 0
    outer loop
      vertex 18.1292 1.25003 0
      vertex 18.0157 1.06064 3
      vertex 18.0157 1.06064 0
    endloop
  endfacet
  facet normal -0.857761 -0.514049 0
    outer loop
      vertex 21.9843 1.06064 0
      vertex 21.8708 1.25003 3
      vertex 21.8708 1.25003 0
    endloop
  endfacet
  facet normal -0.857761 -0.514049 0
    outer loop
      vertex 21.8708 1.25003 3
      vertex 21.9843 1.06064 0
      vertex 21.9843 1.06064 3
    endloop
  endfacet
  facet normal -0.0490565 -0.998796 0
    outer loop
      vertex 20 2.25 0
      vertex 20.2205 2.23917 3
      vertex 20 2.25 3
    endloop
  endfacet
  facet normal -0.0490565 -0.998796 -0
    outer loop
      vertex 20.2205 2.23917 3
      vertex 20 2.25 0
      vertex 20.2205 2.23917 0
    endloop
  endfacet
  facet normal 0.671563 -0.740948 0
    outer loop
      vertex 18.409 1.59099 0
      vertex 18.5726 1.73927 3
      vertex 18.409 1.59099 3
    endloop
  endfacet
  facet normal 0.671563 -0.740948 0
    outer loop
      vertex 18.5726 1.73927 3
      vertex 18.409 1.59099 0
      vertex 18.5726 1.73927 0
    endloop
  endfacet
  facet normal 0.989176 -0.146736 0
    outer loop
      vertex 17.7608 0.220538 3
      vertex 17.7932 0.438952 0
      vertex 17.7932 0.438952 3
    endloop
  endfacet
  facet normal 0.989176 -0.146736 0
    outer loop
      vertex 17.7932 0.438952 0
      vertex 17.7608 0.220538 3
      vertex 17.7608 0.220538 0
    endloop
  endfacet
  facet normal -0.0490565 0.998796 0
    outer loop
      vertex 20.2205 -2.23917 0
      vertex 20 -2.25 3
      vertex 20.2205 -2.23917 3
    endloop
  endfacet
  facet normal -0.0490565 0.998796 0
    outer loop
      vertex 20 -2.25 3
      vertex 20.2205 -2.23917 0
      vertex 20 -2.25 0
    endloop
  endfacet
  facet normal 0.857761 0.514049 0
    outer loop
      vertex 18.1292 -1.25003 3
      vertex 18.0157 -1.06064 0
      vertex 18.0157 -1.06064 3
    endloop
  endfacet
  facet normal 0.857761 0.514049 0
    outer loop
      vertex 18.0157 -1.06064 0
      vertex 18.1292 -1.25003 3
      vertex 18.1292 -1.25003 0
    endloop
  endfacet
  facet normal 0.740923 -0.67159 0
    outer loop
      vertex 18.2607 1.42738 3
      vertex 18.409 1.59099 0
      vertex 18.409 1.59099 3
    endloop
  endfacet
  facet normal 0.740923 -0.67159 0
    outer loop
      vertex 18.409 1.59099 0
      vertex 18.2607 1.42738 3
      vertex 18.2607 1.42738 0
    endloop
  endfacet
  facet normal 0.595615 0.80327 -0
    outer loop
      vertex 18.75 -1.87081 0
      vertex 18.5726 -1.73927 3
      vertex 18.75 -1.87081 3
    endloop
  endfacet
  facet normal 0.595615 0.80327 0
    outer loop
      vertex 18.5726 -1.73927 3
      vertex 18.75 -1.87081 0
      vertex 18.5726 -1.73927 0
    endloop
  endfacet
  facet normal -0.243069 -0.970009 0
    outer loop
      vertex 20.439 2.20677 0
      vertex 20.6531 2.15312 3
      vertex 20.439 2.20677 3
    endloop
  endfacet
  facet normal -0.243069 -0.970009 -0
    outer loop
      vertex 20.6531 2.15312 3
      vertex 20.439 2.20677 0
      vertex 20.6531 2.15312 0
    endloop
  endfacet
  facet normal -0.740923 0.67159 0
    outer loop
      vertex 21.591 -1.59099 0
      vertex 21.7393 -1.42738 3
      vertex 21.7393 -1.42738 0
    endloop
  endfacet
  facet normal -0.740923 0.67159 0
    outer loop
      vertex 21.7393 -1.42738 3
      vertex 21.591 -1.59099 0
      vertex 21.591 -1.59099 3
    endloop
  endfacet
  facet normal -0.595615 0.80327 0
    outer loop
      vertex 21.4274 -1.73927 0
      vertex 21.25 -1.87081 3
      vertex 21.4274 -1.73927 3
    endloop
  endfacet
  facet normal -0.595615 0.80327 0
    outer loop
      vertex 21.25 -1.87081 3
      vertex 21.4274 -1.73927 0
      vertex 21.25 -1.87081 0
    endloop
  endfacet
  facet normal 0.941525 0.336943 0
    outer loop
      vertex 17.9213 -0.861037 3
      vertex 17.8469 -0.65314 0
      vertex 17.8469 -0.65314 3
    endloop
  endfacet
  facet normal 0.941525 0.336943 0
    outer loop
      vertex 17.8469 -0.65314 0
      vertex 17.9213 -0.861037 3
      vertex 17.9213 -0.861037 0
    endloop
  endfacet
  facet normal 0.903998 0.427536 0
    outer loop
      vertex 18.0157 -1.06064 3
      vertex 17.9213 -0.861037 0
      vertex 17.9213 -0.861037 3
    endloop
  endfacet
  facet normal 0.903998 0.427536 0
    outer loop
      vertex 17.9213 -0.861037 0
      vertex 18.0157 -1.06064 3
      vertex 18.0157 -1.06064 0
    endloop
  endfacet
  facet normal 0.514063 -0.857753 0
    outer loop
      vertex 18.75 1.87081 0
      vertex 18.9394 1.98432 3
      vertex 18.75 1.87081 3
    endloop
  endfacet
  facet normal 0.514063 -0.857753 0
    outer loop
      vertex 18.9394 1.98432 3
      vertex 18.75 1.87081 0
      vertex 18.9394 1.98432 0
    endloop
  endfacet
  facet normal 0.803276 -0.595607 0
    outer loop
      vertex 18.1292 1.25003 3
      vertex 18.2607 1.42738 0
      vertex 18.2607 1.42738 3
    endloop
  endfacet
  facet normal 0.803276 -0.595607 0
    outer loop
      vertex 18.2607 1.42738 0
      vertex 18.1292 1.25003 3
      vertex 18.1292 1.25003 0
    endloop
  endfacet
  facet normal 0.969979 -0.243188 0
    outer loop
      vertex 17.7932 0.438952 3
      vertex 17.8469 0.65314 0
      vertex 17.8469 0.65314 3
    endloop
  endfacet
  facet normal 0.969979 -0.243188 0
    outer loop
      vertex 17.8469 0.65314 0
      vertex 17.7932 0.438952 3
      vertex 17.7932 0.438952 0
    endloop
  endfacet
  facet normal -0.857761 0.514049 0
    outer loop
      vertex 21.8708 -1.25003 0
      vertex 21.9843 -1.06064 3
      vertex 21.9843 -1.06064 0
    endloop
  endfacet
  facet normal -0.857761 0.514049 0
    outer loop
      vertex 21.9843 -1.06064 3
      vertex 21.8708 -1.25003 0
      vertex 21.8708 -1.25003 3
    endloop
  endfacet
  facet normal -0.941525 0.336943 0
    outer loop
      vertex 22.0787 -0.861037 0
      vertex 22.1531 -0.65314 3
      vertex 22.1531 -0.65314 0
    endloop
  endfacet
  facet normal -0.941525 0.336943 0
    outer loop
      vertex 22.1531 -0.65314 3
      vertex 22.0787 -0.861037 0
      vertex 22.0787 -0.861037 3
    endloop
  endfacet
  facet normal -0.671563 0.740948 0
    outer loop
      vertex 21.591 -1.59099 0
      vertex 21.4274 -1.73927 3
      vertex 21.591 -1.59099 3
    endloop
  endfacet
  facet normal -0.671563 0.740948 0
    outer loop
      vertex 21.4274 -1.73927 3
      vertex 21.591 -1.59099 0
      vertex 21.4274 -1.73927 0
    endloop
  endfacet
  facet normal 0.671563 0.740948 -0
    outer loop
      vertex 18.5726 -1.73927 0
      vertex 18.409 -1.59099 3
      vertex 18.5726 -1.73927 3
    endloop
  endfacet
  facet normal 0.671563 0.740948 0
    outer loop
      vertex 18.409 -1.59099 3
      vertex 18.5726 -1.73927 0
      vertex 18.409 -1.59099 0
    endloop
  endfacet
  facet normal 0.998803 -0.0489125 0
    outer loop
      vertex 17.75 0 3
      vertex 17.7608 0.220538 0
      vertex 17.7608 0.220538 3
    endloop
  endfacet
  facet normal 0.998803 -0.0489125 0
    outer loop
      vertex 17.7608 0.220538 0
      vertex 17.75 0 3
      vertex 17.75 0 0
    endloop
  endfacet
  facet normal 0.998803 0.0489125 0
    outer loop
      vertex 17.7608 -0.220538 3
      vertex 17.75 0 0
      vertex 17.75 0 3
    endloop
  endfacet
  facet normal 0.998803 0.0489125 0
    outer loop
      vertex 17.75 0 0
      vertex 17.7608 -0.220538 3
      vertex 17.7608 -0.220538 0
    endloop
  endfacet
  facet normal 0.803276 0.595607 0
    outer loop
      vertex 18.2607 -1.42738 3
      vertex 18.1292 -1.25003 0
      vertex 18.1292 -1.25003 3
    endloop
  endfacet
  facet normal 0.803276 0.595607 0
    outer loop
      vertex 18.1292 -1.25003 0
      vertex 18.2607 -1.42738 3
      vertex 18.2607 -1.42738 0
    endloop
  endfacet
  facet normal 0.941525 -0.336943 0
    outer loop
      vertex 17.8469 0.65314 3
      vertex 17.9213 0.861037 0
      vertex 17.9213 0.861037 3
    endloop
  endfacet
  facet normal 0.941525 -0.336943 0
    outer loop
      vertex 17.9213 0.861037 0
      vertex 17.8469 0.65314 3
      vertex 17.8469 0.65314 0
    endloop
  endfacet
  facet normal 0.98921 0.146502 0
    outer loop
      vertex -47.4593 52.7379 1.6
      vertex -47.4823 52.8932 0
      vertex -47.4823 52.8932 1.6
    endloop
  endfacet
  facet normal 0.98921 0.146502 0
    outer loop
      vertex -47.4823 52.8932 0
      vertex -47.4593 52.7379 1.6
      vertex -47.4593 52.7379 0
    endloop
  endfacet
  facet normal -0.98921 -0.146502 0
    outer loop
      vertex -44.2977 53.2068 0
      vertex -44.3207 53.3621 1.6
      vertex -44.3207 53.3621 0
    endloop
  endfacet
  facet normal -0.98921 -0.146502 0
    outer loop
      vertex -44.3207 53.3621 1.6
      vertex -44.2977 53.2068 0
      vertex -44.2977 53.2068 1.6
    endloop
  endfacet
  facet normal -0.998796 -0.049048 0
    outer loop
      vertex -44.29 53.05 0
      vertex -44.2977 53.2068 1.6
      vertex -44.2977 53.2068 0
    endloop
  endfacet
  facet normal -0.998796 -0.049048 0
    outer loop
      vertex -44.2977 53.2068 1.6
      vertex -44.29 53.05 0
      vertex -44.29 53.05 1.6
    endloop
  endfacet
  facet normal -0.969993 -0.243135 0
    outer loop
      vertex -44.3207 53.3621 0
      vertex -44.3589 53.5145 1.6
      vertex -44.3589 53.5145 0
    endloop
  endfacet
  facet normal -0.969993 -0.243135 0
    outer loop
      vertex -44.3589 53.5145 1.6
      vertex -44.3207 53.3621 0
      vertex -44.3207 53.3621 1.6
    endloop
  endfacet
  facet normal -0.336982 0.941511 0
    outer loop
      vertex -45.2777 51.5718 0
      vertex -45.4255 51.5189 1.6
      vertex -45.2777 51.5718 1.6
    endloop
  endfacet
  facet normal -0.336982 0.941511 0
    outer loop
      vertex -45.4255 51.5189 1.6
      vertex -45.2777 51.5718 0
      vertex -45.4255 51.5189 0
    endloop
  endfacet
  facet normal 0.243135 0.969993 -0
    outer loop
      vertex -46.2021 51.4807 0
      vertex -46.3545 51.5189 1.6
      vertex -46.2021 51.4807 1.6
    endloop
  endfacet
  facet normal 0.243135 0.969993 0
    outer loop
      vertex -46.3545 51.5189 1.6
      vertex -46.2021 51.4807 0
      vertex -46.3545 51.5189 0
    endloop
  endfacet
  facet normal -0.146502 0.98921 0
    outer loop
      vertex -45.5779 51.4807 0
      vertex -45.7332 51.4577 1.6
      vertex -45.5779 51.4807 1.6
    endloop
  endfacet
  facet normal -0.146502 0.98921 0
    outer loop
      vertex -45.7332 51.4577 1.6
      vertex -45.5779 51.4807 0
      vertex -45.7332 51.4577 0
    endloop
  endfacet
  facet normal 0.146502 -0.98921 0
    outer loop
      vertex -46.2021 54.6193 0
      vertex -46.0468 54.6423 1.6
      vertex -46.2021 54.6193 1.6
    endloop
  endfacet
  facet normal 0.146502 -0.98921 0
    outer loop
      vertex -46.0468 54.6423 1.6
      vertex -46.2021 54.6193 0
      vertex -46.0468 54.6423 0
    endloop
  endfacet
  facet normal -0.513934 -0.85783 0
    outer loop
      vertex -45.1358 54.4611 0
      vertex -45.0011 54.3804 1.6
      vertex -45.1358 54.4611 1.6
    endloop
  endfacet
  facet normal -0.513934 -0.85783 -0
    outer loop
      vertex -45.0011 54.3804 1.6
      vertex -45.1358 54.4611 0
      vertex -45.0011 54.3804 0
    endloop
  endfacet
  facet normal -0.904023 0.427484 0
    outer loop
      vertex -44.4789 52.2958 0
      vertex -44.4118 52.4377 1.6
      vertex -44.4118 52.4377 0
    endloop
  endfacet
  facet normal -0.904023 0.427484 0
    outer loop
      vertex -44.4118 52.4377 1.6
      vertex -44.4789 52.2958 0
      vertex -44.4789 52.2958 1.6
    endloop
  endfacet
  facet normal -0.741264 0.671213 0
    outer loop
      vertex -44.7586 51.9186 0
      vertex -44.6532 52.035 1.6
      vertex -44.6532 52.035 0
    endloop
  endfacet
  facet normal -0.741264 0.671213 0
    outer loop
      vertex -44.6532 52.035 1.6
      vertex -44.7586 51.9186 0
      vertex -44.7586 51.9186 1.6
    endloop
  endfacet
  facet normal -0.049048 0.998796 0
    outer loop
      vertex -45.7332 51.4577 0
      vertex -45.89 51.45 1.6
      vertex -45.7332 51.4577 1.6
    endloop
  endfacet
  facet normal -0.049048 0.998796 0
    outer loop
      vertex -45.89 51.45 1.6
      vertex -45.7332 51.4577 0
      vertex -45.89 51.45 0
    endloop
  endfacet
  facet normal 0.146502 0.98921 -0
    outer loop
      vertex -46.0468 51.4577 0
      vertex -46.2021 51.4807 1.6
      vertex -46.0468 51.4577 1.6
    endloop
  endfacet
  facet normal 0.146502 0.98921 0
    outer loop
      vertex -46.2021 51.4807 1.6
      vertex -46.0468 51.4577 0
      vertex -46.2021 51.4807 0
    endloop
  endfacet
  facet normal 0.998796 0.049048 0
    outer loop
      vertex -47.4823 52.8932 1.6
      vertex -47.49 53.05 0
      vertex -47.49 53.05 1.6
    endloop
  endfacet
  facet normal 0.998796 0.049048 0
    outer loop
      vertex -47.49 53.05 0
      vertex -47.4823 52.8932 1.6
      vertex -47.4823 52.8932 0
    endloop
  endfacet
  facet normal 0.427484 0.904023 -0
    outer loop
      vertex -46.5023 51.5718 0
      vertex -46.6442 51.6389 1.6
      vertex -46.5023 51.5718 1.6
    endloop
  endfacet
  facet normal 0.427484 0.904023 0
    outer loop
      vertex -46.6442 51.6389 1.6
      vertex -46.5023 51.5718 0
      vertex -46.6442 51.6389 0
    endloop
  endfacet
  facet normal -0.243135 0.969993 0
    outer loop
      vertex -45.4255 51.5189 0
      vertex -45.5779 51.4807 1.6
      vertex -45.4255 51.5189 1.6
    endloop
  endfacet
  facet normal -0.243135 0.969993 0
    outer loop
      vertex -45.5779 51.4807 1.6
      vertex -45.4255 51.5189 0
      vertex -45.5779 51.4807 0
    endloop
  endfacet
  facet normal 0.243135 -0.969993 0
    outer loop
      vertex -46.3545 54.5811 0
      vertex -46.2021 54.6193 1.6
      vertex -46.3545 54.5811 1.6
    endloop
  endfacet
  facet normal 0.243135 -0.969993 0
    outer loop
      vertex -46.2021 54.6193 1.6
      vertex -46.3545 54.5811 0
      vertex -46.2021 54.6193 0
    endloop
  endfacet
  facet normal -0.80297 -0.596019 0
    outer loop
      vertex -44.5596 53.9389 0
      vertex -44.6532 54.065 1.6
      vertex -44.6532 54.065 0
    endloop
  endfacet
  facet normal -0.80297 -0.596019 0
    outer loop
      vertex -44.6532 54.065 1.6
      vertex -44.5596 53.9389 0
      vertex -44.5596 53.9389 1.6
    endloop
  endfacet
  facet normal 0.049048 0.998796 -0
    outer loop
      vertex -45.89 51.45 0
      vertex -46.0468 51.4577 1.6
      vertex -45.89 51.45 1.6
    endloop
  endfacet
  facet normal 0.049048 0.998796 0
    outer loop
      vertex -46.0468 51.4577 1.6
      vertex -45.89 51.45 0
      vertex -46.0468 51.4577 0
    endloop
  endfacet
  facet normal -0.596019 -0.80297 0
    outer loop
      vertex -45.0011 54.3804 0
      vertex -44.875 54.2868 1.6
      vertex -45.0011 54.3804 1.6
    endloop
  endfacet
  facet normal -0.596019 -0.80297 -0
    outer loop
      vertex -44.875 54.2868 1.6
      vertex -45.0011 54.3804 0
      vertex -44.875 54.2868 0
    endloop
  endfacet
  facet normal -0.336982 -0.941511 0
    outer loop
      vertex -45.4255 54.5811 0
      vertex -45.2777 54.5282 1.6
      vertex -45.4255 54.5811 1.6
    endloop
  endfacet
  facet normal -0.336982 -0.941511 -0
    outer loop
      vertex -45.2777 54.5282 1.6
      vertex -45.4255 54.5811 0
      vertex -45.2777 54.5282 0
    endloop
  endfacet
  facet normal -0.514402 0.857549 0
    outer loop
      vertex -45.0011 51.7197 0
      vertex -45.1358 51.6389 1.6
      vertex -45.0011 51.7197 1.6
    endloop
  endfacet
  facet normal -0.514402 0.857549 0
    outer loop
      vertex -45.1358 51.6389 1.6
      vertex -45.0011 51.7197 0
      vertex -45.1358 51.6389 0
    endloop
  endfacet
  facet normal -0.80297 0.596019 0
    outer loop
      vertex -44.6532 52.035 0
      vertex -44.5596 52.1611 1.6
      vertex -44.5596 52.1611 0
    endloop
  endfacet
  facet normal -0.80297 0.596019 0
    outer loop
      vertex -44.5596 52.1611 1.6
      vertex -44.6532 52.035 0
      vertex -44.6532 52.035 1.6
    endloop
  endfacet
  facet normal -0.146502 -0.98921 0
    outer loop
      vertex -45.7332 54.6423 0
      vertex -45.5779 54.6193 1.6
      vertex -45.7332 54.6423 1.6
    endloop
  endfacet
  facet normal -0.146502 -0.98921 -0
    outer loop
      vertex -45.5779 54.6193 1.6
      vertex -45.7332 54.6423 0
      vertex -45.5779 54.6193 0
    endloop
  endfacet
  facet normal -0.671213 0.741264 0
    outer loop
      vertex -44.7586 51.9186 0
      vertex -44.875 51.8132 1.6
      vertex -44.7586 51.9186 1.6
    endloop
  endfacet
  facet normal -0.671213 0.741264 0
    outer loop
      vertex -44.875 51.8132 1.6
      vertex -44.7586 51.9186 0
      vertex -44.875 51.8132 0
    endloop
  endfacet
  facet normal 0.941511 -0.336982 0
    outer loop
      vertex -47.4211 53.5145 1.6
      vertex -47.3682 53.6623 0
      vertex -47.3682 53.6623 1.6
    endloop
  endfacet
  facet normal 0.941511 -0.336982 0
    outer loop
      vertex -47.3682 53.6623 0
      vertex -47.4211 53.5145 1.6
      vertex -47.4211 53.5145 0
    endloop
  endfacet
  facet normal 0.969993 0.243135 0
    outer loop
      vertex -47.4211 52.5855 1.6
      vertex -47.4593 52.7379 0
      vertex -47.4593 52.7379 1.6
    endloop
  endfacet
  facet normal 0.969993 0.243135 0
    outer loop
      vertex -47.4593 52.7379 0
      vertex -47.4211 52.5855 1.6
      vertex -47.4211 52.5855 0
    endloop
  endfacet
  facet normal -0.243135 -0.969993 0
    outer loop
      vertex -45.5779 54.6193 0
      vertex -45.4255 54.5811 1.6
      vertex -45.5779 54.6193 1.6
    endloop
  endfacet
  facet normal -0.243135 -0.969993 -0
    outer loop
      vertex -45.4255 54.5811 1.6
      vertex -45.5779 54.6193 0
      vertex -45.4255 54.5811 0
    endloop
  endfacet
  facet normal 0.596019 -0.80297 0
    outer loop
      vertex -46.905 54.2868 0
      vertex -46.7789 54.3804 1.6
      vertex -46.905 54.2868 1.6
    endloop
  endfacet
  facet normal 0.596019 -0.80297 0
    outer loop
      vertex -46.7789 54.3804 1.6
      vertex -46.905 54.2868 0
      vertex -46.7789 54.3804 0
    endloop
  endfacet
  facet normal -0.427484 -0.904023 0
    outer loop
      vertex -45.2777 54.5282 0
      vertex -45.1358 54.4611 1.6
      vertex -45.2777 54.5282 1.6
    endloop
  endfacet
  facet normal -0.427484 -0.904023 -0
    outer loop
      vertex -45.1358 54.4611 1.6
      vertex -45.2777 54.5282 0
      vertex -45.1358 54.4611 0
    endloop
  endfacet
  facet normal -0.941511 -0.336982 0
    outer loop
      vertex -44.3589 53.5145 0
      vertex -44.4118 53.6623 1.6
      vertex -44.4118 53.6623 0
    endloop
  endfacet
  facet normal -0.941511 -0.336982 0
    outer loop
      vertex -44.4118 53.6623 1.6
      vertex -44.3589 53.5145 0
      vertex -44.3589 53.5145 1.6
    endloop
  endfacet
  facet normal -0.98921 0.146502 0
    outer loop
      vertex -44.3207 52.7379 0
      vertex -44.2977 52.8932 1.6
      vertex -44.2977 52.8932 0
    endloop
  endfacet
  facet normal -0.98921 0.146502 0
    outer loop
      vertex -44.2977 52.8932 1.6
      vertex -44.3207 52.7379 0
      vertex -44.3207 52.7379 1.6
    endloop
  endfacet
  facet normal -0.998796 0.049048 0
    outer loop
      vertex -44.2977 52.8932 0
      vertex -44.29 53.05 1.6
      vertex -44.29 53.05 0
    endloop
  endfacet
  facet normal -0.998796 0.049048 0
    outer loop
      vertex -44.29 53.05 1.6
      vertex -44.2977 52.8932 0
      vertex -44.2977 52.8932 1.6
    endloop
  endfacet
  facet normal -0.904023 -0.427484 0
    outer loop
      vertex -44.4118 53.6623 0
      vertex -44.4789 53.8042 1.6
      vertex -44.4789 53.8042 0
    endloop
  endfacet
  facet normal -0.904023 -0.427484 0
    outer loop
      vertex -44.4789 53.8042 1.6
      vertex -44.4118 53.6623 0
      vertex -44.4118 53.6623 1.6
    endloop
  endfacet
  facet normal -0.427484 0.904023 0
    outer loop
      vertex -45.1358 51.6389 0
      vertex -45.2777 51.5718 1.6
      vertex -45.1358 51.6389 1.6
    endloop
  endfacet
  facet normal -0.427484 0.904023 0
    outer loop
      vertex -45.2777 51.5718 1.6
      vertex -45.1358 51.6389 0
      vertex -45.2777 51.5718 0
    endloop
  endfacet
  facet normal 0.85783 0.513934 0
    outer loop
      vertex -47.2204 52.1611 1.6
      vertex -47.3011 52.2958 0
      vertex -47.3011 52.2958 1.6
    endloop
  endfacet
  facet normal 0.85783 0.513934 0
    outer loop
      vertex -47.3011 52.2958 0
      vertex -47.2204 52.1611 1.6
      vertex -47.2204 52.1611 0
    endloop
  endfacet
  facet normal -0.671213 -0.741264 0
    outer loop
      vertex -44.875 54.2868 0
      vertex -44.7586 54.1814 1.6
      vertex -44.875 54.2868 1.6
    endloop
  endfacet
  facet normal -0.671213 -0.741264 -0
    outer loop
      vertex -44.7586 54.1814 1.6
      vertex -44.875 54.2868 0
      vertex -44.7586 54.1814 0
    endloop
  endfacet
  facet normal 0.98921 -0.146502 0
    outer loop
      vertex -47.4823 53.2068 1.6
      vertex -47.4593 53.3621 0
      vertex -47.4593 53.3621 1.6
    endloop
  endfacet
  facet normal 0.98921 -0.146502 0
    outer loop
      vertex -47.4593 53.3621 0
      vertex -47.4823 53.2068 1.6
      vertex -47.4823 53.2068 0
    endloop
  endfacet
  facet normal -0.595608 0.803275 0
    outer loop
      vertex -44.875 51.8132 0
      vertex -45.0011 51.7197 1.6
      vertex -44.875 51.8132 1.6
    endloop
  endfacet
  facet normal -0.595608 0.803275 0
    outer loop
      vertex -45.0011 51.7197 1.6
      vertex -44.875 51.8132 0
      vertex -45.0011 51.7197 0
    endloop
  endfacet
  facet normal 0.427484 -0.904023 0
    outer loop
      vertex -46.6442 54.4611 0
      vertex -46.5023 54.5282 1.6
      vertex -46.6442 54.4611 1.6
    endloop
  endfacet
  facet normal 0.427484 -0.904023 0
    outer loop
      vertex -46.5023 54.5282 1.6
      vertex -46.6442 54.4611 0
      vertex -46.5023 54.5282 0
    endloop
  endfacet
  facet normal 0.049048 -0.998796 0
    outer loop
      vertex -46.0468 54.6423 0
      vertex -45.89 54.65 1.6
      vertex -46.0468 54.6423 1.6
    endloop
  endfacet
  facet normal 0.049048 -0.998796 0
    outer loop
      vertex -45.89 54.65 1.6
      vertex -46.0468 54.6423 0
      vertex -45.89 54.65 0
    endloop
  endfacet
  facet normal 0.336982 -0.941511 0
    outer loop
      vertex -46.5023 54.5282 0
      vertex -46.3545 54.5811 1.6
      vertex -46.5023 54.5282 1.6
    endloop
  endfacet
  facet normal 0.336982 -0.941511 0
    outer loop
      vertex -46.3545 54.5811 1.6
      vertex -46.5023 54.5282 0
      vertex -46.3545 54.5811 0
    endloop
  endfacet
  facet normal -0.969993 0.243135 0
    outer loop
      vertex -44.3589 52.5855 0
      vertex -44.3207 52.7379 1.6
      vertex -44.3207 52.7379 0
    endloop
  endfacet
  facet normal -0.969993 0.243135 0
    outer loop
      vertex -44.3207 52.7379 1.6
      vertex -44.3589 52.5855 0
      vertex -44.3589 52.5855 1.6
    endloop
  endfacet
  facet normal -0.941511 0.336982 0
    outer loop
      vertex -44.4118 52.4377 0
      vertex -44.3589 52.5855 1.6
      vertex -44.3589 52.5855 0
    endloop
  endfacet
  facet normal -0.941511 0.336982 0
    outer loop
      vertex -44.3589 52.5855 1.6
      vertex -44.4118 52.4377 0
      vertex -44.4118 52.4377 1.6
    endloop
  endfacet
  facet normal 0.85783 -0.513934 0
    outer loop
      vertex -47.3011 53.8042 1.6
      vertex -47.2204 53.9389 0
      vertex -47.2204 53.9389 1.6
    endloop
  endfacet
  facet normal 0.85783 -0.513934 0
    outer loop
      vertex -47.2204 53.9389 0
      vertex -47.3011 53.8042 1.6
      vertex -47.3011 53.8042 0
    endloop
  endfacet
  facet normal -0.85783 -0.513934 0
    outer loop
      vertex -44.4789 53.8042 0
      vertex -44.5596 53.9389 1.6
      vertex -44.5596 53.9389 0
    endloop
  endfacet
  facet normal -0.85783 -0.513934 0
    outer loop
      vertex -44.5596 53.9389 1.6
      vertex -44.4789 53.8042 0
      vertex -44.4789 53.8042 1.6
    endloop
  endfacet
  facet normal 0.80297 0.596019 0
    outer loop
      vertex -47.1268 52.035 1.6
      vertex -47.2204 52.1611 0
      vertex -47.2204 52.1611 1.6
    endloop
  endfacet
  facet normal 0.80297 0.596019 0
    outer loop
      vertex -47.2204 52.1611 0
      vertex -47.1268 52.035 1.6
      vertex -47.1268 52.035 0
    endloop
  endfacet
  facet normal 0.741264 0.671213 0
    outer loop
      vertex -47.0214 51.9186 1.6
      vertex -47.1268 52.035 0
      vertex -47.1268 52.035 1.6
    endloop
  endfacet
  facet normal 0.741264 0.671213 0
    outer loop
      vertex -47.1268 52.035 0
      vertex -47.0214 51.9186 1.6
      vertex -47.0214 51.9186 0
    endloop
  endfacet
  facet normal 0.336982 0.941511 -0
    outer loop
      vertex -46.3545 51.5189 0
      vertex -46.5023 51.5718 1.6
      vertex -46.3545 51.5189 1.6
    endloop
  endfacet
  facet normal 0.336982 0.941511 0
    outer loop
      vertex -46.5023 51.5718 1.6
      vertex -46.3545 51.5189 0
      vertex -46.5023 51.5718 0
    endloop
  endfacet
  facet normal 0.80297 -0.596019 0
    outer loop
      vertex -47.2204 53.9389 1.6
      vertex -47.1268 54.065 0
      vertex -47.1268 54.065 1.6
    endloop
  endfacet
  facet normal 0.80297 -0.596019 0
    outer loop
      vertex -47.1268 54.065 0
      vertex -47.2204 53.9389 1.6
      vertex -47.2204 53.9389 0
    endloop
  endfacet
  facet normal 0.904023 0.427484 0
    outer loop
      vertex -47.3011 52.2958 1.6
      vertex -47.3682 52.4377 0
      vertex -47.3682 52.4377 1.6
    endloop
  endfacet
  facet normal 0.904023 0.427484 0
    outer loop
      vertex -47.3682 52.4377 0
      vertex -47.3011 52.2958 1.6
      vertex -47.3011 52.2958 0
    endloop
  endfacet
  facet normal 0.941511 0.336982 0
    outer loop
      vertex -47.3682 52.4377 1.6
      vertex -47.4211 52.5855 0
      vertex -47.4211 52.5855 1.6
    endloop
  endfacet
  facet normal 0.941511 0.336982 0
    outer loop
      vertex -47.4211 52.5855 0
      vertex -47.3682 52.4377 1.6
      vertex -47.3682 52.4377 0
    endloop
  endfacet
  facet normal 0.671213 -0.741264 0
    outer loop
      vertex -47.0214 54.1814 0
      vertex -46.905 54.2868 1.6
      vertex -47.0214 54.1814 1.6
    endloop
  endfacet
  facet normal 0.671213 -0.741264 0
    outer loop
      vertex -46.905 54.2868 1.6
      vertex -47.0214 54.1814 0
      vertex -46.905 54.2868 0
    endloop
  endfacet
  facet normal 0.969993 -0.243135 0
    outer loop
      vertex -47.4593 53.3621 1.6
      vertex -47.4211 53.5145 0
      vertex -47.4211 53.5145 1.6
    endloop
  endfacet
  facet normal 0.969993 -0.243135 0
    outer loop
      vertex -47.4211 53.5145 0
      vertex -47.4593 53.3621 1.6
      vertex -47.4593 53.3621 0
    endloop
  endfacet
  facet normal -0.049048 -0.998796 0
    outer loop
      vertex -45.89 54.65 0
      vertex -45.7332 54.6423 1.6
      vertex -45.89 54.65 1.6
    endloop
  endfacet
  facet normal -0.049048 -0.998796 -0
    outer loop
      vertex -45.7332 54.6423 1.6
      vertex -45.89 54.65 0
      vertex -45.7332 54.6423 0
    endloop
  endfacet
  facet normal -0.85783 0.513934 0
    outer loop
      vertex -44.5596 52.1611 0
      vertex -44.4789 52.2958 1.6
      vertex -44.4789 52.2958 0
    endloop
  endfacet
  facet normal -0.85783 0.513934 0
    outer loop
      vertex -44.4789 52.2958 1.6
      vertex -44.5596 52.1611 0
      vertex -44.5596 52.1611 1.6
    endloop
  endfacet
  facet normal 0.671213 0.741264 -0
    outer loop
      vertex -46.905 51.8132 0
      vertex -47.0214 51.9186 1.6
      vertex -46.905 51.8132 1.6
    endloop
  endfacet
  facet normal 0.671213 0.741264 0
    outer loop
      vertex -47.0214 51.9186 1.6
      vertex -46.905 51.8132 0
      vertex -47.0214 51.9186 0
    endloop
  endfacet
  facet normal -0.741264 -0.671213 0
    outer loop
      vertex -44.6532 54.065 0
      vertex -44.7586 54.1814 1.6
      vertex -44.7586 54.1814 0
    endloop
  endfacet
  facet normal -0.741264 -0.671213 0
    outer loop
      vertex -44.7586 54.1814 1.6
      vertex -44.6532 54.065 0
      vertex -44.6532 54.065 1.6
    endloop
  endfacet
  facet normal 0.741264 -0.671213 0
    outer loop
      vertex -47.1268 54.065 1.6
      vertex -47.0214 54.1814 0
      vertex -47.0214 54.1814 1.6
    endloop
  endfacet
  facet normal 0.741264 -0.671213 0
    outer loop
      vertex -47.0214 54.1814 0
      vertex -47.1268 54.065 1.6
      vertex -47.1268 54.065 0
    endloop
  endfacet
  facet normal 0.595608 0.803275 -0
    outer loop
      vertex -46.7789 51.7197 0
      vertex -46.905 51.8132 1.6
      vertex -46.7789 51.7197 1.6
    endloop
  endfacet
  facet normal 0.595608 0.803275 0
    outer loop
      vertex -46.905 51.8132 1.6
      vertex -46.7789 51.7197 0
      vertex -46.905 51.8132 0
    endloop
  endfacet
  facet normal 0.904023 -0.427484 0
    outer loop
      vertex -47.3682 53.6623 1.6
      vertex -47.3011 53.8042 0
      vertex -47.3011 53.8042 1.6
    endloop
  endfacet
  facet normal 0.904023 -0.427484 0
    outer loop
      vertex -47.3011 53.8042 0
      vertex -47.3682 53.6623 1.6
      vertex -47.3682 53.6623 0
    endloop
  endfacet
  facet normal 0.513934 -0.85783 0
    outer loop
      vertex -46.7789 54.3804 0
      vertex -46.6442 54.4611 1.6
      vertex -46.7789 54.3804 1.6
    endloop
  endfacet
  facet normal 0.513934 -0.85783 0
    outer loop
      vertex -46.6442 54.4611 1.6
      vertex -46.7789 54.3804 0
      vertex -46.6442 54.4611 0
    endloop
  endfacet
  facet normal 0.998796 -0.049048 0
    outer loop
      vertex -47.49 53.05 1.6
      vertex -47.4823 53.2068 0
      vertex -47.4823 53.2068 1.6
    endloop
  endfacet
  facet normal 0.998796 -0.049048 0
    outer loop
      vertex -47.4823 53.2068 0
      vertex -47.49 53.05 1.6
      vertex -47.49 53.05 0
    endloop
  endfacet
  facet normal 0.514402 0.857549 -0
    outer loop
      vertex -46.6442 51.6389 0
      vertex -46.7789 51.7197 1.6
      vertex -46.6442 51.6389 1.6
    endloop
  endfacet
  facet normal 0.514402 0.857549 0
    outer loop
      vertex -46.7789 51.7197 1.6
      vertex -46.6442 51.6389 0
      vertex -46.7789 51.7197 0
    endloop
  endfacet
  facet normal -0.98921 -0.146502 0
    outer loop
      vertex -44.2977 37.1068 0
      vertex -44.3207 37.2621 1.6
      vertex -44.3207 37.2621 0
    endloop
  endfacet
  facet normal -0.98921 -0.146502 0
    outer loop
      vertex -44.3207 37.2621 1.6
      vertex -44.2977 37.1068 0
      vertex -44.2977 37.1068 1.6
    endloop
  endfacet
  facet normal -0.998796 -0.049048 0
    outer loop
      vertex -44.29 36.95 0
      vertex -44.2977 37.1068 1.6
      vertex -44.2977 37.1068 0
    endloop
  endfacet
  facet normal -0.998796 -0.049048 0
    outer loop
      vertex -44.2977 37.1068 1.6
      vertex -44.29 36.95 0
      vertex -44.29 36.95 1.6
    endloop
  endfacet
  facet normal -0.969993 -0.243135 0
    outer loop
      vertex -44.3207 37.2621 0
      vertex -44.3589 37.4145 1.6
      vertex -44.3589 37.4145 0
    endloop
  endfacet
  facet normal -0.969993 -0.243135 0
    outer loop
      vertex -44.3589 37.4145 1.6
      vertex -44.3207 37.2621 0
      vertex -44.3207 37.2621 1.6
    endloop
  endfacet
  facet normal 0.671213 -0.741264 0
    outer loop
      vertex -47.0214 38.0814 0
      vertex -46.905 38.1868 1.6
      vertex -47.0214 38.0814 1.6
    endloop
  endfacet
  facet normal 0.671213 -0.741264 0
    outer loop
      vertex -46.905 38.1868 1.6
      vertex -47.0214 38.0814 0
      vertex -46.905 38.1868 0
    endloop
  endfacet
  facet normal 0.513934 0.85783 -0
    outer loop
      vertex -46.6442 35.5389 0
      vertex -46.7789 35.6196 1.6
      vertex -46.6442 35.5389 1.6
    endloop
  endfacet
  facet normal 0.513934 0.85783 0
    outer loop
      vertex -46.7789 35.6196 1.6
      vertex -46.6442 35.5389 0
      vertex -46.7789 35.6196 0
    endloop
  endfacet
  facet normal -0.595608 -0.803275 0
    outer loop
      vertex -45.0011 38.2803 0
      vertex -44.875 38.1868 1.6
      vertex -45.0011 38.2803 1.6
    endloop
  endfacet
  facet normal -0.595608 -0.803275 -0
    outer loop
      vertex -44.875 38.1868 1.6
      vertex -45.0011 38.2803 0
      vertex -44.875 38.1868 0
    endloop
  endfacet
  facet normal 0.243135 0.969993 -0
    outer loop
      vertex -46.2021 35.3807 0
      vertex -46.3545 35.4189 1.6
      vertex -46.2021 35.3807 1.6
    endloop
  endfacet
  facet normal 0.243135 0.969993 0
    outer loop
      vertex -46.3545 35.4189 1.6
      vertex -46.2021 35.3807 0
      vertex -46.3545 35.4189 0
    endloop
  endfacet
  facet normal -0.049048 0.998796 0
    outer loop
      vertex -45.7332 35.3577 0
      vertex -45.89 35.35 1.6
      vertex -45.7332 35.3577 1.6
    endloop
  endfacet
  facet normal -0.049048 0.998796 0
    outer loop
      vertex -45.89 35.35 1.6
      vertex -45.7332 35.3577 0
      vertex -45.89 35.35 0
    endloop
  endfacet
  facet normal 0.941511 0.336982 0
    outer loop
      vertex -47.3682 36.3377 1.6
      vertex -47.4211 36.4855 0
      vertex -47.4211 36.4855 1.6
    endloop
  endfacet
  facet normal 0.941511 0.336982 0
    outer loop
      vertex -47.4211 36.4855 0
      vertex -47.3682 36.3377 1.6
      vertex -47.3682 36.3377 0
    endloop
  endfacet
  facet normal 0.596019 0.80297 -0
    outer loop
      vertex -46.7789 35.6196 0
      vertex -46.905 35.7132 1.6
      vertex -46.7789 35.6196 1.6
    endloop
  endfacet
  facet normal 0.596019 0.80297 0
    outer loop
      vertex -46.905 35.7132 1.6
      vertex -46.7789 35.6196 0
      vertex -46.905 35.7132 0
    endloop
  endfacet
  facet normal -0.671213 -0.741264 0
    outer loop
      vertex -44.875 38.1868 0
      vertex -44.7586 38.0814 1.6
      vertex -44.875 38.1868 1.6
    endloop
  endfacet
  facet normal -0.671213 -0.741264 -0
    outer loop
      vertex -44.7586 38.0814 1.6
      vertex -44.875 38.1868 0
      vertex -44.7586 38.0814 0
    endloop
  endfacet
  facet normal 0.98921 0.146502 0
    outer loop
      vertex -47.4593 36.6379 1.6
      vertex -47.4823 36.7932 0
      vertex -47.4823 36.7932 1.6
    endloop
  endfacet
  facet normal 0.98921 0.146502 0
    outer loop
      vertex -47.4823 36.7932 0
      vertex -47.4593 36.6379 1.6
      vertex -47.4593 36.6379 0
    endloop
  endfacet
  facet normal 0.514402 -0.857549 0
    outer loop
      vertex -46.7789 38.2803 0
      vertex -46.6442 38.3611 1.6
      vertex -46.7789 38.2803 1.6
    endloop
  endfacet
  facet normal 0.514402 -0.857549 0
    outer loop
      vertex -46.6442 38.3611 1.6
      vertex -46.7789 38.2803 0
      vertex -46.6442 38.3611 0
    endloop
  endfacet
  facet normal -0.336982 -0.941511 0
    outer loop
      vertex -45.4255 38.4811 0
      vertex -45.2777 38.4282 1.6
      vertex -45.4255 38.4811 1.6
    endloop
  endfacet
  facet normal -0.336982 -0.941511 -0
    outer loop
      vertex -45.2777 38.4282 1.6
      vertex -45.4255 38.4811 0
      vertex -45.2777 38.4282 0
    endloop
  endfacet
  facet normal 0.85783 -0.513934 0
    outer loop
      vertex -47.3011 37.7042 1.6
      vertex -47.2204 37.8389 0
      vertex -47.2204 37.8389 1.6
    endloop
  endfacet
  facet normal 0.85783 -0.513934 0
    outer loop
      vertex -47.2204 37.8389 0
      vertex -47.3011 37.7042 1.6
      vertex -47.3011 37.7042 0
    endloop
  endfacet
  facet normal 0.80297 0.596019 0
    outer loop
      vertex -47.1268 35.935 1.6
      vertex -47.2204 36.0611 0
      vertex -47.2204 36.0611 1.6
    endloop
  endfacet
  facet normal 0.80297 0.596019 0
    outer loop
      vertex -47.2204 36.0611 0
      vertex -47.1268 35.935 1.6
      vertex -47.1268 35.935 0
    endloop
  endfacet
  facet normal 0.336982 -0.941511 0
    outer loop
      vertex -46.5023 38.4282 0
      vertex -46.3545 38.4811 1.6
      vertex -46.5023 38.4282 1.6
    endloop
  endfacet
  facet normal 0.336982 -0.941511 0
    outer loop
      vertex -46.3545 38.4811 1.6
      vertex -46.5023 38.4282 0
      vertex -46.3545 38.4811 0
    endloop
  endfacet
  facet normal 0.595608 -0.803275 0
    outer loop
      vertex -46.905 38.1868 0
      vertex -46.7789 38.2803 1.6
      vertex -46.905 38.1868 1.6
    endloop
  endfacet
  facet normal 0.595608 -0.803275 0
    outer loop
      vertex -46.7789 38.2803 1.6
      vertex -46.905 38.1868 0
      vertex -46.7789 38.2803 0
    endloop
  endfacet
  facet normal 0.049048 -0.998796 0
    outer loop
      vertex -46.0468 38.5423 0
      vertex -45.89 38.55 1.6
      vertex -46.0468 38.5423 1.6
    endloop
  endfacet
  facet normal 0.049048 -0.998796 0
    outer loop
      vertex -45.89 38.55 1.6
      vertex -46.0468 38.5423 0
      vertex -45.89 38.55 0
    endloop
  endfacet
  facet normal 0.904023 0.427484 0
    outer loop
      vertex -47.3011 36.1958 1.6
      vertex -47.3682 36.3377 0
      vertex -47.3682 36.3377 1.6
    endloop
  endfacet
  facet normal 0.904023 0.427484 0
    outer loop
      vertex -47.3682 36.3377 0
      vertex -47.3011 36.1958 1.6
      vertex -47.3011 36.1958 0
    endloop
  endfacet
  facet normal 0.904023 -0.427484 0
    outer loop
      vertex -47.3682 37.5623 1.6
      vertex -47.3011 37.7042 0
      vertex -47.3011 37.7042 1.6
    endloop
  endfacet
  facet normal 0.904023 -0.427484 0
    outer loop
      vertex -47.3011 37.7042 0
      vertex -47.3682 37.5623 1.6
      vertex -47.3682 37.5623 0
    endloop
  endfacet
  facet normal -0.596019 0.80297 0
    outer loop
      vertex -44.875 35.7132 0
      vertex -45.0011 35.6196 1.6
      vertex -44.875 35.7132 1.6
    endloop
  endfacet
  facet normal -0.596019 0.80297 0
    outer loop
      vertex -45.0011 35.6196 1.6
      vertex -44.875 35.7132 0
      vertex -45.0011 35.6196 0
    endloop
  endfacet
  facet normal -0.80297 -0.596019 0
    outer loop
      vertex -44.5596 37.8389 0
      vertex -44.6532 37.965 1.6
      vertex -44.6532 37.965 0
    endloop
  endfacet
  facet normal -0.80297 -0.596019 0
    outer loop
      vertex -44.6532 37.965 1.6
      vertex -44.5596 37.8389 0
      vertex -44.5596 37.8389 1.6
    endloop
  endfacet
  facet normal 0.85783 0.513934 0
    outer loop
      vertex -47.2204 36.0611 1.6
      vertex -47.3011 36.1958 0
      vertex -47.3011 36.1958 1.6
    endloop
  endfacet
  facet normal 0.85783 0.513934 0
    outer loop
      vertex -47.3011 36.1958 0
      vertex -47.2204 36.0611 1.6
      vertex -47.2204 36.0611 0
    endloop
  endfacet
  facet normal -0.427484 -0.904023 0
    outer loop
      vertex -45.2777 38.4282 0
      vertex -45.1358 38.3611 1.6
      vertex -45.2777 38.4282 1.6
    endloop
  endfacet
  facet normal -0.427484 -0.904023 -0
    outer loop
      vertex -45.1358 38.3611 1.6
      vertex -45.2777 38.4282 0
      vertex -45.1358 38.3611 0
    endloop
  endfacet
  facet normal -0.998796 0.049048 0
    outer loop
      vertex -44.2977 36.7932 0
      vertex -44.29 36.95 1.6
      vertex -44.29 36.95 0
    endloop
  endfacet
  facet normal -0.998796 0.049048 0
    outer loop
      vertex -44.29 36.95 1.6
      vertex -44.2977 36.7932 0
      vertex -44.2977 36.7932 1.6
    endloop
  endfacet
  facet normal 0.741264 -0.671213 0
    outer loop
      vertex -47.1268 37.965 1.6
      vertex -47.0214 38.0814 0
      vertex -47.0214 38.0814 1.6
    endloop
  endfacet
  facet normal 0.741264 -0.671213 0
    outer loop
      vertex -47.0214 38.0814 0
      vertex -47.1268 37.965 1.6
      vertex -47.1268 37.965 0
    endloop
  endfacet
  facet normal -0.98921 0.146502 0
    outer loop
      vertex -44.3207 36.6379 0
      vertex -44.2977 36.7932 1.6
      vertex -44.2977 36.7932 0
    endloop
  endfacet
  facet normal -0.98921 0.146502 0
    outer loop
      vertex -44.2977 36.7932 1.6
      vertex -44.3207 36.6379 0
      vertex -44.3207 36.6379 1.6
    endloop
  endfacet
  facet normal -0.514402 -0.857549 0
    outer loop
      vertex -45.1358 38.3611 0
      vertex -45.0011 38.2803 1.6
      vertex -45.1358 38.3611 1.6
    endloop
  endfacet
  facet normal -0.514402 -0.857549 -0
    outer loop
      vertex -45.0011 38.2803 1.6
      vertex -45.1358 38.3611 0
      vertex -45.0011 38.2803 0
    endloop
  endfacet
  facet normal -0.941511 -0.336982 0
    outer loop
      vertex -44.3589 37.4145 0
      vertex -44.4118 37.5623 1.6
      vertex -44.4118 37.5623 0
    endloop
  endfacet
  facet normal -0.941511 -0.336982 0
    outer loop
      vertex -44.4118 37.5623 1.6
      vertex -44.3589 37.4145 0
      vertex -44.3589 37.4145 1.6
    endloop
  endfacet
  facet normal 0.427484 0.904023 -0
    outer loop
      vertex -46.5023 35.4718 0
      vertex -46.6442 35.5389 1.6
      vertex -46.5023 35.4718 1.6
    endloop
  endfacet
  facet normal 0.427484 0.904023 0
    outer loop
      vertex -46.6442 35.5389 1.6
      vertex -46.5023 35.4718 0
      vertex -46.6442 35.5389 0
    endloop
  endfacet
  facet normal 0.941511 -0.336982 0
    outer loop
      vertex -47.4211 37.4145 1.6
      vertex -47.3682 37.5623 0
      vertex -47.3682 37.5623 1.6
    endloop
  endfacet
  facet normal 0.941511 -0.336982 0
    outer loop
      vertex -47.3682 37.5623 0
      vertex -47.4211 37.4145 1.6
      vertex -47.4211 37.4145 0
    endloop
  endfacet
  facet normal 0.998796 0.049048 0
    outer loop
      vertex -47.4823 36.7932 1.6
      vertex -47.49 36.95 0
      vertex -47.49 36.95 1.6
    endloop
  endfacet
  facet normal 0.998796 0.049048 0
    outer loop
      vertex -47.49 36.95 0
      vertex -47.4823 36.7932 1.6
      vertex -47.4823 36.7932 0
    endloop
  endfacet
  facet normal -0.336982 0.941511 0
    outer loop
      vertex -45.2777 35.4718 0
      vertex -45.4255 35.4189 1.6
      vertex -45.2777 35.4718 1.6
    endloop
  endfacet
  facet normal -0.336982 0.941511 0
    outer loop
      vertex -45.4255 35.4189 1.6
      vertex -45.2777 35.4718 0
      vertex -45.4255 35.4189 0
    endloop
  endfacet
  facet normal 0.969993 -0.243135 0
    outer loop
      vertex -47.4593 37.2621 1.6
      vertex -47.4211 37.4145 0
      vertex -47.4211 37.4145 1.6
    endloop
  endfacet
  facet normal 0.969993 -0.243135 0
    outer loop
      vertex -47.4211 37.4145 0
      vertex -47.4593 37.2621 1.6
      vertex -47.4593 37.2621 0
    endloop
  endfacet
  facet normal 0.998796 -0.049048 0
    outer loop
      vertex -47.49 36.95 1.6
      vertex -47.4823 37.1068 0
      vertex -47.4823 37.1068 1.6
    endloop
  endfacet
  facet normal 0.998796 -0.049048 0
    outer loop
      vertex -47.4823 37.1068 0
      vertex -47.49 36.95 1.6
      vertex -47.49 36.95 0
    endloop
  endfacet
  facet normal -0.513934 0.85783 0
    outer loop
      vertex -45.0011 35.6196 0
      vertex -45.1358 35.5389 1.6
      vertex -45.0011 35.6196 1.6
    endloop
  endfacet
  facet normal -0.513934 0.85783 0
    outer loop
      vertex -45.1358 35.5389 1.6
      vertex -45.0011 35.6196 0
      vertex -45.1358 35.5389 0
    endloop
  endfacet
  facet normal -0.741264 0.671213 0
    outer loop
      vertex -44.7586 35.8186 0
      vertex -44.6532 35.935 1.6
      vertex -44.6532 35.935 0
    endloop
  endfacet
  facet normal -0.741264 0.671213 0
    outer loop
      vertex -44.6532 35.935 1.6
      vertex -44.7586 35.8186 0
      vertex -44.7586 35.8186 1.6
    endloop
  endfacet
  facet normal 0.243135 -0.969993 0
    outer loop
      vertex -46.3545 38.4811 0
      vertex -46.2021 38.5193 1.6
      vertex -46.3545 38.4811 1.6
    endloop
  endfacet
  facet normal 0.243135 -0.969993 0
    outer loop
      vertex -46.2021 38.5193 1.6
      vertex -46.3545 38.4811 0
      vertex -46.2021 38.5193 0
    endloop
  endfacet
  facet normal -0.427484 0.904023 0
    outer loop
      vertex -45.1358 35.5389 0
      vertex -45.2777 35.4718 1.6
      vertex -45.1358 35.5389 1.6
    endloop
  endfacet
  facet normal -0.427484 0.904023 0
    outer loop
      vertex -45.2777 35.4718 1.6
      vertex -45.1358 35.5389 0
      vertex -45.2777 35.4718 0
    endloop
  endfacet
  facet normal 0.146502 -0.98921 0
    outer loop
      vertex -46.2021 38.5193 0
      vertex -46.0468 38.5423 1.6
      vertex -46.2021 38.5193 1.6
    endloop
  endfacet
  facet normal 0.146502 -0.98921 0
    outer loop
      vertex -46.0468 38.5423 1.6
      vertex -46.2021 38.5193 0
      vertex -46.0468 38.5423 0
    endloop
  endfacet
  facet normal -0.146502 0.98921 0
    outer loop
      vertex -45.5779 35.3807 0
      vertex -45.7332 35.3577 1.6
      vertex -45.5779 35.3807 1.6
    endloop
  endfacet
  facet normal -0.146502 0.98921 0
    outer loop
      vertex -45.7332 35.3577 1.6
      vertex -45.5779 35.3807 0
      vertex -45.7332 35.3577 0
    endloop
  endfacet
  facet normal -0.941511 0.336982 0
    outer loop
      vertex -44.4118 36.3377 0
      vertex -44.3589 36.4855 1.6
      vertex -44.3589 36.4855 0
    endloop
  endfacet
  facet normal -0.941511 0.336982 0
    outer loop
      vertex -44.3589 36.4855 1.6
      vertex -44.4118 36.3377 0
      vertex -44.4118 36.3377 1.6
    endloop
  endfacet
  facet normal -0.80297 0.596019 0
    outer loop
      vertex -44.6532 35.935 0
      vertex -44.5596 36.0611 1.6
      vertex -44.5596 36.0611 0
    endloop
  endfacet
  facet normal -0.80297 0.596019 0
    outer loop
      vertex -44.5596 36.0611 1.6
      vertex -44.6532 35.935 0
      vertex -44.6532 35.935 1.6
    endloop
  endfacet
  facet normal 0.80297 -0.596019 0
    outer loop
      vertex -47.2204 37.8389 1.6
      vertex -47.1268 37.965 0
      vertex -47.1268 37.965 1.6
    endloop
  endfacet
  facet normal 0.80297 -0.596019 0
    outer loop
      vertex -47.1268 37.965 0
      vertex -47.2204 37.8389 1.6
      vertex -47.2204 37.8389 0
    endloop
  endfacet
  facet normal 0.146502 0.98921 -0
    outer loop
      vertex -46.0468 35.3577 0
      vertex -46.2021 35.3807 1.6
      vertex -46.0468 35.3577 1.6
    endloop
  endfacet
  facet normal 0.146502 0.98921 0
    outer loop
      vertex -46.2021 35.3807 1.6
      vertex -46.0468 35.3577 0
      vertex -46.2021 35.3807 0
    endloop
  endfacet
  facet normal -0.904023 -0.427484 0
    outer loop
      vertex -44.4118 37.5623 0
      vertex -44.4789 37.7042 1.6
      vertex -44.4789 37.7042 0
    endloop
  endfacet
  facet normal -0.904023 -0.427484 0
    outer loop
      vertex -44.4789 37.7042 1.6
      vertex -44.4118 37.5623 0
      vertex -44.4118 37.5623 1.6
    endloop
  endfacet
  facet normal -0.741264 -0.671213 0
    outer loop
      vertex -44.6532 37.965 0
      vertex -44.7586 38.0814 1.6
      vertex -44.7586 38.0814 0
    endloop
  endfacet
  facet normal -0.741264 -0.671213 0
    outer loop
      vertex -44.7586 38.0814 1.6
      vertex -44.6532 37.965 0
      vertex -44.6532 37.965 1.6
    endloop
  endfacet
  facet normal -0.85783 -0.513934 0
    outer loop
      vertex -44.4789 37.7042 0
      vertex -44.5596 37.8389 1.6
      vertex -44.5596 37.8389 0
    endloop
  endfacet
  facet normal -0.85783 -0.513934 0
    outer loop
      vertex -44.5596 37.8389 1.6
      vertex -44.4789 37.7042 0
      vertex -44.4789 37.7042 1.6
    endloop
  endfacet
  facet normal -0.049048 -0.998796 0
    outer loop
      vertex -45.89 38.55 0
      vertex -45.7332 38.5423 1.6
      vertex -45.89 38.55 1.6
    endloop
  endfacet
  facet normal -0.049048 -0.998796 -0
    outer loop
      vertex -45.7332 38.5423 1.6
      vertex -45.89 38.55 0
      vertex -45.7332 38.5423 0
    endloop
  endfacet
  facet normal -0.146502 -0.98921 0
    outer loop
      vertex -45.7332 38.5423 0
      vertex -45.5779 38.5193 1.6
      vertex -45.7332 38.5423 1.6
    endloop
  endfacet
  facet normal -0.146502 -0.98921 -0
    outer loop
      vertex -45.5779 38.5193 1.6
      vertex -45.7332 38.5423 0
      vertex -45.5779 38.5193 0
    endloop
  endfacet
  facet normal 0.427484 -0.904023 0
    outer loop
      vertex -46.6442 38.3611 0
      vertex -46.5023 38.4282 1.6
      vertex -46.6442 38.3611 1.6
    endloop
  endfacet
  facet normal 0.427484 -0.904023 0
    outer loop
      vertex -46.5023 38.4282 1.6
      vertex -46.6442 38.3611 0
      vertex -46.5023 38.4282 0
    endloop
  endfacet
  facet normal -0.243135 0.969993 0
    outer loop
      vertex -45.4255 35.4189 0
      vertex -45.5779 35.3807 1.6
      vertex -45.4255 35.4189 1.6
    endloop
  endfacet
  facet normal -0.243135 0.969993 0
    outer loop
      vertex -45.5779 35.3807 1.6
      vertex -45.4255 35.4189 0
      vertex -45.5779 35.3807 0
    endloop
  endfacet
  facet normal -0.969993 0.243135 0
    outer loop
      vertex -44.3589 36.4855 0
      vertex -44.3207 36.6379 1.6
      vertex -44.3207 36.6379 0
    endloop
  endfacet
  facet normal -0.969993 0.243135 0
    outer loop
      vertex -44.3207 36.6379 1.6
      vertex -44.3589 36.4855 0
      vertex -44.3589 36.4855 1.6
    endloop
  endfacet
  facet normal 0.98921 -0.146502 0
    outer loop
      vertex -47.4823 37.1068 1.6
      vertex -47.4593 37.2621 0
      vertex -47.4593 37.2621 1.6
    endloop
  endfacet
  facet normal 0.98921 -0.146502 0
    outer loop
      vertex -47.4593 37.2621 0
      vertex -47.4823 37.1068 1.6
      vertex -47.4823 37.1068 0
    endloop
  endfacet
  facet normal 0.969993 0.243135 0
    outer loop
      vertex -47.4211 36.4855 1.6
      vertex -47.4593 36.6379 0
      vertex -47.4593 36.6379 1.6
    endloop
  endfacet
  facet normal 0.969993 0.243135 0
    outer loop
      vertex -47.4593 36.6379 0
      vertex -47.4211 36.4855 1.6
      vertex -47.4211 36.4855 0
    endloop
  endfacet
  facet normal 0.741264 0.671213 0
    outer loop
      vertex -47.0214 35.8186 1.6
      vertex -47.1268 35.935 0
      vertex -47.1268 35.935 1.6
    endloop
  endfacet
  facet normal 0.741264 0.671213 0
    outer loop
      vertex -47.1268 35.935 0
      vertex -47.0214 35.8186 1.6
      vertex -47.0214 35.8186 0
    endloop
  endfacet
  facet normal -0.243135 -0.969993 0
    outer loop
      vertex -45.5779 38.5193 0
      vertex -45.4255 38.4811 1.6
      vertex -45.5779 38.5193 1.6
    endloop
  endfacet
  facet normal -0.243135 -0.969993 -0
    outer loop
      vertex -45.4255 38.4811 1.6
      vertex -45.5779 38.5193 0
      vertex -45.4255 38.4811 0
    endloop
  endfacet
  facet normal -0.904023 0.427484 0
    outer loop
      vertex -44.4789 36.1958 0
      vertex -44.4118 36.3377 1.6
      vertex -44.4118 36.3377 0
    endloop
  endfacet
  facet normal -0.904023 0.427484 0
    outer loop
      vertex -44.4118 36.3377 1.6
      vertex -44.4789 36.1958 0
      vertex -44.4789 36.1958 1.6
    endloop
  endfacet
  facet normal -0.85783 0.513934 0
    outer loop
      vertex -44.5596 36.0611 0
      vertex -44.4789 36.1958 1.6
      vertex -44.4789 36.1958 0
    endloop
  endfacet
  facet normal -0.85783 0.513934 0
    outer loop
      vertex -44.4789 36.1958 1.6
      vertex -44.5596 36.0611 0
      vertex -44.5596 36.0611 1.6
    endloop
  endfacet
  facet normal 0.671213 0.741264 -0
    outer loop
      vertex -46.905 35.7132 0
      vertex -47.0214 35.8186 1.6
      vertex -46.905 35.7132 1.6
    endloop
  endfacet
  facet normal 0.671213 0.741264 0
    outer loop
      vertex -47.0214 35.8186 1.6
      vertex -46.905 35.7132 0
      vertex -47.0214 35.8186 0
    endloop
  endfacet
  facet normal 0.049048 0.998796 -0
    outer loop
      vertex -45.89 35.35 0
      vertex -46.0468 35.3577 1.6
      vertex -45.89 35.35 1.6
    endloop
  endfacet
  facet normal 0.049048 0.998796 0
    outer loop
      vertex -46.0468 35.3577 1.6
      vertex -45.89 35.35 0
      vertex -46.0468 35.3577 0
    endloop
  endfacet
  facet normal 0.336982 0.941511 -0
    outer loop
      vertex -46.3545 35.4189 0
      vertex -46.5023 35.4718 1.6
      vertex -46.3545 35.4189 1.6
    endloop
  endfacet
  facet normal 0.336982 0.941511 0
    outer loop
      vertex -46.5023 35.4718 1.6
      vertex -46.3545 35.4189 0
      vertex -46.5023 35.4718 0
    endloop
  endfacet
  facet normal -0.671213 0.741264 0
    outer loop
      vertex -44.7586 35.8186 0
      vertex -44.875 35.7132 1.6
      vertex -44.7586 35.8186 1.6
    endloop
  endfacet
  facet normal -0.671213 0.741264 0
    outer loop
      vertex -44.875 35.7132 1.6
      vertex -44.7586 35.8186 0
      vertex -44.875 35.7132 0
    endloop
  endfacet
  facet normal -0.989176 -0.146733 0
    outer loop
      vertex -49.8131 36.1696 0
      vertex -49.8707 36.5579 1.6
      vertex -49.8707 36.5579 0
    endloop
  endfacet
  facet normal -0.989176 -0.146733 0
    outer loop
      vertex -49.8707 36.5579 1.6
      vertex -49.8131 36.1696 0
      vertex -49.8131 36.1696 1.6
    endloop
  endfacet
  facet normal 0.941532 -0.336922 0
    outer loop
      vertex -17.6402 33.7131 1.6
      vertex -17.4071 34.3645 0
      vertex -17.4071 34.3645 1.6
    endloop
  endfacet
  facet normal 0.941532 -0.336922 0
    outer loop
      vertex -17.4071 34.3645 0
      vertex -17.6402 33.7131 1.6
      vertex -17.6402 33.7131 0
    endloop
  endfacet
  facet normal 0.980825 0.194891 0
    outer loop
      vertex -17.1628 54.6601 1.6
      vertex -17.1934 54.8141 0
      vertex -17.1934 54.8141 1.6
    endloop
  endfacet
  facet normal 0.980825 0.194891 0
    outer loop
      vertex -17.1934 54.8141 0
      vertex -17.1628 54.6601 1.6
      vertex -17.1628 54.6601 0
    endloop
  endfacet
  facet normal -0.0980537 -0.995181 0
    outer loop
      vertex -35.2658 28.3513 0
      vertex -35.1095 28.3359 1.6
      vertex -35.2658 28.3513 1.6
    endloop
  endfacet
  facet normal -0.0980537 -0.995181 -0
    outer loop
      vertex -35.1095 28.3359 1.6
      vertex -35.2658 28.3513 0
      vertex -35.1095 28.3359 0
    endloop
  endfacet
  facet normal -0.998791 -0.0491626 0
    outer loop
      vertex -49.8707 36.5579 0
      vertex -49.89 36.95 1.6
      vertex -49.89 36.95 0
    endloop
  endfacet
  facet normal -0.998791 -0.0491626 0
    outer loop
      vertex -49.89 36.95 1.6
      vertex -49.8707 36.5579 0
      vertex -49.8707 36.5579 1.6
    endloop
  endfacet
  facet normal 0.773105 -0.634278 0
    outer loop
      vertex -19.0248 31.403 1.6
      vertex -18.9252 31.5244 0
      vertex -18.9252 31.5244 1.6
    endloop
  endfacet
  facet normal 0.773105 -0.634278 0
    outer loop
      vertex -18.9252 31.5244 0
      vertex -19.0248 31.403 1.6
      vertex -19.0248 31.403 0
    endloop
  endfacet
  facet normal 0.989178 0.146722 0
    outer loop
      vertex -17.0613 53.9758 1.6
      vertex -17.1628 54.6601 0
      vertex -17.1628 54.6601 1.6
    endloop
  endfacet
  facet normal 0.989178 0.146722 0
    outer loop
      vertex -17.1628 54.6601 0
      vertex -17.0613 53.9758 1.6
      vertex -17.0613 53.9758 0
    endloop
  endfacet
  facet normal 1 -0 0
    outer loop
      vertex -17.0119 36.8715 1.6
      vertex -17.0119 53.1285 0
      vertex -17.0119 53.1285 1.6
    endloop
  endfacet
  facet normal 1 0 0
    outer loop
      vertex -17.0119 53.1285 0
      vertex -17.0119 36.8715 1.6
      vertex -17.0119 36.8715 0
    endloop
  endfacet
  facet normal 0 0 -1
    outer loop
      vertex -34.34 28.3 0
      vertex -44.3589 37.4145 0
      vertex -17.0119 36.8715 0
    endloop
  endfacet
  facet normal 0 0 -1
    outer loop
      vertex -17.0119 53.1285 0
      vertex -44.2977 52.8932 0
      vertex -44.29 53.05 0
    endloop
  endfacet
  facet normal 0 0 -1
    outer loop
      vertex -44.4118 37.5623 0
      vertex -17.0119 36.8715 0
      vertex -44.3589 37.4145 0
    endloop
  endfacet
  facet normal 0 0 -1
    outer loop
      vertex -17.0119 53.1285 0
      vertex -44.3207 52.7379 0
      vertex -44.2977 52.8932 0
    endloop
  endfacet
  facet normal 0 0 -1
    outer loop
      vertex -44.4789 37.7042 0
      vertex -17.0119 36.8715 0
      vertex -44.4118 37.5623 0
    endloop
  endfacet
  facet normal 0 0 -1
    outer loop
      vertex -17.0119 53.1285 0
      vertex -44.3589 52.5855 0
      vertex -44.3207 52.7379 0
    endloop
  endfacet
  facet normal 0 0 -1
    outer loop
      vertex -17.0119 36.8715 0
      vertex -44.4789 37.7042 0
      vertex -17.0119 53.1285 0
    endloop
  endfacet
  facet normal 0 0 -1
    outer loop
      vertex -17.0119 53.1285 0
      vertex -44.4118 52.4377 0
      vertex -44.3589 52.5855 0
    endloop
  endfacet
  facet normal 0 0 -1
    outer loop
      vertex -44.4789 52.2958 0
      vertex -17.0119 53.1285 0
      vertex -44.4789 37.7042 0
    endloop
  endfacet
  facet normal 0 0 -1
    outer loop
      vertex -17.0119 53.1285 0
      vertex -44.4789 52.2958 0
      vertex -44.4118 52.4377 0
    endloop
  endfacet
  facet normal 0 0 -1
    outer loop
      vertex -44.5596 37.8389 0
      vertex -44.4789 52.2958 0
      vertex -44.4789 37.7042 0
    endloop
  endfacet
  facet normal 0 0 -1
    outer loop
      vertex -44.5596 37.8389 0
      vertex -44.5596 52.1611 0
      vertex -44.4789 52.2958 0
    endloop
  endfacet
  facet normal 0 0 -1
    outer loop
      vertex -44.6532 37.965 0
      vertex -44.5596 52.1611 0
      vertex -44.5596 37.8389 0
    endloop
  endfacet
  facet normal 0 0 -1
    outer loop
      vertex -44.6532 37.965 0
      vertex -44.6532 52.035 0
      vertex -44.5596 52.1611 0
    endloop
  endfacet
  facet normal 0 0 -1
    outer loop
      vertex -44.7586 38.0814 0
      vertex -44.6532 52.035 0
      vertex -44.6532 37.965 0
    endloop
  endfacet
  facet normal 0 0 -1
    outer loop
      vertex -44.7586 38.0814 0
      vertex -44.7586 51.9186 0
      vertex -44.6532 52.035 0
    endloop
  endfacet
  facet normal 0 0 -1
    outer loop
      vertex -44.875 38.1868 0
      vertex -44.7586 51.9186 0
      vertex -44.7586 38.0814 0
    endloop
  endfacet
  facet normal 0 0 -1
    outer loop
      vertex -44.875 38.1868 0
      vertex -44.875 51.8132 0
      vertex -44.7586 51.9186 0
    endloop
  endfacet
  facet normal 0 0 -1
    outer loop
      vertex -45.0011 38.2803 0
      vertex -44.875 51.8132 0
      vertex -44.875 38.1868 0
    endloop
  endfacet
  facet normal 0 0 -1
    outer loop
      vertex -45.0011 38.2803 0
      vertex -45.0011 51.7197 0
      vertex -44.875 51.8132 0
    endloop
  endfacet
  facet normal 0 0 -1
    outer loop
      vertex -45.1358 38.3611 0
      vertex -45.0011 51.7197 0
      vertex -45.0011 38.2803 0
    endloop
  endfacet
  facet normal 0 0 -1
    outer loop
      vertex -45.1358 38.3611 0
      vertex -45.1358 51.6389 0
      vertex -45.0011 51.7197 0
    endloop
  endfacet
  facet normal 0 0 -1
    outer loop
      vertex -45.2777 38.4282 0
      vertex -45.1358 51.6389 0
      vertex -45.1358 38.3611 0
    endloop
  endfacet
  facet normal 0 0 -1
    outer loop
      vertex -45.2777 38.4282 0
      vertex -45.2777 51.5718 0
      vertex -45.1358 51.6389 0
    endloop
  endfacet
  facet normal 0 0 -1
    outer loop
      vertex -45.4255 38.4811 0
      vertex -45.2777 51.5718 0
      vertex -45.2777 38.4282 0
    endloop
  endfacet
  facet normal 0 0 -1
    outer loop
      vertex -45.4255 38.4811 0
      vertex -45.4255 51.5189 0
      vertex -45.2777 51.5718 0
    endloop
  endfacet
  facet normal 0 0 -1
    outer loop
      vertex -45.5779 38.5193 0
      vertex -45.4255 51.5189 0
      vertex -45.4255 38.4811 0
    endloop
  endfacet
  facet normal 0 0 -1
    outer loop
      vertex -45.5779 38.5193 0
      vertex -45.5779 51.4807 0
      vertex -45.4255 51.5189 0
    endloop
  endfacet
  facet normal 0 0 -1
    outer loop
      vertex -45.7332 38.5423 0
      vertex -45.5779 51.4807 0
      vertex -45.5779 38.5193 0
    endloop
  endfacet
  facet normal 0 0 -1
    outer loop
      vertex -45.7332 38.5423 0
      vertex -45.7332 51.4577 0
      vertex -45.5779 51.4807 0
    endloop
  endfacet
  facet normal 0 0 -1
    outer loop
      vertex -45.89 38.55 0
      vertex -45.7332 51.4577 0
      vertex -45.7332 38.5423 0
    endloop
  endfacet
  facet normal 0 0 -1
    outer loop
      vertex -45.89 38.55 0
      vertex -45.89 51.45 0
      vertex -45.7332 51.4577 0
    endloop
  endfacet
  facet normal 0 0 -1
    outer loop
      vertex -46.0468 38.5423 0
      vertex -45.89 51.45 0
      vertex -45.89 38.55 0
    endloop
  endfacet
  facet normal 0 0 -1
    outer loop
      vertex -46.0468 38.5423 0
      vertex -46.0468 51.4577 0
      vertex -45.89 51.45 0
    endloop
  endfacet
  facet normal 0 0 -1
    outer loop
      vertex -46.2021 38.5193 0
      vertex -46.0468 51.4577 0
      vertex -46.0468 38.5423 0
    endloop
  endfacet
  facet normal 0 0 -1
    outer loop
      vertex -46.2021 38.5193 0
      vertex -46.2021 51.4807 0
      vertex -46.0468 51.4577 0
    endloop
  endfacet
  facet normal 0 0 -1
    outer loop
      vertex -46.3545 38.4811 0
      vertex -46.2021 51.4807 0
      vertex -46.2021 38.5193 0
    endloop
  endfacet
  facet normal 0 0 -1
    outer loop
      vertex -46.3545 38.4811 0
      vertex -46.3545 51.5189 0
      vertex -46.2021 51.4807 0
    endloop
  endfacet
  facet normal 0 0 -1
    outer loop
      vertex -46.5023 38.4282 0
      vertex -46.3545 51.5189 0
      vertex -46.3545 38.4811 0
    endloop
  endfacet
  facet normal 0 0 -1
    outer loop
      vertex -46.5023 38.4282 0
      vertex -46.5023 51.5718 0
      vertex -46.3545 51.5189 0
    endloop
  endfacet
  facet normal 0 0 -1
    outer loop
      vertex -46.6442 38.3611 0
      vertex -46.5023 51.5718 0
      vertex -46.5023 38.4282 0
    endloop
  endfacet
  facet normal 0 0 -1
    outer loop
      vertex -46.6442 38.3611 0
      vertex -46.6442 51.6389 0
      vertex -46.5023 51.5718 0
    endloop
  endfacet
  facet normal 0 0 -1
    outer loop
      vertex -46.7789 38.2803 0
      vertex -46.6442 51.6389 0
      vertex -46.6442 38.3611 0
    endloop
  endfacet
  facet normal 0 0 -1
    outer loop
      vertex -46.7789 38.2803 0
      vertex -46.7789 51.7197 0
      vertex -46.6442 51.6389 0
    endloop
  endfacet
  facet normal 0 0 -1
    outer loop
      vertex -49.89 36.95 0
      vertex -46.7789 38.2803 0
      vertex -46.905 38.1868 0
    endloop
  endfacet
  facet normal -0 0 -1
    outer loop
      vertex -46.7789 38.2803 0
      vertex -49.89 36.95 0
      vertex -46.7789 51.7197 0
    endloop
  endfacet
  facet normal 0 0 -1
    outer loop
      vertex -49.89 36.95 0
      vertex -46.905 38.1868 0
      vertex -47.0214 38.0814 0
    endloop
  endfacet
  facet normal 0 0 -1
    outer loop
      vertex -49.89 53.05 0
      vertex -46.7789 51.7197 0
      vertex -49.89 36.95 0
    endloop
  endfacet
  facet normal 0 0 -1
    outer loop
      vertex -49.89 36.95 0
      vertex -47.0214 38.0814 0
      vertex -47.1268 37.965 0
    endloop
  endfacet
  facet normal 0 0 -1
    outer loop
      vertex -46.7789 51.7197 0
      vertex -49.89 53.05 0
      vertex -46.905 51.8132 0
    endloop
  endfacet
  facet normal 0 0 -1
    outer loop
      vertex -49.89 36.95 0
      vertex -47.1268 37.965 0
      vertex -47.2204 37.8389 0
    endloop
  endfacet
  facet normal 0 0 -1
    outer loop
      vertex -46.905 51.8132 0
      vertex -49.89 53.05 0
      vertex -47.0214 51.9186 0
    endloop
  endfacet
  facet normal 0 0 -1
    outer loop
      vertex -49.89 36.95 0
      vertex -47.2204 37.8389 0
      vertex -47.3011 37.7042 0
    endloop
  endfacet
  facet normal 0 0 -1
    outer loop
      vertex -47.0214 51.9186 0
      vertex -49.89 53.05 0
      vertex -47.1268 52.035 0
    endloop
  endfacet
  facet normal 0 0 -1
    outer loop
      vertex -49.89 36.95 0
      vertex -47.3011 37.7042 0
      vertex -47.3682 37.5623 0
    endloop
  endfacet
  facet normal 0 0 -1
    outer loop
      vertex -47.1268 52.035 0
      vertex -49.89 53.05 0
      vertex -47.2204 52.1611 0
    endloop
  endfacet
  facet normal 0 0 -1
    outer loop
      vertex -49.89 36.95 0
      vertex -47.3682 37.5623 0
      vertex -47.4211 37.4145 0
    endloop
  endfacet
  facet normal 0 0 -1
    outer loop
      vertex -47.2204 52.1611 0
      vertex -49.89 53.05 0
      vertex -47.3011 52.2958 0
    endloop
  endfacet
  facet normal 0 0 -1
    outer loop
      vertex -49.89 36.95 0
      vertex -47.4211 37.4145 0
      vertex -47.4593 37.2621 0
    endloop
  endfacet
  facet normal 0 0 -1
    outer loop
      vertex -47.3011 52.2958 0
      vertex -49.89 53.05 0
      vertex -47.3682 52.4377 0
    endloop
  endfacet
  facet normal 0 0 -1
    outer loop
      vertex -49.89 36.95 0
      vertex -47.4593 37.2621 0
      vertex -47.4823 37.1068 0
    endloop
  endfacet
  facet normal 0 0 -1
    outer loop
      vertex -47.3682 52.4377 0
      vertex -49.89 53.05 0
      vertex -47.4211 52.5855 0
    endloop
  endfacet
  facet normal 0 0 -1
    outer loop
      vertex -49.89 36.95 0
      vertex -47.4823 37.1068 0
      vertex -47.49 36.95 0
    endloop
  endfacet
  facet normal 0 0 -1
    outer loop
      vertex -47.4211 52.5855 0
      vertex -49.89 53.05 0
      vertex -47.4593 52.7379 0
    endloop
  endfacet
  facet normal 0 0 -1
    outer loop
      vertex -25.5815 28.302 0
      vertex -17.0119 36.8715 0
      vertex -17.0459 36.1805 0
    endloop
  endfacet
  facet normal 0 0 -1
    outer loop
      vertex -44.3207 37.2621 0
      vertex -34.34 28.3 0
      vertex -44.2977 37.1068 0
    endloop
  endfacet
  facet normal 0 0 -1
    outer loop
      vertex -25.5815 28.302 0
      vertex -17.0459 36.1805 0
      vertex -17.0613 36.0242 0
    endloop
  endfacet
  facet normal 0 0 -1
    outer loop
      vertex -44.3589 37.4145 0
      vertex -34.34 28.3 0
      vertex -44.3207 37.2621 0
    endloop
  endfacet
  facet normal 0 0 -1
    outer loop
      vertex -25.5815 28.302 0
      vertex -17.0613 36.0242 0
      vertex -17.1628 35.3399 0
    endloop
  endfacet
  facet normal 0 -0 -1
    outer loop
      vertex -34.34 61.7 0
      vertex -17.0119 53.1285 0
      vertex -44.29 53.05 0
    endloop
  endfacet
  facet normal 0 0 -1
    outer loop
      vertex -25.5815 28.302 0
      vertex -17.1628 35.3399 0
      vertex -17.1934 35.1859 0
    endloop
  endfacet
  facet normal -0 -0 -1
    outer loop
      vertex -25.66 61.7 0
      vertex -17.0119 53.1285 0
      vertex -34.34 61.7 0
    endloop
  endfacet
  facet normal 0 0 -1
    outer loop
      vertex -25.5815 28.302 0
      vertex -17.1934 35.1859 0
      vertex -17.3615 34.5148 0
    endloop
  endfacet
  facet normal -0 -0 -1
    outer loop
      vertex -25.5815 61.698 0
      vertex -17.0119 53.1285 0
      vertex -25.66 61.7 0
    endloop
  endfacet
  facet normal 0 0 -1
    outer loop
      vertex -25.5815 28.302 0
      vertex -17.3615 34.5148 0
      vertex -17.4071 34.3645 0
    endloop
  endfacet
  facet normal 0 0 -1
    outer loop
      vertex -17.0119 53.1285 0
      vertex -25.5815 61.698 0
      vertex -17.0459 53.8195 0
    endloop
  endfacet
  facet normal 0 0 -1
    outer loop
      vertex -25.5815 28.302 0
      vertex -17.4071 34.3645 0
      vertex -17.6402 33.7131 0
    endloop
  endfacet
  facet normal 0 0 -1
    outer loop
      vertex -17.0459 53.8195 0
      vertex -25.5815 61.698 0
      vertex -17.0613 53.9758 0
    endloop
  endfacet
  facet normal 0 0 -1
    outer loop
      vertex -25.5815 28.302 0
      vertex -17.6402 33.7131 0
      vertex -17.7003 33.568 0
    endloop
  endfacet
  facet normal 0 0 -1
    outer loop
      vertex -17.0613 53.9758 0
      vertex -25.5815 61.698 0
      vertex -17.1628 54.6601 0
    endloop
  endfacet
  facet normal 0 0 -1
    outer loop
      vertex -25.5815 28.302 0
      vertex -17.7003 33.568 0
      vertex -17.9961 32.9426 0
    endloop
  endfacet
  facet normal 0 0 -1
    outer loop
      vertex -17.1628 54.6601 0
      vertex -25.5815 61.698 0
      vertex -17.1934 54.8141 0
    endloop
  endfacet
  facet normal 0 0 -1
    outer loop
      vertex -25.5815 28.302 0
      vertex -17.9961 32.9426 0
      vertex -18.0701 32.8041 0
    endloop
  endfacet
  facet normal 0 0 -1
    outer loop
      vertex -17.3615 55.4852 0
      vertex -25.5815 61.698 0
      vertex -17.4071 55.6355 0
    endloop
  endfacet
  facet normal 0 0 -1
    outer loop
      vertex -25.5815 28.302 0
      vertex -18.0701 32.8041 0
      vertex -18.4258 32.2107 0
    endloop
  endfacet
  facet normal 0 0 -1
    outer loop
      vertex -17.4071 55.6355 0
      vertex -25.5815 61.698 0
      vertex -17.6402 56.2869 0
    endloop
  endfacet
  facet normal 0 0 -1
    outer loop
      vertex -25.5815 28.302 0
      vertex -18.4258 32.2107 0
      vertex -18.513 32.0801 0
    endloop
  endfacet
  facet normal 0 0 -1
    outer loop
      vertex -17.6402 56.2869 0
      vertex -25.5815 61.698 0
      vertex -17.7003 56.432 0
    endloop
  endfacet
  facet normal 0 0 -1
    outer loop
      vertex -25.5815 28.302 0
      vertex -18.513 32.0801 0
      vertex -18.9252 31.5244 0
    endloop
  endfacet
  facet normal 0 0 -1
    outer loop
      vertex -17.7003 56.432 0
      vertex -25.5815 61.698 0
      vertex -17.9961 57.0574 0
    endloop
  endfacet
  facet normal 0 0 -1
    outer loop
      vertex -25.5815 28.302 0
      vertex -18.9252 31.5244 0
      vertex -19.0248 31.403 0
    endloop
  endfacet
  facet normal 0 0 -1
    outer loop
      vertex -17.0119 36.8715 0
      vertex -25.66 28.3 0
      vertex -34.34 28.3 0
    endloop
  endfacet
  facet normal 0 0 -1
    outer loop
      vertex -25.5815 28.302 0
      vertex -19.0248 31.403 0
      vertex -19.4894 30.8904 0
    endloop
  endfacet
  facet normal 0 0 -1
    outer loop
      vertex -17.9961 57.0574 0
      vertex -25.5815 61.698 0
      vertex -18.0701 57.1959 0
    endloop
  endfacet
  facet normal 0 0 -1
    outer loop
      vertex -25.5815 28.302 0
      vertex -19.4894 30.8904 0
      vertex -19.6004 30.7794 0
    endloop
  endfacet
  facet normal 0 0 -1
    outer loop
      vertex -18.0701 57.1959 0
      vertex -25.5815 61.698 0
      vertex -18.4258 57.7893 0
    endloop
  endfacet
  facet normal 0 0 -1
    outer loop
      vertex -25.5815 28.302 0
      vertex -19.6004 30.7794 0
      vertex -20.113 30.3148 0
    endloop
  endfacet
  facet normal 0 0 -1
    outer loop
      vertex -18.9252 58.4756 0
      vertex -25.5815 61.698 0
      vertex -19.0248 58.597 0
    endloop
  endfacet
  facet normal 0 0 -1
    outer loop
      vertex -25.5815 28.302 0
      vertex -20.113 30.3148 0
      vertex -20.2344 30.2151 0
    endloop
  endfacet
  facet normal 0 0 -1
    outer loop
      vertex -19.0248 58.597 0
      vertex -25.5815 61.698 0
      vertex -19.4894 59.1096 0
    endloop
  endfacet
  facet normal 0 0 -1
    outer loop
      vertex -25.5815 28.302 0
      vertex -20.2344 30.2151 0
      vertex -20.7901 29.803 0
    endloop
  endfacet
  facet normal 0 0 -1
    outer loop
      vertex -19.4894 59.1096 0
      vertex -25.5815 61.698 0
      vertex -19.6004 59.2206 0
    endloop
  endfacet
  facet normal 0 0 -1
    outer loop
      vertex -25.5815 28.302 0
      vertex -20.7901 29.803 0
      vertex -20.9206 29.7158 0
    endloop
  endfacet
  facet normal 0 0 -1
    outer loop
      vertex -19.6004 59.2206 0
      vertex -25.5815 61.698 0
      vertex -20.113 59.6852 0
    endloop
  endfacet
  facet normal 0 0 -1
    outer loop
      vertex -25.5815 28.302 0
      vertex -20.9206 29.7158 0
      vertex -21.5141 29.3601 0
    endloop
  endfacet
  facet normal 0 0 -1
    outer loop
      vertex -20.113 59.6852 0
      vertex -25.5815 61.698 0
      vertex -20.2344 59.7849 0
    endloop
  endfacet
  facet normal 0 0 -1
    outer loop
      vertex -25.5815 28.302 0
      vertex -21.5141 29.3601 0
      vertex -21.6526 29.2861 0
    endloop
  endfacet
  facet normal 0 0 -1
    outer loop
      vertex -20.2344 59.7849 0
      vertex -25.5815 61.698 0
      vertex -20.7901 60.197 0
    endloop
  endfacet
  facet normal 0 0 -1
    outer loop
      vertex -25.5815 28.302 0
      vertex -21.6526 29.2861 0
      vertex -22.278 28.9903 0
    endloop
  endfacet
  facet normal 0 0 -1
    outer loop
      vertex -20.7901 60.197 0
      vertex -25.5815 61.698 0
      vertex -20.9206 60.2842 0
    endloop
  endfacet
  facet normal 0 0 -1
    outer loop
      vertex -25.5815 28.302 0
      vertex -22.278 28.9903 0
      vertex -22.4231 28.9302 0
    endloop
  endfacet
  facet normal 0 0 -1
    outer loop
      vertex -20.9206 60.2842 0
      vertex -25.5815 61.698 0
      vertex -21.5141 60.6399 0
    endloop
  endfacet
  facet normal 0 0 -1
    outer loop
      vertex -25.5815 28.302 0
      vertex -22.4231 28.9302 0
      vertex -23.0745 28.6971 0
    endloop
  endfacet
  facet normal 0 0 -1
    outer loop
      vertex -21.5141 60.6399 0
      vertex -25.5815 61.698 0
      vertex -21.6526 60.7139 0
    endloop
  endfacet
  facet normal 0 0 -1
    outer loop
      vertex -25.5815 28.302 0
      vertex -23.0745 28.6971 0
      vertex -23.2247 28.6516 0
    endloop
  endfacet
  facet normal 0 0 -1
    outer loop
      vertex -21.6526 60.7139 0
      vertex -25.5815 61.698 0
      vertex -22.278 61.0097 0
    endloop
  endfacet
  facet normal 0 0 -1
    outer loop
      vertex -25.5815 28.302 0
      vertex -23.2247 28.6516 0
      vertex -23.8958 28.4834 0
    endloop
  endfacet
  facet normal 0 0 -1
    outer loop
      vertex -22.278 61.0097 0
      vertex -25.5815 61.698 0
      vertex -22.4231 61.0698 0
    endloop
  endfacet
  facet normal 0 0 -1
    outer loop
      vertex -25.5815 28.302 0
      vertex -23.8958 28.4834 0
      vertex -24.0499 28.4528 0
    endloop
  endfacet
  facet normal 0 0 -1
    outer loop
      vertex -22.4231 61.0698 0
      vertex -25.5815 61.698 0
      vertex -23.0745 61.3029 0
    endloop
  endfacet
  facet normal 0 0 -1
    outer loop
      vertex -25.5815 28.302 0
      vertex -24.0499 28.4528 0
      vertex -24.7342 28.3513 0
    endloop
  endfacet
  facet normal 0 0 -1
    outer loop
      vertex -17.0119 36.8715 0
      vertex -25.5815 28.302 0
      vertex -25.66 28.3 0
    endloop
  endfacet
  facet normal 0 0 -1
    outer loop
      vertex -25.5815 28.302 0
      vertex -24.7342 28.3513 0
      vertex -24.8905 28.3359 0
    endloop
  endfacet
  facet normal 0 0 -1
    outer loop
      vertex -23.0745 61.3029 0
      vertex -25.5815 61.698 0
      vertex -23.2247 61.3484 0
    endloop
  endfacet
  facet normal 0 0 -1
    outer loop
      vertex -24.0499 61.5472 0
      vertex -25.5815 61.698 0
      vertex -24.7342 61.6487 0
    endloop
  endfacet
  facet normal 0 0 -1
    outer loop
      vertex -24.7342 61.6487 0
      vertex -25.5815 61.698 0
      vertex -24.8905 61.6641 0
    endloop
  endfacet
  facet normal 0 0 -1
    outer loop
      vertex -23.2247 61.3484 0
      vertex -25.5815 61.698 0
      vertex -23.8958 61.5166 0
    endloop
  endfacet
  facet normal 0 0 -1
    outer loop
      vertex -23.8958 61.5166 0
      vertex -25.5815 61.698 0
      vertex -24.0499 61.5472 0
    endloop
  endfacet
  facet normal 0 0 -1
    outer loop
      vertex -37.722 28.9903 0
      vertex -44.2977 37.1068 0
      vertex -34.34 28.3 0
    endloop
  endfacet
  facet normal 0 0 -1
    outer loop
      vertex -18.513 57.9199 0
      vertex -25.5815 61.698 0
      vertex -18.9252 58.4756 0
    endloop
  endfacet
  facet normal 0 0 -1
    outer loop
      vertex -37.722 28.9903 0
      vertex -34.34 28.3 0
      vertex -34.4185 28.302 0
    endloop
  endfacet
  facet normal 0 0 -1
    outer loop
      vertex -18.4258 57.7893 0
      vertex -25.5815 61.698 0
      vertex -18.513 57.9199 0
    endloop
  endfacet
  facet normal 0 0 -1
    outer loop
      vertex -37.722 28.9903 0
      vertex -34.4185 28.302 0
      vertex -35.1095 28.3359 0
    endloop
  endfacet
  facet normal 0 0 -1
    outer loop
      vertex -17.1934 54.8141 0
      vertex -25.5815 61.698 0
      vertex -17.3615 55.4852 0
    endloop
  endfacet
  facet normal 0 0 -1
    outer loop
      vertex -37.722 28.9903 0
      vertex -35.1095 28.3359 0
      vertex -35.2658 28.3513 0
    endloop
  endfacet
  facet normal 0 -0 -1
    outer loop
      vertex -37.722 61.0097 0
      vertex -34.34 61.7 0
      vertex -44.29 53.05 0
    endloop
  endfacet
  facet normal 0 0 -1
    outer loop
      vertex -37.722 28.9903 0
      vertex -35.2658 28.3513 0
      vertex -35.9501 28.4528 0
    endloop
  endfacet
  facet normal 0 0 -1
    outer loop
      vertex -34.34 61.7 0
      vertex -37.722 61.0097 0
      vertex -34.4185 61.698 0
    endloop
  endfacet
  facet normal 0 0 -1
    outer loop
      vertex -37.722 28.9903 0
      vertex -35.9501 28.4528 0
      vertex -36.1042 28.4834 0
    endloop
  endfacet
  facet normal 0 0 -1
    outer loop
      vertex -34.4185 61.698 0
      vertex -37.722 61.0097 0
      vertex -35.1095 61.6641 0
    endloop
  endfacet
  facet normal 0 0 -1
    outer loop
      vertex -37.722 28.9903 0
      vertex -36.1042 28.4834 0
      vertex -36.7753 28.6516 0
    endloop
  endfacet
  facet normal 0 0 -1
    outer loop
      vertex -35.1095 61.6641 0
      vertex -37.722 61.0097 0
      vertex -35.2658 61.6487 0
    endloop
  endfacet
  facet normal 0 0 -1
    outer loop
      vertex -37.722 28.9903 0
      vertex -36.7753 28.6516 0
      vertex -36.9255 28.6971 0
    endloop
  endfacet
  facet normal 0 0 -1
    outer loop
      vertex -35.2658 61.6487 0
      vertex -37.722 61.0097 0
      vertex -35.9501 61.5472 0
    endloop
  endfacet
  facet normal 0 0 -1
    outer loop
      vertex -37.722 28.9903 0
      vertex -36.9255 28.6971 0
      vertex -37.5769 28.9302 0
    endloop
  endfacet
  facet normal 0 0 -1
    outer loop
      vertex -35.9501 61.5472 0
      vertex -37.722 61.0097 0
      vertex -36.1042 61.5166 0
    endloop
  endfacet
  facet normal 0 0 -1
    outer loop
      vertex -44.2977 37.1068 0
      vertex -37.722 28.9903 0
      vertex -44.29 36.95 0
    endloop
  endfacet
  facet normal 0 0 -1
    outer loop
      vertex -36.1042 61.5166 0
      vertex -37.722 61.0097 0
      vertex -36.7753 61.3484 0
    endloop
  endfacet
  facet normal 0 0 -1
    outer loop
      vertex -36.7753 61.3484 0
      vertex -37.722 61.0097 0
      vertex -36.9255 61.3029 0
    endloop
  endfacet
  facet normal 0 0 -1
    outer loop
      vertex -37.722 28.9903 0
      vertex -44.2977 36.7932 0
      vertex -44.29 36.95 0
    endloop
  endfacet
  facet normal 0 0 -1
    outer loop
      vertex -37.722 28.9903 0
      vertex -44.3207 36.6379 0
      vertex -44.2977 36.7932 0
    endloop
  endfacet
  facet normal 0 0 -1
    outer loop
      vertex -37.722 28.9903 0
      vertex -44.3589 36.4855 0
      vertex -44.3207 36.6379 0
    endloop
  endfacet
  facet normal 0 0 -1
    outer loop
      vertex -37.722 28.9903 0
      vertex -44.4118 36.3377 0
      vertex -44.3589 36.4855 0
    endloop
  endfacet
  facet normal 0 0 -1
    outer loop
      vertex -37.722 28.9903 0
      vertex -44.4789 36.1958 0
      vertex -44.4118 36.3377 0
    endloop
  endfacet
  facet normal 0 0 -1
    outer loop
      vertex -37.722 28.9903 0
      vertex -44.5596 36.0611 0
      vertex -44.4789 36.1958 0
    endloop
  endfacet
  facet normal 0 0 -1
    outer loop
      vertex -37.722 28.9903 0
      vertex -44.6532 35.935 0
      vertex -44.5596 36.0611 0
    endloop
  endfacet
  facet normal 0 0 -1
    outer loop
      vertex -37.722 28.9903 0
      vertex -44.7586 35.8186 0
      vertex -44.6532 35.935 0
    endloop
  endfacet
  facet normal 0 0 -1
    outer loop
      vertex -37.722 28.9903 0
      vertex -44.875 35.7132 0
      vertex -44.7586 35.8186 0
    endloop
  endfacet
  facet normal 0 0 -1
    outer loop
      vertex -37.722 28.9903 0
      vertex -45.0011 35.6196 0
      vertex -44.875 35.7132 0
    endloop
  endfacet
  facet normal 0 0 -1
    outer loop
      vertex -37.722 28.9903 0
      vertex -45.1358 35.5389 0
      vertex -45.0011 35.6196 0
    endloop
  endfacet
  facet normal 0 0 -1
    outer loop
      vertex -47.4207 33.2545 0
      vertex -45.1358 35.5389 0
      vertex -37.722 28.9903 0
    endloop
  endfacet
  facet normal 0 0 -1
    outer loop
      vertex -45.1358 35.5389 0
      vertex -47.4207 33.2545 0
      vertex -45.2777 35.4718 0
    endloop
  endfacet
  facet normal 0 0 -1
    outer loop
      vertex -45.2777 35.4718 0
      vertex -47.4207 33.2545 0
      vertex -45.4255 35.4189 0
    endloop
  endfacet
  facet normal 0 0 -1
    outer loop
      vertex -45.4255 35.4189 0
      vertex -47.4207 33.2545 0
      vertex -45.5779 35.3807 0
    endloop
  endfacet
  facet normal 0 0 -1
    outer loop
      vertex -45.5779 35.3807 0
      vertex -47.4207 33.2545 0
      vertex -45.7332 35.3577 0
    endloop
  endfacet
  facet normal 0 0 -1
    outer loop
      vertex -45.7332 35.3577 0
      vertex -47.4207 33.2545 0
      vertex -45.89 35.35 0
    endloop
  endfacet
  facet normal -0 0 -1
    outer loop
      vertex -45.89 35.35 0
      vertex -47.4207 33.2545 0
      vertex -46.0468 35.3577 0
    endloop
  endfacet
  facet normal -0 0 -1
    outer loop
      vertex -46.0468 35.3577 0
      vertex -47.4207 33.2545 0
      vertex -46.2021 35.3807 0
    endloop
  endfacet
  facet normal -0 0 -1
    outer loop
      vertex -46.2021 35.3807 0
      vertex -47.4207 33.2545 0
      vertex -46.3545 35.4189 0
    endloop
  endfacet
  facet normal -0 0 -1
    outer loop
      vertex -46.3545 35.4189 0
      vertex -47.4207 33.2545 0
      vertex -46.5023 35.4718 0
    endloop
  endfacet
  facet normal -0 0 -1
    outer loop
      vertex -46.5023 35.4718 0
      vertex -47.4207 33.2545 0
      vertex -46.6442 35.5389 0
    endloop
  endfacet
  facet normal 0 0 -1
    outer loop
      vertex -47.7756 33.4223 0
      vertex -46.6442 35.5389 0
      vertex -47.4207 33.2545 0
    endloop
  endfacet
  facet normal -0 0 -1
    outer loop
      vertex -46.6442 35.5389 0
      vertex -47.7756 33.4223 0
      vertex -46.7789 35.6196 0
    endloop
  endfacet
  facet normal 0 0 -1
    outer loop
      vertex -48.1123 33.6241 0
      vertex -46.7789 35.6196 0
      vertex -47.7756 33.4223 0
    endloop
  endfacet
  facet normal -0 0 -1
    outer loop
      vertex -46.7789 35.6196 0
      vertex -48.1123 33.6241 0
      vertex -46.905 35.7132 0
    endloop
  endfacet
  facet normal 0 0 -1
    outer loop
      vertex -48.4276 33.858 0
      vertex -46.905 35.7132 0
      vertex -48.1123 33.6241 0
    endloop
  endfacet
  facet normal -0 0 -1
    outer loop
      vertex -46.905 35.7132 0
      vertex -48.4276 33.858 0
      vertex -47.0214 35.8186 0
    endloop
  endfacet
  facet normal 0 0 -1
    outer loop
      vertex -48.7184 34.1216 0
      vertex -47.0214 35.8186 0
      vertex -48.4276 33.858 0
    endloop
  endfacet
  facet normal -0 0 -1
    outer loop
      vertex -47.0214 35.8186 0
      vertex -48.7184 34.1216 0
      vertex -47.1268 35.935 0
    endloop
  endfacet
  facet normal 0 0 -1
    outer loop
      vertex -48.982 34.4124 0
      vertex -47.1268 35.935 0
      vertex -48.7184 34.1216 0
    endloop
  endfacet
  facet normal -0 0 -1
    outer loop
      vertex -47.1268 35.935 0
      vertex -48.982 34.4124 0
      vertex -47.2204 36.0611 0
    endloop
  endfacet
  facet normal 0 0 -1
    outer loop
      vertex -49.2159 34.7277 0
      vertex -47.2204 36.0611 0
      vertex -48.982 34.4124 0
    endloop
  endfacet
  facet normal 0 0 -1
    outer loop
      vertex -49.4177 35.0644 0
      vertex -47.3011 36.1958 0
      vertex -49.2159 34.7277 0
    endloop
  endfacet
  facet normal -0 0 -1
    outer loop
      vertex -47.2204 36.0611 0
      vertex -49.2159 34.7277 0
      vertex -47.3011 36.1958 0
    endloop
  endfacet
  facet normal 0 0 -1
    outer loop
      vertex -36.9255 61.3029 0
      vertex -37.722 61.0097 0
      vertex -37.5769 61.0698 0
    endloop
  endfacet
  facet normal 0 0 -1
    outer loop
      vertex -44.2977 53.2068 0
      vertex -37.722 61.0097 0
      vertex -44.29 53.05 0
    endloop
  endfacet
  facet normal 0 0 -1
    outer loop
      vertex -44.3207 53.3621 0
      vertex -37.722 61.0097 0
      vertex -44.2977 53.2068 0
    endloop
  endfacet
  facet normal 0 0 -1
    outer loop
      vertex -44.3589 53.5145 0
      vertex -37.722 61.0097 0
      vertex -44.3207 53.3621 0
    endloop
  endfacet
  facet normal 0 0 -1
    outer loop
      vertex -44.4118 53.6623 0
      vertex -37.722 61.0097 0
      vertex -44.3589 53.5145 0
    endloop
  endfacet
  facet normal 0 0 -1
    outer loop
      vertex -44.4789 53.8042 0
      vertex -37.722 61.0097 0
      vertex -44.4118 53.6623 0
    endloop
  endfacet
  facet normal 0 0 -1
    outer loop
      vertex -44.5596 53.9389 0
      vertex -37.722 61.0097 0
      vertex -44.4789 53.8042 0
    endloop
  endfacet
  facet normal 0 0 -1
    outer loop
      vertex -44.6532 54.065 0
      vertex -37.722 61.0097 0
      vertex -44.5596 53.9389 0
    endloop
  endfacet
  facet normal 0 0 -1
    outer loop
      vertex -44.7586 54.1814 0
      vertex -37.722 61.0097 0
      vertex -44.6532 54.065 0
    endloop
  endfacet
  facet normal 0 0 -1
    outer loop
      vertex -44.875 54.2868 0
      vertex -37.722 61.0097 0
      vertex -44.7586 54.1814 0
    endloop
  endfacet
  facet normal 0 0 -1
    outer loop
      vertex -45.0011 54.3804 0
      vertex -37.722 61.0097 0
      vertex -44.875 54.2868 0
    endloop
  endfacet
  facet normal 0 0 -1
    outer loop
      vertex -45.1358 54.4611 0
      vertex -37.722 61.0097 0
      vertex -45.0011 54.3804 0
    endloop
  endfacet
  facet normal 0 0 -1
    outer loop
      vertex -47.4207 56.7455 0
      vertex -45.1358 54.4611 0
      vertex -45.2777 54.5282 0
    endloop
  endfacet
  facet normal 0 0 -1
    outer loop
      vertex -47.4207 56.7455 0
      vertex -45.2777 54.5282 0
      vertex -45.4255 54.5811 0
    endloop
  endfacet
  facet normal 0 0 -1
    outer loop
      vertex -47.4207 56.7455 0
      vertex -45.4255 54.5811 0
      vertex -45.5779 54.6193 0
    endloop
  endfacet
  facet normal 0 0 -1
    outer loop
      vertex -47.4207 56.7455 0
      vertex -45.5779 54.6193 0
      vertex -45.7332 54.6423 0
    endloop
  endfacet
  facet normal 0 0 -1
    outer loop
      vertex -47.4207 56.7455 0
      vertex -45.7332 54.6423 0
      vertex -45.89 54.65 0
    endloop
  endfacet
  facet normal 0 0 -1
    outer loop
      vertex -47.4207 56.7455 0
      vertex -45.89 54.65 0
      vertex -46.0468 54.6423 0
    endloop
  endfacet
  facet normal 0 0 -1
    outer loop
      vertex -47.4207 56.7455 0
      vertex -46.0468 54.6423 0
      vertex -46.2021 54.6193 0
    endloop
  endfacet
  facet normal 0 0 -1
    outer loop
      vertex -47.4207 56.7455 0
      vertex -46.2021 54.6193 0
      vertex -46.3545 54.5811 0
    endloop
  endfacet
  facet normal 0 0 -1
    outer loop
      vertex -47.4207 56.7455 0
      vertex -46.3545 54.5811 0
      vertex -46.5023 54.5282 0
    endloop
  endfacet
  facet normal 0 0 -1
    outer loop
      vertex -47.4207 56.7455 0
      vertex -46.5023 54.5282 0
      vertex -46.6442 54.4611 0
    endloop
  endfacet
  facet normal 0 0 -1
    outer loop
      vertex -47.7756 56.5777 0
      vertex -46.6442 54.4611 0
      vertex -46.7789 54.3804 0
    endloop
  endfacet
  facet normal 0 0 -1
    outer loop
      vertex -45.1358 54.4611 0
      vertex -47.4207 56.7455 0
      vertex -37.722 61.0097 0
    endloop
  endfacet
  facet normal 0 0 -1
    outer loop
      vertex -48.1123 56.3759 0
      vertex -46.7789 54.3804 0
      vertex -46.905 54.2868 0
    endloop
  endfacet
  facet normal 0 0 -1
    outer loop
      vertex -48.4276 56.142 0
      vertex -46.905 54.2868 0
      vertex -47.0214 54.1814 0
    endloop
  endfacet
  facet normal 0 0 -1
    outer loop
      vertex -48.7184 55.8784 0
      vertex -47.0214 54.1814 0
      vertex -47.1268 54.065 0
    endloop
  endfacet
  facet normal 0 0 -1
    outer loop
      vertex -48.982 55.5876 0
      vertex -47.1268 54.065 0
      vertex -47.2204 53.9389 0
    endloop
  endfacet
  facet normal 0 0 -1
    outer loop
      vertex -49.2159 55.2723 0
      vertex -47.2204 53.9389 0
      vertex -47.3011 53.8042 0
    endloop
  endfacet
  facet normal 0 0 -1
    outer loop
      vertex -49.4177 54.9356 0
      vertex -47.3011 53.8042 0
      vertex -47.3682 53.6623 0
    endloop
  endfacet
  facet normal 0 0 -1
    outer loop
      vertex -49.5855 54.5807 0
      vertex -47.3682 53.6623 0
      vertex -47.4211 53.5145 0
    endloop
  endfacet
  facet normal 0 0 -1
    outer loop
      vertex -49.7178 54.2111 0
      vertex -47.4211 53.5145 0
      vertex -47.4593 53.3621 0
    endloop
  endfacet
  facet normal 0 0 -1
    outer loop
      vertex -49.8131 53.8304 0
      vertex -47.4593 53.3621 0
      vertex -47.4823 53.2068 0
    endloop
  endfacet
  facet normal 0 0 -1
    outer loop
      vertex -49.8707 53.4421 0
      vertex -47.4823 53.2068 0
      vertex -47.49 53.05 0
    endloop
  endfacet
  facet normal 0 0 -1
    outer loop
      vertex -46.6442 54.4611 0
      vertex -47.7756 56.5777 0
      vertex -47.4207 56.7455 0
    endloop
  endfacet
  facet normal 0 0 -1
    outer loop
      vertex -47.4593 52.7379 0
      vertex -49.89 53.05 0
      vertex -47.4823 52.8932 0
    endloop
  endfacet
  facet normal -0 0 -1
    outer loop
      vertex -47.3011 36.1958 0
      vertex -49.4177 35.0644 0
      vertex -47.3682 36.3377 0
    endloop
  endfacet
  facet normal 0 0 -1
    outer loop
      vertex -47.4823 52.8932 0
      vertex -49.89 53.05 0
      vertex -47.49 53.05 0
    endloop
  endfacet
  facet normal 0 0 -1
    outer loop
      vertex -49.5855 35.4193 0
      vertex -47.3682 36.3377 0
      vertex -49.4177 35.0644 0
    endloop
  endfacet
  facet normal 0 -0 -1
    outer loop
      vertex -49.8707 53.4421 0
      vertex -47.49 53.05 0
      vertex -49.89 53.05 0
    endloop
  endfacet
  facet normal -0 0 -1
    outer loop
      vertex -47.3682 36.3377 0
      vertex -49.5855 35.4193 0
      vertex -47.4211 36.4855 0
    endloop
  endfacet
  facet normal 0 0 -1
    outer loop
      vertex -46.7789 54.3804 0
      vertex -48.1123 56.3759 0
      vertex -47.7756 56.5777 0
    endloop
  endfacet
  facet normal 0 0 -1
    outer loop
      vertex -49.7178 35.7889 0
      vertex -47.4211 36.4855 0
      vertex -49.5855 35.4193 0
    endloop
  endfacet
  facet normal 0 0 -1
    outer loop
      vertex -46.905 54.2868 0
      vertex -48.4276 56.142 0
      vertex -48.1123 56.3759 0
    endloop
  endfacet
  facet normal -0 0 -1
    outer loop
      vertex -47.4211 36.4855 0
      vertex -49.7178 35.7889 0
      vertex -47.4593 36.6379 0
    endloop
  endfacet
  facet normal 0 0 -1
    outer loop
      vertex -47.0214 54.1814 0
      vertex -48.7184 55.8784 0
      vertex -48.4276 56.142 0
    endloop
  endfacet
  facet normal 0 0 -1
    outer loop
      vertex -49.8131 36.1696 0
      vertex -47.4593 36.6379 0
      vertex -49.7178 35.7889 0
    endloop
  endfacet
  facet normal 0 0 -1
    outer loop
      vertex -47.1268 54.065 0
      vertex -48.982 55.5876 0
      vertex -48.7184 55.8784 0
    endloop
  endfacet
  facet normal -0 0 -1
    outer loop
      vertex -47.4593 36.6379 0
      vertex -49.8131 36.1696 0
      vertex -47.4823 36.7932 0
    endloop
  endfacet
  facet normal 0 0 -1
    outer loop
      vertex -47.2204 53.9389 0
      vertex -49.2159 55.2723 0
      vertex -48.982 55.5876 0
    endloop
  endfacet
  facet normal 0 0 -1
    outer loop
      vertex -49.8707 36.5579 0
      vertex -47.4823 36.7932 0
      vertex -49.8131 36.1696 0
    endloop
  endfacet
  facet normal 0 0 -1
    outer loop
      vertex -47.3011 53.8042 0
      vertex -49.4177 54.9356 0
      vertex -49.2159 55.2723 0
    endloop
  endfacet
  facet normal -0 0 -1
    outer loop
      vertex -47.4823 36.7932 0
      vertex -49.8707 36.5579 0
      vertex -47.49 36.95 0
    endloop
  endfacet
  facet normal 0 0 -1
    outer loop
      vertex -47.3682 53.6623 0
      vertex -49.5855 54.5807 0
      vertex -49.4177 54.9356 0
    endloop
  endfacet
  facet normal -0 0 -1
    outer loop
      vertex -47.49 36.95 0
      vertex -49.8707 36.5579 0
      vertex -49.89 36.95 0
    endloop
  endfacet
  facet normal 0 0 -1
    outer loop
      vertex -47.4211 53.5145 0
      vertex -49.7178 54.2111 0
      vertex -49.5855 54.5807 0
    endloop
  endfacet
  facet normal 0 0 -1
    outer loop
      vertex -47.4593 53.3621 0
      vertex -49.8131 53.8304 0
      vertex -49.7178 54.2111 0
    endloop
  endfacet
  facet normal 0 0 -1
    outer loop
      vertex -47.4823 53.2068 0
      vertex -49.8707 53.4421 0
      vertex -49.8131 53.8304 0
    endloop
  endfacet
  facet normal -0.289919 0.957051 0
    outer loop
      vertex -36.7753 61.3484 0
      vertex -36.9255 61.3029 1.6
      vertex -36.7753 61.3484 1.6
    endloop
  endfacet
  facet normal -0.289919 0.957051 0
    outer loop
      vertex -36.9255 61.3029 1.6
      vertex -36.7753 61.3484 0
      vertex -36.9255 61.3029 0
    endloop
  endfacet
  facet normal -0.0254694 -0.999676 0
    outer loop
      vertex -34.4185 28.302 0
      vertex -34.34 28.3 1.6
      vertex -34.4185 28.302 1.6
    endloop
  endfacet
  facet normal -0.0254694 -0.999676 -0
    outer loop
      vertex -34.34 28.3 1.6
      vertex -34.4185 28.302 0
      vertex -34.34 28.3 0
    endloop
  endfacet
  facet normal -0.998791 0.0491626 0
    outer loop
      vertex -49.89 53.05 0
      vertex -49.8707 53.4421 1.6
      vertex -49.8707 53.4421 0
    endloop
  endfacet
  facet normal -0.998791 0.0491626 0
    outer loop
      vertex -49.8707 53.4421 1.6
      vertex -49.89 53.05 0
      vertex -49.89 53.05 1.6
    endloop
  endfacet
  facet normal -1 0 0
    outer loop
      vertex -49.89 36.95 0
      vertex -49.89 53.05 1.6
      vertex -49.89 53.05 0
    endloop
  endfacet
  facet normal -1 -0 0
    outer loop
      vertex -49.89 53.05 1.6
      vertex -49.89 36.95 0
      vertex -49.89 36.95 1.6
    endloop
  endfacet
  facet normal 0.427564 0.903985 -0
    outer loop
      vertex -21.6526 60.7139 0
      vertex -22.278 61.0097 1.6
      vertex -21.6526 60.7139 1.6
    endloop
  endfacet
  facet normal 0.427564 0.903985 0
    outer loop
      vertex -22.278 61.0097 1.6
      vertex -21.6526 60.7139 0
      vertex -22.278 61.0097 0
    endloop
  endfacet
  facet normal 0.555582 0.831462 -0
    outer loop
      vertex -20.7901 60.197 0
      vertex -20.9206 60.2842 1.6
      vertex -20.7901 60.197 1.6
    endloop
  endfacet
  facet normal 0.555582 0.831462 0
    outer loop
      vertex -20.9206 60.2842 1.6
      vertex -20.7901 60.197 0
      vertex -20.9206 60.2842 0
    endloop
  endfacet
  facet normal 0.0980537 0.995181 -0
    outer loop
      vertex -24.7342 61.6487 0
      vertex -24.8905 61.6641 1.6
      vertex -24.7342 61.6487 1.6
    endloop
  endfacet
  facet normal 0.0980537 0.995181 0
    outer loop
      vertex -24.8905 61.6641 1.6
      vertex -24.7342 61.6487 0
      vertex -24.8905 61.6641 0
    endloop
  endfacet
  facet normal -0.289919 -0.957051 0
    outer loop
      vertex -36.9255 28.6971 0
      vertex -36.7753 28.6516 1.6
      vertex -36.9255 28.6971 1.6
    endloop
  endfacet
  facet normal -0.289919 -0.957051 -0
    outer loop
      vertex -36.7753 28.6516 1.6
      vertex -36.9255 28.6971 0
      vertex -36.7753 28.6516 0
    endloop
  endfacet
  facet normal 0.989178 -0.146722 0
    outer loop
      vertex -17.1628 35.3399 1.6
      vertex -17.0613 36.0242 0
      vertex -17.0613 36.0242 1.6
    endloop
  endfacet
  facet normal 0.989178 -0.146722 0
    outer loop
      vertex -17.0613 36.0242 0
      vertex -17.1628 35.3399 1.6
      vertex -17.1628 35.3399 0
    endloop
  endfacet
  facet normal 0.634658 0.772793 -0
    outer loop
      vertex -20.113 59.6852 0
      vertex -20.2344 59.7849 1.6
      vertex -20.113 59.6852 1.6
    endloop
  endfacet
  facet normal 0.634658 0.772793 0
    outer loop
      vertex -20.2344 59.7849 1.6
      vertex -20.113 59.6852 0
      vertex -20.2344 59.7849 0
    endloop
  endfacet
  facet normal -0.42744 0.904044 0
    outer loop
      vertex -47.4207 56.7455 0
      vertex -47.7756 56.5777 1.6
      vertex -47.4207 56.7455 1.6
    endloop
  endfacet
  facet normal -0.42744 0.904044 0
    outer loop
      vertex -47.7756 56.5777 1.6
      vertex -47.4207 56.7455 0
      vertex -47.7756 56.5777 0
    endloop
  endfacet
  facet normal 0.707107 -0.707107 0
    outer loop
      vertex -19.6004 30.7794 1.6
      vertex -19.4894 30.8904 0
      vertex -19.4894 30.8904 1.6
    endloop
  endfacet
  facet normal 0.707107 -0.707107 0
    outer loop
      vertex -19.4894 30.8904 0
      vertex -19.6004 30.7794 1.6
      vertex -19.6004 30.7794 0
    endloop
  endfacet
  facet normal 0.882 0.471249 0
    outer loop
      vertex -17.9961 57.0574 1.6
      vertex -18.0701 57.1959 0
      vertex -18.0701 57.1959 1.6
    endloop
  endfacet
  facet normal 0.882 0.471249 0
    outer loop
      vertex -18.0701 57.1959 0
      vertex -17.9961 57.0574 1.6
      vertex -17.9961 57.0574 0
    endloop
  endfacet
  facet normal -0.595794 -0.803137 0
    outer loop
      vertex -48.4276 33.858 0
      vertex -48.1123 33.6241 1.6
      vertex -48.4276 33.858 1.6
    endloop
  endfacet
  facet normal -0.595794 -0.803137 -0
    outer loop
      vertex -48.1123 33.6241 1.6
      vertex -48.4276 33.858 0
      vertex -48.1123 33.6241 0
    endloop
  endfacet
  facet normal 0.882 -0.471249 0
    outer loop
      vertex -18.0701 32.8041 1.6
      vertex -17.9961 32.9426 0
      vertex -17.9961 32.9426 1.6
    endloop
  endfacet
  facet normal 0.882 -0.471249 0
    outer loop
      vertex -17.9961 32.9426 0
      vertex -18.0701 32.8041 1.6
      vertex -18.0701 32.8041 0
    endloop
  endfacet
  facet normal -0.595794 0.803137 0
    outer loop
      vertex -48.1123 56.3759 0
      vertex -48.4276 56.142 1.6
      vertex -48.1123 56.3759 1.6
    endloop
  endfacet
  facet normal -0.595794 0.803137 0
    outer loop
      vertex -48.4276 56.142 1.6
      vertex -48.1123 56.3759 0
      vertex -48.4276 56.142 0
    endloop
  endfacet
  facet normal 0.671564 -0.740946 0
    outer loop
      vertex -20.113 30.3148 0
      vertex -19.6004 30.7794 1.6
      vertex -20.113 30.3148 1.6
    endloop
  endfacet
  facet normal 0.671564 -0.740946 0
    outer loop
      vertex -19.6004 30.7794 1.6
      vertex -20.113 30.3148 0
      vertex -19.6004 30.7794 0
    endloop
  endfacet
  facet normal -0.514084 0.85774 0
    outer loop
      vertex -47.7756 56.5777 0
      vertex -48.1123 56.3759 1.6
      vertex -47.7756 56.5777 1.6
    endloop
  endfacet
  facet normal -0.514084 0.85774 0
    outer loop
      vertex -48.1123 56.3759 1.6
      vertex -47.7756 56.5777 0
      vertex -48.1123 56.3759 0
    endloop
  endfacet
  facet normal -0.904044 0.42744 0
    outer loop
      vertex -49.5855 54.5807 0
      vertex -49.4177 54.9356 1.6
      vertex -49.4177 54.9356 0
    endloop
  endfacet
  facet normal -0.904044 0.42744 0
    outer loop
      vertex -49.4177 54.9356 1.6
      vertex -49.5855 54.5807 0
      vertex -49.5855 54.5807 1.6
    endloop
  endfacet
  facet normal -0.9415 0.337014 0
    outer loop
      vertex -49.7178 54.2111 0
      vertex -49.5855 54.5807 1.6
      vertex -49.5855 54.5807 0
    endloop
  endfacet
  facet normal -0.9415 0.337014 0
    outer loop
      vertex -49.5855 54.5807 1.6
      vertex -49.7178 54.2111 0
      vertex -49.7178 54.2111 1.6
    endloop
  endfacet
  facet normal -0.970068 -0.242835 0
    outer loop
      vertex -49.7178 35.7889 0
      vertex -49.8131 36.1696 1.6
      vertex -49.8131 36.1696 0
    endloop
  endfacet
  facet normal -0.970068 -0.242835 0
    outer loop
      vertex -49.8131 36.1696 1.6
      vertex -49.7178 35.7889 0
      vertex -49.7178 35.7889 1.6
    endloop
  endfacet
  facet normal 0.740946 0.671564 0
    outer loop
      vertex -19.0248 58.597 1.6
      vertex -19.4894 59.1096 0
      vertex -19.4894 59.1096 1.6
    endloop
  endfacet
  facet normal 0.740946 0.671564 0
    outer loop
      vertex -19.4894 59.1096 0
      vertex -19.0248 58.597 1.6
      vertex -19.0248 58.597 0
    endloop
  endfacet
  facet normal 0 1 -0
    outer loop
      vertex -25.66 61.7 0
      vertex -34.34 61.7 1.6
      vertex -25.66 61.7 1.6
    endloop
  endfacet
  facet normal 0 1 0
    outer loop
      vertex -34.34 61.7 1.6
      vertex -25.66 61.7 0
      vertex -34.34 61.7 0
    endloop
  endfacet
  facet normal 0 -1 0
    outer loop
      vertex -34.34 28.3 0
      vertex -25.66 28.3 1.6
      vertex -34.34 28.3 1.6
    endloop
  endfacet
  facet normal 0 -1 -0
    outer loop
      vertex -25.66 28.3 1.6
      vertex -34.34 28.3 0
      vertex -25.66 28.3 0
    endloop
  endfacet
  facet normal 0.85771 -0.514134 0
    outer loop
      vertex -18.4258 32.2107 1.6
      vertex -18.0701 32.8041 0
      vertex -18.0701 32.8041 1.6
    endloop
  endfacet
  facet normal 0.85771 -0.514134 0
    outer loop
      vertex -18.0701 32.8041 0
      vertex -18.4258 32.2107 1.6
      vertex -18.4258 32.2107 0
    endloop
  endfacet
  facet normal 0.923885 -0.38267 0
    outer loop
      vertex -17.7003 33.568 1.6
      vertex -17.6402 33.7131 0
      vertex -17.6402 33.7131 1.6
    endloop
  endfacet
  facet normal 0.923885 -0.38267 0
    outer loop
      vertex -17.6402 33.7131 0
      vertex -17.7003 33.568 1.6
      vertex -17.7003 33.568 0
    endloop
  endfacet
  facet normal 0.995181 -0.0980537 0
    outer loop
      vertex -17.0613 36.0242 1.6
      vertex -17.0459 36.1805 0
      vertex -17.0459 36.1805 1.6
    endloop
  endfacet
  facet normal 0.995181 -0.0980537 0
    outer loop
      vertex -17.0459 36.1805 0
      vertex -17.0613 36.0242 1.6
      vertex -17.0613 36.0242 0
    endloop
  endfacet
  facet normal 0.38267 0.923885 -0
    outer loop
      vertex -22.278 61.0097 0
      vertex -22.4231 61.0698 1.6
      vertex -22.278 61.0097 1.6
    endloop
  endfacet
  facet normal 0.38267 0.923885 0
    outer loop
      vertex -22.4231 61.0698 1.6
      vertex -22.278 61.0097 0
      vertex -22.4231 61.0698 0
    endloop
  endfacet
  facet normal 0.956928 -0.290325 0
    outer loop
      vertex -17.4071 34.3645 1.6
      vertex -17.3615 34.5148 0
      vertex -17.3615 34.5148 1.6
    endloop
  endfacet
  facet normal 0.956928 -0.290325 0
    outer loop
      vertex -17.3615 34.5148 0
      vertex -17.4071 34.3645 1.6
      vertex -17.4071 34.3645 0
    endloop
  endfacet
  facet normal 0.803163 -0.59576 0
    outer loop
      vertex -18.9252 31.5244 1.6
      vertex -18.513 32.0801 0
      vertex -18.513 32.0801 1.6
    endloop
  endfacet
  facet normal 0.803163 -0.59576 0
    outer loop
      vertex -18.513 32.0801 0
      vertex -18.9252 31.5244 1.6
      vertex -18.9252 31.5244 0
    endloop
  endfacet
  facet normal -0.402483 0.915427 0
    outer loop
      vertex -37.722 61.0097 0
      vertex -47.4207 56.7455 1.6
      vertex -37.722 61.0097 1.6
    endloop
  endfacet
  facet normal -0.402483 0.915427 0
    outer loop
      vertex -47.4207 56.7455 1.6
      vertex -37.722 61.0097 0
      vertex -47.4207 56.7455 0
    endloop
  endfacet
  facet normal 0.514071 -0.857748 0
    outer loop
      vertex -21.5141 29.3601 0
      vertex -20.9206 29.7158 1.6
      vertex -21.5141 29.3601 1.6
    endloop
  endfacet
  facet normal 0.514071 -0.857748 0
    outer loop
      vertex -20.9206 29.7158 1.6
      vertex -21.5141 29.3601 0
      vertex -20.9206 29.7158 0
    endloop
  endfacet
  facet normal 0.998792 -0.0491446 0
    outer loop
      vertex -17.0459 36.1805 1.6
      vertex -17.0119 36.8715 0
      vertex -17.0119 36.8715 1.6
    endloop
  endfacet
  facet normal 0.998792 -0.0491446 0
    outer loop
      vertex -17.0119 36.8715 0
      vertex -17.0459 36.1805 1.6
      vertex -17.0459 36.1805 0
    endloop
  endfacet
  facet normal -0.970068 0.242835 0
    outer loop
      vertex -49.8131 53.8304 0
      vertex -49.7178 54.2111 1.6
      vertex -49.7178 54.2111 0
    endloop
  endfacet
  facet normal -0.970068 0.242835 0
    outer loop
      vertex -49.7178 54.2111 1.6
      vertex -49.8131 53.8304 0
      vertex -49.8131 53.8304 1.6
    endloop
  endfacet
  facet normal -0.989176 0.146733 0
    outer loop
      vertex -49.8707 53.4421 0
      vertex -49.8131 53.8304 1.6
      vertex -49.8131 53.8304 0
    endloop
  endfacet
  facet normal -0.989176 0.146733 0
    outer loop
      vertex -49.8131 53.8304 1.6
      vertex -49.8707 53.4421 0
      vertex -49.8707 53.4421 1.6
    endloop
  endfacet
  facet normal -0.0254694 0.999676 0
    outer loop
      vertex -34.34 61.7 0
      vertex -34.4185 61.698 1.6
      vertex -34.34 61.7 1.6
    endloop
  endfacet
  facet normal -0.0254694 0.999676 0
    outer loop
      vertex -34.4185 61.698 1.6
      vertex -34.34 61.7 0
      vertex -34.4185 61.698 0
    endloop
  endfacet
  facet normal -0.85774 0.514084 0
    outer loop
      vertex -49.4177 54.9356 0
      vertex -49.2159 55.2723 1.6
      vertex -49.2159 55.2723 0
    endloop
  endfacet
  facet normal -0.85774 0.514084 0
    outer loop
      vertex -49.2159 55.2723 1.6
      vertex -49.4177 54.9356 0
      vertex -49.4177 54.9356 1.6
    endloop
  endfacet
  facet normal 0.831658 0.555288 0
    outer loop
      vertex -18.4258 57.7893 1.6
      vertex -18.513 57.9199 0
      vertex -18.513 57.9199 1.6
    endloop
  endfacet
  facet normal 0.831658 0.555288 0
    outer loop
      vertex -18.513 57.9199 0
      vertex -18.4258 57.7893 1.6
      vertex -18.4258 57.7893 0
    endloop
  endfacet
  facet normal 0.740946 -0.671564 0
    outer loop
      vertex -19.4894 30.8904 1.6
      vertex -19.0248 31.403 0
      vertex -19.0248 31.403 1.6
    endloop
  endfacet
  facet normal 0.740946 -0.671564 0
    outer loop
      vertex -19.0248 31.403 0
      vertex -19.4894 30.8904 1.6
      vertex -19.4894 30.8904 0
    endloop
  endfacet
  facet normal 0.941532 0.336922 0
    outer loop
      vertex -17.4071 55.6355 1.6
      vertex -17.6402 56.2869 0
      vertex -17.6402 56.2869 1.6
    endloop
  endfacet
  facet normal 0.941532 0.336922 0
    outer loop
      vertex -17.6402 56.2869 0
      vertex -17.4071 55.6355 1.6
      vertex -17.4071 55.6355 0
    endloop
  endfacet
  facet normal 0.671564 0.740946 -0
    outer loop
      vertex -19.6004 59.2206 0
      vertex -20.113 59.6852 1.6
      vertex -19.6004 59.2206 1.6
    endloop
  endfacet
  facet normal 0.671564 0.740946 0
    outer loop
      vertex -20.113 59.6852 1.6
      vertex -19.6004 59.2206 0
      vertex -20.113 59.6852 0
    endloop
  endfacet
  facet normal -0.514084 -0.85774 0
    outer loop
      vertex -48.1123 33.6241 0
      vertex -47.7756 33.4223 1.6
      vertex -48.1123 33.6241 1.6
    endloop
  endfacet
  facet normal -0.514084 -0.85774 -0
    outer loop
      vertex -47.7756 33.4223 1.6
      vertex -48.1123 33.6241 0
      vertex -47.7756 33.4223 0
    endloop
  endfacet
  facet normal 0.555582 -0.831462 0
    outer loop
      vertex -20.9206 29.7158 0
      vertex -20.7901 29.803 1.6
      vertex -20.9206 29.7158 1.6
    endloop
  endfacet
  facet normal 0.555582 -0.831462 0
    outer loop
      vertex -20.7901 29.803 1.6
      vertex -20.9206 29.7158 0
      vertex -20.7901 29.803 0
    endloop
  endfacet
  facet normal -0.336922 -0.941532 0
    outer loop
      vertex -37.5769 28.9302 0
      vertex -36.9255 28.6971 1.6
      vertex -37.5769 28.9302 1.6
    endloop
  endfacet
  facet normal -0.336922 -0.941532 -0
    outer loop
      vertex -36.9255 28.6971 1.6
      vertex -37.5769 28.9302 0
      vertex -36.9255 28.6971 0
    endloop
  endfacet
  facet normal 0.427564 -0.903985 0
    outer loop
      vertex -22.278 28.9903 0
      vertex -21.6526 29.2861 1.6
      vertex -22.278 28.9903 1.6
    endloop
  endfacet
  facet normal 0.427564 -0.903985 0
    outer loop
      vertex -21.6526 29.2861 1.6
      vertex -22.278 28.9903 0
      vertex -21.6526 29.2861 0
    endloop
  endfacet
  facet normal -0.42744 -0.904044 0
    outer loop
      vertex -47.7756 33.4223 0
      vertex -47.4207 33.2545 1.6
      vertex -47.7756 33.4223 1.6
    endloop
  endfacet
  facet normal -0.42744 -0.904044 -0
    outer loop
      vertex -47.4207 33.2545 1.6
      vertex -47.7756 33.4223 0
      vertex -47.4207 33.2545 0
    endloop
  endfacet
  facet normal -0.146722 -0.989178 0
    outer loop
      vertex -35.9501 28.4528 0
      vertex -35.2658 28.3513 1.6
      vertex -35.9501 28.4528 1.6
    endloop
  endfacet
  facet normal -0.146722 -0.989178 -0
    outer loop
      vertex -35.2658 28.3513 1.6
      vertex -35.9501 28.4528 0
      vertex -35.2658 28.3513 0
    endloop
  endfacet
  facet normal 0.243114 0.969998 -0
    outer loop
      vertex -23.2247 61.3484 0
      vertex -23.8958 61.5166 1.6
      vertex -23.2247 61.3484 1.6
    endloop
  endfacet
  facet normal 0.243114 0.969998 0
    outer loop
      vertex -23.8958 61.5166 1.6
      vertex -23.2247 61.3484 0
      vertex -23.8958 61.5166 0
    endloop
  endfacet
  facet normal -0.402483 -0.915427 0
    outer loop
      vertex -47.4207 33.2545 0
      vertex -37.722 28.9903 1.6
      vertex -47.4207 33.2545 1.6
    endloop
  endfacet
  facet normal -0.402483 -0.915427 -0
    outer loop
      vertex -37.722 28.9903 1.6
      vertex -47.4207 33.2545 0
      vertex -37.722 28.9903 0
    endloop
  endfacet
  facet normal 0.903985 0.427564 0
    outer loop
      vertex -17.7003 56.432 1.6
      vertex -17.9961 57.0574 0
      vertex -17.9961 57.0574 1.6
    endloop
  endfacet
  facet normal 0.903985 0.427564 0
    outer loop
      vertex -17.9961 57.0574 0
      vertex -17.7003 56.432 1.6
      vertex -17.7003 56.432 0
    endloop
  endfacet
  facet normal 0.995181 0.0980537 0
    outer loop
      vertex -17.0459 53.8195 1.6
      vertex -17.0613 53.9758 0
      vertex -17.0613 53.9758 1.6
    endloop
  endfacet
  facet normal 0.995181 0.0980537 0
    outer loop
      vertex -17.0613 53.9758 0
      vertex -17.0459 53.8195 1.6
      vertex -17.0459 53.8195 0
    endloop
  endfacet
  facet normal 0.998792 0.0491446 0
    outer loop
      vertex -17.0119 53.1285 1.6
      vertex -17.0459 53.8195 0
      vertex -17.0459 53.8195 1.6
    endloop
  endfacet
  facet normal 0.998792 0.0491446 0
    outer loop
      vertex -17.0459 53.8195 0
      vertex -17.0119 53.1285 1.6
      vertex -17.0119 53.1285 0
    endloop
  endfacet
  facet normal -0.904044 -0.42744 0
    outer loop
      vertex -49.4177 35.0644 0
      vertex -49.5855 35.4193 1.6
      vertex -49.5855 35.4193 0
    endloop
  endfacet
  facet normal -0.904044 -0.42744 0
    outer loop
      vertex -49.5855 35.4193 1.6
      vertex -49.4177 35.0644 0
      vertex -49.4177 35.0644 1.6
    endloop
  endfacet
  facet normal 0.146722 0.989178 -0
    outer loop
      vertex -24.0499 61.5472 0
      vertex -24.7342 61.6487 1.6
      vertex -24.0499 61.5472 1.6
    endloop
  endfacet
  facet normal 0.146722 0.989178 0
    outer loop
      vertex -24.7342 61.6487 1.6
      vertex -24.0499 61.5472 0
      vertex -24.7342 61.6487 0
    endloop
  endfacet
  facet normal -0.243114 0.969998 0
    outer loop
      vertex -36.1042 61.5166 0
      vertex -36.7753 61.3484 1.6
      vertex -36.1042 61.5166 1.6
    endloop
  endfacet
  facet normal -0.243114 0.969998 0
    outer loop
      vertex -36.7753 61.3484 1.6
      vertex -36.1042 61.5166 0
      vertex -36.7753 61.3484 0
    endloop
  endfacet
  facet normal 0.970032 0.242978 0
    outer loop
      vertex -17.1934 54.8141 1.6
      vertex -17.3615 55.4852 0
      vertex -17.3615 55.4852 1.6
    endloop
  endfacet
  facet normal 0.970032 0.242978 0
    outer loop
      vertex -17.3615 55.4852 0
      vertex -17.1934 54.8141 1.6
      vertex -17.1934 54.8141 0
    endloop
  endfacet
  facet normal 0.831658 -0.555288 0
    outer loop
      vertex -18.513 32.0801 1.6
      vertex -18.4258 32.2107 0
      vertex -18.4258 32.2107 1.6
    endloop
  endfacet
  facet normal 0.831658 -0.555288 0
    outer loop
      vertex -18.4258 32.2107 0
      vertex -18.513 32.0801 1.6
      vertex -18.513 32.0801 0
    endloop
  endfacet
  facet normal -0.740908 -0.671607 0
    outer loop
      vertex -48.7184 34.1216 0
      vertex -48.982 34.4124 1.6
      vertex -48.982 34.4124 0
    endloop
  endfacet
  facet normal -0.740908 -0.671607 0
    outer loop
      vertex -48.982 34.4124 1.6
      vertex -48.7184 34.1216 0
      vertex -48.7184 34.1216 1.6
    endloop
  endfacet
  facet normal 0.514071 0.857748 -0
    outer loop
      vertex -20.9206 60.2842 0
      vertex -21.5141 60.6399 1.6
      vertex -20.9206 60.2842 1.6
    endloop
  endfacet
  facet normal 0.514071 0.857748 0
    outer loop
      vertex -21.5141 60.6399 1.6
      vertex -20.9206 60.2842 0
      vertex -21.5141 60.6399 0
    endloop
  endfacet
  facet normal 0.0980537 -0.995181 0
    outer loop
      vertex -24.8905 28.3359 0
      vertex -24.7342 28.3513 1.6
      vertex -24.8905 28.3359 1.6
    endloop
  endfacet
  facet normal 0.0980537 -0.995181 0
    outer loop
      vertex -24.7342 28.3513 1.6
      vertex -24.8905 28.3359 0
      vertex -24.7342 28.3513 0
    endloop
  endfacet
  facet normal 0.471249 0.882 -0
    outer loop
      vertex -21.5141 60.6399 0
      vertex -21.6526 60.7139 1.6
      vertex -21.5141 60.6399 1.6
    endloop
  endfacet
  facet normal 0.471249 0.882 0
    outer loop
      vertex -21.6526 60.7139 1.6
      vertex -21.5141 60.6399 0
      vertex -21.6526 60.7139 0
    endloop
  endfacet
  facet normal -0.740908 0.671607 0
    outer loop
      vertex -48.982 55.5876 0
      vertex -48.7184 55.8784 1.6
      vertex -48.7184 55.8784 0
    endloop
  endfacet
  facet normal -0.740908 0.671607 0
    outer loop
      vertex -48.7184 55.8784 1.6
      vertex -48.982 55.5876 0
      vertex -48.982 55.5876 1.6
    endloop
  endfacet
  facet normal 0.803163 0.59576 0
    outer loop
      vertex -18.513 57.9199 1.6
      vertex -18.9252 58.4756 0
      vertex -18.9252 58.4756 1.6
    endloop
  endfacet
  facet normal 0.803163 0.59576 0
    outer loop
      vertex -18.9252 58.4756 0
      vertex -18.513 57.9199 1.6
      vertex -18.513 57.9199 0
    endloop
  endfacet
  facet normal 0.0490004 0.998799 -0
    outer loop
      vertex -24.8905 61.6641 0
      vertex -25.5815 61.698 1.6
      vertex -24.8905 61.6641 1.6
    endloop
  endfacet
  facet normal 0.0490004 0.998799 0
    outer loop
      vertex -25.5815 61.698 1.6
      vertex -24.8905 61.6641 0
      vertex -25.5815 61.698 0
    endloop
  endfacet
  facet normal 0.0254694 0.999676 -0
    outer loop
      vertex -25.5815 61.698 0
      vertex -25.66 61.7 1.6
      vertex -25.5815 61.698 1.6
    endloop
  endfacet
  facet normal 0.0254694 0.999676 0
    outer loop
      vertex -25.66 61.7 1.6
      vertex -25.5815 61.698 0
      vertex -25.66 61.7 0
    endloop
  endfacet
  facet normal 0.471249 -0.882 0
    outer loop
      vertex -21.6526 29.2861 0
      vertex -21.5141 29.3601 1.6
      vertex -21.6526 29.2861 1.6
    endloop
  endfacet
  facet normal 0.471249 -0.882 0
    outer loop
      vertex -21.5141 29.3601 1.6
      vertex -21.6526 29.2861 0
      vertex -21.5141 29.3601 0
    endloop
  endfacet
  facet normal -0.671607 -0.740908 0
    outer loop
      vertex -48.7184 34.1216 0
      vertex -48.4276 33.858 1.6
      vertex -48.7184 34.1216 1.6
    endloop
  endfacet
  facet normal -0.671607 -0.740908 -0
    outer loop
      vertex -48.4276 33.858 1.6
      vertex -48.7184 34.1216 0
      vertex -48.4276 33.858 0
    endloop
  endfacet
  facet normal -0.243114 -0.969998 0
    outer loop
      vertex -36.7753 28.6516 0
      vertex -36.1042 28.4834 1.6
      vertex -36.7753 28.6516 1.6
    endloop
  endfacet
  facet normal -0.243114 -0.969998 -0
    outer loop
      vertex -36.1042 28.4834 1.6
      vertex -36.7753 28.6516 0
      vertex -36.1042 28.4834 0
    endloop
  endfacet
  facet normal -0.803137 -0.595794 0
    outer loop
      vertex -48.982 34.4124 0
      vertex -49.2159 34.7277 1.6
      vertex -49.2159 34.7277 0
    endloop
  endfacet
  facet normal -0.803137 -0.595794 0
    outer loop
      vertex -49.2159 34.7277 1.6
      vertex -48.982 34.4124 0
      vertex -48.982 34.4124 1.6
    endloop
  endfacet
  facet normal 0.19477 0.980849 -0
    outer loop
      vertex -23.8958 61.5166 0
      vertex -24.0499 61.5472 1.6
      vertex -23.8958 61.5166 1.6
    endloop
  endfacet
  facet normal 0.19477 0.980849 0
    outer loop
      vertex -24.0499 61.5472 1.6
      vertex -23.8958 61.5166 0
      vertex -24.0499 61.5472 0
    endloop
  endfacet
  facet normal -0.19477 -0.980849 0
    outer loop
      vertex -36.1042 28.4834 0
      vertex -35.9501 28.4528 1.6
      vertex -36.1042 28.4834 1.6
    endloop
  endfacet
  facet normal -0.19477 -0.980849 -0
    outer loop
      vertex -35.9501 28.4528 1.6
      vertex -36.1042 28.4834 0
      vertex -35.9501 28.4528 0
    endloop
  endfacet
  facet normal -0.0490004 -0.998799 0
    outer loop
      vertex -35.1095 28.3359 0
      vertex -34.4185 28.302 1.6
      vertex -35.1095 28.3359 1.6
    endloop
  endfacet
  facet normal -0.0490004 -0.998799 -0
    outer loop
      vertex -34.4185 28.302 1.6
      vertex -35.1095 28.3359 0
      vertex -34.4185 28.302 0
    endloop
  endfacet
  facet normal 0.289919 0.957051 -0
    outer loop
      vertex -23.0745 61.3029 0
      vertex -23.2247 61.3484 1.6
      vertex -23.0745 61.3029 1.6
    endloop
  endfacet
  facet normal 0.289919 0.957051 0
    outer loop
      vertex -23.2247 61.3484 1.6
      vertex -23.0745 61.3029 0
      vertex -23.2247 61.3484 0
    endloop
  endfacet
  facet normal 0.903985 -0.427564 0
    outer loop
      vertex -17.9961 32.9426 1.6
      vertex -17.7003 33.568 0
      vertex -17.7003 33.568 1.6
    endloop
  endfacet
  facet normal 0.903985 -0.427564 0
    outer loop
      vertex -17.7003 33.568 0
      vertex -17.9961 32.9426 1.6
      vertex -17.9961 32.9426 0
    endloop
  endfacet
  facet normal -0.38267 -0.923885 0
    outer loop
      vertex -37.722 28.9903 0
      vertex -37.5769 28.9302 1.6
      vertex -37.722 28.9903 1.6
    endloop
  endfacet
  facet normal -0.38267 -0.923885 -0
    outer loop
      vertex -37.5769 28.9302 1.6
      vertex -37.722 28.9903 0
      vertex -37.5769 28.9302 0
    endloop
  endfacet
  facet normal 0.634658 -0.772793 0
    outer loop
      vertex -20.2344 30.2151 0
      vertex -20.113 30.3148 1.6
      vertex -20.2344 30.2151 1.6
    endloop
  endfacet
  facet normal 0.634658 -0.772793 0
    outer loop
      vertex -20.113 30.3148 1.6
      vertex -20.2344 30.2151 0
      vertex -20.113 30.3148 0
    endloop
  endfacet
  facet normal -0.803137 0.595794 0
    outer loop
      vertex -49.2159 55.2723 0
      vertex -48.982 55.5876 1.6
      vertex -48.982 55.5876 0
    endloop
  endfacet
  facet normal -0.803137 0.595794 0
    outer loop
      vertex -48.982 55.5876 1.6
      vertex -49.2159 55.2723 0
      vertex -49.2159 55.2723 1.6
    endloop
  endfacet
  facet normal -0.336922 0.941532 0
    outer loop
      vertex -36.9255 61.3029 0
      vertex -37.5769 61.0698 1.6
      vertex -36.9255 61.3029 1.6
    endloop
  endfacet
  facet normal -0.336922 0.941532 0
    outer loop
      vertex -37.5769 61.0698 1.6
      vertex -36.9255 61.3029 0
      vertex -37.5769 61.0698 0
    endloop
  endfacet
  facet normal -0.38267 0.923885 0
    outer loop
      vertex -37.5769 61.0698 0
      vertex -37.722 61.0097 1.6
      vertex -37.5769 61.0698 1.6
    endloop
  endfacet
  facet normal -0.38267 0.923885 0
    outer loop
      vertex -37.722 61.0097 1.6
      vertex -37.5769 61.0698 0
      vertex -37.722 61.0097 0
    endloop
  endfacet
  facet normal 0.923885 0.38267 0
    outer loop
      vertex -17.6402 56.2869 1.6
      vertex -17.7003 56.432 0
      vertex -17.7003 56.432 1.6
    endloop
  endfacet
  facet normal 0.923885 0.38267 0
    outer loop
      vertex -17.7003 56.432 0
      vertex -17.6402 56.2869 1.6
      vertex -17.6402 56.2869 0
    endloop
  endfacet
  facet normal -0.146722 0.989178 0
    outer loop
      vertex -35.2658 61.6487 0
      vertex -35.9501 61.5472 1.6
      vertex -35.2658 61.6487 1.6
    endloop
  endfacet
  facet normal -0.146722 0.989178 0
    outer loop
      vertex -35.9501 61.5472 1.6
      vertex -35.2658 61.6487 0
      vertex -35.9501 61.5472 0
    endloop
  endfacet
  facet normal -0.85774 -0.514084 0
    outer loop
      vertex -49.2159 34.7277 0
      vertex -49.4177 35.0644 1.6
      vertex -49.4177 35.0644 0
    endloop
  endfacet
  facet normal -0.85774 -0.514084 0
    outer loop
      vertex -49.4177 35.0644 1.6
      vertex -49.2159 34.7277 0
      vertex -49.2159 34.7277 1.6
    endloop
  endfacet
  facet normal 0.336922 0.941532 -0
    outer loop
      vertex -22.4231 61.0698 0
      vertex -23.0745 61.3029 1.6
      vertex -22.4231 61.0698 1.6
    endloop
  endfacet
  facet normal 0.336922 0.941532 0
    outer loop
      vertex -23.0745 61.3029 1.6
      vertex -22.4231 61.0698 0
      vertex -23.0745 61.3029 0
    endloop
  endfacet
  facet normal 0.595666 0.803232 -0
    outer loop
      vertex -20.2344 59.7849 0
      vertex -20.7901 60.197 1.6
      vertex -20.2344 59.7849 1.6
    endloop
  endfacet
  facet normal 0.595666 0.803232 0
    outer loop
      vertex -20.7901 60.197 1.6
      vertex -20.2344 59.7849 0
      vertex -20.7901 60.197 0
    endloop
  endfacet
  facet normal 0.19477 -0.980849 0
    outer loop
      vertex -24.0499 28.4528 0
      vertex -23.8958 28.4834 1.6
      vertex -24.0499 28.4528 1.6
    endloop
  endfacet
  facet normal 0.19477 -0.980849 0
    outer loop
      vertex -23.8958 28.4834 1.6
      vertex -24.0499 28.4528 0
      vertex -23.8958 28.4834 0
    endloop
  endfacet
  facet normal 0.243114 -0.969998 0
    outer loop
      vertex -23.8958 28.4834 0
      vertex -23.2247 28.6516 1.6
      vertex -23.8958 28.4834 1.6
    endloop
  endfacet
  facet normal 0.243114 -0.969998 0
    outer loop
      vertex -23.2247 28.6516 1.6
      vertex -23.8958 28.4834 0
      vertex -23.2247 28.6516 0
    endloop
  endfacet
  facet normal -0.0980537 0.995181 0
    outer loop
      vertex -35.1095 61.6641 0
      vertex -35.2658 61.6487 1.6
      vertex -35.1095 61.6641 1.6
    endloop
  endfacet
  facet normal -0.0980537 0.995181 0
    outer loop
      vertex -35.2658 61.6487 1.6
      vertex -35.1095 61.6641 0
      vertex -35.2658 61.6487 0
    endloop
  endfacet
  facet normal 0.0490004 -0.998799 0
    outer loop
      vertex -25.5815 28.302 0
      vertex -24.8905 28.3359 1.6
      vertex -25.5815 28.302 1.6
    endloop
  endfacet
  facet normal 0.0490004 -0.998799 0
    outer loop
      vertex -24.8905 28.3359 1.6
      vertex -25.5815 28.302 0
      vertex -24.8905 28.3359 0
    endloop
  endfacet
  facet normal 0.0254694 -0.999676 0
    outer loop
      vertex -25.66 28.3 0
      vertex -25.5815 28.302 1.6
      vertex -25.66 28.3 1.6
    endloop
  endfacet
  facet normal 0.0254694 -0.999676 0
    outer loop
      vertex -25.5815 28.302 1.6
      vertex -25.66 28.3 0
      vertex -25.5815 28.302 0
    endloop
  endfacet
  facet normal 0.595666 -0.803232 0
    outer loop
      vertex -20.7901 29.803 0
      vertex -20.2344 30.2151 1.6
      vertex -20.7901 29.803 1.6
    endloop
  endfacet
  facet normal 0.595666 -0.803232 0
    outer loop
      vertex -20.2344 30.2151 1.6
      vertex -20.7901 29.803 0
      vertex -20.2344 30.2151 0
    endloop
  endfacet
  facet normal -0.9415 -0.337014 0
    outer loop
      vertex -49.5855 35.4193 0
      vertex -49.7178 35.7889 1.6
      vertex -49.7178 35.7889 0
    endloop
  endfacet
  facet normal -0.9415 -0.337014 0
    outer loop
      vertex -49.7178 35.7889 1.6
      vertex -49.5855 35.4193 0
      vertex -49.5855 35.4193 1.6
    endloop
  endfacet
  facet normal 0.970032 -0.242978 0
    outer loop
      vertex -17.3615 34.5148 1.6
      vertex -17.1934 35.1859 0
      vertex -17.1934 35.1859 1.6
    endloop
  endfacet
  facet normal 0.970032 -0.242978 0
    outer loop
      vertex -17.1934 35.1859 0
      vertex -17.3615 34.5148 1.6
      vertex -17.3615 34.5148 0
    endloop
  endfacet
  facet normal 0.707107 0.707107 0
    outer loop
      vertex -19.4894 59.1096 1.6
      vertex -19.6004 59.2206 0
      vertex -19.6004 59.2206 1.6
    endloop
  endfacet
  facet normal 0.707107 0.707107 0
    outer loop
      vertex -19.6004 59.2206 0
      vertex -19.4894 59.1096 1.6
      vertex -19.4894 59.1096 0
    endloop
  endfacet
  facet normal 0.773105 0.634278 0
    outer loop
      vertex -18.9252 58.4756 1.6
      vertex -19.0248 58.597 0
      vertex -19.0248 58.597 1.6
    endloop
  endfacet
  facet normal 0.773105 0.634278 0
    outer loop
      vertex -19.0248 58.597 0
      vertex -18.9252 58.4756 1.6
      vertex -18.9252 58.4756 0
    endloop
  endfacet
  facet normal 0.956928 0.290325 0
    outer loop
      vertex -17.3615 55.4852 1.6
      vertex -17.4071 55.6355 0
      vertex -17.4071 55.6355 1.6
    endloop
  endfacet
  facet normal 0.956928 0.290325 0
    outer loop
      vertex -17.4071 55.6355 0
      vertex -17.3615 55.4852 1.6
      vertex -17.3615 55.4852 0
    endloop
  endfacet
  facet normal -0.19477 0.980849 0
    outer loop
      vertex -35.9501 61.5472 0
      vertex -36.1042 61.5166 1.6
      vertex -35.9501 61.5472 1.6
    endloop
  endfacet
  facet normal -0.19477 0.980849 0
    outer loop
      vertex -36.1042 61.5166 1.6
      vertex -35.9501 61.5472 0
      vertex -36.1042 61.5166 0
    endloop
  endfacet
  facet normal 0.85771 0.514134 0
    outer loop
      vertex -18.0701 57.1959 1.6
      vertex -18.4258 57.7893 0
      vertex -18.4258 57.7893 1.6
    endloop
  endfacet
  facet normal 0.85771 0.514134 0
    outer loop
      vertex -18.4258 57.7893 0
      vertex -18.0701 57.1959 1.6
      vertex -18.0701 57.1959 0
    endloop
  endfacet
  facet normal 0.980825 -0.194891 0
    outer loop
      vertex -17.1934 35.1859 1.6
      vertex -17.1628 35.3399 0
      vertex -17.1628 35.3399 1.6
    endloop
  endfacet
  facet normal 0.980825 -0.194891 0
    outer loop
      vertex -17.1628 35.3399 0
      vertex -17.1934 35.1859 1.6
      vertex -17.1934 35.1859 0
    endloop
  endfacet
  facet normal 0.38267 -0.923885 0
    outer loop
      vertex -22.4231 28.9302 0
      vertex -22.278 28.9903 1.6
      vertex -22.4231 28.9302 1.6
    endloop
  endfacet
  facet normal 0.38267 -0.923885 0
    outer loop
      vertex -22.278 28.9903 1.6
      vertex -22.4231 28.9302 0
      vertex -22.278 28.9903 0
    endloop
  endfacet
  facet normal -0.0490004 0.998799 0
    outer loop
      vertex -34.4185 61.698 0
      vertex -35.1095 61.6641 1.6
      vertex -34.4185 61.698 1.6
    endloop
  endfacet
  facet normal -0.0490004 0.998799 0
    outer loop
      vertex -35.1095 61.6641 1.6
      vertex -34.4185 61.698 0
      vertex -35.1095 61.6641 0
    endloop
  endfacet
  facet normal 0.336922 -0.941532 0
    outer loop
      vertex -23.0745 28.6971 0
      vertex -22.4231 28.9302 1.6
      vertex -23.0745 28.6971 1.6
    endloop
  endfacet
  facet normal 0.336922 -0.941532 0
    outer loop
      vertex -22.4231 28.9302 1.6
      vertex -23.0745 28.6971 0
      vertex -22.4231 28.9302 0
    endloop
  endfacet
  facet normal 0.146722 -0.989178 0
    outer loop
      vertex -24.7342 28.3513 0
      vertex -24.0499 28.4528 1.6
      vertex -24.7342 28.3513 1.6
    endloop
  endfacet
  facet normal 0.146722 -0.989178 0
    outer loop
      vertex -24.0499 28.4528 1.6
      vertex -24.7342 28.3513 0
      vertex -24.0499 28.4528 0
    endloop
  endfacet
  facet normal -0.671607 0.740908 0
    outer loop
      vertex -48.4276 56.142 0
      vertex -48.7184 55.8784 1.6
      vertex -48.4276 56.142 1.6
    endloop
  endfacet
  facet normal -0.671607 0.740908 0
    outer loop
      vertex -48.7184 55.8784 1.6
      vertex -48.4276 56.142 0
      vertex -48.7184 55.8784 0
    endloop
  endfacet
  facet normal 0.289919 -0.957051 0
    outer loop
      vertex -23.2247 28.6516 0
      vertex -23.0745 28.6971 1.6
      vertex -23.2247 28.6516 1.6
    endloop
  endfacet
  facet normal 0.289919 -0.957051 0
    outer loop
      vertex -23.0745 28.6971 1.6
      vertex -23.2247 28.6516 0
      vertex -23.0745 28.6971 0
    endloop
  endfacet
  facet normal 0 0 1
    outer loop
      vertex -34.34 61.7 1.6
      vertex -44.3589 52.5855 1.6
      vertex -17.0119 53.1285 1.6
    endloop
  endfacet
  facet normal 0 0 1
    outer loop
      vertex -17.0119 36.8715 1.6
      vertex -44.2977 37.1068 1.6
      vertex -44.29 36.95 1.6
    endloop
  endfacet
  facet normal 0 0 1
    outer loop
      vertex -44.4118 52.4377 1.6
      vertex -17.0119 53.1285 1.6
      vertex -44.3589 52.5855 1.6
    endloop
  endfacet
  facet normal 0 0 1
    outer loop
      vertex -17.0119 36.8715 1.6
      vertex -44.3207 37.2621 1.6
      vertex -44.2977 37.1068 1.6
    endloop
  endfacet
  facet normal 0 0 1
    outer loop
      vertex -44.4789 52.2958 1.6
      vertex -17.0119 53.1285 1.6
      vertex -44.4118 52.4377 1.6
    endloop
  endfacet
  facet normal 0 0 1
    outer loop
      vertex -17.0119 36.8715 1.6
      vertex -44.3589 37.4145 1.6
      vertex -44.3207 37.2621 1.6
    endloop
  endfacet
  facet normal 0 0 1
    outer loop
      vertex -17.0119 53.1285 1.6
      vertex -44.4789 52.2958 1.6
      vertex -17.0119 36.8715 1.6
    endloop
  endfacet
  facet normal 0 0 1
    outer loop
      vertex -17.0119 36.8715 1.6
      vertex -44.4118 37.5623 1.6
      vertex -44.3589 37.4145 1.6
    endloop
  endfacet
  facet normal -0 0 1
    outer loop
      vertex -44.4789 37.7042 1.6
      vertex -17.0119 36.8715 1.6
      vertex -44.4789 52.2958 1.6
    endloop
  endfacet
  facet normal 0 0 1
    outer loop
      vertex -17.0119 36.8715 1.6
      vertex -44.4789 37.7042 1.6
      vertex -44.4118 37.5623 1.6
    endloop
  endfacet
  facet normal -0 0 1
    outer loop
      vertex -44.5596 52.1611 1.6
      vertex -44.4789 37.7042 1.6
      vertex -44.4789 52.2958 1.6
    endloop
  endfacet
  facet normal 0 0 1
    outer loop
      vertex -44.5596 52.1611 1.6
      vertex -44.5596 37.8389 1.6
      vertex -44.4789 37.7042 1.6
    endloop
  endfacet
  facet normal -0 0 1
    outer loop
      vertex -44.6532 52.035 1.6
      vertex -44.5596 37.8389 1.6
      vertex -44.5596 52.1611 1.6
    endloop
  endfacet
  facet normal 0 0 1
    outer loop
      vertex -44.6532 52.035 1.6
      vertex -44.6532 37.965 1.6
      vertex -44.5596 37.8389 1.6
    endloop
  endfacet
  facet normal -0 0 1
    outer loop
      vertex -44.7586 51.9186 1.6
      vertex -44.6532 37.965 1.6
      vertex -44.6532 52.035 1.6
    endloop
  endfacet
  facet normal 0 0 1
    outer loop
      vertex -44.7586 51.9186 1.6
      vertex -44.7586 38.0814 1.6
      vertex -44.6532 37.965 1.6
    endloop
  endfacet
  facet normal -0 0 1
    outer loop
      vertex -44.875 51.8132 1.6
      vertex -44.7586 38.0814 1.6
      vertex -44.7586 51.9186 1.6
    endloop
  endfacet
  facet normal 0 0 1
    outer loop
      vertex -44.875 51.8132 1.6
      vertex -44.875 38.1868 1.6
      vertex -44.7586 38.0814 1.6
    endloop
  endfacet
  facet normal -0 0 1
    outer loop
      vertex -45.0011 51.7197 1.6
      vertex -44.875 38.1868 1.6
      vertex -44.875 51.8132 1.6
    endloop
  endfacet
  facet normal 0 0 1
    outer loop
      vertex -45.0011 51.7197 1.6
      vertex -45.0011 38.2803 1.6
      vertex -44.875 38.1868 1.6
    endloop
  endfacet
  facet normal -0 0 1
    outer loop
      vertex -45.1358 51.6389 1.6
      vertex -45.0011 38.2803 1.6
      vertex -45.0011 51.7197 1.6
    endloop
  endfacet
  facet normal 0 0 1
    outer loop
      vertex -45.1358 51.6389 1.6
      vertex -45.1358 38.3611 1.6
      vertex -45.0011 38.2803 1.6
    endloop
  endfacet
  facet normal -0 0 1
    outer loop
      vertex -45.2777 51.5718 1.6
      vertex -45.1358 38.3611 1.6
      vertex -45.1358 51.6389 1.6
    endloop
  endfacet
  facet normal 0 0 1
    outer loop
      vertex -45.2777 51.5718 1.6
      vertex -45.2777 38.4282 1.6
      vertex -45.1358 38.3611 1.6
    endloop
  endfacet
  facet normal -0 0 1
    outer loop
      vertex -45.4255 51.5189 1.6
      vertex -45.2777 38.4282 1.6
      vertex -45.2777 51.5718 1.6
    endloop
  endfacet
  facet normal 0 0 1
    outer loop
      vertex -45.4255 51.5189 1.6
      vertex -45.4255 38.4811 1.6
      vertex -45.2777 38.4282 1.6
    endloop
  endfacet
  facet normal -0 0 1
    outer loop
      vertex -45.5779 51.4807 1.6
      vertex -45.4255 38.4811 1.6
      vertex -45.4255 51.5189 1.6
    endloop
  endfacet
  facet normal 0 0 1
    outer loop
      vertex -45.5779 51.4807 1.6
      vertex -45.5779 38.5193 1.6
      vertex -45.4255 38.4811 1.6
    endloop
  endfacet
  facet normal -0 0 1
    outer loop
      vertex -45.7332 51.4577 1.6
      vertex -45.5779 38.5193 1.6
      vertex -45.5779 51.4807 1.6
    endloop
  endfacet
  facet normal 0 0 1
    outer loop
      vertex -45.7332 51.4577 1.6
      vertex -45.7332 38.5423 1.6
      vertex -45.5779 38.5193 1.6
    endloop
  endfacet
  facet normal -0 0 1
    outer loop
      vertex -45.89 51.45 1.6
      vertex -45.7332 38.5423 1.6
      vertex -45.7332 51.4577 1.6
    endloop
  endfacet
  facet normal 0 0 1
    outer loop
      vertex -45.89 51.45 1.6
      vertex -45.89 38.55 1.6
      vertex -45.7332 38.5423 1.6
    endloop
  endfacet
  facet normal 0 0 1
    outer loop
      vertex -46.0468 51.4577 1.6
      vertex -45.89 38.55 1.6
      vertex -45.89 51.45 1.6
    endloop
  endfacet
  facet normal 0 0 1
    outer loop
      vertex -46.0468 51.4577 1.6
      vertex -46.0468 38.5423 1.6
      vertex -45.89 38.55 1.6
    endloop
  endfacet
  facet normal 0 0 1
    outer loop
      vertex -46.2021 51.4807 1.6
      vertex -46.0468 38.5423 1.6
      vertex -46.0468 51.4577 1.6
    endloop
  endfacet
  facet normal 0 0 1
    outer loop
      vertex -46.2021 51.4807 1.6
      vertex -46.2021 38.5193 1.6
      vertex -46.0468 38.5423 1.6
    endloop
  endfacet
  facet normal 0 0 1
    outer loop
      vertex -46.3545 51.5189 1.6
      vertex -46.2021 38.5193 1.6
      vertex -46.2021 51.4807 1.6
    endloop
  endfacet
  facet normal 0 0 1
    outer loop
      vertex -46.3545 51.5189 1.6
      vertex -46.3545 38.4811 1.6
      vertex -46.2021 38.5193 1.6
    endloop
  endfacet
  facet normal 0 0 1
    outer loop
      vertex -46.5023 51.5718 1.6
      vertex -46.3545 38.4811 1.6
      vertex -46.3545 51.5189 1.6
    endloop
  endfacet
  facet normal 0 0 1
    outer loop
      vertex -46.5023 51.5718 1.6
      vertex -46.5023 38.4282 1.6
      vertex -46.3545 38.4811 1.6
    endloop
  endfacet
  facet normal 0 0 1
    outer loop
      vertex -46.6442 51.6389 1.6
      vertex -46.5023 38.4282 1.6
      vertex -46.5023 51.5718 1.6
    endloop
  endfacet
  facet normal 0 0 1
    outer loop
      vertex -46.6442 51.6389 1.6
      vertex -46.6442 38.3611 1.6
      vertex -46.5023 38.4282 1.6
    endloop
  endfacet
  facet normal 0 0 1
    outer loop
      vertex -46.7789 51.7197 1.6
      vertex -46.6442 38.3611 1.6
      vertex -46.6442 51.6389 1.6
    endloop
  endfacet
  facet normal 0 0 1
    outer loop
      vertex -46.7789 51.7197 1.6
      vertex -46.7789 38.2803 1.6
      vertex -46.6442 38.3611 1.6
    endloop
  endfacet
  facet normal 0 0 1
    outer loop
      vertex -49.89 53.05 1.6
      vertex -46.7789 51.7197 1.6
      vertex -46.905 51.8132 1.6
    endloop
  endfacet
  facet normal 0 0 1
    outer loop
      vertex -46.7789 51.7197 1.6
      vertex -49.89 53.05 1.6
      vertex -46.7789 38.2803 1.6
    endloop
  endfacet
  facet normal 0 0 1
    outer loop
      vertex -49.89 53.05 1.6
      vertex -46.905 51.8132 1.6
      vertex -47.0214 51.9186 1.6
    endloop
  endfacet
  facet normal 0 0 1
    outer loop
      vertex -49.89 36.95 1.6
      vertex -46.7789 38.2803 1.6
      vertex -49.89 53.05 1.6
    endloop
  endfacet
  facet normal 0 0 1
    outer loop
      vertex -49.89 53.05 1.6
      vertex -47.0214 51.9186 1.6
      vertex -47.1268 52.035 1.6
    endloop
  endfacet
  facet normal 0 0 1
    outer loop
      vertex -46.7789 38.2803 1.6
      vertex -49.89 36.95 1.6
      vertex -46.905 38.1868 1.6
    endloop
  endfacet
  facet normal 0 0 1
    outer loop
      vertex -49.89 53.05 1.6
      vertex -47.1268 52.035 1.6
      vertex -47.2204 52.1611 1.6
    endloop
  endfacet
  facet normal 0 0 1
    outer loop
      vertex -46.905 38.1868 1.6
      vertex -49.89 36.95 1.6
      vertex -47.0214 38.0814 1.6
    endloop
  endfacet
  facet normal 0 0 1
    outer loop
      vertex -49.89 53.05 1.6
      vertex -47.2204 52.1611 1.6
      vertex -47.3011 52.2958 1.6
    endloop
  endfacet
  facet normal 0 0 1
    outer loop
      vertex -47.0214 38.0814 1.6
      vertex -49.89 36.95 1.6
      vertex -47.1268 37.965 1.6
    endloop
  endfacet
  facet normal 0 0 1
    outer loop
      vertex -49.89 53.05 1.6
      vertex -47.3011 52.2958 1.6
      vertex -47.3682 52.4377 1.6
    endloop
  endfacet
  facet normal 0 0 1
    outer loop
      vertex -47.1268 37.965 1.6
      vertex -49.89 36.95 1.6
      vertex -47.2204 37.8389 1.6
    endloop
  endfacet
  facet normal 0 0 1
    outer loop
      vertex -49.89 53.05 1.6
      vertex -47.3682 52.4377 1.6
      vertex -47.4211 52.5855 1.6
    endloop
  endfacet
  facet normal 0 0 1
    outer loop
      vertex -47.2204 37.8389 1.6
      vertex -49.89 36.95 1.6
      vertex -47.3011 37.7042 1.6
    endloop
  endfacet
  facet normal 0 0 1
    outer loop
      vertex -49.89 53.05 1.6
      vertex -47.4211 52.5855 1.6
      vertex -47.4593 52.7379 1.6
    endloop
  endfacet
  facet normal 0 0 1
    outer loop
      vertex -47.3011 37.7042 1.6
      vertex -49.89 36.95 1.6
      vertex -47.3682 37.5623 1.6
    endloop
  endfacet
  facet normal 0 0 1
    outer loop
      vertex -49.89 53.05 1.6
      vertex -47.4593 52.7379 1.6
      vertex -47.4823 52.8932 1.6
    endloop
  endfacet
  facet normal 0 0 1
    outer loop
      vertex -47.3682 37.5623 1.6
      vertex -49.89 36.95 1.6
      vertex -47.4211 37.4145 1.6
    endloop
  endfacet
  facet normal -0 0 1
    outer loop
      vertex -49.89 53.05 1.6
      vertex -47.4823 52.8932 1.6
      vertex -47.49 53.05 1.6
    endloop
  endfacet
  facet normal 0 0 1
    outer loop
      vertex -47.4211 37.4145 1.6
      vertex -49.89 36.95 1.6
      vertex -47.4593 37.2621 1.6
    endloop
  endfacet
  facet normal 0 0 1
    outer loop
      vertex -25.5815 61.698 1.6
      vertex -17.0119 53.1285 1.6
      vertex -17.0459 53.8195 1.6
    endloop
  endfacet
  facet normal 0 0 1
    outer loop
      vertex -44.3207 52.7379 1.6
      vertex -34.34 61.7 1.6
      vertex -44.2977 52.8932 1.6
    endloop
  endfacet
  facet normal 0 0 1
    outer loop
      vertex -25.5815 61.698 1.6
      vertex -17.0459 53.8195 1.6
      vertex -17.0613 53.9758 1.6
    endloop
  endfacet
  facet normal 0 0 1
    outer loop
      vertex -44.3589 52.5855 1.6
      vertex -34.34 61.7 1.6
      vertex -44.3207 52.7379 1.6
    endloop
  endfacet
  facet normal 0 0 1
    outer loop
      vertex -25.5815 61.698 1.6
      vertex -17.0613 53.9758 1.6
      vertex -17.1628 54.6601 1.6
    endloop
  endfacet
  facet normal 0 -0 1
    outer loop
      vertex -34.34 28.3 1.6
      vertex -17.0119 36.8715 1.6
      vertex -44.29 36.95 1.6
    endloop
  endfacet
  facet normal 0 0 1
    outer loop
      vertex -25.5815 61.698 1.6
      vertex -17.1628 54.6601 1.6
      vertex -17.1934 54.8141 1.6
    endloop
  endfacet
  facet normal 0 -0 1
    outer loop
      vertex -25.66 28.3 1.6
      vertex -17.0119 36.8715 1.6
      vertex -34.34 28.3 1.6
    endloop
  endfacet
  facet normal 0 0 1
    outer loop
      vertex -25.5815 61.698 1.6
      vertex -17.1934 54.8141 1.6
      vertex -17.3615 55.4852 1.6
    endloop
  endfacet
  facet normal 0 -0 1
    outer loop
      vertex -25.5815 28.302 1.6
      vertex -17.0119 36.8715 1.6
      vertex -25.66 28.3 1.6
    endloop
  endfacet
  facet normal 0 0 1
    outer loop
      vertex -25.5815 61.698 1.6
      vertex -17.3615 55.4852 1.6
      vertex -17.4071 55.6355 1.6
    endloop
  endfacet
  facet normal 0 0 1
    outer loop
      vertex -17.0119 36.8715 1.6
      vertex -25.5815 28.302 1.6
      vertex -17.0459 36.1805 1.6
    endloop
  endfacet
  facet normal 0 0 1
    outer loop
      vertex -25.5815 61.698 1.6
      vertex -17.4071 55.6355 1.6
      vertex -17.6402 56.2869 1.6
    endloop
  endfacet
  facet normal 0 0 1
    outer loop
      vertex -17.0459 36.1805 1.6
      vertex -25.5815 28.302 1.6
      vertex -17.0613 36.0242 1.6
    endloop
  endfacet
  facet normal 0 0 1
    outer loop
      vertex -25.5815 61.698 1.6
      vertex -17.6402 56.2869 1.6
      vertex -17.7003 56.432 1.6
    endloop
  endfacet
  facet normal 0 0 1
    outer loop
      vertex -17.0613 36.0242 1.6
      vertex -25.5815 28.302 1.6
      vertex -17.1628 35.3399 1.6
    endloop
  endfacet
  facet normal 0 0 1
    outer loop
      vertex -25.5815 61.698 1.6
      vertex -17.7003 56.432 1.6
      vertex -17.9961 57.0574 1.6
    endloop
  endfacet
  facet normal 0 0 1
    outer loop
      vertex -17.1628 35.3399 1.6
      vertex -25.5815 28.302 1.6
      vertex -17.1934 35.1859 1.6
    endloop
  endfacet
  facet normal 0 0 1
    outer loop
      vertex -25.5815 61.698 1.6
      vertex -17.9961 57.0574 1.6
      vertex -18.0701 57.1959 1.6
    endloop
  endfacet
  facet normal 0 0 1
    outer loop
      vertex -17.3615 34.5148 1.6
      vertex -25.5815 28.302 1.6
      vertex -17.4071 34.3645 1.6
    endloop
  endfacet
  facet normal 0 0 1
    outer loop
      vertex -25.5815 61.698 1.6
      vertex -18.0701 57.1959 1.6
      vertex -18.4258 57.7893 1.6
    endloop
  endfacet
  facet normal 0 0 1
    outer loop
      vertex -17.4071 34.3645 1.6
      vertex -25.5815 28.302 1.6
      vertex -17.6402 33.7131 1.6
    endloop
  endfacet
  facet normal 0 0 1
    outer loop
      vertex -25.5815 61.698 1.6
      vertex -18.4258 57.7893 1.6
      vertex -18.513 57.9199 1.6
    endloop
  endfacet
  facet normal 0 0 1
    outer loop
      vertex -17.6402 33.7131 1.6
      vertex -25.5815 28.302 1.6
      vertex -17.7003 33.568 1.6
    endloop
  endfacet
  facet normal 0 0 1
    outer loop
      vertex -25.5815 61.698 1.6
      vertex -18.513 57.9199 1.6
      vertex -18.9252 58.4756 1.6
    endloop
  endfacet
  facet normal 0 0 1
    outer loop
      vertex -17.7003 33.568 1.6
      vertex -25.5815 28.302 1.6
      vertex -17.9961 32.9426 1.6
    endloop
  endfacet
  facet normal 0 0 1
    outer loop
      vertex -25.5815 61.698 1.6
      vertex -18.9252 58.4756 1.6
      vertex -19.0248 58.597 1.6
    endloop
  endfacet
  facet normal 0 0 1
    outer loop
      vertex -17.0119 53.1285 1.6
      vertex -25.66 61.7 1.6
      vertex -34.34 61.7 1.6
    endloop
  endfacet
  facet normal 0 0 1
    outer loop
      vertex -25.5815 61.698 1.6
      vertex -19.0248 58.597 1.6
      vertex -19.4894 59.1096 1.6
    endloop
  endfacet
  facet normal 0 0 1
    outer loop
      vertex -17.9961 32.9426 1.6
      vertex -25.5815 28.302 1.6
      vertex -18.0701 32.8041 1.6
    endloop
  endfacet
  facet normal 0 0 1
    outer loop
      vertex -25.5815 61.698 1.6
      vertex -19.4894 59.1096 1.6
      vertex -19.6004 59.2206 1.6
    endloop
  endfacet
  facet normal 0 0 1
    outer loop
      vertex -18.0701 32.8041 1.6
      vertex -25.5815 28.302 1.6
      vertex -18.4258 32.2107 1.6
    endloop
  endfacet
  facet normal 0 0 1
    outer loop
      vertex -25.5815 61.698 1.6
      vertex -19.6004 59.2206 1.6
      vertex -20.113 59.6852 1.6
    endloop
  endfacet
  facet normal 0 0 1
    outer loop
      vertex -18.9252 31.5244 1.6
      vertex -25.5815 28.302 1.6
      vertex -19.0248 31.403 1.6
    endloop
  endfacet
  facet normal 0 0 1
    outer loop
      vertex -25.5815 61.698 1.6
      vertex -20.113 59.6852 1.6
      vertex -20.2344 59.7849 1.6
    endloop
  endfacet
  facet normal 0 0 1
    outer loop
      vertex -19.0248 31.403 1.6
      vertex -25.5815 28.302 1.6
      vertex -19.4894 30.8904 1.6
    endloop
  endfacet
  facet normal 0 0 1
    outer loop
      vertex -25.5815 61.698 1.6
      vertex -20.2344 59.7849 1.6
      vertex -20.7901 60.197 1.6
    endloop
  endfacet
  facet normal 0 0 1
    outer loop
      vertex -19.4894 30.8904 1.6
      vertex -25.5815 28.302 1.6
      vertex -19.6004 30.7794 1.6
    endloop
  endfacet
  facet normal 0 0 1
    outer loop
      vertex -25.5815 61.698 1.6
      vertex -20.7901 60.197 1.6
      vertex -20.9206 60.2842 1.6
    endloop
  endfacet
  facet normal 0 0 1
    outer loop
      vertex -19.6004 30.7794 1.6
      vertex -25.5815 28.302 1.6
      vertex -20.113 30.3148 1.6
    endloop
  endfacet
  facet normal 0 0 1
    outer loop
      vertex -25.5815 61.698 1.6
      vertex -20.9206 60.2842 1.6
      vertex -21.5141 60.6399 1.6
    endloop
  endfacet
  facet normal 0 0 1
    outer loop
      vertex -20.113 30.3148 1.6
      vertex -25.5815 28.302 1.6
      vertex -20.2344 30.2151 1.6
    endloop
  endfacet
  facet normal 0 0 1
    outer loop
      vertex -25.5815 61.698 1.6
      vertex -21.5141 60.6399 1.6
      vertex -21.6526 60.7139 1.6
    endloop
  endfacet
  facet normal 0 0 1
    outer loop
      vertex -20.2344 30.2151 1.6
      vertex -25.5815 28.302 1.6
      vertex -20.7901 29.803 1.6
    endloop
  endfacet
  facet normal 0 0 1
    outer loop
      vertex -25.5815 61.698 1.6
      vertex -21.6526 60.7139 1.6
      vertex -22.278 61.0097 1.6
    endloop
  endfacet
  facet normal 0 0 1
    outer loop
      vertex -20.7901 29.803 1.6
      vertex -25.5815 28.302 1.6
      vertex -20.9206 29.7158 1.6
    endloop
  endfacet
  facet normal 0 0 1
    outer loop
      vertex -25.5815 61.698 1.6
      vertex -22.278 61.0097 1.6
      vertex -22.4231 61.0698 1.6
    endloop
  endfacet
  facet normal 0 0 1
    outer loop
      vertex -20.9206 29.7158 1.6
      vertex -25.5815 28.302 1.6
      vertex -21.5141 29.3601 1.6
    endloop
  endfacet
  facet normal 0 0 1
    outer loop
      vertex -25.5815 61.698 1.6
      vertex -22.4231 61.0698 1.6
      vertex -23.0745 61.3029 1.6
    endloop
  endfacet
  facet normal 0 0 1
    outer loop
      vertex -21.5141 29.3601 1.6
      vertex -25.5815 28.302 1.6
      vertex -21.6526 29.2861 1.6
    endloop
  endfacet
  facet normal 0 0 1
    outer loop
      vertex -25.5815 61.698 1.6
      vertex -23.0745 61.3029 1.6
      vertex -23.2247 61.3484 1.6
    endloop
  endfacet
  facet normal 0 0 1
    outer loop
      vertex -21.6526 29.2861 1.6
      vertex -25.5815 28.302 1.6
      vertex -22.278 28.9903 1.6
    endloop
  endfacet
  facet normal 0 0 1
    outer loop
      vertex -25.5815 61.698 1.6
      vertex -23.2247 61.3484 1.6
      vertex -23.8958 61.5166 1.6
    endloop
  endfacet
  facet normal 0 0 1
    outer loop
      vertex -22.278 28.9903 1.6
      vertex -25.5815 28.302 1.6
      vertex -22.4231 28.9302 1.6
    endloop
  endfacet
  facet normal 0 0 1
    outer loop
      vertex -25.5815 61.698 1.6
      vertex -23.8958 61.5166 1.6
      vertex -24.0499 61.5472 1.6
    endloop
  endfacet
  facet normal 0 0 1
    outer loop
      vertex -22.4231 28.9302 1.6
      vertex -25.5815 28.302 1.6
      vertex -23.0745 28.6971 1.6
    endloop
  endfacet
  facet normal 0 0 1
    outer loop
      vertex -25.5815 61.698 1.6
      vertex -24.0499 61.5472 1.6
      vertex -24.7342 61.6487 1.6
    endloop
  endfacet
  facet normal 0 0 1
    outer loop
      vertex -17.0119 53.1285 1.6
      vertex -25.5815 61.698 1.6
      vertex -25.66 61.7 1.6
    endloop
  endfacet
  facet normal 0 0 1
    outer loop
      vertex -25.5815 61.698 1.6
      vertex -24.7342 61.6487 1.6
      vertex -24.8905 61.6641 1.6
    endloop
  endfacet
  facet normal 0 0 1
    outer loop
      vertex -23.0745 28.6971 1.6
      vertex -25.5815 28.302 1.6
      vertex -23.2247 28.6516 1.6
    endloop
  endfacet
  facet normal 0 0 1
    outer loop
      vertex -24.0499 28.4528 1.6
      vertex -25.5815 28.302 1.6
      vertex -24.7342 28.3513 1.6
    endloop
  endfacet
  facet normal 0 0 1
    outer loop
      vertex -24.7342 28.3513 1.6
      vertex -25.5815 28.302 1.6
      vertex -24.8905 28.3359 1.6
    endloop
  endfacet
  facet normal 0 0 1
    outer loop
      vertex -23.2247 28.6516 1.6
      vertex -25.5815 28.302 1.6
      vertex -23.8958 28.4834 1.6
    endloop
  endfacet
  facet normal 0 0 1
    outer loop
      vertex -23.8958 28.4834 1.6
      vertex -25.5815 28.302 1.6
      vertex -24.0499 28.4528 1.6
    endloop
  endfacet
  facet normal -0 0 1
    outer loop
      vertex -37.722 61.0097 1.6
      vertex -44.2977 52.8932 1.6
      vertex -34.34 61.7 1.6
    endloop
  endfacet
  facet normal 0 0 1
    outer loop
      vertex -18.513 32.0801 1.6
      vertex -25.5815 28.302 1.6
      vertex -18.9252 31.5244 1.6
    endloop
  endfacet
  facet normal 0 0 1
    outer loop
      vertex -37.722 61.0097 1.6
      vertex -34.34 61.7 1.6
      vertex -34.4185 61.698 1.6
    endloop
  endfacet
  facet normal 0 0 1
    outer loop
      vertex -18.4258 32.2107 1.6
      vertex -25.5815 28.302 1.6
      vertex -18.513 32.0801 1.6
    endloop
  endfacet
  facet normal 0 0 1
    outer loop
      vertex -37.722 61.0097 1.6
      vertex -34.4185 61.698 1.6
      vertex -35.1095 61.6641 1.6
    endloop
  endfacet
  facet normal 0 0 1
    outer loop
      vertex -17.1934 35.1859 1.6
      vertex -25.5815 28.302 1.6
      vertex -17.3615 34.5148 1.6
    endloop
  endfacet
  facet normal 0 0 1
    outer loop
      vertex -37.722 61.0097 1.6
      vertex -35.1095 61.6641 1.6
      vertex -35.2658 61.6487 1.6
    endloop
  endfacet
  facet normal -0 -0 1
    outer loop
      vertex -37.722 28.9903 1.6
      vertex -34.34 28.3 1.6
      vertex -44.29 36.95 1.6
    endloop
  endfacet
  facet normal 0 0 1
    outer loop
      vertex -37.722 61.0097 1.6
      vertex -35.2658 61.6487 1.6
      vertex -35.9501 61.5472 1.6
    endloop
  endfacet
  facet normal 0 0 1
    outer loop
      vertex -34.34 28.3 1.6
      vertex -37.722 28.9903 1.6
      vertex -34.4185 28.302 1.6
    endloop
  endfacet
  facet normal 0 0 1
    outer loop
      vertex -37.722 61.0097 1.6
      vertex -35.9501 61.5472 1.6
      vertex -36.1042 61.5166 1.6
    endloop
  endfacet
  facet normal 0 0 1
    outer loop
      vertex -34.4185 28.302 1.6
      vertex -37.722 28.9903 1.6
      vertex -35.1095 28.3359 1.6
    endloop
  endfacet
  facet normal 0 0 1
    outer loop
      vertex -37.722 61.0097 1.6
      vertex -36.1042 61.5166 1.6
      vertex -36.7753 61.3484 1.6
    endloop
  endfacet
  facet normal 0 0 1
    outer loop
      vertex -35.1095 28.3359 1.6
      vertex -37.722 28.9903 1.6
      vertex -35.2658 28.3513 1.6
    endloop
  endfacet
  facet normal 0 0 1
    outer loop
      vertex -37.722 61.0097 1.6
      vertex -36.7753 61.3484 1.6
      vertex -36.9255 61.3029 1.6
    endloop
  endfacet
  facet normal 0 0 1
    outer loop
      vertex -35.2658 28.3513 1.6
      vertex -37.722 28.9903 1.6
      vertex -35.9501 28.4528 1.6
    endloop
  endfacet
  facet normal 0 0 1
    outer loop
      vertex -37.722 61.0097 1.6
      vertex -36.9255 61.3029 1.6
      vertex -37.5769 61.0698 1.6
    endloop
  endfacet
  facet normal 0 0 1
    outer loop
      vertex -35.9501 28.4528 1.6
      vertex -37.722 28.9903 1.6
      vertex -36.1042 28.4834 1.6
    endloop
  endfacet
  facet normal 0 0 1
    outer loop
      vertex -44.2977 52.8932 1.6
      vertex -37.722 61.0097 1.6
      vertex -44.29 53.05 1.6
    endloop
  endfacet
  facet normal 0 0 1
    outer loop
      vertex -36.1042 28.4834 1.6
      vertex -37.722 28.9903 1.6
      vertex -36.7753 28.6516 1.6
    endloop
  endfacet
  facet normal 0 0 1
    outer loop
      vertex -36.7753 28.6516 1.6
      vertex -37.722 28.9903 1.6
      vertex -36.9255 28.6971 1.6
    endloop
  endfacet
  facet normal 0 0 1
    outer loop
      vertex -37.722 61.0097 1.6
      vertex -44.2977 53.2068 1.6
      vertex -44.29 53.05 1.6
    endloop
  endfacet
  facet normal 0 0 1
    outer loop
      vertex -37.722 61.0097 1.6
      vertex -44.3207 53.3621 1.6
      vertex -44.2977 53.2068 1.6
    endloop
  endfacet
  facet normal 0 0 1
    outer loop
      vertex -37.722 61.0097 1.6
      vertex -44.3589 53.5145 1.6
      vertex -44.3207 53.3621 1.6
    endloop
  endfacet
  facet normal 0 0 1
    outer loop
      vertex -37.722 61.0097 1.6
      vertex -44.4118 53.6623 1.6
      vertex -44.3589 53.5145 1.6
    endloop
  endfacet
  facet normal 0 0 1
    outer loop
      vertex -37.722 61.0097 1.6
      vertex -44.4789 53.8042 1.6
      vertex -44.4118 53.6623 1.6
    endloop
  endfacet
  facet normal 0 0 1
    outer loop
      vertex -37.722 61.0097 1.6
      vertex -44.5596 53.9389 1.6
      vertex -44.4789 53.8042 1.6
    endloop
  endfacet
  facet normal 0 0 1
    outer loop
      vertex -37.722 61.0097 1.6
      vertex -44.6532 54.065 1.6
      vertex -44.5596 53.9389 1.6
    endloop
  endfacet
  facet normal 0 0 1
    outer loop
      vertex -37.722 61.0097 1.6
      vertex -44.7586 54.1814 1.6
      vertex -44.6532 54.065 1.6
    endloop
  endfacet
  facet normal 0 0 1
    outer loop
      vertex -37.722 61.0097 1.6
      vertex -44.875 54.2868 1.6
      vertex -44.7586 54.1814 1.6
    endloop
  endfacet
  facet normal 0 0 1
    outer loop
      vertex -37.722 61.0097 1.6
      vertex -45.0011 54.3804 1.6
      vertex -44.875 54.2868 1.6
    endloop
  endfacet
  facet normal 0 0 1
    outer loop
      vertex -37.722 61.0097 1.6
      vertex -45.1358 54.4611 1.6
      vertex -45.0011 54.3804 1.6
    endloop
  endfacet
  facet normal -0 0 1
    outer loop
      vertex -47.4207 56.7455 1.6
      vertex -45.1358 54.4611 1.6
      vertex -37.722 61.0097 1.6
    endloop
  endfacet
  facet normal 0 0 1
    outer loop
      vertex -45.1358 54.4611 1.6
      vertex -47.4207 56.7455 1.6
      vertex -45.2777 54.5282 1.6
    endloop
  endfacet
  facet normal 0 0 1
    outer loop
      vertex -45.2777 54.5282 1.6
      vertex -47.4207 56.7455 1.6
      vertex -45.4255 54.5811 1.6
    endloop
  endfacet
  facet normal 0 0 1
    outer loop
      vertex -45.4255 54.5811 1.6
      vertex -47.4207 56.7455 1.6
      vertex -45.5779 54.6193 1.6
    endloop
  endfacet
  facet normal 0 0 1
    outer loop
      vertex -45.5779 54.6193 1.6
      vertex -47.4207 56.7455 1.6
      vertex -45.7332 54.6423 1.6
    endloop
  endfacet
  facet normal 0 0 1
    outer loop
      vertex -45.7332 54.6423 1.6
      vertex -47.4207 56.7455 1.6
      vertex -45.89 54.65 1.6
    endloop
  endfacet
  facet normal 0 0 1
    outer loop
      vertex -45.89 54.65 1.6
      vertex -47.4207 56.7455 1.6
      vertex -46.0468 54.6423 1.6
    endloop
  endfacet
  facet normal 0 0 1
    outer loop
      vertex -46.0468 54.6423 1.6
      vertex -47.4207 56.7455 1.6
      vertex -46.2021 54.6193 1.6
    endloop
  endfacet
  facet normal 0 0 1
    outer loop
      vertex -46.2021 54.6193 1.6
      vertex -47.4207 56.7455 1.6
      vertex -46.3545 54.5811 1.6
    endloop
  endfacet
  facet normal 0 0 1
    outer loop
      vertex -46.3545 54.5811 1.6
      vertex -47.4207 56.7455 1.6
      vertex -46.5023 54.5282 1.6
    endloop
  endfacet
  facet normal 0 0 1
    outer loop
      vertex -46.5023 54.5282 1.6
      vertex -47.4207 56.7455 1.6
      vertex -46.6442 54.4611 1.6
    endloop
  endfacet
  facet normal -0 0 1
    outer loop
      vertex -47.7756 56.5777 1.6
      vertex -46.6442 54.4611 1.6
      vertex -47.4207 56.7455 1.6
    endloop
  endfacet
  facet normal 0 0 1
    outer loop
      vertex -46.6442 54.4611 1.6
      vertex -47.7756 56.5777 1.6
      vertex -46.7789 54.3804 1.6
    endloop
  endfacet
  facet normal -0 0 1
    outer loop
      vertex -48.1123 56.3759 1.6
      vertex -46.7789 54.3804 1.6
      vertex -47.7756 56.5777 1.6
    endloop
  endfacet
  facet normal 0 0 1
    outer loop
      vertex -46.7789 54.3804 1.6
      vertex -48.1123 56.3759 1.6
      vertex -46.905 54.2868 1.6
    endloop
  endfacet
  facet normal -0 0 1
    outer loop
      vertex -48.4276 56.142 1.6
      vertex -46.905 54.2868 1.6
      vertex -48.1123 56.3759 1.6
    endloop
  endfacet
  facet normal 0 0 1
    outer loop
      vertex -46.905 54.2868 1.6
      vertex -48.4276 56.142 1.6
      vertex -47.0214 54.1814 1.6
    endloop
  endfacet
  facet normal -0 0 1
    outer loop
      vertex -48.7184 55.8784 1.6
      vertex -47.0214 54.1814 1.6
      vertex -48.4276 56.142 1.6
    endloop
  endfacet
  facet normal 0 0 1
    outer loop
      vertex -47.0214 54.1814 1.6
      vertex -48.7184 55.8784 1.6
      vertex -47.1268 54.065 1.6
    endloop
  endfacet
  facet normal -0 0 1
    outer loop
      vertex -48.982 55.5876 1.6
      vertex -47.1268 54.065 1.6
      vertex -48.7184 55.8784 1.6
    endloop
  endfacet
  facet normal 0 0 1
    outer loop
      vertex -47.1268 54.065 1.6
      vertex -48.982 55.5876 1.6
      vertex -47.2204 53.9389 1.6
    endloop
  endfacet
  facet normal -0 0 1
    outer loop
      vertex -49.2159 55.2723 1.6
      vertex -47.2204 53.9389 1.6
      vertex -48.982 55.5876 1.6
    endloop
  endfacet
  facet normal -0 0 1
    outer loop
      vertex -49.4177 54.9356 1.6
      vertex -47.3011 53.8042 1.6
      vertex -49.2159 55.2723 1.6
    endloop
  endfacet
  facet normal 0 0 1
    outer loop
      vertex -47.2204 53.9389 1.6
      vertex -49.2159 55.2723 1.6
      vertex -47.3011 53.8042 1.6
    endloop
  endfacet
  facet normal 0 0 1
    outer loop
      vertex -36.9255 28.6971 1.6
      vertex -37.722 28.9903 1.6
      vertex -37.5769 28.9302 1.6
    endloop
  endfacet
  facet normal -0 0 1
    outer loop
      vertex -44.2977 36.7932 1.6
      vertex -37.722 28.9903 1.6
      vertex -44.29 36.95 1.6
    endloop
  endfacet
  facet normal -0 0 1
    outer loop
      vertex -44.3207 36.6379 1.6
      vertex -37.722 28.9903 1.6
      vertex -44.2977 36.7932 1.6
    endloop
  endfacet
  facet normal -0 0 1
    outer loop
      vertex -44.3589 36.4855 1.6
      vertex -37.722 28.9903 1.6
      vertex -44.3207 36.6379 1.6
    endloop
  endfacet
  facet normal -0 0 1
    outer loop
      vertex -44.4118 36.3377 1.6
      vertex -37.722 28.9903 1.6
      vertex -44.3589 36.4855 1.6
    endloop
  endfacet
  facet normal -0 0 1
    outer loop
      vertex -44.4789 36.1958 1.6
      vertex -37.722 28.9903 1.6
      vertex -44.4118 36.3377 1.6
    endloop
  endfacet
  facet normal -0 0 1
    outer loop
      vertex -44.5596 36.0611 1.6
      vertex -37.722 28.9903 1.6
      vertex -44.4789 36.1958 1.6
    endloop
  endfacet
  facet normal -0 0 1
    outer loop
      vertex -44.6532 35.935 1.6
      vertex -37.722 28.9903 1.6
      vertex -44.5596 36.0611 1.6
    endloop
  endfacet
  facet normal -0 0 1
    outer loop
      vertex -44.7586 35.8186 1.6
      vertex -37.722 28.9903 1.6
      vertex -44.6532 35.935 1.6
    endloop
  endfacet
  facet normal -0 0 1
    outer loop
      vertex -44.875 35.7132 1.6
      vertex -37.722 28.9903 1.6
      vertex -44.7586 35.8186 1.6
    endloop
  endfacet
  facet normal -0 0 1
    outer loop
      vertex -45.0011 35.6196 1.6
      vertex -37.722 28.9903 1.6
      vertex -44.875 35.7132 1.6
    endloop
  endfacet
  facet normal -0 0 1
    outer loop
      vertex -45.1358 35.5389 1.6
      vertex -37.722 28.9903 1.6
      vertex -45.0011 35.6196 1.6
    endloop
  endfacet
  facet normal 0 0 1
    outer loop
      vertex -47.4207 33.2545 1.6
      vertex -45.1358 35.5389 1.6
      vertex -45.2777 35.4718 1.6
    endloop
  endfacet
  facet normal 0 0 1
    outer loop
      vertex -47.4207 33.2545 1.6
      vertex -45.2777 35.4718 1.6
      vertex -45.4255 35.4189 1.6
    endloop
  endfacet
  facet normal 0 0 1
    outer loop
      vertex -47.4207 33.2545 1.6
      vertex -45.4255 35.4189 1.6
      vertex -45.5779 35.3807 1.6
    endloop
  endfacet
  facet normal 0 0 1
    outer loop
      vertex -47.4207 33.2545 1.6
      vertex -45.5779 35.3807 1.6
      vertex -45.7332 35.3577 1.6
    endloop
  endfacet
  facet normal 0 0 1
    outer loop
      vertex -47.4207 33.2545 1.6
      vertex -45.7332 35.3577 1.6
      vertex -45.89 35.35 1.6
    endloop
  endfacet
  facet normal 0 0 1
    outer loop
      vertex -47.4207 33.2545 1.6
      vertex -45.89 35.35 1.6
      vertex -46.0468 35.3577 1.6
    endloop
  endfacet
  facet normal 0 0 1
    outer loop
      vertex -47.4207 33.2545 1.6
      vertex -46.0468 35.3577 1.6
      vertex -46.2021 35.3807 1.6
    endloop
  endfacet
  facet normal 0 0 1
    outer loop
      vertex -47.4207 33.2545 1.6
      vertex -46.2021 35.3807 1.6
      vertex -46.3545 35.4189 1.6
    endloop
  endfacet
  facet normal 0 0 1
    outer loop
      vertex -47.4207 33.2545 1.6
      vertex -46.3545 35.4189 1.6
      vertex -46.5023 35.4718 1.6
    endloop
  endfacet
  facet normal 0 0 1
    outer loop
      vertex -47.4207 33.2545 1.6
      vertex -46.5023 35.4718 1.6
      vertex -46.6442 35.5389 1.6
    endloop
  endfacet
  facet normal 0 0 1
    outer loop
      vertex -47.7756 33.4223 1.6
      vertex -46.6442 35.5389 1.6
      vertex -46.7789 35.6196 1.6
    endloop
  endfacet
  facet normal 0 0 1
    outer loop
      vertex -45.1358 35.5389 1.6
      vertex -47.4207 33.2545 1.6
      vertex -37.722 28.9903 1.6
    endloop
  endfacet
  facet normal 0 0 1
    outer loop
      vertex -48.1123 33.6241 1.6
      vertex -46.7789 35.6196 1.6
      vertex -46.905 35.7132 1.6
    endloop
  endfacet
  facet normal 0 0 1
    outer loop
      vertex -48.4276 33.858 1.6
      vertex -46.905 35.7132 1.6
      vertex -47.0214 35.8186 1.6
    endloop
  endfacet
  facet normal 0 0 1
    outer loop
      vertex -48.7184 34.1216 1.6
      vertex -47.0214 35.8186 1.6
      vertex -47.1268 35.935 1.6
    endloop
  endfacet
  facet normal 0 0 1
    outer loop
      vertex -48.982 34.4124 1.6
      vertex -47.1268 35.935 1.6
      vertex -47.2204 36.0611 1.6
    endloop
  endfacet
  facet normal 0 0 1
    outer loop
      vertex -49.2159 34.7277 1.6
      vertex -47.2204 36.0611 1.6
      vertex -47.3011 36.1958 1.6
    endloop
  endfacet
  facet normal 0 0 1
    outer loop
      vertex -49.4177 35.0644 1.6
      vertex -47.3011 36.1958 1.6
      vertex -47.3682 36.3377 1.6
    endloop
  endfacet
  facet normal 0 0 1
    outer loop
      vertex -49.5855 35.4193 1.6
      vertex -47.3682 36.3377 1.6
      vertex -47.4211 36.4855 1.6
    endloop
  endfacet
  facet normal 0 0 1
    outer loop
      vertex -49.7178 35.7889 1.6
      vertex -47.4211 36.4855 1.6
      vertex -47.4593 36.6379 1.6
    endloop
  endfacet
  facet normal 0 0 1
    outer loop
      vertex -49.8131 36.1696 1.6
      vertex -47.4593 36.6379 1.6
      vertex -47.4823 36.7932 1.6
    endloop
  endfacet
  facet normal 0 0 1
    outer loop
      vertex -49.8707 36.5579 1.6
      vertex -47.4823 36.7932 1.6
      vertex -47.49 36.95 1.6
    endloop
  endfacet
  facet normal 0 0 1
    outer loop
      vertex -46.6442 35.5389 1.6
      vertex -47.7756 33.4223 1.6
      vertex -47.4207 33.2545 1.6
    endloop
  endfacet
  facet normal 0 0 1
    outer loop
      vertex -47.4593 37.2621 1.6
      vertex -49.89 36.95 1.6
      vertex -47.4823 37.1068 1.6
    endloop
  endfacet
  facet normal 0 0 1
    outer loop
      vertex -47.3011 53.8042 1.6
      vertex -49.4177 54.9356 1.6
      vertex -47.3682 53.6623 1.6
    endloop
  endfacet
  facet normal 0 0 1
    outer loop
      vertex -47.4823 37.1068 1.6
      vertex -49.89 36.95 1.6
      vertex -47.49 36.95 1.6
    endloop
  endfacet
  facet normal -0 0 1
    outer loop
      vertex -49.5855 54.5807 1.6
      vertex -47.3682 53.6623 1.6
      vertex -49.4177 54.9356 1.6
    endloop
  endfacet
  facet normal 0 -0 1
    outer loop
      vertex -49.8707 36.5579 1.6
      vertex -47.49 36.95 1.6
      vertex -49.89 36.95 1.6
    endloop
  endfacet
  facet normal 0 0 1
    outer loop
      vertex -47.3682 53.6623 1.6
      vertex -49.5855 54.5807 1.6
      vertex -47.4211 53.5145 1.6
    endloop
  endfacet
  facet normal 0 0 1
    outer loop
      vertex -46.7789 35.6196 1.6
      vertex -48.1123 33.6241 1.6
      vertex -47.7756 33.4223 1.6
    endloop
  endfacet
  facet normal -0 0 1
    outer loop
      vertex -49.7178 54.2111 1.6
      vertex -47.4211 53.5145 1.6
      vertex -49.5855 54.5807 1.6
    endloop
  endfacet
  facet normal 0 0 1
    outer loop
      vertex -46.905 35.7132 1.6
      vertex -48.4276 33.858 1.6
      vertex -48.1123 33.6241 1.6
    endloop
  endfacet
  facet normal 0 0 1
    outer loop
      vertex -47.4211 53.5145 1.6
      vertex -49.7178 54.2111 1.6
      vertex -47.4593 53.3621 1.6
    endloop
  endfacet
  facet normal 0 0 1
    outer loop
      vertex -47.0214 35.8186 1.6
      vertex -48.7184 34.1216 1.6
      vertex -48.4276 33.858 1.6
    endloop
  endfacet
  facet normal -0 0 1
    outer loop
      vertex -49.8131 53.8304 1.6
      vertex -47.4593 53.3621 1.6
      vertex -49.7178 54.2111 1.6
    endloop
  endfacet
  facet normal 0 0 1
    outer loop
      vertex -47.1268 35.935 1.6
      vertex -48.982 34.4124 1.6
      vertex -48.7184 34.1216 1.6
    endloop
  endfacet
  facet normal 0 0 1
    outer loop
      vertex -47.4593 53.3621 1.6
      vertex -49.8131 53.8304 1.6
      vertex -47.4823 53.2068 1.6
    endloop
  endfacet
  facet normal 0 0 1
    outer loop
      vertex -47.2204 36.0611 1.6
      vertex -49.2159 34.7277 1.6
      vertex -48.982 34.4124 1.6
    endloop
  endfacet
  facet normal -0 0 1
    outer loop
      vertex -49.8707 53.4421 1.6
      vertex -47.4823 53.2068 1.6
      vertex -49.8131 53.8304 1.6
    endloop
  endfacet
  facet normal 0 0 1
    outer loop
      vertex -47.3011 36.1958 1.6
      vertex -49.4177 35.0644 1.6
      vertex -49.2159 34.7277 1.6
    endloop
  endfacet
  facet normal 0 0 1
    outer loop
      vertex -47.4823 53.2068 1.6
      vertex -49.8707 53.4421 1.6
      vertex -47.49 53.05 1.6
    endloop
  endfacet
  facet normal 0 0 1
    outer loop
      vertex -47.3682 36.3377 1.6
      vertex -49.5855 35.4193 1.6
      vertex -49.4177 35.0644 1.6
    endloop
  endfacet
  facet normal 0 0 1
    outer loop
      vertex -47.49 53.05 1.6
      vertex -49.8707 53.4421 1.6
      vertex -49.89 53.05 1.6
    endloop
  endfacet
  facet normal 0 0 1
    outer loop
      vertex -47.4211 36.4855 1.6
      vertex -49.7178 35.7889 1.6
      vertex -49.5855 35.4193 1.6
    endloop
  endfacet
  facet normal 0 0 1
    outer loop
      vertex -47.4593 36.6379 1.6
      vertex -49.8131 36.1696 1.6
      vertex -49.7178 35.7889 1.6
    endloop
  endfacet
  facet normal 0 0 1
    outer loop
      vertex -47.4823 36.7932 1.6
      vertex -49.8707 36.5579 1.6
      vertex -49.8131 36.1696 1.6
    endloop
  endfacet
endsolid OpenSCAD_Model
