t_s,I_base_A,I_spalla_A,I_gomito_A,I_pinza_A,I_tot_A
0.0010,0.0100,0.0100,0.0100,0.0100,0.0400
0.0020,0.0100,0.0100,0.0100,0.0100,0.0400
0.0030,0.0100,0.0100,0.0100,0.0100,0.0400
0.0040,0.0100,0.0100,0.0100,0.0100,0.0400
0.0050,0.0100,0.0100,0.0100,0.0100,0.0400
0.0060,0.0100,0.0100,0.0100,0.0100,0.0400
0.0070,0.0100,0.0100,0.0100,0.0100,0.0400
0.0080,0.0100,0.0100,0.0100,0.0100,0.0400
0.0090,0.0100,0.0100,0.0100,0.0100,0.0400
0.0100,0.0100,0.0100,0.0100,0.0100,0.0400
0.0110,0.0100,0.0100,0.0100,0.0100,0.0400
0.0120,0.0100,0.0100,0.0100,0.0100,0.0400
0.0130,0.0100,0.0100,0.0100,0.0100,0.0400
0.0140,0.0100,0.0100,0.0100,0.0100,0.0400
0.0150,0.0100,0.0100,0.0100,0.0100,0.0400
0.0160,0.0100,0.0100,0.0100,0.0100,0.0400
0.0170,0.0100,0.0100,0.0100,0.0100,0.0400
0.0180,0.0100,0.0100,0.0100,0.0100,0.0400
0.0190,0.0100,0.0100,0.0100,0.0100,0.0400
0.0200,0.0100,0.0100,0.0100,0.0100,0.0400
0.0210,0.0100,0.0100,0.0100,0.0100,0.0400
0.0220,0.0100,0.0100,0.0100,0.0100,0.0400
0.0230,0.0100,0.0100,0.0100,0.0100,0.0400
0.0240,0.0100,0.0100,0.0100,0.0100,0.0400
0.0250,0.0100,0.0100,0.0100,0.0100,0.0400
0.0260,0.0100,0.0100,0.0100,0.0100,0.0400
0.0270,0.0100,0.0100,0.0100,0.0100,0.0400
0.0280,0.0100,0.0100,0.0100,0.0100,0.0400
0.0290,0.0100,0.0100,0.0100,0.0100,0.0400
0.0300,0.0100,0.0100,0.0100,0.0100,0.0400
0.0310,0.0100,0.0100,0.0100,0.0100,0.0400
0.0320,0.0100,0.0100,0.0100,0.0100,0.0400
0.0330,0.0100,0.0100,0.0100,0.0100,0.0400
0.0340,0.0100,0.0100,0.0111,0.0100,0.0411
0.0350,0.0100,0.0100,0.0159,0.0100,0.0459
0.0360,0.0100,0.0100,0.0209,0.0100,0.0509
0.0370,0.0100,0.0100,0.0261,0.0100,0.0561
0.0380,0.0100,0.0100,0.0313,0.0100,0.0613
0.0390,0.0100,0.0100,0.0367,0.0100,0.0667
0.0400,0.0100,0.0100,0.0423,0.0100,0.0723
0.0410,0.0100,0.0100,0.0479,0.0100,0.0779
0.0420,0.0100,0.0100,0.0537,0.0100,0.0837
0.0430,0.0100,0.0100,0.0595,0.0100,0.0895
0.0440,0.0100,0.0100,0.0655,0.0100,0.0955
0.0450,0.0100,0.0100,0.0715,0.0100,0.1015
0.0460,0.0100,0.0100,0.0776,0.0100,0.1076
0.0470,0.0100,0.0100,0.0837,0.0100,0.1137
0.0480,0.0100,0.0100,0.0899,0.0100,0.1199
0.0490,0.0100,0.0100,0.0961,0.0100,0.1261
0.0500,0.0100,0.0100,0.1022,0.0100,0.1322
0.0510,0.0100,0.0100,0.1083,0.0100,0.1383
0.0520,0.0100,0.0100,0.1142,0.0100,0.1442
0.0530,0.0100,0.0100,0.1201,0.0100,0.1501
0.0540,0.0100,0.0100,0.1258,0.0100,0.1558
0.0550,0.0100,0.0100,0.1313,0.0100,0.1613
0.0560,0.0100,0.0100,0.1366,0.0100,0.1666
0.0570,0.0100,0.0100,0.1416,0.0100,0.1716
0.0580,0.0100,0.0100,0.1464,0.0100,0.1764
0.0590,0.0100,0.0100,0.1508,0.0100,0.1808
0.0600,0.0100,0.0100,0.1549,0.0100,0.1849
0.0610,0.0100,0.0100,0.1587,0.0100,0.1887
0.0620,0.0100,0.0100,0.1621,0.0100,0.1921
0.0630,0.0100,0.0100,0.1651,0.0100,0.1951
0.0640,0.0100,0.0100,0.1678,0.0100,0.1978
0.0650,0.0100,0.0100,0.1702,0.0100,0.2002
0.0660,0.0100,0.0100,0.1724,0.0100,0.2024
0.0670,0.0100,0.0100,0.1742,0.0100,0.2042
0.0680,0.0100,0.0100,0.1758,0.0100,0.2058
0.0690,0.0100,0.0100,0.1772,0.0100,0.2072
0.0700,0.0100,0.0100,0.1783,0.0100,0.2083
0.0710,0.0100,0.0100,0.1793,0.0100,0.2093
0.0720,0.0100,0.0100,0.1802,0.0100,0.2102
0.0730,0.0100,0.0100,0.1809,0.0100,0.2109
0.0740,0.0100,0.0100,0.1815,0.0100,0.2115
0.0750,0.0100,0.0100,0.1824,0.0100,0.2124
0.0760,0.0100,0.0100,0.1832,0.0100,0.2132
0.0770,0.0100,0.0100,0.1840,0.0100,0.2140
0.0780,0.0100,0.0100,0.1847,0.0100,0.2147
0.0790,0.0100,0.0100,0.1852,0.0100,0.2152
0.0800,0.0100,0.0100,0.1857,0.0100,0.2157
0.0810,0.0100,0.0100,0.1861,0.0100,0.2161
0.0820,0.0100,0.0100,0.1864,0.0100,0.2164
0.0830,0.0100,0.0100,0.1866,0.0100,0.2166
0.0840,0.0100,0.0100,0.1867,0.0100,0.2167
0.0850,0.0100,0.0100,0.1867,0.0100,0.2167
0.0860,0.0100,0.0100,0.1866,0.0100,0.2166
0.0870,0.0100,0.0100,0.1865,0.0100,0.2165
0.0880,0.0100,0.0100,0.1862,0.0100,0.2162
0.0890,0.0100,0.0100,0.1859,0.0100,0.2159
0.0900,0.0100,0.0100,0.1855,0.0100,0.2155
0.0910,0.0100,0.0100,0.1851,0.0100,0.2151
0.0920,0.0100,0.0100,0.1846,0.0100,0.2146
0.0930,0.0100,0.0100,0.1840,0.0100,0.2140
0.0940,0.0100,0.0100,0.1834,0.0100,0.2134
0.0950,0.0100,0.0100,0.1828,0.0100,0.2128
0.0960,0.0100,0.0100,0.1821,0.0100,0.2121
0.0970,0.0100,0.0100,0.1814,0.0100,0.2114
0.0980,0.0100,0.0100,0.1807,0.0100,0.2107
0.0990,0.0100,0.0100,0.1799,0.0100,0.2099
0.1000,0.0100,0.0100,0.1792,0.0100,0.2092
0.1010,0.0100,0.0100,0.1784,0.0100,0.2084
0.1020,0.0100,0.0100,0.1777,0.0100,0.2077
0.1030,0.0100,0.0100,0.1769,0.0100,0.2069
0.1040,0.0100,0.0100,0.1762,0.0100,0.2062
0.1050,0.0100,0.0100,0.1755,0.0100,0.2055
0.1060,0.0100,0.0100,0.1748,0.0100,0.2048
0.1070,0.0100,0.0100,0.1741,0.0100,0.2041
0.1080,0.0100,0.0100,0.1735,0.0100,0.2035
0.1090,0.0100,0.0100,0.1729,0.0100,0.2029
0.1100,0.0100,0.0100,0.1723,0.0100,0.2023
0.1110,0.0100,0.0100,0.1718,0.0100,0.2018
0.1120,0.0100,0.0100,0.1713,0.0100,0.2013
0.1130,0.0100,0.0100,0.1708,0.0100,0.2008
0.1140,0.0100,0.0100,0.1704,0.0100,0.2004
0.1150,0.0100,0.0100,0.1700,0.0100,0.2000
0.1160,0.0100,0.0100,0.1696,0.0100,0.1996
0.1170,0.0100,0.0100,0.1693,0.0100,0.1993
0.1180,0.0100,0.0100,0.1689,0.0100,0.1989
0.1190,0.0100,0.0100,0.1686,0.0100,0.1986
0.1200,0.0100,0.0100,0.1684,0.0100,0.1984
0.1210,0.0100,0.0100,0.1681,0.0100,0.1981
0.1220,0.0100,0.0100,0.1679,0.0100,0.1979
0.1230,0.0100,0.0100,0.1677,0.0100,0.1977
0.1240,0.0100,0.0100,0.1675,0.0100,0.1975
0.1250,0.0100,0.0100,0.1673,0.0100,0.1973
0.1260,0.0100,0.0100,0.1671,0.0100,0.1971
0.1270,0.0100,0.0100,0.1670,0.0100,0.1970
0.1280,0.0100,0.0100,0.1668,0.0100,0.1968
0.1290,0.0100,0.0100,0.1667,0.0100,0.1967
0.1300,0.0100,0.0100,0.1666,0.0100,0.1966
0.1310,0.0100,0.0100,0.1665,0.0100,0.1965
0.1320,0.0100,0.0100,0.1664,0.0100,0.1964
0.1330,0.0100,0.0100,0.1663,0.0100,0.1963
0.1340,0.0100,0.0100,0.1663,0.0100,0.1963
0.1350,0.0100,0.0100,0.1662,0.0100,0.1962
0.1360,0.0100,0.0100,0.1662,0.0100,0.1962
0.1370,0.0100,0.0100,0.1661,0.0100,0.1961
0.1380,0.0100,0.0100,0.1661,0.0100,0.1961
0.1390,0.0100,0.0100,0.1660,0.0100,0.1960
0.1400,0.0100,0.0100,0.1660,0.0100,0.1960
0.1410,0.0100,0.0100,0.1660,0.0100,0.1960
0.1420,0.0100,0.0100,0.1660,0.0100,0.1960
0.1430,0.0100,0.0100,0.1660,0.0100,0.1960
0.1440,0.0100,0.0100,0.1660,0.0100,0.1960
0.1450,0.0100,0.0100,0.1660,0.0100,0.1960
0.1460,0.0100,0.0100,0.1660,0.0100,0.1960
0.1470,0.0100,0.0100,0.1660,0.0100,0.1960
0.1480,0.0100,0.0100,0.1660,0.0100,0.1960
0.1490,0.0100,0.0100,0.1660,0.0100,0.1960
0.1500,0.0100,0.0100,0.1661,0.0100,0.1961
0.1510,0.0100,0.0100,0.1661,0.0100,0.1961
0.1520,0.0100,0.0100,0.1661,0.0100,0.1961
0.1530,0.0100,0.0100,0.1661,0.0100,0.1961
0.1540,0.0100,0.0100,0.1662,0.0100,0.1962
0.1550,0.0100,0.0100,0.1662,0.0100,0.1962
0.1560,0.0100,0.0100,0.1662,0.0100,0.1962
0.1570,0.0100,0.0100,0.1663,0.0100,0.1963
0.1580,0.0100,0.0100,0.1663,0.0100,0.1963
0.1590,0.0100,0.0100,0.1663,0.0100,0.1963
0.1600,0.0100,0.0100,0.1664,0.0100,0.1964
0.1610,0.0100,0.0100,0.1664,0.0100,0.1964
0.1620,0.0100,0.0100,0.1664,0.0100,0.1964
0.1630,0.0100,0.0100,0.1665,0.0100,0.1965
0.1640,0.0100,0.0100,0.1665,0.0100,0.1965
0.1650,0.0100,0.0100,0.1665,0.0100,0.1965
0.1660,0.0100,0.0100,0.1666,0.0100,0.1966
0.1670,0.0100,0.0100,0.1666,0.0100,0.1966
0.1680,0.0100,0.0100,0.1666,0.0100,0.1966
0.1690,0.0100,0.0100,0.1667,0.0100,0.1967
0.1700,0.0100,0.0100,0.1667,0.0100,0.1967
0.1710,0.0100,0.0100,0.1667,0.0100,0.1967
0.1720,0.0100,0.0100,0.1668,0.0100,0.1968
0.1730,0.0100,0.0100,0.1668,0.0100,0.1968
0.1740,0.0100,0.0100,0.1668,0.0100,0.1968
0.1750,0.0100,0.0100,0.1669,0.0100,0.1969
0.1760,0.0100,0.0100,0.1669,0.0100,0.1969
0.1770,0.0100,0.0100,0.1669,0.0100,0.1969
0.1780,0.0100,0.0100,0.1670,0.0100,0.1970
0.1790,0.0100,0.0100,0.1670,0.0100,0.1970
0.1800,0.0100,0.0100,0.1670,0.0100,0.1970
0.1810,0.0100,0.0100,0.1671,0.0100,0.1971
0.1820,0.0100,0.0100,0.1671,0.0100,0.1971
0.1830,0.0100,0.0100,0.1671,0.0100,0.1971
0.1840,0.0100,0.0100,0.1672,0.0100,0.1972
0.1850,0.0100,0.0100,0.1672,0.0100,0.1972
0.1860,0.0100,0.0100,0.1672,0.0100,0.1972
0.1870,0.0100,0.0100,0.1672,0.0100,0.1972
0.1880,0.0100,0.0100,0.1673,0.0100,0.1973
0.1890,0.0100,0.0100,0.1673,0.0100,0.1973
0.1900,0.0100,0.0100,0.1673,0.0100,0.1973
0.1910,0.0100,0.0100,0.1673,0.0100,0.1973
0.1920,0.0100,0.0100,0.1674,0.0100,0.1974
0.1930,0.0100,0.0100,0.1674,0.0100,0.1974
0.1940,0.0100,0.0100,0.1674,0.0100,0.1974
0.1950,0.0100,0.0100,0.1674,0.0100,0.1974
0.1960,0.0100,0.0100,0.1674,0.0100,0.1974
0.1970,0.0100,0.0100,0.1675,0.0100,0.1975
0.1980,0.0100,0.0100,0.1675,0.0100,0.1975
0.1990,0.0100,0.0100,0.1675,0.0100,0.1975
0.2000,0.0100,0.0100,0.1675,0.0100,0.1975
0.2010,0.0100,0.0100,0.1675,0.0100,0.1975
0.2020,0.0100,0.0100,0.1675,0.0100,0.1975
0.2030,0.0100,0.0100,0.1676,0.0100,0.1976
0.2040,0.0100,0.0100,0.1676,0.0100,0.1976
0.2050,0.0100,0.0100,0.1676,0.0100,0.1976
0.2060,0.0100,0.0100,0.1676,0.0100,0.1976
0.2070,0.0100,0.0100,0.1676,0.0100,0.1976
0.2080,0.0100,0.0100,0.1676,0.0100,0.1976
0.2090,0.0100,0.0100,0.1676,0.0100,0.1976
0.2100,0.0100,0.0100,0.1676,0.0100,0.1976
0.2110,0.0100,0.0100,0.1677,0.0100,0.1977
0.2120,0.0100,0.0100,0.1677,0.0100,0.1977
0.2130,0.0100,0.0100,0.1677,0.0100,0.1977
0.2140,0.0100,0.0100,0.1677,0.0100,0.1977
0.2150,0.0100,0.0100,0.1677,0.0100,0.1977
0.2160,0.0100,0.0100,0.1677,0.0100,0.1977
0.2170,0.0100,0.0100,0.1677,0.0100,0.1977
0.2180,0.0100,0.0100,0.1677,0.0100,0.1977
0.2190,0.0100,0.0100,0.1677,0.0100,0.1977
0.2200,0.0100,0.0100,0.1677,0.0100,0.1977
0.2210,0.0100,0.0100,0.1677,0.0100,0.1977
0.2220,0.0100,0.0100,0.1678,0.0100,0.1978
0.2230,0.0100,0.0100,0.1678,0.0100,0.1978
0.2240,0.0100,0.0100,0.1678,0.0100,0.1978
0.2250,0.0100,0.0100,0.1678,0.0100,0.1978
0.2260,0.0100,0.0100,0.1678,0.0100,0.1978
0.2270,0.0100,0.0100,0.1678,0.0100,0.1978
0.2280,0.0100,0.0100,0.1678,0.0100,0.1978
0.2290,0.0100,0.0100,0.1678,0.0100,0.1978
0.2300,0.0100,0.0100,0.1678,0.0100,0.1978
0.2310,0.0100,0.0100,0.1678,0.0100,0.1978
0.2320,0.0100,0.0100,0.1678,0.0100,0.1978
0.2330,0.0100,0.0100,0.1678,0.0100,0.1978
0.2340,0.0100,0.0100,0.1678,0.0100,0.1978
0.2350,0.0100,0.0100,0.1678,0.0100,0.1978
0.2360,0.0100,0.0100,0.1678,0.0100,0.1978
0.2370,0.0100,0.0100,0.1678,0.0100,0.1978
0.2380,0.0100,0.0100,0.1678,0.0100,0.1978
0.2390,0.0100,0.0100,0.1678,0.0100,0.1978
0.2400,0.0100,0.0100,0.1678,0.0100,0.1978
0.2410,0.0100,0.0100,0.1678,0.0100,0.1978
0.2420,0.0100,0.0100,0.1678,0.0100,0.1978
0.2430,0.0100,0.0100,0.1678,0.0100,0.1978
0.2440,0.0100,0.0100,0.1678,0.0100,0.1978
0.2450,0.0100,0.0100,0.1678,0.0100,0.1978
0.2460,0.0100,0.0100,0.1678,0.0100,0.1978
0.2470,0.0100,0.0100,0.1678,0.0100,0.1978
0.2480,0.0100,0.0100,0.1678,0.0100,0.1978
0.2490,0.0100,0.0100,0.1678,0.0100,0.1978
0.2500,0.0100,0.0100,0.1678,0.0100,0.1978
0.2510,0.0100,0.0100,0.1679,0.0100,0.1979
0.2520,0.0100,0.0100,0.1679,0.0100,0.1979
0.2530,0.0100,0.0100,0.1679,0.0100,0.1979
0.2540,0.0100,0.0100,0.1679,0.0100,0.1979
0.2550,0.0100,0.0100,0.1679,0.0100,0.1979
0.2560,0.0100,0.0100,0.1679,0.0100,0.1979
0.2570,0.0100,0.0100,0.1679,0.0100,0.1979
0.2580,0.0100,0.0100,0.1679,0.0100,0.1979
0.2590,0.0100,0.0100,0.1679,0.0100,0.1979
0.2600,0.0100,0.0100,0.1679,0.0100,0.1979
0.2610,0.0100,0.0100,0.1679,0.0100,0.1979
0.2620,0.0100,0.0100,0.1679,0.0100,0.1979
0.2630,0.0100,0.0100,0.1679,0.0100,0.1979
0.2640,0.0100,0.0100,0.1679,0.0100,0.1979
0.2650,0.0100,0.0100,0.1679,0.0100,0.1979
0.2660,0.0100,0.0100,0.1679,0.0100,0.1979
0.2670,0.0100,0.0100,0.1679,0.0100,0.1979
0.2680,0.0100,0.0100,0.1679,0.0100,0.1979
0.2690,0.0100,0.0100,0.1679,0.0100,0.1979
0.2700,0.0100,0.0100,0.1679,0.0100,0.1979
0.2710,0.0100,0.0100,0.1679,0.0100,0.1979
0.2720,0.0100,0.0100,0.1679,0.0100,0.1979
0.2730,0.0100,0.0100,0.1679,0.0100,0.1979
0.2740,0.0100,0.0100,0.1679,0.0100,0.1979
0.2750,0.0100,0.0100,0.1679,0.0100,0.1979
0.2760,0.0100,0.0100,0.1679,0.0100,0.1979
0.2770,0.0100,0.0100,0.1679,0.0100,0.1979
0.2780,0.0100,0.0100,0.1679,0.0100,0.1979
0.2790,0.0100,0.0100,0.1679,0.0100,0.1979
0.2800,0.0100,0.0100,0.1679,0.0100,0.1979
0.2810,0.0100,0.0100,0.1679,0.0100,0.1979
0.2820,0.0100,0.0100,0.1679,0.0100,0.1979
0.2830,0.0100,0.0100,0.1679,0.0100,0.1979
0.2840,0.0100,0.0100,0.1679,0.0100,0.1979
0.2850,0.0100,0.0100,0.1679,0.0100,0.1979
0.2860,0.0100,0.0100,0.1679,0.0100,0.1979
0.2870,0.0100,0.0100,0.1679,0.0100,0.1979
0.2880,0.0100,0.0100,0.1679,0.0100,0.1979
0.2890,0.0100,0.0100,0.1679,0.0100,0.1979
0.2900,0.0100,0.0100,0.1679,0.0100,0.1979
0.2910,0.0100,0.0100,0.1679,0.0100,0.1979
0.2920,0.0100,0.0100,0.1679,0.0100,0.1979
0.2930,0.0100,0.0100,0.1679,0.0100,0.1979
0.2940,0.0100,0.0100,0.1679,0.0100,0.1979
0.2950,0.0100,0.0100,0.1679,0.0100,0.1979
0.2960,0.0100,0.0100,0.1679,0.0100,0.1979
0.2970,0.0100,0.0100,0.1679,0.0100,0.1979
0.2980,0.0100,0.0100,0.1679,0.0100,0.1979
0.2990,0.0100,0.0100,0.1679,0.0100,0.1979
0.3000,0.0100,0.0100,0.1679,0.0100,0.1979
0.3010,0.0100,0.0100,0.1679,0.0100,0.1979
0.3020,0.0100,0.0100,0.1679,0.0100,0.1979
0.3030,0.0100,0.0100,0.1679,0.0100,0.1979
0.3040,0.0100,0.0100,0.1679,0.0100,0.1979
0.3050,0.0100,0.0100,0.1679,0.0100,0.1979
0.3060,0.0100,0.0100,0.1679,0.0100,0.1979
0.3070,0.0100,0.0100,0.1679,0.0100,0.1979
0.3080,0.0100,0.0100,0.1679,0.0100,0.1979
0.3090,0.0100,0.0100,0.1679,0.0100,0.1979
0.3100,0.0100,0.0100,0.1679,0.0100,0.1979
0.3110,0.0100,0.0100,0.1679,0.0100,0.1979
0.3120,0.0100,0.0100,0.1679,0.0100,0.1979
0.3130,0.0100,0.0100,0.1679,0.0100,0.1979
0.3140,0.0100,0.0100,0.1679,0.0100,0.1979
0.3150,0.0100,0.0100,0.1679,0.0100,0.1979
0.3160,0.0100,0.0100,0.1679,0.0100,0.1979
0.3170,0.0100,0.0100,0.1679,0.0100,0.1979
0.3180,0.0100,0.0100,0.1679,0.0100,0.1979
0.3190,0.0100,0.0100,0.1679,0.0100,0.1979
0.3200,0.0100,0.0100,0.1679,0.0100,0.1979
0.3210,0.0100,0.0100,0.1679,0.0100,0.1979
0.3220,0.0100,0.0100,0.1679,0.0100,0.1979
0.3230,0.0100,0.0100,0.1679,0.0100,0.1979
0.3240,0.0100,0.0100,0.1679,0.0100,0.1979
0.3250,0.0100,0.0100,0.1679,0.0100,0.1979
0.3260,0.0100,0.0100,0.1679,0.0100,0.1979
0.3270,0.0100,0.0100,0.1679,0.0100,0.1979
0.3280,0.0100,0.0100,0.1679,0.0100,0.1979
0.3290,0.0100,0.0100,0.1679,0.0100,0.1979
0.3300,0.0100,0.0100,0.1679,0.0100,0.1979
0.3310,0.0100,0.0100,0.1679,0.0100,0.1979
0.3320,0.0100,0.0100,0.1679,0.0100,0.1979
0.3330,0.0100,0.0100,0.1679,0.0100,0.1979
0.3340,0.0100,0.0100,0.1679,0.0100,0.1979
0.3350,0.0100,0.0100,0.1679,0.0100,0.1979
0.3360,0.0100,0.0100,0.1679,0.0100,0.1979
0.3370,0.0100,0.0100,0.1679,0.0100,0.1979
0.3380,0.0100,0.0100,0.1679,0.0100,0.1979
0.3390,0.0100,0.0100,0.1679,0.0100,0.1979
0.3400,0.0100,0.0100,0.1679,0.0100,0.1979
0.3410,0.0100,0.0100,0.1679,0.0100,0.1979
0.3420,0.0100,0.0100,0.1679,0.0100,0.1979
0.3430,0.0100,0.0100,0.1679,0.0100,0.1979
0.3440,0.0100,0.0100,0.1679,0.0100,0.1979
0.3450,0.0100,0.0100,0.1679,0.0100,0.1979
0.3460,0.0100,0.0100,0.1679,0.0100,0.1979
0.3470,0.0100,0.0100,0.1679,0.0100,0.1979
0.3480,0.0100,0.0100,0.1679,0.0100,0.1979
0.3490,0.0100,0.0100,0.1679,0.0100,0.1979
0.3500,0.0100,0.0100,0.1679,0.0100,0.1979
0.3510,0.0100,0.0100,0.1679,0.0100,0.1979
0.3520,0.0100,0.0100,0.1679,0.0100,0.1979
0.3530,0.0100,0.0100,0.1679,0.0100,0.1979
0.3540,0.0100,0.0100,0.1679,0.0100,0.1979
0.3550,0.0100,0.0100,0.1679,0.0100,0.1979
0.3560,0.0100,0.0100,0.1679,0.0100,0.1979
0.3570,0.0100,0.0100,0.1679,0.0100,0.1979
0.3580,0.0100,0.0100,0.1679,0.0100,0.1979
0.3590,0.0100,0.0100,0.1679,0.0100,0.1979
0.3600,0.0100,0.0100,0.1679,0.0100,0.1979
0.3610,0.0100,0.0100,0.1679,0.0100,0.1979
0.3620,0.0100,0.0100,0.1679,0.0100,0.1979
0.3630,0.0100,0.0100,0.1679,0.0100,0.1979
0.3640,0.0100,0.0100,0.1679,0.0100,0.1979
0.3650,0.0100,0.0100,0.1679,0.0100,0.1979
0.3660,0.0100,0.0100,0.1679,0.0100,0.1979
0.3670,0.0100,0.0100,0.1679,0.0100,0.1979
0.3680,0.0100,0.0100,0.1679,0.0100,0.1979
0.3690,0.0100,0.0100,0.1679,0.0100,0.1979
0.3700,0.0100,0.0100,0.1679,0.0100,0.1979
0.3710,0.0100,0.0100,0.1679,0.0100,0.1979
0.3720,0.0100,0.0100,0.1679,0.0100,0.1979
0.3730,0.0100,0.0100,0.1679,0.0100,0.1979
0.3740,0.0100,0.0100,0.1679,0.0100,0.1979
0.3750,0.0100,0.0100,0.1679,0.0100,0.1979
0.3760,0.0100,0.0100,0.1679,0.0100,0.1979
0.3770,0.0100,0.0100,0.1679,0.0100,0.1979
0.3780,0.0100,0.0100,0.1679,0.0100,0.1979
0.3790,0.0100,0.0100,0.1679,0.0100,0.1979
0.3800,0.0100,0.0100,0.1679,0.0100,0.1979
0.3810,0.0599,0.0100,0.1679,0.0100,0.2477
0.3820,0.0599,0.0100,0.1679,0.0100,0.2477
0.3830,0.0599,0.0100,0.1679,0.0100,0.2477
0.3840,0.0599,0.0100,0.1679,0.0100,0.2477
0.3850,0.0599,0.0100,0.1679,0.0100,0.2477
0.3860,0.0599,0.0100,0.1679,0.0100,0.2477
0.3870,0.0599,0.0100,0.1679,0.0100,0.2477
0.3880,0.0599,0.0100,0.1679,0.0100,0.2477
0.3890,0.0599,0.0100,0.1679,0.0100,0.2477
0.3900,0.0599,0.0100,0.1679,0.0100,0.2477
0.3910,0.0599,0.0100,0.1679,0.0100,0.2477
0.3920,0.0599,0.0100,0.1679,0.0100,0.2477
0.3930,0.0599,0.0100,0.1679,0.0100,0.2477
0.3940,0.0599,0.0100,0.1679,0.0100,0.2477
0.3950,0.0599,0.0100,0.1679,0.0100,0.2477
0.3960,0.0599,0.0100,0.1679,0.0100,0.2477
0.3970,0.0599,0.0100,0.1679,0.0100,0.2477
0.3980,0.0599,0.0100,0.1679,0.0100,0.2477
0.3990,0.0599,0.0100,0.1679,0.0100,0.2477
0.4000,0.0599,0.0100,0.1679,0.0100,0.2477
0.4010,0.1255,0.0459,0.1679,0.0100,0.3492
0.4020,0.1249,0.0459,0.1679,0.0100,0.3486
0.4030,0.1243,0.0459,0.1679,0.0100,0.3480
0.4040,0.1237,0.0458,0.1679,0.0100,0.3474
0.4050,0.1231,0.0458,0.1679,0.0100,0.3468
0.4060,0.1225,0.0458,0.1679,0.0100,0.3462
0.4070,0.1219,0.0458,0.1679,0.0100,0.3456
0.4080,0.1214,0.0458,0.1679,0.0100,0.3451
0.4090,0.1208,0.0458,0.1679,0.0100,0.3445
0.4100,0.1203,0.0458,0.1679,0.0100,0.3439
0.4110,0.1197,0.0458,0.1679,0.0100,0.3434
0.4120,0.1192,0.0458,0.1679,0.0100,0.3428
0.4130,0.1186,0.0458,0.1679,0.0100,0.3423
0.4140,0.1181,0.0458,0.1679,0.0100,0.3418
0.4150,0.1176,0.0458,0.1679,0.0100,0.3413
0.4160,0.1171,0.0458,0.1679,0.0100,0.3407
0.4170,0.1166,0.0458,0.1679,0.0100,0.3402
0.4180,0.1161,0.0458,0.1679,0.0100,0.3397
0.4190,0.1156,0.0458,0.1679,0.0100,0.3392
0.4200,0.1151,0.0458,0.1679,0.0100,0.3387
0.4210,0.1868,0.1116,0.1679,0.0100,0.4762
0.4220,0.1848,0.1112,0.1679,0.0100,0.4738
0.4230,0.1842,0.1108,0.1679,0.0100,0.4728
0.4240,0.1844,0.1104,0.1679,0.0100,0.4727
0.4250,0.1856,0.1100,0.1679,0.0100,0.4734
0.4260,0.1874,0.1096,0.1679,0.0100,0.4749
0.4270,0.1899,0.1092,0.1679,0.0100,0.4770
0.4280,0.1928,0.1089,0.1679,0.0100,0.4795
0.4290,0.1958,0.1085,0.1679,0.0100,0.4822
0.4300,0.1989,0.1081,0.1679,0.0100,0.4849
0.4310,0.2018,0.1078,0.1679,0.0100,0.4874
0.4320,0.2042,0.1074,0.1679,0.0100,0.4895
0.4330,0.2040,0.1071,0.1679,0.0100,0.4889
0.4340,0.2034,0.1067,0.1679,0.0100,0.4880
0.4350,0.2026,0.1064,0.1679,0.0100,0.4868
0.4360,0.2014,0.1060,0.1679,0.0100,0.4853
0.4370,0.2000,0.1057,0.1679,0.0100,0.4836
0.4380,0.1983,0.1054,0.1678,0.0100,0.4815
0.4390,0.1963,0.1050,0.1678,0.0100,0.4792
0.4400,0.1942,0.1047,0.1678,0.0100,0.4767
0.4410,0.2821,0.1695,0.1678,0.0100,0.6294
0.4420,0.2802,0.1678,0.1678,0.0100,0.6259
0.4430,0.2783,0.1662,0.1678,0.0100,0.6223
0.4440,0.2763,0.1646,0.1678,0.0100,0.6187
0.4450,0.2742,0.1630,0.1678,0.0100,0.6151
0.4460,0.2721,0.1614,0.1678,0.0100,0.6114
0.4470,0.2698,0.1599,0.1678,0.0100,0.6076
0.4480,0.2675,0.1596,0.1678,0.0100,0.6050
0.4490,0.2652,0.1601,0.1679,0.0100,0.6031
0.4500,0.2628,0.1610,0.1679,0.0100,0.6017
0.4510,0.2605,0.1621,0.1680,0.0100,0.6005
0.4520,0.2582,0.1631,0.1681,0.0100,0.5994
0.4530,0.2560,0.1639,0.1682,0.0100,0.5981
0.4540,0.2539,0.1641,0.1683,0.0100,0.5963
0.4550,0.2518,0.1636,0.1685,0.0100,0.5939
0.4560,0.2499,0.1622,0.1687,0.0100,0.5907
0.4570,0.2481,0.1597,0.1689,0.0100,0.5867
0.4580,0.2464,0.1546,0.1691,0.0100,0.5801
0.4590,0.2448,0.1485,0.1694,0.0100,0.5727
0.4600,0.2433,0.1418,0.1696,0.0100,0.5647
0.4610,0.3443,0.2161,0.1699,0.0244,0.7547
0.4620,0.3398,0.2089,0.1702,0.0244,0.7433
0.4630,0.3359,0.2012,0.1705,0.0244,0.7320
0.4640,0.3326,0.1931,0.1708,0.0244,0.7208
0.4650,0.3298,0.1847,0.1710,0.0244,0.7100
0.4660,0.3276,0.1762,0.1713,0.0244,0.6995
0.4670,0.3259,0.1677,0.1715,0.0244,0.6895
0.4680,0.3247,0.1593,0.1718,0.0244,0.6801
0.4690,0.3237,0.1510,0.1720,0.0244,0.6711
0.4700,0.3230,0.1430,0.1722,0.0244,0.6625
0.4710,0.3224,0.1353,0.1724,0.0244,0.6544
0.4720,0.3218,0.1278,0.1726,0.0244,0.6466
0.4730,0.3211,0.1207,0.1728,0.0244,0.6390
0.4740,0.3203,0.1139,0.1729,0.0244,0.6315
0.4750,0.3192,0.1074,0.1731,0.0244,0.6240
0.4760,0.3178,0.1011,0.1732,0.0244,0.6164
0.4770,0.3160,0.0950,0.1734,0.0244,0.6087
0.4780,0.3138,0.0890,0.1735,0.0244,0.6007
0.4790,0.3112,0.0832,0.1736,0.0244,0.5924
0.4800,0.3080,0.0774,0.1737,0.0244,0.5835
0.4810,0.4229,0.1615,0.1738,0.0447,0.8029
0.4820,0.4148,0.1549,0.1739,0.0447,0.7883
0.4830,0.4070,0.1486,0.1740,0.0447,0.7743
0.4840,0.3997,0.1424,0.1741,0.0447,0.7609
0.4850,0.3929,0.1364,0.1742,0.0447,0.7482
0.4860,0.3867,0.1305,0.1743,0.0447,0.7361
0.4870,0.3810,0.1246,0.1743,0.0447,0.7247
0.4880,0.3760,0.1186,0.1744,0.0447,0.7137
0.4890,0.3714,0.1126,0.1745,0.0447,0.7032
0.4900,0.3673,0.1065,0.1745,0.0447,0.6929
0.4910,0.3635,0.1002,0.1746,0.0447,0.6829
0.4920,0.3600,0.0937,0.1746,0.0447,0.6730
0.4930,0.3566,0.0871,0.1747,0.0447,0.6630
0.4940,0.3532,0.0804,0.1747,0.0447,0.6530
0.4950,0.3498,0.0735,0.1747,0.0447,0.6428
0.4960,0.3462,0.0666,0.1748,0.0447,0.6323
0.4970,0.3424,0.0597,0.1748,0.0447,0.6216
0.4980,0.3383,0.0527,0.1748,0.0447,0.6105
0.4990,0.3338,0.0459,0.1748,0.0447,0.5993
0.5000,0.3290,0.0392,0.1748,0.0447,0.5877
0.5010,0.4486,0.1318,0.1748,0.0701,0.8254
0.5020,0.4381,0.1246,0.1748,0.0701,0.8077
0.5030,0.4281,0.1177,0.1749,0.0701,0.7907
0.5040,0.4186,0.1110,0.1748,0.0701,0.7745
0.5050,0.4096,0.1045,0.1748,0.0701,0.7590
0.5060,0.4011,0.0982,0.1748,0.0701,0.7443
0.5070,0.3932,0.0922,0.1748,0.0701,0.7303
0.5080,0.3858,0.0863,0.1748,0.0701,0.7170
0.5090,0.3788,0.0805,0.1748,0.0701,0.7042
0.5100,0.3722,0.0749,0.1748,0.0701,0.6920
0.5110,0.3657,0.0695,0.1747,0.0701,0.6801
0.5120,0.3595,0.0641,0.1747,0.0701,0.6684
0.5130,0.3533,0.0589,0.1747,0.0701,0.6570
0.5140,0.3470,0.0538,0.1747,0.0701,0.6456
0.5150,0.3406,0.0487,0.1746,0.0701,0.6341
0.5160,0.3341,0.0438,0.1746,0.0701,0.6225
0.5170,0.3273,0.0389,0.1746,0.0701,0.6108
0.5180,0.3201,0.0340,0.1745,0.0701,0.5988
0.5190,0.3127,0.0293,0.1745,0.0701,0.5866
0.5200,0.3050,0.0245,0.1745,0.0701,0.5740
0.5210,0.4337,0.1284,0.1744,0.1004,0.8369
0.5220,0.4202,0.1231,0.1744,0.1002,0.8178
0.5230,0.4073,0.1180,0.1743,0.0999,0.7995
0.5240,0.3951,0.1130,0.1743,0.0997,0.7821
0.5250,0.3837,0.1083,0.1743,0.0994,0.7657
0.5260,0.3730,0.1036,0.1742,0.0992,0.7501
0.5270,0.3631,0.0992,0.1742,0.0990,0.7354
0.5280,0.3538,0.0948,0.1741,0.0987,0.7214
0.5290,0.3450,0.0906,0.1741,0.0985,0.7082
0.5300,0.3366,0.0865,0.1740,0.0983,0.6954
0.5310,0.3286,0.0824,0.1740,0.0980,0.6831
0.5320,0.3207,0.0785,0.1740,0.0978,0.6711
0.5330,0.3129,0.0747,0.1739,0.0976,0.6592
0.5340,0.3051,0.0710,0.1739,0.0974,0.6473
0.5350,0.2971,0.0673,0.1738,0.0972,0.6354
0.5360,0.2889,0.0638,0.1738,0.0969,0.6235
0.5370,0.2805,0.0603,0.1738,0.0967,0.6113
0.5380,0.2717,0.0569,0.1737,0.0965,0.5988
0.5390,0.2627,0.0534,0.1737,0.0963,0.5860
0.5400,0.2533,0.0498,0.1736,0.0961,0.5728
0.5410,0.3892,0.1675,0.1736,0.1245,0.8548
0.5420,0.3744,0.1628,0.1736,0.1239,0.8347
0.5430,0.3603,0.1583,0.1735,0.1233,0.8154
0.5440,0.3470,0.1538,0.1735,0.1227,0.7970
0.5450,0.3344,0.1495,0.1735,0.1221,0.7794
0.5460,0.3225,0.1451,0.1735,0.1215,0.7626
0.5470,0.3114,0.1408,0.1734,0.1209,0.7465
0.5480,0.3009,0.1364,0.1734,0.1203,0.7311
0.5490,0.2910,0.1320,0.1734,0.1197,0.7161
0.5500,0.2815,0.1274,0.1734,0.1194,0.7017
0.5510,0.2724,0.1226,0.1734,0.1170,0.6854
0.5520,0.2635,0.1177,0.1733,0.1113,0.6659
0.5530,0.2548,0.1126,0.1733,0.1024,0.6430
0.5540,0.2460,0.1072,0.1733,0.0910,0.6176
0.5550,0.2372,0.1017,0.1733,0.0786,0.5909
0.5560,0.2283,0.0961,0.1733,0.0667,0.5644
0.5570,0.2192,0.0902,0.1733,0.0562,0.5389
0.5580,0.2098,0.0843,0.1733,0.0476,0.5150
0.5590,0.2002,0.0784,0.1733,0.0409,0.4928
0.5600,0.1904,0.0724,0.1733,0.0359,0.4720
0.5610,0.3404,0.1940,0.1733,0.0660,0.7737
0.5620,0.3258,0.1859,0.1733,0.0629,0.7480
0.5630,0.3120,0.1783,0.1733,0.0601,0.7237
0.5640,0.2989,0.1710,0.1733,0.0573,0.7005
0.5650,0.2866,0.1641,0.1734,0.0544,0.6785
0.5660,0.2750,0.1577,0.1734,0.0517,0.6578
0.5670,0.2642,0.1516,0.1734,0.0493,0.6385
0.5680,0.2540,0.1459,0.1734,0.0477,0.6209
0.5690,0.2444,0.1403,0.1734,0.0469,0.6049
0.5700,0.2352,0.1349,0.1734,0.0467,0.5902
0.5710,0.2263,0.1295,0.1734,0.0467,0.5760
0.5720,0.2177,0.1240,0.1734,0.0467,0.5619
0.5730,0.2092,0.1184,0.1735,0.0467,0.5478
0.5740,0.2008,0.1126,0.1735,0.0467,0.5336
0.5750,0.1923,0.1065,0.1735,0.0467,0.5190
0.5760,0.1837,0.1001,0.1735,0.0467,0.5040
0.5770,0.1749,0.0934,0.1735,0.0467,0.4886
0.5780,0.1659,0.0864,0.1735,0.0467,0.4726
0.5790,0.1568,0.0791,0.1736,0.0467,0.4562
0.5800,0.1475,0.0716,0.1736,0.0467,0.4394
0.5810,0.3139,0.2060,0.1736,0.0874,0.7809
0.5820,0.3001,0.1961,0.1736,0.0874,0.7573
0.5830,0.2870,0.1865,0.1737,0.0874,0.7347
0.5840,0.2748,0.1773,0.1737,0.0874,0.7131
0.5850,0.2633,0.1684,0.1737,0.0874,0.6928
0.5860,0.2526,0.1599,0.1738,0.0874,0.6736
0.5870,0.2426,0.1517,0.1738,0.0874,0.6555
0.5880,0.2333,0.1439,0.1738,0.0874,0.6384
0.5890,0.2246,0.1363,0.1738,0.0874,0.6221
0.5900,0.2164,0.1288,0.1739,0.0874,0.6065
0.5910,0.2086,0.1215,0.1739,0.0874,0.5914
0.5920,0.2010,0.1142,0.1739,0.0874,0.5765
0.5930,0.1935,0.1068,0.1740,0.0874,0.5617
0.5940,0.1861,0.0994,0.1740,0.0874,0.5469
0.5950,0.1787,0.0918,0.1740,0.0874,0.5319
0.5960,0.1712,0.0840,0.1740,0.0874,0.5166
0.5970,0.1635,0.0760,0.1741,0.0874,0.5009
0.5980,0.1556,0.0678,0.1741,0.0874,0.4849
0.5990,0.1476,0.0594,0.1741,0.0874,0.4685
0.6000,0.1394,0.0508,0.1742,0.0874,0.4518
0.6010,0.3183,0.1869,0.1742,0.1228,0.8023
0.6020,0.3054,0.1765,0.1742,0.1226,0.7787
0.6030,0.2931,0.1664,0.1742,0.1225,0.7563
0.6040,0.2816,0.1567,0.1743,0.1223,0.7350
0.6050,0.2710,0.1474,0.1743,0.1222,0.7149
0.6060,0.2611,0.1385,0.1743,0.1222,0.6961
0.6070,0.2520,0.1298,0.1744,0.1220,0.6782
0.6080,0.2436,0.1214,0.1744,0.1216,0.6611
0.6090,0.2359,0.1133,0.1744,0.1209,0.6444
0.6100,0.2286,0.1052,0.1744,0.1198,0.6281
0.6110,0.2218,0.0971,0.1745,0.1186,0.6120
0.6120,0.2152,0.0891,0.1745,0.1173,0.5961
0.6130,0.2088,0.0810,0.1745,0.1160,0.5803
0.6140,0.2025,0.0727,0.1745,0.1148,0.5645
0.6150,0.1962,0.0643,0.1746,0.1137,0.5487
0.6160,0.1897,0.0557,0.1746,0.1128,0.5328
0.6170,0.1831,0.0469,0.1746,0.1119,0.5166
0.6180,0.1763,0.0380,0.1746,0.1112,0.5002
0.6190,0.1693,0.0290,0.1746,0.1105,0.4835
0.6200,0.1621,0.0200,0.1747,0.1099,0.4666
0.6210,0.3569,0.1707,0.1747,0.1543,0.8566
0.6220,0.3437,0.1602,0.1747,0.1530,0.8316
0.6230,0.3313,0.1502,0.1747,0.1514,0.8077
0.6240,0.3198,0.1405,0.1747,0.1495,0.7845
0.6250,0.3092,0.1312,0.1748,0.1470,0.7621
0.6260,0.2995,0.1221,0.1748,0.1441,0.7404
0.6270,0.2907,0.1133,0.1748,0.1407,0.7194
0.6280,0.2827,0.1047,0.1748,0.1369,0.6992
0.6290,0.2754,0.0963,0.1748,0.1330,0.6796
0.6300,0.2688,0.0882,0.1749,0.1290,0.6608
0.6310,0.2626,0.0803,0.1749,0.1250,0.6426
0.6320,0.2566,0.0724,0.1749,0.1210,0.6249
0.6330,0.2509,0.0646,0.1749,0.1171,0.6075
0.6340,0.2452,0.0567,0.1749,0.1132,0.5901
0.6350,0.2395,0.0487,0.1749,0.1095,0.5726
0.6360,0.2336,0.0406,0.1749,0.1058,0.5549
0.6370,0.2275,0.0323,0.1749,0.1022,0.5369
0.6380,0.2210,0.0238,0.1749,0.0988,0.5186
0.6390,0.2142,0.0152,0.1749,0.0956,0.5000
0.6400,0.2071,0.0100,0.1749,0.0926,0.4847
0.6410,0.4156,0.1670,0.1750,0.1341,0.8916
0.6420,0.4007,0.1570,0.1750,0.1311,0.8636
0.6430,0.3867,0.1473,0.1750,0.1281,0.8370
0.6440,0.3737,0.1380,0.1750,0.1250,0.8117
0.6450,0.3619,0.1290,0.1750,0.1217,0.7875
0.6460,0.3512,0.1202,0.1750,0.1181,0.7645
0.6470,0.3415,0.1117,0.1750,0.1144,0.7425
0.6480,0.3328,0.1034,0.1750,0.1106,0.7218
0.6490,0.3250,0.0953,0.1750,0.1068,0.7021
0.6500,0.3179,0.0874,0.1750,0.1032,0.6835
0.6510,0.3113,0.0796,0.1750,0.0998,0.6657
0.6520,0.3051,0.0718,0.1750,0.0967,0.6486
0.6530,0.2990,0.0639,0.1750,0.0939,0.6319
0.6540,0.2930,0.0559,0.1750,0.0914,0.6154
0.6550,0.2869,0.0478,0.1750,0.0892,0.5989
0.6560,0.2806,0.0394,0.1750,0.0873,0.5823
0.6570,0.2739,0.0310,0.1750,0.0857,0.5655
0.6580,0.2668,0.0223,0.1750,0.0844,0.5484
0.6590,0.2592,0.0136,0.1750,0.0834,0.5311
0.6600,0.2512,0.0100,0.1750,0.0827,0.5189
0.6610,0.4656,0.1707,0.1749,0.1276,0.9389
0.6620,0.4481,0.1605,0.1749,0.1272,0.9108
0.6630,0.4318,0.1506,0.1749,0.1268,0.8842
0.6640,0.4167,0.1411,0.1749,0.1263,0.8590
0.6650,0.4028,0.1318,0.1749,0.1255,0.8351
0.6660,0.3903,0.1229,0.1749,0.1244,0.8125
0.6670,0.3790,0.1141,0.1749,0.1230,0.7910
0.6680,0.3688,0.1055,0.1749,0.1214,0.7706
0.6690,0.3595,0.0971,0.1749,0.1197,0.7513
0.6700,0.3511,0.0889,0.1749,0.1180,0.7329
0.6710,0.3432,0.0808,0.1749,0.1164,0.7153
0.6720,0.3356,0.0729,0.1749,0.1149,0.6984
0.6730,0.3283,0.0650,0.1749,0.1135,0.6817
0.6740,0.3210,0.0570,0.1749,0.1122,0.6651
0.6750,0.3135,0.0490,0.1749,0.1110,0.6484
0.6760,0.3057,0.0408,0.1749,0.1098,0.6313
0.6770,0.2975,0.0325,0.1749,0.1087,0.6136
0.6780,0.2889,0.0240,0.1749,0.1077,0.5954
0.6790,0.2797,0.0152,0.1749,0.1067,0.5766
0.6800,0.2700,0.0100,0.1749,0.1058,0.5607
0.6810,0.4931,0.1847,0.1749,0.1550,1.0077
0.6820,0.4728,0.1740,0.1749,0.1536,0.9752
0.6830,0.4538,0.1637,0.1749,0.1519,0.9443
0.6840,0.4362,0.1538,0.1749,0.1499,0.9148
0.6850,0.4202,0.1442,0.1749,0.1473,0.8866
0.6860,0.4057,0.1350,0.1749,0.1443,0.8598
0.6870,0.3926,0.1261,0.1749,0.1407,0.8343
0.6880,0.3807,0.1175,0.1749,0.1368,0.8098
0.6890,0.3698,0.1090,0.1748,0.1327,0.7864
0.6900,0.3598,0.1006,0.1748,0.1285,0.7638
0.6910,0.3504,0.0922,0.1748,0.1243,0.7417
0.6920,0.3414,0.0836,0.1748,0.1201,0.7199
0.6930,0.3326,0.0748,0.1748,0.1161,0.6983
0.6940,0.3237,0.0658,0.1748,0.1121,0.6764
0.6950,0.3147,0.0565,0.1747,0.1082,0.6541
0.6960,0.3053,0.0469,0.1747,0.1045,0.6313
0.6970,0.2954,0.0370,0.1747,0.1009,0.6080
0.6980,0.2850,0.0269,0.1747,0.0974,0.5840
0.6990,0.2741,0.0166,0.1746,0.0941,0.5594
0.7000,0.2626,0.0100,0.1746,0.0910,0.5383
0.7010,0.4901,0.1938,0.1746,0.1374,0.9959
0.7020,0.4677,0.1814,0.1746,0.1343,0.9579
0.7030,0.4467,0.1694,0.1746,0.1312,0.9219
0.7040,0.4274,0.1578,0.1746,0.1280,0.8878
0.7050,0.4097,0.1466,0.1745,0.1245,0.8553
0.7060,0.3935,0.1358,0.1745,0.1207,0.8245
0.7070,0.3788,0.1252,0.1745,0.1167,0.7952
0.7080,0.3653,0.1149,0.1745,0.1126,0.7673
0.7090,0.3529,0.1048,0.1745,0.1085,0.7408
0.7100,0.3414,0.0948,0.1745,0.1046,0.7154
0.7110,0.3306,0.0850,0.1746,0.1008,0.6910
0.7120,0.3201,0.0754,0.1746,0.0974,0.6674
0.7130,0.3097,0.0658,0.1746,0.0943,0.6444
0.7140,0.2994,0.0563,0.1746,0.0914,0.6217
0.7150,0.2888,0.0466,0.1746,0.0889,0.5989
0.7160,0.2779,0.0368,0.1746,0.0866,0.5760
0.7170,0.2666,0.0268,0.1746,0.0847,0.5526
0.7180,0.2547,0.0165,0.1746,0.0830,0.5288
0.7190,0.2423,0.0100,0.1746,0.0817,0.5086
0.7200,0.2294,0.0100,0.1745,0.0808,0.4947
0.7210,0.4671,0.1862,0.1745,0.1353,0.9632
0.7220,0.4435,0.1735,0.1745,0.1345,0.9260
0.7230,0.4215,0.1612,0.1745,0.1337,0.8909
0.7240,0.4012,0.1494,0.1745,0.1326,0.8577
0.7250,0.3825,0.1380,0.1745,0.1312,0.8262
0.7260,0.3654,0.1269,0.1745,0.1294,0.7962
0.7270,0.3498,0.1161,0.1745,0.1272,0.7677
0.7280,0.3356,0.1055,0.1745,0.1247,0.7403
0.7290,0.3224,0.0949,0.1745,0.1221,0.7139
0.7300,0.3100,0.0843,0.1745,0.1195,0.6884
0.7310,0.2983,0.0736,0.1745,0.1170,0.6634
0.7320,0.2870,0.0626,0.1744,0.1146,0.6386
0.7330,0.2758,0.0514,0.1744,0.1124,0.6139
0.7340,0.2645,0.0398,0.1744,0.1103,0.5890
0.7350,0.2531,0.0280,0.1743,0.1083,0.5636
0.7360,0.2412,0.0158,0.1743,0.1063,0.5377
0.7370,0.2290,0.0100,0.1742,0.1045,0.5177
0.7380,0.2162,0.0100,0.1742,0.1028,0.5032
0.7390,0.2029,0.0100,0.1742,0.1012,0.4883
0.7400,0.1891,0.0100,0.1741,0.0997,0.4730
0.7410,0.4395,0.1676,0.1741,0.1581,0.9394
0.7420,0.4156,0.1534,0.1741,0.1561,0.8992
0.7430,0.3932,0.1397,0.1741,0.1539,0.8608
0.7440,0.3725,0.1262,0.1740,0.1513,0.8241
0.7450,0.3535,0.1130,0.1740,0.1482,0.7887
0.7460,0.3362,0.1001,0.1740,0.1444,0.7547
0.7470,0.3203,0.0873,0.1740,0.1402,0.7218
0.7480,0.3057,0.0746,0.1740,0.1356,0.6899
0.7490,0.2922,0.0619,0.1740,0.1308,0.6589
0.7500,0.2796,0.0493,0.1739,0.1260,0.6288
0.7510,0.2675,0.0366,0.1739,0.1211,0.5992
0.7520,0.2559,0.0238,0.1739,0.1165,0.5700
0.7530,0.2444,0.0108,0.1739,0.1119,0.5409
0.7540,0.2328,0.0100,0.1739,0.1075,0.5242
0.7550,0.2210,0.0100,0.1739,0.1033,0.5082
0.7560,0.2089,0.0100,0.1739,0.0992,0.4920
0.7570,0.1963,0.0100,0.1739,0.0953,0.4755
0.7580,0.1832,0.0100,0.1738,0.0916,0.4587
0.7590,0.1697,0.0100,0.1738,0.0881,0.4416
0.7600,0.1556,0.0100,0.1738,0.0849,0.4244
0.7610,0.4160,0.1242,0.1738,0.1410,0.8549
0.7620,0.3923,0.1094,0.1738,0.1378,0.8133
0.7630,0.3702,0.0948,0.1738,0.1346,0.7734
0.7640,0.3498,0.0804,0.1738,0.1312,0.7352
0.7650,0.3310,0.0660,0.1738,0.1275,0.6983
0.7660,0.3138,0.0517,0.1737,0.1234,0.6626
0.7670,0.2981,0.0372,0.1737,0.1190,0.6281
0.7680,0.2836,0.0226,0.1737,0.1145,0.5945
0.7690,0.2702,0.0100,0.1737,0.1100,0.5639
0.7700,0.2577,0.0100,0.1737,0.1056,0.5470
0.7710,0.2457,0.0100,0.1737,0.1014,0.5308
0.7720,0.2341,0.0100,0.1736,0.0976,0.5154
0.7730,0.2227,0.0100,0.1736,0.0940,0.5004
0.7740,0.2112,0.0100,0.1736,0.0908,0.4856
0.7750,0.1995,0.0100,0.1736,0.0879,0.4710
0.7760,0.1875,0.0100,0.1736,0.0853,0.4564
0.7770,0.1751,0.0100,0.1736,0.0830,0.4416
0.7780,0.1621,0.0100,0.1737,0.0810,0.4268
0.7790,0.1487,0.0100,0.1738,0.0793,0.4119
0.7800,0.1349,0.0131,0.1740,0.0780,0.4000
0.7810,0.4105,0.0708,0.1743,0.1371,0.7927
0.7820,0.3869,0.0584,0.1746,0.1360,0.7559
0.7830,0.3649,0.0472,0.1749,0.1349,0.7219
0.7840,0.3446,0.0370,0.1753,0.1335,0.6904
0.7850,0.3261,0.0277,0.1757,0.1317,0.6611
0.7860,0.3091,0.0189,0.1761,0.1296,0.6336
0.7870,0.2936,0.0105,0.1764,0.1270,0.6076
0.7880,0.2795,0.0100,0.1768,0.1241,0.5904
0.7890,0.2664,0.0100,0.1771,0.1212,0.5747
0.7900,0.2543,0.0100,0.1773,0.1182,0.5598
0.7910,0.2427,0.0100,0.1776,0.1154,0.5456
0.7920,0.2315,0.0100,0.1778,0.1127,0.5320
0.7930,0.2205,0.0100,0.1779,0.1102,0.5186
0.7940,0.2094,0.0100,0.1781,0.1078,0.5052
0.7950,0.1981,0.0100,0.1782,0.1056,0.4918
0.7960,0.1864,0.0100,0.1783,0.1034,0.4781
0.7970,0.1743,0.0100,0.1783,0.1014,0.4641
0.7980,0.1617,0.0100,0.1784,0.0996,0.4497
0.7990,0.1486,0.0100,0.1784,0.0979,0.4349
0.8000,0.1351,0.0100,0.1784,0.0963,0.4198
0.8010,0.4256,0.1078,0.1784,0.1596,0.8715
0.8020,0.4015,0.0970,0.1783,0.1575,0.8344
0.8030,0.3790,0.0862,0.1783,0.1553,0.7988
0.8040,0.3584,0.0755,0.1782,0.1526,0.7647
0.8050,0.3396,0.0647,0.1781,0.1494,0.7317
0.8060,0.3225,0.0538,0.1781,0.1455,0.6999
0.8070,0.3071,0.0428,0.1780,0.1411,0.6690
0.8080,0.2931,0.0317,0.1778,0.1363,0.6389
0.8090,0.2803,0.0204,0.1777,0.1313,0.6097
0.8100,0.2684,0.0100,0.1776,0.1262,0.5823
0.8110,0.2573,0.0100,0.1775,0.1212,0.5660
0.8120,0.2465,0.0100,0.1773,0.1164,0.5502
0.8130,0.2360,0.0100,0.1772,0.1117,0.5348
0.8140,0.2254,0.0100,0.1770,0.1071,0.5195
0.8150,0.2145,0.0100,0.1768,0.1027,0.5041
0.8160,0.2034,0.0100,0.1767,0.0985,0.4885
0.8170,0.1917,0.0100,0.1765,0.0944,0.4726
0.8180,0.1795,0.0100,0.1763,0.0906,0.4564
0.8190,0.1667,0.0100,0.1761,0.0870,0.4398
0.8200,0.1534,0.0100,0.1760,0.0836,0.4230
0.8210,0.4397,0.1143,0.1758,0.1444,0.8743
0.8220,0.4155,0.0997,0.1757,0.1410,0.8320
0.8230,0.3929,0.0858,0.1756,0.1377,0.7919
0.8240,0.3721,0.0725,0.1755,0.1341,0.7541
0.8250,0.3531,0.0599,0.1754,0.1301,0.7185
0.8260,0.3358,0.0479,0.1754,0.1257,0.6848
0.8270,0.3202,0.0365,0.1754,0.1210,0.6531
0.8280,0.3059,0.0256,0.1754,0.1161,0.6230
0.8290,0.2929,0.0151,0.1754,0.1112,0.5946
0.8300,0.2809,0.0100,0.1754,0.1064,0.5727
0.8310,0.2695,0.0100,0.1754,0.1019,0.5568
0.8320,0.2586,0.0100,0.1755,0.0976,0.5417
0.8330,0.2479,0.0100,0.1755,0.0937,0.5271
0.8340,0.2372,0.0100,0.1755,0.0901,0.5128
0.8350,0.2263,0.0100,0.1755,0.0869,0.4986
0.8360,0.2150,0.0100,0.1755,0.0839,0.4844
0.8370,0.2033,0.0100,0.1755,0.0812,0.4700
0.8380,0.1910,0.0100,0.1754,0.0789,0.4554
0.8390,0.1782,0.0100,0.1754,0.0770,0.4406
0.8400,0.1649,0.0100,0.1753,0.0754,0.4256
0.8410,0.4542,0.1171,0.1753,0.1391,0.8857
0.8420,0.4293,0.1048,0.1752,0.1377,0.8470
0.8430,0.4061,0.0927,0.1751,0.1362,0.8103
0.8440,0.3849,0.0807,0.1751,0.1346,0.7753
0.8450,0.3656,0.0688,0.1750,0.1325,0.7418
0.8460,0.3481,0.0568,0.1749,0.1300,0.7098
0.8470,0.3323,0.0447,0.1748,0.1270,0.6789
0.8480,0.3180,0.0325,0.1747,0.1238,0.6491
0.8490,0.3050,0.0202,0.1746,0.1205,0.6203
0.8500,0.2929,0.0100,0.1745,0.1172,0.5947
0.8510,0.2816,0.0100,0.1744,0.1140,0.5801
0.8520,0.2707,0.0100,0.1743,0.1110,0.5661
0.8530,0.2600,0.0100,0.1743,0.1082,0.5525
0.8540,0.2493,0.0100,0.1742,0.1056,0.5391
0.8550,0.2384,0.0100,0.1741,0.1031,0.5256
0.8560,0.2270,0.0100,0.1740,0.1008,0.5118
0.8570,0.2152,0.0100,0.1740,0.0986,0.4978
0.8580,0.2028,0.0100,0.1739,0.0966,0.4833
0.8590,0.1898,0.0100,0.1739,0.0947,0.4684
0.8600,0.1762,0.0100,0.1739,0.0931,0.4532
0.8610,0.4601,0.0994,0.1739,0.1563,0.8897
0.8620,0.4348,0.0863,0.1739,0.1543,0.8493
0.8630,0.4113,0.0738,0.1739,0.1520,0.8110
0.8640,0.3896,0.0617,0.1739,0.1494,0.7747
0.8650,0.3699,0.0498,0.1740,0.1463,0.7400
0.8660,0.3519,0.0381,0.1740,0.1426,0.7066
0.8670,0.3357,0.0264,0.1740,0.1383,0.6745
0.8680,0.3210,0.0146,0.1740,0.1337,0.6433
0.8690,0.3075,0.0100,0.1740,0.1290,0.6204
0.8700,0.2950,0.0100,0.1740,0.1241,0.6031
0.8710,0.2833,0.0100,0.1739,0.1194,0.5866
0.8720,0.2720,0.0100,0.1739,0.1148,0.5706
0.8730,0.2609,0.0100,0.1738,0.1103,0.5550
0.8740,0.2498,0.0100,0.1738,0.1061,0.5396
0.8750,0.2385,0.0100,0.1737,0.1020,0.5241
0.8760,0.2268,0.0100,0.1736,0.0980,0.5084
0.8770,0.2146,0.0100,0.1735,0.0943,0.4924
0.8780,0.2019,0.0100,0.1735,0.0907,0.4761
0.8790,0.1886,0.0100,0.1734,0.0874,0.4594
0.8800,0.1748,0.0192,0.1733,0.0843,0.4517
0.8810,0.4617,0.0715,0.1733,0.1456,0.8521
0.8820,0.4360,0.0573,0.1733,0.1425,0.8090
0.8830,0.4121,0.0435,0.1733,0.1393,0.7682
0.8840,0.3901,0.0300,0.1733,0.1359,0.7294
0.8850,0.3701,0.0168,0.1733,0.1322,0.6924
0.8860,0.3520,0.0100,0.1733,0.1280,0.6633
0.8870,0.3356,0.0100,0.1733,0.1234,0.6424
0.8880,0.3208,0.0100,0.1733,0.1187,0.6228
0.8890,0.3072,0.0100,0.1734,0.1138,0.6044
0.8900,0.2946,0.0100,0.1734,0.1091,0.5871
0.8910,0.2827,0.0100,0.1734,0.1046,0.5707
0.8920,0.2712,0.0100,0.1734,0.1004,0.5551
0.8930,0.2600,0.0100,0.1735,0.0965,0.5399
0.8940,0.2487,0.0100,0.1735,0.0929,0.5250
0.8950,0.2372,0.0100,0.1735,0.0896,0.5102
0.8960,0.2252,0.0100,0.1735,0.0865,0.4952
0.8970,0.2128,0.0201,0.1735,0.0837,0.4901
0.8980,0.1998,0.0379,0.1734,0.0813,0.4924
0.8990,0.1862,0.0556,0.1734,0.0792,0.4944
0.9000,0.1720,0.0732,0.1734,0.0774,0.4960
0.9010,0.4539,0.0276,0.1734,0.1408,0.7957
0.9020,0.4283,0.0134,0.1734,0.1391,0.7542
0.9030,0.4044,0.0100,0.1733,0.1375,0.7252
0.9040,0.3824,0.0100,0.1733,0.1355,0.7013
0.9050,0.3623,0.0100,0.1733,0.1332,0.6788
0.9060,0.3440,0.0100,0.1733,0.1304,0.6578
0.9070,0.3274,0.0100,0.1733,0.1272,0.6379
0.9080,0.3123,0.0100,0.1734,0.1237,0.6193
0.9090,0.2983,0.0100,0.1734,0.1201,0.6019
0.9100,0.2854,0.0100,0.1734,0.1166,0.5854
0.9110,0.2732,0.0100,0.1734,0.1131,0.5698
0.9120,0.2614,0.0100,0.1735,0.1099,0.5548
0.9130,0.2498,0.0159,0.1735,0.1069,0.5461
0.9140,0.2382,0.0341,0.1735,0.1040,0.5499
0.9150,0.2263,0.0523,0.1736,0.1014,0.5535
0.9160,0.2141,0.0703,0.1736,0.0989,0.5569
0.9170,0.2014,0.0882,0.1736,0.0966,0.5597
0.9180,0.1882,0.1057,0.1736,0.0944,0.5619
0.9190,0.1743,0.1230,0.1736,0.0924,0.5634
0.9200,0.1600,0.1399,0.1736,0.0907,0.5643
0.9210,0.4460,0.0100,0.1736,0.1539,0.7835
0.9220,0.4203,0.0100,0.1737,0.1518,0.7558
0.9230,0.3965,0.0100,0.1737,0.1496,0.7298
0.9240,0.3745,0.0100,0.1737,0.1471,0.7053
0.9250,0.3545,0.0100,0.1738,0.1440,0.6823
0.9260,0.3363,0.0100,0.1739,0.1403,0.6605
0.9270,0.3197,0.0100,0.1740,0.1362,0.6399
0.9280,0.3046,0.0100,0.1740,0.1317,0.6204
0.9290,0.2908,0.0102,0.1741,0.1271,0.6022
0.9300,0.2779,0.0279,0.1742,0.1224,0.6024
0.9310,0.2657,0.0456,0.1743,0.1179,0.6034
0.9320,0.2539,0.0632,0.1743,0.1134,0.6049
0.9330,0.2423,0.0807,0.1744,0.1092,0.6066
0.9340,0.2306,0.0980,0.1744,0.1051,0.6081
0.9350,0.2187,0.1149,0.1745,0.1012,0.6094
0.9360,0.2064,0.1316,0.1745,0.0975,0.6100
0.9370,0.1937,0.1479,0.1745,0.0940,0.6100
0.9380,0.1804,0.1638,0.1745,0.0906,0.6093
0.9390,0.1665,0.1794,0.1745,0.0876,0.6080
0.9400,0.1520,0.1947,0.1745,0.0848,0.6060
0.9410,0.4341,0.0100,0.1746,0.1463,0.7650
0.9420,0.4089,0.0100,0.1746,0.1434,0.7370
0.9430,0.3854,0.0100,0.1748,0.1405,0.7107
0.9440,0.3637,0.0100,0.1750,0.1373,0.6859
0.9450,0.3438,0.0100,0.1752,0.1336,0.6627
0.9460,0.3257,0.0123,0.1754,0.1296,0.6431
0.9470,0.3092,0.0283,0.1757,0.1252,0.6383
0.9480,0.2940,0.0442,0.1760,0.1205,0.6347
0.9490,0.2801,0.0600,0.1763,0.1158,0.6321
0.9500,0.2671,0.0757,0.1765,0.1111,0.6304
0.9510,0.2547,0.0911,0.1767,0.1067,0.6292
0.9520,0.2428,0.1062,0.1769,0.1025,0.6284
0.9530,0.2310,0.1210,0.1771,0.0986,0.6277
0.9540,0.2192,0.1355,0.1772,0.0950,0.6269
0.9550,0.2072,0.1496,0.1773,0.0916,0.6258
0.9560,0.1948,0.1634,0.1774,0.0885,0.6242
0.9570,0.1820,0.1769,0.1775,0.0857,0.6220
0.9580,0.1687,0.1901,0.1775,0.0831,0.6194
0.9590,0.1548,0.2030,0.1775,0.0809,0.6162
0.9600,0.1404,0.2158,0.1776,0.0790,0.6127
0.9610,0.4273,0.0100,0.1776,0.1471,0.7620
0.9620,0.4023,0.0100,0.1777,0.1452,0.7351
0.9630,0.3790,0.0100,0.1778,0.1432,0.7100
0.9640,0.3575,0.0100,0.1780,0.1409,0.6864
0.9650,0.3378,0.0129,0.1782,0.1381,0.6671
0.9660,0.3199,0.0266,0.1784,0.1348,0.6598
0.9670,0.3036,0.0403,0.1786,0.1311,0.6537
0.9680,0.2887,0.0539,0.1789,0.1270,0.6485
0.9690,0.2750,0.0674,0.1791,0.1228,0.6442
0.9700,0.2622,0.0806,0.1793,0.1186,0.6406
0.9710,0.2500,0.0936,0.1794,0.1145,0.6375
0.9720,0.2383,0.1063,0.1795,0.1106,0.6348
0.9730,0.2267,0.1188,0.1796,0.1069,0.6321
0.9740,0.2151,0.1310,0.1796,0.1035,0.6292
0.9750,0.2032,0.1430,0.1796,0.1002,0.6260
0.9760,0.1910,0.1548,0.1795,0.0971,0.6223
0.9770,0.1782,0.1663,0.1794,0.0941,0.6181
0.9780,0.1650,0.1777,0.1793,0.0914,0.6133
0.9790,0.1512,0.1889,0.1791,0.0889,0.6081
0.9800,0.1369,0.2000,0.1790,0.0867,0.6025
0.9810,0.4203,0.0100,0.1788,0.1491,0.7583
0.9820,0.3958,0.0100,0.1787,0.1467,0.7312
0.9830,0.3728,0.0100,0.1787,0.1442,0.7057
0.9840,0.3516,0.0100,0.1786,0.1414,0.6817
0.9850,0.3322,0.0100,0.1786,0.1382,0.6589
0.9860,0.3144,0.0100,0.1786,0.1344,0.6374
0.9870,0.2982,0.0144,0.1786,0.1302,0.6214
0.9880,0.2833,0.0265,0.1786,0.1258,0.6142
0.9890,0.2696,0.0386,0.1786,0.1212,0.6081
0.9900,0.2568,0.0507,0.1786,0.1167,0.6028
0.9910,0.2447,0.0627,0.1786,0.1123,0.5982
0.9920,0.2329,0.0747,0.1785,0.1081,0.5942
0.9930,0.2213,0.0865,0.1784,0.1041,0.5904
0.9940,0.2097,0.0983,0.1783,0.1003,0.5867
0.9950,0.1979,0.1100,0.1781,0.0968,0.5828
0.9960,0.1857,0.1216,0.1778,0.0935,0.5786
0.9970,0.1731,0.1331,0.1775,0.0904,0.5741
0.9980,0.1600,0.1445,0.1771,0.0875,0.5691
0.9990,0.1464,0.1558,0.1767,0.0850,0.5639
1.0000,0.1323,0.1670,0.1764,0.0827,0.5584
1.0010,0.4207,0.0100,0.1760,0.1451,0.7518
1.0020,0.3962,0.0100,0.1757,0.1428,0.7247
1.0030,0.3733,0.0100,0.1755,0.1404,0.6992
1.0040,0.3523,0.0100,0.1753,0.1378,0.6753
1.0050,0.3331,0.0100,0.1751,0.1347,0.6528
1.0060,0.3155,0.0100,0.1749,0.1312,0.6316
1.0070,0.2995,0.0100,0.1748,0.1273,0.6116
1.0080,0.2850,0.0100,0.1747,0.1231,0.5927
1.0090,0.2715,0.0100,0.1746,0.1188,0.5749
1.0100,0.2590,0.0172,0.1746,0.1145,0.5653
1.0110,0.2472,0.0298,0.1745,0.1105,0.5619
1.0120,0.2357,0.0424,0.1744,0.1066,0.5592
1.0130,0.2244,0.0551,0.1744,0.1030,0.5569
1.0140,0.2131,0.0679,0.1742,0.0996,0.5549
1.0150,0.2016,0.0806,0.1741,0.0965,0.5528
1.0160,0.1897,0.0933,0.1739,0.0935,0.5504
1.0170,0.1773,0.1060,0.1737,0.0908,0.5478
1.0180,0.1644,0.1186,0.1735,0.0883,0.5448
1.0190,0.1510,0.1311,0.1732,0.0861,0.5414
1.0200,0.1371,0.1435,0.1730,0.0842,0.5378
1.0210,0.4263,0.0100,0.1727,0.1471,0.7562
1.0220,0.4018,0.0100,0.1725,0.1451,0.7294
1.0230,0.3790,0.0100,0.1723,0.1430,0.7042
1.0240,0.3579,0.0100,0.1721,0.1405,0.6806
1.0250,0.3386,0.0100,0.1720,0.1377,0.6583
1.0260,0.3211,0.0100,0.1719,0.1343,0.6373
1.0270,0.3052,0.0100,0.1718,0.1305,0.6175
1.0280,0.2906,0.0100,0.1718,0.1264,0.5988
1.0290,0.2773,0.0100,0.1717,0.1222,0.5812
1.0300,0.2649,0.0100,0.1717,0.1180,0.5646
1.0310,0.2531,0.0177,0.1717,0.1139,0.5565
1.0320,0.2418,0.0322,0.1717,0.1100,0.5557
1.0330,0.2307,0.0468,0.1717,0.1063,0.5555
1.0340,0.2196,0.0614,0.1716,0.1028,0.5555
1.0350,0.2083,0.0760,0.1716,0.0996,0.5555
1.0360,0.1966,0.0906,0.1716,0.0965,0.5552
1.0370,0.1845,0.1051,0.1715,0.0935,0.5546
1.0380,0.1718,0.1195,0.1714,0.0908,0.5535
1.0390,0.1586,0.1337,0.1713,0.0884,0.5520
1.0400,0.1449,0.1478,0.1712,0.0862,0.5502
1.0410,0.4298,0.0100,0.1712,0.1487,0.7596
1.0420,0.4055,0.0100,0.1711,0.1463,0.7329
1.0430,0.3828,0.0100,0.1711,0.1439,0.7078
1.0440,0.3619,0.0100,0.1710,0.1411,0.6841
1.0450,0.3428,0.0100,0.1710,0.1379,0.6618
1.0460,0.3254,0.0100,0.1710,0.1342,0.6406
1.0470,0.3095,0.0100,0.1711,0.1301,0.6207
1.0480,0.2950,0.0100,0.1711,0.1257,0.6018
1.0490,0.2817,0.0100,0.1712,0.1212,0.5840
1.0500,0.2693,0.0212,0.1712,0.1167,0.5784
1.0510,0.2576,0.0376,0.1712,0.1124,0.5788
1.0520,0.2463,0.0540,0.1713,0.1082,0.5798
1.0530,0.2352,0.0705,0.1713,0.1043,0.5813
1.0540,0.2242,0.0869,0.1713,0.1006,0.5829
1.0550,0.2129,0.1032,0.1713,0.0971,0.5845
1.0560,0.2013,0.1194,0.1713,0.0939,0.5858
1.0570,0.1892,0.1354,0.1712,0.0908,0.5866
1.0580,0.1767,0.1512,0.1712,0.0880,0.5870
1.0590,0.1636,0.1668,0.1711,0.0854,0.5869
1.0600,0.1500,0.1821,0.1711,0.0832,0.5864
1.0610,0.4392,0.0100,0.1711,0.1457,0.7659
1.0620,0.4145,0.0100,0.1711,0.1433,0.7390
1.0630,0.3916,0.0100,0.1712,0.1410,0.7137
1.0640,0.3705,0.0100,0.1713,0.1383,0.6901
1.0650,0.3513,0.0100,0.1715,0.1353,0.6680
1.0660,0.3338,0.0100,0.1717,0.1317,0.6472
1.0670,0.3180,0.0176,0.1719,0.1278,0.6352
1.0680,0.3036,0.0347,0.1721,0.1236,0.6339
1.0690,0.2904,0.0519,0.1723,0.1193,0.6339
1.0700,0.2782,0.0692,0.1725,0.1150,0.6349
1.0710,0.2667,0.0863,0.1727,0.1109,0.6366
1.0720,0.2557,0.1034,0.1728,0.1070,0.6389
1.0730,0.2448,0.1202,0.1729,0.1033,0.6413
1.0740,0.2340,0.1368,0.1730,0.0999,0.6437
1.0750,0.2229,0.1532,0.1731,0.0967,0.6458
1.0760,0.2115,0.1692,0.1731,0.0937,0.6475
1.0770,0.1996,0.1850,0.1731,0.0909,0.6486
1.0780,0.1871,0.2006,0.1731,0.0884,0.6492
1.0790,0.1741,0.2159,0.1731,0.0861,0.6492
1.0800,0.1606,0.2310,0.1731,0.0842,0.6488
1.0810,0.4453,0.0100,0.1732,0.1470,0.7756
1.0820,0.4206,0.0100,0.1734,0.1449,0.7489
1.0830,0.3976,0.0100,0.1736,0.1428,0.7240
1.0840,0.3764,0.0212,0.1739,0.1403,0.7118
1.0850,0.3570,0.0380,0.1743,0.1374,0.7067
1.0860,0.3393,0.0548,0.1748,0.1340,0.7029
1.0870,0.3233,0.0716,0.1753,0.1302,0.7003
1.0880,0.3087,0.0882,0.1757,0.1260,0.6987
1.0890,0.2953,0.1046,0.1762,0.1218,0.6979
1.0900,0.2830,0.1208,0.1765,0.1176,0.6978
1.0910,0.2713,0.1366,0.1769,0.1135,0.6982
1.0920,0.2601,0.1521,0.1772,0.1095,0.6989
1.0930,0.2491,0.1671,0.1774,0.1059,0.6995
1.0940,0.2381,0.1819,0.1776,0.1024,0.6999
1.0950,0.2269,0.1962,0.1778,0.0991,0.6999
1.0960,0.2153,0.2103,0.1778,0.0960,0.6994
1.0970,0.2033,0.2240,0.1779,0.0931,0.6984
1.0980,0.1908,0.2376,0.1780,0.0904,0.6967
1.0990,0.1778,0.2509,0.1780,0.0879,0.6946
1.1000,0.1641,0.2641,0.1781,0.0858,0.6921
1.1010,0.4525,0.0100,0.1782,0.1483,0.7890
1.1020,0.4273,0.0224,0.1784,0.1460,0.7741
1.1030,0.4040,0.0376,0.1786,0.1436,0.7638
1.1040,0.3825,0.0528,0.1790,0.1409,0.7552
1.1050,0.3629,0.0680,0.1794,0.1377,0.7480
1.1060,0.3451,0.0830,0.1798,0.1341,0.7420
1.1070,0.3290,0.0978,0.1802,0.1300,0.7370
1.1080,0.3144,0.1123,0.1806,0.1256,0.7330
1.1090,0.3010,0.1265,0.1810,0.1212,0.7296
1.1100,0.2887,0.1402,0.1813,0.1167,0.7269
1.1110,0.2770,0.1536,0.1816,0.1124,0.7246
1.1120,0.2658,0.1666,0.1817,0.1083,0.7225
1.1130,0.2548,0.1792,0.1818,0.1044,0.7203
1.1140,0.2438,0.1915,0.1818,0.1008,0.7179
1.1150,0.2325,0.2036,0.1818,0.0973,0.7152
1.1160,0.2209,0.2153,0.1816,0.0941,0.7120
1.1170,0.2088,0.2269,0.1814,0.0911,0.7082
1.1180,0.1962,0.2383,0.1812,0.0883,0.7040
1.1190,0.1830,0.2496,0.1810,0.0858,0.6994
1.1200,0.1692,0.2609,0.1808,0.0836,0.6944
1.1210,0.4525,0.0100,0.1806,0.1461,0.7892
1.1220,0.4273,0.0180,0.1805,0.1437,0.7695
1.1230,0.4038,0.0312,0.1805,0.1414,0.7568
1.1240,0.3821,0.0444,0.1805,0.1388,0.7458
1.1250,0.3623,0.0577,0.1805,0.1357,0.7362
1.1260,0.3443,0.0708,0.1806,0.1321,0.7278
1.1270,0.3279,0.0838,0.1807,0.1282,0.7206
1.1280,0.3130,0.0966,0.1807,0.1240,0.7143
1.1290,0.2993,0.1092,0.1808,0.1196,0.7089
1.1300,0.2866,0.1215,0.1808,0.1153,0.7042
1.1310,0.2746,0.1335,0.1807,0.1112,0.7000
1.1320,0.2631,0.1453,0.1806,0.1073,0.6963
1.1330,0.2518,0.1569,0.1803,0.1036,0.6926
1.1340,0.2404,0.1684,0.1800,0.1002,0.6889
1.1350,0.2289,0.1796,0.1795,0.0969,0.6850
1.1360,0.2170,0.1908,0.1790,0.0939,0.6807
1.1370,0.2046,0.2019,0.1785,0.0911,0.6760
1.1380,0.1917,0.2129,0.1779,0.0885,0.6710
1.1390,0.1783,0.2238,0.1773,0.0862,0.6656
1.1400,0.1643,0.2348,0.1768,0.0842,0.6600
1.1410,0.4512,0.0100,0.1763,0.1470,0.7845
1.1420,0.4256,0.0100,0.1759,0.1448,0.7564
1.1430,0.4019,0.0100,0.1756,0.1426,0.7302
1.1440,0.3801,0.0157,0.1754,0.1402,0.7113
1.1450,0.3602,0.0283,0.1753,0.1372,0.7009
1.1460,0.3421,0.0410,0.1752,0.1338,0.6919
1.1470,0.3256,0.0537,0.1751,0.1299,0.6843
1.1480,0.3107,0.0663,0.1750,0.1258,0.6778
1.1490,0.2969,0.0790,0.1749,0.1215,0.6723
1.1500,0.2842,0.0916,0.1749,0.1172,0.6678
1.1510,0.2721,0.1040,0.1748,0.1131,0.6641
1.1520,0.2605,0.1164,0.1746,0.1092,0.6608
1.1530,0.2491,0.1288,0.1743,0.1055,0.6577
1.1540,0.2377,0.1410,0.1740,0.1020,0.6547
1.1550,0.2260,0.1532,0.1735,0.0987,0.6515
1.1560,0.2140,0.1653,0.1730,0.0956,0.6480
1.1570,0.2015,0.1775,0.1725,0.0927,0.6442
1.1580,0.1884,0.1895,0.1720,0.0900,0.6400
1.1590,0.1748,0.2016,0.1714,0.0876,0.6354
1.1600,0.1606,0.2137,0.1710,0.0855,0.6307
1.1610,0.4429,0.0100,0.1706,0.1480,0.7715
1.1620,0.4176,0.0100,0.1702,0.1457,0.7435
1.1630,0.3940,0.0100,0.1700,0.1433,0.7174
1.1640,0.3722,0.0100,0.1699,0.1407,0.6928
1.1650,0.3523,0.0101,0.1699,0.1376,0.6699
1.1660,0.3341,0.0239,0.1700,0.1339,0.6619
1.1670,0.3175,0.0378,0.1701,0.1299,0.6553
1.1680,0.3023,0.0518,0.1703,0.1256,0.6500
1.1690,0.2884,0.0659,0.1705,0.1211,0.6459
1.1700,0.2754,0.0800,0.1706,0.1167,0.6427
1.1710,0.2631,0.0941,0.1707,0.1124,0.6403
1.1720,0.2512,0.1081,0.1708,0.1084,0.6385
1.1730,0.2396,0.1221,0.1708,0.1045,0.6370
1.1740,0.2279,0.1360,0.1707,0.1009,0.6355
1.1750,0.2160,0.1498,0.1706,0.0975,0.6339
1.1760,0.2037,0.1635,0.1704,0.0943,0.6319
1.1770,0.1910,0.1772,0.1702,0.0913,0.6296
1.1780,0.1778,0.1908,0.1699,0.0885,0.6270
1.1790,0.1640,0.2043,0.1697,0.0860,0.6240
1.1800,0.1497,0.2178,0.1694,0.0838,0.6208
1.1810,0.4363,0.0100,0.1693,0.1464,0.7619
1.1820,0.4110,0.0100,0.1692,0.1440,0.7342
1.1830,0.3875,0.0100,0.1692,0.1417,0.7084
1.1840,0.3658,0.0100,0.1693,0.1391,0.6842
1.1850,0.3459,0.0199,0.1696,0.1360,0.6714
1.1860,0.3279,0.0355,0.1698,0.1324,0.6657
1.1870,0.3114,0.0513,0.1702,0.1285,0.6614
1.1880,0.2964,0.0672,0.1705,0.1242,0.6583
1.1890,0.2826,0.0830,0.1708,0.1199,0.6563
1.1900,0.2697,0.0989,0.1711,0.1156,0.6553
1.1910,0.2575,0.1146,0.1714,0.1115,0.6549
1.1920,0.2457,0.1302,0.1716,0.1075,0.6550
1.1930,0.2341,0.1456,0.1717,0.1038,0.6553
1.1940,0.2225,0.1609,0.1718,0.1003,0.6555
1.1950,0.2106,0.1759,0.1718,0.0971,0.6554
1.1960,0.1984,0.1908,0.1718,0.0940,0.6549
1.1970,0.1857,0.2055,0.1717,0.0912,0.6540
1.1980,0.1724,0.2200,0.1716,0.0886,0.6526
1.1990,0.1587,0.2344,0.1715,0.0862,0.6508
1.2000,0.1443,0.2487,0.1715,0.0842,0.6487
1.2010,0.4272,0.0100,0.1715,0.1470,0.7556
1.2020,0.4023,0.0100,0.1716,0.1448,0.7287
1.2030,0.3791,0.0228,0.1719,0.1426,0.7163
1.2040,0.3577,0.0393,0.1722,0.1400,0.7092
1.2050,0.3380,0.0558,0.1727,0.1371,0.7036
1.2060,0.3200,0.0725,0.1732,0.1336,0.6993
1.2070,0.3036,0.0891,0.1737,0.1297,0.6961
1.2080,0.2886,0.1055,0.1742,0.1256,0.6939
1.2090,0.2747,0.1218,0.1747,0.1213,0.6925
1.2100,0.2617,0.1379,0.1751,0.1170,0.6918
1.2110,0.2495,0.1537,0.1755,0.1129,0.6915
1.2120,0.2376,0.1691,0.1758,0.1090,0.6914
1.2130,0.2259,0.1843,0.1760,0.1052,0.6914
1.2140,0.2142,0.1992,0.1761,0.1018,0.6912
1.2150,0.2023,0.2137,0.1761,0.0985,0.6906
1.2160,0.1900,0.2281,0.1761,0.0954,0.6896
1.2170,0.1773,0.2422,0.1761,0.0925,0.6880
1.2180,0.1641,0.2561,0.1760,0.0898,0.6860
1.2190,0.1504,0.2699,0.1760,0.0874,0.6837
1.2200,0.1362,0.2837,0.1759,0.0852,0.6810
1.2210,0.4238,0.0269,0.1760,0.1478,0.7746
1.2220,0.3991,0.0429,0.1763,0.1455,0.7638
1.2230,0.3760,0.0591,0.1766,0.1432,0.7549
1.2240,0.3547,0.0753,0.1771,0.1405,0.7476
1.2250,0.3353,0.0913,0.1776,0.1374,0.7416
1.2260,0.3175,0.1072,0.1783,0.1338,0.7367
1.2270,0.3013,0.1228,0.1789,0.1298,0.7327
1.2280,0.2865,0.1380,0.1794,0.1255,0.7295
1.2290,0.2729,0.1529,0.1800,0.1211,0.7269
1.2300,0.2601,0.1675,0.1805,0.1167,0.7247
1.2310,0.2481,0.1815,0.1809,0.1124,0.7229
1.2320,0.2364,0.1952,0.1811,0.1084,0.7212
1.2330,0.2249,0.2085,0.1813,0.1046,0.7193
1.2340,0.2134,0.2215,0.1813,0.1010,0.7172
1.2350,0.2017,0.2342,0.1813,0.0976,0.7147
1.2360,0.1896,0.2466,0.1811,0.0944,0.7118
1.2370,0.1771,0.2589,0.1809,0.0914,0.7083
1.2380,0.1640,0.2711,0.1807,0.0887,0.7044
1.2390,0.1504,0.2831,0.1805,0.0862,0.7002
1.2400,0.1363,0.2951,0.1803,0.0840,0.6957
1.2410,0.4203,0.0393,0.1802,0.1466,0.7864
1.2420,0.3959,0.0540,0.1802,0.1443,0.7743
1.2430,0.3731,0.0687,0.1803,0.1419,0.7640
1.2440,0.3520,0.0834,0.1805,0.1393,0.7552
1.2450,0.3327,0.0979,0.1807,0.1362,0.7476
1.2460,0.3150,0.1123,0.1810,0.1327,0.7409
1.2470,0.2989,0.1263,0.1812,0.1287,0.7351
1.2480,0.2841,0.1400,0.1815,0.1245,0.7300
1.2490,0.2704,0.1533,0.1817,0.1201,0.7256
1.2500,0.2577,0.1662,0.1819,0.1158,0.7216
1.2510,0.2456,0.1788,0.1820,0.1116,0.7180
1.2520,0.2339,0.1909,0.1820,0.1077,0.7145
1.2530,0.2225,0.2028,0.1818,0.1040,0.7110
1.2540,0.2110,0.2144,0.1815,0.1005,0.7074
1.2550,0.1993,0.2259,0.1811,0.0972,0.7034
1.2560,0.1873,0.2371,0.1805,0.0941,0.6990
1.2570,0.1748,0.2483,0.1799,0.0913,0.6943
1.2580,0.1618,0.2594,0.1794,0.0887,0.6892
1.2590,0.1484,0.2704,0.1788,0.0863,0.6838
1.2600,0.1344,0.2814,0.1783,0.0842,0.6783
1.2610,0.4230,0.0255,0.1779,0.1470,0.7734
1.2620,0.3986,0.0389,0.1775,0.1448,0.7598
1.2630,0.3758,0.0524,0.1773,0.1425,0.7480
1.2640,0.3548,0.0659,0.1772,0.1400,0.7378
1.2650,0.3355,0.0793,0.1772,0.1370,0.7290
1.2660,0.3180,0.0927,0.1772,0.1335,0.7214
1.2670,0.3020,0.1059,0.1772,0.1296,0.7147
1.2680,0.2874,0.1188,0.1772,0.1254,0.7089
1.2690,0.2740,0.1316,0.1773,0.1211,0.7039
1.2700,0.2615,0.1440,0.1772,0.1168,0.6996
1.2710,0.2496,0.1563,0.1771,0.1127,0.6958
1.2720,0.2382,0.1683,0.1769,0.1088,0.6922
1.2730,0.2270,0.1802,0.1766,0.1051,0.6888
1.2740,0.2157,0.1919,0.1761,0.1016,0.6853
1.2750,0.2042,0.2035,0.1756,0.0983,0.6816
1.2760,0.1924,0.2150,0.1749,0.0952,0.6775
1.2770,0.1801,0.2265,0.1742,0.0923,0.6732
1.2780,0.1673,0.2380,0.1736,0.0896,0.6685
1.2790,0.1540,0.2494,0.1730,0.0872,0.6636
1.2800,0.1401,0.2609,0.1724,0.0850,0.6585
1.2810,0.4249,0.0100,0.1719,0.1477,0.7544
1.2820,0.4005,0.0181,0.1716,0.1454,0.7356
1.2830,0.3779,0.0315,0.1715,0.1430,0.7239
1.2840,0.3569,0.0451,0.1714,0.1404,0.7138
1.2850,0.3377,0.0588,0.1715,0.1373,0.7053
1.2860,0.3201,0.0725,0.1716,0.1337,0.6979
1.2870,0.3041,0.0861,0.1718,0.1297,0.6917
1.2880,0.2895,0.0997,0.1720,0.1254,0.6866
1.2890,0.2760,0.1132,0.1721,0.1210,0.6823
1.2900,0.2634,0.1265,0.1723,0.1167,0.6789
1.2910,0.2516,0.1397,0.1723,0.1124,0.6760
1.2920,0.2401,0.1528,0.1723,0.1084,0.6736
1.2930,0.2289,0.1658,0.1721,0.1046,0.6714
1.2940,0.2176,0.1787,0.1718,0.1010,0.6691
1.2950,0.2061,0.1916,0.1714,0.0977,0.6668
1.2960,0.1944,0.2044,0.1709,0.0945,0.6642
1.2970,0.1822,0.2171,0.1705,0.0915,0.6612
1.2980,0.1694,0.2298,0.1700,0.0888,0.6580
1.2990,0.1562,0.2426,0.1695,0.0863,0.6546
1.3000,0.1425,0.2553,0.1691,0.0841,0.6511
1.3010,0.4315,0.0100,0.1689,0.1467,0.7571
1.3020,0.4070,0.0133,0.1687,0.1444,0.7334
1.3030,0.3841,0.0280,0.1688,0.1421,0.7230
1.3040,0.3631,0.0429,0.1691,0.1395,0.7145
1.3050,0.3438,0.0578,0.1694,0.1364,0.7075
1.3060,0.3263,0.0728,0.1699,0.1328,0.7019
1.3070,0.3104,0.0878,0.1704,0.1289,0.6975
1.3080,0.2959,0.1028,0.1709,0.1246,0.6941
1.3090,0.2826,0.1176,0.1713,0.1203,0.6918
1.3100,0.2702,0.1324,0.1717,0.1160,0.6902
1.3110,0.2585,0.1470,0.1720,0.1118,0.6893
1.3120,0.2473,0.1614,0.1722,0.1078,0.6887
1.3130,0.2362,0.1757,0.1723,0.1041,0.6883
1.3140,0.2251,0.1898,0.1722,0.1006,0.6878
1.3150,0.2139,0.2038,0.1721,0.0973,0.6871
1.3160,0.2023,0.2177,0.1718,0.0942,0.6861
1.3170,0.1902,0.2315,0.1716,0.0914,0.6846
1.3180,0.1776,0.2453,0.1713,0.0887,0.6829
1.3190,0.1644,0.2590,0.1711,0.0863,0.6808
1.3200,0.1507,0.2727,0.1708,0.0843,0.6785
1.3210,0.4265,0.0322,0.1708,0.1470,0.7764
1.3220,0.4025,0.0483,0.1708,0.1447,0.7664
1.3230,0.3801,0.0645,0.1711,0.1425,0.7582
1.3240,0.3594,0.0807,0.1716,0.1399,0.7516
1.3250,0.3403,0.0969,0.1722,0.1369,0.7463
1.3260,0.3228,0.1130,0.1729,0.1334,0.7421
1.3270,0.3068,0.1288,0.1736,0.1295,0.7387
1.3280,0.2921,0.1443,0.1743,0.1253,0.7361
1.3290,0.2786,0.1596,0.1750,0.1210,0.7342
1.3300,0.2660,0.1745,0.1756,0.1167,0.7328
1.3310,0.2540,0.1891,0.1762,0.1126,0.7318
1.3320,0.2424,0.2032,0.1766,0.1086,0.7310
1.3330,0.2311,0.2171,0.1770,0.1049,0.7301
1.3340,0.2198,0.2306,0.1772,0.1014,0.7290
1.3350,0.2083,0.2438,0.1774,0.0981,0.7276
1.3360,0.1965,0.2568,0.1775,0.0950,0.7258
1.3370,0.1842,0.2696,0.1775,0.0921,0.7236
1.3380,0.1715,0.2823,0.1776,0.0894,0.7209
1.3390,0.1583,0.2949,0.1776,0.0870,0.7179
1.3400,0.1446,0.3074,0.1777,0.0849,0.7146
1.3410,0.4064,0.0720,0.1779,0.1426,0.7988
1.3420,0.3834,0.0875,0.1782,0.1404,0.7895
1.3430,0.3619,0.1031,0.1786,0.1382,0.7819
1.3440,0.3419,0.1185,0.1792,0.1357,0.7754
1.3450,0.3235,0.1337,0.1799,0.1329,0.7699
1.3460,0.3065,0.1485,0.1806,0.1296,0.7652
1.3470,0.2908,0.1630,0.1812,0.1260,0.7610
1.3480,0.2763,0.1770,0.1819,0.1221,0.7573
1.3490,0.2629,0.1905,0.1825,0.1182,0.7541
1.3500,0.2502,0.2036,0.1830,0.1143,0.7511
1.3510,0.2381,0.2162,0.1834,0.1105,0.7483
1.3520,0.2264,0.2283,0.1837,0.1070,0.7455
1.3530,0.2149,0.2401,0.1839,0.1037,0.7426
1.3540,0.2034,0.2516,0.1839,0.1006,0.7394
1.3550,0.1917,0.2628,0.1838,0.0977,0.7359
1.3560,0.1797,0.2738,0.1836,0.0950,0.7320
1.3570,0.1673,0.2846,0.1834,0.0925,0.7277
1.3580,0.1545,0.2953,0.1831,0.0903,0.7231
1.3590,0.1412,0.3060,0.1829,0.0882,0.7183
1.3600,0.1275,0.3166,0.1826,0.0865,0.7132
1.3610,0.3808,0.0922,0.1825,0.1398,0.7954
1.3620,0.3589,0.1061,0.1824,0.1381,0.7855
1.3630,0.3382,0.1199,0.1825,0.1363,0.7770
1.3640,0.3190,0.1335,0.1826,0.1343,0.7695
1.3650,0.3011,0.1469,0.1828,0.1319,0.7628
1.3660,0.2846,0.1598,0.1831,0.1292,0.7567
1.3670,0.2694,0.1723,0.1833,0.1260,0.7510
1.3680,0.2553,0.1843,0.1835,0.1227,0.7458
1.3690,0.2420,0.1959,0.1837,0.1192,0.7408
1.3700,0.2295,0.2069,0.1838,0.1158,0.7361
1.3710,0.2176,0.2174,0.1839,0.1125,0.7314
1.3720,0.2060,0.2275,0.1838,0.1094,0.7267
1.3730,0.1945,0.2373,0.1836,0.1065,0.7219
1.3740,0.1830,0.2468,0.1833,0.1038,0.7169
1.3750,0.1713,0.2561,0.1829,0.1012,0.7116
1.3760,0.1594,0.2653,0.1824,0.0988,0.7059
1.3770,0.1471,0.2744,0.1819,0.0966,0.6999
1.3780,0.1344,0.2834,0.1813,0.0946,0.6937
1.3790,0.1213,0.2923,0.1808,0.0928,0.6872
1.3800,0.1078,0.3013,0.1804,0.0912,0.6806
1.3810,0.3491,0.0873,0.1800,0.1446,0.7609
1.3820,0.3286,0.0993,0.1797,0.1428,0.7504
1.3830,0.3093,0.1113,0.1795,0.1410,0.7410
1.3840,0.2911,0.1231,0.1793,0.1389,0.7324
1.3850,0.2742,0.1347,0.1793,0.1363,0.7245
1.3860,0.2584,0.1460,0.1793,0.1334,0.7171
1.3870,0.2438,0.1570,0.1793,0.1300,0.7100
1.3880,0.2301,0.1676,0.1793,0.1264,0.7033
1.3890,0.2172,0.1778,0.1793,0.1226,0.6969
1.3900,0.2049,0.1877,0.1792,0.1189,0.6907
1.3910,0.1931,0.1972,0.1791,0.1152,0.6846
1.3920,0.1816,0.2064,0.1789,0.1117,0.6787
1.3930,0.1703,0.2153,0.1787,0.1084,0.6727
1.3940,0.1589,0.2241,0.1783,0.1053,0.6666
1.3950,0.1474,0.2328,0.1778,0.1023,0.6603
1.3960,0.1356,0.2414,0.1773,0.0994,0.6538
1.3970,0.1236,0.2500,0.1768,0.0968,0.6471
1.3980,0.1112,0.2585,0.1763,0.0943,0.6403
1.3990,0.0984,0.2671,0.1758,0.0920,0.6333
1.4000,0.0853,0.2757,0.1754,0.0900,0.6264
1.4010,0.3148,0.0717,0.1750,0.1379,0.6994
1.4020,0.2961,0.0829,0.1747,0.1358,0.6895
1.4030,0.2783,0.0941,0.1746,0.1337,0.6807
1.4040,0.2615,0.1053,0.1745,0.1315,0.6727
1.4050,0.2458,0.1163,0.1745,0.1289,0.6654
1.4060,0.2311,0.1271,0.1745,0.1260,0.6587
1.4070,0.2173,0.1377,0.1745,0.1227,0.6524
1.4080,0.2044,0.1481,0.1746,0.1194,0.6465
1.4090,0.1922,0.1583,0.1746,0.1159,0.6410
1.4100,0.1805,0.1682,0.1746,0.1125,0.6358
1.4110,0.1692,0.1779,0.1746,0.1093,0.6309
1.4120,0.1581,0.1873,0.1745,0.1062,0.6262
1.4130,0.1472,0.1966,0.1743,0.1034,0.6216
1.4140,0.1362,0.2059,0.1741,0.1008,0.6170
1.4150,0.1252,0.2150,0.1737,0.0984,0.6123
1.4160,0.1139,0.2242,0.1733,0.0962,0.6076
1.4170,0.1024,0.2333,0.1729,0.0942,0.6028
1.4180,0.0906,0.2424,0.1726,0.0924,0.5979
1.4190,0.0784,0.2515,0.1722,0.0908,0.5930
1.4200,0.0661,0.2607,0.1719,0.0895,0.5882
1.4210,0.2890,0.0670,0.1717,0.1384,0.6660
1.4220,0.2718,0.0785,0.1715,0.1370,0.6589
1.4230,0.2554,0.0901,0.1715,0.1357,0.6527
1.4240,0.2400,0.1016,0.1716,0.1340,0.6473
1.4250,0.2256,0.1130,0.1718,0.1321,0.6425
1.4260,0.2120,0.1244,0.1720,0.1297,0.6381
1.4270,0.1993,0.1355,0.1722,0.1270,0.6340
1.4280,0.1873,0.1464,0.1724,0.1241,0.6303
1.4290,0.1760,0.1571,0.1726,0.1211,0.6268
1.4300,0.1651,0.1676,0.1728,0.1180,0.6236
1.4310,0.1547,0.1779,0.1730,0.1151,0.6207
1.4320,0.1444,0.1880,0.1731,0.1123,0.6178
1.4330,0.1343,0.1980,0.1731,0.1097,0.6149
1.4340,0.1241,0.2078,0.1730,0.1072,0.6120
1.4350,0.1139,0.2175,0.1729,0.1048,0.6090
1.4360,0.1034,0.2272,0.1727,0.1026,0.6059
1.4370,0.0928,0.2368,0.1725,0.1005,0.6026
1.4380,0.0819,0.2464,0.1723,0.0986,0.5992
1.4390,0.0708,0.2560,0.1722,0.0968,0.5958
1.4400,0.0594,0.2657,0.1721,0.0952,0.5924
1.4410,0.2714,0.0876,0.1720,0.1436,0.6746
1.4420,0.2558,0.0997,0.1721,0.1418,0.6694
1.4430,0.2410,0.1118,0.1723,0.1400,0.6650
1.4440,0.2270,0.1237,0.1726,0.1379,0.6612
1.4450,0.2138,0.1356,0.1730,0.1354,0.6577
1.4460,0.2014,0.1472,0.1734,0.1324,0.6544
1.4470,0.1898,0.1585,0.1738,0.1292,0.6513
1.4480,0.1788,0.1696,0.1743,0.1256,0.6483
1.4490,0.1684,0.1803,0.1747,0.1220,0.6454
1.4500,0.1585,0.1908,0.1750,0.1184,0.6426
1.4510,0.1489,0.2009,0.1753,0.1149,0.6400
1.4520,0.1395,0.2108,0.1756,0.1115,0.6374
1.4530,0.1303,0.2204,0.1759,0.1083,0.6348
1.4540,0.1210,0.2298,0.1760,0.1052,0.6321
1.4550,0.1117,0.2391,0.1761,0.1023,0.6292
1.4560,0.1023,0.2482,0.1762,0.0996,0.6263
1.4570,0.0927,0.2571,0.1763,0.0970,0.6231
1.4580,0.0829,0.2661,0.1763,0.0946,0.6199
1.4590,0.0729,0.2750,0.1763,0.0925,0.6167
1.4600,0.0628,0.2839,0.1764,0.0905,0.6136
1.4610,0.2678,0.1107,0.1765,0.1336,0.6886
1.4620,0.2537,0.1223,0.1767,0.1317,0.6844
1.4630,0.2402,0.1338,0.1770,0.1298,0.6808
1.4640,0.2274,0.1452,0.1773,0.1278,0.6777
1.4650,0.2154,0.1563,0.1777,0.1255,0.6749
1.4660,0.2042,0.1671,0.1781,0.1229,0.6723
1.4670,0.1937,0.1776,0.1785,0.1200,0.6698
1.4680,0.1838,0.1878,0.1788,0.1171,0.6675
1.4690,0.1744,0.1976,0.1791,0.1141,0.6652
1.4700,0.1655,0.2071,0.1794,0.1111,0.6632
1.4710,0.1570,0.2162,0.1797,0.1084,0.6612
1.4720,0.1487,0.2250,0.1798,0.1058,0.6592
1.4730,0.1405,0.2335,0.1799,0.1034,0.6573
1.4740,0.1324,0.2418,0.1799,0.1012,0.6553
1.4750,0.1242,0.2499,0.1799,0.0993,0.6532
1.4760,0.1159,0.2579,0.1798,0.0975,0.6511
1.4770,0.1075,0.2658,0.1797,0.0959,0.6489
1.4780,0.0988,0.2737,0.1796,0.0945,0.6466
1.4790,0.0900,0.2816,0.1795,0.0933,0.6444
1.4800,0.0810,0.2895,0.1794,0.0923,0.6422
1.4810,0.2743,0.1267,0.1793,0.1317,0.7120
1.4820,0.2613,0.1373,0.1793,0.1308,0.7087
1.4830,0.2489,0.1478,0.1794,0.1298,0.7059
1.4840,0.2372,0.1581,0.1795,0.1288,0.7035
1.4850,0.2262,0.1681,0.1797,0.1274,0.7014
1.4860,0.2159,0.1778,0.1798,0.1257,0.6993
1.4870,0.2062,0.1872,0.1800,0.1238,0.6972
1.4880,0.1972,0.1962,0.1801,0.1217,0.6953
1.4890,0.1887,0.2048,0.1803,0.1195,0.6934
1.4900,0.1807,0.2131,0.1804,0.1174,0.6915
1.4910,0.1730,0.2210,0.1804,0.1153,0.6897
1.4920,0.1656,0.2286,0.1804,0.1133,0.6879
1.4930,0.1583,0.2360,0.1803,0.1114,0.6861
1.4940,0.1512,0.2431,0.1802,0.1096,0.6841
1.4950,0.1440,0.2502,0.1800,0.1080,0.6821
1.4960,0.1367,0.2571,0.1798,0.1064,0.6800
1.4970,0.1293,0.2639,0.1795,0.1050,0.6777
1.4980,0.1217,0.2707,0.1793,0.1036,0.6754
1.4990,0.1140,0.2776,0.1790,0.1024,0.6730
1.5000,0.1061,0.2844,0.1788,0.1013,0.6706
1.5010,0.2865,0.1369,0.1786,0.1403,0.7423
1.5020,0.2745,0.1463,0.1785,0.1390,0.7382
1.5030,0.2630,0.1556,0.1784,0.1376,0.7346
1.5040,0.2522,0.1647,0.1784,0.1360,0.7313
1.5050,0.2420,0.1736,0.1784,0.1340,0.7280
1.5060,0.2325,0.1822,0.1784,0.1317,0.7248
1.5070,0.2236,0.1905,0.1785,0.1290,0.7216
1.5080,0.2154,0.1984,0.1785,0.1262,0.7184
1.5090,0.2076,0.2060,0.1785,0.1232,0.7153
1.5100,0.2003,0.2132,0.1786,0.1202,0.7123
1.5110,0.1934,0.2202,0.1786,0.1172,0.7093
1.5120,0.1867,0.2268,0.1785,0.1144,0.7064
1.5130,0.1802,0.2333,0.1784,0.1116,0.7035
1.5140,0.1738,0.2395,0.1783,0.1090,0.7006
1.5150,0.1673,0.2457,0.1781,0.1065,0.6976
1.5160,0.1609,0.2518,0.1779,0.1041,0.6946
1.5170,0.1543,0.2578,0.1776,0.1019,0.6916
1.5180,0.1475,0.2638,0.1774,0.0998,0.6885
1.5190,0.1406,0.2698,0.1772,0.0978,0.6854
1.5200,0.1335,0.2759,0.1770,0.0960,0.6824
1.5210,0.3052,0.1330,0.1769,0.1293,0.7444
1.5220,0.2937,0.1414,0.1767,0.1276,0.7395
1.5230,0.2828,0.1498,0.1767,0.1259,0.7352
1.5240,0.2725,0.1580,0.1767,0.1241,0.7312
1.5250,0.2629,0.1660,0.1767,0.1221,0.7276
1.5260,0.2539,0.1737,0.1767,0.1198,0.7242
1.5270,0.2455,0.1812,0.1767,0.1175,0.7210
1.5280,0.2378,0.1884,0.1768,0.1150,0.7180
1.5290,0.2306,0.1954,0.1768,0.1125,0.7152
1.5300,0.2239,0.2020,0.1768,0.1101,0.7128
1.5310,0.2175,0.2085,0.1768,0.1078,0.7105
1.5320,0.2114,0.2147,0.1766,0.1058,0.7085
1.5330,0.2055,0.2208,0.1765,0.1039,0.7066
1.5340,0.1997,0.2268,0.1763,0.1022,0.7049
1.5350,0.1938,0.2327,0.1760,0.1007,0.7033
1.5360,0.1880,0.2387,0.1758,0.0993,0.7017
1.5370,0.1820,0.2446,0.1755,0.0981,0.7002
1.5380,0.1758,0.2505,0.1752,0.0971,0.6987
1.5390,0.1695,0.2565,0.1750,0.0963,0.6973
1.5400,0.1629,0.2626,0.1747,0.0957,0.6960
1.5410,0.3208,0.1352,0.1745,0.1305,0.7610
1.5420,0.3098,0.1434,0.1744,0.1299,0.7575
1.5430,0.2993,0.1516,0.1743,0.1293,0.7545
1.5440,0.2894,0.1596,0.1743,0.1285,0.7518
1.5450,0.2801,0.1674,0.1743,0.1275,0.7493
1.5460,0.2714,0.1750,0.1743,0.1262,0.7469
1.5470,0.2633,0.1824,0.1744,0.1246,0.7447
1.5480,0.2558,0.1895,0.1744,0.1229,0.7427
1.5490,0.2488,0.1964,0.1745,0.1211,0.7408
1.5500,0.2423,0.2030,0.1745,0.1192,0.7391
1.5510,0.2361,0.2094,0.1745,0.1174,0.7375
1.5520,0.2303,0.2156,0.1745,0.1157,0.7361
1.5530,0.2246,0.2217,0.1745,0.1141,0.7348
1.5540,0.2189,0.2276,0.1744,0.1125,0.7335
1.5550,0.2134,0.2334,0.1743,0.1110,0.7321
1.5560,0.2077,0.2392,0.1742,0.1096,0.7308
1.5570,0.2020,0.2450,0.1741,0.1083,0.7293
1.5580,0.1961,0.2507,0.1740,0.1070,0.7278
1.5590,0.1900,0.2565,0.1739,0.1058,0.7262
1.5600,0.1837,0.2624,0.1738,0.1047,0.7246
1.5610,0.3270,0.1398,0.1738,0.1337,0.7744
1.5620,0.3165,0.1478,0.1738,0.1325,0.7706
1.5630,0.3065,0.1557,0.1738,0.1312,0.7672
1.5640,0.2970,0.1634,0.1739,0.1298,0.7641
1.5650,0.2880,0.1710,0.1740,0.1281,0.7611
1.5660,0.2796,0.1784,0.1741,0.1262,0.7583
1.5670,0.2717,0.1855,0.1743,0.1240,0.7555
1.5680,0.2644,0.1924,0.1744,0.1217,0.7530
1.5690,0.2576,0.1991,0.1745,0.1194,0.7506
1.5700,0.2512,0.2055,0.1746,0.1170,0.7483
1.5710,0.2451,0.2118,0.1747,0.1147,0.7462
1.5720,0.2393,0.2178,0.1747,0.1125,0.7443
1.5730,0.2336,0.2237,0.1747,0.1104,0.7425
1.5740,0.2280,0.2295,0.1747,0.1085,0.7407
1.5750,0.2225,0.2352,0.1747,0.1066,0.7390
1.5760,0.2169,0.2409,0.1746,0.1049,0.7373
1.5770,0.2112,0.2466,0.1745,0.1032,0.7356
1.5780,0.2053,0.2523,0.1744,0.1018,0.7338
1.5790,0.1993,0.2580,0.1744,0.1004,0.7321
1.5800,0.1931,0.2637,0.1743,0.0993,0.7304
1.5810,0.3268,0.1567,0.1743,0.1282,0.7860
1.5820,0.3165,0.1645,0.1743,0.1271,0.7823
1.5830,0.3068,0.1721,0.1743,0.1259,0.7791
1.5840,0.2975,0.1796,0.1744,0.1246,0.7762
1.5850,0.2887,0.1869,0.1746,0.1232,0.7734
1.5860,0.2805,0.1940,0.1747,0.1215,0.7707
1.5870,0.2728,0.2008,0.1749,0.1197,0.7682
1.5880,0.2657,0.2073,0.1751,0.1177,0.7658
1.5890,0.2589,0.2136,0.1752,0.1158,0.7635
1.5900,0.2526,0.2197,0.1753,0.1138,0.7615
1.5910,0.2466,0.2255,0.1754,0.1120,0.7595
1.5920,0.2408,0.2311,0.1755,0.1103,0.7577
1.5930,0.2352,0.2365,0.1756,0.1087,0.7560
1.5940,0.2297,0.2418,0.1756,0.1072,0.7543
1.5950,0.2242,0.2469,0.1757,0.1059,0.7527
1.5960,0.2186,0.2520,0.1757,0.1047,0.7510
1.5970,0.2130,0.2570,0.1757,0.1036,0.7493
1.5980,0.2072,0.2620,0.1757,0.1026,0.7475
1.5990,0.2012,0.2671,0.1756,0.1018,0.7457
1.6000,0.1951,0.2721,0.1756,0.1011,0.7439
1.6010,0.3144,0.1748,0.1756,0.1257,0.7906
1.6020,0.3048,0.1818,0.1757,0.1250,0.7873
1.6030,0.2955,0.1886,0.1758,0.1244,0.7843
1.6040,0.2866,0.1953,0.1759,0.1236,0.7814
1.6050,0.2782,0.2017,0.1760,0.1227,0.7786
1.6060,0.2703,0.2079,0.1761,0.1216,0.7759
1.6070,0.2628,0.2138,0.1763,0.1203,0.7732
1.6080,0.2557,0.2195,0.1764,0.1190,0.7706
1.6090,0.2491,0.2248,0.1765,0.1176,0.7680
1.6100,0.2428,0.2300,0.1767,0.1162,0.7656
1.6110,0.2367,0.2349,0.1767,0.1149,0.7632
1.6120,0.2309,0.2396,0.1768,0.1136,0.7609
1.6130,0.2252,0.2441,0.1769,0.1124,0.7586
1.6140,0.2197,0.2485,0.1769,0.1113,0.7563
1.6150,0.2141,0.2527,0.1769,0.1103,0.7540
1.6160,0.2085,0.2569,0.1769,0.1094,0.7517
1.6170,0.2029,0.2611,0.1768,0.1085,0.7493
1.6180,0.1971,0.2653,0.1768,0.1077,0.7469
1.6190,0.1912,0.2694,0.1768,0.1070,0.7444
1.6200,0.1852,0.2736,0.1767,0.1064,0.7419
1.6210,0.2951,0.1810,0.1767,0.1310,0.7838
1.6220,0.2861,0.1870,0.1767,0.1302,0.7801
1.6230,0.2774,0.1929,0.1767,0.1295,0.7765
1.6240,0.2691,0.1985,0.1768,0.1285,0.7730
1.6250,0.2612,0.2040,0.1768,0.1274,0.7694
1.6260,0.2537,0.2093,0.1769,0.1260,0.7659
1.6270,0.2466,0.2143,0.1770,0.1244,0.7623
1.6280,0.2399,0.2190,0.1770,0.1227,0.7587
1.6290,0.2336,0.2235,0.1771,0.1209,0.7551
1.6300,0.2275,0.2278,0.1771,0.1191,0.7515
1.6310,0.2217,0.2319,0.1771,0.1173,0.7480
1.6320,0.2161,0.2358,0.1771,0.1155,0.7445
1.6330,0.2107,0.2395,0.1770,0.1139,0.7411
1.6340,0.2053,0.2432,0.1769,0.1123,0.7377
1.6350,0.1999,0.2468,0.1768,0.1108,0.7343
1.6360,0.1945,0.2504,0.1767,0.1093,0.7309
1.6370,0.1890,0.2540,0.1765,0.1079,0.7275
1.6380,0.1835,0.2575,0.1764,0.1066,0.7241
1.6390,0.1779,0.2612,0.1763,0.1055,0.7208
1.6400,0.1721,0.2648,0.1762,0.1044,0.7174
1.6410,0.2683,0.1873,0.1760,0.1234,0.7550
1.6420,0.2602,0.1925,0.1759,0.1224,0.7510
1.6430,0.2523,0.1977,0.1759,0.1214,0.7472
1.6440,0.2447,0.2027,0.1758,0.1203,0.7435
1.6450,0.2375,0.2075,0.1758,0.1191,0.7399
1.6460,0.2306,0.2122,0.1758,0.1178,0.7363
1.6470,0.2240,0.2166,0.1758,0.1164,0.7328
1.6480,0.2178,0.2208,0.1758,0.1149,0.7293
1.6490,0.2119,0.2248,0.1758,0.1135,0.7259
1.6500,0.2062,0.2286,0.1758,0.1121,0.7226
1.6510,0.2007,0.2322,0.1757,0.1108,0.7194
1.6520,0.1954,0.2356,0.1757,0.1096,0.7164
1.6530,0.1902,0.2389,0.1757,0.1086,0.7134
1.6540,0.1851,0.2422,0.1756,0.1076,0.7105
1.6550,0.1801,0.2453,0.1755,0.1068,0.7077
1.6560,0.1750,0.2484,0.1754,0.1061,0.7049
1.6570,0.1700,0.2515,0.1754,0.1054,0.7023
1.6580,0.1649,0.2545,0.1753,0.1049,0.6996
1.6590,0.1597,0.2576,0.1752,0.1045,0.6971
1.6600,0.1545,0.2608,0.1751,0.1043,0.6946
1.6610,0.2370,0.1929,0.1750,0.1243,0.7292
1.6620,0.2300,0.1975,0.1750,0.1240,0.7265
1.6630,0.2233,0.2019,0.1749,0.1237,0.7238
1.6640,0.2167,0.2062,0.1749,0.1234,0.7212
1.6650,0.2105,0.2104,0.1749,0.1229,0.7186
1.6660,0.2045,0.2144,0.1749,0.1222,0.7159
1.6670,0.1987,0.2182,0.1749,0.1214,0.7132
1.6680,0.1933,0.2218,0.1749,0.1204,0.7104
1.6690,0.1880,0.2253,0.1749,0.1195,0.7077
1.6700,0.1830,0.2285,0.1749,0.1185,0.7049
1.6710,0.1781,0.2317,0.1749,0.1175,0.7022
1.6720,0.1734,0.2347,0.1749,0.1165,0.6995
1.6730,0.1689,0.2376,0.1749,0.1156,0.6969
1.6740,0.1644,0.2404,0.1748,0.1148,0.6944
1.6750,0.1599,0.2432,0.1748,0.1140,0.6918
1.6760,0.1555,0.2459,0.1747,0.1132,0.6893
1.6770,0.1511,0.2487,0.1746,0.1124,0.6868
1.6780,0.1467,0.2514,0.1745,0.1117,0.6843
1.6790,0.1422,0.2542,0.1745,0.1110,0.6819
1.6800,0.1377,0.2570,0.1744,0.1104,0.6795
1.6810,0.2118,0.1939,0.1744,0.1249,0.7050
1.6820,0.2060,0.1980,0.1743,0.1242,0.7025
1.6830,0.2004,0.2020,0.1743,0.1235,0.7001
1.6840,0.1950,0.2058,0.1743,0.1227,0.6978
1.6850,0.1898,0.2096,0.1743,0.1218,0.6954
1.6860,0.1848,0.2131,0.1743,0.1208,0.6931
1.6870,0.1801,0.2165,0.1743,0.1197,0.6906
1.6880,0.1756,0.2198,0.1743,0.1185,0.6882
1.6890,0.1714,0.2228,0.1743,0.1173,0.6858
1.6900,0.1673,0.2258,0.1743,0.1161,0.6834
1.6910,0.1634,0.2286,0.1743,0.1149,0.6811
1.6920,0.1596,0.2313,0.1743,0.1138,0.6789
1.6930,0.1559,0.2339,0.1742,0.1127,0.6768
1.6940,0.1523,0.2364,0.1742,0.1117,0.6747
1.6950,0.1488,0.2390,0.1741,0.1108,0.6727
1.6960,0.1453,0.2415,0.1741,0.1100,0.6709
1.6970,0.1419,0.2440,0.1740,0.1092,0.6691
1.6980,0.1384,0.2466,0.1739,0.1085,0.6674
1.6990,0.1349,0.2492,0.1738,0.1079,0.6658
1.7000,0.1315,0.2518,0.1738,0.1074,0.6644
1.7010,0.1923,0.2039,0.1737,0.1170,0.6869
1.7020,0.1879,0.2076,0.1736,0.1165,0.6857
1.7030,0.1836,0.2112,0.1736,0.1161,0.6846
1.7040,0.1795,0.2147,0.1736,0.1157,0.6835
1.7050,0.1755,0.2181,0.1736,0.1153,0.6825
1.7060,0.1718,0.2214,0.1736,0.1148,0.6816
1.7070,0.1682,0.2246,0.1736,0.1143,0.6807
1.7080,0.1648,0.2275,0.1736,0.1139,0.6798
1.7090,0.1615,0.2304,0.1736,0.1134,0.6790
1.7100,0.1585,0.2331,0.1737,0.1130,0.6782
1.7110,0.1555,0.2356,0.1737,0.1126,0.6775
1.7120,0.1528,0.2381,0.1737,0.1123,0.6769
1.7130,0.1501,0.2404,0.1737,0.1121,0.6763
1.7140,0.1475,0.2427,0.1737,0.1119,0.6758
1.7150,0.1450,0.2449,0.1737,0.1118,0.6754
1.7160,0.1425,0.2471,0.1737,0.1117,0.6751
1.7170,0.1401,0.2492,0.1737,0.1117,0.6748
1.7180,0.1378,0.2514,0.1736,0.1118,0.6745
1.7190,0.1354,0.2535,0.1736,0.1118,0.6743
1.7200,0.1331,0.2556,0.1736,0.1118,0.6741
1.7210,0.1855,0.2174,0.1736,0.1219,0.6983
1.7220,0.1824,0.2203,0.1736,0.1218,0.6982
1.7230,0.1794,0.2232,0.1736,0.1217,0.6980
1.7240,0.1766,0.2260,0.1736,0.1216,0.6979
1.7250,0.1739,0.2287,0.1737,0.1214,0.6977
1.7260,0.1714,0.2313,0.1737,0.1211,0.6975
1.7270,0.1691,0.2337,0.1737,0.1207,0.6972
1.7280,0.1669,0.2360,0.1738,0.1202,0.6968
1.7290,0.1648,0.2381,0.1738,0.1197,0.6965
1.7300,0.1629,0.2402,0.1739,0.1191,0.6961
1.7310,0.1612,0.2421,0.1739,0.1186,0.6958
1.7320,0.1595,0.2440,0.1739,0.1180,0.6954
1.7330,0.1580,0.2457,0.1740,0.1174,0.6951
1.7340,0.1565,0.2474,0.1740,0.1169,0.6948
1.7350,0.1551,0.2490,0.1740,0.1163,0.6945
1.7360,0.1538,0.2506,0.1740,0.1158,0.6942
1.7370,0.1525,0.2522,0.1740,0.1153,0.6939
1.7380,0.1512,0.2537,0.1740,0.1148,0.6937
1.7390,0.1500,0.2553,0.1740,0.1143,0.6935
1.7400,0.1488,0.2568,0.1740,0.1138,0.6933
1.7410,0.1826,0.2281,0.1740,0.1234,0.7081
1.7420,0.1809,0.2303,0.1740,0.1228,0.7080
1.7430,0.1793,0.2324,0.1740,0.1223,0.7079
1.7440,0.1777,0.2343,0.1741,0.1216,0.7078
1.7450,0.1763,0.2362,0.1741,0.1209,0.7075
1.7460,0.1749,0.2380,0.1741,0.1201,0.7071
1.7470,0.1737,0.2396,0.1742,0.1192,0.7067
1.7480,0.1726,0.2412,0.1742,0.1182,0.7062
1.7490,0.1716,0.2426,0.1742,0.1173,0.7057
1.7500,0.1707,0.2439,0.1743,0.1163,0.7052
1.7510,0.1699,0.2451,0.1743,0.1154,0.7047
1.7520,0.1692,0.2463,0.1743,0.1145,0.7043
1.7530,0.1686,0.2473,0.1743,0.1137,0.7039
1.7540,0.1681,0.2483,0.1744,0.1129,0.7036
1.7550,0.1676,0.2493,0.1744,0.1121,0.7034
1.7560,0.1672,0.2502,0.1743,0.1114,0.7032
1.7570,0.1669,0.2511,0.1743,0.1108,0.7032
1.7580,0.1665,0.2520,0.1743,0.1102,0.7031
1.7590,0.1662,0.2529,0.1743,0.1097,0.7032
1.7600,0.1660,0.2538,0.1743,0.1093,0.7034
1.7610,0.1958,0.2346,0.1743,0.1140,0.7186
1.7620,0.1950,0.2359,0.1743,0.1136,0.7188
1.7630,0.1943,0.2372,0.1743,0.1134,0.7191
1.7640,0.1936,0.2383,0.1743,0.1131,0.7193
1.7650,0.1930,0.2395,0.1743,0.1129,0.7196
1.7660,0.1925,0.2405,0.1743,0.1127,0.7199
1.7670,0.1920,0.2414,0.1743,0.1125,0.7202
1.7680,0.1916,0.2423,0.1743,0.1124,0.7206
1.7690,0.1913,0.2431,0.1743,0.1123,0.7209
1.7700,0.1911,0.2438,0.1743,0.1122,0.7213
1.7710,0.1909,0.2444,0.1743,0.1122,0.7218
1.7720,0.1907,0.2450,0.1743,0.1122,0.7222
1.7730,0.1906,0.2456,0.1743,0.1122,0.7226
1.7740,0.1905,0.2460,0.1742,0.1122,0.7230
1.7750,0.1905,0.2465,0.1742,0.1122,0.7234
1.7760,0.1904,0.2469,0.1742,0.1122,0.7237
1.7770,0.1904,0.2473,0.1742,0.1122,0.7240
1.7780,0.1903,0.2477,0.1741,0.1122,0.7243
1.7790,0.1901,0.2481,0.1741,0.1122,0.7245
1.7800,0.1899,0.2484,0.1741,0.1122,0.7246
1.7810,0.1998,0.2388,0.1740,0.1173,0.7299
1.7820,0.1995,0.2394,0.1740,0.1173,0.7302
1.7830,0.1993,0.2399,0.1740,0.1173,0.7304
1.7840,0.1990,0.2404,0.1739,0.1172,0.7306
1.7850,0.1987,0.2409,0.1739,0.1172,0.7308
1.7860,0.1985,0.2413,0.1739,0.1172,0.7309
1.7870,0.1982,0.2417,0.1738,0.1172,0.7310
1.7880,0.1979,0.2421,0.1738,0.1171,0.7310
1.7890,0.1977,0.2424,0.1738,0.1170,0.7309
1.7900,0.1974,0.2427,0.1737,0.1169,0.7308
1.7910,0.1972,0.2430,0.1737,0.1168,0.7307
1.7920,0.1970,0.2432,0.1737,0.1167,0.7305
1.7930,0.1967,0.2434,0.1736,0.1166,0.7303
1.7940,0.1965,0.2436,0.1736,0.1165,0.7301
1.7950,0.1963,0.2437,0.1735,0.1164,0.7299
1.7960,0.1961,0.2438,0.1734,0.1163,0.7297
1.7970,0.1959,0.2440,0.1734,0.1162,0.7295
1.7980,0.1957,0.2441,0.1733,0.1161,0.7293
1.7990,0.1956,0.2442,0.1732,0.1161,0.7291
1.8000,0.1954,0.2443,0.1732,0.1160,0.7289
1.8010,0.1952,0.2444,0.1731,0.1159,0.7286
1.8020,0.1950,0.2445,0.1730,0.1159,0.7284
1.8030,0.1949,0.2447,0.1730,0.1158,0.7283
1.8040,0.1947,0.2448,0.1729,0.1158,0.7281
1.8050,0.1945,0.2449,0.1728,0.1157,0.7280
1.8060,0.1943,0.2450,0.1727,0.1157,0.7278
1.8070,0.1942,0.2452,0.1726,0.1157,0.7277
1.8080,0.1940,0.2453,0.1726,0.1157,0.7275
1.8090,0.1938,0.2454,0.1725,0.1157,0.7273
1.8100,0.1936,0.2455,0.1724,0.1157,0.7271
1.8110,0.1934,0.2456,0.1723,0.1157,0.7270
1.8120,0.1932,0.2456,0.1722,0.1157,0.7267
1.8130,0.1930,0.2457,0.1721,0.1157,0.7265
1.8140,0.1928,0.2458,0.1720,0.1157,0.7263
1.8150,0.1926,0.2459,0.1720,0.1157,0.7261
1.8160,0.1924,0.2460,0.1719,0.1157,0.7259
1.8170,0.1922,0.2460,0.1718,0.1157,0.7257
1.8180,0.1920,0.2461,0.1717,0.1157,0.7254
1.8190,0.1918,0.2462,0.1716,0.1157,0.7252
1.8200,0.1916,0.2462,0.1715,0.1157,0.7250
1.8210,0.1914,0.2463,0.1714,0.1157,0.7247
1.8220,0.1912,0.2463,0.1713,0.1157,0.7245
1.8230,0.1910,0.2464,0.1712,0.1157,0.7243
1.8240,0.1908,0.2464,0.1711,0.1157,0.7240
1.8250,0.1906,0.2465,0.1711,0.1157,0.7238
1.8260,0.1904,0.2465,0.1710,0.1157,0.7236
1.8270,0.1902,0.2466,0.1709,0.1157,0.7234
1.8280,0.1900,0.2466,0.1708,0.1157,0.7231
1.8290,0.1899,0.2466,0.1707,0.1157,0.7229
1.8300,0.1897,0.2467,0.1706,0.1157,0.7227
1.8310,0.1895,0.2467,0.1706,0.1157,0.7224
1.8320,0.1893,0.2467,0.1705,0.1157,0.7222
1.8330,0.1892,0.2467,0.1704,0.1157,0.7220
1.8340,0.1890,0.2468,0.1703,0.1157,0.7218
1.8350,0.1888,0.2468,0.1702,0.1157,0.7215
1.8360,0.1886,0.2468,0.1702,0.1157,0.7213
1.8370,0.1885,0.2468,0.1701,0.1157,0.7211
1.8380,0.1883,0.2469,0.1700,0.1157,0.7209
1.8390,0.1881,0.2469,0.1700,0.1157,0.7206
1.8400,0.1879,0.2469,0.1699,0.1157,0.7204
1.8410,0.1878,0.2469,0.1698,0.1157,0.7202
1.8420,0.1876,0.2470,0.1698,0.1157,0.7200
1.8430,0.1874,0.2470,0.1697,0.1157,0.7198
1.8440,0.1872,0.2470,0.1696,0.1157,0.7196
1.8450,0.1870,0.2471,0.1696,0.1157,0.7194
1.8460,0.1868,0.2471,0.1695,0.1157,0.7192
1.8470,0.1867,0.2472,0.1695,0.1157,0.7190
1.8480,0.1865,0.2472,0.1694,0.1157,0.7188
1.8490,0.1863,0.2472,0.1694,0.1157,0.7186
1.8500,0.1861,0.2473,0.1693,0.1157,0.7184
1.8510,0.1859,0.2473,0.1693,0.1157,0.7182
1.8520,0.1857,0.2473,0.1692,0.1157,0.7180
1.8530,0.1856,0.2474,0.1692,0.1157,0.7178
1.8540,0.1854,0.2474,0.1691,0.1157,0.7176
1.8550,0.1852,0.2474,0.1691,0.1157,0.7174
1.8560,0.1850,0.2475,0.1690,0.1157,0.7172
1.8570,0.1848,0.2475,0.1690,0.1157,0.7170
1.8580,0.1847,0.2475,0.1690,0.1157,0.7168
1.8590,0.1845,0.2476,0.1689,0.1157,0.7166
1.8600,0.1843,0.2476,0.1689,0.1157,0.7165
1.8610,0.1841,0.2476,0.1688,0.1157,0.7163
1.8620,0.1840,0.2476,0.1688,0.1157,0.7161
1.8630,0.1838,0.2477,0.1688,0.1157,0.7159
1.8640,0.1836,0.2477,0.1687,0.1157,0.7158
1.8650,0.1835,0.2477,0.1687,0.1157,0.7156
1.8660,0.1833,0.2478,0.1687,0.1157,0.7154
1.8670,0.1831,0.2478,0.1686,0.1157,0.7152
1.8680,0.1829,0.2478,0.1686,0.1157,0.7151
1.8690,0.1828,0.2478,0.1686,0.1157,0.7149
1.8700,0.1826,0.2479,0.1686,0.1157,0.7147
1.8710,0.1824,0.2479,0.1685,0.1157,0.7146
1.8720,0.1823,0.2479,0.1685,0.1157,0.7144
1.8730,0.1821,0.2480,0.1685,0.1157,0.7142
1.8740,0.1819,0.2480,0.1685,0.1157,0.7141
1.8750,0.1817,0.2480,0.1685,0.1157,0.7139
1.8760,0.1816,0.2481,0.1684,0.1157,0.7138
1.8770,0.1814,0.2481,0.1684,0.1157,0.7136
1.8780,0.1812,0.2481,0.1684,0.1157,0.7134
1.8790,0.1811,0.2482,0.1684,0.1157,0.7133
1.8800,0.1809,0.2482,0.1684,0.1157,0.7131
1.8810,0.1807,0.2482,0.1683,0.1157,0.7130
1.8820,0.1805,0.2483,0.1683,0.1157,0.7128
1.8830,0.1804,0.2483,0.1683,0.1157,0.7127
1.8840,0.1802,0.2483,0.1683,0.1157,0.7125
1.8850,0.1800,0.2484,0.1683,0.1157,0.7124
1.8860,0.1799,0.2484,0.1683,0.1157,0.7122
1.8870,0.1797,0.2484,0.1683,0.1157,0.7121
1.8880,0.1795,0.2485,0.1683,0.1157,0.7119
1.8890,0.1794,0.2485,0.1682,0.1157,0.7118
1.8900,0.1792,0.2485,0.1682,0.1157,0.7116
1.8910,0.1790,0.2486,0.1682,0.1157,0.7115
1.8920,0.1789,0.2486,0.1682,0.1157,0.7113
1.8930,0.1787,0.2486,0.1682,0.1157,0.7112
1.8940,0.1785,0.2486,0.1682,0.1157,0.7111
1.8950,0.1784,0.2487,0.1682,0.1157,0.7109
1.8960,0.1782,0.2487,0.1682,0.1157,0.7108
1.8970,0.1780,0.2487,0.1682,0.1157,0.7106
1.8980,0.1779,0.2488,0.1682,0.1157,0.7105
1.8990,0.1777,0.2488,0.1682,0.1157,0.7104
1.9000,0.1775,0.2488,0.1682,0.1157,0.7102
1.9010,0.1774,0.2489,0.1681,0.1157,0.7101
1.9020,0.1772,0.2489,0.1681,0.1157,0.7099
1.9030,0.1771,0.2489,0.1681,0.1157,0.7098
1.9040,0.1769,0.2490,0.1681,0.1157,0.7097
1.9050,0.1767,0.2490,0.1681,0.1157,0.7095
1.9060,0.1766,0.2490,0.1681,0.1157,0.7094
1.9070,0.1764,0.2491,0.1681,0.1157,0.7093
1.9080,0.1762,0.2491,0.1681,0.1157,0.7091
1.9090,0.1761,0.2491,0.1681,0.1157,0.7090
1.9100,0.1759,0.2491,0.1681,0.1157,0.7088
1.9110,0.1757,0.2492,0.1681,0.1157,0.7087
1.9120,0.1756,0.2492,0.1681,0.1157,0.7086
1.9130,0.1754,0.2492,0.1681,0.1157,0.7084
1.9140,0.1753,0.2493,0.1681,0.1157,0.7083
1.9150,0.1751,0.2493,0.1681,0.1157,0.7082
1.9160,0.1749,0.2493,0.1681,0.1157,0.7080
1.9170,0.1748,0.2494,0.1681,0.1157,0.7079
1.9180,0.1746,0.2494,0.1681,0.1157,0.7078
1.9190,0.1745,0.2494,0.1681,0.1157,0.7077
1.9200,0.1743,0.2495,0.1681,0.1157,0.7075
1.9210,0.1741,0.2495,0.1681,0.1157,0.7074
1.9220,0.1740,0.2495,0.1681,0.1157,0.7073
1.9230,0.1738,0.2495,0.1681,0.1157,0.7071
1.9240,0.1737,0.2496,0.1681,0.1157,0.7070
1.9250,0.1735,0.2496,0.1681,0.1157,0.7069
1.9260,0.1733,0.2496,0.1681,0.1157,0.7067
1.9270,0.1732,0.2497,0.1681,0.1157,0.7066
1.9280,0.1730,0.2497,0.1681,0.1157,0.7065
1.9290,0.1729,0.2497,0.1681,0.1157,0.7063
1.9300,0.1727,0.2498,0.1681,0.1157,0.7062
1.9310,0.1726,0.2498,0.1681,0.1157,0.7061
1.9320,0.1724,0.2498,0.1680,0.1157,0.7060
1.9330,0.1723,0.2498,0.1680,0.1157,0.7058
1.9340,0.1721,0.2499,0.1680,0.1157,0.7057
1.9350,0.1719,0.2499,0.1680,0.1157,0.7056
1.9360,0.1718,0.2499,0.1680,0.1157,0.7055
1.9370,0.1716,0.2500,0.1680,0.1157,0.7053
1.9380,0.1715,0.2500,0.1680,0.1157,0.7052
1.9390,0.1713,0.2500,0.1680,0.1157,0.7051
1.9400,0.1712,0.2500,0.1680,0.1157,0.7049
1.9410,0.1710,0.2501,0.1680,0.1157,0.7048
1.9420,0.1709,0.2501,0.1680,0.1157,0.7047
1.9430,0.1707,0.2501,0.1680,0.1157,0.7046
1.9440,0.1706,0.2502,0.1680,0.1157,0.7044
1.9450,0.1704,0.2502,0.1680,0.1157,0.7043
1.9460,0.1702,0.2502,0.1680,0.1157,0.7042
1.9470,0.1701,0.2502,0.1680,0.1157,0.7041
1.9480,0.1699,0.2503,0.1680,0.1157,0.7039
1.9490,0.1698,0.2503,0.1680,0.1157,0.7038
1.9500,0.1696,0.2503,0.1680,0.1157,0.7037
1.9510,0.1695,0.2504,0.1680,0.1157,0.7036
1.9520,0.1693,0.2504,0.1680,0.1157,0.7034
1.9530,0.1692,0.2504,0.1680,0.1157,0.7033
1.9540,0.1690,0.2504,0.1680,0.1157,0.7032
1.9550,0.1689,0.2505,0.1680,0.1157,0.7031
1.9560,0.1687,0.2505,0.1680,0.1157,0.7029
1.9570,0.1686,0.2505,0.1680,0.1157,0.7028
1.9580,0.1684,0.2506,0.1680,0.1157,0.7027
1.9590,0.1683,0.2506,0.1680,0.1157,0.7026
1.9600,0.1681,0.2506,0.1680,0.1157,0.7024
1.9610,0.1680,0.2506,0.1680,0.1157,0.7023
1.9620,0.1678,0.2507,0.1680,0.1157,0.7022
1.9630,0.1677,0.2507,0.1680,0.1157,0.7021
1.9640,0.1675,0.2507,0.1680,0.1157,0.7019
1.9650,0.1674,0.2507,0.1680,0.1157,0.7018
1.9660,0.1672,0.2508,0.1680,0.1157,0.7017
1.9670,0.1671,0.2508,0.1680,0.1157,0.7016
1.9680,0.1669,0.2508,0.1680,0.1157,0.7015
1.9690,0.1668,0.2508,0.1680,0.1157,0.7013
1.9700,0.1666,0.2509,0.1680,0.1157,0.7012
1.9710,0.1665,0.2509,0.1680,0.1157,0.7011
1.9720,0.1663,0.2509,0.1680,0.1157,0.7010
1.9730,0.1662,0.2509,0.1680,0.1157,0.7008
1.9740,0.1661,0.2510,0.1680,0.1157,0.7007
1.9750,0.1659,0.2510,0.1680,0.1157,0.7006
1.9760,0.1658,0.2510,0.1680,0.1157,0.7005
1.9770,0.1656,0.2511,0.1680,0.1157,0.7004
1.9780,0.1655,0.2511,0.1680,0.1157,0.7002
1.9790,0.1653,0.2511,0.1680,0.1157,0.7001
1.9800,0.1652,0.2511,0.1680,0.1157,0.7000
1.9810,0.1650,0.2512,0.1680,0.1157,0.6999
1.9820,0.1649,0.2512,0.1680,0.1157,0.6998
1.9830,0.1647,0.2512,0.1680,0.1157,0.6996
1.9840,0.1646,0.2512,0.1680,0.1157,0.6995
1.9850,0.1645,0.2513,0.1680,0.1157,0.6994
1.9860,0.1643,0.2513,0.1680,0.1157,0.6993
1.9870,0.1642,0.2513,0.1680,0.1157,0.6992
1.9880,0.1640,0.2513,0.1680,0.1157,0.6990
1.9890,0.1639,0.2513,0.1680,0.1157,0.6989
1.9900,0.1637,0.2514,0.1680,0.1157,0.6988
1.9910,0.1636,0.2514,0.1680,0.1157,0.6987
1.9920,0.1635,0.2514,0.1680,0.1157,0.6986
1.9930,0.1633,0.2514,0.1680,0.1157,0.6984
1.9940,0.1632,0.2515,0.1680,0.1157,0.6983
1.9950,0.1630,0.2515,0.1680,0.1157,0.6982
1.9960,0.1629,0.2515,0.1680,0.1157,0.6981
1.9970,0.1627,0.2515,0.1680,0.1157,0.6980
1.9980,0.1626,0.2516,0.1680,0.1157,0.6978
1.9990,0.1625,0.2516,0.1680,0.1157,0.6977
2.0000,0.1623,0.2516,0.1680,0.1157,0.6976
2.0010,0.1622,0.2516,0.1680,0.1157,0.6975
2.0020,0.1620,0.2517,0.1680,0.1157,0.6974
2.0030,0.1619,0.2517,0.1680,0.1157,0.6973
2.0040,0.1618,0.2517,0.1680,0.1157,0.6971
2.0050,0.1616,0.2517,0.1680,0.1157,0.6970
2.0060,0.1615,0.2518,0.1680,0.1157,0.6969
2.0070,0.1613,0.2518,0.1680,0.1157,0.6968
2.0080,0.1612,0.2518,0.1680,0.1157,0.6967
2.0090,0.1611,0.2518,0.1680,0.1157,0.6966
2.0100,0.1609,0.2518,0.1680,0.1157,0.6964
2.0110,0.1608,0.2519,0.1680,0.1157,0.6963
2.0120,0.1607,0.2519,0.1680,0.1157,0.6962
2.0130,0.1605,0.2519,0.1680,0.1157,0.6961
2.0140,0.1604,0.2519,0.1680,0.1157,0.6960
2.0150,0.1602,0.2520,0.1680,0.1157,0.6959
2.0160,0.1601,0.2520,0.1680,0.1157,0.6957
2.0170,0.1600,0.2520,0.1680,0.1157,0.6956
2.0180,0.1598,0.2520,0.1680,0.1157,0.6955
2.0190,0.1597,0.2520,0.1680,0.1157,0.6954
2.0200,0.1596,0.2521,0.1680,0.1157,0.6953
2.0210,0.1594,0.2521,0.1680,0.1157,0.6952
2.0220,0.1593,0.2521,0.1680,0.1157,0.6950
2.0230,0.1592,0.2521,0.1680,0.1157,0.6949
2.0240,0.1590,0.2522,0.1680,0.1157,0.6948
2.0250,0.1589,0.2522,0.1680,0.1157,0.6947
2.0260,0.1587,0.2522,0.1680,0.1157,0.6946
2.0270,0.1586,0.2522,0.1680,0.1157,0.6945
2.0280,0.1585,0.2522,0.1680,0.1157,0.6944
2.0290,0.1583,0.2523,0.1679,0.1157,0.6942
2.0300,0.1582,0.2523,0.1679,0.1157,0.6941
2.0310,0.1581,0.2523,0.1679,0.1157,0.6940
2.0320,0.1579,0.2523,0.1679,0.1157,0.6939
2.0330,0.1578,0.2523,0.1679,0.1157,0.6938
2.0340,0.1577,0.2524,0.1679,0.1157,0.6937
2.0350,0.1575,0.2524,0.1679,0.1157,0.6936
2.0360,0.1574,0.2524,0.1679,0.1157,0.6935
2.0370,0.1573,0.2524,0.1679,0.1157,0.6933
2.0380,0.1571,0.2525,0.1679,0.1157,0.6932
2.0390,0.1570,0.2525,0.1679,0.1157,0.6931
2.0400,0.1569,0.2525,0.1679,0.1157,0.6930
2.0410,0.1567,0.2525,0.1679,0.1157,0.6929
2.0420,0.1566,0.2525,0.1679,0.1157,0.6928
2.0430,0.1565,0.2526,0.1679,0.1157,0.6927
2.0440,0.1564,0.2526,0.1679,0.1157,0.6926
2.0450,0.1562,0.2526,0.1679,0.1157,0.6924
2.0460,0.1561,0.2526,0.1679,0.1157,0.6923
2.0470,0.1560,0.2526,0.1679,0.1157,0.6922
2.0480,0.1558,0.2527,0.1679,0.1157,0.6921
2.0490,0.1557,0.2527,0.1679,0.1157,0.6920
2.0500,0.1556,0.2527,0.1679,0.1157,0.6919
2.0510,0.1554,0.2527,0.1679,0.1157,0.6918
2.0520,0.1553,0.2527,0.1679,0.1157,0.6917
2.0530,0.1552,0.2528,0.1679,0.1157,0.6916
2.0540,0.1551,0.2528,0.1679,0.1157,0.6914
2.0550,0.1549,0.2528,0.1679,0.1157,0.6913
2.0560,0.1548,0.2528,0.1679,0.1157,0.6912
2.0570,0.1547,0.2528,0.1679,0.1157,0.6911
2.0580,0.1545,0.2529,0.1679,0.1157,0.6910
2.0590,0.1544,0.2529,0.1679,0.1157,0.6909
2.0600,0.1543,0.2529,0.1679,0.1157,0.6908
2.0610,0.1542,0.2529,0.1679,0.1157,0.6907
2.0620,0.1540,0.2529,0.1679,0.1157,0.6906
2.0630,0.1539,0.2530,0.1679,0.1157,0.6905
2.0640,0.1538,0.2530,0.1679,0.1157,0.6903
2.0650,0.1536,0.2530,0.1679,0.1157,0.6902
2.0660,0.1535,0.2530,0.1679,0.1157,0.6901
2.0670,0.1534,0.2530,0.1679,0.1157,0.6900
2.0680,0.1533,0.2530,0.1679,0.1157,0.6899
2.0690,0.1531,0.2531,0.1679,0.1157,0.6898
2.0700,0.1530,0.2531,0.1679,0.1157,0.6897
2.0710,0.1529,0.2531,0.1679,0.1157,0.6896
2.0720,0.1528,0.2531,0.1679,0.1157,0.6895
2.0730,0.1526,0.2531,0.1679,0.1157,0.6894
2.0740,0.1525,0.2532,0.1679,0.1157,0.6893
2.0750,0.1524,0.2532,0.1679,0.1157,0.6892
2.0760,0.1523,0.2532,0.1679,0.1157,0.6891
2.0770,0.1521,0.2532,0.1679,0.1157,0.6889
2.0780,0.1520,0.2532,0.1679,0.1157,0.6888
2.0790,0.1519,0.2532,0.1679,0.1157,0.6887
2.0800,0.1518,0.2533,0.1679,0.1157,0.6886
2.0810,0.1516,0.2533,0.1679,0.1157,0.6885
2.0820,0.1515,0.2533,0.1679,0.1157,0.6884
2.0830,0.1514,0.2533,0.1679,0.1157,0.6883
2.0840,0.1513,0.2533,0.1679,0.1157,0.6882
2.0850,0.1512,0.2534,0.1679,0.1157,0.6881
2.0860,0.1510,0.2534,0.1679,0.1157,0.6880
2.0870,0.1509,0.2534,0.1679,0.1157,0.6879
2.0880,0.1508,0.2534,0.1679,0.1157,0.6878
2.0890,0.1507,0.2534,0.1679,0.1157,0.6877
2.0900,0.1505,0.2534,0.1679,0.1157,0.6876
2.0910,0.1504,0.2535,0.1679,0.1157,0.6875
2.0920,0.1503,0.2535,0.1679,0.1157,0.6874
2.0930,0.1502,0.2535,0.1679,0.1157,0.6872
2.0940,0.1501,0.2535,0.1679,0.1157,0.6871
2.0950,0.1499,0.2535,0.1679,0.1157,0.6870
2.0960,0.1498,0.2535,0.1679,0.1157,0.6869
2.0970,0.1497,0.2536,0.1679,0.1157,0.6868
2.0980,0.1496,0.2536,0.1679,0.1157,0.6867
2.0990,0.1495,0.2536,0.1679,0.1157,0.6866
2.1000,0.1493,0.2536,0.1679,0.1157,0.6865
2.1010,0.1492,0.2536,0.1679,0.1157,0.6864
2.1020,0.1491,0.2537,0.1679,0.1157,0.6863
2.1030,0.1490,0.2537,0.1679,0.1157,0.6862
2.1040,0.1489,0.2537,0.1679,0.1157,0.6861
2.1050,0.1487,0.2537,0.1679,0.1157,0.6860
2.1060,0.1486,0.2537,0.1679,0.1157,0.6859
2.1070,0.1485,0.2537,0.1679,0.1157,0.6858
2.1080,0.1484,0.2537,0.1679,0.1157,0.6857
2.1090,0.1483,0.2538,0.1679,0.1157,0.6856
2.1100,0.1481,0.2538,0.1679,0.1157,0.6855
2.1110,0.1480,0.2538,0.1679,0.1157,0.6854
2.1120,0.1479,0.2538,0.1679,0.1157,0.6853
2.1130,0.1478,0.2538,0.1679,0.1157,0.6852
2.1140,0.1477,0.2538,0.1679,0.1157,0.6851
2.1150,0.1476,0.2539,0.1679,0.1157,0.6850
2.1160,0.1474,0.2539,0.1679,0.1157,0.6849
2.1170,0.1473,0.2539,0.1679,0.1157,0.6848
2.1180,0.1472,0.2539,0.1679,0.1157,0.6847
2.1190,0.1471,0.2539,0.1679,0.1157,0.6846
2.1200,0.1470,0.2539,0.1679,0.1157,0.6845
2.1210,0.1469,0.2540,0.1679,0.1157,0.6844
2.1220,0.1467,0.2540,0.1679,0.1157,0.6843
2.1230,0.1466,0.2540,0.1679,0.1157,0.6842
2.1240,0.1465,0.2540,0.1679,0.1157,0.6841
2.1250,0.1464,0.2540,0.1679,0.1157,0.6840
2.1260,0.1463,0.2540,0.1679,0.1157,0.6839
2.1270,0.1462,0.2541,0.1679,0.1157,0.6838
2.1280,0.1460,0.2541,0.1679,0.1157,0.6837
2.1290,0.1459,0.2541,0.1679,0.1157,0.6836
2.1300,0.1458,0.2541,0.1679,0.1157,0.6835
2.1310,0.1457,0.2541,0.1679,0.1157,0.6834
2.1320,0.1456,0.2541,0.1679,0.1157,0.6833
2.1330,0.1455,0.2541,0.1679,0.1157,0.6832
2.1340,0.1454,0.2542,0.1679,0.1157,0.6831
2.1350,0.1452,0.2542,0.1679,0.1157,0.6830
2.1360,0.1451,0.2542,0.1678,0.1157,0.6829
2.1370,0.1450,0.2542,0.1678,0.1157,0.6828
2.1380,0.1449,0.2542,0.1678,0.1157,0.6827
2.1390,0.1448,0.2542,0.1678,0.1157,0.6826
2.1400,0.1447,0.2542,0.1678,0.1157,0.6825
2.1410,0.1446,0.2543,0.1678,0.1157,0.6824
2.1420,0.1445,0.2543,0.1678,0.1157,0.6823
2.1430,0.1443,0.2543,0.1678,0.1157,0.6822
2.1440,0.1442,0.2543,0.1678,0.1157,0.6821
2.1450,0.1441,0.2543,0.1678,0.1157,0.6820
2.1460,0.1440,0.2543,0.1678,0.1157,0.6819
2.1470,0.1439,0.2544,0.1678,0.1157,0.6818
2.1480,0.1438,0.2544,0.1678,0.1157,0.6817
2.1490,0.1437,0.2544,0.1678,0.1157,0.6816
2.1500,0.1436,0.2544,0.1678,0.1157,0.6815
2.1510,0.1435,0.2544,0.1678,0.1157,0.6814
2.1520,0.1433,0.2544,0.1678,0.1157,0.6813
2.1530,0.1432,0.2544,0.1678,0.1157,0.6812
2.1540,0.1431,0.2545,0.1678,0.1157,0.6811
2.1550,0.1430,0.2545,0.1678,0.1157,0.6810
2.1560,0.1429,0.2545,0.1678,0.1157,0.6809
2.1570,0.1428,0.2545,0.1678,0.1157,0.6808
2.1580,0.1427,0.2545,0.1678,0.1157,0.6807
2.1590,0.1426,0.2545,0.1678,0.1157,0.6806
2.1600,0.1425,0.2545,0.1678,0.1157,0.6805
2.1610,0.1424,0.2545,0.1678,0.1157,0.6804
2.1620,0.1422,0.2546,0.1678,0.1157,0.6803
2.1630,0.1421,0.2546,0.1678,0.1157,0.6802
2.1640,0.1420,0.2546,0.1678,0.1157,0.6801
2.1650,0.1419,0.2546,0.1678,0.1157,0.6800
2.1660,0.1418,0.2546,0.1678,0.1157,0.6799
2.1670,0.1417,0.2546,0.1678,0.1157,0.6799
2.1680,0.1416,0.2546,0.1678,0.1157,0.6798
2.1690,0.1415,0.2547,0.1678,0.1157,0.6797
2.1700,0.1414,0.2547,0.1678,0.1157,0.6796
2.1710,0.1413,0.2547,0.1678,0.1157,0.6795
2.1720,0.1412,0.2547,0.1678,0.1157,0.6794
2.1730,0.1411,0.2547,0.1678,0.1157,0.6793
2.1740,0.1410,0.2547,0.1678,0.1157,0.6792
2.1750,0.1408,0.2547,0.1678,0.1157,0.6791
2.1760,0.1407,0.2548,0.1678,0.1157,0.6790
2.1770,0.1406,0.2548,0.1678,0.1157,0.6789
2.1780,0.1405,0.2548,0.1678,0.1157,0.6788
2.1790,0.1404,0.2548,0.1678,0.1157,0.6787
2.1800,0.1403,0.2548,0.1678,0.1157,0.6786
2.1810,0.1402,0.2548,0.1678,0.1157,0.6785
2.1820,0.1401,0.2548,0.1678,0.1157,0.6784
2.1830,0.1400,0.2548,0.1678,0.1157,0.6783
2.1840,0.1399,0.2549,0.1678,0.1157,0.6783
2.1850,0.1398,0.2549,0.1678,0.1157,0.6782
2.1860,0.1397,0.2549,0.1678,0.1157,0.6781
2.1870,0.1396,0.2549,0.1678,0.1157,0.6780
2.1880,0.1395,0.2549,0.1678,0.1157,0.6779
2.1890,0.1394,0.2549,0.1678,0.1157,0.6778
2.1900,0.1393,0.2549,0.1678,0.1157,0.6777
2.1910,0.1392,0.2549,0.1678,0.1157,0.6776
2.1920,0.1391,0.2550,0.1678,0.1157,0.6775
2.1930,0.1390,0.2550,0.1678,0.1157,0.6774
2.1940,0.1389,0.2550,0.1678,0.1157,0.6773
2.1950,0.1387,0.2550,0.1678,0.1157,0.6772
2.1960,0.1386,0.2550,0.1678,0.1157,0.6771
2.1970,0.1385,0.2550,0.1678,0.1157,0.6771
2.1980,0.1384,0.2550,0.1678,0.1157,0.6770
2.1990,0.1383,0.2550,0.1678,0.1157,0.6769
2.2000,0.1382,0.2551,0.1678,0.1157,0.6768
2.2010,0.1381,0.2551,0.1678,0.1157,0.6767
2.2020,0.1380,0.2551,0.1678,0.1157,0.6766
2.2030,0.1379,0.2551,0.1678,0.1157,0.6765
2.2040,0.1378,0.2551,0.1678,0.1157,0.6764
2.2050,0.1377,0.2551,0.1678,0.1157,0.6763
2.2060,0.1376,0.2551,0.1678,0.1157,0.6762
2.2070,0.1375,0.2551,0.1678,0.1157,0.6761
2.2080,0.1374,0.2551,0.1678,0.1157,0.6761
2.2090,0.1373,0.2552,0.1678,0.1157,0.6760
2.2100,0.1372,0.2552,0.1678,0.1157,0.6759
2.2110,0.1371,0.2552,0.1678,0.1157,0.6758
2.2120,0.1370,0.2552,0.1678,0.1157,0.6757
2.2130,0.1369,0.2552,0.1678,0.1157,0.6756
2.2140,0.1368,0.2552,0.1678,0.1157,0.6755
2.2150,0.1367,0.2552,0.1678,0.1157,0.6754
2.2160,0.1366,0.2552,0.1678,0.1157,0.6753
2.2170,0.1365,0.2553,0.1678,0.1157,0.6753
2.2180,0.1364,0.2553,0.1678,0.1157,0.6752
2.2190,0.1363,0.2553,0.1678,0.1157,0.6751
2.2200,0.1362,0.2553,0.1678,0.1157,0.6750
2.2210,0.1361,0.2553,0.1678,0.1157,0.6749
2.2220,0.1360,0.2553,0.1678,0.1157,0.6748
2.2230,0.1359,0.2553,0.1678,0.1157,0.6747
2.2240,0.1358,0.2553,0.1678,0.1157,0.6746
2.2250,0.1357,0.2553,0.1678,0.1157,0.6745
2.2260,0.1356,0.2554,0.1678,0.1157,0.6745
2.2270,0.1355,0.2554,0.1678,0.1157,0.6744
2.2280,0.1354,0.2554,0.1678,0.1157,0.6743
2.2290,0.1353,0.2554,0.1678,0.1157,0.6742
2.2300,0.1352,0.2554,0.1678,0.1157,0.6741
2.2310,0.1351,0.2554,0.1678,0.1157,0.6740
2.2320,0.1350,0.2554,0.1678,0.1157,0.6739
2.2330,0.1349,0.2554,0.1678,0.1157,0.6738
2.2340,0.1348,0.2554,0.1678,0.1157,0.6738
2.2350,0.1347,0.2555,0.1678,0.1157,0.6737
2.2360,0.1346,0.2555,0.1678,0.1157,0.6736
2.2370,0.1346,0.2555,0.1678,0.1157,0.6735
2.2380,0.1345,0.2555,0.1678,0.1157,0.6734
2.2390,0.1344,0.2555,0.1678,0.1157,0.6733
2.2400,0.1343,0.2555,0.1678,0.1157,0.6732
2.2410,0.1342,0.2555,0.1678,0.1157,0.6732
2.2420,0.1341,0.2555,0.1678,0.1157,0.6731
2.2430,0.1340,0.2555,0.1678,0.1157,0.6730
2.2440,0.1339,0.2555,0.1678,0.1157,0.6729
2.2450,0.1338,0.2556,0.1678,0.1157,0.6728
2.2460,0.1337,0.2556,0.1678,0.1157,0.6727
2.2470,0.1336,0.2556,0.1678,0.1157,0.6726
2.2480,0.1335,0.2556,0.1678,0.1157,0.6726
2.2490,0.1334,0.2556,0.1678,0.1157,0.6725
2.2500,0.1333,0.2556,0.1678,0.1157,0.6724
2.2510,0.1332,0.2556,0.1678,0.1157,0.6723
2.2520,0.1331,0.2556,0.1678,0.1157,0.6722
2.2530,0.1330,0.2556,0.1678,0.1157,0.6721
2.2540,0.1329,0.2557,0.1678,0.1157,0.6720
2.2550,0.1328,0.2557,0.1678,0.1157,0.6720
2.2560,0.1327,0.2557,0.1678,0.1157,0.6719
2.2570,0.1326,0.2557,0.1678,0.1157,0.6718
2.2580,0.1326,0.2557,0.1678,0.1157,0.6717
2.2590,0.1325,0.2557,0.1678,0.1157,0.6716
2.2600,0.1324,0.2557,0.1678,0.1157,0.6715
2.2610,0.1323,0.2557,0.1678,0.1157,0.6715
2.2620,0.1322,0.2557,0.1678,0.1157,0.6714
2.2630,0.1321,0.2557,0.1678,0.1157,0.6713
2.2640,0.1320,0.2558,0.1678,0.1157,0.6712
2.2650,0.1319,0.2558,0.1678,0.1157,0.6711
2.2660,0.1318,0.2558,0.1678,0.1157,0.6710
2.2670,0.1317,0.2558,0.1678,0.1157,0.6710
2.2680,0.1316,0.2558,0.1678,0.1157,0.6709
2.2690,0.1315,0.2558,0.1678,0.1157,0.6708
2.2700,0.1314,0.2558,0.1678,0.1157,0.6707
2.2710,0.1314,0.2558,0.1678,0.1157,0.6706
2.2720,0.1313,0.2558,0.1678,0.1157,0.6705
2.2730,0.1312,0.2558,0.1678,0.1157,0.6705
2.2740,0.1311,0.2558,0.1678,0.1157,0.6704
2.2750,0.1310,0.2559,0.1678,0.1157,0.6703
2.2760,0.1309,0.2559,0.1678,0.1157,0.6702
2.2770,0.1308,0.2559,0.1678,0.1157,0.6701
2.2780,0.1307,0.2559,0.1678,0.1157,0.6701
2.2790,0.1306,0.2559,0.1678,0.1157,0.6700
2.2800,0.1305,0.2559,0.1678,0.1157,0.6699
2.2810,0.1304,0.2559,0.1678,0.1157,0.6698
2.2820,0.1304,0.2559,0.1678,0.1157,0.6697
2.2830,0.1303,0.2559,0.1678,0.1157,0.6696
2.2840,0.1302,0.2559,0.1678,0.1157,0.6696
2.2850,0.1301,0.2559,0.1678,0.1157,0.6695
2.2860,0.1300,0.2560,0.1678,0.1157,0.6694
2.2870,0.1299,0.2560,0.1678,0.1157,0.6693
2.2880,0.1298,0.2560,0.1678,0.1157,0.6692
2.2890,0.1297,0.2560,0.1678,0.1157,0.6692
2.2900,0.1296,0.2560,0.1678,0.1157,0.6691
2.2910,0.1295,0.2560,0.1678,0.1157,0.6690
2.2920,0.1295,0.2560,0.1678,0.1157,0.6689
2.2930,0.1294,0.2560,0.1678,0.1157,0.6688
2.2940,0.1293,0.2560,0.1678,0.1157,0.6688
2.2950,0.1292,0.2560,0.1678,0.1157,0.6687
2.2960,0.1291,0.2560,0.1678,0.1157,0.6686
2.2970,0.1290,0.2561,0.1678,0.1157,0.6685
2.2980,0.1289,0.2561,0.1678,0.1157,0.6684
2.2990,0.1288,0.2561,0.1678,0.1157,0.6684
2.3000,0.1288,0.2561,0.1678,0.1157,0.6683
2.3010,0.1287,0.2561,0.1678,0.1157,0.6682
2.3020,0.1286,0.2561,0.1678,0.1157,0.6681
2.3030,0.1285,0.2561,0.1678,0.1157,0.6680
2.3040,0.1284,0.2561,0.1678,0.1157,0.6680
2.3050,0.1283,0.2561,0.1677,0.1157,0.6679
2.3060,0.1282,0.2561,0.1677,0.1157,0.6678
2.3070,0.1281,0.2561,0.1677,0.1157,0.6677
2.3080,0.1281,0.2562,0.1677,0.1157,0.6677
2.3090,0.1280,0.2562,0.1677,0.1157,0.6676
2.3100,0.1279,0.2562,0.1677,0.1157,0.6675
2.3110,0.1278,0.2562,0.1677,0.1157,0.6674
2.3120,0.1277,0.2562,0.1677,0.1157,0.6673
2.3130,0.1276,0.2562,0.1677,0.1157,0.6673
2.3140,0.1275,0.2562,0.1677,0.1157,0.6672
2.3150,0.1275,0.2562,0.1677,0.1157,0.6671
2.3160,0.1274,0.2562,0.1677,0.1157,0.6670
2.3170,0.1273,0.2562,0.1677,0.1157,0.6669
2.3180,0.1272,0.2562,0.1677,0.1157,0.6669
2.3190,0.1271,0.2562,0.1677,0.1157,0.6668
2.3200,0.1270,0.2563,0.1677,0.1157,0.6667
2.3210,0.1269,0.2563,0.1677,0.1157,0.6666
2.3220,0.1269,0.2563,0.1677,0.1157,0.6666
2.3230,0.1268,0.2563,0.1677,0.1157,0.6665
2.3240,0.1267,0.2563,0.1677,0.1157,0.6664
2.3250,0.1266,0.2563,0.1677,0.1157,0.6663
2.3260,0.1265,0.2563,0.1677,0.1157,0.6663
2.3270,0.1264,0.2563,0.1677,0.1157,0.6662
2.3280,0.1264,0.2563,0.1677,0.1157,0.6661
2.3290,0.1263,0.2563,0.1677,0.1157,0.6660
2.3300,0.1262,0.2563,0.1677,0.1157,0.6660
2.3310,0.1261,0.2563,0.1677,0.1157,0.6659
2.3320,0.1260,0.2563,0.1677,0.1157,0.6658
2.3330,0.1259,0.2564,0.1677,0.1157,0.6657
2.3340,0.1259,0.2564,0.1677,0.1157,0.6656
2.3350,0.1258,0.2564,0.1677,0.1157,0.6656
2.3360,0.1257,0.2564,0.1677,0.1157,0.6655
2.3370,0.1256,0.2564,0.1677,0.1157,0.6654
2.3380,0.1255,0.2564,0.1677,0.1157,0.6653
2.3390,0.1254,0.2564,0.1677,0.1157,0.6653
2.3400,0.1254,0.2564,0.1677,0.1157,0.6652
2.3410,0.1253,0.2564,0.1677,0.1157,0.6651
2.3420,0.1252,0.2564,0.1677,0.1157,0.6650
2.3430,0.1251,0.2564,0.1677,0.1157,0.6650
2.3440,0.1250,0.2564,0.1677,0.1157,0.6649
2.3450,0.1250,0.2564,0.1677,0.1157,0.6648
2.3460,0.1249,0.2565,0.1677,0.1157,0.6648
2.3470,0.1248,0.2565,0.1677,0.1157,0.6647
2.3480,0.1247,0.2565,0.1677,0.1157,0.6646
2.3490,0.1246,0.2565,0.1677,0.1157,0.6645
2.3500,0.1246,0.2565,0.1677,0.1157,0.6645
2.3510,0.1245,0.2565,0.1677,0.1157,0.6644
2.3520,0.1244,0.2565,0.1677,0.1157,0.6643
2.3530,0.1243,0.2565,0.1677,0.1157,0.6642
2.3540,0.1242,0.2565,0.1677,0.1157,0.6642
2.3550,0.1241,0.2565,0.1677,0.1157,0.6641
2.3560,0.1241,0.2565,0.1677,0.1157,0.6640
2.3570,0.1240,0.2565,0.1677,0.1157,0.6639
2.3580,0.1239,0.2565,0.1677,0.1157,0.6639
2.3590,0.1238,0.2565,0.1677,0.1157,0.6638
2.3600,0.1237,0.2566,0.1677,0.1157,0.6637
2.3610,0.1237,0.2566,0.1677,0.1157,0.6636
2.3620,0.1236,0.2566,0.1677,0.1157,0.6636
2.3630,0.1235,0.2566,0.1677,0.1157,0.6635
2.3640,0.1234,0.2566,0.1677,0.1157,0.6634
2.3650,0.1234,0.2566,0.1677,0.1157,0.6634
2.3660,0.1233,0.2566,0.1677,0.1157,0.6633
2.3670,0.1232,0.2566,0.1677,0.1157,0.6632
2.3680,0.1231,0.2566,0.1677,0.1157,0.6631
2.3690,0.1230,0.2566,0.1677,0.1157,0.6631
2.3700,0.1230,0.2566,0.1677,0.1157,0.6630
2.3710,0.1229,0.2566,0.1677,0.1157,0.6629
2.3720,0.1228,0.2566,0.1677,0.1157,0.6629
2.3730,0.1227,0.2566,0.1677,0.1157,0.6628
2.3740,0.1226,0.2567,0.1677,0.1157,0.6627
2.3750,0.1226,0.2567,0.1677,0.1157,0.6626
2.3760,0.1225,0.2567,0.1677,0.1157,0.6626
2.3770,0.1224,0.2567,0.1677,0.1157,0.6625
2.3780,0.1223,0.2567,0.1677,0.1157,0.6624
2.3790,0.1223,0.2567,0.1677,0.1157,0.6624
2.3800,0.1222,0.2567,0.1677,0.1157,0.6623
2.3810,0.1221,0.2567,0.1677,0.1157,0.6622
2.3820,0.1220,0.2567,0.1677,0.1157,0.6621
2.3830,0.1220,0.2567,0.1677,0.1157,0.6621
2.3840,0.1219,0.2567,0.1677,0.1157,0.6620
2.3850,0.1218,0.2567,0.1677,0.1157,0.6619
2.3860,0.1217,0.2567,0.1677,0.1157,0.6619
2.3870,0.1216,0.2567,0.1677,0.1157,0.6618
2.3880,0.1216,0.2567,0.1677,0.1157,0.6617
2.3890,0.1215,0.2568,0.1677,0.1157,0.6617
2.3900,0.1214,0.2568,0.1677,0.1157,0.6616
2.3910,0.1213,0.2568,0.1677,0.1157,0.6615
2.3920,0.1213,0.2568,0.1677,0.1157,0.6614
2.3930,0.1212,0.2568,0.1677,0.1157,0.6614
2.3940,0.1211,0.2568,0.1677,0.1157,0.6613
2.3950,0.1210,0.2568,0.1677,0.1157,0.6612
2.3960,0.1210,0.2568,0.1677,0.1157,0.6612
2.3970,0.1209,0.2568,0.1677,0.1157,0.6611
2.3980,0.1208,0.2568,0.1677,0.1157,0.6610
2.3990,0.1207,0.2568,0.1677,0.1157,0.6610
2.4000,0.1207,0.2568,0.1677,0.1157,0.6609
2.4010,0.1206,0.2568,0.1677,0.1157,0.6608
2.4020,0.1205,0.2568,0.1677,0.1157,0.6608
2.4030,0.1204,0.2568,0.1677,0.1157,0.6607
2.4040,0.1204,0.2568,0.1677,0.1157,0.6606
2.4050,0.1203,0.2569,0.1677,0.1157,0.6605
2.4060,0.1202,0.2569,0.1677,0.1157,0.6605
2.4070,0.1201,0.2569,0.1677,0.1157,0.6604
2.4080,0.1201,0.2569,0.1677,0.1157,0.6603
2.4090,0.1200,0.2569,0.1677,0.1157,0.6603
2.4100,0.1199,0.2569,0.1677,0.1157,0.6602
2.4110,0.1198,0.2569,0.1677,0.1157,0.6601
2.4120,0.1198,0.2569,0.1677,0.1157,0.6601
2.4130,0.1197,0.2569,0.1677,0.1157,0.6600
2.4140,0.1196,0.2569,0.1677,0.1157,0.6599
2.4150,0.1196,0.2569,0.1677,0.1157,0.6599
2.4160,0.1195,0.2569,0.1677,0.1157,0.6598
2.4170,0.1194,0.2569,0.1677,0.1157,0.6597
2.4180,0.1193,0.2569,0.1677,0.1157,0.6597
2.4190,0.1193,0.2569,0.1677,0.1157,0.6596
2.4200,0.1192,0.2569,0.1677,0.1157,0.6595
2.4210,0.1191,0.2569,0.1677,0.1157,0.6595
2.4220,0.1190,0.2570,0.1677,0.1157,0.6594
2.4230,0.1190,0.2570,0.1677,0.1157,0.6593
2.4240,0.1189,0.2570,0.1677,0.1157,0.6593
2.4250,0.1188,0.2570,0.1677,0.1157,0.6592
2.4260,0.1188,0.2570,0.1677,0.1157,0.6591
2.4270,0.1187,0.2570,0.1677,0.1157,0.6591
2.4280,0.1186,0.2570,0.1677,0.1157,0.6590
2.4290,0.1185,0.2570,0.1677,0.1157,0.6589
2.4300,0.1185,0.2570,0.1677,0.1157,0.6589
2.4310,0.1184,0.2570,0.1677,0.1157,0.6588
2.4320,0.1183,0.2570,0.1677,0.1157,0.6587
2.4330,0.1183,0.2570,0.1677,0.1157,0.6587
2.4340,0.1182,0.2570,0.1677,0.1157,0.6586
2.4350,0.1181,0.2570,0.1677,0.1157,0.6585
2.4360,0.1181,0.2570,0.1677,0.1157,0.6585
2.4370,0.1180,0.2570,0.1677,0.1157,0.6584
2.4380,0.1179,0.2570,0.1677,0.1157,0.6583
2.4390,0.1178,0.2570,0.1677,0.1157,0.6583
2.4400,0.1178,0.2571,0.1677,0.1157,0.6582
2.4410,0.1177,0.2571,0.1677,0.1157,0.6582
2.4420,0.1176,0.2571,0.1677,0.1157,0.6581
2.4430,0.1176,0.2571,0.1677,0.1157,0.6580
2.4440,0.1175,0.2571,0.1677,0.1157,0.6580
2.4450,0.1174,0.2571,0.1677,0.1157,0.6579
2.4460,0.1174,0.2571,0.1677,0.1157,0.6578
2.4470,0.1173,0.2571,0.1677,0.1157,0.6578
2.4480,0.1172,0.2571,0.1677,0.1157,0.6577
2.4490,0.1171,0.2571,0.1677,0.1157,0.6576
2.4500,0.1171,0.2571,0.1677,0.1157,0.6576
2.4510,0.1170,0.2571,0.1677,0.1157,0.6575
2.4520,0.1169,0.2571,0.1677,0.1157,0.6574
2.4530,0.1169,0.2571,0.1677,0.1157,0.6574
2.4540,0.1168,0.2571,0.1677,0.1157,0.6573
2.4550,0.1167,0.2571,0.1677,0.1157,0.6573
2.4560,0.1167,0.2571,0.1677,0.1157,0.6572
2.4570,0.1166,0.2571,0.1677,0.1157,0.6571
2.4580,0.1165,0.2571,0.1677,0.1157,0.6571
2.4590,0.1165,0.2572,0.1677,0.1157,0.6570
2.4600,0.1164,0.2572,0.1677,0.1157,0.6569
2.4610,0.1163,0.2572,0.1677,0.1157,0.6569
2.4620,0.1163,0.2572,0.1677,0.1157,0.6568
2.4630,0.1162,0.2572,0.1677,0.1157,0.6567
2.4640,0.1161,0.2572,0.1677,0.1157,0.6567
2.4650,0.1160,0.2572,0.1677,0.1157,0.6566
2.4660,0.1160,0.2572,0.1677,0.1157,0.6566
2.4670,0.1159,0.2572,0.1677,0.1157,0.6565
2.4680,0.1158,0.2572,0.1677,0.1157,0.6564
2.4690,0.1158,0.2572,0.1677,0.1157,0.6564
2.4700,0.1157,0.2572,0.1677,0.1157,0.6563
2.4710,0.1156,0.2572,0.1677,0.1157,0.6562
2.4720,0.1156,0.2572,0.1677,0.1157,0.6562
2.4730,0.1155,0.2572,0.1677,0.1157,0.6561
2.4740,0.1154,0.2572,0.1677,0.1157,0.6561
2.4750,0.1154,0.2572,0.1677,0.1157,0.6560
2.4760,0.1153,0.2572,0.1677,0.1157,0.6559
2.4770,0.1152,0.2572,0.1677,0.1157,0.6559
2.4780,0.1152,0.2572,0.1677,0.1157,0.6558
2.4790,0.1151,0.2573,0.1677,0.1157,0.6558
2.4800,0.1151,0.2573,0.1677,0.1157,0.6557
2.4810,0.1150,0.2573,0.1677,0.1157,0.6556
2.4820,0.1149,0.2573,0.1677,0.1157,0.6556
2.4830,0.1149,0.2573,0.1677,0.1157,0.6555
2.4840,0.1148,0.2573,0.1677,0.1157,0.6554
2.4850,0.1147,0.2573,0.1677,0.1157,0.6554
2.4860,0.1147,0.2573,0.1677,0.1157,0.6553
2.4870,0.1146,0.2573,0.1677,0.1157,0.6553
2.4880,0.1145,0.2573,0.1677,0.1157,0.6552
2.4890,0.1145,0.2573,0.1677,0.1157,0.6551
2.4900,0.1144,0.2573,0.1677,0.1157,0.6551
2.4910,0.1143,0.2573,0.1677,0.1157,0.6550
2.4920,0.1143,0.2573,0.1677,0.1157,0.6550
2.4930,0.1142,0.2573,0.1677,0.1157,0.6549
2.4940,0.1141,0.2573,0.1677,0.1157,0.6548
2.4950,0.1141,0.2573,0.1677,0.1157,0.6548
2.4960,0.1140,0.2573,0.1677,0.1157,0.6547
2.4970,0.1139,0.2573,0.1677,0.1157,0.6547
2.4980,0.1139,0.2573,0.1677,0.1157,0.6546
2.4990,0.1138,0.2573,0.1677,0.1157,0.6545
2.5000,0.1138,0.2574,0.1677,0.1157,0.6545
2.5010,0.1137,0.2574,0.1677,0.1157,0.6544
2.5020,0.1136,0.2574,0.1677,0.1157,0.6544
2.5030,0.1136,0.2574,0.1677,0.1157,0.6543
2.5040,0.1135,0.2574,0.1677,0.1157,0.6542
2.5050,0.1134,0.2574,0.1677,0.1157,0.6542
2.5060,0.1134,0.2574,0.1677,0.1157,0.6541
2.5070,0.1133,0.2574,0.1677,0.1157,0.6541
2.5080,0.1132,0.2574,0.1677,0.1157,0.6540
2.5090,0.1132,0.2574,0.1677,0.1157,0.6539
2.5100,0.1131,0.2574,0.1677,0.1157,0.6539
2.5110,0.1131,0.2574,0.1677,0.1157,0.6538
2.5120,0.1130,0.2574,0.1677,0.1157,0.6538
2.5130,0.1129,0.2574,0.1677,0.1157,0.6537
2.5140,0.1129,0.2574,0.1677,0.1157,0.6537
2.5150,0.1128,0.2574,0.1677,0.1157,0.6536
2.5160,0.1127,0.2574,0.1677,0.1157,0.6535
2.5170,0.1127,0.2574,0.1677,0.1157,0.6535
2.5180,0.1126,0.2574,0.1677,0.1157,0.6534
2.5190,0.1126,0.2574,0.1677,0.1157,0.6534
2.5200,0.1125,0.2574,0.1677,0.1157,0.6533
2.5210,0.1124,0.2574,0.1677,0.1157,0.6533
2.5220,0.1124,0.2574,0.1677,0.1157,0.6532
2.5230,0.1123,0.2574,0.1677,0.1157,0.6531
2.5240,0.1123,0.2575,0.1677,0.1157,0.6531
2.5250,0.1122,0.2575,0.1677,0.1157,0.6530
2.5260,0.1121,0.2575,0.1677,0.1157,0.6530
2.5270,0.1121,0.2575,0.1677,0.1157,0.6529
2.5280,0.1120,0.2575,0.1677,0.1157,0.6528
2.5290,0.1119,0.2575,0.1677,0.1157,0.6528
2.5300,0.1119,0.2575,0.1677,0.1157,0.6527
2.5310,0.1118,0.2575,0.1677,0.1157,0.6527
2.5320,0.1118,0.2575,0.1677,0.1157,0.6526
2.5330,0.1117,0.2575,0.1677,0.1157,0.6526
2.5340,0.1116,0.2575,0.1677,0.1157,0.6525
2.5350,0.1116,0.2575,0.1677,0.1157,0.6525
2.5360,0.1115,0.2575,0.1677,0.1157,0.6524
2.5370,0.1115,0.2575,0.1677,0.1157,0.6523
2.5380,0.1114,0.2575,0.1677,0.1157,0.6523
2.5390,0.1113,0.2575,0.1677,0.1157,0.6522
2.5400,0.1113,0.2575,0.1677,0.1157,0.6522
2.5410,0.1112,0.2575,0.1677,0.1157,0.6521
2.5420,0.1112,0.2575,0.1677,0.1157,0.6521
2.5430,0.1111,0.2575,0.1677,0.1157,0.6520
2.5440,0.1110,0.2575,0.1677,0.1157,0.6519
2.5450,0.1110,0.2575,0.1677,0.1157,0.6519
2.5460,0.1109,0.2575,0.1677,0.1157,0.6518
2.5470,0.1109,0.2575,0.1677,0.1157,0.6518
2.5480,0.1108,0.2575,0.1677,0.1157,0.6517
2.5490,0.1107,0.2576,0.1677,0.1157,0.6517
2.5500,0.1107,0.2576,0.1677,0.1157,0.6516
2.5510,0.1106,0.2576,0.1677,0.1157,0.6516
2.5520,0.1106,0.2576,0.1677,0.1157,0.6515
2.5530,0.1105,0.2576,0.1677,0.1157,0.6514
2.5540,0.1105,0.2576,0.1677,0.1157,0.6514
2.5550,0.1104,0.2576,0.1677,0.1157,0.6513
2.5560,0.1103,0.2576,0.1677,0.1157,0.6513
2.5570,0.1103,0.2576,0.1677,0.1157,0.6512
2.5580,0.1102,0.2576,0.1677,0.1157,0.6512
2.5590,0.1102,0.2576,0.1677,0.1157,0.6511
2.5600,0.1101,0.2576,0.1677,0.1157,0.6511
2.5610,0.1100,0.2576,0.1677,0.1157,0.6510
2.5620,0.1100,0.2576,0.1677,0.1157,0.6510
2.5630,0.1099,0.2576,0.1677,0.1157,0.6509
2.5640,0.1099,0.2576,0.1677,0.1157,0.6508
2.5650,0.1098,0.2576,0.1677,0.1157,0.6508
2.5660,0.1098,0.2576,0.1677,0.1157,0.6507
2.5670,0.1097,0.2576,0.1677,0.1157,0.6507
2.5680,0.1096,0.2576,0.1677,0.1157,0.6506
2.5690,0.1096,0.2576,0.1677,0.1157,0.6506
2.5700,0.1095,0.2576,0.1677,0.1157,0.6505
2.5710,0.1095,0.2576,0.1677,0.1157,0.6505
2.5720,0.1094,0.2576,0.1677,0.1157,0.6504
2.5730,0.1094,0.2576,0.1677,0.1157,0.6504
2.5740,0.1093,0.2576,0.1677,0.1157,0.6503
2.5750,0.1092,0.2576,0.1677,0.1157,0.6503
2.5760,0.1092,0.2577,0.1677,0.1157,0.6502
2.5770,0.1091,0.2577,0.1677,0.1157,0.6501
2.5780,0.1091,0.2577,0.1677,0.1157,0.6501
2.5790,0.1090,0.2577,0.1677,0.1157,0.6500
2.5800,0.1090,0.2577,0.1677,0.1157,0.6500
2.5810,0.1089,0.2577,0.1677,0.1157,0.6499
2.5820,0.1088,0.2577,0.1677,0.1157,0.6499
2.5830,0.1088,0.2577,0.1677,0.1157,0.6498
2.5840,0.1087,0.2577,0.1677,0.1157,0.6498
2.5850,0.1087,0.2577,0.1677,0.1157,0.6497
2.5860,0.1086,0.2577,0.1677,0.1157,0.6497
2.5870,0.1086,0.2577,0.1677,0.1157,0.6496
2.5880,0.1085,0.2577,0.1677,0.1157,0.6496
2.5890,0.1085,0.2577,0.1677,0.1157,0.6495
2.5900,0.1084,0.2577,0.1677,0.1157,0.6495
2.5910,0.1083,0.2577,0.1677,0.1157,0.6494
2.5920,0.1083,0.2577,0.1677,0.1157,0.6494
2.5930,0.1082,0.2577,0.1677,0.1157,0.6493
2.5940,0.1082,0.2577,0.1677,0.1157,0.6493
2.5950,0.1081,0.2577,0.1677,0.1157,0.6492
2.5960,0.1081,0.2577,0.1677,0.1157,0.6491
2.5970,0.1080,0.2577,0.1677,0.1157,0.6491
2.5980,0.1080,0.2577,0.1677,0.1157,0.6490
2.5990,0.1079,0.2577,0.1677,0.1157,0.6490
2.6000,0.1079,0.2577,0.1677,0.1157,0.6489
2.6010,0.1078,0.2577,0.1677,0.1157,0.6489
2.6020,0.1077,0.2577,0.1677,0.1157,0.6488
2.6030,0.1077,0.2577,0.1677,0.1157,0.6488
2.6040,0.1076,0.2577,0.1677,0.1157,0.6487
2.6050,0.1076,0.2577,0.1677,0.1157,0.6487
2.6060,0.1075,0.2577,0.1677,0.1157,0.6486
2.6070,0.1075,0.2578,0.1677,0.1157,0.6486
2.6080,0.1074,0.2578,0.1677,0.1157,0.6485
2.6090,0.1074,0.2578,0.1677,0.1157,0.6485
2.6100,0.1073,0.2578,0.1677,0.1157,0.6484
2.6110,0.1073,0.2578,0.1677,0.1157,0.6484
2.6120,0.1072,0.2578,0.1677,0.1157,0.6483
2.6130,0.1072,0.2578,0.1677,0.1157,0.6483
2.6140,0.1071,0.2578,0.1677,0.1157,0.6482
2.6150,0.1070,0.2578,0.1677,0.1157,0.6482
2.6160,0.1070,0.2578,0.1677,0.1157,0.6481
2.6170,0.1069,0.2578,0.1677,0.1157,0.6481
2.6180,0.1069,0.2578,0.1677,0.1157,0.6480
2.6190,0.1068,0.2578,0.1677,0.1157,0.6480
2.6200,0.1068,0.2578,0.1677,0.1157,0.6479
2.6210,0.1067,0.2578,0.1677,0.0954,0.6276
2.6220,0.1067,0.2578,0.1677,0.0954,0.6275
2.6230,0.1066,0.2578,0.1677,0.0954,0.6275
2.6240,0.1066,0.2578,0.1677,0.0954,0.6274
2.6250,0.1065,0.2578,0.1677,0.0954,0.6274
2.6260,0.1065,0.2578,0.1677,0.0954,0.6273
2.6270,0.1064,0.2578,0.1677,0.0954,0.6273
2.6280,0.1064,0.2578,0.1677,0.0954,0.6272
2.6290,0.1063,0.2578,0.1677,0.0954,0.6272
2.6300,0.1063,0.2578,0.1677,0.0954,0.6271
2.6310,0.1062,0.2578,0.1677,0.0954,0.6271
2.6320,0.1062,0.2578,0.1677,0.0954,0.6270
2.6330,0.1061,0.2578,0.1677,0.0954,0.6270
2.6340,0.1061,0.2578,0.1677,0.0954,0.6269
2.6350,0.1060,0.2578,0.1677,0.0954,0.6269
2.6360,0.1059,0.2578,0.1677,0.0954,0.6268
2.6370,0.1059,0.2578,0.1677,0.0954,0.6268
2.6380,0.1058,0.2578,0.1677,0.0954,0.6267
2.6390,0.1058,0.2578,0.1677,0.0954,0.6267
2.6400,0.1057,0.2579,0.1677,0.0954,0.6266
2.6410,0.1057,0.2579,0.1677,0.0649,0.5961
2.6420,0.1056,0.2579,0.1677,0.0649,0.5960
2.6430,0.1056,0.2579,0.1677,0.0649,0.5960
2.6440,0.1055,0.2579,0.1677,0.0649,0.5959
2.6450,0.1055,0.2579,0.1677,0.0649,0.5959
2.6460,0.1054,0.2579,0.1677,0.0649,0.5958
2.6470,0.1054,0.2579,0.1677,0.0649,0.5958
2.6480,0.1053,0.2579,0.1677,0.0649,0.5957
2.6490,0.1053,0.2579,0.1677,0.0649,0.5957
2.6500,0.1052,0.2579,0.1677,0.0649,0.5956
2.6510,0.1052,0.2579,0.1677,0.0649,0.5956
2.6520,0.1051,0.2579,0.1677,0.0649,0.5956
2.6530,0.1051,0.2579,0.1677,0.0649,0.5955
2.6540,0.1050,0.2579,0.1677,0.0649,0.5955
2.6550,0.1050,0.2579,0.1677,0.0649,0.5954
2.6560,0.1049,0.2579,0.1677,0.0649,0.5954
2.6570,0.1049,0.2579,0.1677,0.0649,0.5953
2.6580,0.1048,0.2579,0.1677,0.0649,0.5953
2.6590,0.1048,0.2579,0.1677,0.0649,0.5952
2.6600,0.1047,0.2579,0.1677,0.0649,0.5952
2.6610,0.1047,0.2579,0.1677,0.0191,0.5494
2.6620,0.1046,0.2579,0.1677,0.0191,0.5493
2.6630,0.1046,0.2579,0.1677,0.0191,0.5493
2.6640,0.1045,0.2579,0.1677,0.0191,0.5493
2.6650,0.1045,0.2579,0.1677,0.0191,0.5492
2.6660,0.1044,0.2579,0.1677,0.0191,0.5492
2.6670,0.1044,0.2579,0.1677,0.0191,0.5491
2.6680,0.1043,0.2579,0.1677,0.0191,0.5491
2.6690,0.1043,0.2579,0.1677,0.0191,0.5490
2.6700,0.1042,0.2579,0.1677,0.0191,0.5490
2.6710,0.1042,0.2579,0.1677,0.0191,0.5489
2.6720,0.1041,0.2579,0.1677,0.0191,0.5489
2.6730,0.1041,0.2579,0.1677,0.0191,0.5488
2.6740,0.1041,0.2579,0.1677,0.0191,0.5488
2.6750,0.1040,0.2579,0.1677,0.0191,0.5487
2.6760,0.1040,0.2579,0.1677,0.0191,0.5487
2.6770,0.1039,0.2579,0.1677,0.0191,0.5486
2.6780,0.1039,0.2580,0.1677,0.0191,0.5486
2.6790,0.1038,0.2580,0.1677,0.0191,0.5486
2.6800,0.1038,0.2580,0.1677,0.0191,0.5485
2.6810,0.1037,0.2580,0.1677,0.0100,0.5393
2.6820,0.1037,0.2580,0.1677,0.0100,0.5393
2.6830,0.1036,0.2580,0.1677,0.0100,0.5392
2.6840,0.1036,0.2580,0.1677,0.0100,0.5392
2.6850,0.1035,0.2580,0.1677,0.0100,0.5391
2.6860,0.1035,0.2580,0.1677,0.0100,0.5391
2.6870,0.1034,0.2580,0.1677,0.0100,0.5391
2.6880,0.1034,0.2580,0.1677,0.0100,0.5390
2.6890,0.1033,0.2580,0.1677,0.0100,0.5390
2.6900,0.1033,0.2580,0.1677,0.0100,0.5389
2.6910,0.1032,0.2580,0.1677,0.0100,0.5389
2.6920,0.1032,0.2580,0.1677,0.0100,0.5388
2.6930,0.1031,0.2580,0.1677,0.0100,0.5388
2.6940,0.1031,0.2580,0.1677,0.0100,0.5387
2.6950,0.1031,0.2580,0.1677,0.0100,0.5387
2.6960,0.1030,0.2580,0.1677,0.0100,0.5387
2.6970,0.1030,0.2580,0.1677,0.0100,0.5386
2.6980,0.1029,0.2580,0.1677,0.0100,0.5386
2.6990,0.1029,0.2580,0.1677,0.0100,0.5385
2.7000,0.1028,0.2580,0.1677,0.0100,0.5385
2.7010,0.1028,0.2580,0.1677,0.0100,0.5384
2.7020,0.1027,0.2580,0.1677,0.0100,0.5384
2.7030,0.1027,0.2580,0.1677,0.0100,0.5383
2.7040,0.1026,0.2580,0.1677,0.0100,0.5383
2.7050,0.1026,0.2580,0.1677,0.0100,0.5383
2.7060,0.1025,0.2580,0.1677,0.0100,0.5382
2.7070,0.1025,0.2580,0.1677,0.0100,0.5382
2.7080,0.1024,0.2580,0.1677,0.0100,0.5381
2.7090,0.1024,0.2580,0.1677,0.0100,0.5381
2.7100,0.1024,0.2580,0.1677,0.0100,0.5380
2.7110,0.1023,0.2580,0.1677,0.0100,0.5380
2.7120,0.1023,0.2580,0.1677,0.0100,0.5379
2.7130,0.1022,0.2580,0.1677,0.0100,0.5379
2.7140,0.1022,0.2580,0.1677,0.0100,0.5379
2.7150,0.1021,0.2580,0.1677,0.0100,0.5378
2.7160,0.1021,0.2580,0.1677,0.0100,0.5378
2.7170,0.1020,0.2580,0.1677,0.0100,0.5377
2.7180,0.1020,0.2580,0.1677,0.0100,0.5377
2.7190,0.1019,0.2580,0.1677,0.0100,0.5376
2.7200,0.1019,0.2580,0.1677,0.0100,0.5376
2.7210,0.1019,0.2580,0.1677,0.0730,0.6005
2.7220,0.1018,0.2581,0.1677,0.0727,0.6002
2.7230,0.1018,0.2581,0.1677,0.0725,0.6000
2.7240,0.1017,0.2581,0.1676,0.0723,0.5998
2.7250,0.1017,0.2581,0.1676,0.0722,0.5996
2.7260,0.1016,0.2581,0.1676,0.0721,0.5994
2.7270,0.1016,0.2581,0.1676,0.0720,0.5993
2.7280,0.1015,0.2581,0.1676,0.0720,0.5993
2.7290,0.1015,0.2581,0.1676,0.0721,0.5993
2.7300,0.1015,0.2581,0.1676,0.0721,0.5992
2.7310,0.1014,0.2581,0.1676,0.0721,0.5992
2.7320,0.1014,0.2581,0.1676,0.0721,0.5992
2.7330,0.1013,0.2581,0.1676,0.0721,0.5991
2.7340,0.1013,0.2581,0.1676,0.0721,0.5991
2.7350,0.1012,0.2581,0.1676,0.0721,0.5991
2.7360,0.1012,0.2581,0.1676,0.0721,0.5990
2.7370,0.1011,0.2581,0.1676,0.0721,0.5990
2.7380,0.1011,0.2581,0.1676,0.0721,0.5990
2.7390,0.1011,0.2581,0.1676,0.0721,0.5989
2.7400,0.1010,0.2581,0.1676,0.0722,0.5989
2.7410,0.1010,0.2581,0.1676,0.1807,0.7074
2.7420,0.1009,0.2581,0.1676,0.1788,0.7055
2.7430,0.1009,0.2581,0.1676,0.1770,0.7036
2.7440,0.1008,0.2581,0.1676,0.1751,0.7017
2.7450,0.1008,0.2581,0.1676,0.1733,0.6999
2.7460,0.1008,0.2581,0.1676,0.1716,0.6981
2.7470,0.1007,0.2581,0.1676,0.1699,0.6963
2.7480,0.1007,0.2581,0.1676,0.1682,0.6946
2.7490,0.1006,0.2581,0.1676,0.1665,0.6929
2.7500,0.1006,0.2581,0.1676,0.1649,0.6912
2.7510,0.1005,0.2581,0.1676,0.1632,0.6895
2.7520,0.1005,0.2581,0.1676,0.1617,0.6879
2.7530,0.1005,0.2581,0.1676,0.1601,0.6863
2.7540,0.1004,0.2581,0.1676,0.1586,0.6848
2.7550,0.1004,0.2581,0.1676,0.1571,0.6832
2.7560,0.1003,0.2581,0.1676,0.1556,0.6817
2.7570,0.1003,0.2581,0.1676,0.1542,0.6802
2.7580,0.1002,0.2581,0.1676,0.1528,0.6788
2.7590,0.1002,0.2581,0.1676,0.1514,0.6773
2.7600,0.1002,0.2581,0.1676,0.1500,0.6759
2.7610,0.1001,0.2581,0.1676,0.2455,0.7714
2.7620,0.1001,0.2581,0.1676,0.2314,0.7572
2.7630,0.1000,0.2581,0.1676,0.2107,0.7366
2.7640,0.1000,0.2581,0.1676,0.1852,0.7110
2.7650,0.0999,0.2581,0.1676,0.1573,0.6830
2.7660,0.0999,0.2581,0.1676,0.1295,0.6552
2.7670,0.0999,0.2581,0.1676,0.1036,0.6293
2.7680,0.0998,0.2581,0.1676,0.0804,0.6061
2.7690,0.0998,0.2581,0.1676,0.0599,0.5855
2.7700,0.0997,0.2581,0.1676,0.0414,0.5669
2.7710,0.0997,0.2581,0.1676,0.0240,0.5495
2.7720,0.0997,0.2582,0.1676,0.0100,0.5354
2.7730,0.0996,0.2582,0.1676,0.0100,0.5354
2.7740,0.0996,0.2582,0.1676,0.0100,0.5354
2.7750,0.0995,0.2582,0.1676,0.0100,0.5353
2.7760,0.0995,0.2582,0.1676,0.0100,0.5353
2.7770,0.0994,0.2582,0.1676,0.0100,0.5353
2.7780,0.0994,0.2582,0.1676,0.0100,0.5352
2.7790,0.0994,0.2582,0.1676,0.0100,0.5352
2.7800,0.0993,0.2582,0.1676,0.0100,0.5351
2.7810,0.0993,0.2582,0.1676,0.0100,0.5351
2.7820,0.0992,0.2582,0.1676,0.0100,0.5351
2.7830,0.0992,0.2582,0.1676,0.0100,0.5350
2.7840,0.0992,0.2582,0.1676,0.0100,0.5350
2.7850,0.0991,0.2582,0.1676,0.0100,0.5349
2.7860,0.0991,0.2582,0.1676,0.0100,0.5349
2.7870,0.0990,0.2582,0.1676,0.0100,0.5349
2.7880,0.0990,0.2582,0.1676,0.0100,0.5348
2.7890,0.0990,0.2582,0.1676,0.0100,0.5348
2.7900,0.0989,0.2582,0.1676,0.0100,0.5347
2.7910,0.0989,0.2582,0.1676,0.0100,0.5347
2.7920,0.0988,0.2582,0.1676,0.0100,0.5347
2.7930,0.0988,0.2582,0.1676,0.0100,0.5346
2.7940,0.0988,0.2582,0.1676,0.0100,0.5346
2.7950,0.0987,0.2582,0.1676,0.0100,0.5346
2.7960,0.0987,0.2582,0.1676,0.0100,0.5345
2.7970,0.0986,0.2582,0.1676,0.0100,0.5345
2.7980,0.0986,0.2582,0.1676,0.0100,0.5344
2.7990,0.0986,0.2582,0.1676,0.0100,0.5344
2.8000,0.0985,0.2582,0.1676,0.0100,0.5344
2.8010,0.0985,0.2582,0.1676,0.0810,0.6053
2.8020,0.0984,0.2582,0.1676,0.0810,0.6053
2.8030,0.0984,0.2582,0.1676,0.0810,0.6052
2.8040,0.0984,0.2582,0.1676,0.0810,0.6052
2.8050,0.0983,0.2582,0.1676,0.0810,0.6052
2.8060,0.0983,0.2582,0.1676,0.0810,0.6051
2.8070,0.0982,0.2582,0.1676,0.0810,0.6051
2.8080,0.0982,0.2582,0.1676,0.0810,0.6051
2.8090,0.0982,0.2582,0.1676,0.0810,0.6050
2.8100,0.0981,0.2582,0.1676,0.0810,0.6050
2.8110,0.0981,0.2582,0.1676,0.0810,0.6049
2.8120,0.0980,0.2582,0.1676,0.0810,0.6049
2.8130,0.0980,0.2582,0.1676,0.0810,0.6049
2.8140,0.0980,0.2582,0.1676,0.0810,0.6048
2.8150,0.0979,0.2582,0.1676,0.0810,0.6048
2.8160,0.0979,0.2582,0.1676,0.0810,0.6048
2.8170,0.0979,0.2582,0.1676,0.0810,0.6047
2.8180,0.0978,0.2582,0.1676,0.0810,0.6047
2.8190,0.0978,0.2582,0.1676,0.0810,0.6046
2.8200,0.0977,0.2582,0.1676,0.0810,0.6046
2.8210,0.0977,0.2582,0.1676,0.2510,0.7746
2.8220,0.0977,0.2582,0.1676,0.2477,0.7712
2.8230,0.0976,0.2582,0.1676,0.2442,0.7677
2.8240,0.0976,0.2582,0.1676,0.2398,0.7632
2.8250,0.0975,0.2582,0.1676,0.2335,0.7570
2.8260,0.0975,0.2582,0.1676,0.2252,0.7486
2.8270,0.0975,0.2582,0.1676,0.2150,0.7384
2.8280,0.0974,0.2582,0.1676,0.2033,0.7266
2.8290,0.0974,0.2582,0.1676,0.1907,0.7139
2.8300,0.0974,0.2582,0.1676,0.1777,0.7009
2.8310,0.0973,0.2582,0.1676,0.1647,0.6879
2.8320,0.0973,0.2582,0.1676,0.1520,0.6751
2.8330,0.0972,0.2582,0.1676,0.1396,0.6627
2.8340,0.0972,0.2583,0.1676,0.1275,0.6506
2.8350,0.0972,0.2583,0.1676,0.1157,0.6387
2.8360,0.0971,0.2583,0.1676,0.1039,0.6269
2.8370,0.0971,0.2583,0.1676,0.0922,0.6152
2.8380,0.0971,0.2583,0.1676,0.0807,0.6036
2.8390,0.0970,0.2583,0.1676,0.0693,0.5922
2.8400,0.0970,0.2583,0.1676,0.0583,0.5812
2.8410,0.0969,0.2583,0.1676,0.2157,0.7385
2.8420,0.0969,0.2583,0.1676,0.2030,0.7258
2.8430,0.0969,0.2583,0.1676,0.1906,0.7134
2.8440,0.0968,0.2583,0.1676,0.1778,0.7006
2.8450,0.0968,0.2583,0.1676,0.1643,0.6870
2.8460,0.0968,0.2583,0.1676,0.1499,0.6725
2.8470,0.0967,0.2583,0.1676,0.1348,0.6574
2.8480,0.0967,0.2583,0.1676,0.1193,0.6419
2.8490,0.0966,0.2583,0.1676,0.1037,0.6263
2.8500,0.0966,0.2583,0.1676,0.0885,0.6111
2.8510,0.0966,0.2583,0.1676,0.0739,0.5964
2.8520,0.0965,0.2583,0.1676,0.0599,0.5823
2.8530,0.0965,0.2583,0.1676,0.0466,0.5690
2.8540,0.0965,0.2583,0.1676,0.0341,0.5564
2.8550,0.0964,0.2583,0.1676,0.0222,0.5445
2.8560,0.0964,0.2583,0.1676,0.0109,0.5332
2.8570,0.0964,0.2583,0.1676,0.0100,0.5323
2.8580,0.0963,0.2583,0.1676,0.0100,0.5322
2.8590,0.0963,0.2583,0.1676,0.0100,0.5322
2.8600,0.0962,0.2583,0.1676,0.0100,0.5322
2.8610,0.0962,0.2583,0.1676,0.1629,0.6850
2.8620,0.0962,0.2583,0.1676,0.1563,0.6784
2.8630,0.0961,0.2583,0.1676,0.1500,0.6721
2.8640,0.0961,0.2583,0.1676,0.1432,0.6653
2.8650,0.0961,0.2583,0.1676,0.1356,0.6576
2.8660,0.0960,0.2583,0.1676,0.1271,0.6491
2.8670,0.0960,0.2583,0.1676,0.1179,0.6398
2.8680,0.0960,0.2583,0.1676,0.1083,0.6302
2.8690,0.0959,0.2583,0.1676,0.0988,0.6206
2.8700,0.0959,0.2583,0.1676,0.0896,0.6114
2.8710,0.0959,0.2583,0.1676,0.0809,0.6027
2.8720,0.0958,0.2583,0.1676,0.0730,0.5948
2.8730,0.0958,0.2583,0.1676,0.0658,0.5875
2.8740,0.0957,0.2583,0.1676,0.0592,0.5809
2.8750,0.0957,0.2583,0.1676,0.0532,0.5749
2.8760,0.0957,0.2583,0.1676,0.0478,0.5694
2.8770,0.0956,0.2583,0.1676,0.0429,0.5645
2.8780,0.0956,0.2583,0.1676,0.0386,0.5601
2.8790,0.0956,0.2583,0.1676,0.0350,0.5565
2.8800,0.0955,0.2583,0.1676,0.0321,0.5536
2.8810,0.0955,0.2583,0.1676,0.2468,0.7683
2.8820,0.0955,0.2583,0.1676,0.2418,0.7632
2.8830,0.0954,0.2583,0.1676,0.2365,0.7579
2.8840,0.0954,0.2583,0.1676,0.2301,0.7514
2.8850,0.0954,0.2583,0.1676,0.2219,0.7432
2.8860,0.0953,0.2583,0.1676,0.2120,0.7333
2.8870,0.0953,0.2583,0.1676,0.2005,0.7217
2.8880,0.0953,0.2583,0.1676,0.1878,0.7090
2.8890,0.0952,0.2583,0.1676,0.1746,0.6958
2.8900,0.0952,0.2583,0.1676,0.1612,0.6824
2.8910,0.0952,0.2583,0.1676,0.1480,0.6691
2.8920,0.0951,0.2583,0.1676,0.1352,0.6563
2.8930,0.0951,0.2583,0.1676,0.1228,0.6438
2.8940,0.0951,0.2583,0.1676,0.1106,0.6317
2.8950,0.0950,0.2583,0.1676,0.0988,0.6198
2.8960,0.0950,0.2583,0.1676,0.0871,0.6080
2.8970,0.0949,0.2583,0.1676,0.0756,0.5965
2.8980,0.0949,0.2583,0.1676,0.0643,0.5852
2.8990,0.0949,0.2583,0.1676,0.0534,0.5742
2.9000,0.0948,0.2583,0.1676,0.0429,0.5637
2.9010,0.0948,0.2583,0.1676,0.2476,0.7684
2.9020,0.0948,0.2583,0.1676,0.2346,0.7554
2.9030,0.0947,0.2583,0.1676,0.2218,0.7426
2.9040,0.0947,0.2583,0.1676,0.2085,0.7292
2.9050,0.0947,0.2583,0.1676,0.1941,0.7147
2.9060,0.0946,0.2583,0.1676,0.1785,0.6991
2.9070,0.0946,0.2583,0.1676,0.1618,0.6824
2.9080,0.0946,0.2583,0.1676,0.1445,0.6651
2.9090,0.0945,0.2583,0.1676,0.1271,0.6477
2.9100,0.0945,0.2584,0.1676,0.1100,0.6305
2.9110,0.0945,0.2584,0.1676,0.0934,0.6138
2.9120,0.0944,0.2584,0.1676,0.0774,0.5978
2.9130,0.0944,0.2584,0.1676,0.0621,0.5825
2.9140,0.0944,0.2584,0.1676,0.0475,0.5679
2.9150,0.0943,0.2584,0.1676,0.0334,0.5538
2.9160,0.0943,0.2584,0.1676,0.0199,0.5402
2.9170,0.0943,0.2584,0.1676,0.0100,0.5303
2.9180,0.0942,0.2584,0.1676,0.0100,0.5302
2.9190,0.0942,0.2584,0.1676,0.0100,0.5302
2.9200,0.0942,0.2584,0.1676,0.0100,0.5302
2.9210,0.0941,0.2584,0.1676,0.1937,0.7138
2.9220,0.0941,0.2584,0.1676,0.1835,0.7036
2.9230,0.0941,0.2584,0.1676,0.1737,0.6937
2.9240,0.0940,0.2584,0.1676,0.1633,0.6833
2.9250,0.0940,0.2584,0.1676,0.1519,0.6719
2.9260,0.0940,0.2584,0.1676,0.1394,0.6594
2.9270,0.0940,0.2584,0.1676,0.1260,0.6460
2.9280,0.0939,0.2584,0.1676,0.1122,0.6322
2.9290,0.0939,0.2584,0.1676,0.0984,0.6183
2.9300,0.0939,0.2584,0.1676,0.0850,0.6049
2.9310,0.0938,0.2584,0.1676,0.0723,0.5921
2.9320,0.0938,0.2584,0.1676,0.0603,0.5801
2.9330,0.0938,0.2584,0.1676,0.0492,0.5690
2.9340,0.0937,0.2584,0.1676,0.0388,0.5585
2.9350,0.0937,0.2584,0.1676,0.0291,0.5488
2.9360,0.0937,0.2584,0.1676,0.0200,0.5397
2.9370,0.0936,0.2584,0.1676,0.0116,0.5313
2.9380,0.0936,0.2584,0.1676,0.0100,0.5296
2.9390,0.0936,0.2584,0.1676,0.0100,0.5296
2.9400,0.0935,0.2584,0.1676,0.0100,0.5295
2.9410,0.0935,0.2584,0.1676,0.2430,0.7625
2.9420,0.0935,0.2584,0.1676,0.2359,0.7554
2.9430,0.0934,0.2584,0.1676,0.2288,0.7483
2.9440,0.0934,0.2584,0.1676,0.2207,0.7402
2.9450,0.0934,0.2584,0.1676,0.2110,0.7304
2.9460,0.0933,0.2584,0.1676,0.1995,0.7189
2.9470,0.0933,0.2584,0.1676,0.1865,0.7058
2.9480,0.0933,0.2584,0.1676,0.1725,0.6918
2.9490,0.0932,0.2584,0.1676,0.1580,0.6773
2.9500,0.0932,0.2584,0.1676,0.1436,0.6628
2.9510,0.0932,0.2584,0.1676,0.1295,0.6488
2.9520,0.0932,0.2584,0.1676,0.1161,0.6352
2.9530,0.0931,0.2584,0.1676,0.1031,0.6223
2.9540,0.0931,0.2584,0.1676,0.0906,0.6097
2.9550,0.0931,0.2584,0.1676,0.0785,0.5976
2.9560,0.0930,0.2584,0.1676,0.0667,0.5857
2.9570,0.0930,0.2584,0.1676,0.0551,0.5741
2.9580,0.0930,0.2584,0.1676,0.0439,0.5629
2.9590,0.0929,0.2584,0.1676,0.0331,0.5521
2.9600,0.0929,0.2584,0.1676,0.0230,0.5419
2.9610,0.0929,0.2584,0.1676,0.2707,0.7896
2.9620,0.0928,0.2584,0.1676,0.2574,0.7763
2.9630,0.0928,0.2584,0.1676,0.2444,0.7632
2.9640,0.0928,0.2584,0.1676,0.2307,0.7495
2.9650,0.0928,0.2584,0.1676,0.2156,0.7344
2.9660,0.0927,0.2584,0.1676,0.1991,0.7179
2.9670,0.0927,0.2584,0.1676,0.1814,0.7001
2.9680,0.0927,0.2584,0.1676,0.1628,0.6815
2.9690,0.0926,0.2584,0.1676,0.1440,0.6627
2.9700,0.0926,0.2584,0.1676,0.1254,0.6441
2.9710,0.0926,0.2584,0.1676,0.1074,0.6260
2.9720,0.0925,0.2584,0.1676,0.0901,0.6087
2.9730,0.0925,0.2584,0.1676,0.0735,0.5920
2.9740,0.0925,0.2584,0.1676,0.0575,0.5760
2.9750,0.0925,0.2584,0.1676,0.0420,0.5605
2.9760,0.0924,0.2584,0.1676,0.0269,0.5454
2.9770,0.0924,0.2584,0.1676,0.0123,0.5307
2.9780,0.0924,0.2584,0.1676,0.0100,0.5284
2.9790,0.0923,0.2584,0.1676,0.0100,0.5284
2.9800,0.0923,0.2584,0.1676,0.0100,0.5284
2.9810,0.0923,0.2584,0.1676,0.2311,0.7495
2.9820,0.0922,0.2584,0.1676,0.2178,0.7361
2.9830,0.0922,0.2584,0.1676,0.2049,0.7231
2.9840,0.0922,0.2584,0.1676,0.1913,0.7096
2.9850,0.0922,0.2584,0.1676,0.1767,0.6949
2.9860,0.0921,0.2584,0.1676,0.1608,0.6789
2.9870,0.0921,0.2584,0.1676,0.1438,0.6619
2.9880,0.0921,0.2584,0.1676,0.1262,0.6443
2.9890,0.0920,0.2584,0.1676,0.1086,0.6267
2.9900,0.0920,0.2584,0.1676,0.0914,0.6095
2.9910,0.0920,0.2584,0.1676,0.0749,0.5929
2.9920,0.0919,0.2584,0.1676,0.0591,0.5772
2.9930,0.0919,0.2584,0.1676,0.0442,0.5622
2.9940,0.0919,0.2584,0.1676,0.0301,0.5480
2.9950,0.0919,0.2584,0.1676,0.0166,0.5345
2.9960,0.0918,0.2584,0.1676,0.0100,0.5279
2.9970,0.0918,0.2584,0.1676,0.0100,0.5279
2.9980,0.0918,0.2584,0.1676,0.0100,0.5278
2.9990,0.0917,0.2584,0.1676,0.0100,0.5278
3.0000,0.0917,0.2584,0.1676,0.0100,0.5278
3.0010,0.0917,0.2584,0.1676,0.2209,0.7386
3.0020,0.0917,0.2584,0.1676,0.2108,0.7285
3.0030,0.0916,0.2584,0.1676,0.2008,0.7185
3.0040,0.0916,0.2584,0.1676,0.1901,0.7078
3.0050,0.0916,0.2584,0.1676,0.1782,0.6958
3.0060,0.0915,0.2584,0.1676,0.1649,0.6825
3.0070,0.0915,0.2584,0.1676,0.1505,0.6681
3.0080,0.0915,0.2584,0.1676,0.1355,0.6531
3.0090,0.0915,0.2584,0.1676,0.1204,0.6379
3.0100,0.0914,0.2584,0.1676,0.1055,0.6230
3.0110,0.0914,0.2584,0.1676,0.0913,0.6088
3.0120,0.0914,0.2584,0.1676,0.0778,0.5952
3.0130,0.0913,0.2584,0.1676,0.0650,0.5824
3.0140,0.0913,0.2585,0.1676,0.0528,0.5702
3.0150,0.0913,0.2585,0.1676,0.0412,0.5586
3.0160,0.0913,0.2585,0.1676,0.0301,0.5475
3.0170,0.0912,0.2585,0.1676,0.0196,0.5369
3.0180,0.0912,0.2585,0.1676,0.0100,0.5273
3.0190,0.0912,0.2585,0.1676,0.0100,0.5273
3.0200,0.0911,0.2585,0.1676,0.0100,0.5272
3.0210,0.0911,0.2585,0.1676,0.2490,0.7662
3.0220,0.0911,0.2585,0.1676,0.2391,0.7563
3.0230,0.0911,0.2585,0.1676,0.2295,0.7466
3.0240,0.0910,0.2585,0.1676,0.2189,0.7360
3.0250,0.0910,0.2585,0.1676,0.2069,0.7240
3.0260,0.0910,0.2585,0.1676,0.1932,0.7103
3.0270,0.0909,0.2585,0.1676,0.1782,0.6952
3.0280,0.0909,0.2585,0.1676,0.1622,0.6792
3.0290,0.0909,0.2585,0.1676,0.1460,0.6629
3.0300,0.0909,0.2585,0.1676,0.1299,0.6468
3.0310,0.0908,0.2585,0.1676,0.1143,0.6312
3.0320,0.0908,0.2585,0.1676,0.0993,0.6162
3.0330,0.0908,0.2585,0.1676,0.0850,0.6019
3.0340,0.0908,0.2585,0.1676,0.0713,0.5882
3.0350,0.0907,0.2585,0.1676,0.0581,0.5749
3.0360,0.0907,0.2585,0.1676,0.0452,0.5620
3.0370,0.0907,0.2585,0.1676,0.0327,0.5495
3.0380,0.0906,0.2585,0.1676,0.0207,0.5375
3.0390,0.0906,0.2585,0.1676,0.0100,0.5267
3.0400,0.0906,0.2585,0.1676,0.0100,0.5267
3.0410,0.0906,0.2585,0.1676,0.2283,0.7449
3.0420,0.0905,0.2585,0.1676,0.2167,0.7333
3.0430,0.0905,0.2585,0.1676,0.2055,0.7221
3.0440,0.0905,0.2585,0.1676,0.1937,0.7103
3.0450,0.0905,0.2585,0.1676,0.1808,0.6973
3.0460,0.0904,0.2585,0.1676,0.1665,0.6831
3.0470,0.0904,0.2585,0.1676,0.1512,0.6677
3.0480,0.0904,0.2585,0.1676,0.1352,0.6517
3.0490,0.0903,0.2585,0.1676,0.1191,0.6355
3.0500,0.0903,0.2585,0.1676,0.1032,0.6196
3.0510,0.0903,0.2585,0.1676,0.0879,0.6043
3.0520,0.0903,0.2585,0.1676,0.0734,0.5897
3.0530,0.0902,0.2585,0.1676,0.0596,0.5759
3.0540,0.0902,0.2585,0.1676,0.0464,0.5628
3.0550,0.0902,0.2585,0.1676,0.0339,0.5502
3.0560,0.0902,0.2585,0.1676,0.0220,0.5382
3.0570,0.0901,0.2585,0.1676,0.0106,0.5268
3.0580,0.0901,0.2585,0.1676,0.0100,0.5262
3.0590,0.0901,0.2585,0.1676,0.0100,0.5262
3.0600,0.0901,0.2585,0.1676,0.0100,0.5262
3.0610,0.0900,0.2585,0.1676,0.2077,0.7238
3.0620,0.0900,0.2585,0.1676,0.1987,0.7148
3.0630,0.0900,0.2585,0.1676,0.1899,0.7060
3.0640,0.0900,0.2585,0.1676,0.1805,0.6966
3.0650,0.0899,0.2585,0.1676,0.1699,0.6859
3.0660,0.0899,0.2585,0.1676,0.1580,0.6740
3.0670,0.0899,0.2585,0.1676,0.1451,0.6611
3.0680,0.0898,0.2585,0.1676,0.1315,0.6475
3.0690,0.0898,0.2585,0.1676,0.1178,0.6337
3.0700,0.0898,0.2585,0.1676,0.1043,0.6203
3.0710,0.0898,0.2585,0.1676,0.0915,0.6073
3.0720,0.0897,0.2585,0.1676,0.0793,0.5951
3.0730,0.0897,0.2585,0.1676,0.0678,0.5836
3.0740,0.0897,0.2585,0.1676,0.0569,0.5727
3.0750,0.0897,0.2585,0.1676,0.0466,0.5624
3.0760,0.0896,0.2585,0.1676,0.0369,0.5526
3.0770,0.0896,0.2585,0.1676,0.0276,0.5434
3.0780,0.0896,0.2585,0.1676,0.0190,0.5347
3.0790,0.0896,0.2585,0.1676,0.0111,0.5268
3.0800,0.0895,0.2585,0.1676,0.0100,0.5257
3.0810,0.0895,0.2585,0.1676,0.2178,0.7334
3.0820,0.0895,0.2585,0.1676,0.2102,0.7258
3.0830,0.0895,0.2585,0.1676,0.2027,0.7183
3.0840,0.0894,0.2585,0.1676,0.1945,0.7101
3.0850,0.0894,0.2585,0.1676,0.1851,0.7006
3.0860,0.0894,0.2585,0.1676,0.1742,0.6897
3.0870,0.0894,0.2585,0.1676,0.1621,0.6776
3.0880,0.0893,0.2585,0.1676,0.1492,0.6647
3.0890,0.0893,0.2585,0.1676,0.1360,0.6514
3.0900,0.0893,0.2585,0.1676,0.1229,0.6383
3.0910,0.0893,0.2585,0.1676,0.1102,0.6256
3.0920,0.0892,0.2585,0.1676,0.0981,0.6134
3.0930,0.0892,0.2585,0.1676,0.0866,0.6019
3.0940,0.0892,0.2585,0.1676,0.0756,0.5909
3.0950,0.0892,0.2585,0.1676,0.0651,0.5804
3.0960,0.0891,0.2585,0.1676,0.0550,0.5703
3.0970,0.0891,0.2585,0.1676,0.0453,0.5605
3.0980,0.0891,0.2585,0.1676,0.0360,0.5513
3.0990,0.0891,0.2585,0.1676,0.0273,0.5425
3.1000,0.0890,0.2585,0.1676,0.0194,0.5345
3.1010,0.0890,0.2585,0.1676,0.2152,0.7304
3.1020,0.0890,0.2585,0.1676,0.2064,0.7215
3.1030,0.0890,0.2585,0.1676,0.1977,0.7128
3.1040,0.0889,0.2585,0.1676,0.1885,0.7036
3.1050,0.0889,0.2585,0.1676,0.1781,0.6932
3.1060,0.0889,0.2585,0.1676,0.1665,0.6815
3.1070,0.0889,0.2585,0.1676,0.1538,0.6688
3.1080,0.0888,0.2585,0.1676,0.1404,0.6554
3.1090,0.0888,0.2585,0.1676,0.1268,0.6418
3.1100,0.0888,0.2585,0.1676,0.1134,0.6283
3.1110,0.0888,0.2585,0.1676,0.1004,0.6153
3.1120,0.0887,0.2585,0.1676,0.0880,0.6029
3.1130,0.0887,0.2585,0.1676,0.0763,0.5912
3.1140,0.0887,0.2585,0.1676,0.0651,0.5800
3.1150,0.0887,0.2585,0.1676,0.0545,0.5693
3.1160,0.0886,0.2585,0.1676,0.0444,0.5592
3.1170,0.0886,0.2585,0.1676,0.0347,0.5495
3.1180,0.0886,0.2585,0.1676,0.0256,0.5403
3.1190,0.0886,0.2585,0.1676,0.0171,0.5318
3.1200,0.0886,0.2585,0.1676,0.0100,0.5247
3.1210,0.0885,0.2585,0.1676,0.1929,0.7075
3.1220,0.0885,0.2585,0.1676,0.1853,0.7000
3.1230,0.0885,0.2585,0.1676,0.1780,0.6926
3.1240,0.0885,0.2585,0.1676,0.1701,0.6847
3.1250,0.0884,0.2585,0.1676,0.1613,0.6759
3.1260,0.0884,0.2585,0.1676,0.1513,0.6659
3.1270,0.0884,0.2585,0.1676,0.1404,0.6550
3.1280,0.0884,0.2585,0.1676,0.1289,0.6434
3.1290,0.0883,0.2585,0.1676,0.1172,0.6317
3.1300,0.0883,0.2585,0.1676,0.1057,0.6201
3.1310,0.0883,0.2585,0.1676,0.0947,0.6091
3.1320,0.0883,0.2585,0.1676,0.0842,0.5987
3.1330,0.0882,0.2585,0.1676,0.0745,0.5889
3.1340,0.0882,0.2585,0.1676,0.0653,0.5797
3.1350,0.0882,0.2585,0.1676,0.0566,0.5710
3.1360,0.0882,0.2585,0.1676,0.0485,0.5628
3.1370,0.0881,0.2585,0.1676,0.0409,0.5552
3.1380,0.0881,0.2585,0.1676,0.0338,0.5480
3.1390,0.0881,0.2585,0.1676,0.0273,0.5416
3.1400,0.0881,0.2585,0.1676,0.0216,0.5359
3.1410,0.0881,0.2585,0.1676,0.1908,0.7050
3.1420,0.0880,0.2585,0.1676,0.1851,0.6993
3.1430,0.0880,0.2585,0.1676,0.1794,0.6936
3.1440,0.0880,0.2585,0.1676,0.1731,0.6873
3.1450,0.0880,0.2585,0.1676,0.1659,0.6800
3.1460,0.0879,0.2585,0.1676,0.1574,0.6715
3.1470,0.0879,0.2585,0.1676,0.1480,0.6621
3.1480,0.0879,0.2585,0.1676,0.1380,0.6520
3.1490,0.0879,0.2585,0.1676,0.1276,0.6417
3.1500,0.0878,0.2585,0.1676,0.1174,0.6314
3.1510,0.0878,0.2585,0.1676,0.1075,0.6215
3.1520,0.0878,0.2585,0.1676,0.0981,0.6121
3.1530,0.0878,0.2585,0.1676,0.0893,0.6032
3.1540,0.0878,0.2585,0.1676,0.0809,0.5948
3.1550,0.0877,0.2585,0.1676,0.0729,0.5868
3.1560,0.0877,0.2585,0.1676,0.0654,0.5792
3.1570,0.0877,0.2585,0.1676,0.0582,0.5720
3.1580,0.0877,0.2585,0.1676,0.0514,0.5652
3.1590,0.0876,0.2585,0.1676,0.0451,0.5589
3.1600,0.0876,0.2585,0.1676,0.0395,0.5533
3.1610,0.0876,0.2585,0.1676,0.1983,0.7121
3.1620,0.0876,0.2585,0.1676,0.1920,0.7057
3.1630,0.0876,0.2585,0.1676,0.1857,0.6994
3.1640,0.0875,0.2585,0.1676,0.1787,0.6924
3.1650,0.0875,0.2585,0.1676,0.1708,0.6845
3.1660,0.0875,0.2585,0.1676,0.1617,0.6754
3.1670,0.0875,0.2585,0.1676,0.1517,0.6654
3.1680,0.0874,0.2585,0.1676,0.1411,0.6547
3.1690,0.0874,0.2585,0.1676,0.1301,0.6437
3.1700,0.0874,0.2585,0.1676,0.1193,0.6329
3.1710,0.0874,0.2585,0.1676,0.1088,0.6224
3.1720,0.0874,0.2586,0.1676,0.0988,0.6123
3.1730,0.0873,0.2586,0.1676,0.0893,0.6028
3.1740,0.0873,0.2586,0.1676,0.0802,0.5937
3.1750,0.0873,0.2586,0.1676,0.0733,0.5868
3.1760,0.0873,0.2586,0.1676,0.0717,0.5852
3.1770,0.0872,0.2586,0.1676,0.0724,0.5858
3.1780,0.0872,0.2586,0.1676,0.0732,0.5866
3.1790,0.0872,0.2586,0.1676,0.0741,0.5875
3.1800,0.0872,0.2586,0.1676,0.0751,0.5885
3.1810,0.0872,0.2586,0.1676,0.2252,0.7386
3.1820,0.0871,0.2586,0.1676,0.2250,0.7383
3.1830,0.0871,0.2586,0.1676,0.2244,0.7377
3.1840,0.0871,0.2586,0.1676,0.2237,0.7370
3.1850,0.0871,0.2586,0.1676,0.2232,0.7365
3.1860,0.0871,0.2586,0.1676,0.2232,0.7364
3.1870,0.0870,0.2586,0.1676,0.2235,0.7367
3.1880,0.0870,0.2586,0.1676,0.2239,0.7371
3.1890,0.0870,0.2586,0.1676,0.2243,0.7375
3.1900,0.0870,0.2586,0.1676,0.2246,0.7378
3.1910,0.0869,0.2586,0.1676,0.2251,0.7382
3.1920,0.0869,0.2586,0.1676,0.2252,0.7383
3.1930,0.0869,0.2586,0.1676,0.2252,0.7383
3.1940,0.0869,0.2586,0.1676,0.2252,0.7383
3.1950,0.0869,0.2586,0.1676,0.2252,0.7383
3.1960,0.0868,0.2586,0.1676,0.2252,0.7382
3.1970,0.0868,0.2586,0.1676,0.2252,0.7382
3.1980,0.0868,0.2586,0.1676,0.2252,0.7382
3.1990,0.0868,0.2586,0.1676,0.2252,0.7382
3.2000,0.0868,0.2586,0.1676,0.2252,0.7382
3.2010,0.0867,0.2586,0.1676,0.3643,0.8773
3.2020,0.0867,0.2586,0.1676,0.3603,0.8732
3.2030,0.0867,0.2586,0.1676,0.3560,0.8688
3.2040,0.0867,0.2586,0.1676,0.3515,0.8643
3.2050,0.0866,0.2586,0.1676,0.3471,0.8600
3.2060,0.0866,0.2586,0.1676,0.3434,0.8563
3.2070,0.0866,0.2586,0.1676,0.3407,0.8535
3.2080,0.0866,0.2586,0.1676,0.3387,0.8514
3.2090,0.0866,0.2586,0.1676,0.3372,0.8500
3.2100,0.0865,0.2586,0.1676,0.3363,0.8490
3.2110,0.0865,0.2586,0.1676,0.3358,0.8485
3.2120,0.0865,0.2586,0.1676,0.3360,0.8487
3.2130,0.0865,0.2586,0.1676,0.3368,0.8495
3.2140,0.0865,0.2586,0.1676,0.3382,0.8509
3.2150,0.0864,0.2586,0.1676,0.3401,0.8527
3.2160,0.0864,0.2586,0.1676,0.3422,0.8549
3.2170,0.0864,0.2586,0.1676,0.3446,0.8572
3.2180,0.0864,0.2586,0.1676,0.3470,0.8596
3.2190,0.0864,0.2586,0.1676,0.3470,0.8596
3.2200,0.0863,0.2586,0.1676,0.3470,0.8595
3.2210,0.0863,0.2586,0.1676,0.4672,0.9797
3.2220,0.0863,0.2586,0.1676,0.4651,0.9776
3.2230,0.0863,0.2586,0.1676,0.4631,0.9756
3.2240,0.0863,0.2586,0.1676,0.4610,0.9735
3.2250,0.0862,0.2586,0.1676,0.4589,0.9714
3.2260,0.0862,0.2586,0.1676,0.4571,0.9695
3.2270,0.0862,0.2586,0.1676,0.4556,0.9680
3.2280,0.0862,0.2586,0.1676,0.4548,0.9671
3.2290,0.0862,0.2586,0.1676,0.4543,0.9667
3.2300,0.0861,0.2586,0.1676,0.4541,0.9665
3.2310,0.0861,0.2586,0.1676,0.4541,0.9665
3.2320,0.0861,0.2586,0.1676,0.4544,0.9667
3.2330,0.0861,0.2586,0.1676,0.4550,0.9672
3.2340,0.0861,0.2586,0.1676,0.4558,0.9681
3.2350,0.0860,0.2586,0.1676,0.4569,0.9692
3.2360,0.0860,0.2586,0.1676,0.4582,0.9704
3.2370,0.0860,0.2586,0.1676,0.4595,0.9717
3.2380,0.0860,0.2586,0.1676,0.4608,0.9729
3.2390,0.0860,0.2586,0.1676,0.4608,0.9730
3.2400,0.0859,0.2586,0.1676,0.4608,0.9730
3.2410,0.0859,0.2586,0.1676,0.5643,1.0764
3.2420,0.0859,0.2586,0.1676,0.5602,1.0723
3.2430,0.0859,0.2586,0.1676,0.5562,1.0683
3.2440,0.0859,0.2586,0.1676,0.5523,1.0644
3.2450,0.0858,0.2586,0.1676,0.5488,1.0608
3.2460,0.0858,0.2586,0.1676,0.5459,1.0579
3.2470,0.0858,0.2586,0.1676,0.5439,1.0559
3.2480,0.0858,0.2586,0.1676,0.5427,1.0546
3.2490,0.0858,0.2586,0.1676,0.5420,1.0540
3.2500,0.0857,0.2586,0.1676,0.5418,1.0537
3.2510,0.0857,0.2586,0.1676,0.5421,1.0540
3.2520,0.0857,0.2586,0.1676,0.5428,1.0547
3.2530,0.0857,0.2586,0.1676,0.5441,1.0560
3.2540,0.0857,0.2586,0.1676,0.5458,1.0577
3.2550,0.0856,0.2586,0.1676,0.5478,1.0597
3.2560,0.0856,0.2586,0.1676,0.5500,1.0618
3.2570,0.0856,0.2586,0.1676,0.5522,1.0640
3.2580,0.0856,0.2586,0.1676,0.5545,1.0663
3.2590,0.0856,0.2586,0.1676,0.5548,1.0665
3.2600,0.0855,0.2586,0.1676,0.5548,1.0665
3.2610,0.0855,0.2586,0.1676,0.6438,1.1555
3.2620,0.0855,0.2586,0.1676,0.6408,1.1525
3.2630,0.0855,0.2586,0.1676,0.6380,1.1497
3.2640,0.0855,0.2586,0.1676,0.6353,1.1470
3.2650,0.0855,0.2586,0.1676,0.6328,1.1444
3.2660,0.0854,0.2586,0.1676,0.6307,1.1424
3.2670,0.0854,0.2586,0.1676,0.6293,1.1410
3.2680,0.0854,0.2586,0.1676,0.6286,1.1402
3.2690,0.0854,0.2586,0.1676,0.6282,1.1398
3.2700,0.0854,0.2586,0.1676,0.6283,1.1398
3.2710,0.0853,0.2586,0.1676,0.6286,1.1401
3.2720,0.0853,0.2586,0.1676,0.6292,1.1407
3.2730,0.0853,0.2586,0.1676,0.6302,1.1417
3.2740,0.0853,0.2586,0.1676,0.6315,1.1430
3.2750,0.0853,0.2586,0.1676,0.6330,1.1445
3.2760,0.0852,0.2586,0.1676,0.6346,1.1461
3.2770,0.0852,0.2586,0.1676,0.6362,1.1477
3.2780,0.0852,0.2586,0.1676,0.6378,1.1492
3.2790,0.0852,0.2586,0.1676,0.6382,1.1496
3.2800,0.0852,0.2586,0.1676,0.6382,1.1495
3.2810,0.0851,0.2586,0.1676,0.7117,1.2230
3.2820,0.0851,0.2586,0.1676,0.7084,1.2197
3.2830,0.0851,0.2586,0.1676,0.7053,1.2166
3.2840,0.0851,0.2586,0.1676,0.7023,1.2137
3.2850,0.0851,0.2586,0.1676,0.6997,1.2110
3.2860,0.0851,0.2586,0.1676,0.6977,1.2090
3.2870,0.0850,0.2586,0.1676,0.6963,1.2076
3.2880,0.0850,0.2586,0.1676,0.6956,1.2068
3.2890,0.0850,0.2586,0.1676,0.6953,1.2066
3.2900,0.0850,0.2586,0.1676,0.6954,1.2066
3.2910,0.0850,0.2586,0.1676,0.6959,1.2070
3.2920,0.0849,0.2586,0.1676,0.6966,1.2078
3.2930,0.0849,0.2586,0.1676,0.6978,1.2089
3.2940,0.0849,0.2586,0.1676,0.6992,1.2103
3.2950,0.0849,0.2586,0.1676,0.7008,1.2119
3.2960,0.0849,0.2586,0.1676,0.7025,1.2136
3.2970,0.0849,0.2586,0.1676,0.7042,1.2153
3.2980,0.0848,0.2586,0.1676,0.7059,1.2169
3.2990,0.0848,0.2586,0.1676,0.7064,1.2174
3.3000,0.0848,0.2586,0.1676,0.7064,1.2174
3.3010,0.0848,0.2586,0.1676,0.7488,1.2598
3.3020,0.0848,0.2586,0.1676,0.7475,1.2584
3.3030,0.0847,0.2586,0.1676,0.7463,1.2573
3.3040,0.0847,0.2586,0.1676,0.7454,1.2563
3.3050,0.0847,0.2586,0.1676,0.7446,1.2555
3.3060,0.0847,0.2586,0.1676,0.7440,1.2550
3.3070,0.0847,0.2586,0.1676,0.7437,1.2546
3.3080,0.0847,0.2586,0.1676,0.7436,1.2544
3.3090,0.0846,0.2586,0.1676,0.7436,1.2545
3.3100,0.0846,0.2586,0.1676,0.7439,1.2547
3.3110,0.0846,0.2586,0.1676,0.7443,1.2551
3.3120,0.0846,0.2586,0.1676,0.7448,1.2556
3.3130,0.0846,0.2586,0.1676,0.7454,1.2562
3.3140,0.0846,0.2586,0.1676,0.7460,1.2568
3.3150,0.0845,0.2586,0.1676,0.7468,1.2575
3.3160,0.0845,0.2586,0.1676,0.7475,1.2583
3.3170,0.0845,0.2586,0.1676,0.7483,1.2590
3.3180,0.0845,0.2586,0.1676,0.7490,1.2597
3.3190,0.0845,0.2586,0.1676,0.7497,1.2604
3.3200,0.0844,0.2586,0.1676,0.7500,1.2607
3.3210,0.0844,0.2586,0.1676,0.7500,1.2607
3.3220,0.0844,0.2586,0.1676,0.7500,1.2606
3.3230,0.0844,0.2586,0.1676,0.7500,1.2606
3.3240,0.0844,0.2586,0.1676,0.7500,1.2606
3.3250,0.0844,0.2586,0.1676,0.7500,1.2606
3.3260,0.0843,0.2586,0.1676,0.7500,1.2606
3.3270,0.0843,0.2586,0.1676,0.7500,1.2606
3.3280,0.0843,0.2586,0.1676,0.7500,1.2605
3.3290,0.0843,0.2586,0.1676,0.7500,1.2605
3.3300,0.0843,0.2586,0.1676,0.7500,1.2605
3.3310,0.0843,0.2586,0.1676,0.7500,1.2605
3.3320,0.0842,0.2586,0.1676,0.7500,1.2605
3.3330,0.0842,0.2586,0.1676,0.7500,1.2605
3.3340,0.0842,0.2586,0.1676,0.7500,1.2604
3.3350,0.0842,0.2586,0.1676,0.7500,1.2604
3.3360,0.0842,0.2586,0.1676,0.7500,1.2604
3.3370,0.0842,0.2586,0.1676,0.7500,1.2604
3.3380,0.0841,0.2586,0.1676,0.7500,1.2604
3.3390,0.0841,0.2586,0.1676,0.7500,1.2604
3.3400,0.0841,0.2586,0.1676,0.7500,1.2603
3.3410,0.0841,0.2586,0.1676,0.7500,1.2603
3.3420,0.0841,0.2586,0.1676,0.7500,1.2603
3.3430,0.0841,0.2586,0.1676,0.7500,1.2603
3.3440,0.0840,0.2586,0.1676,0.7500,1.2603
3.3450,0.0840,0.2586,0.1676,0.7500,1.2603
3.3460,0.0840,0.2586,0.1676,0.7500,1.2602
3.3470,0.0840,0.2586,0.1676,0.7500,1.2602
3.3480,0.0840,0.2586,0.1676,0.7500,1.2602
3.3490,0.0840,0.2586,0.1676,0.7500,1.2602
3.3500,0.0839,0.2586,0.1676,0.7500,1.2602
3.3510,0.0839,0.2586,0.1676,0.7500,1.2602
3.3520,0.0839,0.2586,0.1676,0.7500,1.2601
3.3530,0.0839,0.2586,0.1676,0.7500,1.2601
3.3540,0.0839,0.2586,0.1676,0.7500,1.2601
3.3550,0.0839,0.2586,0.1676,0.7500,1.2601
3.3560,0.0838,0.2586,0.1676,0.7500,1.2601
3.3570,0.0838,0.2586,0.1676,0.7500,1.2601
3.3580,0.0838,0.2586,0.1676,0.7500,1.2600
3.3590,0.0838,0.2586,0.1676,0.7500,1.2600
3.3600,0.0838,0.2586,0.1676,0.7500,1.2600
3.3610,0.0838,0.2586,0.1676,0.7500,1.2600
3.3620,0.0837,0.2586,0.1676,0.7500,1.2600
3.3630,0.0837,0.2586,0.1676,0.7500,1.2600
3.3640,0.0837,0.2586,0.1676,0.7500,1.2599
3.3650,0.0837,0.2586,0.1676,0.7500,1.2599
3.3660,0.0837,0.2586,0.1676,0.7500,1.2599
3.3670,0.0837,0.2586,0.1676,0.7500,1.2599
3.3680,0.0836,0.2586,0.1676,0.7500,1.2599
3.3690,0.0836,0.2586,0.1676,0.7500,1.2599
3.3700,0.0836,0.2586,0.1676,0.7500,1.2599
3.3710,0.0836,0.2586,0.1676,0.7500,1.2598
3.3720,0.0836,0.2586,0.1676,0.7500,1.2598
3.3730,0.0836,0.2586,0.1676,0.7500,1.2598
3.3740,0.0835,0.2586,0.1676,0.7500,1.2598
3.3750,0.0835,0.2586,0.1676,0.7500,1.2598
3.3760,0.0835,0.2586,0.1676,0.7500,1.2598
3.3770,0.0835,0.2586,0.1676,0.7500,1.2597
3.3780,0.0835,0.2586,0.1676,0.7500,1.2597
3.3790,0.0835,0.2586,0.1676,0.7500,1.2597
3.3800,0.0835,0.2586,0.1676,0.7500,1.2597
3.3810,0.0834,0.2586,0.1676,0.7500,1.2597
3.3820,0.0834,0.2586,0.1676,0.7500,1.2597
3.3830,0.0834,0.2586,0.1676,0.7500,1.2596
3.3840,0.0834,0.2586,0.1676,0.7500,1.2596
3.3850,0.0834,0.2586,0.1676,0.7500,1.2596
3.3860,0.0834,0.2586,0.1676,0.7500,1.2596
3.3870,0.0833,0.2586,0.1676,0.7500,1.2596
3.3880,0.0833,0.2586,0.1676,0.7500,1.2596
3.3890,0.0833,0.2586,0.1676,0.7500,1.2596
3.3900,0.0833,0.2586,0.1676,0.7500,1.2595
3.3910,0.0833,0.2586,0.1676,0.7500,1.2595
3.3920,0.0833,0.2586,0.1676,0.7500,1.2595
3.3930,0.0832,0.2586,0.1676,0.7500,1.2595
3.3940,0.0832,0.2586,0.1676,0.7500,1.2595
3.3950,0.0832,0.2586,0.1676,0.7500,1.2595
3.3960,0.0832,0.2586,0.1676,0.7500,1.2594
3.3970,0.0832,0.2586,0.1676,0.7500,1.2594
3.3980,0.0832,0.2586,0.1676,0.7500,1.2594
3.3990,0.0832,0.2586,0.1676,0.7500,1.2594
3.4000,0.0831,0.2586,0.1676,0.7500,1.2594
3.4010,0.0831,0.2586,0.1676,0.7500,1.2594
3.4020,0.0831,0.2586,0.1676,0.7500,1.2594
3.4030,0.0831,0.2586,0.1676,0.7500,1.2593
3.4040,0.0831,0.2586,0.1676,0.7500,1.2593
3.4050,0.0831,0.2586,0.1676,0.7500,1.2593
3.4060,0.0830,0.2586,0.1676,0.7500,1.2593
3.4070,0.0830,0.2586,0.1676,0.7500,1.2593
3.4080,0.0830,0.2586,0.1676,0.7500,1.2593
3.4090,0.0830,0.2586,0.1676,0.7500,1.2592
3.4100,0.0830,0.2586,0.1676,0.7500,1.2592
3.4110,0.0830,0.2586,0.1676,0.7500,1.2592
3.4120,0.0830,0.2586,0.1676,0.7500,1.2592
3.4130,0.0829,0.2586,0.1676,0.7500,1.2592
3.4140,0.0829,0.2586,0.1676,0.7500,1.2592
3.4150,0.0829,0.2586,0.1676,0.7500,1.2592
3.4160,0.0829,0.2586,0.1676,0.7500,1.2591
3.4170,0.0829,0.2586,0.1676,0.7500,1.2591
3.4180,0.0829,0.2586,0.1676,0.7500,1.2591
3.4190,0.0829,0.2586,0.1676,0.7500,1.2591
3.4200,0.0828,0.2586,0.1676,0.7500,1.2591
3.4210,0.0828,0.2586,0.1676,0.7500,1.2591
3.4220,0.0828,0.2586,0.1676,0.7500,1.2591
3.4230,0.0828,0.2586,0.1676,0.7500,1.2590
3.4240,0.0828,0.2586,0.1676,0.7500,1.2590
3.4250,0.0828,0.2586,0.1676,0.7500,1.2590
3.4260,0.0827,0.2586,0.1676,0.7500,1.2590
3.4270,0.0827,0.2586,0.1676,0.7500,1.2590
3.4280,0.0827,0.2586,0.1676,0.7500,1.2590
3.4290,0.0827,0.2586,0.1676,0.7500,1.2590
3.4300,0.0827,0.2586,0.1676,0.7500,1.2589
3.4310,0.0827,0.2586,0.1676,0.7500,1.2589
3.4320,0.0827,0.2586,0.1676,0.7500,1.2589
3.4330,0.0826,0.2586,0.1676,0.7500,1.2589
3.4340,0.0826,0.2586,0.1676,0.7500,1.2589
3.4350,0.0826,0.2586,0.1676,0.7500,1.2589
3.4360,0.0826,0.2586,0.1676,0.7500,1.2589
3.4370,0.0826,0.2586,0.1676,0.7500,1.2588
3.4380,0.0826,0.2586,0.1676,0.7500,1.2588
3.4390,0.0826,0.2586,0.1676,0.7500,1.2588
3.4400,0.0825,0.2586,0.1676,0.7500,1.2588
3.4410,0.0825,0.2586,0.1676,0.7500,1.2588
3.4420,0.0825,0.2586,0.1676,0.7500,1.2588
3.4430,0.0825,0.2586,0.1676,0.7500,1.2588
3.4440,0.0825,0.2586,0.1676,0.7500,1.2587
3.4450,0.0825,0.2586,0.1676,0.7500,1.2587
3.4460,0.0825,0.2586,0.1676,0.7500,1.2587
3.4470,0.0824,0.2586,0.1676,0.7500,1.2587
3.4480,0.0824,0.2586,0.1676,0.7500,1.2587
3.4490,0.0824,0.2586,0.1676,0.7500,1.2587
3.4500,0.0824,0.2586,0.1676,0.7500,1.2587
3.4510,0.0824,0.2586,0.1676,0.7500,1.2586
3.4520,0.0824,0.2586,0.1676,0.7500,1.2586
3.4530,0.0824,0.2586,0.1676,0.7500,1.2586
3.4540,0.0823,0.2586,0.1676,0.7500,1.2586
3.4550,0.0823,0.2586,0.1676,0.7500,1.2586
3.4560,0.0823,0.2586,0.1676,0.7500,1.2586
3.4570,0.0823,0.2586,0.1676,0.7500,1.2586
3.4580,0.0823,0.2586,0.1676,0.7500,1.2585
3.4590,0.0823,0.2586,0.1676,0.7500,1.2585
3.4600,0.0823,0.2586,0.1676,0.7500,1.2585
3.4610,0.0822,0.2586,0.1676,0.7500,1.2585
3.4620,0.0822,0.2586,0.1676,0.7500,1.2585
3.4630,0.0822,0.2586,0.1676,0.7500,1.2585
3.4640,0.0822,0.2586,0.1676,0.7500,1.2585
3.4650,0.0822,0.2586,0.1676,0.7500,1.2584
3.4660,0.0822,0.2586,0.1676,0.7500,1.2584
3.4670,0.0822,0.2586,0.1676,0.7500,1.2584
3.4680,0.0821,0.2586,0.1676,0.7500,1.2584
3.4690,0.0821,0.2586,0.1676,0.7500,1.2584
3.4700,0.0821,0.2586,0.1676,0.7500,1.2584
3.4710,0.0821,0.2586,0.1676,0.7500,1.2584
3.4720,0.0821,0.2586,0.1676,0.7500,1.2584
3.4730,0.0821,0.2586,0.1676,0.7500,1.2583
3.4740,0.0821,0.2586,0.1676,0.7500,1.2583
3.4750,0.0821,0.2586,0.1676,0.7500,1.2583
3.4760,0.0820,0.2586,0.1676,0.7500,1.2583
3.4770,0.0820,0.2586,0.1676,0.7500,1.2583
3.4780,0.0820,0.2586,0.1676,0.7500,1.2583
3.4790,0.0820,0.2586,0.1676,0.7500,1.2583
3.4800,0.0820,0.2586,0.1676,0.7500,1.2582
3.4810,0.0820,0.2586,0.1676,0.7500,1.2582
3.4820,0.0820,0.2586,0.1676,0.7500,1.2582
3.4830,0.0819,0.2586,0.1676,0.7500,1.2582
3.4840,0.0819,0.2586,0.1676,0.7500,1.2582
3.4850,0.0819,0.2586,0.1676,0.7500,1.2582
3.4860,0.0819,0.2586,0.1676,0.7500,1.2582
3.4870,0.0819,0.2586,0.1676,0.7500,1.2582
3.4880,0.0819,0.2586,0.1676,0.7500,1.2581
3.4890,0.0819,0.2586,0.1676,0.7500,1.2581
3.4900,0.0818,0.2586,0.1676,0.7500,1.2581
3.4910,0.0818,0.2586,0.1676,0.7500,1.2581
3.4920,0.0818,0.2586,0.1676,0.7500,1.2581
3.4930,0.0818,0.2586,0.1676,0.7500,1.2581
3.4940,0.0818,0.2586,0.1676,0.7500,1.2581
3.4950,0.0818,0.2586,0.1676,0.7500,1.2580
3.4960,0.0818,0.2586,0.1676,0.7500,1.2580
3.4970,0.0818,0.2586,0.1676,0.7500,1.2580
3.4980,0.0817,0.2586,0.1676,0.7500,1.2580
3.4990,0.0817,0.2586,0.1676,0.7500,1.2580
3.5000,0.0817,0.2586,0.1676,0.7500,1.2580
3.5010,0.0817,0.2586,0.1676,0.7500,1.2580
3.5020,0.0817,0.2586,0.1676,0.7500,1.2580
3.5030,0.0817,0.2586,0.1676,0.7500,1.2579
3.5040,0.0817,0.2586,0.1676,0.7500,1.2579
3.5050,0.0817,0.2586,0.1676,0.7500,1.2579
3.5060,0.0816,0.2586,0.1676,0.7500,1.2579
3.5070,0.0816,0.2586,0.1676,0.7500,1.2579
3.5080,0.0816,0.2586,0.1676,0.7500,1.2579
3.5090,0.0816,0.2586,0.1676,0.7500,1.2579
3.5100,0.0816,0.2586,0.1676,0.7500,1.2579
3.5110,0.0816,0.2586,0.1676,0.7500,1.2578
3.5120,0.0816,0.2586,0.1676,0.7500,1.2578
3.5130,0.0815,0.2586,0.1676,0.7500,1.2578
3.5140,0.0815,0.2586,0.1676,0.7500,1.2578
3.5150,0.0815,0.2586,0.1676,0.7500,1.2578
3.5160,0.0815,0.2586,0.1676,0.7500,1.2578
3.5170,0.0815,0.2586,0.1676,0.7500,1.2578
3.5180,0.0815,0.2586,0.1676,0.7500,1.2578
3.5190,0.0815,0.2586,0.1676,0.7500,1.2577
3.5200,0.0815,0.2586,0.1676,0.7500,1.2577
3.5210,0.0814,0.2586,0.1676,0.7500,1.2577
3.5220,0.0814,0.2586,0.1676,0.7500,1.2577
3.5230,0.0814,0.2586,0.1676,0.7500,1.2577
3.5240,0.0814,0.2586,0.1676,0.7500,1.2577
3.5250,0.0814,0.2586,0.1676,0.7500,1.2577
3.5260,0.0814,0.2586,0.1676,0.7500,1.2577
3.5270,0.0814,0.2586,0.1676,0.7500,1.2576
3.5280,0.0814,0.2587,0.1676,0.7500,1.2576
3.5290,0.0813,0.2587,0.1676,0.7500,1.2576
3.5300,0.0813,0.2587,0.1676,0.7500,1.2576
3.5310,0.0813,0.2587,0.1676,0.7500,1.2576
3.5320,0.0813,0.2587,0.1676,0.7500,1.2576
3.5330,0.0813,0.2587,0.1676,0.7500,1.2576
3.5340,0.0813,0.2587,0.1676,0.7500,1.2576
3.5350,0.0813,0.2587,0.1676,0.7500,1.2575
3.5360,0.0813,0.2587,0.1676,0.7500,1.2575
3.5370,0.0812,0.2587,0.1676,0.7500,1.2575
3.5380,0.0812,0.2587,0.1676,0.7500,1.2575
3.5390,0.0812,0.2587,0.1676,0.7500,1.2575
3.5400,0.0812,0.2587,0.1676,0.7500,1.2575
3.5410,0.0812,0.2587,0.1676,0.7500,1.2575
3.5420,0.0812,0.2587,0.1676,0.7500,1.2575
3.5430,0.0812,0.2587,0.1676,0.7500,1.2574
3.5440,0.0812,0.2587,0.1676,0.7500,1.2574
3.5450,0.0811,0.2587,0.1676,0.7500,1.2574
3.5460,0.0811,0.2587,0.1676,0.7500,1.2574
3.5470,0.0811,0.2587,0.1676,0.7500,1.2574
3.5480,0.0811,0.2587,0.1676,0.7500,1.2574
3.5490,0.0811,0.2587,0.1676,0.7500,1.2574
3.5500,0.0811,0.2587,0.1676,0.7500,1.2574
3.5510,0.0811,0.2587,0.1676,0.7500,1.2573
3.5520,0.0811,0.2587,0.1676,0.7500,1.2573
3.5530,0.0811,0.2587,0.1676,0.7500,1.2573
3.5540,0.0810,0.2587,0.1676,0.7500,1.2573
3.5550,0.0810,0.2587,0.1676,0.7500,1.2573
3.5560,0.0810,0.2587,0.1676,0.7500,1.2573
3.5570,0.0810,0.2587,0.1676,0.7500,1.2573
3.5580,0.0810,0.2587,0.1676,0.7500,1.2573
3.5590,0.0810,0.2587,0.1676,0.7500,1.2573
3.5600,0.0810,0.2587,0.1676,0.7500,1.2572
3.5610,0.0810,0.2587,0.1676,0.7500,1.2572
3.5620,0.0809,0.2587,0.1676,0.7500,1.2572
3.5630,0.0809,0.2587,0.1676,0.7500,1.2572
3.5640,0.0809,0.2587,0.1676,0.7500,1.2572
3.5650,0.0809,0.2587,0.1676,0.7500,1.2572
3.5660,0.0809,0.2587,0.1676,0.7500,1.2572
3.5670,0.0809,0.2587,0.1676,0.7500,1.2572
3.5680,0.0809,0.2587,0.1676,0.7500,1.2571
3.5690,0.0809,0.2587,0.1676,0.7500,1.2571
3.5700,0.0808,0.2587,0.1676,0.7500,1.2571
3.5710,0.0808,0.2587,0.1676,0.7500,1.2571
3.5720,0.0808,0.2587,0.1676,0.7500,1.2571
3.5730,0.0808,0.2587,0.1676,0.7500,1.2571
3.5740,0.0808,0.2587,0.1676,0.7500,1.2571
3.5750,0.0808,0.2587,0.1676,0.7500,1.2571
3.5760,0.0808,0.2587,0.1676,0.7500,1.2571
3.5770,0.0808,0.2587,0.1676,0.7500,1.2570
3.5780,0.0808,0.2587,0.1676,0.7500,1.2570
3.5790,0.0807,0.2587,0.1676,0.7500,1.2570
3.5800,0.0807,0.2587,0.1676,0.7500,1.2570
3.5810,0.0807,0.2587,0.1676,0.7500,1.2570
3.5820,0.0807,0.2587,0.1676,0.7500,1.2570
3.5830,0.0807,0.2587,0.1676,0.7500,1.2570
3.5840,0.0807,0.2587,0.1676,0.7500,1.2570
3.5850,0.0807,0.2587,0.1676,0.7500,1.2570
3.5860,0.0807,0.2587,0.1676,0.7500,1.2569
3.5870,0.0807,0.2587,0.1676,0.7500,1.2569
3.5880,0.0806,0.2587,0.1676,0.7500,1.2569
3.5890,0.0806,0.2587,0.1676,0.7500,1.2569
3.5900,0.0806,0.2587,0.1676,0.7500,1.2569
3.5910,0.0806,0.2587,0.1676,0.7500,1.2569
3.5920,0.0806,0.2587,0.1676,0.7500,1.2569
3.5930,0.0806,0.2587,0.1676,0.7500,1.2569
3.5940,0.0806,0.2587,0.1676,0.7500,1.2568
3.5950,0.0806,0.2587,0.1676,0.7500,1.2568
3.5960,0.0805,0.2587,0.1676,0.7500,1.2568
3.5970,0.0805,0.2587,0.1676,0.7500,1.2568
3.5980,0.0805,0.2587,0.1676,0.7500,1.2568
3.5990,0.0805,0.2587,0.1676,0.7500,1.2568
3.6000,0.0805,0.2587,0.1676,0.7500,1.2568
3.6010,0.0805,0.2587,0.1676,0.7500,1.2568
3.6020,0.0805,0.2587,0.1676,0.7500,1.2568
3.6030,0.0805,0.2587,0.1676,0.7500,1.2567
3.6040,0.0805,0.2587,0.1676,0.7500,1.2567
3.6050,0.0804,0.2587,0.1676,0.7500,1.2567
3.6060,0.0804,0.2587,0.1676,0.7500,1.2567
3.6070,0.0804,0.2587,0.1676,0.7500,1.2567
3.6080,0.0804,0.2587,0.1676,0.7500,1.2567
3.6090,0.0804,0.2587,0.1676,0.7500,1.2567
3.6100,0.0804,0.2587,0.1676,0.7500,1.2567
3.6110,0.0804,0.2587,0.1676,0.7500,1.2567
3.6120,0.0804,0.2587,0.1676,0.7500,1.2567
3.6130,0.0804,0.2587,0.1676,0.7500,1.2566
3.6140,0.0803,0.2587,0.1676,0.7500,1.2566
3.6150,0.0803,0.2587,0.1676,0.7500,1.2566
3.6160,0.0803,0.2587,0.1676,0.7500,1.2566
3.6170,0.0803,0.2587,0.1676,0.7500,1.2566
3.6180,0.0803,0.2587,0.1676,0.7500,1.2566
3.6190,0.0803,0.2587,0.1676,0.7500,1.2566
3.6200,0.0803,0.2587,0.1676,0.7500,1.2566
3.6210,0.0803,0.2587,0.1676,0.7500,1.2566
3.6220,0.0803,0.2587,0.1676,0.7500,1.2565
3.6230,0.0803,0.2587,0.1676,0.7500,1.2565
3.6240,0.0802,0.2587,0.1676,0.7500,1.2565
3.6250,0.0802,0.2587,0.1676,0.7500,1.2565
3.6260,0.0802,0.2587,0.1676,0.7500,1.2565
3.6270,0.0802,0.2587,0.1676,0.7500,1.2565
3.6280,0.0802,0.2587,0.1676,0.7500,1.2565
3.6290,0.0802,0.2587,0.1676,0.7500,1.2565
3.6300,0.0802,0.2587,0.1676,0.7500,1.2565
3.6310,0.0802,0.2587,0.1676,0.7500,1.2564
3.6320,0.0802,0.2587,0.1676,0.7500,1.2564
3.6330,0.0801,0.2587,0.1676,0.7500,1.2564
3.6340,0.0801,0.2587,0.1676,0.7500,1.2564
3.6350,0.0801,0.2587,0.1676,0.7500,1.2564
3.6360,0.0801,0.2587,0.1676,0.7500,1.2564
3.6370,0.0801,0.2587,0.1676,0.7500,1.2564
3.6380,0.0801,0.2587,0.1676,0.7500,1.2564
3.6390,0.0801,0.2587,0.1676,0.7500,1.2564
3.6400,0.0801,0.2587,0.1676,0.7500,1.2564
3.6410,0.0801,0.2587,0.1676,0.7500,1.2563
3.6420,0.0800,0.2587,0.1676,0.7500,1.2563
3.6430,0.0800,0.2587,0.1676,0.7500,1.2563
3.6440,0.0800,0.2587,0.1676,0.7500,1.2563
3.6450,0.0800,0.2587,0.1676,0.7500,1.2563
3.6460,0.0800,0.2587,0.1676,0.7500,1.2563
3.6470,0.0800,0.2587,0.1676,0.7500,1.2563
3.6480,0.0800,0.2587,0.1676,0.7500,1.2563
3.6490,0.0800,0.2587,0.1676,0.7500,1.2563
3.6500,0.0800,0.2587,0.1676,0.7500,1.2562
3.6510,0.0800,0.2587,0.1676,0.7500,1.2562
3.6520,0.0799,0.2587,0.1676,0.7500,1.2562
3.6530,0.0799,0.2587,0.1676,0.7500,1.2562
3.6540,0.0799,0.2587,0.1676,0.7500,1.2562
3.6550,0.0799,0.2587,0.1676,0.7500,1.2562
3.6560,0.0799,0.2587,0.1676,0.7500,1.2562
3.6570,0.0799,0.2587,0.1676,0.7500,1.2562
3.6580,0.0799,0.2587,0.1676,0.7500,1.2562
3.6590,0.0799,0.2587,0.1676,0.7500,1.2562
3.6600,0.0799,0.2587,0.1676,0.7500,1.2561
3.6610,0.0799,0.2587,0.1676,0.7500,1.2561
3.6620,0.0798,0.2587,0.1676,0.7500,1.2561
3.6630,0.0798,0.2587,0.1676,0.7500,1.2561
3.6640,0.0798,0.2587,0.1676,0.7500,1.2561
3.6650,0.0798,0.2587,0.1676,0.7500,1.2561
3.6660,0.0798,0.2587,0.1676,0.7500,1.2561
3.6670,0.0798,0.2587,0.1676,0.7500,1.2561
3.6680,0.0798,0.2587,0.1676,0.7500,1.2561
3.6690,0.0798,0.2587,0.1676,0.7500,1.2561
3.6700,0.0798,0.2587,0.1676,0.7500,1.2560
3.6710,0.0798,0.2587,0.1676,0.7500,1.2560
3.6720,0.0797,0.2587,0.1676,0.7500,1.2560
3.6730,0.0797,0.2587,0.1676,0.7500,1.2560
3.6740,0.0797,0.2587,0.1676,0.7500,1.2560
3.6750,0.0797,0.2587,0.1676,0.7500,1.2560
3.6760,0.0797,0.2587,0.1676,0.7500,1.2560
3.6770,0.0797,0.2587,0.1676,0.7500,1.2560
3.6780,0.0797,0.2587,0.1676,0.7500,1.2560
3.6790,0.0797,0.2587,0.1676,0.7500,1.2560
3.6800,0.0797,0.2587,0.1676,0.7500,1.2559
3.6810,0.0797,0.2587,0.1676,0.7500,1.2559
3.6820,0.0796,0.2587,0.1676,0.7500,1.2559
3.6830,0.0796,0.2587,0.1676,0.7500,1.2559
3.6840,0.0796,0.2587,0.1676,0.7500,1.2559
3.6850,0.0796,0.2587,0.1676,0.7500,1.2559
3.6860,0.0796,0.2587,0.1676,0.7500,1.2559
3.6870,0.0796,0.2587,0.1676,0.7500,1.2559
3.6880,0.0796,0.2587,0.1676,0.7500,1.2559
3.6890,0.0796,0.2587,0.1676,0.7500,1.2559
3.6900,0.0796,0.2587,0.1676,0.7500,1.2559
3.6910,0.0796,0.2587,0.1676,0.7500,1.2558
3.6920,0.0795,0.2587,0.1676,0.7500,1.2558
3.6930,0.0795,0.2587,0.1676,0.7500,1.2558
3.6940,0.0795,0.2587,0.1676,0.7500,1.2558
3.6950,0.0795,0.2587,0.1676,0.7500,1.2558
3.6960,0.0795,0.2587,0.1676,0.7500,1.2558
3.6970,0.0795,0.2587,0.1676,0.7500,1.2558
3.6980,0.0795,0.2587,0.1676,0.7500,1.2558
3.6990,0.0795,0.2587,0.1676,0.7500,1.2558
3.7000,0.0795,0.2587,0.1676,0.7500,1.2558
3.7010,0.0795,0.2587,0.1676,0.7500,1.2557
3.7020,0.0794,0.2587,0.1676,0.7500,1.2557
3.7030,0.0794,0.2587,0.1676,0.7500,1.2557
3.7040,0.0794,0.2587,0.1676,0.7500,1.2557
3.7050,0.0794,0.2587,0.1676,0.7500,1.2557
3.7060,0.0794,0.2587,0.1676,0.7500,1.2557
3.7070,0.0794,0.2587,0.1676,0.7500,1.2557
3.7080,0.0794,0.2587,0.1676,0.7500,1.2557
3.7090,0.0794,0.2587,0.1676,0.7500,1.2557
3.7100,0.0794,0.2587,0.1676,0.7500,1.2557
3.7110,0.0794,0.2587,0.1676,0.7500,1.2557
3.7120,0.0794,0.2587,0.1676,0.7500,1.2556
3.7130,0.0793,0.2587,0.1676,0.7500,1.2556
3.7140,0.0793,0.2587,0.1676,0.7500,1.2556
3.7150,0.0793,0.2587,0.1676,0.7500,1.2556
3.7160,0.0793,0.2587,0.1676,0.7500,1.2556
3.7170,0.0793,0.2587,0.1676,0.7500,1.2556
3.7180,0.0793,0.2587,0.1676,0.7500,1.2556
3.7190,0.0793,0.2587,0.1676,0.7500,1.2556
3.7200,0.0793,0.2587,0.1676,0.7500,1.2556
3.7210,0.0793,0.2587,0.1676,0.7500,1.2556
3.7220,0.0793,0.2587,0.1676,0.7500,1.2556
3.7230,0.0793,0.2587,0.1676,0.7500,1.2555
3.7240,0.0792,0.2587,0.1676,0.7500,1.2555
3.7250,0.0792,0.2587,0.1676,0.7500,1.2555
3.7260,0.0792,0.2587,0.1676,0.7500,1.2555
3.7270,0.0792,0.2587,0.1676,0.7500,1.2555
3.7280,0.0792,0.2587,0.1676,0.7500,1.2555
3.7290,0.0792,0.2587,0.1676,0.7500,1.2555
3.7300,0.0792,0.2587,0.1676,0.7500,1.2555
3.7310,0.0792,0.2587,0.1676,0.7500,1.2555
3.7320,0.0792,0.2587,0.1676,0.7500,1.2555
3.7330,0.0792,0.2587,0.1676,0.7500,1.2555
3.7340,0.0792,0.2587,0.1676,0.7500,1.2554
3.7350,0.0791,0.2587,0.1676,0.7500,1.2554
3.7360,0.0791,0.2587,0.1676,0.7500,1.2554
3.7370,0.0791,0.2587,0.1676,0.7500,1.2554
3.7380,0.0791,0.2587,0.1676,0.7500,1.2554
3.7390,0.0791,0.2587,0.1676,0.7500,1.2554
3.7400,0.0791,0.2587,0.1676,0.7500,1.2554
3.7410,0.0791,0.2587,0.1676,0.7500,1.2554
3.7420,0.0791,0.2587,0.1676,0.7500,1.2554
3.7430,0.0791,0.2587,0.1676,0.7500,1.2554
3.7440,0.0791,0.2587,0.1676,0.7500,1.2554
3.7450,0.0791,0.2587,0.1676,0.7500,1.2553
3.7460,0.0790,0.2587,0.1676,0.7500,1.2553
3.7470,0.0790,0.2587,0.1676,0.7500,1.2553
3.7480,0.0790,0.2587,0.1676,0.7500,1.2553
3.7490,0.0790,0.2587,0.1676,0.7500,1.2553
3.7500,0.0790,0.2587,0.1676,0.7500,1.2553
3.7510,0.0790,0.2587,0.1676,0.7500,1.2553
3.7520,0.0790,0.2587,0.1676,0.7500,1.2553
3.7530,0.0790,0.2587,0.1676,0.7500,1.2553
3.7540,0.0790,0.2587,0.1676,0.7500,1.2553
3.7550,0.0790,0.2587,0.1676,0.7500,1.2553
3.7560,0.0790,0.2587,0.1676,0.7500,1.2552
3.7570,0.0789,0.2587,0.1676,0.7500,1.2552
3.7580,0.0789,0.2587,0.1676,0.7500,1.2552
3.7590,0.0789,0.2587,0.1676,0.7500,1.2552
3.7600,0.0789,0.2587,0.1676,0.7500,1.2552
3.7610,0.0789,0.2587,0.1676,0.7500,1.2552
3.7620,0.0789,0.2587,0.1676,0.7500,1.2552
3.7630,0.0789,0.2587,0.1676,0.7500,1.2552
3.7640,0.0789,0.2587,0.1676,0.7500,1.2552
3.7650,0.0789,0.2587,0.1676,0.7500,1.2552
3.7660,0.0789,0.2587,0.1676,0.7500,1.2552
3.7670,0.0789,0.2587,0.1676,0.7500,1.2552
3.7680,0.0789,0.2587,0.1676,0.7500,1.2551
3.7690,0.0788,0.2587,0.1676,0.7500,1.2551
3.7700,0.0788,0.2587,0.1676,0.7500,1.2551
3.7710,0.0788,0.2587,0.1676,0.7500,1.2551
3.7720,0.0788,0.2587,0.1676,0.7500,1.2551
3.7730,0.0788,0.2587,0.1676,0.7500,1.2551
3.7740,0.0788,0.2587,0.1676,0.7500,1.2551
3.7750,0.0788,0.2587,0.1676,0.7500,1.2551
3.7760,0.0788,0.2587,0.1676,0.7500,1.2551
3.7770,0.0788,0.2587,0.1676,0.7500,1.2551
3.7780,0.0788,0.2587,0.1676,0.7500,1.2551
3.7790,0.0788,0.2587,0.1676,0.7500,1.2551
3.7800,0.0787,0.2587,0.1676,0.7500,1.2550
3.7810,0.0787,0.2587,0.1676,0.7500,1.2550
3.7820,0.0787,0.2587,0.1676,0.7500,1.2550
3.7830,0.0787,0.2587,0.1676,0.7500,1.2550
3.7840,0.0787,0.2587,0.1676,0.7500,1.2550
3.7850,0.0787,0.2587,0.1676,0.7500,1.2550
3.7860,0.0787,0.2587,0.1676,0.7500,1.2550
3.7870,0.0787,0.2587,0.1676,0.7500,1.2550
3.7880,0.0787,0.2587,0.1676,0.7500,1.2550
3.7890,0.0787,0.2587,0.1676,0.7500,1.2550
3.7900,0.0787,0.2587,0.1676,0.7500,1.2550
3.7910,0.0787,0.2587,0.1676,0.7500,1.2550
3.7920,0.0786,0.2587,0.1676,0.7500,1.2549
3.7930,0.0786,0.2587,0.1676,0.7500,1.2549
3.7940,0.0786,0.2587,0.1676,0.7500,1.2549
3.7950,0.0786,0.2587,0.1676,0.7500,1.2549
3.7960,0.0786,0.2587,0.1676,0.7500,1.2549
3.7970,0.0786,0.2587,0.1676,0.7500,1.2549
3.7980,0.0786,0.2587,0.1676,0.7500,1.2549
3.7990,0.0786,0.2587,0.1676,0.7500,1.2549
3.8000,0.0786,0.2587,0.1676,0.7500,1.2549
3.8010,0.0786,0.2587,0.1676,0.7500,1.2549
3.8020,0.0786,0.2587,0.1676,0.7500,1.2549
3.8030,0.0786,0.2587,0.1676,0.7500,1.2549
3.8040,0.0786,0.2587,0.1676,0.7500,1.2548
3.8050,0.0785,0.2587,0.1676,0.7500,1.2548
3.8060,0.0785,0.2587,0.1676,0.7500,1.2548
3.8070,0.0785,0.2587,0.1676,0.7500,1.2548
3.8080,0.0785,0.2587,0.1676,0.7500,1.2548
3.8090,0.0785,0.2587,0.1676,0.7500,1.2548
3.8100,0.0785,0.2587,0.1676,0.7500,1.2548
3.8110,0.0785,0.2587,0.1676,0.7500,1.2548
3.8120,0.0785,0.2587,0.1676,0.7500,1.2548
3.8130,0.0785,0.2587,0.1676,0.7500,1.2548
3.8140,0.0785,0.2587,0.1676,0.7500,1.2548
3.8150,0.0785,0.2587,0.1676,0.7500,1.2548
3.8160,0.0785,0.2587,0.1676,0.7500,1.2548
3.8170,0.0784,0.2587,0.1676,0.7500,1.2547
3.8180,0.0784,0.2587,0.1676,0.7500,1.2547
3.8190,0.0784,0.2587,0.1676,0.7500,1.2547
3.8200,0.0784,0.2587,0.1676,0.7500,1.2547
3.8210,0.0784,0.2587,0.1676,0.7500,1.2547
3.8220,0.0784,0.2587,0.1676,0.7500,1.2547
3.8230,0.0784,0.2587,0.1676,0.7500,1.2547
3.8240,0.0784,0.2587,0.1676,0.7500,1.2547
3.8250,0.0784,0.2587,0.1676,0.7500,1.2547
3.8260,0.0784,0.2587,0.1676,0.7500,1.2547
3.8270,0.0784,0.2587,0.1676,0.7500,1.2547
3.8280,0.0784,0.2587,0.1676,0.7500,1.2547
3.8290,0.0784,0.2587,0.1676,0.7500,1.2546
3.8300,0.0783,0.2587,0.1676,0.7500,1.2546
3.8310,0.0783,0.2587,0.1676,0.7500,1.2546
3.8320,0.0783,0.2587,0.1676,0.7500,1.2546
3.8330,0.0783,0.2587,0.1676,0.7500,1.2546
3.8340,0.0783,0.2587,0.1676,0.7500,1.2546
3.8350,0.0783,0.2587,0.1676,0.7500,1.2546
3.8360,0.0783,0.2587,0.1676,0.7500,1.2546
3.8370,0.0783,0.2587,0.1676,0.7500,1.2546
3.8380,0.0783,0.2587,0.1676,0.7500,1.2546
3.8390,0.0783,0.2587,0.1676,0.7500,1.2546
3.8400,0.0783,0.2587,0.1676,0.7500,1.2546
3.8410,0.0783,0.2587,0.1676,0.7500,1.2546
3.8420,0.0783,0.2587,0.1676,0.7500,1.2545
3.8430,0.0782,0.2587,0.1676,0.7500,1.2545
3.8440,0.0782,0.2587,0.1676,0.7500,1.2545
3.8450,0.0782,0.2587,0.1676,0.7500,1.2545
3.8460,0.0782,0.2587,0.1676,0.7500,1.2545
3.8470,0.0782,0.2587,0.1676,0.7500,1.2545
3.8480,0.0782,0.2587,0.1676,0.7500,1.2545
3.8490,0.0782,0.2587,0.1676,0.7500,1.2545
3.8500,0.0782,0.2587,0.1676,0.7500,1.2545
3.8510,0.0782,0.2587,0.1676,0.7500,1.2545
3.8520,0.0782,0.2587,0.1676,0.7500,1.2545
3.8530,0.0782,0.2587,0.1676,0.7500,1.2545
3.8540,0.0782,0.2587,0.1676,0.7500,1.2545
3.8550,0.0782,0.2587,0.1676,0.7500,1.2545
3.8560,0.0781,0.2587,0.1676,0.7500,1.2544
3.8570,0.0781,0.2587,0.1676,0.7500,1.2544
3.8580,0.0781,0.2587,0.1676,0.7500,1.2544
3.8590,0.0781,0.2587,0.1676,0.7500,1.2544
3.8600,0.0781,0.2587,0.1676,0.7500,1.2544
3.8610,0.0781,0.2587,0.1676,0.7500,1.2544
3.8620,0.0781,0.2587,0.1676,0.7500,1.2544
3.8630,0.0781,0.2587,0.1676,0.7500,1.2544
3.8640,0.0781,0.2587,0.1676,0.7500,1.2544
3.8650,0.0781,0.2587,0.1676,0.7500,1.2544
3.8660,0.0781,0.2587,0.1676,0.7500,1.2544
3.8670,0.0781,0.2587,0.1676,0.7500,1.2544
3.8680,0.0781,0.2587,0.1676,0.7500,1.2544
3.8690,0.0781,0.2587,0.1676,0.7500,1.2543
3.8700,0.0780,0.2587,0.1676,0.7500,1.2543
3.8710,0.0780,0.2587,0.1676,0.7500,1.2543
3.8720,0.0780,0.2587,0.1676,0.7500,1.2543
3.8730,0.0780,0.2587,0.1676,0.7500,1.2543
3.8740,0.0780,0.2587,0.1676,0.7500,1.2543
3.8750,0.0780,0.2587,0.1676,0.7500,1.2543
3.8760,0.0780,0.2587,0.1676,0.7500,1.2543
3.8770,0.0780,0.2587,0.1676,0.7500,1.2543
3.8780,0.0780,0.2587,0.1676,0.7500,1.2543
3.8790,0.0780,0.2587,0.1676,0.7500,1.2543
3.8800,0.0780,0.2587,0.1676,0.7500,1.2543
3.8810,0.0780,0.2587,0.1676,0.7500,1.2543
3.8820,0.0780,0.2587,0.1676,0.7500,1.2543
3.8830,0.0779,0.2587,0.1676,0.7500,1.2542
3.8840,0.0779,0.2587,0.1676,0.7500,1.2542
3.8850,0.0779,0.2587,0.1676,0.7500,1.2542
3.8860,0.0779,0.2587,0.1676,0.7500,1.2542
3.8870,0.0779,0.2587,0.1676,0.7500,1.2542
3.8880,0.0779,0.2587,0.1676,0.7500,1.2542
3.8890,0.0779,0.2587,0.1676,0.7500,1.2542
3.8900,0.0779,0.2587,0.1676,0.7500,1.2542
3.8910,0.0779,0.2587,0.1676,0.7500,1.2542
3.8920,0.0779,0.2587,0.1676,0.7500,1.2542
3.8930,0.0779,0.2587,0.1676,0.7500,1.2542
3.8940,0.0779,0.2587,0.1676,0.7500,1.2542
3.8950,0.0779,0.2587,0.1676,0.7500,1.2542
3.8960,0.0779,0.2587,0.1676,0.7500,1.2542
3.8970,0.0779,0.2587,0.1676,0.7500,1.2541
3.8980,0.0778,0.2587,0.1676,0.7500,1.2541
3.8990,0.0778,0.2587,0.1676,0.7500,1.2541
3.9000,0.0778,0.2587,0.1676,0.7500,1.2541
3.9010,0.0778,0.2587,0.1676,0.7500,1.2541
3.9020,0.0778,0.2587,0.1676,0.7500,1.2541
3.9030,0.0778,0.2587,0.1676,0.7500,1.2541
3.9040,0.0778,0.2587,0.1676,0.7500,1.2541
3.9050,0.0778,0.2587,0.1676,0.7500,1.2541
3.9060,0.0778,0.2587,0.1676,0.7500,1.2541
3.9070,0.0778,0.2587,0.1676,0.7500,1.2541
3.9080,0.0778,0.2587,0.1676,0.7500,1.2541
3.9090,0.0778,0.2587,0.1676,0.7500,1.2541
3.9100,0.0778,0.2587,0.1676,0.7500,1.2541
3.9110,0.0778,0.2587,0.1676,0.7500,1.2541
3.9120,0.0777,0.2587,0.1676,0.7500,1.2540
3.9130,0.0777,0.2587,0.1676,0.7500,1.2540
3.9140,0.0777,0.2587,0.1676,0.7500,1.2540
3.9150,0.0777,0.2587,0.1676,0.7500,1.2540
3.9160,0.0777,0.2587,0.1676,0.7500,1.2540
3.9170,0.0777,0.2587,0.1676,0.7500,1.2540
3.9180,0.0777,0.2587,0.1676,0.7500,1.2540
3.9190,0.0777,0.2587,0.1676,0.7500,1.2540
3.9200,0.0777,0.2587,0.1676,0.7500,1.2540
3.9210,0.0777,0.2587,0.1676,0.7500,1.2540
3.9220,0.0777,0.2587,0.1676,0.7500,1.2540
3.9230,0.0777,0.2587,0.1676,0.7500,1.2540
3.9240,0.0777,0.2587,0.1676,0.7500,1.2540
3.9250,0.0777,0.2587,0.1676,0.7500,1.2540
3.9260,0.0777,0.2587,0.1676,0.7500,1.2540
3.9270,0.0776,0.2587,0.1676,0.7500,1.2539
3.9280,0.0776,0.2587,0.1676,0.7500,1.2539
3.9290,0.0776,0.2587,0.1676,0.7500,1.2539
3.9300,0.0776,0.2587,0.1676,0.7500,1.2539
3.9310,0.0776,0.2587,0.1676,0.7500,1.2539
3.9320,0.0776,0.2587,0.1676,0.7500,1.2539
3.9330,0.0776,0.2587,0.1676,0.7500,1.2539
3.9340,0.0776,0.2587,0.1676,0.7500,1.2539
3.9350,0.0776,0.2587,0.1676,0.7500,1.2539
3.9360,0.0776,0.2587,0.1676,0.7500,1.2539
3.9370,0.0776,0.2587,0.1676,0.7500,1.2539
3.9380,0.0776,0.2587,0.1676,0.7500,1.2539
3.9390,0.0776,0.2587,0.1676,0.7500,1.2539
3.9400,0.0776,0.2587,0.1676,0.7500,1.2539
3.9410,0.0776,0.2587,0.1676,0.7500,1.2539
3.9420,0.0775,0.2587,0.1676,0.7500,1.2538
3.9430,0.0775,0.2587,0.1676,0.7500,1.2538
3.9440,0.0775,0.2587,0.1676,0.7500,1.2538
3.9450,0.0775,0.2587,0.1676,0.7500,1.2538
3.9460,0.0775,0.2587,0.1676,0.7500,1.2538
3.9470,0.0775,0.2587,0.1676,0.7500,1.2538
3.9480,0.0775,0.2587,0.1676,0.7500,1.2538
3.9490,0.0775,0.2587,0.1676,0.7500,1.2538
3.9500,0.0775,0.2587,0.1676,0.7500,1.2538
3.9510,0.0775,0.2587,0.1676,0.7500,1.2538
3.9520,0.0775,0.2587,0.1676,0.7500,1.2538
3.9530,0.0775,0.2587,0.1676,0.7500,1.2538
3.9540,0.0775,0.2587,0.1676,0.7500,1.2538
3.9550,0.0775,0.2587,0.1676,0.7500,1.2538
3.9560,0.0775,0.2587,0.1676,0.7500,1.2538
3.9570,0.0774,0.2587,0.1676,0.7500,1.2538
3.9580,0.0774,0.2587,0.1676,0.7500,1.2537
3.9590,0.0774,0.2587,0.1676,0.7500,1.2537
3.9600,0.0774,0.2587,0.1676,0.7500,1.2537
3.9610,0.0774,0.2587,0.1676,0.7500,1.2537
3.9620,0.0774,0.2587,0.1676,0.7500,1.2537
3.9630,0.0774,0.2587,0.1676,0.7500,1.2537
3.9640,0.0774,0.2587,0.1676,0.7500,1.2537
3.9650,0.0774,0.2587,0.1676,0.7500,1.2537
3.9660,0.0774,0.2587,0.1676,0.7500,1.2537
3.9670,0.0774,0.2587,0.1676,0.7500,1.2537
3.9680,0.0774,0.2587,0.1676,0.7500,1.2537
3.9690,0.0774,0.2587,0.1676,0.7500,1.2537
3.9700,0.0774,0.2587,0.1676,0.7500,1.2537
3.9710,0.0774,0.2587,0.1676,0.7500,1.2537
3.9720,0.0774,0.2587,0.1676,0.7500,1.2537
3.9730,0.0773,0.2587,0.1676,0.7500,1.2537
3.9740,0.0773,0.2587,0.1676,0.7500,1.2536
3.9750,0.0773,0.2587,0.1676,0.7500,1.2536
3.9760,0.0773,0.2587,0.1676,0.7500,1.2536
3.9770,0.0773,0.2587,0.1676,0.7500,1.2536
3.9780,0.0773,0.2587,0.1676,0.7500,1.2536
3.9790,0.0773,0.2587,0.1676,0.7500,1.2536
3.9800,0.0773,0.2587,0.1676,0.7500,1.2536
3.9810,0.0773,0.2587,0.1676,0.7500,1.2536
3.9820,0.0773,0.2587,0.1676,0.7500,1.2536
3.9830,0.0773,0.2587,0.1676,0.7500,1.2536
3.9840,0.0773,0.2587,0.1676,0.7500,1.2536
3.9850,0.0773,0.2587,0.1676,0.7500,1.2536
3.9860,0.0773,0.2587,0.1676,0.7500,1.2536
3.9870,0.0773,0.2587,0.1676,0.7500,1.2536
3.9880,0.0773,0.2587,0.1676,0.7500,1.2536
3.9890,0.0773,0.2587,0.1676,0.7500,1.2536
3.9900,0.0772,0.2587,0.1676,0.7500,1.2535
3.9910,0.0772,0.2587,0.1676,0.7500,1.2535
3.9920,0.0772,0.2587,0.1676,0.7500,1.2535
3.9930,0.0772,0.2587,0.1676,0.7500,1.2535
3.9940,0.0772,0.2587,0.1676,0.7500,1.2535
3.9950,0.0772,0.2587,0.1676,0.7500,1.2535
3.9960,0.0772,0.2587,0.1676,0.7500,1.2535
3.9970,0.0772,0.2587,0.1676,0.7500,1.2535
3.9980,0.0772,0.2587,0.1676,0.7500,1.2535
3.9990,0.0772,0.2587,0.1676,0.7500,1.2535
4.0000,0.0772,0.2587,0.1676,0.7500,1.2535
4.0010,0.0772,0.2587,0.1676,0.7500,1.2535
4.0020,0.0772,0.2587,0.1676,0.7500,1.2535
4.0030,0.0772,0.2587,0.1676,0.7500,1.2535
4.0040,0.0772,0.2587,0.1676,0.7500,1.2535
4.0050,0.0772,0.2587,0.1676,0.7500,1.2535
4.0060,0.0771,0.2587,0.1676,0.7500,1.2535
4.0070,0.0771,0.2587,0.1676,0.7500,1.2534
4.0080,0.0771,0.2587,0.1676,0.7500,1.2534
4.0090,0.0771,0.2587,0.1676,0.7500,1.2534
4.0100,0.0771,0.2587,0.1676,0.7500,1.2534
4.0110,0.0771,0.2587,0.1676,0.7500,1.2534
4.0120,0.0771,0.2587,0.1676,0.7500,1.2534
4.0130,0.0771,0.2587,0.1676,0.7500,1.2534
4.0140,0.0771,0.2587,0.1676,0.7500,1.2534
4.0150,0.0771,0.2587,0.1676,0.7500,1.2534
4.0160,0.0771,0.2587,0.1676,0.7500,1.2534
4.0170,0.0771,0.2587,0.1676,0.7500,1.2534
4.0180,0.0771,0.2587,0.1676,0.7500,1.2534
4.0190,0.0771,0.2587,0.1676,0.7500,1.2534
4.0200,0.0771,0.2587,0.1676,0.7500,1.2534
4.0210,0.0771,0.2587,0.1676,0.7500,1.2534
4.0220,0.0771,0.2587,0.1676,0.7500,1.2534
4.0230,0.0771,0.2587,0.1676,0.7500,1.2534
4.0240,0.0770,0.2587,0.1676,0.7500,1.2533
4.0250,0.0770,0.2587,0.1676,0.7500,1.2533
4.0260,0.0770,0.2587,0.1676,0.7500,1.2533
4.0270,0.0770,0.2587,0.1676,0.7500,1.2533
4.0280,0.0770,0.2587,0.1676,0.7500,1.2533
4.0290,0.0770,0.2587,0.1676,0.7500,1.2533
4.0300,0.0770,0.2587,0.1676,0.7500,1.2533
4.0310,0.0770,0.2587,0.1676,0.7500,1.2533
4.0320,0.0770,0.2587,0.1676,0.7500,1.2533
4.0330,0.0770,0.2587,0.1676,0.7500,1.2533
4.0340,0.0770,0.2587,0.1676,0.7500,1.2533
4.0350,0.0770,0.2587,0.1676,0.7500,1.2533
4.0360,0.0770,0.2587,0.1676,0.7500,1.2533
4.0370,0.0770,0.2587,0.1676,0.7500,1.2533
4.0380,0.0770,0.2587,0.1676,0.7500,1.2533
4.0390,0.0770,0.2587,0.1676,0.7500,1.2533
4.0400,0.0770,0.2587,0.1676,0.7500,1.2533
4.0410,0.0769,0.2587,0.1676,0.7500,1.2533
4.0420,0.0769,0.2587,0.1676,0.7500,1.2532
4.0430,0.0769,0.2587,0.1676,0.7500,1.2532
4.0440,0.0769,0.2587,0.1676,0.7500,1.2532
4.0450,0.0769,0.2587,0.1676,0.7500,1.2532
4.0460,0.0769,0.2587,0.1676,0.7500,1.2532
4.0470,0.0769,0.2587,0.1676,0.7500,1.2532
4.0480,0.0769,0.2587,0.1676,0.7500,1.2532
4.0490,0.0769,0.2587,0.1676,0.7500,1.2532
4.0500,0.0769,0.2587,0.1676,0.7500,1.2532
4.0510,0.0769,0.2587,0.1676,0.7500,1.2532
4.0520,0.0769,0.2587,0.1676,0.7500,1.2532
4.0530,0.0769,0.2587,0.1676,0.7500,1.2532
4.0540,0.0769,0.2587,0.1676,0.7500,1.2532
4.0550,0.0769,0.2587,0.1676,0.7500,1.2532
4.0560,0.0769,0.2587,0.1676,0.7500,1.2532
4.0570,0.0769,0.2587,0.1676,0.7500,1.2532
4.0580,0.0769,0.2587,0.1676,0.7500,1.2532
4.0590,0.0769,0.2587,0.1676,0.7500,1.2532
4.0600,0.0768,0.2587,0.1676,0.7500,1.2531
4.0610,0.0768,0.2587,0.1676,0.7500,1.2531
4.0620,0.0768,0.2587,0.1676,0.7500,1.2531
4.0630,0.0768,0.2587,0.1676,0.7500,1.2531
4.0640,0.0768,0.2587,0.1676,0.7500,1.2531
4.0650,0.0768,0.2587,0.1676,0.7500,1.2531
4.0660,0.0768,0.2587,0.1676,0.7500,1.2531
4.0670,0.0768,0.2587,0.1676,0.7500,1.2531
4.0680,0.0768,0.2587,0.1676,0.7500,1.2531
4.0690,0.0768,0.2587,0.1676,0.7500,1.2531
4.0700,0.0768,0.2587,0.1676,0.7500,1.2531
4.0710,0.0768,0.2587,0.1676,0.7500,1.2531
4.0720,0.0768,0.2587,0.1676,0.7500,1.2531
4.0730,0.0768,0.2587,0.1676,0.7500,1.2531
4.0740,0.0768,0.2587,0.1676,0.7500,1.2531
4.0750,0.0768,0.2587,0.1676,0.7500,1.2531
4.0760,0.0768,0.2587,0.1676,0.7500,1.2531
4.0770,0.0768,0.2587,0.1676,0.7500,1.2531
4.0780,0.0767,0.2587,0.1676,0.7500,1.2531
4.0790,0.0767,0.2587,0.1676,0.7500,1.2530
4.0800,0.0767,0.2587,0.1676,0.7500,1.2530
4.0810,0.0767,0.2587,0.1676,0.7500,1.2530
4.0820,0.0767,0.2587,0.1676,0.7500,1.2530
4.0830,0.0767,0.2587,0.1676,0.7500,1.2530
4.0840,0.0767,0.2587,0.1676,0.7500,1.2530
4.0850,0.0767,0.2587,0.1676,0.7500,1.2530
4.0860,0.0767,0.2587,0.1676,0.7500,1.2530
4.0870,0.0767,0.2587,0.1676,0.7500,1.2530
4.0880,0.0767,0.2587,0.1676,0.7500,1.2530
4.0890,0.0767,0.2587,0.1676,0.7500,1.2530
4.0900,0.0767,0.2587,0.1676,0.7500,1.2530
4.0910,0.0767,0.2587,0.1676,0.7500,1.2530
4.0920,0.0767,0.2587,0.1676,0.7500,1.2530
4.0930,0.0767,0.2587,0.1676,0.7500,1.2530
4.0940,0.0767,0.2587,0.1676,0.7500,1.2530
4.0950,0.0767,0.2587,0.1676,0.7500,1.2530
4.0960,0.0767,0.2587,0.1676,0.7500,1.2530
4.0970,0.0767,0.2587,0.1676,0.7500,1.2530
4.0980,0.0766,0.2587,0.1676,0.7500,1.2530
4.0990,0.0766,0.2587,0.1676,0.7500,1.2529
4.1000,0.0766,0.2587,0.1676,0.7500,1.2529
4.1010,0.0766,0.2587,0.1676,0.7500,1.2529
4.1020,0.0766,0.2587,0.1676,0.7500,1.2529
4.1030,0.0766,0.2587,0.1676,0.7500,1.2529
4.1040,0.0766,0.2587,0.1676,0.7500,1.2529
4.1050,0.0766,0.2587,0.1676,0.7500,1.2529
4.1060,0.0766,0.2587,0.1676,0.7500,1.2529
4.1070,0.0766,0.2587,0.1676,0.7500,1.2529
4.1080,0.0766,0.2587,0.1676,0.7500,1.2529
4.1090,0.0766,0.2587,0.1676,0.7500,1.2529
4.1100,0.0766,0.2587,0.1676,0.7500,1.2529
4.1110,0.0766,0.2587,0.1676,0.7500,1.2529
4.1120,0.0766,0.2587,0.1676,0.7500,1.2529
4.1130,0.0766,0.2587,0.1676,0.7500,1.2529
4.1140,0.0766,0.2587,0.1676,0.7500,1.2529
4.1150,0.0766,0.2587,0.1676,0.7500,1.2529
4.1160,0.0766,0.2587,0.1676,0.7500,1.2529
4.1170,0.0766,0.2587,0.1676,0.7500,1.2529
4.1180,0.0765,0.2587,0.1676,0.7500,1.2529
4.1190,0.0765,0.2587,0.1676,0.7500,1.2528
4.1200,0.0765,0.2587,0.1676,0.7500,1.2528
4.1210,0.0765,0.2587,0.1676,0.7500,1.2528
4.1220,0.0765,0.2587,0.1676,0.7500,1.2528
4.1230,0.0765,0.2587,0.1676,0.7500,1.2528
4.1240,0.0765,0.2587,0.1676,0.7500,1.2528
4.1250,0.0765,0.2587,0.1676,0.7500,1.2528
4.1260,0.0765,0.2587,0.1676,0.7500,1.2528
4.1270,0.0765,0.2587,0.1676,0.7500,1.2528
4.1280,0.0765,0.2587,0.1676,0.7500,1.2528
4.1290,0.0765,0.2587,0.1676,0.7500,1.2528
4.1300,0.0765,0.2587,0.1676,0.7500,1.2528
4.1310,0.0765,0.2587,0.1676,0.7500,1.2528
4.1320,0.0765,0.2587,0.1676,0.7500,1.2528
4.1330,0.0765,0.2587,0.1676,0.7500,1.2528
4.1340,0.0765,0.2587,0.1676,0.7500,1.2528
4.1350,0.0765,0.2587,0.1676,0.7500,1.2528
4.1360,0.0765,0.2587,0.1676,0.7500,1.2528
4.1370,0.0765,0.2587,0.1676,0.7500,1.2528
4.1380,0.0764,0.2587,0.1676,0.7500,1.2528
4.1390,0.0764,0.2587,0.1676,0.7500,1.2527
4.1400,0.0764,0.2587,0.1676,0.7500,1.2527
4.1410,0.0764,0.2587,0.1676,0.7500,1.2527
4.1420,0.0764,0.2587,0.1676,0.7500,1.2527
4.1430,0.0764,0.2587,0.1676,0.7500,1.2527
4.1440,0.0764,0.2587,0.1676,0.7500,1.2527
4.1450,0.0764,0.2587,0.1676,0.7500,1.2527
4.1460,0.0764,0.2587,0.1676,0.7500,1.2527
4.1470,0.0764,0.2587,0.1676,0.7500,1.2527
4.1480,0.0764,0.2587,0.1676,0.7500,1.2527
4.1490,0.0764,0.2587,0.1676,0.7500,1.2527
4.1500,0.0764,0.2587,0.1676,0.7500,1.2527
4.1510,0.0764,0.2587,0.1676,0.7500,1.2527
4.1520,0.0764,0.2587,0.1676,0.7500,1.2527
4.1530,0.0764,0.2587,0.1676,0.7500,1.2527
4.1540,0.0764,0.2587,0.1676,0.7500,1.2527
4.1550,0.0764,0.2587,0.1676,0.7500,1.2527
4.1560,0.0764,0.2587,0.1676,0.7500,1.2527
4.1570,0.0764,0.2587,0.1676,0.7500,1.2527
4.1580,0.0764,0.2587,0.1676,0.7500,1.2527
4.1590,0.0763,0.2587,0.1676,0.7500,1.2527
4.1600,0.0763,0.2587,0.1676,0.7500,1.2527
4.1610,0.0763,0.2587,0.1676,0.7500,1.2526
4.1620,0.0763,0.2587,0.1676,0.7500,1.2526
4.1630,0.0763,0.2587,0.1676,0.7500,1.2526
4.1640,0.0763,0.2587,0.1676,0.7500,1.2526
4.1650,0.0763,0.2587,0.1676,0.7500,1.2526
4.1660,0.0763,0.2587,0.1676,0.7500,1.2526
4.1670,0.0763,0.2587,0.1676,0.7500,1.2526
4.1680,0.0763,0.2587,0.1676,0.7500,1.2526
4.1690,0.0763,0.2587,0.1676,0.7500,1.2526
4.1700,0.0763,0.2587,0.1676,0.7500,1.2526
4.1710,0.0763,0.2587,0.1676,0.7500,1.2526
4.1720,0.0763,0.2587,0.1676,0.7500,1.2526
4.1730,0.0763,0.2587,0.1676,0.7500,1.2526
4.1740,0.0763,0.2587,0.1676,0.7500,1.2526
4.1750,0.0763,0.2587,0.1676,0.7500,1.2526
4.1760,0.0763,0.2587,0.1676,0.7500,1.2526
4.1770,0.0763,0.2587,0.1676,0.7500,1.2526
4.1780,0.0763,0.2587,0.1676,0.7500,1.2526
4.1790,0.0763,0.2587,0.1676,0.7500,1.2526
4.1800,0.0763,0.2587,0.1676,0.7500,1.2526
4.1810,0.0762,0.2587,0.1676,0.7500,1.2526
4.1820,0.0762,0.2587,0.1676,0.7500,1.2526
4.1830,0.0762,0.2587,0.1676,0.7500,1.2525
4.1840,0.0762,0.2587,0.1676,0.7500,1.2525
4.1850,0.0762,0.2587,0.1676,0.7500,1.2525
4.1860,0.0762,0.2587,0.1676,0.7500,1.2525
4.1870,0.0762,0.2587,0.1676,0.7500,1.2525
4.1880,0.0762,0.2587,0.1676,0.7500,1.2525
4.1890,0.0762,0.2587,0.1676,0.7500,1.2525
4.1900,0.0762,0.2587,0.1676,0.7500,1.2525
4.1910,0.0762,0.2587,0.1676,0.7500,1.2525
4.1920,0.0762,0.2587,0.1676,0.7500,1.2525
4.1930,0.0762,0.2587,0.1676,0.7500,1.2525
4.1940,0.0762,0.2587,0.1676,0.7500,1.2525
4.1950,0.0762,0.2587,0.1676,0.7500,1.2525
4.1960,0.0762,0.2587,0.1676,0.7500,1.2525
4.1970,0.0762,0.2587,0.1676,0.7500,1.2525
4.1980,0.0762,0.2587,0.1676,0.7500,1.2525
4.1990,0.0762,0.2587,0.1676,0.7500,1.2525
4.2000,0.0762,0.2587,0.1676,0.7500,1.2525
4.2010,0.0660,0.2689,0.1676,0.7500,1.2525
4.2020,0.0660,0.2689,0.1676,0.7500,1.2525
4.2030,0.0660,0.2689,0.1676,0.7500,1.2525
4.2040,0.0660,0.2689,0.1676,0.7500,1.2525
4.2050,0.0660,0.2689,0.1676,0.7500,1.2525
4.2060,0.0660,0.2689,0.1676,0.7500,1.2524
4.2070,0.0660,0.2689,0.1676,0.7500,1.2524
4.2080,0.0660,0.2689,0.1676,0.7500,1.2524
4.2090,0.0660,0.2689,0.1676,0.7500,1.2524
4.2100,0.0660,0.2689,0.1676,0.7500,1.2524
4.2110,0.0660,0.2689,0.1676,0.7500,1.2524
4.2120,0.0660,0.2689,0.1676,0.7500,1.2524
4.2130,0.0659,0.2689,0.1676,0.7500,1.2524
4.2140,0.0659,0.2689,0.1676,0.7500,1.2524
4.2150,0.0659,0.2689,0.1676,0.7500,1.2524
4.2160,0.0659,0.2689,0.1676,0.7500,1.2524
4.2170,0.0659,0.2689,0.1676,0.7500,1.2524
4.2180,0.0659,0.2689,0.1676,0.7500,1.2524
4.2190,0.0659,0.2689,0.1676,0.7500,1.2524
4.2200,0.0659,0.2689,0.1676,0.7500,1.2524
4.2210,0.0354,0.2892,0.1727,0.7500,1.2473
4.2220,0.0354,0.2892,0.1727,0.7500,1.2473
4.2230,0.0354,0.2892,0.1727,0.7500,1.2473
4.2240,0.0354,0.2892,0.1727,0.7500,1.2473
4.2250,0.0354,0.2892,0.1727,0.7500,1.2473
4.2260,0.0354,0.2892,0.1727,0.7500,1.2473
4.2270,0.0354,0.2892,0.1727,0.7500,1.2473
4.2280,0.0354,0.2892,0.1727,0.7500,1.2473
4.2290,0.0354,0.2892,0.1727,0.7500,1.2473
4.2300,0.0354,0.2892,0.1727,0.7500,1.2473
4.2310,0.0354,0.2892,0.1727,0.7500,1.2473
4.2320,0.0354,0.2892,0.1727,0.7500,1.2473
4.2330,0.0354,0.2892,0.1727,0.7500,1.2473
4.2340,0.0354,0.2892,0.1727,0.7500,1.2473
4.2350,0.0354,0.2892,0.1727,0.7500,1.2473
4.2360,0.0354,0.2892,0.1727,0.7500,1.2472
4.2370,0.0354,0.2892,0.1727,0.7500,1.2472
4.2380,0.0354,0.2892,0.1727,0.7500,1.2472
4.2390,0.0354,0.2892,0.1727,0.7500,1.2472
4.2400,0.0354,0.2892,0.1727,0.7500,1.2472
4.2410,0.0100,0.3197,0.1727,0.7500,1.2524
4.2420,0.0100,0.3197,0.1727,0.7500,1.2524
4.2430,0.0100,0.3197,0.1727,0.7500,1.2524
4.2440,0.0100,0.3197,0.1727,0.7500,1.2524
4.2450,0.0100,0.3197,0.1727,0.7500,1.2524
4.2460,0.0100,0.3197,0.1727,0.7500,1.2524
4.2470,0.0100,0.3197,0.1727,0.7500,1.2524
4.2480,0.0100,0.3197,0.1727,0.7500,1.2524
4.2490,0.0100,0.3197,0.1727,0.7500,1.2524
4.2500,0.0100,0.3197,0.1727,0.7500,1.2524
4.2510,0.0100,0.3197,0.1727,0.7500,1.2524
4.2520,0.0100,0.3197,0.1727,0.7500,1.2524
4.2530,0.0100,0.3197,0.1727,0.7500,1.2524
4.2540,0.0100,0.3197,0.1727,0.7500,1.2524
4.2550,0.0100,0.3197,0.1727,0.7500,1.2524
4.2560,0.0100,0.3197,0.1727,0.7500,1.2524
4.2570,0.0100,0.3197,0.1727,0.7500,1.2524
4.2580,0.0100,0.3197,0.1727,0.7500,1.2524
4.2590,0.0100,0.3197,0.1727,0.7500,1.2524
4.2600,0.0100,0.3197,0.1727,0.7500,1.2524
4.2610,0.0100,0.3603,0.1778,0.7500,1.2981
4.2620,0.0100,0.3603,0.1778,0.7500,1.2981
4.2630,0.0100,0.3603,0.1778,0.7500,1.2981
4.2640,0.0100,0.3603,0.1778,0.7500,1.2981
4.2650,0.0100,0.3603,0.1778,0.7500,1.2981
4.2660,0.0100,0.3603,0.1778,0.7500,1.2981
4.2670,0.0100,0.3603,0.1778,0.7500,1.2981
4.2680,0.0100,0.3603,0.1778,0.7500,1.2981
4.2690,0.0100,0.3603,0.1778,0.7500,1.2981
4.2700,0.0100,0.3603,0.1778,0.7500,1.2981
4.2710,0.0100,0.3603,0.1778,0.7500,1.2981
4.2720,0.0100,0.3603,0.1778,0.7500,1.2981
4.2730,0.0100,0.3603,0.1778,0.7500,1.2981
4.2740,0.0100,0.3603,0.1778,0.7500,1.2981
4.2750,0.0100,0.3603,0.1778,0.7500,1.2981
4.2760,0.0100,0.3603,0.1778,0.7500,1.2981
4.2770,0.0100,0.3603,0.1778,0.7500,1.2981
4.2780,0.0100,0.3603,0.1778,0.7500,1.2981
4.2790,0.0100,0.3603,0.1778,0.7500,1.2981
4.2800,0.0100,0.3603,0.1778,0.7500,1.2981
4.2810,0.0100,0.4104,0.1778,0.7500,1.3482
4.2820,0.0100,0.4095,0.1778,0.7500,1.3472
4.2830,0.0100,0.4087,0.1778,0.7500,1.3465
4.2840,0.0100,0.4081,0.1778,0.7500,1.3458
4.2850,0.0100,0.4076,0.1778,0.7500,1.3454
4.2860,0.0100,0.4073,0.1778,0.7500,1.3451
4.2870,0.0100,0.4072,0.1778,0.7500,1.3449
4.2880,0.0100,0.4072,0.1778,0.7500,1.3450
4.2890,0.0100,0.4073,0.1778,0.7500,1.3451
4.2900,0.0100,0.4076,0.1778,0.7500,1.3453
4.2910,0.0100,0.4079,0.1778,0.7500,1.3456
4.2920,0.0100,0.4083,0.1778,0.7500,1.3460
4.2930,0.0100,0.4086,0.1777,0.7500,1.3464
4.2940,0.0100,0.4090,0.1777,0.7500,1.3467
4.2950,0.0100,0.4094,0.1777,0.7500,1.3471
4.2960,0.0100,0.4096,0.1777,0.7500,1.3473
4.2970,0.0100,0.4098,0.1776,0.7500,1.3474
4.2980,0.0100,0.4095,0.1776,0.7500,1.3471
4.2990,0.0100,0.4092,0.1776,0.7500,1.3468
4.3000,0.0100,0.4089,0.1775,0.7500,1.3464
4.3010,0.0572,0.4726,0.1826,0.7500,1.4623
4.3020,0.0572,0.4698,0.1825,0.7500,1.4595
4.3030,0.0572,0.4673,0.1825,0.7500,1.4570
4.3040,0.0572,0.4652,0.1824,0.7500,1.4548
4.3050,0.0572,0.4633,0.1824,0.7500,1.4529
4.3060,0.0572,0.4618,0.1823,0.7500,1.4513
4.3070,0.0572,0.4605,0.1823,0.7500,1.4500
4.3080,0.0572,0.4594,0.1823,0.7500,1.4489
4.3090,0.0572,0.4586,0.1823,0.7500,1.4481
4.3100,0.0572,0.4579,0.1824,0.7500,1.4474
4.3110,0.0572,0.4572,0.1825,0.7500,1.4469
4.3120,0.0572,0.4565,0.1827,0.7500,1.4463
4.3130,0.0572,0.4557,0.1828,0.7500,1.4457
4.3140,0.0572,0.4548,0.1831,0.7500,1.4450
4.3150,0.0572,0.4536,0.1833,0.7500,1.4441
4.3160,0.0572,0.4523,0.1835,0.7500,1.4430
4.3170,0.0572,0.4507,0.1837,0.7500,1.4416
4.3180,0.0572,0.4489,0.1840,0.7500,1.4400
4.3190,0.0572,0.4468,0.1842,0.7500,1.4382
4.3200,0.0572,0.4445,0.1844,0.7500,1.4360
4.3210,0.1479,0.5099,0.1896,0.7500,1.5974
4.3220,0.1469,0.5041,0.1898,0.7500,1.5907
4.3230,0.1458,0.4985,0.1899,0.7500,1.5842
4.3240,0.1448,0.4932,0.1900,0.7500,1.5781
4.3250,0.1438,0.4884,0.1901,0.7500,1.5723
4.3260,0.1428,0.4839,0.1902,0.7500,1.5669
4.3270,0.1419,0.4797,0.1903,0.7500,1.5619
4.3280,0.1409,0.4759,0.1903,0.7500,1.5572
4.3290,0.1400,0.4725,0.1904,0.7500,1.5528
4.3300,0.1391,0.4692,0.1904,0.7500,1.5487
4.3310,0.1381,0.4661,0.1905,0.7500,1.5448
4.3320,0.1372,0.4632,0.1906,0.7500,1.5410
4.3330,0.1363,0.4602,0.1907,0.7500,1.5372
4.3340,0.1355,0.4573,0.1907,0.7500,1.5335
4.3350,0.1346,0.4542,0.1908,0.7500,1.5296
4.3360,0.1338,0.4510,0.1909,0.7500,1.5256
4.3370,0.1329,0.4476,0.1910,0.7500,1.5215
4.3380,0.1321,0.4439,0.1911,0.7500,1.5171
4.3390,0.1313,0.4401,0.1911,0.7500,1.5125
4.3400,0.1305,0.4361,0.1912,0.7500,1.5077
4.3410,0.2200,0.5085,0.1963,0.7500,1.6747
4.3420,0.2164,0.5005,0.1963,0.7500,1.6632
4.3430,0.2129,0.4930,0.1962,0.7500,1.6521
4.3440,0.2094,0.4859,0.1961,0.7500,1.6414
4.3450,0.2061,0.4793,0.1959,0.7500,1.6313
4.3460,0.2041,0.4732,0.1958,0.7500,1.6231
4.3470,0.2050,0.4675,0.1956,0.7500,1.6181
4.3480,0.2077,0.4623,0.1955,0.7500,1.6154
4.3490,0.2120,0.4573,0.1953,0.7500,1.6147
4.3500,0.2177,0.4527,0.1952,0.7500,1.6156
4.3510,0.2243,0.4483,0.1951,0.7500,1.6176
4.3520,0.2314,0.4440,0.1949,0.7500,1.6203
4.3530,0.2387,0.4397,0.1948,0.7500,1.6233
4.3540,0.2459,0.4355,0.1947,0.7500,1.6261
4.3550,0.2517,0.4312,0.1946,0.7500,1.6276
4.3560,0.2545,0.4268,0.1945,0.7500,1.6259
4.3570,0.2567,0.4223,0.1944,0.7500,1.6234
4.3580,0.2580,0.4176,0.1943,0.7500,1.6200
4.3590,0.2585,0.4128,0.1942,0.7500,1.6155
4.3600,0.2582,0.4078,0.1940,0.7500,1.6100
4.3610,0.3831,0.4932,0.2040,0.7500,1.8303
4.3620,0.3770,0.4841,0.2037,0.7500,1.8148
4.3630,0.3704,0.4755,0.2033,0.7500,1.7993
4.3640,0.3636,0.4675,0.2030,0.7500,1.7841
4.3650,0.3568,0.4602,0.2026,0.7500,1.7696
4.3660,0.3538,0.4536,0.2022,0.7500,1.7595
4.3670,0.3512,0.4475,0.2018,0.7500,1.7505
4.3680,0.3484,0.4419,0.2014,0.7500,1.7418
4.3690,0.3456,0.4367,0.2011,0.7500,1.7334
4.3700,0.3426,0.4319,0.2008,0.7500,1.7252
4.3710,0.3395,0.4274,0.2005,0.7500,1.7173
4.3720,0.3363,0.4230,0.2002,0.7500,1.7095
4.3730,0.3332,0.4187,0.2000,0.7500,1.7018
4.3740,0.3301,0.4144,0.1998,0.7500,1.6942
4.3750,0.3269,0.4100,0.1996,0.7500,1.6865
4.3760,0.3239,0.4056,0.1994,0.7500,1.6789
4.3770,0.3209,0.4010,0.1993,0.7500,1.6711
4.3780,0.3179,0.3962,0.1991,0.7500,1.6633
4.3790,0.3151,0.3913,0.1990,0.7500,1.6553
4.3800,0.3123,0.3862,0.1988,0.7500,1.6473
4.3810,0.4345,0.4765,0.2037,0.7500,1.8648
4.3820,0.4269,0.4672,0.2035,0.7500,1.8476
4.3830,0.4201,0.4585,0.2032,0.7500,1.8318
4.3840,0.4143,0.4504,0.2029,0.7500,1.8176
4.3850,0.4095,0.4430,0.2026,0.7500,1.8050
4.3860,0.4056,0.4362,0.2023,0.7500,1.7940
4.3870,0.4025,0.4301,0.2020,0.7500,1.7845
4.3880,0.4002,0.4245,0.2017,0.7500,1.7764
4.3890,0.3985,0.4194,0.2014,0.7500,1.7694
4.3900,0.3973,0.4147,0.2012,0.7500,1.7632
4.3910,0.3965,0.4104,0.2010,0.7500,1.7578
4.3920,0.3958,0.4062,0.2008,0.7500,1.7528
4.3930,0.3951,0.4023,0.2007,0.7500,1.7480
4.3940,0.3943,0.3983,0.2005,0.7500,1.7432
4.3950,0.3933,0.3944,0.2004,0.7500,1.7381
4.3960,0.3919,0.3904,0.2004,0.7500,1.7327
4.3970,0.3901,0.3863,0.2003,0.7500,1.7267
4.3980,0.3878,0.3820,0.2003,0.7500,1.7201
4.3990,0.3849,0.3777,0.2002,0.7500,1.7128
4.4000,0.3816,0.3731,0.2002,0.7500,1.7048
4.4010,0.5194,0.4739,0.2103,0.7500,1.9535
4.4020,0.5084,0.4648,0.2101,0.7500,1.9334
4.4030,0.4980,0.4563,0.2100,0.7500,1.9143
4.4040,0.4883,0.4485,0.2098,0.7500,1.8966
4.4050,0.4794,0.4413,0.2097,0.7500,1.8804
4.4060,0.4713,0.4349,0.2095,0.7500,1.8657
4.4070,0.4640,0.4291,0.2093,0.7500,1.8525
4.4080,0.4576,0.4240,0.2092,0.7500,1.8408
4.4090,0.4520,0.4194,0.2091,0.7500,1.8305
4.4100,0.4471,0.4152,0.2090,0.7500,1.8213
4.4110,0.4427,0.4114,0.2089,0.7500,1.8130
4.4120,0.4388,0.4078,0.2089,0.7500,1.8055
4.4130,0.4352,0.4043,0.2089,0.7500,1.7984
4.4140,0.4317,0.4009,0.2090,0.7500,1.7916
4.4150,0.4284,0.3974,0.2091,0.7500,1.7849
4.4160,0.4249,0.3939,0.2092,0.7500,1.7780
4.4170,0.4212,0.3902,0.2093,0.7500,1.7707
4.4180,0.4172,0.3864,0.2094,0.7500,1.7630
4.4190,0.4129,0.3823,0.2095,0.7500,1.7547
4.4200,0.4081,0.3781,0.2095,0.7500,1.7457
4.4210,0.5501,0.4937,0.2196,0.7500,2.0134
4.4220,0.5374,0.4840,0.2195,0.7500,1.9909
4.4230,0.5255,0.4750,0.2194,0.7500,1.9699
4.4240,0.5144,0.4668,0.2192,0.7500,1.9504
4.4250,0.5042,0.4594,0.2191,0.7500,1.9326
4.4260,0.4949,0.4527,0.2189,0.7500,1.9166
4.4270,0.4865,0.4469,0.2188,0.7500,1.9022
4.4280,0.4788,0.4417,0.2187,0.7500,1.8892
4.4290,0.4718,0.4371,0.2187,0.7500,1.8776
4.4300,0.4653,0.4330,0.2187,0.7500,1.8670
4.4310,0.4592,0.4293,0.2188,0.7500,1.8573
4.4320,0.4535,0.4258,0.2189,0.7500,1.8481
4.4330,0.4478,0.4224,0.2190,0.7500,1.8392
4.4340,0.4422,0.4190,0.2192,0.7500,1.8304
4.4350,0.4364,0.4155,0.2193,0.7500,1.8213
4.4360,0.4305,0.4119,0.2195,0.7500,1.8119
4.4370,0.4242,0.4080,0.2197,0.7500,1.8019
4.4380,0.4175,0.4039,0.2197,0.7500,1.7912
4.4390,0.4105,0.3995,0.2198,0.7500,1.7798
4.4400,0.4030,0.3949,0.2199,0.7500,1.7677
4.4410,0.5541,0.5144,0.2250,0.7500,2.0435
4.4420,0.5379,0.5036,0.2250,0.7500,2.0165
4.4430,0.5226,0.4936,0.2249,0.7500,1.9912
4.4440,0.5085,0.4844,0.2248,0.7500,1.9678
4.4450,0.4956,0.4761,0.2247,0.7500,1.9464
4.4460,0.4838,0.4686,0.2246,0.7500,1.9269
4.4470,0.4731,0.4618,0.2244,0.7500,1.9093
4.4480,0.4633,0.4558,0.2243,0.7500,1.8935
4.4490,0.4544,0.4504,0.2242,0.7500,1.8790
4.4500,0.4462,0.4455,0.2241,0.7500,1.8658
4.4510,0.4384,0.4410,0.2241,0.7500,1.8535
4.4520,0.4310,0.4367,0.2240,0.7500,1.8418
4.4530,0.4238,0.4325,0.2240,0.7500,1.8304
4.4540,0.4166,0.4284,0.2241,0.7500,1.8191
4.4550,0.4093,0.4241,0.2241,0.7500,1.8075
4.4560,0.4017,0.4196,0.2242,0.7500,1.7956
4.4570,0.3938,0.4149,0.2243,0.7500,1.7830
4.4580,0.3854,0.4100,0.2244,0.7500,1.7698
4.4590,0.3766,0.4048,0.2245,0.7500,1.7559
4.4600,0.3673,0.3992,0.2245,0.7500,1.7411
4.4610,0.5290,0.5312,0.2346,0.7500,2.0447
4.4620,0.5107,0.5187,0.2344,0.7500,2.0138
4.4630,0.4935,0.5072,0.2341,0.7500,1.9848
4.4640,0.4775,0.4966,0.2338,0.7500,1.9580
4.4650,0.4626,0.4871,0.2336,0.7500,1.9333
4.4660,0.4490,0.4785,0.2333,0.7500,1.9108
4.4670,0.4364,0.4709,0.2331,0.7500,1.8904
4.4680,0.4248,0.4641,0.2329,0.7500,1.8718
4.4690,0.4141,0.4579,0.2328,0.7500,1.8548
4.4700,0.4040,0.4524,0.2327,0.7500,1.8391
4.4710,0.3945,0.4472,0.2327,0.7500,1.8243
4.4720,0.3853,0.4422,0.2327,0.7500,1.8103
4.4730,0.3764,0.4374,0.2327,0.7500,1.7965
4.4740,0.3674,0.4326,0.2328,0.7500,1.7828
4.4750,0.3584,0.4276,0.2329,0.7500,1.7688
4.4760,0.3491,0.4224,0.2330,0.7500,1.7545
4.4770,0.3395,0.4169,0.2331,0.7500,1.7395
4.4780,0.3295,0.4111,0.2332,0.7500,1.7237
4.4790,0.3191,0.4050,0.2331,0.7500,1.7071
4.4800,0.3082,0.3985,0.2330,0.7500,1.6897
4.4810,0.4763,0.5335,0.2478,0.7500,2.0076
4.4820,0.4572,0.5199,0.2473,0.7500,1.9744
4.4830,0.4392,0.5073,0.2467,0.7500,1.9431
4.4840,0.4222,0.4957,0.2461,0.7500,1.9140
4.4850,0.4064,0.4852,0.2454,0.7500,1.8871
4.4860,0.3918,0.4758,0.2447,0.7500,1.8623
4.4870,0.3782,0.4674,0.2440,0.7500,1.8396
4.4880,0.3655,0.4598,0.2434,0.7500,1.8187
4.4890,0.3536,0.4530,0.2428,0.7500,1.7994
4.4900,0.3424,0.4467,0.2423,0.7500,1.7815
4.4910,0.3316,0.4409,0.2419,0.7500,1.7644
4.4920,0.3212,0.4353,0.2416,0.7500,1.7481
4.4930,0.3110,0.4298,0.2413,0.7500,1.7320
4.4940,0.3007,0.4243,0.2411,0.7500,1.7161
4.4950,0.2904,0.4187,0.2409,0.7500,1.6999
4.4960,0.2798,0.4129,0.2407,0.7500,1.6834
4.4970,0.2690,0.4068,0.2405,0.7500,1.6663
4.4980,0.2577,0.4004,0.2403,0.7500,1.6485
4.4990,0.2461,0.3937,0.2401,0.7500,1.6299
4.5000,0.2342,0.3868,0.2397,0.7500,1.6107
4.5010,0.4150,0.5349,0.2491,0.7500,1.9490
4.5020,0.3956,0.5204,0.2482,0.7500,1.9142
4.5030,0.3773,0.5069,0.2472,0.7500,1.8814
4.5040,0.3600,0.4948,0.2461,0.7500,1.8508
4.5050,0.3439,0.4838,0.2449,0.7500,1.8226
4.5060,0.3289,0.4740,0.2436,0.7500,1.7965
4.5070,0.3148,0.4653,0.2424,0.7500,1.7726
4.5080,0.3017,0.4576,0.2413,0.7500,1.7505
4.5090,0.2893,0.4505,0.2402,0.7500,1.7301
4.5100,0.2776,0.4441,0.2393,0.7500,1.7110
4.5110,0.2663,0.4381,0.2384,0.7500,1.6928
4.5120,0.2553,0.4322,0.2377,0.7500,1.6752
4.5130,0.2444,0.4265,0.2371,0.7500,1.6579
4.5140,0.2335,0.4207,0.2365,0.7500,1.6407
4.5150,0.2225,0.4147,0.2361,0.7500,1.6233
4.5160,0.2113,0.4085,0.2357,0.7500,1.6054
4.5170,0.1998,0.4019,0.2354,0.7500,1.5870
4.5180,0.1880,0.3950,0.2350,0.7500,1.5680
4.5190,0.1758,0.3878,0.2346,0.7500,1.5482
4.5200,0.1633,0.3803,0.2341,0.7500,1.5277
4.5210,0.3587,0.5368,0.2434,0.7500,1.8889
4.5220,0.3397,0.5212,0.2424,0.7500,1.8534
4.5230,0.3217,0.5069,0.2413,0.7500,1.8199
4.5240,0.3048,0.4939,0.2400,0.7500,1.7887
4.5250,0.2889,0.4822,0.2387,0.7500,1.7598
4.5260,0.2741,0.4718,0.2374,0.7500,1.7332
4.5270,0.2602,0.4626,0.2360,0.7500,1.7088
4.5280,0.2471,0.4543,0.2348,0.7500,1.6862
4.5290,0.2347,0.4469,0.2336,0.7500,1.6653
4.5300,0.2229,0.4401,0.2326,0.7500,1.6456
4.5310,0.2115,0.4338,0.2316,0.7500,1.6269
4.5320,0.2004,0.4277,0.2308,0.7500,1.6089
4.5330,0.1894,0.4216,0.2301,0.7500,1.5911
4.5340,0.1783,0.4155,0.2295,0.7500,1.5734
4.5350,0.1672,0.4092,0.2290,0.7500,1.5554
4.5360,0.1558,0.4027,0.2286,0.7500,1.5370
4.5370,0.1442,0.3957,0.2282,0.7500,1.5181
4.5380,0.1323,0.3885,0.2278,0.7500,1.4985
4.5390,0.1200,0.3808,0.2274,0.7500,1.4782
4.5400,0.1075,0.3729,0.2269,0.7500,1.4573
4.5410,0.3141,0.5333,0.2413,0.7500,1.8387
4.5420,0.2961,0.5171,0.2402,0.7500,1.8034
4.5430,0.2791,0.5021,0.2390,0.7500,1.7702
4.5440,0.2629,0.4885,0.2378,0.7500,1.7393
4.5450,0.2478,0.4764,0.2365,0.7500,1.7106
4.5460,0.2336,0.4655,0.2352,0.7500,1.6842
4.5470,0.2202,0.4558,0.2339,0.7500,1.6599
4.5480,0.2076,0.4472,0.2327,0.7500,1.6375
4.5490,0.1957,0.4394,0.2316,0.7500,1.6167
4.5500,0.1843,0.4323,0.2306,0.7500,1.5972
4.5510,0.1733,0.4257,0.2297,0.7500,1.5786
4.5520,0.1624,0.4193,0.2289,0.7500,1.5607
4.5530,0.1517,0.4131,0.2283,0.7500,1.5430
4.5540,0.1410,0.4067,0.2277,0.7500,1.5254
4.5550,0.1301,0.4002,0.2273,0.7500,1.5076
4.5560,0.1191,0.3935,0.2269,0.7500,1.4894
4.5570,0.1078,0.3864,0.2265,0.7500,1.4706
4.5580,0.0962,0.3789,0.2262,0.7500,1.4513
4.5590,0.0844,0.3711,0.2257,0.7500,1.4312
4.5600,0.0723,0.3630,0.2252,0.7500,1.4105
4.5610,0.2955,0.5371,0.2395,0.7500,1.8221
4.5620,0.2782,0.5201,0.2384,0.7500,1.7868
4.5630,0.2619,0.5045,0.2372,0.7500,1.7536
4.5640,0.2466,0.4904,0.2359,0.7500,1.7228
4.5650,0.2322,0.4778,0.2345,0.7500,1.6945
4.5660,0.2188,0.4666,0.2331,0.7500,1.6685
4.5670,0.2062,0.4567,0.2318,0.7500,1.6447
4.5680,0.1944,0.4479,0.2306,0.7500,1.6230
4.5690,0.1833,0.4401,0.2295,0.7500,1.6029
4.5700,0.1727,0.4329,0.2285,0.7500,1.5841
4.5710,0.1625,0.4262,0.2276,0.7500,1.5663
4.5720,0.1525,0.4197,0.2269,0.7500,1.5491
4.5730,0.1426,0.4134,0.2263,0.7500,1.5322
4.5740,0.1326,0.4069,0.2258,0.7500,1.5153
4.5750,0.1226,0.4002,0.2254,0.7500,1.4982
4.5760,0.1123,0.3933,0.2251,0.7500,1.4807
4.5770,0.1019,0.3859,0.2248,0.7500,1.4625
4.5780,0.0911,0.3781,0.2245,0.7500,1.4437
4.5790,0.0801,0.3699,0.2242,0.7500,1.4242
4.5800,0.0688,0.3614,0.2238,0.7500,1.4040
4.5810,0.3043,0.5440,0.2382,0.7500,1.8365
4.5820,0.2875,0.5259,0.2372,0.7500,1.8007
4.5830,0.2716,0.5094,0.2361,0.7500,1.7671
4.5840,0.2568,0.4944,0.2349,0.7500,1.7361
4.5850,0.2429,0.4811,0.2336,0.7500,1.7076
4.5860,0.2300,0.4693,0.2323,0.7500,1.6816
4.5870,0.2181,0.4588,0.2311,0.7500,1.6580
4.5880,0.2070,0.4495,0.2299,0.7500,1.6364
4.5890,0.1965,0.4412,0.2289,0.7500,1.6166
4.5900,0.1867,0.4337,0.2279,0.7500,1.5983
4.5910,0.1773,0.4266,0.2271,0.7500,1.5810
4.5920,0.1681,0.4198,0.2264,0.7500,1.5644
4.5930,0.1591,0.4131,0.2259,0.7500,1.5481
4.5940,0.1502,0.4063,0.2254,0.7500,1.5319
4.5950,0.1411,0.3993,0.2251,0.7500,1.5154
4.5960,0.1318,0.3919,0.2248,0.7500,1.4985
4.5970,0.1223,0.3840,0.2246,0.7500,1.4809
4.5980,0.1126,0.3758,0.2244,0.7500,1.4627
4.5990,0.1025,0.3671,0.2241,0.7500,1.4437
4.6000,0.0921,0.3581,0.2237,0.7500,1.4239
4.6010,0.3433,0.5486,0.2382,0.7500,1.8802
4.6020,0.3261,0.5295,0.2373,0.7500,1.8429
4.6030,0.3099,0.5120,0.2362,0.7500,1.8082
4.6040,0.2949,0.4962,0.2350,0.7500,1.7761
4.6050,0.2810,0.4822,0.2338,0.7500,1.7469
4.6060,0.2683,0.4697,0.2325,0.7500,1.7204
4.6070,0.2566,0.4586,0.2313,0.7500,1.6965
4.6080,0.2459,0.4489,0.2302,0.7500,1.6749
4.6090,0.2361,0.4401,0.2291,0.7500,1.6553
4.6100,0.2269,0.4321,0.2282,0.7500,1.6373
4.6110,0.2183,0.4246,0.2275,0.7500,1.6204
4.6120,0.2100,0.4174,0.2268,0.7500,1.6042
4.6130,0.2020,0.4103,0.2263,0.7500,1.5885
4.6140,0.1939,0.4030,0.2259,0.7500,1.5728
4.6150,0.1858,0.3955,0.2255,0.7500,1.5568
4.6160,0.1775,0.3876,0.2253,0.7500,1.5404
4.6170,0.1689,0.3793,0.2251,0.7500,1.5232
4.6180,0.1599,0.3705,0.2249,0.7500,1.5053
4.6190,0.1506,0.3612,0.2246,0.7500,1.4865
4.6200,0.1409,0.3516,0.2243,0.7500,1.4669
4.6210,0.4064,0.5501,0.2388,0.7500,1.9453
4.6220,0.3876,0.5300,0.2378,0.7500,1.9054
4.6230,0.3700,0.5117,0.2366,0.7500,1.8683
4.6240,0.3538,0.4951,0.2354,0.7500,1.8343
4.6250,0.3390,0.4804,0.2341,0.7500,1.8034
4.6260,0.3256,0.4673,0.2327,0.7500,1.7756
4.6270,0.3135,0.4558,0.2314,0.7500,1.7507
4.6280,0.3026,0.4456,0.2302,0.7500,1.7284
4.6290,0.2928,0.4364,0.2291,0.7500,1.7084
4.6300,0.2839,0.4280,0.2281,0.7500,1.6901
4.6310,0.2757,0.4202,0.2273,0.7500,1.6731
4.6320,0.2679,0.4126,0.2266,0.7500,1.6571
4.6330,0.2603,0.4051,0.2260,0.7500,1.6414
4.6340,0.2529,0.3975,0.2255,0.7500,1.6259
4.6350,0.2453,0.3896,0.2252,0.7500,1.6100
4.6360,0.2375,0.3812,0.2249,0.7500,1.5936
4.6370,0.2294,0.3725,0.2247,0.7500,1.5765
4.6380,0.2208,0.3632,0.2245,0.7500,1.5584
4.6390,0.2117,0.3534,0.2242,0.7500,1.5393
4.6400,0.2021,0.3433,0.2238,0.7500,1.5193
4.6410,0.4746,0.5499,0.2382,0.7500,2.0128
4.6420,0.4535,0.5290,0.2372,0.7500,1.9696
4.6430,0.4338,0.5098,0.2360,0.7500,1.9296
4.6440,0.4158,0.4926,0.2346,0.7500,1.8930
4.6450,0.3995,0.4773,0.2332,0.7500,1.8599
4.6460,0.3848,0.4638,0.2317,0.7500,1.8303
4.6470,0.3717,0.4518,0.2303,0.7500,1.8039
4.6480,0.3601,0.4413,0.2290,0.7500,1.7804
4.6490,0.3497,0.4318,0.2278,0.7500,1.7593
4.6500,0.3404,0.4231,0.2267,0.7500,1.7402
4.6510,0.3318,0.4150,0.2258,0.7500,1.7226
4.6520,0.3238,0.4072,0.2250,0.7500,1.7059
4.6530,0.3160,0.3994,0.2243,0.7500,1.6898
4.6540,0.3084,0.3915,0.2238,0.7500,1.6736
4.6550,0.3006,0.3833,0.2234,0.7500,1.6572
4.6560,0.2925,0.3746,0.2230,0.7500,1.6401
4.6570,0.2840,0.3654,0.2228,0.7500,1.6222
4.6580,0.2750,0.3558,0.2225,0.7500,1.6032
4.6590,0.2653,0.3456,0.2222,0.7500,1.5832
4.6600,0.2551,0.3351,0.2218,0.7500,1.5620
4.6610,0.5367,0.5455,0.2412,0.7500,2.0734
4.6620,0.5123,0.5240,0.2400,0.7500,2.0263
4.6630,0.4898,0.5044,0.2386,0.7500,1.9828
4.6640,0.4693,0.4868,0.2371,0.7500,1.9433
4.6650,0.4509,0.4711,0.2356,0.7500,1.9076
4.6660,0.4346,0.4573,0.2340,0.7500,1.8758
4.6670,0.4201,0.4450,0.2324,0.7500,1.8475
4.6680,0.4073,0.4342,0.2309,0.7500,1.8224
4.6690,0.3959,0.4246,0.2295,0.7500,1.8000
4.6700,0.3858,0.4157,0.2283,0.7500,1.7798
4.6710,0.3765,0.4074,0.2273,0.7500,1.7612
4.6720,0.3677,0.3994,0.2264,0.7500,1.7436
4.6730,0.3593,0.3915,0.2257,0.7500,1.7265
4.6740,0.3510,0.3834,0.2251,0.7500,1.7094
4.6750,0.3424,0.3750,0.2246,0.7500,1.6920
4.6760,0.3335,0.3662,0.2242,0.7500,1.6738
4.6770,0.3240,0.3569,0.2238,0.7500,1.6547
4.6780,0.3139,0.3471,0.2235,0.7500,1.6344
4.6790,0.3030,0.3368,0.2230,0.7500,1.6129
4.6800,0.2915,0.3262,0.2225,0.7500,1.5901
4.6810,0.5808,0.5500,0.2417,0.7500,2.1224
4.6820,0.5529,0.5278,0.2403,0.7500,2.0710
4.6830,0.5274,0.5075,0.2387,0.7500,2.0237
4.6840,0.5043,0.4894,0.2370,0.7500,1.9807
4.6850,0.4835,0.4734,0.2352,0.7500,1.9421
4.6860,0.4651,0.4592,0.2334,0.7500,1.9078
4.6870,0.4488,0.4469,0.2317,0.7500,1.8774
4.6880,0.4344,0.4360,0.2300,0.7500,1.8504
4.6890,0.4216,0.4263,0.2285,0.7500,1.8264
4.6900,0.4101,0.4174,0.2272,0.7500,1.8047
4.6910,0.3996,0.4091,0.2260,0.7500,1.7847
4.6920,0.3897,0.4011,0.2250,0.7500,1.7658
4.6930,0.3800,0.3931,0.2242,0.7500,1.7474
4.6940,0.3704,0.3850,0.2235,0.7500,1.7289
4.6950,0.3605,0.3764,0.2230,0.7500,1.7099
4.6960,0.3502,0.3674,0.2226,0.7500,1.6902
4.6970,0.3392,0.3579,0.2222,0.7500,1.6693
4.6980,0.3275,0.3477,0.2219,0.7500,1.6471
4.6990,0.3151,0.3371,0.2215,0.7500,1.6236
4.7000,0.3018,0.3260,0.2210,0.7500,1.5987
4.7010,0.5802,0.5491,0.2352,0.7500,2.1145
4.7020,0.5509,0.5263,0.2340,0.7500,2.0612
4.7030,0.5239,0.5056,0.2326,0.7500,2.0121
4.7040,0.4992,0.4870,0.2310,0.7500,1.9672
4.7050,0.4769,0.4705,0.2293,0.7500,1.9267
4.7060,0.4569,0.4559,0.2276,0.7500,1.8904
4.7070,0.4390,0.4430,0.2259,0.7500,1.8579
4.7080,0.4229,0.4317,0.2243,0.7500,1.8288
4.7090,0.4083,0.4215,0.2228,0.7500,1.8026
4.7100,0.3949,0.4122,0.2214,0.7500,1.7786
4.7110,0.3824,0.4035,0.2203,0.7500,1.7562
4.7120,0.3705,0.3951,0.2192,0.7500,1.7348
4.7130,0.3589,0.3867,0.2184,0.7500,1.7139
4.7140,0.3472,0.3782,0.2176,0.7500,1.6930
4.7150,0.3352,0.3693,0.2171,0.7500,1.6716
4.7160,0.3228,0.3600,0.2166,0.7500,1.6495
4.7170,0.3098,0.3502,0.2162,0.7500,1.6262
4.7180,0.2962,0.3398,0.2158,0.7500,1.6018
4.7190,0.2817,0.3289,0.2155,0.7500,1.5761
4.7200,0.2665,0.3176,0.2150,0.7500,1.5491
4.7210,0.5436,0.5399,0.2343,0.7500,2.0679
4.7220,0.5135,0.5172,0.2331,0.7500,2.0139
4.7230,0.4857,0.4965,0.2318,0.7500,1.9640
4.7240,0.4603,0.4779,0.2303,0.7500,1.9185
4.7250,0.4371,0.4613,0.2288,0.7500,1.8772
4.7260,0.4162,0.4466,0.2272,0.7500,1.8401
4.7270,0.3973,0.4337,0.2257,0.7500,1.8067
4.7280,0.3801,0.4222,0.2242,0.7500,1.7766
4.7290,0.3644,0.4120,0.2228,0.7500,1.7492
4.7300,0.3497,0.4026,0.2216,0.7500,1.7240
4.7310,0.3359,0.3939,0.2206,0.7500,1.7004
4.7320,0.3225,0.3854,0.2197,0.7500,1.6776
4.7330,0.3093,0.3771,0.2189,0.7500,1.6553
4.7340,0.2961,0.3685,0.2183,0.7500,1.6328
4.7350,0.2825,0.3597,0.2177,0.7500,1.6099
4.7360,0.2684,0.3504,0.2173,0.7500,1.5861
4.7370,0.2537,0.3406,0.2169,0.7500,1.5612
4.7380,0.2384,0.3302,0.2166,0.7500,1.5352
4.7390,0.2223,0.3194,0.2162,0.7500,1.5079
4.7400,0.2055,0.3082,0.2156,0.7500,1.4793
4.7410,0.4758,0.5312,0.2299,0.7500,1.9869
4.7420,0.4466,0.5089,0.2287,0.7500,1.9342
4.7430,0.4194,0.4885,0.2273,0.7500,1.8852
4.7440,0.3943,0.4701,0.2259,0.7500,1.8402
4.7450,0.3712,0.4538,0.2243,0.7500,1.7992
4.7460,0.3500,0.4393,0.2226,0.7500,1.7619
4.7470,0.3305,0.4265,0.2211,0.7500,1.7281
4.7480,0.3125,0.4152,0.2195,0.7500,1.6973
4.7490,0.2958,0.4051,0.2181,0.7500,1.6690
4.7500,0.2800,0.3959,0.2169,0.7500,1.6427
4.7510,0.2648,0.3872,0.2158,0.7500,1.6178
4.7520,0.2500,0.3788,0.2148,0.7500,1.5937
4.7530,0.2354,0.3706,0.2140,0.7500,1.5700
4.7540,0.2206,0.3622,0.2134,0.7500,1.5461
4.7550,0.2055,0.3534,0.2128,0.7500,1.5218
4.7560,0.1900,0.3443,0.2124,0.7500,1.4966
4.7570,0.1739,0.3346,0.2120,0.7500,1.4705
4.7580,0.1572,0.3245,0.2117,0.7500,1.4434
4.7590,0.1399,0.3138,0.2114,0.7500,1.4151
4.7600,0.1220,0.3028,0.2109,0.7500,1.3857
4.7610,0.3967,0.5264,0.2303,0.7500,1.9034
4.7620,0.3691,0.5043,0.2292,0.7500,1.8527
4.7630,0.3433,0.4842,0.2280,0.7500,1.8055
4.7640,0.3193,0.4660,0.2266,0.7500,1.7620
4.7650,0.2971,0.4498,0.2252,0.7500,1.7221
4.7660,0.2765,0.4355,0.2238,0.7500,1.6858
4.7670,0.2575,0.4229,0.2224,0.7500,1.6527
4.7680,0.2397,0.4118,0.2210,0.7500,1.6224
4.7690,0.2229,0.4018,0.2198,0.7500,1.5944
4.7700,0.2068,0.3927,0.2187,0.7500,1.5682
4.7710,0.1913,0.3842,0.2178,0.7500,1.5432
4.7720,0.1759,0.3760,0.2170,0.7500,1.5189
4.7730,0.1606,0.3679,0.2163,0.7500,1.4949
4.7740,0.1451,0.3597,0.2158,0.7500,1.4706
4.7750,0.1293,0.3511,0.2153,0.7500,1.4457
4.7760,0.1130,0.3422,0.2149,0.7500,1.4201
4.7770,0.0961,0.3327,0.2146,0.7500,1.3935
4.7780,0.0787,0.3227,0.2144,0.7500,1.3658
4.7790,0.0608,0.3122,0.2140,0.7500,1.3370
4.7800,0.0424,0.3013,0.2136,0.7500,1.3073
4.7810,0.3163,0.5254,0.2331,0.7500,1.8247
4.7820,0.2912,0.5034,0.2319,0.7500,1.7766
4.7830,0.2676,0.4833,0.2307,0.7500,1.7317
4.7840,0.2455,0.4652,0.2294,0.7500,1.6901
4.7850,0.2248,0.4490,0.2280,0.7500,1.6518
4.7860,0.2055,0.4347,0.2266,0.7500,1.6168
4.7870,0.1873,0.4220,0.2252,0.7500,1.5846
4.7880,0.1702,0.4108,0.2240,0.7500,1.5550
4.7890,0.1539,0.4008,0.2228,0.7500,1.5274
4.7900,0.1381,0.3916,0.2218,0.7500,1.5014
4.7910,0.1226,0.3830,0.2209,0.7500,1.4765
4.7920,0.1073,0.3748,0.2201,0.7500,1.4522
4.7930,0.0919,0.3666,0.2195,0.7500,1.4280
4.7940,0.0763,0.3583,0.2190,0.7500,1.4036
4.7950,0.0603,0.3497,0.2186,0.7500,1.3786
4.7960,0.0439,0.3406,0.2183,0.7500,1.3528
4.7970,0.0270,0.3311,0.2180,0.7500,1.3261
4.7980,0.0100,0.3210,0.2178,0.7500,1.2988
4.7990,0.0100,0.3104,0.2175,0.7500,1.2879
4.8000,0.0100,0.2994,0.2172,0.7500,1.2765
4.8010,0.2562,0.5232,0.2316,0.7500,1.7610
4.8020,0.2341,0.5012,0.2307,0.7500,1.7159
4.8030,0.2135,0.4810,0.2296,0.7500,1.6740
4.8040,0.1941,0.4627,0.2283,0.7500,1.6351
4.8050,0.1756,0.4464,0.2271,0.7500,1.5991
4.8060,0.1580,0.4319,0.2257,0.7500,1.5657
4.8070,0.1412,0.4191,0.2244,0.7500,1.5347
4.8080,0.1252,0.4077,0.2232,0.7500,1.5061
4.8090,0.1099,0.3974,0.2221,0.7500,1.4793
4.8100,0.0950,0.3880,0.2210,0.7500,1.4540
4.8110,0.0804,0.3791,0.2202,0.7500,1.4297
4.8120,0.0659,0.3706,0.2194,0.7500,1.4059
4.8130,0.0513,0.3622,0.2188,0.7500,1.3822
4.8140,0.0365,0.3536,0.2182,0.7500,1.3583
4.8150,0.0214,0.3446,0.2178,0.7500,1.3338
4.8160,0.0100,0.3353,0.2175,0.7500,1.3127
4.8170,0.0100,0.3254,0.2172,0.7500,1.3026
4.8180,0.0100,0.3149,0.2170,0.7500,1.2919
4.8190,0.0100,0.3040,0.2167,0.7500,1.2807
4.8200,0.0100,0.2926,0.2164,0.7500,1.2690
4.8210,0.2219,0.5157,0.2359,0.7500,1.7235
4.8220,0.2031,0.4935,0.2349,0.7500,1.6816
4.8230,0.1854,0.4731,0.2338,0.7500,1.6423
4.8240,0.1684,0.4546,0.2326,0.7500,1.6057
4.8250,0.1523,0.4381,0.2314,0.7500,1.5718
4.8260,0.1368,0.4234,0.2302,0.7500,1.5403
4.8270,0.1218,0.4103,0.2289,0.7500,1.5111
4.8280,0.1074,0.3987,0.2278,0.7500,1.4838
4.8290,0.0935,0.3882,0.2267,0.7500,1.4584
4.8300,0.0800,0.3786,0.2257,0.7500,1.4343
4.8310,0.0666,0.3695,0.2249,0.7500,1.4111
4.8320,0.0534,0.3608,0.2242,0.7500,1.3883
4.8330,0.0400,0.3521,0.2236,0.7500,1.3657
4.8340,0.0265,0.3432,0.2231,0.7500,1.3428
4.8350,0.0127,0.3341,0.2227,0.7500,1.3195
4.8360,0.0100,0.3244,0.2224,0.7500,1.3068
4.8370,0.0100,0.3143,0.2221,0.7500,1.2964
4.8380,0.0100,0.3037,0.2218,0.7500,1.2855
4.8390,0.0100,0.2925,0.2215,0.7500,1.2740
4.8400,0.0100,0.2810,0.2211,0.7500,1.2621
4.8410,0.2322,0.5039,0.2405,0.7500,1.7265
4.8420,0.2148,0.4818,0.2393,0.7500,1.6859
4.8430,0.1984,0.4616,0.2380,0.7500,1.6479
4.8440,0.1828,0.4432,0.2366,0.7500,1.6126
4.8450,0.1681,0.4267,0.2351,0.7500,1.5798
4.8460,0.1539,0.4120,0.2336,0.7500,1.5495
4.8470,0.1405,0.3989,0.2321,0.7500,1.5214
4.8480,0.1278,0.3871,0.2307,0.7500,1.4957
4.8490,0.1158,0.3766,0.2293,0.7500,1.4717
4.8500,0.1042,0.3668,0.2281,0.7500,1.4491
4.8510,0.0928,0.3576,0.2271,0.7500,1.4275
4.8520,0.0816,0.3487,0.2261,0.7500,1.4064
4.8530,0.0703,0.3399,0.2253,0.7500,1.3855
4.8540,0.0589,0.3309,0.2247,0.7500,1.3644
4.8550,0.0472,0.3216,0.2241,0.7500,1.3429
4.8560,0.0353,0.3118,0.2237,0.7500,1.3208
4.8570,0.0230,0.3016,0.2232,0.7500,1.2978
4.8580,0.0104,0.2909,0.2228,0.7500,1.2741
4.8590,0.0100,0.2797,0.2223,0.7500,1.2620
4.8600,0.0100,0.2681,0.2218,0.7500,1.2499
4.8610,0.2809,0.4914,0.2360,0.7500,1.7582
4.8620,0.2627,0.4696,0.2348,0.7500,1.7171
4.8630,0.2457,0.4496,0.2334,0.7500,1.6788
4.8640,0.2299,0.4315,0.2319,0.7500,1.6433
4.8650,0.2153,0.4152,0.2304,0.7500,1.6108
4.8660,0.2018,0.4006,0.2287,0.7500,1.5812
4.8670,0.1895,0.3877,0.2271,0.7500,1.5542
4.8680,0.1780,0.3760,0.2255,0.7500,1.5296
4.8690,0.1674,0.3655,0.2240,0.7500,1.5069
4.8700,0.1574,0.3558,0.2227,0.7500,1.4858
4.8710,0.1478,0.3466,0.2214,0.7500,1.4658
4.8720,0.1384,0.3377,0.2203,0.7500,1.4465
4.8730,0.1292,0.3289,0.2194,0.7500,1.4274
4.8740,0.1199,0.3198,0.2186,0.7500,1.4083
4.8750,0.1104,0.3105,0.2179,0.7500,1.3888
4.8760,0.1007,0.3008,0.2173,0.7500,1.3688
4.8770,0.0906,0.2905,0.2168,0.7500,1.3479
4.8780,0.0802,0.2798,0.2163,0.7500,1.3263
4.8790,0.0694,0.2686,0.2158,0.7500,1.3038
4.8800,0.0583,0.2570,0.2152,0.7500,1.2806
4.8810,0.3627,0.4807,0.2345,0.7500,1.8279
4.8820,0.3434,0.4592,0.2333,0.7500,1.7859
4.8830,0.3253,0.4395,0.2319,0.7500,1.7467
4.8840,0.3087,0.4215,0.2305,0.7500,1.7107
4.8850,0.2934,0.4053,0.2291,0.7500,1.6779
4.8860,0.2796,0.3909,0.2276,0.7500,1.6482
4.8870,0.2672,0.3780,0.2261,0.7500,1.6214
4.8880,0.2560,0.3665,0.2247,0.7500,1.5972
4.8890,0.2458,0.3561,0.2234,0.7500,1.5753
4.8900,0.2365,0.3465,0.2222,0.7500,1.5552
4.8910,0.2279,0.3374,0.2211,0.7500,1.5364
4.8920,0.2197,0.3287,0.2201,0.7500,1.5185
4.8930,0.2118,0.3200,0.2193,0.7500,1.5010
4.8940,0.2039,0.3111,0.2186,0.7500,1.4836
4.8950,0.1959,0.3020,0.2180,0.7500,1.4658
4.8960,0.1876,0.2924,0.2175,0.7500,1.4475
4.8970,0.1790,0.2823,0.2170,0.7500,1.4283
4.8980,0.1700,0.2718,0.2165,0.7500,1.4083
4.8990,0.1604,0.2608,0.2160,0.7500,1.3873
4.9000,0.1504,0.2494,0.2155,0.7500,1.3653
4.9010,0.4478,0.4740,0.2347,0.7500,1.9065
4.9020,0.4265,0.4529,0.2335,0.7500,1.8629
4.9030,0.4068,0.4334,0.2321,0.7500,1.8223
4.9040,0.3887,0.4157,0.2307,0.7500,1.7851
4.9050,0.3723,0.3997,0.2293,0.7500,1.7513
4.9060,0.3575,0.3855,0.2278,0.7500,1.7208
4.9070,0.3444,0.3727,0.2263,0.7500,1.6934
4.9080,0.3326,0.3613,0.2249,0.7500,1.6689
4.9090,0.3221,0.3510,0.2236,0.7500,1.6468
4.9100,0.3127,0.3415,0.2225,0.7500,1.6266
4.9110,0.3040,0.3325,0.2214,0.7500,1.6079
4.9120,0.2959,0.3239,0.2205,0.7500,1.5902
4.9130,0.2880,0.3153,0.2197,0.7500,1.5729
4.9140,0.2802,0.3065,0.2190,0.7500,1.5557
4.9150,0.2723,0.2975,0.2185,0.7500,1.5382
4.9160,0.2640,0.2881,0.2180,0.7500,1.5201
4.9170,0.2553,0.2782,0.2175,0.7500,1.5010
4.9180,0.2461,0.2678,0.2171,0.7500,1.4810
4.9190,0.2363,0.2570,0.2167,0.7500,1.4599
4.9200,0.2259,0.2458,0.2162,0.7500,1.4378
4.9210,0.5222,0.4709,0.2305,0.7500,1.9736
4.9220,0.4976,0.4500,0.2294,0.7500,1.9270
4.9230,0.4749,0.4307,0.2283,0.7500,1.8839
4.9240,0.4543,0.4132,0.2270,0.7500,1.8445
4.9250,0.4357,0.3974,0.2257,0.7500,1.8089
4.9260,0.4192,0.3833,0.2243,0.7500,1.7769
4.9270,0.4046,0.3707,0.2230,0.7500,1.7483
4.9280,0.3918,0.3593,0.2217,0.7500,1.7228
4.9290,0.3803,0.3491,0.2205,0.7500,1.6999
4.9300,0.3701,0.3396,0.2194,0.7500,1.6791
4.9310,0.3607,0.3307,0.2184,0.7500,1.6598
4.9320,0.3519,0.3221,0.2176,0.7500,1.6415
4.9330,0.3433,0.3135,0.2168,0.7500,1.6237
4.9340,0.3348,0.3048,0.2162,0.7500,1.6058
4.9350,0.3261,0.2958,0.2156,0.7500,1.5875
4.9360,0.3169,0.2864,0.2152,0.7500,1.5686
4.9370,0.3072,0.2765,0.2148,0.7500,1.5486
4.9380,0.2968,0.2662,0.2145,0.7500,1.5275
4.9390,0.2857,0.2554,0.2141,0.7500,1.5052
4.9400,0.2738,0.2442,0.2137,0.7500,1.4817
4.9410,0.5588,0.4694,0.2331,0.7500,2.0113
4.9420,0.5316,0.4485,0.2322,0.7500,1.9622
4.9430,0.5064,0.4292,0.2311,0.7500,1.9167
4.9440,0.4835,0.4117,0.2300,0.7500,1.8751
4.9450,0.4628,0.3959,0.2288,0.7500,1.8375
4.9460,0.4443,0.3817,0.2277,0.7500,1.8037
4.9470,0.4277,0.3691,0.2266,0.7500,1.7734
4.9480,0.4130,0.3577,0.2255,0.7500,1.7462
4.9490,0.3997,0.3474,0.2245,0.7500,1.7216
4.9500,0.3876,0.3380,0.2236,0.7500,1.6992
4.9510,0.3764,0.3291,0.2228,0.7500,1.6783
4.9520,0.3658,0.3205,0.2221,0.7500,1.6584
4.9530,0.3554,0.3119,0.2215,0.7500,1.6389
4.9540,0.3450,0.3033,0.2210,0.7500,1.6193
4.9550,0.3344,0.2943,0.2206,0.7500,1.5993
4.9560,0.3233,0.2849,0.2202,0.7500,1.5785
4.9570,0.3117,0.2751,0.2199,0.7500,1.5567
4.9580,0.2993,0.2648,0.2196,0.7500,1.5337
4.9590,0.2862,0.2540,0.2192,0.7500,1.5094
4.9600,0.2723,0.2428,0.2188,0.7500,1.4840
4.9610,0.5542,0.4682,0.2333,0.7500,2.0056
4.9620,0.5250,0.4473,0.2323,0.7500,1.9546
4.9630,0.4980,0.4281,0.2313,0.7500,1.9073
4.9640,0.4734,0.4105,0.2301,0.7500,1.8641
4.9650,0.4511,0.3947,0.2289,0.7500,1.8248
4.9660,0.4311,0.3805,0.2277,0.7500,1.7893
4.9670,0.4131,0.3678,0.2265,0.7500,1.7574
4.9680,0.3968,0.3564,0.2254,0.7500,1.7286
4.9690,0.3820,0.3461,0.2243,0.7500,1.7024
4.9700,0.3684,0.3365,0.2234,0.7500,1.6782
4.9710,0.3555,0.3275,0.2225,0.7500,1.6556
4.9720,0.3432,0.3188,0.2217,0.7500,1.6338
4.9730,0.3311,0.3102,0.2211,0.7500,1.6124
4.9740,0.3189,0.3014,0.2206,0.7500,1.5908
4.9750,0.3064,0.2924,0.2201,0.7500,1.5688
4.9760,0.2934,0.2829,0.2197,0.7500,1.5460
4.9770,0.2797,0.2730,0.2194,0.7500,1.5221
4.9780,0.2654,0.2625,0.2191,0.7500,1.4970
4.9790,0.2503,0.2517,0.2188,0.7500,1.4707
4.9800,0.2345,0.2404,0.2184,0.7500,1.4433
4.9810,0.5113,0.4655,0.2378,0.7500,1.9646
4.9820,0.4816,0.4447,0.2369,0.7500,1.9131
4.9830,0.4540,0.4254,0.2358,0.7500,1.8652
4.9840,0.4287,0.4078,0.2347,0.7500,1.8212
4.9850,0.4056,0.3920,0.2335,0.7500,1.7810
4.9860,0.3845,0.3777,0.2323,0.7500,1.7446
4.9870,0.3654,0.3650,0.2312,0.7500,1.7116
4.9880,0.3479,0.3536,0.2301,0.7500,1.6815
4.9890,0.3317,0.3432,0.2290,0.7500,1.6539
4.9900,0.3165,0.3336,0.2281,0.7500,1.6282
4.9910,0.3021,0.3245,0.2272,0.7500,1.6039
4.9920,0.2881,0.3158,0.2264,0.7500,1.5804
4.9930,0.2743,0.3071,0.2258,0.7500,1.5572
4.9940,0.2603,0.2983,0.2252,0.7500,1.5338
4.9950,0.2461,0.2892,0.2247,0.7500,1.5099
4.9960,0.2313,0.2796,0.2242,0.7500,1.4852
4.9970,0.2160,0.2696,0.2238,0.7500,1.4594
4.9980,0.2000,0.2591,0.2234,0.7500,1.4325
4.9990,0.1833,0.2482,0.2229,0.7500,1.4044
5.0000,0.1659,0.2369,0.2224,0.7500,1.3752
5.0010,0.4361,0.4620,0.2417,0.7500,1.8898
5.0020,0.4078,0.4411,0.2405,0.7500,1.8394
5.0030,0.3813,0.4218,0.2392,0.7500,1.7923
5.0040,0.3567,0.4042,0.2379,0.7500,1.7488
5.0050,0.3340,0.3883,0.2366,0.7500,1.7088
5.0060,0.3131,0.3740,0.2352,0.7500,1.6722
5.0070,0.2937,0.3612,0.2338,0.7500,1.6387
5.0080,0.2758,0.3496,0.2325,0.7500,1.6079
5.0090,0.2589,0.3392,0.2313,0.7500,1.5794
5.0100,0.2429,0.3294,0.2302,0.7500,1.5525
5.0110,0.2274,0.3203,0.2291,0.7500,1.5268
5.0120,0.2123,0.3114,0.2282,0.7500,1.5019
5.0130,0.1972,0.3026,0.2274,0.7500,1.4771
5.0140,0.1819,0.2936,0.2266,0.7500,1.4522
5.0150,0.1663,0.2844,0.2260,0.7500,1.4267
5.0160,0.1503,0.2747,0.2254,0.7500,1.4004
5.0170,0.1337,0.2646,0.2249,0.7500,1.3731
5.0180,0.1166,0.2539,0.2243,0.7500,1.3448
5.0190,0.0988,0.2429,0.2237,0.7500,1.3154
5.0200,0.0806,0.2314,0.2231,0.7500,1.2851
5.0210,0.3566,0.4562,0.2373,0.7500,1.8001
5.0220,0.3301,0.4354,0.2361,0.7500,1.7516
5.0230,0.3054,0.4161,0.2348,0.7500,1.7062
5.0240,0.2822,0.3984,0.2334,0.7500,1.6641
5.0250,0.2608,0.3824,0.2320,0.7500,1.6252
5.0260,0.2408,0.3680,0.2306,0.7500,1.5895
5.0270,0.2222,0.3551,0.2292,0.7500,1.5565
5.0280,0.2048,0.3434,0.2278,0.7500,1.5260
5.0290,0.1883,0.3327,0.2265,0.7500,1.4975
5.0300,0.1724,0.3228,0.2253,0.7500,1.4705
5.0310,0.1570,0.3134,0.2242,0.7500,1.4446
5.0320,0.1417,0.3042,0.2232,0.7500,1.4191
5.0330,0.1264,0.2952,0.2223,0.7500,1.3938
5.0340,0.1108,0.2859,0.2215,0.7500,1.3683
5.0350,0.0949,0.2764,0.2208,0.7500,1.3421
5.0360,0.0786,0.2664,0.2202,0.7500,1.3152
5.0370,0.0617,0.2560,0.2197,0.7500,1.2873
5.0380,0.0443,0.2450,0.2191,0.7500,1.2585
5.0390,0.0264,0.2337,0.2186,0.7500,1.2287
5.0400,0.0100,0.2219,0.2180,0.7500,1.1999
5.0410,0.2849,0.4462,0.2373,0.7500,1.7184
5.0420,0.2613,0.4253,0.2362,0.7500,1.6727
5.0430,0.2389,0.4059,0.2350,0.7500,1.6298
5.0440,0.2180,0.3881,0.2337,0.7500,1.5899
5.0450,0.1984,0.3720,0.2325,0.7500,1.5529
5.0460,0.1801,0.3575,0.2312,0.7500,1.5188
5.0470,0.1628,0.3443,0.2300,0.7500,1.4872
5.0480,0.1465,0.3325,0.2288,0.7500,1.4578
5.0490,0.1309,0.3216,0.2277,0.7500,1.4302
5.0500,0.1159,0.3114,0.2267,0.7500,1.4040
5.0510,0.1011,0.3018,0.2257,0.7500,1.3786
5.0520,0.0864,0.2925,0.2249,0.7500,1.3537
5.0530,0.0716,0.2832,0.2241,0.7500,1.3289
5.0540,0.0566,0.2737,0.2234,0.7500,1.3037
5.0550,0.0413,0.2639,0.2228,0.7500,1.2780
5.0560,0.0255,0.2538,0.2222,0.7500,1.2515
5.0570,0.0100,0.2431,0.2217,0.7500,1.2248
5.0580,0.0100,0.2320,0.2212,0.7500,1.2131
5.0590,0.0100,0.2204,0.2206,0.7500,1.2010
5.0600,0.0100,0.2085,0.2200,0.7500,1.1884
5.0610,0.2446,0.4328,0.2392,0.7500,1.6666
5.0620,0.2242,0.4120,0.2380,0.7500,1.6242
5.0630,0.2052,0.3928,0.2367,0.7500,1.5846
5.0640,0.1872,0.3751,0.2354,0.7500,1.5476
5.0650,0.1701,0.3590,0.2340,0.7500,1.5131
5.0660,0.1538,0.3445,0.2326,0.7500,1.4809
5.0670,0.1383,0.3313,0.2313,0.7500,1.4509
5.0680,0.1235,0.3193,0.2300,0.7500,1.4228
5.0690,0.1094,0.3083,0.2288,0.7500,1.3965
5.0700,0.0957,0.2980,0.2277,0.7500,1.3715
5.0710,0.0823,0.2883,0.2267,0.7500,1.3473
5.0720,0.0690,0.2787,0.2258,0.7500,1.3235
5.0730,0.0557,0.2693,0.2249,0.7500,1.2999
5.0740,0.0422,0.2596,0.2242,0.7500,1.2760
5.0750,0.0284,0.2497,0.2235,0.7500,1.2516
5.0760,0.0143,0.2394,0.2229,0.7500,1.2266
5.0770,0.0100,0.2286,0.2223,0.7500,1.2109
5.0780,0.0100,0.2174,0.2217,0.7500,1.1991
5.0790,0.0100,0.2057,0.2211,0.7500,1.1868
5.0800,0.0100,0.1937,0.2204,0.7500,1.1741
5.0810,0.2425,0.4183,0.2346,0.7500,1.6454
5.0820,0.2243,0.3979,0.2334,0.7500,1.6056
5.0830,0.2073,0.3789,0.2321,0.7500,1.5683
5.0840,0.1912,0.3615,0.2308,0.7500,1.5335
5.0850,0.1759,0.3456,0.2295,0.7500,1.5010
5.0860,0.1615,0.3312,0.2281,0.7500,1.4708
5.0870,0.1480,0.3182,0.2267,0.7500,1.4429
5.0880,0.1353,0.3062,0.2254,0.7500,1.4170
5.0890,0.1232,0.2952,0.2242,0.7500,1.3926
5.0900,0.1115,0.2850,0.2230,0.7500,1.3695
5.0910,0.1001,0.2752,0.2219,0.7500,1.3472
5.0920,0.0888,0.2656,0.2209,0.7500,1.3253
5.0930,0.0775,0.2560,0.2200,0.7500,1.3036
5.0940,0.0661,0.2463,0.2192,0.7500,1.2816
5.0950,0.0544,0.2363,0.2185,0.7500,1.2592
5.0960,0.0424,0.2259,0.2178,0.7500,1.2362
5.0970,0.0301,0.2151,0.2173,0.7500,1.2125
5.0980,0.0176,0.2038,0.2167,0.7500,1.1881
5.0990,0.0100,0.1921,0.2161,0.7500,1.1682
5.1000,0.0100,0.1801,0.2155,0.7500,1.1556
5.1010,0.2929,0.4052,0.2348,0.7500,1.6828
5.1020,0.2742,0.3851,0.2336,0.7500,1.6429
5.1030,0.2568,0.3664,0.2324,0.7500,1.6056
5.1040,0.2406,0.3492,0.2312,0.7500,1.5711
5.1050,0.2258,0.3335,0.2300,0.7500,1.5394
5.1060,0.2123,0.3193,0.2288,0.7500,1.5104
5.1070,0.2000,0.3063,0.2277,0.7500,1.4839
5.1080,0.1886,0.2945,0.2265,0.7500,1.4597
5.1090,0.1782,0.2836,0.2255,0.7500,1.4373
5.1100,0.1684,0.2734,0.2245,0.7500,1.4163
5.1110,0.1591,0.2637,0.2235,0.7500,1.3963
5.1120,0.1501,0.2542,0.2227,0.7500,1.3770
5.1130,0.1412,0.2447,0.2219,0.7500,1.3579
5.1140,0.1323,0.2351,0.2212,0.7500,1.3386
5.1150,0.1232,0.2252,0.2206,0.7500,1.3189
5.1160,0.1138,0.2149,0.2200,0.7500,1.2986
5.1170,0.1040,0.2042,0.2194,0.7500,1.2776
5.1180,0.0938,0.1930,0.2188,0.7500,1.2557
5.1190,0.0833,0.1814,0.2182,0.7500,1.2330
5.1200,0.0724,0.1696,0.2176,0.7500,1.2095
5.1210,0.3725,0.3955,0.2368,0.7500,1.7548
5.1220,0.3532,0.3758,0.2356,0.7500,1.7146
5.1230,0.3351,0.3574,0.2343,0.7500,1.6769
5.1240,0.3184,0.3406,0.2331,0.7500,1.6420
5.1250,0.3031,0.3251,0.2318,0.7500,1.6100
5.1260,0.2893,0.3111,0.2305,0.7500,1.5808
5.1270,0.2767,0.2983,0.2292,0.7500,1.5543
5.1280,0.2655,0.2867,0.2280,0.7500,1.5302
5.1290,0.2552,0.2759,0.2269,0.7500,1.5081
5.1300,0.2459,0.2658,0.2259,0.7500,1.4876
5.1310,0.2372,0.2562,0.2249,0.7500,1.4683
5.1320,0.2290,0.2468,0.2240,0.7500,1.4498
5.1330,0.2211,0.2374,0.2232,0.7500,1.4317
5.1340,0.2132,0.2279,0.2225,0.7500,1.4136
5.1350,0.2052,0.2181,0.2218,0.7500,1.3951
5.1360,0.1970,0.2079,0.2212,0.7500,1.3761
5.1370,0.1883,0.1973,0.2206,0.7500,1.3563
5.1380,0.1793,0.1863,0.2200,0.7500,1.3356
5.1390,0.1697,0.1749,0.2194,0.7500,1.3140
5.1400,0.1597,0.1631,0.2187,0.7500,1.2916
5.1410,0.4606,0.3897,0.2329,0.7500,1.8332
5.1420,0.4388,0.3703,0.2318,0.7500,1.7908
5.1430,0.4185,0.3522,0.2306,0.7500,1.7513
5.1440,0.4000,0.3356,0.2294,0.7500,1.7150
5.1450,0.3834,0.3203,0.2282,0.7500,1.6819
5.1460,0.3684,0.3065,0.2269,0.7500,1.6519
5.1470,0.3552,0.2939,0.2257,0.7500,1.6248
5.1480,0.3434,0.2823,0.2245,0.7500,1.6003
5.1490,0.3330,0.2717,0.2234,0.7500,1.5780
5.1500,0.3235,0.2616,0.2223,0.7500,1.5575
5.1510,0.3149,0.2521,0.2213,0.7500,1.5383
5.1520,0.3067,0.2427,0.2204,0.7500,1.5199
5.1530,0.2988,0.2334,0.2196,0.7500,1.5018
5.1540,0.2909,0.2239,0.2189,0.7500,1.4837
5.1550,0.2827,0.2141,0.2182,0.7500,1.4651
5.1560,0.2742,0.2040,0.2176,0.7500,1.4459
5.1570,0.2652,0.1934,0.2171,0.7500,1.4257
5.1580,0.2556,0.1824,0.2165,0.7500,1.4045
5.1590,0.2453,0.1710,0.2160,0.7500,1.3823
5.1600,0.2343,0.1593,0.2154,0.7500,1.3590
5.1610,0.5245,0.3860,0.2348,0.7500,1.8953
5.1620,0.4994,0.3667,0.2337,0.7500,1.8497
5.1630,0.4761,0.3487,0.2326,0.7500,1.8074
5.1640,0.4548,0.3321,0.2315,0.7500,1.7684
5.1650,0.4357,0.3169,0.2304,0.7500,1.7330
5.1660,0.4185,0.3031,0.2294,0.7500,1.7010
5.1670,0.4032,0.2905,0.2284,0.7500,1.6720
5.1680,0.3896,0.2790,0.2274,0.7500,1.6459
5.1690,0.3774,0.2683,0.2264,0.7500,1.6221
5.1700,0.3663,0.2583,0.2256,0.7500,1.6002
5.1710,0.3561,0.2488,0.2248,0.7500,1.5797
5.1720,0.3464,0.2394,0.2240,0.7500,1.5599
5.1730,0.3370,0.2301,0.2234,0.7500,1.5405
5.1740,0.3276,0.2206,0.2227,0.7500,1.5209
5.1750,0.3179,0.2109,0.2222,0.7500,1.5009
5.1760,0.3077,0.2007,0.2216,0.7500,1.4801
5.1770,0.2970,0.1902,0.2211,0.7500,1.4583
5.1780,0.2856,0.1792,0.2205,0.7500,1.4353
5.1790,0.2734,0.1678,0.2200,0.7500,1.4112
5.1800,0.2605,0.1561,0.2194,0.7500,1.3860
5.1810,0.5467,0.3830,0.2386,0.7500,1.9184
5.1820,0.5187,0.3638,0.2375,0.7500,1.8699
5.1830,0.4928,0.3458,0.2363,0.7500,1.8249
5.1840,0.4691,0.3293,0.2351,0.7500,1.7835
5.1850,0.4477,0.3141,0.2339,0.7500,1.7457
5.1860,0.4285,0.3003,0.2327,0.7500,1.7115
5.1870,0.4113,0.2877,0.2316,0.7500,1.6806
5.1880,0.3958,0.2761,0.2305,0.7500,1.6524
5.1890,0.3818,0.2655,0.2294,0.7500,1.6267
5.1900,0.3689,0.2554,0.2285,0.7500,1.6028
5.1910,0.3568,0.2458,0.2276,0.7500,1.5802
5.1920,0.3452,0.2364,0.2268,0.7500,1.5584
5.1930,0.3338,0.2271,0.2260,0.7500,1.5369
5.1940,0.3223,0.2175,0.2253,0.7500,1.5152
5.1950,0.3105,0.2077,0.2247,0.7500,1.4929
5.1960,0.2982,0.1976,0.2240,0.7500,1.4698
5.1970,0.2852,0.1870,0.2234,0.7500,1.4457
5.1980,0.2715,0.1760,0.2228,0.7500,1.4203
5.1990,0.2571,0.1645,0.2222,0.7500,1.3938
5.2000,0.2419,0.1528,0.2215,0.7500,1.3662
5.2010,0.5165,0.3797,0.2357,0.7500,1.8819
5.2020,0.4873,0.3605,0.2346,0.7500,1.8324
5.2030,0.4603,0.3426,0.2334,0.7500,1.7863
5.2040,0.4354,0.3261,0.2322,0.7500,1.7437
5.2050,0.4127,0.3110,0.2310,0.7500,1.7047
5.2060,0.3920,0.2972,0.2298,0.7500,1.6690
5.2070,0.3732,0.2845,0.2286,0.7500,1.6364
5.2080,0.3561,0.2730,0.2274,0.7500,1.6065
5.2090,0.3403,0.2622,0.2263,0.7500,1.5788
5.2100,0.3255,0.2521,0.2253,0.7500,1.5529
5.2110,0.3114,0.2425,0.2243,0.7500,1.5281
5.2120,0.2977,0.2330,0.2234,0.7500,1.5041
5.2130,0.2842,0.2235,0.2225,0.7500,1.4803
5.2140,0.2706,0.2139,0.2218,0.7500,1.4562
5.2150,0.2566,0.2040,0.2211,0.7500,1.4316
5.2160,0.2421,0.1937,0.2204,0.7500,1.4062
5.2170,0.2271,0.1830,0.2198,0.7500,1.3798
5.2180,0.2114,0.1718,0.2192,0.7500,1.3523
5.2190,0.1949,0.1603,0.2185,0.7500,1.3238
5.2200,0.1779,0.1484,0.2179,0.7500,1.2942
5.2210,0.4527,0.3751,0.2371,0.7500,1.8150
5.2220,0.4239,0.3559,0.2360,0.7500,1.7658
5.2230,0.3970,0.3380,0.2349,0.7500,1.7199
5.2240,0.3722,0.3214,0.2337,0.7500,1.6774
5.2250,0.3494,0.3062,0.2326,0.7500,1.6383
5.2260,0.3285,0.2923,0.2315,0.7500,1.6024
5.2270,0.3093,0.2796,0.2305,0.7500,1.5694
5.2280,0.2915,0.2680,0.2295,0.7500,1.5390
5.2290,0.2749,0.2572,0.2285,0.7500,1.5106
5.2300,0.2592,0.2470,0.2276,0.7500,1.4838
5.2310,0.2441,0.2372,0.2268,0.7500,1.4580
5.2320,0.2293,0.2276,0.2260,0.7500,1.4328
5.2330,0.2145,0.2180,0.2253,0.7500,1.4077
5.2340,0.1996,0.2082,0.2246,0.7500,1.3824
5.2350,0.1843,0.1982,0.2239,0.7500,1.3564
5.2360,0.1685,0.1878,0.2233,0.7500,1.3295
5.2370,0.1521,0.1769,0.2227,0.7500,1.3016
5.2380,0.1351,0.1656,0.2220,0.7500,1.2727
5.2390,0.1175,0.1539,0.2213,0.7500,1.2428
5.2400,0.0993,0.1419,0.2206,0.7500,1.2119
5.2410,0.3707,0.3639,0.2348,0.7500,1.7194
5.2420,0.3439,0.3450,0.2337,0.7500,1.6726
5.2430,0.3188,0.3272,0.2326,0.7500,1.6286
5.2440,0.2954,0.3108,0.2314,0.7500,1.5876
5.2450,0.2737,0.2957,0.2302,0.7500,1.5496
5.2460,0.2535,0.2818,0.2291,0.7500,1.5144
5.2470,0.2348,0.2690,0.2280,0.7500,1.4818
5.2480,0.2173,0.2572,0.2269,0.7500,1.4514
5.2490,0.2007,0.2462,0.2259,0.7500,1.4228
5.2500,0.1848,0.2359,0.2249,0.7500,1.3955
5.2510,0.1693,0.2259,0.2240,0.7500,1.3692
5.2520,0.1541,0.2160,0.2232,0.7500,1.3433
5.2530,0.1388,0.2062,0.2224,0.7500,1.3174
5.2540,0.1233,0.1963,0.2217,0.7500,1.2913
5.2550,0.1075,0.1860,0.2210,0.7500,1.2645
5.2560,0.0913,0.1754,0.2204,0.7500,1.2371
5.2570,0.0745,0.1644,0.2198,0.7500,1.2087
5.2580,0.0572,0.1530,0.2192,0.7500,1.1794
5.2590,0.0395,0.1412,0.2186,0.7500,1.1493
5.2600,0.0213,0.1291,0.2180,0.7500,1.1184
5.2610,0.3018,0.3557,0.2372,0.7500,1.6447
5.2620,0.2776,0.3368,0.2361,0.7500,1.6006
5.2630,0.2550,0.3191,0.2350,0.7500,1.5591
5.2640,0.2338,0.3028,0.2339,0.7500,1.5205
5.2650,0.2141,0.2877,0.2328,0.7500,1.4847
5.2660,0.1957,0.2739,0.2318,0.7500,1.4515
5.2670,0.1786,0.2612,0.2308,0.7500,1.4206
5.2680,0.1624,0.2495,0.2298,0.7500,1.3918
5.2690,0.1471,0.2386,0.2289,0.7500,1.3646
5.2700,0.1323,0.2282,0.2280,0.7500,1.3385
5.2710,0.1178,0.2182,0.2272,0.7500,1.3132
5.2720,0.1035,0.2083,0.2264,0.7500,1.2882
5.2730,0.0891,0.1984,0.2257,0.7500,1.2632
5.2740,0.0744,0.1884,0.2251,0.7500,1.2378
5.2750,0.0594,0.1780,0.2244,0.7500,1.2118
5.2760,0.0440,0.1672,0.2238,0.7500,1.1850
5.2770,0.0282,0.1560,0.2231,0.7500,1.1573
5.2780,0.0119,0.1444,0.2225,0.7500,1.1287
5.2790,0.0100,0.1324,0.2218,0.7500,1.1142
5.2800,0.0100,0.1200,0.2211,0.7500,1.1011
5.2810,0.2617,0.3466,0.2403,0.7500,1.5985
5.2820,0.2405,0.3277,0.2391,0.7500,1.5573
5.2830,0.2210,0.3099,0.2378,0.7500,1.5187
5.2840,0.2027,0.2934,0.2366,0.7500,1.4827
5.2850,0.1853,0.2782,0.2354,0.7500,1.4490
5.2860,0.1689,0.2643,0.2342,0.7500,1.4174
5.2870,0.1537,0.2514,0.2331,0.7500,1.3882
5.2880,0.1393,0.2395,0.2320,0.7500,1.3608
5.2890,0.1257,0.2283,0.2310,0.7500,1.3349
5.2900,0.1125,0.2177,0.2300,0.7500,1.3102
5.2910,0.0997,0.2074,0.2291,0.7500,1.2862
5.2920,0.0871,0.1973,0.2282,0.7500,1.2625
5.2930,0.0744,0.1871,0.2274,0.7500,1.2389
5.2940,0.0615,0.1768,0.2266,0.7500,1.2149
5.2950,0.0484,0.1661,0.2259,0.7500,1.1905
5.2960,0.0350,0.1551,0.2252,0.7500,1.1653
5.2970,0.0213,0.1436,0.2245,0.7500,1.1393
5.2980,0.0100,0.1317,0.2237,0.7500,1.1154
5.2990,0.0100,0.1194,0.2230,0.7500,1.1024
5.3000,0.0100,0.1068,0.2222,0.7500,1.0890
5.3010,0.2737,0.3331,0.2363,0.7500,1.5930
5.3020,0.2546,0.3142,0.2351,0.7500,1.5539
5.3030,0.2367,0.2966,0.2338,0.7500,1.5171
5.3040,0.2201,0.2802,0.2326,0.7500,1.4829
5.3050,0.2047,0.2650,0.2314,0.7500,1.4511
5.3060,0.1906,0.2510,0.2302,0.7500,1.4217
5.3070,0.1775,0.2380,0.2290,0.7500,1.3945
5.3080,0.1653,0.2259,0.2278,0.7500,1.3691
5.3090,0.1539,0.2146,0.2267,0.7500,1.3452
5.3100,0.1431,0.2037,0.2256,0.7500,1.3225
5.3110,0.1326,0.1932,0.2246,0.7500,1.3005
5.3120,0.1223,0.1828,0.2237,0.7500,1.2789
5.3130,0.1121,0.1724,0.2228,0.7500,1.2573
5.3140,0.1018,0.1618,0.2219,0.7500,1.2355
5.3150,0.0912,0.1508,0.2211,0.7500,1.2132
5.3160,0.0803,0.1395,0.2204,0.7500,1.1902
5.3170,0.0691,0.1278,0.2196,0.7500,1.1665
5.3180,0.0576,0.1156,0.2189,0.7500,1.1421
5.3190,0.0457,0.1031,0.2181,0.7500,1.1170
5.3200,0.0336,0.0903,0.2174,0.7500,1.0913
5.3210,0.3366,0.3165,0.2365,0.7500,1.6396
5.3220,0.3173,0.2980,0.2353,0.7500,1.6006
5.3230,0.2993,0.2806,0.2341,0.7500,1.5640
5.3240,0.2827,0.2644,0.2329,0.7500,1.5300
5.3250,0.2675,0.2494,0.2317,0.7500,1.4987
5.3260,0.2538,0.2355,0.2306,0.7500,1.4700
5.3270,0.2414,0.2227,0.2296,0.7500,1.4436
5.3280,0.2302,0.2107,0.2285,0.7500,1.4194
5.3290,0.2200,0.1993,0.2276,0.7500,1.3969
5.3300,0.2106,0.1885,0.2267,0.7500,1.3758
5.3310,0.2018,0.1780,0.2258,0.7500,1.3556
5.3320,0.1934,0.1676,0.2249,0.7500,1.3359
5.3330,0.1851,0.1571,0.2241,0.7500,1.3164
5.3340,0.1769,0.1465,0.2234,0.7500,1.2967
5.3350,0.1685,0.1355,0.2226,0.7500,1.2766
5.3360,0.1598,0.1241,0.2218,0.7500,1.2558
5.3370,0.1508,0.1124,0.2211,0.7500,1.2343
5.3380,0.1413,0.1003,0.2203,0.7500,1.2119
5.3390,0.1313,0.0878,0.2195,0.7500,1.1886
5.3400,0.1209,0.0751,0.2187,0.7500,1.1647
5.3410,0.4193,0.3022,0.2377,0.7500,1.7092
5.3420,0.3987,0.2841,0.2364,0.7500,1.6693
5.3430,0.3795,0.2672,0.2351,0.7500,1.6318
5.3440,0.3619,0.2514,0.2338,0.7500,1.5972
5.3450,0.3460,0.2368,0.2326,0.7500,1.5653
5.3460,0.3315,0.2232,0.2313,0.7500,1.5361
5.3470,0.3186,0.2106,0.2302,0.7500,1.5095
5.3480,0.3071,0.1989,0.2291,0.7500,1.4851
5.3490,0.2967,0.1878,0.2280,0.7500,1.4625
5.3500,0.2872,0.1772,0.2270,0.7500,1.4415
5.3510,0.2785,0.1669,0.2261,0.7500,1.4215
5.3520,0.2702,0.1567,0.2252,0.7500,1.4021
5.3530,0.2622,0.1464,0.2243,0.7500,1.3829
5.3540,0.2541,0.1360,0.2235,0.7500,1.3636
5.3550,0.2459,0.1252,0.2227,0.7500,1.3438
5.3560,0.2373,0.1140,0.2219,0.7500,1.3233
5.3570,0.2283,0.1025,0.2211,0.7500,1.3019
5.3580,0.2187,0.0906,0.2203,0.7500,1.2797
5.3590,0.2086,0.0784,0.2195,0.7500,1.2565
5.3600,0.1978,0.0659,0.2187,0.7500,1.2325
5.3610,0.4947,0.2942,0.2328,0.7500,1.7717
5.3620,0.4707,0.2767,0.2315,0.7500,1.7290
5.3630,0.4486,0.2602,0.2303,0.7500,1.6891
5.3640,0.4284,0.2448,0.2291,0.7500,1.6523
5.3650,0.4101,0.2306,0.2279,0.7500,1.6186
5.3660,0.3939,0.2174,0.2267,0.7500,1.5880
5.3670,0.3794,0.2052,0.2256,0.7500,1.5602
5.3680,0.3665,0.1938,0.2245,0.7500,1.5348
5.3690,0.3549,0.1830,0.2235,0.7500,1.5114
5.3700,0.3445,0.1726,0.2225,0.7500,1.4896
5.3710,0.3348,0.1626,0.2215,0.7500,1.4689
5.3720,0.3255,0.1526,0.2206,0.7500,1.4488
5.3730,0.3165,0.1426,0.2198,0.7500,1.4289
5.3740,0.3074,0.1324,0.2190,0.7500,1.4087
5.3750,0.2979,0.1218,0.2182,0.7500,1.3880
5.3760,0.2880,0.1110,0.2175,0.7500,1.3664
5.3770,0.2775,0.0997,0.2167,0.7500,1.3439
5.3780,0.2663,0.0880,0.2160,0.7500,1.3203
5.3790,0.2543,0.0760,0.2153,0.7500,1.2957
5.3800,0.2416,0.0638,0.2146,0.7500,1.2700
5.3810,0.5257,0.2929,0.2338,0.7500,1.8024
5.3820,0.4987,0.2756,0.2326,0.7500,1.7569
5.3830,0.4736,0.2594,0.2315,0.7500,1.7145
5.3840,0.4507,0.2442,0.2305,0.7500,1.6753
5.3850,0.4298,0.2302,0.2294,0.7500,1.6394
5.3860,0.4111,0.2172,0.2284,0.7500,1.6067
5.3870,0.3942,0.2051,0.2275,0.7500,1.5768
5.3880,0.3790,0.1938,0.2266,0.7500,1.5494
5.3890,0.3651,0.1832,0.2258,0.7500,1.5241
5.3900,0.3524,0.1730,0.2250,0.7500,1.5004
5.3910,0.3404,0.1631,0.2243,0.7500,1.4778
5.3920,0.3289,0.1533,0.2236,0.7500,1.4557
5.3930,0.3175,0.1434,0.2229,0.7500,1.4338
5.3940,0.3060,0.1333,0.2223,0.7500,1.4116
5.3950,0.2942,0.1229,0.2216,0.7500,1.3887
5.3960,0.2820,0.1121,0.2210,0.7500,1.3650
5.3970,0.2690,0.1009,0.2203,0.7500,1.3402
5.3980,0.2554,0.0893,0.2196,0.7500,1.3143
5.3990,0.2410,0.0774,0.2189,0.7500,1.2874
5.4000,0.2259,0.0653,0.2182,0.7500,1.2594
5.4010,0.5059,0.2944,0.2374,0.7500,1.7878
5.4020,0.4770,0.2771,0.2362,0.7500,1.7404
5.4030,0.4503,0.2608,0.2350,0.7500,1.6962
5.4040,0.4257,0.2456,0.2339,0.7500,1.6553
5.4050,0.4034,0.2315,0.2328,0.7500,1.6177
5.4060,0.3830,0.2185,0.2317,0.7500,1.5832
5.4070,0.3646,0.2063,0.2307,0.7500,1.5517
5.4080,0.3478,0.1950,0.2298,0.7500,1.5225
5.4090,0.3322,0.1843,0.2289,0.7500,1.4954
5.4100,0.3177,0.1740,0.2281,0.7500,1.4698
5.4110,0.3039,0.1640,0.2273,0.7500,1.4452
5.4120,0.2905,0.1540,0.2265,0.7500,1.4210
5.4130,0.2771,0.1440,0.2258,0.7500,1.3969
5.4140,0.2636,0.1338,0.2251,0.7500,1.3725
5.4150,0.2497,0.1232,0.2244,0.7500,1.3474
5.4160,0.2353,0.1123,0.2238,0.7500,1.3213
5.4170,0.2202,0.1009,0.2231,0.7500,1.2942
5.4180,0.2044,0.0892,0.2224,0.7500,1.2660
5.4190,0.1880,0.0771,0.2216,0.7500,1.2367
5.4200,0.1709,0.0647,0.2209,0.7500,1.2065
5.4210,0.4421,0.2933,0.2351,0.7500,1.7205
5.4220,0.4137,0.2757,0.2339,0.7500,1.6734
5.4230,0.3873,0.2592,0.2328,0.7500,1.6293
5.4240,0.3627,0.2438,0.2317,0.7500,1.5882
5.4250,0.3402,0.2295,0.2306,0.7500,1.5503
5.4260,0.3195,0.2162,0.2295,0.7500,1.5152
5.4270,0.3004,0.2038,0.2285,0.7500,1.4827
5.4280,0.2827,0.1922,0.2275,0.7500,1.4524
5.4290,0.2662,0.1812,0.2266,0.7500,1.4240
5.4300,0.2506,0.1706,0.2257,0.7500,1.3969
5.4310,0.2355,0.1603,0.2248,0.7500,1.3706
5.4320,0.2207,0.1500,0.2240,0.7500,1.3447
5.4330,0.2059,0.1397,0.2232,0.7500,1.3188
5.4340,0.1910,0.1291,0.2225,0.7500,1.2925
5.4350,0.1757,0.1181,0.2217,0.7500,1.2655
5.4360,0.1599,0.1068,0.2210,0.7500,1.2377
5.4370,0.1435,0.0951,0.2203,0.7500,1.2088
5.4380,0.1266,0.0829,0.2196,0.7500,1.1790
5.4390,0.1091,0.0704,0.2188,0.7500,1.1483
5.4400,0.0910,0.0576,0.2181,0.7500,1.1168
5.4410,0.3675,0.2852,0.2373,0.7500,1.6399
5.4420,0.3409,0.2675,0.2361,0.7500,1.5945
5.4430,0.3161,0.2508,0.2350,0.7500,1.5518
5.4440,0.2931,0.2351,0.2339,0.7500,1.5121
5.4450,0.2718,0.2205,0.2329,0.7500,1.4752
5.4460,0.2521,0.2070,0.2319,0.7500,1.4409
5.4470,0.2338,0.1943,0.2310,0.7500,1.4091
5.4480,0.2168,0.1824,0.2301,0.7500,1.3793
5.4490,0.2007,0.1711,0.2293,0.7500,1.3511
5.4500,0.1853,0.1601,0.2285,0.7500,1.3240
5.4510,0.1704,0.1494,0.2277,0.7500,1.2976
5.4520,0.1557,0.1388,0.2270,0.7500,1.2714
5.4530,0.1409,0.1280,0.2263,0.7500,1.2452
5.4540,0.1259,0.1170,0.2255,0.7500,1.2184
5.4550,0.1106,0.1056,0.2248,0.7500,1.1910
5.4560,0.0948,0.0938,0.2241,0.7500,1.1627
5.4570,0.0785,0.0816,0.2233,0.7500,1.1334
5.4580,0.0616,0.0690,0.2225,0.7500,1.1032
5.4590,0.0443,0.0561,0.2217,0.7500,1.0721
5.4600,0.0267,0.0429,0.2209,0.7500,1.0404
5.4610,0.3049,0.2698,0.2399,0.7500,1.5647
5.4620,0.2813,0.2521,0.2386,0.7500,1.5221
5.4630,0.2592,0.2354,0.2373,0.7500,1.4819
5.4640,0.2385,0.2197,0.2361,0.7500,1.4444
5.4650,0.2193,0.2051,0.2349,0.7500,1.4094
5.4660,0.2016,0.1914,0.2338,0.7500,1.3768
5.4670,0.1850,0.1786,0.2327,0.7500,1.3463
5.4680,0.1695,0.1666,0.2317,0.7500,1.3177
5.4690,0.1548,0.1550,0.2307,0.7500,1.2905
5.4700,0.1407,0.1439,0.2298,0.7500,1.2643
5.4710,0.1270,0.1329,0.2289,0.7500,1.2387
5.4720,0.1134,0.1219,0.2280,0.7500,1.2134
5.4730,0.0998,0.1108,0.2272,0.7500,1.1879
5.4740,0.0861,0.0995,0.2264,0.7500,1.1620
5.4750,0.0720,0.0878,0.2255,0.7500,1.1354
5.4760,0.0576,0.0757,0.2247,0.7500,1.1080
5.4770,0.0428,0.0632,0.2239,0.7500,1.0798
5.4780,0.0276,0.0502,0.2230,0.7500,1.0508
5.4790,0.0120,0.0370,0.2221,0.7500,1.0211
5.4800,0.0100,0.0235,0.2212,0.7500,1.0047
5.4810,0.2874,0.2506,0.2352,0.7500,1.5232
5.4820,0.2665,0.2332,0.2339,0.7500,1.4835
5.4830,0.2469,0.2167,0.2326,0.7500,1.4463
5.4840,0.2287,0.2013,0.2314,0.7500,1.4114
5.4850,0.2119,0.1869,0.2302,0.7500,1.3790
5.4860,0.1965,0.1734,0.2290,0.7500,1.3489
5.4870,0.1822,0.1607,0.2279,0.7500,1.3208
5.4880,0.1689,0.1487,0.2269,0.7500,1.2945
5.4890,0.1565,0.1372,0.2258,0.7500,1.2695
5.4900,0.1446,0.1260,0.2248,0.7500,1.2455
5.4910,0.1332,0.1150,0.2239,0.7500,1.2221
5.4920,0.1219,0.1040,0.2230,0.7500,1.1989
5.4930,0.1107,0.0928,0.2221,0.7500,1.1756
5.4940,0.0994,0.0814,0.2212,0.7500,1.1519
5.4950,0.0878,0.0696,0.2203,0.7500,1.1277
5.4960,0.0759,0.0574,0.2195,0.7500,1.1028
5.4970,0.0636,0.0448,0.2186,0.7500,1.0771
5.4980,0.0510,0.0318,0.2178,0.7500,1.0506
5.4990,0.0381,0.0186,0.2170,0.7500,1.0236
5.5000,0.0249,0.0100,0.2161,0.7500,1.0010
5.5010,0.3200,0.2329,0.2352,0.7500,1.5381
5.5020,0.3005,0.2162,0.2339,0.7500,1.5005
5.5030,0.2823,0.2006,0.2327,0.7500,1.4655
5.5040,0.2655,0.1858,0.2316,0.7500,1.4328
5.5050,0.2501,0.1717,0.2305,0.7500,1.4023
5.5060,0.2360,0.1584,0.2295,0.7500,1.3739
5.5070,0.2233,0.1457,0.2285,0.7500,1.3475
5.5080,0.2116,0.1338,0.2277,0.7500,1.3230
5.5090,0.2009,0.1223,0.2268,0.7500,1.3000
5.5100,0.1909,0.1112,0.2260,0.7500,1.2782
5.5110,0.1815,0.1004,0.2252,0.7500,1.2571
5.5120,0.1724,0.0895,0.2245,0.7500,1.2363
5.5130,0.1634,0.0785,0.2237,0.7500,1.2156
5.5140,0.1544,0.0673,0.2230,0.7500,1.1946
5.5150,0.1452,0.0558,0.2222,0.7500,1.1732
5.5160,0.1357,0.0439,0.2215,0.7500,1.1510
5.5170,0.1258,0.0316,0.2207,0.7500,1.1281
5.5180,0.1156,0.0190,0.2198,0.7500,1.1044
5.5190,0.1050,0.0100,0.2190,0.7500,1.0840
5.5200,0.0940,0.0100,0.2181,0.7500,1.0721
5.5210,0.3964,0.2213,0.2322,0.7500,1.5999
5.5220,0.3760,0.2055,0.2310,0.7500,1.5626
5.5230,0.3571,0.1907,0.2298,0.7500,1.5276
5.5240,0.3398,0.1765,0.2287,0.7500,1.4950
5.5250,0.3241,0.1630,0.2276,0.7500,1.4648
5.5260,0.3100,0.1501,0.2266,0.7500,1.4367
5.5270,0.2974,0.1377,0.2256,0.7500,1.4108
5.5280,0.2862,0.1260,0.2247,0.7500,1.3869
5.5290,0.2760,0.1147,0.2239,0.7500,1.3646
5.5300,0.2668,0.1038,0.2230,0.7500,1.3437
5.5310,0.2582,0.0931,0.2222,0.7500,1.3236
5.5320,0.2501,0.0824,0.2215,0.7500,1.3039
5.5330,0.2421,0.0715,0.2208,0.7500,1.2844
5.5340,0.2340,0.0605,0.2201,0.7500,1.2646
5.5350,0.2257,0.0491,0.2193,0.7500,1.2442
5.5360,0.2171,0.0375,0.2186,0.7500,1.2232
5.5370,0.2079,0.0254,0.2179,0.7500,1.2013
5.5380,0.1982,0.0131,0.2172,0.7500,1.1785
5.5390,0.1879,0.0100,0.2165,0.7500,1.1644
5.5400,0.1770,0.0100,0.2158,0.7500,1.1528
5.5410,0.4709,0.2165,0.2350,0.7500,1.6724
5.5420,0.4478,0.2013,0.2339,0.7500,1.6329
5.5430,0.4263,0.1869,0.2328,0.7500,1.5960
5.5440,0.4067,0.1731,0.2318,0.7500,1.5615
5.5450,0.3889,0.1600,0.2308,0.7500,1.5297
5.5460,0.3729,0.1474,0.2299,0.7500,1.5002
5.5470,0.3587,0.1353,0.2291,0.7500,1.4730
5.5480,0.3460,0.1237,0.2283,0.7500,1.4479
5.5490,0.3345,0.1126,0.2275,0.7500,1.4247
5.5500,0.3240,0.1019,0.2268,0.7500,1.4027
5.5510,0.3143,0.0913,0.2262,0.7500,1.3817
5.5520,0.3050,0.0807,0.2255,0.7500,1.3612
5.5530,0.2958,0.0700,0.2248,0.7500,1.3406
5.5540,0.2866,0.0591,0.2241,0.7500,1.3198
5.5550,0.2770,0.0479,0.2234,0.7500,1.2984
5.5560,0.2670,0.0363,0.2227,0.7500,1.2761
5.5570,0.2564,0.0244,0.2220,0.7500,1.2528
5.5580,0.2451,0.0122,0.2212,0.7500,1.2285
5.5590,0.2331,0.0100,0.2204,0.7500,1.2135
5.5600,0.2204,0.0100,0.2196,0.7500,1.2000
5.5610,0.5099,0.2161,0.2387,0.7500,1.7147
5.5620,0.4832,0.2010,0.2374,0.7500,1.6716
5.5630,0.4586,0.1866,0.2362,0.7500,1.6314
5.5640,0.4361,0.1729,0.2350,0.7500,1.5940
5.5650,0.4157,0.1597,0.2339,0.7500,1.5594
5.5660,0.3973,0.1472,0.2329,0.7500,1.5274
5.5670,0.3808,0.1350,0.2319,0.7500,1.4978
5.5680,0.3660,0.1234,0.2310,0.7500,1.4703
5.5690,0.3525,0.1123,0.2301,0.7500,1.4448
5.5700,0.3400,0.1014,0.2293,0.7500,1.4207
5.5710,0.3282,0.0908,0.2285,0.7500,1.3975
5.5720,0.3168,0.0802,0.2277,0.7500,1.3747
5.5730,0.3055,0.0694,0.2269,0.7500,1.3519
5.5740,0.2941,0.0584,0.2262,0.7500,1.3287
5.5750,0.2823,0.0472,0.2254,0.7500,1.3048
5.5760,0.2699,0.0355,0.2245,0.7500,1.2800
5.5770,0.2568,0.0236,0.2237,0.7500,1.2540
5.5780,0.2430,0.0112,0.2228,0.7500,1.2270
5.5790,0.2284,0.0100,0.2219,0.7500,1.2103
5.5800,0.2131,0.0100,0.2210,0.7500,1.1941
5.5810,0.4894,0.2144,0.2349,0.7500,1.6887
5.5820,0.4610,0.1992,0.2337,0.7500,1.6439
5.5830,0.4347,0.1848,0.2324,0.7500,1.6018
5.5840,0.4104,0.1709,0.2312,0.7500,1.5626
5.5850,0.3883,0.1577,0.2301,0.7500,1.5260
5.5860,0.3681,0.1450,0.2290,0.7500,1.4920
5.5870,0.3497,0.1327,0.2279,0.7500,1.4604
5.5880,0.3329,0.1209,0.2269,0.7500,1.4307
5.5890,0.3174,0.1095,0.2259,0.7500,1.4029
5.5900,0.3028,0.0985,0.2250,0.7500,1.3763
5.5910,0.2889,0.0876,0.2241,0.7500,1.3506
5.5920,0.2753,0.0767,0.2232,0.7500,1.3252
5.5930,0.2618,0.0657,0.2224,0.7500,1.2998
5.5940,0.2481,0.0545,0.2215,0.7500,1.2740
5.5950,0.2340,0.0429,0.2207,0.7500,1.2476
5.5960,0.2193,0.0310,0.2198,0.7500,1.2202
5.5970,0.2041,0.0188,0.2190,0.7500,1.1918
5.5980,0.1882,0.0100,0.2181,0.7500,1.1663
5.5990,0.1716,0.0100,0.2172,0.7500,1.1488
5.6000,0.1544,0.0100,0.2164,0.7500,1.1308
5.6010,0.4304,0.2080,0.2354,0.7500,1.6239
5.6020,0.4023,0.1928,0.2342,0.7500,1.5793
5.6030,0.3761,0.1783,0.2330,0.7500,1.5374
5.6040,0.3520,0.1644,0.2318,0.7500,1.4982
5.6050,0.3298,0.1510,0.2308,0.7500,1.4616
5.6060,0.3095,0.1381,0.2298,0.7500,1.4274
5.6070,0.2908,0.1257,0.2288,0.7500,1.3953
5.6080,0.2736,0.1135,0.2280,0.7500,1.3651
5.6090,0.2574,0.1017,0.2272,0.7500,1.3363
5.6100,0.2422,0.0903,0.2264,0.7500,1.3088
5.6110,0.2274,0.0790,0.2256,0.7500,1.2820
5.6120,0.2129,0.0677,0.2249,0.7500,1.2555
5.6130,0.1984,0.0564,0.2242,0.7500,1.2290
5.6140,0.1837,0.0449,0.2234,0.7500,1.2020
5.6150,0.1686,0.0330,0.2227,0.7500,1.1742
5.6160,0.1529,0.0209,0.2219,0.7500,1.1457
5.6170,0.1367,0.0100,0.2210,0.7500,1.1177
5.6180,0.1199,0.0100,0.2202,0.7500,1.1001
5.6190,0.1025,0.0100,0.2193,0.7500,1.0818
5.6200,0.0847,0.0100,0.2184,0.7500,1.0631
5.6210,0.3584,0.1956,0.2374,0.7500,1.5415
5.6220,0.3326,0.1806,0.2361,0.7500,1.4993
5.6230,0.3084,0.1663,0.2348,0.7500,1.4595
5.6240,0.2860,0.1524,0.2336,0.7500,1.4220
5.6250,0.2653,0.1390,0.2324,0.7500,1.3867
5.6260,0.2461,0.1261,0.2313,0.7500,1.3535
5.6270,0.2285,0.1134,0.2303,0.7500,1.3222
5.6280,0.2120,0.1011,0.2293,0.7500,1.2924
5.6290,0.1964,0.0890,0.2284,0.7500,1.2638
5.6300,0.1816,0.0770,0.2275,0.7500,1.2362
5.6310,0.1672,0.0652,0.2267,0.7500,1.2092
5.6320,0.1531,0.0535,0.2259,0.7500,1.1825
5.6330,0.1389,0.0417,0.2252,0.7500,1.1557
5.6340,0.1245,0.0297,0.2244,0.7500,1.1286
5.6350,0.1098,0.0175,0.2236,0.7500,1.1009
5.6360,0.0946,0.0100,0.2228,0.7500,1.0774
5.6370,0.0790,0.0100,0.2220,0.7500,1.0609
5.6380,0.0629,0.0100,0.2211,0.7500,1.0440
5.6390,0.0463,0.0100,0.2202,0.7500,1.0266
5.6400,0.0295,0.0100,0.2193,0.7500,1.0089
5.6410,0.3151,0.1776,0.2334,0.7500,1.4760
5.6420,0.2920,0.1630,0.2321,0.7500,1.4372
5.6430,0.2705,0.1489,0.2309,0.7500,1.4004
5.6440,0.2506,0.1353,0.2298,0.7500,1.3657
5.6450,0.2323,0.1220,0.2286,0.7500,1.3329
5.6460,0.2154,0.1090,0.2275,0.7500,1.3020
5.6470,0.1999,0.0963,0.2265,0.7500,1.2726
5.6480,0.1854,0.0837,0.2255,0.7500,1.2446
5.6490,0.1718,0.0713,0.2245,0.7500,1.2177
5.6500,0.1589,0.0589,0.2236,0.7500,1.1915
5.6510,0.1465,0.0466,0.2227,0.7500,1.1657
5.6520,0.1342,0.0342,0.2218,0.7500,1.1402
5.6530,0.1219,0.0217,0.2210,0.7500,1.1146
5.6540,0.1095,0.0100,0.2201,0.7500,1.0896
5.6550,0.0968,0.0100,0.2193,0.7500,1.0761
5.6560,0.0837,0.0100,0.2185,0.7500,1.0622
5.6570,0.0702,0.0100,0.2177,0.7500,1.0479
5.6580,0.0562,0.0100,0.2169,0.7500,1.0332
5.6590,0.0420,0.0100,0.2161,0.7500,1.0181
5.6600,0.0275,0.0100,0.2153,0.7500,1.0028
5.6610,0.3225,0.1548,0.2344,0.7500,1.4617
5.6620,0.3016,0.1403,0.2332,0.7500,1.4250
5.6630,0.2822,0.1261,0.2320,0.7500,1.3902
5.6640,0.2642,0.1122,0.2309,0.7500,1.3573
5.6650,0.2479,0.0985,0.2298,0.7500,1.3262
5.6660,0.2329,0.0851,0.2288,0.7500,1.2968
5.6670,0.2193,0.0717,0.2278,0.7500,1.2688
5.6680,0.2069,0.0584,0.2269,0.7500,1.2422
5.6690,0.1954,0.0450,0.2261,0.7500,1.2165
5.6700,0.1846,0.0316,0.2252,0.7500,1.1914
5.6710,0.1744,0.0180,0.2244,0.7500,1.1668
5.6720,0.1644,0.0100,0.2236,0.7500,1.1481
5.6730,0.1546,0.0100,0.2228,0.7500,1.1374
5.6740,0.1446,0.0100,0.2220,0.7500,1.1266
5.6750,0.1344,0.0100,0.2212,0.7500,1.1156
5.6760,0.1239,0.0100,0.2203,0.7500,1.1042
5.6770,0.1130,0.0100,0.2195,0.7500,1.0924
5.6780,0.1016,0.0100,0.2186,0.7500,1.0802
5.6790,0.0899,0.0100,0.2176,0.7500,1.0675
5.6800,0.0778,0.0100,0.2167,0.7500,1.0545
5.6810,0.3736,0.1196,0.2356,0.7500,1.4788
5.6820,0.3532,0.1040,0.2342,0.7500,1.4414
5.6830,0.3342,0.0885,0.2328,0.7500,1.4056
5.6840,0.3168,0.0732,0.2315,0.7500,1.3715
5.6850,0.3010,0.0579,0.2302,0.7500,1.3392
5.6860,0.2867,0.0426,0.2290,0.7500,1.3083
5.6870,0.2739,0.0271,0.2278,0.7500,1.2789
5.6880,0.2623,0.0114,0.2267,0.7500,1.2505
5.6890,0.2518,0.0100,0.2257,0.7500,1.2375
5.6900,0.2422,0.0100,0.2246,0.7500,1.2268
5.6910,0.2331,0.0100,0.2236,0.7500,1.2167
5.6920,0.2244,0.0100,0.2226,0.7500,1.2070
5.6930,0.2158,0.0100,0.2217,0.7500,1.1975
5.6940,0.2071,0.0100,0.2208,0.7500,1.1879
5.6950,0.1982,0.0100,0.2200,0.7500,1.1781
5.6960,0.1889,0.0100,0.2192,0.7500,1.1681
5.6970,0.1791,0.0100,0.2186,0.7500,1.1577
5.6980,0.1688,0.0100,0.2180,0.7500,1.1468
5.6990,0.1580,0.0141,0.2175,0.7500,1.1396
5.7000,0.1466,0.0284,0.2171,0.7500,1.1421
5.7010,0.4452,0.0654,0.2317,0.7500,1.4922
5.7020,0.4225,0.0543,0.2310,0.7500,1.4579
5.7030,0.4015,0.0443,0.2305,0.7500,1.4263
5.7040,0.3823,0.0351,0.2300,0.7500,1.3974
5.7050,0.3650,0.0263,0.2295,0.7500,1.3709
5.7060,0.3495,0.0178,0.2291,0.7500,1.3464
5.7070,0.3357,0.0100,0.2287,0.7500,1.3244
5.7080,0.3234,0.0100,0.2282,0.7500,1.3116
5.7090,0.3123,0.0100,0.2277,0.7500,1.3000
5.7100,0.3021,0.0100,0.2272,0.7500,1.2893
5.7110,0.2926,0.0100,0.2267,0.7500,1.2793
5.7120,0.2835,0.0100,0.2261,0.7500,1.2696
5.7130,0.2744,0.0100,0.2255,0.7500,1.2599
5.7140,0.2653,0.0100,0.2249,0.7500,1.2501
5.7150,0.2558,0.0100,0.2242,0.7500,1.2400
5.7160,0.2457,0.0100,0.2235,0.7500,1.2292
5.7170,0.2351,0.0100,0.2228,0.7500,1.2179
5.7180,0.2237,0.0100,0.2221,0.7500,1.2058
5.7190,0.2117,0.0100,0.2213,0.7500,1.1930
5.7200,0.1989,0.0100,0.2205,0.7500,1.1795
5.7210,0.4857,0.0982,0.2397,0.7500,1.5736
5.7220,0.4601,0.0868,0.2384,0.7500,1.5353
5.7230,0.4363,0.0755,0.2373,0.7500,1.4990
5.7240,0.4145,0.0641,0.2361,0.7500,1.4648
5.7250,0.3947,0.0527,0.2351,0.7500,1.4325
5.7260,0.3769,0.0411,0.2341,0.7500,1.4021
5.7270,0.3608,0.0294,0.2331,0.7500,1.3734
5.7280,0.3463,0.0175,0.2322,0.7500,1.3461
5.7290,0.3331,0.0100,0.2313,0.7500,1.3244
5.7300,0.3208,0.0100,0.2305,0.7500,1.3113
5.7310,0.3092,0.0100,0.2296,0.7500,1.2988
5.7320,0.2980,0.0100,0.2287,0.7500,1.2867
5.7330,0.2868,0.0100,0.2278,0.7500,1.2746
5.7340,0.2755,0.0100,0.2268,0.7500,1.2623
5.7350,0.2637,0.0100,0.2258,0.7500,1.2495
5.7360,0.2514,0.0100,0.2247,0.7500,1.2361
5.7370,0.2384,0.0100,0.2236,0.7500,1.2220
5.7380,0.2248,0.0100,0.2224,0.7500,1.2072
5.7390,0.2104,0.0100,0.2213,0.7500,1.1916
5.7400,0.1953,0.0100,0.2202,0.7500,1.1755
5.7410,0.4776,0.0918,0.2340,0.7500,1.5535
5.7420,0.4497,0.0783,0.2327,0.7500,1.5107
5.7430,0.4239,0.0656,0.2315,0.7500,1.4710
5.7440,0.4003,0.0538,0.2304,0.7500,1.4345
5.7450,0.3787,0.0427,0.2295,0.7500,1.4009
5.7460,0.3592,0.0323,0.2286,0.7500,1.3700
5.7470,0.3414,0.0223,0.2278,0.7500,1.3415
5.7480,0.3252,0.0126,0.2271,0.7500,1.3150
5.7490,0.3103,0.0100,0.2265,0.7500,1.2968
5.7500,0.2963,0.0100,0.2259,0.7500,1.2821
5.7510,0.2829,0.0100,0.2253,0.7500,1.2681
5.7520,0.2698,0.0100,0.2247,0.7500,1.2544
5.7530,0.2567,0.0100,0.2240,0.7500,1.2407
5.7540,0.2434,0.0100,0.2233,0.7500,1.2267
5.7550,0.2297,0.0100,0.2226,0.7500,1.2122
5.7560,0.2154,0.0100,0.2218,0.7500,1.1971
5.7570,0.2004,0.0100,0.2209,0.7500,1.1813
5.7580,0.1847,0.0100,0.2201,0.7500,1.1648
5.7590,0.1684,0.0100,0.2191,0.7500,1.1476
5.7600,0.1515,0.0100,0.2182,0.7500,1.1297
5.7610,0.4250,0.1088,0.2371,0.7500,1.5209
5.7620,0.3975,0.0966,0.2357,0.7500,1.4798
5.7630,0.3719,0.0845,0.2343,0.7500,1.4406
5.7640,0.3483,0.0723,0.2329,0.7500,1.4035
5.7650,0.3266,0.0602,0.2316,0.7500,1.3684
5.7660,0.3068,0.0481,0.2304,0.7500,1.3352
5.7670,0.2886,0.0359,0.2292,0.7500,1.3037
5.7680,0.2718,0.0238,0.2281,0.7500,1.2737
5.7690,0.2562,0.0116,0.2271,0.7500,1.2448
5.7700,0.2413,0.0100,0.2261,0.7500,1.2275
5.7710,0.2270,0.0100,0.2252,0.7500,1.2122
5.7720,0.2130,0.0100,0.2244,0.7500,1.1973
5.7730,0.1989,0.0100,0.2235,0.7500,1.1825
5.7740,0.1846,0.0100,0.2228,0.7500,1.1674
5.7750,0.1700,0.0100,0.2220,0.7500,1.1519
5.7760,0.1548,0.0100,0.2212,0.7500,1.1360
5.7770,0.1390,0.0100,0.2205,0.7500,1.1195
5.7780,0.1227,0.0100,0.2197,0.7500,1.1025
5.7790,0.1059,0.0100,0.2190,0.7500,1.0849
5.7800,0.0886,0.0100,0.2182,0.7500,1.0668
5.7810,0.3685,0.1002,0.2374,0.7500,1.4561
5.7820,0.3429,0.0882,0.2362,0.7500,1.4172
5.7830,0.3190,0.0766,0.2351,0.7500,1.3806
5.7840,0.2970,0.0653,0.2339,0.7500,1.3462
5.7850,0.2768,0.0542,0.2328,0.7500,1.3138
5.7860,0.2583,0.0431,0.2317,0.7500,1.2831
5.7870,0.2413,0.0319,0.2306,0.7500,1.2539
5.7880,0.2256,0.0205,0.2296,0.7500,1.2256
5.7890,0.2109,0.0100,0.2284,0.7500,1.1993
5.7900,0.1969,0.0100,0.2273,0.7500,1.1842
5.7910,0.1834,0.0100,0.2262,0.7500,1.1695
5.7920,0.1701,0.0100,0.2250,0.7500,1.1551
5.7930,0.1568,0.0100,0.2238,0.7500,1.1405
5.7940,0.1432,0.0100,0.2225,0.7500,1.1258
5.7950,0.1293,0.0100,0.2213,0.7500,1.1106
5.7960,0.1150,0.0100,0.2200,0.7500,1.0949
5.7970,0.1001,0.0100,0.2187,0.7500,1.0788
5.7980,0.0847,0.0100,0.2174,0.7500,1.0622
5.7990,0.0690,0.0100,0.2162,0.7500,1.0451
5.8000,0.0528,0.0100,0.2150,0.7500,1.0278
5.8010,0.3359,0.0845,0.2287,0.7500,1.3991
5.8020,0.3128,0.0707,0.2273,0.7500,1.3608
5.8030,0.2914,0.0573,0.2260,0.7500,1.3248
5.8040,0.2717,0.0444,0.2248,0.7500,1.2909
5.8050,0.2536,0.0318,0.2237,0.7500,1.2591
5.8060,0.2370,0.0195,0.2227,0.7500,1.2291
5.8070,0.2218,0.0100,0.2217,0.7500,1.2035
5.8080,0.2078,0.0100,0.2208,0.7500,1.1886
5.8090,0.1948,0.0100,0.2199,0.7500,1.1747
5.8100,0.1826,0.0100,0.2190,0.7500,1.1616
5.8110,0.1708,0.0100,0.2182,0.7500,1.1489
5.8120,0.1592,0.0100,0.2173,0.7500,1.1365
5.8130,0.1477,0.0100,0.2164,0.7500,1.1241
5.8140,0.1361,0.0100,0.2155,0.7500,1.1115
5.8150,0.1241,0.0100,0.2145,0.7500,1.0986
5.8160,0.1118,0.0100,0.2135,0.7500,1.0853
5.8170,0.0991,0.0100,0.2125,0.7500,1.0716
5.8180,0.0860,0.0100,0.2114,0.7500,1.0574
5.8190,0.0724,0.0261,0.2103,0.7500,1.0588
5.8200,0.0586,0.0433,0.2093,0.7500,1.0612
5.8210,0.3540,0.0518,0.2281,0.7500,1.3840
5.8220,0.3327,0.0378,0.2267,0.7500,1.3472
5.8230,0.3129,0.0240,0.2253,0.7500,1.3122
5.8240,0.2947,0.0103,0.2240,0.7500,1.2790
5.8250,0.2783,0.0100,0.2228,0.7500,1.2611
5.8260,0.2634,0.0100,0.2217,0.7500,1.2451
5.8270,0.2499,0.0100,0.2207,0.7500,1.2306
5.8280,0.2377,0.0100,0.2198,0.7500,1.2175
5.8290,0.2265,0.0100,0.2190,0.7500,1.2055
5.8300,0.2162,0.0100,0.2182,0.7500,1.1944
5.8310,0.2063,0.0100,0.2175,0.7500,1.1838
5.8320,0.1968,0.0100,0.2168,0.7500,1.1736
5.8330,0.1873,0.0100,0.2161,0.7500,1.1634
5.8340,0.1777,0.0100,0.2155,0.7500,1.1532
5.8350,0.1678,0.0161,0.2148,0.7500,1.1487
5.8360,0.1575,0.0340,0.2141,0.7500,1.1557
5.8370,0.1467,0.0520,0.2134,0.7500,1.1621
5.8380,0.1354,0.0698,0.2127,0.7500,1.1679
5.8390,0.1237,0.0874,0.2119,0.7500,1.1730
5.8400,0.1116,0.1048,0.2111,0.7500,1.1775
5.8410,0.4054,0.0100,0.2303,0.7500,1.3957
5.8420,0.3837,0.0100,0.2290,0.7500,1.3727
5.8430,0.3635,0.0100,0.2279,0.7500,1.3513
5.8440,0.3450,0.0100,0.2267,0.7500,1.3318
5.8450,0.3283,0.0100,0.2257,0.7500,1.3140
5.8460,0.3133,0.0100,0.2247,0.7500,1.2980
5.8470,0.2998,0.0100,0.2238,0.7500,1.2837
5.8480,0.2877,0.0100,0.2230,0.7500,1.2708
5.8490,0.2768,0.0100,0.2223,0.7500,1.2590
5.8500,0.2667,0.0100,0.2215,0.7500,1.2482
5.8510,0.2572,0.0105,0.2208,0.7500,1.2385
5.8520,0.2480,0.0287,0.2202,0.7500,1.2469
5.8530,0.2390,0.0468,0.2195,0.7500,1.2553
5.8540,0.2297,0.0650,0.2188,0.7500,1.2635
5.8550,0.2202,0.0829,0.2181,0.7500,1.2712
5.8560,0.2101,0.1007,0.2174,0.7500,1.2782
5.8570,0.1995,0.1181,0.2166,0.7500,1.2843
5.8580,0.1883,0.1353,0.2158,0.7500,1.2894
5.8590,0.1765,0.1521,0.2150,0.7500,1.2936
5.8600,0.1642,0.1685,0.2143,0.7500,1.2969
5.8610,0.4584,0.0100,0.2285,0.7500,1.4469
5.8620,0.4341,0.0100,0.2274,0.7500,1.4215
5.8630,0.4116,0.0100,0.2265,0.7500,1.3981
5.8640,0.3911,0.0100,0.2257,0.7500,1.3768
5.8650,0.3725,0.0100,0.2249,0.7500,1.3575
5.8660,0.3558,0.0100,0.2243,0.7500,1.3401
5.8670,0.3409,0.0102,0.2237,0.7500,1.3248
5.8680,0.3274,0.0272,0.2233,0.7500,1.3279
5.8690,0.3152,0.0442,0.2228,0.7500,1.3323
5.8700,0.3039,0.0611,0.2224,0.7500,1.3375
5.8710,0.2933,0.0779,0.2220,0.7500,1.3432
5.8720,0.2829,0.0945,0.2216,0.7500,1.3489
5.8730,0.2726,0.1107,0.2211,0.7500,1.3544
5.8740,0.2620,0.1267,0.2206,0.7500,1.3593
5.8750,0.2510,0.1422,0.2201,0.7500,1.3634
5.8760,0.2394,0.1575,0.2195,0.7500,1.3664
5.8770,0.2272,0.1723,0.2189,0.7500,1.3684
5.8780,0.2142,0.1869,0.2183,0.7500,1.3693
5.8790,0.2005,0.2011,0.2176,0.7500,1.3692
5.8800,0.1861,0.2150,0.2170,0.7500,1.3681
5.8810,0.4679,0.0100,0.2364,0.7500,1.4643
5.8820,0.4412,0.0100,0.2355,0.7500,1.4368
5.8830,0.4165,0.0100,0.2347,0.7500,1.4112
5.8840,0.3939,0.0100,0.2340,0.7500,1.3879
5.8850,0.3733,0.0147,0.2334,0.7500,1.3714
5.8860,0.3546,0.0295,0.2330,0.7500,1.3670
5.8870,0.3377,0.0442,0.2326,0.7500,1.3644
5.8880,0.3223,0.0587,0.2323,0.7500,1.3633
5.8890,0.3081,0.0730,0.2321,0.7500,1.3633
5.8900,0.2949,0.0871,0.2319,0.7500,1.3640
5.8910,0.2822,0.1010,0.2318,0.7500,1.3650
5.8920,0.2699,0.1145,0.2315,0.7500,1.3659
5.8930,0.2575,0.1277,0.2313,0.7500,1.3665
5.8940,0.2450,0.1406,0.2309,0.7500,1.3665
5.8950,0.2319,0.1533,0.2304,0.7500,1.3656
5.8960,0.2183,0.1656,0.2298,0.7500,1.3638
5.8970,0.2041,0.1777,0.2291,0.7500,1.3609
5.8980,0.1892,0.1896,0.2284,0.7500,1.3571
5.8990,0.1736,0.2013,0.2276,0.7500,1.3525
5.9000,0.1574,0.2128,0.2268,0.7500,1.3470
5.9010,0.4377,0.0100,0.2460,0.7500,1.4438
5.9020,0.4104,0.0100,0.2449,0.7500,1.4153
5.9030,0.3851,0.0100,0.2438,0.7500,1.3889
5.9040,0.3618,0.0100,0.2429,0.7500,1.3647
5.9050,0.3406,0.0100,0.2421,0.7500,1.3427
5.9060,0.3213,0.0177,0.2414,0.7500,1.3305
5.9070,0.3038,0.0301,0.2408,0.7500,1.3247
5.9080,0.2877,0.0425,0.2404,0.7500,1.3205
5.9090,0.2727,0.0547,0.2400,0.7500,1.3174
5.9100,0.2587,0.0669,0.2396,0.7500,1.3151
5.9110,0.2451,0.0789,0.2392,0.7500,1.3132
5.9120,0.2318,0.0908,0.2387,0.7500,1.3113
5.9130,0.2185,0.1025,0.2381,0.7500,1.3092
5.9140,0.2049,0.1141,0.2374,0.7500,1.3065
5.9150,0.1909,0.1256,0.2366,0.7500,1.3031
5.9160,0.1763,0.1370,0.2356,0.7500,1.2989
5.9170,0.1611,0.1482,0.2345,0.7500,1.2938
5.9180,0.1453,0.1594,0.2332,0.7500,1.2879
5.9190,0.1289,0.1704,0.2319,0.7500,1.2812
5.9200,0.1120,0.1814,0.2305,0.7500,1.2739
5.9210,0.3883,0.0100,0.2440,0.7500,1.3923
5.9220,0.3624,0.0100,0.2423,0.7500,1.3647
5.9230,0.3383,0.0100,0.2408,0.7500,1.3391
5.9240,0.3162,0.0100,0.2393,0.7500,1.3155
5.9250,0.2959,0.0100,0.2380,0.7500,1.2939
5.9260,0.2773,0.0100,0.2369,0.7500,1.2742
5.9270,0.2604,0.0100,0.2358,0.7500,1.2562
5.9280,0.2448,0.0100,0.2349,0.7500,1.2397
5.9290,0.2302,0.0173,0.2340,0.7500,1.2316
5.9300,0.2165,0.0293,0.2332,0.7500,1.2290
5.9310,0.2032,0.0414,0.2324,0.7500,1.2270
5.9320,0.1902,0.0536,0.2316,0.7500,1.2253
5.9330,0.1771,0.0657,0.2306,0.7500,1.2235
5.9340,0.1639,0.0779,0.2296,0.7500,1.2214
5.9350,0.1502,0.0901,0.2284,0.7500,1.2187
5.9360,0.1361,0.1023,0.2271,0.7500,1.2155
5.9370,0.1215,0.1145,0.2256,0.7500,1.2116
5.9380,0.1064,0.1266,0.2239,0.7500,1.2069
5.9390,0.0908,0.1387,0.2222,0.7500,1.2017
5.9400,0.0748,0.1508,0.2204,0.7500,1.1960
5.9410,0.3614,0.0100,0.2384,0.7500,1.3598
5.9420,0.3375,0.0100,0.2362,0.7500,1.3337
5.9430,0.3155,0.0100,0.2341,0.7500,1.3096
5.9440,0.2952,0.0100,0.2321,0.7500,1.2874
5.9450,0.2767,0.0100,0.2303,0.7500,1.2671
5.9460,0.2600,0.0100,0.2287,0.7500,1.2487
5.9470,0.2447,0.0100,0.2272,0.7500,1.2319
5.9480,0.2307,0.0100,0.2259,0.7500,1.2166
5.9490,0.2178,0.0100,0.2246,0.7500,1.2024
5.9500,0.2056,0.0100,0.2235,0.7500,1.1891
5.9510,0.1939,0.0204,0.2224,0.7500,1.1867
5.9520,0.1825,0.0341,0.2213,0.7500,1.1880
5.9530,0.1710,0.0480,0.2202,0.7500,1.1893
5.9540,0.1594,0.0620,0.2190,0.7500,1.1904
5.9550,0.1474,0.0760,0.2177,0.7500,1.1911
5.9560,0.1350,0.0900,0.2163,0.7500,1.1913
5.9570,0.1221,0.1039,0.2147,0.7500,1.1908
5.9580,0.1087,0.1179,0.2131,0.7500,1.1896
5.9590,0.0949,0.1317,0.2113,0.7500,1.1878
5.9600,0.0807,0.1454,0.2094,0.7500,1.1856
5.9610,0.3695,0.0100,0.2275,0.7500,1.3570
5.9620,0.3472,0.0100,0.2252,0.7500,1.3324
5.9630,0.3266,0.0100,0.2230,0.7500,1.3096
5.9640,0.3077,0.0100,0.2210,0.7500,1.2887
5.9650,0.2906,0.0100,0.2191,0.7500,1.2697
5.9660,0.2751,0.0100,0.2174,0.7500,1.2525
5.9670,0.2611,0.0100,0.2158,0.7500,1.2369
5.9680,0.2484,0.0100,0.2143,0.7500,1.2227
5.9690,0.2368,0.0100,0.2130,0.7500,1.2098
5.9700,0.2260,0.0149,0.2117,0.7500,1.2026
5.9710,0.2158,0.0306,0.2105,0.7500,1.2068
5.9720,0.2058,0.0464,0.2094,0.7500,1.2115
5.9730,0.1959,0.0623,0.2082,0.7500,1.2164
5.9740,0.1858,0.0782,0.2070,0.7500,1.2210
5.9750,0.1754,0.0941,0.2058,0.7500,1.2252
5.9760,0.1645,0.1099,0.2045,0.7500,1.2289
5.9770,0.1532,0.1256,0.2031,0.7500,1.2318
5.9780,0.1413,0.1411,0.2017,0.7500,1.2341
5.9790,0.1290,0.1564,0.2002,0.7500,1.2356
5.9800,0.1162,0.1715,0.1988,0.7500,1.2366
5.9810,0.4121,0.0100,0.2124,0.7500,1.3845
5.9820,0.3894,0.0100,0.2108,0.7500,1.3602
5.9830,0.3684,0.0100,0.2093,0.7500,1.3377
5.9840,0.3493,0.0100,0.2080,0.7500,1.3173
5.9850,0.3320,0.0100,0.2068,0.7500,1.2988
5.9860,0.3166,0.0100,0.2057,0.7500,1.2823
5.9870,0.3027,0.0100,0.2048,0.7500,1.2675
5.9880,0.2902,0.0203,0.2040,0.7500,1.2645
5.9890,0.2789,0.0370,0.2032,0.7500,1.2692
5.9900,0.2685,0.0539,0.2025,0.7500,1.2749
5.9910,0.2586,0.0708,0.2019,0.7500,1.2812
5.9920,0.2490,0.0876,0.2012,0.7500,1.2878
5.9930,0.2395,0.1043,0.2005,0.7500,1.2943
5.9940,0.2297,0.1208,0.1998,0.7500,1.3003
5.9950,0.2195,0.1371,0.1991,0.7500,1.3057
5.9960,0.2088,0.1532,0.1983,0.7500,1.3103
5.9970,0.1974,0.1690,0.1975,0.7500,1.3139
5.9980,0.1854,0.1846,0.1967,0.7500,1.3167
5.9990,0.1728,0.2000,0.1959,0.7500,1.3187
6.0000,0.1597,0.2151,0.1952,0.7500,1.3200
6.0010,0.4519,0.0100,0.2145,0.7500,1.4264
6.0020,0.4270,0.0100,0.2135,0.7500,1.4005
6.0030,0.4040,0.0100,0.2127,0.7500,1.3767
6.0040,0.3830,0.0100,0.2120,0.7500,1.3550
6.0050,0.3640,0.0203,0.2114,0.7500,1.3458
6.0060,0.3469,0.0370,0.2110,0.7500,1.3450
6.0070,0.3316,0.0538,0.2107,0.7500,1.3461
6.0080,0.3178,0.0706,0.2104,0.7500,1.3488
6.0090,0.3052,0.0872,0.2103,0.7500,1.3527
6.0100,0.2935,0.1036,0.2101,0.7500,1.3573
6.0110,0.2824,0.1198,0.2100,0.7500,1.3623
6.0120,0.2716,0.1357,0.2099,0.7500,1.3672
6.0130,0.2608,0.1513,0.2097,0.7500,1.3718
6.0140,0.2497,0.1666,0.2094,0.7500,1.3757
6.0150,0.2382,0.1815,0.2091,0.7500,1.3788
6.0160,0.2260,0.1962,0.2087,0.7500,1.3809
6.0170,0.2132,0.2105,0.2082,0.7500,1.3820
6.0180,0.1996,0.2246,0.2078,0.7500,1.3821
6.0190,0.1854,0.2385,0.2073,0.7500,1.3812
6.0200,0.1705,0.2522,0.2068,0.7500,1.3796
6.0210,0.4514,0.0100,0.2214,0.7500,1.4328
6.0220,0.4249,0.0101,0.2208,0.7500,1.4058
6.0230,0.4004,0.0256,0.2203,0.7500,1.3963
6.0240,0.3780,0.0412,0.2200,0.7500,1.3891
6.0250,0.3575,0.0568,0.2197,0.7500,1.3840
6.0260,0.3390,0.0723,0.2196,0.7500,1.3808
6.0270,0.3222,0.0876,0.2195,0.7500,1.3793
6.0280,0.3070,0.1027,0.2195,0.7500,1.3791
6.0290,0.2929,0.1175,0.2195,0.7500,1.3798
6.0300,0.2796,0.1319,0.2195,0.7500,1.3810
6.0310,0.2670,0.1460,0.2195,0.7500,1.3824
6.0320,0.2546,0.1596,0.2195,0.7500,1.3837
6.0330,0.2421,0.1730,0.2194,0.7500,1.3845
6.0340,0.2294,0.1860,0.2192,0.7500,1.3846
6.0350,0.2163,0.1986,0.2190,0.7500,1.3839
6.0360,0.2026,0.2110,0.2187,0.7500,1.3823
6.0370,0.1882,0.2232,0.2183,0.7500,1.3797
6.0380,0.1731,0.2352,0.2179,0.7500,1.3763
6.0390,0.1575,0.2470,0.2175,0.7500,1.3721
6.0400,0.1413,0.2588,0.2172,0.7500,1.3673
6.0410,0.4228,0.0100,0.2368,0.7500,1.4197
6.0420,0.3961,0.0160,0.2362,0.7500,1.3983
6.0430,0.3714,0.0297,0.2356,0.7500,1.3867
6.0440,0.3488,0.0434,0.2352,0.7500,1.3774
6.0450,0.3282,0.0570,0.2349,0.7500,1.3702
6.0460,0.3096,0.0706,0.2347,0.7500,1.3649
6.0470,0.2926,0.0841,0.2346,0.7500,1.3612
6.0480,0.2771,0.0973,0.2345,0.7500,1.3589
6.0490,0.2627,0.1103,0.2345,0.7500,1.3575
6.0500,0.2491,0.1231,0.2344,0.7500,1.3566
6.0510,0.2361,0.1355,0.2343,0.7500,1.3559
6.0520,0.2232,0.1478,0.2341,0.7500,1.3552
6.0530,0.2104,0.1598,0.2338,0.7500,1.3539
6.0540,0.1972,0.1717,0.2332,0.7500,1.3521
6.0550,0.1836,0.1834,0.2325,0.7500,1.3495
6.0560,0.1694,0.1949,0.2316,0.7500,1.3460
6.0570,0.1546,0.2064,0.2306,0.7500,1.3416
6.0580,0.1392,0.2178,0.2295,0.7500,1.3365
6.0590,0.1233,0.2292,0.2283,0.7500,1.3307
6.0600,0.1069,0.2405,0.2271,0.7500,1.3245
6.0610,0.3858,0.0100,0.2460,0.7500,1.3917
6.0620,0.3605,0.0100,0.2445,0.7500,1.3651
6.0630,0.3372,0.0100,0.2432,0.7500,1.3404
6.0640,0.3157,0.0224,0.2421,0.7500,1.3302
6.0650,0.2961,0.0353,0.2411,0.7500,1.3226
6.0660,0.2783,0.0483,0.2403,0.7500,1.3170
6.0670,0.2622,0.0613,0.2396,0.7500,1.3131
6.0680,0.2473,0.0742,0.2390,0.7500,1.3105
6.0690,0.2336,0.0870,0.2384,0.7500,1.3090
6.0700,0.2206,0.0998,0.2378,0.7500,1.3082
6.0710,0.2081,0.1125,0.2371,0.7500,1.3077
6.0720,0.1959,0.1251,0.2362,0.7500,1.3072
6.0730,0.1836,0.1377,0.2351,0.7500,1.3064
6.0740,0.1711,0.1502,0.2338,0.7500,1.3051
6.0750,0.1583,0.1627,0.2322,0.7500,1.3032
6.0760,0.1449,0.1752,0.2304,0.7500,1.3005
6.0770,0.1310,0.1876,0.2284,0.7500,1.2971
6.0780,0.1166,0.2001,0.2263,0.7500,1.2930
6.0790,0.1018,0.2125,0.2241,0.7500,1.2884
6.0800,0.0866,0.2249,0.2219,0.7500,1.2834
6.0810,0.3754,0.0100,0.2347,0.7500,1.3701
6.0820,0.3518,0.0100,0.2324,0.7500,1.3443
6.0830,0.3300,0.0100,0.2304,0.7500,1.3204
6.0840,0.3101,0.0100,0.2286,0.7500,1.2987
6.0850,0.2921,0.0225,0.2270,0.7500,1.2915
6.0860,0.2757,0.0364,0.2256,0.7500,1.2877
6.0870,0.2610,0.0504,0.2243,0.7500,1.2857
6.0880,0.2476,0.0644,0.2232,0.7500,1.2851
6.0890,0.2352,0.0783,0.2221,0.7500,1.2857
6.0900,0.2237,0.0923,0.2211,0.7500,1.2871
6.0910,0.2127,0.1062,0.2200,0.7500,1.2888
6.0920,0.2019,0.1200,0.2187,0.7500,1.2906
6.0930,0.1911,0.1338,0.2173,0.7500,1.2922
6.0940,0.1801,0.1476,0.2157,0.7500,1.2933
6.0950,0.1687,0.1612,0.2139,0.7500,1.2938
6.0960,0.1568,0.1748,0.2119,0.7500,1.2935
6.0970,0.1444,0.1884,0.2097,0.7500,1.2925
6.0980,0.1314,0.2019,0.2075,0.7500,1.2908
6.0990,0.1180,0.2153,0.2053,0.7500,1.2886
6.1000,0.1042,0.2287,0.2031,0.7500,1.2860
6.1010,0.3930,0.0100,0.2209,0.7500,1.3739
6.1020,0.3702,0.0100,0.2186,0.7500,1.3488
6.1030,0.3490,0.0100,0.2166,0.7500,1.3256
6.1040,0.3297,0.0153,0.2148,0.7500,1.3098
6.1050,0.3123,0.0303,0.2132,0.7500,1.3058
6.1060,0.2966,0.0455,0.2119,0.7500,1.3039
6.1070,0.2825,0.0606,0.2108,0.7500,1.3039
6.1080,0.2697,0.0758,0.2098,0.7500,1.3053
6.1090,0.2581,0.0908,0.2089,0.7500,1.3078
6.1100,0.2473,0.1058,0.2081,0.7500,1.3112
6.1110,0.2370,0.1206,0.2073,0.7500,1.3149
6.1120,0.2270,0.1353,0.2063,0.7500,1.3187
6.1130,0.2170,0.1499,0.2053,0.7500,1.3222
6.1140,0.2069,0.1643,0.2041,0.7500,1.3253
6.1150,0.1963,0.1786,0.2028,0.7500,1.3276
6.1160,0.1852,0.1927,0.2013,0.7500,1.3292
6.1170,0.1735,0.2067,0.1997,0.7500,1.3299
6.1180,0.1613,0.2206,0.1980,0.7500,1.3299
6.1190,0.1485,0.2343,0.1964,0.7500,1.3293
6.1200,0.1353,0.2480,0.1949,0.7500,1.3282
6.1210,0.4286,0.0100,0.2134,0.7500,1.4020
6.1220,0.4047,0.0100,0.2118,0.7500,1.3764
6.1230,0.3826,0.0210,0.2103,0.7500,1.3639
6.1240,0.3625,0.0365,0.2090,0.7500,1.3581
6.1250,0.3444,0.0522,0.2080,0.7500,1.3545
6.1260,0.3281,0.0678,0.2071,0.7500,1.3530
6.1270,0.3136,0.0834,0.2063,0.7500,1.3533
6.1280,0.3005,0.0988,0.2057,0.7500,1.3550
6.1290,0.2885,0.1141,0.2052,0.7500,1.3578
6.1300,0.2775,0.1291,0.2048,0.7500,1.3613
6.1310,0.2670,0.1438,0.2043,0.7500,1.3651
6.1320,0.2567,0.1583,0.2038,0.7500,1.3688
6.1330,0.2464,0.1726,0.2032,0.7500,1.3722
6.1340,0.2358,0.1866,0.2025,0.7500,1.3750
6.1350,0.2248,0.2004,0.2017,0.7500,1.3769
6.1360,0.2132,0.2140,0.2008,0.7500,1.3780
6.1370,0.2008,0.2275,0.1999,0.7500,1.3782
6.1380,0.1879,0.2408,0.1990,0.7500,1.3776
6.1390,0.1742,0.2540,0.1981,0.7500,1.3762
6.1400,0.1600,0.2670,0.1972,0.7500,1.3743
6.1410,0.4443,0.0103,0.2115,0.7500,1.4160
6.1420,0.4188,0.0254,0.2106,0.7500,1.4047
6.1430,0.3952,0.0406,0.2098,0.7500,1.3956
6.1440,0.3737,0.0559,0.2093,0.7500,1.3888
6.1450,0.3541,0.0711,0.2089,0.7500,1.3842
6.1460,0.3365,0.0863,0.2086,0.7500,1.3815
6.1470,0.3207,0.1014,0.2084,0.7500,1.3804
6.1480,0.3063,0.1162,0.2083,0.7500,1.3807
6.1490,0.2931,0.1307,0.2082,0.7500,1.3820
6.1500,0.2807,0.1449,0.2082,0.7500,1.3839
6.1510,0.2690,0.1588,0.2081,0.7500,1.3859
6.1520,0.2574,0.1724,0.2080,0.7500,1.3878
6.1530,0.2459,0.1857,0.2077,0.7500,1.3893
6.1540,0.2340,0.1987,0.2074,0.7500,1.3902
6.1550,0.2217,0.2115,0.2070,0.7500,1.3902
6.1560,0.2088,0.2242,0.2064,0.7500,1.3894
6.1570,0.1952,0.2366,0.2058,0.7500,1.3877
6.1580,0.1810,0.2490,0.2053,0.7500,1.3852
6.1590,0.1661,0.2612,0.2047,0.7500,1.3820
6.1600,0.1507,0.2734,0.2042,0.7500,1.3783
6.1610,0.4348,0.0172,0.2237,0.7500,1.4258
6.1620,0.4084,0.0316,0.2230,0.7500,1.4130
6.1630,0.3840,0.0461,0.2225,0.7500,1.4026
6.1640,0.3617,0.0607,0.2221,0.7500,1.3945
6.1650,0.3415,0.0752,0.2219,0.7500,1.3887
6.1660,0.3233,0.0897,0.2218,0.7500,1.3848
6.1670,0.3067,0.1040,0.2218,0.7500,1.3826
6.1680,0.2917,0.1181,0.2219,0.7500,1.3817
6.1690,0.2778,0.1320,0.2220,0.7500,1.3818
6.1700,0.2648,0.1456,0.2221,0.7500,1.3824
6.1710,0.2523,0.1589,0.2221,0.7500,1.3833
6.1720,0.2400,0.1720,0.2220,0.7500,1.3839
6.1730,0.2276,0.1849,0.2217,0.7500,1.3841
6.1740,0.2149,0.1976,0.2212,0.7500,1.3837
6.1750,0.2018,0.2101,0.2205,0.7500,1.3824
6.1760,0.1880,0.2226,0.2196,0.7500,1.3802
6.1770,0.1736,0.2349,0.2186,0.7500,1.3771
6.1780,0.1586,0.2472,0.2175,0.7500,1.3733
6.1790,0.1429,0.2594,0.2165,0.7500,1.3688
6.1800,0.1268,0.2716,0.2155,0.7500,1.3639
6.1810,0.4056,0.0152,0.2345,0.7500,1.4053
6.1820,0.3798,0.0294,0.2332,0.7500,1.3925
6.1830,0.3560,0.0438,0.2322,0.7500,1.3819
6.1840,0.3341,0.0583,0.2313,0.7500,1.3736
6.1850,0.3142,0.0727,0.2305,0.7500,1.3675
6.1860,0.2962,0.0872,0.2299,0.7500,1.3633
6.1870,0.2799,0.1015,0.2295,0.7500,1.3608
6.1880,0.2649,0.1156,0.2291,0.7500,1.3596
6.1890,0.2511,0.1294,0.2287,0.7500,1.3593
6.1900,0.2381,0.1431,0.2284,0.7500,1.3595
6.1910,0.2255,0.1566,0.2279,0.7500,1.3600
6.1920,0.2132,0.1699,0.2272,0.7500,1.3603
6.1930,0.2009,0.1830,0.2263,0.7500,1.3602
6.1940,0.1883,0.1960,0.2252,0.7500,1.3595
6.1950,0.1753,0.2090,0.2239,0.7500,1.3581
6.1960,0.1617,0.2218,0.2223,0.7500,1.3558
6.1970,0.1475,0.2347,0.2206,0.7500,1.3528
6.1980,0.1328,0.2474,0.2188,0.7500,1.3490
6.1990,0.1176,0.2601,0.2170,0.7500,1.3448
6.2000,0.1020,0.2728,0.2153,0.7500,1.3401
6.2010,0.3751,0.0272,0.2287,0.7500,1.3809
6.2020,0.3514,0.0419,0.2269,0.7500,1.3702
6.2030,0.3293,0.0568,0.2254,0.7500,1.3616
6.2040,0.3092,0.0718,0.2241,0.7500,1.3551
6.2050,0.2908,0.0867,0.2230,0.7500,1.3505
6.2060,0.2741,0.1014,0.2221,0.7500,1.3476
6.2070,0.2589,0.1160,0.2213,0.7500,1.3462
6.2080,0.2451,0.1302,0.2207,0.7500,1.3460
6.2090,0.2322,0.1441,0.2201,0.7500,1.3465
6.2100,0.2202,0.1578,0.2195,0.7500,1.3475
6.2110,0.2086,0.1711,0.2189,0.7500,1.3486
6.2120,0.1973,0.1842,0.2181,0.7500,1.3495
6.2130,0.1859,0.1970,0.2172,0.7500,1.3501
6.2140,0.1744,0.2096,0.2161,0.7500,1.3501
6.2150,0.1625,0.2221,0.2148,0.7500,1.3493
6.2160,0.1501,0.2344,0.2134,0.7500,1.3479
6.2170,0.1373,0.2466,0.2118,0.7500,1.3457
6.2180,0.1239,0.2588,0.2103,0.7500,1.3430
6.2190,0.1102,0.2708,0.2088,0.7500,1.3398
6.2200,0.0961,0.2828,0.2074,0.7500,1.3363
6.2210,0.3657,0.0476,0.2210,0.7500,1.3844
6.2220,0.3441,0.0620,0.2196,0.7500,1.3757
6.2230,0.3240,0.0765,0.2185,0.7500,1.3690
6.2240,0.3057,0.0910,0.2175,0.7500,1.3641
6.2250,0.2890,0.1052,0.2167,0.7500,1.3609
6.2260,0.2740,0.1193,0.2160,0.7500,1.3593
6.2270,0.2603,0.1331,0.2155,0.7500,1.3590
6.2280,0.2480,0.1465,0.2151,0.7500,1.3596
6.2290,0.2366,0.1596,0.2148,0.7500,1.3610
6.2300,0.2260,0.1722,0.2145,0.7500,1.3627
6.2310,0.2158,0.1845,0.2142,0.7500,1.3646
6.2320,0.2059,0.1965,0.2138,0.7500,1.3662
6.2330,0.1960,0.2081,0.2134,0.7500,1.3675
6.2340,0.1860,0.2196,0.2127,0.7500,1.3683
6.2350,0.1756,0.2308,0.2120,0.7500,1.3684
6.2360,0.1648,0.2419,0.2111,0.7500,1.3678
6.2370,0.1535,0.2529,0.2102,0.7500,1.3666
6.2380,0.1418,0.2638,0.2092,0.7500,1.3648
6.2390,0.1296,0.2746,0.2083,0.7500,1.3625
6.2400,0.1172,0.2853,0.2075,0.7500,1.3600
6.2410,0.3724,0.0606,0.2267,0.7500,1.4098
6.2420,0.3523,0.0740,0.2257,0.7500,1.4021
6.2430,0.3337,0.0874,0.2249,0.7500,1.3960
6.2440,0.3166,0.1007,0.2243,0.7500,1.3916
6.2450,0.3011,0.1138,0.2238,0.7500,1.3887
6.2460,0.2870,0.1268,0.2234,0.7500,1.3872
6.2470,0.2743,0.1394,0.2232,0.7500,1.3869
6.2480,0.2628,0.1517,0.2231,0.7500,1.3875
6.2490,0.2522,0.1636,0.2230,0.7500,1.3888
6.2500,0.2424,0.1752,0.2229,0.7500,1.3905
6.2510,0.2331,0.1865,0.2228,0.7500,1.3923
6.2520,0.2240,0.1974,0.2225,0.7500,1.3939
6.2530,0.2149,0.2082,0.2222,0.7500,1.3952
6.2540,0.2057,0.2187,0.2216,0.7500,1.3961
6.2550,0.1962,0.2292,0.2209,0.7500,1.3963
6.2560,0.1863,0.2395,0.2201,0.7500,1.3959
6.2570,0.1760,0.2498,0.2191,0.7500,1.3949
6.2580,0.1652,0.2600,0.2181,0.7500,1.3933
6.2590,0.1539,0.2702,0.2172,0.7500,1.3913
6.2600,0.1424,0.2804,0.2163,0.7500,1.3890
6.2610,0.3892,0.0713,0.2304,0.7500,1.4409
6.2620,0.3696,0.0840,0.2293,0.7500,1.4330
6.2630,0.3514,0.0967,0.2285,0.7500,1.4266
6.2640,0.3347,0.1094,0.2277,0.7500,1.4217
6.2650,0.3194,0.1218,0.2271,0.7500,1.4183
6.2660,0.3057,0.1340,0.2266,0.7500,1.4163
6.2670,0.2932,0.1459,0.2262,0.7500,1.4154
6.2680,0.2819,0.1575,0.2259,0.7500,1.4153
6.2690,0.2715,0.1687,0.2257,0.7500,1.4159
6.2700,0.2618,0.1796,0.2254,0.7500,1.4168
6.2710,0.2526,0.1901,0.2251,0.7500,1.4178
6.2720,0.2436,0.2004,0.2247,0.7500,1.4187
6.2730,0.2346,0.2104,0.2242,0.7500,1.4193
6.2740,0.2255,0.2203,0.2235,0.7500,1.4193
6.2750,0.2159,0.2301,0.2227,0.7500,1.4187
6.2760,0.2060,0.2397,0.2218,0.7500,1.4175
6.2770,0.1956,0.2493,0.2208,0.7500,1.4157
6.2780,0.1847,0.2589,0.2197,0.7500,1.4133
6.2790,0.1733,0.2684,0.2187,0.7500,1.4104
6.2800,0.1615,0.2779,0.2178,0.7500,1.4072
6.2810,0.3977,0.0738,0.2319,0.7500,1.4533
6.2820,0.3778,0.0857,0.2308,0.7500,1.4443
6.2830,0.3592,0.0977,0.2299,0.7500,1.4367
6.2840,0.3421,0.1096,0.2291,0.7500,1.4307
6.2850,0.3264,0.1213,0.2284,0.7500,1.4262
6.2860,0.3123,0.1328,0.2279,0.7500,1.4230
6.2870,0.2994,0.1441,0.2274,0.7500,1.4209
6.2880,0.2876,0.1550,0.2271,0.7500,1.4197
6.2890,0.2768,0.1656,0.2268,0.7500,1.4191
6.2900,0.2666,0.1759,0.2264,0.7500,1.4189
6.2910,0.2569,0.1860,0.2260,0.7500,1.4189
6.2920,0.2474,0.1959,0.2254,0.7500,1.4187
6.2930,0.2379,0.2056,0.2247,0.7500,1.4182
6.2940,0.2282,0.2152,0.2238,0.7500,1.4172
6.2950,0.2182,0.2247,0.2228,0.7500,1.4157
6.2960,0.2077,0.2342,0.2216,0.7500,1.4136
6.2970,0.1968,0.2437,0.2203,0.7500,1.4108
6.2980,0.1854,0.2532,0.2190,0.7500,1.4076
6.2990,0.1735,0.2626,0.2177,0.7500,1.4039
6.3000,0.1613,0.2720,0.2165,0.7500,1.3998
6.3010,0.3775,0.0784,0.2254,0.7500,1.4313
6.3020,0.3582,0.0901,0.2242,0.7500,1.4225
6.3030,0.3400,0.1019,0.2232,0.7500,1.4151
6.3040,0.3233,0.1136,0.2223,0.7500,1.4091
6.3050,0.3078,0.1251,0.2216,0.7500,1.4045
6.3060,0.2937,0.1364,0.2210,0.7500,1.4010
6.3070,0.2807,0.1474,0.2205,0.7500,1.3985
6.3080,0.2688,0.1581,0.2200,0.7500,1.3969
6.3090,0.2577,0.1684,0.2197,0.7500,1.3958
6.3100,0.2472,0.1785,0.2193,0.7500,1.3950
6.3110,0.2372,0.1883,0.2188,0.7500,1.3944
6.3120,0.2274,0.1979,0.2183,0.7500,1.3936
6.3130,0.2176,0.2073,0.2177,0.7500,1.3926
6.3140,0.2078,0.2166,0.2169,0.7500,1.3913
6.3150,0.1976,0.2258,0.2160,0.7500,1.3894
6.3160,0.1872,0.2349,0.2150,0.7500,1.3871
6.3170,0.1763,0.2440,0.2140,0.7500,1.3843
6.3180,0.1652,0.2531,0.2129,0.7500,1.3811
6.3190,0.1536,0.2621,0.2119,0.7500,1.3776
6.3200,0.1419,0.2711,0.2110,0.7500,1.3739
6.3210,0.3548,0.0878,0.2251,0.7500,1.4177
6.3220,0.3368,0.0992,0.2241,0.7500,1.4101
6.3230,0.3200,0.1106,0.2232,0.7500,1.4038
6.3240,0.3044,0.1219,0.2225,0.7500,1.3988
6.3250,0.2902,0.1330,0.2219,0.7500,1.3951
6.3260,0.2772,0.1440,0.2214,0.7500,1.3926
6.3270,0.2653,0.1546,0.2211,0.7500,1.3910
6.3280,0.2544,0.1649,0.2208,0.7500,1.3901
6.3290,0.2442,0.1749,0.2206,0.7500,1.3897
6.3300,0.2347,0.1846,0.2204,0.7500,1.3897
6.3310,0.2256,0.1941,0.2201,0.7500,1.3897
6.3320,0.2166,0.2033,0.2198,0.7500,1.3897
6.3330,0.2077,0.2123,0.2194,0.7500,1.3894
6.3340,0.1987,0.2212,0.2188,0.7500,1.3887
6.3350,0.1895,0.2300,0.2182,0.7500,1.3876
6.3360,0.1799,0.2387,0.2174,0.7500,1.3860
6.3370,0.1701,0.2474,0.2165,0.7500,1.3840
6.3380,0.1599,0.2560,0.2157,0.7500,1.3816
6.3390,0.1494,0.2647,0.2149,0.7500,1.3789
6.3400,0.1387,0.2732,0.2141,0.7500,1.3760
6.3410,0.3364,0.1054,0.2234,0.7500,1.4152
6.3420,0.3203,0.1164,0.2226,0.7500,1.4093
6.3430,0.3052,0.1274,0.2219,0.7500,1.4046
6.3440,0.2913,0.1382,0.2214,0.7500,1.4009
6.3450,0.2785,0.1489,0.2209,0.7500,1.3983
6.3460,0.2669,0.1592,0.2205,0.7500,1.3966
6.3470,0.2562,0.1693,0.2203,0.7500,1.3957
6.3480,0.2464,0.1790,0.2200,0.7500,1.3955
6.3490,0.2374,0.1884,0.2199,0.7500,1.3957
6.3500,0.2290,0.1974,0.2197,0.7500,1.3961
6.3510,0.2209,0.2061,0.2195,0.7500,1.3966
6.3520,0.2131,0.2146,0.2193,0.7500,1.3970
6.3530,0.2054,0.2228,0.2191,0.7500,1.3973
6.3540,0.1977,0.2308,0.2188,0.7500,1.3972
6.3550,0.1898,0.2387,0.2184,0.7500,1.3968
6.3560,0.1816,0.2464,0.2180,0.7500,1.3961
6.3570,0.1732,0.2541,0.2176,0.7500,1.3949
6.3580,0.1646,0.2618,0.2172,0.7500,1.3935
6.3590,0.1556,0.2694,0.2168,0.7500,1.3918
6.3600,0.1465,0.2770,0.2164,0.7500,1.3900
6.3610,0.3382,0.1140,0.2310,0.7500,1.4333
6.3620,0.3239,0.1241,0.2305,0.7500,1.4285
6.3630,0.3105,0.1342,0.2300,0.7500,1.4247
6.3640,0.2981,0.1441,0.2297,0.7500,1.4219
6.3650,0.2868,0.1538,0.2294,0.7500,1.4200
6.3660,0.2765,0.1633,0.2292,0.7500,1.4189
6.3670,0.2671,0.1724,0.2291,0.7500,1.4186
6.3680,0.2586,0.1813,0.2290,0.7500,1.4188
6.3690,0.2507,0.1898,0.2289,0.7500,1.4195
6.3700,0.2434,0.1980,0.2289,0.7500,1.4203
6.3710,0.2365,0.2060,0.2287,0.7500,1.4212
6.3720,0.2298,0.2138,0.2285,0.7500,1.4221
6.3730,0.2231,0.2214,0.2282,0.7500,1.4227
6.3740,0.2164,0.2289,0.2278,0.7500,1.4230
6.3750,0.2095,0.2363,0.2273,0.7500,1.4230
6.3760,0.2023,0.2436,0.2267,0.7500,1.4226
6.3770,0.1949,0.2510,0.2260,0.7500,1.4219
6.3780,0.1872,0.2583,0.2253,0.7500,1.4208
6.3790,0.1792,0.2657,0.2246,0.7500,1.4194
6.3800,0.1710,0.2730,0.2239,0.7500,1.4179
6.3810,0.3498,0.1203,0.2333,0.7500,1.4534
6.3820,0.3362,0.1300,0.2326,0.7500,1.4488
6.3830,0.3235,0.1396,0.2320,0.7500,1.4450
6.3840,0.3117,0.1490,0.2314,0.7500,1.4421
6.3850,0.3008,0.1583,0.2309,0.7500,1.4401
6.3860,0.2910,0.1673,0.2306,0.7500,1.4388
6.3870,0.2819,0.1760,0.2303,0.7500,1.4382
6.3880,0.2737,0.1844,0.2300,0.7500,1.4381
6.3890,0.2661,0.1925,0.2298,0.7500,1.4384
6.3900,0.2591,0.2003,0.2295,0.7500,1.4388
6.3910,0.2523,0.2078,0.2292,0.7500,1.4393
6.3920,0.2458,0.2151,0.2288,0.7500,1.4398
6.3930,0.2393,0.2223,0.2284,0.7500,1.4400
6.3940,0.2327,0.2294,0.2278,0.7500,1.4400
6.3950,0.2260,0.2364,0.2271,0.7500,1.4396
6.3960,0.2190,0.2434,0.2264,0.7500,1.4388
6.3970,0.2117,0.2504,0.2256,0.7500,1.4377
6.3980,0.2041,0.2573,0.2248,0.7500,1.4362
6.3990,0.1962,0.2643,0.2240,0.7500,1.4345
6.4000,0.1881,0.2712,0.2233,0.7500,1.4326
6.4010,0.3568,0.1339,0.2326,0.7500,1.4733
6.4020,0.3433,0.1431,0.2318,0.7500,1.4683
6.4030,0.3306,0.1522,0.2311,0.7500,1.4640
6.4040,0.3188,0.1612,0.2306,0.7500,1.4605
6.4050,0.3079,0.1699,0.2301,0.7500,1.4579
6.4060,0.2979,0.1784,0.2297,0.7500,1.4560
6.4070,0.2887,0.1865,0.2293,0.7500,1.4546
6.4080,0.2803,0.1944,0.2291,0.7500,1.4538
6.4090,0.2725,0.2019,0.2289,0.7500,1.4532
6.4100,0.2651,0.2091,0.2286,0.7500,1.4529
6.4110,0.2581,0.2161,0.2284,0.7500,1.4525
6.4120,0.2512,0.2228,0.2281,0.7500,1.4521
6.4130,0.2444,0.2294,0.2277,0.7500,1.4515
6.4140,0.2375,0.2358,0.2273,0.7500,1.4506
6.4150,0.2304,0.2421,0.2268,0.7500,1.4493
6.4160,0.2230,0.2484,0.2262,0.7500,1.4477
6.4170,0.2154,0.2547,0.2256,0.7500,1.4457
6.4180,0.2075,0.2609,0.2250,0.7500,1.4434
6.4190,0.1992,0.2671,0.2245,0.7500,1.4408
6.4200,0.1908,0.2733,0.2239,0.7500,1.4380
6.4210,0.3445,0.1406,0.2334,0.7500,1.4685
6.4220,0.3313,0.1490,0.2328,0.7500,1.4631
6.4230,0.3188,0.1573,0.2322,0.7500,1.4584
6.4240,0.3072,0.1655,0.2317,0.7500,1.4544
6.4250,0.2964,0.1734,0.2313,0.7500,1.4510
6.4260,0.2864,0.1810,0.2310,0.7500,1.4484
6.4270,0.2771,0.1884,0.2307,0.7500,1.4462
6.4280,0.2686,0.1954,0.2305,0.7500,1.4445
6.4290,0.2606,0.2022,0.2303,0.7500,1.4431
6.4300,0.2531,0.2087,0.2300,0.7500,1.4419
6.4310,0.2459,0.2150,0.2298,0.7500,1.4407
6.4320,0.2389,0.2211,0.2295,0.7500,1.4395
6.4330,0.2319,0.2271,0.2291,0.7500,1.4381
6.4340,0.2249,0.2330,0.2286,0.7500,1.4365
6.4350,0.2178,0.2388,0.2281,0.7500,1.4347
6.4360,0.2105,0.2446,0.2275,0.7500,1.4326
6.4370,0.2030,0.2504,0.2269,0.7500,1.4303
6.4380,0.1952,0.2563,0.2263,0.7500,1.4277
6.4390,0.1873,0.2621,0.2257,0.7500,1.4250
6.4400,0.1792,0.2679,0.2251,0.7500,1.4222
6.4410,0.3241,0.1507,0.2346,0.7500,1.4594
6.4420,0.3120,0.1586,0.2339,0.7500,1.4545
6.4430,0.3005,0.1664,0.2333,0.7500,1.4502
6.4440,0.2898,0.1740,0.2328,0.7500,1.4466
6.4450,0.2799,0.1814,0.2324,0.7500,1.4437
6.4460,0.2707,0.1886,0.2321,0.7500,1.4414
6.4470,0.2623,0.1955,0.2318,0.7500,1.4396
6.4480,0.2545,0.2021,0.2316,0.7500,1.4381
6.4490,0.2472,0.2084,0.2314,0.7500,1.4370
6.4500,0.2404,0.2144,0.2312,0.7500,1.4360
6.4510,0.2339,0.2202,0.2310,0.7500,1.4350
6.4520,0.2275,0.2258,0.2307,0.7500,1.4341
6.4530,0.2213,0.2313,0.2304,0.7500,1.4330
6.4540,0.2150,0.2367,0.2300,0.7500,1.4317
6.4550,0.2086,0.2420,0.2296,0.7500,1.4302
6.4560,0.2021,0.2473,0.2291,0.7500,1.4285
6.4570,0.1955,0.2526,0.2286,0.7500,1.4266
6.4580,0.1886,0.2578,0.2280,0.7500,1.4245
6.4590,0.1816,0.2631,0.2275,0.7500,1.4222
6.4600,0.1745,0.2683,0.2271,0.7500,1.4199
6.4610,0.3073,0.1609,0.2316,0.7500,1.4499
6.4620,0.2968,0.1681,0.2311,0.7500,1.4460
6.4630,0.2869,0.1752,0.2306,0.7500,1.4428
6.4640,0.2777,0.1821,0.2303,0.7500,1.4400
6.4650,0.2691,0.1888,0.2299,0.7500,1.4379
6.4660,0.2613,0.1953,0.2296,0.7500,1.4362
6.4670,0.2540,0.2015,0.2294,0.7500,1.4349
6.4680,0.2474,0.2074,0.2292,0.7500,1.4340
6.4690,0.2413,0.2130,0.2290,0.7500,1.4333
6.4700,0.2355,0.2184,0.2288,0.7500,1.4327
6.4710,0.2301,0.2235,0.2286,0.7500,1.4323
6.4720,0.2249,0.2285,0.2284,0.7500,1.4318
6.4730,0.2198,0.2334,0.2281,0.7500,1.4313
6.4740,0.2147,0.2381,0.2278,0.7500,1.4306
6.4750,0.2095,0.2428,0.2275,0.7500,1.4299
6.4760,0.2043,0.2475,0.2272,0.7500,1.4289
6.4770,0.1989,0.2521,0.2268,0.7500,1.4278
6.4780,0.1934,0.2567,0.2265,0.7500,1.4266
6.4790,0.1878,0.2613,0.2261,0.7500,1.4252
6.4800,0.1821,0.2660,0.2258,0.7500,1.4238
6.4810,0.3028,0.1634,0.2355,0.7500,1.4518
6.4820,0.2940,0.1699,0.2351,0.7500,1.4490
6.4830,0.2858,0.1763,0.2347,0.7500,1.4468
6.4840,0.2780,0.1826,0.2344,0.7500,1.4450
6.4850,0.2709,0.1887,0.2341,0.7500,1.4437
6.4860,0.2644,0.1945,0.2339,0.7500,1.4428
6.4870,0.2584,0.2001,0.2338,0.7500,1.4423
6.4880,0.2530,0.2055,0.2336,0.7500,1.4420
6.4890,0.2479,0.2106,0.2335,0.7500,1.4420
6.4900,0.2433,0.2155,0.2334,0.7500,1.4421
6.4910,0.2389,0.2203,0.2332,0.7500,1.4423
6.4920,0.2347,0.2249,0.2329,0.7500,1.4425
6.4930,0.2305,0.2295,0.2326,0.7500,1.4426
6.4940,0.2264,0.2339,0.2323,0.7500,1.4427
6.4950,0.2223,0.2384,0.2318,0.7500,1.4425
6.4960,0.2181,0.2429,0.2313,0.7500,1.4423
6.4970,0.2137,0.2474,0.2308,0.7500,1.4419
6.4980,0.2092,0.2519,0.2303,0.7500,1.4413
6.4990,0.2046,0.2564,0.2298,0.7500,1.4407
6.5000,0.1998,0.2609,0.2293,0.7500,1.4400
6.5010,0.3074,0.1736,0.2338,0.7500,1.4648
6.5020,0.2998,0.1798,0.2332,0.7500,1.4629
6.5030,0.2926,0.1859,0.2328,0.7500,1.4612
6.5040,0.2858,0.1918,0.2324,0.7500,1.4600
6.5050,0.2796,0.1976,0.2320,0.7500,1.4591
6.5060,0.2739,0.2031,0.2317,0.7500,1.4586
6.5070,0.2686,0.2084,0.2314,0.7500,1.4584
6.5080,0.2638,0.2134,0.2312,0.7500,1.4584
6.5090,0.2593,0.2182,0.2310,0.7500,1.4585
6.5100,0.2552,0.2228,0.2308,0.7500,1.4588
6.5110,0.2513,0.2272,0.2306,0.7500,1.4590
6.5120,0.2475,0.2314,0.2304,0.7500,1.4593
6.5130,0.2438,0.2355,0.2301,0.7500,1.4595
6.5140,0.2401,0.2396,0.2298,0.7500,1.4595
6.5150,0.2363,0.2435,0.2295,0.7500,1.4594
6.5160,0.2325,0.2475,0.2292,0.7500,1.4592
6.5170,0.2285,0.2514,0.2289,0.7500,1.4587
6.5180,0.2243,0.2553,0.2286,0.7500,1.4582
6.5190,0.2201,0.2592,0.2282,0.7500,1.4575
6.5200,0.2157,0.2631,0.2279,0.7500,1.4567
6.5210,0.3138,0.1856,0.2327,0.7500,1.4820
6.5220,0.3066,0.1910,0.2323,0.7500,1.4799
6.5230,0.2997,0.1964,0.2320,0.7500,1.4781
6.5240,0.2933,0.2016,0.2318,0.7500,1.4766
6.5250,0.2873,0.2066,0.2315,0.7500,1.4754
6.5260,0.2818,0.2114,0.2314,0.7500,1.4745
6.5270,0.2767,0.2159,0.2312,0.7500,1.4738
6.5280,0.2719,0.2203,0.2311,0.7500,1.4733
6.5290,0.2675,0.2244,0.2310,0.7500,1.4729
6.5300,0.2634,0.2283,0.2309,0.7500,1.4726
6.5310,0.2595,0.2321,0.2307,0.7500,1.4723
6.5320,0.2557,0.2357,0.2306,0.7500,1.4719
6.5330,0.2519,0.2391,0.2305,0.7500,1.4715
6.5340,0.2481,0.2425,0.2303,0.7500,1.4709
6.5350,0.2442,0.2459,0.2301,0.7500,1.4702
6.5360,0.2402,0.2492,0.2299,0.7500,1.4693
6.5370,0.2361,0.2525,0.2297,0.7500,1.4683
6.5380,0.2318,0.2557,0.2295,0.7500,1.4671
6.5390,0.2274,0.2590,0.2293,0.7500,1.4658
6.5400,0.2229,0.2623,0.2291,0.7500,1.4643
6.5410,0.3109,0.1895,0.2340,0.7500,1.4844
6.5420,0.3038,0.1942,0.2337,0.7500,1.4818
6.5430,0.2971,0.1988,0.2335,0.7500,1.4794
6.5440,0.2907,0.2033,0.2333,0.7500,1.4773
6.5450,0.2847,0.2076,0.2331,0.7500,1.4755
6.5460,0.2791,0.2117,0.2330,0.7500,1.4739
6.5470,0.2740,0.2156,0.2329,0.7500,1.4725
6.5480,0.2691,0.2194,0.2328,0.7500,1.4713
6.5490,0.2646,0.2229,0.2327,0.7500,1.4702
6.5500,0.2604,0.2262,0.2326,0.7500,1.4692
6.5510,0.2563,0.2294,0.2325,0.7500,1.4682
6.5520,0.2523,0.2325,0.2324,0.7500,1.4672
6.5530,0.2484,0.2356,0.2322,0.7500,1.4661
6.5540,0.2445,0.2385,0.2320,0.7500,1.4650
6.5550,0.2405,0.2415,0.2317,0.7500,1.4637
6.5560,0.2365,0.2444,0.2315,0.7500,1.4624
6.5570,0.2323,0.2474,0.2312,0.7500,1.4609
6.5580,0.2281,0.2503,0.2310,0.7500,1.4593
6.5590,0.2237,0.2533,0.2307,0.7500,1.4577
6.5600,0.2192,0.2563,0.2305,0.7500,1.4559
6.5610,0.2879,0.1985,0.2352,0.7500,1.4717
6.5620,0.2816,0.2027,0.2349,0.7500,1.4693
6.5630,0.2756,0.2069,0.2346,0.7500,1.4671
6.5640,0.2699,0.2109,0.2344,0.7500,1.4651
6.5650,0.2645,0.2147,0.2342,0.7500,1.4634
6.5660,0.2594,0.2184,0.2340,0.7500,1.4618
6.5670,0.2547,0.2219,0.2339,0.7500,1.4605
6.5680,0.2503,0.2253,0.2337,0.7500,1.4593
6.5690,0.2461,0.2285,0.2336,0.7500,1.4582
6.5700,0.2422,0.2315,0.2335,0.7500,1.4572
6.5710,0.2386,0.2343,0.2335,0.7500,1.4563
6.5720,0.2350,0.2371,0.2334,0.7500,1.4554
6.5730,0.2316,0.2397,0.2333,0.7500,1.4546
6.5740,0.2283,0.2423,0.2331,0.7500,1.4537
6.5750,0.2249,0.2448,0.2330,0.7500,1.4527
6.5760,0.2216,0.2473,0.2328,0.7500,1.4518
6.5770,0.2183,0.2498,0.2327,0.7500,1.4508
6.5780,0.2150,0.2522,0.2325,0.7500,1.4497
6.5790,0.2117,0.2547,0.2323,0.7500,1.4487
6.5800,0.2083,0.2572,0.2322,0.7500,1.4476
6.5810,0.2689,0.2091,0.2370,0.7500,1.4649
6.5820,0.2642,0.2126,0.2367,0.7500,1.4635
6.5830,0.2598,0.2160,0.2365,0.7500,1.4622
6.5840,0.2556,0.2192,0.2363,0.7500,1.4611
6.5850,0.2518,0.2224,0.2361,0.7500,1.4603
6.5860,0.2483,0.2254,0.2359,0.7500,1.4596
6.5870,0.2450,0.2282,0.2358,0.7500,1.4591
6.5880,0.2421,0.2309,0.2357,0.7500,1.4587
6.5890,0.2394,0.2335,0.2356,0.7500,1.4584
6.5900,0.2369,0.2359,0.2355,0.7500,1.4582
6.5910,0.2345,0.2382,0.2354,0.7500,1.4581
6.5920,0.2324,0.2403,0.2353,0.7500,1.4580
6.5930,0.2303,0.2424,0.2352,0.7500,1.4579
6.5940,0.2283,0.2445,0.2351,0.7500,1.4578
6.5950,0.2263,0.2465,0.2350,0.7500,1.4577
6.5960,0.2243,0.2484,0.2348,0.7500,1.4576
6.5970,0.2224,0.2504,0.2347,0.7500,1.4575
6.5980,0.2204,0.2523,0.2346,0.7500,1.4574
6.5990,0.2185,0.2543,0.2345,0.7500,1.4572
6.6000,0.2165,0.2562,0.2343,0.7500,1.4570
6.6010,0.2691,0.2178,0.2342,0.7500,1.4711
6.6020,0.2659,0.2206,0.2341,0.7500,1.4706
6.6030,0.2630,0.2232,0.2340,0.7500,1.4702
6.6040,0.2603,0.2258,0.2339,0.7500,1.4700
6.6050,0.2578,0.2283,0.2338,0.7500,1.4699
6.6060,0.2556,0.2306,0.2337,0.7500,1.4699
6.6070,0.2537,0.2328,0.2336,0.7500,1.4700
6.6080,0.2520,0.2348,0.2335,0.7500,1.4703
6.6090,0.2504,0.2367,0.2334,0.7500,1.4705
6.6100,0.2491,0.2385,0.2333,0.7500,1.4709
6.6110,0.2479,0.2402,0.2332,0.7500,1.4712
6.6120,0.2468,0.2418,0.2331,0.7500,1.4716
6.6130,0.2457,0.2433,0.2329,0.7500,1.4719
6.6140,0.2447,0.2447,0.2328,0.7500,1.4723
6.6150,0.2437,0.2462,0.2327,0.7500,1.4725
6.6160,0.2427,0.2475,0.2326,0.7500,1.4728
6.6170,0.2416,0.2489,0.2324,0.7500,1.4729
6.6180,0.2405,0.2503,0.2323,0.7500,1.4731
6.6190,0.2393,0.2516,0.2322,0.7500,1.4731
6.6200,0.2381,0.2530,0.2321,0.7500,1.4732
6.6210,0.2766,0.2242,0.2370,0.7500,1.4878
6.6220,0.2744,0.2262,0.2368,0.7500,1.4874
6.6230,0.2723,0.2281,0.2366,0.7500,1.4871
6.6240,0.2703,0.2300,0.2365,0.7500,1.4868
6.6250,0.2685,0.2318,0.2364,0.7500,1.4866
6.6260,0.2668,0.2335,0.2363,0.7500,1.4865
6.6270,0.2652,0.2350,0.2362,0.7500,1.4865
6.6280,0.2638,0.2365,0.2362,0.7500,1.4865
6.6290,0.2626,0.2379,0.2361,0.7500,1.4866
6.6300,0.2614,0.2391,0.2361,0.7500,1.4867
6.6310,0.2604,0.2404,0.2361,0.7500,1.4868
6.6320,0.2594,0.2415,0.2361,0.7500,1.4869
6.6330,0.2584,0.2426,0.2360,0.7500,1.4870
6.6340,0.2575,0.2436,0.2360,0.7500,1.4870
6.6350,0.2565,0.2446,0.2359,0.7500,1.4871
6.6360,0.2556,0.2456,0.2359,0.7500,1.4870
6.6370,0.2546,0.2465,0.2358,0.7500,1.4869
6.6380,0.2535,0.2475,0.2357,0.7500,1.4867
6.6390,0.2524,0.2484,0.2355,0.7500,1.4864
6.6400,0.2513,0.2494,0.2354,0.7500,1.4860
6.6410,0.2749,0.2252,0.2352,0.7500,1.4854
6.6420,0.2731,0.2267,0.2351,0.7500,1.4849
6.6430,0.2713,0.2281,0.2350,0.7500,1.4844
6.6440,0.2696,0.2294,0.2349,0.7500,1.4839
6.6450,0.2680,0.2307,0.2347,0.7500,1.4834
6.6460,0.2664,0.2319,0.2346,0.7500,1.4829
6.6470,0.2650,0.2330,0.2345,0.7500,1.4825
6.6480,0.2636,0.2340,0.2344,0.7500,1.4820
6.6490,0.2623,0.2350,0.2342,0.7500,1.4815
6.6500,0.2611,0.2358,0.2341,0.7500,1.4810
6.6510,0.2599,0.2367,0.2340,0.7500,1.4805
6.6520,0.2588,0.2374,0.2338,0.7500,1.4801
6.6530,0.2577,0.2382,0.2337,0.7500,1.4796
6.6540,0.2567,0.2389,0.2335,0.7500,1.4791
6.6550,0.2556,0.2396,0.2334,0.7500,1.4786
6.6560,0.2546,0.2403,0.2332,0.7500,1.4781
6.6570,0.2536,0.2410,0.2331,0.7500,1.4777
6.6580,0.2525,0.2417,0.2329,0.7500,1.4772
6.6590,0.2515,0.2425,0.2328,0.7500,1.4767
6.6600,0.2504,0.2432,0.2326,0.7500,1.4763
6.6610,0.2642,0.2339,0.2325,0.7500,1.4807
6.6620,0.2628,0.2349,0.2324,0.7500,1.4801
6.6630,0.2615,0.2358,0.2323,0.7500,1.4796
6.6640,0.2602,0.2368,0.2322,0.7500,1.4791
6.6650,0.2590,0.2376,0.2321,0.7500,1.4787
6.6660,0.2578,0.2385,0.2320,0.7500,1.4783
6.6670,0.2567,0.2393,0.2320,0.7500,1.4779
6.6680,0.2557,0.2400,0.2319,0.7500,1.4776
6.6690,0.2547,0.2407,0.2318,0.7500,1.4773
6.6700,0.2539,0.2414,0.2318,0.7500,1.4770
6.6710,0.2530,0.2420,0.2317,0.7500,1.4767
6.6720,0.2523,0.2425,0.2316,0.7500,1.4764
6.6730,0.2515,0.2430,0.2316,0.7500,1.4761
6.6740,0.2509,0.2434,0.2315,0.7500,1.4758
6.6750,0.2502,0.2439,0.2315,0.7500,1.4755
6.6760,0.2496,0.2442,0.2314,0.7500,1.4752
6.6770,0.2490,0.2446,0.2314,0.7500,1.4749
6.6780,0.2484,0.2449,0.2313,0.7500,1.4746
6.6790,0.2478,0.2452,0.2312,0.7500,1.4743
6.6800,0.2473,0.2455,0.2312,0.7500,1.4739
6.6810,0.2468,0.2458,0.2311,0.7500,1.4736
6.6820,0.2463,0.2460,0.2310,0.7500,1.4733
6.6830,0.2458,0.2463,0.2310,0.7500,1.4731
6.6840,0.2453,0.2465,0.2309,0.7500,1.4728
6.6850,0.2448,0.2468,0.2309,0.7500,1.4725
6.6860,0.2444,0.2470,0.2308,0.7500,1.4722
6.6870,0.2439,0.2473,0.2308,0.7500,1.4719
6.6880,0.2434,0.2475,0.2307,0.7500,1.4717
6.6890,0.2430,0.2477,0.2307,0.7500,1.4715
6.6900,0.2425,0.2479,0.2307,0.7500,1.4712
6.6910,0.2421,0.2481,0.2307,0.7500,1.4709
6.6920,0.2417,0.2483,0.2307,0.7500,1.4707
6.6930,0.2412,0.2485,0.2307,0.7500,1.4705
6.6940,0.2408,0.2487,0.2307,0.7500,1.4702
6.6950,0.2404,0.2489,0.2308,0.7500,1.4700
6.6960,0.2400,0.2490,0.2308,0.7500,1.4698
6.6970,0.2396,0.2492,0.2308,0.7500,1.4696
6.6980,0.2393,0.2493,0.2308,0.7500,1.4694
6.6990,0.2389,0.2494,0.2308,0.7500,1.4692
6.7000,0.2386,0.2495,0.2309,0.7500,1.4690
6.7010,0.2383,0.2496,0.2309,0.7500,1.4688
6.7020,0.2380,0.2497,0.2309,0.7500,1.4686
6.7030,0.2377,0.2498,0.2309,0.7500,1.4684
6.7040,0.2374,0.2499,0.2309,0.7500,1.4682
6.7050,0.2372,0.2499,0.2309,0.7500,1.4680
6.7060,0.2369,0.2500,0.2310,0.7500,1.4678
6.7070,0.2367,0.2500,0.2310,0.7500,1.4676
6.7080,0.2364,0.2500,0.2310,0.7500,1.4674
6.7090,0.2362,0.2501,0.2310,0.7500,1.4672
6.7100,0.2359,0.2501,0.2310,0.7500,1.4671
6.7110,0.2357,0.2501,0.2310,0.7500,1.4669
6.7120,0.2355,0.2501,0.2311,0.7500,1.4667
6.7130,0.2352,0.2501,0.2311,0.7500,1.4665
6.7140,0.2350,0.2502,0.2311,0.7500,1.4662
6.7150,0.2347,0.2502,0.2311,0.7500,1.4661
6.7160,0.2345,0.2502,0.2311,0.7500,1.4659
6.7170,0.2342,0.2503,0.2311,0.7500,1.4657
6.7180,0.2340,0.2503,0.2312,0.7500,1.4654
6.7190,0.2337,0.2504,0.2312,0.7500,1.4652
6.7200,0.2334,0.2504,0.2312,0.7500,1.4650
6.7210,0.2332,0.2504,0.2312,0.7500,1.4648
6.7220,0.2329,0.2505,0.2312,0.7500,1.4646
6.7230,0.2326,0.2505,0.2312,0.7500,1.4643
6.7240,0.2323,0.2505,0.2312,0.7500,1.4641
6.7250,0.2320,0.2506,0.2312,0.7500,1.4639
6.7260,0.2318,0.2506,0.2312,0.7500,1.4636
6.7270,0.2315,0.2506,0.2313,0.7500,1.4634
6.7280,0.2312,0.2507,0.2313,0.7500,1.4632
6.7290,0.2310,0.2507,0.2313,0.7500,1.4630
6.7300,0.2307,0.2507,0.2313,0.7500,1.4627
6.7310,0.2304,0.2508,0.2313,0.7500,1.4625
6.7320,0.2302,0.2508,0.2313,0.7500,1.4623
6.7330,0.2299,0.2508,0.2313,0.7500,1.4621
6.7340,0.2297,0.2509,0.2313,0.7500,1.4619
6.7350,0.2295,0.2509,0.2313,0.7500,1.4617
6.7360,0.2292,0.2509,0.2313,0.7500,1.4615
6.7370,0.2290,0.2510,0.2313,0.7500,1.4613
6.7380,0.2287,0.2510,0.2314,0.7500,1.4611
6.7390,0.2285,0.2510,0.2314,0.7500,1.4609
6.7400,0.2283,0.2510,0.2314,0.7500,1.4607
6.7410,0.2280,0.2511,0.2314,0.7500,1.4605
6.7420,0.2278,0.2511,0.2314,0.7500,1.4603
6.7430,0.2276,0.2511,0.2314,0.7500,1.4601
6.7440,0.2274,0.2511,0.2314,0.7500,1.4599
6.7450,0.2271,0.2512,0.2314,0.7500,1.4597
6.7460,0.2269,0.2512,0.2314,0.7500,1.4595
6.7470,0.2266,0.2512,0.2314,0.7500,1.4592
6.7480,0.2264,0.2512,0.2314,0.7500,1.4590
6.7490,0.2262,0.2512,0.2314,0.7500,1.4588
6.7500,0.2259,0.2513,0.2314,0.7500,1.4586
6.7510,0.2257,0.2513,0.2314,0.7500,1.4584
6.7520,0.2254,0.2513,0.2314,0.7500,1.4582
6.7530,0.2252,0.2513,0.2314,0.7500,1.4579
6.7540,0.2249,0.2513,0.2314,0.7500,1.4577
6.7550,0.2247,0.2514,0.2314,0.7500,1.4575
6.7560,0.2245,0.2514,0.2314,0.7500,1.4573
6.7570,0.2242,0.2514,0.2314,0.7500,1.4571
6.7580,0.2240,0.2514,0.2314,0.7500,1.4569
6.7590,0.2237,0.2515,0.2314,0.7500,1.4566
6.7600,0.2235,0.2515,0.2315,0.7500,1.4564
6.7610,0.2232,0.2515,0.2315,0.7500,1.4562
6.7620,0.2230,0.2515,0.2315,0.7500,1.4560
6.7630,0.2228,0.2516,0.2315,0.7500,1.4558
6.7640,0.2225,0.2516,0.2315,0.7500,1.4556
6.7650,0.2223,0.2516,0.2315,0.7500,1.4554
6.7660,0.2221,0.2516,0.2315,0.7500,1.4552
6.7670,0.2218,0.2517,0.2315,0.7500,1.4550
6.7680,0.2216,0.2517,0.2315,0.7500,1.4548
6.7690,0.2214,0.2517,0.2315,0.7500,1.4545
6.7700,0.2211,0.2517,0.2315,0.7500,1.4543
6.7710,0.2209,0.2518,0.2315,0.7500,1.4541
6.7720,0.2207,0.2518,0.2315,0.7500,1.4539
6.7730,0.2205,0.2518,0.2315,0.7500,1.4537
6.7740,0.2202,0.2518,0.2315,0.7500,1.4535
6.7750,0.2200,0.2518,0.2315,0.7500,1.4533
6.7760,0.2198,0.2519,0.2315,0.7500,1.4531
6.7770,0.2196,0.2519,0.2315,0.7500,1.4529
6.7780,0.2193,0.2519,0.2315,0.7500,1.4527
6.7790,0.2191,0.2519,0.2315,0.7500,1.4525
6.7800,0.2189,0.2519,0.2315,0.7500,1.4523
6.7810,0.2186,0.2520,0.2315,0.7500,1.4521
6.7820,0.2184,0.2520,0.2315,0.7500,1.4519
6.7830,0.2182,0.2520,0.2315,0.7500,1.4517
6.7840,0.2180,0.2520,0.2315,0.7500,1.4515
6.7850,0.2177,0.2520,0.2315,0.7500,1.4513
6.7860,0.2175,0.2521,0.2315,0.7500,1.4510
6.7870,0.2173,0.2521,0.2315,0.7500,1.4508
6.7880,0.2170,0.2521,0.2315,0.7500,1.4506
6.7890,0.2168,0.2521,0.2315,0.7500,1.4504
6.7900,0.2166,0.2521,0.2315,0.7500,1.4502
6.7910,0.2163,0.2522,0.2315,0.7500,1.4500
6.7920,0.2161,0.2522,0.2315,0.7500,1.4498
6.7930,0.2159,0.2522,0.2315,0.7500,1.4496
6.7940,0.2157,0.2522,0.2315,0.7500,1.4494
6.7950,0.2154,0.2523,0.2315,0.7500,1.4492
6.7960,0.2152,0.2523,0.2315,0.7500,1.4490
6.7970,0.2150,0.2523,0.2315,0.7500,1.4488
6.7980,0.2148,0.2523,0.2315,0.7500,1.4486
6.7990,0.2146,0.2523,0.2315,0.7500,1.4484
6.8000,0.2143,0.2524,0.2315,0.7500,1.4482
6.8010,0.2141,0.2524,0.2315,0.7500,1.4480
6.8020,0.2139,0.2524,0.2315,0.7500,1.4478
6.8030,0.2137,0.2524,0.2315,0.7500,1.4476
6.8040,0.2135,0.2524,0.2315,0.7500,1.4474
6.8050,0.2132,0.2525,0.2315,0.7500,1.4472
6.8060,0.2130,0.2525,0.2315,0.7500,1.4470
6.8070,0.2128,0.2525,0.2315,0.7500,1.4468
6.8080,0.2126,0.2525,0.2315,0.7500,1.4466
6.8090,0.2124,0.2525,0.2315,0.7500,1.4464
6.8100,0.2122,0.2525,0.2315,0.7500,1.4462
6.8110,0.2119,0.2526,0.2315,0.7500,1.4460
6.8120,0.2117,0.2526,0.2315,0.7500,1.4458
6.8130,0.2115,0.2526,0.2315,0.7500,1.4456
6.8140,0.2113,0.2526,0.2315,0.7500,1.4454
6.8150,0.2111,0.2526,0.2315,0.7500,1.4452
6.8160,0.2108,0.2527,0.2315,0.7500,1.4450
6.8170,0.2106,0.2527,0.2315,0.7500,1.4448
6.8180,0.2104,0.2527,0.2315,0.7500,1.4446
6.8190,0.2102,0.2527,0.2315,0.7500,1.4444
6.8200,0.2100,0.2527,0.2315,0.7500,1.4442
6.8210,0.2098,0.2528,0.2315,0.7500,1.4440
6.8220,0.2095,0.2528,0.2315,0.7500,1.4439
6.8230,0.2093,0.2528,0.2315,0.7500,1.4437
6.8240,0.2091,0.2528,0.2315,0.7500,1.4435
6.8250,0.2089,0.2528,0.2315,0.7500,1.4433
6.8260,0.2087,0.2528,0.2315,0.7500,1.4431
6.8270,0.2085,0.2529,0.2315,0.7500,1.4429
6.8280,0.2083,0.2529,0.2315,0.7500,1.4427
6.8290,0.2081,0.2529,0.2315,0.7500,1.4425
6.8300,0.2078,0.2529,0.2315,0.7500,1.4423
6.8310,0.2076,0.2529,0.2315,0.7500,1.4421
6.8320,0.2074,0.2530,0.2315,0.7500,1.4419
6.8330,0.2072,0.2530,0.2315,0.7500,1.4417
6.8340,0.2070,0.2530,0.2315,0.7500,1.4415
6.8350,0.2068,0.2530,0.2315,0.7500,1.4413
6.8360,0.2066,0.2530,0.2315,0.7500,1.4412
6.8370,0.2064,0.2530,0.2315,0.7500,1.4410
6.8380,0.2062,0.2531,0.2315,0.7500,1.4408
6.8390,0.2060,0.2531,0.2315,0.7500,1.4406
6.8400,0.2058,0.2531,0.2315,0.7500,1.4404
6.8410,0.2055,0.2531,0.2315,0.7500,1.4402
6.8420,0.2053,0.2531,0.2315,0.7500,1.4400
6.8430,0.2051,0.2532,0.2315,0.7500,1.4398
6.8440,0.2049,0.2532,0.2315,0.7500,1.4396
6.8450,0.2047,0.2532,0.2315,0.7500,1.4394
6.8460,0.2045,0.2532,0.2315,0.7500,1.4393
6.8470,0.2043,0.2532,0.2315,0.7500,1.4391
6.8480,0.2041,0.2532,0.2315,0.7500,1.4389
6.8490,0.2039,0.2533,0.2315,0.7500,1.4387
6.8500,0.2037,0.2533,0.2315,0.7500,1.4385
6.8510,0.2035,0.2533,0.2315,0.7500,1.4383
6.8520,0.2033,0.2533,0.2316,0.7500,1.4381
6.8530,0.2031,0.2533,0.2316,0.7500,1.4379
6.8540,0.2029,0.2533,0.2316,0.7500,1.4378
6.8550,0.2027,0.2534,0.2316,0.7500,1.4376
6.8560,0.2025,0.2534,0.2316,0.7500,1.4374
6.8570,0.2023,0.2534,0.2316,0.7500,1.4372
6.8580,0.2021,0.2534,0.2316,0.7500,1.4370
6.8590,0.2019,0.2534,0.2316,0.7500,1.4368
6.8600,0.2016,0.2534,0.2316,0.7500,1.4366
6.8610,0.2014,0.2535,0.2316,0.7500,1.4365
6.8620,0.2012,0.2535,0.2316,0.7500,1.4363
6.8630,0.2010,0.2535,0.2316,0.7500,1.4361
6.8640,0.2008,0.2535,0.2316,0.7500,1.4359
6.8650,0.2006,0.2535,0.2316,0.7500,1.4357
6.8660,0.2004,0.2535,0.2316,0.7500,1.4355
6.8670,0.2002,0.2535,0.2316,0.7500,1.4354
6.8680,0.2000,0.2536,0.2316,0.7500,1.4352
6.8690,0.1998,0.2536,0.2316,0.7500,1.4350
6.8700,0.1996,0.2536,0.2316,0.7500,1.4348
6.8710,0.1995,0.2536,0.2316,0.7500,1.4346
6.8720,0.1993,0.2536,0.2316,0.7500,1.4344
6.8730,0.1991,0.2536,0.2316,0.7500,1.4343
6.8740,0.1989,0.2537,0.2316,0.7500,1.4341
6.8750,0.1987,0.2537,0.2316,0.7500,1.4339
6.8760,0.1985,0.2537,0.2316,0.7500,1.4337
6.8770,0.1983,0.2537,0.2316,0.7500,1.4335
6.8780,0.1981,0.2537,0.2316,0.7500,1.4334
6.8790,0.1979,0.2537,0.2316,0.7500,1.4332
6.8800,0.1977,0.2538,0.2316,0.7500,1.4330
6.8810,0.1975,0.2538,0.2316,0.7500,1.4328
6.8820,0.1973,0.2538,0.2316,0.7500,1.4326
6.8830,0.1971,0.2538,0.2316,0.7500,1.4325
6.8840,0.1969,0.2538,0.2316,0.7500,1.4323
6.8850,0.1967,0.2538,0.2316,0.7500,1.4321
6.8860,0.1965,0.2538,0.2316,0.7500,1.4319
6.8870,0.1963,0.2539,0.2316,0.7500,1.4318
6.8880,0.1961,0.2539,0.2316,0.7500,1.4316
6.8890,0.1959,0.2539,0.2316,0.7500,1.4314
6.8900,0.1957,0.2539,0.2316,0.7500,1.4312
6.8910,0.1955,0.2539,0.2316,0.7500,1.4310
6.8920,0.1954,0.2539,0.2316,0.7500,1.4309
6.8930,0.1952,0.2539,0.2316,0.7500,1.4307
6.8940,0.1950,0.2540,0.2316,0.7500,1.4305
6.8950,0.1948,0.2540,0.2316,0.7500,1.4303
6.8960,0.1946,0.2540,0.2316,0.7500,1.4302
6.8970,0.1944,0.2540,0.2316,0.7500,1.4300
6.8980,0.1942,0.2540,0.2316,0.7500,1.4298
6.8990,0.1940,0.2540,0.2316,0.7500,1.4296
6.9000,0.1938,0.2540,0.2316,0.7500,1.4295
6.9010,0.1936,0.2541,0.2316,0.7500,1.4293
6.9020,0.1935,0.2541,0.2316,0.7500,1.4291
6.9030,0.1933,0.2541,0.2316,0.7500,1.4289
6.9040,0.1931,0.2541,0.2316,0.7500,1.4288
6.9050,0.1929,0.2541,0.2316,0.7500,1.4286
6.9060,0.1927,0.2541,0.2316,0.7500,1.4284
6.9070,0.1925,0.2541,0.2316,0.7500,1.4282
6.9080,0.1923,0.2542,0.2316,0.7500,1.4281
6.9090,0.1921,0.2542,0.2316,0.7500,1.4279
6.9100,0.1919,0.2542,0.2316,0.7500,1.4277
6.9110,0.1918,0.2542,0.2316,0.7500,1.4276
6.9120,0.1916,0.2542,0.2316,0.7500,1.4274
6.9130,0.1914,0.2542,0.2316,0.7500,1.4272
6.9140,0.1912,0.2542,0.2316,0.7500,1.4270
6.9150,0.1910,0.2543,0.2316,0.7500,1.4269
6.9160,0.1908,0.2543,0.2316,0.7500,1.4267
6.9170,0.1907,0.2543,0.2316,0.7500,1.4265
6.9180,0.1905,0.2543,0.2316,0.7500,1.4264
6.9190,0.1903,0.2543,0.2316,0.7500,1.4262
6.9200,0.1901,0.2543,0.2316,0.7500,1.4260
6.9210,0.1899,0.2543,0.2316,0.7500,1.4259
6.9220,0.1897,0.2543,0.2316,0.7500,1.4257
6.9230,0.1895,0.2544,0.2316,0.7500,1.4255
6.9240,0.1894,0.2544,0.2316,0.7500,1.4253
6.9250,0.1892,0.2544,0.2316,0.7500,1.4252
6.9260,0.1890,0.2544,0.2316,0.7500,1.4250
6.9270,0.1888,0.2544,0.2316,0.7500,1.4248
6.9280,0.1886,0.2544,0.2316,0.7500,1.4247
6.9290,0.1885,0.2544,0.2316,0.7500,1.4245
6.9300,0.1883,0.2545,0.2316,0.7500,1.4243
6.9310,0.1881,0.2545,0.2316,0.7500,1.4242
6.9320,0.1879,0.2545,0.2316,0.7500,1.4240
6.9330,0.1877,0.2545,0.2316,0.7500,1.4238
6.9340,0.1876,0.2545,0.2316,0.7500,1.4237
6.9350,0.1874,0.2545,0.2316,0.7500,1.4235
6.9360,0.1872,0.2545,0.2316,0.7500,1.4233
6.9370,0.1870,0.2545,0.2316,0.7500,1.4232
6.9380,0.1868,0.2546,0.2316,0.7500,1.4230
6.9390,0.1867,0.2546,0.2316,0.7500,1.4228
6.9400,0.1865,0.2546,0.2316,0.7500,1.4227
6.9410,0.1863,0.2546,0.2316,0.7500,1.4225
6.9420,0.1861,0.2546,0.2316,0.7500,1.4223
6.9430,0.1860,0.2546,0.2316,0.7500,1.4222
6.9440,0.1858,0.2546,0.2316,0.7500,1.4220
6.9450,0.1856,0.2546,0.2316,0.7500,1.4219
6.9460,0.1854,0.2547,0.2316,0.7500,1.4217
6.9470,0.1852,0.2547,0.2316,0.7500,1.4215
6.9480,0.1851,0.2547,0.2316,0.7500,1.4214
6.9490,0.1849,0.2547,0.2316,0.7500,1.4212
6.9500,0.1847,0.2547,0.2316,0.7500,1.4210
6.9510,0.1845,0.2547,0.2316,0.7500,1.4209
6.9520,0.1844,0.2547,0.2316,0.7500,1.4207
6.9530,0.1842,0.2547,0.2316,0.7500,1.4206
6.9540,0.1840,0.2548,0.2316,0.7500,1.4204
6.9550,0.1838,0.2548,0.2316,0.7500,1.4202
6.9560,0.1837,0.2548,0.2316,0.7500,1.4201
6.9570,0.1835,0.2548,0.2316,0.7500,1.4199
6.9580,0.1833,0.2548,0.2316,0.7500,1.4197
6.9590,0.1832,0.2548,0.2316,0.7500,1.4196
6.9600,0.1830,0.2548,0.2316,0.7500,1.4194
6.9610,0.1828,0.2548,0.2316,0.7500,1.4193
6.9620,0.1826,0.2548,0.2316,0.7500,1.4191
6.9630,0.1825,0.2549,0.2316,0.7500,1.4189
6.9640,0.1823,0.2549,0.2316,0.7500,1.4188
6.9650,0.1821,0.2549,0.2316,0.7500,1.4186
6.9660,0.1820,0.2549,0.2316,0.7500,1.4185
6.9670,0.1818,0.2549,0.2316,0.7500,1.4183
6.9680,0.1816,0.2549,0.2316,0.7500,1.4182
6.9690,0.1814,0.2549,0.2316,0.7500,1.4180
6.9700,0.1813,0.2549,0.2316,0.7500,1.4178
6.9710,0.1811,0.2549,0.2316,0.7500,1.4177
6.9720,0.1809,0.2550,0.2316,0.7500,1.4175
6.9730,0.1808,0.2550,0.2316,0.7500,1.4174
6.9740,0.1806,0.2550,0.2316,0.7500,1.4172
6.9750,0.1804,0.2550,0.2316,0.7500,1.4171
6.9760,0.1803,0.2550,0.2316,0.7500,1.4169
6.9770,0.1801,0.2550,0.2316,0.7500,1.4167
6.9780,0.1799,0.2550,0.2316,0.7500,1.4166
6.9790,0.1798,0.2550,0.2316,0.7500,1.4164
6.9800,0.1796,0.2550,0.2316,0.7500,1.4163
6.9810,0.1794,0.2551,0.2316,0.7500,1.4161
6.9820,0.1793,0.2551,0.2316,0.7500,1.4160
6.9830,0.1791,0.2551,0.2316,0.7500,1.4158
6.9840,0.1789,0.2551,0.2316,0.7500,1.4157
6.9850,0.1788,0.2551,0.2316,0.7500,1.4155
6.9860,0.1786,0.2551,0.2316,0.7500,1.4153
6.9870,0.1784,0.2551,0.2316,0.7500,1.4152
6.9880,0.1783,0.2551,0.2316,0.7500,1.4150
6.9890,0.1781,0.2551,0.2316,0.7500,1.4149
6.9900,0.1779,0.2552,0.2316,0.7500,1.4147
6.9910,0.1778,0.2552,0.2316,0.7500,1.4146
6.9920,0.1776,0.2552,0.2316,0.7500,1.4144
6.9930,0.1774,0.2552,0.2316,0.7500,1.4143
6.9940,0.1773,0.2552,0.2316,0.7500,1.4141
6.9950,0.1771,0.2552,0.2316,0.7500,1.4140
6.9960,0.1769,0.2552,0.2316,0.7500,1.4138
6.9970,0.1768,0.2552,0.2316,0.7500,1.4137
6.9980,0.1766,0.2552,0.2316,0.7500,1.4135
6.9990,0.1765,0.2553,0.2316,0.7500,1.4134
7.0000,0.1763,0.2553,0.2316,0.7500,1.4132
7.0010,0.1761,0.2553,0.2316,0.7500,1.4131
7.0020,0.1760,0.2553,0.2316,0.7500,1.4129
7.0030,0.1758,0.2553,0.2316,0.7500,1.4128
7.0040,0.1756,0.2553,0.2316,0.7500,1.4126
7.0050,0.1755,0.2553,0.2317,0.7500,1.4124
7.0060,0.1753,0.2553,0.2317,0.7500,1.4123
7.0070,0.1752,0.2553,0.2317,0.7500,1.4121
7.0080,0.1750,0.2553,0.2317,0.7500,1.4120
7.0090,0.1748,0.2554,0.2317,0.7500,1.4119
7.0100,0.1747,0.2554,0.2317,0.7500,1.4117
7.0110,0.1745,0.2554,0.2317,0.7500,1.4116
7.0120,0.1744,0.2554,0.2317,0.7500,1.4114
7.0130,0.1742,0.2554,0.2317,0.7500,1.4113
7.0140,0.1741,0.2554,0.2317,0.7500,1.4111
7.0150,0.1739,0.2554,0.2317,0.7500,1.4110
7.0160,0.1737,0.2554,0.2317,0.7500,1.4108
7.0170,0.1736,0.2554,0.2317,0.7500,1.4107
7.0180,0.1734,0.2554,0.2317,0.7500,1.4105
7.0190,0.1733,0.2554,0.2317,0.7500,1.4104
7.0200,0.1731,0.2555,0.2317,0.7500,1.4102
7.0210,0.1729,0.2555,0.2317,0.7500,1.4101
7.0220,0.1728,0.2555,0.2317,0.7500,1.4099
7.0230,0.1726,0.2555,0.2317,0.7500,1.4098
7.0240,0.1725,0.2555,0.2317,0.7500,1.4096
7.0250,0.1723,0.2555,0.2317,0.7500,1.4095
7.0260,0.1722,0.2555,0.2317,0.7500,1.4093
7.0270,0.1720,0.2555,0.2317,0.7500,1.4092
7.0280,0.1719,0.2555,0.2317,0.7500,1.4091
7.0290,0.1717,0.2555,0.2317,0.7500,1.4089
7.0300,0.1715,0.2556,0.2317,0.7500,1.4088
7.0310,0.1714,0.2556,0.2317,0.7500,1.4086
7.0320,0.1712,0.2556,0.2317,0.7500,1.4085
7.0330,0.1711,0.2556,0.2317,0.7500,1.4083
7.0340,0.1709,0.2556,0.2317,0.7500,1.4082
7.0350,0.1708,0.2556,0.2317,0.7500,1.4080
7.0360,0.1706,0.2556,0.2317,0.7500,1.4079
7.0370,0.1705,0.2556,0.2317,0.7500,1.4078
7.0380,0.1703,0.2556,0.2317,0.7500,1.4076
7.0390,0.1702,0.2556,0.2317,0.7500,1.4075
7.0400,0.1700,0.2556,0.2317,0.7500,1.4073
7.0410,0.1699,0.2557,0.2317,0.7500,1.4072
7.0420,0.1697,0.2557,0.2317,0.7500,1.4070
7.0430,0.1696,0.2557,0.2317,0.7500,1.4069
7.0440,0.1694,0.2557,0.2317,0.7500,1.4068
7.0450,0.1693,0.2557,0.2317,0.7500,1.4066
7.0460,0.1691,0.2557,0.2317,0.7500,1.4065
7.0470,0.1690,0.2557,0.2317,0.7500,1.4063
7.0480,0.1688,0.2557,0.2317,0.7500,1.4062
7.0490,0.1687,0.2557,0.2317,0.7500,1.4061
7.0500,0.1685,0.2557,0.2317,0.7500,1.4059
7.0510,0.1684,0.2557,0.2317,0.7500,1.4058
7.0520,0.1682,0.2557,0.2317,0.7500,1.4056
7.0530,0.1681,0.2558,0.2317,0.7500,1.4055
7.0540,0.1679,0.2558,0.2317,0.7500,1.4054
7.0550,0.1678,0.2558,0.2317,0.7500,1.4052
7.0560,0.1676,0.2558,0.2317,0.7500,1.4051
7.0570,0.1675,0.2558,0.2317,0.7500,1.4049
7.0580,0.1673,0.2558,0.2317,0.7500,1.4048
7.0590,0.1672,0.2558,0.2317,0.7500,1.4047
7.0600,0.1670,0.2558,0.2317,0.7500,1.4045
7.0610,0.1669,0.2558,0.2317,0.7500,1.4044
7.0620,0.1667,0.2558,0.2317,0.7500,1.4042
7.0630,0.1666,0.2558,0.2317,0.7500,1.4041
7.0640,0.1664,0.2559,0.2317,0.7500,1.4040
7.0650,0.1663,0.2559,0.2317,0.7500,1.4038
7.0660,0.1661,0.2559,0.2317,0.7500,1.4037
7.0670,0.1660,0.2559,0.2317,0.7500,1.4036
7.0680,0.1659,0.2559,0.2317,0.7500,1.4034
7.0690,0.1657,0.2559,0.2317,0.7500,1.4033
7.0700,0.1656,0.2559,0.2317,0.7500,1.4031
7.0710,0.1654,0.2559,0.2317,0.7500,1.4030
7.0720,0.1653,0.2559,0.2317,0.7500,1.4029
7.0730,0.1651,0.2559,0.2317,0.7500,1.4027
7.0740,0.1650,0.2559,0.2317,0.7500,1.4026
7.0750,0.1648,0.2559,0.2317,0.7500,1.4025
7.0760,0.1647,0.2559,0.2317,0.7500,1.4023
7.0770,0.1646,0.2560,0.2317,0.7500,1.4022
7.0780,0.1644,0.2560,0.2317,0.7500,1.4021
7.0790,0.1643,0.2560,0.2317,0.7500,1.4019
7.0800,0.1641,0.2560,0.2317,0.7500,1.4018
7.0810,0.1640,0.2560,0.2317,0.7500,1.4017
7.0820,0.1638,0.2560,0.2317,0.7500,1.4015
7.0830,0.1637,0.2560,0.2317,0.7500,1.4014
7.0840,0.1636,0.2560,0.2317,0.7500,1.4012
7.0850,0.1634,0.2560,0.2317,0.7500,1.4011
7.0860,0.1633,0.2560,0.2317,0.7500,1.4010
7.0870,0.1631,0.2560,0.2317,0.7500,1.4008
7.0880,0.1630,0.2560,0.2317,0.7500,1.4007
7.0890,0.1628,0.2560,0.2317,0.7500,1.4006
7.0900,0.1627,0.2561,0.2317,0.7500,1.4004
7.0910,0.1626,0.2561,0.2317,0.7500,1.4003
7.0920,0.1624,0.2561,0.2317,0.7500,1.4002
7.0930,0.1623,0.2561,0.2317,0.7500,1.4001
7.0940,0.1621,0.2561,0.2317,0.7500,1.3999
7.0950,0.1620,0.2561,0.2317,0.7500,1.3998
7.0960,0.1619,0.2561,0.2317,0.7500,1.3997
7.0970,0.1617,0.2561,0.2317,0.7500,1.3995
7.0980,0.1616,0.2561,0.2317,0.7500,1.3994
7.0990,0.1614,0.2561,0.2317,0.7500,1.3993
7.1000,0.1613,0.2561,0.2317,0.7500,1.3991
7.1010,0.1612,0.2561,0.2317,0.7500,1.3990
7.1020,0.1610,0.2561,0.2317,0.7500,1.3989
7.1030,0.1609,0.2562,0.2317,0.7500,1.3987
7.1040,0.1608,0.2562,0.2317,0.7500,1.3986
7.1050,0.1606,0.2562,0.2317,0.7500,1.3985
7.1060,0.1605,0.2562,0.2317,0.7500,1.3984
7.1070,0.1603,0.2562,0.2317,0.7500,1.3982
7.1080,0.1602,0.2562,0.2317,0.7500,1.3981
7.1090,0.1601,0.2562,0.2317,0.7500,1.3980
7.1100,0.1599,0.2562,0.2317,0.7500,1.3978
7.1110,0.1598,0.2562,0.2317,0.7500,1.3977
7.1120,0.1597,0.2562,0.2317,0.7500,1.3976
7.1130,0.1595,0.2562,0.2317,0.7500,1.3974
7.1140,0.1594,0.2562,0.2317,0.7500,1.3973
7.1150,0.1593,0.2562,0.2317,0.7500,1.3972
7.1160,0.1591,0.2562,0.2317,0.7500,1.3971
7.1170,0.1590,0.2563,0.2317,0.7500,1.3969
7.1180,0.1589,0.2563,0.2317,0.7500,1.3968
7.1190,0.1587,0.2563,0.2317,0.7500,1.3967
7.1200,0.1586,0.2563,0.2317,0.7500,1.3966
7.1210,0.1585,0.2563,0.2317,0.7500,1.3964
7.1220,0.1583,0.2563,0.2317,0.7500,1.3963
7.1230,0.1582,0.2563,0.2317,0.7500,1.3962
7.1240,0.1581,0.2563,0.2317,0.7500,1.3961
7.1250,0.1579,0.2563,0.2317,0.7500,1.3959
7.1260,0.1578,0.2563,0.2317,0.7500,1.3958
7.1270,0.1577,0.2563,0.2317,0.7500,1.3957
7.1280,0.1575,0.2563,0.2317,0.7500,1.3955
7.1290,0.1574,0.2563,0.2317,0.7500,1.3954
7.1300,0.1573,0.2563,0.2317,0.7500,1.3953
7.1310,0.1571,0.2563,0.2317,0.7500,1.3952
7.1320,0.1570,0.2564,0.2317,0.7500,1.3950
7.1330,0.1569,0.2564,0.2317,0.7500,1.3949
7.1340,0.1567,0.2564,0.2317,0.7500,1.3948
7.1350,0.1566,0.2564,0.2317,0.7500,1.3947
7.1360,0.1565,0.2564,0.2317,0.7500,1.3946
7.1370,0.1563,0.2564,0.2317,0.7500,1.3944
7.1380,0.1562,0.2564,0.2317,0.7500,1.3943
7.1390,0.1561,0.2564,0.2317,0.7500,1.3942
7.1400,0.1559,0.2564,0.2317,0.7500,1.3941
7.1410,0.1558,0.2564,0.2317,0.7500,1.3939
7.1420,0.1557,0.2564,0.2317,0.7500,1.3938
7.1430,0.1556,0.2564,0.2317,0.7500,1.3937
7.1440,0.1554,0.2564,0.2317,0.7500,1.3936
7.1450,0.1553,0.2564,0.2317,0.7500,1.3934
7.1460,0.1552,0.2564,0.2317,0.7500,1.3933
7.1470,0.1550,0.2565,0.2317,0.7500,1.3932
7.1480,0.1549,0.2565,0.2317,0.7500,1.3931
7.1490,0.1548,0.2565,0.2317,0.7500,1.3930
7.1500,0.1547,0.2565,0.2317,0.7500,1.3928
7.1510,0.1545,0.2565,0.2317,0.7500,1.3927
7.1520,0.1544,0.2565,0.2317,0.7500,1.3926
7.1530,0.1543,0.2565,0.2317,0.7500,1.3925
7.1540,0.1541,0.2565,0.2317,0.7500,1.3923
7.1550,0.1540,0.2565,0.2317,0.7500,1.3922
7.1560,0.1539,0.2565,0.2317,0.7500,1.3921
7.1570,0.1538,0.2565,0.2317,0.7500,1.3920
7.1580,0.1536,0.2565,0.2317,0.7500,1.3919
7.1590,0.1535,0.2565,0.2317,0.7500,1.3917
7.1600,0.1534,0.2565,0.2317,0.7500,1.3916
7.1610,0.1533,0.2565,0.2317,0.7500,1.3915
7.1620,0.1531,0.2565,0.2317,0.7500,1.3914
7.1630,0.1530,0.2565,0.2317,0.7500,1.3913
7.1640,0.1529,0.2566,0.2317,0.7500,1.3912
7.1650,0.1528,0.2566,0.2317,0.7500,1.3910
7.1660,0.1526,0.2566,0.2317,0.7500,1.3909
7.1670,0.1525,0.2566,0.2317,0.7500,1.3908
7.1680,0.1524,0.2566,0.2317,0.7500,1.3907
7.1690,0.1523,0.2566,0.2317,0.7500,1.3906
7.1700,0.1521,0.2566,0.2317,0.7500,1.3904
7.1710,0.1520,0.2566,0.2317,0.7500,1.3903
7.1720,0.1519,0.2566,0.2317,0.7500,1.3902
7.1730,0.1518,0.2566,0.2317,0.7500,1.3901
7.1740,0.1516,0.2566,0.2317,0.7500,1.3900
7.1750,0.1515,0.2566,0.2317,0.7500,1.3899
7.1760,0.1514,0.2566,0.2317,0.7500,1.3897
7.1770,0.1513,0.2566,0.2317,0.7500,1.3896
7.1780,0.1512,0.2566,0.2317,0.7500,1.3895
7.1790,0.1510,0.2566,0.2317,0.7500,1.3894
7.1800,0.1509,0.2566,0.2317,0.7500,1.3893
7.1810,0.1508,0.2567,0.2317,0.7500,1.3892
7.1820,0.1507,0.2567,0.2317,0.7500,1.3890
7.1830,0.1505,0.2567,0.2317,0.7500,1.3889
7.1840,0.1504,0.2567,0.2317,0.7500,1.3888
7.1850,0.1503,0.2567,0.2317,0.7500,1.3887
7.1860,0.1502,0.2567,0.2317,0.7500,1.3886
7.1870,0.1501,0.2567,0.2317,0.7500,1.3885
7.1880,0.1499,0.2567,0.2317,0.7500,1.3883
7.1890,0.1498,0.2567,0.2317,0.7500,1.3882
7.1900,0.1497,0.2567,0.2317,0.7500,1.3881
7.1910,0.1496,0.2567,0.2317,0.7500,1.3880
7.1920,0.1495,0.2567,0.2317,0.7500,1.3879
7.1930,0.1493,0.2567,0.2317,0.7500,1.3878
7.1940,0.1492,0.2567,0.2317,0.7500,1.3877
7.1950,0.1491,0.2567,0.2317,0.7500,1.3875
7.1960,0.1490,0.2567,0.2317,0.7500,1.3874
7.1970,0.1489,0.2567,0.2317,0.7500,1.3873
7.1980,0.1487,0.2567,0.2317,0.7500,1.3872
7.1990,0.1486,0.2568,0.2317,0.7500,1.3871
7.2000,0.1485,0.2568,0.2317,0.7500,1.3870
7.2010,0.1484,0.2568,0.2317,0.7500,1.3869
7.2020,0.1483,0.2568,0.2317,0.7500,1.3868
7.2030,0.1482,0.2568,0.2317,0.7500,1.3866
7.2040,0.1480,0.2568,0.2317,0.7500,1.3865
7.2050,0.1479,0.2568,0.2317,0.7500,1.3864
7.2060,0.1478,0.2568,0.2317,0.7500,1.3863
7.2070,0.1477,0.2568,0.2317,0.7500,1.3862
7.2080,0.1476,0.2568,0.2317,0.7500,1.3861
7.2090,0.1474,0.2568,0.2317,0.7500,1.3860
7.2100,0.1473,0.2568,0.2317,0.7500,1.3859
7.2110,0.1472,0.2568,0.2317,0.7500,1.3858
7.2120,0.1471,0.2568,0.2317,0.7500,1.3856
7.2130,0.1470,0.2568,0.2317,0.7500,1.3855
7.2140,0.1469,0.2568,0.2317,0.7500,1.3854
7.2150,0.1468,0.2568,0.2317,0.7500,1.3853
7.2160,0.1466,0.2568,0.2317,0.7500,1.3852
7.2170,0.1465,0.2568,0.2317,0.7500,1.3851
7.2180,0.1464,0.2568,0.2317,0.7500,1.3850
7.2190,0.1463,0.2569,0.2317,0.7500,1.3849
7.2200,0.1462,0.2569,0.2317,0.7500,1.3848
7.2210,0.1461,0.2569,0.2317,0.7500,1.3847
7.2220,0.1459,0.2569,0.2317,0.7500,1.3845
7.2230,0.1458,0.2569,0.2317,0.7500,1.3844
7.2240,0.1457,0.2569,0.2317,0.7500,1.3843
7.2250,0.1456,0.2569,0.2317,0.7500,1.3842
7.2260,0.1455,0.2569,0.2317,0.7500,1.3841
7.2270,0.1454,0.2569,0.2317,0.7500,1.3840
7.2280,0.1453,0.2569,0.2317,0.7500,1.3839
7.2290,0.1452,0.2569,0.2317,0.7500,1.3838
7.2300,0.1450,0.2569,0.2317,0.7500,1.3837
7.2310,0.1449,0.2569,0.2317,0.7500,1.3836
7.2320,0.1448,0.2569,0.2317,0.7500,1.3835
7.2330,0.1447,0.2569,0.2317,0.7500,1.3834
7.2340,0.1446,0.2569,0.2317,0.7500,1.3832
7.2350,0.1445,0.2569,0.2317,0.7500,1.3831
7.2360,0.1444,0.2569,0.2317,0.7500,1.3830
7.2370,0.1443,0.2569,0.2317,0.7500,1.3829
7.2380,0.1441,0.2569,0.2317,0.7500,1.3828
7.2390,0.1440,0.2569,0.2317,0.7500,1.3827
7.2400,0.1439,0.2570,0.2317,0.7500,1.3826
7.2410,0.1438,0.2570,0.2317,0.7500,1.3825
7.2420,0.1437,0.2570,0.2317,0.7500,1.3824
7.2430,0.1436,0.2570,0.2317,0.7500,1.3823
7.2440,0.1435,0.2570,0.2317,0.7500,1.3822
7.2450,0.1434,0.2570,0.2317,0.7500,1.3821
7.2460,0.1433,0.2570,0.2317,0.7500,1.3820
7.2470,0.1431,0.2570,0.2317,0.7500,1.3819
7.2480,0.1430,0.2570,0.2317,0.7500,1.3818
7.2490,0.1429,0.2570,0.2317,0.7500,1.3817
7.2500,0.1428,0.2570,0.2317,0.7500,1.3816
7.2510,0.1427,0.2570,0.2317,0.7500,1.3814
7.2520,0.1426,0.2570,0.2317,0.7500,1.3813
7.2530,0.1425,0.2570,0.2317,0.7500,1.3812
7.2540,0.1424,0.2570,0.2317,0.7500,1.3811
7.2550,0.1423,0.2570,0.2317,0.7500,1.3810
7.2560,0.1422,0.2570,0.2317,0.7500,1.3809
7.2570,0.1421,0.2570,0.2317,0.7500,1.3808
7.2580,0.1420,0.2570,0.2317,0.7500,1.3807
7.2590,0.1418,0.2570,0.2317,0.7500,1.3806
7.2600,0.1417,0.2570,0.2317,0.7500,1.3805
7.2610,0.1416,0.2570,0.2317,0.7500,1.3804
7.2620,0.1415,0.2571,0.2317,0.7500,1.3803
7.2630,0.1414,0.2571,0.2317,0.7500,1.3802
7.2640,0.1413,0.2571,0.2317,0.7500,1.3801
7.2650,0.1412,0.2571,0.2317,0.7500,1.3800
7.2660,0.1411,0.2571,0.2317,0.7500,1.3799
7.2670,0.1410,0.2571,0.2317,0.7500,1.3798
7.2680,0.1409,0.2571,0.2317,0.7500,1.3797
7.2690,0.1408,0.2571,0.2317,0.7500,1.3796
7.2700,0.1407,0.2571,0.2317,0.7500,1.3795
7.2710,0.1406,0.2571,0.2317,0.7500,1.3794
7.2720,0.1405,0.2571,0.2317,0.7500,1.3793
7.2730,0.1404,0.2571,0.2317,0.7500,1.3792
7.2740,0.1402,0.2571,0.2317,0.7500,1.3791
7.2750,0.1401,0.2571,0.2317,0.7500,1.3790
7.2760,0.1400,0.2571,0.2317,0.7500,1.3789
7.2770,0.1399,0.2571,0.2317,0.7500,1.3788
7.2780,0.1398,0.2571,0.2317,0.7500,1.3787
7.2790,0.1397,0.2571,0.2317,0.7500,1.3786
7.2800,0.1396,0.2571,0.2317,0.7500,1.3785
7.2810,0.1395,0.2571,0.2317,0.7500,1.3784
7.2820,0.1394,0.2571,0.2317,0.7500,1.3783
7.2830,0.1393,0.2571,0.2317,0.7500,1.3782
7.2840,0.1392,0.2571,0.2317,0.7500,1.3781
7.2850,0.1391,0.2571,0.2317,0.7500,1.3780
7.2860,0.1390,0.2571,0.2317,0.7500,1.3779
7.2870,0.1389,0.2572,0.2317,0.7500,1.3778
7.2880,0.1388,0.2572,0.2317,0.7500,1.3777
7.2890,0.1387,0.2572,0.2317,0.7500,1.3776
7.2900,0.1386,0.2572,0.2317,0.7500,1.3775
7.2910,0.1385,0.2572,0.2317,0.7500,1.3774
7.2920,0.1384,0.2572,0.2317,0.7500,1.3773
7.2930,0.1383,0.2572,0.2317,0.7500,1.3772
7.2940,0.1382,0.2572,0.2317,0.7500,1.3771
7.2950,0.1381,0.2572,0.2317,0.7500,1.3770
7.2960,0.1380,0.2572,0.2317,0.7500,1.3769
7.2970,0.1379,0.2572,0.2317,0.7500,1.3768
7.2980,0.1378,0.2572,0.2317,0.7500,1.3767
7.2990,0.1377,0.2572,0.2317,0.7500,1.3766
7.3000,0.1376,0.2572,0.2317,0.7500,1.3765
7.3010,0.1375,0.2572,0.2317,0.7500,1.3764
7.3020,0.1374,0.2572,0.2317,0.7500,1.3763
7.3030,0.1373,0.2572,0.2317,0.7500,1.3762
7.3040,0.1372,0.2572,0.2317,0.7500,1.3761
7.3050,0.1371,0.2572,0.2317,0.7500,1.3760
7.3060,0.1370,0.2572,0.2317,0.7500,1.3759
7.3070,0.1369,0.2572,0.2317,0.7500,1.3758
7.3080,0.1368,0.2572,0.2317,0.7500,1.3757
7.3090,0.1367,0.2572,0.2317,0.7500,1.3756
7.3100,0.1366,0.2572,0.2317,0.7500,1.3755
7.3110,0.1365,0.2572,0.2317,0.7500,1.3755
7.3120,0.1364,0.2572,0.2317,0.7500,1.3754
7.3130,0.1363,0.2573,0.2317,0.7500,1.3753
7.3140,0.1362,0.2573,0.2317,0.7500,1.3752
7.3150,0.1361,0.2573,0.2317,0.7500,1.3751
7.3160,0.1360,0.2573,0.2317,0.7500,1.3750
7.3170,0.1359,0.2573,0.2317,0.7500,1.3749
7.3180,0.1358,0.2573,0.2317,0.7500,1.3748
7.3190,0.1357,0.2573,0.2317,0.7500,1.3747
7.3200,0.1356,0.2573,0.2317,0.7500,1.3746
7.3210,0.1355,0.2573,0.2317,0.7500,1.3745
7.3220,0.1354,0.2573,0.2317,0.7500,1.3744
7.3230,0.1353,0.2573,0.2317,0.7500,1.3743
7.3240,0.1352,0.2573,0.2317,0.7500,1.3742
7.3250,0.1351,0.2573,0.2317,0.7500,1.3741
7.3260,0.1350,0.2573,0.2317,0.7500,1.3740
7.3270,0.1349,0.2573,0.2318,0.7500,1.3739
7.3280,0.1348,0.2573,0.2318,0.7500,1.3739
7.3290,0.1347,0.2573,0.2318,0.7500,1.3738
7.3300,0.1346,0.2573,0.2318,0.7500,1.3737
7.3310,0.1345,0.2573,0.2318,0.7500,1.3736
7.3320,0.1344,0.2573,0.2318,0.7500,1.3735
7.3330,0.1343,0.2573,0.2318,0.7500,1.3734
7.3340,0.1342,0.2573,0.2318,0.7500,1.3733
7.3350,0.1341,0.2573,0.2318,0.7500,1.3732
7.3360,0.1340,0.2573,0.2318,0.7500,1.3731
7.3370,0.1339,0.2573,0.2318,0.7500,1.3730
7.3380,0.1338,0.2573,0.2318,0.7500,1.3729
7.3390,0.1337,0.2573,0.2318,0.7500,1.3728
7.3400,0.1336,0.2573,0.2318,0.7500,1.3727
7.3410,0.1336,0.2573,0.2318,0.7500,1.3727
7.3420,0.1335,0.2574,0.2318,0.7500,1.3726
7.3430,0.1334,0.2574,0.2318,0.7500,1.3725
7.3440,0.1333,0.2574,0.2318,0.7500,1.3724
7.3450,0.1332,0.2574,0.2318,0.7500,1.3723
7.3460,0.1331,0.2574,0.2318,0.7500,1.3722
7.3470,0.1330,0.2574,0.2318,0.7500,1.3721
7.3480,0.1329,0.2574,0.2318,0.7500,1.3720
7.3490,0.1328,0.2574,0.2318,0.7500,1.3719
7.3500,0.1327,0.2574,0.2318,0.7500,1.3718
7.3510,0.1326,0.2574,0.2318,0.7500,1.3717
7.3520,0.1325,0.2574,0.2318,0.7500,1.3717
7.3530,0.1324,0.2574,0.2318,0.7500,1.3716
7.3540,0.1323,0.2574,0.2318,0.7500,1.3715
7.3550,0.1322,0.2574,0.2318,0.7500,1.3714
7.3560,0.1321,0.2574,0.2318,0.7500,1.3713
7.3570,0.1321,0.2574,0.2318,0.7500,1.3712
7.3580,0.1320,0.2574,0.2318,0.7500,1.3711
7.3590,0.1319,0.2574,0.2318,0.7500,1.3710
7.3600,0.1318,0.2574,0.2318,0.7500,1.3709
7.3610,0.1317,0.2574,0.2318,0.7500,1.3709
7.3620,0.1316,0.2574,0.2318,0.7500,1.3708
7.3630,0.1315,0.2574,0.2318,0.7500,1.3707
7.3640,0.1314,0.2574,0.2318,0.7500,1.3706
7.3650,0.1313,0.2574,0.2318,0.7500,1.3705
7.3660,0.1312,0.2574,0.2318,0.7500,1.3704
7.3670,0.1311,0.2574,0.2318,0.7500,1.3703
7.3680,0.1310,0.2574,0.2318,0.7500,1.3702
7.3690,0.1310,0.2574,0.2318,0.7500,1.3702
7.3700,0.1309,0.2574,0.2318,0.7500,1.3701
7.3710,0.1308,0.2574,0.2318,0.7500,1.3700
7.3720,0.1307,0.2574,0.2318,0.7500,1.3699
7.3730,0.1306,0.2574,0.2318,0.7500,1.3698
7.3740,0.1305,0.2575,0.2318,0.7500,1.3697
7.3750,0.1304,0.2575,0.2318,0.7500,1.3696
7.3760,0.1303,0.2575,0.2318,0.7500,1.3695
7.3770,0.1302,0.2575,0.2318,0.7500,1.3695
7.3780,0.1301,0.2575,0.2318,0.7500,1.3694
7.3790,0.1301,0.2575,0.2318,0.7500,1.3693
7.3800,0.1300,0.2575,0.2318,0.7500,1.3692
7.3810,0.1299,0.2575,0.2318,0.7500,1.3691
7.3820,0.1298,0.2575,0.2318,0.7500,1.3690
7.3830,0.1297,0.2575,0.2318,0.7500,1.3689
7.3840,0.1296,0.2575,0.2318,0.7500,1.3689
7.3850,0.1295,0.2575,0.2318,0.7500,1.3688
7.3860,0.1294,0.2575,0.2318,0.7500,1.3687
7.3870,0.1293,0.2575,0.2318,0.7500,1.3686
7.3880,0.1293,0.2575,0.2318,0.7500,1.3685
7.3890,0.1292,0.2575,0.2318,0.7500,1.3684
7.3900,0.1291,0.2575,0.2318,0.7500,1.3683
7.3910,0.1290,0.2575,0.2318,0.7500,1.3683
7.3920,0.1289,0.2575,0.2318,0.7500,1.3682
7.3930,0.1288,0.2575,0.2318,0.7500,1.3681
7.3940,0.1287,0.2575,0.2318,0.7500,1.3680
7.3950,0.1286,0.2575,0.2318,0.7500,1.3679
7.3960,0.1286,0.2575,0.2318,0.7500,1.3678
7.3970,0.1285,0.2575,0.2318,0.7500,1.3678
7.3980,0.1284,0.2575,0.2318,0.7500,1.3677
7.3990,0.1283,0.2575,0.2318,0.7500,1.3676
7.4000,0.1282,0.2575,0.2318,0.7500,1.3675
7.4010,0.1281,0.2575,0.2318,0.7500,1.3674
7.4020,0.1280,0.2575,0.2318,0.7500,1.3673
7.4030,0.1280,0.2575,0.2318,0.7500,1.3673
7.4040,0.1279,0.2575,0.2318,0.7500,1.3672
7.4050,0.1278,0.2575,0.2318,0.7500,1.3671
7.4060,0.1277,0.2575,0.2318,0.7500,1.3670
7.4070,0.1276,0.2575,0.2318,0.7500,1.3669
7.4080,0.1275,0.2575,0.2318,0.7500,1.3668
7.4090,0.1274,0.2575,0.2318,0.7500,1.3668
7.4100,0.1274,0.2576,0.2318,0.7500,1.3667
7.4110,0.1273,0.2576,0.2318,0.7500,1.3666
7.4120,0.1272,0.2576,0.2318,0.7500,1.3665
7.4130,0.1271,0.2576,0.2318,0.7500,1.3664
7.4140,0.1270,0.2576,0.2318,0.7500,1.3663
7.4150,0.1269,0.2576,0.2318,0.7500,1.3663
7.4160,0.1269,0.2576,0.2318,0.7500,1.3662
7.4170,0.1268,0.2576,0.2318,0.7500,1.3661
7.4180,0.1267,0.2576,0.2318,0.7500,1.3660
7.4190,0.1266,0.2576,0.2318,0.7500,1.3659
7.4200,0.1265,0.2576,0.2318,0.7500,1.3659
7.4210,0.1264,0.2576,0.2318,0.7500,1.3658
7.4220,0.1263,0.2576,0.2318,0.7500,1.3657
7.4230,0.1263,0.2576,0.2318,0.7500,1.3656
7.4240,0.1262,0.2576,0.2318,0.7500,1.3655
7.4250,0.1261,0.2576,0.2318,0.7500,1.3655
7.4260,0.1260,0.2576,0.2318,0.7500,1.3654
7.4270,0.1259,0.2576,0.2318,0.7500,1.3653
7.4280,0.1259,0.2576,0.2318,0.7500,1.3652
7.4290,0.1258,0.2576,0.2318,0.7500,1.3651
7.4300,0.1257,0.2576,0.2318,0.7500,1.3651
7.4310,0.1256,0.2576,0.2318,0.7500,1.3650
7.4320,0.1255,0.2576,0.2318,0.7500,1.3649
7.4330,0.1254,0.2576,0.2318,0.7500,1.3648
7.4340,0.1254,0.2576,0.2318,0.7500,1.3647
7.4350,0.1253,0.2576,0.2318,0.7500,1.3647
7.4360,0.1252,0.2576,0.2318,0.7500,1.3646
7.4370,0.1251,0.2576,0.2318,0.7500,1.3645
7.4380,0.1250,0.2576,0.2318,0.7500,1.3644
7.4390,0.1249,0.2576,0.2318,0.7500,1.3643
7.4400,0.1249,0.2576,0.2318,0.7500,1.3643
7.4410,0.1248,0.2576,0.2318,0.7500,1.3642
7.4420,0.1247,0.2576,0.2318,0.7500,1.3641
7.4430,0.1246,0.2576,0.2318,0.7500,1.3640
7.4440,0.1245,0.2576,0.2318,0.7500,1.3639
7.4450,0.1245,0.2576,0.2318,0.7500,1.3639
7.4460,0.1244,0.2576,0.2318,0.7500,1.3638
7.4470,0.1243,0.2576,0.2318,0.7500,1.3637
7.4480,0.1242,0.2576,0.2318,0.7500,1.3636
7.4490,0.1241,0.2576,0.2318,0.7500,1.3636
7.4500,0.1241,0.2576,0.2318,0.7500,1.3635
7.4510,0.1240,0.2577,0.2318,0.7500,1.3634
7.4520,0.1239,0.2577,0.2318,0.7500,1.3633
7.4530,0.1238,0.2577,0.2318,0.7500,1.3633
7.4540,0.1237,0.2577,0.2318,0.7500,1.3632
7.4550,0.1237,0.2577,0.2318,0.7500,1.3631
7.4560,0.1236,0.2577,0.2318,0.7500,1.3630
7.4570,0.1235,0.2577,0.2318,0.7500,1.3629
7.4580,0.1234,0.2577,0.2318,0.7500,1.3629
7.4590,0.1234,0.2577,0.2318,0.7500,1.3628
7.4600,0.1233,0.2577,0.2318,0.7500,1.3627
7.4610,0.1232,0.2577,0.2318,0.7500,1.3626
7.4620,0.1231,0.2577,0.2318,0.7500,1.3626
7.4630,0.1230,0.2577,0.2318,0.7500,1.3625
7.4640,0.1230,0.2577,0.2318,0.7500,1.3624
7.4650,0.1229,0.2577,0.2318,0.7500,1.3623
7.4660,0.1228,0.2577,0.2318,0.7500,1.3623
7.4670,0.1227,0.2577,0.2318,0.7500,1.3622
7.4680,0.1226,0.2577,0.2318,0.7500,1.3621
7.4690,0.1226,0.2577,0.2318,0.7500,1.3620
7.4700,0.1225,0.2577,0.2318,0.7500,1.3620
7.4710,0.1224,0.2577,0.2318,0.7500,1.3619
7.4720,0.1223,0.2577,0.2318,0.7500,1.3618
7.4730,0.1223,0.2577,0.2318,0.7500,1.3617
7.4740,0.1222,0.2577,0.2318,0.7500,1.3617
7.4750,0.1221,0.2577,0.2318,0.7500,1.3616
7.4760,0.1220,0.2577,0.2318,0.7500,1.3615
7.4770,0.1220,0.2577,0.2318,0.7500,1.3614
7.4780,0.1219,0.2577,0.2318,0.7500,1.3614
7.4790,0.1218,0.2577,0.2318,0.7500,1.3613
7.4800,0.1217,0.2577,0.2318,0.7500,1.3612
7.4810,0.1065,0.2730,0.2216,0.7500,1.3510
7.4820,0.1064,0.2730,0.2216,0.7500,1.3509
7.4830,0.1063,0.2730,0.2216,0.7500,1.3509
7.4840,0.1062,0.2730,0.2216,0.7500,1.3508
7.4850,0.1062,0.2730,0.2216,0.7500,1.3507
7.4860,0.1061,0.2730,0.2216,0.7500,1.3507
7.4870,0.1060,0.2730,0.2216,0.7500,1.3506
7.4880,0.1059,0.2730,0.2216,0.7500,1.3505
7.4890,0.1059,0.2730,0.2216,0.7500,1.3504
7.4900,0.1058,0.2730,0.2216,0.7500,1.3504
7.4910,0.1057,0.2730,0.2216,0.7500,1.3503
7.4920,0.1056,0.2730,0.2216,0.7500,1.3502
7.4930,0.1056,0.2730,0.2216,0.7500,1.3502
7.4940,0.1055,0.2730,0.2216,0.7500,1.3501
7.4950,0.1054,0.2730,0.2216,0.7500,1.3500
7.4960,0.1053,0.2730,0.2216,0.7500,1.3499
7.4970,0.1053,0.2730,0.2216,0.7500,1.3499
7.4980,0.1052,0.2730,0.2216,0.7500,1.3498
7.4990,0.1051,0.2730,0.2216,0.7500,1.3497
7.5000,0.1051,0.2730,0.2216,0.7500,1.3497
7.5010,0.0847,0.2984,0.2013,0.7500,1.3343
7.5020,0.0846,0.2984,0.2013,0.7500,1.3343
7.5030,0.0845,0.2984,0.2013,0.7500,1.3342
7.5040,0.0844,0.2984,0.2013,0.7500,1.3341
7.5050,0.0844,0.2984,0.2013,0.7500,1.3341
7.5060,0.0843,0.2984,0.2013,0.7500,1.3340
7.5070,0.0842,0.2984,0.2013,0.7500,1.3339
7.5080,0.0842,0.2984,0.2013,0.7500,1.3339
7.5090,0.0841,0.2984,0.2013,0.7500,1.3338
7.5100,0.0840,0.2984,0.2013,0.7500,1.3337
7.5110,0.0840,0.2984,0.2013,0.7500,1.3337
7.5120,0.0839,0.2984,0.2013,0.7500,1.3336
7.5130,0.0838,0.2984,0.2013,0.7500,1.3335
7.5140,0.0838,0.2984,0.2013,0.7500,1.3335
7.5150,0.0837,0.2984,0.2013,0.7500,1.3334
7.5160,0.0836,0.2984,0.2013,0.7500,1.3334
7.5170,0.0836,0.2984,0.2013,0.7500,1.3333
7.5180,0.0835,0.2984,0.2013,0.7500,1.3332
7.5190,0.0834,0.2984,0.2013,0.7500,1.3332
7.5200,0.0834,0.2984,0.2013,0.7500,1.3331
7.5210,0.0477,0.3391,0.1708,0.7500,1.3076
7.5220,0.0477,0.3391,0.1708,0.7500,1.3076
7.5230,0.0476,0.3391,0.1708,0.7500,1.3075
7.5240,0.0476,0.3391,0.1708,0.7500,1.3075
7.5250,0.0475,0.3391,0.1708,0.7500,1.3074
7.5260,0.0474,0.3391,0.1708,0.7500,1.3073
7.5270,0.0474,0.3391,0.1708,0.7500,1.3073
7.5280,0.0473,0.3391,0.1708,0.7500,1.3072
7.5290,0.0472,0.3391,0.1708,0.7500,1.3071
7.5300,0.0472,0.3391,0.1708,0.7500,1.3071
7.5310,0.0471,0.3391,0.1708,0.7500,1.3070
7.5320,0.0471,0.3391,0.1708,0.7500,1.3070
7.5330,0.0470,0.3391,0.1708,0.7500,1.3069
7.5340,0.0469,0.3391,0.1708,0.7500,1.3069
7.5350,0.0469,0.3391,0.1708,0.7500,1.3068
7.5360,0.0468,0.3391,0.1708,0.7500,1.3067
7.5370,0.0468,0.3391,0.1708,0.7500,1.3067
7.5380,0.0467,0.3391,0.1708,0.7500,1.3066
7.5390,0.0467,0.3391,0.1708,0.7500,1.3066
7.5400,0.0466,0.3391,0.1708,0.7500,1.3065
7.5410,0.0100,0.3947,0.1251,0.7500,1.2798
7.5420,0.0100,0.3944,0.1251,0.7500,1.2794
7.5430,0.0100,0.3941,0.1251,0.7500,1.2791
7.5440,0.0100,0.3938,0.1251,0.7500,1.2789
7.5450,0.0100,0.3937,0.1251,0.7500,1.2787
7.5460,0.0100,0.3936,0.1251,0.7500,1.2786
7.5470,0.0100,0.3935,0.1251,0.7500,1.2786
7.5480,0.0100,0.3935,0.1251,0.7500,1.2786
7.5490,0.0100,0.3936,0.1251,0.7500,1.2786
7.5500,0.0100,0.3937,0.1251,0.7500,1.2788
7.5510,0.0100,0.3938,0.1251,0.7500,1.2789
7.5520,0.0100,0.3940,0.1251,0.7500,1.2791
7.5530,0.0100,0.3942,0.1251,0.7500,1.2793
7.5540,0.0100,0.3944,0.1251,0.7500,1.2795
7.5550,0.0100,0.3946,0.1251,0.7500,1.2797
7.5560,0.0100,0.3948,0.1251,0.7500,1.2799
7.5570,0.0100,0.3948,0.1252,0.7500,1.2800
7.5580,0.0100,0.3948,0.1252,0.7500,1.2799
7.5590,0.0100,0.3947,0.1252,0.7500,1.2799
7.5600,0.0100,0.3947,0.1252,0.7500,1.2799
7.5610,0.0100,0.4587,0.0746,0.7500,1.2932
7.5620,0.0100,0.4562,0.0748,0.7500,1.2909
7.5630,0.0100,0.4540,0.0750,0.7500,1.2890
7.5640,0.0100,0.4522,0.0752,0.7500,1.2874
7.5650,0.0100,0.4507,0.0755,0.7500,1.2862
7.5660,0.0100,0.4495,0.0758,0.7500,1.2854
7.5670,0.0100,0.4485,0.0764,0.7500,1.2849
7.5680,0.0100,0.4477,0.0770,0.7500,1.2847
7.5690,0.0100,0.4469,0.0779,0.7500,1.2848
7.5700,0.0100,0.4461,0.0791,0.7500,1.2852
7.5710,0.0100,0.4451,0.0805,0.7500,1.2856
7.5720,0.0100,0.4439,0.0822,0.7500,1.2861
7.5730,0.0100,0.4424,0.0841,0.7500,1.2866
7.5740,0.0100,0.4406,0.0864,0.7500,1.2870
7.5750,0.0100,0.4385,0.0888,0.7500,1.2873
7.5760,0.0100,0.4360,0.0914,0.7500,1.2875
7.5770,0.0100,0.4333,0.0942,0.7500,1.2875
7.5780,0.0100,0.4303,0.0971,0.7500,1.2873
7.5790,0.0100,0.4270,0.1000,0.7500,1.2870
7.5800,0.0100,0.4237,0.1029,0.7500,1.2866
7.5810,0.0100,0.4928,0.0390,0.7500,1.2918
7.5820,0.0100,0.4861,0.0420,0.7500,1.2880
7.5830,0.0100,0.4798,0.0449,0.7500,1.2847
7.5840,0.0100,0.4741,0.0479,0.7500,1.2820
7.5850,0.0100,0.4689,0.0508,0.7500,1.2798
7.5860,0.0100,0.4642,0.0539,0.7500,1.2781
7.5870,0.0100,0.4598,0.0572,0.7500,1.2770
7.5880,0.0100,0.4557,0.0606,0.7500,1.2763
7.5890,0.0100,0.4518,0.0643,0.7500,1.2761
7.5900,0.0100,0.4479,0.0683,0.7500,1.2762
7.5910,0.0100,0.4439,0.0727,0.7500,1.2765
7.5920,0.0100,0.4397,0.0773,0.7500,1.2770
7.5930,0.0100,0.4352,0.0823,0.7500,1.2776
7.5940,0.0100,0.4305,0.0876,0.7500,1.2781
7.5950,0.0100,0.4255,0.0931,0.7500,1.2787
7.5960,0.0100,0.4202,0.0989,0.7500,1.2791
7.5970,0.0100,0.4147,0.1047,0.7500,1.2794
7.5980,0.0100,0.4090,0.1106,0.7500,1.2796
7.5990,0.0100,0.4032,0.1165,0.7500,1.2797
7.6000,0.0100,0.3975,0.1223,0.7500,1.2798
7.6010,0.0740,0.4820,0.0554,0.7500,1.3614
7.6020,0.0739,0.4726,0.0612,0.7500,1.3577
7.6030,0.0738,0.4640,0.0668,0.7500,1.3546
7.6040,0.0737,0.4563,0.0722,0.7500,1.3523
7.6050,0.0736,0.4496,0.0775,0.7500,1.3507
7.6060,0.0736,0.4436,0.0825,0.7500,1.3497
7.6070,0.0736,0.4383,0.0875,0.7500,1.3495
7.6080,0.0737,0.4336,0.0925,0.7500,1.3497
7.6090,0.0737,0.4292,0.0975,0.7500,1.3504
7.6100,0.0737,0.4251,0.1025,0.7500,1.3513
7.6110,0.0737,0.4211,0.1076,0.7500,1.3525
7.6120,0.0738,0.4171,0.1129,0.7500,1.3537
7.6130,0.0738,0.4129,0.1182,0.7500,1.3549
7.6140,0.0738,0.4085,0.1236,0.7500,1.3559
7.6150,0.0738,0.4039,0.1292,0.7500,1.3568
7.6160,0.0738,0.3990,0.1347,0.7500,1.3575
7.6170,0.0738,0.3939,0.1402,0.7500,1.3579
7.6180,0.0738,0.3886,0.1456,0.7500,1.3580
7.6190,0.0738,0.3833,0.1508,0.7500,1.3579
7.6200,0.0738,0.3780,0.1558,0.7500,1.3576
7.6210,0.1681,0.4732,0.0730,0.7500,1.4643
7.6220,0.1666,0.4640,0.0780,0.7500,1.4586
7.6230,0.1651,0.4557,0.0828,0.7500,1.4536
7.6240,0.1636,0.4484,0.0871,0.7500,1.4492
7.6250,0.1622,0.4420,0.0912,0.7500,1.4454
7.6260,0.1607,0.4365,0.0951,0.7500,1.4423
7.6270,0.1593,0.4317,0.0987,0.7500,1.4398
7.6280,0.1579,0.4276,0.1022,0.7500,1.4378
7.6290,0.1566,0.4239,0.1057,0.7500,1.4362
7.6300,0.1552,0.4205,0.1093,0.7500,1.4350
7.6310,0.1539,0.4172,0.1129,0.7500,1.4340
7.6320,0.1526,0.4139,0.1167,0.7500,1.4332
7.6330,0.1513,0.4104,0.1206,0.7500,1.4323
7.6340,0.1501,0.4068,0.1246,0.7500,1.4315
7.6350,0.1488,0.4028,0.1288,0.7500,1.4305
7.6360,0.1476,0.3986,0.1331,0.7500,1.4293
7.6370,0.1464,0.3941,0.1374,0.7500,1.4279
7.6380,0.1452,0.3895,0.1416,0.7500,1.4263
7.6390,0.1440,0.3847,0.1458,0.7500,1.4245
7.6400,0.1429,0.3798,0.1498,0.7500,1.4225
7.6410,0.2272,0.4855,0.0563,0.7500,1.5191
7.6420,0.2253,0.4761,0.0604,0.7500,1.5118
7.6430,0.2260,0.4677,0.0642,0.7500,1.5078
7.6440,0.2285,0.4603,0.0677,0.7500,1.5064
7.6450,0.2323,0.4538,0.0711,0.7500,1.5072
7.6460,0.2371,0.4482,0.0742,0.7500,1.5095
7.6470,0.2421,0.4433,0.0774,0.7500,1.5127
7.6480,0.2468,0.4390,0.0805,0.7500,1.5163
7.6490,0.2506,0.4351,0.0838,0.7500,1.5196
7.6500,0.2532,0.4315,0.0873,0.7500,1.5220
7.6510,0.2542,0.4278,0.0910,0.7500,1.5231
7.6520,0.2513,0.4241,0.0950,0.7500,1.5205
7.6530,0.2459,0.4201,0.0993,0.7500,1.5153
7.6540,0.2391,0.4158,0.1039,0.7500,1.5088
7.6550,0.2311,0.4111,0.1087,0.7500,1.5009
7.6560,0.2221,0.4060,0.1138,0.7500,1.4918
7.6570,0.2123,0.4006,0.1189,0.7500,1.4818
7.6580,0.2020,0.3948,0.1242,0.7500,1.4710
7.6590,0.1915,0.3889,0.1294,0.7500,1.4598
7.6600,0.1825,0.3829,0.1344,0.7500,1.4499
7.6610,0.2934,0.5055,0.0312,0.7500,1.5801
7.6620,0.2819,0.4938,0.0362,0.7500,1.5619
7.6630,0.2709,0.4833,0.0411,0.7500,1.5452
7.6640,0.2605,0.4740,0.0458,0.7500,1.5302
7.6650,0.2509,0.4658,0.0503,0.7500,1.5170
7.6660,0.2421,0.4587,0.0548,0.7500,1.5057
7.6670,0.2343,0.4525,0.0593,0.7500,1.4961
7.6680,0.2273,0.4470,0.0640,0.7500,1.4883
7.6690,0.2211,0.4420,0.0689,0.7500,1.4820
7.6700,0.2156,0.4372,0.0741,0.7500,1.4769
7.6710,0.2108,0.4325,0.0796,0.7500,1.4728
7.6720,0.2065,0.4276,0.0854,0.7500,1.4695
7.6730,0.2026,0.4224,0.0916,0.7500,1.4666
7.6740,0.1990,0.4168,0.0982,0.7500,1.4640
7.6750,0.1956,0.4107,0.1051,0.7500,1.4613
7.6760,0.1922,0.4041,0.1122,0.7500,1.4585
7.6770,0.1889,0.3971,0.1194,0.7500,1.4554
7.6780,0.1855,0.3898,0.1266,0.7500,1.4519
7.6790,0.1819,0.3823,0.1338,0.7500,1.4480
7.6800,0.1782,0.3747,0.1408,0.7500,1.4438
7.6810,0.3017,0.4992,0.0280,0.7500,1.5788
7.6820,0.2951,0.4859,0.0349,0.7500,1.5659
7.6830,0.2887,0.4739,0.0415,0.7500,1.5542
7.6840,0.2828,0.4633,0.0480,0.7500,1.5440
7.6850,0.2771,0.4539,0.0542,0.7500,1.5352
7.6860,0.2719,0.4457,0.0603,0.7500,1.5279
7.6870,0.2670,0.4386,0.0663,0.7500,1.5218
7.6880,0.2624,0.4322,0.0724,0.7500,1.5169
7.6890,0.2580,0.4264,0.0785,0.7500,1.5130
7.6900,0.2539,0.4210,0.0849,0.7500,1.5098
7.6910,0.2500,0.4156,0.0915,0.7500,1.5071
7.6920,0.2462,0.4102,0.0984,0.7500,1.5048
7.6930,0.2424,0.4045,0.1056,0.7500,1.5025
7.6940,0.2387,0.3985,0.1130,0.7500,1.5002
7.6950,0.2350,0.3920,0.1206,0.7500,1.4976
7.6960,0.2312,0.3851,0.1284,0.7500,1.4947
7.6970,0.2274,0.3779,0.1362,0.7500,1.4915
7.6980,0.2235,0.3705,0.1439,0.7500,1.4879
7.6990,0.2195,0.3628,0.1515,0.7500,1.4839
7.7000,0.2156,0.3552,0.1589,0.7500,1.4797
7.7010,0.3479,0.4986,0.0361,0.7500,1.6325
7.7020,0.3398,0.4847,0.0434,0.7500,1.6179
7.7030,0.3324,0.4724,0.0503,0.7500,1.6051
7.7040,0.3256,0.4615,0.0569,0.7500,1.5941
7.7050,0.3196,0.4522,0.0632,0.7500,1.5850
7.7060,0.3141,0.4442,0.0693,0.7500,1.5776
7.7070,0.3093,0.4373,0.0753,0.7500,1.5719
7.7080,0.3049,0.4314,0.0813,0.7500,1.5676
7.7090,0.3009,0.4261,0.0873,0.7500,1.5643
7.7100,0.2971,0.4212,0.0935,0.7500,1.5618
7.7110,0.2935,0.4164,0.1000,0.7500,1.5598
7.7120,0.2898,0.4114,0.1067,0.7500,1.5580
7.7130,0.2860,0.4062,0.1137,0.7500,1.5559
7.7140,0.2820,0.4005,0.1209,0.7500,1.5535
7.7150,0.2777,0.3943,0.1284,0.7500,1.5505
7.7160,0.2731,0.3877,0.1361,0.7500,1.5468
7.7170,0.2680,0.3805,0.1438,0.7500,1.5423
7.7180,0.2625,0.3731,0.1514,0.7500,1.5370
7.7190,0.2567,0.3654,0.1589,0.7500,1.5310
7.7200,0.2505,0.3577,0.1662,0.7500,1.5244
7.7210,0.3940,0.5105,0.0278,0.7500,1.6823
7.7220,0.3822,0.4958,0.0350,0.7500,1.6630
7.7230,0.3710,0.4827,0.0418,0.7500,1.6455
7.7240,0.3606,0.4713,0.0483,0.7500,1.6301
7.7250,0.3509,0.4613,0.0545,0.7500,1.6168
7.7260,0.3421,0.4528,0.0605,0.7500,1.6055
7.7270,0.3340,0.4455,0.0665,0.7500,1.5960
7.7280,0.3265,0.4392,0.0725,0.7500,1.5882
7.7290,0.3195,0.4335,0.0787,0.7500,1.5818
7.7300,0.3130,0.4283,0.0851,0.7500,1.5764
7.7310,0.3067,0.4230,0.0919,0.7500,1.5716
7.7320,0.3005,0.4176,0.0990,0.7500,1.5671
7.7330,0.2942,0.4119,0.1065,0.7500,1.5626
7.7340,0.2878,0.4056,0.1144,0.7500,1.5577
7.7350,0.2811,0.3987,0.1226,0.7500,1.5523
7.7360,0.2740,0.3912,0.1310,0.7500,1.5462
7.7370,0.2666,0.3832,0.1395,0.7500,1.5393
7.7380,0.2588,0.3748,0.1480,0.7500,1.5316
7.7390,0.2506,0.3662,0.1564,0.7500,1.5232
7.7400,0.2420,0.3575,0.1646,0.7500,1.5141
7.7410,0.3894,0.5223,0.0215,0.7500,1.6832
7.7420,0.3751,0.5059,0.0295,0.7500,1.6605
7.7430,0.3615,0.4912,0.0372,0.7500,1.6399
7.7440,0.3488,0.4784,0.0445,0.7500,1.6217
7.7450,0.3368,0.4673,0.0517,0.7500,1.6058
7.7460,0.3257,0.4578,0.0586,0.7500,1.5921
7.7470,0.3153,0.4497,0.0655,0.7500,1.5806
7.7480,0.3057,0.4427,0.0724,0.7500,1.5708
7.7490,0.2965,0.4364,0.0795,0.7500,1.5624
7.7500,0.2878,0.4306,0.0868,0.7500,1.5552
7.7510,0.2793,0.4248,0.0945,0.7500,1.5486
7.7520,0.2710,0.4188,0.1026,0.7500,1.5423
7.7530,0.2626,0.4123,0.1110,0.7500,1.5360
7.7540,0.2542,0.4053,0.1199,0.7500,1.5294
7.7550,0.2456,0.3977,0.1290,0.7500,1.5222
7.7560,0.2367,0.3893,0.1383,0.7500,1.5143
7.7570,0.2275,0.3804,0.1477,0.7500,1.5056
7.7580,0.2181,0.3711,0.1571,0.7500,1.4962
7.7590,0.2083,0.3615,0.1663,0.7500,1.4861
7.7600,0.1984,0.3518,0.1752,0.7500,1.4754
7.7610,0.3528,0.5239,0.0218,0.7500,1.6486
7.7620,0.3379,0.5061,0.0306,0.7500,1.6246
7.7630,0.3238,0.4903,0.0390,0.7500,1.6030
7.7640,0.3106,0.4764,0.0470,0.7500,1.5840
7.7650,0.2984,0.4644,0.0548,0.7500,1.5675
7.7660,0.2870,0.4541,0.0623,0.7500,1.5534
7.7670,0.2765,0.4453,0.0697,0.7500,1.5415
7.7680,0.2667,0.4376,0.0771,0.7500,1.5315
7.7690,0.2575,0.4308,0.0847,0.7500,1.5230
7.7700,0.2487,0.4244,0.0925,0.7500,1.5156
7.7710,0.2402,0.4181,0.1006,0.7500,1.5089
7.7720,0.2319,0.4117,0.1090,0.7500,1.5026
7.7730,0.2237,0.4047,0.1178,0.7500,1.4962
7.7740,0.2153,0.3973,0.1270,0.7500,1.4896
7.7750,0.2068,0.3891,0.1364,0.7500,1.4823
7.7760,0.1981,0.3803,0.1460,0.7500,1.4744
7.7770,0.1892,0.3709,0.1557,0.7500,1.4658
7.7780,0.1801,0.3610,0.1653,0.7500,1.4564
7.7790,0.1708,0.3510,0.1747,0.7500,1.4465
7.7800,0.1613,0.3409,0.1838,0.7500,1.4360
7.7810,0.3322,0.5259,0.0150,0.7500,1.6231
7.7820,0.3180,0.5071,0.0238,0.7500,1.5990
7.7830,0.3047,0.4905,0.0323,0.7500,1.5775
7.7840,0.2924,0.4759,0.0404,0.7500,1.5587
7.7850,0.2811,0.4634,0.0481,0.7500,1.5427
7.7860,0.2708,0.4527,0.0557,0.7500,1.5292
7.7870,0.2613,0.4436,0.0632,0.7500,1.5182
7.7880,0.2526,0.4358,0.0707,0.7500,1.5091
7.7890,0.2446,0.4287,0.0784,0.7500,1.5017
7.7900,0.2370,0.4221,0.0864,0.7500,1.4956
7.7910,0.2298,0.4155,0.0948,0.7500,1.4902
7.7920,0.2228,0.4087,0.1036,0.7500,1.4852
7.7930,0.2159,0.4014,0.1129,0.7500,1.4802
7.7940,0.2089,0.3934,0.1225,0.7500,1.4748
7.7950,0.2017,0.3847,0.1325,0.7500,1.4689
7.7960,0.1943,0.3752,0.1427,0.7500,1.4622
7.7970,0.1867,0.3651,0.1529,0.7500,1.4548
7.7980,0.1789,0.3545,0.1632,0.7500,1.4465
7.7990,0.1708,0.3436,0.1733,0.7500,1.4376
7.8000,0.1626,0.3327,0.1830,0.7500,1.4282
7.8010,0.3462,0.5254,0.0100,0.7500,1.6316
7.8020,0.3327,0.5054,0.0133,0.7500,1.6014
7.8030,0.3200,0.4877,0.0223,0.7500,1.5800
7.8040,0.3083,0.4723,0.0309,0.7500,1.5615
7.8050,0.2976,0.4590,0.0392,0.7500,1.5459
7.8060,0.2879,0.4478,0.0473,0.7500,1.5330
7.8070,0.2792,0.4382,0.0554,0.7500,1.5227
7.8080,0.2712,0.4299,0.0635,0.7500,1.5146
7.8090,0.2639,0.4225,0.0718,0.7500,1.5082
7.8100,0.2572,0.4155,0.0804,0.7500,1.5032
7.8110,0.2508,0.4087,0.0895,0.7500,1.4990
7.8120,0.2446,0.4016,0.0990,0.7500,1.4952
7.8130,0.2384,0.3939,0.1090,0.7500,1.4913
7.8140,0.2322,0.3855,0.1194,0.7500,1.4871
7.8150,0.2258,0.3763,0.1301,0.7500,1.4822
7.8160,0.2191,0.3664,0.1410,0.7500,1.4765
7.8170,0.2121,0.3557,0.1521,0.7500,1.4699
7.8180,0.2048,0.3445,0.1631,0.7500,1.4624
7.8190,0.1972,0.3330,0.1740,0.7500,1.4541
7.8200,0.1892,0.3214,0.1845,0.7500,1.4451
7.8210,0.3871,0.5312,0.0100,0.7500,1.6784
7.8220,0.3724,0.5097,0.0106,0.7500,1.6427
7.8230,0.3586,0.4907,0.0203,0.7500,1.6196
7.8240,0.3459,0.4742,0.0296,0.7500,1.5997
7.8250,0.3344,0.4600,0.0387,0.7500,1.5831
7.8260,0.3239,0.4481,0.0475,0.7500,1.5695
7.8270,0.3144,0.4380,0.0562,0.7500,1.5587
7.8280,0.3058,0.4294,0.0651,0.7500,1.5502
7.8290,0.2979,0.4217,0.0741,0.7500,1.5437
7.8300,0.2906,0.4147,0.0834,0.7500,1.5386
7.8310,0.2836,0.4077,0.0931,0.7500,1.5344
7.8320,0.2768,0.4004,0.1033,0.7500,1.5305
7.8330,0.2700,0.3926,0.1140,0.7500,1.5266
7.8340,0.2630,0.3841,0.1250,0.7500,1.5221
7.8350,0.2557,0.3746,0.1364,0.7500,1.5167
7.8360,0.2481,0.3643,0.1480,0.7500,1.5104
7.8370,0.2400,0.3532,0.1597,0.7500,1.5029
7.8380,0.2314,0.3415,0.1714,0.7500,1.4943
7.8390,0.2224,0.3294,0.1828,0.7500,1.4847
7.8400,0.2130,0.3173,0.1939,0.7500,1.4742
7.8410,0.4161,0.5306,0.0100,0.7500,1.7068
7.8420,0.3988,0.5084,0.0100,0.7500,1.6671
7.8430,0.3825,0.4886,0.0147,0.7500,1.6358
7.8440,0.3675,0.4714,0.0245,0.7500,1.6134
7.8450,0.3537,0.4567,0.0339,0.7500,1.5943
7.8460,0.3411,0.4441,0.0432,0.7500,1.5785
7.8470,0.3297,0.4335,0.0524,0.7500,1.5656
7.8480,0.3191,0.4243,0.0617,0.7500,1.5552
7.8490,0.3094,0.4162,0.0711,0.7500,1.5468
7.8500,0.3003,0.4086,0.0809,0.7500,1.5398
7.8510,0.2916,0.4011,0.0911,0.7500,1.5338
7.8520,0.2830,0.3933,0.1018,0.7500,1.5282
7.8530,0.2744,0.3850,0.1130,0.7500,1.5224
7.8540,0.2657,0.3759,0.1246,0.7500,1.5161
7.8550,0.2566,0.3659,0.1365,0.7500,1.5089
7.8560,0.2471,0.3550,0.1486,0.7500,1.5007
7.8570,0.2371,0.3433,0.1609,0.7500,1.4913
7.8580,0.2267,0.3310,0.1731,0.7500,1.4808
7.8590,0.2158,0.3185,0.1850,0.7500,1.4692
7.8600,0.2044,0.3058,0.1966,0.7500,1.4569
7.8610,0.4119,0.5359,0.0100,0.7500,1.7078
7.8620,0.3925,0.5122,0.0100,0.7500,1.6647
7.8630,0.3743,0.4914,0.0100,0.7500,1.6257
7.8640,0.3575,0.4733,0.0185,0.7500,1.5994
7.8650,0.3421,0.4579,0.0285,0.7500,1.5785
7.8660,0.3279,0.4450,0.0382,0.7500,1.5611
7.8670,0.3149,0.4340,0.0479,0.7500,1.5469
7.8680,0.3030,0.4247,0.0577,0.7500,1.5354
7.8690,0.2919,0.4165,0.0677,0.7500,1.5261
7.8700,0.2814,0.4089,0.0781,0.7500,1.5184
7.8710,0.2713,0.4013,0.0890,0.7500,1.5116
7.8720,0.2614,0.3934,0.1004,0.7500,1.5052
7.8730,0.2515,0.3849,0.1123,0.7500,1.4986
7.8740,0.2414,0.3754,0.1246,0.7500,1.4914
7.8750,0.2310,0.3650,0.1373,0.7500,1.4833
7.8760,0.2203,0.3535,0.1502,0.7500,1.4740
7.8770,0.2091,0.3412,0.1632,0.7500,1.4635
7.8780,0.1975,0.3282,0.1762,0.7500,1.4519
7.8790,0.1854,0.3147,0.1890,0.7500,1.4391
7.8800,0.1731,0.3012,0.2014,0.7500,1.4256
7.8810,0.3877,0.5385,0.0100,0.7500,1.6862
7.8820,0.3679,0.5134,0.0100,0.7500,1.6413
7.8830,0.3493,0.4912,0.0100,0.7500,1.6005
7.8840,0.3322,0.4719,0.0148,0.7500,1.5689
7.8850,0.3164,0.4555,0.0255,0.7500,1.5474
7.8860,0.3020,0.4416,0.0360,0.7500,1.5296
7.8870,0.2887,0.4299,0.0464,0.7500,1.5150
7.8880,0.2765,0.4199,0.0569,0.7500,1.5034
7.8890,0.2652,0.4111,0.0676,0.7500,1.4939
7.8900,0.2545,0.4029,0.0788,0.7500,1.4862
7.8910,0.2442,0.3948,0.0903,0.7500,1.4794
7.8920,0.2342,0.3865,0.1024,0.7500,1.4730
7.8930,0.2242,0.3775,0.1149,0.7500,1.4665
7.8940,0.2140,0.3676,0.1279,0.7500,1.4595
7.8950,0.2036,0.3566,0.1412,0.7500,1.4514
7.8960,0.1928,0.3447,0.1547,0.7500,1.4422
7.8970,0.1817,0.3318,0.1684,0.7500,1.4318
7.8980,0.1701,0.3182,0.1819,0.7500,1.4202
7.8990,0.1582,0.3042,0.1953,0.7500,1.4076
7.9000,0.1459,0.2901,0.2082,0.7500,1.3942
7.9010,0.3762,0.5393,0.0100,0.7500,1.6755
7.9020,0.3566,0.5131,0.0100,0.7500,1.6297
7.9030,0.3384,0.4899,0.0100,0.7500,1.5883
7.9040,0.3216,0.4699,0.0127,0.7500,1.5542
7.9050,0.3063,0.4528,0.0238,0.7500,1.5329
7.9060,0.2924,0.4384,0.0348,0.7500,1.5156
7.9070,0.2797,0.4262,0.0457,0.7500,1.5016
7.9080,0.2681,0.4158,0.0567,0.7500,1.4907
7.9090,0.2575,0.4067,0.0679,0.7500,1.4820
7.9100,0.2474,0.3982,0.0795,0.7500,1.4751
7.9110,0.2379,0.3899,0.0915,0.7500,1.4692
7.9120,0.2286,0.3812,0.1040,0.7500,1.4638
7.9130,0.2193,0.3719,0.1170,0.7500,1.4581
7.9140,0.2098,0.3616,0.1304,0.7500,1.4519
7.9150,0.2001,0.3502,0.1442,0.7500,1.4446
7.9160,0.1901,0.3378,0.1582,0.7500,1.4361
7.9170,0.1796,0.3244,0.1723,0.7500,1.4262
7.9180,0.1687,0.3102,0.1863,0.7500,1.4152
7.9190,0.1574,0.2956,0.2000,0.7500,1.4030
7.9200,0.1458,0.2809,0.2133,0.7500,1.3899
7.9210,0.3876,0.5377,0.0100,0.7500,1.6853
7.9220,0.3680,0.5106,0.0100,0.7500,1.6386
7.9230,0.3498,0.4865,0.0100,0.7500,1.5964
7.9240,0.3332,0.4658,0.0100,0.7500,1.5589
7.9250,0.3180,0.4481,0.0141,0.7500,1.5301
7.9260,0.3042,0.4331,0.0254,0.7500,1.5127
7.9270,0.2917,0.4206,0.0366,0.7500,1.4989
7.9280,0.2804,0.4098,0.0479,0.7500,1.4882
7.9290,0.2701,0.4003,0.0595,0.7500,1.4799
7.9300,0.2604,0.3916,0.0715,0.7500,1.4735
7.9310,0.2513,0.3829,0.0840,0.7500,1.4682
7.9320,0.2424,0.3739,0.0971,0.7500,1.4634
7.9330,0.2336,0.3642,0.1106,0.7500,1.4584
7.9340,0.2246,0.3535,0.1246,0.7500,1.4527
7.9350,0.2153,0.3417,0.1390,0.7500,1.4460
7.9360,0.2056,0.3287,0.1537,0.7500,1.4380
7.9370,0.1955,0.3147,0.1684,0.7500,1.4285
7.9380,0.1849,0.2999,0.1831,0.7500,1.4178
7.9390,0.1738,0.2845,0.1975,0.7500,1.4058
7.9400,0.1623,0.2691,0.2114,0.7500,1.3928
7.9410,0.4177,0.5377,0.0100,0.7500,1.7154
7.9420,0.3969,0.5092,0.0100,0.7500,1.6661
7.9430,0.3776,0.4840,0.0100,0.7500,1.6216
7.9440,0.3599,0.4622,0.0100,0.7500,1.5821
7.9450,0.3438,0.4437,0.0100,0.7500,1.5475
7.9460,0.3293,0.4281,0.0218,0.7500,1.5292
7.9470,0.3162,0.4150,0.0337,0.7500,1.5150
7.9480,0.3044,0.4039,0.0457,0.7500,1.5040
7.9490,0.2936,0.3941,0.0580,0.7500,1.4957
7.9500,0.2836,0.3851,0.0706,0.7500,1.4893
7.9510,0.2741,0.3763,0.0838,0.7500,1.4841
7.9520,0.2648,0.3672,0.0974,0.7500,1.4794
7.9530,0.2555,0.3573,0.1116,0.7500,1.4745
7.9540,0.2461,0.3465,0.1262,0.7500,1.4688
7.9550,0.2363,0.3344,0.1412,0.7500,1.4619
7.9560,0.2260,0.3212,0.1563,0.7500,1.4535
7.9570,0.2152,0.3068,0.1716,0.7500,1.4436
7.9580,0.2038,0.2916,0.1868,0.7500,1.4322
7.9590,0.1918,0.2758,0.2017,0.7500,1.4193
7.9600,0.1793,0.2599,0.2161,0.7500,1.4053
7.9610,0.4403,0.5365,0.0100,0.7500,1.7367
7.9620,0.4173,0.5070,0.0100,0.7500,1.6844
7.9630,0.3961,0.4810,0.0100,0.7500,1.6371
7.9640,0.3766,0.4585,0.0100,0.7500,1.5951
7.9650,0.3588,0.4393,0.0100,0.7500,1.5581
7.9660,0.3428,0.4231,0.0176,0.7500,1.5334
7.9670,0.3283,0.4094,0.0299,0.7500,1.5176
7.9680,0.3151,0.3977,0.0424,0.7500,1.5053
7.9690,0.3031,0.3875,0.0552,0.7500,1.4957
7.9700,0.2918,0.3781,0.0683,0.7500,1.4882
7.9710,0.2811,0.3688,0.0820,0.7500,1.4819
7.9720,0.2707,0.3593,0.0961,0.7500,1.4761
7.9730,0.2603,0.3490,0.1108,0.7500,1.4701
7.9740,0.2496,0.3377,0.1259,0.7500,1.4633
7.9750,0.2386,0.3253,0.1413,0.7500,1.4552
7.9760,0.2271,0.3116,0.1570,0.7500,1.4456
7.9770,0.2149,0.2968,0.1727,0.7500,1.4344
7.9780,0.2022,0.2812,0.1883,0.7500,1.4216
7.9790,0.1888,0.2650,0.2036,0.7500,1.4074
7.9800,0.1750,0.2485,0.2185,0.7500,1.3920
7.9810,0.4315,0.5283,0.0100,0.7500,1.7197
7.9820,0.4075,0.4985,0.0100,0.7500,1.6659
7.9830,0.3852,0.4721,0.0100,0.7500,1.6173
7.9840,0.3646,0.4493,0.0100,0.7500,1.5739
7.9850,0.3459,0.4297,0.0100,0.7500,1.5356
7.9860,0.3288,0.4132,0.0169,0.7500,1.5089
7.9870,0.3133,0.3993,0.0296,0.7500,1.4921
7.9880,0.2990,0.3873,0.0424,0.7500,1.4788
7.9890,0.2859,0.3768,0.0555,0.7500,1.4682
7.9900,0.2736,0.3671,0.0690,0.7500,1.4597
7.9910,0.2618,0.3576,0.0829,0.7500,1.4523
7.9920,0.2503,0.3478,0.0973,0.7500,1.4454
7.9930,0.2388,0.3373,0.1122,0.7500,1.4383
7.9940,0.2271,0.3258,0.1275,0.7500,1.4304
7.9950,0.2151,0.3131,0.1431,0.7500,1.4212
7.9960,0.2026,0.2992,0.1589,0.7500,1.4106
7.9970,0.1896,0.2841,0.1747,0.7500,1.3984
7.9980,0.1760,0.2683,0.1904,0.7500,1.3847
7.9990,0.1619,0.2518,0.2058,0.7500,1.3695
8.0000,0.1474,0.2351,0.2208,0.7500,1.3533
8.0010,0.4026,0.5104,0.0100,0.7500,1.6730
8.0020,0.3791,0.4812,0.0100,0.7500,1.6203
8.0030,0.3572,0.4553,0.0100,0.7500,1.5725
8.0040,0.3370,0.4327,0.0100,0.7500,1.5298
8.0050,0.3186,0.4134,0.0128,0.7500,1.4948
8.0060,0.3017,0.3969,0.0258,0.7500,1.4744
8.0070,0.2864,0.3830,0.0386,0.7500,1.4579
8.0080,0.2722,0.3710,0.0514,0.7500,1.4446
8.0090,0.2592,0.3603,0.0644,0.7500,1.4339
8.0100,0.2469,0.3505,0.0776,0.7500,1.4250
8.0110,0.2351,0.3410,0.0912,0.7500,1.4173
8.0120,0.2235,0.3312,0.1052,0.7500,1.4099
8.0130,0.2120,0.3207,0.1195,0.7500,1.4023
8.0140,0.2004,0.3094,0.1342,0.7500,1.3940
8.0150,0.1884,0.2969,0.1492,0.7500,1.3846
8.0160,0.1761,0.2834,0.1643,0.7500,1.3737
8.0170,0.1632,0.2688,0.1794,0.7500,1.3614
8.0180,0.1499,0.2534,0.1943,0.7500,1.3476
8.0190,0.1361,0.2374,0.2090,0.7500,1.3326
8.0200,0.1220,0.2213,0.2232,0.7500,1.3165
8.0210,0.3799,0.5033,0.0100,0.7500,1.6432
8.0220,0.3577,0.4748,0.0100,0.7500,1.5925
8.0230,0.3370,0.4496,0.0100,0.7500,1.5466
8.0240,0.3180,0.4276,0.0100,0.7500,1.5055
8.0250,0.3006,0.4087,0.0100,0.7500,1.4693
8.0260,0.2847,0.3928,0.0190,0.7500,1.4465
8.0270,0.2703,0.3792,0.0311,0.7500,1.4306
8.0280,0.2571,0.3675,0.0432,0.7500,1.4179
8.0290,0.2449,0.3572,0.0556,0.7500,1.4077
8.0300,0.2335,0.3477,0.0683,0.7500,1.3995
8.0310,0.2226,0.3384,0.0814,0.7500,1.3924
8.0320,0.2119,0.3288,0.0950,0.7500,1.3857
8.0330,0.2014,0.3185,0.1090,0.7500,1.3789
8.0340,0.1907,0.3073,0.1235,0.7500,1.3715
8.0350,0.1797,0.2949,0.1383,0.7500,1.3629
8.0360,0.1684,0.2813,0.1533,0.7500,1.3531
8.0370,0.1567,0.2667,0.1684,0.7500,1.3418
8.0380,0.1444,0.2512,0.1835,0.7500,1.3291
8.0390,0.1318,0.2352,0.1982,0.7500,1.3153
8.0400,0.1188,0.2190,0.2126,0.7500,1.3004
8.0410,0.3810,0.4967,0.0100,0.7500,1.6376
8.0420,0.3599,0.4682,0.0100,0.7500,1.5881
8.0430,0.3403,0.4429,0.0100,0.7500,1.5432
8.0440,0.3223,0.4209,0.0100,0.7500,1.5032
8.0450,0.3059,0.4019,0.0100,0.7500,1.4678
8.0460,0.2910,0.3858,0.0149,0.7500,1.4416
8.0470,0.2775,0.3720,0.0271,0.7500,1.4267
8.0480,0.2652,0.3602,0.0395,0.7500,1.4149
8.0490,0.2540,0.3497,0.0520,0.7500,1.4057
8.0500,0.2435,0.3401,0.0649,0.7500,1.3985
8.0510,0.2336,0.3307,0.0782,0.7500,1.3924
8.0520,0.2239,0.3210,0.0919,0.7500,1.3869
8.0530,0.2144,0.3108,0.1061,0.7500,1.3812
8.0540,0.2047,0.2995,0.1207,0.7500,1.3749
8.0550,0.1948,0.2872,0.1356,0.7500,1.3676
8.0560,0.1845,0.2737,0.1507,0.7500,1.3589
8.0570,0.1738,0.2592,0.1659,0.7500,1.3488
8.0580,0.1625,0.2438,0.1809,0.7500,1.3373
8.0590,0.1509,0.2279,0.1958,0.7500,1.3245
8.0600,0.1388,0.2116,0.2102,0.7500,1.3107
8.0610,0.4029,0.4942,0.0100,0.7500,1.6571
8.0620,0.3819,0.4656,0.0100,0.7500,1.6075
8.0630,0.3624,0.4402,0.0100,0.7500,1.5625
8.0640,0.3444,0.4179,0.0100,0.7500,1.5224
8.0650,0.3281,0.3988,0.0100,0.7500,1.4869
8.0660,0.3133,0.3824,0.0128,0.7500,1.4586
8.0670,0.3000,0.3685,0.0253,0.7500,1.4438
8.0680,0.2879,0.3565,0.0379,0.7500,1.4323
8.0690,0.2769,0.3458,0.0507,0.7500,1.4234
8.0700,0.2666,0.3359,0.0639,0.7500,1.4164
8.0710,0.2569,0.3263,0.0774,0.7500,1.4107
8.0720,0.2475,0.3165,0.0914,0.7500,1.4055
8.0730,0.2382,0.3061,0.1058,0.7500,1.4001
8.0740,0.2288,0.2947,0.1206,0.7500,1.3942
8.0750,0.2191,0.2822,0.1357,0.7500,1.3871
8.0760,0.2090,0.2686,0.1510,0.7500,1.3787
8.0770,0.1983,0.2540,0.1664,0.7500,1.3687
8.0780,0.1872,0.2385,0.1816,0.7500,1.3573
8.0790,0.1755,0.2224,0.1966,0.7500,1.3445
8.0800,0.1634,0.2060,0.2112,0.7500,1.3306
8.0810,0.4259,0.4838,0.0100,0.7500,1.6697
8.0820,0.4038,0.4556,0.0100,0.7500,1.6194
8.0830,0.3834,0.4304,0.0100,0.7500,1.5738
8.0840,0.3645,0.4083,0.0100,0.7500,1.5329
8.0850,0.3474,0.3892,0.0100,0.7500,1.4966
8.0860,0.3318,0.3728,0.0100,0.7500,1.4647
8.0870,0.3178,0.3588,0.0212,0.7500,1.4477
8.0880,0.3050,0.3465,0.0339,0.7500,1.4354
8.0890,0.2933,0.3356,0.0468,0.7500,1.4257
8.0900,0.2824,0.3254,0.0601,0.7500,1.4179
8.0910,0.2721,0.3155,0.0737,0.7500,1.4113
8.0920,0.2620,0.3054,0.0878,0.7500,1.4052
8.0930,0.2521,0.2946,0.1023,0.7500,1.3990
8.0940,0.2420,0.2830,0.1172,0.7500,1.3922
8.0950,0.2316,0.2703,0.1323,0.7500,1.3842
8.0960,0.2207,0.2565,0.1477,0.7500,1.3749
8.0970,0.2094,0.2417,0.1631,0.7500,1.3641
8.0980,0.1974,0.2260,0.1784,0.7500,1.3518
8.0990,0.1849,0.2098,0.1934,0.7500,1.3381
8.1000,0.1719,0.1933,0.2080,0.7500,1.3233
8.1010,0.4310,0.4755,0.0100,0.7500,1.6665
8.1020,0.4079,0.4473,0.0100,0.7500,1.6152
8.1030,0.3864,0.4222,0.0100,0.7500,1.5686
8.1040,0.3666,0.4001,0.0100,0.7500,1.5267
8.1050,0.3485,0.3811,0.0100,0.7500,1.4896
8.1060,0.3320,0.3647,0.0118,0.7500,1.4585
8.1070,0.3171,0.3506,0.0245,0.7500,1.4423
8.1080,0.3034,0.3384,0.0373,0.7500,1.4292
8.1090,0.2908,0.3275,0.0503,0.7500,1.4187
8.1100,0.2791,0.3174,0.0636,0.7500,1.4101
8.1110,0.2679,0.3076,0.0772,0.7500,1.4027
8.1120,0.2570,0.2975,0.0913,0.7500,1.3957
8.1130,0.2461,0.2868,0.1057,0.7500,1.3886
8.1140,0.2351,0.2752,0.1205,0.7500,1.3808
8.1150,0.2238,0.2626,0.1355,0.7500,1.3719
8.1160,0.2121,0.2488,0.1507,0.7500,1.3616
8.1170,0.1998,0.2340,0.1659,0.7500,1.3497
8.1180,0.1870,0.2184,0.1810,0.7500,1.3364
8.1190,0.1736,0.2022,0.1958,0.7500,1.3217
8.1200,0.1598,0.1858,0.2103,0.7500,1.3058
8.1210,0.4166,0.4687,0.0100,0.7500,1.6453
8.1220,0.3932,0.4407,0.0100,0.7500,1.5940
8.1230,0.3715,0.4157,0.0100,0.7500,1.5472
8.1240,0.3514,0.3937,0.0100,0.7500,1.5051
8.1250,0.3330,0.3746,0.0100,0.7500,1.4676
8.1260,0.3162,0.3582,0.0100,0.7500,1.4344
8.1270,0.3009,0.3440,0.0196,0.7500,1.4145
8.1280,0.2869,0.3316,0.0322,0.7500,1.4007
8.1290,0.2739,0.3205,0.0450,0.7500,1.3895
8.1300,0.2618,0.3102,0.0582,0.7500,1.3802
8.1310,0.2502,0.3001,0.0717,0.7500,1.3720
8.1320,0.2389,0.2898,0.0857,0.7500,1.3644
8.1330,0.2276,0.2789,0.1001,0.7500,1.3566
8.1340,0.2162,0.2671,0.1148,0.7500,1.3482
8.1350,0.2046,0.2542,0.1299,0.7500,1.3387
8.1360,0.1925,0.2403,0.1451,0.7500,1.3279
8.1370,0.1799,0.2253,0.1604,0.7500,1.3156
8.1380,0.1669,0.2095,0.1756,0.7500,1.3019
8.1390,0.1533,0.1931,0.1906,0.7500,1.2869
8.1400,0.1393,0.1764,0.2052,0.7500,1.2709
8.1410,0.3966,0.4545,0.0100,0.7500,1.6111
8.1420,0.3739,0.4269,0.0100,0.7500,1.5608
8.1430,0.3527,0.4022,0.0100,0.7500,1.5148
8.1440,0.3331,0.3803,0.0100,0.7500,1.4735
8.1450,0.3152,0.3614,0.0100,0.7500,1.4366
8.1460,0.2989,0.3449,0.0100,0.7500,1.4038
8.1470,0.2839,0.3307,0.0213,0.7500,1.3859
8.1480,0.2703,0.3182,0.0340,0.7500,1.3725
8.1490,0.2576,0.3070,0.0469,0.7500,1.3615
8.1500,0.2457,0.2965,0.0601,0.7500,1.3523
8.1510,0.2344,0.2863,0.0736,0.7500,1.3442
8.1520,0.2233,0.2758,0.0875,0.7500,1.3366
8.1530,0.2124,0.2648,0.1017,0.7500,1.3289
8.1540,0.2013,0.2530,0.1163,0.7500,1.3206
8.1550,0.1900,0.2401,0.1311,0.7500,1.3112
8.1560,0.1783,0.2262,0.1461,0.7500,1.3006
8.1570,0.1661,0.2113,0.1611,0.7500,1.2885
8.1580,0.1535,0.1956,0.1760,0.7500,1.2751
8.1590,0.1405,0.1794,0.1907,0.7500,1.2605
8.1600,0.1270,0.1629,0.2049,0.7500,1.2448
8.1610,0.3868,0.4466,0.0100,0.7500,1.5934
8.1620,0.3650,0.4193,0.0100,0.7500,1.5443
8.1630,0.3447,0.3948,0.0100,0.7500,1.4995
8.1640,0.3259,0.3732,0.0100,0.7500,1.4592
8.1650,0.3088,0.3544,0.0100,0.7500,1.4232
8.1660,0.2932,0.3382,0.0100,0.7500,1.3913
8.1670,0.2789,0.3241,0.0193,0.7500,1.3723
8.1680,0.2659,0.3117,0.0319,0.7500,1.3595
8.1690,0.2540,0.3005,0.0446,0.7500,1.3490
8.1700,0.2427,0.2901,0.0575,0.7500,1.3404
8.1710,0.2321,0.2799,0.0709,0.7500,1.3329
8.1720,0.2217,0.2695,0.0846,0.7500,1.3259
8.1730,0.2115,0.2586,0.0987,0.7500,1.3188
8.1740,0.2012,0.2468,0.1132,0.7500,1.3111
8.1750,0.1906,0.2340,0.1279,0.7500,1.3024
8.1760,0.1796,0.2201,0.1428,0.7500,1.2925
8.1770,0.1683,0.2052,0.1577,0.7500,1.2811
8.1780,0.1564,0.1895,0.1725,0.7500,1.2685
8.1790,0.1442,0.1733,0.1871,0.7500,1.2546
8.1800,0.1315,0.1568,0.2014,0.7500,1.2397
8.1810,0.3938,0.4364,0.0100,0.7500,1.5902
8.1820,0.3725,0.4095,0.0100,0.7500,1.5420
8.1830,0.3526,0.3854,0.0100,0.7500,1.4980
8.1840,0.3344,0.3640,0.0100,0.7500,1.4584
8.1850,0.3177,0.3453,0.0100,0.7500,1.4230
8.1860,0.3026,0.3290,0.0100,0.7500,1.3916
8.1870,0.2888,0.3149,0.0100,0.7500,1.3637
8.1880,0.2763,0.3024,0.0218,0.7500,1.3505
8.1890,0.2648,0.2911,0.0345,0.7500,1.3404
8.1900,0.2541,0.2805,0.0474,0.7500,1.3320
8.1910,0.2439,0.2702,0.0607,0.7500,1.3249
8.1920,0.2341,0.2597,0.0745,0.7500,1.3183
8.1930,0.2244,0.2486,0.0887,0.7500,1.3116
8.1940,0.2146,0.2366,0.1032,0.7500,1.3044
8.1950,0.2046,0.2237,0.1180,0.7500,1.2963
8.1960,0.1942,0.2097,0.1330,0.7500,1.2869
8.1970,0.1833,0.1947,0.1481,0.7500,1.2762
8.1980,0.1720,0.1789,0.1631,0.7500,1.2641
8.1990,0.1602,0.1626,0.1779,0.7500,1.2507
8.2000,0.1480,0.1460,0.1924,0.7500,1.2364
8.2010,0.4108,0.4301,0.0100,0.7500,1.6009
8.2020,0.3892,0.4031,0.0100,0.7500,1.5523
8.2030,0.3692,0.3788,0.0100,0.7500,1.5080
8.2040,0.3508,0.3573,0.0100,0.7500,1.4681
8.2050,0.3340,0.3384,0.0100,0.7500,1.4324
8.2060,0.3187,0.3220,0.0100,0.7500,1.4007
8.2070,0.3048,0.3077,0.0100,0.7500,1.3725
8.2080,0.2922,0.2951,0.0204,0.7500,1.3578
8.2090,0.2806,0.2837,0.0334,0.7500,1.3478
8.2100,0.2699,0.2731,0.0467,0.7500,1.3396
8.2110,0.2597,0.2626,0.0603,0.7500,1.3327
8.2120,0.2499,0.2521,0.0743,0.7500,1.3262
8.2130,0.2401,0.2409,0.0887,0.7500,1.3197
8.2140,0.2303,0.2290,0.1034,0.7500,1.3127
8.2150,0.2202,0.2160,0.1184,0.7500,1.3046
8.2160,0.2097,0.2020,0.1336,0.7500,1.2953
8.2170,0.1987,0.1870,0.1487,0.7500,1.2845
8.2180,0.1872,0.1712,0.1639,0.7500,1.2723
8.2190,0.1752,0.1548,0.1787,0.7500,1.2588
8.2200,0.1628,0.1381,0.1932,0.7500,1.2441
8.2210,0.4239,0.4182,0.0100,0.7500,1.6021
8.2220,0.4017,0.3916,0.0100,0.7500,1.5533
8.2230,0.3809,0.3676,0.0100,0.7500,1.5085
8.2240,0.3618,0.3463,0.0100,0.7500,1.4681
8.2250,0.3443,0.3275,0.0100,0.7500,1.4318
8.2260,0.3285,0.3110,0.0100,0.7500,1.3994
8.2270,0.3140,0.2965,0.0100,0.7500,1.3706
8.2280,0.3009,0.2837,0.0153,0.7500,1.3499
8.2290,0.2888,0.2720,0.0283,0.7500,1.3391
8.2300,0.2776,0.2610,0.0416,0.7500,1.3302
8.2310,0.2669,0.2503,0.0553,0.7500,1.3225
8.2320,0.2565,0.2394,0.0693,0.7500,1.3153
8.2330,0.2463,0.2279,0.0838,0.7500,1.3080
8.2340,0.2359,0.2157,0.0985,0.7500,1.3002
8.2350,0.2253,0.2026,0.1136,0.7500,1.2914
8.2360,0.2142,0.1885,0.1287,0.7500,1.2814
8.2370,0.2027,0.1734,0.1439,0.7500,1.2700
8.2380,0.1906,0.1575,0.1591,0.7500,1.2572
8.2390,0.1780,0.1411,0.1740,0.7500,1.2430
8.2400,0.1649,0.1244,0.1885,0.7500,1.2278
8.2410,0.4239,0.4090,0.0100,0.7500,1.5929
8.2420,0.4010,0.3827,0.0100,0.7500,1.5437
8.2430,0.3796,0.3589,0.0100,0.7500,1.4985
8.2440,0.3600,0.3377,0.0100,0.7500,1.4577
8.2450,0.3419,0.3191,0.0100,0.7500,1.4210
8.2460,0.3255,0.3027,0.0100,0.7500,1.3882
8.2470,0.3106,0.2884,0.0100,0.7500,1.3589
8.2480,0.2969,0.2756,0.0167,0.7500,1.3392
8.2490,0.2843,0.2640,0.0298,0.7500,1.3280
8.2500,0.2725,0.2530,0.0431,0.7500,1.3186
8.2510,0.2612,0.2423,0.0568,0.7500,1.3103
8.2520,0.2503,0.2314,0.0708,0.7500,1.3025
8.2530,0.2395,0.2199,0.0852,0.7500,1.2947
8.2540,0.2286,0.2077,0.0999,0.7500,1.2862
8.2550,0.2174,0.1945,0.1149,0.7500,1.2768
8.2560,0.2058,0.1803,0.1300,0.7500,1.2661
8.2570,0.1937,0.1652,0.1451,0.7500,1.2540
8.2580,0.1811,0.1493,0.1601,0.7500,1.2405
8.2590,0.1680,0.1328,0.1749,0.7500,1.2257
8.2600,0.1545,0.1160,0.1893,0.7500,1.2097
8.2610,0.4122,0.3968,0.0100,0.7500,1.5690
8.2620,0.3893,0.3709,0.0100,0.7500,1.5202
8.2630,0.3679,0.3474,0.0100,0.7500,1.4753
8.2640,0.3482,0.3265,0.0100,0.7500,1.4346
8.2650,0.3301,0.3079,0.0100,0.7500,1.3980
8.2660,0.3135,0.2916,0.0100,0.7500,1.3651
8.2670,0.2984,0.2772,0.0100,0.7500,1.3357
8.2680,0.2846,0.2643,0.0105,0.7500,1.3094
8.2690,0.2718,0.2525,0.0234,0.7500,1.2978
8.2700,0.2598,0.2414,0.0366,0.7500,1.2878
8.2710,0.2484,0.2305,0.0501,0.7500,1.2791
8.2720,0.2373,0.2194,0.0641,0.7500,1.2708
8.2730,0.2263,0.2078,0.0783,0.7500,1.2625
8.2740,0.2152,0.1954,0.0930,0.7500,1.2536
8.2750,0.2038,0.1821,0.1079,0.7500,1.2438
8.2760,0.1921,0.1678,0.1229,0.7500,1.2328
8.2770,0.1799,0.1526,0.1380,0.7500,1.2205
8.2780,0.1672,0.1366,0.1530,0.7500,1.2068
8.2790,0.1540,0.1201,0.1678,0.7500,1.1919
8.2800,0.1405,0.1033,0.1822,0.7500,1.1760
8.2810,0.3989,0.3888,0.0100,0.7500,1.5477
8.2820,0.3764,0.3630,0.0100,0.7500,1.4994
8.2830,0.3555,0.3396,0.0100,0.7500,1.4551
8.2840,0.3362,0.3187,0.0100,0.7500,1.4149
8.2850,0.3185,0.3002,0.0100,0.7500,1.3787
8.2860,0.3023,0.2839,0.0100,0.7500,1.3462
8.2870,0.2875,0.2695,0.0100,0.7500,1.3170
8.2880,0.2740,0.2566,0.0100,0.7500,1.2906
8.2890,0.2614,0.2448,0.0227,0.7500,1.2789
8.2900,0.2497,0.2336,0.0359,0.7500,1.2693
8.2910,0.2385,0.2227,0.0496,0.7500,1.2608
8.2920,0.2277,0.2116,0.0636,0.7500,1.2528
8.2930,0.2169,0.1999,0.0779,0.7500,1.2447
8.2940,0.2061,0.1875,0.0926,0.7500,1.2361
8.2950,0.1950,0.1741,0.1075,0.7500,1.2266
8.2960,0.1835,0.1598,0.1225,0.7500,1.2158
8.2970,0.1717,0.1445,0.1376,0.7500,1.2038
8.2980,0.1593,0.1284,0.1526,0.7500,1.1904
8.2990,0.1466,0.1118,0.1674,0.7500,1.1758
8.3000,0.1334,0.0949,0.1818,0.7500,1.1601
8.3010,0.3936,0.3764,0.0100,0.7500,1.5299
8.3020,0.3717,0.3509,0.0100,0.7500,1.4827
8.3030,0.3514,0.3278,0.0100,0.7500,1.4392
8.3040,0.3326,0.3071,0.0100,0.7500,1.3997
8.3050,0.3154,0.2887,0.0100,0.7500,1.3641
8.3060,0.2997,0.2724,0.0100,0.7500,1.3321
8.3070,0.2854,0.2579,0.0100,0.7500,1.3033
8.3080,0.2723,0.2448,0.0100,0.7500,1.2771
8.3090,0.2603,0.2328,0.0216,0.7500,1.2647
8.3100,0.2490,0.2214,0.0349,0.7500,1.2553
8.3110,0.2382,0.2102,0.0485,0.7500,1.2469
8.3120,0.2278,0.1989,0.0624,0.7500,1.2391
8.3130,0.2176,0.1870,0.0766,0.7500,1.2312
8.3140,0.2072,0.1744,0.0911,0.7500,1.2228
8.3150,0.1966,0.1610,0.1059,0.7500,1.2135
8.3160,0.1857,0.1466,0.1207,0.7500,1.2030
8.3170,0.1743,0.1313,0.1356,0.7500,1.1913
8.3180,0.1625,0.1152,0.1505,0.7500,1.1782
8.3190,0.1503,0.0987,0.1651,0.7500,1.1640
8.3200,0.1376,0.0819,0.1793,0.7500,1.1488
8.3210,0.3993,0.3683,0.0100,0.7500,1.5275
8.3220,0.3778,0.3432,0.0100,0.7500,1.4809
8.3230,0.3577,0.3204,0.0100,0.7500,1.4381
8.3240,0.3392,0.2999,0.0100,0.7500,1.3991
8.3250,0.3222,0.2817,0.0100,0.7500,1.3640
8.3260,0.3068,0.2656,0.0100,0.7500,1.3324
8.3270,0.2928,0.2513,0.0100,0.7500,1.3041
8.3280,0.2800,0.2383,0.0100,0.7500,1.2783
8.3290,0.2682,0.2264,0.0118,0.7500,1.2564
8.3300,0.2572,0.2151,0.0249,0.7500,1.2472
8.3310,0.2468,0.2039,0.0383,0.7500,1.2391
8.3320,0.2367,0.1926,0.0521,0.7500,1.2315
8.3330,0.2268,0.1807,0.0663,0.7500,1.2239
8.3340,0.2168,0.1681,0.0809,0.7500,1.2157
8.3350,0.2065,0.1545,0.0957,0.7500,1.2068
8.3360,0.1960,0.1400,0.1107,0.7500,1.1966
8.3370,0.1849,0.1245,0.1257,0.7500,1.1852
8.3380,0.1734,0.1083,0.1407,0.7500,1.1724
8.3390,0.1615,0.0915,0.1555,0.7500,1.1585
8.3400,0.1491,0.0745,0.1699,0.7500,1.1435
8.3410,0.4110,0.3564,0.0100,0.7500,1.5275
8.3420,0.3894,0.3314,0.0100,0.7500,1.4808
8.3430,0.3692,0.3086,0.0100,0.7500,1.4378
8.3440,0.3505,0.2881,0.0100,0.7500,1.3986
8.3450,0.3335,0.2698,0.0100,0.7500,1.3633
8.3460,0.3180,0.2535,0.0100,0.7500,1.3315
8.3470,0.3038,0.2389,0.0100,0.7500,1.3028
8.3480,0.2910,0.2257,0.0100,0.7500,1.2767
8.3490,0.2792,0.2136,0.0100,0.7500,1.2527
8.3500,0.2681,0.2020,0.0228,0.7500,1.2429
8.3510,0.2577,0.1906,0.0364,0.7500,1.2346
8.3520,0.2476,0.1790,0.0503,0.7500,1.2269
8.3530,0.2376,0.1670,0.0645,0.7500,1.2191
8.3540,0.2276,0.1542,0.0791,0.7500,1.2109
8.3550,0.2173,0.1406,0.0939,0.7500,1.2018
8.3560,0.2066,0.1260,0.1088,0.7500,1.1915
8.3570,0.1955,0.1106,0.1238,0.7500,1.1799
8.3580,0.1839,0.0944,0.1386,0.7500,1.1670
8.3590,0.1718,0.0777,0.1533,0.7500,1.1528
8.3600,0.1592,0.0607,0.1676,0.7500,1.1376
8.3610,0.4201,0.3478,0.0100,0.7500,1.5279
8.3620,0.3979,0.3232,0.0100,0.7500,1.4811
8.3630,0.3772,0.3007,0.0100,0.7500,1.4379
8.3640,0.3581,0.2804,0.0100,0.7500,1.3985
8.3650,0.3407,0.2622,0.0100,0.7500,1.3629
8.3660,0.3248,0.2460,0.0100,0.7500,1.3307
8.3670,0.3103,0.2314,0.0100,0.7500,1.3017
8.3680,0.2971,0.2182,0.0100,0.7500,1.2753
8.3690,0.2849,0.2060,0.0100,0.7500,1.2509
8.3700,0.2736,0.1943,0.0132,0.7500,1.2311
8.3710,0.2628,0.1828,0.0268,0.7500,1.2224
8.3720,0.2524,0.1711,0.0407,0.7500,1.2142
8.3730,0.2421,0.1589,0.0550,0.7500,1.2060
8.3740,0.2317,0.1460,0.0696,0.7500,1.1973
8.3750,0.2211,0.1322,0.0845,0.7500,1.1878
8.3760,0.2101,0.1175,0.0995,0.7500,1.1771
8.3770,0.1986,0.1019,0.1146,0.7500,1.1651
8.3780,0.1867,0.0855,0.1297,0.7500,1.1518
8.3790,0.1742,0.0686,0.1445,0.7500,1.1373
8.3800,0.1612,0.0514,0.1590,0.7500,1.1217
8.3810,0.4207,0.3339,0.0100,0.7500,1.5146
8.3820,0.3981,0.3096,0.0100,0.7500,1.4676
8.3830,0.3770,0.2873,0.0100,0.7500,1.4242
8.3840,0.3575,0.2671,0.0100,0.7500,1.3846
8.3850,0.3397,0.2490,0.0100,0.7500,1.3486
8.3860,0.3234,0.2327,0.0100,0.7500,1.3161
8.3870,0.3086,0.2180,0.0100,0.7500,1.2866
8.3880,0.2950,0.2046,0.0100,0.7500,1.2597
8.3890,0.2825,0.1922,0.0100,0.7500,1.2347
8.3900,0.2708,0.1803,0.0115,0.7500,1.2126
8.3910,0.2597,0.1685,0.0251,0.7500,1.2033
8.3920,0.2489,0.1566,0.0391,0.7500,1.1946
8.3930,0.2382,0.1442,0.0534,0.7500,1.1859
8.3940,0.2275,0.1311,0.0681,0.7500,1.1766
8.3950,0.2164,0.1172,0.0829,0.7500,1.1665
8.3960,0.2051,0.1024,0.0979,0.7500,1.1553
8.3970,0.1932,0.0867,0.1129,0.7500,1.1428
8.3980,0.1809,0.0704,0.1278,0.7500,1.1290
8.3990,0.1680,0.0535,0.1425,0.7500,1.1140
8.4000,0.1547,0.0363,0.1569,0.7500,1.0979
8.4010,0.4133,0.3240,0.0100,0.7500,1.4973
8.4020,0.3906,0.3001,0.0100,0.7500,1.4506
8.4030,0.3694,0.2781,0.0100,0.7500,1.4075
8.4040,0.3498,0.2582,0.0100,0.7500,1.3680
8.4050,0.3319,0.2403,0.0100,0.7500,1.3322
8.4060,0.3155,0.2242,0.0100,0.7500,1.2997
8.4070,0.3006,0.2096,0.0100,0.7500,1.2702
8.4080,0.2869,0.1963,0.0100,0.7500,1.2432
8.4090,0.2742,0.1839,0.0100,0.7500,1.2181
8.4100,0.2624,0.1720,0.0100,0.7500,1.1943
8.4110,0.2511,0.1602,0.0156,0.7500,1.1768
8.4120,0.2401,0.1482,0.0295,0.7500,1.1678
8.4130,0.2293,0.1357,0.0438,0.7500,1.1588
8.4140,0.2184,0.1225,0.0585,0.7500,1.1494
8.4150,0.2072,0.1085,0.0734,0.7500,1.1391
8.4160,0.1957,0.0936,0.0884,0.7500,1.1277
8.4170,0.1837,0.0778,0.1036,0.7500,1.1151
8.4180,0.1712,0.0613,0.1186,0.7500,1.1012
8.4190,0.1583,0.0443,0.1335,0.7500,1.0861
8.4200,0.1449,0.0269,0.1481,0.7500,1.0700
8.4210,0.3993,0.3103,0.0100,0.7500,1.4695
8.4220,0.3771,0.2866,0.0100,0.7500,1.4238
8.4230,0.3565,0.2649,0.0100,0.7500,1.3814
8.4240,0.3373,0.2451,0.0100,0.7500,1.3424
8.4250,0.3197,0.2273,0.0100,0.7500,1.3070
8.4260,0.3036,0.2111,0.0100,0.7500,1.2748
8.4270,0.2889,0.1965,0.0100,0.7500,1.2454
8.4280,0.2754,0.1830,0.0100,0.7500,1.2184
8.4290,0.2628,0.1704,0.0100,0.7500,1.1932
8.4300,0.2511,0.1583,0.0100,0.7500,1.1693
8.4310,0.2398,0.1463,0.0136,0.7500,1.1498
8.4320,0.2290,0.1341,0.0277,0.7500,1.1407
8.4330,0.2182,0.1214,0.0420,0.7500,1.1317
8.4340,0.2074,0.1081,0.0567,0.7500,1.1222
8.4350,0.1963,0.0940,0.0716,0.7500,1.1119
8.4360,0.1850,0.0790,0.0866,0.7500,1.1006
8.4370,0.1732,0.0632,0.1017,0.7500,1.0881
8.4380,0.1610,0.0467,0.1167,0.7500,1.0744
8.4390,0.1483,0.0297,0.1315,0.7500,1.0596
8.4400,0.1353,0.0125,0.1459,0.7500,1.0437
8.4410,0.3955,0.3010,0.0100,0.7500,1.4565
8.4420,0.3737,0.2778,0.0100,0.7500,1.4115
8.4430,0.3534,0.2566,0.0100,0.7500,1.3700
8.4440,0.3347,0.2372,0.0100,0.7500,1.3319
8.4450,0.3176,0.2194,0.0100,0.7500,1.2970
8.4460,0.3020,0.2034,0.0100,0.7500,1.2653
8.4470,0.2877,0.1888,0.0100,0.7500,1.2365
8.4480,0.2747,0.1754,0.0100,0.7500,1.2100
8.4490,0.2626,0.1628,0.0100,0.7500,1.1854
8.4500,0.2513,0.1506,0.0100,0.7500,1.1620
8.4510,0.2406,0.1386,0.0104,0.7500,1.1397
8.4520,0.2302,0.1264,0.0244,0.7500,1.1310
8.4530,0.2200,0.1137,0.0387,0.7500,1.1223
8.4540,0.2096,0.1003,0.0533,0.7500,1.1132
8.4550,0.1990,0.0862,0.0681,0.7500,1.1033
8.4560,0.1881,0.0711,0.0831,0.7500,1.0924
8.4570,0.1768,0.0553,0.0981,0.7500,1.0802
8.4580,0.1650,0.0388,0.1131,0.7500,1.0669
8.4590,0.1528,0.0217,0.1279,0.7500,1.0523
8.4600,0.1401,0.0100,0.1423,0.7500,1.0424
8.4610,0.4017,0.2932,0.0100,0.7500,1.4549
8.4620,0.3801,0.2703,0.0100,0.7500,1.4103
8.4630,0.3599,0.2494,0.0100,0.7500,1.3694
8.4640,0.3413,0.2302,0.0100,0.7500,1.3315
8.4650,0.3243,0.2124,0.0100,0.7500,1.2967
8.4660,0.3088,0.1961,0.0100,0.7500,1.2649
8.4670,0.2946,0.1814,0.0100,0.7500,1.2360
8.4680,0.2817,0.1677,0.0100,0.7500,1.2095
8.4690,0.2699,0.1549,0.0100,0.7500,1.1848
8.4700,0.2588,0.1426,0.0100,0.7500,1.1614
8.4710,0.2483,0.1304,0.0100,0.7500,1.1387
8.4720,0.2381,0.1181,0.0145,0.7500,1.1207
8.4730,0.2281,0.1053,0.0287,0.7500,1.1121
8.4740,0.2180,0.0918,0.0433,0.7500,1.1031
8.4750,0.2077,0.0776,0.0581,0.7500,1.0934
8.4760,0.1971,0.0625,0.0731,0.7500,1.0826
8.4770,0.1860,0.0466,0.0881,0.7500,1.0707
8.4780,0.1745,0.0299,0.1031,0.7500,1.0576
8.4790,0.1625,0.0128,0.1180,0.7500,1.0433
8.4800,0.1501,0.0100,0.1325,0.7500,1.0426
8.4810,0.4117,0.2791,0.0100,0.7500,1.4508
8.4820,0.3900,0.2567,0.0100,0.7500,1.4067
8.4830,0.3698,0.2363,0.0100,0.7500,1.3661
8.4840,0.3511,0.2173,0.0100,0.7500,1.3284
8.4850,0.3340,0.1997,0.0100,0.7500,1.2936
8.4860,0.3184,0.1832,0.0100,0.7500,1.2615
8.4870,0.3042,0.1679,0.0100,0.7500,1.2321
8.4880,0.2913,0.1539,0.0100,0.7500,1.2051
8.4890,0.2793,0.1406,0.0100,0.7500,1.1800
8.4900,0.2682,0.1279,0.0100,0.7500,1.1561
8.4910,0.2577,0.1154,0.0100,0.7500,1.1331
8.4920,0.2475,0.1027,0.0120,0.7500,1.1122
8.4930,0.2374,0.0897,0.0262,0.7500,1.1033
8.4940,0.2272,0.0761,0.0406,0.7500,1.0939
8.4950,0.2169,0.0618,0.0552,0.7500,1.0839
8.4960,0.2061,0.0467,0.0700,0.7500,1.0728
8.4970,0.1950,0.0309,0.0848,0.7500,1.0606
8.4980,0.1833,0.0143,0.0996,0.7500,1.0472
8.4990,0.1712,0.0100,0.1142,0.7500,1.0453
8.5000,0.1586,0.0100,0.1284,0.7500,1.0470
8.5010,0.4192,0.2679,0.0100,0.7500,1.4471
8.5020,0.3971,0.2465,0.0100,0.7500,1.4036
8.5030,0.3764,0.2267,0.0100,0.7500,1.3630
8.5040,0.3573,0.2081,0.0100,0.7500,1.3254
8.5050,0.3399,0.1908,0.0100,0.7500,1.2907
8.5060,0.3240,0.1745,0.0100,0.7500,1.2585
8.5070,0.3095,0.1591,0.0100,0.7500,1.2287
8.5080,0.2963,0.1450,0.0100,0.7500,1.2014
8.5090,0.2842,0.1317,0.0100,0.7500,1.1758
8.5100,0.2728,0.1188,0.0100,0.7500,1.1516
8.5110,0.2621,0.1060,0.0100,0.7500,1.1281
8.5120,0.2516,0.0932,0.0100,0.7500,1.1048
8.5130,0.2413,0.0800,0.0145,0.7500,1.0858
8.5140,0.2309,0.0663,0.0288,0.7500,1.0759
8.5150,0.2202,0.0518,0.0433,0.7500,1.0653
8.5160,0.2092,0.0366,0.0579,0.7500,1.0537
8.5170,0.1977,0.0207,0.0727,0.7500,1.0411
8.5180,0.1857,0.0100,0.0874,0.7500,1.0331
8.5190,0.1733,0.0100,0.1019,0.7500,1.0352
8.5200,0.1603,0.0100,0.1162,0.7500,1.0366
8.5210,0.4199,0.2526,0.0100,0.7500,1.4325
8.5220,0.3973,0.2319,0.0100,0.7500,1.3893
8.5230,0.3763,0.2126,0.0100,0.7500,1.3489
8.5240,0.3569,0.1944,0.0100,0.7500,1.3113
8.5250,0.3392,0.1772,0.0100,0.7500,1.2764
8.5260,0.3230,0.1610,0.0100,0.7500,1.2440
8.5270,0.3083,0.1455,0.0100,0.7500,1.2138
8.5280,0.2948,0.1308,0.0100,0.7500,1.1856
8.5290,0.2823,0.1169,0.0100,0.7500,1.1593
8.5300,0.2707,0.1036,0.0100,0.7500,1.1343
8.5310,0.2596,0.0905,0.0100,0.7500,1.1101
8.5320,0.2489,0.0774,0.0100,0.7500,1.0862
8.5330,0.2382,0.0640,0.0100,0.7500,1.0622
8.5340,0.2275,0.0501,0.0224,0.7500,1.0500
8.5350,0.2165,0.0357,0.0367,0.7500,1.0389
8.5360,0.2051,0.0206,0.0511,0.7500,1.0269
8.5370,0.1933,0.0100,0.0656,0.7500,1.0189
8.5380,0.1810,0.0100,0.0801,0.7500,1.0211
8.5390,0.1682,0.0100,0.0943,0.7500,1.0226
8.5400,0.1550,0.0100,0.1084,0.7500,1.0233
8.5410,0.4137,0.2409,0.0100,0.7500,1.4146
8.5420,0.3911,0.2210,0.0100,0.7500,1.3721
8.5430,0.3700,0.2023,0.0100,0.7500,1.3323
8.5440,0.3505,0.1846,0.0100,0.7500,1.2951
8.5450,0.3327,0.1678,0.0100,0.7500,1.2605
8.5460,0.3164,0.1518,0.0100,0.7500,1.2282
8.5470,0.3016,0.1366,0.0100,0.7500,1.1981
8.5480,0.2880,0.1219,0.0100,0.7500,1.1699
8.5490,0.2754,0.1080,0.0100,0.7500,1.1434
8.5500,0.2636,0.0945,0.0100,0.7500,1.1181
8.5510,0.2524,0.0811,0.0100,0.7500,1.0935
8.5520,0.2415,0.0676,0.0100,0.7500,1.0691
8.5530,0.2307,0.0538,0.0100,0.7500,1.0445
8.5540,0.2199,0.0395,0.0100,0.7500,1.0194
8.5550,0.2087,0.0246,0.0227,0.7500,1.0061
8.5560,0.1972,0.0100,0.0372,0.7500,0.9944
8.5570,0.1853,0.0100,0.0518,0.7500,0.9971
8.5580,0.1729,0.0100,0.0663,0.7500,0.9992
8.5590,0.1600,0.0100,0.0807,0.7500,1.0007
8.5600,0.1466,0.0100,0.0949,0.7500,1.0015
8.5610,0.4055,0.2240,0.0159,0.7500,1.3955
8.5620,0.3831,0.2046,0.0100,0.7500,1.3477
8.5630,0.3622,0.1862,0.0100,0.7500,1.3084
8.5640,0.3429,0.1686,0.0100,0.7500,1.2715
8.5650,0.3253,0.1519,0.0100,0.7500,1.2371
8.5660,0.3091,0.1358,0.0100,0.7500,1.2049
8.5670,0.2944,0.1202,0.0100,0.7500,1.1746
8.5680,0.2810,0.1052,0.0100,0.7500,1.1461
8.5690,0.2685,0.0905,0.0100,0.7500,1.1190
8.5700,0.2568,0.0761,0.0100,0.7500,1.0929
8.5710,0.2457,0.0619,0.0100,0.7500,1.0676
8.5720,0.2349,0.0479,0.0100,0.7500,1.0427
8.5730,0.2241,0.0338,0.0100,0.7500,1.0180
8.5740,0.2133,0.0196,0.0100,0.7500,0.9929
8.5750,0.2022,0.0100,0.0168,0.7500,0.9791
8.5760,0.1908,0.0100,0.0310,0.7500,0.9818
8.5770,0.1789,0.0100,0.0451,0.7500,0.9841
8.5780,0.1666,0.0100,0.0592,0.7500,0.9858
8.5790,0.1538,0.0100,0.0732,0.7500,0.9870
8.5800,0.1405,0.0100,0.0870,0.7500,0.9875
8.5810,0.3956,0.2037,0.0182,0.7500,1.3675
8.5820,0.3738,0.1858,0.0100,0.7500,1.3196
8.5830,0.3534,0.1687,0.0100,0.7500,1.2820
8.5840,0.3345,0.1523,0.0100,0.7500,1.2468
8.5850,0.3172,0.1364,0.0100,0.7500,1.2137
8.5860,0.3014,0.1211,0.0100,0.7500,1.1826
8.5870,0.2870,0.1063,0.0100,0.7500,1.1533
8.5880,0.2738,0.0918,0.0100,0.7500,1.1255
8.5890,0.2615,0.0776,0.0100,0.7500,1.0991
8.5900,0.2500,0.0635,0.0100,0.7500,1.0736
8.5910,0.2391,0.0494,0.0100,0.7500,1.0485
8.5920,0.2285,0.0349,0.0100,0.7500,1.0234
8.5930,0.2180,0.0201,0.0100,0.7500,0.9981
8.5940,0.2074,0.0100,0.0100,0.7500,0.9774
8.5950,0.1966,0.0100,0.0147,0.7500,0.9713
8.5960,0.1855,0.0100,0.0292,0.7500,0.9747
8.5970,0.1739,0.0100,0.0437,0.7500,0.9776
8.5980,0.1619,0.0100,0.0581,0.7500,0.9800
8.5990,0.1495,0.0100,0.0724,0.7500,0.9818
8.6000,0.1366,0.0100,0.0864,0.7500,0.9830
8.6010,0.3839,0.1699,0.0142,0.7500,1.3181
8.6020,0.3631,0.1521,0.0100,0.7500,1.2752
8.6030,0.3435,0.1349,0.0100,0.7500,1.2384
8.6040,0.3255,0.1182,0.0100,0.7500,1.2036
8.6050,0.3089,0.1018,0.0100,0.7500,1.1707
8.6060,0.2936,0.0857,0.0100,0.7500,1.1394
8.6070,0.2797,0.0699,0.0100,0.7500,1.1096
8.6080,0.2669,0.0541,0.0100,0.7500,1.0810
8.6090,0.2550,0.0384,0.0100,0.7500,1.0535
8.6100,0.2439,0.0227,0.0100,0.7500,1.0266
8.6110,0.2333,0.0100,0.0100,0.7500,1.0033
8.6120,0.2230,0.0100,0.0100,0.7500,0.9930
8.6130,0.2128,0.0100,0.0100,0.7500,0.9828
8.6140,0.2026,0.0100,0.0100,0.7500,0.9726
8.6150,0.1922,0.0100,0.0218,0.7500,0.9740
8.6160,0.1815,0.0100,0.0362,0.7500,0.9777
8.6170,0.1704,0.0100,0.0506,0.7500,0.9810
8.6180,0.1589,0.0100,0.0649,0.7500,0.9838
8.6190,0.1470,0.0100,0.0791,0.7500,0.9860
8.6200,0.1347,0.0119,0.0930,0.7500,0.9896
8.6210,0.3699,0.1163,0.0100,0.7500,1.2462
8.6220,0.3504,0.0985,0.0100,0.7500,1.2089
8.6230,0.3321,0.0809,0.0100,0.7500,1.1730
8.6240,0.3151,0.0635,0.0100,0.7500,1.1385
8.6250,0.2994,0.0461,0.0100,0.7500,1.1055
8.6260,0.2850,0.0287,0.0100,0.7500,1.0737
8.6270,0.2717,0.0112,0.0100,0.7500,1.0429
8.6280,0.2595,0.0100,0.0100,0.7500,1.0295
8.6290,0.2482,0.0100,0.0100,0.7500,1.0182
8.6300,0.2376,0.0100,0.0100,0.7500,1.0076
8.6310,0.2274,0.0100,0.0100,0.7500,0.9974
8.6320,0.2176,0.0100,0.0100,0.7500,0.9876
8.6330,0.2079,0.0100,0.0156,0.7500,0.9835
8.6340,0.1981,0.0100,0.0294,0.7500,0.9875
8.6350,0.1882,0.0100,0.0428,0.7500,0.9910
8.6360,0.1780,0.0100,0.0556,0.7500,0.9936
8.6370,0.1674,0.0235,0.0678,0.7500,1.0087
8.6380,0.1564,0.0402,0.0793,0.7500,1.0259
8.6390,0.1450,0.0565,0.0901,0.7500,1.0415
8.6400,0.1332,0.0721,0.1001,0.7500,1.0555
8.6410,0.3607,0.0573,0.0100,0.7500,1.1780
8.6420,0.3420,0.0460,0.0100,0.7500,1.1480
8.6430,0.3244,0.0359,0.0100,0.7500,1.1203
8.6440,0.3081,0.0265,0.0100,0.7500,1.0946
8.6450,0.2930,0.0177,0.0100,0.7500,1.0707
8.6460,0.2791,0.0100,0.0100,0.7500,1.0491
8.6470,0.2664,0.0100,0.0100,0.7500,1.0364
8.6480,0.2547,0.0100,0.0100,0.7500,1.0247
8.6490,0.2438,0.0100,0.0100,0.7500,1.0138
8.6500,0.2336,0.0100,0.0100,0.7500,1.0036
8.6510,0.2240,0.0100,0.0100,0.7500,0.9940
8.6520,0.2146,0.0100,0.0100,0.7500,0.9846
8.6530,0.2054,0.0100,0.0100,0.7500,0.9754
8.6540,0.1961,0.0100,0.0100,0.7500,0.9661
8.6550,0.1867,0.0100,0.0100,0.7500,0.9567
8.6560,0.1771,0.0100,0.0100,0.7500,0.9471
8.6570,0.1671,0.0100,0.0162,0.7500,0.9433
8.6580,0.1569,0.0100,0.0258,0.7500,0.9427
8.6590,0.1462,0.0100,0.0355,0.7500,0.9418
8.6600,0.1353,0.0100,0.0452,0.7500,0.9406
8.6610,0.3508,0.1041,0.0240,0.7500,1.2289
8.6620,0.3337,0.0929,0.0155,0.7500,1.1921
8.6630,0.3175,0.0817,0.0100,0.7500,1.1592
8.6640,0.3025,0.0705,0.0100,0.7500,1.1330
8.6650,0.2886,0.0592,0.0100,0.7500,1.1078
8.6660,0.2757,0.0479,0.0100,0.7500,1.0836
8.6670,0.2639,0.0364,0.0100,0.7500,1.0603
8.6680,0.2530,0.0247,0.0100,0.7500,1.0378
8.6690,0.2429,0.0128,0.0100,0.7500,1.0158
8.6700,0.2335,0.0100,0.0100,0.7500,1.0035
8.6710,0.2244,0.0100,0.0100,0.7500,0.9944
8.6720,0.2157,0.0100,0.0100,0.7500,0.9857
8.6730,0.2072,0.0100,0.0100,0.7500,0.9772
8.6740,0.1986,0.0100,0.0100,0.7500,0.9686
8.6750,0.1900,0.0100,0.0100,0.7500,0.9600
8.6760,0.1811,0.0100,0.0100,0.7500,0.9511
8.6770,0.1721,0.0100,0.0100,0.7500,0.9421
8.6780,0.1627,0.0100,0.0100,0.7500,0.9327
8.6790,0.1530,0.0100,0.0100,0.7500,0.9230
8.6800,0.1430,0.0100,0.0133,0.7500,0.9164
8.6810,0.3558,0.1011,0.0365,0.7500,1.2434
8.6820,0.3394,0.0875,0.0278,0.7500,1.2047
8.6830,0.3241,0.0748,0.0192,0.7500,1.1681
8.6840,0.3098,0.0630,0.0108,0.7500,1.1337
8.6850,0.2966,0.0520,0.0100,0.7500,1.1086
8.6860,0.2844,0.0417,0.0100,0.7500,1.0862
8.6870,0.2733,0.0319,0.0100,0.7500,1.0652
8.6880,0.2631,0.0223,0.0100,0.7500,1.0454
8.6890,0.2537,0.0130,0.0100,0.7500,1.0266
8.6900,0.2448,0.0100,0.0100,0.7500,1.0148
8.6910,0.2365,0.0100,0.0100,0.7500,1.0065
8.6920,0.2284,0.0100,0.0100,0.7500,0.9984
8.6930,0.2205,0.0100,0.0100,0.7500,0.9905
8.6940,0.2127,0.0100,0.0100,0.7500,0.9827
8.6950,0.2047,0.0100,0.0100,0.7500,0.9747
8.6960,0.1964,0.0100,0.0100,0.7500,0.9664
8.6970,0.1880,0.0100,0.0100,0.7500,0.9580
8.6980,0.1792,0.0100,0.0100,0.7500,0.9492
8.6990,0.1701,0.0100,0.0100,0.7500,0.9401
8.7000,0.1607,0.0100,0.0100,0.7500,0.9307
8.7010,0.3557,0.1107,0.0416,0.7500,1.2580
8.7020,0.3403,0.0984,0.0325,0.7500,1.2212
8.7030,0.3257,0.0863,0.0235,0.7500,1.1856
8.7040,0.3121,0.0744,0.0146,0.7500,1.1511
8.7050,0.2995,0.0626,0.0100,0.7500,1.1221
8.7060,0.2878,0.0509,0.0100,0.7500,1.0987
8.7070,0.2771,0.0393,0.0100,0.7500,1.0764
8.7080,0.2671,0.0277,0.0100,0.7500,1.0548
8.7090,0.2579,0.0160,0.0100,0.7500,1.0340
8.7100,0.2493,0.0100,0.0100,0.7500,1.0193
8.7110,0.2411,0.0100,0.0100,0.7500,1.0111
8.7120,0.2332,0.0100,0.0100,0.7500,1.0032
8.7130,0.2255,0.0100,0.0100,0.7500,0.9955
8.7140,0.2178,0.0100,0.0100,0.7500,0.9878
8.7150,0.2100,0.0100,0.0100,0.7500,0.9800
8.7160,0.2020,0.0100,0.0100,0.7500,0.9720
8.7170,0.1938,0.0100,0.0100,0.7500,0.9638
8.7180,0.1854,0.0100,0.0100,0.7500,0.9554
8.7190,0.1766,0.0100,0.0100,0.7500,0.9466
8.7200,0.1676,0.0100,0.0100,0.7500,0.9376
8.7210,0.3581,0.0860,0.0343,0.7500,1.2284
8.7220,0.3432,0.0743,0.0252,0.7500,1.1927
8.7230,0.3291,0.0629,0.0162,0.7500,1.1582
8.7240,0.3159,0.0518,0.0100,0.7500,1.1277
8.7250,0.3038,0.0408,0.0100,0.7500,1.1046
8.7260,0.2926,0.0299,0.0100,0.7500,1.0824
8.7270,0.2822,0.0189,0.0100,0.7500,1.0611
8.7280,0.2727,0.0100,0.0100,0.7500,1.0427
8.7290,0.2639,0.0100,0.0100,0.7500,1.0339
8.7300,0.2557,0.0100,0.0100,0.7500,1.0257
8.7310,0.2479,0.0100,0.0100,0.7500,1.0179
8.7320,0.2403,0.0100,0.0100,0.7500,1.0103
8.7330,0.2329,0.0100,0.0100,0.7500,1.0029
8.7340,0.2254,0.0100,0.0100,0.7500,0.9954
8.7350,0.2179,0.0100,0.0100,0.7500,0.9879
8.7360,0.2102,0.0100,0.0100,0.7500,0.9802
8.7370,0.2022,0.0100,0.0100,0.7500,0.9722
8.7380,0.1939,0.0100,0.0100,0.7500,0.9639
8.7390,0.1853,0.0100,0.0100,0.7500,0.9553
8.7400,0.1764,0.0100,0.0100,0.7500,0.9464
8.7410,0.3532,0.0472,0.0154,0.7500,1.1657
8.7420,0.3388,0.0352,0.0100,0.7500,1.1340
8.7430,0.3251,0.0235,0.0100,0.7500,1.1085
8.7440,0.3122,0.0119,0.0100,0.7500,1.0842
8.7450,0.3003,0.0100,0.0100,0.7500,1.0703
8.7460,0.2892,0.0100,0.0100,0.7500,1.0592
8.7470,0.2790,0.0100,0.0100,0.7500,1.0490
8.7480,0.2695,0.0100,0.0100,0.7500,1.0395
8.7490,0.2607,0.0100,0.0100,0.7500,1.0307
8.7500,0.2524,0.0100,0.0100,0.7500,1.0224
8.7510,0.2445,0.0100,0.0100,0.7500,1.0145
8.7520,0.2369,0.0100,0.0100,0.7500,1.0069
8.7530,0.2295,0.0100,0.0100,0.7500,0.9995
8.7540,0.2221,0.0100,0.0100,0.7500,0.9921
8.7550,0.2146,0.0100,0.0100,0.7500,0.9846
8.7560,0.2069,0.0100,0.0100,0.7500,0.9769
8.7570,0.1991,0.0100,0.0100,0.7500,0.9691
8.7580,0.1910,0.0229,0.0100,0.7500,0.9739
8.7590,0.1827,0.0373,0.0100,0.7500,0.9800
8.7600,0.1741,0.0517,0.0195,0.7500,0.9953
8.7610,0.3417,0.0100,0.0100,0.7500,1.1117
8.7620,0.3281,0.0100,0.0100,0.7500,1.0981
8.7630,0.3152,0.0100,0.0100,0.7500,1.0852
8.7640,0.3030,0.0100,0.0100,0.7500,1.0730
8.7650,0.2917,0.0100,0.0100,0.7500,1.0617
8.7660,0.2811,0.0100,0.0100,0.7500,1.0511
8.7670,0.2713,0.0100,0.0100,0.7500,1.0413
8.7680,0.2622,0.0100,0.0100,0.7500,1.0322
8.7690,0.2537,0.0100,0.0100,0.7500,1.0237
8.7700,0.2457,0.0100,0.0100,0.7500,1.0157
8.7710,0.2381,0.0100,0.0100,0.7500,1.0081
8.7720,0.2307,0.0100,0.0100,0.7500,1.0007
8.7730,0.2234,0.0100,0.0100,0.7500,0.9934
8.7740,0.2162,0.0198,0.0100,0.7500,0.9961
8.7750,0.2089,0.0338,0.0100,0.7500,1.0027
8.7760,0.2016,0.0477,0.0100,0.7500,1.0092
8.7770,0.1940,0.0614,0.0100,0.7500,1.0154
8.7780,0.1862,0.0751,0.0133,0.7500,1.0246
8.7790,0.1782,0.0885,0.0228,0.7500,1.0395
8.7800,0.1700,0.1017,0.0322,0.7500,1.0539
8.7810,0.3243,0.0100,0.0100,0.7500,1.0943
8.7820,0.3118,0.0100,0.0100,0.7500,1.0818
8.7830,0.2998,0.0100,0.0100,0.7500,1.0698
8.7840,0.2885,0.0100,0.0100,0.7500,1.0585
8.7850,0.2780,0.0100,0.0100,0.7500,1.0480
8.7860,0.2681,0.0100,0.0100,0.7500,1.0381
8.7870,0.2590,0.0100,0.0100,0.7500,1.0290
8.7880,0.2504,0.0100,0.0100,0.7500,1.0204
8.7890,0.2424,0.0105,0.0100,0.7500,1.0129
8.7900,0.2348,0.0234,0.0100,0.7500,1.0183
8.7910,0.2276,0.0363,0.0100,0.7500,1.0239
8.7920,0.2207,0.0490,0.0100,0.7500,1.0297
8.7930,0.2139,0.0617,0.0100,0.7500,1.0356
8.7940,0.2071,0.0742,0.0100,0.7500,1.0413
8.7950,0.2003,0.0866,0.0100,0.7500,1.0469
8.7960,0.1935,0.0987,0.0100,0.7500,1.0522
8.7970,0.1865,0.1106,0.0183,0.7500,1.0655
8.7980,0.1793,0.1224,0.0267,0.7500,1.0784
8.7990,0.1720,0.1338,0.0349,0.7500,1.0907
8.8000,0.1645,0.1450,0.0430,0.7500,1.1025
8.8010,0.3108,0.0100,0.0100,0.7500,1.0808
8.8020,0.2994,0.0100,0.0100,0.7500,1.0694
8.8030,0.2885,0.0100,0.0100,0.7500,1.0585
8.8040,0.2783,0.0100,0.0100,0.7500,1.0483
8.8050,0.2687,0.0100,0.0100,0.7500,1.0387
8.8060,0.2597,0.0194,0.0100,0.7500,1.0392
8.8070,0.2514,0.0302,0.0100,0.7500,1.0416
8.8080,0.2437,0.0407,0.0100,0.7500,1.0444
8.8090,0.2364,0.0512,0.0100,0.7500,1.0476
8.8100,0.2296,0.0614,0.0100,0.7500,1.0511
8.8110,0.2231,0.0716,0.0100,0.7500,1.0547
8.8120,0.2169,0.0815,0.0100,0.7500,1.0584
8.8130,0.2108,0.0913,0.0100,0.7500,1.0621
8.8140,0.2048,0.1009,0.0100,0.7500,1.0657
8.8150,0.1988,0.1104,0.0100,0.7500,1.0691
8.8160,0.1927,0.1197,0.0100,0.7500,1.0723
8.8170,0.1865,0.1288,0.0100,0.7500,1.0753
8.8180,0.1801,0.1377,0.0147,0.7500,1.0825
8.8190,0.1736,0.1465,0.0213,0.7500,1.0915
8.8200,0.1670,0.1551,0.0279,0.7500,1.1000
8.8210,0.3054,0.0100,0.0100,0.7500,1.0754
8.8220,0.2951,0.0100,0.0100,0.7500,1.0651
8.8230,0.2853,0.0100,0.0100,0.7500,1.0553
8.8240,0.2761,0.0182,0.0100,0.7500,1.0543
8.8250,0.2675,0.0268,0.0100,0.7500,1.0542
8.8260,0.2594,0.0352,0.0100,0.7500,1.0546
8.8270,0.2519,0.0434,0.0100,0.7500,1.0553
8.8280,0.2450,0.0514,0.0100,0.7500,1.0565
8.8290,0.2386,0.0593,0.0100,0.7500,1.0579
8.8300,0.2325,0.0670,0.0100,0.7500,1.0595
8.8310,0.2268,0.0746,0.0100,0.7500,1.0614
8.8320,0.2213,0.0821,0.0100,0.7500,1.0633
8.8330,0.2159,0.0894,0.0100,0.7500,1.0653
8.8340,0.2106,0.0966,0.0100,0.7500,1.0673
8.8350,0.2054,0.1038,0.0100,0.7500,1.0692
8.8360,0.2001,0.1109,0.0100,0.7500,1.0710
8.8370,0.1947,0.1179,0.0100,0.7500,1.0725
8.8380,0.1891,0.1248,0.0100,0.7500,1.0739
8.8390,0.1834,0.1317,0.0100,0.7500,1.0751
8.8400,0.1776,0.1384,0.0100,0.7500,1.0760
8.8410,0.3029,0.0100,0.0100,0.7500,1.0729
8.8420,0.2937,0.0100,0.0100,0.7500,1.0637
8.8430,0.2850,0.0100,0.0100,0.7500,1.0550
8.8440,0.2768,0.0109,0.0100,0.7500,1.0476
8.8450,0.2690,0.0176,0.0100,0.7500,1.0467
8.8460,0.2618,0.0243,0.0100,0.7500,1.0461
8.8470,0.2551,0.0309,0.0100,0.7500,1.0460
8.8480,0.2488,0.0374,0.0100,0.7500,1.0463
8.8490,0.2430,0.0439,0.0100,0.7500,1.0469
8.8500,0.2376,0.0502,0.0100,0.7500,1.0478
8.8510,0.2324,0.0566,0.0100,0.7500,1.0490
8.8520,0.2275,0.0629,0.0100,0.7500,1.0504
8.8530,0.2227,0.0692,0.0100,0.7500,1.0519
8.8540,0.2180,0.0756,0.0100,0.7500,1.0536
8.8550,0.2133,0.0819,0.0100,0.7500,1.0552
8.8560,0.2086,0.0882,0.0100,0.7500,1.0569
8.8570,0.2039,0.0946,0.0100,0.7500,1.0584
8.8580,0.1990,0.1009,0.0100,0.7500,1.0599
8.8590,0.1940,0.1073,0.0100,0.7500,1.0612
8.8600,0.1888,0.1136,0.0100,0.7500,1.0624
8.8610,0.3053,0.0100,0.0100,0.7500,1.0753
8.8620,0.2970,0.0100,0.0100,0.7500,1.0670
8.8630,0.2891,0.0100,0.0100,0.7500,1.0591
8.8640,0.2817,0.0100,0.0100,0.7500,1.0517
8.8650,0.2747,0.0100,0.0100,0.7500,1.0447
8.8660,0.2681,0.0100,0.0100,0.7500,1.0381
8.8670,0.2621,0.0130,0.0100,0.7500,1.0350
8.8680,0.2565,0.0192,0.0100,0.7500,1.0357
8.8690,0.2512,0.0255,0.0100,0.7500,1.0367
8.8700,0.2463,0.0317,0.0100,0.7500,1.0381
8.8710,0.2417,0.0380,0.0100,0.7500,1.0398
8.8720,0.2373,0.0444,0.0100,0.7500,1.0417
8.8730,0.2330,0.0508,0.0100,0.7500,1.0438
8.8740,0.2288,0.0573,0.0100,0.7500,1.0461
8.8750,0.2246,0.0639,0.0100,0.7500,1.0485
8.8760,0.2203,0.0705,0.0100,0.7500,1.0508
8.8770,0.2160,0.0771,0.0100,0.7500,1.0531
8.8780,0.2116,0.0838,0.0100,0.7500,1.0554
8.8790,0.2070,0.0906,0.0100,0.7500,1.0576
8.8800,0.2023,0.0973,0.0100,0.7500,1.0596
8.8810,0.3049,0.0100,0.0269,0.7500,1.0917
8.8820,0.2973,0.0100,0.0233,0.7500,1.0806
8.8830,0.2901,0.0100,0.0198,0.7500,1.0699
8.8840,0.2832,0.0100,0.0164,0.7500,1.0596
8.8850,0.2767,0.0100,0.0130,0.7500,1.0497
8.8860,0.2706,0.0100,0.0100,0.7500,1.0406
8.8870,0.2650,0.0155,0.0100,0.7500,1.0405
8.8880,0.2597,0.0225,0.0100,0.7500,1.0422
8.8890,0.2548,0.0295,0.0100,0.7500,1.0443
8.8900,0.2502,0.0365,0.0100,0.7500,1.0467
8.8910,0.2458,0.0435,0.0100,0.7500,1.0494
8.8920,0.2416,0.0506,0.0100,0.7500,1.0523
8.8930,0.2376,0.0577,0.0100,0.7500,1.0553
8.8940,0.2336,0.0648,0.0100,0.7500,1.0584
8.8950,0.2297,0.0719,0.0100,0.7500,1.0616
8.8960,0.2257,0.0790,0.0100,0.7500,1.0647
8.8970,0.2216,0.0861,0.0100,0.7500,1.0678
8.8980,0.2175,0.0932,0.0100,0.7500,1.0707
8.8990,0.2133,0.1002,0.0100,0.7500,1.0735
8.9000,0.2089,0.1072,0.0100,0.7500,1.0761
8.9010,0.3021,0.0100,0.0482,0.7500,1.1103
8.9020,0.2951,0.0100,0.0448,0.7500,1.0999
8.9030,0.2884,0.0136,0.0416,0.7500,1.0936
8.9040,0.2821,0.0209,0.0384,0.7500,1.0913
8.9050,0.2761,0.0282,0.0352,0.7500,1.0895
8.9060,0.2705,0.0354,0.0321,0.7500,1.0880
8.9070,0.2653,0.0426,0.0291,0.7500,1.0870
8.9080,0.2604,0.0499,0.0259,0.7500,1.0862
8.9090,0.2558,0.0571,0.0228,0.7500,1.0857
8.9100,0.2515,0.0643,0.0195,0.7500,1.0854
8.9110,0.2475,0.0715,0.0161,0.7500,1.0851
8.9120,0.2436,0.0787,0.0127,0.7500,1.0850
8.9130,0.2398,0.0859,0.0100,0.7500,1.0858
8.9140,0.2362,0.0931,0.0100,0.7500,1.0892
8.9150,0.2325,0.1002,0.0100,0.7500,1.0927
8.9160,0.2288,0.1073,0.0100,0.7500,1.0961
8.9170,0.2250,0.1143,0.0100,0.7500,1.0993
8.9180,0.2212,0.1212,0.0100,0.7500,1.1023
8.9190,0.2172,0.1279,0.0100,0.7500,1.1051
8.9200,0.2131,0.1345,0.0100,0.7500,1.1077
8.9210,0.2970,0.0370,0.0592,0.7500,1.1433
8.9220,0.2906,0.0439,0.0557,0.7500,1.1402
8.9230,0.2844,0.0506,0.0524,0.7500,1.1374
8.9240,0.2785,0.0572,0.0493,0.7500,1.1349
8.9250,0.2729,0.0636,0.0463,0.7500,1.1328
8.9260,0.2676,0.0698,0.0435,0.7500,1.1309
8.9270,0.2627,0.0758,0.0407,0.7500,1.1293
8.9280,0.2581,0.0817,0.0380,0.7500,1.1278
8.9290,0.2538,0.0875,0.0353,0.7500,1.1266
8.9300,0.2498,0.0932,0.0325,0.7500,1.1254
8.9310,0.2459,0.0988,0.0296,0.7500,1.1243
8.9320,0.2423,0.1043,0.0265,0.7500,1.1232
8.9330,0.2387,0.1099,0.0234,0.7500,1.1220
8.9340,0.2353,0.1154,0.0200,0.7500,1.1207
8.9350,0.2319,0.1209,0.0165,0.7500,1.1193
8.9360,0.2284,0.1263,0.0129,0.7500,1.1177
8.9370,0.2250,0.1317,0.0100,0.7500,1.1167
8.9380,0.2214,0.1371,0.0100,0.7500,1.1185
8.9390,0.2178,0.1423,0.0100,0.7500,1.1202
8.9400,0.2141,0.1475,0.0100,0.7500,1.1216
8.9410,0.2887,0.0652,0.0649,0.7500,1.1688
8.9420,0.2830,0.0708,0.0612,0.7500,1.1650
8.9430,0.2774,0.0761,0.0578,0.7500,1.1613
8.9440,0.2721,0.0812,0.0545,0.7500,1.1579
8.9450,0.2671,0.0861,0.0515,0.7500,1.1547
8.9460,0.2623,0.0907,0.0486,0.7500,1.1516
8.9470,0.2579,0.0951,0.0458,0.7500,1.1488
8.9480,0.2537,0.0992,0.0431,0.7500,1.1461
8.9490,0.2498,0.1032,0.0405,0.7500,1.1435
8.9500,0.2460,0.1070,0.0379,0.7500,1.1410
8.9510,0.2425,0.1107,0.0352,0.7500,1.1385
8.9520,0.2392,0.1143,0.0325,0.7500,1.1360
8.9530,0.2359,0.1179,0.0297,0.7500,1.1335
8.9540,0.2327,0.1214,0.0268,0.7500,1.1309
8.9550,0.2296,0.1249,0.0237,0.7500,1.1283
8.9560,0.2265,0.1284,0.0206,0.7500,1.1255
8.9570,0.2234,0.1319,0.0173,0.7500,1.1226
8.9580,0.2202,0.1354,0.0140,0.7500,1.1196
8.9590,0.2169,0.1389,0.0107,0.7500,1.1165
8.9600,0.2136,0.1423,0.0100,0.7500,1.1160
8.9610,0.2742,0.0692,0.0644,0.7500,1.1578
8.9620,0.2693,0.0732,0.0610,0.7500,1.1535
8.9630,0.2646,0.0770,0.0578,0.7500,1.1494
8.9640,0.2601,0.0806,0.0548,0.7500,1.1455
8.9650,0.2558,0.0841,0.0518,0.7500,1.1417
8.9660,0.2518,0.0874,0.0490,0.7500,1.1382
8.9670,0.2479,0.0906,0.0464,0.7500,1.1349
8.9680,0.2443,0.0936,0.0437,0.7500,1.1317
8.9690,0.2409,0.0965,0.0412,0.7500,1.1287
8.9700,0.2378,0.0994,0.0386,0.7500,1.1258
8.9710,0.2347,0.1021,0.0361,0.7500,1.1230
8.9720,0.2318,0.1049,0.0335,0.7500,1.1202
8.9730,0.2291,0.1076,0.0309,0.7500,1.1176
8.9740,0.2264,0.1104,0.0281,0.7500,1.1149
8.9750,0.2238,0.1131,0.0253,0.7500,1.1122
8.9760,0.2212,0.1159,0.0224,0.7500,1.1096
8.9770,0.2186,0.1188,0.0195,0.7500,1.1069
8.9780,0.2160,0.1216,0.0165,0.7500,1.1041
8.9790,0.2134,0.1245,0.0135,0.7500,1.1014
8.9800,0.2108,0.1273,0.0105,0.7500,1.0986
8.9810,0.2624,0.0690,0.0527,0.7500,1.1341
8.9820,0.2585,0.0723,0.0498,0.7500,1.1305
8.9830,0.2548,0.0754,0.0469,0.7500,1.1271
8.9840,0.2513,0.0785,0.0442,0.7500,1.1239
8.9850,0.2479,0.0814,0.0415,0.7500,1.1209
8.9860,0.2448,0.0842,0.0390,0.7500,1.1180
8.9870,0.2419,0.0870,0.0365,0.7500,1.1154
8.9880,0.2391,0.0896,0.0342,0.7500,1.1129
8.9890,0.2366,0.0921,0.0318,0.7500,1.1105
8.9900,0.2342,0.0946,0.0295,0.7500,1.1083
8.9910,0.2320,0.0970,0.0272,0.7500,1.1062
8.9920,0.2299,0.0994,0.0248,0.7500,1.1042
8.9930,0.2279,0.1018,0.0225,0.7500,1.1022
8.9940,0.2260,0.1042,0.0201,0.7500,1.1002
8.9950,0.2241,0.1066,0.0176,0.7500,1.0983
8.9960,0.2223,0.1090,0.0151,0.7500,1.0964
8.9970,0.2204,0.1114,0.0126,0.7500,1.0945
8.9980,0.2186,0.1138,0.0101,0.7500,1.0926
8.9990,0.2168,0.1162,0.0100,0.7500,1.0930
9.0000,0.2149,0.1186,0.0100,0.7500,1.0936
9.0010,0.2527,0.0752,0.0430,0.7500,1.1209
9.0020,0.2500,0.0778,0.0406,0.7500,1.1185
9.0030,0.2474,0.0804,0.0383,0.7500,1.1161
9.0040,0.2449,0.0829,0.0362,0.7500,1.1139
9.0050,0.2426,0.0853,0.0341,0.7500,1.1119
9.0060,0.2404,0.0875,0.0321,0.7500,1.1100
9.0070,0.2383,0.0897,0.0302,0.7500,1.1082
9.0080,0.2364,0.0918,0.0283,0.7500,1.1066
9.0090,0.2347,0.0939,0.0265,0.7500,1.1050
9.0100,0.2331,0.0958,0.0247,0.7500,1.1036
9.0110,0.2316,0.0978,0.0229,0.7500,1.1023
9.0120,0.2302,0.0997,0.0211,0.7500,1.1010
9.0130,0.2290,0.1016,0.0193,0.7500,1.0998
9.0140,0.2278,0.1035,0.0174,0.7500,1.0987
9.0150,0.2267,0.1054,0.0155,0.7500,1.0976
9.0160,0.2256,0.1073,0.0136,0.7500,1.0965
9.0170,0.2246,0.1092,0.0117,0.7500,1.0955
9.0180,0.2236,0.1111,0.0100,0.7500,1.0946
9.0190,0.2225,0.1129,0.0100,0.7500,1.0955
9.0200,0.2216,0.1148,0.0100,0.7500,1.0963
9.0210,0.2504,0.0810,0.0296,0.7500,1.1110
9.0220,0.2488,0.0830,0.0279,0.7500,1.1097
9.0230,0.2472,0.0849,0.0263,0.7500,1.1084
9.0240,0.2458,0.0868,0.0247,0.7500,1.1073
9.0250,0.2444,0.0885,0.0233,0.7500,1.1063
9.0260,0.2432,0.0902,0.0219,0.7500,1.1053
9.0270,0.2421,0.0918,0.0206,0.7500,1.1044
9.0280,0.2411,0.0932,0.0194,0.7500,1.1037
9.0290,0.2402,0.0946,0.0182,0.7500,1.1030
9.0300,0.2394,0.0960,0.0170,0.7500,1.1023
9.0310,0.2387,0.0972,0.0159,0.7500,1.1018
9.0320,0.2380,0.0985,0.0148,0.7500,1.1013
9.0330,0.2375,0.0997,0.0137,0.7500,1.1008
9.0340,0.2370,0.1009,0.0126,0.7500,1.1005
9.0350,0.2365,0.1021,0.0115,0.7500,1.1001
9.0360,0.2361,0.1032,0.0104,0.7500,1.0998
9.0370,0.2357,0.1044,0.0100,0.7500,1.1001
9.0380,0.2353,0.1056,0.0100,0.7500,1.1009
9.0390,0.2350,0.1067,0.0100,0.7500,1.1017
9.0400,0.2346,0.1079,0.0100,0.7500,1.1024
9.0410,0.2541,0.0887,0.0204,0.7500,1.1133
9.0420,0.2533,0.0900,0.0195,0.7500,1.1128
9.0430,0.2525,0.0912,0.0187,0.7500,1.1124
9.0440,0.2518,0.0923,0.0178,0.7500,1.1120
9.0450,0.2511,0.0934,0.0171,0.7500,1.1116
9.0460,0.2505,0.0944,0.0164,0.7500,1.1113
9.0470,0.2500,0.0954,0.0157,0.7500,1.1111
9.0480,0.2495,0.0963,0.0151,0.7500,1.1108
9.0490,0.2490,0.0971,0.0145,0.7500,1.1107
9.0500,0.2487,0.0979,0.0140,0.7500,1.1105
9.0510,0.2484,0.0986,0.0135,0.7500,1.1104
9.0520,0.2481,0.0993,0.0130,0.7500,1.1103
9.0530,0.2479,0.0999,0.0125,0.7500,1.1103
9.0540,0.2477,0.1005,0.0121,0.7500,1.1102
9.0550,0.2475,0.1011,0.0116,0.7500,1.1102
9.0560,0.2473,0.1017,0.0112,0.7500,1.1102
9.0570,0.2472,0.1022,0.0108,0.7500,1.1102
9.0580,0.2470,0.1027,0.0105,0.7500,1.1102
9.0590,0.2468,0.1032,0.0101,0.7500,1.1102
9.0600,0.2467,0.1037,0.0100,0.7500,1.1104
9.0610,0.2515,0.0991,0.0145,0.7500,1.1151
9.0620,0.2511,0.0996,0.0142,0.7500,1.1150
9.0630,0.2508,0.1001,0.0139,0.7500,1.1148
9.0640,0.2505,0.1006,0.0137,0.7500,1.1147
9.0650,0.2501,0.1010,0.0134,0.7500,1.1145
9.0660,0.2498,0.1014,0.0132,0.7500,1.1144
9.0670,0.2494,0.1018,0.0130,0.7500,1.1142
9.0680,0.2491,0.1022,0.0128,0.7500,1.1141
9.0690,0.2487,0.1026,0.0126,0.7500,1.1139
9.0700,0.2484,0.1029,0.0125,0.7500,1.1137
9.0710,0.2480,0.1032,0.0123,0.7500,1.1136
9.0720,0.2477,0.1035,0.0122,0.7500,1.1134
9.0730,0.2474,0.1037,0.0121,0.7500,1.1132
9.0740,0.2471,0.1040,0.0120,0.7500,1.1131
9.0750,0.2468,0.1042,0.0119,0.7500,1.1129
9.0760,0.2465,0.1044,0.0118,0.7500,1.1127
9.0770,0.2462,0.1046,0.0118,0.7500,1.1125
9.0780,0.2459,0.1047,0.0117,0.7500,1.1124
9.0790,0.2457,0.1049,0.0117,0.7500,1.1122
9.0800,0.2454,0.1050,0.0116,0.7500,1.1120
9.0810,0.2452,0.1051,0.0116,0.7500,1.1119
9.0820,0.2449,0.1052,0.0115,0.7500,1.1117
9.0830,0.2447,0.1053,0.0115,0.7500,1.1115
9.0840,0.2444,0.1054,0.0115,0.7500,1.1113
9.0850,0.2442,0.1055,0.0114,0.7500,1.1111
9.0860,0.2440,0.1056,0.0114,0.7500,1.1109
9.0870,0.2437,0.1057,0.0114,0.7500,1.1108
9.0880,0.2435,0.1057,0.0114,0.7500,1.1106
9.0890,0.2432,0.1058,0.0113,0.7500,1.1104
9.0900,0.2430,0.1059,0.0113,0.7500,1.1102
9.0910,0.2427,0.1059,0.0113,0.7500,1.1100
9.0920,0.2424,0.1060,0.0113,0.7500,1.1098
9.0930,0.2422,0.1061,0.0113,0.7500,1.1096
9.0940,0.2419,0.1061,0.0113,0.7500,1.1093
9.0950,0.2416,0.1062,0.0113,0.7500,1.1091
9.0960,0.2413,0.1063,0.0113,0.7500,1.1089
9.0970,0.2410,0.1063,0.0113,0.7500,1.1087
9.0980,0.2408,0.1064,0.0113,0.7500,1.1084
9.0990,0.2405,0.1064,0.0113,0.7500,1.1082
9.1000,0.2402,0.1065,0.0113,0.7500,1.1080
9.1010,0.2399,0.1065,0.0113,0.7500,1.1077
9.1020,0.2396,0.1065,0.0113,0.7500,1.1075
9.1030,0.2394,0.1066,0.0113,0.7500,1.1073
9.1040,0.2391,0.1066,0.0113,0.7500,1.1071
9.1050,0.2388,0.1067,0.0113,0.7500,1.1068
9.1060,0.2385,0.1067,0.0114,0.7500,1.1066
9.1070,0.2383,0.1068,0.0114,0.7500,1.1064
9.1080,0.2380,0.1068,0.0114,0.7500,1.1062
9.1090,0.2378,0.1068,0.0114,0.7500,1.1060
9.1100,0.2375,0.1069,0.0114,0.7500,1.1058
9.1110,0.2373,0.1069,0.0114,0.7500,1.1056
9.1120,0.2370,0.1069,0.0114,0.7500,1.1054
9.1130,0.2368,0.1070,0.0114,0.7500,1.1051
9.1140,0.2365,0.1070,0.0114,0.7500,1.1049
9.1150,0.2363,0.1070,0.0115,0.7500,1.1047
9.1160,0.2360,0.1071,0.0115,0.7500,1.1045
9.1170,0.2358,0.1071,0.0115,0.7500,1.1043
9.1180,0.2355,0.1071,0.0115,0.7500,1.1041
9.1190,0.2353,0.1071,0.0115,0.7500,1.1039
9.1200,0.2350,0.1072,0.0115,0.7500,1.1037
9.1210,0.2348,0.1072,0.0115,0.7500,1.1035
9.1220,0.2345,0.1072,0.0115,0.7500,1.1033
9.1230,0.2343,0.1072,0.0115,0.7500,1.1031
9.1240,0.2340,0.1073,0.0116,0.7500,1.1028
9.1250,0.2338,0.1073,0.0116,0.7500,1.1026
9.1260,0.2335,0.1073,0.0116,0.7500,1.1024
9.1270,0.2333,0.1073,0.0116,0.7500,1.1022
9.1280,0.2330,0.1074,0.0116,0.7500,1.1020
9.1290,0.2328,0.1074,0.0116,0.7500,1.1018
9.1300,0.2325,0.1074,0.0116,0.7500,1.1015
9.1310,0.2322,0.1074,0.0116,0.7500,1.1013
9.1320,0.2320,0.1075,0.0116,0.7500,1.1011
9.1330,0.2317,0.1075,0.0116,0.7500,1.1009
9.1340,0.2315,0.1075,0.0117,0.7500,1.1007
9.1350,0.2312,0.1075,0.0117,0.7500,1.1004
9.1360,0.2310,0.1076,0.0117,0.7500,1.1002
9.1370,0.2307,0.1076,0.0117,0.7500,1.1000
9.1380,0.2305,0.1076,0.0117,0.7500,1.0998
9.1390,0.2302,0.1077,0.0117,0.7500,1.0996
9.1400,0.2300,0.1077,0.0117,0.7500,1.0994
9.1410,0.2297,0.1077,0.0117,0.7500,1.0992
9.1420,0.2295,0.1077,0.0117,0.7500,1.0989
9.1430,0.2292,0.1078,0.0117,0.7500,1.0987
9.1440,0.2290,0.1078,0.0117,0.7500,1.0985
9.1450,0.2288,0.1078,0.0117,0.7500,1.0983
9.1460,0.2285,0.1078,0.0118,0.7500,1.0981
9.1470,0.2283,0.1079,0.0118,0.7500,1.0979
9.1480,0.2280,0.1079,0.0118,0.7500,1.0977
9.1490,0.2278,0.1079,0.0118,0.7500,1.0975
9.1500,0.2276,0.1079,0.0118,0.7500,1.0973
9.1510,0.2273,0.1080,0.0118,0.7500,1.0971
9.1520,0.2271,0.1080,0.0118,0.7500,1.0968
9.1530,0.2268,0.1080,0.0118,0.7500,1.0966
9.1540,0.2266,0.1080,0.0118,0.7500,1.0964
9.1550,0.2264,0.1080,0.0118,0.7500,1.0962
9.1560,0.2261,0.1081,0.0118,0.7500,1.0960
9.1570,0.2259,0.1081,0.0118,0.7500,1.0958
9.1580,0.2256,0.1081,0.0118,0.7500,1.0956
9.1590,0.2254,0.1081,0.0118,0.7500,1.0954
9.1600,0.2252,0.1082,0.0118,0.7500,1.0951
9.1610,0.2249,0.1082,0.0118,0.7500,1.0949
9.1620,0.2247,0.1082,0.0118,0.7500,1.0947
9.1630,0.2244,0.1082,0.0118,0.7500,1.0945
9.1640,0.2242,0.1083,0.0118,0.7500,1.0943
9.1650,0.2240,0.1083,0.0119,0.7500,1.0941
9.1660,0.2237,0.1083,0.0119,0.7500,1.0939
9.1670,0.2235,0.1083,0.0119,0.7500,1.0937
9.1680,0.2232,0.1083,0.0119,0.7500,1.0935
9.1690,0.2230,0.1084,0.0119,0.7500,1.0932
9.1700,0.2228,0.1084,0.0119,0.7500,1.0930
9.1710,0.2225,0.1084,0.0119,0.7500,1.0928
9.1720,0.2223,0.1084,0.0119,0.7500,1.0926
9.1730,0.2221,0.1085,0.0119,0.7500,1.0924
9.1740,0.2218,0.1085,0.0119,0.7500,1.0922
9.1750,0.2216,0.1085,0.0119,0.7500,1.0920
9.1760,0.2214,0.1085,0.0119,0.7500,1.0918
9.1770,0.2211,0.1086,0.0119,0.7500,1.0916
9.1780,0.2209,0.1086,0.0119,0.7500,1.0914
9.1790,0.2207,0.1086,0.0119,0.7500,1.0912
9.1800,0.2204,0.1086,0.0119,0.7500,1.0910
9.1810,0.2202,0.1086,0.0119,0.7500,1.0908
9.1820,0.2200,0.1087,0.0119,0.7500,1.0906
9.1830,0.2198,0.1087,0.0119,0.7500,1.0903
9.1840,0.2195,0.1087,0.0119,0.7500,1.0901
9.1850,0.2193,0.1087,0.0119,0.7500,1.0899
9.1860,0.2191,0.1088,0.0119,0.7500,1.0897
9.1870,0.2188,0.1088,0.0119,0.7500,1.0895
9.1880,0.2186,0.1088,0.0119,0.7500,1.0893
9.1890,0.2184,0.1088,0.0119,0.7500,1.0891
9.1900,0.2182,0.1088,0.0119,0.7500,1.0889
9.1910,0.2179,0.1089,0.0119,0.7500,1.0887
9.1920,0.2177,0.1089,0.0119,0.7500,1.0885
9.1930,0.2175,0.1089,0.0119,0.7500,1.0883
9.1940,0.2172,0.1089,0.0119,0.7500,1.0881
9.1950,0.2170,0.1089,0.0119,0.7500,1.0879
9.1960,0.2168,0.1090,0.0119,0.7500,1.0877
9.1970,0.2166,0.1090,0.0119,0.7500,1.0875
9.1980,0.2163,0.1090,0.0119,0.7500,1.0873
9.1990,0.2161,0.1090,0.0119,0.7500,1.0871
9.2000,0.2159,0.1091,0.0119,0.7500,1.0869
9.2010,0.2157,0.1091,0.0119,0.7500,1.0867
9.2020,0.2154,0.1091,0.0119,0.7500,1.0865
9.2030,0.2152,0.1091,0.0119,0.7500,1.0863
9.2040,0.2150,0.1091,0.0119,0.7500,1.0861
9.2050,0.2148,0.1092,0.0119,0.7500,1.0859
9.2060,0.2145,0.1092,0.0119,0.7500,1.0857
9.2070,0.2143,0.1092,0.0119,0.7500,1.0855
9.2080,0.2141,0.1092,0.0119,0.7500,1.0853
9.2090,0.2139,0.1092,0.0119,0.7500,1.0851
9.2100,0.2137,0.1093,0.0119,0.7500,1.0849
9.2110,0.2134,0.1093,0.0119,0.7500,1.0847
9.2120,0.2132,0.1093,0.0119,0.7500,1.0845
9.2130,0.2130,0.1093,0.0119,0.7500,1.0843
9.2140,0.2128,0.1093,0.0120,0.7500,1.0841
9.2150,0.2126,0.1094,0.0120,0.7500,1.0839
9.2160,0.2123,0.1094,0.0120,0.7500,1.0837
9.2170,0.2121,0.1094,0.0120,0.7500,1.0835
9.2180,0.2119,0.1094,0.0120,0.7500,1.0833
9.2190,0.2117,0.1094,0.0120,0.7500,1.0831
9.2200,0.2115,0.1095,0.0120,0.7500,1.0829
9.2210,0.2113,0.1095,0.0120,0.7500,1.0827
9.2220,0.2110,0.1095,0.0120,0.7500,1.0825
9.2230,0.2108,0.1095,0.0120,0.7500,1.0823
9.2240,0.2106,0.1095,0.0120,0.7500,1.0821
9.2250,0.2104,0.1096,0.0120,0.7500,1.0819
9.2260,0.2102,0.1096,0.0120,0.7500,1.0817
9.2270,0.2100,0.1096,0.0120,0.7500,1.0815
9.2280,0.2097,0.1096,0.0120,0.7500,1.0813
9.2290,0.2095,0.1096,0.0120,0.7500,1.0811
9.2300,0.2093,0.1097,0.0120,0.7500,1.0809
9.2310,0.2091,0.1097,0.0120,0.7500,1.0807
9.2320,0.2089,0.1097,0.0120,0.7500,1.0806
9.2330,0.2087,0.1097,0.0120,0.7500,1.0804
9.2340,0.2085,0.1097,0.0120,0.7500,1.0802
9.2350,0.2082,0.1098,0.0120,0.7500,1.0800
9.2360,0.2080,0.1098,0.0120,0.7500,1.0798
9.2370,0.2078,0.1098,0.0120,0.7500,1.0796
9.2380,0.2076,0.1098,0.0120,0.7500,1.0794
9.2390,0.2074,0.1098,0.0120,0.7500,1.0792
9.2400,0.2072,0.1098,0.0120,0.7500,1.0790
9.2410,0.2070,0.1099,0.0120,0.7500,1.0788
9.2420,0.2068,0.1099,0.0120,0.7500,1.0786
9.2430,0.2066,0.1099,0.0120,0.7500,1.0784
9.2440,0.2064,0.1099,0.0120,0.7500,1.0783
9.2450,0.2061,0.1099,0.0120,0.7500,1.0781
9.2460,0.2059,0.1100,0.0120,0.7500,1.0779
9.2470,0.2057,0.1100,0.0120,0.7500,1.0777
9.2480,0.2055,0.1100,0.0120,0.7500,1.0775
9.2490,0.2053,0.1100,0.0120,0.7500,1.0773
9.2500,0.2051,0.1100,0.0120,0.7500,1.0771
9.2510,0.2049,0.1100,0.0120,0.7500,1.0769
9.2520,0.2047,0.1101,0.0120,0.7500,1.0767
9.2530,0.2045,0.1101,0.0120,0.7500,1.0765
9.2540,0.2043,0.1101,0.0120,0.7500,1.0764
9.2550,0.2041,0.1101,0.0120,0.7500,1.0762
9.2560,0.2039,0.1101,0.0120,0.7500,1.0760
9.2570,0.2037,0.1101,0.0120,0.7500,1.0758
9.2580,0.2035,0.1102,0.0120,0.7500,1.0756
9.2590,0.2033,0.1102,0.0120,0.7500,1.0754
9.2600,0.2030,0.1102,0.0120,0.7500,1.0752
9.2610,0.2028,0.1102,0.0120,0.7500,1.0751
9.2620,0.2026,0.1102,0.0120,0.7500,1.0749
9.2630,0.2024,0.1103,0.0120,0.7500,1.0747
9.2640,0.2022,0.1103,0.0120,0.7500,1.0745
9.2650,0.2020,0.1103,0.0120,0.7500,1.0743
9.2660,0.2018,0.1103,0.0120,0.7500,1.0741
9.2670,0.2016,0.1103,0.0120,0.7500,1.0739
9.2680,0.2014,0.1103,0.0120,0.7500,1.0738
9.2690,0.2012,0.1104,0.0120,0.7500,1.0736
9.2700,0.2010,0.1104,0.0120,0.7500,1.0734
9.2710,0.2008,0.1104,0.0120,0.7500,1.0732
9.2720,0.2006,0.1104,0.0120,0.7500,1.0730
9.2730,0.2004,0.1104,0.0120,0.7500,1.0728
9.2740,0.2002,0.1104,0.0120,0.7500,1.0727
9.2750,0.2000,0.1105,0.0120,0.7500,1.0725
9.2760,0.1998,0.1105,0.0120,0.7500,1.0723
9.2770,0.1996,0.1105,0.0120,0.7500,1.0721
9.2780,0.1994,0.1105,0.0120,0.7500,1.0719
9.2790,0.1992,0.1105,0.0120,0.7500,1.0718
9.2800,0.1990,0.1105,0.0120,0.7500,1.0716
9.2810,0.1988,0.1106,0.0120,0.7500,1.0714
9.2820,0.1986,0.1106,0.0120,0.7500,1.0712
9.2830,0.1984,0.1106,0.0120,0.7500,1.0710
9.2840,0.1982,0.1106,0.0120,0.7500,1.0709
9.2850,0.1980,0.1106,0.0120,0.7500,1.0707
9.2860,0.1978,0.1106,0.0120,0.7500,1.0705
9.2870,0.1977,0.1106,0.0120,0.7500,1.0703
9.2880,0.1975,0.1107,0.0120,0.7500,1.0701
9.2890,0.1973,0.1107,0.0120,0.7500,1.0700
9.2900,0.1971,0.1107,0.0120,0.7500,1.0698
9.2910,0.1969,0.1107,0.0120,0.7500,1.0696
9.2920,0.1967,0.1107,0.0120,0.7500,1.0694
9.2930,0.1965,0.1107,0.0120,0.7500,1.0692
9.2940,0.1963,0.1108,0.0120,0.7500,1.0691
9.2950,0.1961,0.1108,0.0120,0.7500,1.0689
9.2960,0.1959,0.1108,0.0120,0.7500,1.0687
9.2970,0.1957,0.1108,0.0120,0.7500,1.0685
9.2980,0.1955,0.1108,0.0120,0.7500,1.0684
9.2990,0.1953,0.1108,0.0120,0.7500,1.0682
9.3000,0.1951,0.1108,0.0120,0.7500,1.0680
9.3010,0.1949,0.1109,0.0120,0.7500,1.0678
9.3020,0.1948,0.1109,0.0120,0.7500,1.0677
9.3030,0.1946,0.1109,0.0120,0.7500,1.0675
9.3040,0.1944,0.1109,0.0120,0.7500,1.0673
9.3050,0.1942,0.1109,0.0120,0.7500,1.0671
9.3060,0.1940,0.1109,0.0120,0.7500,1.0670
9.3070,0.1938,0.1110,0.0120,0.7500,1.0668
9.3080,0.1936,0.1110,0.0120,0.7500,1.0666
9.3090,0.1934,0.1110,0.0120,0.7500,1.0664
9.3100,0.1932,0.1110,0.0120,0.7500,1.0663
9.3110,0.1930,0.1110,0.0120,0.7500,1.0661
9.3120,0.1929,0.1110,0.0120,0.7500,1.0659
9.3130,0.1927,0.1110,0.0120,0.7500,1.0657
9.3140,0.1925,0.1111,0.0120,0.7500,1.0656
9.3150,0.1923,0.1111,0.0120,0.7500,1.0654
9.3160,0.1921,0.1111,0.0120,0.7500,1.0652
9.3170,0.1919,0.1111,0.0120,0.7500,1.0651
9.3180,0.1917,0.1111,0.0120,0.7500,1.0649
9.3190,0.1915,0.1111,0.0120,0.7500,1.0647
9.3200,0.1914,0.1111,0.0120,0.7500,1.0645
9.3210,0.1912,0.1112,0.0120,0.7500,1.0644
9.3220,0.1910,0.1112,0.0120,0.7500,1.0642
9.3230,0.1908,0.1112,0.0120,0.7500,1.0640
9.3240,0.1906,0.1112,0.0120,0.7500,1.0639
9.3250,0.1904,0.1112,0.0120,0.7500,1.0637
9.3260,0.1903,0.1112,0.0120,0.7500,1.0635
9.3270,0.1901,0.1112,0.0120,0.7500,1.0634
9.3280,0.1899,0.1113,0.0120,0.7500,1.0632
9.3290,0.1897,0.1113,0.0120,0.7500,1.0630
9.3300,0.1895,0.1113,0.0120,0.7500,1.0628
9.3310,0.1893,0.1113,0.0120,0.7500,1.0627
9.3320,0.1892,0.1113,0.0120,0.7500,1.0625
9.3330,0.1890,0.1113,0.0120,0.7500,1.0623
9.3340,0.1888,0.1113,0.0120,0.7500,1.0622
9.3350,0.1886,0.1114,0.0120,0.7500,1.0620
9.3360,0.1884,0.1114,0.0121,0.7500,1.0618
9.3370,0.1882,0.1114,0.0121,0.7500,1.0617
9.3380,0.1881,0.1114,0.0121,0.7500,1.0615
9.3390,0.1879,0.1114,0.0121,0.7500,1.0613
9.3400,0.1877,0.1114,0.0121,0.7500,1.0612
9.3410,0.1875,0.1114,0.0121,0.7500,1.0610
9.3420,0.1873,0.1114,0.0121,0.7500,1.0608
9.3430,0.1872,0.1115,0.0121,0.7500,1.0607
9.3440,0.1870,0.1115,0.0121,0.7500,1.0605
9.3450,0.1868,0.1115,0.0121,0.7500,1.0603
9.3460,0.1866,0.1115,0.0121,0.7500,1.0602
9.3470,0.1865,0.1115,0.0121,0.7500,1.0600
9.3480,0.1863,0.1115,0.0121,0.7500,1.0599
9.3490,0.1861,0.1115,0.0121,0.7500,1.0597
9.3500,0.1859,0.1115,0.0121,0.7500,1.0595
9.3510,0.1857,0.1116,0.0121,0.7500,1.0594
9.3520,0.1856,0.1116,0.0121,0.7500,1.0592
9.3530,0.1854,0.1116,0.0121,0.7500,1.0590
9.3540,0.1852,0.1116,0.0121,0.7500,1.0589
9.3550,0.1850,0.1116,0.0121,0.7500,1.0587
9.3560,0.1849,0.1116,0.0121,0.7500,1.0585
9.3570,0.1847,0.1116,0.0121,0.7500,1.0584
9.3580,0.1845,0.1116,0.0121,0.7500,1.0582
9.3590,0.1843,0.1117,0.0121,0.7500,1.0581
9.3600,0.1842,0.1117,0.0121,0.7500,1.0579
9.3610,0.1840,0.1117,0.0121,0.7500,1.0577
9.3620,0.1838,0.1117,0.0121,0.7500,1.0576
9.3630,0.1836,0.1117,0.0121,0.7500,1.0574
9.3640,0.1835,0.1117,0.0121,0.7500,1.0573
9.3650,0.1833,0.1117,0.0121,0.7500,1.0571
9.3660,0.1831,0.1117,0.0121,0.7500,1.0569
9.3670,0.1829,0.1118,0.0121,0.7500,1.0568
9.3680,0.1828,0.1118,0.0121,0.7500,1.0566
9.3690,0.1826,0.1118,0.0121,0.7500,1.0565
9.3700,0.1824,0.1118,0.0121,0.7500,1.0563
9.3710,0.1823,0.1118,0.0121,0.7500,1.0561
9.3720,0.1821,0.1118,0.0121,0.7500,1.0560
9.3730,0.1819,0.1118,0.0121,0.7500,1.0558
9.3740,0.1817,0.1118,0.0121,0.7500,1.0557
9.3750,0.1816,0.1119,0.0121,0.7500,1.0555
9.3760,0.1814,0.1119,0.0121,0.7500,1.0553
9.3770,0.1812,0.1119,0.0121,0.7500,1.0552
9.3780,0.1811,0.1119,0.0121,0.7500,1.0550
9.3790,0.1809,0.1119,0.0121,0.7500,1.0549
9.3800,0.1807,0.1119,0.0121,0.7500,1.0547
9.3810,0.1806,0.1119,0.0121,0.7500,1.0546
9.3820,0.1804,0.1119,0.0121,0.7500,1.0544
9.3830,0.1802,0.1120,0.0121,0.7500,1.0542
9.3840,0.1801,0.1120,0.0121,0.7500,1.0541
9.3850,0.1799,0.1120,0.0121,0.7500,1.0539
9.3860,0.1797,0.1120,0.0121,0.7500,1.0538
9.3870,0.1795,0.1120,0.0121,0.7500,1.0536
9.3880,0.1794,0.1120,0.0121,0.7500,1.0535
9.3890,0.1792,0.1120,0.0121,0.7500,1.0533
9.3900,0.1790,0.1120,0.0121,0.7500,1.0532
9.3910,0.1789,0.1120,0.0121,0.7500,1.0530
9.3920,0.1787,0.1121,0.0121,0.7500,1.0529
9.3930,0.1786,0.1121,0.0121,0.7500,1.0527
9.3940,0.1784,0.1121,0.0121,0.7500,1.0525
9.3950,0.1782,0.1121,0.0121,0.7500,1.0524
9.3960,0.1781,0.1121,0.0121,0.7500,1.0522
9.3970,0.1779,0.1121,0.0121,0.7500,1.0521
9.3980,0.1777,0.1121,0.0121,0.7500,1.0519
9.3990,0.1776,0.1121,0.0121,0.7500,1.0518
9.4000,0.1774,0.1121,0.0121,0.7500,1.0516
9.4010,0.1772,0.1122,0.0121,0.7500,1.0515
9.4020,0.1771,0.1122,0.0121,0.7500,1.0513
9.4030,0.1769,0.1122,0.0121,0.7500,1.0512
9.4040,0.1767,0.1122,0.0121,0.7500,1.0510
9.4050,0.1766,0.1122,0.0121,0.7500,1.0509
9.4060,0.1764,0.1122,0.0121,0.7500,1.0507
9.4070,0.1763,0.1122,0.0121,0.7500,1.0506
9.4080,0.1761,0.1122,0.0121,0.7500,1.0504
9.4090,0.1759,0.1122,0.0121,0.7500,1.0503
9.4100,0.1758,0.1122,0.0121,0.7500,1.0501
9.4110,0.1756,0.1123,0.0121,0.7500,1.0500
9.4120,0.1755,0.1123,0.0121,0.7500,1.0498
9.4130,0.1753,0.1123,0.0121,0.7500,1.0497
9.4140,0.1751,0.1123,0.0121,0.7500,1.0495
9.4150,0.1750,0.1123,0.0121,0.7500,1.0494
9.4160,0.1748,0.1123,0.0121,0.7500,1.0492
9.4170,0.1747,0.1123,0.0121,0.7500,1.0491
9.4180,0.1745,0.1123,0.0121,0.7500,1.0489
9.4190,0.1743,0.1123,0.0121,0.7500,1.0488
9.4200,0.1742,0.1124,0.0121,0.7500,1.0486
9.4210,0.1740,0.1124,0.0121,0.7500,1.0485
9.4220,0.1739,0.1124,0.0121,0.7500,1.0483
9.4230,0.1737,0.1124,0.0121,0.7500,1.0482
9.4240,0.1735,0.1124,0.0121,0.7500,1.0480
9.4250,0.1734,0.1124,0.0121,0.7500,1.0479
9.4260,0.1732,0.1124,0.0121,0.7500,1.0477
9.4270,0.1731,0.1124,0.0121,0.7500,1.0476
9.4280,0.1729,0.1124,0.0121,0.7500,1.0474
9.4290,0.1728,0.1124,0.0121,0.7500,1.0473
9.4300,0.1726,0.1125,0.0121,0.7500,1.0472
9.4310,0.1724,0.1125,0.0121,0.7500,1.0470
9.4320,0.1723,0.1125,0.0121,0.7500,1.0469
9.4330,0.1721,0.1125,0.0121,0.7500,1.0467
9.4340,0.1720,0.1125,0.0121,0.7500,1.0466
9.4350,0.1718,0.1125,0.0121,0.7500,1.0464
9.4360,0.1717,0.1125,0.0121,0.7500,1.0463
9.4370,0.1715,0.1125,0.0121,0.7500,1.0461
9.4380,0.1714,0.1125,0.0121,0.7500,1.0460
9.4390,0.1712,0.1125,0.0121,0.7500,1.0459
9.4400,0.1710,0.1126,0.0121,0.7500,1.0457
9.4410,0.1709,0.1126,0.0121,0.7500,1.0456
9.4420,0.1707,0.1126,0.0121,0.7500,1.0454
9.4430,0.1706,0.1126,0.0121,0.7500,1.0453
9.4440,0.1704,0.1126,0.0121,0.7500,1.0451
9.4450,0.1703,0.1126,0.0121,0.7500,1.0450
9.4460,0.1701,0.1126,0.0121,0.7500,1.0448
9.4470,0.1700,0.1126,0.0121,0.7500,1.0447
9.4480,0.1698,0.1126,0.0121,0.7500,1.0446
9.4490,0.1697,0.1126,0.0121,0.7500,1.0444
9.4500,0.1695,0.1126,0.0121,0.7500,1.0443
9.4510,0.1694,0.1127,0.0121,0.7500,1.0441
9.4520,0.1692,0.1127,0.0121,0.7500,1.0440
9.4530,0.1691,0.1127,0.0121,0.7500,1.0439
9.4540,0.1689,0.1127,0.0121,0.7500,1.0437
9.4550,0.1688,0.1127,0.0121,0.7500,1.0436
9.4560,0.1686,0.1127,0.0121,0.7500,1.0434
9.4570,0.1685,0.1127,0.0121,0.7500,1.0433
9.4580,0.1683,0.1127,0.0121,0.7500,1.0432
9.4590,0.1682,0.1127,0.0121,0.7500,1.0430
9.4600,0.1680,0.1127,0.0121,0.7500,1.0429
9.4610,0.1679,0.1127,0.0121,0.7500,1.0427
9.4620,0.1677,0.1128,0.0121,0.7500,1.0426
9.4630,0.1676,0.1128,0.0121,0.7500,1.0425
9.4640,0.1674,0.1128,0.0121,0.7500,1.0423
9.4650,0.1673,0.1128,0.0121,0.7500,1.0422
9.4660,0.1671,0.1128,0.0121,0.7500,1.0420
9.4670,0.1670,0.1128,0.0121,0.7500,1.0419
9.4680,0.1668,0.1128,0.0121,0.7500,1.0418
9.4690,0.1667,0.1128,0.0121,0.7500,1.0416
9.4700,0.1665,0.1128,0.0121,0.7500,1.0415
9.4710,0.1664,0.1128,0.0121,0.7500,1.0414
9.4720,0.1662,0.1128,0.0121,0.7500,1.0412
9.4730,0.1661,0.1129,0.0121,0.7500,1.0411
9.4740,0.1660,0.1129,0.0121,0.7500,1.0409
9.4750,0.1658,0.1129,0.0121,0.7500,1.0408
9.4760,0.1657,0.1129,0.0121,0.7500,1.0407
9.4770,0.1655,0.1129,0.0121,0.7500,1.0405
9.4780,0.1654,0.1129,0.0121,0.7500,1.0404
9.4790,0.1652,0.1129,0.0121,0.7500,1.0403
9.4800,0.1651,0.1129,0.0121,0.7500,1.0401
9.4810,0.1649,0.1129,0.0121,0.7500,1.0400
9.4820,0.1648,0.1129,0.0121,0.7500,1.0399
9.4830,0.1647,0.1129,0.0121,0.7500,1.0397
9.4840,0.1645,0.1129,0.0121,0.7500,1.0396
9.4850,0.1644,0.1130,0.0121,0.7500,1.0394
9.4860,0.1642,0.1130,0.0121,0.7500,1.0393
9.4870,0.1641,0.1130,0.0121,0.7500,1.0392
9.4880,0.1639,0.1130,0.0121,0.7500,1.0390
9.4890,0.1638,0.1130,0.0121,0.7500,1.0389
9.4900,0.1637,0.1130,0.0121,0.7500,1.0388
9.4910,0.1635,0.1130,0.0121,0.7500,1.0386
9.4920,0.1634,0.1130,0.0121,0.7500,1.0385
9.4930,0.1632,0.1130,0.0121,0.7500,1.0384
9.4940,0.1631,0.1130,0.0121,0.7500,1.0382
9.4950,0.1629,0.1130,0.0121,0.7500,1.0381
9.4960,0.1628,0.1130,0.0121,0.7500,1.0380
9.4970,0.1627,0.1130,0.0121,0.7500,1.0378
9.4980,0.1625,0.1131,0.0121,0.7500,1.0377
9.4990,0.1624,0.1131,0.0121,0.7500,1.0376
9.5000,0.1622,0.1131,0.0121,0.7500,1.0375
9.5010,0.1621,0.1131,0.0121,0.7500,1.0373
9.5020,0.1620,0.1131,0.0121,0.7500,1.0372
9.5030,0.1618,0.1131,0.0121,0.7500,1.0371
9.5040,0.1617,0.1131,0.0121,0.7500,1.0369
9.5050,0.1615,0.1131,0.0121,0.7500,1.0368
9.5060,0.1614,0.1131,0.0121,0.7500,1.0367
9.5070,0.1613,0.1131,0.0121,0.7500,1.0365
9.5080,0.1611,0.1131,0.0121,0.7500,1.0364
9.5090,0.1610,0.1131,0.0121,0.7500,1.0363
9.5100,0.1609,0.1132,0.0121,0.7500,1.0361
9.5110,0.1607,0.1132,0.0121,0.7500,1.0360
9.5120,0.1606,0.1132,0.0121,0.7500,1.0359
9.5130,0.1604,0.1132,0.0121,0.7500,1.0358
9.5140,0.1603,0.1132,0.0121,0.7500,1.0356
9.5150,0.1602,0.1132,0.0121,0.7500,1.0355
9.5160,0.1600,0.1132,0.0121,0.7500,1.0354
9.5170,0.1599,0.1132,0.0121,0.7500,1.0352
9.5180,0.1598,0.1132,0.0121,0.7500,1.0351
9.5190,0.1596,0.1132,0.0121,0.7500,1.0350
9.5200,0.1595,0.1132,0.0121,0.7500,1.0349
9.5210,0.1594,0.1132,0.0121,0.7500,1.0347
9.5220,0.1592,0.1132,0.0121,0.7500,1.0346
9.5230,0.1591,0.1132,0.0121,0.7500,1.0345
9.5240,0.1589,0.1133,0.0121,0.7500,1.0343
9.5250,0.1588,0.1133,0.0121,0.7500,1.0342
9.5260,0.1587,0.1133,0.0121,0.7500,1.0341
9.5270,0.1585,0.1133,0.0121,0.7500,1.0340
9.5280,0.1584,0.1133,0.0121,0.7500,1.0338
9.5290,0.1583,0.1133,0.0121,0.7500,1.0337
9.5300,0.1581,0.1133,0.0121,0.7500,1.0336
9.5310,0.1580,0.1133,0.0121,0.7500,1.0335
9.5320,0.1579,0.1133,0.0121,0.7500,1.0333
9.5330,0.1577,0.1133,0.0121,0.7500,1.0332
9.5340,0.1576,0.1133,0.0121,0.7500,1.0331
9.5350,0.1575,0.1133,0.0121,0.7500,1.0330
9.5360,0.1573,0.1133,0.0121,0.7500,1.0328
9.5370,0.1572,0.1133,0.0121,0.7500,1.0327
9.5380,0.1571,0.1134,0.0121,0.7500,1.0326
9.5390,0.1569,0.1134,0.0121,0.7500,1.0325
9.5400,0.1568,0.1134,0.0121,0.7500,1.0323
9.5410,0.1567,0.1134,0.0121,0.7500,1.0322
9.5420,0.1566,0.1134,0.0122,0.7500,1.0321
9.5430,0.1564,0.1134,0.0122,0.7500,1.0320
9.5440,0.1563,0.1134,0.0122,0.7500,1.0318
9.5450,0.1562,0.1134,0.0122,0.7500,1.0317
9.5460,0.1560,0.1134,0.0122,0.7500,1.0316
9.5470,0.1559,0.1134,0.0122,0.7500,1.0315
9.5480,0.1558,0.1134,0.0122,0.7500,1.0313
9.5490,0.1556,0.1134,0.0122,0.7500,1.0312
9.5500,0.1555,0.1134,0.0122,0.7500,1.0311
9.5510,0.1554,0.1134,0.0122,0.7500,1.0310
9.5520,0.1553,0.1134,0.0122,0.7500,1.0309
9.5530,0.1551,0.1135,0.0122,0.7500,1.0307
9.5540,0.1550,0.1135,0.0122,0.7500,1.0306
9.5550,0.1549,0.1135,0.0122,0.7500,1.0305
9.5560,0.1547,0.1135,0.0122,0.7500,1.0304
9.5570,0.1546,0.1135,0.0122,0.7500,1.0302
9.5580,0.1545,0.1135,0.0122,0.7500,1.0301
9.5590,0.1544,0.1135,0.0122,0.7500,1.0300
9.5600,0.1542,0.1135,0.0122,0.7500,1.0299
9.5610,0.1541,0.1135,0.0122,0.7500,1.0298
9.5620,0.1540,0.1135,0.0122,0.7500,1.0296
9.5630,0.1538,0.1135,0.0122,0.7500,1.0295
9.5640,0.1537,0.1135,0.0122,0.7500,1.0294
9.5650,0.1536,0.1135,0.0122,0.7500,1.0293
9.5660,0.1535,0.1135,0.0122,0.7500,1.0292
9.5670,0.1533,0.1135,0.0122,0.7500,1.0290
9.5680,0.1532,0.1136,0.0122,0.7500,1.0289
9.5690,0.1531,0.1136,0.0122,0.7500,1.0288
9.5700,0.1530,0.1136,0.0122,0.7500,1.0287
9.5710,0.1528,0.1136,0.0122,0.7500,1.0286
9.5720,0.1527,0.1136,0.0122,0.7500,1.0285
9.5730,0.1526,0.1136,0.0122,0.7500,1.0283
9.5740,0.1525,0.1136,0.0122,0.7500,1.0282
9.5750,0.1523,0.1136,0.0122,0.7500,1.0281
9.5760,0.1522,0.1136,0.0122,0.7500,1.0280
9.5770,0.1521,0.1136,0.0122,0.7500,1.0279
9.5780,0.1520,0.1136,0.0122,0.7500,1.0277
9.5790,0.1518,0.1136,0.0122,0.7500,1.0276
9.5800,0.1517,0.1136,0.0122,0.7500,1.0275
9.5810,0.1516,0.1136,0.0122,0.7500,1.0274
9.5820,0.1515,0.1136,0.0122,0.7500,1.0273
9.5830,0.1514,0.1136,0.0122,0.7500,1.0272
9.5840,0.1512,0.1137,0.0122,0.7500,1.0270
9.5850,0.1511,0.1137,0.0122,0.7500,1.0269
9.5860,0.1510,0.1137,0.0122,0.7500,1.0268
9.5870,0.1509,0.1137,0.0122,0.7500,1.0267
9.5880,0.1507,0.1137,0.0122,0.7500,1.0266
9.5890,0.1506,0.1137,0.0122,0.7500,1.0265
9.5900,0.1505,0.1137,0.0122,0.7500,1.0263
9.5910,0.1504,0.1137,0.0122,0.7500,1.0262
9.5920,0.1503,0.1137,0.0122,0.7500,1.0261
9.5930,0.1501,0.1137,0.0122,0.7500,1.0260
9.5940,0.1500,0.1137,0.0122,0.7500,1.0259
9.5950,0.1499,0.1137,0.0122,0.7500,1.0258
9.5960,0.1498,0.1137,0.0122,0.7500,1.0257
9.5970,0.1497,0.1137,0.0122,0.7500,1.0255
9.5980,0.1495,0.1137,0.0122,0.7500,1.0254
9.5990,0.1494,0.1137,0.0122,0.7500,1.0253
9.6000,0.1493,0.1137,0.0122,0.7500,1.0252
9.6010,0.1492,0.1137,0.0122,0.7500,1.0251
9.6020,0.1491,0.1138,0.0122,0.7500,1.0250
9.6030,0.1489,0.1138,0.0122,0.7500,1.0249
9.6040,0.1488,0.1138,0.0122,0.7500,1.0248
9.6050,0.1487,0.1138,0.0122,0.7500,1.0246
9.6060,0.1486,0.1138,0.0122,0.7500,1.0245
9.6070,0.1485,0.1138,0.0122,0.7500,1.0244
9.6080,0.1483,0.1138,0.0122,0.7500,1.0243
9.6090,0.1482,0.1138,0.0122,0.7500,1.0242
9.6100,0.1481,0.1138,0.0122,0.7500,1.0241
9.6110,0.1480,0.1138,0.0122,0.7500,1.0240
9.6120,0.1479,0.1138,0.0122,0.7500,1.0239
9.6130,0.1478,0.1138,0.0122,0.7500,1.0237
9.6140,0.1476,0.1138,0.0122,0.7500,1.0236
9.6150,0.1475,0.1138,0.0122,0.7500,1.0235
9.6160,0.1474,0.1138,0.0122,0.7500,1.0234
9.6170,0.1473,0.1138,0.0122,0.7500,1.0233
9.6180,0.1472,0.1138,0.0122,0.7500,1.0232
9.6190,0.1471,0.1138,0.0122,0.7500,1.0231
9.6200,0.1469,0.1139,0.0122,0.7500,1.0230
9.6210,0.1468,0.1139,0.0122,0.7500,1.0229
9.6220,0.1467,0.1139,0.0122,0.7500,1.0227
9.6230,0.1466,0.1139,0.0122,0.7500,1.0226
9.6240,0.1465,0.1139,0.0122,0.7500,1.0225
9.6250,0.1464,0.1139,0.0122,0.7500,1.0224
9.6260,0.1462,0.1139,0.0122,0.7500,1.0223
9.6270,0.1461,0.1139,0.0122,0.7500,1.0222
9.6280,0.1460,0.1139,0.0122,0.7500,1.0221
9.6290,0.1459,0.1139,0.0122,0.7500,1.0220
9.6300,0.1458,0.1139,0.0122,0.7500,1.0219
9.6310,0.1457,0.1139,0.0122,0.7500,1.0218
9.6320,0.1456,0.1139,0.0122,0.7500,1.0217
9.6330,0.1454,0.1139,0.0122,0.7500,1.0215
9.6340,0.1453,0.1139,0.0122,0.7500,1.0214
9.6350,0.1452,0.1139,0.0122,0.7500,1.0213
9.6360,0.1451,0.1139,0.0122,0.7500,1.0212
9.6370,0.1450,0.1139,0.0122,0.7500,1.0211
9.6380,0.1449,0.1139,0.0122,0.7500,1.0210
9.6390,0.1448,0.1140,0.0122,0.7500,1.0209
9.6400,0.1447,0.1140,0.0122,0.7500,1.0208
9.6410,0.1445,0.1140,0.0122,0.7500,1.0207
9.6420,0.1444,0.1140,0.0122,0.7500,1.0206
9.6430,0.1443,0.1140,0.0122,0.7500,1.0205
9.6440,0.1442,0.1140,0.0122,0.7500,1.0204
9.6450,0.1441,0.1140,0.0122,0.7500,1.0203
9.6460,0.1440,0.1140,0.0122,0.7500,1.0202
9.6470,0.1439,0.1140,0.0122,0.7500,1.0200
9.6480,0.1438,0.1140,0.0122,0.7500,1.0199
9.6490,0.1437,0.1140,0.0122,0.7500,1.0198
9.6500,0.1435,0.1140,0.0122,0.7500,1.0197
9.6510,0.1434,0.1140,0.0122,0.7500,1.0196
9.6520,0.1433,0.1140,0.0122,0.7500,1.0195
9.6530,0.1432,0.1140,0.0122,0.7500,1.0194
9.6540,0.1431,0.1140,0.0122,0.7500,1.0193
9.6550,0.1430,0.1140,0.0122,0.7500,1.0192
9.6560,0.1429,0.1140,0.0122,0.7500,1.0191
9.6570,0.1428,0.1140,0.0122,0.7500,1.0190
9.6580,0.1427,0.1140,0.0122,0.7500,1.0189
9.6590,0.1426,0.1140,0.0122,0.7500,1.0188
9.6600,0.1424,0.1141,0.0122,0.7500,1.0187
9.6610,0.1423,0.1141,0.0122,0.7500,1.0186
9.6620,0.1422,0.1141,0.0122,0.7500,1.0185
9.6630,0.1421,0.1141,0.0122,0.7500,1.0184
9.6640,0.1420,0.1141,0.0122,0.7500,1.0183
9.6650,0.1419,0.1141,0.0122,0.7500,1.0182
9.6660,0.1418,0.1141,0.0122,0.7500,1.0181
9.6670,0.1417,0.1141,0.0122,0.7500,1.0180
9.6680,0.1416,0.1141,0.0122,0.7500,1.0179
9.6690,0.1415,0.1141,0.0122,0.7500,1.0178
9.6700,0.1414,0.1141,0.0122,0.7500,1.0177
9.6710,0.1413,0.1141,0.0122,0.7500,1.0175
9.6720,0.1412,0.1141,0.0122,0.7500,1.0174
9.6730,0.1410,0.1141,0.0122,0.7500,1.0173
9.6740,0.1409,0.1141,0.0122,0.7500,1.0172
9.6750,0.1408,0.1141,0.0122,0.7500,1.0171
9.6760,0.1407,0.1141,0.0122,0.7500,1.0170
9.6770,0.1406,0.1141,0.0122,0.7500,1.0169
9.6780,0.1405,0.1141,0.0122,0.7500,1.0168
9.6790,0.1404,0.1141,0.0122,0.7500,1.0167
9.6800,0.1403,0.1141,0.0122,0.7500,1.0166
9.6810,0.1402,0.1141,0.0122,0.7500,1.0165
9.6820,0.1401,0.1142,0.0122,0.7500,1.0164
9.6830,0.1400,0.1142,0.0122,0.7500,1.0163
9.6840,0.1399,0.1142,0.0122,0.7500,1.0162
9.6850,0.1398,0.1142,0.0122,0.7500,1.0161
9.6860,0.1397,0.1142,0.0122,0.7500,1.0160
9.6870,0.1396,0.1142,0.0122,0.7500,1.0159
9.6880,0.1395,0.1142,0.0122,0.7500,1.0158
9.6890,0.1394,0.1142,0.0122,0.7500,1.0157
9.6900,0.1393,0.1142,0.0122,0.7500,1.0156
9.6910,0.1392,0.1142,0.0122,0.7500,1.0155
9.6920,0.1391,0.1142,0.0122,0.7500,1.0154
9.6930,0.1389,0.1142,0.0122,0.7500,1.0153
9.6940,0.1388,0.1142,0.0122,0.7500,1.0152
9.6950,0.1387,0.1142,0.0122,0.7500,1.0151
9.6960,0.1386,0.1142,0.0122,0.7500,1.0150
9.6970,0.1385,0.1142,0.0122,0.7500,1.0149
9.6980,0.1384,0.1142,0.0122,0.7500,1.0148
9.6990,0.1383,0.1142,0.0122,0.7500,1.0147
9.7000,0.1382,0.1142,0.0122,0.7500,1.0146
9.7010,0.1381,0.1142,0.0122,0.7500,1.0146
9.7020,0.1380,0.1142,0.0122,0.7500,1.0145
9.7030,0.1379,0.1142,0.0122,0.7500,1.0144
9.7040,0.1378,0.1142,0.0122,0.7500,1.0143
9.7050,0.1377,0.1142,0.0122,0.7500,1.0142
9.7060,0.1376,0.1143,0.0122,0.7500,1.0141
9.7070,0.1375,0.1143,0.0122,0.7500,1.0140
9.7080,0.1374,0.1143,0.0122,0.7500,1.0139
9.7090,0.1373,0.1143,0.0122,0.7500,1.0138
9.7100,0.1372,0.1143,0.0122,0.7500,1.0137
9.7110,0.1371,0.1143,0.0122,0.7500,1.0136
9.7120,0.1370,0.1143,0.0122,0.7500,1.0135
9.7130,0.1369,0.1143,0.0122,0.7500,1.0134
9.7140,0.1368,0.1143,0.0122,0.7500,1.0133
9.7150,0.1367,0.1143,0.0122,0.7500,1.0132
9.7160,0.1366,0.1143,0.0122,0.7500,1.0131
9.7170,0.1365,0.1143,0.0122,0.7500,1.0130
9.7180,0.1364,0.1143,0.0122,0.7500,1.0129
9.7190,0.1363,0.1143,0.0122,0.7500,1.0128
9.7200,0.1362,0.1143,0.0122,0.7500,1.0127
9.7210,0.1361,0.1143,0.0122,0.7500,1.0126
9.7220,0.1360,0.1143,0.0122,0.7500,1.0125
9.7230,0.1359,0.1143,0.0122,0.7500,1.0124
9.7240,0.1358,0.1143,0.0122,0.7500,1.0123
9.7250,0.1357,0.1143,0.0122,0.7500,1.0122
9.7260,0.1356,0.1143,0.0122,0.7500,1.0122
9.7270,0.1355,0.1143,0.0122,0.7500,1.0121
9.7280,0.1354,0.1143,0.0122,0.7500,1.0120
9.7290,0.1353,0.1143,0.0122,0.7500,1.0119
9.7300,0.1352,0.1143,0.0122,0.7500,1.0118
9.7310,0.1351,0.1143,0.0122,0.7500,1.0117
9.7320,0.1350,0.1144,0.0122,0.7500,1.0116
9.7330,0.1349,0.1144,0.0122,0.7500,1.0115
9.7340,0.1348,0.1144,0.0122,0.7500,1.0114
9.7350,0.1348,0.1144,0.0122,0.7500,1.0113
9.7360,0.1347,0.1144,0.0122,0.7500,1.0112
9.7370,0.1346,0.1144,0.0122,0.7500,1.0111
9.7380,0.1345,0.1144,0.0122,0.7500,1.0110
9.7390,0.1344,0.1144,0.0122,0.7500,1.0109
9.7400,0.1343,0.1144,0.0122,0.7500,1.0108
9.7410,0.1342,0.1144,0.0122,0.7500,1.0108
9.7420,0.1341,0.1144,0.0122,0.7500,1.0107
9.7430,0.1340,0.1144,0.0122,0.7500,1.0106
9.7440,0.1339,0.1144,0.0122,0.7500,1.0105
9.7450,0.1338,0.1144,0.0122,0.7500,1.0104
9.7460,0.1337,0.1144,0.0122,0.7500,1.0103
9.7470,0.1336,0.1144,0.0122,0.7500,1.0102
9.7480,0.1335,0.1144,0.0122,0.7500,1.0101
9.7490,0.1334,0.1144,0.0122,0.7500,1.0100
9.7500,0.1333,0.1144,0.0122,0.7500,1.0099
9.7510,0.1332,0.1144,0.0122,0.7500,1.0098
9.7520,0.1331,0.1144,0.0122,0.7500,1.0098
9.7530,0.1330,0.1144,0.0122,0.7500,1.0097
9.7540,0.1329,0.1144,0.0122,0.7500,1.0096
9.7550,0.1328,0.1144,0.0122,0.7500,1.0095
9.7560,0.1328,0.1144,0.0122,0.7500,1.0094
9.7570,0.1327,0.1144,0.0122,0.7500,1.0093
9.7580,0.1326,0.1144,0.0122,0.7500,1.0092
9.7590,0.1325,0.1144,0.0122,0.7500,1.0091
9.7600,0.1324,0.1144,0.0122,0.7500,1.0090
9.7610,0.1323,0.1145,0.0122,0.7500,1.0089
9.7620,0.1322,0.1145,0.0122,0.7500,1.0089
9.7630,0.1321,0.1145,0.0122,0.7500,1.0088
9.7640,0.1320,0.1145,0.0122,0.7500,1.0087
9.7650,0.1319,0.1145,0.0122,0.7500,1.0086
9.7660,0.1318,0.1145,0.0122,0.7500,1.0085
9.7670,0.1317,0.1145,0.0122,0.7500,1.0084
9.7680,0.1316,0.1145,0.0122,0.7500,1.0083
9.7690,0.1316,0.1145,0.0122,0.7500,1.0082
9.7700,0.1315,0.1145,0.0122,0.7500,1.0081
9.7710,0.1314,0.1145,0.0122,0.7500,1.0081
9.7720,0.1313,0.1145,0.0122,0.7500,1.0080
9.7730,0.1312,0.1145,0.0122,0.7500,1.0079
9.7740,0.1311,0.1145,0.0122,0.7500,1.0078
9.7750,0.1310,0.1145,0.0122,0.7500,1.0077
9.7760,0.1309,0.1145,0.0122,0.7500,1.0076
9.7770,0.1308,0.1145,0.0122,0.7500,1.0075
9.7780,0.1307,0.1145,0.0122,0.7500,1.0074
9.7790,0.1306,0.1145,0.0122,0.7500,1.0074
9.7800,0.1306,0.1145,0.0122,0.7500,1.0073
9.7810,0.1305,0.1145,0.0122,0.7500,1.0072
9.7820,0.1304,0.1145,0.0122,0.7500,1.0071
9.7830,0.1303,0.1145,0.0122,0.7500,1.0070
9.7840,0.1302,0.1145,0.0122,0.7500,1.0069
9.7850,0.1301,0.1145,0.0122,0.7500,1.0068
9.7860,0.1300,0.1145,0.0122,0.7500,1.0068
9.7870,0.1299,0.1145,0.0122,0.7500,1.0067
9.7880,0.1298,0.1145,0.0122,0.7500,1.0066
9.7890,0.1297,0.1145,0.0122,0.7500,1.0065
9.7900,0.1297,0.1145,0.0122,0.7500,1.0064
9.7910,0.1296,0.1145,0.0122,0.7500,1.0063
9.7920,0.1295,0.1146,0.0122,0.7500,1.0062
9.7930,0.1294,0.1146,0.0122,0.7500,1.0062
9.7940,0.1293,0.1146,0.0122,0.7500,1.0061
9.7950,0.1292,0.1146,0.0122,0.7500,1.0060
9.7960,0.1291,0.1146,0.0122,0.7500,1.0059
9.7970,0.1290,0.1146,0.0122,0.7500,1.0058
9.7980,0.1290,0.1146,0.0122,0.7500,1.0057
9.7990,0.1289,0.1146,0.0122,0.7500,1.0056
9.8000,0.1288,0.1146,0.0122,0.7500,1.0056
9.8010,0.1287,0.1146,0.0122,0.7500,1.0055
9.8020,0.1286,0.1146,0.0122,0.7500,1.0054
9.8030,0.1285,0.1146,0.0122,0.7500,1.0053
9.8040,0.1284,0.1146,0.0122,0.7500,1.0052
9.8050,0.1283,0.1146,0.0122,0.7500,1.0051
9.8060,0.1283,0.1146,0.0122,0.7500,1.0051
9.8070,0.1282,0.1146,0.0122,0.7500,1.0050
9.8080,0.1281,0.1146,0.0122,0.7500,1.0049
9.8090,0.1280,0.1146,0.0122,0.7500,1.0048
9.8100,0.1279,0.1146,0.0122,0.7500,1.0047
9.8110,0.1278,0.1146,0.0122,0.7500,1.0046
9.8120,0.1277,0.1146,0.0122,0.7500,1.0046
9.8130,0.1277,0.1146,0.0122,0.7500,1.0045
9.8140,0.1276,0.1146,0.0122,0.7500,1.0044
9.8150,0.1275,0.1146,0.0122,0.7500,1.0043
9.8160,0.1274,0.1146,0.0122,0.7500,1.0042
9.8170,0.1273,0.1146,0.0122,0.7500,1.0042
9.8180,0.1272,0.1146,0.0122,0.7500,1.0041
9.8190,0.1271,0.1146,0.0122,0.7500,1.0040
9.8200,0.1271,0.1146,0.0122,0.7500,1.0039
9.8210,0.1270,0.1146,0.0122,0.7500,1.0038
9.8220,0.1269,0.1146,0.0122,0.7500,1.0037
9.8230,0.1268,0.1146,0.0122,0.7500,1.0037
9.8240,0.1267,0.1146,0.0122,0.7500,1.0036
9.8250,0.1266,0.1146,0.0122,0.7500,1.0035
9.8260,0.1266,0.1146,0.0122,0.7500,1.0034
9.8270,0.1265,0.1147,0.0122,0.7500,1.0033
9.8280,0.1264,0.1147,0.0122,0.7500,1.0033
9.8290,0.1263,0.1147,0.0122,0.7500,1.0032
9.8300,0.1262,0.1147,0.0122,0.7500,1.0031
9.8310,0.1261,0.1147,0.0122,0.7500,1.0030
9.8320,0.1261,0.1147,0.0122,0.7500,1.0029
9.8330,0.1260,0.1147,0.0122,0.7500,1.0029
9.8340,0.1259,0.1147,0.0122,0.7500,1.0028
9.8350,0.1258,0.1147,0.0122,0.7500,1.0027
9.8360,0.1257,0.1147,0.0122,0.7500,1.0026
9.8370,0.1256,0.1147,0.0122,0.7500,1.0025
9.8380,0.1256,0.1147,0.0122,0.7500,1.0025
9.8390,0.1255,0.1147,0.0122,0.7500,1.0024
9.8400,0.1254,0.1147,0.0122,0.7500,1.0023
9.8410,0.1253,0.1147,0.0122,0.7500,1.0022
9.8420,0.1252,0.1147,0.0122,0.7500,1.0021
9.8430,0.1251,0.1147,0.0122,0.7500,1.0021
9.8440,0.1251,0.1147,0.0122,0.7500,1.0020
9.8450,0.1250,0.1147,0.0122,0.7500,1.0019
9.8460,0.1249,0.1147,0.0122,0.7500,1.0018
9.8470,0.1248,0.1147,0.0122,0.7500,1.0017
9.8480,0.1247,0.1147,0.0122,0.7500,1.0017
9.8490,0.1247,0.1147,0.0122,0.7500,1.0016
9.8500,0.1246,0.1147,0.0122,0.7500,1.0015
9.8510,0.1245,0.1147,0.0122,0.7500,1.0014
9.8520,0.1244,0.1147,0.0122,0.7500,1.0014
9.8530,0.1243,0.1147,0.0122,0.7500,1.0013
9.8540,0.1243,0.1147,0.0122,0.7500,1.0012
9.8550,0.1242,0.1147,0.0122,0.7500,1.0011
9.8560,0.1241,0.1147,0.0122,0.7500,1.0010
9.8570,0.1240,0.1147,0.0122,0.7500,1.0010
9.8580,0.1239,0.1147,0.0122,0.7500,1.0009
9.8590,0.1239,0.1147,0.0122,0.7500,1.0008
9.8600,0.1238,0.1147,0.0122,0.7500,1.0007
9.8610,0.1237,0.1147,0.0122,0.7500,1.0007
9.8620,0.1236,0.1147,0.0122,0.7500,1.0006
9.8630,0.1235,0.1147,0.0122,0.7500,1.0005
9.8640,0.1235,0.1147,0.0122,0.7500,1.0004
9.8650,0.1234,0.1147,0.0122,0.7500,1.0004
9.8660,0.1233,0.1148,0.0122,0.7500,1.0003
9.8670,0.1232,0.1148,0.0122,0.7500,1.0002
9.8680,0.1232,0.1148,0.0122,0.7500,1.0001
9.8690,0.1231,0.1148,0.0122,0.7500,1.0000
9.8700,0.1230,0.1148,0.0122,0.7500,1.0000
9.8710,0.1229,0.1148,0.0122,0.7500,0.9999
9.8720,0.1228,0.1148,0.0122,0.7500,0.9998
9.8730,0.1228,0.1148,0.0122,0.7500,0.9997
9.8740,0.1227,0.1148,0.0122,0.7500,0.9997
9.8750,0.1226,0.1148,0.0122,0.7500,0.9996
9.8760,0.1225,0.1148,0.0122,0.7500,0.9995
9.8770,0.1224,0.1148,0.0122,0.7500,0.9994
9.8780,0.1224,0.1148,0.0122,0.7500,0.9994
9.8790,0.1223,0.1148,0.0122,0.7500,0.9993
9.8800,0.1222,0.1148,0.0122,0.7500,0.9992
9.8810,0.1221,0.1148,0.0122,0.7500,0.9991
9.8820,0.1221,0.1148,0.0122,0.7500,0.9991
9.8830,0.1220,0.1148,0.0122,0.7500,0.9990
9.8840,0.1219,0.1148,0.0122,0.7500,0.9989
9.8850,0.1218,0.1148,0.0122,0.7500,0.9988
9.8860,0.1218,0.1148,0.0122,0.7500,0.9988
9.8870,0.1217,0.1148,0.0122,0.7500,0.9987
9.8880,0.1216,0.1148,0.0122,0.7500,0.9986
9.8890,0.1215,0.1148,0.0122,0.7500,0.9986
9.8900,0.1215,0.1148,0.0122,0.7500,0.9985
9.8910,0.1214,0.1148,0.0122,0.7500,0.9984
9.8920,0.1213,0.1148,0.0122,0.7500,0.9983
9.8930,0.1212,0.1148,0.0122,0.7500,0.9983
9.8940,0.1212,0.1148,0.0122,0.7500,0.9982
9.8950,0.1211,0.1148,0.0122,0.7500,0.9981
9.8960,0.1210,0.1148,0.0122,0.7500,0.9980
9.8970,0.1209,0.1148,0.0122,0.7500,0.9980
9.8980,0.1209,0.1148,0.0122,0.7500,0.9979
9.8990,0.1208,0.1148,0.0122,0.7500,0.9978
9.9000,0.1207,0.1148,0.0122,0.7500,0.9978
9.9010,0.1206,0.1148,0.0122,0.7472,0.9949
9.9020,0.1206,0.1148,0.0122,0.7276,0.9753
9.9030,0.1205,0.1148,0.0122,0.6254,0.8729
9.9040,0.1204,0.1148,0.0122,0.5256,0.7730
9.9050,0.1203,0.1148,0.0122,0.4462,0.6936
9.9060,0.1203,0.1148,0.0122,0.3830,0.6303
9.9070,0.1202,0.1148,0.0122,0.3290,0.5762
9.9080,0.1201,0.1148,0.0122,0.2826,0.5297
9.9090,0.1200,0.1148,0.0122,0.2425,0.4896
9.9100,0.1200,0.1148,0.0122,0.2077,0.4548
9.9110,0.1199,0.1148,0.0122,0.1776,0.4245
9.9120,0.1198,0.1149,0.0122,0.1513,0.3982
9.9130,0.1197,0.1149,0.0122,0.1286,0.3754
9.9140,0.1197,0.1149,0.0122,0.1089,0.3556
9.9150,0.1196,0.1149,0.0122,0.0920,0.3387
9.9160,0.1195,0.1149,0.0122,0.0778,0.3244
9.9170,0.1195,0.1149,0.0122,0.0661,0.3126
9.9180,0.1194,0.1149,0.0122,0.0567,0.3032
9.9190,0.1193,0.1149,0.0122,0.0488,0.2952
9.9200,0.1192,0.1149,0.0122,0.0357,0.2820
9.9210,0.1192,0.1149,0.0122,0.0100,0.2563
9.9220,0.1191,0.1149,0.0122,0.0100,0.2562
9.9230,0.1190,0.1149,0.0122,0.0100,0.2561
9.9240,0.1189,0.1149,0.0122,0.0100,0.2560
9.9250,0.1189,0.1149,0.0122,0.0426,0.2885
9.9260,0.1188,0.1149,0.0122,0.0868,0.3327
9.9270,0.1187,0.1149,0.0122,0.1252,0.3711
9.9280,0.1187,0.1149,0.0122,0.1580,0.4037
9.9290,0.1186,0.1149,0.0122,0.1850,0.4307
9.9300,0.1185,0.1149,0.0122,0.2063,0.4520
9.9310,0.1184,0.1149,0.0122,0.2223,0.4678
9.9320,0.1184,0.1149,0.0122,0.2330,0.4785
9.9330,0.1183,0.1149,0.0122,0.2390,0.4844
9.9340,0.1182,0.1149,0.0122,0.2406,0.4859
9.9350,0.1182,0.1149,0.0122,0.2381,0.4834
9.9360,0.1181,0.1149,0.0122,0.2346,0.4798
9.9370,0.1180,0.1149,0.0122,0.2309,0.4760
9.9380,0.1180,0.1149,0.0122,0.2273,0.4724
9.9390,0.1179,0.1149,0.0122,0.2238,0.4688
9.9400,0.1178,0.1149,0.0122,0.2203,0.4653
9.9410,0.1177,0.1149,0.0122,0.2578,0.5026
9.9420,0.1177,0.1149,0.0122,0.2527,0.4975
9.9430,0.1176,0.1149,0.0122,0.2478,0.4926
9.9440,0.1175,0.1149,0.0122,0.2430,0.4877
9.9450,0.1175,0.1149,0.0122,0.2384,0.4830
9.9460,0.1174,0.1149,0.0122,0.2339,0.4784
9.9470,0.1173,0.1149,0.0122,0.2295,0.4740
9.9480,0.1173,0.1149,0.0122,0.2252,0.4696
9.9490,0.1172,0.1149,0.0122,0.2211,0.4654
9.9500,0.1171,0.1149,0.0122,0.2170,0.4613
9.9510,0.1171,0.1149,0.0122,0.2131,0.4573
9.9520,0.1170,0.1149,0.0122,0.2097,0.4539
9.9530,0.1169,0.1149,0.0122,0.1997,0.4438
9.9540,0.1168,0.1149,0.0122,0.1811,0.4251
9.9550,0.1168,0.1149,0.0122,0.1547,0.3986
9.9560,0.1167,0.1149,0.0122,0.1235,0.3673
9.9570,0.1166,0.1149,0.0122,0.0911,0.3349
9.9580,0.1166,0.1149,0.0122,0.0604,0.3042
9.9590,0.1165,0.1149,0.0122,0.0332,0.2769
9.9600,0.1164,0.1149,0.0122,0.0100,0.2536
9.9610,0.1164,0.1149,0.0122,0.0383,0.2818
9.9620,0.1163,0.1149,0.0122,0.0194,0.2628
9.9630,0.1162,0.1149,0.0122,0.0100,0.2534
9.9640,0.1162,0.1149,0.0122,0.0100,0.2533
9.9650,0.1161,0.1150,0.0122,0.0100,0.2533
9.9660,0.1160,0.1150,0.0122,0.0100,0.2532
9.9670,0.1160,0.1150,0.0122,0.0100,0.2531
9.9680,0.1159,0.1150,0.0122,0.0100,0.2531
9.9690,0.1158,0.1150,0.0122,0.0100,0.2530
9.9700,0.1158,0.1150,0.0122,0.0100,0.2530
9.9710,0.1157,0.1150,0.0122,0.0198,0.2627
9.9720,0.1156,0.1150,0.0122,0.0381,0.2809
9.9730,0.1156,0.1150,0.0122,0.0539,0.2967
9.9740,0.1155,0.1150,0.0122,0.0673,0.3100
9.9750,0.1154,0.1150,0.0122,0.0784,0.3211
9.9760,0.1154,0.1150,0.0122,0.0873,0.3299
9.9770,0.1153,0.1150,0.0122,0.0939,0.3364
9.9780,0.1152,0.1150,0.0122,0.0982,0.3407
9.9790,0.1152,0.1150,0.0122,0.1003,0.3426
9.9800,0.1151,0.1150,0.0122,0.1000,0.3423
9.9810,0.1150,0.1150,0.0122,0.0237,0.2659
9.9820,0.1150,0.1150,0.0122,0.0237,0.2659
9.9830,0.1149,0.1150,0.0122,0.0237,0.2658
9.9840,0.1148,0.1150,0.0122,0.0237,0.2658
9.9850,0.1148,0.1150,0.0122,0.0237,0.2657
9.9860,0.1147,0.1150,0.0122,0.0237,0.2656
9.9870,0.1146,0.1150,0.0122,0.0237,0.2656
9.9880,0.1146,0.1150,0.0122,0.0237,0.2655
9.9890,0.1145,0.1150,0.0122,0.0237,0.2654
9.9900,0.1144,0.1150,0.0122,0.0237,0.2654
9.9910,0.1144,0.1150,0.0122,0.0237,0.2653
9.9920,0.1143,0.1150,0.0122,0.0237,0.2653
9.9930,0.1143,0.1150,0.0122,0.0237,0.2652
9.9940,0.1142,0.1150,0.0122,0.0237,0.2651
9.9950,0.1141,0.1150,0.0122,0.0237,0.2651
9.9960,0.1141,0.1150,0.0122,0.0237,0.2650
9.9970,0.1140,0.1150,0.0122,0.0237,0.2649
9.9980,0.1139,0.1150,0.0122,0.0237,0.2649
9.9990,0.1139,0.1150,0.0122,0.0237,0.2648
10.0000,0.1138,0.1150,0.0122,0.0237,0.2648
10.0010,0.1137,0.1150,0.0122,0.0100,0.2510
10.0020,0.1137,0.1150,0.0122,0.0100,0.2509
10.0030,0.1136,0.1150,0.0122,0.0100,0.2509
10.0040,0.1136,0.1150,0.0122,0.0100,0.2508
10.0050,0.1135,0.1150,0.0122,0.0100,0.2507
10.0060,0.1134,0.1150,0.0122,0.0100,0.2507
10.0070,0.1134,0.1150,0.0122,0.0100,0.2506
10.0080,0.1133,0.1150,0.0122,0.0100,0.2506
10.0090,0.1132,0.1150,0.0122,0.0100,0.2505
10.0100,0.1132,0.1150,0.0122,0.0100,0.2504
10.0110,0.1131,0.1150,0.0122,0.0100,0.2504
10.0120,0.1130,0.1150,0.0122,0.0100,0.2503
10.0130,0.1130,0.1150,0.0122,0.0100,0.2502
10.0140,0.1129,0.1150,0.0122,0.0100,0.2502
10.0150,0.1129,0.1150,0.0122,0.0100,0.2501
10.0160,0.1128,0.1150,0.0122,0.0100,0.2501
10.0170,0.1127,0.1150,0.0122,0.0100,0.2500
10.0180,0.1127,0.1150,0.0122,0.0100,0.2499
10.0190,0.1126,0.1150,0.0122,0.0100,0.2499
10.0200,0.1126,0.1150,0.0122,0.0100,0.2498
10.0210,0.1125,0.1150,0.0122,0.0381,0.2779
10.0220,0.1124,0.1150,0.0122,0.0381,0.2778
10.0230,0.1124,0.1150,0.0122,0.0381,0.2778
10.0240,0.1123,0.1150,0.0122,0.0381,0.2777
10.0250,0.1122,0.1150,0.0122,0.0381,0.2776
10.0260,0.1122,0.1150,0.0122,0.0381,0.2776
10.0270,0.1121,0.1150,0.0122,0.0381,0.2775
10.0280,0.1121,0.1150,0.0122,0.0381,0.2775
10.0290,0.1120,0.1150,0.0122,0.0381,0.2774
10.0300,0.1119,0.1151,0.0122,0.0381,0.2774
10.0310,0.1119,0.1151,0.0122,0.0381,0.2773
10.0320,0.1118,0.1151,0.0122,0.0381,0.2772
10.0330,0.1118,0.1151,0.0122,0.0381,0.2772
10.0340,0.1117,0.1151,0.0122,0.0381,0.2771
10.0350,0.1116,0.1151,0.0122,0.0381,0.2771
10.0360,0.1116,0.1151,0.0122,0.0381,0.2770
10.0370,0.1115,0.1151,0.0122,0.0381,0.2769
10.0380,0.1115,0.1151,0.0122,0.0381,0.2769
10.0390,0.1114,0.1151,0.0122,0.0381,0.2768
10.0400,0.1113,0.1151,0.0122,0.0381,0.2768
10.0410,0.1113,0.1151,0.0122,0.1643,0.4029
10.0420,0.1112,0.1151,0.0122,0.1632,0.4018
10.0430,0.1112,0.1151,0.0122,0.1623,0.4008
10.0440,0.1111,0.1151,0.0122,0.1615,0.3999
10.0450,0.1110,0.1151,0.0122,0.1607,0.3990
10.0460,0.1110,0.1151,0.0122,0.1590,0.3973
10.0470,0.1109,0.1151,0.0122,0.1561,0.3943
10.0480,0.1109,0.1151,0.0122,0.1519,0.3900
10.0490,0.1108,0.1151,0.0122,0.1466,0.3847
10.0500,0.1107,0.1151,0.0122,0.1406,0.3787
10.0510,0.1107,0.1151,0.0122,0.1343,0.3723
10.0520,0.1106,0.1151,0.0122,0.1282,0.3661
10.0530,0.1106,0.1151,0.0122,0.1222,0.3601
10.0540,0.1105,0.1151,0.0122,0.1167,0.3545
10.0550,0.1105,0.1151,0.0122,0.1115,0.3493
10.0560,0.1104,0.1151,0.0122,0.1066,0.3443
10.0570,0.1103,0.1151,0.0122,0.1018,0.3394
10.0580,0.1103,0.1151,0.0122,0.0971,0.3347
10.0590,0.1102,0.1151,0.0122,0.0926,0.3301
10.0600,0.1102,0.1151,0.0122,0.0881,0.3256
10.0610,0.1101,0.1151,0.0122,0.2190,0.4564
10.0620,0.1100,0.1151,0.0122,0.2123,0.4497
10.0630,0.1100,0.1151,0.0122,0.2054,0.4427
10.0640,0.1099,0.1151,0.0122,0.1976,0.4349
10.0650,0.1099,0.1151,0.0122,0.1889,0.4261
10.0660,0.1098,0.1151,0.0122,0.1790,0.4161
10.0670,0.1098,0.1151,0.0122,0.1682,0.4053
10.0680,0.1097,0.1151,0.0122,0.1568,0.3938
10.0690,0.1096,0.1151,0.0122,0.1451,0.3821
10.0700,0.1096,0.1151,0.0122,0.1334,0.3703
10.0710,0.1095,0.1151,0.0122,0.1219,0.3588
10.0720,0.1095,0.1151,0.0122,0.1107,0.3475
10.0730,0.1094,0.1151,0.0122,0.0999,0.3367
10.0740,0.1094,0.1151,0.0122,0.0895,0.3262
10.0750,0.1093,0.1151,0.0122,0.0794,0.3160
10.0760,0.1092,0.1151,0.0122,0.0696,0.3062
10.0770,0.1092,0.1151,0.0122,0.0602,0.2967
10.0780,0.1091,0.1151,0.0122,0.0512,0.2876
10.0790,0.1091,0.1151,0.0122,0.0427,0.2791
10.0800,0.1090,0.1151,0.0122,0.0348,0.2712
10.0810,0.1090,0.1151,0.0122,0.1741,0.4104
10.0820,0.1089,0.1151,0.0122,0.1663,0.4025
10.0830,0.1089,0.1151,0.0122,0.1586,0.3948
10.0840,0.1088,0.1151,0.0122,0.1507,0.3868
10.0850,0.1087,0.1151,0.0122,0.1420,0.3781
10.0860,0.1087,0.1151,0.0122,0.1325,0.3686
10.0870,0.1086,0.1151,0.0122,0.1224,0.3584
10.0880,0.1086,0.1151,0.0122,0.1119,0.3479
10.0890,0.1085,0.1151,0.0122,0.1015,0.3373
10.0900,0.1085,0.1151,0.0122,0.0913,0.3271
10.0910,0.1084,0.1151,0.0122,0.0816,0.3173
10.0920,0.1084,0.1151,0.0122,0.0725,0.3082
10.0930,0.1083,0.1151,0.0122,0.0641,0.2998
10.0940,0.1082,0.1151,0.0122,0.0563,0.2919
10.0950,0.1082,0.1151,0.0122,0.0492,0.2847
10.0960,0.1081,0.1151,0.0122,0.0426,0.2781
10.0970,0.1081,0.1151,0.0122,0.0367,0.2721
10.0980,0.1080,0.1151,0.0122,0.0313,0.2667
10.0990,0.1080,0.1151,0.0122,0.0268,0.2621
10.1000,0.1079,0.1151,0.0122,0.0230,0.2583
10.1010,0.1079,0.1151,0.0122,0.1923,0.4275
10.1020,0.1078,0.1151,0.0122,0.1884,0.4236
10.1030,0.1078,0.1151,0.0122,0.1845,0.4196
10.1040,0.1077,0.1151,0.0122,0.1799,0.4150
10.1050,0.1076,0.1151,0.0122,0.1742,0.4092
10.1060,0.1076,0.1151,0.0122,0.1671,0.4021
10.1070,0.1075,0.1151,0.0122,0.1590,0.3939
10.1080,0.1075,0.1151,0.0122,0.1501,0.3849
10.1090,0.1074,0.1151,0.0122,0.1408,0.3756
10.1100,0.1074,0.1151,0.0122,0.1315,0.3662
10.1110,0.1073,0.1151,0.0122,0.1224,0.3571
10.1120,0.1073,0.1152,0.0122,0.1137,0.3483
10.1130,0.1072,0.1152,0.0122,0.1054,0.3400
10.1140,0.1072,0.1152,0.0122,0.0974,0.3320
10.1150,0.1071,0.1152,0.0122,0.0898,0.3243
10.1160,0.1071,0.1152,0.0122,0.0824,0.3168
10.1170,0.1070,0.1152,0.0122,0.0752,0.3096
10.1180,0.1069,0.1152,0.0122,0.0683,0.3027
10.1190,0.1069,0.1152,0.0122,0.0618,0.2961
10.1200,0.1068,0.1152,0.0122,0.0558,0.2900
10.1210,0.1068,0.1152,0.0122,0.2270,0.4612
10.1220,0.1067,0.1152,0.0122,0.2190,0.4532
10.1230,0.1067,0.1152,0.0122,0.2110,0.4451
10.1240,0.1066,0.1152,0.0122,0.2022,0.4362
10.1250,0.1066,0.1152,0.0122,0.1922,0.4262
10.1260,0.1065,0.1152,0.0122,0.1810,0.4149
10.1270,0.1065,0.1152,0.0122,0.1687,0.4025
10.1280,0.1064,0.1152,0.0122,0.1556,0.3894
10.1290,0.1064,0.1152,0.0122,0.1423,0.3760
10.1300,0.1063,0.1152,0.0122,0.1290,0.3627
10.1310,0.1063,0.1152,0.0122,0.1160,0.3497
10.1320,0.1062,0.1152,0.0122,0.1035,0.3372
10.1330,0.1062,0.1152,0.0122,0.0916,0.3251
10.1340,0.1061,0.1152,0.0122,0.0800,0.3136
10.1350,0.1061,0.1152,0.0122,0.0689,0.3024
10.1360,0.1060,0.1152,0.0122,0.0582,0.2916
10.1370,0.1060,0.1152,0.0122,0.0479,0.2813
10.1380,0.1059,0.1152,0.0122,0.0380,0.2714
10.1390,0.1059,0.1152,0.0122,0.0287,0.2620
10.1400,0.1058,0.1152,0.0122,0.0201,0.2533
10.1410,0.1058,0.1152,0.0122,0.2047,0.4379
10.1420,0.1057,0.1152,0.0122,0.1956,0.4287
10.1430,0.1057,0.1152,0.0122,0.1867,0.4197
10.1440,0.1056,0.1152,0.0122,0.1772,0.4102
10.1450,0.1056,0.1152,0.0122,0.1668,0.3997
10.1460,0.1055,0.1152,0.0122,0.1552,0.3881
10.1470,0.1055,0.1152,0.0122,0.1427,0.3756
10.1480,0.1054,0.1152,0.0122,0.1296,0.3624
10.1490,0.1053,0.1152,0.0122,0.1164,0.3491
10.1500,0.1053,0.1152,0.0122,0.1034,0.3361
10.1510,0.1052,0.1152,0.0122,0.0908,0.3235
10.1520,0.1052,0.1152,0.0122,0.0790,0.3116
10.1530,0.1051,0.1152,0.0122,0.0678,0.3004
10.1540,0.1051,0.1152,0.0122,0.0572,0.2898
10.1550,0.1050,0.1152,0.0122,0.0472,0.2797
10.1560,0.1050,0.1152,0.0122,0.0378,0.2702
10.1570,0.1049,0.1152,0.0122,0.0289,0.2613
10.1580,0.1049,0.1152,0.0122,0.0206,0.2530
10.1590,0.1048,0.1152,0.0122,0.0131,0.2454
10.1600,0.1048,0.1152,0.0122,0.0100,0.2422
10.1610,0.1048,0.1152,0.0122,0.2117,0.4438
10.1620,0.1047,0.1152,0.0122,0.2046,0.4367
10.1630,0.1047,0.1152,0.0122,0.1976,0.4297
10.1640,0.1046,0.1152,0.0122,0.1900,0.4220
10.1650,0.1046,0.1152,0.0122,0.1811,0.4131
10.1660,0.1045,0.1152,0.0122,0.1708,0.4028
10.1670,0.1045,0.1152,0.0122,0.1594,0.3913
10.1680,0.1044,0.1152,0.0122,0.1471,0.3790
10.1690,0.1044,0.1152,0.0122,0.1346,0.3664
10.1700,0.1043,0.1152,0.0122,0.1221,0.3539
10.1710,0.1043,0.1152,0.0122,0.1101,0.3418
10.1720,0.1042,0.1152,0.0122,0.0986,0.3303
10.1730,0.1042,0.1152,0.0122,0.0877,0.3194
10.1740,0.1041,0.1152,0.0122,0.0774,0.3089
10.1750,0.1041,0.1152,0.0122,0.0674,0.2990
10.1760,0.1040,0.1152,0.0122,0.0579,0.2894
10.1770,0.1040,0.1152,0.0122,0.0488,0.2802
10.1780,0.1039,0.1152,0.0122,0.0401,0.2715
10.1790,0.1039,0.1152,0.0122,0.0319,0.2633
10.1800,0.1038,0.1152,0.0122,0.0245,0.2558
10.1810,0.1038,0.1152,0.0122,0.2402,0.4714
10.1820,0.1037,0.1152,0.0122,0.2309,0.4621
10.1830,0.1037,0.1152,0.0122,0.2216,0.4528
10.1840,0.1036,0.1152,0.0122,0.2116,0.4427
10.1850,0.1036,0.1152,0.0122,0.2003,0.4314
10.1860,0.1035,0.1152,0.0122,0.1876,0.4186
10.1870,0.1035,0.1152,0.0122,0.1735,0.4045
10.1880,0.1034,0.1152,0.0122,0.1587,0.3896
10.1890,0.1034,0.1152,0.0122,0.1435,0.3744
10.1900,0.1034,0.1152,0.0122,0.1285,0.3593
10.1910,0.1033,0.1152,0.0122,0.1138,0.3446
10.1920,0.1033,0.1152,0.0122,0.0998,0.3305
10.1930,0.1032,0.1152,0.0122,0.0864,0.3170
10.1940,0.1032,0.1152,0.0122,0.0735,0.3041
10.1950,0.1031,0.1152,0.0122,0.0610,0.2916
10.1960,0.1031,0.1152,0.0122,0.0490,0.2795
10.1970,0.1030,0.1152,0.0122,0.0374,0.2679
10.1980,0.1030,0.1152,0.0122,0.0262,0.2566
10.1990,0.1029,0.1152,0.0122,0.0156,0.2460
10.2000,0.1029,0.1152,0.0122,0.0100,0.2404
10.2010,0.1028,0.1152,0.0122,0.2288,0.4592
10.2020,0.1028,0.1152,0.0122,0.2180,0.4482
10.2030,0.1027,0.1152,0.0122,0.2074,0.4376
10.2040,0.1027,0.1152,0.0122,0.1962,0.4264
10.2050,0.1027,0.1152,0.0122,0.1839,0.4140
10.2060,0.1026,0.1152,0.0122,0.1702,0.4003
10.2070,0.1026,0.1152,0.0122,0.1554,0.3854
10.2080,0.1025,0.1152,0.0122,0.1399,0.3699
10.2090,0.1025,0.1152,0.0122,0.1242,0.3542
10.2100,0.1024,0.1152,0.0122,0.1088,0.3387
10.2110,0.1024,0.1152,0.0122,0.0939,0.3237
10.2120,0.1023,0.1152,0.0122,0.0796,0.3095
10.2130,0.1023,0.1152,0.0122,0.0661,0.2959
10.2140,0.1022,0.1152,0.0122,0.0533,0.2830
10.2150,0.1022,0.1152,0.0122,0.0410,0.2707
10.2160,0.1021,0.1152,0.0122,0.0293,0.2589
10.2170,0.1021,0.1152,0.0122,0.0181,0.2476
10.2180,0.1021,0.1152,0.0122,0.0100,0.2395
10.2190,0.1020,0.1152,0.0122,0.0100,0.2395
10.2200,0.1020,0.1152,0.0122,0.0100,0.2395
10.2210,0.1019,0.1152,0.0122,0.2292,0.4586
10.2220,0.1019,0.1152,0.0122,0.2194,0.4488
10.2230,0.1018,0.1152,0.0122,0.2099,0.4392
10.2240,0.1018,0.1153,0.0122,0.1996,0.4289
10.2250,0.1017,0.1153,0.0122,0.1880,0.4173
10.2260,0.1017,0.1153,0.0122,0.1750,0.4042
10.2270,0.1017,0.1153,0.0122,0.1607,0.3899
10.2280,0.1016,0.1153,0.0122,0.1457,0.3748
10.2290,0.1016,0.1153,0.0122,0.1305,0.3595
10.2300,0.1015,0.1153,0.0122,0.1154,0.3445
10.2310,0.1015,0.1153,0.0122,0.1010,0.3299
10.2320,0.1014,0.1153,0.0122,0.0872,0.3161
10.2330,0.1014,0.1153,0.0122,0.0740,0.3029
10.2340,0.1013,0.1153,0.0122,0.0615,0.2904
10.2350,0.1013,0.1153,0.0122,0.0496,0.2784
10.2360,0.1013,0.1153,0.0122,0.0381,0.2668
10.2370,0.1012,0.1153,0.0122,0.0270,0.2557
10.2380,0.1012,0.1153,0.0122,0.0165,0.2452
10.2390,0.1011,0.1153,0.0122,0.0100,0.2386
10.2400,0.1011,0.1153,0.0122,0.0100,0.2386
10.2410,0.1010,0.1153,0.0122,0.2516,0.4801
10.2420,0.1010,0.1153,0.0122,0.2408,0.4693
10.2430,0.1010,0.1153,0.0122,0.2303,0.4588
10.2440,0.1009,0.1153,0.0122,0.2190,0.4474
10.2450,0.1009,0.1153,0.0122,0.2063,0.4346
10.2460,0.1008,0.1153,0.0122,0.1919,0.4203
10.2470,0.1008,0.1153,0.0122,0.1763,0.4045
10.2480,0.1007,0.1153,0.0122,0.1597,0.3880
10.2490,0.1007,0.1153,0.0122,0.1429,0.3711
10.2500,0.1006,0.1153,0.0122,0.1262,0.3544
10.2510,0.1006,0.1153,0.0122,0.1101,0.3382
10.2520,0.1006,0.1153,0.0122,0.0947,0.3227
10.2530,0.1005,0.1153,0.0122,0.0799,0.3079
10.2540,0.1005,0.1153,0.0122,0.0657,0.2937
10.2550,0.1004,0.1153,0.0122,0.0521,0.2800
10.2560,0.1004,0.1153,0.0122,0.0388,0.2667
10.2570,0.1003,0.1153,0.0122,0.0260,0.2538
10.2580,0.1003,0.1153,0.0122,0.0136,0.2414
10.2590,0.1003,0.1153,0.0122,0.0100,0.2378
10.2600,0.1002,0.1153,0.0122,0.0100,0.2377
10.2610,0.1002,0.1153,0.0122,0.2561,0.4838
10.2620,0.1001,0.1153,0.0122,0.2433,0.4709
10.2630,0.1001,0.1153,0.0122,0.2308,0.4584
10.2640,0.1001,0.1153,0.0122,0.2176,0.4452
10.2650,0.1000,0.1153,0.0122,0.2032,0.4307
10.2660,0.1000,0.1153,0.0122,0.1872,0.4147
10.2670,0.0999,0.1153,0.0122,0.1699,0.3974
10.2680,0.0999,0.1153,0.0122,0.1519,0.3793
10.2690,0.0998,0.1153,0.0122,0.1337,0.3610
10.2700,0.0998,0.1153,0.0122,0.1157,0.3430
10.2710,0.0998,0.1153,0.0122,0.0984,0.3257
10.2720,0.0997,0.1153,0.0122,0.0818,0.3090
10.2730,0.0997,0.1153,0.0122,0.0659,0.2931
10.2740,0.0996,0.1153,0.0122,0.0507,0.2779
10.2750,0.0996,0.1153,0.0122,0.0361,0.2632
10.2760,0.0996,0.1153,0.0122,0.0219,0.2490
10.2770,0.0995,0.1153,0.0122,0.0100,0.2370
10.2780,0.0995,0.1153,0.0122,0.0100,0.2370
10.2790,0.0994,0.1153,0.0122,0.0100,0.2370
10.2800,0.0994,0.1153,0.0122,0.0100,0.2369
10.2810,0.0993,0.1153,0.0122,0.2255,0.4524
10.2820,0.0993,0.1153,0.0122,0.2135,0.4403
10.2830,0.0993,0.1153,0.0122,0.2017,0.4285
10.2840,0.0992,0.1153,0.0122,0.1894,0.4161
10.2850,0.0992,0.1153,0.0122,0.1758,0.4026
10.2860,0.0991,0.1153,0.0122,0.1610,0.3877
10.2870,0.0991,0.1153,0.0122,0.1451,0.3718
10.2880,0.0991,0.1153,0.0122,0.1286,0.3552
10.2890,0.0990,0.1153,0.0122,0.1121,0.3386
10.2900,0.0990,0.1153,0.0122,0.0959,0.3224
10.2910,0.0989,0.1153,0.0122,0.0803,0.3068
10.2920,0.0989,0.1153,0.0122,0.0656,0.2920
10.2930,0.0989,0.1153,0.0122,0.0516,0.2780
10.2940,0.0988,0.1153,0.0122,0.0383,0.2647
10.2950,0.0988,0.1153,0.0122,0.0257,0.2520
10.2960,0.0987,0.1153,0.0122,0.0137,0.2400
10.2970,0.0987,0.1153,0.0122,0.0100,0.2362
10.2980,0.0987,0.1153,0.0122,0.0100,0.2362
10.2990,0.0986,0.1153,0.0122,0.0100,0.2362
10.3000,0.0986,0.1153,0.0122,0.0100,0.2361
10.3010,0.0985,0.1153,0.0122,0.2276,0.4537
10.3020,0.0985,0.1153,0.0122,0.2180,0.4441
10.3030,0.0985,0.1153,0.0122,0.2086,0.4346
10.3040,0.0984,0.1153,0.0122,0.1984,0.4244
10.3050,0.0984,0.1153,0.0122,0.1869,0.4128
10.3060,0.0983,0.1153,0.0122,0.1739,0.3998
10.3070,0.0983,0.1153,0.0122,0.1597,0.3855
10.3080,0.0983,0.1153,0.0122,0.1447,0.3705
10.3090,0.0982,0.1153,0.0122,0.1296,0.3554
10.3100,0.0982,0.1153,0.0122,0.1147,0.3404
10.3110,0.0982,0.1153,0.0122,0.1003,0.3260
10.3120,0.0981,0.1153,0.0122,0.0867,0.3124
10.3130,0.0981,0.1153,0.0122,0.0737,0.2993
10.3140,0.0980,0.1153,0.0122,0.0614,0.2869
10.3150,0.0980,0.1153,0.0122,0.0495,0.2751
10.3160,0.0980,0.1153,0.0122,0.0381,0.2636
10.3170,0.0979,0.1153,0.0122,0.0272,0.2527
10.3180,0.0979,0.1153,0.0122,0.0168,0.2423
10.3190,0.0978,0.1153,0.0122,0.0100,0.2354
10.3200,0.0978,0.1153,0.0122,0.0100,0.2354
10.3210,0.0978,0.1153,0.0122,0.2343,0.4596
10.3220,0.0977,0.1153,0.0122,0.2244,0.4496
10.3230,0.0977,0.1153,0.0122,0.2147,0.4399
10.3240,0.0976,0.1153,0.0122,0.2042,0.4294
10.3250,0.0976,0.1153,0.0122,0.1925,0.4177
10.3260,0.0976,0.1153,0.0122,0.1793,0.4044
10.3270,0.0975,0.1153,0.0122,0.1648,0.3899
10.3280,0.0975,0.1153,0.0122,0.1496,0.3747
10.3290,0.0975,0.1153,0.0122,0.1341,0.3591
10.3300,0.0974,0.1153,0.0122,0.1188,0.3437
10.3310,0.0974,0.1153,0.0122,0.1040,0.3289
10.3320,0.0973,0.1153,0.0122,0.0898,0.3147
10.3330,0.0973,0.1153,0.0122,0.0764,0.3012
10.3340,0.0973,0.1153,0.0122,0.0635,0.2883
10.3350,0.0972,0.1153,0.0122,0.0512,0.2760
10.3360,0.0972,0.1153,0.0122,0.0393,0.2641
10.3370,0.0972,0.1153,0.0122,0.0279,0.2526
10.3380,0.0971,0.1153,0.0122,0.0170,0.2416
10.3390,0.0971,0.1153,0.0122,0.0100,0.2347
10.3400,0.0970,0.1153,0.0122,0.0100,0.2346
10.3410,0.0970,0.1153,0.0122,0.2222,0.4468
10.3420,0.0970,0.1153,0.0122,0.2122,0.4367
10.3430,0.0969,0.1153,0.0122,0.2024,0.4269
10.3440,0.0969,0.1153,0.0122,0.1919,0.4164
10.3450,0.0969,0.1153,0.0122,0.1803,0.4048
10.3460,0.0968,0.1153,0.0122,0.1674,0.3918
10.3470,0.0968,0.1153,0.0122,0.1533,0.3777
10.3480,0.0967,0.1153,0.0122,0.1385,0.3629
10.3490,0.0967,0.1153,0.0122,0.1236,0.3479
10.3500,0.0967,0.1153,0.0122,0.1088,0.3331
10.3510,0.0966,0.1153,0.0122,0.0946,0.3188
10.3520,0.0966,0.1153,0.0122,0.0811,0.3053
10.3530,0.0966,0.1153,0.0122,0.0683,0.2925
10.3540,0.0965,0.1153,0.0122,0.0562,0.2803
10.3550,0.0965,0.1153,0.0122,0.0446,0.2687
10.3560,0.0965,0.1153,0.0122,0.0335,0.2575
10.3570,0.0964,0.1153,0.0122,0.0229,0.2469
10.3580,0.0964,0.1153,0.0122,0.0130,0.2369
10.3590,0.0963,0.1153,0.0122,0.0100,0.2339
10.3600,0.0963,0.1153,0.0122,0.0100,0.2339
10.3610,0.0963,0.1153,0.0122,0.2054,0.4292
10.3620,0.0962,0.1153,0.0122,0.1970,0.4208
10.3630,0.0962,0.1153,0.0122,0.1888,0.4126
10.3640,0.0962,0.1153,0.0122,0.1800,0.4038
10.3650,0.0961,0.1153,0.0122,0.1701,0.3938
10.3660,0.0961,0.1153,0.0122,0.1590,0.3826
10.3670,0.0961,0.1153,0.0122,0.1467,0.3704
10.3680,0.0960,0.1153,0.0122,0.1338,0.3574
10.3690,0.0960,0.1153,0.0122,0.1207,0.3443
10.3700,0.0960,0.1153,0.0122,0.1078,0.3314
10.3710,0.0959,0.1153,0.0122,0.0955,0.3190
10.3720,0.0959,0.1153,0.0122,0.0838,0.3072
10.3730,0.0958,0.1153,0.0122,0.0727,0.2962
10.3740,0.0958,0.1153,0.0122,0.0623,0.2857
10.3750,0.0958,0.1153,0.0122,0.0524,0.2758
10.3760,0.0957,0.1153,0.0122,0.0430,0.2664
10.3770,0.0957,0.1153,0.0122,0.0342,0.2574
10.3780,0.0957,0.1153,0.0122,0.0258,0.2491
10.3790,0.0956,0.1153,0.0122,0.0182,0.2414
10.3800,0.0956,0.1153,0.0122,0.0113,0.2345
10.3810,0.0956,0.1153,0.0122,0.2111,0.4343
10.3820,0.0955,0.1153,0.0122,0.2038,0.4269
10.3830,0.0955,0.1153,0.0122,0.1966,0.4197
10.3840,0.0955,0.1153,0.0122,0.1888,0.4118
10.3850,0.0954,0.1153,0.0122,0.1797,0.4027
10.3860,0.0954,0.1153,0.0122,0.1693,0.3923
10.3870,0.0954,0.1153,0.0122,0.1578,0.3807
10.3880,0.0953,0.1153,0.0122,0.1455,0.3684
10.3890,0.0953,0.1153,0.0122,0.1329,0.3558
10.3900,0.0953,0.1153,0.0122,0.1204,0.3432
10.3910,0.0952,0.1153,0.0122,0.1083,0.3311
10.3920,0.0952,0.1153,0.0122,0.0968,0.3196
10.3930,0.0952,0.1153,0.0122,0.0859,0.3086
10.3940,0.0951,0.1153,0.0122,0.0755,0.2982
10.3950,0.0951,0.1153,0.0122,0.0656,0.2882
10.3960,0.0950,0.1153,0.0122,0.0560,0.2787
10.3970,0.0950,0.1153,0.0122,0.0469,0.2695
10.3980,0.0950,0.1153,0.0122,0.0383,0.2609
10.3990,0.0949,0.1153,0.0122,0.0302,0.2527
10.4000,0.0949,0.1153,0.0122,0.0228,0.2453
10.4010,0.0949,0.1153,0.0122,0.2062,0.4287
10.4020,0.0948,0.1153,0.0122,0.1982,0.4206
10.4030,0.0948,0.1153,0.0122,0.1903,0.4128
10.4040,0.0948,0.1154,0.0122,0.1819,0.4043
10.4050,0.0947,0.1154,0.0122,0.1724,0.3948
10.4060,0.0947,0.1154,0.0122,0.1617,0.3840
10.4070,0.0947,0.1154,0.0122,0.1500,0.3723
10.4080,0.0946,0.1154,0.0122,0.1377,0.3599
10.4090,0.0946,0.1154,0.0122,0.1251,0.3473
10.4100,0.0946,0.1154,0.0122,0.1127,0.3349
10.4110,0.0945,0.1154,0.0122,0.1007,0.3229
10.4120,0.0945,0.1154,0.0122,0.0893,0.3114
10.4130,0.0945,0.1154,0.0122,0.0785,0.3006
10.4140,0.0944,0.1154,0.0122,0.0683,0.2903
10.4150,0.0944,0.1154,0.0122,0.0586,0.2806
10.4160,0.0944,0.1154,0.0122,0.0493,0.2713
10.4170,0.0943,0.1154,0.0122,0.0405,0.2625
10.4180,0.0943,0.1154,0.0122,0.0323,0.2542
10.4190,0.0943,0.1154,0.0122,0.0246,0.2465
10.4200,0.0942,0.1154,0.0122,0.0178,0.2396
10.4210,0.0942,0.1154,0.0122,0.1841,0.4059
10.4220,0.0942,0.1154,0.0122,0.1774,0.3992
10.4230,0.0941,0.1154,0.0122,0.1709,0.3927
10.4240,0.0941,0.1154,0.0122,0.1639,0.3857
10.4250,0.0941,0.1154,0.0122,0.1560,0.3777
10.4260,0.0940,0.1154,0.0122,0.1471,0.3688
10.4270,0.0940,0.1154,0.0122,0.1373,0.3589
10.4280,0.0940,0.1154,0.0122,0.1269,0.3485
10.4290,0.0940,0.1154,0.0122,0.1164,0.3380
10.4300,0.0939,0.1154,0.0122,0.1060,0.3276
10.4310,0.0939,0.1154,0.0122,0.0961,0.3176
10.4320,0.0939,0.1154,0.0122,0.0868,0.3083
10.4330,0.0938,0.1154,0.0122,0.0780,0.2995
10.4340,0.0938,0.1154,0.0122,0.0699,0.2913
10.4350,0.0938,0.1154,0.0122,0.0622,0.2836
10.4360,0.0937,0.1154,0.0122,0.0550,0.2763
10.4370,0.0937,0.1154,0.0122,0.0482,0.2695
10.4380,0.0937,0.1154,0.0122,0.0420,0.2633
10.4390,0.0936,0.1154,0.0122,0.0364,0.2577
10.4400,0.0936,0.1154,0.0122,0.0315,0.2527
10.4410,0.0936,0.1154,0.0122,0.1926,0.4137
10.4420,0.0935,0.1154,0.0122,0.1873,0.4085
10.4430,0.0935,0.1154,0.0122,0.1821,0.4032
10.4440,0.0935,0.1154,0.0122,0.1762,0.3973
10.4450,0.0934,0.1154,0.0122,0.1693,0.3904
10.4460,0.0934,0.1154,0.0122,0.1613,0.3823
10.4470,0.0934,0.1154,0.0122,0.1523,0.3732
10.4480,0.0933,0.1154,0.0122,0.1425,0.3635
10.4490,0.0933,0.1154,0.0122,0.1325,0.3535
10.4500,0.0933,0.1154,0.0122,0.1226,0.3435
10.4510,0.0933,0.1154,0.0122,0.1129,0.3338
10.4520,0.0932,0.1154,0.0122,0.1037,0.3245
10.4530,0.0932,0.1154,0.0122,0.0949,0.3158
10.4540,0.0932,0.1154,0.0122,0.0866,0.3074
10.4550,0.0931,0.1154,0.0122,0.0787,0.2994
10.4560,0.0931,0.1154,0.0122,0.0711,0.2918
10.4570,0.0931,0.1154,0.0122,0.0638,0.2845
10.4580,0.0930,0.1154,0.0122,0.0569,0.2776
10.4590,0.0930,0.1154,0.0122,0.0505,0.2711
10.4600,0.0930,0.1154,0.0122,0.0447,0.2653
10.4610,0.0929,0.1154,0.0122,0.1837,0.4043
10.4620,0.0929,0.1154,0.0122,0.1775,0.3980
10.4630,0.0929,0.1154,0.0122,0.1714,0.3919
10.4640,0.0928,0.1154,0.0122,0.1647,0.3852
10.4650,0.0928,0.1154,0.0122,0.1572,0.3777
10.4660,0.0928,0.1154,0.0122,0.1488,0.3692
10.4670,0.0928,0.1154,0.0122,0.1396,0.3600
10.4680,0.0927,0.1154,0.0122,0.1299,0.3502
10.4690,0.0927,0.1154,0.0122,0.1200,0.3403
10.4700,0.0927,0.1154,0.0122,0.1103,0.3306
10.4710,0.0926,0.1154,0.0122,0.1009,0.3212
10.4720,0.0926,0.1154,0.0122,0.0920,0.3122
10.4730,0.0926,0.1154,0.0122,0.0836,0.3038
10.4740,0.0925,0.1154,0.0122,0.0757,0.2959
10.4750,0.0925,0.1154,0.0122,0.0683,0.2884
10.4760,0.0925,0.1154,0.0122,0.0613,0.2814
10.4770,0.0925,0.1154,0.0122,0.0547,0.2748
10.4780,0.0924,0.1154,0.0122,0.0486,0.2687
10.4790,0.0924,0.1154,0.0122,0.0431,0.2631
10.4800,0.0924,0.1154,0.0122,0.0383,0.2583
10.4810,0.0923,0.1154,0.0122,0.1703,0.3902
10.4820,0.0923,0.1154,0.0122,0.1655,0.3855
10.4830,0.0923,0.1154,0.0122,0.1609,0.3808
10.4840,0.0922,0.1154,0.0122,0.1558,0.3756
10.4850,0.0922,0.1154,0.0123,0.1499,0.3697
10.4860,0.0922,0.1154,0.0123,0.1431,0.3629
10.4870,0.0922,0.1154,0.0123,0.1356,0.3554
10.4880,0.0921,0.1154,0.0123,0.1276,0.3473
10.4890,0.0921,0.1154,0.0123,0.1194,0.3391
10.4900,0.0921,0.1154,0.0123,0.1113,0.3310
10.4910,0.0920,0.1154,0.0123,0.1036,0.3233
10.4920,0.0920,0.1154,0.0123,0.0963,0.3159
10.4930,0.0920,0.1154,0.0123,0.0895,0.3091
10.4940,0.0920,0.1154,0.0123,0.0831,0.3027
10.4950,0.0919,0.1154,0.0123,0.0771,0.2967
10.4960,0.0919,0.1154,0.0123,0.0715,0.2910
10.4970,0.0919,0.1154,0.0123,0.0662,0.2857
10.4980,0.0918,0.1154,0.0123,0.0614,0.2809
10.4990,0.0918,0.1154,0.0123,0.0570,0.2765
10.5000,0.0918,0.1154,0.0123,0.0532,0.2726
10.5010,0.0917,0.1154,0.0123,0.1675,0.3869
10.5020,0.0917,0.1154,0.0123,0.1636,0.3829
10.5030,0.0917,0.1154,0.0123,0.1597,0.3790
10.5040,0.0917,0.1154,0.0123,0.1553,0.3746
10.5050,0.0916,0.1154,0.0123,0.1502,0.3695
10.5060,0.0916,0.1154,0.0123,0.1443,0.3636
10.5070,0.0916,0.1154,0.0123,0.1377,0.3569
10.5080,0.0915,0.1154,0.0123,0.1306,0.3498
10.5090,0.0915,0.1154,0.0123,0.1233,0.3425
10.5100,0.0915,0.1154,0.0123,0.1161,0.3353
10.5110,0.0915,0.1154,0.0123,0.1092,0.3283
10.5120,0.0914,0.1154,0.0123,0.1026,0.3216
10.5130,0.0914,0.1154,0.0123,0.0963,0.3154
10.5140,0.0914,0.1154,0.0123,0.0905,0.3095
10.5150,0.0913,0.1154,0.0123,0.0850,0.3039
10.5160,0.0913,0.1154,0.0123,0.0797,0.2987
10.5170,0.0913,0.1154,0.0123,0.0748,0.2938
10.5180,0.0913,0.1154,0.0123,0.0703,0.2892
10.5190,0.0912,0.1154,0.0123,0.0661,0.2850
10.5200,0.0912,0.1154,0.0123,0.0624,0.2813
10.5210,0.0912,0.1154,0.0123,0.1621,0.3809
10.5220,0.0912,0.1154,0.0123,0.1583,0.3771
10.5230,0.0911,0.1154,0.0123,0.1544,0.3732
10.5240,0.0911,0.1154,0.0123,0.1502,0.3690
10.5250,0.0911,0.1154,0.0123,0.1454,0.3641
10.5260,0.0910,0.1154,0.0123,0.1398,0.3585
10.5270,0.0910,0.1154,0.0123,0.1336,0.3523
10.5280,0.0910,0.1154,0.0123,0.1271,0.3457
10.5290,0.0910,0.1154,0.0123,0.1203,0.3389
10.5300,0.0909,0.1154,0.0123,0.1137,0.3323
10.5310,0.0909,0.1154,0.0123,0.1073,0.3258
10.5320,0.0909,0.1154,0.0123,0.1012,0.3198
10.5330,0.0908,0.1154,0.0123,0.0955,0.3140
10.5340,0.0908,0.1154,0.0123,0.0902,0.3087
10.5350,0.0908,0.1154,0.0123,0.0852,0.3036
10.5360,0.0908,0.1154,0.0123,0.0805,0.2989
10.5370,0.0907,0.1154,0.0123,0.0761,0.2945
10.5380,0.0907,0.1154,0.0123,0.0721,0.2904
10.5390,0.0907,0.1154,0.0123,0.0684,0.2867
10.5400,0.0907,0.1154,0.0123,0.0652,0.2835
10.5410,0.0906,0.1154,0.0123,0.1511,0.3694
10.5420,0.0906,0.1154,0.0123,0.1480,0.3663
10.5430,0.0906,0.1154,0.0123,0.1449,0.3631
10.5440,0.0905,0.1154,0.0123,0.1415,0.3597
10.5450,0.0905,0.1154,0.0123,0.1376,0.3558
10.5460,0.0905,0.1154,0.0123,0.1331,0.3512
10.5470,0.0905,0.1154,0.0123,0.1280,0.3461
10.5480,0.0904,0.1154,0.0123,0.1227,0.3408
10.5490,0.0904,0.1154,0.0123,0.1172,0.3353
10.5500,0.0904,0.1154,0.0123,0.1118,0.3299
10.5510,0.0904,0.1154,0.0123,0.1067,0.3247
10.5520,0.0903,0.1154,0.0123,0.1019,0.3198
10.5530,0.0903,0.1154,0.0123,0.0974,0.3153
10.5540,0.0903,0.1154,0.0123,0.0932,0.3111
10.5550,0.0903,0.1154,0.0123,0.0893,0.3072
10.5560,0.0902,0.1154,0.0123,0.0857,0.3036
10.5570,0.0902,0.1154,0.0123,0.0823,0.3002
10.5580,0.0902,0.1154,0.0123,0.0793,0.2971
10.5590,0.0901,0.1154,0.0123,0.0766,0.2944
10.5600,0.0901,0.1154,0.0123,0.0743,0.2921
10.5610,0.0901,0.1154,0.0123,0.1468,0.3645
10.5620,0.0901,0.1154,0.0123,0.1444,0.3622
10.5630,0.0900,0.1154,0.0123,0.1422,0.3598
10.5640,0.0900,0.1154,0.0123,0.1396,0.3572
10.5650,0.0900,0.1154,0.0123,0.1365,0.3541
10.5660,0.0900,0.1154,0.0123,0.1329,0.3505
10.5670,0.0899,0.1154,0.0123,0.1289,0.3464
10.5680,0.0899,0.1154,0.0123,0.1245,0.3421
10.5690,0.0899,0.1154,0.0123,0.1200,0.3376
10.5700,0.0899,0.1154,0.0123,0.1156,0.3331
10.5710,0.0898,0.1154,0.0123,0.1113,0.3288
10.5720,0.0898,0.1154,0.0123,0.1073,0.3247
10.5730,0.0898,0.1154,0.0123,0.1035,0.3209
10.5740,0.0898,0.1154,0.0123,0.0999,0.3174
10.5750,0.0897,0.1154,0.0123,0.0966,0.3140
10.5760,0.0897,0.1154,0.0123,0.0935,0.3109
10.5770,0.0897,0.1154,0.0123,0.0906,0.3080
10.5780,0.0897,0.1154,0.0123,0.0880,0.3053
10.5790,0.0896,0.1154,0.0123,0.0856,0.3028
10.5800,0.0896,0.1154,0.0123,0.0835,0.3007
10.5810,0.0896,0.1154,0.0123,0.1363,0.3535
10.5820,0.0895,0.1154,0.0123,0.1343,0.3515
10.5830,0.0895,0.1154,0.0123,0.1323,0.3494
10.5840,0.0895,0.1154,0.0123,0.1301,0.3472
10.5850,0.0895,0.1154,0.0123,0.1276,0.3447
10.5860,0.0894,0.1154,0.0123,0.1248,0.3419
10.5870,0.0894,0.1154,0.0123,0.1216,0.3387
10.5880,0.0894,0.1154,0.0123,0.1183,0.3353
10.5890,0.0894,0.1154,0.0123,0.1149,0.3319
10.5900,0.0893,0.1154,0.0123,0.1116,0.3286
10.5910,0.0893,0.1154,0.0123,0.1084,0.3254
10.5920,0.0893,0.1154,0.0123,0.1055,0.3224
10.5930,0.0893,0.1154,0.0123,0.1028,0.3197
10.5940,0.0892,0.1154,0.0123,0.1003,0.3172
10.5950,0.0892,0.1154,0.0123,0.0980,0.3149
10.5960,0.0892,0.1154,0.0123,0.0960,0.3128
10.5970,0.0892,0.1154,0.0123,0.0941,0.3109
10.5980,0.0891,0.1154,0.0123,0.0924,0.3092
10.5990,0.0891,0.1154,0.0123,0.0910,0.3078
10.6000,0.0891,0.1154,0.0123,0.0898,0.3066
10.6010,0.0891,0.1154,0.0123,0.1339,0.3506
10.6020,0.0890,0.1154,0.0123,0.1327,0.3495
10.6030,0.0890,0.1154,0.0123,0.1316,0.3483
10.6040,0.0890,0.1154,0.0123,0.1303,0.3469
10.6050,0.0890,0.1154,0.0123,0.1286,0.3453
10.6060,0.0890,0.1154,0.0123,0.1266,0.3433
10.6070,0.0889,0.1154,0.0123,0.1244,0.3410
10.6080,0.0889,0.1154,0.0123,0.1219,0.3385
10.6090,0.0889,0.1154,0.0123,0.1194,0.3359
10.6100,0.0889,0.1154,0.0123,0.1169,0.3334
10.6110,0.0888,0.1154,0.0123,0.1144,0.3309
10.6120,0.0888,0.1154,0.0123,0.1121,0.3286
10.6130,0.0888,0.1154,0.0123,0.1100,0.3264
10.6140,0.0888,0.1154,0.0123,0.1079,0.3244
10.6150,0.0887,0.1154,0.0123,0.1060,0.3224
10.6160,0.0887,0.1154,0.0123,0.1043,0.3206
10.6170,0.0887,0.1154,0.0123,0.1026,0.3189
10.6180,0.0887,0.1154,0.0123,0.1011,0.3174
10.6190,0.0886,0.1154,0.0123,0.0997,0.3160
10.6200,0.0886,0.1154,0.0123,0.0985,0.3147
10.6210,0.0886,0.1154,0.0123,0.1274,0.3436
10.6220,0.0886,0.1154,0.0123,0.1262,0.3424
10.6230,0.0885,0.1154,0.0123,0.1250,0.3412
10.6240,0.0885,0.1154,0.0123,0.1238,0.3399
10.6250,0.0885,0.1154,0.0123,0.1223,0.3385
10.6260,0.0885,0.1154,0.0123,0.1207,0.3368
10.6270,0.0884,0.1154,0.0123,0.1189,0.3350
10.6280,0.0884,0.1154,0.0123,0.1170,0.3330
10.6290,0.0884,0.1154,0.0123,0.1150,0.3311
10.6300,0.0884,0.1154,0.0123,0.1131,0.3292
10.6310,0.0884,0.1154,0.0123,0.1114,0.3274
10.6320,0.0883,0.1154,0.0123,0.1097,0.3257
10.6330,0.0883,0.1154,0.0123,0.1082,0.3242
10.6340,0.0883,0.1154,0.0123,0.1068,0.3228
10.6350,0.0883,0.1154,0.0123,0.1056,0.3215
10.6360,0.0882,0.1154,0.0123,0.1044,0.3203
10.6370,0.0882,0.1154,0.0123,0.1034,0.3193
10.6380,0.0882,0.1154,0.0123,0.1025,0.3184
10.6390,0.0882,0.1154,0.0123,0.1018,0.3176
10.6400,0.0881,0.1154,0.0123,0.1012,0.3170
10.6410,0.0881,0.1154,0.0123,0.1108,0.3266
10.6420,0.0881,0.1154,0.0123,0.1105,0.3262
10.6430,0.0881,0.1154,0.0123,0.1102,0.3259
10.6440,0.0880,0.1154,0.0123,0.1100,0.3257
10.6450,0.0880,0.1154,0.0123,0.1099,0.3256
10.6460,0.0880,0.1154,0.0123,0.1097,0.3254
10.6470,0.0880,0.1154,0.0123,0.1097,0.3253
10.6480,0.0880,0.1154,0.0123,0.1096,0.3252
10.6490,0.0879,0.1154,0.0123,0.1096,0.3252
10.6500,0.0879,0.1154,0.0123,0.1096,0.3252
10.6510,0.0879,0.1154,0.0123,0.1096,0.3252
10.6520,0.0879,0.1154,0.0123,0.1096,0.3251
10.6530,0.0878,0.1154,0.0123,0.1096,0.3251
10.6540,0.0878,0.1154,0.0123,0.1096,0.3251
10.6550,0.0878,0.1154,0.0123,0.1096,0.3251
10.6560,0.0878,0.1154,0.0123,0.1096,0.3250
10.6570,0.0878,0.1154,0.0123,0.1096,0.3250
10.6580,0.0877,0.1154,0.0123,0.1096,0.3250
10.6590,0.0877,0.1154,0.0123,0.1096,0.3250
10.6600,0.0877,0.1154,0.0123,0.1096,0.3250
10.6610,0.0877,0.1154,0.0123,0.1096,0.3249
10.6620,0.0876,0.1154,0.0123,0.1096,0.3249
10.6630,0.0876,0.1154,0.0123,0.1096,0.3249
10.6640,0.0876,0.1154,0.0123,0.1096,0.3249
10.6650,0.0876,0.1154,0.0123,0.1096,0.3248
10.6660,0.0875,0.1154,0.0123,0.1096,0.3248
10.6670,0.0875,0.1154,0.0123,0.1096,0.3248
10.6680,0.0875,0.1154,0.0123,0.1096,0.3248
10.6690,0.0875,0.1154,0.0123,0.1096,0.3248
10.6700,0.0875,0.1154,0.0123,0.1096,0.3247
10.6710,0.0874,0.1154,0.0123,0.1096,0.3247
10.6720,0.0874,0.1154,0.0123,0.1096,0.3247
10.6730,0.0874,0.1154,0.0123,0.1096,0.3247
10.6740,0.0874,0.1154,0.0123,0.1096,0.3246
10.6750,0.0873,0.1154,0.0123,0.1096,0.3246
10.6760,0.0873,0.1154,0.0123,0.1096,0.3246
10.6770,0.0873,0.1154,0.0123,0.1096,0.3246
10.6780,0.0873,0.1154,0.0123,0.1096,0.3246
10.6790,0.0873,0.1154,0.0123,0.1096,0.3245
10.6800,0.0872,0.1154,0.0123,0.1096,0.3245
10.6810,0.0872,0.1154,0.0123,0.1096,0.3245
10.6820,0.0872,0.1154,0.0123,0.1096,0.3245
10.6830,0.0872,0.1154,0.0123,0.1096,0.3244
10.6840,0.0872,0.1154,0.0123,0.1096,0.3244
10.6850,0.0871,0.1154,0.0123,0.1096,0.3244
10.6860,0.0871,0.1154,0.0123,0.1096,0.3244
10.6870,0.0871,0.1154,0.0123,0.1096,0.3244
10.6880,0.0871,0.1154,0.0123,0.1096,0.3243
10.6890,0.0870,0.1154,0.0123,0.1096,0.3243
10.6900,0.0870,0.1154,0.0123,0.1096,0.3243
10.6910,0.0870,0.1154,0.0123,0.1096,0.3243
10.6920,0.0870,0.1154,0.0123,0.1096,0.3243
10.6930,0.0870,0.1154,0.0123,0.1096,0.3242
10.6940,0.0869,0.1154,0.0123,0.1096,0.3242
10.6950,0.0869,0.1154,0.0123,0.1096,0.3242
10.6960,0.0869,0.1154,0.0123,0.1096,0.3242
10.6970,0.0869,0.1154,0.0123,0.1096,0.3242
10.6980,0.0869,0.1154,0.0123,0.1096,0.3241
10.6990,0.0868,0.1154,0.0123,0.1096,0.3241
10.7000,0.0868,0.1154,0.0123,0.1096,0.3241
10.7010,0.0868,0.1154,0.0123,0.1096,0.3241
10.7020,0.0868,0.1154,0.0123,0.1096,0.3240
10.7030,0.0867,0.1154,0.0123,0.1096,0.3240
10.7040,0.0867,0.1154,0.0123,0.1096,0.3240
10.7050,0.0867,0.1154,0.0123,0.1096,0.3240
10.7060,0.0867,0.1154,0.0123,0.1096,0.3240
10.7070,0.0867,0.1154,0.0123,0.1096,0.3239
10.7080,0.0866,0.1154,0.0123,0.1096,0.3239
10.7090,0.0866,0.1154,0.0123,0.1096,0.3239
10.7100,0.0866,0.1154,0.0123,0.1096,0.3239
10.7110,0.0866,0.1154,0.0123,0.1096,0.3239
10.7120,0.0866,0.1154,0.0123,0.1096,0.3238
10.7130,0.0865,0.1154,0.0123,0.1096,0.3238
10.7140,0.0865,0.1154,0.0123,0.1096,0.3238
10.7150,0.0865,0.1154,0.0123,0.1096,0.3238
10.7160,0.0865,0.1154,0.0123,0.1096,0.3238
10.7170,0.0865,0.1154,0.0123,0.1096,0.3237
10.7180,0.0864,0.1154,0.0123,0.1096,0.3237
10.7190,0.0864,0.1154,0.0123,0.1096,0.3237
10.7200,0.0864,0.1154,0.0123,0.1096,0.3237
10.7210,0.0864,0.1154,0.0123,0.1096,0.3237
10.7220,0.0864,0.1154,0.0123,0.1096,0.3236
10.7230,0.0863,0.1154,0.0123,0.1096,0.3236
10.7240,0.0863,0.1154,0.0123,0.1096,0.3236
10.7250,0.0863,0.1154,0.0123,0.1096,0.3236
10.7260,0.0863,0.1154,0.0123,0.1096,0.3236
10.7270,0.0863,0.1154,0.0123,0.1096,0.3235
10.7280,0.0862,0.1154,0.0123,0.1096,0.3235
10.7290,0.0862,0.1154,0.0123,0.1096,0.3235
10.7300,0.0862,0.1154,0.0123,0.1096,0.3235
10.7310,0.0862,0.1154,0.0123,0.1096,0.3235
10.7320,0.0862,0.1154,0.0123,0.1096,0.3234
10.7330,0.0861,0.1154,0.0123,0.1096,0.3234
10.7340,0.0861,0.1154,0.0123,0.1096,0.3234
10.7350,0.0861,0.1154,0.0123,0.1096,0.3234
10.7360,0.0861,0.1154,0.0123,0.1096,0.3234
10.7370,0.0861,0.1154,0.0123,0.1096,0.3233
10.7380,0.0860,0.1154,0.0123,0.1096,0.3233
10.7390,0.0860,0.1154,0.0123,0.1096,0.3233
10.7400,0.0860,0.1154,0.0123,0.1096,0.3233
10.7410,0.0860,0.1154,0.0123,0.1096,0.3233
10.7420,0.0860,0.1154,0.0123,0.1096,0.3232
10.7430,0.0859,0.1154,0.0123,0.1096,0.3232
10.7440,0.0859,0.1154,0.0123,0.1096,0.3232
10.7450,0.0859,0.1154,0.0123,0.1096,0.3232
10.7460,0.0859,0.1154,0.0123,0.1096,0.3232
10.7470,0.0859,0.1154,0.0123,0.1096,0.3231
10.7480,0.0858,0.1154,0.0123,0.1096,0.3231
10.7490,0.0858,0.1154,0.0123,0.1096,0.3231
10.7500,0.0858,0.1154,0.0123,0.1096,0.3231
10.7510,0.0858,0.1154,0.0123,0.1096,0.3231
10.7520,0.0858,0.1154,0.0123,0.1096,0.3230
10.7530,0.0857,0.1154,0.0123,0.1096,0.3230
10.7540,0.0857,0.1154,0.0123,0.1096,0.3230
10.7550,0.0857,0.1154,0.0123,0.1096,0.3230
10.7560,0.0857,0.1154,0.0123,0.1096,0.3230
10.7570,0.0857,0.1154,0.0123,0.1096,0.3229
10.7580,0.0856,0.1154,0.0123,0.1096,0.3229
10.7590,0.0856,0.1154,0.0123,0.1096,0.3229
10.7600,0.0856,0.1154,0.0123,0.1096,0.3229
10.7610,0.0856,0.1154,0.0123,0.1096,0.3229
10.7620,0.0856,0.1154,0.0123,0.1096,0.3229
10.7630,0.0855,0.1154,0.0123,0.1096,0.3228
10.7640,0.0855,0.1154,0.0123,0.1096,0.3228
10.7650,0.0855,0.1154,0.0123,0.1096,0.3228
10.7660,0.0855,0.1154,0.0123,0.1096,0.3228
10.7670,0.0855,0.1154,0.0123,0.1096,0.3228
10.7680,0.0854,0.1154,0.0123,0.1096,0.3227
10.7690,0.0854,0.1154,0.0123,0.1096,0.3227
10.7700,0.0854,0.1154,0.0123,0.1096,0.3227
10.7710,0.0854,0.1154,0.0123,0.1096,0.3227
10.7720,0.0854,0.1154,0.0123,0.1096,0.3227
10.7730,0.0854,0.1154,0.0123,0.1096,0.3226
10.7740,0.0853,0.1154,0.0123,0.1096,0.3226
10.7750,0.0853,0.1154,0.0123,0.1096,0.3226
10.7760,0.0853,0.1154,0.0123,0.1096,0.3226
10.7770,0.0853,0.1154,0.0123,0.1096,0.3226
10.7780,0.0853,0.1154,0.0123,0.1096,0.3225
10.7790,0.0852,0.1154,0.0123,0.1096,0.3225
10.7800,0.0852,0.1154,0.0123,0.1096,0.3225
10.7810,0.0852,0.1154,0.0123,0.1096,0.3225
10.7820,0.0852,0.1154,0.0123,0.1096,0.3225
10.7830,0.0852,0.1154,0.0123,0.1096,0.3225
10.7840,0.0851,0.1154,0.0123,0.1096,0.3224
10.7850,0.0851,0.1154,0.0123,0.1096,0.3224
10.7860,0.0851,0.1154,0.0123,0.1096,0.3224
10.7870,0.0851,0.1154,0.0123,0.1096,0.3224
10.7880,0.0851,0.1154,0.0123,0.1096,0.3224
10.7890,0.0851,0.1154,0.0123,0.1096,0.3223
10.7900,0.0850,0.1154,0.0123,0.1096,0.3223
10.7910,0.0850,0.1154,0.0123,0.1096,0.3223
10.7920,0.0850,0.1154,0.0123,0.1096,0.3223
10.7930,0.0850,0.1154,0.0123,0.1096,0.3223
10.7940,0.0850,0.1154,0.0123,0.1096,0.3223
10.7950,0.0849,0.1154,0.0123,0.1096,0.3222
10.7960,0.0849,0.1154,0.0123,0.1096,0.3222
10.7970,0.0849,0.1154,0.0123,0.1096,0.3222
10.7980,0.0849,0.1154,0.0123,0.1096,0.3222
10.7990,0.0849,0.1154,0.0123,0.1096,0.3222
10.8000,0.0849,0.1154,0.0123,0.1096,0.3221
10.8010,0.0848,0.1154,0.0123,0.1096,0.3221
10.8020,0.0848,0.1154,0.0123,0.1096,0.3221
10.8030,0.0848,0.1154,0.0123,0.1096,0.3221
10.8040,0.0848,0.1154,0.0123,0.1096,0.3221
10.8050,0.0848,0.1154,0.0123,0.1096,0.3221
10.8060,0.0847,0.1154,0.0123,0.1096,0.3220
10.8070,0.0847,0.1154,0.0123,0.1096,0.3220
10.8080,0.0847,0.1154,0.0123,0.1096,0.3220
10.8090,0.0847,0.1154,0.0123,0.1096,0.3220
10.8100,0.0847,0.1154,0.0123,0.1096,0.3220
10.8110,0.0847,0.1154,0.0123,0.1096,0.3220
10.8120,0.0846,0.1154,0.0123,0.1096,0.3219
10.8130,0.0846,0.1154,0.0123,0.1096,0.3219
10.8140,0.0846,0.1154,0.0123,0.1096,0.3219
10.8150,0.0846,0.1154,0.0123,0.1096,0.3219
10.8160,0.0846,0.1154,0.0123,0.1096,0.3219
10.8170,0.0846,0.1154,0.0123,0.1096,0.3218
10.8180,0.0845,0.1154,0.0123,0.1096,0.3218
10.8190,0.0845,0.1154,0.0123,0.1096,0.3218
10.8200,0.0845,0.1154,0.0123,0.1096,0.3218
10.8210,0.0845,0.1154,0.0123,0.1096,0.3218
10.8220,0.0845,0.1154,0.0123,0.1096,0.3218
10.8230,0.0845,0.1154,0.0123,0.1096,0.3217
10.8240,0.0844,0.1154,0.0123,0.1096,0.3217
10.8250,0.0844,0.1154,0.0123,0.1096,0.3217
10.8260,0.0844,0.1154,0.0123,0.1096,0.3217
10.8270,0.0844,0.1154,0.0123,0.1096,0.3217
10.8280,0.0844,0.1154,0.0123,0.1096,0.3217
10.8290,0.0843,0.1154,0.0123,0.1096,0.3216
10.8300,0.0843,0.1154,0.0123,0.1096,0.3216
10.8310,0.0843,0.1154,0.0123,0.1096,0.3216
10.8320,0.0843,0.1154,0.0123,0.1096,0.3216
10.8330,0.0843,0.1154,0.0123,0.1096,0.3216
10.8340,0.0843,0.1154,0.0123,0.1096,0.3216
10.8350,0.0842,0.1154,0.0123,0.1096,0.3215
10.8360,0.0842,0.1154,0.0123,0.1096,0.3215
10.8370,0.0842,0.1154,0.0123,0.1096,0.3215
10.8380,0.0842,0.1154,0.0123,0.1096,0.3215
10.8390,0.0842,0.1154,0.0123,0.1096,0.3215
10.8400,0.0842,0.1154,0.0123,0.1096,0.3215
10.8410,0.0841,0.1154,0.0123,0.1096,0.3214
10.8420,0.0841,0.1154,0.0123,0.1096,0.3214
10.8430,0.0841,0.1154,0.0123,0.1096,0.3214
10.8440,0.0841,0.1154,0.0123,0.1096,0.3214
10.8450,0.0841,0.1154,0.0123,0.1096,0.3214
10.8460,0.0841,0.1154,0.0123,0.1096,0.3214
10.8470,0.0840,0.1154,0.0123,0.1096,0.3213
10.8480,0.0840,0.1154,0.0123,0.1096,0.3213
10.8490,0.0840,0.1154,0.0123,0.1096,0.3213
10.8500,0.0840,0.1154,0.0123,0.1096,0.3213
10.8510,0.0840,0.1154,0.0123,0.1096,0.3213
10.8520,0.0840,0.1154,0.0123,0.1096,0.3213
10.8530,0.0839,0.1154,0.0123,0.1096,0.3212
10.8540,0.0839,0.1154,0.0123,0.1096,0.3212
10.8550,0.0839,0.1154,0.0123,0.1096,0.3212
10.8560,0.0839,0.1154,0.0123,0.1096,0.3212
10.8570,0.0839,0.1154,0.0123,0.1096,0.3212
10.8580,0.0839,0.1154,0.0123,0.1096,0.3212
10.8590,0.0838,0.1154,0.0123,0.1096,0.3211
10.8600,0.0838,0.1154,0.0123,0.1096,0.3211
10.8610,0.0838,0.1154,0.0123,0.1096,0.3211
10.8620,0.0838,0.1154,0.0123,0.1096,0.3211
10.8630,0.0838,0.1154,0.0123,0.1096,0.3211
10.8640,0.0838,0.1154,0.0123,0.1096,0.3211
10.8650,0.0837,0.1154,0.0123,0.1096,0.3210
10.8660,0.0837,0.1154,0.0123,0.1096,0.3210
10.8670,0.0837,0.1154,0.0123,0.1096,0.3210
10.8680,0.0837,0.1154,0.0123,0.1096,0.3210
10.8690,0.0837,0.1154,0.0123,0.1096,0.3210
10.8700,0.0837,0.1154,0.0123,0.1096,0.3210
10.8710,0.0836,0.1154,0.0123,0.1096,0.3209
10.8720,0.0836,0.1154,0.0123,0.1096,0.3209
10.8730,0.0836,0.1154,0.0123,0.1096,0.3209
10.8740,0.0836,0.1154,0.0123,0.1096,0.3209
10.8750,0.0836,0.1154,0.0123,0.1096,0.3209
10.8760,0.0836,0.1154,0.0123,0.1096,0.3209
10.8770,0.0835,0.1154,0.0123,0.1096,0.3208
10.8780,0.0835,0.1154,0.0123,0.1096,0.3208
10.8790,0.0835,0.1154,0.0123,0.1096,0.3208
10.8800,0.0835,0.1154,0.0123,0.1096,0.3208
10.8810,0.0835,0.1154,0.0123,0.1096,0.3208
10.8820,0.0835,0.1154,0.0123,0.1096,0.3208
10.8830,0.0835,0.1154,0.0123,0.1096,0.3208
10.8840,0.0834,0.1154,0.0123,0.1096,0.3207
10.8850,0.0834,0.1154,0.0123,0.1096,0.3207
10.8860,0.0834,0.1154,0.0123,0.1096,0.3207
10.8870,0.0834,0.1154,0.0123,0.1096,0.3207
10.8880,0.0834,0.1154,0.0123,0.1096,0.3207
10.8890,0.0834,0.1154,0.0123,0.1096,0.3207
10.8900,0.0833,0.1154,0.0123,0.1096,0.3206
10.8910,0.0833,0.1154,0.0123,0.1096,0.3206
10.8920,0.0833,0.1154,0.0123,0.1096,0.3206
10.8930,0.0833,0.1154,0.0123,0.1096,0.3206
10.8940,0.0833,0.1154,0.0123,0.1096,0.3206
10.8950,0.0833,0.1154,0.0123,0.1096,0.3206
10.8960,0.0833,0.1154,0.0123,0.1096,0.3206
10.8970,0.0832,0.1154,0.0123,0.1096,0.3205
10.8980,0.0832,0.1154,0.0123,0.1096,0.3205
10.8990,0.0832,0.1154,0.0123,0.1096,0.3205
10.9000,0.0832,0.1154,0.0123,0.1096,0.3205
10.9010,0.0832,0.1154,0.0123,0.1096,0.3205
10.9020,0.0832,0.1154,0.0123,0.1096,0.3205
10.9030,0.0831,0.1154,0.0123,0.1096,0.3204
10.9040,0.0831,0.1154,0.0123,0.1096,0.3204
10.9050,0.0831,0.1155,0.0123,0.1096,0.3204
10.9060,0.0831,0.1155,0.0123,0.1096,0.3204
10.9070,0.0831,0.1155,0.0123,0.1096,0.3204
10.9080,0.0831,0.1155,0.0123,0.1096,0.3204
10.9090,0.0831,0.1155,0.0123,0.1096,0.3204
10.9100,0.0830,0.1155,0.0123,0.1096,0.3203
10.9110,0.0830,0.1155,0.0123,0.1096,0.3203
10.9120,0.0830,0.1155,0.0123,0.1096,0.3203
10.9130,0.0830,0.1155,0.0123,0.1096,0.3203
10.9140,0.0830,0.1155,0.0123,0.1096,0.3203
10.9150,0.0830,0.1155,0.0123,0.1096,0.3203
10.9160,0.0829,0.1155,0.0123,0.1096,0.3202
10.9170,0.0829,0.1155,0.0123,0.1096,0.3202
10.9180,0.0829,0.1155,0.0123,0.1096,0.3202
10.9190,0.0829,0.1155,0.0123,0.1096,0.3202
10.9200,0.0829,0.1155,0.0123,0.1096,0.3202
10.9210,0.0829,0.1155,0.0123,0.1096,0.3202
10.9220,0.0829,0.1155,0.0123,0.1096,0.3202
10.9230,0.0828,0.1155,0.0123,0.1096,0.3201
10.9240,0.0828,0.1155,0.0123,0.1096,0.3201
10.9250,0.0828,0.1155,0.0123,0.1096,0.3201
10.9260,0.0828,0.1155,0.0123,0.1096,0.3201
10.9270,0.0828,0.1155,0.0123,0.1096,0.3201
10.9280,0.0828,0.1155,0.0123,0.1096,0.3201
10.9290,0.0828,0.1155,0.0123,0.1096,0.3201
10.9300,0.0827,0.1155,0.0123,0.1096,0.3200
10.9310,0.0827,0.1155,0.0123,0.1096,0.3200
10.9320,0.0827,0.1155,0.0123,0.1096,0.3200
10.9330,0.0827,0.1155,0.0123,0.1096,0.3200
10.9340,0.0827,0.1155,0.0123,0.1096,0.3200
10.9350,0.0827,0.1155,0.0123,0.1096,0.3200
10.9360,0.0826,0.1155,0.0123,0.1096,0.3200
10.9370,0.0826,0.1155,0.0123,0.1096,0.3199
10.9380,0.0826,0.1155,0.0123,0.1096,0.3199
10.9390,0.0826,0.1155,0.0123,0.1096,0.3199
10.9400,0.0826,0.1155,0.0123,0.1096,0.3199
10.9410,0.0826,0.1155,0.0123,0.1096,0.3199
10.9420,0.0826,0.1155,0.0123,0.1096,0.3199
10.9430,0.0825,0.1155,0.0123,0.1096,0.3199
10.9440,0.0825,0.1155,0.0123,0.1096,0.3198
10.9450,0.0825,0.1155,0.0123,0.1096,0.3198
10.9460,0.0825,0.1155,0.0123,0.1096,0.3198
10.9470,0.0825,0.1155,0.0123,0.1096,0.3198
10.9480,0.0825,0.1155,0.0123,0.1096,0.3198
10.9490,0.0825,0.1155,0.0123,0.1096,0.3198
10.9500,0.0824,0.1155,0.0123,0.1096,0.3198
10.9510,0.0824,0.1155,0.0123,0.1096,0.3197
10.9520,0.0824,0.1155,0.0123,0.1096,0.3197
10.9530,0.0824,0.1155,0.0123,0.1096,0.3197
10.9540,0.0824,0.1155,0.0123,0.1096,0.3197
10.9550,0.0824,0.1155,0.0123,0.1096,0.3197
10.9560,0.0824,0.1155,0.0123,0.1096,0.3197
10.9570,0.0823,0.1155,0.0123,0.1096,0.3197
10.9580,0.0823,0.1155,0.0123,0.1096,0.3196
10.9590,0.0823,0.1155,0.0123,0.1096,0.3196
10.9600,0.0823,0.1155,0.0123,0.1096,0.3196
10.9610,0.0823,0.1155,0.0123,0.1096,0.3196
10.9620,0.0823,0.1155,0.0123,0.1096,0.3196
10.9630,0.0823,0.1155,0.0123,0.1096,0.3196
10.9640,0.0823,0.1155,0.0123,0.1096,0.3196
10.9650,0.0822,0.1155,0.0123,0.1096,0.3195
10.9660,0.0822,0.1155,0.0123,0.1096,0.3195
10.9670,0.0822,0.1155,0.0123,0.1096,0.3195
10.9680,0.0822,0.1155,0.0123,0.1096,0.3195
10.9690,0.0822,0.1155,0.0123,0.1096,0.3195
10.9700,0.0822,0.1155,0.0123,0.1096,0.3195
10.9710,0.0822,0.1155,0.0123,0.1096,0.3195
10.9720,0.0821,0.1155,0.0123,0.1096,0.3194
10.9730,0.0821,0.1155,0.0123,0.1096,0.3194
10.9740,0.0821,0.1155,0.0123,0.1096,0.3194
10.9750,0.0821,0.1155,0.0123,0.1096,0.3194
10.9760,0.0821,0.1155,0.0123,0.1096,0.3194
10.9770,0.0821,0.1155,0.0123,0.1096,0.3194
10.9780,0.0821,0.1155,0.0123,0.1096,0.3194
10.9790,0.0820,0.1155,0.0123,0.1096,0.3194
10.9800,0.0820,0.1155,0.0123,0.1096,0.3193
10.9810,0.0820,0.1155,0.0123,0.1096,0.3193
10.9820,0.0820,0.1155,0.0123,0.1096,0.3193
10.9830,0.0820,0.1155,0.0123,0.1096,0.3193
10.9840,0.0820,0.1155,0.0123,0.1096,0.3193
10.9850,0.0820,0.1155,0.0123,0.1096,0.3193
10.9860,0.0820,0.1155,0.0123,0.1096,0.3193
10.9870,0.0819,0.1155,0.0123,0.1096,0.3192
10.9880,0.0819,0.1155,0.0123,0.1096,0.3192
10.9890,0.0819,0.1155,0.0123,0.1096,0.3192
10.9900,0.0819,0.1155,0.0123,0.1096,0.3192
10.9910,0.0819,0.1155,0.0123,0.1096,0.3192
10.9920,0.0819,0.1155,0.0123,0.1096,0.3192
10.9930,0.0819,0.1155,0.0123,0.1096,0.3192
10.9940,0.0818,0.1155,0.0123,0.1096,0.3192
10.9950,0.0818,0.1155,0.0123,0.1096,0.3191
10.9960,0.0818,0.1155,0.0123,0.1096,0.3191
10.9970,0.0818,0.1155,0.0123,0.1096,0.3191
10.9980,0.0818,0.1155,0.0123,0.1096,0.3191
10.9990,0.0818,0.1155,0.0123,0.1096,0.3191
11.0000,0.0818,0.1155,0.0123,0.1096,0.3191
11.0010,0.0818,0.1155,0.0123,0.1096,0.3191
11.0020,0.0817,0.1155,0.0123,0.1096,0.3190
11.0030,0.0817,0.1155,0.0123,0.1096,0.3190
11.0040,0.0817,0.1155,0.0123,0.1096,0.3190
11.0050,0.0817,0.1155,0.0123,0.1096,0.3190
11.0060,0.0817,0.1155,0.0123,0.1096,0.3190
11.0070,0.0817,0.1155,0.0123,0.1096,0.3190
11.0080,0.0817,0.1155,0.0123,0.1096,0.3190
11.0090,0.0816,0.1155,0.0123,0.1096,0.3190
11.0100,0.0816,0.1155,0.0123,0.1096,0.3189
11.0110,0.0816,0.1155,0.0123,0.1096,0.3189
11.0120,0.0816,0.1155,0.0123,0.1096,0.3189
11.0130,0.0816,0.1155,0.0123,0.1096,0.3189
11.0140,0.0816,0.1155,0.0123,0.1096,0.3189
11.0150,0.0816,0.1155,0.0123,0.1096,0.3189
11.0160,0.0816,0.1155,0.0123,0.1096,0.3189
11.0170,0.0815,0.1155,0.0123,0.1096,0.3189
11.0180,0.0815,0.1155,0.0123,0.1096,0.3188
11.0190,0.0815,0.1155,0.0123,0.1096,0.3188
11.0200,0.0815,0.1155,0.0123,0.1096,0.3188
11.0210,0.0815,0.1155,0.0123,0.1096,0.3188
11.0220,0.0815,0.1155,0.0123,0.1096,0.3188
11.0230,0.0815,0.1155,0.0123,0.1096,0.3188
11.0240,0.0815,0.1155,0.0123,0.1096,0.3188
11.0250,0.0814,0.1155,0.0123,0.1096,0.3188
11.0260,0.0814,0.1155,0.0123,0.1096,0.3187
11.0270,0.0814,0.1155,0.0123,0.1096,0.3187
11.0280,0.0814,0.1155,0.0123,0.1096,0.3187
11.0290,0.0814,0.1155,0.0123,0.1096,0.3187
11.0300,0.0814,0.1155,0.0123,0.1096,0.3187
11.0310,0.0814,0.1155,0.0123,0.1096,0.3187
11.0320,0.0814,0.1155,0.0123,0.1096,0.3187
11.0330,0.0813,0.1155,0.0123,0.1096,0.3187
11.0340,0.0813,0.1155,0.0123,0.1096,0.3186
11.0350,0.0813,0.1155,0.0123,0.1096,0.3186
11.0360,0.0813,0.1155,0.0123,0.1096,0.3186
11.0370,0.0813,0.1155,0.0123,0.1096,0.3186
11.0380,0.0813,0.1155,0.0123,0.1096,0.3186
11.0390,0.0813,0.1155,0.0123,0.1096,0.3186
11.0400,0.0813,0.1155,0.0123,0.1096,0.3186
11.0410,0.0812,0.1155,0.0123,0.1096,0.3186
11.0420,0.0812,0.1155,0.0123,0.1096,0.3185
11.0430,0.0812,0.1155,0.0123,0.1096,0.3185
11.0440,0.0812,0.1155,0.0123,0.1096,0.3185
11.0450,0.0812,0.1155,0.0123,0.1096,0.3185
11.0460,0.0812,0.1155,0.0123,0.1096,0.3185
11.0470,0.0812,0.1155,0.0123,0.1096,0.3185
11.0480,0.0812,0.1155,0.0123,0.1096,0.3185
11.0490,0.0811,0.1155,0.0123,0.1096,0.3185
11.0500,0.0811,0.1155,0.0123,0.1096,0.3184
11.0510,0.0811,0.1155,0.0123,0.1096,0.3184
11.0520,0.0811,0.1155,0.0123,0.1096,0.3184
11.0530,0.0811,0.1155,0.0123,0.1096,0.3184
11.0540,0.0811,0.1155,0.0123,0.1096,0.3184
11.0550,0.0811,0.1155,0.0123,0.1096,0.3184
11.0560,0.0811,0.1155,0.0123,0.1096,0.3184
11.0570,0.0810,0.1155,0.0123,0.1096,0.3184
11.0580,0.0810,0.1155,0.0123,0.1096,0.3183
11.0590,0.0810,0.1155,0.0123,0.1096,0.3183
11.0600,0.0810,0.1155,0.0123,0.1096,0.3183
11.0610,0.0810,0.1155,0.0123,0.1096,0.3183
11.0620,0.0810,0.1155,0.0123,0.1096,0.3183
11.0630,0.0810,0.1155,0.0123,0.1096,0.3183
11.0640,0.0810,0.1155,0.0123,0.1096,0.3183
11.0650,0.0810,0.1155,0.0123,0.1096,0.3183
11.0660,0.0809,0.1155,0.0123,0.1096,0.3183
11.0670,0.0809,0.1155,0.0123,0.1096,0.3182
11.0680,0.0809,0.1155,0.0123,0.1096,0.3182
11.0690,0.0809,0.1155,0.0123,0.1096,0.3182
11.0700,0.0809,0.1155,0.0123,0.1096,0.3182
11.0710,0.0809,0.1155,0.0123,0.1096,0.3182
11.0720,0.0809,0.1155,0.0123,0.1096,0.3182
11.0730,0.0809,0.1155,0.0123,0.1096,0.3182
11.0740,0.0808,0.1155,0.0123,0.1096,0.3182
11.0750,0.0808,0.1155,0.0123,0.1096,0.3181
11.0760,0.0808,0.1155,0.0123,0.1096,0.3181
11.0770,0.0808,0.1155,0.0123,0.1096,0.3181
11.0780,0.0808,0.1155,0.0123,0.1096,0.3181
11.0790,0.0808,0.1155,0.0123,0.1096,0.3181
11.0800,0.0808,0.1155,0.0123,0.1096,0.3181
11.0810,0.0808,0.1155,0.0123,0.1096,0.3181
11.0820,0.0808,0.1155,0.0123,0.1096,0.3181
11.0830,0.0807,0.1155,0.0123,0.1096,0.3181
11.0840,0.0807,0.1155,0.0123,0.1096,0.3180
11.0850,0.0807,0.1155,0.0123,0.1096,0.3180
11.0860,0.0807,0.1155,0.0123,0.1096,0.3180
11.0870,0.0807,0.1155,0.0123,0.1096,0.3180
11.0880,0.0807,0.1155,0.0123,0.1096,0.3180
11.0890,0.0807,0.1155,0.0123,0.1096,0.3180
11.0900,0.0807,0.1155,0.0123,0.1096,0.3180
11.0910,0.0806,0.1155,0.0123,0.1096,0.3180
11.0920,0.0806,0.1155,0.0123,0.1096,0.3180
11.0930,0.0806,0.1155,0.0123,0.1096,0.3179
11.0940,0.0806,0.1155,0.0123,0.1096,0.3179
11.0950,0.0806,0.1155,0.0123,0.1096,0.3179
11.0960,0.0806,0.1155,0.0123,0.1096,0.3179
11.0970,0.0806,0.1155,0.0123,0.1096,0.3179
11.0980,0.0806,0.1155,0.0123,0.1096,0.3179
11.0990,0.0806,0.1155,0.0123,0.1096,0.3179
11.1000,0.0805,0.1155,0.0123,0.1096,0.3179
11.1010,0.0805,0.1155,0.0123,0.1096,0.3178
11.1020,0.0805,0.1155,0.0123,0.1096,0.3178
11.1030,0.0805,0.1155,0.0123,0.1096,0.3178
11.1040,0.0805,0.1155,0.0123,0.1096,0.3178
11.1050,0.0805,0.1155,0.0123,0.1096,0.3178
11.1060,0.0805,0.1155,0.0123,0.1096,0.3178
11.1070,0.0805,0.1155,0.0123,0.1096,0.3178
11.1080,0.0805,0.1155,0.0123,0.1096,0.3178
11.1090,0.0804,0.1155,0.0123,0.1096,0.3178
11.1100,0.0804,0.1155,0.0123,0.1096,0.3177
11.1110,0.0804,0.1155,0.0123,0.1096,0.3177
11.1120,0.0804,0.1155,0.0123,0.1096,0.3177
11.1130,0.0804,0.1155,0.0123,0.1096,0.3177
11.1140,0.0804,0.1155,0.0123,0.1096,0.3177
11.1150,0.0804,0.1155,0.0123,0.1096,0.3177
11.1160,0.0804,0.1155,0.0123,0.1096,0.3177
11.1170,0.0804,0.1155,0.0123,0.1096,0.3177
11.1180,0.0803,0.1155,0.0123,0.1096,0.3177
11.1190,0.0803,0.1155,0.0123,0.1096,0.3177
11.1200,0.0803,0.1155,0.0123,0.1096,0.3176
11.1210,0.0803,0.1155,0.0123,0.1096,0.3176
11.1220,0.0803,0.1155,0.0123,0.1096,0.3176
11.1230,0.0803,0.1155,0.0123,0.1096,0.3176
11.1240,0.0803,0.1155,0.0123,0.1096,0.3176
11.1250,0.0803,0.1155,0.0123,0.1096,0.3176
11.1260,0.0803,0.1155,0.0123,0.1096,0.3176
11.1270,0.0803,0.1155,0.0123,0.1096,0.3176
11.1280,0.0802,0.1155,0.0123,0.1096,0.3176
11.1290,0.0802,0.1155,0.0123,0.1096,0.3175
11.1300,0.0802,0.1155,0.0123,0.1096,0.3175
11.1310,0.0802,0.1155,0.0123,0.1096,0.3175
11.1320,0.0802,0.1155,0.0123,0.1096,0.3175
11.1330,0.0802,0.1155,0.0123,0.1096,0.3175
11.1340,0.0802,0.1155,0.0123,0.1096,0.3175
11.1350,0.0802,0.1155,0.0123,0.1096,0.3175
11.1360,0.0802,0.1155,0.0123,0.1096,0.3175
11.1370,0.0801,0.1155,0.0123,0.1096,0.3175
11.1380,0.0801,0.1155,0.0123,0.1096,0.3174
11.1390,0.0801,0.1155,0.0123,0.1096,0.3174
11.1400,0.0801,0.1155,0.0123,0.1096,0.3174
11.1410,0.0801,0.1155,0.0123,0.1096,0.3174
11.1420,0.0801,0.1155,0.0123,0.1096,0.3174
11.1430,0.0801,0.1155,0.0123,0.1096,0.3174
11.1440,0.0801,0.1155,0.0123,0.1096,0.3174
11.1450,0.0801,0.1155,0.0123,0.1096,0.3174
11.1460,0.0800,0.1155,0.0123,0.1096,0.3174
11.1470,0.0800,0.1155,0.0123,0.1096,0.3174
11.1480,0.0800,0.1155,0.0123,0.1096,0.3173
11.1490,0.0800,0.1155,0.0123,0.1096,0.3173
11.1500,0.0800,0.1155,0.0123,0.1096,0.3173
11.1510,0.0800,0.1155,0.0123,0.1096,0.3173
11.1520,0.0800,0.1155,0.0123,0.1096,0.3173
11.1530,0.0800,0.1155,0.0123,0.1096,0.3173
11.1540,0.0800,0.1155,0.0123,0.1096,0.3173
11.1550,0.0800,0.1155,0.0123,0.1096,0.3173
11.1560,0.0799,0.1155,0.0123,0.1096,0.3173
11.1570,0.0799,0.1155,0.0123,0.1096,0.3173
11.1580,0.0799,0.1155,0.0123,0.1096,0.3172
11.1590,0.0799,0.1155,0.0123,0.1096,0.3172
11.1600,0.0799,0.1155,0.0123,0.1096,0.3172
11.1610,0.0799,0.1155,0.0123,0.1096,0.3172
11.1620,0.0799,0.1155,0.0123,0.1096,0.3172
11.1630,0.0799,0.1155,0.0123,0.1096,0.3172
11.1640,0.0799,0.1155,0.0123,0.1096,0.3172
11.1650,0.0799,0.1155,0.0123,0.1096,0.3172
11.1660,0.0798,0.1155,0.0123,0.1096,0.3172
11.1670,0.0798,0.1155,0.0123,0.1096,0.3171
11.1680,0.0798,0.1155,0.0123,0.1096,0.3171
11.1690,0.0798,0.1155,0.0123,0.1096,0.3171
11.1700,0.0798,0.1155,0.0123,0.1096,0.3171
11.1710,0.0798,0.1155,0.0123,0.1096,0.3171
11.1720,0.0798,0.1155,0.0123,0.1096,0.3171
11.1730,0.0798,0.1155,0.0123,0.1096,0.3171
11.1740,0.0798,0.1155,0.0123,0.1096,0.3171
11.1750,0.0798,0.1155,0.0123,0.1096,0.3171
11.1760,0.0797,0.1155,0.0123,0.1096,0.3171
11.1770,0.0797,0.1155,0.0123,0.1096,0.3170
11.1780,0.0797,0.1155,0.0123,0.1096,0.3170
11.1790,0.0797,0.1155,0.0123,0.1096,0.3170
11.1800,0.0797,0.1155,0.0123,0.1096,0.3170
11.1810,0.0797,0.1155,0.0123,0.1096,0.3170
11.1820,0.0797,0.1155,0.0123,0.1096,0.3170
11.1830,0.0797,0.1155,0.0123,0.1096,0.3170
11.1840,0.0797,0.1155,0.0123,0.1096,0.3170
11.1850,0.0797,0.1155,0.0123,0.1096,0.3170
11.1860,0.0796,0.1155,0.0123,0.1096,0.3170
11.1870,0.0796,0.1155,0.0123,0.1096,0.3170
11.1880,0.0796,0.1155,0.0123,0.1096,0.3169
11.1890,0.0796,0.1155,0.0123,0.1096,0.3169
11.1900,0.0796,0.1155,0.0123,0.1096,0.3169
11.1910,0.0796,0.1155,0.0123,0.1096,0.3169
11.1920,0.0796,0.1155,0.0123,0.1096,0.3169
11.1930,0.0796,0.1155,0.0123,0.1096,0.3169
11.1940,0.0796,0.1155,0.0123,0.1096,0.3169
11.1950,0.0796,0.1155,0.0123,0.1096,0.3169
11.1960,0.0795,0.1155,0.0123,0.1096,0.3169
11.1970,0.0795,0.1155,0.0123,0.1096,0.3169
11.1980,0.0795,0.1155,0.0123,0.1096,0.3168
11.1990,0.0795,0.1155,0.0123,0.1096,0.3168
11.2000,0.0795,0.1155,0.0123,0.1096,0.3168
11.2010,0.0795,0.1155,0.0123,0.1096,0.3168
11.2020,0.0795,0.1155,0.0123,0.1096,0.3168
11.2030,0.0795,0.1155,0.0123,0.1096,0.3168
11.2040,0.0795,0.1155,0.0123,0.1096,0.3168
11.2050,0.0795,0.1155,0.0123,0.1096,0.3168
11.2060,0.0795,0.1155,0.0123,0.1096,0.3168
11.2070,0.0794,0.1155,0.0123,0.1096,0.3168
11.2080,0.0794,0.1155,0.0123,0.1096,0.3167
11.2090,0.0794,0.1155,0.0123,0.1096,0.3167
11.2100,0.0794,0.1155,0.0123,0.1096,0.3167
11.2110,0.0794,0.1155,0.0123,0.1096,0.3167
11.2120,0.0794,0.1155,0.0123,0.1096,0.3167
11.2130,0.0794,0.1155,0.0123,0.1096,0.3167
11.2140,0.0794,0.1155,0.0123,0.1096,0.3167
11.2150,0.0794,0.1155,0.0123,0.1096,0.3167
11.2160,0.0794,0.1155,0.0123,0.1096,0.3167
11.2170,0.0793,0.1155,0.0123,0.1096,0.3167
11.2180,0.0793,0.1155,0.0123,0.1096,0.3167
11.2190,0.0793,0.1155,0.0123,0.1096,0.3166
11.2200,0.0793,0.1155,0.0123,0.1096,0.3166
11.2210,0.0793,0.1155,0.0123,0.1096,0.3166
11.2220,0.0793,0.1155,0.0123,0.1096,0.3166
11.2230,0.0793,0.1155,0.0123,0.1096,0.3166
11.2240,0.0793,0.1155,0.0123,0.1096,0.3166
11.2250,0.0793,0.1155,0.0123,0.1096,0.3166
11.2260,0.0793,0.1155,0.0123,0.1096,0.3166
11.2270,0.0793,0.1155,0.0123,0.1096,0.3166
11.2280,0.0792,0.1155,0.0123,0.1096,0.3166
11.2290,0.0792,0.1155,0.0123,0.1096,0.3166
11.2300,0.0792,0.1155,0.0123,0.1096,0.3165
11.2310,0.0792,0.1155,0.0123,0.1096,0.3165
11.2320,0.0792,0.1155,0.0123,0.1096,0.3165
11.2330,0.0792,0.1155,0.0123,0.1096,0.3165
11.2340,0.0792,0.1155,0.0123,0.1096,0.3165
11.2350,0.0792,0.1155,0.0123,0.1096,0.3165
11.2360,0.0792,0.1155,0.0123,0.1096,0.3165
11.2370,0.0792,0.1155,0.0123,0.1096,0.3165
11.2380,0.0792,0.1155,0.0123,0.1096,0.3165
11.2390,0.0791,0.1155,0.0123,0.1096,0.3165
11.2400,0.0791,0.1155,0.0123,0.1096,0.3165
11.2410,0.0791,0.1155,0.0123,0.1096,0.3164
11.2420,0.0791,0.1155,0.0123,0.1096,0.3164
11.2430,0.0791,0.1155,0.0123,0.1096,0.3164
11.2440,0.0791,0.1155,0.0123,0.1096,0.3164
11.2450,0.0791,0.1155,0.0123,0.1096,0.3164
11.2460,0.0791,0.1155,0.0123,0.1096,0.3164
11.2470,0.0791,0.1155,0.0123,0.1096,0.3164
11.2480,0.0791,0.1155,0.0123,0.1096,0.3164
11.2490,0.0791,0.1155,0.0123,0.1096,0.3164
11.2500,0.0790,0.1155,0.0123,0.1096,0.3164
11.2510,0.0790,0.1155,0.0123,0.1096,0.3164
11.2520,0.0790,0.1155,0.0123,0.1096,0.3163
11.2530,0.0790,0.1155,0.0123,0.1096,0.3163
11.2540,0.0790,0.1155,0.0123,0.1096,0.3163
11.2550,0.0790,0.1155,0.0123,0.1096,0.3163
11.2560,0.0790,0.1155,0.0123,0.1096,0.3163
11.2570,0.0790,0.1155,0.0123,0.1096,0.3163
11.2580,0.0790,0.1155,0.0123,0.1096,0.3163
11.2590,0.0790,0.1155,0.0123,0.1096,0.3163
11.2600,0.0790,0.1155,0.0123,0.1096,0.3163
11.2610,0.0790,0.1155,0.0123,0.1096,0.3163
11.2620,0.0789,0.1155,0.0123,0.1096,0.3163
11.2630,0.0789,0.1155,0.0123,0.1096,0.3163
11.2640,0.0789,0.1155,0.0123,0.1096,0.3162
11.2650,0.0789,0.1155,0.0123,0.1096,0.3162
11.2660,0.0789,0.1155,0.0123,0.1096,0.3162
11.2670,0.0789,0.1155,0.0123,0.1096,0.3162
11.2680,0.0789,0.1155,0.0123,0.1096,0.3162
11.2690,0.0789,0.1155,0.0123,0.1096,0.3162
11.2700,0.0789,0.1155,0.0123,0.1096,0.3162
11.2710,0.0789,0.1155,0.0123,0.1096,0.3162
11.2720,0.0789,0.1155,0.0123,0.1096,0.3162
11.2730,0.0788,0.1155,0.0123,0.1096,0.3162
11.2740,0.0788,0.1155,0.0123,0.1096,0.3162
11.2750,0.0788,0.1155,0.0123,0.1096,0.3161
11.2760,0.0788,0.1155,0.0123,0.1096,0.3161
11.2770,0.0788,0.1155,0.0123,0.1096,0.3161
11.2780,0.0788,0.1155,0.0123,0.1096,0.3161
11.2790,0.0788,0.1155,0.0123,0.1096,0.3161
11.2800,0.0788,0.1155,0.0123,0.1096,0.3161
11.2810,0.0788,0.1155,0.0123,0.1096,0.3161
11.2820,0.0788,0.1155,0.0123,0.1096,0.3161
11.2830,0.0788,0.1155,0.0123,0.1096,0.3161
11.2840,0.0788,0.1155,0.0123,0.1096,0.3161
11.2850,0.0787,0.1155,0.0123,0.1096,0.3161
11.2860,0.0787,0.1155,0.0123,0.1096,0.3161
11.2870,0.0787,0.1155,0.0123,0.1096,0.3160
11.2880,0.0787,0.1155,0.0123,0.1096,0.3160
11.2890,0.0787,0.1155,0.0123,0.1096,0.3160
11.2900,0.0787,0.1155,0.0123,0.1096,0.3160
11.2910,0.0787,0.1155,0.0123,0.1096,0.3160
11.2920,0.0787,0.1155,0.0123,0.1096,0.3160
11.2930,0.0787,0.1155,0.0123,0.1096,0.3160
11.2940,0.0787,0.1155,0.0123,0.1096,0.3160
11.2950,0.0787,0.1155,0.0123,0.1096,0.3160
11.2960,0.0787,0.1155,0.0123,0.1096,0.3160
11.2970,0.0786,0.1155,0.0123,0.1096,0.3160
11.2980,0.0786,0.1155,0.0123,0.1096,0.3160
11.2990,0.0786,0.1155,0.0123,0.1096,0.3159
11.3000,0.0786,0.1155,0.0123,0.1096,0.3159
11.3010,0.0786,0.1155,0.0123,0.1096,0.3159
11.3020,0.0786,0.1155,0.0123,0.1096,0.3159
11.3030,0.0786,0.1155,0.0123,0.1096,0.3159
11.3040,0.0786,0.1155,0.0123,0.1096,0.3159
11.3050,0.0786,0.1155,0.0123,0.1096,0.3159
11.3060,0.0786,0.1155,0.0123,0.1096,0.3159
11.3070,0.0786,0.1155,0.0123,0.1096,0.3159
11.3080,0.0786,0.1155,0.0123,0.1096,0.3159
11.3090,0.0785,0.1155,0.0123,0.1096,0.3159
11.3100,0.0785,0.1155,0.0123,0.1096,0.3159
11.3110,0.0785,0.1155,0.0123,0.1096,0.3159
11.3120,0.0785,0.1155,0.0123,0.1096,0.3158
11.3130,0.0785,0.1155,0.0123,0.1096,0.3158
11.3140,0.0785,0.1155,0.0123,0.1096,0.3158
11.3150,0.0785,0.1155,0.0123,0.1096,0.3158
11.3160,0.0785,0.1155,0.0123,0.1096,0.3158
11.3170,0.0785,0.1155,0.0123,0.1096,0.3158
11.3180,0.0785,0.1155,0.0123,0.1096,0.3158
11.3190,0.0785,0.1155,0.0123,0.1096,0.3158
11.3200,0.0785,0.1155,0.0123,0.1096,0.3158
11.3210,0.0785,0.1155,0.0123,0.1096,0.3158
11.3220,0.0784,0.1155,0.0123,0.1096,0.3158
11.3230,0.0784,0.1155,0.0123,0.1096,0.3158
11.3240,0.0784,0.1155,0.0123,0.1096,0.3157
11.3250,0.0784,0.1155,0.0123,0.1096,0.3157
11.3260,0.0784,0.1155,0.0123,0.1096,0.3157
11.3270,0.0784,0.1155,0.0123,0.1096,0.3157
11.3280,0.0784,0.1155,0.0123,0.1096,0.3157
11.3290,0.0784,0.1155,0.0123,0.1096,0.3157
11.3300,0.0784,0.1155,0.0123,0.1096,0.3157
11.3310,0.0784,0.1155,0.0123,0.1096,0.3157
11.3320,0.0784,0.1155,0.0123,0.1096,0.3157
11.3330,0.0784,0.1155,0.0123,0.1096,0.3157
11.3340,0.0783,0.1155,0.0123,0.1096,0.3157
11.3350,0.0783,0.1155,0.0123,0.1096,0.3157
11.3360,0.0783,0.1155,0.0123,0.1096,0.3157
11.3370,0.0783,0.1155,0.0123,0.1096,0.3156
11.3380,0.0783,0.1155,0.0123,0.1096,0.3156
11.3390,0.0783,0.1155,0.0123,0.1096,0.3156
11.3400,0.0783,0.1155,0.0123,0.1096,0.3156
11.3410,0.0783,0.1155,0.0123,0.1096,0.3156
11.3420,0.0783,0.1155,0.0123,0.1096,0.3156
11.3430,0.0783,0.1155,0.0123,0.1096,0.3156
11.3440,0.0783,0.1155,0.0123,0.1096,0.3156
11.3450,0.0783,0.1155,0.0123,0.1096,0.3156
11.3460,0.0783,0.1155,0.0123,0.1096,0.3156
11.3470,0.0782,0.1155,0.0123,0.1096,0.3156
11.3480,0.0782,0.1155,0.0123,0.1096,0.3156
11.3490,0.0782,0.1155,0.0123,0.1096,0.3156
11.3500,0.0782,0.1155,0.0123,0.1096,0.3155
11.3510,0.0782,0.1155,0.0123,0.1096,0.3155
11.3520,0.0782,0.1155,0.0123,0.1096,0.3155
11.3530,0.0782,0.1155,0.0123,0.1096,0.3155
11.3540,0.0782,0.1155,0.0123,0.1096,0.3155
11.3550,0.0782,0.1155,0.0123,0.1096,0.3155
11.3560,0.0782,0.1155,0.0123,0.1096,0.3155
11.3570,0.0782,0.1155,0.0123,0.1096,0.3155
11.3580,0.0782,0.1155,0.0123,0.1096,0.3155
11.3590,0.0782,0.1155,0.0123,0.1096,0.3155
11.3600,0.0782,0.1155,0.0123,0.1096,0.3155
11.3610,0.0781,0.1155,0.0123,0.1096,0.3155
11.3620,0.0781,0.1155,0.0123,0.1096,0.3155
11.3630,0.0781,0.1155,0.0123,0.1096,0.3155
11.3640,0.0781,0.1155,0.0123,0.1096,0.3154
11.3650,0.0781,0.1155,0.0123,0.1096,0.3154
11.3660,0.0781,0.1155,0.0123,0.1096,0.3154
11.3670,0.0781,0.1155,0.0123,0.1096,0.3154
11.3680,0.0781,0.1155,0.0123,0.1096,0.3154
11.3690,0.0781,0.1155,0.0123,0.1096,0.3154
11.3700,0.0781,0.1155,0.0123,0.1096,0.3154
11.3710,0.0781,0.1155,0.0123,0.1096,0.3154
11.3720,0.0781,0.1155,0.0123,0.1096,0.3154
11.3730,0.0781,0.1155,0.0123,0.1096,0.3154
11.3740,0.0780,0.1155,0.0123,0.1096,0.3154
11.3750,0.0780,0.1155,0.0123,0.1096,0.3154
11.3760,0.0780,0.1155,0.0123,0.1096,0.3154
11.3770,0.0780,0.1155,0.0123,0.1096,0.3153
11.3780,0.0780,0.1155,0.0123,0.1096,0.3153
11.3790,0.0780,0.1155,0.0123,0.1096,0.3153
11.3800,0.0780,0.1155,0.0123,0.1096,0.3153
11.3810,0.0780,0.1155,0.0123,0.1096,0.3153
11.3820,0.0780,0.1155,0.0123,0.1096,0.3153
11.3830,0.0780,0.1155,0.0123,0.1096,0.3153
11.3840,0.0780,0.1155,0.0123,0.1096,0.3153
11.3850,0.0780,0.1155,0.0123,0.1096,0.3153
11.3860,0.0780,0.1155,0.0123,0.1096,0.3153
11.3870,0.0780,0.1155,0.0123,0.1096,0.3153
11.3880,0.0779,0.1155,0.0123,0.1096,0.3153
11.3890,0.0779,0.1155,0.0123,0.1096,0.3153
11.3900,0.0779,0.1155,0.0123,0.1096,0.3153
11.3910,0.0779,0.1155,0.0123,0.1096,0.3152
11.3920,0.0779,0.1155,0.0123,0.1096,0.3152
11.3930,0.0779,0.1155,0.0123,0.1096,0.3152
11.3940,0.0779,0.1155,0.0123,0.1096,0.3152
11.3950,0.0779,0.1155,0.0123,0.1096,0.3152
11.3960,0.0779,0.1155,0.0123,0.1096,0.3152
11.3970,0.0779,0.1155,0.0123,0.1096,0.3152
11.3980,0.0779,0.1155,0.0123,0.1096,0.3152
11.3990,0.0779,0.1155,0.0123,0.1096,0.3152
11.4000,0.0779,0.1155,0.0123,0.1096,0.3152
11.4010,0.0779,0.1155,0.0123,0.1096,0.3152
11.4020,0.0778,0.1155,0.0123,0.1096,0.3152
11.4030,0.0778,0.1155,0.0123,0.1096,0.3152
11.4040,0.0778,0.1155,0.0123,0.1096,0.3152
11.4050,0.0778,0.1155,0.0123,0.1096,0.3151
11.4060,0.0778,0.1155,0.0123,0.1096,0.3151
11.4070,0.0778,0.1155,0.0123,0.1096,0.3151
11.4080,0.0778,0.1155,0.0123,0.1096,0.3151
11.4090,0.0778,0.1155,0.0123,0.1096,0.3151
11.4100,0.0778,0.1155,0.0123,0.1096,0.3151
11.4110,0.0778,0.1155,0.0123,0.1096,0.3151
11.4120,0.0778,0.1155,0.0123,0.1096,0.3151
11.4130,0.0778,0.1155,0.0123,0.1096,0.3151
11.4140,0.0778,0.1155,0.0123,0.1096,0.3151
11.4150,0.0778,0.1155,0.0123,0.1096,0.3151
11.4160,0.0778,0.1155,0.0123,0.1096,0.3151
11.4170,0.0777,0.1155,0.0123,0.1096,0.3151
11.4180,0.0777,0.1155,0.0123,0.1096,0.3151
11.4190,0.0777,0.1155,0.0123,0.1096,0.3151
11.4200,0.0777,0.1155,0.0123,0.1096,0.3150
11.4210,0.0777,0.1155,0.0123,0.1096,0.3150
11.4220,0.0777,0.1155,0.0123,0.1096,0.3150
11.4230,0.0777,0.1155,0.0123,0.1096,0.3150
11.4240,0.0777,0.1155,0.0123,0.1096,0.3150
11.4250,0.0777,0.1155,0.0123,0.1096,0.3150
11.4260,0.0777,0.1155,0.0123,0.1096,0.3150
11.4270,0.0777,0.1155,0.0123,0.1096,0.3150
11.4280,0.0777,0.1155,0.0123,0.1096,0.3150
11.4290,0.0777,0.1155,0.0123,0.1096,0.3150
11.4300,0.0777,0.1155,0.0123,0.1096,0.3150
11.4310,0.0777,0.1155,0.0123,0.1096,0.3150
11.4320,0.0776,0.1155,0.0123,0.1096,0.3150
11.4330,0.0776,0.1155,0.0123,0.1096,0.3150
11.4340,0.0776,0.1155,0.0123,0.1096,0.3150
11.4350,0.0776,0.1155,0.0123,0.1096,0.3149
11.4360,0.0776,0.1155,0.0123,0.1096,0.3149
11.4370,0.0776,0.1155,0.0123,0.1096,0.3149
11.4380,0.0776,0.1155,0.0123,0.1096,0.3149
11.4390,0.0776,0.1155,0.0123,0.1096,0.3149
11.4400,0.0776,0.1155,0.0123,0.1096,0.3149
11.4410,0.0776,0.1155,0.0123,0.1096,0.3149
11.4420,0.0776,0.1155,0.0123,0.1096,0.3149
11.4430,0.0776,0.1155,0.0123,0.1096,0.3149
11.4440,0.0776,0.1155,0.0123,0.1096,0.3149
11.4450,0.0776,0.1155,0.0123,0.1096,0.3149
11.4460,0.0776,0.1155,0.0123,0.1096,0.3149
11.4470,0.0775,0.1155,0.0123,0.1096,0.3149
11.4480,0.0775,0.1155,0.0123,0.1096,0.3149
11.4490,0.0775,0.1155,0.0123,0.1096,0.3149
11.4500,0.0775,0.1155,0.0123,0.1096,0.3148
11.4510,0.0775,0.1155,0.0123,0.1096,0.3148
11.4520,0.0775,0.1155,0.0123,0.1096,0.3148
11.4530,0.0775,0.1155,0.0123,0.1096,0.3148
11.4540,0.0775,0.1155,0.0123,0.1096,0.3148
11.4550,0.0775,0.1155,0.0123,0.1096,0.3148
11.4560,0.0775,0.1155,0.0123,0.1096,0.3148
11.4570,0.0775,0.1155,0.0123,0.1096,0.3148
11.4580,0.0775,0.1155,0.0123,0.1096,0.3148
11.4590,0.0775,0.1155,0.0123,0.1096,0.3148
11.4600,0.0775,0.1155,0.0123,0.1096,0.3148
11.4610,0.0775,0.1155,0.0123,0.1096,0.3148
11.4620,0.0774,0.1155,0.0123,0.1096,0.3148
11.4630,0.0774,0.1155,0.0123,0.1096,0.3148
11.4640,0.0774,0.1155,0.0123,0.1096,0.3148
11.4650,0.0774,0.1155,0.0123,0.1096,0.3148
11.4660,0.0774,0.1155,0.0123,0.1096,0.3147
11.4670,0.0774,0.1155,0.0123,0.1096,0.3147
11.4680,0.0774,0.1155,0.0123,0.1096,0.3147
11.4690,0.0774,0.1155,0.0123,0.1096,0.3147
11.4700,0.0774,0.1155,0.0123,0.1096,0.3147
11.4710,0.0774,0.1155,0.0123,0.1096,0.3147
11.4720,0.0774,0.1155,0.0123,0.1096,0.3147
11.4730,0.0774,0.1155,0.0123,0.1096,0.3147
11.4740,0.0774,0.1155,0.0123,0.1096,0.3147
11.4750,0.0774,0.1155,0.0123,0.1096,0.3147
11.4760,0.0774,0.1155,0.0123,0.1096,0.3147
11.4770,0.0774,0.1155,0.0123,0.1096,0.3147
11.4780,0.0773,0.1155,0.0123,0.1096,0.3147
11.4790,0.0773,0.1155,0.0123,0.1096,0.3147
11.4800,0.0773,0.1155,0.0123,0.1096,0.3147
11.4810,0.0773,0.1206,0.0100,0.1045,0.3124
11.4820,0.0773,0.1206,0.0100,0.1045,0.3124
11.4830,0.0773,0.1206,0.0100,0.1045,0.3124
11.4840,0.0773,0.1206,0.0100,0.1045,0.3124
11.4850,0.0773,0.1206,0.0100,0.1045,0.3124
11.4860,0.0773,0.1206,0.0100,0.1045,0.3124
11.4870,0.0773,0.1206,0.0100,0.1045,0.3124
11.4880,0.0773,0.1206,0.0100,0.1045,0.3124
11.4890,0.0773,0.1206,0.0100,0.1045,0.3123
11.4900,0.0773,0.1206,0.0100,0.1045,0.3123
11.4910,0.0773,0.1206,0.0100,0.1045,0.3123
11.4920,0.0773,0.1206,0.0100,0.1045,0.3123
11.4930,0.0773,0.1206,0.0100,0.1045,0.3123
11.4940,0.0773,0.1206,0.0100,0.1045,0.3123
11.4950,0.0772,0.1206,0.0100,0.1045,0.3123
11.4960,0.0772,0.1206,0.0100,0.1045,0.3123
11.4970,0.0772,0.1206,0.0100,0.1045,0.3123
11.4980,0.0772,0.1206,0.0100,0.1045,0.3123
11.4990,0.0772,0.1206,0.0100,0.1045,0.3123
11.5000,0.0772,0.1206,0.0100,0.1045,0.3123
11.5010,0.0772,0.1307,0.0100,0.0994,0.3174
11.5020,0.0772,0.1307,0.0100,0.0994,0.3174
11.5030,0.0772,0.1307,0.0100,0.0994,0.3173
11.5040,0.0772,0.1307,0.0100,0.0994,0.3173
11.5050,0.0772,0.1307,0.0100,0.0994,0.3173
11.5060,0.0772,0.1307,0.0100,0.0994,0.3173
11.5070,0.0772,0.1307,0.0100,0.0994,0.3173
11.5080,0.0772,0.1307,0.0100,0.0994,0.3173
11.5090,0.0772,0.1307,0.0100,0.0994,0.3173
11.5100,0.0772,0.1307,0.0100,0.0994,0.3173
11.5110,0.0771,0.1307,0.0100,0.0994,0.3173
11.5120,0.0771,0.1307,0.0100,0.0994,0.3173
11.5130,0.0771,0.1307,0.0100,0.0994,0.3173
11.5140,0.0771,0.1307,0.0100,0.0994,0.3173
11.5150,0.0771,0.1307,0.0100,0.0994,0.3173
11.5160,0.0771,0.1307,0.0100,0.0994,0.3173
11.5170,0.0771,0.1307,0.0100,0.0994,0.3173
11.5180,0.0771,0.1307,0.0100,0.0994,0.3173
11.5190,0.0771,0.1307,0.0100,0.0994,0.3173
11.5200,0.0771,0.1307,0.0100,0.0994,0.3172
11.5210,0.0771,0.1510,0.0100,0.0893,0.3274
11.5220,0.0771,0.1510,0.0100,0.0893,0.3274
11.5230,0.0771,0.1510,0.0100,0.0893,0.3274
11.5240,0.0771,0.1510,0.0100,0.0893,0.3274
11.5250,0.0771,0.1510,0.0100,0.0893,0.3274
11.5260,0.0771,0.1510,0.0100,0.0893,0.3274
11.5270,0.0771,0.1510,0.0100,0.0893,0.3274
11.5280,0.0771,0.1510,0.0100,0.0893,0.3274
11.5290,0.0770,0.1510,0.0100,0.0893,0.3274
11.5300,0.0770,0.1510,0.0100,0.0893,0.3274
11.5310,0.0770,0.1510,0.0100,0.0893,0.3273
11.5320,0.0770,0.1510,0.0100,0.0893,0.3273
11.5330,0.0770,0.1510,0.0100,0.0893,0.3273
11.5340,0.0770,0.1510,0.0100,0.0893,0.3273
11.5350,0.0770,0.1510,0.0100,0.0893,0.3273
11.5360,0.0770,0.1510,0.0100,0.0893,0.3273
11.5370,0.0770,0.1510,0.0100,0.0893,0.3273
11.5380,0.0770,0.1510,0.0100,0.0893,0.3273
11.5390,0.0770,0.1510,0.0100,0.0893,0.3273
11.5400,0.0770,0.1510,0.0100,0.0893,0.3273
11.5410,0.0770,0.1714,0.0100,0.0740,0.3324
11.5420,0.0770,0.1714,0.0100,0.0740,0.3324
11.5430,0.0770,0.1714,0.0100,0.0740,0.3324
11.5440,0.0770,0.1714,0.0100,0.0740,0.3324
11.5450,0.0770,0.1714,0.0100,0.0740,0.3324
11.5460,0.0769,0.1714,0.0100,0.0740,0.3323
11.5470,0.0769,0.1714,0.0100,0.0740,0.3323
11.5480,0.0769,0.1714,0.0100,0.0740,0.3323
11.5490,0.0769,0.1714,0.0100,0.0740,0.3323
11.5500,0.0769,0.1714,0.0100,0.0740,0.3323
11.5510,0.0769,0.1714,0.0100,0.0740,0.3323
11.5520,0.0769,0.1714,0.0100,0.0740,0.3323
11.5530,0.0769,0.1714,0.0100,0.0740,0.3323
11.5540,0.0769,0.1714,0.0100,0.0740,0.3323
11.5550,0.0769,0.1714,0.0100,0.0740,0.3323
11.5560,0.0769,0.1714,0.0100,0.0740,0.3323
11.5570,0.0769,0.1714,0.0100,0.0740,0.3323
11.5580,0.0769,0.1714,0.0100,0.0740,0.3323
11.5590,0.0769,0.1714,0.0100,0.0740,0.3323
11.5600,0.0769,0.1714,0.0100,0.0740,0.3323
11.5610,0.0769,0.2019,0.0394,0.0537,0.3718
11.5620,0.0769,0.2019,0.0394,0.0537,0.3718
11.5630,0.0769,0.2019,0.0394,0.0537,0.3718
11.5640,0.0769,0.2019,0.0394,0.0537,0.3718
11.5650,0.0768,0.2019,0.0394,0.0537,0.3718
11.5660,0.0768,0.2019,0.0394,0.0537,0.3718
11.5670,0.0768,0.2019,0.0394,0.0537,0.3718
11.5680,0.0768,0.2019,0.0394,0.0537,0.3718
11.5690,0.0768,0.2019,0.0394,0.0537,0.3718
11.5700,0.0768,0.2019,0.0394,0.0537,0.3718
11.5710,0.0768,0.2019,0.0394,0.0537,0.3718
11.5720,0.0768,0.2019,0.0394,0.0537,0.3718
11.5730,0.0768,0.2019,0.0394,0.0537,0.3718
11.5740,0.0768,0.2019,0.0394,0.0537,0.3718
11.5750,0.0768,0.2019,0.0394,0.0537,0.3718
11.5760,0.0768,0.2019,0.0394,0.0537,0.3718
11.5770,0.0768,0.2019,0.0394,0.0537,0.3718
11.5780,0.0768,0.2019,0.0394,0.0537,0.3717
11.5790,0.0768,0.2019,0.0394,0.0537,0.3717
11.5800,0.0768,0.2019,0.0394,0.0537,0.3717
11.5810,0.0768,0.2374,0.1207,0.0334,0.4683
11.5820,0.0768,0.2374,0.1207,0.0334,0.4683
11.5830,0.0768,0.2374,0.1207,0.0334,0.4683
11.5840,0.0767,0.2374,0.1207,0.0334,0.4683
11.5850,0.0767,0.2374,0.1207,0.0334,0.4683
11.5860,0.0767,0.2374,0.1207,0.0334,0.4683
11.5870,0.0767,0.2374,0.1207,0.0334,0.4683
11.5880,0.0767,0.2374,0.1207,0.0334,0.4682
11.5890,0.0767,0.2374,0.1207,0.0334,0.4682
11.5900,0.0767,0.2374,0.1207,0.0334,0.4682
11.5910,0.0767,0.2374,0.1207,0.0334,0.4682
11.5920,0.0767,0.2374,0.1207,0.0334,0.4682
11.5930,0.0767,0.2374,0.1207,0.0334,0.4682
11.5940,0.0767,0.2374,0.1207,0.0334,0.4682
11.5950,0.0767,0.2374,0.1207,0.0334,0.4682
11.5960,0.0767,0.2374,0.1207,0.0334,0.4682
11.5970,0.0767,0.2374,0.1207,0.0334,0.4682
11.5980,0.0767,0.2374,0.1207,0.0334,0.4682
11.5990,0.0767,0.2374,0.1207,0.0334,0.4682
11.6000,0.0767,0.2374,0.1207,0.0334,0.4682
11.6010,0.0767,0.2724,0.2110,0.0130,0.5731
11.6020,0.0767,0.2717,0.2094,0.0130,0.5708
11.6030,0.0766,0.2710,0.2081,0.0130,0.5688
11.6040,0.0766,0.2705,0.2070,0.0130,0.5672
11.6050,0.0766,0.2701,0.2061,0.0130,0.5658
11.6060,0.0766,0.2697,0.2054,0.0130,0.5647
11.6070,0.0766,0.2694,0.2048,0.0130,0.5638
11.6080,0.0766,0.2690,0.2043,0.0130,0.5629
11.6090,0.0766,0.2685,0.2038,0.0130,0.5619
11.6100,0.0766,0.2678,0.2032,0.0130,0.5607
11.6110,0.0766,0.2670,0.2025,0.0130,0.5592
11.6120,0.0766,0.2661,0.2017,0.0130,0.5573
11.6130,0.0766,0.2648,0.2006,0.0130,0.5550
11.6140,0.0765,0.2634,0.1992,0.0130,0.5522
11.6150,0.0765,0.2617,0.1975,0.0130,0.5488
11.6160,0.0765,0.2598,0.1954,0.0130,0.5448
11.6170,0.0765,0.2577,0.1930,0.0130,0.5403
11.6180,0.0765,0.2554,0.1903,0.0130,0.5352
11.6190,0.0765,0.2530,0.1873,0.0130,0.5298
11.6200,0.0764,0.2505,0.1841,0.0130,0.5240
11.6210,0.0764,0.2922,0.2848,0.0100,0.6634
11.6220,0.0764,0.2884,0.2786,0.0100,0.6534
11.6230,0.0764,0.2847,0.2725,0.0100,0.6436
11.6240,0.0764,0.2812,0.2667,0.0100,0.6343
11.6250,0.0764,0.2779,0.2613,0.0100,0.6255
11.6260,0.0764,0.2747,0.2561,0.0100,0.6171
11.6270,0.0763,0.2716,0.2511,0.0100,0.6091
11.6280,0.0763,0.2687,0.2464,0.0100,0.6014
11.6290,0.0763,0.2657,0.2419,0.0100,0.5939
11.6300,0.0763,0.2628,0.2374,0.0100,0.5865
11.6310,0.0763,0.2597,0.2329,0.0100,0.5789
11.6320,0.0763,0.2566,0.2283,0.0100,0.5712
11.6330,0.0763,0.2532,0.2236,0.0100,0.5631
11.6340,0.0762,0.2497,0.2186,0.0100,0.5545
11.6350,0.0762,0.2460,0.2133,0.0100,0.5455
11.6360,0.0762,0.2421,0.2077,0.0100,0.5360
11.6370,0.0762,0.2379,0.2018,0.0100,0.5259
11.6380,0.0762,0.2337,0.1955,0.0100,0.5153
11.6390,0.0761,0.2292,0.1890,0.0100,0.5043
11.6400,0.0761,0.2247,0.1822,0.0100,0.4930
11.6410,0.0761,0.2738,0.2909,0.0100,0.6508
11.6420,0.0761,0.2680,0.2809,0.0100,0.6350
11.6430,0.0761,0.2624,0.2712,0.0100,0.6197
11.6440,0.0761,0.2570,0.2620,0.0100,0.6051
11.6450,0.0760,0.2520,0.2532,0.0100,0.5912
11.6460,0.0760,0.2471,0.2448,0.0100,0.5779
11.6470,0.0760,0.2426,0.2367,0.0100,0.5653
11.6480,0.0760,0.2382,0.2290,0.0100,0.5532
11.6490,0.0760,0.2340,0.2216,0.0100,0.5415
11.6500,0.0760,0.2299,0.2143,0.0100,0.5301
11.6510,0.0760,0.2258,0.2071,0.0100,0.5189
11.6520,0.0760,0.2218,0.1998,0.0100,0.5076
11.6530,0.0759,0.2178,0.1925,0.0100,0.4963
11.6540,0.0759,0.2137,0.1851,0.0100,0.4847
11.6550,0.0759,0.2096,0.1775,0.0100,0.4730
11.6560,0.0759,0.2054,0.1697,0.0100,0.4610
11.6570,0.0759,0.2012,0.1617,0.0100,0.4488
11.6580,0.0759,0.1970,0.1535,0.0100,0.4364
11.6590,0.0759,0.1927,0.1452,0.0100,0.4238
11.6600,0.0759,0.1885,0.1369,0.0100,0.4113
11.6610,0.0759,0.2383,0.2530,0.0100,0.5771
11.6620,0.0758,0.2333,0.2422,0.0100,0.5613
11.6630,0.0758,0.2286,0.2319,0.0100,0.5464
11.6640,0.0758,0.2242,0.2222,0.0100,0.5323
11.6650,0.0758,0.2202,0.2131,0.0100,0.5191
11.6660,0.0758,0.2165,0.2045,0.0100,0.5069
11.6670,0.0758,0.2131,0.1964,0.0100,0.4954
11.6680,0.0758,0.2100,0.1888,0.0100,0.4846
11.6690,0.0758,0.2071,0.1814,0.0100,0.4743
11.6700,0.0758,0.2043,0.1743,0.0100,0.4645
11.6710,0.0758,0.2017,0.1674,0.0100,0.4549
11.6720,0.0758,0.1992,0.1605,0.0100,0.4455
11.6730,0.0758,0.1967,0.1537,0.0100,0.4362
11.6740,0.0758,0.1943,0.1467,0.0100,0.4268
11.6750,0.0758,0.1919,0.1397,0.0100,0.4174
11.6760,0.0758,0.1895,0.1325,0.0100,0.4078
11.6770,0.0758,0.1871,0.1253,0.0100,0.3982
11.6780,0.0758,0.1847,0.1180,0.0100,0.3885
11.6790,0.0758,0.1825,0.1106,0.0100,0.3788
11.6800,0.0758,0.1803,0.1033,0.0100,0.3693
11.6810,0.0758,0.2378,0.2367,0.0100,0.5604
11.6820,0.0758,0.2348,0.2271,0.0100,0.5477
11.6830,0.0758,0.2321,0.2181,0.0100,0.5360
11.6840,0.0758,0.2298,0.2097,0.0100,0.5252
11.6850,0.0758,0.2277,0.2019,0.0100,0.5154
11.6860,0.0758,0.2260,0.1947,0.0100,0.5065
11.6870,0.0758,0.2246,0.1880,0.0100,0.4984
11.6880,0.0758,0.2234,0.1817,0.0100,0.4909
11.6890,0.0758,0.2224,0.1758,0.0100,0.4840
11.6900,0.0758,0.2215,0.1702,0.0100,0.4775
11.6910,0.0758,0.2207,0.1647,0.0100,0.4712
11.6920,0.0758,0.2199,0.1592,0.0100,0.4650
11.6930,0.0758,0.2191,0.1538,0.0100,0.4587
11.6940,0.0758,0.2182,0.1482,0.0100,0.4522
11.6950,0.0758,0.2172,0.1425,0.0100,0.4455
11.6960,0.0758,0.2161,0.1366,0.0100,0.4385
11.6970,0.0758,0.2149,0.1306,0.0100,0.4313
11.6980,0.0758,0.2136,0.1244,0.0100,0.4238
11.6990,0.0758,0.2123,0.1181,0.0100,0.4162
11.7000,0.0758,0.2109,0.1118,0.0100,0.4085
11.7010,0.0758,0.2793,0.2570,0.0132,0.6253
11.7020,0.0758,0.2763,0.2477,0.0132,0.6130
11.7030,0.0758,0.2736,0.2389,0.0132,0.6015
11.7040,0.0758,0.2712,0.2307,0.0132,0.5909
11.7050,0.0758,0.2691,0.2231,0.0132,0.5812
11.7060,0.0758,0.2672,0.2161,0.0132,0.5723
11.7070,0.0758,0.2656,0.2096,0.0132,0.5642
11.7080,0.0758,0.2642,0.2035,0.0132,0.5566
11.7090,0.0758,0.2629,0.1977,0.0132,0.5496
11.7100,0.0758,0.2616,0.1921,0.0132,0.5427
11.7110,0.0758,0.2603,0.1867,0.0132,0.5360
11.7120,0.0758,0.2589,0.1812,0.0132,0.5292
11.7130,0.0758,0.2574,0.1756,0.0132,0.5221
11.7140,0.0758,0.2557,0.1699,0.0132,0.5146
11.7150,0.0758,0.2538,0.1639,0.0132,0.5067
11.7160,0.0758,0.2516,0.1577,0.0132,0.4982
11.7170,0.0757,0.2491,0.1512,0.0132,0.4892
11.7180,0.0757,0.2464,0.1444,0.0132,0.4797
11.7190,0.0757,0.2435,0.1374,0.0132,0.4699
11.7200,0.0757,0.2405,0.1302,0.0132,0.4596
11.7210,0.0757,0.3063,0.2877,0.0538,0.7235
11.7220,0.0757,0.3012,0.2766,0.0537,0.7072
11.7230,0.0757,0.2964,0.2660,0.0536,0.6918
11.7240,0.0757,0.2918,0.2562,0.0535,0.6772
11.7250,0.0757,0.2875,0.2470,0.0535,0.6636
11.7260,0.0757,0.2834,0.2384,0.0535,0.6510
11.7270,0.0757,0.2796,0.2304,0.0534,0.6392
11.7280,0.0757,0.2759,0.2230,0.0534,0.6280
11.7290,0.0757,0.2724,0.2158,0.0535,0.6174
11.7300,0.0757,0.2689,0.2089,0.0535,0.6070
11.7310,0.0757,0.2654,0.2022,0.0535,0.5968
11.7320,0.0756,0.2618,0.1954,0.0536,0.5864
11.7330,0.0756,0.2581,0.1885,0.0537,0.5758
11.7340,0.0756,0.2542,0.1813,0.0537,0.5649
11.7350,0.0756,0.2501,0.1739,0.0538,0.5534
11.7360,0.0756,0.2458,0.1662,0.0539,0.5414
11.7370,0.0756,0.2412,0.1581,0.0539,0.5288
11.7380,0.0756,0.2365,0.1498,0.0539,0.5157
11.7390,0.0756,0.2316,0.1411,0.0539,0.5022
11.7400,0.0756,0.2266,0.1323,0.0539,0.4884
11.7410,0.0755,0.2993,0.3006,0.1044,0.7799
11.7420,0.0755,0.2923,0.2874,0.1041,0.7593
11.7430,0.0755,0.2856,0.2749,0.1038,0.7399
11.7440,0.0755,0.2793,0.2632,0.1036,0.7215
11.7450,0.0755,0.2734,0.2522,0.1033,0.7044
11.7460,0.0755,0.2678,0.2421,0.1030,0.6884
11.7470,0.0755,0.2626,0.2327,0.1027,0.6734
11.7480,0.0755,0.2576,0.2238,0.1024,0.6593
11.7490,0.0755,0.2528,0.2154,0.1021,0.6458
11.7500,0.0755,0.2481,0.2072,0.1019,0.6327
11.7510,0.0755,0.2434,0.1993,0.1016,0.6197
11.7520,0.0755,0.2387,0.1913,0.1013,0.6068
11.7530,0.0755,0.2338,0.1833,0.1011,0.5936
11.7540,0.0755,0.2289,0.1750,0.1008,0.5801
11.7550,0.0754,0.2237,0.1665,0.1005,0.5662
11.7560,0.0754,0.2184,0.1577,0.1003,0.5518
11.7570,0.0754,0.2130,0.1485,0.1000,0.5369
11.7580,0.0754,0.2074,0.1391,0.0998,0.5216
11.7590,0.0754,0.2017,0.1294,0.0995,0.5060
11.7600,0.0754,0.1960,0.1196,0.0993,0.4902
11.7610,0.0754,0.2728,0.2955,0.1463,0.7900
11.7620,0.0754,0.2654,0.2814,0.1452,0.7674
11.7630,0.0754,0.2584,0.2682,0.1442,0.7461
11.7640,0.0754,0.2518,0.2558,0.1431,0.7261
11.7650,0.0754,0.2457,0.2443,0.1421,0.7075
11.7660,0.0754,0.2400,0.2337,0.1411,0.6902
11.7670,0.0754,0.2348,0.2238,0.1401,0.6741
11.7680,0.0754,0.2298,0.2146,0.1391,0.6589
11.7690,0.0754,0.2252,0.2059,0.1382,0.6446
11.7700,0.0754,0.2206,0.1976,0.1372,0.6308
11.7710,0.0754,0.2162,0.1894,0.1363,0.6173
11.7720,0.0754,0.2119,0.1813,0.1354,0.6039
11.7730,0.0754,0.2074,0.1732,0.1345,0.5904
11.7740,0.0754,0.2029,0.1648,0.1336,0.5767
11.7750,0.0753,0.1983,0.1563,0.1327,0.5626
11.7760,0.0753,0.1936,0.1474,0.1320,0.5483
11.7770,0.0753,0.1887,0.1382,0.1290,0.5313
11.7780,0.0753,0.1838,0.1288,0.1209,0.5088
11.7790,0.0753,0.1788,0.1192,0.1071,0.4805
11.7800,0.0753,0.1739,0.1095,0.0890,0.4477
11.7810,0.0753,0.2571,0.3004,0.1170,0.7498
11.7820,0.0753,0.2505,0.2861,0.0965,0.7085
11.7830,0.0753,0.2444,0.2728,0.0778,0.6702
11.7840,0.0753,0.2387,0.2604,0.0615,0.6359
11.7850,0.0753,0.2336,0.2490,0.0477,0.6056
11.7860,0.0753,0.2288,0.2385,0.0359,0.5785
11.7870,0.0753,0.2245,0.2289,0.0253,0.5540
11.7880,0.0753,0.2205,0.2200,0.0153,0.5310
11.7890,0.0753,0.2167,0.2116,0.0100,0.5136
11.7900,0.0753,0.2131,0.2036,0.0100,0.5021
11.7910,0.0753,0.2096,0.1959,0.0100,0.4908
11.7920,0.0753,0.2061,0.1882,0.0100,0.4796
11.7930,0.0753,0.2026,0.1804,0.0100,0.4683
11.7940,0.0753,0.1990,0.1724,0.0100,0.4567
11.7950,0.0753,0.1952,0.1641,0.0100,0.4447
11.7960,0.0753,0.1914,0.1555,0.0100,0.4322
11.7970,0.0753,0.1873,0.1466,0.0100,0.4192
11.7980,0.0753,0.1832,0.1374,0.0100,0.4059
11.7990,0.0753,0.1790,0.1279,0.0100,0.3922
11.8000,0.0753,0.1748,0.1182,0.0100,0.3783
11.8010,0.0753,0.2641,0.3235,0.0100,0.6729
11.8020,0.0753,0.2580,0.3084,0.0100,0.6517
11.8030,0.0753,0.2524,0.2942,0.0100,0.6319
11.8040,0.0753,0.2472,0.2811,0.0100,0.6136
11.8050,0.0753,0.2424,0.2691,0.0100,0.5968
11.8060,0.0753,0.2381,0.2581,0.0100,0.5815
11.8070,0.0753,0.2341,0.2480,0.0100,0.5675
11.8080,0.0753,0.2305,0.2387,0.0100,0.5545
11.8090,0.0753,0.2271,0.2300,0.0100,0.5424
11.8100,0.0753,0.2238,0.2218,0.0100,0.5308
11.8110,0.0753,0.2206,0.2137,0.0100,0.5196
11.8120,0.0753,0.2173,0.2057,0.0100,0.5083
11.8130,0.0753,0.2140,0.1976,0.0100,0.4968
11.8140,0.0752,0.2105,0.1892,0.0100,0.4850
11.8150,0.0752,0.2068,0.1805,0.0100,0.4726
11.8160,0.0752,0.2029,0.1714,0.0100,0.4596
11.8170,0.0752,0.1988,0.1619,0.0100,0.4459
11.8180,0.0752,0.1945,0.1520,0.0100,0.4317
11.8190,0.0752,0.1901,0.1417,0.0100,0.4170
11.8200,0.0752,0.1857,0.1311,0.0100,0.4020
11.8210,0.0752,0.2793,0.3434,0.0606,0.7585
11.8220,0.0752,0.2725,0.3266,0.0606,0.7349
11.8230,0.0752,0.2662,0.3109,0.0606,0.7129
11.8240,0.0752,0.2604,0.2963,0.0606,0.6924
11.8250,0.0752,0.2550,0.2829,0.0606,0.6736
11.8260,0.0752,0.2500,0.2706,0.0606,0.6563
11.8270,0.0752,0.2454,0.2592,0.0606,0.6404
11.8280,0.0752,0.2411,0.2488,0.0606,0.6257
11.8290,0.0752,0.2371,0.2389,0.0606,0.6118
11.8300,0.0752,0.2332,0.2296,0.0606,0.5985
11.8310,0.0752,0.2293,0.2204,0.0606,0.5855
11.8320,0.0751,0.2254,0.2114,0.0606,0.5726
11.8330,0.0751,0.2214,0.2022,0.0606,0.5593
11.8340,0.0751,0.2172,0.1927,0.0606,0.5457
11.8350,0.0751,0.2128,0.1829,0.0606,0.5315
11.8360,0.0751,0.2082,0.1727,0.0606,0.5166
11.8370,0.0751,0.2033,0.1620,0.0606,0.5010
11.8380,0.0751,0.1983,0.1509,0.0606,0.4848
11.8390,0.0751,0.1931,0.1394,0.0606,0.4681
11.8400,0.0751,0.1878,0.1276,0.0606,0.4511
11.8410,0.0751,0.2849,0.3505,0.1265,0.8369
11.8420,0.0751,0.2772,0.3320,0.1262,0.8105
11.8430,0.0750,0.2699,0.3148,0.1260,0.7857
11.8440,0.0750,0.2631,0.2988,0.1258,0.7628
11.8450,0.0750,0.2568,0.2842,0.1256,0.7417
11.8460,0.0750,0.2510,0.2707,0.1255,0.7223
11.8470,0.0750,0.2456,0.2584,0.1252,0.7042
11.8480,0.0750,0.2405,0.2470,0.1245,0.6870
11.8490,0.0750,0.2357,0.2363,0.1233,0.6703
11.8500,0.0750,0.2310,0.2260,0.1218,0.6539
11.8510,0.0750,0.2264,0.2161,0.1200,0.6375
11.8520,0.0750,0.2218,0.2062,0.1181,0.6211
11.8530,0.0750,0.2170,0.1962,0.1163,0.6045
11.8540,0.0750,0.2121,0.1859,0.1146,0.5876
11.8550,0.0750,0.2070,0.1752,0.1131,0.5704
11.8560,0.0750,0.2017,0.1641,0.1118,0.5526
11.8570,0.0750,0.1962,0.1525,0.1106,0.5342
11.8580,0.0750,0.1905,0.1404,0.1095,0.5154
11.8590,0.0750,0.1846,0.1280,0.1084,0.4961
11.8600,0.0750,0.1787,0.1154,0.1075,0.4765
11.8610,0.0749,0.2846,0.3458,0.1712,0.8766
11.8620,0.0749,0.2761,0.3265,0.1692,0.8468
11.8630,0.0749,0.2681,0.3085,0.1669,0.8185
11.8640,0.0749,0.2608,0.2919,0.1639,0.7915
11.8650,0.0749,0.2539,0.2766,0.1603,0.7659
11.8660,0.0749,0.2477,0.2627,0.1560,0.7413
11.8670,0.0749,0.2419,0.2499,0.1511,0.7177
11.8680,0.0749,0.2364,0.2380,0.1457,0.6951
11.8690,0.0749,0.2313,0.2269,0.1400,0.6732
11.8700,0.0749,0.2264,0.2163,0.1343,0.6519
11.8710,0.0749,0.2215,0.2061,0.1285,0.6310
11.8720,0.0749,0.2166,0.1959,0.1228,0.6102
11.8730,0.0749,0.2116,0.1856,0.1172,0.5893
11.8740,0.0749,0.2065,0.1750,0.1117,0.5681
11.8750,0.0749,0.2012,0.1640,0.1064,0.5465
11.8760,0.0749,0.1956,0.1526,0.1011,0.5243
11.8770,0.0749,0.1898,0.1408,0.0960,0.5015
11.8780,0.0749,0.1838,0.1285,0.0911,0.4784
11.8790,0.0749,0.1777,0.1159,0.0865,0.4550
11.8800,0.0749,0.1716,0.1030,0.0821,0.4316
11.8810,0.0749,0.2820,0.3474,0.1462,0.8505
11.8820,0.0749,0.2733,0.3276,0.1417,0.8175
11.8830,0.0749,0.2650,0.3093,0.1373,0.7866
11.8840,0.0749,0.2574,0.2925,0.1327,0.7574
11.8850,0.0749,0.2503,0.2771,0.1278,0.7300
11.8860,0.0749,0.2438,0.2631,0.1225,0.7042
11.8870,0.0749,0.2378,0.2503,0.1168,0.6797
11.8880,0.0749,0.2322,0.2385,0.1110,0.6565
11.8890,0.0749,0.2269,0.2275,0.1052,0.6345
11.8900,0.0749,0.2218,0.2171,0.0997,0.6135
11.8910,0.0749,0.2168,0.2070,0.0944,0.5931
11.8920,0.0749,0.2118,0.1970,0.0895,0.5732
11.8930,0.0749,0.2067,0.1869,0.0851,0.5536
11.8940,0.0749,0.2015,0.1765,0.0810,0.5339
11.8950,0.0749,0.1960,0.1657,0.0774,0.5140
11.8960,0.0749,0.1904,0.1544,0.0741,0.4938
11.8970,0.0749,0.1845,0.1427,0.0713,0.4733
11.8980,0.0749,0.1784,0.1304,0.0688,0.4525
11.8990,0.0749,0.1722,0.1178,0.0669,0.4317
11.9000,0.0748,0.1659,0.1050,0.0654,0.4111
11.9010,0.0748,0.2763,0.3635,0.1394,0.8541
11.9020,0.0748,0.2674,0.3430,0.1382,0.8235
11.9030,0.0748,0.2591,0.3239,0.1371,0.7950
11.9040,0.0748,0.2514,0.3065,0.1357,0.7684
11.9050,0.0748,0.2442,0.2906,0.1338,0.7435
11.9060,0.0748,0.2376,0.2762,0.1314,0.7201
11.9070,0.0749,0.2315,0.2632,0.1286,0.6981
11.9080,0.0749,0.2258,0.2512,0.1254,0.6772
11.9090,0.0749,0.2203,0.2402,0.1220,0.6574
11.9100,0.0749,0.2151,0.2298,0.1187,0.6384
11.9110,0.0749,0.2099,0.2197,0.1155,0.6200
11.9120,0.0749,0.2048,0.2098,0.1125,0.6019
11.9130,0.0748,0.1996,0.1997,0.1097,0.5838
11.9140,0.0748,0.1942,0.1894,0.1071,0.5654
11.9150,0.0748,0.1886,0.1786,0.1046,0.5466
11.9160,0.0748,0.1827,0.1673,0.1022,0.5271
11.9170,0.0748,0.1767,0.1554,0.1000,0.5069
11.9180,0.0748,0.1705,0.1431,0.0979,0.4862
11.9190,0.0748,0.1642,0.1302,0.0959,0.4651
11.9200,0.0748,0.1578,0.1171,0.0942,0.4438
11.9210,0.0748,0.2776,0.3837,0.1671,0.9031
11.9220,0.0748,0.2684,0.3619,0.1646,0.8698
11.9230,0.0748,0.2598,0.3418,0.1620,0.8384
11.9240,0.0748,0.2518,0.3234,0.1589,0.8089
11.9250,0.0748,0.2445,0.3066,0.1551,0.7809
11.9260,0.0748,0.2377,0.2914,0.1506,0.7545
11.9270,0.0748,0.2314,0.2777,0.1455,0.7293
11.9280,0.0748,0.2255,0.2651,0.1400,0.7054
11.9290,0.0748,0.2199,0.2535,0.1342,0.6824
11.9300,0.0748,0.2146,0.2425,0.1283,0.6602
11.9310,0.0748,0.2093,0.2320,0.1225,0.6386
11.9320,0.0748,0.2040,0.2215,0.1169,0.6172
11.9330,0.0748,0.1986,0.2110,0.1114,0.5958
11.9340,0.0748,0.1930,0.2001,0.1062,0.5740
11.9350,0.0748,0.1871,0.1888,0.1011,0.5518
11.9360,0.0748,0.1810,0.1769,0.0961,0.5288
11.9370,0.0748,0.1747,0.1644,0.0914,0.5053
11.9380,0.0748,0.1681,0.1514,0.0869,0.4811
11.9390,0.0747,0.1614,0.1379,0.0826,0.4566
11.9400,0.0747,0.1546,0.1240,0.0787,0.4320
11.9410,0.0747,0.2787,0.4013,0.1581,0.9129
11.9420,0.0747,0.2690,0.3779,0.1539,0.8755
11.9430,0.0747,0.2598,0.3563,0.1497,0.8405
11.9440,0.0747,0.2513,0.3365,0.1451,0.8077
11.9450,0.0747,0.2434,0.3186,0.1400,0.7768
11.9460,0.0747,0.2361,0.3025,0.1344,0.7477
11.9470,0.0747,0.2294,0.2879,0.1283,0.7202
11.9480,0.0747,0.2230,0.2745,0.1219,0.6942
11.9490,0.0747,0.2170,0.2622,0.1154,0.6694
11.9500,0.0747,0.2113,0.2507,0.1090,0.6456
11.9510,0.0747,0.2056,0.2395,0.1029,0.6226
11.9520,0.0747,0.1999,0.2284,0.0971,0.6001
11.9530,0.0747,0.1940,0.2173,0.0917,0.5777
11.9540,0.0747,0.1880,0.2057,0.0867,0.5552
11.9550,0.0747,0.1818,0.1937,0.0820,0.5322
11.9560,0.0747,0.1753,0.1811,0.0776,0.5087
11.9570,0.0747,0.1686,0.1678,0.0736,0.4847
11.9580,0.0747,0.1616,0.1539,0.0700,0.4602
11.9590,0.0747,0.1545,0.1395,0.0668,0.4355
11.9600,0.0747,0.1473,0.1246,0.0642,0.4108
11.9610,0.0747,0.2756,0.4127,0.1411,0.9041
11.9620,0.0746,0.2655,0.3876,0.1387,0.8664
11.9630,0.0746,0.2559,0.3645,0.1364,0.8314
11.9640,0.0746,0.2470,0.3434,0.1338,0.7989
11.9650,0.0746,0.2388,0.3243,0.1308,0.7685
11.9660,0.0746,0.2312,0.3071,0.1273,0.7402
11.9670,0.0746,0.2241,0.2916,0.1233,0.7137
11.9680,0.0746,0.2174,0.2775,0.1191,0.6887
11.9690,0.0746,0.2111,0.2645,0.1148,0.6652
11.9700,0.0746,0.2050,0.2523,0.1106,0.6427
11.9710,0.0746,0.1991,0.2406,0.1067,0.6209
11.9720,0.0746,0.1931,0.2290,0.1030,0.5996
11.9730,0.0746,0.1870,0.2172,0.0996,0.5784
11.9740,0.0746,0.1807,0.2051,0.0965,0.5569
11.9750,0.0746,0.1742,0.1925,0.0936,0.5349
11.9760,0.0746,0.1674,0.1792,0.0910,0.5123
11.9770,0.0746,0.1604,0.1653,0.0887,0.4889
11.9780,0.0746,0.1532,0.1507,0.0865,0.4650
11.9790,0.0746,0.1458,0.1355,0.0847,0.4406
11.9800,0.0746,0.1384,0.1199,0.0831,0.4160
11.9810,0.0746,0.2664,0.4014,0.1665,0.9089
11.9820,0.0746,0.2562,0.3762,0.1644,0.8714
11.9830,0.0746,0.2466,0.3529,0.1621,0.8362
11.9840,0.0746,0.2377,0.3316,0.1594,0.8032
11.9850,0.0746,0.2294,0.3122,0.1559,0.7721
11.9860,0.0746,0.2217,0.2947,0.1517,0.7426
11.9870,0.0746,0.2146,0.2788,0.1467,0.7147
11.9880,0.0746,0.2079,0.2642,0.1413,0.6881
11.9890,0.0746,0.2016,0.2508,0.1357,0.6626
11.9900,0.0746,0.1955,0.2381,0.1299,0.6381
11.9910,0.0746,0.1896,0.2259,0.1242,0.6143
11.9920,0.0746,0.1837,0.2139,0.1187,0.5908
11.9930,0.0746,0.1777,0.2018,0.1133,0.5674
11.9940,0.0746,0.1715,0.1894,0.1081,0.5436
11.9950,0.0746,0.1652,0.1765,0.1031,0.5194
11.9960,0.0746,0.1587,0.1630,0.0982,0.4945
11.9970,0.0746,0.1519,0.1490,0.0935,0.4690
11.9980,0.0746,0.1450,0.1344,0.0890,0.4429
11.9990,0.0746,0.1379,0.1193,0.0847,0.4164
12.0000,0.0746,0.1308,0.1038,0.0807,0.3898
12.0010,0.0746,0.2595,0.3904,0.1600,0.8845
12.0020,0.0746,0.2498,0.3658,0.1557,0.8459
12.0030,0.0746,0.2406,0.3431,0.1513,0.8096
12.0040,0.0746,0.2320,0.3224,0.1467,0.7757
12.0050,0.0746,0.2241,0.3036,0.1414,0.7437
12.0060,0.0746,0.2168,0.2866,0.1356,0.7136
12.0070,0.0746,0.2100,0.2712,0.1294,0.6852
12.0080,0.0746,0.2037,0.2572,0.1228,0.6583
12.0090,0.0746,0.1977,0.2443,0.1161,0.6327
12.0100,0.0746,0.1920,0.2321,0.1096,0.6082
12.0110,0.0746,0.1863,0.2203,0.1033,0.5845
12.0120,0.0746,0.1807,0.2088,0.0973,0.5614
12.0130,0.0746,0.1751,0.1971,0.0917,0.5384
12.0140,0.0746,0.1692,0.1851,0.0865,0.5154
12.0150,0.0746,0.1632,0.1727,0.0816,0.4921
12.0160,0.0746,0.1570,0.1597,0.0771,0.4684
12.0170,0.0746,0.1506,0.1461,0.0729,0.4442
12.0180,0.0746,0.1440,0.1319,0.0691,0.4196
12.0190,0.0746,0.1373,0.1173,0.0658,0.3949
12.0200,0.0746,0.1305,0.1023,0.0629,0.3703
12.0210,0.0746,0.2598,0.3869,0.1446,0.8659
12.0220,0.0746,0.2504,0.3630,0.1420,0.8299
12.0230,0.0746,0.2415,0.3409,0.1394,0.7964
12.0240,0.0746,0.2332,0.3207,0.1366,0.7651
12.0250,0.0746,0.2255,0.3024,0.1333,0.7358
12.0260,0.0746,0.2184,0.2859,0.1294,0.7084
12.0270,0.0746,0.2119,0.2710,0.1251,0.6826
12.0280,0.0746,0.2057,0.2574,0.1205,0.6582
12.0290,0.0746,0.1999,0.2449,0.1158,0.6352
12.0300,0.0746,0.1944,0.2331,0.1112,0.6133
12.0310,0.0746,0.1889,0.2218,0.1069,0.5922
12.0320,0.0746,0.1835,0.2107,0.1028,0.5716
12.0330,0.0746,0.1780,0.1996,0.0990,0.5512
12.0340,0.0746,0.1724,0.1881,0.0955,0.5306
12.0350,0.0746,0.1665,0.1763,0.0923,0.5097
12.0360,0.0746,0.1604,0.1639,0.0894,0.4883
12.0370,0.0746,0.1541,0.1509,0.0867,0.4663
12.0380,0.0746,0.1476,0.1374,0.0842,0.4438
12.0390,0.0746,0.1409,0.1234,0.0821,0.4209
12.0400,0.0746,0.1342,0.1090,0.0802,0.3980
12.0410,0.0746,0.2635,0.3996,0.1583,0.8960
12.0420,0.0746,0.2540,0.3758,0.1561,0.8605
12.0430,0.0746,0.2450,0.3537,0.1539,0.8272
12.0440,0.0746,0.2365,0.3337,0.1512,0.7960
12.0450,0.0746,0.2287,0.3155,0.1480,0.7668
12.0460,0.0746,0.2215,0.2992,0.1441,0.7393
12.0470,0.0746,0.2147,0.2845,0.1395,0.7133
12.0480,0.0746,0.2084,0.2711,0.1346,0.6887
12.0490,0.0746,0.2024,0.2589,0.1295,0.6653
12.0500,0.0746,0.1966,0.2474,0.1243,0.6429
12.0510,0.0746,0.1909,0.2365,0.1192,0.6212
12.0520,0.0746,0.1852,0.2257,0.1143,0.5998
12.0530,0.0746,0.1794,0.2149,0.1096,0.5785
12.0540,0.0746,0.1735,0.2038,0.1051,0.5570
12.0550,0.0746,0.1673,0.1922,0.1008,0.5349
12.0560,0.0746,0.1609,0.1800,0.0966,0.5122
12.0570,0.0746,0.1543,0.1673,0.0927,0.4888
12.0580,0.0746,0.1474,0.1539,0.0889,0.4648
12.0590,0.0746,0.1404,0.1400,0.0854,0.4404
12.0600,0.0746,0.1333,0.1256,0.0822,0.4157
12.0610,0.0746,0.2667,0.4112,0.1627,0.9152
12.0620,0.0746,0.2566,0.3870,0.1591,0.8772
12.0630,0.0746,0.2471,0.3646,0.1554,0.8416
12.0640,0.0746,0.2381,0.3441,0.1512,0.8081
12.0650,0.0746,0.2298,0.3256,0.1465,0.7765
12.0660,0.0746,0.2221,0.3089,0.1412,0.7467
12.0670,0.0746,0.2149,0.2938,0.1353,0.7185
12.0680,0.0746,0.2081,0.2801,0.1290,0.6918
12.0690,0.0746,0.2017,0.2675,0.1226,0.6664
12.0700,0.0746,0.1954,0.2558,0.1163,0.6421
12.0710,0.0746,0.1893,0.2445,0.1101,0.6185
12.0720,0.0746,0.1832,0.2335,0.1042,0.5955
12.0730,0.0746,0.1770,0.2224,0.0987,0.5726
12.0740,0.0746,0.1706,0.2110,0.0934,0.5496
12.0750,0.0746,0.1639,0.1992,0.0884,0.5262
12.0760,0.0746,0.1571,0.1868,0.0837,0.5022
12.0770,0.0746,0.1499,0.1738,0.0793,0.4777
12.0780,0.0746,0.1426,0.1602,0.0753,0.4527
12.0790,0.0746,0.1350,0.1461,0.0716,0.4273
12.0800,0.0746,0.1274,0.1315,0.0683,0.4018
12.0810,0.0746,0.2552,0.4200,0.1492,0.8989
12.0820,0.0746,0.2448,0.3951,0.1459,0.8604
12.0830,0.0746,0.2350,0.3721,0.1428,0.8245
12.0840,0.0746,0.2258,0.3512,0.1393,0.7908
12.0850,0.0746,0.2172,0.3322,0.1354,0.7593
12.0860,0.0746,0.2091,0.3152,0.1309,0.7297
12.0870,0.0746,0.2015,0.2998,0.1259,0.7018
12.0880,0.0746,0.1943,0.2859,0.1207,0.6754
12.0890,0.0746,0.1875,0.2731,0.1153,0.6505
12.0900,0.0746,0.1808,0.2612,0.1101,0.6267
12.0910,0.0746,0.1743,0.2498,0.1051,0.6038
12.0920,0.0746,0.1678,0.2386,0.1004,0.5814
12.0930,0.0746,0.1612,0.2273,0.0961,0.5592
12.0940,0.0746,0.1545,0.2158,0.0921,0.5370
12.0950,0.0745,0.1477,0.2038,0.0884,0.5143
12.0960,0.0745,0.1406,0.1912,0.0849,0.4912
12.0970,0.0745,0.1333,0.1779,0.0818,0.4675
12.0980,0.0745,0.1258,0.1641,0.0790,0.4434
12.0990,0.0745,0.1182,0.1497,0.0765,0.4189
12.1000,0.0745,0.1105,0.1348,0.0744,0.3942
12.1010,0.0745,0.2384,0.4179,0.1570,0.8878
12.1020,0.0745,0.2283,0.3929,0.1547,0.8505
12.1030,0.0745,0.2188,0.3698,0.1524,0.8156
12.1040,0.0745,0.2099,0.3488,0.1496,0.7828
12.1050,0.0745,0.2016,0.3297,0.1462,0.7520
12.1060,0.0745,0.1938,0.3124,0.1422,0.7229
12.1070,0.0745,0.1865,0.2969,0.1375,0.6954
12.1080,0.0745,0.1796,0.2828,0.1325,0.6694
12.1090,0.0745,0.1730,0.2698,0.1273,0.6445
12.1100,0.0745,0.1666,0.2577,0.1220,0.6208
12.1110,0.0745,0.1603,0.2461,0.1169,0.5978
12.1120,0.0745,0.1541,0.2347,0.1120,0.5753
12.1130,0.0745,0.1477,0.2233,0.1073,0.5529
12.1140,0.0745,0.1413,0.2116,0.1029,0.5303
12.1150,0.0745,0.1347,0.1996,0.0986,0.5074
12.1160,0.0745,0.1279,0.1869,0.0945,0.4840
12.1170,0.0745,0.1210,0.1737,0.0907,0.4599
12.1180,0.0745,0.1138,0.1599,0.0870,0.4353
12.1190,0.0745,0.1066,0.1456,0.0837,0.4104
12.1200,0.0745,0.0993,0.1309,0.0806,0.3853
12.1210,0.0745,0.2283,0.4187,0.1566,0.8780
12.1220,0.0745,0.2188,0.3937,0.1532,0.8403
12.1230,0.0745,0.2099,0.3708,0.1498,0.8050
12.1240,0.0745,0.2015,0.3498,0.1461,0.7720
12.1250,0.0745,0.1937,0.3309,0.1418,0.7409
12.1260,0.0745,0.1864,0.3139,0.1370,0.7118
12.1270,0.0745,0.1796,0.2986,0.1316,0.6843
12.1280,0.0745,0.1732,0.2847,0.1260,0.6583
12.1290,0.0745,0.1670,0.2719,0.1202,0.6337
12.1300,0.0745,0.1611,0.2601,0.1145,0.6102
12.1310,0.0745,0.1553,0.2487,0.1089,0.5875
12.1320,0.0745,0.1495,0.2376,0.1037,0.5653
12.1330,0.0745,0.1437,0.2264,0.0987,0.5434
12.1340,0.0745,0.1377,0.2150,0.0941,0.5213
12.1350,0.0745,0.1316,0.2031,0.0897,0.4989
12.1360,0.0745,0.1253,0.1907,0.0856,0.4761
12.1370,0.0745,0.1188,0.1776,0.0818,0.4527
12.1380,0.0745,0.1121,0.1640,0.0783,0.4289
12.1390,0.0745,0.1053,0.1498,0.0751,0.4048
12.1400,0.0745,0.0985,0.1352,0.0724,0.3806
12.1410,0.0745,0.2282,0.4191,0.1540,0.8759
12.1420,0.0745,0.2192,0.3944,0.1511,0.8392
12.1430,0.0745,0.2106,0.3715,0.1482,0.8049
12.1440,0.0745,0.2025,0.3507,0.1450,0.7728
12.1450,0.0745,0.1950,0.3318,0.1412,0.7426
12.1460,0.0745,0.1880,0.3148,0.1368,0.7142
12.1470,0.0745,0.1815,0.2995,0.1319,0.6874
12.1480,0.0745,0.1753,0.2856,0.1267,0.6621
12.1490,0.0745,0.1694,0.2729,0.1212,0.6381
12.1500,0.0745,0.1638,0.2610,0.1159,0.6152
12.1510,0.0745,0.1582,0.2497,0.1107,0.5932
12.1520,0.0745,0.1526,0.2386,0.1058,0.5716
12.1530,0.0745,0.1470,0.2275,0.1012,0.5503
12.1540,0.0745,0.1413,0.2162,0.0969,0.5289
12.1550,0.0745,0.1354,0.2045,0.0928,0.5072
12.1560,0.0745,0.1292,0.1922,0.0890,0.4849
12.1570,0.0745,0.1229,0.1793,0.0854,0.4622
12.1580,0.0745,0.1164,0.1659,0.0821,0.4389
12.1590,0.0745,0.1098,0.1519,0.0791,0.4153
12.1600,0.0745,0.1031,0.1374,0.0764,0.3915
12.1610,0.0745,0.2330,0.4261,0.1581,0.8917
12.1620,0.0745,0.2239,0.4012,0.1552,0.8548
12.1630,0.0745,0.2153,0.3782,0.1523,0.8203
12.1640,0.0745,0.2072,0.3573,0.1489,0.7879
12.1650,0.0745,0.1996,0.3384,0.1450,0.7575
12.1660,0.0745,0.1925,0.3214,0.1404,0.7288
12.1670,0.0745,0.1858,0.3061,0.1353,0.7018
12.1680,0.0745,0.1795,0.2923,0.1298,0.6762
12.1690,0.0745,0.1735,0.2797,0.1241,0.6519
12.1700,0.0745,0.1677,0.2679,0.1185,0.6286
12.1710,0.0745,0.1620,0.2567,0.1130,0.6062
12.1720,0.0745,0.1562,0.2457,0.1078,0.5843
12.1730,0.0745,0.1504,0.2347,0.1028,0.5625
12.1740,0.0745,0.1445,0.2234,0.0982,0.5406
12.1750,0.0745,0.1384,0.2117,0.0937,0.5183
12.1760,0.0745,0.1320,0.1995,0.0895,0.4955
12.1770,0.0745,0.1255,0.1866,0.0855,0.4721
12.1780,0.0745,0.1187,0.1731,0.0819,0.4482
12.1790,0.0745,0.1118,0.1590,0.0785,0.4238
12.1800,0.0745,0.1048,0.1445,0.0755,0.3993
12.1810,0.0745,0.2341,0.4326,0.1565,0.8977
12.1820,0.0745,0.2246,0.4073,0.1533,0.8598
12.1830,0.0745,0.2157,0.3840,0.1501,0.8242
12.1840,0.0745,0.2072,0.3627,0.1465,0.7909
12.1850,0.0745,0.1993,0.3435,0.1423,0.7596
12.1860,0.0745,0.1919,0.3262,0.1375,0.7301
12.1870,0.0745,0.1848,0.3107,0.1322,0.7022
12.1880,0.0745,0.1782,0.2966,0.1266,0.6759
12.1890,0.0745,0.1718,0.2838,0.1208,0.6509
12.1900,0.0745,0.1656,0.2718,0.1151,0.6270
12.1910,0.0745,0.1595,0.2604,0.1096,0.6040
12.1920,0.0745,0.1534,0.2493,0.1043,0.5816
12.1930,0.0745,0.1473,0.2381,0.0994,0.5593
12.1940,0.0745,0.1410,0.2267,0.0947,0.5369
12.1950,0.0745,0.1345,0.2149,0.0904,0.5142
12.1960,0.0745,0.1277,0.2025,0.0863,0.4910
12.1970,0.0745,0.1208,0.1895,0.0825,0.4673
12.1980,0.0745,0.1137,0.1758,0.0789,0.4430
12.1990,0.0745,0.1064,0.1616,0.0758,0.4183
12.2000,0.0745,0.0991,0.1469,0.0730,0.3935
12.2010,0.0745,0.2277,0.4297,0.1496,0.8815
12.2020,0.0745,0.2180,0.4045,0.1468,0.8438
12.2030,0.0745,0.2088,0.3813,0.1440,0.8086
12.2040,0.0745,0.2001,0.3600,0.1409,0.7755
12.2050,0.0745,0.1919,0.3408,0.1373,0.7444
12.2060,0.0745,0.1842,0.3234,0.1331,0.7152
12.2070,0.0745,0.1770,0.3077,0.1285,0.6877
12.2080,0.0745,0.1701,0.2935,0.1235,0.6617
12.2090,0.0745,0.1635,0.2805,0.1185,0.6370
12.2100,0.0745,0.1570,0.2684,0.1135,0.6135
12.2110,0.0745,0.1507,0.2568,0.1087,0.5908
12.2120,0.0745,0.1444,0.2455,0.1042,0.5686
12.2130,0.0745,0.1380,0.2342,0.1000,0.5467
12.2140,0.0745,0.1315,0.2227,0.0961,0.5248
12.2150,0.0745,0.1248,0.2107,0.0924,0.5025
12.2160,0.0745,0.1179,0.1983,0.0890,0.4797
12.2170,0.0745,0.1108,0.1852,0.0858,0.4564
12.2180,0.0745,0.1036,0.1716,0.0829,0.4326
12.2190,0.0745,0.0962,0.1574,0.0804,0.4085
12.2200,0.0745,0.0887,0.1428,0.0781,0.3842
12.2210,0.0745,0.2174,0.4302,0.1604,0.8825
12.2220,0.0745,0.2078,0.4050,0.1579,0.8452
12.2230,0.0745,0.1987,0.3818,0.1552,0.8102
12.2240,0.0745,0.1901,0.3606,0.1521,0.7773
12.2250,0.0745,0.1820,0.3415,0.1484,0.7464
12.2260,0.0745,0.1743,0.3243,0.1440,0.7171
12.2270,0.0745,0.1671,0.3088,0.1390,0.6895
12.2280,0.0745,0.1603,0.2948,0.1336,0.6632
12.2290,0.0745,0.1537,0.2820,0.1280,0.6383
12.2300,0.0745,0.1473,0.2701,0.1224,0.6144
12.2310,0.0745,0.1410,0.2588,0.1169,0.5912
12.2320,0.0745,0.1347,0.2477,0.1116,0.5686
12.2330,0.0745,0.1284,0.2367,0.1066,0.5461
12.2340,0.0745,0.1219,0.2253,0.1018,0.5236
12.2350,0.0745,0.1153,0.2136,0.0972,0.5006
12.2360,0.0745,0.1084,0.2013,0.0928,0.4771
12.2370,0.0745,0.1015,0.1884,0.0887,0.4530
12.2380,0.0745,0.0943,0.1749,0.0847,0.4285
12.2390,0.0745,0.0870,0.1609,0.0811,0.4035
12.2400,0.0745,0.0797,0.1464,0.0778,0.3783
12.2410,0.0745,0.2087,0.4300,0.1583,0.8714
12.2420,0.0745,0.1994,0.4050,0.1547,0.8335
12.2430,0.0745,0.1906,0.3819,0.1511,0.7980
12.2440,0.0745,0.1822,0.3608,0.1471,0.7646
12.2450,0.0745,0.1743,0.3418,0.1426,0.7331
12.2460,0.0745,0.1669,0.3246,0.1374,0.7034
12.2470,0.0745,0.1599,0.3092,0.1318,0.6753
12.2480,0.0745,0.1533,0.2952,0.1258,0.6488
12.2490,0.0745,0.1469,0.2824,0.1197,0.6235
12.2500,0.0745,0.1407,0.2706,0.1137,0.5994
12.2510,0.0745,0.1346,0.2593,0.1078,0.5762
12.2520,0.0745,0.1285,0.2483,0.1023,0.5536
12.2530,0.0745,0.1223,0.2373,0.0971,0.5313
12.2540,0.0745,0.1160,0.2261,0.0922,0.5089
12.2550,0.0745,0.1096,0.2145,0.0877,0.4863
12.2560,0.0745,0.1030,0.2024,0.0834,0.4633
12.2570,0.0745,0.0962,0.1897,0.0794,0.4399
12.2580,0.0745,0.0893,0.1765,0.0757,0.4160
12.2590,0.0745,0.0822,0.1627,0.0724,0.3918
12.2600,0.0745,0.0751,0.1484,0.0696,0.3676
12.2610,0.0745,0.1998,0.4189,0.1462,0.8394
12.2620,0.0745,0.1909,0.3950,0.1434,0.8038
12.2630,0.0745,0.1824,0.3728,0.1407,0.7704
12.2640,0.0745,0.1744,0.3524,0.1377,0.7390
12.2650,0.0745,0.1668,0.3339,0.1342,0.7094
12.2660,0.0745,0.1597,0.3172,0.1302,0.6816
12.2670,0.0745,0.1529,0.3021,0.1258,0.6553
12.2680,0.0745,0.1465,0.2883,0.1210,0.6304
12.2690,0.0745,0.1403,0.2757,0.1162,0.6068
12.2700,0.0745,0.1343,0.2640,0.1115,0.5843
12.2710,0.0745,0.1284,0.2528,0.1070,0.5627
12.2720,0.0745,0.1225,0.2418,0.1028,0.5417
12.2730,0.0745,0.1166,0.2310,0.0989,0.5210
12.2740,0.0745,0.1106,0.2199,0.0952,0.5003
12.2750,0.0745,0.1044,0.2086,0.0919,0.4794
12.2760,0.0745,0.0981,0.1968,0.0888,0.4582
12.2770,0.0745,0.0917,0.1844,0.0859,0.4365
12.2780,0.0745,0.0851,0.1716,0.0834,0.4145
12.2790,0.0745,0.0784,0.1583,0.0811,0.3922
12.2800,0.0745,0.0716,0.1445,0.0792,0.3699
12.2810,0.0745,0.1921,0.4075,0.1521,0.8263
12.2820,0.0745,0.1837,0.3848,0.1500,0.7930
12.2830,0.0745,0.1757,0.3637,0.1479,0.7618
12.2840,0.0745,0.1681,0.3444,0.1454,0.7324
12.2850,0.0745,0.1610,0.3268,0.1423,0.7046
12.2860,0.0745,0.1542,0.3109,0.1387,0.6783
12.2870,0.0745,0.1478,0.2965,0.1345,0.6534
12.2880,0.0745,0.1417,0.2834,0.1300,0.6297
12.2890,0.0745,0.1358,0.2714,0.1254,0.6071
12.2900,0.0745,0.1301,0.2602,0.1207,0.5855
12.2910,0.0745,0.1245,0.2496,0.1161,0.5647
12.2920,0.0745,0.1189,0.2392,0.1117,0.5443
12.2930,0.0745,0.1132,0.2288,0.1076,0.5242
12.2940,0.0745,0.1075,0.2184,0.1036,0.5040
12.2950,0.0745,0.1017,0.2076,0.0999,0.4836
12.2960,0.0745,0.0957,0.1963,0.0963,0.4628
12.2970,0.0745,0.0895,0.1847,0.0929,0.4416
12.2980,0.0745,0.0832,0.1725,0.0897,0.4199
12.2990,0.0745,0.0769,0.1598,0.0867,0.3980
12.3000,0.0745,0.0705,0.1469,0.0841,0.3759
12.3010,0.0745,0.1818,0.4030,0.1557,0.8150
12.3020,0.0745,0.1739,0.3813,0.1528,0.7826
12.3030,0.0745,0.1664,0.3612,0.1497,0.7519
12.3040,0.0745,0.1593,0.3428,0.1464,0.7230
12.3050,0.0745,0.1526,0.3260,0.1424,0.6956
12.3060,0.0745,0.1462,0.3108,0.1380,0.6695
12.3070,0.0745,0.1401,0.2971,0.1330,0.6448
12.3080,0.0745,0.1343,0.2847,0.1277,0.6212
12.3090,0.0745,0.1288,0.2733,0.1222,0.5988
12.3100,0.0745,0.1233,0.2626,0.1168,0.5773
12.3110,0.0745,0.1180,0.2526,0.1116,0.5567
12.3120,0.0745,0.1127,0.2428,0.1066,0.5366
12.3130,0.0745,0.1073,0.2331,0.1019,0.5168
12.3140,0.0745,0.1019,0.2232,0.0974,0.4970
12.3150,0.0745,0.0963,0.2131,0.0932,0.4771
12.3160,0.0745,0.0907,0.2026,0.0892,0.4570
12.3170,0.0745,0.0849,0.1916,0.0855,0.4365
12.3180,0.0745,0.0790,0.1801,0.0820,0.4157
12.3190,0.0745,0.0731,0.1682,0.0789,0.3947
12.3200,0.0745,0.0671,0.1560,0.0761,0.3737
12.3210,0.0745,0.1790,0.4002,0.1429,0.7966
12.3220,0.0745,0.1716,0.3797,0.1402,0.7660
12.3230,0.0745,0.1645,0.3605,0.1375,0.7371
12.3240,0.0745,0.1578,0.3429,0.1346,0.7099
12.3250,0.0745,0.1515,0.3269,0.1313,0.6842
12.3260,0.0745,0.1455,0.3124,0.1275,0.6599
12.3270,0.0745,0.1398,0.2992,0.1234,0.6369
12.3280,0.0745,0.1344,0.2872,0.1190,0.6151
12.3290,0.0745,0.1291,0.2762,0.1146,0.5944
12.3300,0.0745,0.1240,0.2659,0.1103,0.5747
12.3310,0.0745,0.1189,0.2562,0.1061,0.5558
12.3320,0.0745,0.1139,0.2468,0.1023,0.5375
12.3330,0.0745,0.1088,0.2374,0.0987,0.5195
12.3340,0.0745,0.1036,0.2280,0.0954,0.5015
12.3350,0.0745,0.0983,0.2183,0.0924,0.4835
12.3360,0.0745,0.0929,0.2082,0.0896,0.4652
12.3370,0.0745,0.0873,0.1978,0.0871,0.4466
12.3380,0.0745,0.0816,0.1868,0.0848,0.4278
12.3390,0.0745,0.0758,0.1755,0.0829,0.4087
12.3400,0.0745,0.0699,0.1639,0.0813,0.3896
12.3410,0.0745,0.1724,0.3953,0.1447,0.7869
12.3420,0.0745,0.1653,0.3758,0.1431,0.7586
12.3430,0.0745,0.1584,0.3576,0.1414,0.7319
12.3440,0.0745,0.1519,0.3408,0.1394,0.7067
12.3450,0.0745,0.1457,0.3255,0.1369,0.6827
12.3460,0.0745,0.1398,0.3116,0.1340,0.6599
12.3470,0.0745,0.1342,0.2989,0.1306,0.6383
12.3480,0.0745,0.1288,0.2874,0.1269,0.6177
12.3490,0.0745,0.1237,0.2768,0.1231,0.5980
12.3500,0.0745,0.1186,0.2669,0.1192,0.5793
12.3510,0.0745,0.1136,0.2575,0.1155,0.5612
12.3520,0.0745,0.1086,0.2484,0.1120,0.5435
12.3530,0.0745,0.1037,0.2394,0.1086,0.5262
12.3540,0.0745,0.0986,0.2303,0.1054,0.5088
12.3550,0.0745,0.0934,0.2210,0.1024,0.4913
12.3560,0.0745,0.0882,0.2113,0.0995,0.4736
12.3570,0.0745,0.0828,0.2013,0.0968,0.4555
12.3580,0.0745,0.0773,0.1908,0.0943,0.4370
12.3590,0.0745,0.0718,0.1800,0.0920,0.4183
12.3600,0.0745,0.0662,0.1689,0.0899,0.3995
12.3610,0.0745,0.1640,0.3876,0.1525,0.7786
12.3620,0.0745,0.1573,0.3691,0.1501,0.7511
12.3630,0.0745,0.1509,0.3519,0.1476,0.7250
12.3640,0.0745,0.1447,0.3360,0.1448,0.7001
12.3650,0.0745,0.1389,0.3215,0.1415,0.6763
12.3660,0.0745,0.1333,0.3082,0.1376,0.6536
12.3670,0.0745,0.1280,0.2961,0.1333,0.6319
12.3680,0.0745,0.1229,0.2851,0.1287,0.6111
12.3690,0.0745,0.1179,0.2749,0.1239,0.5912
12.3700,0.0745,0.1131,0.2654,0.1192,0.5722
12.3710,0.0745,0.1083,0.2564,0.1145,0.5537
12.3720,0.0745,0.1035,0.2476,0.1101,0.5358
12.3730,0.0745,0.0987,0.2390,0.1059,0.5181
12.3740,0.0745,0.0939,0.2303,0.1018,0.5005
12.3750,0.0745,0.0889,0.2214,0.0980,0.4829
12.3760,0.0745,0.0839,0.2122,0.0944,0.4650
12.3770,0.0745,0.0788,0.2027,0.0910,0.4470
12.3780,0.0745,0.0735,0.1928,0.0878,0.4287
12.3790,0.0745,0.0683,0.1826,0.0849,0.4103
12.3800,0.0745,0.0630,0.1721,0.0823,0.3919
12.3810,0.0745,0.1563,0.3828,0.1394,0.7530
12.3820,0.0745,0.1500,0.3653,0.1368,0.7267
12.3830,0.0745,0.1440,0.3490,0.1343,0.7018
12.3840,0.0745,0.1382,0.3339,0.1316,0.6783
12.3850,0.0745,0.1327,0.3201,0.1285,0.6559
12.3860,0.0745,0.1275,0.3075,0.1250,0.6346
12.3870,0.0745,0.1225,0.2961,0.1213,0.6143
12.3880,0.0745,0.1177,0.2856,0.1173,0.5951
12.3890,0.0745,0.1130,0.2760,0.1133,0.5768
12.3900,0.0745,0.1085,0.2670,0.1094,0.5594
12.3910,0.0745,0.1040,0.2584,0.1057,0.5427
12.3920,0.0745,0.0995,0.2502,0.1023,0.5265
12.3930,0.0745,0.0950,0.2420,0.0991,0.5107
12.3940,0.0745,0.0905,0.2338,0.0962,0.4950
12.3950,0.0745,0.0858,0.2254,0.0936,0.4793
12.3960,0.0745,0.0811,0.2167,0.0911,0.4635
12.3970,0.0745,0.0762,0.2077,0.0890,0.4475
12.3980,0.0745,0.0713,0.1984,0.0871,0.4313
12.3990,0.0745,0.0664,0.1887,0.0854,0.4150
12.4000,0.0745,0.0614,0.1787,0.0841,0.3988
12.4010,0.0745,0.1504,0.3767,0.1381,0.7396
12.4020,0.0745,0.1445,0.3602,0.1368,0.7160
12.4030,0.0745,0.1388,0.3448,0.1355,0.6936
12.4040,0.0745,0.1334,0.3306,0.1340,0.6724
12.4050,0.0745,0.1282,0.3174,0.1321,0.6522
12.4060,0.0745,0.1233,0.3054,0.1298,0.6330
12.4070,0.0745,0.1186,0.2945,0.1271,0.6146
12.4080,0.0745,0.1140,0.2845,0.1242,0.5972
12.4090,0.0745,0.1096,0.2752,0.1211,0.5805
12.4100,0.0745,0.1053,0.2666,0.1181,0.5646
12.4110,0.0745,0.1011,0.2584,0.1152,0.5492
12.4120,0.0745,0.0969,0.2505,0.1124,0.5343
12.4130,0.0745,0.0926,0.2427,0.1098,0.5197
12.4140,0.0745,0.0884,0.2349,0.1073,0.5051
12.4150,0.0745,0.0840,0.2269,0.1050,0.4904
12.4160,0.0745,0.0795,0.2187,0.1028,0.4755
12.4170,0.0745,0.0750,0.2102,0.1007,0.4604
12.4180,0.0745,0.0704,0.2014,0.0988,0.4451
12.4190,0.0745,0.0657,0.1923,0.0970,0.4295
12.4200,0.0745,0.0610,0.1829,0.0954,0.4139
12.4210,0.0745,0.1455,0.3726,0.1488,0.7414
12.4220,0.0745,0.1400,0.3571,0.1469,0.7185
12.4230,0.0745,0.1347,0.3425,0.1449,0.6966
12.4240,0.0745,0.1296,0.3290,0.1426,0.6757
12.4250,0.0745,0.1247,0.3166,0.1399,0.6557
12.4260,0.0745,0.1201,0.3053,0.1366,0.6365
12.4270,0.0745,0.1156,0.2949,0.1330,0.6180
12.4280,0.0745,0.1113,0.2854,0.1291,0.6003
12.4290,0.0745,0.1071,0.2767,0.1250,0.5833
12.4300,0.0745,0.1031,0.2685,0.1209,0.5670
12.4310,0.0745,0.0990,0.2608,0.1169,0.5512
12.4320,0.0745,0.0950,0.2533,0.1130,0.5358
12.4330,0.0745,0.0910,0.2459,0.1093,0.5207
12.4340,0.0745,0.0869,0.2385,0.1057,0.5056
12.4350,0.0745,0.0828,0.2309,0.1024,0.4905
12.4360,0.0745,0.0785,0.2231,0.0991,0.4753
12.4370,0.0745,0.0742,0.2151,0.0961,0.4598
12.4380,0.0745,0.0698,0.2067,0.0932,0.4442
12.4390,0.0745,0.0654,0.1981,0.0906,0.4285
12.4400,0.0745,0.0609,0.1892,0.0882,0.4128
12.4410,0.0745,0.1408,0.3657,0.1356,0.7165
12.4420,0.0745,0.1356,0.3511,0.1332,0.6944
12.4430,0.0745,0.1305,0.3374,0.1309,0.6734
12.4440,0.0745,0.1257,0.3247,0.1284,0.6533
12.4450,0.0745,0.1211,0.3129,0.1256,0.6341
12.4460,0.0745,0.1167,0.3022,0.1226,0.6159
12.4470,0.0745,0.1124,0.2923,0.1192,0.5984
12.4480,0.0745,0.1083,0.2832,0.1157,0.5818
12.4490,0.0745,0.1043,0.2748,0.1123,0.5659
12.4500,0.0745,0.1004,0.2670,0.1089,0.5508
12.4510,0.0745,0.0966,0.2596,0.1057,0.5363
12.4520,0.0745,0.0928,0.2524,0.1027,0.5223
12.4530,0.0745,0.0889,0.2453,0.1000,0.5087
12.4540,0.0745,0.0850,0.2383,0.0975,0.4952
12.4550,0.0745,0.0810,0.2311,0.0952,0.4818
12.4560,0.0745,0.0770,0.2237,0.0932,0.4684
12.4570,0.0745,0.0729,0.2161,0.0914,0.4549
12.4580,0.0745,0.0687,0.2083,0.0899,0.4413
12.4590,0.0745,0.0645,0.2001,0.0886,0.4277
12.4600,0.0745,0.0603,0.1918,0.0876,0.4141
12.4610,0.0745,0.1354,0.3599,0.1319,0.7017
12.4620,0.0745,0.1305,0.3462,0.1310,0.6823
12.4630,0.0745,0.1258,0.3334,0.1301,0.6638
12.4640,0.0745,0.1212,0.3215,0.1290,0.6462
12.4650,0.0745,0.1168,0.3104,0.1277,0.6294
12.4660,0.0745,0.1126,0.3003,0.1260,0.6134
12.4670,0.0745,0.1086,0.2910,0.1240,0.5981
12.4680,0.0745,0.1047,0.2825,0.1218,0.5835
12.4690,0.0745,0.1009,0.2746,0.1195,0.5695
12.4700,0.0745,0.0971,0.2673,0.1173,0.5562
12.4710,0.0745,0.0935,0.2603,0.1151,0.5434
12.4720,0.0745,0.0898,0.2536,0.1131,0.5309
12.4730,0.0745,0.0861,0.2469,0.1111,0.5187
12.4740,0.0745,0.0824,0.2403,0.1093,0.5065
12.4750,0.0745,0.0786,0.2336,0.1077,0.4943
12.4760,0.0745,0.0748,0.2267,0.1061,0.4820
12.4770,0.0745,0.0709,0.2195,0.1046,0.4695
12.4780,0.0745,0.0670,0.2121,0.1032,0.4568
12.4790,0.0745,0.0630,0.2045,0.1019,0.4439
12.4800,0.0745,0.0589,0.1967,0.1008,0.4309
12.4810,0.0745,0.1245,0.3468,0.1448,0.6906
12.4820,0.0745,0.1200,0.3344,0.1434,0.6722
12.4830,0.0745,0.1156,0.3226,0.1419,0.6546
12.4840,0.0745,0.1114,0.3116,0.1400,0.6375
12.4850,0.0745,0.1073,0.3014,0.1378,0.6210
12.4860,0.0745,0.1034,0.2920,0.1352,0.6051
12.4870,0.0745,0.0996,0.2833,0.1322,0.5896
12.4880,0.0745,0.0960,0.2753,0.1290,0.5747
12.4890,0.0745,0.0924,0.2679,0.1256,0.5604
12.4900,0.0745,0.0890,0.2610,0.1221,0.5466
12.4910,0.0745,0.0856,0.2544,0.1187,0.5332
12.4920,0.0745,0.0822,0.2481,0.1154,0.5202
12.4930,0.0745,0.0788,0.2419,0.1123,0.5075
12.4940,0.0745,0.0755,0.2357,0.1092,0.4949
12.4950,0.0745,0.0720,0.2295,0.1063,0.4823
12.4960,0.0745,0.0686,0.2232,0.1035,0.4697
12.4970,0.0745,0.0651,0.2167,0.1008,0.4571
12.4980,0.0745,0.0616,0.2100,0.0982,0.4443
12.4990,0.0745,0.0581,0.2032,0.0959,0.4316
12.5000,0.0745,0.0545,0.1962,0.0938,0.4190
12.5010,0.0745,0.1158,0.3382,0.1315,0.6600
12.5020,0.0745,0.1119,0.3270,0.1294,0.6427
12.5030,0.0745,0.1081,0.3165,0.1273,0.6263
12.5040,0.0745,0.1044,0.3066,0.1251,0.6106
12.5050,0.0745,0.1009,0.2975,0.1227,0.5955
12.5060,0.0745,0.0975,0.2891,0.1200,0.5810
12.5070,0.0745,0.0943,0.2813,0.1172,0.5672
12.5080,0.0745,0.0911,0.2742,0.1142,0.5540
12.5090,0.0745,0.0881,0.2677,0.1113,0.5415
12.5100,0.0745,0.0851,0.2615,0.1084,0.5295
12.5110,0.0745,0.0822,0.2557,0.1058,0.5181
12.5120,0.0745,0.0793,0.2501,0.1033,0.5072
12.5130,0.0745,0.0764,0.2446,0.1011,0.4965
12.5140,0.0744,0.0735,0.2392,0.0990,0.4862
12.5150,0.0744,0.0705,0.2337,0.0972,0.4759
12.5160,0.0744,0.0676,0.2281,0.0957,0.4657
12.5170,0.0744,0.0646,0.2223,0.0943,0.4556
12.5180,0.0744,0.0615,0.2163,0.0931,0.4454
12.5190,0.0744,0.0585,0.2102,0.0922,0.4353
12.5200,0.0744,0.0555,0.2040,0.0915,0.4253
12.5210,0.0744,0.1174,0.3377,0.1262,0.6558
12.5220,0.0744,0.1139,0.3275,0.1256,0.6414
12.5230,0.0744,0.1105,0.3178,0.1251,0.6279
12.5240,0.0744,0.1073,0.3087,0.1245,0.6149
12.5250,0.0744,0.1042,0.3003,0.1236,0.6026
12.5260,0.0744,0.1012,0.2926,0.1225,0.5908
12.5270,0.0744,0.0984,0.2855,0.1212,0.5796
12.5280,0.0744,0.0956,0.2790,0.1198,0.5689
12.5290,0.0744,0.0930,0.2730,0.1182,0.5587
12.5300,0.0744,0.0904,0.2675,0.1167,0.5490
12.5310,0.0744,0.0878,0.2622,0.1153,0.5397
12.5320,0.0744,0.0852,0.2571,0.1139,0.5307
12.5330,0.0744,0.0826,0.2521,0.1127,0.5218
12.5340,0.0744,0.0799,0.2472,0.1115,0.5131
12.5350,0.0744,0.0772,0.2422,0.1105,0.5043
12.5360,0.0744,0.0745,0.2371,0.1095,0.4955
12.5370,0.0744,0.0717,0.2318,0.1085,0.4864
12.5380,0.0744,0.0688,0.2264,0.1076,0.4772
12.5390,0.0744,0.0659,0.2207,0.1068,0.4679
12.5400,0.0744,0.0630,0.2149,0.1061,0.4585
12.5410,0.0744,0.1151,0.3350,0.1406,0.6651
12.5420,0.0744,0.1117,0.3255,0.1396,0.6513
12.5430,0.0744,0.1085,0.3165,0.1385,0.6380
12.5440,0.0744,0.1053,0.3081,0.1372,0.6251
12.5450,0.0744,0.1023,0.3002,0.1355,0.6125
12.5460,0.0744,0.0994,0.2930,0.1335,0.6002
12.5470,0.0744,0.0965,0.2863,0.1311,0.5883
12.5480,0.0744,0.0938,0.2801,0.1285,0.5768
12.5490,0.0744,0.0911,0.2743,0.1258,0.5657
12.5500,0.0744,0.0885,0.2690,0.1230,0.5549
12.5510,0.0744,0.0859,0.2639,0.1202,0.5445
12.5520,0.0744,0.0834,0.2590,0.1175,0.5343
12.5530,0.0744,0.0808,0.2542,0.1149,0.5243
12.5540,0.0744,0.0782,0.2495,0.1124,0.5144
12.5550,0.0744,0.0756,0.2447,0.1099,0.5046
12.5560,0.0744,0.0729,0.2398,0.1075,0.4947
12.5570,0.0744,0.0702,0.2349,0.1052,0.4847
12.5580,0.0744,0.0675,0.2297,0.1030,0.4747
12.5590,0.0744,0.0648,0.2244,0.1010,0.4646
12.5600,0.0744,0.0620,0.2190,0.0991,0.4546
12.5610,0.0744,0.1092,0.3251,0.1272,0.6359
12.5620,0.0744,0.1061,0.3165,0.1254,0.6224
12.5630,0.0744,0.1031,0.3084,0.1235,0.6094
12.5640,0.0744,0.1002,0.3007,0.1216,0.5969
12.5650,0.0744,0.0974,0.2935,0.1196,0.5848
12.5660,0.0744,0.0946,0.2868,0.1174,0.5732
12.5670,0.0744,0.0920,0.2806,0.1151,0.5621
12.5680,0.0744,0.0894,0.2749,0.1127,0.5514
12.5690,0.0744,0.0869,0.2695,0.1103,0.5411
12.5700,0.0744,0.0844,0.2645,0.1081,0.5314
12.5710,0.0744,0.0820,0.2598,0.1060,0.5221
12.5720,0.0744,0.0795,0.2552,0.1041,0.5132
12.5730,0.0744,0.0771,0.2507,0.1023,0.5046
12.5740,0.0744,0.0746,0.2463,0.1008,0.4962
12.5750,0.0744,0.0722,0.2419,0.0995,0.4880
12.5760,0.0744,0.0697,0.2374,0.0984,0.4798
12.5770,0.0744,0.0671,0.2329,0.0974,0.4718
12.5780,0.0744,0.0646,0.2282,0.0966,0.4638
12.5790,0.0744,0.0621,0.2234,0.0961,0.4559
12.5800,0.0744,0.0595,0.2185,0.0957,0.4481
12.5810,0.0744,0.1020,0.3157,0.1207,0.6129
12.5820,0.0744,0.0992,0.3080,0.1206,0.6022
12.5830,0.0744,0.0965,0.3008,0.1204,0.5921
12.5840,0.0744,0.0939,0.2939,0.1202,0.5824
12.5850,0.0744,0.0914,0.2876,0.1198,0.5731
12.5860,0.0744,0.0889,0.2816,0.1193,0.5642
12.5870,0.0744,0.0865,0.2762,0.1187,0.5557
12.5880,0.0744,0.0842,0.2711,0.1180,0.5476
12.5890,0.0744,0.0819,0.2664,0.1172,0.5399
12.5900,0.0744,0.0798,0.2620,0.1164,0.5325
12.5910,0.0744,0.0776,0.2578,0.1157,0.5255
12.5920,0.0744,0.0755,0.2539,0.1150,0.5187
12.5930,0.0744,0.0734,0.2500,0.1144,0.5122
12.5940,0.0744,0.0712,0.2461,0.1139,0.5057
12.5950,0.0744,0.0691,0.2423,0.1134,0.4992
12.5960,0.0744,0.0670,0.2384,0.1130,0.4927
12.5970,0.0744,0.0648,0.2344,0.1125,0.4862
12.5980,0.0744,0.0626,0.2304,0.1121,0.4795
12.5990,0.0744,0.0605,0.2262,0.1118,0.4728
12.6000,0.0744,0.0583,0.2220,0.1115,0.4661
12.6010,0.0744,0.0913,0.3056,0.1363,0.6075
12.6020,0.0744,0.0889,0.2990,0.1357,0.5981
12.6030,0.0744,0.0867,0.2928,0.1350,0.5889
12.6040,0.0744,0.0845,0.2869,0.1341,0.5799
12.6050,0.0744,0.0824,0.2813,0.1329,0.5710
12.6060,0.0744,0.0803,0.2762,0.1315,0.5623
12.6070,0.0744,0.0783,0.2714,0.1297,0.5538
12.6080,0.0744,0.0764,0.2670,0.1278,0.5456
12.6090,0.0744,0.0745,0.2629,0.1258,0.5375
12.6100,0.0744,0.0726,0.2591,0.1236,0.5297
12.6110,0.0744,0.0708,0.2555,0.1215,0.5222
12.6120,0.0744,0.0690,0.2521,0.1194,0.5149
12.6130,0.0744,0.0673,0.2488,0.1173,0.5078
12.6140,0.0743,0.0656,0.2456,0.1153,0.5008
12.6150,0.0743,0.0639,0.2424,0.1133,0.4939
12.6160,0.0743,0.0623,0.2392,0.1113,0.4871
12.6170,0.0743,0.0607,0.2359,0.1094,0.4804
12.6180,0.0743,0.0591,0.2326,0.1076,0.4736
12.6190,0.0743,0.0576,0.2292,0.1059,0.4670
12.6200,0.0743,0.0561,0.2257,0.1042,0.4604
12.6210,0.0743,0.0898,0.2958,0.1227,0.5826
12.6220,0.0743,0.0881,0.2905,0.1211,0.5741
12.6230,0.0743,0.0865,0.2854,0.1196,0.5658
12.6240,0.0743,0.0850,0.2806,0.1180,0.5579
12.6250,0.0743,0.0835,0.2761,0.1164,0.5503
12.6260,0.0743,0.0820,0.2719,0.1147,0.5429
12.6270,0.0743,0.0806,0.2680,0.1129,0.5359
12.6280,0.0743,0.0793,0.2644,0.1111,0.5291
12.6290,0.0743,0.0779,0.2611,0.1094,0.5227
12.6300,0.0743,0.0767,0.2580,0.1077,0.5168
12.6310,0.0743,0.0754,0.2551,0.1062,0.5111
12.6320,0.0743,0.0742,0.2524,0.1049,0.5058
12.6330,0.0743,0.0730,0.2497,0.1038,0.5008
12.6340,0.0743,0.0718,0.2471,0.1028,0.4960
12.6350,0.0743,0.0706,0.2446,0.1019,0.4914
12.6360,0.0743,0.0694,0.2420,0.1013,0.4870
12.6370,0.0743,0.0681,0.2394,0.1007,0.4826
12.6380,0.0743,0.0669,0.2368,0.1004,0.4784
12.6390,0.0743,0.0656,0.2342,0.1002,0.4743
12.6400,0.0743,0.0644,0.2315,0.1002,0.4704
12.6410,0.0743,0.0933,0.2927,0.1155,0.5758
12.6420,0.0743,0.0919,0.2884,0.1155,0.5701
12.6430,0.0743,0.0905,0.2843,0.1154,0.5645
12.6440,0.0743,0.0891,0.2804,0.1154,0.5593
12.6450,0.0743,0.0878,0.2768,0.1154,0.5544
12.6460,0.0743,0.0866,0.2734,0.1154,0.5498
12.6470,0.0743,0.0853,0.2704,0.1154,0.5455
12.6480,0.0743,0.0842,0.2675,0.1154,0.5414
12.6490,0.0743,0.0830,0.2649,0.1154,0.5377
12.6500,0.0743,0.0819,0.2625,0.1154,0.5341
12.6510,0.0743,0.0807,0.2602,0.1154,0.5307
12.6520,0.0743,0.0796,0.2581,0.1155,0.5275
12.6530,0.0743,0.0785,0.2560,0.1155,0.5243
12.6540,0.0743,0.0774,0.2540,0.1155,0.5211
12.6550,0.0743,0.0762,0.2520,0.1155,0.5180
12.6560,0.0743,0.0750,0.2500,0.1155,0.5148
12.6570,0.0743,0.0738,0.2479,0.1155,0.5115
12.6580,0.0743,0.0726,0.2458,0.1155,0.5082
12.6590,0.0743,0.0714,0.2436,0.1155,0.5048
12.6600,0.0743,0.0702,0.2414,0.1155,0.5014
12.6610,0.0743,0.0891,0.2885,0.1256,0.5775
12.6620,0.0743,0.0878,0.2850,0.1254,0.5725
12.6630,0.0743,0.0864,0.2816,0.1253,0.5676
12.6640,0.0743,0.0851,0.2784,0.1250,0.5629
12.6650,0.0743,0.0839,0.2754,0.1246,0.5582
12.6660,0.0743,0.0827,0.2726,0.1241,0.5536
12.6670,0.0743,0.0815,0.2700,0.1234,0.5491
12.6680,0.0743,0.0803,0.2676,0.1226,0.5448
12.6690,0.0743,0.0792,0.2654,0.1217,0.5406
12.6700,0.0743,0.0781,0.2633,0.1208,0.5365
12.6710,0.0743,0.0770,0.2614,0.1199,0.5326
12.6720,0.0743,0.0760,0.2595,0.1190,0.5288
12.6730,0.0743,0.0749,0.2578,0.1181,0.5251
12.6740,0.0743,0.0739,0.2561,0.1172,0.5214
12.6750,0.0743,0.0728,0.2544,0.1162,0.5178
12.6760,0.0743,0.0718,0.2528,0.1153,0.5142
12.6770,0.0743,0.0707,0.2511,0.1145,0.5106
12.6780,0.0743,0.0697,0.2494,0.1136,0.5070
12.6790,0.0743,0.0687,0.2476,0.1128,0.5034
12.6800,0.0743,0.0676,0.2459,0.1120,0.4998
12.6810,0.0743,0.0817,0.2836,0.1213,0.5609
12.6820,0.0743,0.0806,0.2809,0.1205,0.5562
12.6830,0.0743,0.0796,0.2782,0.1197,0.5517
12.6840,0.0743,0.0786,0.2757,0.1188,0.5474
12.6850,0.0743,0.0776,0.2733,0.1179,0.5431
12.6860,0.0743,0.0766,0.2711,0.1170,0.5390
12.6870,0.0743,0.0757,0.2691,0.1160,0.5350
12.6880,0.0743,0.0748,0.2672,0.1150,0.5312
12.6890,0.0743,0.0739,0.2654,0.1140,0.5276
12.6900,0.0743,0.0731,0.2638,0.1130,0.5242
12.6910,0.0743,0.0723,0.2622,0.1122,0.5209
12.6920,0.0743,0.0715,0.2608,0.1113,0.5179
12.6930,0.0743,0.0707,0.2594,0.1106,0.5150
12.6940,0.0743,0.0699,0.2581,0.1100,0.5122
12.6950,0.0743,0.0692,0.2567,0.1094,0.5096
12.6960,0.0743,0.0685,0.2554,0.1089,0.5070
12.6970,0.0743,0.0678,0.2541,0.1085,0.5046
12.6980,0.0743,0.0671,0.2527,0.1082,0.5022
12.6990,0.0743,0.0664,0.2514,0.1079,0.4999
12.7000,0.0743,0.0657,0.2500,0.1078,0.4977
12.7010,0.0743,0.0752,0.2734,0.1178,0.5406
12.7020,0.0743,0.0745,0.2714,0.1177,0.5379
12.7030,0.0743,0.0738,0.2695,0.1177,0.5352
12.7040,0.0742,0.0732,0.2676,0.1176,0.5327
12.7050,0.0742,0.0726,0.2659,0.1175,0.5302
12.7060,0.0742,0.0720,0.2643,0.1173,0.5278
12.7070,0.0742,0.0715,0.2628,0.1170,0.5255
12.7080,0.0742,0.0709,0.2613,0.1168,0.5233
12.7090,0.0742,0.0704,0.2600,0.1165,0.5212
12.7100,0.0742,0.0699,0.2588,0.1162,0.5192
12.7110,0.0742,0.0695,0.2577,0.1159,0.5174
12.7120,0.0742,0.0690,0.2567,0.1157,0.5156
12.7130,0.0742,0.0686,0.2557,0.1155,0.5140
12.7140,0.0742,0.0682,0.2548,0.1153,0.5125
12.7150,0.0742,0.0678,0.2539,0.1152,0.5111
12.7160,0.0742,0.0674,0.2530,0.1150,0.5097
12.7170,0.0742,0.0670,0.2522,0.1149,0.5083
12.7180,0.0742,0.0666,0.2513,0.1148,0.5070
12.7190,0.0742,0.0662,0.2505,0.1147,0.5057
12.7200,0.0742,0.0659,0.2497,0.1146,0.5045
12.7210,0.0742,0.0707,0.2588,0.1145,0.5183
12.7220,0.0742,0.0704,0.2578,0.1145,0.5169
12.7230,0.0742,0.0701,0.2568,0.1145,0.5156
12.7240,0.0742,0.0698,0.2559,0.1145,0.5144
12.7250,0.0742,0.0695,0.2549,0.1145,0.5132
12.7260,0.0742,0.0693,0.2541,0.1145,0.5121
12.7270,0.0742,0.0691,0.2533,0.1145,0.5111
12.7280,0.0742,0.0689,0.2525,0.1145,0.5101
12.7290,0.0742,0.0687,0.2518,0.1145,0.5092
12.7300,0.0742,0.0685,0.2511,0.1145,0.5084
12.7310,0.0742,0.0683,0.2505,0.1145,0.5076
12.7320,0.0742,0.0682,0.2500,0.1145,0.5069
12.7330,0.0742,0.0681,0.2495,0.1145,0.5063
12.7340,0.0742,0.0679,0.2490,0.1145,0.5057
12.7350,0.0742,0.0678,0.2486,0.1145,0.5051
12.7360,0.0742,0.0677,0.2483,0.1145,0.5046
12.7370,0.0742,0.0676,0.2479,0.1145,0.5042
12.7380,0.0742,0.0675,0.2476,0.1145,0.5038
12.7390,0.0742,0.0674,0.2473,0.1145,0.5034
12.7400,0.0742,0.0673,0.2470,0.1145,0.5030
12.7410,0.0742,0.0673,0.2467,0.1145,0.5027
12.7420,0.0742,0.0672,0.2464,0.1145,0.5023
12.7430,0.0742,0.0671,0.2462,0.1145,0.5020
12.7440,0.0742,0.0671,0.2459,0.1145,0.5017
12.7450,0.0742,0.0670,0.2457,0.1145,0.5014
12.7460,0.0742,0.0670,0.2455,0.1145,0.5011
12.7470,0.0742,0.0669,0.2452,0.1145,0.5008
12.7480,0.0742,0.0669,0.2450,0.1145,0.5005
12.7490,0.0742,0.0668,0.2447,0.1145,0.5003
12.7500,0.0742,0.0668,0.2445,0.1145,0.5000
12.7510,0.0742,0.0668,0.2443,0.1145,0.4997
12.7520,0.0742,0.0667,0.2441,0.1145,0.4995
12.7530,0.0742,0.0667,0.2438,0.1145,0.4993
12.7540,0.0742,0.0667,0.2436,0.1145,0.4990
12.7550,0.0742,0.0667,0.2434,0.1145,0.4988
12.7560,0.0742,0.0667,0.2433,0.1145,0.4986
12.7570,0.0742,0.0666,0.2431,0.1145,0.4984
12.7580,0.0742,0.0666,0.2429,0.1145,0.4982
12.7590,0.0742,0.0666,0.2428,0.1145,0.4981
12.7600,0.0742,0.0666,0.2426,0.1145,0.4979
12.7610,0.0742,0.0666,0.2425,0.1145,0.4978
12.7620,0.0742,0.0666,0.2424,0.1145,0.4976
12.7630,0.0742,0.0666,0.2423,0.1145,0.4975
12.7640,0.0742,0.0666,0.2422,0.1145,0.4974
12.7650,0.0742,0.0666,0.2421,0.1145,0.4973
12.7660,0.0742,0.0666,0.2420,0.1145,0.4972
12.7670,0.0742,0.0666,0.2419,0.1145,0.4972
12.7680,0.0742,0.0666,0.2419,0.1145,0.4971
12.7690,0.0742,0.0666,0.2418,0.1145,0.4970
12.7700,0.0742,0.0666,0.2418,0.1145,0.4970
12.7710,0.0742,0.0666,0.2417,0.1145,0.4969
12.7720,0.0742,0.0666,0.2416,0.1145,0.4969
12.7730,0.0742,0.0666,0.2416,0.1145,0.4968
12.7740,0.0742,0.0666,0.2415,0.1145,0.4968
12.7750,0.0742,0.0666,0.2415,0.1145,0.4967
12.7760,0.0742,0.0666,0.2414,0.1145,0.4966
12.7770,0.0742,0.0666,0.2414,0.1145,0.4966
12.7780,0.0742,0.0666,0.2413,0.1145,0.4965
12.7790,0.0742,0.0666,0.2412,0.1145,0.4964
12.7800,0.0742,0.0666,0.2412,0.1145,0.4964
12.7810,0.0742,0.0666,0.2411,0.1145,0.4963
12.7820,0.0742,0.0666,0.2410,0.1145,0.4963
12.7830,0.0742,0.0666,0.2410,0.1145,0.4962
12.7840,0.0742,0.0666,0.2409,0.1145,0.4961
12.7850,0.0742,0.0666,0.2408,0.1145,0.4961
12.7860,0.0742,0.0666,0.2408,0.1145,0.4960
12.7870,0.0742,0.0666,0.2407,0.1145,0.4960
12.7880,0.0742,0.0666,0.2406,0.1145,0.4959
12.7890,0.0742,0.0666,0.2406,0.1145,0.4958
12.7900,0.0742,0.0666,0.2405,0.1145,0.4958
12.7910,0.0742,0.0666,0.2405,0.1145,0.4958
12.7920,0.0742,0.0666,0.2404,0.1145,0.4957
12.7930,0.0742,0.0667,0.2404,0.1145,0.4957
12.7940,0.0742,0.0667,0.2403,0.1145,0.4956
12.7950,0.0741,0.0667,0.2403,0.1145,0.4956
12.7960,0.0741,0.0667,0.2403,0.1145,0.4956
12.7970,0.0741,0.0667,0.2402,0.1145,0.4955
12.7980,0.0741,0.0667,0.2402,0.1145,0.4955
12.7990,0.0741,0.0667,0.2402,0.1145,0.4955
12.8000,0.0741,0.0667,0.2401,0.1145,0.4955
12.8010,0.0741,0.0667,0.2401,0.1145,0.4954
12.8020,0.0741,0.0667,0.2401,0.1145,0.4954
12.8030,0.0741,0.0667,0.2400,0.1145,0.4954
12.8040,0.0741,0.0667,0.2400,0.1145,0.4954
12.8050,0.0741,0.0667,0.2400,0.1145,0.4953
12.8060,0.0741,0.0668,0.2399,0.1145,0.4953
12.8070,0.0741,0.0668,0.2399,0.1145,0.4953
12.8080,0.0741,0.0668,0.2399,0.1145,0.4953
12.8090,0.0741,0.0668,0.2398,0.1145,0.4953
12.8100,0.0741,0.0668,0.2398,0.1145,0.4952
12.8110,0.0741,0.0668,0.2398,0.1145,0.4952
12.8120,0.0741,0.0668,0.2397,0.1145,0.4952
12.8130,0.0741,0.0668,0.2397,0.1145,0.4951
12.8140,0.0741,0.0668,0.2397,0.1145,0.4951
12.8150,0.0741,0.0668,0.2396,0.1145,0.4951
12.8160,0.0741,0.0668,0.2396,0.1145,0.4951
12.8170,0.0741,0.0669,0.2396,0.1145,0.4950
12.8180,0.0741,0.0669,0.2395,0.1145,0.4950
12.8190,0.0741,0.0669,0.2395,0.1145,0.4950
12.8200,0.0741,0.0669,0.2395,0.1145,0.4950
12.8210,0.0741,0.0669,0.2394,0.1145,0.4949
12.8220,0.0741,0.0669,0.2394,0.1145,0.4949
12.8230,0.0741,0.0669,0.2394,0.1145,0.4949
12.8240,0.0741,0.0669,0.2393,0.1145,0.4949
12.8250,0.0741,0.0669,0.2393,0.1145,0.4949
12.8260,0.0741,0.0669,0.2393,0.1145,0.4948
12.8270,0.0741,0.0670,0.2393,0.1145,0.4948
12.8280,0.0741,0.0670,0.2392,0.1145,0.4948
12.8290,0.0741,0.0670,0.2392,0.1145,0.4948
12.8300,0.0741,0.0670,0.2392,0.1145,0.4948
12.8310,0.0741,0.0670,0.2392,0.1145,0.4948
12.8320,0.0741,0.0670,0.2391,0.1145,0.4948
12.8330,0.0741,0.0670,0.2391,0.1145,0.4947
12.8340,0.0741,0.0670,0.2391,0.1145,0.4947
12.8350,0.0741,0.0670,0.2391,0.1145,0.4947
12.8360,0.0741,0.0671,0.2391,0.1145,0.4947
12.8370,0.0741,0.0671,0.2390,0.1145,0.4947
12.8380,0.0741,0.0671,0.2390,0.1145,0.4947
12.8390,0.0741,0.0671,0.2390,0.1145,0.4947
12.8400,0.0741,0.0671,0.2390,0.1145,0.4947
12.8410,0.0741,0.0671,0.2389,0.1145,0.4946
12.8420,0.0741,0.0671,0.2389,0.1145,0.4946
12.8430,0.0741,0.0671,0.2389,0.1145,0.4946
12.8440,0.0741,0.0671,0.2389,0.1145,0.4946
12.8450,0.0741,0.0671,0.2389,0.1145,0.4946
12.8460,0.0741,0.0672,0.2388,0.1145,0.4946
12.8470,0.0741,0.0672,0.2388,0.1145,0.4946
12.8480,0.0741,0.0672,0.2388,0.1145,0.4945
12.8490,0.0741,0.0672,0.2388,0.1145,0.4945
12.8500,0.0741,0.0672,0.2387,0.1145,0.4945
12.8510,0.0741,0.0672,0.2387,0.1145,0.4945
12.8520,0.0741,0.0672,0.2387,0.1145,0.4945
12.8530,0.0741,0.0672,0.2387,0.1145,0.4945
12.8540,0.0741,0.0672,0.2386,0.1145,0.4945
12.8550,0.0741,0.0673,0.2386,0.1145,0.4945
12.8560,0.0741,0.0673,0.2386,0.1145,0.4945
12.8570,0.0741,0.0673,0.2386,0.1145,0.4944
12.8580,0.0741,0.0673,0.2386,0.1145,0.4944
12.8590,0.0741,0.0673,0.2386,0.1145,0.4944
12.8600,0.0741,0.0673,0.2385,0.1145,0.4944
12.8610,0.0741,0.0673,0.2385,0.1145,0.4944
12.8620,0.0741,0.0673,0.2385,0.1145,0.4944
12.8630,0.0741,0.0674,0.2385,0.1145,0.4944
12.8640,0.0741,0.0674,0.2385,0.1145,0.4944
12.8650,0.0741,0.0674,0.2384,0.1145,0.4944
12.8660,0.0741,0.0674,0.2384,0.1145,0.4944
12.8670,0.0741,0.0674,0.2384,0.1145,0.4944
12.8680,0.0741,0.0674,0.2384,0.1145,0.4944
12.8690,0.0741,0.0674,0.2384,0.1145,0.4944
12.8700,0.0741,0.0674,0.2384,0.1145,0.4944
12.8710,0.0741,0.0674,0.2383,0.1145,0.4943
12.8720,0.0741,0.0675,0.2383,0.1145,0.4943
12.8730,0.0741,0.0675,0.2383,0.1145,0.4943
12.8740,0.0741,0.0675,0.2383,0.1145,0.4943
12.8750,0.0741,0.0675,0.2383,0.1145,0.4943
12.8760,0.0741,0.0675,0.2383,0.1145,0.4943
12.8770,0.0741,0.0675,0.2382,0.1145,0.4943
12.8780,0.0741,0.0675,0.2382,0.1145,0.4943
12.8790,0.0741,0.0675,0.2382,0.1145,0.4943
12.8800,0.0741,0.0676,0.2382,0.1145,0.4943
12.8810,0.0741,0.0676,0.2382,0.1145,0.4943
12.8820,0.0741,0.0676,0.2382,0.1145,0.4943
12.8830,0.0741,0.0676,0.2381,0.1145,0.4943
12.8840,0.0741,0.0676,0.2381,0.1145,0.4943
12.8850,0.0741,0.0676,0.2381,0.1145,0.4943
12.8860,0.0741,0.0676,0.2381,0.1145,0.4943
12.8870,0.0741,0.0676,0.2381,0.1145,0.4943
12.8880,0.0741,0.0676,0.2381,0.1145,0.4943
12.8890,0.0741,0.0677,0.2381,0.1145,0.4943
12.8900,0.0740,0.0677,0.2380,0.1145,0.4943
12.8910,0.0740,0.0677,0.2380,0.1145,0.4943
12.8920,0.0740,0.0677,0.2380,0.1145,0.4942
12.8930,0.0740,0.0677,0.2380,0.1145,0.4942
12.8940,0.0740,0.0677,0.2380,0.1145,0.4942
12.8950,0.0740,0.0677,0.2380,0.1145,0.4942
12.8960,0.0740,0.0677,0.2380,0.1145,0.4942
12.8970,0.0740,0.0678,0.2380,0.1145,0.4942
12.8980,0.0740,0.0678,0.2379,0.1145,0.4942
12.8990,0.0740,0.0678,0.2379,0.1145,0.4942
12.9000,0.0740,0.0678,0.2379,0.1145,0.4942
12.9010,0.0740,0.0678,0.2379,0.1145,0.4942
12.9020,0.0740,0.0678,0.2379,0.1145,0.4942
12.9030,0.0740,0.0678,0.2379,0.1145,0.4942
12.9040,0.0740,0.0678,0.2379,0.1145,0.4942
12.9050,0.0740,0.0679,0.2378,0.1145,0.4942
12.9060,0.0740,0.0679,0.2378,0.1145,0.4942
12.9070,0.0740,0.0679,0.2378,0.1145,0.4942
12.9080,0.0740,0.0679,0.2378,0.1145,0.4942
12.9090,0.0740,0.0679,0.2378,0.1145,0.4942
12.9100,0.0740,0.0679,0.2378,0.1145,0.4942
12.9110,0.0740,0.0679,0.2378,0.1145,0.4942
12.9120,0.0740,0.0679,0.2378,0.1145,0.4942
12.9130,0.0740,0.0680,0.2378,0.1145,0.4942
12.9140,0.0740,0.0680,0.2377,0.1145,0.4942
12.9150,0.0740,0.0680,0.2377,0.1145,0.4942
12.9160,0.0740,0.0680,0.2377,0.1145,0.4942
12.9170,0.0740,0.0680,0.2377,0.1145,0.4942
12.9180,0.0740,0.0680,0.2377,0.1145,0.4942
12.9190,0.0740,0.0680,0.2377,0.1145,0.4942
12.9200,0.0740,0.0681,0.2377,0.1145,0.4942
12.9210,0.0740,0.0681,0.2377,0.1145,0.4942
12.9220,0.0740,0.0681,0.2377,0.1145,0.4942
12.9230,0.0740,0.0681,0.2376,0.1145,0.4942
12.9240,0.0740,0.0681,0.2376,0.1145,0.4942
12.9250,0.0740,0.0681,0.2376,0.1145,0.4942
12.9260,0.0740,0.0681,0.2376,0.1145,0.4942
12.9270,0.0740,0.0681,0.2376,0.1145,0.4943
12.9280,0.0740,0.0682,0.2376,0.1145,0.4943
12.9290,0.0740,0.0682,0.2376,0.1145,0.4943
12.9300,0.0740,0.0682,0.2376,0.1145,0.4943
12.9310,0.0740,0.0682,0.2376,0.1145,0.4943
12.9320,0.0740,0.0682,0.2376,0.1145,0.4943
12.9330,0.0740,0.0682,0.2376,0.1145,0.4943
12.9340,0.0740,0.0682,0.2375,0.1145,0.4943
12.9350,0.0740,0.0682,0.2375,0.1145,0.4943
12.9360,0.0740,0.0683,0.2375,0.1145,0.4943
12.9370,0.0740,0.0683,0.2375,0.1145,0.4943
12.9380,0.0740,0.0683,0.2375,0.1145,0.4943
12.9390,0.0740,0.0683,0.2375,0.1145,0.4943
12.9400,0.0740,0.0683,0.2375,0.1145,0.4943
12.9410,0.0740,0.0683,0.2375,0.1145,0.4943
12.9420,0.0740,0.0683,0.2375,0.1145,0.4943
12.9430,0.0740,0.0684,0.2375,0.1145,0.4943
12.9440,0.0740,0.0684,0.2375,0.1145,0.4943
12.9450,0.0740,0.0684,0.2374,0.1145,0.4943
12.9460,0.0740,0.0684,0.2374,0.1145,0.4943
12.9470,0.0740,0.0684,0.2374,0.1145,0.4943
12.9480,0.0740,0.0684,0.2374,0.1145,0.4943
12.9490,0.0740,0.0684,0.2374,0.1145,0.4943
12.9500,0.0740,0.0684,0.2374,0.1145,0.4943
12.9510,0.0740,0.0685,0.2374,0.1145,0.4943
12.9520,0.0740,0.0685,0.2374,0.1145,0.4943
12.9530,0.0740,0.0685,0.2374,0.1145,0.4943
12.9540,0.0740,0.0685,0.2374,0.1145,0.4943
12.9550,0.0740,0.0685,0.2374,0.1145,0.4944
12.9560,0.0740,0.0685,0.2374,0.1145,0.4944
12.9570,0.0740,0.0685,0.2374,0.1145,0.4944
12.9580,0.0740,0.0685,0.2373,0.1145,0.4944
12.9590,0.0740,0.0686,0.2373,0.1145,0.4944
12.9600,0.0740,0.0686,0.2373,0.1145,0.4944
12.9610,0.0740,0.0686,0.2373,0.1145,0.4944
12.9620,0.0740,0.0686,0.2373,0.1145,0.4944
12.9630,0.0740,0.0686,0.2373,0.1145,0.4944
12.9640,0.0740,0.0686,0.2373,0.1145,0.4944
12.9650,0.0740,0.0686,0.2373,0.1145,0.4944
12.9660,0.0740,0.0687,0.2373,0.1145,0.4944
12.9670,0.0740,0.0687,0.2373,0.1145,0.4944
12.9680,0.0740,0.0687,0.2373,0.1145,0.4944
12.9690,0.0740,0.0687,0.2373,0.1145,0.4944
12.9700,0.0740,0.0687,0.2373,0.1145,0.4944
12.9710,0.0740,0.0687,0.2373,0.1145,0.4944
12.9720,0.0740,0.0687,0.2373,0.1145,0.4945
12.9730,0.0740,0.0688,0.2372,0.1145,0.4945
12.9740,0.0740,0.0688,0.2372,0.1145,0.4945
12.9750,0.0740,0.0688,0.2372,0.1145,0.4945
12.9760,0.0740,0.0688,0.2372,0.1145,0.4945
12.9770,0.0740,0.0688,0.2372,0.1145,0.4945
12.9780,0.0740,0.0688,0.2372,0.1145,0.4945
12.9790,0.0740,0.0688,0.2372,0.1145,0.4945
12.9800,0.0740,0.0688,0.2372,0.1145,0.4945
12.9810,0.0740,0.0689,0.2372,0.1145,0.4945
12.9820,0.0740,0.0689,0.2372,0.1145,0.4945
12.9830,0.0740,0.0689,0.2372,0.1145,0.4945
12.9840,0.0740,0.0689,0.2372,0.1145,0.4945
12.9850,0.0740,0.0689,0.2372,0.1145,0.4945
12.9860,0.0740,0.0689,0.2372,0.1145,0.4945
12.9870,0.0740,0.0689,0.2372,0.1145,0.4946
12.9880,0.0740,0.0690,0.2372,0.1145,0.4946
12.9890,0.0740,0.0690,0.2372,0.1145,0.4946
12.9900,0.0740,0.0690,0.2371,0.1145,0.4946
12.9910,0.0740,0.0690,0.2371,0.1145,0.4946
12.9920,0.0740,0.0690,0.2371,0.1145,0.4946
12.9930,0.0740,0.0690,0.2371,0.1145,0.4946
12.9940,0.0740,0.0690,0.2371,0.1145,0.4946
12.9950,0.0740,0.0691,0.2371,0.1145,0.4946
12.9960,0.0740,0.0691,0.2371,0.1145,0.4946
12.9970,0.0740,0.0691,0.2371,0.1145,0.4946
12.9980,0.0740,0.0691,0.2371,0.1145,0.4946
12.9990,0.0740,0.0691,0.2371,0.1145,0.4946
13.0000,0.0740,0.0691,0.2371,0.1145,0.4947
13.0010,0.0739,0.0691,0.2371,0.1145,0.4947
13.0020,0.0739,0.0691,0.2371,0.1145,0.4947
13.0030,0.0739,0.0692,0.2371,0.1145,0.4947
13.0040,0.0739,0.0692,0.2371,0.1145,0.4947
13.0050,0.0739,0.0692,0.2371,0.1145,0.4947
13.0060,0.0739,0.0692,0.2371,0.1145,0.4947
13.0070,0.0739,0.0692,0.2371,0.1145,0.4947
13.0080,0.0739,0.0692,0.2371,0.1145,0.4947
13.0090,0.0739,0.0692,0.2371,0.1145,0.4947
13.0100,0.0739,0.0693,0.2371,0.1145,0.4947
13.0110,0.0739,0.0693,0.2370,0.1145,0.4948
13.0120,0.0739,0.0693,0.2370,0.1145,0.4948
13.0130,0.0739,0.0693,0.2370,0.1145,0.4948
13.0140,0.0739,0.0693,0.2370,0.1145,0.4948
13.0150,0.0739,0.0693,0.2370,0.1145,0.4948
13.0160,0.0739,0.0693,0.2370,0.1145,0.4948
13.0170,0.0739,0.0694,0.2370,0.1145,0.4948
13.0180,0.0739,0.0694,0.2370,0.1145,0.4948
13.0190,0.0739,0.0694,0.2370,0.1145,0.4948
13.0200,0.0739,0.0694,0.2370,0.1145,0.4948
13.0210,0.0739,0.0694,0.2370,0.1145,0.4948
13.0220,0.0739,0.0694,0.2370,0.1145,0.4949
13.0230,0.0739,0.0694,0.2370,0.1145,0.4949
13.0240,0.0739,0.0695,0.2370,0.1145,0.4949
13.0250,0.0739,0.0695,0.2370,0.1145,0.4949
13.0260,0.0739,0.0695,0.2370,0.1145,0.4949
13.0270,0.0739,0.0695,0.2370,0.1145,0.4949
13.0280,0.0739,0.0695,0.2370,0.1145,0.4949
13.0290,0.0739,0.0695,0.2370,0.1145,0.4949
13.0300,0.0739,0.0695,0.2370,0.1145,0.4949
13.0310,0.0739,0.0696,0.2370,0.1145,0.4949
13.0320,0.0739,0.0696,0.2370,0.1145,0.4949
13.0330,0.0739,0.0696,0.2370,0.1145,0.4950
13.0340,0.0739,0.0696,0.2370,0.1145,0.4950
13.0350,0.0739,0.0696,0.2370,0.1145,0.4950
13.0360,0.0739,0.0696,0.2370,0.1145,0.4950
13.0370,0.0739,0.0696,0.2370,0.1145,0.4950
13.0380,0.0739,0.0697,0.2369,0.1145,0.4950
13.0390,0.0739,0.0697,0.2369,0.1145,0.4950
13.0400,0.0739,0.0697,0.2369,0.1145,0.4950
13.0410,0.0739,0.0697,0.2369,0.1145,0.4950
13.0420,0.0739,0.0697,0.2369,0.1145,0.4950
13.0430,0.0739,0.0697,0.2369,0.1145,0.4951
13.0440,0.0739,0.0697,0.2369,0.1145,0.4951
13.0450,0.0739,0.0697,0.2369,0.1145,0.4951
13.0460,0.0739,0.0698,0.2369,0.1145,0.4951
13.0470,0.0739,0.0698,0.2369,0.1145,0.4951
13.0480,0.0739,0.0698,0.2369,0.1145,0.4951
13.0490,0.0739,0.0698,0.2369,0.1145,0.4951
13.0500,0.0739,0.0698,0.2369,0.1145,0.4951
13.0510,0.0739,0.0698,0.2369,0.1145,0.4951
13.0520,0.0739,0.0698,0.2369,0.1145,0.4952
13.0530,0.0739,0.0699,0.2369,0.1145,0.4952
13.0540,0.0739,0.0699,0.2369,0.1145,0.4952
13.0550,0.0739,0.0699,0.2369,0.1145,0.4952
13.0560,0.0739,0.0699,0.2369,0.1145,0.4952
13.0570,0.0739,0.0699,0.2369,0.1145,0.4952
13.0580,0.0739,0.0699,0.2369,0.1145,0.4952
13.0590,0.0739,0.0699,0.2369,0.1145,0.4952
13.0600,0.0739,0.0700,0.2369,0.1145,0.4952
13.0610,0.0739,0.0700,0.2369,0.1145,0.4952
13.0620,0.0739,0.0700,0.2369,0.1145,0.4953
13.0630,0.0739,0.0700,0.2369,0.1145,0.4953
13.0640,0.0739,0.0700,0.2369,0.1145,0.4953
13.0650,0.0739,0.0700,0.2369,0.1145,0.4953
13.0660,0.0739,0.0700,0.2369,0.1145,0.4953
13.0670,0.0739,0.0701,0.2369,0.1145,0.4953
13.0680,0.0739,0.0701,0.2369,0.1145,0.4953
13.0690,0.0739,0.0701,0.2369,0.1145,0.4953
13.0700,0.0739,0.0701,0.2369,0.1145,0.4953
13.0710,0.0739,0.0701,0.2369,0.1145,0.4954
13.0720,0.0739,0.0701,0.2369,0.1145,0.4954
13.0730,0.0739,0.0701,0.2369,0.1145,0.4954
13.0740,0.0739,0.0702,0.2368,0.1145,0.4954
13.0750,0.0739,0.0702,0.2368,0.1145,0.4954
13.0760,0.0739,0.0702,0.2368,0.1145,0.4954
13.0770,0.0739,0.0702,0.2368,0.1145,0.4954
13.0780,0.0739,0.0702,0.2368,0.1145,0.4954
13.0790,0.0739,0.0702,0.2368,0.1145,0.4954
13.0800,0.0739,0.0702,0.2368,0.1145,0.4955
13.0810,0.0739,0.0703,0.2368,0.1145,0.4955
13.0820,0.0739,0.0703,0.2368,0.1145,0.4955
13.0830,0.0739,0.0703,0.2368,0.1145,0.4955
13.0840,0.0739,0.0703,0.2368,0.1145,0.4955
13.0850,0.0739,0.0703,0.2368,0.1145,0.4955
13.0860,0.0739,0.0703,0.2368,0.1145,0.4955
13.0870,0.0739,0.0703,0.2368,0.1145,0.4955
13.0880,0.0739,0.0704,0.2368,0.1145,0.4956
13.0890,0.0739,0.0704,0.2368,0.1145,0.4956
13.0900,0.0739,0.0704,0.2368,0.1145,0.4956
13.0910,0.0739,0.0704,0.2368,0.1145,0.4956
13.0920,0.0739,0.0704,0.2368,0.1145,0.4956
13.0930,0.0739,0.0704,0.2368,0.1145,0.4956
13.0940,0.0739,0.0704,0.2368,0.1145,0.4956
13.0950,0.0739,0.0705,0.2368,0.1145,0.4956
13.0960,0.0739,0.0705,0.2368,0.1145,0.4956
13.0970,0.0739,0.0705,0.2368,0.1145,0.4957
13.0980,0.0739,0.0705,0.2368,0.1145,0.4957
13.0990,0.0739,0.0705,0.2368,0.1145,0.4957
13.1000,0.0739,0.0705,0.2368,0.1145,0.4957
13.1010,0.0739,0.0705,0.2368,0.1145,0.4957
13.1020,0.0739,0.0706,0.2368,0.1145,0.4957
13.1030,0.0739,0.0706,0.2368,0.1145,0.4957
13.1040,0.0739,0.0706,0.2368,0.1145,0.4957
13.1050,0.0739,0.0706,0.2368,0.1145,0.4958
13.1060,0.0739,0.0706,0.2368,0.1145,0.4958
13.1070,0.0739,0.0706,0.2368,0.1145,0.4958
13.1080,0.0739,0.0706,0.2368,0.1145,0.4958
13.1090,0.0739,0.0707,0.2368,0.1145,0.4958
13.1100,0.0739,0.0707,0.2368,0.1145,0.4958
13.1110,0.0739,0.0707,0.2368,0.1145,0.4958
13.1120,0.0739,0.0707,0.2368,0.1145,0.4958
13.1130,0.0739,0.0707,0.2368,0.1145,0.4959
13.1140,0.0739,0.0707,0.2368,0.1145,0.4959
13.1150,0.0739,0.0708,0.2368,0.1145,0.4959
13.1160,0.0739,0.0708,0.2368,0.1145,0.4959
13.1170,0.0739,0.0708,0.2368,0.1145,0.4959
13.1180,0.0739,0.0708,0.2368,0.1145,0.4959
13.1190,0.0739,0.0708,0.2368,0.1145,0.4959
13.1200,0.0739,0.0708,0.2368,0.1145,0.4959
13.1210,0.0739,0.0708,0.2368,0.1145,0.4959
13.1220,0.0739,0.0709,0.2368,0.1145,0.4960
13.1230,0.0739,0.0709,0.2368,0.1145,0.4960
13.1240,0.0739,0.0709,0.2368,0.1145,0.4960
13.1250,0.0739,0.0709,0.2368,0.1145,0.4960
13.1260,0.0739,0.0709,0.2368,0.1145,0.4960
13.1270,0.0739,0.0709,0.2368,0.1145,0.4960
13.1280,0.0739,0.0709,0.2368,0.1145,0.4960
13.1290,0.0739,0.0710,0.2368,0.1145,0.4960
13.1300,0.0739,0.0710,0.2368,0.1145,0.4961
13.1310,0.0739,0.0710,0.2368,0.1145,0.4961
13.1320,0.0739,0.0710,0.2367,0.1145,0.4961
13.1330,0.0739,0.0710,0.2367,0.1145,0.4961
13.1340,0.0739,0.0710,0.2367,0.1145,0.4961
13.1350,0.0739,0.0710,0.2367,0.1145,0.4961
13.1360,0.0738,0.0711,0.2367,0.1145,0.4961
13.1370,0.0738,0.0711,0.2367,0.1145,0.4961
13.1380,0.0738,0.0711,0.2367,0.1145,0.4962
13.1390,0.0738,0.0711,0.2367,0.1145,0.4962
13.1400,0.0738,0.0711,0.2367,0.1145,0.4962
13.1410,0.0738,0.0711,0.2367,0.1145,0.4962
13.1420,0.0738,0.0711,0.2367,0.1145,0.4962
13.1430,0.0738,0.0712,0.2367,0.1145,0.4962
13.1440,0.0738,0.0712,0.2367,0.1145,0.4962
13.1450,0.0738,0.0712,0.2367,0.1145,0.4963
13.1460,0.0738,0.0712,0.2367,0.1145,0.4963
13.1470,0.0738,0.0712,0.2367,0.1145,0.4963
13.1480,0.0738,0.0712,0.2367,0.1145,0.4963
13.1490,0.0738,0.0712,0.2367,0.1145,0.4963
13.1500,0.0738,0.0713,0.2367,0.1145,0.4963
13.1510,0.0738,0.0713,0.2367,0.1145,0.4963
13.1520,0.0738,0.0713,0.2367,0.1145,0.4963
13.1530,0.0738,0.0713,0.2367,0.1145,0.4964
13.1540,0.0738,0.0713,0.2367,0.1145,0.4964
13.1550,0.0738,0.0713,0.2367,0.1145,0.4964
13.1560,0.0738,0.0713,0.2367,0.1145,0.4964
13.1570,0.0738,0.0714,0.2367,0.1145,0.4964
13.1580,0.0738,0.0714,0.2367,0.1145,0.4964
13.1590,0.0738,0.0714,0.2367,0.1145,0.4964
13.1600,0.0738,0.0714,0.2367,0.1145,0.4964
13.1610,0.0738,0.0714,0.2367,0.1145,0.4965
13.1620,0.0738,0.0714,0.2367,0.1145,0.4965
13.1630,0.0738,0.0714,0.2367,0.1145,0.4965
13.1640,0.0738,0.0715,0.2367,0.1145,0.4965
13.1650,0.0738,0.0715,0.2367,0.1145,0.4965
13.1660,0.0738,0.0715,0.2367,0.1145,0.4965
13.1670,0.0738,0.0715,0.2367,0.1145,0.4965
13.1680,0.0738,0.0715,0.2367,0.1145,0.4965
13.1690,0.0738,0.0715,0.2367,0.1145,0.4966
13.1700,0.0738,0.0716,0.2367,0.1145,0.4966
13.1710,0.0738,0.0716,0.2367,0.1145,0.4966
13.1720,0.0738,0.0716,0.2367,0.1145,0.4966
13.1730,0.0738,0.0716,0.2367,0.1145,0.4966
13.1740,0.0738,0.0716,0.2367,0.1145,0.4966
13.1750,0.0738,0.0716,0.2367,0.1145,0.4966
13.1760,0.0738,0.0716,0.2367,0.1145,0.4967
13.1770,0.0738,0.0717,0.2367,0.1145,0.4967
13.1780,0.0738,0.0717,0.2367,0.1145,0.4967
13.1790,0.0738,0.0717,0.2367,0.1145,0.4967
13.1800,0.0738,0.0717,0.2367,0.1145,0.4967
13.1810,0.0738,0.0717,0.2367,0.1145,0.4967
13.1820,0.0738,0.0717,0.2367,0.1145,0.4967
13.1830,0.0738,0.0717,0.2367,0.1145,0.4967
13.1840,0.0738,0.0718,0.2367,0.1145,0.4968
13.1850,0.0738,0.0718,0.2367,0.1145,0.4968
13.1860,0.0738,0.0718,0.2367,0.1145,0.4968
13.1870,0.0738,0.0718,0.2367,0.1145,0.4968
13.1880,0.0738,0.0718,0.2367,0.1145,0.4968
13.1890,0.0738,0.0718,0.2367,0.1145,0.4968
13.1900,0.0738,0.0718,0.2367,0.1145,0.4968
13.1910,0.0738,0.0719,0.2367,0.1145,0.4969
13.1920,0.0738,0.0719,0.2367,0.1145,0.4969
13.1930,0.0738,0.0719,0.2367,0.1145,0.4969
13.1940,0.0738,0.0719,0.2367,0.1145,0.4969
13.1950,0.0738,0.0719,0.2367,0.1145,0.4969
13.1960,0.0738,0.0719,0.2367,0.1145,0.4969
13.1970,0.0738,0.0719,0.2367,0.1145,0.4969
13.1980,0.0738,0.0720,0.2367,0.1145,0.4969
13.1990,0.0738,0.0720,0.2367,0.1145,0.4970
13.2000,0.0738,0.0720,0.2367,0.1145,0.4970
13.2010,0.0738,0.0720,0.2367,0.1145,0.4970
13.2020,0.0738,0.0720,0.2367,0.1145,0.4970
13.2030,0.0738,0.0720,0.2367,0.1145,0.4970
13.2040,0.0738,0.0720,0.2367,0.1145,0.4970
13.2050,0.0738,0.0721,0.2367,0.1145,0.4970
13.2060,0.0738,0.0721,0.2367,0.1145,0.4971
13.2070,0.0738,0.0721,0.2367,0.1145,0.4971
13.2080,0.0738,0.0721,0.2367,0.1145,0.4971
13.2090,0.0738,0.0721,0.2367,0.1145,0.4971
13.2100,0.0738,0.0721,0.2367,0.1145,0.4971
13.2110,0.0738,0.0722,0.2367,0.1145,0.4971
13.2120,0.0738,0.0722,0.2367,0.1145,0.4971
13.2130,0.0738,0.0722,0.2367,0.1145,0.4972
13.2140,0.0738,0.0722,0.2367,0.1145,0.4972
13.2150,0.0738,0.0722,0.2367,0.1145,0.4972
13.2160,0.0738,0.0722,0.2367,0.1145,0.4972
13.2170,0.0738,0.0722,0.2367,0.1145,0.4972
13.2180,0.0738,0.0723,0.2367,0.1145,0.4972
13.2190,0.0738,0.0723,0.2367,0.1145,0.4972
13.2200,0.0738,0.0723,0.2367,0.1145,0.4972
13.2210,0.0738,0.0723,0.2367,0.1145,0.4973
13.2220,0.0738,0.0723,0.2367,0.1145,0.4973
13.2230,0.0738,0.0723,0.2367,0.1145,0.4973
13.2240,0.0738,0.0723,0.2367,0.1145,0.4973
13.2250,0.0738,0.0724,0.2367,0.1145,0.4973
13.2260,0.0738,0.0724,0.2367,0.1145,0.4973
13.2270,0.0738,0.0724,0.2367,0.1145,0.4973
13.2280,0.0738,0.0724,0.2367,0.1145,0.4974
13.2290,0.0738,0.0724,0.2367,0.1145,0.4974
13.2300,0.0738,0.0724,0.2367,0.1145,0.4974
13.2310,0.0738,0.0724,0.2367,0.1145,0.4974
13.2320,0.0738,0.0725,0.2367,0.1145,0.4974
13.2330,0.0738,0.0725,0.2367,0.1145,0.4974
13.2340,0.0738,0.0725,0.2367,0.1145,0.4974
13.2350,0.0738,0.0725,0.2367,0.1145,0.4975
13.2360,0.0738,0.0725,0.2367,0.1145,0.4975
13.2370,0.0738,0.0725,0.2367,0.1145,0.4975
13.2380,0.0738,0.0726,0.2367,0.1145,0.4975
13.2390,0.0738,0.0726,0.2367,0.1145,0.4975
13.2400,0.0738,0.0726,0.2367,0.1145,0.4975
13.2410,0.0738,0.0726,0.2367,0.1145,0.4975
13.2420,0.0738,0.0726,0.2367,0.1145,0.4976
13.2430,0.0738,0.0726,0.2367,0.1145,0.4976
13.2440,0.0738,0.0726,0.2367,0.1145,0.4976
13.2450,0.0738,0.0727,0.2367,0.1145,0.4976
13.2460,0.0738,0.0727,0.2367,0.1145,0.4976
13.2470,0.0738,0.0727,0.2367,0.1145,0.4976
13.2480,0.0738,0.0727,0.2367,0.1145,0.4976
13.2490,0.0738,0.0727,0.2367,0.1145,0.4976
13.2500,0.0738,0.0727,0.2367,0.1145,0.4977
13.2510,0.0738,0.0727,0.2367,0.1145,0.4977
13.2520,0.0738,0.0728,0.2367,0.1145,0.4977
13.2530,0.0738,0.0728,0.2367,0.1145,0.4977
13.2540,0.0738,0.0728,0.2367,0.1145,0.4977
13.2550,0.0738,0.0728,0.2367,0.1145,0.4977
13.2560,0.0738,0.0728,0.2367,0.1145,0.4977
13.2570,0.0738,0.0728,0.2367,0.1145,0.4978
13.2580,0.0738,0.0728,0.2367,0.1145,0.4978
13.2590,0.0738,0.0729,0.2367,0.1145,0.4978
13.2600,0.0738,0.0729,0.2367,0.1145,0.4978
13.2610,0.0738,0.0729,0.2367,0.1145,0.4978
13.2620,0.0738,0.0729,0.2367,0.1145,0.4978
13.2630,0.0738,0.0729,0.2367,0.1145,0.4978
13.2640,0.0738,0.0729,0.2367,0.1145,0.4979
13.2650,0.0738,0.0730,0.2367,0.1145,0.4979
13.2660,0.0738,0.0730,0.2367,0.1145,0.4979
13.2670,0.0738,0.0730,0.2367,0.1145,0.4979
13.2680,0.0738,0.0730,0.2367,0.1145,0.4979
13.2690,0.0738,0.0730,0.2367,0.1145,0.4979
13.2700,0.0738,0.0730,0.2367,0.1145,0.4979
13.2710,0.0738,0.0730,0.2367,0.1145,0.4980
13.2720,0.0738,0.0731,0.2367,0.1145,0.4980
13.2730,0.0738,0.0731,0.2367,0.1145,0.4980
13.2740,0.0738,0.0731,0.2367,0.1145,0.4980
13.2750,0.0738,0.0731,0.2367,0.1145,0.4980
13.2760,0.0738,0.0731,0.2367,0.1145,0.4980
13.2770,0.0738,0.0731,0.2367,0.1145,0.4980
13.2780,0.0738,0.0731,0.2367,0.1145,0.4981
13.2790,0.0738,0.0732,0.2367,0.1145,0.4981
13.2800,0.0738,0.0732,0.2367,0.1145,0.4981
13.2810,0.0738,0.0732,0.2367,0.1145,0.4981
13.2820,0.0738,0.0732,0.2367,0.1145,0.4981
13.2830,0.0738,0.0732,0.2367,0.1145,0.4981
13.2840,0.0738,0.0732,0.2367,0.1145,0.4981
13.2850,0.0738,0.0732,0.2367,0.1145,0.4982
13.2860,0.0738,0.0733,0.2367,0.1145,0.4982
13.2870,0.0738,0.0733,0.2367,0.1145,0.4982
13.2880,0.0738,0.0733,0.2367,0.1145,0.4982
13.2890,0.0738,0.0733,0.2367,0.1145,0.4982
13.2900,0.0738,0.0733,0.2367,0.1145,0.4982
13.2910,0.0738,0.0733,0.2367,0.1145,0.4982
13.2920,0.0738,0.0734,0.2367,0.1145,0.4983
13.2930,0.0738,0.0734,0.2367,0.1145,0.4983
13.2940,0.0738,0.0734,0.2367,0.1145,0.4983
13.2950,0.0738,0.0734,0.2367,0.1145,0.4983
13.2960,0.0738,0.0734,0.2367,0.1145,0.4983
13.2970,0.0738,0.0734,0.2367,0.1145,0.4983
13.2980,0.0738,0.0734,0.2367,0.1145,0.4983
13.2990,0.0738,0.0735,0.2367,0.1145,0.4984
13.3000,0.0738,0.0735,0.2367,0.1145,0.4984
13.3010,0.0738,0.0735,0.2367,0.1145,0.4984
13.3020,0.0738,0.0735,0.2367,0.1145,0.4984
13.3030,0.0738,0.0735,0.2367,0.1145,0.4984
13.3040,0.0738,0.0735,0.2367,0.1145,0.4984
13.3050,0.0738,0.0735,0.2367,0.1145,0.4984
13.3060,0.0738,0.0736,0.2366,0.1145,0.4984
13.3070,0.0737,0.0736,0.2366,0.1145,0.4985
13.3080,0.0737,0.0736,0.2366,0.1145,0.4985
13.3090,0.0737,0.0736,0.2366,0.1145,0.4985
13.3100,0.0737,0.0736,0.2366,0.1145,0.4985
13.3110,0.0737,0.0736,0.2366,0.1145,0.4985
13.3120,0.0737,0.0736,0.2366,0.1145,0.4985
13.3130,0.0737,0.0737,0.2366,0.1145,0.4985
13.3140,0.0737,0.0737,0.2366,0.1145,0.4986
13.3150,0.0737,0.0737,0.2366,0.1145,0.4986
13.3160,0.0737,0.0737,0.2366,0.1145,0.4986
13.3170,0.0737,0.0737,0.2366,0.1145,0.4986
13.3180,0.0737,0.0737,0.2366,0.1145,0.4986
13.3190,0.0737,0.0737,0.2366,0.1145,0.4986
13.3200,0.0737,0.0737,0.2366,0.1145,0.4986
13.3210,0.0737,0.0738,0.2366,0.1145,0.4986
13.3220,0.0737,0.0738,0.2366,0.1145,0.4987
13.3230,0.0737,0.0738,0.2366,0.1145,0.4987
13.3240,0.0737,0.0738,0.2366,0.1145,0.4987
13.3250,0.0737,0.0738,0.2366,0.1145,0.4987
13.3260,0.0737,0.0738,0.2366,0.1145,0.4987
13.3270,0.0737,0.0738,0.2366,0.1145,0.4987
13.3280,0.0737,0.0738,0.2366,0.1145,0.4987
13.3290,0.0737,0.0739,0.2366,0.1145,0.4987
13.3300,0.0737,0.0739,0.2366,0.1145,0.4987
13.3310,0.0737,0.0739,0.2366,0.1145,0.4988
13.3320,0.0737,0.0739,0.2366,0.1145,0.4988
13.3330,0.0737,0.0739,0.2366,0.1145,0.4988
13.3340,0.0737,0.0739,0.2366,0.1145,0.4988
13.3350,0.0737,0.0739,0.2366,0.1145,0.4988
13.3360,0.0737,0.0739,0.2366,0.1145,0.4988
13.3370,0.0737,0.0740,0.2366,0.1145,0.4988
13.3380,0.0737,0.0740,0.2366,0.1145,0.4988
13.3390,0.0737,0.0740,0.2366,0.1145,0.4988
13.3400,0.0737,0.0740,0.2366,0.1145,0.4989
13.3410,0.0737,0.0740,0.2366,0.1145,0.4989
13.3420,0.0737,0.0740,0.2366,0.1145,0.4989
13.3430,0.0737,0.0740,0.2366,0.1145,0.4989
13.3440,0.0737,0.0740,0.2366,0.1145,0.4989
13.3450,0.0737,0.0740,0.2366,0.1145,0.4989
13.3460,0.0737,0.0741,0.2366,0.1145,0.4989
13.3470,0.0737,0.0741,0.2366,0.1145,0.4989
13.3480,0.0737,0.0741,0.2366,0.1145,0.4990
13.3490,0.0737,0.0741,0.2366,0.1145,0.4990
13.3500,0.0737,0.0741,0.2366,0.1145,0.4990
13.3510,0.0737,0.0742,0.2366,0.1145,0.4990
13.3520,0.0737,0.0742,0.2366,0.1145,0.4991
13.3530,0.0737,0.0742,0.2366,0.1145,0.4991
13.3540,0.0737,0.0743,0.2366,0.1145,0.4991
13.3550,0.0737,0.0743,0.2366,0.1145,0.4991
13.3560,0.0737,0.0743,0.2366,0.1145,0.4991
13.3570,0.0737,0.0743,0.2366,0.1145,0.4991
13.3580,0.0737,0.0743,0.2366,0.1145,0.4991
13.3590,0.0737,0.0743,0.2366,0.1145,0.4991
13.3600,0.0737,0.0743,0.2366,0.1145,0.4991
13.3610,0.0737,0.0743,0.2366,0.1145,0.4992
13.3620,0.0737,0.0743,0.2366,0.1145,0.4992
13.3630,0.0737,0.0743,0.2366,0.1145,0.4992
13.3640,0.0737,0.0743,0.2366,0.1145,0.4992
13.3650,0.0737,0.0743,0.2366,0.1145,0.4992
13.3660,0.0737,0.0743,0.2366,0.1145,0.4992
13.3670,0.0737,0.0744,0.2366,0.1145,0.4992
13.3680,0.0737,0.0744,0.2366,0.1145,0.4992
13.3690,0.0737,0.0744,0.2366,0.1145,0.4992
13.3700,0.0737,0.0744,0.2366,0.1145,0.4992
13.3710,0.0737,0.0744,0.2366,0.1145,0.4992
13.3720,0.0737,0.0744,0.2366,0.1145,0.4992
13.3730,0.0737,0.0744,0.2366,0.1145,0.4992
13.3740,0.0737,0.0744,0.2366,0.1145,0.4992
13.3750,0.0737,0.0744,0.2366,0.1145,0.4992
13.3760,0.0737,0.0744,0.2366,0.1145,0.4991
13.3770,0.0737,0.0744,0.2366,0.1145,0.4991
13.3780,0.0737,0.0744,0.2366,0.1145,0.4991
13.3790,0.0737,0.0744,0.2366,0.1145,0.4991
13.3800,0.0737,0.0744,0.2365,0.1145,0.4991
13.3810,0.0737,0.0744,0.2365,0.1145,0.4991
13.3820,0.0737,0.0744,0.2365,0.1145,0.4991
13.3830,0.0737,0.0744,0.2365,0.1145,0.4991
13.3840,0.0737,0.0744,0.2365,0.1145,0.4991
13.3850,0.0737,0.0744,0.2365,0.1145,0.4991
13.3860,0.0737,0.0744,0.2365,0.1145,0.4991
13.3870,0.0737,0.0744,0.2365,0.1145,0.4991
13.3880,0.0737,0.0744,0.2365,0.1145,0.4991
13.3890,0.0737,0.0744,0.2365,0.1145,0.4991
13.3900,0.0737,0.0744,0.2365,0.1145,0.4991
13.3910,0.0737,0.0744,0.2365,0.1145,0.4991
13.3920,0.0737,0.0744,0.2365,0.1145,0.4991
13.3930,0.0737,0.0744,0.2365,0.1145,0.4991
13.3940,0.0737,0.0744,0.2365,0.1145,0.4991
13.3950,0.0737,0.0744,0.2365,0.1145,0.4991
13.3960,0.0737,0.0744,0.2365,0.1145,0.4991
13.3970,0.0737,0.0744,0.2365,0.1145,0.4991
13.3980,0.0737,0.0744,0.2365,0.1145,0.4991
13.3990,0.0737,0.0744,0.2365,0.1145,0.4991
13.4000,0.0737,0.0744,0.2365,0.1145,0.4991
13.4010,0.0737,0.0744,0.2365,0.1145,0.4991
13.4020,0.0737,0.0744,0.2365,0.1145,0.4991
13.4030,0.0737,0.0744,0.2365,0.1145,0.4991
13.4040,0.0737,0.0744,0.2365,0.1145,0.4991
13.4050,0.0737,0.0744,0.2364,0.1145,0.4991
13.4060,0.0737,0.0744,0.2364,0.1145,0.4991
13.4070,0.0737,0.0744,0.2364,0.1145,0.4991
13.4080,0.0737,0.0744,0.2364,0.1145,0.4991
13.4090,0.0737,0.0744,0.2364,0.1145,0.4991
13.4100,0.0737,0.0744,0.2364,0.1145,0.4990
13.4110,0.0737,0.0744,0.2364,0.1145,0.4990
13.4120,0.0737,0.0744,0.2364,0.1145,0.4990
13.4130,0.0737,0.0744,0.2364,0.1145,0.4990
13.4140,0.0737,0.0744,0.2364,0.1145,0.4990
13.4150,0.0737,0.0744,0.2364,0.1145,0.4990
13.4160,0.0737,0.0744,0.2364,0.1145,0.4990
13.4170,0.0737,0.0744,0.2364,0.1145,0.4990
13.4180,0.0737,0.0744,0.2364,0.1145,0.4990
13.4190,0.0737,0.0744,0.2364,0.1145,0.4990
13.4200,0.0737,0.0744,0.2364,0.1145,0.4990
13.4210,0.0737,0.0744,0.2364,0.1145,0.4990
13.4220,0.0737,0.0744,0.2364,0.1145,0.4990
13.4230,0.0737,0.0744,0.2364,0.1145,0.4990
13.4240,0.0737,0.0744,0.2364,0.1145,0.4990
13.4250,0.0737,0.0744,0.2364,0.1145,0.4990
13.4260,0.0737,0.0744,0.2364,0.1145,0.4990
13.4270,0.0737,0.0744,0.2364,0.1145,0.4990
13.4280,0.0737,0.0745,0.2364,0.1145,0.4990
13.4290,0.0737,0.0745,0.2364,0.1145,0.4990
13.4300,0.0737,0.0745,0.2364,0.1145,0.4990
13.4310,0.0737,0.0745,0.2364,0.1145,0.4990
13.4320,0.0737,0.0745,0.2364,0.1145,0.4990
13.4330,0.0737,0.0745,0.2363,0.1145,0.4990
13.4340,0.0737,0.0745,0.2363,0.1145,0.4990
13.4350,0.0737,0.0745,0.2363,0.1145,0.4990
13.4360,0.0737,0.0745,0.2363,0.1145,0.4990
13.4370,0.0737,0.0745,0.2363,0.1145,0.4990
13.4380,0.0737,0.0745,0.2363,0.1145,0.4990
13.4390,0.0737,0.0745,0.2363,0.1145,0.4990
13.4400,0.0737,0.0745,0.2363,0.1145,0.4990
13.4410,0.0737,0.0745,0.2363,0.1145,0.4990
13.4420,0.0737,0.0745,0.2363,0.1145,0.4990
13.4430,0.0737,0.0745,0.2363,0.1145,0.4990
13.4440,0.0737,0.0745,0.2363,0.1145,0.4990
13.4450,0.0737,0.0745,0.2363,0.1145,0.4990
13.4460,0.0737,0.0745,0.2363,0.1145,0.4989
13.4470,0.0737,0.0745,0.2363,0.1145,0.4989
13.4480,0.0737,0.0745,0.2363,0.1145,0.4989
13.4490,0.0737,0.0745,0.2363,0.1145,0.4989
13.4500,0.0737,0.0745,0.2363,0.1145,0.4989
13.4510,0.0737,0.0745,0.2363,0.1145,0.4989
13.4520,0.0737,0.0745,0.2363,0.1145,0.4989
13.4530,0.0737,0.0745,0.2363,0.1145,0.4989
13.4540,0.0737,0.0745,0.2363,0.1145,0.4989
13.4550,0.0737,0.0745,0.2363,0.1145,0.4989
13.4560,0.0737,0.0745,0.2363,0.1145,0.4989
13.4570,0.0737,0.0745,0.2363,0.1145,0.4989
13.4580,0.0737,0.0745,0.2363,0.1145,0.4989
13.4590,0.0737,0.0745,0.2363,0.1145,0.4989
13.4600,0.0737,0.0745,0.2363,0.1145,0.4989
13.4610,0.0737,0.0745,0.2363,0.1145,0.4989
13.4620,0.0737,0.0745,0.2363,0.1145,0.4989
13.4630,0.0737,0.0745,0.2363,0.1145,0.4989
13.4640,0.0737,0.0745,0.2363,0.1145,0.4989
13.4650,0.0737,0.0745,0.2363,0.1145,0.4989
13.4660,0.0737,0.0745,0.2363,0.1145,0.4989
13.4670,0.0737,0.0745,0.2363,0.1145,0.4989
13.4680,0.0737,0.0745,0.2363,0.1145,0.4989
13.4690,0.0737,0.0745,0.2362,0.1145,0.4989
13.4700,0.0737,0.0745,0.2362,0.1145,0.4989
13.4710,0.0737,0.0745,0.2362,0.1145,0.4989
13.4720,0.0737,0.0745,0.2362,0.1145,0.4989
13.4730,0.0737,0.0745,0.2362,0.1145,0.4989
13.4740,0.0737,0.0745,0.2362,0.1145,0.4989
13.4750,0.0737,0.0745,0.2362,0.1145,0.4989
13.4760,0.0737,0.0745,0.2362,0.1145,0.4989
13.4770,0.0737,0.0745,0.2362,0.1145,0.4989
13.4780,0.0737,0.0745,0.2362,0.1145,0.4989
13.4790,0.0737,0.0745,0.2362,0.1145,0.4989
13.4800,0.0737,0.0745,0.2362,0.1145,0.4989
13.4810,0.0737,0.0745,0.2362,0.1145,0.4989
13.4820,0.0737,0.0745,0.2362,0.1145,0.4989
13.4830,0.0737,0.0745,0.2362,0.1145,0.4989
13.4840,0.0737,0.0745,0.2362,0.1145,0.4989
13.4850,0.0737,0.0745,0.2362,0.1145,0.4989
13.4860,0.0737,0.0745,0.2362,0.1145,0.4989
13.4870,0.0737,0.0745,0.2362,0.1145,0.4989
13.4880,0.0737,0.0745,0.2362,0.1145,0.4989
13.4890,0.0737,0.0745,0.2362,0.1145,0.4989
13.4900,0.0737,0.0745,0.2362,0.1145,0.4989
13.4910,0.0737,0.0745,0.2362,0.1145,0.4989
13.4920,0.0737,0.0745,0.2362,0.1145,0.4989
13.4930,0.0737,0.0745,0.2362,0.1145,0.4988
13.4940,0.0737,0.0745,0.2362,0.1145,0.4988
13.4950,0.0737,0.0745,0.2362,0.1145,0.4988
13.4960,0.0737,0.0745,0.2362,0.1145,0.4988
13.4970,0.0737,0.0745,0.2362,0.1145,0.4988
13.4980,0.0737,0.0745,0.2362,0.1145,0.4988
13.4990,0.0737,0.0745,0.2362,0.1145,0.4988
13.5000,0.0737,0.0745,0.2362,0.1145,0.4988
13.5010,0.0737,0.0745,0.2362,0.1145,0.4988
13.5020,0.0737,0.0745,0.2362,0.1145,0.4988
13.5030,0.0737,0.0745,0.2362,0.1145,0.4988
13.5040,0.0737,0.0745,0.2362,0.1145,0.4988
13.5050,0.0737,0.0745,0.2362,0.1145,0.4988
13.5060,0.0737,0.0745,0.2362,0.1145,0.4988
13.5070,0.0737,0.0745,0.2362,0.1145,0.4988
13.5080,0.0737,0.0745,0.2362,0.1145,0.4988
13.5090,0.0737,0.0745,0.2362,0.1145,0.4988
13.5100,0.0737,0.0745,0.2362,0.1145,0.4988
13.5110,0.0737,0.0745,0.2362,0.1145,0.4988
13.5120,0.0737,0.0745,0.2362,0.1145,0.4988
13.5130,0.0737,0.0745,0.2362,0.1145,0.4988
13.5140,0.0737,0.0745,0.2362,0.1145,0.4988
13.5150,0.0737,0.0745,0.2362,0.1145,0.4988
13.5160,0.0737,0.0745,0.2362,0.1145,0.4988
13.5170,0.0737,0.0745,0.2362,0.1145,0.4988
13.5180,0.0737,0.0745,0.2362,0.1145,0.4988
13.5190,0.0737,0.0745,0.2362,0.1145,0.4988
13.5200,0.0737,0.0745,0.2362,0.1145,0.4988
13.5210,0.0737,0.0745,0.2361,0.1145,0.4988
13.5220,0.0737,0.0745,0.2361,0.1145,0.4988
13.5230,0.0737,0.0745,0.2361,0.1145,0.4988
13.5240,0.0737,0.0745,0.2361,0.1145,0.4988
13.5250,0.0737,0.0745,0.2361,0.1145,0.4988
13.5260,0.0737,0.0745,0.2361,0.1145,0.4988
13.5270,0.0737,0.0745,0.2361,0.1145,0.4988
13.5280,0.0737,0.0745,0.2361,0.1145,0.4988
13.5290,0.0737,0.0745,0.2361,0.1145,0.4988
13.5300,0.0737,0.0745,0.2361,0.1145,0.4988
13.5310,0.0737,0.0745,0.2361,0.1145,0.4988
13.5320,0.0737,0.0745,0.2361,0.1145,0.4988
13.5330,0.0737,0.0745,0.2361,0.1145,0.4988
13.5340,0.0737,0.0745,0.2361,0.1145,0.4988
13.5350,0.0737,0.0745,0.2361,0.1145,0.4988
13.5360,0.0737,0.0745,0.2361,0.1145,0.4988
13.5370,0.0737,0.0745,0.2361,0.1145,0.4988
13.5380,0.0737,0.0745,0.2361,0.1145,0.4988
13.5390,0.0737,0.0745,0.2361,0.1145,0.4988
13.5400,0.0737,0.0745,0.2361,0.1145,0.4988
13.5410,0.0737,0.0745,0.2361,0.1145,0.4988
13.5420,0.0737,0.0745,0.2361,0.1145,0.4988
13.5430,0.0736,0.0745,0.2361,0.1145,0.4988
13.5440,0.0736,0.0745,0.2361,0.1145,0.4988
13.5450,0.0736,0.0745,0.2361,0.1145,0.4988
13.5460,0.0736,0.0745,0.2361,0.1145,0.4988
13.5470,0.0736,0.0745,0.2361,0.1145,0.4988
13.5480,0.0736,0.0745,0.2361,0.1145,0.4988
13.5490,0.0736,0.0745,0.2361,0.1145,0.4988
13.5500,0.0736,0.0745,0.2361,0.1145,0.4988
13.5510,0.0736,0.0745,0.2361,0.1145,0.4988
13.5520,0.0736,0.0745,0.2361,0.1145,0.4988
13.5530,0.0736,0.0745,0.2361,0.1145,0.4988
13.5540,0.0736,0.0745,0.2361,0.1145,0.4988
13.5550,0.0736,0.0745,0.2361,0.1145,0.4988
13.5560,0.0736,0.0745,0.2361,0.1145,0.4988
13.5570,0.0736,0.0745,0.2361,0.1145,0.4988
13.5580,0.0736,0.0745,0.2361,0.1145,0.4988
13.5590,0.0736,0.0745,0.2361,0.1145,0.4988
13.5600,0.0736,0.0745,0.2361,0.1145,0.4988
